  0
SECTION
  2
HEADER
  9
$ACADVER
  1
AC1024
  9
$ACADMAINTVER
 70
     6
  9
$DWGCODEPAGE
  3
MAC-ROMAN
  9
$INSBASE
 10
0.0
 20
0.0
 30
0.0
  9
$EXTMIN
 10
1.000000000000000E+20
 20
1.000000000000000E+20
 30
1.000000000000000E+20
  9
$EXTMAX
 10
-1.000000000000000E+20
 20
-1.000000000000000E+20
 30
-1.000000000000000E+20
  9
$LIMMIN
 10
0.0
 20
0.0
  9
$LIMMAX
 10
420.0
 20
297.0
  9
$ORTHOMODE
 70
     0
  9
$REGENMODE
 70
     1
  9
$FILLMODE
 70
     1
  9
$QTEXTMODE
 70
     0
  9
$MIRRTEXT
 70
     1
  9
$LTSCALE
 40
1.0
  9
$ATTMODE
 70
     1
  9
$TEXTSIZE
 40
2.5
  9
$TRACEWID
 40
1.0
  9
$TEXTSTYLE
  7
Standard
  9
$CLAYER
  8
0
  9
$CELTYPE
  6
ByLayer
  9
$CECOLOR
 62
   256
  9
$CELTSCALE
 40
1.0
  9
$DISPSILH
 70
     0
  9
$DIMSCALE
 40
1.0
  9
$DIMASZ
 40
2.5
  9
$DIMEXO
 40
0.625
  9
$DIMDLI
 40
3.75
  9
$DIMRND
 40
0.0
  9
$DIMDLE
 40
0.0
  9
$DIMEXE
 40
1.25
  9
$DIMTP
 40
0.0
  9
$DIMTM
 40
0.0
  9
$DIMTXT
 40
2.5
  9
$DIMCEN
 40
2.5
  9
$DIMTSZ
 40
0.0
  9
$DIMTOL
 70
     0
  9
$DIMLIM
 70
     0
  9
$DIMTIH
 70
     0
  9
$DIMTOH
 70
     0
  9
$DIMSE1
 70
     0
  9
$DIMSE2
 70
     0
  9
$DIMTAD
 70
     1
  9
$DIMZIN
 70
     8
  9
$DIMBLK
  1

  9
$DIMASO
 70
     1
  9
$DIMSHO
 70
     1
  9
$DIMPOST
  1

  9
$DIMAPOST
  1

  9
$DIMALT
 70
     0
  9
$DIMALTD
 70
     3
  9
$DIMALTF
 40
0.03937007874016
  9
$DIMLFAC
 40
1.0
  9
$DIMTOFL
 70
     1
  9
$DIMTVP
 40
0.0
  9
$DIMTIX
 70
     0
  9
$DIMSOXD
 70
     0
  9
$DIMSAH
 70
     0
  9
$DIMBLK1
  1

  9
$DIMBLK2
  1

  9
$DIMSTYLE
  2
ISO-25
  9
$DIMCLRD
 70
     0
  9
$DIMCLRE
 70
     0
  9
$DIMCLRT
 70
     0
  9
$DIMTFAC
 40
1.0
  9
$DIMGAP
 40
0.625
  9
$DIMJUST
 70
     0
  9
$DIMSD1
 70
     0
  9
$DIMSD2
 70
     0
  9
$DIMTOLJ
 70
     0
  9
$DIMTZIN
 70
     8
  9
$DIMALTZ
 70
     0
  9
$DIMALTTZ
 70
     0
  9
$DIMUPT
 70
     0
  9
$DIMDEC
 70
     2
  9
$DIMTDEC
 70
     2
  9
$DIMALTU
 70
     2
  9
$DIMALTTD
 70
     3
  9
$DIMTXSTY
  7
Standard
  9
$DIMAUNIT
 70
     0
  9
$DIMADEC
 70
     0
  9
$DIMALTRND
 40
0.0
  9
$DIMAZIN
 70
     0
  9
$DIMDSEP
 70
    44
  9
$DIMATFIT
 70
     3
  9
$DIMFRAC
 70
     0
  9
$DIMLDRBLK
  1

  9
$DIMLUNIT
 70
     2
  9
$DIMLWD
 70
    -2
  9
$DIMLWE
 70
    -2
  9
$DIMTMOVE
 70
     0
  9
$DIMFXL
 40
1.0
  9
$DIMFXLON
 70
     0
  9
$DIMJOGANG
 40
0.7853981633974483
  9
$DIMTFILL
 70
     0
  9
$DIMTFILLCLR
 70
     0
  9
$DIMARCSYM
 70
     0
  9
$DIMLTYPE
  6

  9
$DIMLTEX1
  6

  9
$DIMLTEX2
  6

  9
$DIMTXTDIRECTION
 70
     0
  9
$LUNITS
 70
     2
  9
$LUPREC
 70
     4
  9
$SKETCHINC
 40
1.0
  9
$FILLETRAD
 40
0.0
  9
$AUNITS
 70
     0
  9
$AUPREC
 70
     0
  9
$MENU
  1
.
  9
$ELEVATION
 40
0.0
  9
$PELEVATION
 40
0.0
  9
$THICKNESS
 40
0.0
  9
$LIMCHECK
 70
     0
  9
$CHAMFERA
 40
0.0
  9
$CHAMFERB
 40
0.0
  9
$CHAMFERC
 40
0.0
  9
$CHAMFERD
 40
0.0
  9
$SKPOLY
 70
     0
  9
$TDCREATE
 40
2461258.391472975
  9
$TDUCREATE
 40
2461258.058139642
  9
$TDUPDATE
 40
2461258.391476597
  9
$TDUUPDATE
 40
2461258.058143264
  9
$TDINDWG
 40
0.0000000116
  9
$TDUSRTIMER
 40
0.0000000116
  9
$USRTIMER
 70
     1
  9
$ANGBASE
 50
0.0
  9
$ANGDIR
 70
     0
  9
$PDMODE
 70
     0
  9
$PDSIZE
 40
0.0
  9
$PLINEWID
 40
0.0
  9
$SPLFRAME
 70
     0
  9
$SPLINETYPE
 70
     6
  9
$SPLINESEGS
 70
     8
  9
$HANDSEED
  5
8C5
  9
$SURFTAB1
 70
     6
  9
$SURFTAB2
 70
     6
  9
$SURFTYPE
 70
     6
  9
$SURFU
 70
     6
  9
$SURFV
 70
     6
  9
$UCSBASE
  2

  9
$UCSNAME
  2

  9
$UCSORG
 10
0.0
 20
0.0
 30
0.0
  9
$UCSXDIR
 10
1.0
 20
0.0
 30
0.0
  9
$UCSYDIR
 10
0.0
 20
1.0
 30
0.0
  9
$UCSORTHOREF
  2

  9
$UCSORTHOVIEW
 70
     0
  9
$UCSORGTOP
 10
0.0
 20
0.0
 30
0.0
  9
$UCSORGBOTTOM
 10
0.0
 20
0.0
 30
0.0
  9
$UCSORGLEFT
 10
0.0
 20
0.0
 30
0.0
  9
$UCSORGRIGHT
 10
0.0
 20
0.0
 30
0.0
  9
$UCSORGFRONT
 10
0.0
 20
0.0
 30
0.0
  9
$UCSORGBACK
 10
0.0
 20
0.0
 30
0.0
  9
$PUCSBASE
  2

  9
$PUCSNAME
  2

  9
$PUCSORG
 10
0.0
 20
0.0
 30
0.0
  9
$PUCSXDIR
 10
1.0
 20
0.0
 30
0.0
  9
$PUCSYDIR
 10
0.0
 20
1.0
 30
0.0
  9
$PUCSORTHOREF
  2

  9
$PUCSORTHOVIEW
 70
     0
  9
$PUCSORGTOP
 10
0.0
 20
0.0
 30
0.0
  9
$PUCSORGBOTTOM
 10
0.0
 20
0.0
 30
0.0
  9
$PUCSORGLEFT
 10
0.0
 20
0.0
 30
0.0
  9
$PUCSORGRIGHT
 10
0.0
 20
0.0
 30
0.0
  9
$PUCSORGFRONT
 10
0.0
 20
0.0
 30
0.0
  9
$PUCSORGBACK
 10
0.0
 20
0.0
 30
0.0
  9
$USERI1
 70
     0
  9
$USERI2
 70
     0
  9
$USERI3
 70
     0
  9
$USERI4
 70
     0
  9
$USERI5
 70
     0
  9
$USERR1
 40
0.0
  9
$USERR2
 40
0.0
  9
$USERR3
 40
0.0
  9
$USERR4
 40
0.0
  9
$USERR5
 40
0.0
  9
$WORLDVIEW
 70
     1
  9
$SHADEDGE
 70
     3
  9
$SHADEDIF
 70
    70
  9
$TILEMODE
 70
     1
  9
$MAXACTVP
 70
    64
  9
$PINSBASE
 10
0.0
 20
0.0
 30
0.0
  9
$PLIMCHECK
 70
     0
  9
$PEXTMIN
 10
1.000000000000000E+20
 20
1.000000000000000E+20
 30
1.000000000000000E+20
  9
$PEXTMAX
 10
-1.000000000000000E+20
 20
-1.000000000000000E+20
 30
-1.000000000000000E+20
  9
$PLIMMIN
 10
0.0
 20
0.0
  9
$PLIMMAX
 10
420.0
 20
297.0
  9
$UNITMODE
 70
     0
  9
$VISRETAIN
 70
     1
  9
$PLINEGEN
 70
     0
  9
$PSLTSCALE
 70
     1
  9
$TREEDEPTH
 70
  3020
  9
$CMLSTYLE
  2
Standard
  9
$CMLJUST
 70
     0
  9
$CMLSCALE
 40
20.0
  9
$PROXYGRAPHICS
 70
     1
  9
$MEASUREMENT
 70
     1
  9
$CELWEIGHT
370
    -1
  9
$ENDCAPS
280
     0
  9
$JOINSTYLE
280
     0
  9
$LWDISPLAY
290
     0
  9
$INSUNITS
 70
     4
  9
$HYPERLINKBASE
  1

  9
$STYLESHEET
  1

  9
$XEDIT
290
     1
  9
$CEPSNTYPE
380
     0
  9
$PSTYLEMODE
290
     1
  9
$FINGERPRINTGUID
  2
{68a8dd35-29ba-fb44-b05f-d9561f6d34d2}
  9
$VERSIONGUID
  2
{FAEB1C32-E019-11D5-929B-00C0DF256EC4}
  9
$EXTNAMES
290
     1
  9
$PSVPSCALE
 40
0.0
  9
$OLESTARTUP
290
     0
  9
$SORTENTS
280
   127
  9
$INDEXCTL
280
     0
  9
$HIDETEXT
280
     1
  9
$XCLIPFRAME
280
     2
  9
$HALOGAP
280
     0
  9
$OBSCOLOR
 70
   257
  9
$OBSLTYPE
280
     0
  9
$INTERSECTIONDISPLAY
280
     0
  9
$INTERSECTIONCOLOR
 70
   257
  9
$DIMASSOC
280
     2
  9
$PROJECTNAME
  1

  9
$CAMERADISPLAY
290
     0
  9
$LENSLENGTH
 40
50.0
  9
$CAMERAHEIGHT
 40
0.0
  9
$STEPSPERSEC
 40
2.0
  9
$STEPSIZE
 40
6.0
  9
$3DDWFPREC
 40
2.0
  9
$PSOLWIDTH
 40
5.0
  9
$PSOLHEIGHT
 40
80.0
  9
$LOFTANG1
 40
1.570796326794897
  9
$LOFTANG2
 40
1.570796326794897
  9
$LOFTMAG1
 40
0.0
  9
$LOFTMAG2
 40
0.0
  9
$LOFTPARAM
 70
     7
  9
$LOFTNORMALS
280
     1
  9
$LATITUDE
 40
37.795
  9
$LONGITUDE
 40
-122.394
  9
$NORTHDIRECTION
 40
0.0
  9
$TIMEZONE
 70
 -8000
  9
$LIGHTGLYPHDISPLAY
280
     1
  9
$TILEMODELIGHTSYNCH
280
     1
  9
$CMATERIAL
347
44
  9
$SOLIDHIST
280
     0
  9
$SHOWHIST
280
     1
  9
$DWFFRAME
280
     2
  9
$DGNFRAME
280
     2
  9
$REALWORLDSCALE
290
     1
  9
$INTERFERECOLOR
 62
   256
  9
$CSHADOW
280
     0
  9
$SHADOWPLANELOCATION
 40
0.0
  0
ENDSEC
  0
SECTION
  2
CLASSES
  0
CLASS
  1
ACDBDICTIONARYWDFLT
  2
AcDbDictionaryWithDefault
  3
ObjectDBX Classes
 90
        0
 91
        3
280
     0
281
     0
  0
CLASS
  1
VISUALSTYLE
  2
AcDbVisualStyle
  3
ObjectDBX Classes
 90
     4095
 91
        3
280
     0
281
     0
  0
CLASS
  1
MATERIAL
  2
AcDbMaterial
  3
ObjectDBX Classes
 90
     1153
 91
        3
280
     0
281
     0
  0
CLASS
  1
SCALE
  2
AcDbScale
  3
ObjectDBX Classes
 90
     1153
 91
        3
280
     0
281
     0
  0
CLASS
  1
TABLESTYLE
  2
AcDbTableStyle
  3
ObjectDBX Classes
 90
     4095
 91
        3
280
     0
281
     0
  0
CLASS
  1
MLEADERSTYLE
  2
AcDbMLeaderStyle
  3
ACDB_MLEADERSTYLE_CLASS
 90
     4095
 91
        3
280
     0
281
     0
  0
CLASS
  1
SUN
  2
AcDbSun
  3
SCENEOE
 90
     1153
 91
        3
280
     0
281
     0
  0
CLASS
  1
DICTIONARYVAR
  2
AcDbDictionaryVar
  3
ObjectDBX Classes
 90
        0
 91
        3
280
     0
281
     0
  0
CLASS
  1
CELLSTYLEMAP
  2
AcDbCellStyleMap
  3
ObjectDBX Classes
 90
     1152
 91
        3
280
     0
281
     0
  0
ENDSEC
  0
SECTION
  2
TABLES
  0
TABLE
  2
VPORT
  5
8
330
0
100
AcDbSymbolTable
 70
     1
  0
VPORT
  5
29
330
8
100
AcDbSymbolTableRecord
100
AcDbViewportTableRecord
  2
*Active
 70
     0
 10
0.0
 20
0.0
 11
1.0
 21
1.0
 12
344.1869158878504
 22
148.5
 13
0.0
 23
0.0
 14
10.0
 24
10.0
 15
10.0
 25
10.0
 16
0.0
 26
0.0
 36
1.0
 17
0.0
 27
0.0
 37
0.0
 40
297.0
 41
1.972972972850329
 42
50.0
 43
0.0
 44
0.0
 50
0.0
 51
0.0
 71
     0
 72
   100
 73
     1
 74
     3
 75
     0
 76
     0
 77
     0
 78
     0
281
     0
 65
     1
110
0.0
120
0.0
130
0.0
111
1.0
121
0.0
131
0.0
112
0.0
122
1.0
132
0.0
 79
     0
146
0.0
348
2F
 60
     3
 61
     5
292
     1
282
     1
141
0.0
142
0.0
 63
   250
361
5D
  0
ENDTAB
  0
TABLE
  2
LTYPE
  5
5
330
0
100
AcDbSymbolTable
 70
     1
  0
LTYPE
  5
14
330
5
100
AcDbSymbolTableRecord
100
AcDbLinetypeTableRecord
  2
ByBlock
 70
     0
  3

 72
    65
 73
     0
 40
0.0
  0
LTYPE
  5
15
330
5
100
AcDbSymbolTableRecord
100
AcDbLinetypeTableRecord
  2
ByLayer
 70
     0
  3

 72
    65
 73
     0
 40
0.0
  0
LTYPE
  5
16
330
5
100
AcDbSymbolTableRecord
100
AcDbLinetypeTableRecord
  2
Continuous
 70
     0
  3
Solid line
 72
    65
 73
     0
 40
0.0
  0
ENDTAB
  0
TABLE
  2
LAYER
  5
2
330
0
100
AcDbSymbolTable
 70
     7
  0
LAYER
  5
10
330
2
100
AcDbSymbolTableRecord
100
AcDbLayerTableRecord
  2
0
 70
     0
 62
     7
  6
Continuous
370
    -3
390
F
347
46
  0
LAYER
  5
5E
330
2
100
AcDbSymbolTableRecord
100
AcDbLayerTableRecord
  2
Whole Simpsons House v1_Sketch18
 70
     0
 62
     7
  6
Continuous
370
    -3
390
F
347
46
  0
LAYER
  5
155
330
2
100
AcDbSymbolTableRecord
100
AcDbLayerTableRecord
  2
Whole Simpsons House v1_Sketch15
 70
     0
 62
     7
  6
Continuous
370
    -3
390
F
347
46
  0
LAYER
  5
2D0
330
2
100
AcDbSymbolTableRecord
100
AcDbLayerTableRecord
  2
Dimensions
 70
     0
 62
     7
  6
Continuous
370
    -3
390
F
347
46
  0
LAYER
  5
2D2
330
2
100
AcDbSymbolTableRecord
100
AcDbLayerTableRecord
  2
Defpoints
 70
     0
 62
     7
  6
Continuous
290
     0
370
    -3
390
F
347
46
  0
LAYER
  5
2ED
330
2
100
AcDbSymbolTableRecord
100
AcDbLayerTableRecord
  2
Whole Simpsons House v1_Simpsons_house_02
 70
     0
 62
     7
  6
Continuous
370
    -3
390
F
347
46
  0
LAYER
  5
5A5
330
2
100
AcDbSymbolTableRecord
100
AcDbLayerTableRecord
  2
Whole Simpsons House v1_Sketch6
 70
     0
 62
     7
  6
Continuous
370
    -3
390
F
347
46
  0
ENDTAB
  0
TABLE
  2
STYLE
  5
3
330
0
100
AcDbSymbolTable
 70
     1
  0
STYLE
  5
11
330
3
100
AcDbSymbolTableRecord
100
AcDbTextStyleTableRecord
  2
Standard
 70
     0
 40
0.0
 41
1.0
 50
0.0
 71
     0
 42
2.5
  3
txt
  4

  0
ENDTAB
  0
TABLE
  2
VIEW
  5
6
330
0
100
AcDbSymbolTable
 70
     0
  0
ENDTAB
  0
TABLE
  2
UCS
  5
7
330
0
100
AcDbSymbolTable
 70
     0
  0
ENDTAB
  0
TABLE
  2
APPID
  5
9
330
0
100
AcDbSymbolTable
 70
     1
  0
APPID
  5
12
330
9
100
AcDbSymbolTableRecord
100
AcDbRegAppTableRecord
  2
ACAD
 70
     0
  0
ENDTAB
  0
TABLE
  2
DIMSTYLE
  5
A
330
0
100
AcDbSymbolTable
 70
     1
100
AcDbDimStyleTable
  0
DIMSTYLE
105
27
102
{ACAD_REACTORS
330
2D1
330
2DB
330
2E4
102
}
330
A
100
AcDbSymbolTableRecord
100
AcDbDimStyleTableRecord
  2
ISO-25
 70
     0
 41
2.5
 42
0.625
 43
3.75
 44
1.25
 73
     0
 74
     0
 77
     1
 78
     8
140
2.5
141
2.5
143
0.03937007874016
147
0.625
171
     3
172
     1
178
     0
271
     2
272
     2
274
     3
278
    44
283
     0
284
     8
340
11
  0
ENDTAB
  0
TABLE
  2
BLOCK_RECORD
  5
1
330
0
100
AcDbSymbolTable
 70
     4
  0
BLOCK_RECORD
  5
1F
330
1
100
AcDbSymbolTableRecord
100
AcDbBlockTableRecord
  2
*Model_Space
340
22
 70
     0
280
     1
281
     0
  0
BLOCK_RECORD
  5
1B
330
1
100
AcDbSymbolTableRecord
100
AcDbBlockTableRecord
  2
*Paper_Space
340
1E
 70
     0
280
     1
281
     0
  0
BLOCK_RECORD
  5
23
330
1
100
AcDbSymbolTableRecord
100
AcDbBlockTableRecord
  2
*Paper_Space0
340
26
 70
     0
280
     1
281
     0
  0
BLOCK_RECORD
  5
2D3
330
1
100
AcDbSymbolTableRecord
100
AcDbBlockTableRecord
  2
*D1
340
0
 70
     0
280
     1
281
     0
  0
BLOCK_RECORD
  5
2DC
330
1
100
AcDbSymbolTableRecord
100
AcDbBlockTableRecord
  2
*D2
340
0
 70
     0
280
     1
281
     0
  0
BLOCK_RECORD
  5
2E5
330
1
100
AcDbSymbolTableRecord
100
AcDbBlockTableRecord
  2
*D3
340
0
 70
     0
280
     1
281
     0
  0
ENDTAB
  0
ENDSEC
  0
SECTION
  2
BLOCKS
  0
BLOCK
  5
20
330
1F
100
AcDbEntity
  8
0
100
AcDbBlockBegin
  2
*Model_Space
 70
     0
 10
0.0
 20
0.0
 30
0.0
  3
*Model_Space
  1

  0
ENDBLK
  5
21
330
1F
100
AcDbEntity
  8
0
100
AcDbBlockEnd
  0
BLOCK
  5
1C
330
1B
100
AcDbEntity
 67
     1
  8
0
100
AcDbBlockBegin
  2
*Paper_Space
 70
     0
 10
0.0
 20
0.0
 30
0.0
  3
*Paper_Space
  1

  0
ENDBLK
  5
1D
330
1B
100
AcDbEntity
 67
     1
  8
0
100
AcDbBlockEnd
  0
BLOCK
  5
24
330
23
100
AcDbEntity
  8
0
100
AcDbBlockBegin
  2
*Paper_Space0
 70
     0
 10
0.0
 20
0.0
 30
0.0
  3
*Paper_Space0
  1

  0
ENDBLK
  5
25
330
23
100
AcDbEntity
  8
0
100
AcDbBlockEnd
  0
BLOCK
  5
2D4
330
2D3
100
AcDbEntity
  8
0
100
AcDbBlockBegin
  2
*D1
 70
     1
 10
0.0
 20
0.0
 30
0.0
  3
*D1
  1

  0
LINE
  5
2D6
330
2D3
100
AcDbEntity
  8
Dimensions
 62
   140
370
    -2
100
AcDbLine
 10
-455.0
 20
391.8065501728117
 30
0.0
 11
-455.0
 21
379.8289322684277
 31
0.0
  0
MTEXT
  5
2D7
330
2D3
100
AcDbEntity
  8
Dimensions
 62
   140
100
AcDbMText
 10
-457.9247671626984
 20
383.8678964454874
 30
0.0
 40
3.89968955026455
 41
0.0
 46
0.0
 71
     5
 72
     1
  1
%%c5
 11
0.0
 21
1.0
 31
0.0
 73
     1
 44
1.0
  0
SOLID
  5
2D8
330
2D3
100
AcDbEntity
  8
Dimensions
 62
   140
100
AcDbTrace
 10
-454.3500517416226
 20
391.8065501728117
 30
0.0
 11
-455.6499482583774
 21
391.8065501728117
 31
0.0
 12
-455.0
 22
395.7062397230762
 32
0.0
 13
-455.0
 23
395.7062397230762
 33
0.0
  0
POINT
  5
2D9
330
2D3
100
AcDbEntity
  8
Defpoints
 62
     0
100
AcDbPoint
 10
-455.0
 20
395.7062397230762
 30
0.0
  0
POINT
  5
2DA
330
2D3
100
AcDbEntity
  8
Defpoints
 62
     0
100
AcDbPoint
 10
-455.0
 20
390.7062397230762
 30
0.0
  0
ENDBLK
  5
2D5
330
2D3
100
AcDbEntity
  8
0
100
AcDbBlockEnd
  0
BLOCK
  5
2DD
330
2DC
100
AcDbEntity
  8
0
100
AcDbBlockBegin
  2
*D2
 70
     1
 10
0.0
 20
0.0
 30
0.0
  3
*D2
  1

  0
LINE
  5
2DF
330
2DC
100
AcDbEntity
  8
Dimensions
 62
   140
370
    -2
100
AcDbLine
 10
-515.2218386014246
 20
293.7883987256345
 30
0.0
 11
-515.2218386014246
 21
281.8107808212505
 31
0.0
  0
MTEXT
  5
2E0
330
2DC
100
AcDbEntity
  8
Dimensions
 62
   140
100
AcDbMText
 10
-518.1466057641229
 20
285.8497449983103
 30
0.0
 40
3.89968955026455
 41
0.0
 46
0.0
 71
     5
 72
     1
  1
%%c5
 11
0.0
 21
1.0
 31
0.0
 73
     1
 44
1.0
  0
SOLID
  5
2E1
330
2DC
100
AcDbEntity
  8
Dimensions
 62
   140
100
AcDbTrace
 10
-514.5718903430471
 20
293.7883987256345
 30
0.0
 11
-515.871786859802
 21
293.7883987256345
 31
0.0
 12
-515.2218386014246
 22
297.6880882758991
 32
0.0
 13
-515.2218386014246
 23
297.6880882758991
 33
0.0
  0
POINT
  5
2E2
330
2DC
100
AcDbEntity
  8
Defpoints
 62
     0
100
AcDbPoint
 10
-515.2218386014246
 20
297.6880882758991
 30
0.0
  0
POINT
  5
2E3
330
2DC
100
AcDbEntity
  8
Defpoints
 62
     0
100
AcDbPoint
 10
-515.2218386014246
 20
292.6880882758991
 30
0.0
  0
ENDBLK
  5
2DE
330
2DC
100
AcDbEntity
  8
0
100
AcDbBlockEnd
  0
BLOCK
  5
2E6
330
2E5
100
AcDbEntity
  8
0
100
AcDbBlockBegin
  2
*D3
 70
     1
 10
0.0
 20
0.0
 30
0.0
  3
*D3
  1

  0
LINE
  5
2E8
330
2E5
100
AcDbEntity
  8
Dimensions
 62
   140
370
    -2
100
AcDbLine
 10
-515.0
 20
391.8065501728117
 30
0.0
 11
-515.0
 21
379.8289322684277
 31
0.0
  0
MTEXT
  5
2E9
330
2E5
100
AcDbEntity
  8
Dimensions
 62
   140
100
AcDbMText
 10
-517.9247671626983
 20
383.8678964454874
 30
0.0
 40
3.89968955026455
 41
0.0
 46
0.0
 71
     5
 72
     1
  1
%%c5
 11
0.0
 21
1.0
 31
0.0
 73
     1
 44
1.0
  0
SOLID
  5
2EA
330
2E5
100
AcDbEntity
  8
Dimensions
 62
   140
100
AcDbTrace
 10
-514.3500517416226
 20
391.8065501728117
 30
0.0
 11
-515.6499482583774
 21
391.8065501728117
 31
0.0
 12
-515.0
 22
395.7062397230762
 32
0.0
 13
-515.0
 23
395.7062397230762
 33
0.0
  0
POINT
  5
2EB
330
2E5
100
AcDbEntity
  8
Defpoints
 62
     0
100
AcDbPoint
 10
-515.0
 20
395.7062397230762
 30
0.0
  0
POINT
  5
2EC
330
2E5
100
AcDbEntity
  8
Defpoints
 62
     0
100
AcDbPoint
 10
-515.0
 20
390.7062397230762
 30
0.0
  0
ENDBLK
  5
2E7
330
2E5
100
AcDbEntity
  8
0
100
AcDbBlockEnd
  0
ENDSEC
  0
SECTION
  2
ENTITIES
  0
LINE
  5
5F
330
1F
100
AcDbEntity
  8
Whole Simpsons House v1_Sketch18
100
AcDbLine
 10
231.4555284147617
 20
281.2381071938541
 30
1.793760276923784
 11
231.9649395258728
 21
281.835007193854
 31
1.793760276923784
210
0.0
220
6.123233995736766E-17
230
-1.0
  0
LINE
  5
60
330
1F
100
AcDbEntity
  8
Whole Simpsons House v1_Sketch18
100
AcDbLine
 10
318.9959228592061
 20
286.2292071938541
 30
1.793760276923784
 11
319.5289700814284
 21
286.8059988605208
 31
1.793760276923785
210
0.0
220
6.123233995736766E-17
230
-1.0
  0
LINE
  5
61
330
1F
100
AcDbEntity
  8
Whole Simpsons House v1_Sketch18
100
AcDbLine
 10
231.9649395258728
 20
281.835007193854
 30
1.793760276923784
 11
232.5618395258728
 21
282.344771082743
 31
1.793760276923784
210
0.0
220
6.123233995736766E-17
230
-1.0
  0
LINE
  5
62
330
1F
100
AcDbEntity
  8
Whole Simpsons House v1_Sketch18
100
AcDbLine
 10
314.2581173036505
 20
283.5759655271875
 30
1.793760276923784
 11
315.0141200814283
 21
283.7893960827431
 31
1.793760276923784
210
0.0
220
6.123233995736766E-17
230
-1.0
  0
LINE
  5
63
330
1F
100
AcDbEntity
  8
Whole Simpsons House v1_Sketch18
100
AcDbLine
 10
321.1640950814283
 20
441.526571082743
 30
1.793760276923794
 11
320.8349534147617
 21
442.2398877494096
 31
1.793760276923794
210
0.0
220
6.123233995736766E-17
230
-1.0
  0
LINE
  5
64
330
1F
100
AcDbEntity
  8
Whole Simpsons House v1_Sketch18
100
AcDbLine
 10
315.0141200814283
 20
447.2115849716319
 30
1.793760276923794
 11
314.2581173036505
 21
447.4246627494098
 31
1.793760276923794
210
0.0
220
6.123233995736766E-17
230
-1.0
  0
LINE
  5
65
330
1F
100
AcDbEntity
  8
Whole Simpsons House v1_Sketch18
100
AcDbLine
 10
228.4389256369839
 20
250.9274405271875
 30
1.793760276923782
 11
229.0354728592062
 21
251.4372044160764
 31
1.793760276923782
210
0.0
220
6.123233995736766E-17
230
-1.0
  0
LINE
  5
66
330
1F
100
AcDbEntity
  8
Whole Simpsons House v1_Sketch18
100
AcDbLine
 10
205.5461173036507
 20
250.9274405271875
 30
1.793760276923782
 11
206.215336748095
 21
250.5175127494097
 31
1.793760276923782
210
0.0
220
6.123233995736766E-17
230
-1.0
  0
LINE
  5
67
330
1F
100
AcDbEntity
  8
Whole Simpsons House v1_Sketch18
100
AcDbLine
 10
315.7510728592061
 20
446.9395933049652
 30
1.793760276923794
 11
315.0141200814283
 21
447.2115849716319
 31
1.793760276923794
210
0.0
220
6.123233995736766E-17
230
-1.0
  0
LINE
  5
68
330
1F
100
AcDbEntity
  8
Whole Simpsons House v1_Sketch18
100
AcDbLine
 10
233.2307061925394
 20
282.7546988605208
 30
1.793760276923784
 11
233.9560173036507
 21
283.0549127494097
 31
1.793760276923784
210
0.0
220
6.123233995736766E-17
230
-1.0
  0
LINE
  5
69
330
1F
100
AcDbEntity
  8
Whole Simpsons House v1_Sketch18
100
AcDbLine
 10
320.4514839703172
 20
442.9249821938541
 30
1.793760276923794
 11
320.0150978592061
 21
443.5783266382986
 31
1.793760276923794
210
0.0
220
6.123233995736766E-17
230
-1.0
  0
LINE
  5
6A
330
1F
100
AcDbEntity
  8
Whole Simpsons House v1_Sketch18
100
AcDbLine
 10
321.9253895258728
 20
437.6992849716318
 30
1.793760276923794
 11
321.8943450814284
 21
438.4838627494097
 31
1.793760276923794
210
0.0
220
6.123233995736766E-17
230
-1.0
  0
LINE
  5
6B
330
1F
100
AcDbEntity
  8
Whole Simpsons House v1_Sketch18
100
AcDbLine
 10
232.5618395258728
 20
282.344771082743
 30
1.793760276923784
 11
233.2307061925394
 21
282.7546988605208
 31
1.793760276923784
210
0.0
220
6.123233995736766E-17
230
-1.0
  0
LINE
  5
6C
330
1F
100
AcDbEntity
  8
Whole Simpsons House v1_Sketch18
100
AcDbLine
 10
317.8021228592062
 20
285.2100321938541
 30
1.793760276923784
 11
318.4191311925395
 21
285.6961599716319
 31
1.793760276923784
210
0.0
220
6.123233995736766E-17
230
-1.0
  0
LINE
  5
6D
330
1F
100
AcDbEntity
  8
Whole Simpsons House v1_Sketch18
100
AcDbLine
 10
321.9253895258728
 20
293.3016960827431
 30
1.793760276923785
 11
321.9253895258728
 21
437.6992849716317
 31
1.793760276923794
210
0.0
220
6.123233995736766E-17
230
-1.0
  0
LINE
  5
6E
330
1F
100
AcDbEntity
  8
Whole Simpsons House v1_Sketch18
100
AcDbLine
 10
206.215336748095
 20
250.5175127494097
 30
1.793760276923782
 11
206.9402950814284
 21
250.2176516382986
 31
1.793760276923782
210
0.0
220
6.123233995736766E-17
230
-1.0
  0
LINE
  5
6F
330
1F
100
AcDbEntity
  8
Whole Simpsons House v1_Sketch18
100
AcDbLine
 10
320.8349534147617
 20
442.2398877494096
 30
1.793760276923794
 11
320.4514839703172
 21
442.9249821938541
 31
1.793760276923794
210
0.0
220
6.123233995736766E-17
230
-1.0
  0
LINE
  5
70
330
1F
100
AcDbEntity
  8
Whole Simpsons House v1_Sketch18
100
AcDbLine
 10
203.729311748095
 20
253.4282821938541
 30
1.793760276923782
 11
204.0295256369839
 21
252.7033238605208
 31
1.793760276923782
210
0.0
220
6.123233995736766E-17
230
-1.0
  0
LINE
  5
71
330
1F
100
AcDbEntity
  8
Whole Simpsons House v1_Sketch18
100
AcDbLine
 10
317.1494839703173
 20
284.7736460827431
 30
1.793760276923784
 11
317.8021228592062
 21
285.2100321938541
 31
1.793760276923784
210
0.0
220
6.123233995736766E-17
230
-1.0
  0
LINE
  5
72
330
1F
100
AcDbEntity
  8
Whole Simpsons House v1_Sketch18
100
AcDbLine
 10
233.9560173036507
 20
283.0549127494097
 30
1.793760276923784
 11
234.7187228592061
 21
283.2380044160764
 31
1.793760276923784
210
0.0
220
6.123233995736766E-17
230
-1.0
  0
LINE
  5
73
330
1F
100
AcDbEntity
  8
Whole Simpsons House v1_Sketch18
100
AcDbLine
 10
321.8019173036505
 20
439.2638544160763
 30
1.793760276923794
 11
321.648811748095
 21
440.0339683049652
 31
1.793760276923794
210
0.0
220
6.123233995736766E-17
230
-1.0
  0
LINE
  5
74
330
1F
100
AcDbEntity
  8
Whole Simpsons House v1_Sketch18
100
AcDbLine
 10
230.2557311925395
 20
253.4282821938541
 30
1.793760276923782
 11
230.4388228592061
 21
254.1909877494097
 31
1.793760276923783
210
0.0
220
6.123233995736766E-17
230
-1.0
  0
LINE
  5
75
330
1F
100
AcDbEntity
  8
Whole Simpsons House v1_Sketch18
100
AcDbLine
 10
320.0150978592061
 20
287.4226544160763
 30
1.793760276923785
 11
320.4514839703172
 21
288.075646082743
 31
1.793760276923785
210
0.0
220
6.123233995736766E-17
230
-1.0
  0
LINE
  5
76
330
1F
100
AcDbEntity
  8
Whole Simpsons House v1_Sketch18
100
AcDbLine
 10
313.4880034147617
 20
283.4228599716319
 30
1.793760276923784
 11
314.2581173036505
 21
283.5759655271875
 31
1.793760276923784
210
0.0
220
6.123233995736766E-17
230
-1.0
  0
LINE
  5
77
330
1F
100
AcDbEntity
  8
Whole Simpsons House v1_Sketch18
100
AcDbLine
 10
204.4398061925395
 20
252.0341044160764
 30
1.793760276923782
 11
204.9492173036507
 21
251.4372044160764
 31
1.793760276923782
210
0.0
220
6.123233995736766E-17
230
-1.0
  0
LINE
  5
78
330
1F
100
AcDbEntity
  8
Whole Simpsons House v1_Sketch18
100
AcDbLine
 10
204.0295256369839
 20
252.7033238605208
 30
1.793760276923782
 11
204.4398061925395
 21
252.0341044160764
 31
1.793760276923782
210
0.0
220
6.123233995736766E-17
230
-1.0
  0
LINE
  5
79
330
1F
100
AcDbEntity
  8
Whole Simpsons House v1_Sketch18
100
AcDbLine
 10
230.7450339703172
 20
279.8439294160763
 30
1.793760276923784
 11
231.0452478592062
 21
280.5692405271874
 31
1.793760276923784
210
0.0
220
6.123233995736766E-17
230
-1.0
  0
LINE
  5
7A
330
1F
100
AcDbEntity
  8
Whole Simpsons House v1_Sketch18
100
AcDbLine
 10
320.0150978592061
 20
443.5783266382986
 30
1.793760276923794
 11
319.5289700814284
 21
444.1949821938541
 31
1.793760276923794
210
0.0
220
6.123233995736766E-17
230
-1.0
  0
LINE
  5
7B
330
1F
100
AcDbEntity
  8
Whole Simpsons House v1_Sketch18
100
AcDbLine
 10
320.4514839703172
 20
288.075646082743
 30
1.793760276923785
 11
320.8349534147617
 21
288.7607405271875
 31
1.793760276923785
210
0.0
220
6.123233995736766E-17
230
-1.0
  0
LINE
  5
7C
330
1F
100
AcDbEntity
  8
Whole Simpsons House v1_Sketch18
100
AcDbLine
 10
321.648811748095
 20
290.9666599716319
 30
1.793760276923785
 11
321.8019173036505
 21
291.7371266382986
 31
1.793760276923785
210
0.0
220
6.123233995736766E-17
230
-1.0
  0
LINE
  5
7D
330
1F
100
AcDbEntity
  8
Whole Simpsons House v1_Sketch18
100
AcDbLine
 10
321.1640950814283
 20
289.4740571938541
 30
1.793760276923785
 11
321.4357339703172
 21
290.2110099716319
 31
1.793760276923785
210
0.0
220
6.123233995736766E-17
230
-1.0
  0
LINE
  5
7E
330
1F
100
AcDbEntity
  8
Whole Simpsons House v1_Sketch18
100
AcDbLine
 10
229.0354728592062
 20
251.4372044160764
 30
1.793760276923782
 11
229.545236748095
 21
252.0341044160764
 31
1.793760276923782
210
0.0
220
6.123233995736766E-17
230
-1.0
  0
LINE
  5
7F
330
1F
100
AcDbEntity
  8
Whole Simpsons House v1_Sketch18
100
AcDbLine
 10
319.5289700814284
 20
444.1949821938541
 30
1.793760276923794
 11
318.9959228592061
 21
444.7714210827431
 31
1.793760276923794
210
0.0
220
6.123233995736766E-17
230
-1.0
  0
LINE
  5
80
330
1F
100
AcDbEntity
  8
Whole Simpsons House v1_Sketch18
100
AcDbLine
 10
230.5002061925395
 20
254.9734488605208
 30
1.793760276923783
 11
230.5002061925395
 21
278.2987627494097
 31
1.793760276923784
210
0.0
220
6.123233995736766E-17
230
-1.0
  0
LINE
  5
81
330
1F
100
AcDbEntity
  8
Whole Simpsons House v1_Sketch18
100
AcDbLine
 10
227.0447478592062
 20
250.2176516382986
 30
1.793760276923782
 11
227.7697061925395
 21
250.5175127494097
 31
1.793760276923782
210
0.0
220
6.123233995736766E-17
230
-1.0
  0
LINE
  5
82
330
1F
100
AcDbEntity
  8
Whole Simpsons House v1_Sketch18
100
AcDbLine
 10
226.2816895258728
 20
250.0342071938541
 30
1.793760276923782
 11
227.0447478592062
 21
250.2176516382986
 31
1.793760276923782
210
0.0
220
6.123233995736766E-17
230
-1.0
  0
LINE
  5
83
330
1F
100
AcDbEntity
  8
Whole Simpsons House v1_Sketch18
100
AcDbLine
 10
321.8019173036505
 20
291.7371266382986
 30
1.793760276923785
 11
321.8943450814284
 21
292.5167655271875
 31
1.793760276923785
210
0.0
220
6.123233995736766E-17
230
-1.0
  0
LINE
  5
84
330
1F
100
AcDbEntity
  8
Whole Simpsons House v1_Sketch18
100
AcDbLine
 10
321.648811748095
 20
440.0339683049652
 30
1.793760276923794
 11
321.4357339703172
 21
440.789971082743
 31
1.793760276923794
210
0.0
220
6.123233995736766E-17
230
-1.0
  0
LINE
  5
85
330
1F
100
AcDbEntity
  8
Whole Simpsons House v1_Sketch18
100
AcDbLine
 10
230.5002061925395
 20
278.2987627494097
 30
1.793760276923784
 11
230.5619423036507
 21
279.0812238605208
 31
1.793760276923784
210
0.0
220
6.123233995736766E-17
230
-1.0
  0
LINE
  5
86
330
1F
100
AcDbEntity
  8
Whole Simpsons House v1_Sketch18
100
AcDbLine
 10
230.5619423036507
 20
279.0812238605208
 30
1.793760276923784
 11
230.7450339703172
 21
279.8439294160763
 31
1.793760276923784
210
0.0
220
6.123233995736766E-17
230
-1.0
  0
LINE
  5
87
330
1F
100
AcDbEntity
  8
Whole Simpsons House v1_Sketch18
100
AcDbLine
 10
315.0141200814283
 20
283.7893960827431
 30
1.793760276923784
 11
315.7510728592061
 21
284.0610349716318
 31
1.793760276923784
210
0.0
220
6.123233995736766E-17
230
-1.0
  0
LINE
  5
88
330
1F
100
AcDbEntity
  8
Whole Simpsons House v1_Sketch18
100
AcDbLine
 10
320.8349534147617
 20
288.7607405271875
 30
1.793760276923785
 11
321.1640950814283
 21
289.4740571938541
 31
1.793760276923785
210
0.0
220
6.123233995736766E-17
230
-1.0
  0
LINE
  5
89
330
1F
100
AcDbEntity
  8
Whole Simpsons House v1_Sketch18
100
AcDbLine
 10
204.9492173036507
 20
251.4372044160764
 30
1.793760276923782
 11
205.5461173036507
 21
250.9274405271875
 31
1.793760276923782
210
0.0
220
6.123233995736766E-17
230
-1.0
  0
LINE
  5
8A
330
1F
100
AcDbEntity
  8
Whole Simpsons House v1_Sketch18
100
AcDbLine
 10
321.4357339703172
 20
290.2110099716319
 30
1.793760276923785
 11
321.648811748095
 21
290.9666599716319
 31
1.793760276923785
210
0.0
220
6.123233995736766E-17
230
-1.0
  0
LINE
  5
8B
330
1F
100
AcDbEntity
  8
Whole Simpsons House v1_Sketch18
100
AcDbLine
 10
318.4191311925395
 20
285.6961599716319
 30
1.793760276923784
 11
318.9959228592061
 21
286.2292071938541
 31
1.793760276923784
210
0.0
220
6.123233995736766E-17
230
-1.0
  0
LINE
  5
8C
330
1F
100
AcDbEntity
  8
Whole Simpsons House v1_Sketch18
100
AcDbLine
 10
229.545236748095
 20
252.0341044160764
 30
1.793760276923782
 11
229.9551645258728
 21
252.7033238605208
 31
1.793760276923782
210
0.0
220
6.123233995736766E-17
230
-1.0
  0
LINE
  5
8D
330
1F
100
AcDbEntity
  8
Whole Simpsons House v1_Sketch18
100
AcDbLine
 10
318.9959228592061
 20
444.7714210827431
 30
1.793760276923794
 11
318.4191311925395
 21
445.3044683049652
 31
1.793760276923794
210
0.0
220
6.123233995736766E-17
230
-1.0
  0
LINE
  5
8E
330
1F
100
AcDbEntity
  8
Whole Simpsons House v1_Sketch18
100
AcDbLine
 10
316.464036748095
 20
446.6108044160763
 30
1.793760276923794
 11
315.7510728592061
 21
446.9395933049652
 31
1.793760276923794
210
0.0
220
6.123233995736766E-17
230
-1.0
  0
LINE
  5
8F
330
1F
100
AcDbEntity
  8
Whole Simpsons House v1_Sketch18
100
AcDbLine
 10
230.4388228592061
 20
254.1909877494097
 30
1.793760276923783
 11
230.5002061925395
 21
254.9734488605208
 31
1.793760276923783
210
0.0
220
6.123233995736766E-17
230
-1.0
  0
LINE
  5
90
330
1F
100
AcDbEntity
  8
Whole Simpsons House v1_Sketch18
100
AcDbLine
 10
315.7510728592061
 20
284.0610349716318
 30
1.793760276923784
 11
316.464036748095
 21
284.3898238605208
 31
1.793760276923784
210
0.0
220
6.123233995736766E-17
230
-1.0
  0
LINE
  5
91
330
1F
100
AcDbEntity
  8
Whole Simpsons House v1_Sketch18
100
AcDbLine
 10
317.8021228592062
 20
445.790596082743
 30
1.793760276923794
 11
317.1494839703173
 21
446.2273349716319
 31
1.793760276923794
210
0.0
220
6.123233995736766E-17
230
-1.0
  0
LINE
  5
92
330
1F
100
AcDbEntity
  8
Whole Simpsons House v1_Sketch18
100
AcDbLine
 10
316.464036748095
 20
284.3898238605208
 30
1.793760276923784
 11
317.1494839703173
 21
284.7736460827431
 31
1.793760276923784
210
0.0
220
6.123233995736766E-17
230
-1.0
  0
LINE
  5
93
330
1F
100
AcDbEntity
  8
Whole Simpsons House v1_Sketch18
100
AcDbLine
 10
206.9402950814284
 20
250.2176516382986
 30
1.793760276923782
 11
207.7033534147617
 21
250.0342071938541
 31
1.793760276923782
210
0.0
220
6.123233995736766E-17
230
-1.0
  0
LINE
  5
94
330
1F
100
AcDbEntity
  8
Whole Simpsons House v1_Sketch18
100
AcDbLine
 10
319.5289700814284
 20
286.8059988605208
 30
1.793760276923785
 11
320.0150978592061
 21
287.4226544160763
 31
1.793760276923785
210
0.0
220
6.123233995736766E-17
230
-1.0
  0
LINE
  5
95
330
1F
100
AcDbEntity
  8
Whole Simpsons House v1_Sketch18
100
AcDbLine
 10
231.0452478592062
 20
280.5692405271874
 30
1.793760276923784
 11
231.4555284147617
 21
281.2381071938541
 31
1.793760276923784
210
0.0
220
6.123233995736766E-17
230
-1.0
  0
LINE
  5
96
330
1F
100
AcDbEntity
  8
Whole Simpsons House v1_Sketch18
100
AcDbLine
 10
229.9551645258728
 20
252.7033238605208
 30
1.793760276923782
 11
230.2557311925395
 21
253.4282821938541
 31
1.793760276923782
210
0.0
220
6.123233995736766E-17
230
-1.0
  0
LINE
  5
97
330
1F
100
AcDbEntity
  8
Whole Simpsons House v1_Sketch18
100
AcDbLine
 10
321.8943450814284
 20
292.5167655271875
 30
1.793760276923785
 11
321.9253895258728
 21
293.3016960827431
 31
1.793760276923785
210
0.0
220
6.123233995736766E-17
230
-1.0
  0
LINE
  5
98
330
1F
100
AcDbEntity
  8
Whole Simpsons House v1_Sketch18
100
AcDbLine
 10
10.65685619253953
 20
254.0957377494097
 30
1.793760276923783
 11
11.14333674809503
 21
253.4787294160763
 31
1.793760276923782
210
0.0
220
6.123233995736766E-17
230
-1.0
  0
LINE
  5
99
330
1F
100
AcDbEntity
  8
Whole Simpsons House v1_Sketch18
100
AcDbLine
 10
14.92123397031719
 20
446.9395933049652
 30
1.793760276923794
 11
14.20791730365062
 21
446.6108044160763
 31
1.793760276923794
210
0.0
220
6.123233995736766E-17
230
-1.0
  0
LINE
  5
9A
330
1F
100
AcDbEntity
  8
Whole Simpsons House v1_Sketch18
100
AcDbLine
 10
199.2659673036505
 20
283.2380044160764
 30
1.793760276923784
 11
200.0290256369839
 21
283.0549127494097
 31
1.793760276923784
210
0.0
220
6.123233995736766E-17
230
-1.0
  0
LINE
  5
9B
330
1F
100
AcDbEntity
  8
Whole Simpsons House v1_Sketch18
100
AcDbLine
 10
12.86983119253948
 20
251.8827627494097
 30
1.793760276923782
 11
13.52282285920609
 21
251.4463766382985
 31
1.793760276923782
210
0.0
220
6.123233995736766E-17
230
-1.0
  0
LINE
  5
9C
330
1F
100
AcDbEntity
  8
Whole Simpsons House v1_Sketch18
100
AcDbLine
 10
227.7697061925395
 20
250.5175127494097
 30
1.793760276923782
 11
228.4389256369839
 21
250.9274405271875
 31
1.793760276923782
210
0.0
220
6.123233995736766E-17
230
-1.0
  0
LINE
  5
9D
330
1F
100
AcDbEntity
  8
Whole Simpsons House v1_Sketch18
100
AcDbLine
 10
151.9309506369839
 20
274.8623544160763
 30
1.793760276923784
 11
152.0844089703172
 21
275.632821082743
 31
1.793760276923784
210
0.0
220
6.123233995736766E-17
230
-1.0
  0
LINE
  5
9E
330
1F
100
AcDbEntity
  8
Whole Simpsons House v1_Sketch18
100
AcDbLine
 10
149.8975395258728
 20
254.0957377494097
 30
1.793760276923783
 11
150.3339256369839
 21
254.7487294160763
 31
1.793760276923783
210
0.0
220
6.123233995736766E-17
230
-1.0
  0
LINE
  5
9F
330
1F
100
AcDbEntity
  8
Whole Simpsons House v1_Sketch18
100
AcDbLine
 10
151.684711748095
 20
258.4098571938541
 30
1.793760276923783
 11
151.7771395258728
 21
259.1898488605208
 31
1.793760276923783
210
0.0
220
6.123233995736766E-17
230
-1.0
  0
LINE
  5
A0
330
1F
100
AcDbEntity
  8
Whole Simpsons House v1_Sketch18
100
AcDbLine
 10
9.836647859206183
 20
255.4338238605208
 30
1.793760276923783
 11
10.2204700814284
 21
254.7487294160763
 31
1.793760276923783
210
0.0
220
6.123233995736766E-17
230
-1.0
  0
LINE
  5
A1
330
1F
100
AcDbEntity
  8
Whole Simpsons House v1_Sketch18
100
AcDbLine
 10
154.7372978592062
 20
280.3702738605208
 30
1.793760276923784
 11
155.3144423036507
 21
280.903321082743
 31
1.793760276923784
210
0.0
220
6.123233995736766E-17
230
-1.0
  0
LINE
  5
A2
330
1F
100
AcDbEntity
  8
Whole Simpsons House v1_Sketch18
100
AcDbLine
 10
201.4232034147617
 20
282.344771082743
 30
1.793760276923784
 11
202.0197506369839
 21
281.835007193854
 31
1.793760276923784
210
0.0
220
6.123233995736766E-17
230
-1.0
  0
LINE
  5
A3
330
1F
100
AcDbEntity
  8
Whole Simpsons House v1_Sketch18
100
AcDbLine
 10
200.0290256369839
 20
283.0549127494097
 30
1.793760276923784
 11
200.7539839703172
 21
282.7546988605208
 31
1.793760276923784
210
0.0
220
6.123233995736766E-17
230
-1.0
  0
LINE
  5
A4
330
1F
100
AcDbEntity
  8
Whole Simpsons House v1_Sketch18
100
AcDbLine
 10
10.2204700814284
 20
254.7487294160763
 30
1.793760276923783
 11
10.65685619253953
 21
254.0957377494097
 31
1.793760276923783
210
0.0
220
6.123233995736766E-17
230
-1.0
  0
LINE
  5
A5
330
1F
100
AcDbEntity
  8
Whole Simpsons House v1_Sketch18
100
AcDbLine
 10
203.4844839703173
 20
278.2987627494097
 30
1.793760276923784
 11
203.4844839703173
 21
254.9734488605208
 31
1.793760276923783
210
0.0
220
6.123233995736766E-17
230
-1.0
  0
LINE
  5
A6
330
1F
100
AcDbEntity
  8
Whole Simpsons House v1_Sketch18
100
AcDbLine
 10
8.777608970317264
 20
259.1898488605208
 30
1.793760276923783
 11
8.870036748095167
 21
258.4098571938541
 31
1.793760276923783
210
0.0
220
6.123233995736766E-17
230
-1.0
  0
LINE
  5
A7
330
1F
100
AcDbEntity
  8
Whole Simpsons House v1_Sketch18
100
AcDbLine
 10
10.22047008142835
 20
442.9249821938541
 30
1.793760276923794
 11
9.836647859206128
 21
442.2398877494096
 31
1.793760276923794
210
0.0
220
6.123233995736766E-17
230
-1.0
  0
LINE
  5
A8
330
1F
100
AcDbEntity
  8
Whole Simpsons House v1_Sketch18
100
AcDbLine
 10
152.5691256369839
 20
277.1254238605208
 30
1.793760276923784
 11
152.8979145258728
 21
277.8387405271873
 31
1.793760276923784
210
0.0
220
6.123233995736766E-17
230
-1.0
  0
LINE
  5
A9
330
1F
100
AcDbEntity
  8
Whole Simpsons House v1_Sketch18
100
AcDbLine
 10
9.02314230365059
 20
257.6397433049652
 30
1.793760276923783
 11
9.23622008142827
 21
256.8837405271875
 31
1.793760276923783
210
0.0
220
6.123233995736766E-17
230
-1.0
  0
LINE
  5
AA
330
1F
100
AcDbEntity
  8
Whole Simpsons House v1_Sketch18
100
AcDbLine
 10
151.8078311925395
 20
259.9744266382985
 30
1.793760276923783
 11
151.8078311925395
 21
273.2977849716319
 31
1.793760276923784
210
0.0
220
6.123233995736766E-17
230
-1.0
  0
LINE
  5
AB
330
1F
100
AcDbEntity
  8
Whole Simpsons House v1_Sketch18
100
AcDbLine
 10
203.5462200814283
 20
254.1909877494097
 30
1.793760276923783
 11
203.729311748095
 21
253.4282821938541
 31
1.793760276923782
210
0.0
220
6.123233995736766E-17
230
-1.0
  0
LINE
  5
AC
330
1F
100
AcDbEntity
  8
Whole Simpsons House v1_Sketch18
100
AcDbLine
 10
9.23622008142827
 20
440.789971082743
 30
1.793760276923794
 11
9.02314230365059
 21
440.0339683049652
 31
1.793760276923794
210
0.0
220
6.123233995736766E-17
230
-1.0
  0
LINE
  5
AD
330
1F
100
AcDbEntity
  8
Whole Simpsons House v1_Sketch18
100
AcDbLine
 10
12.86983119253948
 20
445.790596082743
 30
1.793760276923794
 11
12.25282285920609
 21
445.3044683049652
 31
1.793760276923794
210
0.0
220
6.123233995736766E-17
230
-1.0
  0
LINE
  5
AE
330
1F
100
AcDbEntity
  8
Whole Simpsons House v1_Sketch18
100
AcDbLine
 10
154.2042506369839
 20
279.7934821938541
 30
1.793760276923784
 11
154.7372978592062
 21
280.3702738605208
 31
1.793760276923784
210
0.0
220
6.123233995736766E-17
230
-1.0
  0
LINE
  5
AF
330
1F
100
AcDbEntity
  8
Whole Simpsons House v1_Sketch18
100
AcDbLine
 10
11.6760311925394
 20
444.7714210827431
 30
1.793760276923794
 11
11.14333674809503
 21
444.1949821938542
 31
1.793760276923794
210
0.0
220
6.123233995736766E-17
230
-1.0
  0
LINE
  5
B0
330
1F
100
AcDbEntity
  8
Whole Simpsons House v1_Sketch18
100
AcDbLine
 10
8.870036748095167
 20
258.4098571938541
 30
1.793760276923783
 11
9.02314230365059
 21
257.6397433049652
 31
1.793760276923783
210
0.0
220
6.123233995736766E-17
230
-1.0
  0
LINE
  5
B1
330
1F
100
AcDbEntity
  8
Whole Simpsons House v1_Sketch18
100
AcDbLine
 10
12.25282285920609
 20
252.3688905271875
 30
1.793760276923782
 11
12.86983119253948
 21
251.8827627494097
 31
1.793760276923782
210
0.0
220
6.123233995736766E-17
230
-1.0
  0
LINE
  5
B2
330
1F
100
AcDbEntity
  8
Whole Simpsons House v1_Sketch18
100
AcDbLine
 10
321.4357339703172
 20
440.789971082743
 30
1.793760276923794
 11
321.1640950814283
 21
441.526571082743
 31
1.793760276923794
210
0.0
220
6.123233995736766E-17
230
-1.0
  0
LINE
  5
B3
330
1F
100
AcDbEntity
  8
Whole Simpsons House v1_Sketch18
100
AcDbLine
 10
203.4231006369839
 20
279.0812238605208
 30
1.793760276923784
 11
203.4844839703173
 21
278.2987627494097
 31
1.793760276923784
210
0.0
220
6.123233995736766E-17
230
-1.0
  0
LINE
  5
B4
330
1F
100
AcDbEntity
  8
Whole Simpsons House v1_Sketch18
100
AcDbLine
 10
14.92123397031719
 20
250.7341183049652
 30
1.793760276923782
 11
15.65783397031728
 21
250.4621266382986
 31
1.793760276923782
210
0.0
220
6.123233995736766E-17
230
-1.0
  0
LINE
  5
B5
330
1F
100
AcDbEntity
  8
Whole Simpsons House v1_Sketch18
100
AcDbLine
 10
149.4114117480951
 20
253.4787294160763
 30
1.793760276923782
 11
149.8975395258728
 21
254.0957377494097
 31
1.793760276923783
210
0.0
220
6.123233995736766E-17
230
-1.0
  0
LINE
  5
B6
330
1F
100
AcDbEntity
  8
Whole Simpsons House v1_Sketch18
100
AcDbLine
 10
151.3185284147618
 20
256.8837405271875
 30
1.793760276923783
 11
151.5316061925395
 21
257.6397433049652
 31
1.793760276923783
210
0.0
220
6.123233995736766E-17
230
-1.0
  0
LINE
  5
B7
330
1F
100
AcDbEntity
  8
Whole Simpsons House v1_Sketch18
100
AcDbLine
 10
152.297486748095
 20
276.3888238605208
 30
1.793760276923784
 11
152.5691256369839
 21
277.1254238605208
 31
1.793760276923784
210
0.0
220
6.123233995736766E-17
230
-1.0
  0
LINE
  5
B8
330
1F
100
AcDbEntity
  8
Whole Simpsons House v1_Sketch18
100
AcDbLine
 10
8.746564525872802
 20
437.6992849716318
 30
1.793760276923794
 11
8.746564525872802
 21
259.9744266382986
 31
1.793760276923783
210
0.0
220
6.123233995736766E-17
230
-1.0
  0
LINE
  5
B9
330
1F
100
AcDbEntity
  8
Whole Simpsons House v1_Sketch18
100
AcDbLine
 10
321.8943450814284
 20
438.4838627494097
 30
1.793760276923794
 11
321.8019173036505
 21
439.2638544160763
 31
1.793760276923794
210
0.0
220
6.123233995736766E-17
230
-1.0
  0
LINE
  5
BA
330
1F
100
AcDbEntity
  8
Whole Simpsons House v1_Sketch18
100
AcDbLine
 10
151.046536748095
 20
256.1467877494097
 30
1.793760276923783
 11
151.3185284147618
 21
256.8837405271875
 31
1.793760276923783
210
0.0
220
6.123233995736766E-17
230
-1.0
  0
LINE
  5
BB
330
1F
100
AcDbEntity
  8
Whole Simpsons House v1_Sketch18
100
AcDbLine
 10
152.8979145258728
 20
277.8387405271873
 30
1.793760276923784
 11
153.281736748095
 21
278.5238349716319
 31
1.793760276923784
210
0.0
220
6.123233995736766E-17
230
-1.0
  0
LINE
  5
BC
330
1F
100
AcDbEntity
  8
Whole Simpsons House v1_Sketch18
100
AcDbLine
 10
202.9394423036507
 20
280.5692405271874
 30
1.793760276923784
 11
203.2400089703172
 21
279.8439294160763
 31
1.793760276923784
210
0.0
220
6.123233995736766E-17
230
-1.0
  0
LINE
  5
BD
330
1F
100
AcDbEntity
  8
Whole Simpsons House v1_Sketch18
100
AcDbLine
 10
14.20791730365062
 20
446.6108044160763
 30
1.793760276923794
 11
13.5228228592062
 21
446.2273349716318
 31
1.793760276923794
210
0.0
220
6.123233995736766E-17
230
-1.0
  0
LINE
  5
BE
330
1F
100
AcDbEntity
  8
Whole Simpsons House v1_Sketch18
100
AcDbLine
 10
151.8388756369839
 20
274.0823627494097
 30
1.793760276923784
 11
151.9309506369839
 21
274.8623544160763
 31
1.793760276923784
210
0.0
220
6.123233995736766E-17
230
-1.0
  0
LINE
  5
BF
330
1F
100
AcDbEntity
  8
Whole Simpsons House v1_Sketch18
100
AcDbLine
 10
9.508211748094963
 20
256.1467877494097
 30
1.793760276923783
 11
9.836647859206183
 21
255.4338238605208
 31
1.793760276923783
210
0.0
220
6.123233995736766E-17
230
-1.0
  0
LINE
  5
C0
330
1F
100
AcDbEntity
  8
Whole Simpsons House v1_Sketch18
100
AcDbLine
 10
152.0844089703172
 20
275.632821082743
 30
1.793760276923784
 11
152.297486748095
 21
276.3888238605208
 31
1.793760276923784
210
0.0
220
6.123233995736766E-17
230
-1.0
  0
LINE
  5
C1
330
1F
100
AcDbEntity
  8
Whole Simpsons House v1_Sketch18
100
AcDbLine
 10
153.281736748095
 20
278.5238349716319
 30
1.793760276923784
 11
153.7181228592061
 21
279.1768266382986
 31
1.793760276923784
210
0.0
220
6.123233995736766E-17
230
-1.0
  0
LINE
  5
C2
330
1F
100
AcDbEntity
  8
Whole Simpsons House v1_Sketch18
100
AcDbLine
 10
9.23622008142827
 20
256.8837405271875
 30
1.793760276923783
 11
9.508211748094963
 21
256.1467877494097
 31
1.793760276923783
210
0.0
220
6.123233995736766E-17
230
-1.0
  0
LINE
  5
C3
330
1F
100
AcDbEntity
  8
Whole Simpsons House v1_Sketch18
100
AcDbLine
 10
155.9307450814283
 20
281.3894488605208
 30
1.793760276923784
 11
156.583736748095
 21
281.8258349716319
 31
1.793760276923784
210
0.0
220
6.123233995736766E-17
230
-1.0
  0
LINE
  5
C4
330
1F
100
AcDbEntity
  8
Whole Simpsons House v1_Sketch18
100
AcDbLine
 10
314.2581173036505
 20
447.4246627494098
 30
1.793760276923794
 11
313.4880034147617
 21
447.578121082743
 31
1.793760276923794
210
0.0
220
6.123233995736766E-17
230
-1.0
  0
LINE
  5
C5
330
1F
100
AcDbEntity
  8
Whole Simpsons House v1_Sketch18
100
AcDbLine
 10
317.1494839703173
 20
446.2273349716319
 30
1.793760276923794
 11
316.464036748095
 21
446.6108044160763
 31
1.793760276923794
210
0.0
220
6.123233995736766E-17
230
-1.0
  0
LINE
  5
C6
330
1F
100
AcDbEntity
  8
Whole Simpsons House v1_Sketch18
100
AcDbLine
 10
157.2688311925396
 20
282.2096571938541
 30
1.793760276923784
 11
157.9821478592062
 21
282.538446082743
 31
1.793760276923784
210
0.0
220
6.123233995736766E-17
230
-1.0
  0
LINE
  5
C7
330
1F
100
AcDbEntity
  8
Whole Simpsons House v1_Sketch18
100
AcDbLine
 10
159.4751034147617
 20
283.0235155271874
 30
1.793760276923784
 11
160.2452173036506
 21
283.1766210827431
 31
1.793760276923784
210
0.0
220
6.123233995736766E-17
230
-1.0
  0
LINE
  5
C8
330
1F
100
AcDbEntity
  8
Whole Simpsons House v1_Sketch18
100
AcDbLine
 10
12.25282285920609
 20
445.3044683049652
 30
1.793760276923794
 11
11.6760311925394
 21
444.7714210827431
 31
1.793760276923794
210
0.0
220
6.123233995736766E-17
230
-1.0
  0
LINE
  5
C9
330
1F
100
AcDbEntity
  8
Whole Simpsons House v1_Sketch18
100
AcDbLine
 10
9.508211748094963
 20
441.526571082743
 30
1.793760276923794
 11
9.23622008142827
 21
440.789971082743
 31
1.793760276923794
210
0.0
220
6.123233995736766E-17
230
-1.0
  0
LINE
  5
CA
330
1F
100
AcDbEntity
  8
Whole Simpsons House v1_Sketch18
100
AcDbLine
 10
8.777608970317264
 20
438.4838627494097
 30
1.793760276923794
 11
8.746564525872802
 21
437.6992849716318
 31
1.793760276923794
210
0.0
220
6.123233995736766E-17
230
-1.0
  0
LINE
  5
CB
330
1F
100
AcDbEntity
  8
Whole Simpsons House v1_Sketch18
100
AcDbLine
 10
151.7771395258728
 20
259.1898488605208
 30
1.793760276923783
 11
151.8078311925395
 21
259.9744266382985
 31
1.793760276923783
210
0.0
220
6.123233995736766E-17
230
-1.0
  0
LINE
  5
CC
330
1F
100
AcDbEntity
  8
Whole Simpsons House v1_Sketch18
100
AcDbLine
 10
148.3019256369839
 20
252.3688905271875
 30
1.793760276923782
 11
148.8783645258728
 21
252.9022905271875
 31
1.793760276923782
210
0.0
220
6.123233995736766E-17
230
-1.0
  0
LINE
  5
CD
330
1F
100
AcDbEntity
  8
Whole Simpsons House v1_Sketch18
100
AcDbLine
 10
147.0319256369839
 20
251.4463766382985
 30
1.793760276923782
 11
147.6849173036507
 21
251.8827627494097
 31
1.793760276923782
210
0.0
220
6.123233995736766E-17
230
-1.0
  0
LINE
  5
CE
330
1F
100
AcDbEntity
  8
Whole Simpsons House v1_Sketch18
100
AcDbLine
 10
13.5228228592062
 20
446.2273349716318
 30
1.793760276923794
 11
12.86983119253948
 21
445.790596082743
 31
1.793760276923794
210
0.0
220
6.123233995736766E-17
230
-1.0
  0
LINE
  5
CF
330
1F
100
AcDbEntity
  8
Whole Simpsons House v1_Sketch18
100
AcDbLine
 10
151.5316061925395
 20
257.6397433049652
 30
1.793760276923783
 11
151.684711748095
 21
258.4098571938541
 31
1.793760276923783
210
0.0
220
6.123233995736766E-17
230
-1.0
  0
LINE
  5
D0
330
1F
100
AcDbEntity
  8
Whole Simpsons House v1_Sketch18
100
AcDbLine
 10
150.3339256369839
 20
254.7487294160763
 30
1.793760276923783
 11
150.7177478592061
 21
255.4338238605208
 31
1.793760276923783
210
0.0
220
6.123233995736766E-17
230
-1.0
  0
LINE
  5
D1
330
1F
100
AcDbEntity
  8
Whole Simpsons House v1_Sketch18
100
AcDbLine
 10
318.4191311925395
 20
445.3044683049652
 30
1.793760276923794
 11
317.8021228592062
 21
445.790596082743
 31
1.793760276923794
210
0.0
220
6.123233995736766E-17
230
-1.0
  0
LINE
  5
D2
330
1F
100
AcDbEntity
  8
Whole Simpsons House v1_Sketch18
100
AcDbLine
 10
151.8078311925395
 20
306.3040266382985
 30
1.793760276923786
 11
151.8078311925395
 21
303.3036516382986
 31
1.793760276923785
210
0.0
220
6.123233995736766E-17
230
-1.0
  0
LINE
  5
D3
330
1F
100
AcDbEntity
  8
Whole Simpsons House v1_Sketch18
100
AcDbLine
 10
148.8783645258728
 20
252.9022905271875
 30
1.793760276923782
 11
149.4114117480951
 21
253.4787294160763
 31
1.793760276923782
210
0.0
220
6.123233995736766E-17
230
-1.0
  0
LINE
  5
D4
330
1F
100
AcDbEntity
  8
Whole Simpsons House v1_Sketch18
100
AcDbLine
 10
9.836647859206128
 20
442.2398877494096
 30
1.793760276923794
 11
9.508211748094963
 21
441.526571082743
 31
1.793760276923794
210
0.0
220
6.123233995736766E-17
230
-1.0
  0
LINE
  5
D5
330
1F
100
AcDbEntity
  8
Whole Simpsons House v1_Sketch18
100
AcDbLine
 10
156.583736748095
 20
281.8258349716319
 30
1.793760276923784
 11
157.2688311925396
 21
282.2096571938541
 31
1.793760276923784
210
0.0
220
6.123233995736766E-17
230
-1.0
  0
LINE
  5
D6
330
1F
100
AcDbEntity
  8
Whole Simpsons House v1_Sketch18
100
AcDbLine
 10
203.4844839703173
 20
254.9734488605208
 30
1.793760276923783
 11
203.5462200814283
 21
254.1909877494097
 31
1.793760276923783
210
0.0
220
6.123233995736766E-17
230
-1.0
  0
LINE
  5
D7
330
1F
100
AcDbEntity
  8
Whole Simpsons House v1_Sketch18
100
AcDbLine
 10
145.6335145258729
 20
250.7341183049652
 30
1.793760276923782
 11
146.3468311925395
 21
251.0629071938541
 31
1.793760276923782
210
0.0
220
6.123233995736766E-17
230
-1.0
  0
LINE
  5
D8
330
1F
100
AcDbEntity
  8
Whole Simpsons House v1_Sketch18
100
AcDbLine
 10
291.9195228592062
 20
306.3040266382985
 30
1.793760276923786
 11
291.9195228592062
 21
303.3036516382986
 31
1.793760276923785
210
0.0
220
6.123233995736766E-17
230
-1.0
  0
LINE
  5
D9
330
1F
100
AcDbEntity
  8
Whole Simpsons House v1_Sketch18
100
AcDbLine
 10
209.8641173036506
 20
427.6973294160763
 30
1.793760276923793
 11
209.8641173036506
 21
424.6966016382985
 31
1.793760276923793
210
0.0
220
6.123233995736766E-17
230
-1.0
  0
LINE
  5
DA
330
1F
100
AcDbEntity
  8
Whole Simpsons House v1_Sketch18
100
AcDbLine
 10
208.0180311925395
 20
303.3036516382986
 30
1.793760276923785
 11
208.0180311925395
 21
300.3029238605208
 31
1.793760276923785
210
0.0
220
6.123233995736766E-17
230
-1.0
  0
LINE
  5
DB
330
1F
100
AcDbEntity
  8
Whole Simpsons House v1_Sketch18
100
AcDbLine
 10
31.75120341476173
 20
352.3376460827429
 30
1.793760276923789
 11
31.75120341476173
 21
342.3356905271874
 31
1.793760276923788
210
0.0
220
6.123233995736766E-17
230
-1.0
  0
LINE
  5
DC
330
1F
100
AcDbEntity
  8
Whole Simpsons House v1_Sketch18
100
AcDbLine
 10
298.9207506369839
 20
404.6926905271874
 30
1.793760276923792
 11
298.9207506369839
 21
414.694646082743
 31
1.793760276923792
210
0.0
220
6.123233995736766E-17
230
-1.0
  0
LINE
  5
DD
330
1F
100
AcDbEntity
  8
Whole Simpsons House v1_Sketch18
100
AcDbLine
 10
155.3144423036507
 20
280.903321082743
 30
1.793760276923784
 11
155.9307450814283
 21
281.3894488605208
 31
1.793760276923784
210
0.0
220
6.123233995736766E-17
230
-1.0
  0
LINE
  5
DE
330
1F
100
AcDbEntity
  8
Whole Simpsons House v1_Sketch18
100
AcDbLine
 10
202.0197506369839
 20
281.835007193854
 30
1.793760276923784
 11
202.5295145258728
 21
281.2381071938541
 31
1.793760276923784
210
0.0
220
6.123233995736766E-17
230
-1.0
  0
LINE
  5
DF
330
1F
100
AcDbEntity
  8
Whole Simpsons House v1_Sketch18
100
AcDbLine
 10
17.18395063698391
 20
447.578121082743
 30
1.793760276923794
 11
16.41383674809499
 21
447.4246627494098
 31
1.793760276923794
210
0.0
220
6.123233995736766E-17
230
-1.0
  0
LINE
  5
E0
330
1F
100
AcDbEntity
  8
Whole Simpsons House v1_Sketch18
100
AcDbLine
 10
202.5295145258728
 20
281.2381071938541
 30
1.793760276923784
 11
202.9394423036507
 21
280.5692405271874
 31
1.793760276923784
210
0.0
220
6.123233995736766E-17
230
-1.0
  0
LINE
  5
E1
330
1F
100
AcDbEntity
  8
Whole Simpsons House v1_Sketch18
100
AcDbLine
 10
143.3707978592062
 20
250.0955905271875
 30
1.793760276923782
 11
144.140911748095
 21
250.2490488605208
 31
1.793760276923782
210
0.0
220
6.123233995736766E-17
230
-1.0
  0
LINE
  5
E2
330
1F
100
AcDbEntity
  8
Whole Simpsons House v1_Sketch18
100
AcDbLine
 10
147.6849173036507
 20
251.8827627494097
 30
1.793760276923782
 11
148.3019256369839
 21
252.3688905271875
 31
1.793760276923782
210
0.0
220
6.123233995736766E-17
230
-1.0
  0
LINE
  5
E3
330
1F
100
AcDbEntity
  8
Whole Simpsons House v1_Sketch18
100
AcDbLine
 10
16.41383674809499
 20
447.4246627494098
 30
1.793760276923794
 11
15.65783397031728
 21
447.2115849716319
 31
1.793760276923794
210
0.0
220
6.123233995736766E-17
230
-1.0
  0
LINE
  5
E4
330
1F
100
AcDbEntity
  8
Whole Simpsons House v1_Sketch18
100
AcDbLine
 10
146.3468311925395
 20
251.0629071938541
 30
1.793760276923782
 11
147.0319256369839
 21
251.4463766382985
 31
1.793760276923782
210
0.0
220
6.123233995736766E-17
230
-1.0
  0
LINE
  5
E5
330
1F
100
AcDbEntity
  8
Whole Simpsons House v1_Sketch18
100
AcDbLine
 10
151.8078311925395
 20
273.2977849716319
 30
1.793760276923784
 11
151.8388756369839
 21
274.0823627494097
 31
1.793760276923784
210
0.0
220
6.123233995736766E-17
230
-1.0
  0
LINE
  5
E6
330
1F
100
AcDbEntity
  8
Whole Simpsons House v1_Sketch18
100
AcDbLine
 10
14.20791730365062
 20
251.0629071938541
 30
1.793760276923782
 11
14.92123397031719
 21
250.7341183049652
 31
1.793760276923782
210
0.0
220
6.123233995736766E-17
230
-1.0
  0
LINE
  5
E7
330
1F
100
AcDbEntity
  8
Whole Simpsons House v1_Sketch18
100
AcDbLine
 10
153.7181228592061
 20
279.1768266382986
 30
1.793760276923784
 11
154.2042506369839
 21
279.7934821938541
 31
1.793760276923784
210
0.0
220
6.123233995736766E-17
230
-1.0
  0
LINE
  5
E8
330
1F
100
AcDbEntity
  8
Whole Simpsons House v1_Sketch18
100
AcDbLine
 10
8.870036748095167
 20
439.2638544160763
 30
1.793760276923794
 11
8.777608970317264
 21
438.4838627494097
 31
1.793760276923794
210
0.0
220
6.123233995736766E-17
230
-1.0
  0
LINE
  5
E9
330
1F
100
AcDbEntity
  8
Whole Simpsons House v1_Sketch18
100
AcDbLine
 10
11.14333674809503
 20
253.4787294160763
 30
1.793760276923782
 11
11.6760311925394
 21
252.9022905271875
 31
1.793760276923782
210
0.0
220
6.123233995736766E-17
230
-1.0
  0
LINE
  5
EA
330
1F
100
AcDbEntity
  8
Whole Simpsons House v1_Sketch18
100
AcDbLine
 10
144.140911748095
 20
250.2490488605208
 30
1.793760276923782
 11
144.8969145258728
 21
250.4621266382986
 31
1.793760276923782
210
0.0
220
6.123233995736766E-17
230
-1.0
  0
LINE
  5
EB
330
1F
100
AcDbEntity
  8
Whole Simpsons House v1_Sketch18
100
AcDbLine
 10
158.7194534147618
 20
282.8100849716319
 30
1.793760276923784
 11
159.4751034147617
 21
283.0235155271874
 31
1.793760276923784
210
0.0
220
6.123233995736766E-17
230
-1.0
  0
LINE
  5
EC
330
1F
100
AcDbEntity
  8
Whole Simpsons House v1_Sketch18
100
AcDbLine
 10
8.746564525872802
 20
259.9744266382985
 30
1.793760276923783
 11
8.777608970317264
 21
259.1898488605208
 31
1.793760276923783
210
0.0
220
6.123233995736766E-17
230
-1.0
  0
LINE
  5
ED
330
1F
100
AcDbEntity
  8
Whole Simpsons House v1_Sketch18
100
AcDbLine
 10
13.52282285920609
 20
251.4463766382985
 30
1.793760276923782
 11
14.20791730365062
 21
251.0629071938541
 31
1.793760276923782
210
0.0
220
6.123233995736766E-17
230
-1.0
  0
LINE
  5
EE
330
1F
100
AcDbEntity
  8
Whole Simpsons House v1_Sketch18
100
AcDbLine
 10
31.75120341476173
 20
414.694646082743
 30
1.793760276923792
 11
31.75120341476173
 21
404.6926905271874
 31
1.793760276923792
210
0.0
220
6.123233995736766E-17
230
-1.0
  0
LINE
  5
EF
330
1F
100
AcDbEntity
  8
Whole Simpsons House v1_Sketch18
100
AcDbLine
 10
11.6760311925394
 20
252.9022905271875
 30
1.793760276923782
 11
12.25282285920609
 21
252.3688905271875
 31
1.793760276923782
210
0.0
220
6.123233995736766E-17
230
-1.0
  0
LINE
  5
F0
330
1F
100
AcDbEntity
  8
Whole Simpsons House v1_Sketch18
100
AcDbLine
 10
15.65783397031728
 20
250.4621266382986
 30
1.793760276923782
 11
16.41383674809499
 21
250.2490488605208
 31
1.793760276923782
210
0.0
220
6.123233995736766E-17
230
-1.0
  0
LINE
  5
F1
330
1F
100
AcDbEntity
  8
Whole Simpsons House v1_Sketch18
100
AcDbLine
 10
11.14333674809503
 20
444.1949821938542
 30
1.793760276923794
 11
10.65685619253953
 21
443.5783266382986
 31
1.793760276923794
210
0.0
220
6.123233995736766E-17
230
-1.0
  0
LINE
  5
F2
330
1F
100
AcDbEntity
  8
Whole Simpsons House v1_Sketch18
100
AcDbLine
 10
9.02314230365059
 20
440.0339683049652
 30
1.793760276923794
 11
8.870036748095167
 21
439.2638544160763
 31
1.793760276923794
210
0.0
220
6.123233995736766E-17
230
-1.0
  0
LINE
  5
F3
330
1F
100
AcDbEntity
  8
Whole Simpsons House v1_Sketch18
100
AcDbLine
 10
225.967011748095
 20
300.3029238605208
 30
1.793760276923785
 11
225.967011748095
 21
303.3036516382986
 31
1.793760276923785
210
0.0
220
6.123233995736766E-17
230
-1.0
  0
LINE
  5
F4
330
1F
100
AcDbEntity
  8
Whole Simpsons House v1_Sketch18
100
AcDbLine
 10
199.8625145258728
 20
424.6966016382985
 30
1.793760276923793
 11
199.8625145258728
 21
427.6973294160763
 31
1.793760276923793
210
0.0
220
6.123233995736766E-17
230
-1.0
  0
LINE
  5
F5
330
1F
100
AcDbEntity
  8
Whole Simpsons House v1_Sketch18
100
AcDbLine
 10
298.9207506369839
 20
316.3063349716319
 30
1.793760276923786
 11
298.9207506369839
 21
326.3079377494097
 31
1.793760276923787
210
0.0
220
6.123233995736766E-17
230
-1.0
  0
LINE
  5
F6
330
1F
100
AcDbEntity
  8
Whole Simpsons House v1_Sketch18
100
AcDbLine
 10
200.7539839703172
 20
282.7546988605208
 30
1.793760276923784
 11
201.4232034147617
 21
282.344771082743
 31
1.793760276923784
210
0.0
220
6.123233995736766E-17
230
-1.0
  0
LINE
  5
F7
330
1F
100
AcDbEntity
  8
Whole Simpsons House v1_Sketch18
100
AcDbLine
 10
203.2400089703172
 20
279.8439294160763
 30
1.793760276923784
 11
203.4231006369839
 21
279.0812238605208
 31
1.793760276923784
210
0.0
220
6.123233995736766E-17
230
-1.0
  0
LINE
  5
F8
330
1F
100
AcDbEntity
  8
Whole Simpsons House v1_Sketch18
100
AcDbLine
 10
150.7177478592061
 20
255.4338238605208
 30
1.793760276923783
 11
151.046536748095
 21
256.1467877494097
 31
1.793760276923783
210
0.0
220
6.123233995736766E-17
230
-1.0
  0
LINE
  5
F9
330
1F
100
AcDbEntity
  8
Whole Simpsons House v1_Sketch18
100
AcDbLine
 10
10.65685619253953
 20
443.5783266382986
 30
1.793760276923794
 11
10.22047008142835
 21
442.9249821938541
 31
1.793760276923794
210
0.0
220
6.123233995736766E-17
230
-1.0
  0
LINE
  5
FA
330
1F
100
AcDbEntity
  8
Whole Simpsons House v1_Sketch18
100
AcDbLine
 10
51.75511452587278
 20
427.6973294160763
 30
1.793760276923793
 11
51.75511452587278
 21
424.6966016382985
 31
1.793760276923793
210
0.0
220
6.123233995736766E-17
230
-1.0
  0
LINE
  5
FB
330
1F
100
AcDbEntity
  8
Whole Simpsons House v1_Sketch18
100
AcDbLine
 10
301.9214784147616
 20
326.3079377494097
 30
1.793760276923787
 11
301.9214784147616
 21
316.3063349716319
 31
1.793760276923786
210
0.0
220
6.123233995736766E-17
230
-1.0
  0
LINE
  5
FC
330
1F
100
AcDbEntity
  8
Whole Simpsons House v1_Sketch18
100
AcDbLine
 10
157.9821478592062
 20
282.538446082743
 30
1.793760276923784
 11
158.7194534147618
 21
282.8100849716319
 31
1.793760276923784
210
0.0
220
6.123233995736766E-17
230
-1.0
  0
LINE
  5
FD
330
1F
100
AcDbEntity
  8
Whole Simpsons House v1_Sketch18
100
AcDbLine
 10
144.8969145258728
 20
250.4621266382986
 30
1.793760276923782
 11
145.6335145258729
 21
250.7341183049652
 31
1.793760276923782
210
0.0
220
6.123233995736766E-17
230
-1.0
  0
LINE
  5
FE
330
1F
100
AcDbEntity
  8
Whole Simpsons House v1_Sketch18
100
AcDbLine
 10
230.5002061925395
 20
303.3036516382986
 30
1.793760276923785
 11
230.5002061925395
 21
300.3029238605208
 31
1.793760276923785
210
0.0
220
6.123233995736766E-17
230
-1.0
  0
LINE
  5
FF
330
1F
100
AcDbEntity
  8
Whole Simpsons House v1_Sketch18
100
AcDbLine
 10
31.75120341476173
 20
289.9802933049652
 30
1.793760276923785
 11
31.75120341476173
 21
279.9783377494097
 31
1.793760276923784
210
0.0
220
6.123233995736766E-17
230
-1.0
  0
LINE
  5
100
330
1F
100
AcDbEntity
  8
Whole Simpsons House v1_Sketch18
100
AcDbLine
 10
16.41383674809499
 20
250.2490488605208
 30
1.793760276923782
 11
17.18395063698391
 21
250.0955905271875
 31
1.793760276923782
210
0.0
220
6.123233995736766E-17
230
-1.0
  0
LINE
  5
101
330
1F
100
AcDbEntity
  8
Whole Simpsons House v1_Sketch18
100
AcDbLine
 10
15.65783397031728
 20
447.2115849716319
 30
1.793760276923794
 11
14.92123397031719
 21
446.9395933049652
 31
1.793760276923794
210
0.0
220
6.123233995736766E-17
230
-1.0
  0
LINE
  5
102
330
1F
100
AcDbEntity
  8
Whole Simpsons House v1_Sketch18
100
AcDbLine
 10
185.0133923036506
 20
303.3036516382986
 30
1.793760276923785
 11
185.0133923036506
 21
306.3040266382985
 31
1.793760276923786
210
0.0
220
6.123233995736766E-17
230
-1.0
  0
LINE
  5
103
330
1F
100
AcDbEntity
  8
Whole Simpsons House v1_Sketch18
100
AcDbLine
 10
120.807836748095
 20
424.6966016382985
 30
1.793760276923793
 11
120.807836748095
 21
427.6973294160763
 31
1.793760276923793
210
0.0
220
6.123233995736766E-17
230
-1.0
  0
LINE
  5
104
330
1F
100
AcDbEntity
  8
Whole Simpsons House v1_Sketch18
100
AcDbLine
 10
28.75047563698391
 20
342.3356905271874
 30
1.793760276923788
 11
28.75047563698391
 21
352.3376460827429
 31
1.793760276923789
210
0.0
220
6.123233995736766E-17
230
-1.0
  0
LINE
  5
105
330
1F
100
AcDbEntity
  8
Whole Simpsons House v1_Sketch18
100
AcDbLine
 10
281.9172145258729
 20
303.3036516382986
 30
1.793760276923785
 11
281.9172145258729
 21
306.3040266382985
 31
1.793760276923786
210
0.0
220
6.123233995736766E-17
230
-1.0
  0
LINE
  5
106
330
1F
100
AcDbEntity
  8
Whole Simpsons House v1_Sketch18
100
AcDbLine
 10
28.75047563698391
 20
279.9783377494097
 30
1.793760276923784
 11
28.75047563698391
 21
289.9802933049652
 31
1.793760276923785
210
0.0
220
6.123233995736766E-17
230
-1.0
  0
LINE
  5
107
330
1F
100
AcDbEntity
  8
Whole Simpsons House v1_Sketch18
100
AcDbLine
 10
131.8039200814283
 20
289.9802933049652
 30
1.793760276923785
 11
131.8039200814283
 21
279.9783377494097
 31
1.793760276923784
210
0.0
220
6.123233995736766E-17
230
-1.0
  0
LINE
  5
108
330
1F
100
AcDbEntity
  8
Whole Simpsons House v1_Sketch18
100
AcDbLine
 10
131.8039200814283
 20
352.3376460827429
 30
1.793760276923789
 11
131.8039200814283
 21
342.3356905271874
 31
1.793760276923788
210
0.0
220
6.123233995736766E-17
230
-1.0
  0
LINE
  5
109
330
1F
100
AcDbEntity
  8
Whole Simpsons House v1_Sketch18
100
AcDbLine
 10
128.8035450814284
 20
279.9783377494097
 30
1.793760276923784
 11
128.8035450814284
 21
289.9802933049652
 31
1.793760276923785
210
0.0
220
6.123233995736766E-17
230
-1.0
  0
LINE
  5
10A
330
1F
100
AcDbEntity
  8
Whole Simpsons House v1_Sketch18
100
AcDbLine
 10
298.9207506369839
 20
360.4991599716319
 30
1.793760276923789
 11
298.9207506369839
 21
370.5011155271874
 31
1.79376027692379
210
0.0
220
6.123233995736766E-17
230
-1.0
  0
LINE
  5
10B
330
1F
100
AcDbEntity
  8
Whole Simpsons House v1_Sketch18
100
AcDbLine
 10
203.4844839703173
 20
300.3029238605208
 30
1.793760276923785
 11
203.4844839703173
 21
303.3036516382986
 31
1.793760276923785
210
0.0
220
6.123233995736766E-17
230
-1.0
  0
LINE
  5
10C
330
1F
100
AcDbEntity
  8
Whole Simpsons House v1_Sketch18
100
AcDbLine
 10
28.75047563698391
 20
404.6926905271874
 30
1.793760276923792
 11
28.75047563698391
 21
414.694646082743
 31
1.793760276923792
210
0.0
220
6.123233995736766E-17
230
-1.0
  0
LINE
  5
10D
330
1F
100
AcDbEntity
  8
Whole Simpsons House v1_Sketch18
100
AcDbLine
 10
41.75315897031729
 20
424.6966016382985
 30
1.793760276923793
 11
41.75315897031729
 21
427.6973294160763
 31
1.793760276923793
210
0.0
220
6.123233995736766E-17
230
-1.0
  0
LINE
  5
10E
330
1F
100
AcDbEntity
  8
Whole Simpsons House v1_Sketch18
100
AcDbLine
 10
130.8097923036506
 20
427.6973294160763
 30
1.793760276923793
 11
130.8097923036506
 21
424.6966016382985
 31
1.793760276923793
210
0.0
220
6.123233995736766E-17
230
-1.0
  0
LINE
  5
10F
330
1F
100
AcDbEntity
  8
Whole Simpsons House v1_Sketch18
100
AcDbLine
 10
301.9214784147616
 20
414.694646082743
 30
1.793760276923792
 11
301.9214784147616
 21
404.6926905271874
 31
1.793760276923792
210
0.0
220
6.123233995736766E-17
230
-1.0
  0
LINE
  5
110
330
1F
100
AcDbEntity
  8
Whole Simpsons House v1_Sketch18
100
AcDbLine
 10
128.8035450814284
 20
404.6926905271874
 30
1.793760276923792
 11
128.8035450814284
 21
414.694646082743
 31
1.793760276923792
210
0.0
220
6.123233995736766E-17
230
-1.0
  0
LINE
  5
111
330
1F
100
AcDbEntity
  8
Whole Simpsons House v1_Sketch18
100
AcDbLine
 10
238.9693423036506
 20
303.3036516382986
 30
1.793760276923785
 11
238.9693423036506
 21
306.3040266382985
 31
1.793760276923786
210
0.0
220
6.123233995736766E-17
230
-1.0
  0
LINE
  5
112
330
1F
100
AcDbEntity
  8
Whole Simpsons House v1_Sketch18
100
AcDbLine
 10
288.9187950814283
 20
427.6973294160763
 30
1.793760276923793
 11
288.9187950814283
 21
424.6966016382985
 31
1.793760276923793
210
0.0
220
6.123233995736766E-17
230
-1.0
  0
LINE
  5
113
330
1F
100
AcDbEntity
  8
Whole Simpsons House v1_Sketch18
100
AcDbLine
 10
141.8058756369839
 20
303.3036516382986
 30
1.793760276923785
 11
141.8058756369839
 21
306.3040266382985
 31
1.793760276923786
210
0.0
220
6.123233995736766E-17
230
-1.0
  0
LINE
  5
114
330
1F
100
AcDbEntity
  8
Whole Simpsons House v1_Sketch18
100
AcDbLine
 10
128.8035450814284
 20
342.3356905271874
 30
1.793760276923788
 11
128.8035450814284
 21
352.3376460827429
 31
1.793760276923789
210
0.0
220
6.123233995736766E-17
230
-1.0
  0
LINE
  5
115
330
1F
100
AcDbEntity
  8
Whole Simpsons House v1_Sketch18
100
AcDbLine
 10
278.9168395258729
 20
424.6966016382985
 30
1.793760276923793
 11
278.9168395258729
 21
427.6973294160763
 31
1.793760276923793
210
0.0
220
6.123233995736766E-17
230
-1.0
  0
LINE
  5
116
330
1F
100
AcDbEntity
  8
Whole Simpsons House v1_Sketch18
100
AcDbLine
 10
248.9712978592062
 20
306.3040266382985
 30
1.793760276923786
 11
248.9712978592062
 21
303.3036516382986
 31
1.793760276923785
210
0.0
220
6.123233995736766E-17
230
-1.0
  0
LINE
  5
117
330
1F
100
AcDbEntity
  8
Whole Simpsons House v1_Sketch18
100
AcDbLine
 10
131.8039200814283
 20
414.694646082743
 30
1.793760276923792
 11
131.8039200814283
 21
404.6926905271874
 31
1.793760276923792
210
0.0
220
6.123233995736766E-17
230
-1.0
  0
LINE
  5
118
330
1F
100
AcDbEntity
  8
Whole Simpsons House v1_Sketch18
100
AcDbLine
 10
195.0153478592061
 20
306.3040266382985
 30
1.793760276923786
 11
195.0153478592061
 21
303.3036516382986
 31
1.793760276923785
210
0.0
220
6.123233995736766E-17
230
-1.0
  0
LINE
  5
119
330
1F
100
AcDbEntity
  8
Whole Simpsons House v1_Sketch18
100
AcDbLine
 10
301.9214784147616
 20
370.5011155271874
 30
1.79376027692379
 11
301.9214784147616
 21
360.4991599716319
 31
1.793760276923789
210
0.0
220
6.123233995736766E-17
230
-1.0
  0
LINE
  5
11A
330
1F
100
AcDbEntity
  8
Whole Simpsons House v1_Sketch18
100
AcDbLine
 10
208.485461748095
 20
249.9728238605207
 30
1.793760276923782
 11
225.4992284147617
 21
249.9728238605207
 31
1.793760276923782
210
0.0
220
6.123233995736766E-17
230
-1.0
  0
LINE
  5
11B
330
1F
100
AcDbEntity
  8
Whole Simpsons House v1_Sketch18
100
AcDbLine
 10
225.4992284147617
 20
249.9728238605207
 30
1.793760276923782
 11
226.2816895258728
 21
250.0342071938541
 31
1.793760276923782
210
0.0
220
6.123233995736766E-17
230
-1.0
  0
LINE
  5
11C
330
1F
100
AcDbEntity
  8
Whole Simpsons House v1_Sketch18
100
AcDbLine
 10
18.74852008142841
 20
249.9728238605207
 30
1.793760276923782
 11
141.8058756369838
 21
249.9728238605207
 31
1.793760276923782
210
0.0
220
6.123233995736766E-17
230
-1.0
  0
LINE
  5
11D
330
1F
100
AcDbEntity
  8
Whole Simpsons House v1_Sketch18
100
AcDbLine
 10
141.8058756369839
 20
249.9728238605207
 30
1.793760276923782
 11
142.5908061925395
 21
249.9728238605207
 31
1.793760276923782
210
0.0
220
6.123233995736766E-17
230
-1.0
  0
LINE
  5
11E
330
1F
100
AcDbEntity
  8
Whole Simpsons House v1_Sketch18
100
AcDbLine
 10
312.708011748095
 20
447.6357256096995
 30
1.793760276923794
 11
311.9234339703173
 21
447.7008877494098
 31
1.793760276923794
210
0.0
220
6.123233995736766E-17
230
-1.0
  0
LINE
  5
11F
330
1F
100
AcDbEntity
  8
Whole Simpsons House v1_Sketch18
100
AcDbLine
 10
17.96394230365062
 20
447.670196082743
 30
1.793760276923794
 11
17.18395063698391
 21
447.578121082743
 31
1.793760276923794
210
0.0
220
6.123233995736766E-17
230
-1.0
  0
LINE
  5
120
330
1F
100
AcDbEntity
  8
Whole Simpsons House v1_Sketch18
100
AcDbLine
 10
312.708011748095
 20
283.3304321938541
 30
1.793760276923784
 11
313.4880034147617
 21
283.4228599716319
 31
1.793760276923784
210
0.0
220
6.123233995736766E-17
230
-1.0
  0
LINE
  5
121
330
1F
100
AcDbEntity
  8
Whole Simpsons House v1_Sketch18
100
AcDbLine
 10
311.9234339703173
 20
447.7008877494098
 30
1.793760276923794
 11
18.74852008142841
 21
447.7008877494098
 31
1.793760276923794
210
0.0
220
6.123233995736766E-17
230
-1.0
  0
LINE
  5
122
330
1F
100
AcDbEntity
  8
Whole Simpsons House v1_Sketch18
100
AcDbLine
 10
18.74852008142841
 20
447.7008877494098
 30
1.793760276923794
 11
17.96394230365062
 21
447.670196082743
 31
1.793760276923794
210
0.0
220
6.123233995736766E-17
230
-1.0
  0
LINE
  5
123
330
1F
100
AcDbEntity
  8
Whole Simpsons House v1_Sketch18
100
AcDbLine
 10
234.7187228592061
 20
283.2380044160764
 30
1.793760276923784
 11
235.5011839703172
 21
283.2997405271873
 31
1.793760276923784
210
0.0
220
6.123233995736766E-17
230
-1.0
  0
LINE
  5
124
330
1F
100
AcDbEntity
  8
Whole Simpsons House v1_Sketch18
100
AcDbLine
 10
313.4880034147617
 20
447.578121082743
 30
1.793760276923794
 11
312.708011748095
 21
447.6357256096995
 31
1.793760276923794
210
0.0
220
6.123233995736766E-17
230
-1.0
  0
LINE
  5
125
330
1F
100
AcDbEntity
  8
Whole Simpsons House v1_Sketch18
100
AcDbLine
 10
235.5011839703172
 20
283.2997405271873
 30
1.793760276923784
 11
311.9234339703173
 21
283.2997405271873
 31
1.793760276923784
210
0.0
220
6.123233995736766E-17
230
-1.0
  0
LINE
  5
126
330
1F
100
AcDbEntity
  8
Whole Simpsons House v1_Sketch18
100
AcDbLine
 10
311.9234339703173
 20
283.2997405271873
 30
1.793760276923784
 11
312.708011748095
 21
283.3304321938541
 31
1.793760276923784
210
0.0
220
6.123233995736766E-17
230
-1.0
  0
LINE
  5
127
330
1F
100
AcDbEntity
  8
Whole Simpsons House v1_Sketch18
100
AcDbLine
 10
198.4835061925395
 20
283.2997405271873
 30
1.793760276923784
 11
199.2659673036505
 21
283.2380044160764
 31
1.793760276923784
210
0.0
220
6.123233995736766E-17
230
-1.0
  0
LINE
  5
128
330
1F
100
AcDbEntity
  8
Whole Simpsons House v1_Sketch18
100
AcDbLine
 10
161.809786748095
 20
283.2997405271873
 30
1.793760276923784
 11
198.4835061925395
 21
283.2997405271873
 31
1.793760276923784
210
0.0
220
6.123233995736766E-17
230
-1.0
  0
LINE
  5
129
330
1F
100
AcDbEntity
  8
Whole Simpsons House v1_Sketch18
100
AcDbLine
 10
207.7033534147617
 20
250.0342071938541
 30
1.793760276923782
 11
208.485461748095
 21
249.9728238605207
 31
1.793760276923782
210
0.0
220
6.123233995736766E-17
230
-1.0
  0
LINE
  5
12A
330
1F
100
AcDbEntity
  8
Whole Simpsons House v1_Sketch18
100
AcDbLine
 10
161.0248561925395
 20
283.268696082743
 30
1.793760276923784
 11
161.809786748095
 21
283.2997405271873
 31
1.793760276923784
210
0.0
220
6.123233995736766E-17
230
-1.0
  0
LINE
  5
12B
330
1F
100
AcDbEntity
  8
Whole Simpsons House v1_Sketch18
100
AcDbLine
 10
142.5908061925395
 20
249.9728238605207
 30
1.793760276923782
 11
143.3707978592062
 21
250.0955905271875
 31
1.793760276923782
210
0.0
220
6.123233995736766E-17
230
-1.0
  0
LINE
  5
12C
330
1F
100
AcDbEntity
  8
Whole Simpsons House v1_Sketch18
100
AcDbLine
 10
17.96394230365051
 20
250.0035155271874
 30
1.793760276923782
 11
18.74852008142841
 21
249.9728238605207
 31
1.793760276923782
210
0.0
220
6.123233995736766E-17
230
-1.0
  0
LINE
  5
12D
330
1F
100
AcDbEntity
  8
Whole Simpsons House v1_Sketch18
100
AcDbLine
 10
130.8097923036506
 20
424.6966016382985
 30
1.793760276923793
 11
120.807836748095
 21
424.6966016382985
 31
1.793760276923793
210
0.0
220
6.123233995736766E-17
230
-1.0
  0
LINE
  5
12E
330
1F
100
AcDbEntity
  8
Whole Simpsons House v1_Sketch18
100
AcDbLine
 10
51.75511452587278
 20
424.6966016382985
 30
1.793760276923793
 11
41.75315897031729
 21
424.6966016382985
 31
1.793760276923793
210
0.0
220
6.123233995736766E-17
230
-1.0
  0
LINE
  5
12F
330
1F
100
AcDbEntity
  8
Whole Simpsons House v1_Sketch18
100
AcDbLine
 10
288.9187950814283
 20
424.6966016382985
 30
1.793760276923793
 11
278.9168395258729
 21
424.6966016382985
 31
1.793760276923793
210
0.0
220
6.123233995736766E-17
230
-1.0
  0
LINE
  5
130
330
1F
100
AcDbEntity
  8
Whole Simpsons House v1_Sketch18
100
AcDbLine
 10
209.8641173036506
 20
424.6966016382985
 30
1.793760276923793
 11
199.8625145258728
 21
424.6966016382985
 31
1.793760276923793
210
0.0
220
6.123233995736766E-17
230
-1.0
  0
LINE
  5
131
330
1F
100
AcDbEntity
  8
Whole Simpsons House v1_Sketch18
100
AcDbLine
 10
225.967011748095
 20
303.3036516382986
 30
1.793760276923785
 11
230.5002061925395
 21
303.3036516382986
 31
1.793760276923785
210
0.0
220
6.123233995736766E-17
230
-1.0
  0
LINE
  5
132
330
1F
100
AcDbEntity
  8
Whole Simpsons House v1_Sketch18
100
AcDbLine
 10
291.9195228592062
 20
303.3036516382986
 30
1.793760276923785
 11
281.9172145258729
 21
303.3036516382986
 31
1.793760276923785
210
0.0
220
6.123233995736766E-17
230
-1.0
  0
LINE
  5
133
330
1F
100
AcDbEntity
  8
Whole Simpsons House v1_Sketch18
100
AcDbLine
 10
203.4844839703173
 20
303.3036516382986
 30
1.793760276923785
 11
208.0180311925395
 21
303.3036516382986
 31
1.793760276923785
210
0.0
220
6.123233995736766E-17
230
-1.0
  0
LINE
  5
134
330
1F
100
AcDbEntity
  8
Whole Simpsons House v1_Sketch18
100
AcDbLine
 10
195.0153478592061
 20
303.3036516382986
 30
1.793760276923785
 11
185.0133923036506
 21
303.3036516382986
 31
1.793760276923785
210
0.0
220
6.123233995736766E-17
230
-1.0
  0
LINE
  5
135
330
1F
100
AcDbEntity
  8
Whole Simpsons House v1_Sketch18
100
AcDbLine
 10
151.8078311925395
 20
303.3036516382986
 30
1.793760276923785
 11
141.8058756369839
 21
303.3036516382986
 31
1.793760276923785
210
0.0
220
6.123233995736766E-17
230
-1.0
  0
LINE
  5
136
330
1F
100
AcDbEntity
  8
Whole Simpsons House v1_Sketch18
100
AcDbLine
 10
248.9712978592062
 20
303.3036516382986
 30
1.793760276923785
 11
238.9693423036506
 21
303.3036516382986
 31
1.793760276923785
210
0.0
220
6.123233995736766E-17
230
-1.0
  0
LINE
  5
137
330
1F
100
AcDbEntity
  8
Whole Simpsons House v1_Sketch18
100
AcDbLine
 10
31.75120341476173
 20
404.6926905271874
 30
1.793760276923792
 11
28.75047563698391
 21
404.6926905271874
 31
1.793760276923792
210
0.0
220
6.123233995736766E-17
230
-1.0
  0
LINE
  5
138
330
1F
100
AcDbEntity
  8
Whole Simpsons House v1_Sketch18
100
AcDbLine
 10
301.9214784147616
 20
404.6926905271874
 30
1.793760276923792
 11
298.9207506369839
 21
404.6926905271874
 31
1.793760276923792
210
0.0
220
6.123233995736766E-17
230
-1.0
  0
LINE
  5
139
330
1F
100
AcDbEntity
  8
Whole Simpsons House v1_Sketch18
100
AcDbLine
 10
131.8039200814283
 20
404.6926905271874
 30
1.793760276923792
 11
128.8035450814284
 21
404.6926905271874
 31
1.793760276923792
210
0.0
220
6.123233995736766E-17
230
-1.0
  0
LINE
  5
13A
330
1F
100
AcDbEntity
  8
Whole Simpsons House v1_Sketch18
100
AcDbLine
 10
160.2452173036506
 20
283.1766210827431
 30
1.793760276923784
 11
161.0248561925395
 21
283.268696082743
 31
1.793760276923784
210
0.0
220
6.123233995736766E-17
230
-1.0
  0
LINE
  5
13B
330
1F
100
AcDbEntity
  8
Whole Simpsons House v1_Sketch18
100
AcDbLine
 10
120.807836748095
 20
427.6973294160763
 30
1.793760276923793
 11
130.8097923036506
 21
427.6973294160763
 31
1.793760276923793
210
0.0
220
6.123233995736766E-17
230
-1.0
  0
LINE
  5
13C
330
1F
100
AcDbEntity
  8
Whole Simpsons House v1_Sketch18
100
AcDbLine
 10
278.9168395258729
 20
427.6973294160763
 30
1.793760276923793
 11
288.9187950814283
 21
427.6973294160763
 31
1.793760276923793
210
0.0
220
6.123233995736766E-17
230
-1.0
  0
LINE
  5
13D
330
1F
100
AcDbEntity
  8
Whole Simpsons House v1_Sketch18
100
AcDbLine
 10
41.75315897031729
 20
427.6973294160763
 30
1.793760276923793
 11
51.75511452587278
 21
427.6973294160763
 31
1.793760276923793
210
0.0
220
6.123233995736766E-17
230
-1.0
  0
LINE
  5
13E
330
1F
100
AcDbEntity
  8
Whole Simpsons House v1_Sketch18
100
AcDbLine
 10
199.8625145258728
 20
427.6973294160763
 30
1.793760276923793
 11
209.8641173036506
 21
427.6973294160763
 31
1.793760276923793
210
0.0
220
6.123233995736766E-17
230
-1.0
  0
LINE
  5
13F
330
1F
100
AcDbEntity
  8
Whole Simpsons House v1_Sketch18
100
AcDbLine
 10
28.75047563698391
 20
289.9802933049652
 30
1.793760276923785
 11
31.75120341476173
 21
289.9802933049652
 31
1.793760276923785
210
0.0
220
6.123233995736766E-17
230
-1.0
  0
LINE
  5
140
330
1F
100
AcDbEntity
  8
Whole Simpsons House v1_Sketch18
100
AcDbLine
 10
128.8035450814284
 20
289.9802933049652
 30
1.793760276923785
 11
131.8039200814283
 21
289.9802933049652
 31
1.793760276923785
210
0.0
220
6.123233995736766E-17
230
-1.0
  0
LINE
  5
141
330
1F
100
AcDbEntity
  8
Whole Simpsons House v1_Sketch18
100
AcDbLine
 10
298.9207506369839
 20
326.3079377494097
 30
1.793760276923787
 11
301.9214784147616
 21
326.3079377494097
 31
1.793760276923787
210
0.0
220
6.123233995736766E-17
230
-1.0
  0
LINE
  5
142
330
1F
100
AcDbEntity
  8
Whole Simpsons House v1_Sketch18
100
AcDbLine
 10
281.9172145258729
 20
306.3040266382985
 30
1.793760276923786
 11
291.9195228592062
 21
306.3040266382985
 31
1.793760276923786
210
0.0
220
6.123233995736766E-17
230
-1.0
  0
LINE
  5
143
330
1F
100
AcDbEntity
  8
Whole Simpsons House v1_Sketch18
100
AcDbLine
 10
238.9693423036506
 20
306.3040266382985
 30
1.793760276923786
 11
248.9712978592062
 21
306.3040266382985
 31
1.793760276923786
210
0.0
220
6.123233995736766E-17
230
-1.0
  0
LINE
  5
144
330
1F
100
AcDbEntity
  8
Whole Simpsons House v1_Sketch18
100
AcDbLine
 10
185.0133923036506
 20
306.3040266382985
 30
1.793760276923786
 11
195.0153478592061
 21
306.3040266382985
 31
1.793760276923786
210
0.0
220
6.123233995736766E-17
230
-1.0
  0
LINE
  5
145
330
1F
100
AcDbEntity
  8
Whole Simpsons House v1_Sketch18
100
AcDbLine
 10
141.8058756369839
 20
306.3040266382985
 30
1.793760276923786
 11
151.8078311925395
 21
306.3040266382985
 31
1.793760276923786
210
0.0
220
6.123233995736766E-17
230
-1.0
  0
LINE
  5
146
330
1F
100
AcDbEntity
  8
Whole Simpsons House v1_Sketch18
100
AcDbLine
 10
298.9207506369839
 20
414.694646082743
 30
1.793760276923792
 11
301.9214784147616
 21
414.694646082743
 31
1.793760276923792
210
0.0
220
6.123233995736766E-17
230
-1.0
  0
LINE
  5
147
330
1F
100
AcDbEntity
  8
Whole Simpsons House v1_Sketch18
100
AcDbLine
 10
128.8035450814284
 20
414.694646082743
 30
1.793760276923792
 11
131.8039200814283
 21
414.694646082743
 31
1.793760276923792
210
0.0
220
6.123233995736766E-17
230
-1.0
  0
LINE
  5
148
330
1F
100
AcDbEntity
  8
Whole Simpsons House v1_Sketch18
100
AcDbLine
 10
28.75047563698391
 20
414.694646082743
 30
1.793760276923792
 11
31.75120341476173
 21
414.694646082743
 31
1.793760276923792
210
0.0
220
6.123233995736766E-17
230
-1.0
  0
LINE
  5
149
330
1F
100
AcDbEntity
  8
Whole Simpsons House v1_Sketch18
100
AcDbLine
 10
17.18395063698391
 20
250.0955905271875
 30
1.793760276923782
 11
17.96394230365051
 21
250.0035155271874
 31
1.793760276923782
210
0.0
220
6.123233995736766E-17
230
-1.0
  0
LINE
  5
14A
330
1F
100
AcDbEntity
  8
Whole Simpsons House v1_Sketch18
100
AcDbLine
 10
208.0180311925395
 20
300.3029238605208
 30
1.793760276923785
 11
203.4844839703173
 21
300.3029238605208
 31
1.793760276923785
210
0.0
220
6.123233995736766E-17
230
-1.0
  0
LINE
  5
14B
330
1F
100
AcDbEntity
  8
Whole Simpsons House v1_Sketch18
100
AcDbLine
 10
230.5002061925395
 20
300.3029238605208
 30
1.793760276923785
 11
225.967011748095
 21
300.3029238605208
 31
1.793760276923785
210
0.0
220
6.123233995736766E-17
230
-1.0
  0
LINE
  5
14C
330
1F
100
AcDbEntity
  8
Whole Simpsons House v1_Sketch18
100
AcDbLine
 10
298.9207506369839
 20
370.5011155271874
 30
1.79376027692379
 11
301.9214784147616
 21
370.5011155271874
 31
1.79376027692379
210
0.0
220
6.123233995736766E-17
230
-1.0
  0
LINE
  5
14D
330
1F
100
AcDbEntity
  8
Whole Simpsons House v1_Sketch18
100
AcDbLine
 10
131.8039200814283
 20
279.9783377494097
 30
1.793760276923784
 11
128.8035450814284
 21
279.9783377494097
 31
1.793760276923784
210
0.0
220
6.123233995736766E-17
230
-1.0
  0
LINE
  5
14E
330
1F
100
AcDbEntity
  8
Whole Simpsons House v1_Sketch18
100
AcDbLine
 10
31.75120341476173
 20
279.9783377494097
 30
1.793760276923784
 11
28.75047563698391
 21
279.9783377494097
 31
1.793760276923784
210
0.0
220
6.123233995736766E-17
230
-1.0
  0
LINE
  5
14F
330
1F
100
AcDbEntity
  8
Whole Simpsons House v1_Sketch18
100
AcDbLine
 10
31.75120341476173
 20
342.3356905271874
 30
1.793760276923788
 11
28.75047563698391
 21
342.3356905271874
 31
1.793760276923788
210
0.0
220
6.123233995736766E-17
230
-1.0
  0
LINE
  5
150
330
1F
100
AcDbEntity
  8
Whole Simpsons House v1_Sketch18
100
AcDbLine
 10
131.8039200814283
 20
342.3356905271874
 30
1.793760276923788
 11
128.8035450814284
 21
342.3356905271874
 31
1.793760276923788
210
0.0
220
6.123233995736766E-17
230
-1.0
  0
LINE
  5
151
330
1F
100
AcDbEntity
  8
Whole Simpsons House v1_Sketch18
100
AcDbLine
 10
128.8035450814284
 20
352.3376460827429
 30
1.793760276923789
 11
131.8039200814283
 21
352.3376460827429
 31
1.793760276923789
210
0.0
220
6.123233995736766E-17
230
-1.0
  0
LINE
  5
152
330
1F
100
AcDbEntity
  8
Whole Simpsons House v1_Sketch18
100
AcDbLine
 10
28.75047563698391
 20
352.3376460827429
 30
1.793760276923789
 11
31.75120341476173
 21
352.3376460827429
 31
1.793760276923789
210
0.0
220
6.123233995736766E-17
230
-1.0
  0
LINE
  5
153
330
1F
100
AcDbEntity
  8
Whole Simpsons House v1_Sketch18
100
AcDbLine
 10
301.9214784147616
 20
316.3063349716319
 30
1.793760276923786
 11
298.9207506369839
 21
316.3063349716319
 31
1.793760276923786
210
0.0
220
6.123233995736766E-17
230
-1.0
  0
LINE
  5
154
330
1F
100
AcDbEntity
  8
Whole Simpsons House v1_Sketch18
100
AcDbLine
 10
301.9214784147616
 20
360.4991599716319
 30
1.793760276923789
 11
298.9207506369839
 21
360.4991599716319
 31
1.793760276923789
210
0.0
220
6.123233995736766E-17
230
-1.0
  0
LINE
  5
156
330
1F
100
AcDbEntity
  8
Whole Simpsons House v1_Sketch15
100
AcDbLine
 10
533.4145886014245
 20
368.2233711893054
 30
1.793760276923789
 11
533.4145886014245
 21
359.8441934115278
 31
1.793760276923789
210
0.0
220
6.123233995736766E-17
230
-1.0
  0
LINE
  5
157
330
1F
100
AcDbEntity
  8
Whole Simpsons House v1_Sketch15
100
AcDbLine
 10
334.6588830458689
 20
427.7366295226389
 30
1.793760276923793
 11
334.6588830458689
 21
244.3775573004167
 31
1.793760276923782
210
0.0
220
6.123233995736766E-17
230
-1.0
  0
LINE
  5
158
330
1F
100
AcDbEntity
  8
Whole Simpsons House v1_Sketch15
100
AcDbLine
 10
430.0334136014245
 20
322.86461563375
 30
1.793760276923787
 11
430.0334136014245
 21
312.8626600781944
 31
1.793760276923786
210
0.0
220
6.123233995736766E-17
230
-1.0
  0
LINE
  5
159
330
1F
100
AcDbEntity
  8
Whole Simpsons House v1_Sketch15
100
AcDbLine
 10
607.7653274903133
 20
299.0524684115278
 30
1.793760276923785
 11
607.7653274903133
 21
278.1789600781943
 31
1.793760276923784
210
0.0
220
6.123233995736766E-17
230
-1.0
  0
LINE
  5
15A
330
1F
100
AcDbEntity
  8
Whole Simpsons House v1_Sketch15
100
AcDbLine
 10
504.8508774903135
 20
281.2696461893056
 30
1.793760276923784
 11
505.7211802680911
 21
282.5721017448611
 31
1.793760276923784
210
0.0
220
6.123233995736766E-17
230
-1.0
  0
LINE
  5
15B
330
1F
100
AcDbEntity
  8
Whole Simpsons House v1_Sketch15
100
AcDbLine
 10
395.2230663792022
 20
452.3675739670833
 30
1.793760276923795
 11
395.2230663792022
 21
450.3673239670833
 31
1.793760276923795
210
0.0
220
6.123233995736766E-17
230
-1.0
  0
LINE
  5
15C
330
1F
100
AcDbEntity
  8
Whole Simpsons House v1_Sketch15
100
AcDbLine
 10
544.9599469347578
 20
435.270551744861
 30
1.793760276923794
 11
540.0679774903134
 21
426.5463573004166
 31
1.793760276923793
210
0.0
220
6.123233995736766E-17
230
-1.0
  0
LINE
  5
15D
330
1F
100
AcDbEntity
  8
Whole Simpsons House v1_Sketch15
100
AcDbLine
 10
536.62839415698
 20
432.4465656337499
 30
1.793760276923793
 11
536.62839415698
 21
442.4485211893056
 31
1.793760276923794
210
0.0
220
6.123233995736766E-17
230
-1.0
  0
LINE
  5
15E
330
1F
100
AcDbEntity
  8
Whole Simpsons House v1_Sketch15
100
AcDbLine
 10
533.6276663792023
 20
422.4446100781943
 30
1.793760276923793
 11
533.6276663792023
 21
432.4465656337499
 31
1.793760276923793
210
0.0
220
6.123233995736766E-17
230
-1.0
  0
LINE
  5
15F
330
1F
100
AcDbEntity
  8
Whole Simpsons House v1_Sketch15
100
AcDbLine
 10
401.2241691569801
 20
457.3290406337499
 30
1.793760276923795
 11
401.2241691569801
 21
478.8692989670834
 31
1.793760276923796
210
0.0
220
6.123233995736766E-17
230
-1.0
  0
LINE
  5
160
330
1F
100
AcDbEntity
  8
Whole Simpsons House v1_Sketch15
100
AcDbLine
 10
600.1506191569799
 20
245.7886684115278
 30
1.793760276923782
 11
600.1506191569799
 21
255.7902711893055
 31
1.793760276923783
210
0.0
220
6.123233995736766E-17
230
-1.0
  0
LINE
  5
161
330
1F
100
AcDbEntity
  8
Whole Simpsons House v1_Sketch15
100
AcDbLine
 10
412.1920302680912
 20
454.8550100781944
 30
1.793760276923795
 11
411.5803136014246
 21
455.5711489670833
 31
1.793760276923795
210
0.0
220
6.123233995736766E-17
230
-1.0
  0
LINE
  5
162
330
1F
100
AcDbEntity
  8
Whole Simpsons House v1_Sketch15
100
AcDbLine
 10
659.2324302680912
 20
375.0912489670833
 30
1.79376027692379
 11
659.2324302680912
 21
390.3594711893055
 31
1.793760276923791
210
0.0
220
6.123233995736766E-17
230
-1.0
  0
LINE
  5
163
330
1F
100
AcDbEntity
  8
Whole Simpsons House v1_Sketch15
100
AcDbLine
 10
526.7887163792024
 20
278.3814545226389
 30
1.793760276923784
 11
527.0942219347579
 21
276.8451073004167
 31
1.793760276923784
210
0.0
220
6.123233995736766E-17
230
-1.0
  0
LINE
  5
164
330
1F
100
AcDbEntity
  8
Whole Simpsons House v1_Sketch15
100
AcDbLine
 10
608.7100663792021
 20
472.7203823004166
 30
1.793760276923796
 11
608.7100663792021
 21
475.7211100781944
 31
1.793760276923796
210
0.0
220
6.123233995736766E-17
230
-1.0
  0
LINE
  5
165
330
1F
100
AcDbEntity
  8
Whole Simpsons House v1_Sketch15
100
AcDbLine
 10
527.196880268091
 20
275.2819489670833
 30
1.793760276923784
 11
527.196880268091
 21
245.7886684115278
 31
1.793760276923782
210
0.0
220
6.123233995736766E-17
230
-1.0
  0
LINE
  5
166
330
1F
100
AcDbEntity
  8
Whole Simpsons House v1_Sketch15
100
AcDbLine
 10
411.5803136014246
 20
455.5711489670833
 30
1.793760276923795
 11
410.8645274903134
 21
456.18286563375
 31
1.793760276923795
210
0.0
220
6.123233995736766E-17
230
-1.0
  0
LINE
  5
167
330
1F
100
AcDbEntity
  8
Whole Simpsons House v1_Sketch15
100
AcDbLine
 10
505.7211802680911
 20
282.5721017448611
 30
1.793760276923784
 11
506.7541136014245
 21
283.7500267448611
 31
1.793760276923784
210
0.0
220
6.123233995736766E-17
230
-1.0
  0
LINE
  5
168
330
1F
100
AcDbEntity
  8
Whole Simpsons House v1_Sketch15
100
AcDbLine
 10
506.7541136014245
 20
283.7500267448611
 30
1.793760276923784
 11
507.9316858236467
 21
284.7826073004167
 31
1.793760276923784
210
0.0
220
6.123233995736766E-17
230
-1.0
  0
LINE
  5
169
330
1F
100
AcDbEntity
  8
Whole Simpsons House v1_Sketch15
100
AcDbLine
 10
525.5924469347578
 20
281.2696461893056
 30
1.793760276923784
 11
526.2853024903134
 21
279.8648850781944
 31
1.793760276923784
210
0.0
220
6.123233995736766E-17
230
-1.0
  0
LINE
  5
16A
330
1F
100
AcDbEntity
  8
Whole Simpsons House v1_Sketch15
100
AcDbLine
 10
450.2966163792023
 20
242.78794063375
 30
1.793760276923782
 11
450.2966163792023
 21
245.7886684115278
 31
1.793760276923782
210
0.0
220
6.123233995736766E-17
230
-1.0
  0
LINE
  5
16B
330
1F
100
AcDbEntity
  8
Whole Simpsons House v1_Sketch15
100
AcDbLine
 10
662.2328052680912
 20
452.7168239670833
 30
1.793760276923795
 11
662.2328052680912
 21
462.7187795226388
 31
1.793760276923795
210
0.0
220
6.123233995736766E-17
230
-1.0
  0
LINE
  5
16C
330
1F
100
AcDbEntity
  8
Whole Simpsons House v1_Sketch15
100
AcDbLine
 10
429.6231330458689
 20
479.6930350781944
 30
1.793760276923796
 11
429.6231330458689
 21
422.4446100781943
 31
1.793760276923793
210
0.0
220
6.123233995736766E-17
230
-1.0
  0
LINE
  5
16D
330
1F
100
AcDbEntity
  8
Whole Simpsons House v1_Sketch15
100
AcDbLine
 10
512.1223330458688
 20
286.8491795226388
 30
1.793760276923785
 11
513.6586802680912
 21
287.1550378559722
 31
1.793760276923785
210
0.0
220
6.123233995736766E-17
230
-1.0
  0
LINE
  5
16E
330
1F
100
AcDbEntity
  8
Whole Simpsons House v1_Sketch15
100
AcDbLine
 10
521.2091830458688
 20
285.6529100781943
 30
1.793760276923784
 11
522.5116386014246
 21
284.7826073004167
 31
1.793760276923784
210
0.0
220
6.123233995736766E-17
230
-1.0
  0
LINE
  5
16F
330
1F
100
AcDbEntity
  8
Whole Simpsons House v1_Sketch15
100
AcDbLine
 10
564.5070108236467
 20
463.9965406337499
 30
1.793760276923795
 11
561.8897524903135
 21
465.4637434115278
 31
1.793760276923795
210
0.0
220
6.123233995736766E-17
230
-1.0
  0
LINE
  5
170
330
1F
100
AcDbEntity
  8
Whole Simpsons House v1_Sketch15
100
AcDbLine
 10
394.9715358236467
 20
476.1592600781944
 30
1.793760276923796
 11
392.7917219347578
 21
478.2212461893055
 31
1.793760276923796
210
0.0
220
6.123233995736766E-17
230
-1.0
  0
LINE
  5
171
330
1F
100
AcDbEntity
  8
Whole Simpsons House v1_Sketch15
100
AcDbLine
 10
503.24644415698
 20
245.7886684115278
 30
1.793760276923782
 11
503.24644415698
 21
275.2819489670833
 31
1.793760276923784
210
0.0
220
6.123233995736766E-17
230
-1.0
  0
LINE
  5
172
330
1F
100
AcDbEntity
  8
Whole Simpsons House v1_Sketch15
100
AcDbLine
 10
430.0334136014245
 20
280.1485184115278
 30
1.793760276923784
 11
430.0334136014245
 21
265.7922267448611
 31
1.793760276923783
210
0.0
220
6.123233995736766E-17
230
-1.0
  0
LINE
  5
173
330
1F
100
AcDbEntity
  8
Whole Simpsons House v1_Sketch15
100
AcDbLine
 10
345.2372774903134
 20
421.7355267448611
 30
1.793760276923793
 11
345.2372774903134
 21
427.7366295226389
 31
1.793760276923793
210
0.0
220
6.123233995736766E-17
230
-1.0
  0
LINE
  5
174
330
1F
100
AcDbEntity
  8
Whole Simpsons House v1_Sketch15
100
AcDbLine
 10
503.6546080458689
 20
278.3814545226389
 30
1.793760276923784
 11
504.1580219347578
 21
279.8648850781944
 31
1.793760276923784
210
0.0
220
6.123233995736766E-17
230
-1.0
  0
LINE
  5
175
330
1F
100
AcDbEntity
  8
Whole Simpsons House v1_Sketch15
100
AcDbLine
 10
533.6276663792023
 20
469.6910795226388
 30
1.793760276923796
 11
533.6276663792023
 21
479.6930350781944
 31
1.793760276923796
210
0.0
220
6.123233995736766E-17
230
-1.0
  0
LINE
  5
176
330
1F
100
AcDbEntity
  8
Whole Simpsons House v1_Sketch15
100
AcDbLine
 10
537.7936191569801
 20
416.3549600781944
 30
1.793760276923792
 11
542.4665136014245
 21
407.511526744861
 31
1.793760276923792
210
0.0
220
6.123233995736766E-17
230
-1.0
  0
LINE
  5
177
330
1F
100
AcDbEntity
  8
Whole Simpsons House v1_Sketch15
100
AcDbLine
 10
427.0326858236467
 20
284.7247517448611
 30
1.793760276923784
 11
434.0039274903134
 21
281.6940378559722
 31
1.793760276923784
210
0.0
220
6.123233995736766E-17
230
-1.0
  0
LINE
  5
178
330
1F
100
AcDbEntity
  8
Whole Simpsons House v1_Sketch15
100
AcDbLine
 10
537.1988358236467
 20
245.7886684115278
 30
1.793760276923782
 11
537.1988358236467
 21
242.78794063375
 31
1.793760276923782
210
0.0
220
6.123233995736766E-17
230
-1.0
  0
LINE
  5
179
330
1F
100
AcDbEntity
  8
Whole Simpsons House v1_Sketch15
100
AcDbLine
 10
533.4145886014245
 20
393.8861906337499
 30
1.793760276923791
 11
533.4145886014245
 21
378.2253267448611
 31
1.79376027692379
210
0.0
220
6.123233995736766E-17
230
-1.0
  0
LINE
  5
17A
330
1F
100
AcDbEntity
  8
Whole Simpsons House v1_Sketch15
100
AcDbLine
 10
523.6895636014245
 20
283.7500267448611
 30
1.793760276923784
 11
524.72214415698
 21
282.5721017448611
 31
1.793760276923784
210
0.0
220
6.123233995736766E-17
230
-1.0
  0
LINE
  5
17B
330
1F
100
AcDbEntity
  8
Whole Simpsons House v1_Sketch15
100
AcDbLine
 10
524.72214415698
 20
282.5721017448611
 30
1.793760276923784
 11
525.5924469347578
 21
281.2696461893056
 31
1.793760276923784
210
0.0
220
6.123233995736766E-17
230
-1.0
  0
LINE
  5
17C
330
1F
100
AcDbEntity
  8
Whole Simpsons House v1_Sketch15
100
AcDbLine
 10
639.2285191569799
 20
475.7211100781944
 30
1.793760276923796
 11
639.2285191569799
 21
472.7203823004166
 31
1.793760276923796
210
0.0
220
6.123233995736766E-17
230
-1.0
  0
LINE
  5
17D
330
1F
100
AcDbEntity
  8
Whole Simpsons House v1_Sketch15
100
AcDbLine
 10
533.4145886014245
 20
413.8897489670833
 30
1.793760276923792
 11
533.4145886014245
 21
403.8877934115278
 31
1.793760276923792
210
0.0
220
6.123233995736766E-17
230
-1.0
  0
LINE
  5
17E
330
1F
100
AcDbEntity
  8
Whole Simpsons House v1_Sketch15
100
AcDbLine
 10
395.2230663792022
 20
473.2527239670833
 30
1.793760276923796
 11
395.2230663792022
 21
471.2524739670833
 31
1.793760276923796
210
0.0
220
6.123233995736766E-17
230
-1.0
  0
LINE
  5
17F
330
1F
100
AcDbEntity
  8
Whole Simpsons House v1_Sketch15
100
AcDbLine
 10
649.2304747125357
 20
472.7203823004166
 30
1.793760276923796
 11
649.2304747125357
 21
475.7211100781944
 31
1.793760276923796
210
0.0
220
6.123233995736766E-17
230
-1.0
  0
LINE
  5
180
330
1F
100
AcDbEntity
  8
Whole Simpsons House v1_Sketch15
100
AcDbLine
 10
410.8645274903134
 20
456.18286563375
 30
1.793760276923795
 11
410.0616052680912
 21
456.67499063375
 31
1.793760276923795
210
0.0
220
6.123233995736766E-17
230
-1.0
  0
LINE
  5
181
330
1F
100
AcDbEntity
  8
Whole Simpsons House v1_Sketch15
100
AcDbLine
 10
536.4153163792024
 20
359.8441934115278
 30
1.793760276923789
 11
536.4153163792024
 21
349.8422378559721
 31
1.793760276923788
210
0.0
220
6.123233995736766E-17
230
-1.0
  0
LINE
  5
182
330
1F
100
AcDbEntity
  8
Whole Simpsons House v1_Sketch15
100
AcDbLine
 10
598.7081108236467
 20
475.7211100781944
 30
1.793760276923796
 11
598.7081108236467
 21
472.7203823004166
 31
1.793760276923796
210
0.0
220
6.123233995736766E-17
230
-1.0
  0
LINE
  5
183
330
1F
100
AcDbEntity
  8
Whole Simpsons House v1_Sketch15
100
AcDbLine
 10
522.5116386014246
 20
284.7826073004167
 30
1.793760276923784
 11
523.6895636014245
 21
283.7500267448611
 31
1.793760276923784
210
0.0
220
6.123233995736766E-17
230
-1.0
  0
LINE
  5
184
330
1F
100
AcDbEntity
  8
Whole Simpsons House v1_Sketch15
100
AcDbLine
 10
542.4665136014245
 20
407.511526744861
 30
1.793760276923792
 11
539.8136247125356
 21
406.1095878559722
 31
1.793760276923792
210
0.0
220
6.123233995736766E-17
230
-1.0
  0
LINE
  5
185
330
1F
100
AcDbEntity
  8
Whole Simpsons House v1_Sketch15
100
AcDbLine
 10
624.8725802680912
 20
354.3281600781943
 30
1.793760276923789
 11
624.8725802680912
 21
318.00051563375
 31
1.793760276923786
210
0.0
220
6.123233995736766E-17
230
-1.0
  0
LINE
  5
186
330
1F
100
AcDbEntity
  8
Whole Simpsons House v1_Sketch15
100
AcDbLine
 10
536.4153163792024
 20
403.8877934115278
 30
1.793760276923792
 11
536.4153163792024
 21
393.8861906337499
 31
1.793760276923791
210
0.0
220
6.123233995736766E-17
230
-1.0
  0
LINE
  5
187
330
1F
100
AcDbEntity
  8
Whole Simpsons House v1_Sketch15
100
AcDbLine
 10
432.8076580458689
 20
278.9423711893056
 30
1.793760276923784
 11
430.0334136014245
 21
280.1485184115278
 31
1.793760276923784
210
0.0
220
6.123233995736766E-17
230
-1.0
  0
LINE
  5
188
330
1F
100
AcDbEntity
  8
Whole Simpsons House v1_Sketch15
100
AcDbLine
 10
536.4153163792024
 20
378.2253267448611
 30
1.79376027692379
 11
536.4153163792024
 21
368.2233711893054
 31
1.793760276923789
210
0.0
220
6.123233995736766E-17
230
-1.0
  0
LINE
  5
189
330
1F
100
AcDbEntity
  8
Whole Simpsons House v1_Sketch15
100
AcDbLine
 10
544.4861663792022
 20
397.2665073004166
 30
1.793760276923791
 11
547.1390552680912
 21
398.6684461893055
 31
1.793760276923791
210
0.0
220
6.123233995736766E-17
230
-1.0
  0
LINE
  5
18A
330
1F
100
AcDbEntity
  8
Whole Simpsons House v1_Sketch15
100
AcDbLine
 10
580.1467080458689
 20
245.7886684115278
 30
1.793760276923782
 11
580.1467080458689
 21
242.78794063375
 31
1.793760276923782
210
0.0
220
6.123233995736766E-17
230
-1.0
  0
LINE
  5
18B
330
1F
100
AcDbEntity
  8
Whole Simpsons House v1_Sketch15
100
AcDbLine
 10
427.3604163792023
 20
339.8406350781943
 30
1.793760276923788
 11
427.3604163792023
 21
413.8897489670833
 31
1.793760276923792
210
0.0
220
6.123233995736766E-17
230
-1.0
  0
LINE
  5
18C
330
1F
100
AcDbEntity
  8
Whole Simpsons House v1_Sketch15
100
AcDbLine
 10
547.5772052680911
 20
433.8029961893055
 30
1.793760276923793
 11
544.9599469347578
 21
435.270551744861
 31
1.793760276923794
210
0.0
220
6.123233995736766E-17
230
-1.0
  0
LINE
  5
18D
330
1F
100
AcDbEntity
  8
Whole Simpsons House v1_Sketch15
100
AcDbLine
 10
561.2230024903133
 20
372.0146739670832
 30
1.79376027692379
 11
558.5306024903134
 21
370.5919211893054
 31
1.79376027692379
210
0.0
220
6.123233995736766E-17
230
-1.0
  0
LINE
  5
18E
330
1F
100
AcDbEntity
  8
Whole Simpsons House v1_Sketch15
100
AcDbLine
 10
392.7917219347578
 20
478.2212461893055
 30
1.793760276923796
 11
390.0425247125356
 21
475.3147100781944
 31
1.793760276923796
210
0.0
220
6.123233995736766E-17
230
-1.0
  0
LINE
  5
18F
330
1F
100
AcDbEntity
  8
Whole Simpsons House v1_Sketch15
100
AcDbLine
 10
592.1580858236467
 20
351.3277850781943
 30
1.793760276923788
 11
592.1580858236467
 21
354.3281600781943
 31
1.793760276923789
210
0.0
220
6.123233995736766E-17
230
-1.0
  0
LINE
  5
190
330
1F
100
AcDbEntity
  8
Whole Simpsons House v1_Sketch15
100
AcDbLine
 10
647.6193386014245
 20
250.2393128559722
 30
1.793760276923782
 11
647.6193386014245
 21
271.1124684115279
 31
1.793760276923783
210
0.0
220
6.123233995736766E-17
230
-1.0
  0
LINE
  5
191
330
1F
100
AcDbEntity
  8
Whole Simpsons House v1_Sketch15
100
AcDbLine
 10
634.8745358236467
 20
318.00051563375
 30
1.793760276923786
 11
634.8745358236467
 21
321.00089063375
 31
1.793760276923787
210
0.0
220
6.123233995736766E-17
230
-1.0
  0
LINE
  5
192
330
1F
100
AcDbEntity
  8
Whole Simpsons House v1_Sketch15
100
AcDbLine
 10
410.0616052680912
 20
456.67499063375
 30
1.793760276923795
 11
409.1913024903134
 21
457.0351767448611
 31
1.793760276923795
210
0.0
220
6.123233995736766E-17
230
-1.0
  0
LINE
  5
193
330
1F
100
AcDbEntity
  8
Whole Simpsons House v1_Sketch15
100
AcDbLine
 10
556.9981358236466
 20
456.7399017448611
 30
1.793760276923795
 11
559.6153941569801
 21
455.2723461893056
 31
1.793760276923795
210
0.0
220
6.123233995736766E-17
230
-1.0
  0
LINE
  5
194
330
1F
100
AcDbEntity
  8
Whole Simpsons House v1_Sketch15
100
AcDbLine
 10
649.2304747125357
 20
321.00089063375
 30
1.793760276923787
 11
649.2304747125357
 21
318.0001628559722
 31
1.793760276923786
210
0.0
220
6.123233995736766E-17
230
-1.0
  0
LINE
  5
195
330
1F
100
AcDbEntity
  8
Whole Simpsons House v1_Sketch15
100
AcDbLine
 10
659.2324302680912
 20
338.0040739670832
 30
1.793760276923788
 11
659.2324302680912
 21
372.0908739670832
 31
1.79376027692379
210
0.0
220
6.123233995736766E-17
230
-1.0
  0
LINE
  5
196
330
1F
100
AcDbEntity
  8
Whole Simpsons House v1_Sketch15
100
AcDbLine
 10
519.8044219347579
 20
286.34576563375
 30
1.793760276923784
 11
521.2091830458688
 21
285.6529100781943
 31
1.793760276923784
210
0.0
220
6.123233995736766E-17
230
-1.0
  0
LINE
  5
197
330
1F
100
AcDbEntity
  8
Whole Simpsons House v1_Sketch15
100
AcDbLine
 10
582.1561302680911
 20
354.3281600781943
 30
1.793760276923789
 11
582.1561302680911
 21
351.3277850781943
 31
1.793760276923788
210
0.0
220
6.123233995736766E-17
230
-1.0
  0
LINE
  5
198
330
1F
100
AcDbEntity
  8
Whole Simpsons House v1_Sketch15
100
AcDbLine
 10
659.2324302680912
 20
318.0001628559722
 30
1.793760276923786
 11
659.2324302680912
 21
328.0021184115277
 31
1.793760276923787
210
0.0
220
6.123233995736766E-17
230
-1.0
  0
LINE
  5
199
330
1F
100
AcDbEntity
  8
Whole Simpsons House v1_Sketch15
100
AcDbLine
 10
565.8958969347578
 20
363.1712406337499
 30
1.793760276923789
 11
570.5687913792025
 21
354.3281600781943
 31
1.793760276923789
210
0.0
220
6.123233995736766E-17
230
-1.0
  0
LINE
  5
19A
330
1F
100
AcDbEntity
  8
Whole Simpsons House v1_Sketch15
100
AcDbLine
 10
515.2218386014246
 20
287.2573434115278
 30
1.793760276923785
 11
516.78464415698
 21
287.1550378559722
 31
1.793760276923785
210
0.0
220
6.123233995736766E-17
230
-1.0
  0
LINE
  5
19B
330
1F
100
AcDbEntity
  8
Whole Simpsons House v1_Sketch15
100
AcDbLine
 10
390.0425247125356
 20
475.3147100781944
 30
1.793760276923796
 11
392.2223386014246
 21
473.2527239670833
 31
1.793760276923796
210
0.0
220
6.123233995736766E-17
230
-1.0
  0
LINE
  5
19C
330
1F
100
AcDbEntity
  8
Whole Simpsons House v1_Sketch15
100
AcDbLine
 10
409.1913024903134
 20
457.0351767448611
 30
1.793760276923795
 11
408.27584415698
 21
457.2549573004166
 31
1.793760276923795
210
0.0
220
6.123233995736766E-17
230
-1.0
  0
LINE
  5
19D
330
1F
100
AcDbEntity
  8
Whole Simpsons House v1_Sketch15
100
AcDbLine
 10
542.6852358236467
 20
425.0791545226388
 30
1.793760276923793
 11
537.7936191569801
 21
416.3549600781944
 31
1.793760276923792
210
0.0
220
6.123233995736766E-17
230
-1.0
  0
LINE
  5
19E
330
1F
100
AcDbEntity
  8
Whole Simpsons House v1_Sketch15
100
AcDbLine
 10
427.0326858236467
 20
265.7922267448611
 30
1.793760276923783
 11
427.0326858236467
 21
255.7902711893055
 31
1.793760276923783
210
0.0
220
6.123233995736766E-17
230
-1.0
  0
LINE
  5
19F
330
1F
100
AcDbEntity
  8
Whole Simpsons House v1_Sketch15
100
AcDbLine
 10
430.0334136014245
 20
255.7902711893055
 30
1.793760276923783
 11
430.0334136014245
 21
245.7886684115278
 31
1.793760276923782
210
0.0
220
6.123233995736766E-17
230
-1.0
  0
LINE
  5
1A0
330
1F
100
AcDbEntity
  8
Whole Simpsons House v1_Sketch15
100
AcDbLine
 10
597.1502441569801
 20
312.8626600781944
 30
1.793760276923786
 11
597.1502441569801
 21
322.86461563375
 31
1.793760276923787
210
0.0
220
6.123233995736766E-17
230
-1.0
  0
LINE
  5
1A1
330
1F
100
AcDbEntity
  8
Whole Simpsons House v1_Sketch15
100
AcDbLine
 10
421.4499774903134
 20
244.3775573004167
 30
1.793760276923782
 11
421.4499774903134
 21
427.7366295226389
 31
1.793760276923793
210
0.0
220
6.123233995736766E-17
230
-1.0
  0
LINE
  5
1A2
330
1F
100
AcDbEntity
  8
Whole Simpsons House v1_Sketch15
100
AcDbLine
 10
412.6841552680912
 20
454.0520878559722
 30
1.793760276923795
 11
412.1920302680912
 21
454.8550100781944
 31
1.793760276923795
210
0.0
220
6.123233995736766E-17
230
-1.0
  0
LINE
  5
1A3
330
1F
100
AcDbEntity
  8
Whole Simpsons House v1_Sketch15
100
AcDbLine
 10
597.1502441569801
 20
255.7902711893055
 30
1.793760276923783
 11
597.1502441569801
 21
265.7922267448611
 31
1.793760276923783
210
0.0
220
6.123233995736766E-17
230
-1.0
  0
LINE
  5
1A4
330
1F
100
AcDbEntity
  8
Whole Simpsons House v1_Sketch15
100
AcDbLine
 10
504.1580219347578
 20
279.8648850781944
 30
1.793760276923784
 11
504.8508774903135
 21
281.2696461893056
 31
1.793760276923784
210
0.0
220
6.123233995736766E-17
230
-1.0
  0
LINE
  5
1A5
330
1F
100
AcDbEntity
  8
Whole Simpsons House v1_Sketch15
100
AcDbLine
 10
483.2428858236466
 20
245.7886684115278
 30
1.793760276923782
 11
483.2428858236466
 21
242.78794063375
 31
1.793760276923782
210
0.0
220
6.123233995736766E-17
230
-1.0
  0
LINE
  5
1A6
330
1F
100
AcDbEntity
  8
Whole Simpsons House v1_Sketch15
100
AcDbLine
 10
540.0679774903134
 20
426.5463573004166
 30
1.793760276923793
 11
542.6852358236467
 21
425.0791545226388
 31
1.793760276923793
210
0.0
220
6.123233995736766E-17
230
-1.0
  0
LINE
  5
1A7
330
1F
100
AcDbEntity
  8
Whole Simpsons House v1_Sketch15
100
AcDbLine
 10
590.1486636014245
 20
242.78794063375
 30
1.793760276923782
 11
590.1486636014245
 21
245.7886684115278
 31
1.793760276923782
210
0.0
220
6.123233995736766E-17
230
-1.0
  0
LINE
  5
1A8
330
1F
100
AcDbEntity
  8
Whole Simpsons House v1_Sketch15
100
AcDbLine
 10
620.2959941569801
 20
372.0908739670832
 30
1.79376027692379
 11
620.2959941569801
 21
375.0912489670833
 31
1.79376027692379
210
0.0
220
6.123233995736766E-17
230
-1.0
  0
LINE
  5
1A9
330
1F
100
AcDbEntity
  8
Whole Simpsons House v1_Sketch15
100
AcDbLine
 10
395.2230663792022
 20
466.2910073004167
 30
1.793760276923795
 11
395.2230663792022
 21
464.2904045226388
 31
1.793760276923795
210
0.0
220
6.123233995736766E-17
230
-1.0
  0
LINE
  5
1AA
330
1F
100
AcDbEntity
  8
Whole Simpsons House v1_Sketch15
100
AcDbLine
 10
413.0443413792023
 20
453.1821378559722
 30
1.793760276923795
 11
412.6841552680912
 21
454.0520878559722
 31
1.793760276923795
210
0.0
220
6.123233995736766E-17
230
-1.0
  0
LINE
  5
1AB
330
1F
100
AcDbEntity
  8
Whole Simpsons House v1_Sketch15
100
AcDbLine
 10
436.3622469347578
 20
339.8406350781943
 30
1.793760276923788
 11
436.3622469347578
 21
374.9533128559722
 31
1.79376027692379
210
0.0
220
6.123233995736766E-17
230
-1.0
  0
LINE
  5
1AC
330
1F
100
AcDbEntity
  8
Whole Simpsons House v1_Sketch15
100
AcDbLine
 10
527.0942219347579
 20
276.8451073004167
 30
1.793760276923784
 11
527.196880268091
 21
275.2819489670833
 31
1.793760276923784
210
0.0
220
6.123233995736766E-17
230
-1.0
  0
LINE
  5
1AD
330
1F
100
AcDbEntity
  8
Whole Simpsons House v1_Sketch15
100
AcDbLine
 10
539.8136247125356
 20
406.1095878559722
 30
1.793760276923792
 11
544.4861663792022
 21
397.2665073004166
 31
1.793760276923791
210
0.0
220
6.123233995736766E-17
230
-1.0
  0
LINE
  5
1AE
330
1F
100
AcDbEntity
  8
Whole Simpsons House v1_Sketch15
100
AcDbLine
 10
569.3986274903134
 20
472.7203823004166
 30
1.793760276923796
 11
564.5070108236467
 21
463.9965406337499
 31
1.793760276923795
210
0.0
220
6.123233995736766E-17
230
-1.0
  0
LINE
  5
1AF
330
1F
100
AcDbEntity
  8
Whole Simpsons House v1_Sketch15
100
AcDbLine
 10
533.6276663792023
 20
442.4485211893056
 30
1.793760276923794
 11
533.6276663792023
 21
459.6891239670833
 31
1.793760276923795
210
0.0
220
6.123233995736766E-17
230
-1.0
  0
LINE
  5
1B0
330
1F
100
AcDbEntity
  8
Whole Simpsons House v1_Sketch15
100
AcDbLine
 10
392.2223386014246
 20
464.2904045226388
 30
1.793760276923795
 11
392.2223386014246
 21
459.3292906337499
 31
1.793760276923795
210
0.0
220
6.123233995736766E-17
230
-1.0
  0
LINE
  5
1B1
330
1F
100
AcDbEntity
  8
Whole Simpsons House v1_Sketch15
100
AcDbLine
 10
646.7726719347578
 20
278.1789600781943
 30
1.793760276923784
 11
646.7726719347578
 21
299.0524684115278
 31
1.793760276923785
210
0.0
220
6.123233995736766E-17
230
-1.0
  0
LINE
  5
1B2
330
1F
100
AcDbEntity
  8
Whole Simpsons House v1_Sketch15
100
AcDbLine
 10
413.3382052680912
 20
451.3275850781944
 30
1.793760276923795
 11
413.2641219347578
 21
452.266326744861
 31
1.793760276923795
210
0.0
220
6.123233995736766E-17
230
-1.0
  0
LINE
  5
1B3
330
1F
100
AcDbEntity
  8
Whole Simpsons House v1_Sketch15
100
AcDbLine
 10
427.0326858236467
 20
332.8665711893055
 30
1.793760276923787
 11
427.0326858236467
 21
322.86461563375
 31
1.793760276923787
210
0.0
220
6.123233995736766E-17
230
-1.0
  0
LINE
  5
1B4
330
1F
100
AcDbEntity
  8
Whole Simpsons House v1_Sketch15
100
AcDbLine
 10
559.6153941569801
 20
455.2723461893056
 30
1.793760276923795
 11
547.5772052680911
 21
433.8029961893055
 31
1.793760276923793
210
0.0
220
6.123233995736766E-17
230
-1.0
  0
LINE
  5
1B5
330
1F
100
AcDbEntity
  8
Whole Simpsons House v1_Sketch15
100
AcDbLine
 10
440.2946608236467
 20
245.7886684115278
 30
1.793760276923782
 11
440.2946608236467
 21
242.78794063375
 31
1.793760276923782
210
0.0
220
6.123233995736766E-17
230
-1.0
  0
LINE
  5
1B6
330
1F
100
AcDbEntity
  8
Whole Simpsons House v1_Sketch15
100
AcDbLine
 10
659.2324302680912
 20
400.361426744861
 30
1.793760276923791
 11
659.2324302680912
 21
452.7168239670833
 31
1.793760276923795
210
0.0
220
6.123233995736766E-17
230
-1.0
  0
LINE
  5
1B7
330
1F
100
AcDbEntity
  8
Whole Simpsons House v1_Sketch15
100
AcDbLine
 10
392.2223386014246
 20
457.3290406337499
 30
1.793760276923795
 11
392.2223386014246
 21
452.3675739670833
 31
1.793760276923795
210
0.0
220
6.123233995736766E-17
230
-1.0
  0
LINE
  5
1B8
330
1F
100
AcDbEntity
  8
Whole Simpsons House v1_Sketch15
100
AcDbLine
 10
509.2341413792023
 20
285.6529100781943
 30
1.793760276923784
 11
510.6392552680912
 21
286.34576563375
 31
1.793760276923784
210
0.0
220
6.123233995736766E-17
230
-1.0
  0
LINE
  5
1B9
330
1F
100
AcDbEntity
  8
Whole Simpsons House v1_Sketch15
100
AcDbLine
 10
503.24644415698
 20
275.2819489670833
 30
1.793760276923784
 11
503.3491024903134
 21
276.8451073004167
 31
1.793760276923784
210
0.0
220
6.123233995736766E-17
230
-1.0
  0
LINE
  5
1BA
330
1F
100
AcDbEntity
  8
Whole Simpsons House v1_Sketch15
100
AcDbLine
 10
427.0326858236467
 20
312.8626600781944
 30
1.793760276923786
 11
427.0326858236467
 21
284.7247517448611
 31
1.793760276923784
210
0.0
220
6.123233995736766E-17
230
-1.0
  0
LINE
  5
1BB
330
1F
100
AcDbEntity
  8
Whole Simpsons House v1_Sketch15
100
AcDbLine
 10
600.1506191569799
 20
322.86461563375
 30
1.793760276923787
 11
600.1506191569799
 21
332.8665711893055
 31
1.793760276923787
210
0.0
220
6.123233995736766E-17
230
-1.0
  0
LINE
  5
1BC
330
1F
100
AcDbEntity
  8
Whole Simpsons House v1_Sketch15
100
AcDbLine
 10
558.5306024903134
 20
370.5919211893054
 30
1.79376027692379
 11
563.20314415698
 21
361.7484878559722
 31
1.793760276923789
210
0.0
220
6.123233995736766E-17
230
-1.0
  0
LINE
  5
1BD
330
1F
100
AcDbEntity
  8
Whole Simpsons House v1_Sketch15
100
AcDbLine
 10
404.9731386014245
 20
450.3673239670833
 30
1.793760276923795
 11
404.9731386014245
 21
436.91379063375
 31
1.793760276923794
210
0.0
220
6.123233995736766E-17
230
-1.0
  0
LINE
  5
1BE
330
1F
100
AcDbEntity
  8
Whole Simpsons House v1_Sketch15
100
AcDbLine
 10
600.1506191569799
 20
265.7922267448611
 30
1.793760276923783
 11
600.1506191569799
 21
312.8626600781944
 31
1.793760276923786
210
0.0
220
6.123233995736766E-17
230
-1.0
  0
LINE
  5
1BF
330
1F
100
AcDbEntity
  8
Whole Simpsons House v1_Sketch15
100
AcDbLine
 10
362.7287052680911
 20
427.7366295226389
 30
1.793760276923793
 11
362.7287052680911
 21
421.7355267448611
 31
1.793760276923793
210
0.0
220
6.123233995736766E-17
230
-1.0
  0
LINE
  5
1C0
330
1F
100
AcDbEntity
  8
Whole Simpsons House v1_Sketch15
100
AcDbLine
 10
533.4145886014245
 20
349.8422378559721
 30
1.793760276923788
 11
533.4145886014245
 21
339.8406350781943
 31
1.793760276923788
210
0.0
220
6.123233995736766E-17
230
-1.0
  0
LINE
  5
1C1
330
1F
100
AcDbEntity
  8
Whole Simpsons House v1_Sketch15
100
AcDbLine
 10
608.6119941569801
 20
271.1124684115279
 30
1.793760276923783
 11
608.6119941569801
 21
250.2393128559721
 31
1.793760276923782
210
0.0
220
6.123233995736766E-17
230
-1.0
  0
LINE
  5
1C2
330
1F
100
AcDbEntity
  8
Whole Simpsons House v1_Sketch15
100
AcDbLine
 10
536.62839415698
 20
459.6891239670833
 30
1.793760276923795
 11
536.62839415698
 21
469.6910795226388
 31
1.793760276923796
210
0.0
220
6.123233995736766E-17
230
-1.0
  0
LINE
  5
1C3
330
1F
100
AcDbEntity
  8
Whole Simpsons House v1_Sketch15
100
AcDbLine
 10
510.6392552680912
 20
286.34576563375
 30
1.793760276923784
 11
512.1223330458688
 21
286.8491795226388
 31
1.793760276923785
210
0.0
220
6.123233995736766E-17
230
-1.0
  0
LINE
  5
1C4
330
1F
100
AcDbEntity
  8
Whole Simpsons House v1_Sketch15
100
AcDbLine
 10
493.2448413792023
 20
242.78794063375
 30
1.793760276923782
 11
493.2448413792023
 21
245.7886684115278
 31
1.793760276923782
210
0.0
220
6.123233995736766E-17
230
-1.0
  0
LINE
  5
1C5
330
1F
100
AcDbEntity
  8
Whole Simpsons House v1_Sketch15
100
AcDbLine
 10
413.2641219347578
 20
452.266326744861
 30
1.793760276923795
 11
413.0443413792023
 21
453.1821378559722
 31
1.793760276923795
210
0.0
220
6.123233995736766E-17
230
-1.0
  0
LINE
  5
1C6
330
1F
100
AcDbEntity
  8
Whole Simpsons House v1_Sketch15
100
AcDbLine
 10
516.78464415698
 20
287.1550378559722
 30
1.793760276923785
 11
518.3213441569801
 21
286.8491795226388
 31
1.793760276923785
210
0.0
220
6.123233995736766E-17
230
-1.0
  0
LINE
  5
1C7
330
1F
100
AcDbEntity
  8
Whole Simpsons House v1_Sketch15
100
AcDbLine
 10
503.3491024903134
 20
276.8451073004167
 30
1.793760276923784
 11
503.6546080458689
 21
278.3814545226389
 31
1.793760276923784
210
0.0
220
6.123233995736766E-17
230
-1.0
  0
LINE
  5
1C8
330
1F
100
AcDbEntity
  8
Whole Simpsons House v1_Sketch15
100
AcDbLine
 10
563.20314415698
 20
361.7484878559722
 30
1.793760276923789
 11
565.8958969347578
 21
363.1712406337499
 31
1.793760276923789
210
0.0
220
6.123233995736766E-17
230
-1.0
  0
LINE
  5
1C9
330
1F
100
AcDbEntity
  8
Whole Simpsons House v1_Sketch15
100
AcDbLine
 10
547.2007913792023
 20
242.78794063375
 30
1.793760276923782
 11
547.2007913792023
 21
245.7886684115278
 31
1.793760276923782
210
0.0
220
6.123233995736766E-17
230
-1.0
  0
LINE
  5
1CA
330
1F
100
AcDbEntity
  8
Whole Simpsons House v1_Sketch15
100
AcDbLine
 10
526.2853024903134
 20
279.8648850781944
 30
1.793760276923784
 11
526.7887163792024
 21
278.3814545226389
 31
1.793760276923784
210
0.0
220
6.123233995736766E-17
230
-1.0
  0
LINE
  5
1CB
330
1F
100
AcDbEntity
  8
Whole Simpsons House v1_Sketch15
100
AcDbLine
 10
569.5044608236467
 20
402.5345378559721
 30
1.793760276923791
 11
566.8367552680911
 21
401.1608211893055
 31
1.793760276923791
210
0.0
220
6.123233995736766E-17
230
-1.0
  0
LINE
  5
1CC
330
1F
100
AcDbEntity
  8
Whole Simpsons House v1_Sketch15
100
AcDbLine
 10
626.8580136014244
 20
322.4395184115277
 30
1.793760276923787
 11
626.6495219347579
 21
322.6226100781944
 31
1.793760276923787
210
0.0
220
6.123233995736766E-17
230
-1.0
  0
LINE
  5
1CD
330
1F
100
AcDbEntity
  8
Whole Simpsons House v1_Sketch15
100
AcDbLine
 10
564.9250524903134
 20
411.4266545226388
 30
1.793760276923792
 11
569.5044608236467
 21
402.5345378559721
 31
1.793760276923791
210
0.0
220
6.123233995736766E-17
230
-1.0
  0
LINE
  5
1CE
330
1F
100
AcDbEntity
  8
Whole Simpsons House v1_Sketch15
100
AcDbLine
 10
434.0039274903134
 20
281.6940378559722
 30
1.793760276923784
 11
432.8076580458689
 21
278.9423711893056
 31
1.793760276923784
210
0.0
220
6.123233995736766E-17
230
-1.0
  0
LINE
  5
1CF
330
1F
100
AcDbEntity
  8
Whole Simpsons House v1_Sketch15
100
AcDbLine
 10
436.5753247125356
 20
441.4483961893055
 30
1.793760276923794
 11
436.5753247125356
 21
433.4466906337499
 31
1.793760276923793
210
0.0
220
6.123233995736766E-17
230
-1.0
  0
LINE
  5
1D0
330
1F
100
AcDbEntity
  8
Whole Simpsons House v1_Sketch15
100
AcDbLine
 10
433.3618719347579
 20
374.9533128559722
 30
1.79376027692379
 11
433.3618719347579
 21
339.8406350781943
 31
1.793760276923788
210
0.0
220
6.123233995736766E-17
230
-1.0
  0
LINE
  5
1D1
330
1F
100
AcDbEntity
  8
Whole Simpsons House v1_Sketch15
100
AcDbLine
 10
562.2576997125356
 20
410.0529378559721
 30
1.793760276923792
 11
564.9250524903134
 21
411.4266545226388
 31
1.793760276923792
210
0.0
220
6.123233995736766E-17
230
-1.0
  0
LINE
  5
1D2
330
1F
100
AcDbEntity
  8
Whole Simpsons House v1_Sketch15
100
AcDbLine
 10
564.9250524903134
 20
429.2108878559721
 30
1.793760276923793
 11
562.2576997125356
 21
430.5846045226388
 31
1.793760276923793
210
0.0
220
6.123233995736766E-17
230
-1.0
  0
LINE
  5
1D3
330
1F
100
AcDbEntity
  8
Whole Simpsons House v1_Sketch15
100
AcDbLine
 10
436.5753247125356
 20
471.6916823004166
 30
1.793760276923796
 11
436.5753247125356
 21
463.6899767448612
 31
1.793760276923795
210
0.0
220
6.123233995736766E-17
230
-1.0
  0
LINE
  5
1D4
330
1F
100
AcDbEntity
  8
Whole Simpsons House v1_Sketch15
100
AcDbLine
 10
630.1991719347579
 20
323.5736989670833
 30
1.793760276923787
 11
630.10991915698
 21
323.3108795226389
 31
1.793760276923787
210
0.0
220
6.123233995736766E-17
230
-1.0
  0
LINE
  5
1D5
330
1F
100
AcDbEntity
  8
Whole Simpsons House v1_Sketch15
100
AcDbLine
 10
627.3377913792023
 20
322.1625878559722
 30
1.793760276923787
 11
627.0887302680911
 21
322.2853545226389
 31
1.793760276923787
210
0.0
220
6.123233995736766E-17
230
-1.0
  0
LINE
  5
1D6
330
1F
100
AcDbEntity
  8
Whole Simpsons House v1_Sketch15
100
AcDbLine
 10
626.6495219347579
 20
322.6226100781944
 30
1.793760276923787
 11
626.4664302680911
 21
322.8311017448611
 31
1.793760276923787
210
0.0
220
6.123233995736766E-17
230
-1.0
  0
LINE
  5
1D7
330
1F
100
AcDbEntity
  8
Whole Simpsons House v1_Sketch15
100
AcDbLine
 10
433.5749497125356
 20
463.6899767448612
 30
1.793760276923795
 11
433.5749497125356
 21
471.6916823004166
 31
1.793760276923796
210
0.0
220
6.123233995736766E-17
230
-1.0
  0
LINE
  5
1D8
330
1F
100
AcDbEntity
  8
Whole Simpsons House v1_Sketch15
100
AcDbLine
 10
629.2106886014244
 20
322.2853545226389
 30
1.793760276923787
 11
628.9616274903134
 21
322.1625878559722
 31
1.793760276923787
210
0.0
220
6.123233995736766E-17
230
-1.0
  0
LINE
  5
1D9
330
1F
100
AcDbEntity
  8
Whole Simpsons House v1_Sketch15
100
AcDbLine
 10
397.5355247125356
 20
478.8692989670834
 30
1.793760276923796
 11
394.9715358236467
 21
476.1592600781944
 31
1.793760276923796
210
0.0
220
6.123233995736766E-17
230
-1.0
  0
LINE
  5
1DA
330
1F
100
AcDbEntity
  8
Whole Simpsons House v1_Sketch15
100
AcDbLine
 10
643.7722969347578
 20
296.0520934115278
 30
1.793760276923785
 11
643.7722969347578
 21
281.1796878559722
 31
1.793760276923784
210
0.0
220
6.123233995736766E-17
230
-1.0
  0
LINE
  5
1DB
330
1F
100
AcDbEntity
  8
Whole Simpsons House v1_Sketch15
100
AcDbLine
 10
413.3382052680912
 20
436.91379063375
 30
1.793760276923794
 11
413.3382052680912
 21
451.3275850781944
 31
1.793760276923795
210
0.0
220
6.123233995736766E-17
230
-1.0
  0
LINE
  5
1DC
330
1F
100
AcDbEntity
  8
Whole Simpsons House v1_Sketch15
100
AcDbLine
 10
662.2328052680912
 20
390.3594711893055
 30
1.793760276923791
 11
662.2328052680912
 21
400.361426744861
 31
1.793760276923791
210
0.0
220
6.123233995736766E-17
230
-1.0
  0
LINE
  5
1DD
330
1F
100
AcDbEntity
  8
Whole Simpsons House v1_Sketch15
100
AcDbLine
 10
579.5473386014245
 20
457.6042073004166
 30
1.793760276923795
 11
576.8799858236467
 21
458.9779239670834
 31
1.793760276923795
210
0.0
220
6.123233995736766E-17
230
-1.0
  0
LINE
  5
1DE
330
1F
100
AcDbEntity
  8
Whole Simpsons House v1_Sketch15
100
AcDbLine
 10
626.3122663792022
 20
325.1837767448611
 30
1.793760276923787
 11
626.4664302680911
 21
325.4144934115277
 31
1.793760276923787
210
0.0
220
6.123233995736766E-17
230
-1.0
  0
LINE
  5
1DF
330
1F
100
AcDbEntity
  8
Whole Simpsons House v1_Sketch15
100
AcDbLine
 10
662.2328052680912
 20
328.0021184115277
 30
1.793760276923787
 11
662.2328052680912
 21
338.0040739670832
 31
1.793760276923788
210
0.0
220
6.123233995736766E-17
230
-1.0
  0
LINE
  5
1E0
330
1F
100
AcDbEntity
  8
Whole Simpsons House v1_Sketch15
100
AcDbLine
 10
626.4664302680911
 20
322.8311017448611
 30
1.793760276923787
 11
626.3122663792022
 21
323.0621711893055
 31
1.793760276923787
210
0.0
220
6.123233995736766E-17
230
-1.0
  0
LINE
  5
1E1
330
1F
100
AcDbEntity
  8
Whole Simpsons House v1_Sketch15
100
AcDbLine
 10
579.3095663792022
 20
376.9415684115276
 30
1.79376027692379
 11
574.7305108236467
 21
385.8333323004167
 31
1.793760276923791
210
0.0
220
6.123233995736766E-17
230
-1.0
  0
LINE
  5
1E2
330
1F
100
AcDbEntity
  8
Whole Simpsons House v1_Sketch15
100
AcDbLine
 10
392.2223386014246
 20
471.2524739670833
 30
1.793760276923796
 11
392.2223386014246
 21
466.2910073004167
 31
1.793760276923795
210
0.0
220
6.123233995736766E-17
230
-1.0
  0
LINE
  5
1E3
330
1F
100
AcDbEntity
  8
Whole Simpsons House v1_Sketch15
100
AcDbLine
 10
630.1991719347579
 20
324.6718961893055
 30
1.793760276923787
 11
630.2534997125356
 21
324.3999045226388
 31
1.793760276923787
210
0.0
220
6.123233995736766E-17
230
-1.0
  0
LINE
  5
1E4
330
1F
100
AcDbEntity
  8
Whole Simpsons House v1_Sketch15
100
AcDbLine
 10
395.2230663792022
 20
459.3292906337499
 30
1.793760276923795
 11
395.2230663792022
 21
457.3290406337499
 31
1.793760276923795
210
0.0
220
6.123233995736766E-17
230
-1.0
  0
LINE
  5
1E5
330
1F
100
AcDbEntity
  8
Whole Simpsons House v1_Sketch15
100
AcDbLine
 10
513.6586802680912
 20
287.1550378559722
 30
1.793760276923785
 11
515.2218386014246
 21
287.2573434115278
 31
1.793760276923785
210
0.0
220
6.123233995736766E-17
230
-1.0
  0
LINE
  5
1E6
330
1F
100
AcDbEntity
  8
Whole Simpsons House v1_Sketch15
100
AcDbLine
 10
644.6189636014243
 20
268.1120934115278
 30
1.793760276923783
 11
644.6189636014243
 21
253.2396878559722
 31
1.793760276923782
210
0.0
220
6.123233995736766E-17
230
-1.0
  0
LINE
  5
1E7
330
1F
100
AcDbEntity
  8
Whole Simpsons House v1_Sketch15
100
AcDbLine
 10
547.1390552680912
 20
398.6684461893055
 30
1.793760276923791
 11
561.2230024903133
 21
372.0146739670832
 31
1.79376027692379
210
0.0
220
6.123233995736766E-17
230
-1.0
  0
LINE
  5
1E8
330
1F
100
AcDbEntity
  8
Whole Simpsons House v1_Sketch15
100
AcDbLine
 10
518.3213441569801
 20
286.8491795226388
 30
1.793760276923785
 11
519.8044219347579
 21
286.34576563375
 31
1.793760276923784
210
0.0
220
6.123233995736766E-17
230
-1.0
  0
LINE
  5
1E9
330
1F
100
AcDbEntity
  8
Whole Simpsons House v1_Sketch15
100
AcDbLine
 10
649.2304747125357
 20
354.3281600781943
 30
1.793760276923789
 11
649.2304747125357
 21
351.3277850781943
 31
1.793760276923788
210
0.0
220
6.123233995736766E-17
230
-1.0
  0
LINE
  5
1EA
330
1F
100
AcDbEntity
  8
Whole Simpsons House v1_Sketch15
100
AcDbLine
 10
576.8799858236467
 20
458.9779239670834
 30
1.793760276923795
 11
581.4590413792023
 21
467.8696878559721
 31
1.793760276923796
210
0.0
220
6.123233995736766E-17
230
-1.0
  0
LINE
  5
1EB
330
1F
100
AcDbEntity
  8
Whole Simpsons House v1_Sketch15
100
AcDbLine
 10
629.6498969347577
 20
322.6226100781944
 30
1.793760276923787
 11
629.4414052680911
 21
322.4395184115277
 31
1.793760276923787
210
0.0
220
6.123233995736766E-17
230
-1.0
  0
LINE
  5
1EC
330
1F
100
AcDbEntity
  8
Whole Simpsons House v1_Sketch15
100
AcDbLine
 10
628.9616274903134
 20
326.0833600781944
 30
1.793760276923787
 11
629.2106886014244
 21
325.96024063375
 31
1.793760276923787
210
0.0
220
6.123233995736766E-17
230
-1.0
  0
LINE
  5
1ED
330
1F
100
AcDbEntity
  8
Whole Simpsons House v1_Sketch15
100
AcDbLine
 10
626.1894997125357
 20
324.9350684115278
 30
1.793760276923787
 11
626.3122663792022
 21
325.1837767448611
 31
1.793760276923787
210
0.0
220
6.123233995736766E-17
230
-1.0
  0
LINE
  5
1EE
330
1F
100
AcDbEntity
  8
Whole Simpsons House v1_Sketch15
100
AcDbLine
 10
581.4590413792023
 20
467.8696878559721
 30
1.793760276923796
 11
584.1267469347578
 21
466.4959711893056
 31
1.793760276923795
210
0.0
220
6.123233995736766E-17
230
-1.0
  0
LINE
  5
1EF
330
1F
100
AcDbEntity
  8
Whole Simpsons House v1_Sketch15
100
AcDbLine
 10
574.7305108236467
 20
385.8333323004167
 30
1.793760276923791
 11
577.3982163792022
 21
387.2070489670833
 31
1.793760276923791
210
0.0
220
6.123233995736766E-17
230
-1.0
  0
LINE
  5
1F0
330
1F
100
AcDbEntity
  8
Whole Simpsons House v1_Sketch15
100
AcDbLine
 10
627.0887302680911
 20
322.2853545226389
 30
1.793760276923787
 11
626.8580136014244
 21
322.4395184115277
 31
1.793760276923787
210
0.0
220
6.123233995736766E-17
230
-1.0
  0
LINE
  5
1F1
330
1F
100
AcDbEntity
  8
Whole Simpsons House v1_Sketch15
100
AcDbLine
 10
629.9871524903133
 20
323.0621711893055
 30
1.793760276923787
 11
629.8329886014244
 21
322.8311017448611
 31
1.793760276923787
210
0.0
220
6.123233995736766E-17
230
-1.0
  0
LINE
  5
1F2
330
1F
100
AcDbEntity
  8
Whole Simpsons House v1_Sketch15
100
AcDbLine
 10
566.8367552680911
 20
401.1608211893055
 30
1.793760276923791
 11
562.2576997125356
 21
410.0529378559721
 31
1.793760276923792
210
0.0
220
6.123233995736766E-17
230
-1.0
  0
LINE
  5
1F3
330
1F
100
AcDbEntity
  8
Whole Simpsons House v1_Sketch15
100
AcDbLine
 10
629.4414052680911
 20
322.4395184115277
 30
1.793760276923787
 11
629.2106886014244
 21
322.2853545226389
 31
1.793760276923787
210
0.0
220
6.123233995736766E-17
230
-1.0
  0
LINE
  5
1F4
330
1F
100
AcDbEntity
  8
Whole Simpsons House v1_Sketch15
100
AcDbLine
 10
626.8580136014244
 20
325.8060767448611
 30
1.793760276923787
 11
627.0887302680911
 21
325.96024063375
 31
1.793760276923787
210
0.0
220
6.123233995736766E-17
230
-1.0
  0
LINE
  5
1F5
330
1F
100
AcDbEntity
  8
Whole Simpsons House v1_Sketch15
100
AcDbLine
 10
561.8897524903135
 20
465.4637434115278
 30
1.793760276923795
 11
556.9981358236466
 21
456.7399017448611
 31
1.793760276923795
210
0.0
220
6.123233995736766E-17
230
-1.0
  0
LINE
  5
1F6
330
1F
100
AcDbEntity
  8
Whole Simpsons House v1_Sketch15
100
AcDbLine
 10
569.5044608236467
 20
438.1030045226388
 30
1.793760276923794
 11
564.9250524903134
 21
429.2108878559721
 31
1.793760276923793
210
0.0
220
6.123233995736766E-17
230
-1.0
  0
LINE
  5
1F7
330
1F
100
AcDbEntity
  8
Whole Simpsons House v1_Sketch15
100
AcDbLine
 10
507.9316858236467
 20
284.7826073004167
 30
1.793760276923784
 11
509.2341413792023
 21
285.6529100781943
 31
1.793760276923784
210
0.0
220
6.123233995736766E-17
230
-1.0
  0
LINE
  5
1F8
330
1F
100
AcDbEntity
  8
Whole Simpsons House v1_Sketch15
100
AcDbLine
 10
626.4664302680911
 20
325.4144934115277
 30
1.793760276923787
 11
626.6495219347579
 21
325.6233378559722
 31
1.793760276923787
210
0.0
220
6.123233995736766E-17
230
-1.0
  0
LINE
  5
1F9
330
1F
100
AcDbEntity
  8
Whole Simpsons House v1_Sketch15
100
AcDbLine
 10
659.2324302680912
 20
462.7187795226388
 30
1.793760276923795
 11
659.2324302680912
 21
472.7203823004166
 31
1.793760276923796
210
0.0
220
6.123233995736766E-17
230
-1.0
  0
LINE
  5
1FA
330
1F
100
AcDbEntity
  8
Whole Simpsons House v1_Sketch15
100
AcDbLine
 10
627.0887302680911
 20
325.96024063375
 30
1.793760276923787
 11
627.3377913792023
 21
326.0833600781944
 31
1.793760276923787
210
0.0
220
6.123233995736766E-17
230
-1.0
  0
LINE
  5
1FB
330
1F
100
AcDbEntity
  8
Whole Simpsons House v1_Sketch15
100
AcDbLine
 10
610.7660552680911
 20
281.1796878559722
 30
1.793760276923784
 11
610.7660552680911
 21
296.0520934115278
 31
1.793760276923785
210
0.0
220
6.123233995736766E-17
230
-1.0
  0
LINE
  5
1FC
330
1F
100
AcDbEntity
  8
Whole Simpsons House v1_Sketch15
100
AcDbLine
 10
544.3729247125357
 20
256.2414739670833
 30
1.793760276923783
 11
544.3729247125357
 21
282.1272489670833
 31
1.793760276923784
210
0.0
220
6.123233995736766E-17
230
-1.0
  0
LINE
  5
1FD
330
1F
100
AcDbEntity
  8
Whole Simpsons House v1_Sketch15
100
AcDbLine
 10
477.8542052680912
 20
356.9136684115277
 30
1.793760276923789
 11
479.0508274903134
 21
359.6649823004166
 31
1.793760276923789
210
0.0
220
6.123233995736766E-17
230
-1.0
  0
LINE
  5
1FE
330
1F
100
AcDbEntity
  8
Whole Simpsons House v1_Sketch15
100
AcDbLine
 10
451.0381552680912
 20
368.5726211893054
 30
1.793760276923789
 11
452.2347774903134
 21
371.3242878559722
 31
1.79376027692379
210
0.0
220
6.123233995736766E-17
230
-1.0
  0
LINE
  5
1FF
330
1F
100
AcDbEntity
  8
Whole Simpsons House v1_Sketch15
100
AcDbLine
 10
522.5116386014246
 20
368.9084656337499
 30
1.793760276923789
 11
529.84976915698
 21
372.0989878559722
 31
1.79376027692379
210
0.0
220
6.123233995736766E-17
230
-1.0
  0
LINE
  5
200
330
1F
100
AcDbEntity
  8
Whole Simpsons House v1_Sketch15
100
AcDbLine
 10
461.5103636014245
 20
304.2901600781943
 30
1.793760276923785
 11
461.5103636014245
 21
307.2905350781944
 31
1.793760276923786
210
0.0
220
6.123233995736766E-17
230
-1.0
  0
LINE
  5
201
330
1F
100
AcDbEntity
  8
Whole Simpsons House v1_Sketch15
100
AcDbLine
 10
629.8329886014244
 20
322.8311017448611
 30
1.793760276923787
 11
629.6498969347577
 21
322.6226100781944
 31
1.793760276923787
210
0.0
220
6.123233995736766E-17
230
-1.0
  0
LINE
  5
202
330
1F
100
AcDbEntity
  8
Whole Simpsons House v1_Sketch15
100
AcDbLine
 10
626.6495219347579
 20
325.6233378559722
 30
1.793760276923787
 11
626.8580136014244
 21
325.8060767448611
 31
1.793760276923787
210
0.0
220
6.123233995736766E-17
230
-1.0
  0
LINE
  5
203
330
1F
100
AcDbEntity
  8
Whole Simpsons House v1_Sketch15
100
AcDbLine
 10
626.0279274903133
 20
324.1229739670833
 30
1.793760276923787
 11
626.0462719347578
 21
324.3999045226388
 31
1.793760276923787
210
0.0
220
6.123233995736766E-17
230
-1.0
  0
LINE
  5
204
330
1F
100
AcDbEntity
  8
Whole Simpsons House v1_Sketch15
100
AcDbLine
 10
626.1002469347578
 20
324.6718961893055
 30
1.793760276923787
 11
626.1894997125357
 21
324.9350684115278
 31
1.793760276923787
210
0.0
220
6.123233995736766E-17
230
-1.0
  0
LINE
  5
205
330
1F
100
AcDbEntity
  8
Whole Simpsons House v1_Sketch15
100
AcDbLine
 10
568.9329608236468
 20
307.2905350781944
 30
1.793760276923786
 11
568.9329608236468
 21
304.2901600781943
 31
1.793760276923785
210
0.0
220
6.123233995736766E-17
230
-1.0
  0
LINE
  5
206
330
1F
100
AcDbEntity
  8
Whole Simpsons House v1_Sketch15
100
AcDbLine
 10
581.9772719347578
 20
378.3152850781943
 30
1.79376027692379
 11
579.3095663792022
 21
376.9415684115276
 31
1.79376027692379
210
0.0
220
6.123233995736766E-17
230
-1.0
  0
LINE
  5
207
330
1F
100
AcDbEntity
  8
Whole Simpsons House v1_Sketch15
100
AcDbLine
 10
626.0462719347578
 20
324.3999045226388
 30
1.793760276923787
 11
626.1002469347578
 21
324.6718961893055
 31
1.793760276923787
210
0.0
220
6.123233995736766E-17
230
-1.0
  0
LINE
  5
208
330
1F
100
AcDbEntity
  8
Whole Simpsons House v1_Sketch15
100
AcDbLine
 10
630.10991915698
 20
323.3108795226389
 30
1.793760276923787
 11
629.9871524903133
 21
323.0621711893055
 31
1.793760276923787
210
0.0
220
6.123233995736766E-17
230
-1.0
  0
LINE
  5
209
330
1F
100
AcDbEntity
  8
Whole Simpsons House v1_Sketch15
100
AcDbLine
 10
528.6531469347578
 20
374.8506545226389
 30
1.79376027692379
 11
521.3153691569801
 21
371.6601323004166
 31
1.79376027692379
210
0.0
220
6.123233995736766E-17
230
-1.0
  0
LINE
  5
20A
330
1F
100
AcDbEntity
  8
Whole Simpsons House v1_Sketch15
100
AcDbLine
 10
464.5110913792023
 20
307.2905350781944
 30
1.793760276923786
 11
464.5110913792023
 21
304.2901600781943
 31
1.793760276923785
210
0.0
220
6.123233995736766E-17
230
-1.0
  0
LINE
  5
20B
330
1F
100
AcDbEntity
  8
Whole Simpsons House v1_Sketch15
100
AcDbLine
 10
565.9325858236467
 20
304.2901600781943
 30
1.793760276923785
 11
565.9325858236467
 21
307.2905350781944
 31
1.793760276923786
210
0.0
220
6.123233995736766E-17
230
-1.0
  0
LINE
  5
20C
330
1F
100
AcDbEntity
  8
Whole Simpsons House v1_Sketch15
100
AcDbLine
 10
479.5140247125356
 20
322.16294063375
 30
1.793760276923787
 11
479.5140247125356
 21
307.2905350781944
 31
1.793760276923786
210
0.0
220
6.123233995736766E-17
230
-1.0
  0
LINE
  5
20D
330
1F
100
AcDbEntity
  8
Whole Simpsons House v1_Sketch15
100
AcDbLine
 10
629.4414052680911
 20
325.8060767448611
 30
1.793760276923787
 11
629.6498969347577
 21
325.6233378559722
 31
1.793760276923787
210
0.0
220
6.123233995736766E-17
230
-1.0
  0
LINE
  5
20E
330
1F
100
AcDbEntity
  8
Whole Simpsons House v1_Sketch15
100
AcDbLine
 10
502.2611358236466
 20
360.1038378559722
 30
1.793760276923789
 11
501.0645136014244
 21
362.855504522639
 31
1.793760276923789
210
0.0
220
6.123233995736766E-17
230
-1.0
  0
LINE
  5
20F
330
1F
100
AcDbEntity
  8
Whole Simpsons House v1_Sketch15
100
AcDbLine
 10
630.2534997125356
 20
324.3999045226388
 30
1.793760276923787
 11
630.2714913792022
 21
324.1229739670833
 31
1.793760276923787
210
0.0
220
6.123233995736766E-17
230
-1.0
  0
LINE
  5
210
330
1F
100
AcDbEntity
  8
Whole Simpsons House v1_Sketch15
100
AcDbLine
 10
433.5749497125356
 20
433.4466906337499
 30
1.793760276923793
 11
433.5749497125356
 21
441.4483961893055
 31
1.793760276923794
210
0.0
220
6.123233995736766E-17
230
-1.0
  0
LINE
  5
211
330
1F
100
AcDbEntity
  8
Whole Simpsons House v1_Sketch15
100
AcDbLine
 10
629.2106886014244
 20
325.96024063375
 30
1.793760276923787
 11
629.4414052680911
 21
325.8060767448611
 31
1.793760276923787
210
0.0
220
6.123233995736766E-17
230
-1.0
  0
LINE
  5
212
330
1F
100
AcDbEntity
  8
Whole Simpsons House v1_Sketch15
100
AcDbLine
 10
639.2285191569799
 20
351.3277850781943
 30
1.793760276923788
 11
639.2285191569799
 21
354.3281600781943
 31
1.793760276923789
210
0.0
220
6.123233995736766E-17
230
-1.0
  0
LINE
  5
213
330
1F
100
AcDbEntity
  8
Whole Simpsons House v1_Sketch15
100
AcDbLine
 10
584.1267469347578
 20
466.4959711893056
 30
1.793760276923795
 11
579.5473386014245
 21
457.6042073004166
 31
1.793760276923795
210
0.0
220
6.123233995736766E-17
230
-1.0
  0
LINE
  5
214
330
1F
100
AcDbEntity
  8
Whole Simpsons House v1_Sketch15
100
AcDbLine
 10
630.2534997125356
 20
323.8460434115277
 30
1.793760276923787
 11
630.1991719347579
 21
323.5736989670833
 31
1.793760276923787
210
0.0
220
6.123233995736766E-17
230
-1.0
  0
LINE
  5
215
330
1F
100
AcDbEntity
  8
Whole Simpsons House v1_Sketch15
100
AcDbLine
 10
583.93589415698
 20
322.16294063375
 30
1.793760276923787
 11
583.93589415698
 21
307.2905350781944
 31
1.793760276923786
210
0.0
220
6.123233995736766E-17
230
-1.0
  0
LINE
  5
216
330
1F
100
AcDbEntity
  8
Whole Simpsons House v1_Sketch15
100
AcDbLine
 10
470.5164274903134
 20
360.1038378559722
 30
1.793760276923789
 11
477.8542052680912
 21
356.9136684115277
 31
1.793760276923789
210
0.0
220
6.123233995736766E-17
230
-1.0
  0
LINE
  5
217
330
1F
100
AcDbEntity
  8
Whole Simpsons House v1_Sketch15
100
AcDbLine
 10
630.2714913792022
 20
324.1229739670833
 30
1.793760276923787
 11
630.2534997125356
 21
323.8460434115277
 31
1.793760276923787
210
0.0
220
6.123233995736766E-17
230
-1.0
  0
LINE
  5
218
330
1F
100
AcDbEntity
  8
Whole Simpsons House v1_Sketch15
100
AcDbLine
 10
611.6127219347578
 20
253.2396878559722
 30
1.793760276923782
 11
611.6127219347578
 21
268.1120934115278
 31
1.793760276923783
210
0.0
220
6.123233995736766E-17
230
-1.0
  0
LINE
  5
219
330
1F
100
AcDbEntity
  8
Whole Simpsons House v1_Sketch15
100
AcDbLine
 10
629.8329886014244
 20
325.4144934115277
 30
1.793760276923787
 11
629.9871524903133
 21
325.1837767448611
 31
1.793760276923787
210
0.0
220
6.123233995736766E-17
230
-1.0
  0
LINE
  5
21A
330
1F
100
AcDbEntity
  8
Whole Simpsons House v1_Sketch15
100
AcDbLine
 10
562.43161915698
 20
259.2418489670833
 30
1.793760276923783
 11
562.43161915698
 21
256.2414739670833
 31
1.793760276923783
210
0.0
220
6.123233995736766E-17
230
-1.0
  0
LINE
  5
21B
330
1F
100
AcDbEntity
  8
Whole Simpsons House v1_Sketch15
100
AcDbLine
 10
629.6498969347577
 20
325.6233378559722
 30
1.793760276923787
 11
629.8329886014244
 21
325.4144934115277
 31
1.793760276923787
210
0.0
220
6.123233995736766E-17
230
-1.0
  0
LINE
  5
21C
330
1F
100
AcDbEntity
  8
Whole Simpsons House v1_Sketch15
100
AcDbLine
 10
626.0462719347578
 20
323.8460434115277
 30
1.793760276923787
 11
626.0279274903133
 21
324.1229739670833
 31
1.793760276923787
210
0.0
220
6.123233995736766E-17
230
-1.0
  0
LINE
  5
21D
330
1F
100
AcDbEntity
  8
Whole Simpsons House v1_Sketch15
100
AcDbLine
 10
384.8259997125356
 20
251.6179684115278
 30
1.793760276923782
 11
384.8259997125356
 21
254.6186961893055
 31
1.793760276923783
210
0.0
220
6.123233995736766E-17
230
-1.0
  0
LINE
  5
21E
330
1F
100
AcDbEntity
  8
Whole Simpsons House v1_Sketch15
100
AcDbLine
 10
550.9292997125357
 20
307.2905350781944
 30
1.793760276923786
 11
550.9292997125357
 21
322.16294063375
 31
1.793760276923787
210
0.0
220
6.123233995736766E-17
230
-1.0
  0
LINE
  5
21F
330
1F
100
AcDbEntity
  8
Whole Simpsons House v1_Sketch15
100
AcDbLine
 10
626.3122663792022
 20
323.0621711893055
 30
1.793760276923787
 11
626.1894997125357
 21
323.3108795226389
 31
1.793760276923787
210
0.0
220
6.123233995736766E-17
230
-1.0
  0
LINE
  5
220
330
1F
100
AcDbEntity
  8
Whole Simpsons House v1_Sketch15
100
AcDbLine
 10
626.1894997125357
 20
323.3108795226389
 30
1.793760276923787
 11
626.1002469347578
 21
323.5736989670833
 31
1.793760276923787
210
0.0
220
6.123233995736766E-17
230
-1.0
  0
LINE
  5
221
330
1F
100
AcDbEntity
  8
Whole Simpsons House v1_Sketch15
100
AcDbLine
 10
626.1002469347578
 20
323.5736989670833
 30
1.793760276923787
 11
626.0462719347578
 21
323.8460434115277
 31
1.793760276923787
210
0.0
220
6.123233995736766E-17
230
-1.0
  0
LINE
  5
222
330
1F
100
AcDbEntity
  8
Whole Simpsons House v1_Sketch15
100
AcDbLine
 10
566.8367552680911
 20
439.4767211893055
 30
1.793760276923794
 11
569.5044608236467
 21
438.1030045226388
 31
1.793760276923794
210
0.0
220
6.123233995736766E-17
230
-1.0
  0
LINE
  5
223
330
1F
100
AcDbEntity
  8
Whole Simpsons House v1_Sketch15
100
AcDbLine
 10
562.2576997125356
 20
430.5846045226388
 30
1.793760276923793
 11
566.8367552680911
 21
439.4767211893055
 31
1.793760276923794
210
0.0
220
6.123233995736766E-17
230
-1.0
  0
LINE
  5
224
330
1F
100
AcDbEntity
  8
Whole Simpsons House v1_Sketch15
100
AcDbLine
 10
577.3982163792022
 20
387.2070489670833
 30
1.793760276923791
 11
581.9772719347578
 21
378.3152850781943
 31
1.79376027692379
210
0.0
220
6.123233995736766E-17
230
-1.0
  0
LINE
  5
225
330
1F
100
AcDbEntity
  8
Whole Simpsons House v1_Sketch15
100
AcDbLine
 10
568.9329608236468
 20
325.1633156337499
 30
1.793760276923787
 11
568.9329608236468
 21
322.16294063375
 31
1.793760276923787
210
0.0
220
6.123233995736766E-17
230
-1.0
  0
LINE
  5
226
330
1F
100
AcDbEntity
  8
Whole Simpsons House v1_Sketch15
100
AcDbLine
 10
495.3706802680911
 20
352.0213461893054
 30
1.793760276923789
 11
495.3706802680911
 21
346.0537573004167
 31
1.793760276923788
210
0.0
220
6.123233995736766E-17
230
-1.0
  0
LINE
  5
227
330
1F
100
AcDbEntity
  8
Whole Simpsons House v1_Sketch15
100
AcDbLine
 10
479.0508274903134
 20
359.6649823004166
 30
1.793760276923789
 11
471.7126969347578
 21
362.855504522639
 31
1.793760276923789
210
0.0
220
6.123233995736766E-17
230
-1.0
  0
LINE
  5
228
330
1F
100
AcDbEntity
  8
Whole Simpsons House v1_Sketch15
100
AcDbLine
 10
529.4137358236467
 20
346.0537573004167
 30
1.793760276923788
 11
529.4137358236467
 21
352.0213461893054
 31
1.793760276923789
210
0.0
220
6.123233995736766E-17
230
-1.0
  0
LINE
  5
229
330
1F
100
AcDbEntity
  8
Whole Simpsons House v1_Sketch15
100
AcDbLine
 10
629.9871524903133
 20
325.1837767448611
 30
1.793760276923787
 11
630.10991915698
 21
324.9350684115278
 31
1.793760276923787
210
0.0
220
6.123233995736766E-17
230
-1.0
  0
LINE
  5
22A
330
1F
100
AcDbEntity
  8
Whole Simpsons House v1_Sketch15
100
AcDbLine
 10
494.9230052680912
 20
356.9136684115277
 30
1.793760276923789
 11
502.2611358236466
 21
360.1038378559722
 31
1.793760276923789
210
0.0
220
6.123233995736766E-17
230
-1.0
  0
LINE
  5
22B
330
1F
100
AcDbEntity
  8
Whole Simpsons House v1_Sketch15
100
AcDbLine
 10
472.0259636014245
 20
292.80689063375
 30
1.793760276923785
 11
486.0707524903134
 21
282.1272489670833
 31
1.793760276923784
210
0.0
220
6.123233995736766E-17
230
-1.0
  0
LINE
  5
22C
330
1F
100
AcDbEntity
  8
Whole Simpsons House v1_Sketch15
100
AcDbLine
 10
394.8279552680912
 20
424.735901744861
 30
1.793760276923793
 11
394.8279552680912
 21
421.7355267448611
 31
1.793760276923793
210
0.0
220
6.123233995736766E-17
230
-1.0
  0
LINE
  5
22D
330
1F
100
AcDbEntity
  8
Whole Simpsons House v1_Sketch15
100
AcDbLine
 10
354.6797274903134
 20
254.6186961893055
 30
1.793760276923783
 11
354.6797274903134
 21
251.6179684115278
 31
1.793760276923782
210
0.0
220
6.123233995736766E-17
230
-1.0
  0
LINE
  5
22E
330
1F
100
AcDbEntity
  8
Whole Simpsons House v1_Sketch15
100
AcDbLine
 10
513.8925719347578
 20
343.0530295226389
 30
1.793760276923788
 11
513.8925719347578
 21
346.0537573004167
 31
1.793760276923788
210
0.0
220
6.123233995736766E-17
230
-1.0
  0
LINE
  5
22F
330
1F
100
AcDbEntity
  8
Whole Simpsons House v1_Sketch15
100
AcDbLine
 10
452.2347774903134
 20
371.3242878559722
 30
1.79376027692379
 11
444.8966469347578
 21
374.5148100781943
 31
1.79376027692379
210
0.0
220
6.123233995736766E-17
230
-1.0
  0
LINE
  5
230
330
1F
100
AcDbEntity
  8
Whole Simpsons House v1_Sketch15
100
AcDbLine
 10
461.5103636014245
 20
322.16294063375
 30
1.793760276923787
 11
461.5103636014245
 21
325.1633156337499
 31
1.793760276923787
210
0.0
220
6.123233995736766E-17
230
-1.0
  0
LINE
  5
231
330
1F
100
AcDbEntity
  8
Whole Simpsons House v1_Sketch15
100
AcDbLine
 10
521.3153691569801
 20
371.6601323004166
 30
1.79376027692379
 11
522.5116386014246
 21
368.9084656337499
 31
1.793760276923789
210
0.0
220
6.123233995736766E-17
230
-1.0
  0
LINE
  5
232
330
1F
100
AcDbEntity
  8
Whole Simpsons House v1_Sketch15
100
AcDbLine
 10
444.8966469347578
 20
374.5148100781943
 30
1.79376027692379
 11
443.7003774903134
 21
371.7631434115278
 31
1.79376027692379
210
0.0
220
6.123233995736766E-17
230
-1.0
  0
LINE
  5
233
330
1F
100
AcDbEntity
  8
Whole Simpsons House v1_Sketch15
100
AcDbLine
 10
590.492621934758
 20
282.1272489670833
 30
1.793760276923784
 11
590.492621934758
 21
256.2414739670833
 31
1.793760276923783
210
0.0
220
6.123233995736766E-17
230
-1.0
  0
LINE
  5
234
330
1F
100
AcDbEntity
  8
Whole Simpsons House v1_Sketch15
100
AcDbLine
 10
529.84976915698
 20
372.0989878559722
 30
1.79376027692379
 11
528.6531469347578
 21
374.8506545226389
 31
1.79376027692379
210
0.0
220
6.123233995736766E-17
230
-1.0
  0
LINE
  5
235
330
1F
100
AcDbEntity
  8
Whole Simpsons House v1_Sketch15
100
AcDbLine
 10
572.4339274903134
 20
256.2414739670833
 30
1.793760276923783
 11
572.4339274903134
 21
259.2418489670833
 31
1.793760276923783
210
0.0
220
6.123233995736766E-17
230
-1.0
  0
LINE
  5
236
330
1F
100
AcDbEntity
  8
Whole Simpsons House v1_Sketch15
100
AcDbLine
 10
493.7267358236467
 20
359.6649823004166
 30
1.793760276923789
 11
494.9230052680912
 21
356.9136684115277
 31
1.793760276923789
210
0.0
220
6.123233995736766E-17
230
-1.0
  0
LINE
  5
237
330
1F
100
AcDbEntity
  8
Whole Simpsons House v1_Sketch15
100
AcDbLine
 10
501.0645136014244
 20
362.855504522639
 30
1.793760276923789
 11
493.7267358236467
 21
359.6649823004166
 31
1.793760276923789
210
0.0
220
6.123233995736766E-17
230
-1.0
  0
LINE
  5
238
330
1F
100
AcDbEntity
  8
Whole Simpsons House v1_Sketch15
100
AcDbLine
 10
384.8259997125356
 20
421.7355267448611
 30
1.793760276923793
 11
384.8259997125356
 21
424.735901744861
 31
1.793760276923793
210
0.0
220
6.123233995736766E-17
230
-1.0
  0
LINE
  5
239
330
1F
100
AcDbEntity
  8
Whole Simpsons House v1_Sketch15
100
AcDbLine
 10
439.9507024903134
 20
282.1272489670833
 30
1.793760276923784
 11
453.9954913792023
 21
292.80689063375
 31
1.793760276923785
210
0.0
220
6.123233995736766E-17
230
-1.0
  0
LINE
  5
23A
330
1F
100
AcDbEntity
  8
Whole Simpsons House v1_Sketch15
100
AcDbLine
 10
510.8918441569801
 20
355.0217211893054
 30
1.793760276923789
 11
510.8918441569801
 21
352.0213461893054
 31
1.793760276923789
210
0.0
220
6.123233995736766E-17
230
-1.0
  0
LINE
  5
23B
330
1F
100
AcDbEntity
  8
Whole Simpsons House v1_Sketch15
100
AcDbLine
 10
510.8918441569801
 20
346.0537573004167
 30
1.793760276923788
 11
510.8918441569801
 21
343.0530295226389
 31
1.793760276923788
210
0.0
220
6.123233995736766E-17
230
-1.0
  0
LINE
  5
23C
330
1F
100
AcDbEntity
  8
Whole Simpsons House v1_Sketch15
100
AcDbLine
 10
471.7126969347578
 20
362.855504522639
 30
1.793760276923789
 11
470.5164274903134
 21
360.1038378559722
 31
1.793760276923789
210
0.0
220
6.123233995736766E-17
230
-1.0
  0
LINE
  5
23D
330
1F
100
AcDbEntity
  8
Whole Simpsons House v1_Sketch15
100
AcDbLine
 10
464.5110913792023
 20
325.1633156337499
 30
1.793760276923787
 11
464.5110913792023
 21
322.16294063375
 31
1.793760276923787
210
0.0
220
6.123233995736766E-17
230
-1.0
  0
LINE
  5
23E
330
1F
100
AcDbEntity
  8
Whole Simpsons House v1_Sketch15
100
AcDbLine
 10
443.7003774903134
 20
371.7631434115278
 30
1.79376027692379
 11
451.0381552680912
 21
368.5726211893054
 31
1.793760276923789
210
0.0
220
6.123233995736766E-17
230
-1.0
  0
LINE
  5
23F
330
1F
100
AcDbEntity
  8
Whole Simpsons House v1_Sketch15
100
AcDbLine
 10
576.4478330458688
 20
292.80689063375
 30
1.793760276923785
 11
590.492621934758
 21
282.1272489670833
 31
1.793760276923784
210
0.0
220
6.123233995736766E-17
230
-1.0
  0
LINE
  5
240
330
1F
100
AcDbEntity
  8
Whole Simpsons House v1_Sketch15
100
AcDbLine
 10
394.8279552680912
 20
254.6186961893055
 30
1.793760276923783
 11
394.8279552680912
 21
251.6179684115278
 31
1.793760276923782
210
0.0
220
6.123233995736766E-17
230
-1.0
  0
LINE
  5
241
330
1F
100
AcDbEntity
  8
Whole Simpsons House v1_Sketch15
100
AcDbLine
 10
513.8925719347578
 20
352.0213461893054
 30
1.793760276923789
 11
513.8925719347578
 21
355.0217211893054
 31
1.793760276923789
210
0.0
220
6.123233995736766E-17
230
-1.0
  0
LINE
  5
242
330
1F
100
AcDbEntity
  8
Whole Simpsons House v1_Sketch15
100
AcDbLine
 10
458.0097497125356
 20
259.2418489670833
 30
1.793760276923783
 11
458.0097497125356
 21
256.2414739670833
 31
1.793760276923783
210
0.0
220
6.123233995736766E-17
230
-1.0
  0
LINE
  5
243
330
1F
100
AcDbEntity
  8
Whole Simpsons House v1_Sketch15
100
AcDbLine
 10
439.9507024903134
 20
256.2414739670833
 30
1.793760276923783
 11
439.9507024903134
 21
282.1272489670833
 31
1.793760276923784
210
0.0
220
6.123233995736766E-17
230
-1.0
  0
LINE
  5
244
330
1F
100
AcDbEntity
  8
Whole Simpsons House v1_Sketch15
100
AcDbLine
 10
486.0707524903134
 20
282.1272489670833
 30
1.793760276923784
 11
486.0707524903134
 21
256.2414739670833
 31
1.793760276923783
210
0.0
220
6.123233995736766E-17
230
-1.0
  0
LINE
  5
245
330
1F
100
AcDbEntity
  8
Whole Simpsons House v1_Sketch15
100
AcDbLine
 10
468.0117052680912
 20
256.2414739670833
 30
1.793760276923783
 11
468.0117052680912
 21
259.2418489670833
 31
1.793760276923783
210
0.0
220
6.123233995736766E-17
230
-1.0
  0
LINE
  5
246
330
1F
100
AcDbEntity
  8
Whole Simpsons House v1_Sketch15
100
AcDbLine
 10
630.10991915698
 20
324.9350684115278
 30
1.793760276923787
 11
630.1991719347579
 21
324.6718961893055
 31
1.793760276923787
210
0.0
220
6.123233995736766E-17
230
-1.0
  0
LINE
  5
247
330
1F
100
AcDbEntity
  8
Whole Simpsons House v1_Sketch15
100
AcDbLine
 10
544.3729247125357
 20
282.1272489670833
 30
1.793760276923784
 11
558.4177136014246
 21
292.80689063375
 31
1.793760276923785
210
0.0
220
6.123233995736766E-17
230
-1.0
  0
LINE
  5
248
330
1F
100
AcDbEntity
  8
Whole Simpsons House v1_Sketch15
100
AcDbLine
 10
565.9325858236467
 20
322.16294063375
 30
1.793760276923787
 11
565.9325858236467
 21
325.1633156337499
 31
1.793760276923787
210
0.0
220
6.123233995736766E-17
230
-1.0
  0
LINE
  5
249
330
1F
100
AcDbEntity
  8
Whole Simpsons House v1_Sketch15
100
AcDbLine
 10
446.5074302680912
 20
307.2905350781944
 30
1.793760276923786
 11
446.5074302680912
 21
322.16294063375
 31
1.793760276923787
210
0.0
220
6.123233995736766E-17
230
-1.0
  0
LINE
  5
24A
330
1F
100
AcDbEntity
  8
Whole Simpsons House v1_Sketch15
100
AcDbLine
 10
344.6781247125356
 20
251.6179684115278
 30
1.793760276923782
 11
344.6781247125356
 21
254.6186961893055
 31
1.793760276923783
210
0.0
220
6.123233995736766E-17
230
-1.0
  0
LINE
  5
24B
330
1F
100
AcDbEntity
  8
Whole Simpsons House v1_Sketch15
100
AcDbLine
 10
392.2223386014246
 20
466.2910073004167
 30
1.793760276923795
 11
395.2230663792022
 21
466.2910073004167
 31
1.793760276923795
210
0.0
220
6.123233995736766E-17
230
-1.0
  0
LINE
  5
24C
330
1F
100
AcDbEntity
  8
Whole Simpsons House v1_Sketch15
100
AcDbLine
 10
483.2428858236466
 20
242.78794063375
 30
1.793760276923782
 11
493.2448413792023
 21
242.78794063375
 31
1.793760276923782
210
0.0
220
6.123233995736766E-17
230
-1.0
  0
LINE
  5
24D
330
1F
100
AcDbEntity
  8
Whole Simpsons House v1_Sketch15
100
AcDbLine
 10
580.1467080458689
 20
242.78794063375
 30
1.793760276923782
 11
590.1486636014245
 21
242.78794063375
 31
1.793760276923782
210
0.0
220
6.123233995736766E-17
230
-1.0
  0
LINE
  5
24E
330
1F
100
AcDbEntity
  8
Whole Simpsons House v1_Sketch15
100
AcDbLine
 10
440.2946608236467
 20
242.78794063375
 30
1.793760276923782
 11
450.2966163792023
 21
242.78794063375
 31
1.793760276923782
210
0.0
220
6.123233995736766E-17
230
-1.0
  0
LINE
  5
24F
330
1F
100
AcDbEntity
  8
Whole Simpsons House v1_Sketch15
100
AcDbLine
 10
537.1988358236467
 20
242.78794063375
 30
1.793760276923782
 11
547.2007913792023
 21
242.78794063375
 31
1.793760276923782
210
0.0
220
6.123233995736766E-17
230
-1.0
  0
LINE
  5
250
330
1F
100
AcDbEntity
  8
Whole Simpsons House v1_Sketch15
100
AcDbLine
 10
608.7100663792021
 20
475.7211100781944
 30
1.793760276923796
 11
598.7081108236467
 21
475.7211100781944
 31
1.793760276923796
210
0.0
220
6.123233995736766E-17
230
-1.0
  0
LINE
  5
251
330
1F
100
AcDbEntity
  8
Whole Simpsons House v1_Sketch15
100
AcDbLine
 10
649.2304747125357
 20
475.7211100781944
 30
1.793760276923796
 11
639.2285191569799
 21
475.7211100781944
 31
1.793760276923796
210
0.0
220
6.123233995736766E-17
230
-1.0
  0
LINE
  5
252
330
1F
100
AcDbEntity
  8
Whole Simpsons House v1_Sketch15
100
AcDbLine
 10
436.3622469347578
 20
374.9533128559722
 30
1.79376027692379
 11
433.3618719347579
 21
374.9533128559722
 31
1.79376027692379
210
0.0
220
6.123233995736766E-17
230
-1.0
  0
LINE
  5
253
330
1F
100
AcDbEntity
  8
Whole Simpsons House v1_Sketch15
100
AcDbLine
 10
334.6588830458689
 20
244.3775573004167
 30
1.793760276923782
 11
421.4499774903134
 21
244.3775573004167
 31
1.793760276923782
210
0.0
220
6.123233995736766E-17
230
-1.0
  0
LINE
  5
254
330
1F
100
AcDbEntity
  8
Whole Simpsons House v1_Sketch15
100
AcDbLine
 10
659.2324302680912
 20
372.0908739670832
 30
1.79376027692379
 11
620.2959941569801
 21
372.0908739670832
 31
1.79376027692379
210
0.0
220
6.123233995736766E-17
230
-1.0
  0
LINE
  5
255
330
1F
100
AcDbEntity
  8
Whole Simpsons House v1_Sketch15
100
AcDbLine
 10
582.1561302680911
 20
351.3277850781943
 30
1.793760276923788
 11
592.1580858236467
 21
351.3277850781943
 31
1.793760276923788
210
0.0
220
6.123233995736766E-17
230
-1.0
  0
LINE
  5
256
330
1F
100
AcDbEntity
  8
Whole Simpsons House v1_Sketch15
100
AcDbLine
 10
649.2304747125357
 20
351.3277850781943
 30
1.793760276923788
 11
639.2285191569799
 21
351.3277850781943
 31
1.793760276923788
210
0.0
220
6.123233995736766E-17
230
-1.0
  0
LINE
  5
257
330
1F
100
AcDbEntity
  8
Whole Simpsons House v1_Sketch15
100
AcDbLine
 10
597.1502441569801
 20
322.86461563375
 30
1.793760276923787
 11
600.1506191569799
 21
322.86461563375
 31
1.793760276923787
210
0.0
220
6.123233995736766E-17
230
-1.0
  0
LINE
  5
258
330
1F
100
AcDbEntity
  8
Whole Simpsons House v1_Sketch15
100
AcDbLine
 10
427.0326858236467
 20
322.86461563375
 30
1.793760276923787
 11
430.0334136014245
 21
322.86461563375
 31
1.793760276923787
210
0.0
220
6.123233995736766E-17
230
-1.0
  0
LINE
  5
259
330
1F
100
AcDbEntity
  8
Whole Simpsons House v1_Sketch15
100
AcDbLine
 10
598.7081108236467
 20
472.7203823004166
 30
1.793760276923796
 11
569.3986274903134
 21
472.7203823004166
 31
1.793760276923796
210
0.0
220
6.123233995736766E-17
230
-1.0
  0
LINE
  5
25A
330
1F
100
AcDbEntity
  8
Whole Simpsons House v1_Sketch15
100
AcDbLine
 10
659.2324302680912
 20
472.7203823004166
 30
1.793760276923796
 11
649.2304747125357
 21
472.7203823004166
 31
1.793760276923796
210
0.0
220
6.123233995736766E-17
230
-1.0
  0
LINE
  5
25B
330
1F
100
AcDbEntity
  8
Whole Simpsons House v1_Sketch15
100
AcDbLine
 10
639.2285191569799
 20
472.7203823004166
 30
1.793760276923796
 11
608.7100663792021
 21
472.7203823004166
 31
1.793760276923796
210
0.0
220
6.123233995736766E-17
230
-1.0
  0
LINE
  5
25C
330
1F
100
AcDbEntity
  8
Whole Simpsons House v1_Sketch15
100
AcDbLine
 10
620.2959941569801
 20
375.0912489670833
 30
1.79376027692379
 11
659.2324302680912
 21
375.0912489670833
 31
1.79376027692379
210
0.0
220
6.123233995736766E-17
230
-1.0
  0
LINE
  5
25D
330
1F
100
AcDbEntity
  8
Whole Simpsons House v1_Sketch15
100
AcDbLine
 10
395.2230663792022
 20
457.3290406337499
 30
1.793760276923795
 11
392.2223386014246
 21
457.3290406337499
 31
1.793760276923795
210
0.0
220
6.123233995736766E-17
230
-1.0
  0
LINE
  5
25E
330
1F
100
AcDbEntity
  8
Whole Simpsons House v1_Sketch15
100
AcDbLine
 10
407.3371024903134
 20
457.3290406337499
 30
1.793760276923795
 11
401.2241691569801
 21
457.3290406337499
 31
1.793760276923795
210
0.0
220
6.123233995736766E-17
230
-1.0
  0
LINE
  5
25F
330
1F
100
AcDbEntity
  8
Whole Simpsons House v1_Sketch15
100
AcDbLine
 10
590.1486636014245
 20
245.7886684115278
 30
1.793760276923782
 11
600.1506191569799
 21
245.7886684115278
 31
1.793760276923782
210
0.0
220
6.123233995736766E-17
230
-1.0
  0
LINE
  5
260
330
1F
100
AcDbEntity
  8
Whole Simpsons House v1_Sketch15
100
AcDbLine
 10
450.2966163792023
 20
245.7886684115278
 30
1.793760276923782
 11
483.2428858236466
 21
245.7886684115278
 31
1.793760276923782
210
0.0
220
6.123233995736766E-17
230
-1.0
  0
LINE
  5
261
330
1F
100
AcDbEntity
  8
Whole Simpsons House v1_Sketch15
100
AcDbLine
 10
493.2448413792023
 20
245.7886684115278
 30
1.793760276923782
 11
503.24644415698
 21
245.7886684115278
 31
1.793760276923782
210
0.0
220
6.123233995736766E-17
230
-1.0
  0
LINE
  5
262
330
1F
100
AcDbEntity
  8
Whole Simpsons House v1_Sketch15
100
AcDbLine
 10
527.196880268091
 20
245.7886684115278
 30
1.793760276923782
 11
537.1988358236467
 21
245.7886684115278
 31
1.793760276923782
210
0.0
220
6.123233995736766E-17
230
-1.0
  0
LINE
  5
263
330
1F
100
AcDbEntity
  8
Whole Simpsons House v1_Sketch15
100
AcDbLine
 10
547.2007913792023
 20
245.7886684115278
 30
1.793760276923782
 11
580.1467080458689
 21
245.7886684115278
 31
1.793760276923782
210
0.0
220
6.123233995736766E-17
230
-1.0
  0
LINE
  5
264
330
1F
100
AcDbEntity
  8
Whole Simpsons House v1_Sketch15
100
AcDbLine
 10
430.0334136014245
 20
245.7886684115278
 30
1.793760276923782
 11
440.2946608236467
 21
245.7886684115278
 31
1.793760276923782
210
0.0
220
6.123233995736766E-17
230
-1.0
  0
LINE
  5
265
330
1F
100
AcDbEntity
  8
Whole Simpsons House v1_Sketch15
100
AcDbLine
 10
533.6276663792023
 20
479.6930350781944
 30
1.793760276923796
 11
429.6231330458689
 21
479.6930350781944
 31
1.793760276923796
210
0.0
220
6.123233995736766E-17
230
-1.0
  0
LINE
  5
266
330
1F
100
AcDbEntity
  8
Whole Simpsons House v1_Sketch15
100
AcDbLine
 10
533.4145886014245
 20
339.8406350781943
 30
1.793760276923788
 11
436.3622469347578
 21
339.8406350781943
 31
1.793760276923788
210
0.0
220
6.123233995736766E-17
230
-1.0
  0
LINE
  5
267
330
1F
100
AcDbEntity
  8
Whole Simpsons House v1_Sketch15
100
AcDbLine
 10
433.3618719347579
 20
339.8406350781943
 30
1.793760276923788
 11
427.3604163792023
 21
339.8406350781943
 31
1.793760276923788
210
0.0
220
6.123233995736766E-17
230
-1.0
  0
LINE
  5
268
330
1F
100
AcDbEntity
  8
Whole Simpsons House v1_Sketch15
100
AcDbLine
 10
570.5687913792025
 20
354.3281600781943
 30
1.793760276923789
 11
582.1561302680911
 21
354.3281600781943
 31
1.793760276923789
210
0.0
220
6.123233995736766E-17
230
-1.0
  0
LINE
  5
269
330
1F
100
AcDbEntity
  8
Whole Simpsons House v1_Sketch15
100
AcDbLine
 10
592.1580858236467
 20
354.3281600781943
 30
1.793760276923789
 11
624.8725802680912
 21
354.3281600781943
 31
1.793760276923789
210
0.0
220
6.123233995736766E-17
230
-1.0
  0
LINE
  5
26A
330
1F
100
AcDbEntity
  8
Whole Simpsons House v1_Sketch15
100
AcDbLine
 10
639.2285191569799
 20
354.3281600781943
 30
1.793760276923789
 11
649.2304747125357
 21
354.3281600781943
 31
1.793760276923789
210
0.0
220
6.123233995736766E-17
230
-1.0
  0
LINE
  5
26B
330
1F
100
AcDbEntity
  8
Whole Simpsons House v1_Sketch15
100
AcDbLine
 10
395.2230663792022
 20
450.3673239670833
 30
1.793760276923795
 11
404.9731386014245
 21
450.3673239670833
 31
1.793760276923795
210
0.0
220
6.123233995736766E-17
230
-1.0
  0
LINE
  5
26C
330
1F
100
AcDbEntity
  8
Whole Simpsons House v1_Sketch15
100
AcDbLine
 10
533.4145886014245
 20
378.2253267448611
 30
1.79376027692379
 11
536.4153163792024
 21
378.2253267448611
 31
1.79376027692379
210
0.0
220
6.123233995736766E-17
230
-1.0
  0
LINE
  5
26D
330
1F
100
AcDbEntity
  8
Whole Simpsons House v1_Sketch15
100
AcDbLine
 10
362.7287052680911
 20
421.7355267448611
 30
1.793760276923793
 11
345.2372774903134
 21
421.7355267448611
 31
1.793760276923793
210
0.0
220
6.123233995736766E-17
230
-1.0
  0
LINE
  5
26E
330
1F
100
AcDbEntity
  8
Whole Simpsons House v1_Sketch15
100
AcDbLine
 10
394.8279552680912
 20
421.7355267448611
 30
1.793760276923793
 11
384.8259997125356
 21
421.7355267448611
 31
1.793760276923793
210
0.0
220
6.123233995736766E-17
230
-1.0
  0
LINE
  5
26F
330
1F
100
AcDbEntity
  8
Whole Simpsons House v1_Sketch15
100
AcDbLine
 10
421.4499774903134
 20
427.7366295226389
 30
1.793760276923793
 11
362.7287052680912
 21
427.7366295226389
 31
1.793760276923793
210
0.0
220
6.123233995736766E-17
230
-1.0
  0
LINE
  5
270
330
1F
100
AcDbEntity
  8
Whole Simpsons House v1_Sketch15
100
AcDbLine
 10
345.2372774903134
 20
427.7366295226389
 30
1.793760276923793
 11
334.6588830458689
 21
427.7366295226389
 31
1.793760276923793
210
0.0
220
6.123233995736766E-17
230
-1.0
  0
LINE
  5
271
330
1F
100
AcDbEntity
  8
Whole Simpsons House v1_Sketch15
100
AcDbLine
 10
662.2328052680912
 20
400.361426744861
 30
1.793760276923791
 11
659.2324302680912
 21
400.361426744861
 31
1.793760276923791
210
0.0
220
6.123233995736766E-17
230
-1.0
  0
LINE
  5
272
330
1F
100
AcDbEntity
  8
Whole Simpsons House v1_Sketch15
100
AcDbLine
 10
659.2324302680912
 20
390.3594711893055
 30
1.793760276923791
 11
662.2328052680912
 21
390.3594711893055
 31
1.793760276923791
210
0.0
220
6.123233995736766E-17
230
-1.0
  0
LINE
  5
273
330
1F
100
AcDbEntity
  8
Whole Simpsons House v1_Sketch15
100
AcDbLine
 10
392.2223386014246
 20
452.3675739670833
 30
1.793760276923795
 11
395.2230663792022
 21
452.3675739670833
 31
1.793760276923795
210
0.0
220
6.123233995736766E-17
230
-1.0
  0
LINE
  5
274
330
1F
100
AcDbEntity
  8
Whole Simpsons House v1_Sketch15
100
AcDbLine
 10
600.1506191569799
 20
332.8665711893055
 30
1.793760276923787
 11
427.0326858236467
 21
332.8665711893055
 31
1.793760276923787
210
0.0
220
6.123233995736766E-17
230
-1.0
  0
LINE
  5
275
330
1F
100
AcDbEntity
  8
Whole Simpsons House v1_Sketch15
100
AcDbLine
 10
536.4153163792024
 20
368.2233711893054
 30
1.793760276923789
 11
533.4145886014245
 21
368.2233711893054
 31
1.793760276923789
210
0.0
220
6.123233995736766E-17
230
-1.0
  0
LINE
  5
276
330
1F
100
AcDbEntity
  8
Whole Simpsons House v1_Sketch15
100
AcDbLine
 10
600.1506191569799
 20
312.8626600781944
 30
1.793760276923786
 11
597.1502441569801
 21
312.8626600781944
 31
1.793760276923786
210
0.0
220
6.123233995736766E-17
230
-1.0
  0
LINE
  5
277
330
1F
100
AcDbEntity
  8
Whole Simpsons House v1_Sketch15
100
AcDbLine
 10
430.0334136014245
 20
312.8626600781944
 30
1.793760276923786
 11
427.0326858236467
 21
312.8626600781944
 31
1.793760276923786
210
0.0
220
6.123233995736766E-17
230
-1.0
  0
LINE
  5
278
330
1F
100
AcDbEntity
  8
Whole Simpsons House v1_Sketch15
100
AcDbLine
 10
533.6276663792023
 20
432.4465656337499
 30
1.793760276923793
 11
536.62839415698
 21
432.4465656337499
 31
1.793760276923793
210
0.0
220
6.123233995736766E-17
230
-1.0
  0
LINE
  5
279
330
1F
100
AcDbEntity
  8
Whole Simpsons House v1_Sketch15
100
AcDbLine
 10
647.6193386014245
 20
271.1124684115279
 30
1.793760276923783
 11
608.6119941569801
 21
271.1124684115279
 31
1.793760276923783
210
0.0
220
6.123233995736766E-17
230
-1.0
  0
LINE
  5
27A
330
1F
100
AcDbEntity
  8
Whole Simpsons House v1_Sketch15
100
AcDbLine
 10
536.62839415698
 20
442.4485211893056
 30
1.793760276923794
 11
533.6276663792023
 21
442.4485211893056
 31
1.793760276923794
210
0.0
220
6.123233995736766E-17
230
-1.0
  0
LINE
  5
27B
330
1F
100
AcDbEntity
  8
Whole Simpsons House v1_Sketch15
100
AcDbLine
 10
607.7653274903133
 20
278.1789600781943
 30
1.793760276923784
 11
646.7726719347578
 21
278.1789600781943
 31
1.793760276923784
210
0.0
220
6.123233995736766E-17
230
-1.0
  0
LINE
  5
27C
330
1F
100
AcDbEntity
  8
Whole Simpsons House v1_Sketch15
100
AcDbLine
 10
659.2324302680912
 20
328.0021184115277
 30
1.793760276923787
 11
662.2328052680912
 21
328.0021184115277
 31
1.793760276923787
210
0.0
220
6.123233995736766E-17
230
-1.0
  0
LINE
  5
27D
330
1F
100
AcDbEntity
  8
Whole Simpsons House v1_Sketch15
100
AcDbLine
 10
536.62839415698
 20
469.6910795226388
 30
1.793760276923796
 11
533.6276663792023
 21
469.6910795226388
 31
1.793760276923796
210
0.0
220
6.123233995736766E-17
230
-1.0
  0
LINE
  5
27E
330
1F
100
AcDbEntity
  8
Whole Simpsons House v1_Sketch15
100
AcDbLine
 10
649.2304747125357
 20
318.0001628559722
 30
1.793760276923786
 11
659.2324302680912
 21
318.0001628559722
 31
1.793760276923786
210
0.0
220
6.123233995736766E-17
230
-1.0
  0
LINE
  5
27F
330
1F
100
AcDbEntity
  8
Whole Simpsons House v1_Sketch15
100
AcDbLine
 10
392.2223386014246
 20
459.3292906337499
 30
1.793760276923795
 11
395.2230663792022
 21
459.3292906337499
 31
1.793760276923795
210
0.0
220
6.123233995736766E-17
230
-1.0
  0
LINE
  5
280
330
1F
100
AcDbEntity
  8
Whole Simpsons House v1_Sketch15
100
AcDbLine
 10
430.0334136014245
 20
265.7922267448611
 30
1.793760276923783
 11
427.0326858236467
 21
265.7922267448611
 31
1.793760276923783
210
0.0
220
6.123233995736766E-17
230
-1.0
  0
LINE
  5
281
330
1F
100
AcDbEntity
  8
Whole Simpsons House v1_Sketch15
100
AcDbLine
 10
597.1502441569801
 20
265.7922267448611
 30
1.793760276923783
 11
600.1506191569799
 21
265.7922267448611
 31
1.793760276923783
210
0.0
220
6.123233995736766E-17
230
-1.0
  0
LINE
  5
282
330
1F
100
AcDbEntity
  8
Whole Simpsons House v1_Sketch15
100
AcDbLine
 10
395.2230663792022
 20
471.2524739670833
 30
1.793760276923796
 11
392.2223386014246
 21
471.2524739670833
 31
1.793760276923796
210
0.0
220
6.123233995736766E-17
230
-1.0
  0
LINE
  5
283
330
1F
100
AcDbEntity
  8
Whole Simpsons House v1_Sketch15
100
AcDbLine
 10
429.6231330458689
 20
422.4446100781943
 30
1.793760276923793
 11
533.6276663792023
 21
422.4446100781943
 31
1.793760276923793
210
0.0
220
6.123233995736766E-17
230
-1.0
  0
LINE
  5
284
330
1F
100
AcDbEntity
  8
Whole Simpsons House v1_Sketch15
100
AcDbLine
 10
608.6119941569801
 20
250.2393128559722
 30
1.793760276923782
 11
647.6193386014245
 21
250.2393128559722
 31
1.793760276923782
210
0.0
220
6.123233995736766E-17
230
-1.0
  0
LINE
  5
285
330
1F
100
AcDbEntity
  8
Whole Simpsons House v1_Sketch15
100
AcDbLine
 10
662.2328052680912
 20
462.7187795226388
 30
1.793760276923795
 11
659.2324302680912
 21
462.7187795226388
 31
1.793760276923795
210
0.0
220
6.123233995736766E-17
230
-1.0
  0
LINE
  5
286
330
1F
100
AcDbEntity
  8
Whole Simpsons House v1_Sketch15
100
AcDbLine
 10
533.4145886014245
 20
403.8877934115278
 30
1.793760276923792
 11
536.4153163792024
 21
403.8877934115278
 31
1.793760276923792
210
0.0
220
6.123233995736766E-17
230
-1.0
  0
LINE
  5
287
330
1F
100
AcDbEntity
  8
Whole Simpsons House v1_Sketch15
100
AcDbLine
 10
536.4153163792024
 20
393.8861906337499
 30
1.793760276923791
 11
533.4145886014245
 21
393.8861906337499
 31
1.793760276923791
210
0.0
220
6.123233995736766E-17
230
-1.0
  0
LINE
  5
288
330
1F
100
AcDbEntity
  8
Whole Simpsons House v1_Sketch15
100
AcDbLine
 10
427.0326858236467
 20
255.7902711893055
 30
1.793760276923783
 11
430.0334136014245
 21
255.7902711893055
 31
1.793760276923783
210
0.0
220
6.123233995736766E-17
230
-1.0
  0
LINE
  5
289
330
1F
100
AcDbEntity
  8
Whole Simpsons House v1_Sketch15
100
AcDbLine
 10
600.1506191569799
 20
255.7902711893055
 30
1.793760276923783
 11
597.1502441569801
 21
255.7902711893055
 31
1.793760276923783
210
0.0
220
6.123233995736766E-17
230
-1.0
  0
LINE
  5
28A
330
1F
100
AcDbEntity
  8
Whole Simpsons House v1_Sketch15
100
AcDbLine
 10
533.4145886014245
 20
359.8441934115278
 30
1.793760276923789
 11
536.4153163792024
 21
359.8441934115278
 31
1.793760276923789
210
0.0
220
6.123233995736766E-17
230
-1.0
  0
LINE
  5
28B
330
1F
100
AcDbEntity
  8
Whole Simpsons House v1_Sketch15
100
AcDbLine
 10
624.8725802680912
 20
318.00051563375
 30
1.793760276923786
 11
634.8745358236467
 21
318.00051563375
 31
1.793760276923786
210
0.0
220
6.123233995736766E-17
230
-1.0
  0
LINE
  5
28C
330
1F
100
AcDbEntity
  8
Whole Simpsons House v1_Sketch15
100
AcDbLine
 10
634.8745358236467
 20
321.00089063375
 30
1.793760276923787
 11
649.2304747125357
 21
321.00089063375
 31
1.793760276923787
210
0.0
220
6.123233995736766E-17
230
-1.0
  0
LINE
  5
28D
330
1F
100
AcDbEntity
  8
Whole Simpsons House v1_Sketch15
100
AcDbLine
 10
392.2223386014246
 20
473.2527239670833
 30
1.793760276923796
 11
395.2230663792022
 21
473.2527239670833
 31
1.793760276923796
210
0.0
220
6.123233995736766E-17
230
-1.0
  0
LINE
  5
28E
330
1F
100
AcDbEntity
  8
Whole Simpsons House v1_Sketch15
100
AcDbLine
 10
401.2241691569801
 20
478.8692989670834
 30
1.793760276923796
 11
397.5355247125356
 21
478.8692989670834
 31
1.793760276923796
210
0.0
220
6.123233995736766E-17
230
-1.0
  0
LINE
  5
28F
330
1F
100
AcDbEntity
  8
Whole Simpsons House v1_Sketch15
100
AcDbLine
 10
533.6276663792023
 20
459.6891239670833
 30
1.793760276923795
 11
536.62839415698
 21
459.6891239670833
 31
1.793760276923795
210
0.0
220
6.123233995736766E-17
230
-1.0
  0
LINE
  5
290
330
1F
100
AcDbEntity
  8
Whole Simpsons House v1_Sketch15
100
AcDbLine
 10
404.9731386014245
 20
436.91379063375
 30
1.793760276923794
 11
413.3382052680912
 21
436.91379063375
 31
1.793760276923794
210
0.0
220
6.123233995736766E-17
230
-1.0
  0
LINE
  5
291
330
1F
100
AcDbEntity
  8
Whole Simpsons House v1_Sketch15
100
AcDbLine
 10
395.2230663792022
 20
464.2904045226388
 30
1.793760276923795
 11
392.2223386014246
 21
464.2904045226388
 31
1.793760276923795
210
0.0
220
6.123233995736766E-17
230
-1.0
  0
LINE
  5
292
330
1F
100
AcDbEntity
  8
Whole Simpsons House v1_Sketch15
100
AcDbLine
 10
646.7726719347578
 20
299.0524684115278
 30
1.793760276923785
 11
607.7653274903133
 21
299.0524684115278
 31
1.793760276923785
210
0.0
220
6.123233995736766E-17
230
-1.0
  0
LINE
  5
293
330
1F
100
AcDbEntity
  8
Whole Simpsons House v1_Sketch15
100
AcDbLine
 10
536.4153163792024
 20
349.8422378559721
 30
1.793760276923788
 11
533.4145886014245
 21
349.8422378559721
 31
1.793760276923788
210
0.0
220
6.123233995736766E-17
230
-1.0
  0
LINE
  5
294
330
1F
100
AcDbEntity
  8
Whole Simpsons House v1_Sketch15
100
AcDbLine
 10
408.27584415698
 20
457.2549573004166
 30
1.793760276923795
 11
407.3371024903134
 21
457.3290406337499
 31
1.793760276923795
210
0.0
220
6.123233995736766E-17
230
-1.0
  0
LINE
  5
295
330
1F
100
AcDbEntity
  8
Whole Simpsons House v1_Sketch15
100
AcDbLine
 10
643.7722969347578
 20
281.1796878559722
 30
1.793760276923784
 11
610.7660552680911
 21
281.1796878559722
 31
1.793760276923784
210
0.0
220
6.123233995736766E-17
230
-1.0
  0
LINE
  5
296
330
1F
100
AcDbEntity
  8
Whole Simpsons House v1_Sketch15
100
AcDbLine
 10
627.6006108236467
 20
326.1726128559722
 30
1.793760276923787
 11
627.8726024903134
 21
326.1726128559722
 31
1.793760276923787
210
0.0
220
6.123233995736766E-17
230
-1.0
  0
LINE
  5
297
330
1F
100
AcDbEntity
  8
Whole Simpsons House v1_Sketch15
100
AcDbLine
 10
628.6988080458689
 20
326.1726128559722
 30
1.793760276923787
 11
628.9616274903134
 21
326.1726128559722
 31
1.793760276923787
210
0.0
220
6.123233995736766E-17
230
-1.0
  0
LINE
  5
298
330
1F
100
AcDbEntity
  8
Whole Simpsons House v1_Sketch15
100
AcDbLine
 10
662.2328052680912
 20
338.0040739670832
 30
1.793760276923788
 11
659.2324302680912
 21
338.0040739670832
 31
1.793760276923788
210
0.0
220
6.123233995736766E-17
230
-1.0
  0
LINE
  5
299
330
1F
100
AcDbEntity
  8
Whole Simpsons House v1_Sketch15
100
AcDbLine
 10
628.4268163792024
 20
326.2265878559722
 30
1.793760276923787
 11
628.6988080458689
 21
326.2265878559722
 31
1.793760276923787
210
0.0
220
6.123233995736766E-17
230
-1.0
  0
LINE
  5
29A
330
1F
100
AcDbEntity
  8
Whole Simpsons House v1_Sketch15
100
AcDbLine
 10
627.8726024903134
 20
326.2265878559722
 30
1.793760276923787
 11
628.1498858236467
 21
326.2265878559722
 31
1.793760276923787
210
0.0
220
6.123233995736766E-17
230
-1.0
  0
LINE
  5
29B
330
1F
100
AcDbEntity
  8
Whole Simpsons House v1_Sketch15
100
AcDbLine
 10
436.5753247125356
 20
463.6899767448612
 30
1.793760276923795
 11
433.5749497125356
 21
463.6899767448612
 31
1.793760276923795
210
0.0
220
6.123233995736766E-17
230
-1.0
  0
LINE
  5
29C
330
1F
100
AcDbEntity
  8
Whole Simpsons House v1_Sketch15
100
AcDbLine
 10
628.1498858236467
 20
322.00101563375
 30
1.793760276923787
 11
627.8726024903134
 21
322.00101563375
 31
1.793760276923787
210
0.0
220
6.123233995736766E-17
230
-1.0
  0
LINE
  5
29D
330
1F
100
AcDbEntity
  8
Whole Simpsons House v1_Sketch15
100
AcDbLine
 10
659.2324302680912
 20
452.7168239670833
 30
1.793760276923795
 11
662.2328052680912
 21
452.7168239670833
 31
1.793760276923795
210
0.0
220
6.123233995736766E-17
230
-1.0
  0
LINE
  5
29E
330
1F
100
AcDbEntity
  8
Whole Simpsons House v1_Sketch15
100
AcDbLine
 10
628.4268163792024
 20
322.0193600781943
 30
1.793760276923787
 11
628.1498858236467
 21
322.0193600781943
 31
1.793760276923787
210
0.0
220
6.123233995736766E-17
230
-1.0
  0
LINE
  5
29F
330
1F
100
AcDbEntity
  8
Whole Simpsons House v1_Sketch15
100
AcDbLine
 10
627.8726024903134
 20
322.0193600781943
 30
1.793760276923787
 11
627.6006108236467
 21
322.0193600781943
 31
1.793760276923787
210
0.0
220
6.123233995736766E-17
230
-1.0
  0
LINE
  5
2A0
330
1F
100
AcDbEntity
  8
Whole Simpsons House v1_Sketch15
100
AcDbLine
 10
427.3604163792023
 20
413.8897489670833
 30
1.793760276923792
 11
533.4145886014244
 21
413.8897489670833
 31
1.793760276923792
210
0.0
220
6.123233995736766E-17
230
-1.0
  0
LINE
  5
2A1
330
1F
100
AcDbEntity
  8
Whole Simpsons House v1_Sketch15
100
AcDbLine
 10
628.9616274903134
 20
322.1625878559722
 30
1.793760276923787
 11
628.6988080458689
 21
322.1625878559722
 31
1.793760276923787
210
0.0
220
6.123233995736766E-17
230
-1.0
  0
LINE
  5
2A2
330
1F
100
AcDbEntity
  8
Whole Simpsons House v1_Sketch15
100
AcDbLine
 10
433.5749497125356
 20
441.4483961893055
 30
1.793760276923794
 11
436.5753247125356
 21
441.4483961893055
 31
1.793760276923794
210
0.0
220
6.123233995736766E-17
230
-1.0
  0
LINE
  5
2A3
330
1F
100
AcDbEntity
  8
Whole Simpsons House v1_Sketch15
100
AcDbLine
 10
627.3377913792023
 20
326.0833600781944
 30
1.793760276923787
 11
627.6006108236467
 21
326.0833600781944
 31
1.793760276923787
210
0.0
220
6.123233995736766E-17
230
-1.0
  0
LINE
  5
2A4
330
1F
100
AcDbEntity
  8
Whole Simpsons House v1_Sketch15
100
AcDbLine
 10
568.9329608236468
 20
322.16294063375
 30
1.793760276923787
 11
583.93589415698
 21
322.16294063375
 31
1.793760276923787
210
0.0
220
6.123233995736766E-17
230
-1.0
  0
LINE
  5
2A5
330
1F
100
AcDbEntity
  8
Whole Simpsons House v1_Sketch15
100
AcDbLine
 10
464.5110913792023
 20
322.16294063375
 30
1.793760276923787
 11
479.5140247125356
 21
322.16294063375
 31
1.793760276923787
210
0.0
220
6.123233995736766E-17
230
-1.0
  0
LINE
  5
2A6
330
1F
100
AcDbEntity
  8
Whole Simpsons House v1_Sketch15
100
AcDbLine
 10
550.9292997125357
 20
322.16294063375
 30
1.793760276923787
 11
565.9325858236467
 21
322.16294063375
 31
1.793760276923787
210
0.0
220
6.123233995736766E-17
230
-1.0
  0
LINE
  5
2A7
330
1F
100
AcDbEntity
  8
Whole Simpsons House v1_Sketch15
100
AcDbLine
 10
446.5074302680912
 20
322.16294063375
 30
1.793760276923787
 11
461.5103636014245
 21
322.16294063375
 31
1.793760276923787
210
0.0
220
6.123233995736766E-17
230
-1.0
  0
LINE
  5
2A8
330
1F
100
AcDbEntity
  8
Whole Simpsons House v1_Sketch15
100
AcDbLine
 10
568.9329608236468
 20
304.2901600781943
 30
1.793760276923785
 11
565.9325858236467
 21
304.2901600781943
 31
1.793760276923785
210
0.0
220
6.123233995736766E-17
230
-1.0
  0
LINE
  5
2A9
330
1F
100
AcDbEntity
  8
Whole Simpsons House v1_Sketch15
100
AcDbLine
 10
464.5110913792023
 20
304.2901600781943
 30
1.793760276923785
 11
461.5103636014245
 21
304.2901600781943
 31
1.793760276923785
210
0.0
220
6.123233995736766E-17
230
-1.0
  0
LINE
  5
2AA
330
1F
100
AcDbEntity
  8
Whole Simpsons House v1_Sketch15
100
AcDbLine
 10
583.93589415698
 20
307.2905350781944
 30
1.793760276923786
 11
568.9329608236468
 21
307.2905350781944
 31
1.793760276923786
210
0.0
220
6.123233995736766E-17
230
-1.0
  0
LINE
  5
2AB
330
1F
100
AcDbEntity
  8
Whole Simpsons House v1_Sketch15
100
AcDbLine
 10
565.9325858236467
 20
307.2905350781944
 30
1.793760276923786
 11
550.9292997125357
 21
307.2905350781944
 31
1.793760276923786
210
0.0
220
6.123233995736766E-17
230
-1.0
  0
LINE
  5
2AC
330
1F
100
AcDbEntity
  8
Whole Simpsons House v1_Sketch15
100
AcDbLine
 10
479.5140247125356
 20
307.2905350781944
 30
1.793760276923786
 11
464.5110913792023
 21
307.2905350781944
 31
1.793760276923786
210
0.0
220
6.123233995736766E-17
230
-1.0
  0
LINE
  5
2AD
330
1F
100
AcDbEntity
  8
Whole Simpsons House v1_Sketch15
100
AcDbLine
 10
461.5103636014245
 20
307.2905350781944
 30
1.793760276923786
 11
446.5074302680912
 21
307.2905350781944
 31
1.793760276923786
210
0.0
220
6.123233995736766E-17
230
-1.0
  0
LINE
  5
2AE
330
1F
100
AcDbEntity
  8
Whole Simpsons House v1_Sketch15
100
AcDbLine
 10
628.6988080458689
 20
322.0736878559722
 30
1.793760276923787
 11
628.4268163792024
 21
322.0736878559722
 31
1.793760276923787
210
0.0
220
6.123233995736766E-17
230
-1.0
  0
LINE
  5
2AF
330
1F
100
AcDbEntity
  8
Whole Simpsons House v1_Sketch15
100
AcDbLine
 10
627.6006108236467
 20
322.0736878559722
 30
1.793760276923787
 11
627.3377913792023
 21
322.0736878559722
 31
1.793760276923787
210
0.0
220
6.123233995736766E-17
230
-1.0
  0
LINE
  5
2B0
330
1F
100
AcDbEntity
  8
Whole Simpsons House v1_Sketch15
100
AcDbLine
 10
611.6127219347578
 20
268.1120934115278
 30
1.793760276923783
 11
644.6189636014243
 21
268.1120934115278
 31
1.793760276923783
210
0.0
220
6.123233995736766E-17
230
-1.0
  0
LINE
  5
2B1
330
1F
100
AcDbEntity
  8
Whole Simpsons House v1_Sketch15
100
AcDbLine
 10
436.5753247125356
 20
433.4466906337499
 30
1.793760276923793
 11
433.5749497125356
 21
433.4466906337499
 31
1.793760276923793
210
0.0
220
6.123233995736766E-17
230
-1.0
  0
LINE
  5
2B2
330
1F
100
AcDbEntity
  8
Whole Simpsons House v1_Sketch15
100
AcDbLine
 10
628.1498858236467
 20
326.2445795226389
 30
1.793760276923787
 11
628.4268163792024
 21
326.2445795226389
 31
1.793760276923787
210
0.0
220
6.123233995736766E-17
230
-1.0
  0
LINE
  5
2B3
330
1F
100
AcDbEntity
  8
Whole Simpsons House v1_Sketch15
100
AcDbLine
 10
513.8925719347578
 20
346.0537573004167
 30
1.793760276923788
 11
529.4137358236467
 21
346.0537573004167
 31
1.793760276923788
210
0.0
220
6.123233995736766E-17
230
-1.0
  0
LINE
  5
2B4
330
1F
100
AcDbEntity
  8
Whole Simpsons House v1_Sketch15
100
AcDbLine
 10
495.3706802680911
 20
346.0537573004167
 30
1.793760276923788
 11
510.8918441569801
 21
346.0537573004167
 31
1.793760276923788
210
0.0
220
6.123233995736766E-17
230
-1.0
  0
LINE
  5
2B5
330
1F
100
AcDbEntity
  8
Whole Simpsons House v1_Sketch15
100
AcDbLine
 10
644.6189636014243
 20
253.2396878559722
 30
1.793760276923782
 11
611.6127219347578
 21
253.2396878559722
 31
1.793760276923782
210
0.0
220
6.123233995736766E-17
230
-1.0
  0
LINE
  5
2B6
330
1F
100
AcDbEntity
  8
Whole Simpsons House v1_Sketch15
100
AcDbLine
 10
610.7660552680911
 20
296.0520934115278
 30
1.793760276923785
 11
643.7722969347578
 21
296.0520934115278
 31
1.793760276923785
210
0.0
220
6.123233995736766E-17
230
-1.0
  0
LINE
  5
2B7
330
1F
100
AcDbEntity
  8
Whole Simpsons House v1_Sketch15
100
AcDbLine
 10
565.9325858236467
 20
325.1633156337499
 30
1.793760276923787
 11
568.9329608236468
 21
325.1633156337499
 31
1.793760276923787
210
0.0
220
6.123233995736766E-17
230
-1.0
  0
LINE
  5
2B8
330
1F
100
AcDbEntity
  8
Whole Simpsons House v1_Sketch15
100
AcDbLine
 10
461.5103636014245
 20
325.1633156337499
 30
1.793760276923787
 11
464.5110913792023
 21
325.1633156337499
 31
1.793760276923787
210
0.0
220
6.123233995736766E-17
230
-1.0
  0
LINE
  5
2B9
330
1F
100
AcDbEntity
  8
Whole Simpsons House v1_Sketch15
100
AcDbLine
 10
486.0707524903134
 20
256.2414739670833
 30
1.793760276923783
 11
468.0117052680912
 21
256.2414739670833
 31
1.793760276923783
210
0.0
220
6.123233995736766E-17
230
-1.0
  0
LINE
  5
2BA
330
1F
100
AcDbEntity
  8
Whole Simpsons House v1_Sketch15
100
AcDbLine
 10
590.492621934758
 20
256.2414739670833
 30
1.793760276923783
 11
572.4339274903134
 21
256.2414739670833
 31
1.793760276923783
210
0.0
220
6.123233995736766E-17
230
-1.0
  0
LINE
  5
2BB
330
1F
100
AcDbEntity
  8
Whole Simpsons House v1_Sketch15
100
AcDbLine
 10
458.0097497125356
 20
256.2414739670833
 30
1.793760276923783
 11
439.9507024903134
 21
256.2414739670833
 31
1.793760276923783
210
0.0
220
6.123233995736766E-17
230
-1.0
  0
LINE
  5
2BC
330
1F
100
AcDbEntity
  8
Whole Simpsons House v1_Sketch15
100
AcDbLine
 10
562.43161915698
 20
256.2414739670833
 30
1.793760276923783
 11
544.3729247125357
 21
256.2414739670833
 31
1.793760276923783
210
0.0
220
6.123233995736766E-17
230
-1.0
  0
LINE
  5
2BD
330
1F
100
AcDbEntity
  8
Whole Simpsons House v1_Sketch15
100
AcDbLine
 10
433.5749497125356
 20
471.6916823004166
 30
1.793760276923796
 11
436.5753247125356
 21
471.6916823004166
 31
1.793760276923796
210
0.0
220
6.123233995736766E-17
230
-1.0
  0
LINE
  5
2BE
330
1F
100
AcDbEntity
  8
Whole Simpsons House v1_Sketch15
100
AcDbLine
 10
529.4137358236467
 20
352.0213461893054
 30
1.793760276923789
 11
513.8925719347578
 21
352.0213461893054
 31
1.793760276923789
210
0.0
220
6.123233995736766E-17
230
-1.0
  0
LINE
  5
2BF
330
1F
100
AcDbEntity
  8
Whole Simpsons House v1_Sketch15
100
AcDbLine
 10
510.8918441569801
 20
352.0213461893054
 30
1.793760276923789
 11
495.3706802680911
 21
352.0213461893054
 31
1.793760276923789
210
0.0
220
6.123233995736766E-17
230
-1.0
  0
LINE
  5
2C0
330
1F
100
AcDbEntity
  8
Whole Simpsons House v1_Sketch15
100
AcDbLine
 10
354.6797274903134
 20
251.6179684115278
 30
1.793760276923782
 11
344.6781247125356
 21
251.6179684115278
 31
1.793760276923782
210
0.0
220
6.123233995736766E-17
230
-1.0
  0
LINE
  5
2C1
330
1F
100
AcDbEntity
  8
Whole Simpsons House v1_Sketch15
100
AcDbLine
 10
394.8279552680912
 20
251.6179684115278
 30
1.793760276923782
 11
384.8259997125356
 21
251.6179684115278
 31
1.793760276923782
210
0.0
220
6.123233995736766E-17
230
-1.0
  0
LINE
  5
2C2
330
1F
100
AcDbEntity
  8
Whole Simpsons House v1_Sketch15
100
AcDbLine
 10
572.4339274903134
 20
259.2418489670833
 30
1.793760276923783
 11
562.43161915698
 21
259.2418489670833
 31
1.793760276923783
210
0.0
220
6.123233995736766E-17
230
-1.0
  0
LINE
  5
2C3
330
1F
100
AcDbEntity
  8
Whole Simpsons House v1_Sketch15
100
AcDbLine
 10
468.0117052680912
 20
259.2418489670833
 30
1.793760276923783
 11
458.0097497125356
 21
259.2418489670833
 31
1.793760276923783
210
0.0
220
6.123233995736766E-17
230
-1.0
  0
LINE
  5
2C4
330
1F
100
AcDbEntity
  8
Whole Simpsons House v1_Sketch15
100
AcDbLine
 10
558.4177136014246
 20
292.80689063375
 30
1.793760276923785
 11
576.4478330458688
 21
292.80689063375
 31
1.793760276923785
210
0.0
220
6.123233995736766E-17
230
-1.0
  0
LINE
  5
2C5
330
1F
100
AcDbEntity
  8
Whole Simpsons House v1_Sketch15
100
AcDbLine
 10
453.9954913792023
 20
292.80689063375
 30
1.793760276923785
 11
472.0259636014245
 21
292.80689063375
 31
1.793760276923785
210
0.0
220
6.123233995736766E-17
230
-1.0
  0
LINE
  5
2C6
330
1F
100
AcDbEntity
  8
Whole Simpsons House v1_Sketch15
100
AcDbLine
 10
344.6781247125356
 20
254.6186961893055
 30
1.793760276923783
 11
354.6797274903134
 21
254.6186961893055
 31
1.793760276923783
210
0.0
220
6.123233995736766E-17
230
-1.0
  0
LINE
  5
2C7
330
1F
100
AcDbEntity
  8
Whole Simpsons House v1_Sketch15
100
AcDbLine
 10
384.8259997125356
 20
254.6186961893055
 30
1.793760276923783
 11
394.8279552680912
 21
254.6186961893055
 31
1.793760276923783
210
0.0
220
6.123233995736766E-17
230
-1.0
  0
LINE
  5
2C8
330
1F
100
AcDbEntity
  8
Whole Simpsons House v1_Sketch15
100
AcDbLine
 10
510.8918441569801
 20
343.0530295226389
 30
1.793760276923788
 11
513.8925719347578
 21
343.0530295226389
 31
1.793760276923788
210
0.0
220
6.123233995736766E-17
230
-1.0
  0
LINE
  5
2C9
330
1F
100
AcDbEntity
  8
Whole Simpsons House v1_Sketch15
100
AcDbLine
 10
513.8925719347578
 20
355.0217211893054
 30
1.793760276923789
 11
510.8918441569801
 21
355.0217211893054
 31
1.793760276923789
210
0.0
220
6.123233995736766E-17
230
-1.0
  0
LINE
  5
2CA
330
1F
100
AcDbEntity
  8
Whole Simpsons House v1_Sketch15
100
AcDbLine
 10
384.8259997125356
 20
424.735901744861
 30
1.793760276923793
 11
394.8279552680912
 21
424.735901744861
 31
1.793760276923793
210
0.0
220
6.123233995736766E-17
230
-1.0
  0
CIRCLE
  5
2CB
330
1F
100
AcDbEntity
  8
Whole Simpsons House v1_Sketch15
100
AcDbCircle
 10
-620.0000000000001
 20
418.2062397230763
 30
-1.793760276923767
 40
24.99999999999997
210
0.0
220
6.123233995736766E-17
230
-1.0
  0
CIRCLE
  5
2CC
330
1F
100
AcDbEntity
  8
Whole Simpsons House v1_Sketch15
100
AcDbCircle
 10
-485.0
 20
383.2062397230762
 30
-1.793760276923767
 40
18.02775637731996
210
0.0
220
6.123233995736766E-17
230
-1.0
  0
CIRCLE
  5
2CD
330
1F
100
AcDbEntity
  8
Whole Simpsons House v1_Sketch15
100
AcDbCircle
 10
-515.2218386014246
 20
295.1880882758991
 30
-1.793760276923767
 40
2.499999999999993
210
0.0
220
6.123233995736766E-17
230
-1.0
  0
CIRCLE
  5
2CE
330
1F
100
AcDbEntity
  8
Whole Simpsons House v1_Sketch15
100
AcDbCircle
 10
-455.0
 20
393.2062397230762
 30
-1.793760276923767
 40
2.500000000000006
210
0.0
220
6.123233995736766E-17
230
-1.0
  0
CIRCLE
  5
2CF
330
1F
100
AcDbEntity
  8
Whole Simpsons House v1_Sketch15
100
AcDbCircle
 10
-515.0
 20
393.2062397230762
 30
-1.793760276923767
 40
2.49999999999999
210
0.0
220
6.123233995736766E-17
230
-1.0
  0
DIMENSION
  5
2D1
330
1F
100
AcDbEntity
  8
Dimensions
100
AcDbDimension
280
     0
  2
*D1
 10
455.0
 20
390.7062397230762
 30
1.793760276923791
 11
-455.0
 21
383.8678964454874
 31
-1.793760276923767
 70
   163
 71
     5
 42
5.0
 73
     0
 74
     0
 75
     0
210
0.0
220
6.123233995736766E-17
230
-1.0
  3
ISO-25
100
AcDbDiametricDimension
 15
455.0
 25
395.7062397230762
 35
1.793760276923791
 40
0.0
1001
ACAD
1000
DSTYLE
1002
{
1070
   271
1070
     3
1070
    78
1070
     8
1070
   177
1070
   140
1070
   176
1070
   140
1070
   178
1070
   140
1070
    40
1040
1.55987582010582
1070
   277
1070
     2
1002
}
  0
DIMENSION
  5
2DB
330
1F
100
AcDbEntity
  8
Dimensions
100
AcDbDimension
280
     0
  2
*D2
 10
515.2218386014246
 20
292.6880882758991
 30
1.793760276923785
 11
-515.2218386014246
 21
285.8497449983103
 31
-1.793760276923767
 70
   163
 71
     5
 42
5.0
 73
     0
 74
     0
 75
     0
210
0.0
220
6.123233995736766E-17
230
-1.0
  3
ISO-25
100
AcDbDiametricDimension
 15
515.2218386014246
 25
297.6880882758991
 35
1.793760276923785
 40
0.0
1001
ACAD
1000
DSTYLE
1002
{
1070
   271
1070
     3
1070
    78
1070
     8
1070
   177
1070
   140
1070
   176
1070
   140
1070
   178
1070
   140
1070
    40
1040
1.55987582010582
1070
   277
1070
     2
1002
}
  0
DIMENSION
  5
2E4
330
1F
100
AcDbEntity
  8
Dimensions
100
AcDbDimension
280
     0
  2
*D3
 10
515.0
 20
390.7062397230762
 30
1.793760276923791
 11
-515.0
 21
383.8678964454874
 31
-1.793760276923767
 70
   163
 71
     5
 42
5.0
 73
     0
 74
     0
 75
     0
210
0.0
220
6.123233995736766E-17
230
-1.0
  3
ISO-25
100
AcDbDiametricDimension
 15
515.0
 25
395.7062397230762
 35
1.793760276923791
 40
0.0
1001
ACAD
1000
DSTYLE
1002
{
1070
   271
1070
     3
1070
    78
1070
     8
1070
   177
1070
   140
1070
   176
1070
   140
1070
   178
1070
   140
1070
    40
1040
1.55987582010582
1070
   277
1070
     2
1002
}
  0
LINE
  5
2EE
330
1F
100
AcDbEntity
  8
Whole Simpsons House v1_Simpsons_house_02
100
AcDbLine
 10
317.1508177942019
 20
46.52226492180552
 30
1.79376027692377
 11
317.1688094608687
 21
46.79707881069442
 31
1.79376027692377
210
0.0
220
6.123233995736766E-17
230
-1.0
  0
LINE
  5
2EF
330
1F
100
AcDbEntity
  8
Whole Simpsons House v1_Simpsons_house_02
100
AcDbLine
 10
295.2154483497575
 20
24.51528158847222
 30
1.793760276923768
 11
295.2154483497575
 21
34.51723714402782
 31
1.793760276923769
210
0.0
220
6.123233995736766E-17
230
-1.0
  0
LINE
  5
2F0
330
1F
100
AcDbEntity
  8
Whole Simpsons House v1_Simpsons_house_02
100
AcDbLine
 10
95.5238233497575
 20
218.8468010329167
 30
1.79376027692378
 11
95.5238233497575
 21
228.1350871440278
 31
1.793760276923781
210
0.0
220
6.123233995736766E-17
230
-1.0
  0
LINE
  5
2F1
330
1F
100
AcDbEntity
  8
Whole Simpsons House v1_Simpsons_house_02
100
AcDbLine
 10
321.3580455719797
 20
46.52226492180552
 30
1.79376027692377
 11
321.340053905313
 21
46.2478038106944
 31
1.79376027692377
210
0.0
220
6.123233995736766E-17
230
-1.0
  0
LINE
  5
2F2
330
1F
100
AcDbEntity
  8
Whole Simpsons House v1_Simpsons_house_02
100
AcDbLine
 10
317.1688094608687
 20
46.2478038106944
 30
1.79376027692377
 11
317.1508177942019
 21
46.52226492180552
 31
1.79376027692377
210
0.0
220
6.123233995736766E-17
230
-1.0
  0
LINE
  5
2F3
330
1F
100
AcDbEntity
  8
Whole Simpsons House v1_Simpsons_house_02
100
AcDbLine
 10
10.78130946086869
 20
219.4299426995834
 30
1.79376027692378
 11
10.78130946086869
 21
225.8586121440278
 31
1.793760276923781
210
0.0
220
6.123233995736766E-17
230
-1.0
  0
LINE
  5
2F4
330
1F
100
AcDbEntity
  8
Whole Simpsons House v1_Simpsons_house_02
100
AcDbLine
 10
180.5076372386465
 20
111.5667260329167
 30
1.793760276923774
 11
180.5076372386465
 21
121.5686815884722
 31
1.793760276923774
210
0.0
220
6.123233995736766E-17
230
-1.0
  0
LINE
  5
2F5
330
1F
100
AcDbEntity
  8
Whole Simpsons House v1_Simpsons_house_02
100
AcDbLine
 10
317.585792794202
 20
47.80284825513892
 30
1.79376027692377
 11
317.7671205719799
 21
48.0099288106946
 31
1.79376027692377
210
0.0
220
6.123233995736766E-17
230
-1.0
  0
LINE
  5
2F6
330
1F
100
AcDbEntity
  8
Whole Simpsons House v1_Simpsons_house_02
100
AcDbLine
 10
177.9284789053132
 20
30.28178714402774
 30
1.793760276923769
 11
177.9284789053132
 21
40.28374269958329
 31
1.793760276923769
210
0.0
220
6.123233995736766E-17
230
-1.0
  0
LINE
  5
2F7
330
1F
100
AcDbEntity
  8
Whole Simpsons House v1_Simpsons_house_02
100
AcDbLine
 10
321.340053905313
 20
46.79707881069442
 30
1.79376027692377
 11
321.3580455719797
 21
46.52226492180552
 31
1.79376027692377
210
0.0
220
6.123233995736766E-17
230
-1.0
  0
LINE
  5
2F8
330
1F
100
AcDbEntity
  8
Whole Simpsons House v1_Simpsons_house_02
100
AcDbLine
 10
317.2781705719798
 20
72.77034269958332
 30
1.793760276923771
 11
317.2781705719798
 21
67.80922881069444
 31
1.793760276923771
210
0.0
220
6.123233995736766E-17
230
-1.0
  0
LINE
  5
2F9
330
1F
100
AcDbEntity
  8
Whole Simpsons House v1_Simpsons_house_02
100
AcDbLine
 10
317.7671205719799
 20
45.03460103291662
 30
1.79376027692377
 11
317.585792794202
 21
45.24168158847222
 31
1.79376027692377
210
0.0
220
6.123233995736766E-17
230
-1.0
  0
LINE
  5
2FA
330
1F
100
AcDbEntity
  8
Whole Simpsons House v1_Simpsons_house_02
100
AcDbLine
 10
317.3109789053132
 20
47.32730381069441
 30
1.79376027692377
 11
317.4326872386465
 21
47.5738954773611
 31
1.79376027692377
210
0.0
220
6.123233995736766E-17
230
-1.0
  0
LINE
  5
2FB
330
1F
100
AcDbEntity
  8
Whole Simpsons House v1_Simpsons_house_02
100
AcDbLine
 10
318.2028011275353
 20
48.34400936625013
 30
1.79376027692377
 11
318.449392794202
 21
48.46571769958329
 31
1.79376027692377
210
0.0
220
6.123233995736766E-17
230
-1.0
  0
LINE
  5
2FC
330
1F
100
AcDbEntity
  8
Whole Simpsons House v1_Simpsons_house_02
100
AcDbLine
 10
318.449392794202
 20
44.57881214402781
 30
1.79376027692377
 11
318.2028011275353
 21
44.70052047736112
 31
1.79376027692377
210
0.0
220
6.123233995736766E-17
230
-1.0
  0
LINE
  5
2FD
330
1F
100
AcDbEntity
  8
Whole Simpsons House v1_Simpsons_house_02
100
AcDbLine
 10
318.2028011275353
 20
44.70052047736112
 30
1.79376027692377
 11
317.9738483497575
 21
44.85327325513894
 31
1.79376027692377
210
0.0
220
6.123233995736766E-17
230
-1.0
  0
LINE
  5
2FE
330
1F
100
AcDbEntity
  8
Whole Simpsons House v1_Simpsons_house_02
100
AcDbLine
 10
218.2573289053132
 20
187.0872760329167
 30
1.793760276923778
 11
218.2573289053132
 21
179.0347704773611
 31
1.793760276923778
210
0.0
220
6.123233995736766E-17
230
-1.0
  0
LINE
  5
2FF
330
1F
100
AcDbEntity
  8
Whole Simpsons House v1_Simpsons_house_02
100
AcDbLine
 10
317.9738483497575
 20
44.85327325513894
 30
1.79376027692377
 11
317.7671205719799
 21
45.03460103291662
 31
1.79376027692377
210
0.0
220
6.123233995736766E-17
230
-1.0
  0
LINE
  5
300
330
1F
100
AcDbEntity
  8
Whole Simpsons House v1_Simpsons_house_02
100
AcDbLine
 10
317.2227844608687
 20
47.06660103291671
 30
1.79376027692377
 11
317.3109789053132
 21
47.32730381069441
 31
1.79376027692377
210
0.0
220
6.123233995736766E-17
230
-1.0
  0
LINE
  5
301
330
1F
100
AcDbEntity
  8
Whole Simpsons House v1_Simpsons_house_02
100
AcDbLine
 10
317.2227844608687
 20
45.97792881069451
 30
1.79376027692377
 11
317.1688094608687
 21
46.2478038106944
 31
1.79376027692377
210
0.0
220
6.123233995736766E-17
230
-1.0
  0
LINE
  5
302
330
1F
100
AcDbEntity
  8
Whole Simpsons House v1_Simpsons_house_02
100
AcDbLine
 10
107.4470066830908
 20
228.1350871440278
 30
1.793760276923781
 11
107.4470066830908
 21
218.8468010329167
 31
1.79376027692378
210
0.0
220
6.123233995736766E-17
230
-1.0
  0
LINE
  5
303
330
1F
100
AcDbEntity
  8
Whole Simpsons House v1_Simpsons_house_02
100
AcDbLine
 10
186.5690650164243
 20
226.4537482551389
 30
1.793760276923781
 11
186.5690650164243
 21
220.48615936625
 31
1.79376027692378
210
0.0
220
6.123233995736766E-17
230
-1.0
  0
LINE
  5
304
330
1F
100
AcDbEntity
  8
Whole Simpsons House v1_Simpsons_house_02
100
AcDbLine
 10
317.9738483497575
 20
48.19090381069443
 30
1.79376027692377
 11
318.2028011275353
 21
48.34400936625013
 31
1.79376027692377
210
0.0
220
6.123233995736766E-17
230
-1.0
  0
LINE
  5
305
330
1F
100
AcDbEntity
  8
Whole Simpsons House v1_Simpsons_house_02
100
AcDbLine
 10
198.5261150164243
 20
143.1371621440278
 30
1.793760276923776
 11
198.5261150164243
 21
151.1385149218056
 31
1.793760276923776
210
0.0
220
6.123233995736766E-17
230
-1.0
  0
LINE
  5
306
330
1F
100
AcDbEntity
  8
Whole Simpsons House v1_Simpsons_house_02
100
AcDbLine
 10
174.9277511275354
 20
80.80415103291661
 30
1.793760276923772
 11
174.9277511275354
 21
70.80219547736114
 31
1.793760276923771
210
0.0
220
6.123233995736766E-17
230
-1.0
  0
LINE
  5
307
330
1F
100
AcDbEntity
  8
Whole Simpsons House v1_Simpsons_house_02
100
AcDbLine
 10
320.9234233497575
 20
47.80284825513892
 30
1.79376027692377
 11
321.0761761275352
 21
47.5738954773611
 31
1.79376027692377
210
0.0
220
6.123233995736766E-17
230
-1.0
  0
LINE
  5
308
330
1F
100
AcDbEntity
  8
Whole Simpsons House v1_Simpsons_house_02
100
AcDbLine
 10
177.9284789053132
 20
70.80219547736114
 30
1.793760276923771
 11
177.9284789053132
 21
80.80415103291661
 31
1.793760276923772
210
0.0
220
6.123233995736766E-17
230
-1.0
  0
LINE
  5
309
330
1F
100
AcDbEntity
  8
Whole Simpsons House v1_Simpsons_house_02
100
AcDbLine
 10
200.3090539053132
 20
220.1160954773611
 30
1.79376027692378
 11
200.3090539053132
 21
229.4043815884722
 31
1.793760276923781
210
0.0
220
6.123233995736766E-17
230
-1.0
  0
LINE
  5
30A
330
1F
100
AcDbEntity
  8
Whole Simpsons House v1_Simpsons_house_02
100
AcDbLine
 10
24.78376501642421
 20
225.8586121440278
 30
1.793760276923781
 11
24.78376501642421
 21
219.4299426995834
 31
1.79376027692378
210
0.0
220
6.123233995736766E-17
230
-1.0
  0
LINE
  5
30B
330
1F
100
AcDbEntity
  8
Whole Simpsons House v1_Simpsons_house_02
100
AcDbLine
 10
119.5247066830909
 20
213.3431149218056
 30
1.79376027692378
 11
119.5247066830909
 21
222.6314010329167
 31
1.793760276923781
210
0.0
220
6.123233995736766E-17
230
-1.0
  0
LINE
  5
30C
330
1F
100
AcDbEntity
  8
Whole Simpsons House v1_Simpsons_house_02
100
AcDbLine
 10
321.340053905313
 20
46.2478038106944
 30
1.79376027692377
 11
321.2864316830909
 21
45.97792881069451
 31
1.79376027692377
210
0.0
220
6.123233995736766E-17
230
-1.0
  0
LINE
  5
30D
330
1F
100
AcDbEntity
  8
Whole Simpsons House v1_Simpsons_house_02
100
AcDbLine
 10
10.3904316830909
 20
111.5667260329167
 30
1.793760276923774
 11
10.3904316830909
 21
121.5686815884722
 31
1.793760276923774
210
0.0
220
6.123233995736766E-17
230
-1.0
  0
LINE
  5
30E
330
1F
100
AcDbEntity
  8
Whole Simpsons House v1_Simpsons_house_02
100
AcDbLine
 10
321.2864316830909
 20
45.97792881069451
 30
1.79376027692377
 11
321.1978844608687
 21
45.71722603291672
 31
1.79376027692377
210
0.0
220
6.123233995736766E-17
230
-1.0
  0
LINE
  5
30F
330
1F
100
AcDbEntity
  8
Whole Simpsons House v1_Simpsons_house_02
100
AcDbLine
 10
45.26533723864645
 20
211.3788482551389
 30
1.79376027692378
 11
45.26533723864645
 21
225.4426871440278
 31
1.793760276923781
210
0.0
220
6.123233995736766E-17
230
-1.0
  0
LINE
  5
310
330
1F
100
AcDbEntity
  8
Whole Simpsons House v1_Simpsons_house_02
100
AcDbLine
 10
320.3064150164242
 20
48.34400936625013
 30
1.79376027692377
 11
320.5350150164242
 21
48.19090381069443
 31
1.79376027692377
210
0.0
220
6.123233995736766E-17
230
-1.0
  0
LINE
  5
311
330
1F
100
AcDbEntity
  8
Whole Simpsons House v1_Simpsons_house_02
100
AcDbLine
 10
320.07
 20
48.4962397230762
 30
1.79376027692377
 11
320.3064150164242
 21
48.34400936625013
 31
1.79376027692377
210
0.0
220
6.123233995736766E-17
230
-1.0
  0
LINE
  5
312
330
1F
100
AcDbEntity
  8
Whole Simpsons House v1_Simpsons_house_02
100
AcDbLine
 10
321.0761761275352
 20
45.47063436625001
 30
1.79376027692377
 11
320.9234233497575
 21
45.24168158847222
 31
1.79376027692377
210
0.0
220
6.123233995736766E-17
230
-1.0
  0
LINE
  5
313
330
1F
100
AcDbEntity
  8
Whole Simpsons House v1_Simpsons_house_02
100
AcDbLine
 10
321.1978844608687
 20
47.32730381069441
 30
1.79376027692377
 11
321.2864316830909
 21
47.06660103291671
 31
1.79376027692377
210
0.0
220
6.123233995736766E-17
230
-1.0
  0
LINE
  5
314
330
1F
100
AcDbEntity
  8
Whole Simpsons House v1_Simpsons_house_02
100
AcDbLine
 10
124.4861733497576
 20
222.6314010329167
 30
1.793760276923781
 11
124.4861733497576
 21
213.3431149218056
 31
1.79376027692378
210
0.0
220
6.123233995736766E-17
230
-1.0
  0
LINE
  5
315
330
1F
100
AcDbEntity
  8
Whole Simpsons House v1_Simpsons_house_02
100
AcDbLine
 10
138.4092539053132
 20
222.6314010329167
 30
1.793760276923781
 11
138.4092539053132
 21
213.3431149218056
 31
1.79376027692378
210
0.0
220
6.123233995736766E-17
230
-1.0
  0
LINE
  5
316
330
1F
100
AcDbEntity
  8
Whole Simpsons House v1_Simpsons_house_02
100
AcDbLine
 10
93.52322057197982
 20
228.1350871440278
 30
1.793760276923781
 11
93.52322057197982
 21
218.8468010329167
 31
1.79376027692378
210
0.0
220
6.123233995736766E-17
230
-1.0
  0
LINE
  5
317
330
1F
100
AcDbEntity
  8
Whole Simpsons House v1_Simpsons_house_02
100
AcDbLine
 10
320.7420955719797
 20
48.0099288106946
 30
1.79376027692377
 11
320.9234233497575
 21
47.80284825513892
 31
1.79376027692377
210
0.0
220
6.123233995736766E-17
230
-1.0
  0
LINE
  5
318
330
1F
100
AcDbEntity
  8
Whole Simpsons House v1_Simpsons_house_02
100
AcDbLine
 10
320.3064150164242
 20
44.70052047736112
 30
1.79376027692377
 11
320.0594705719798
 21
44.57881214402781
 31
1.79376027692377
210
0.0
220
6.123233995736766E-17
230
-1.0
  0
LINE
  5
319
330
1F
100
AcDbEntity
  8
Whole Simpsons House v1_Simpsons_house_02
100
AcDbLine
 10
298.2161761275352
 20
34.51723714402782
 30
1.793760276923769
 11
298.2161761275352
 21
24.51528158847222
 31
1.793760276923768
210
0.0
220
6.123233995736766E-17
230
-1.0
  0
LINE
  5
31A
330
1F
100
AcDbEntity
  8
Whole Simpsons House v1_Simpsons_house_02
100
AcDbLine
 10
10.3904316830909
 20
146.1830454773611
 30
1.793760276923776
 11
10.3904316830909
 21
156.1850010329167
 31
1.793760276923777
210
0.0
220
6.123233995736766E-17
230
-1.0
  0
LINE
  5
31B
330
1F
100
AcDbEntity
  8
Whole Simpsons House v1_Simpsons_house_02
100
AcDbLine
 10
152.5260094608687
 20
220.48615936625
 30
1.79376027692378
 11
152.5260094608687
 21
226.4537482551389
 31
1.793760276923781
210
0.0
220
6.123233995736766E-17
230
-1.0
  0
LINE
  5
31C
330
1F
100
AcDbEntity
  8
Whole Simpsons House v1_Simpsons_house_02
100
AcDbLine
 10
102.4855400164242
 20
218.8468010329167
 30
1.79376027692378
 11
102.4855400164242
 21
228.1350871440278
 31
1.793760276923781
210
0.0
220
6.123233995736766E-17
230
-1.0
  0
LINE
  5
31D
330
1F
100
AcDbEntity
  8
Whole Simpsons House v1_Simpsons_house_02
100
AcDbLine
 10
219.1936011275354
 20
229.4043815884722
 30
1.793760276923781
 11
219.1936011275354
 21
220.1160954773611
 31
1.79376027692378
210
0.0
220
6.123233995736766E-17
230
-1.0
  0
LINE
  5
31E
330
1F
100
AcDbEntity
  8
Whole Simpsons House v1_Simpsons_house_02
100
AcDbLine
 10
321.1978844608687
 20
45.71722603291672
 30
1.79376027692377
 11
321.0761761275352
 21
45.47063436625001
 31
1.79376027692377
210
0.0
220
6.123233995736766E-17
230
-1.0
  0
LINE
  5
31F
330
1F
100
AcDbEntity
  8
Whole Simpsons House v1_Simpsons_house_02
100
AcDbLine
 10
207.2707705719798
 20
220.1160954773611
 30
1.79376027692378
 11
207.2707705719798
 21
229.4043815884722
 31
1.793760276923781
210
0.0
220
6.123233995736766E-17
230
-1.0
  0
LINE
  5
320
330
1F
100
AcDbEntity
  8
Whole Simpsons House v1_Simpsons_house_02
100
AcDbLine
 10
212.2322372386465
 20
229.4043815884722
 30
1.793760276923781
 11
212.2322372386465
 21
220.1160954773611
 31
1.79376027692378
210
0.0
220
6.123233995736766E-17
230
-1.0
  0
LINE
  5
321
330
1F
100
AcDbEntity
  8
Whole Simpsons House v1_Simpsons_house_02
100
AcDbLine
 10
321.0761761275352
 20
47.5738954773611
 30
1.79376027692377
 11
321.1978844608687
 21
47.32730381069441
 31
1.79376027692377
210
0.0
220
6.123233995736766E-17
230
-1.0
  0
LINE
  5
322
330
1F
100
AcDbEntity
  8
Whole Simpsons House v1_Simpsons_house_02
100
AcDbLine
 10
307.9898844608687
 20
74.77094547736114
 30
1.793760276923771
 11
307.9898844608687
 21
79.73205936625003
 31
1.793760276923772
210
0.0
220
6.123233995736766E-17
230
-1.0
  0
LINE
  5
323
330
1F
100
AcDbEntity
  8
Whole Simpsons House v1_Simpsons_house_02
100
AcDbLine
 10
180.5076372386465
 20
146.1830454773611
 30
1.793760276923776
 11
180.5076372386465
 21
156.1850010329167
 31
1.793760276923777
210
0.0
220
6.123233995736766E-17
230
-1.0
  0
LINE
  5
324
330
1F
100
AcDbEntity
  8
Whole Simpsons House v1_Simpsons_house_02
100
AcDbLine
 10
320.5350150164242
 20
48.19090381069443
 30
1.79376027692377
 11
320.7420955719797
 21
48.0099288106946
 31
1.79376027692377
210
0.0
220
6.123233995736766E-17
230
-1.0
  0
LINE
  5
325
330
1F
100
AcDbEntity
  8
Whole Simpsons House v1_Simpsons_house_02
100
AcDbLine
 10
317.1688094608687
 20
46.79707881069442
 30
1.79376027692377
 11
317.2227844608687
 21
47.06660103291671
 31
1.79376027692377
210
0.0
220
6.123233995736766E-17
230
-1.0
  0
LINE
  5
326
330
1F
100
AcDbEntity
  8
Whole Simpsons House v1_Simpsons_house_02
100
AcDbLine
 10
74.96675668309094
 20
225.4426871440278
 30
1.793760276923781
 11
74.96675668309094
 21
211.3788482551389
 31
1.79376027692378
210
0.0
220
6.123233995736766E-17
230
-1.0
  0
LINE
  5
327
330
1F
100
AcDbEntity
  8
Whole Simpsons House v1_Simpsons_house_02
100
AcDbLine
 10
183.5083650164242
 20
156.1850010329167
 30
1.793760276923777
 11
183.5083650164242
 21
146.1830454773611
 31
1.793760276923776
210
0.0
220
6.123233995736766E-17
230
-1.0
  0
LINE
  5
328
330
1F
100
AcDbEntity
  8
Whole Simpsons House v1_Simpsons_house_02
100
AcDbLine
 10
7.780581683090871
 20
228.8589871440278
 30
1.793760276923781
 11
7.780581683090871
 21
216.4292149218056
 31
1.79376027692378
210
0.0
220
6.123233995736766E-17
230
-1.0
  0
LINE
  5
329
330
1F
100
AcDbEntity
  8
Whole Simpsons House v1_Simpsons_house_02
100
AcDbLine
 10
281.8222400164242
 20
225.5171232551389
 30
1.793760276923781
 11
281.0715289053132
 21
225.7446649218056
 31
1.793760276923781
210
0.0
220
6.123233995736766E-17
230
-1.0
  0
LINE
  5
32A
330
1F
100
AcDbEntity
  8
Whole Simpsons House v1_Simpsons_house_02
100
AcDbLine
 10
140.4098566830909
 20
211.3428649218056
 30
1.79376027692378
 11
140.4098566830909
 21
224.6320038106945
 31
1.793760276923781
210
0.0
220
6.123233995736766E-17
230
-1.0
  0
LINE
  5
32B
330
1F
100
AcDbEntity
  8
Whole Simpsons House v1_Simpsons_house_02
100
AcDbLine
 10
230.8948872386465
 20
6.615689921805612
 30
1.793760276923767
 11
230.8948872386465
 21
9.616417699583325
 31
1.793760276923767
210
0.0
220
6.123233995736766E-17
230
-1.0
  0
LINE
  5
32C
330
1F
100
AcDbEntity
  8
Whole Simpsons House v1_Simpsons_house_02
100
AcDbLine
 10
289.213992794202
 20
6.456587144027803
 30
1.793760276923767
 11
289.2884289053132
 21
5.517845477361116
 31
1.793760276923767
210
0.0
220
6.123233995736766E-17
230
-1.0
  0
LINE
  5
32D
330
1F
100
AcDbEntity
  8
Whole Simpsons House v1_Simpsons_house_02
100
AcDbLine
 10
261.1120677942021
 20
221.8210704773611
 30
1.793760276923781
 11
261.1120677942021
 21
213.8193649218056
 31
1.79376027692378
210
0.0
220
6.123233995736766E-17
230
-1.0
  0
LINE
  5
32E
330
1F
100
AcDbEntity
  8
Whole Simpsons House v1_Simpsons_house_02
100
AcDbLine
 10
284.214778905313
 20
222.6014149218056
 30
1.793760276923781
 11
283.9872372386465
 21
223.3517732551389
 31
1.793760276923781
210
0.0
220
6.123233995736766E-17
230
-1.0
  0
LINE
  5
32F
330
1F
100
AcDbEntity
  8
Whole Simpsons House v1_Simpsons_house_02
100
AcDbLine
 10
291.4671844608687
 20
75.85291492180563
 30
1.793760276923771
 11
291.4671844608687
 21
72.8525399218056
 31
1.793760276923771
210
0.0
220
6.123233995736766E-17
230
-1.0
  0
LINE
  5
330
330
1F
100
AcDbEntity
  8
Whole Simpsons House v1_Simpsons_house_02
100
AcDbLine
 10
289.2884289053132
 20
5.517845477361116
 30
1.793760276923767
 11
289.5082094608686
 21
4.602034366250007
 31
1.793760276923767
210
0.0
220
6.123233995736766E-17
230
-1.0
  0
LINE
  5
331
330
1F
100
AcDbEntity
  8
Whole Simpsons House v1_Simpsons_house_02
100
AcDbLine
 10
279.5577594608687
 20
10.06444547736113
 30
1.793760276923767
 11
264.8575094608686
 21
14.86998436625001
 31
1.793760276923768
210
0.0
220
6.123233995736766E-17
230
-1.0
  0
LINE
  5
332
330
1F
100
AcDbEntity
  8
Whole Simpsons House v1_Simpsons_house_02
100
AcDbLine
 10
261.1889733497575
 20
222.6014149218056
 30
1.793760276923781
 11
261.1120677942021
 21
221.8210704773611
 31
1.793760276923781
210
0.0
220
6.123233995736766E-17
230
-1.0
  0
LINE
  5
333
330
1F
100
AcDbEntity
  8
Whole Simpsons House v1_Simpsons_house_02
100
AcDbLine
 10
299.5592011275352
 20
83.36813992180554
 30
1.793760276923772
 11
284.6000122386463
 21
87.29561492180552
 31
1.793760276923772
210
0.0
220
6.123233995736766E-17
230
-1.0
  0
LINE
  5
334
330
1F
100
AcDbEntity
  8
Whole Simpsons House v1_Simpsons_house_02
100
AcDbLine
 10
234.8957400164243
 20
16.03415103291664
 30
1.793760276923768
 11
220.1954900164243
 21
11.22861214402782
 31
1.793760276923768
210
0.0
220
6.123233995736766E-17
230
-1.0
  0
LINE
  5
335
330
1F
100
AcDbEntity
  8
Whole Simpsons House v1_Simpsons_house_02
100
AcDbLine
 10
198.3084511275354
 20
231.40498436625
 30
1.793760276923781
 11
198.3084511275354
 21
218.1158454773611
 31
1.79376027692378
210
0.0
220
6.123233995736766E-17
230
-1.0
  0
LINE
  5
336
330
1F
100
AcDbEntity
  8
Whole Simpsons House v1_Simpsons_house_02
100
AcDbLine
 10
283.1201094608687
 20
224.6499954773611
 30
1.793760276923781
 11
282.5136844608687
 21
225.1477649218056
 31
1.793760276923781
210
0.0
220
6.123233995736766E-17
230
-1.0
  0
LINE
  5
337
330
1F
100
AcDbEntity
  8
Whole Simpsons House v1_Simpsons_house_02
100
AcDbLine
 10
220.1954900164243
 20
11.22861214402782
 30
1.793760276923768
 11
234.8957400164243
 21
1.47113158847223
 31
1.793760276923767
210
0.0
220
6.123233995736766E-17
230
-1.0
  0
LINE
  5
338
330
1F
100
AcDbEntity
  8
Whole Simpsons House v1_Simpsons_house_02
100
AcDbLine
 10
284.6000122386463
 20
87.29561492180552
 30
1.793760276923772
 11
284.6000122386463
 21
75.85291492180563
 31
1.793760276923771
210
0.0
220
6.123233995736766E-17
230
-1.0
  0
LINE
  5
339
330
1F
100
AcDbEntity
  8
Whole Simpsons House v1_Simpsons_house_02
100
AcDbLine
 10
117.5241039053132
 20
224.6320038106945
 30
1.793760276923781
 11
117.5241039053132
 21
211.3428649218056
 31
1.79376027692378
210
0.0
220
6.123233995736766E-17
230
-1.0
  0
LINE
  5
33A
330
1F
100
AcDbEntity
  8
Whole Simpsons House v1_Simpsons_house_02
100
AcDbLine
 10
283.9872372386465
 20
223.3517732551389
 30
1.793760276923781
 11
283.617878905313
 21
224.0435704773611
 31
1.793760276923781
210
0.0
220
6.123233995736766E-17
230
-1.0
  0
LINE
  5
33B
330
1F
100
AcDbEntity
  8
Whole Simpsons House v1_Simpsons_house_02
100
AcDbLine
 10
282.5136844608687
 20
225.1477649218056
 30
1.793760276923781
 11
281.8222400164242
 21
225.5171232551389
 31
1.793760276923781
210
0.0
220
6.123233995736766E-17
230
-1.0
  0
LINE
  5
33C
330
1F
100
AcDbEntity
  8
Whole Simpsons House v1_Simpsons_house_02
100
AcDbLine
 10
284.6000122386463
 20
61.40983992180551
 30
1.793760276923771
 11
299.5592011275352
 21
65.33766769958333
 31
1.793760276923771
210
0.0
220
6.123233995736766E-17
230
-1.0
  0
LINE
  5
33D
330
1F
100
AcDbEntity
  8
Whole Simpsons House v1_Simpsons_house_02
100
AcDbLine
 10
305.9892816830908
 20
81.73230936625
 30
1.793760276923772
 11
305.9892816830908
 21
58.84690936625012
 31
1.793760276923771
210
0.0
220
6.123233995736766E-17
230
-1.0
  0
LINE
  5
33E
330
1F
100
AcDbEntity
  8
Whole Simpsons House v1_Simpsons_house_02
100
AcDbLine
 10
264.3322233497576
 20
225.7446649218056
 30
1.793760276923781
 11
263.5818650164243
 21
225.5171232551389
 31
1.793760276923781
210
0.0
220
6.123233995736766E-17
230
-1.0
  0
LINE
  5
33F
330
1F
100
AcDbEntity
  8
Whole Simpsons House v1_Simpsons_house_02
100
AcDbLine
 10
284.2920372386465
 20
219.8204676995834
 30
1.79376027692378
 11
284.2920372386465
 21
221.8210704773611
 31
1.793760276923781
210
0.0
220
6.123233995736766E-17
230
-1.0
  0
LINE
  5
340
330
1F
100
AcDbEntity
  8
Whole Simpsons House v1_Simpsons_house_02
100
AcDbLine
 10
221.1942039053132
 20
218.1158454773611
 30
1.79376027692378
 11
221.1942039053132
 21
231.40498436625
 31
1.793760276923781
210
0.0
220
6.123233995736766E-17
230
-1.0
  0
LINE
  5
341
330
1F
100
AcDbEntity
  8
Whole Simpsons House v1_Simpsons_house_02
100
AcDbLine
 10
283.617878905313
 20
224.0435704773611
 30
1.793760276923781
 11
283.1201094608687
 21
224.6499954773611
 31
1.793760276923781
210
0.0
220
6.123233995736766E-17
230
-1.0
  0
LINE
  5
342
330
1F
100
AcDbEntity
  8
Whole Simpsons House v1_Simpsons_house_02
100
AcDbLine
 10
284.6000122386463
 20
72.8525399218056
 30
1.793760276923771
 11
284.6000122386463
 21
61.40983992180551
 31
1.793760276923771
210
0.0
220
6.123233995736766E-17
230
-1.0
  0
LINE
  5
343
330
1F
100
AcDbEntity
  8
Whole Simpsons House v1_Simpsons_house_02
100
AcDbLine
 10
261.7862261275354
 20
224.0435704773611
 30
1.793760276923781
 11
261.4165150164243
 21
223.3517732551389
 31
1.793760276923781
210
0.0
220
6.123233995736766E-17
230
-1.0
  0
LINE
  5
344
330
1F
100
AcDbEntity
  8
Whole Simpsons House v1_Simpsons_house_02
100
AcDbLine
 10
289.213992794202
 20
12.66970936625012
 30
1.793760276923768
 11
289.213992794202
 21
6.456587144027803
 31
1.793760276923767
210
0.0
220
6.123233995736766E-17
230
-1.0
  0
LINE
  5
345
330
1F
100
AcDbEntity
  8
Whole Simpsons House v1_Simpsons_house_02
100
AcDbLine
 10
264.8575094608686
 20
14.86998436625001
 30
1.793760276923768
 11
264.8575094608686
 21
8.451898255138813
 31
1.793760276923767
210
0.0
220
6.123233995736766E-17
230
-1.0
  0
LINE
  5
346
330
1F
100
AcDbEntity
  8
Whole Simpsons House v1_Simpsons_house_02
100
AcDbLine
 10
285.179978905313
 20
36.21833158847223
 30
1.793760276923769
 11
285.6858622386465
 21
35.42422881069432
 31
1.793760276923769
210
0.0
220
6.123233995736766E-17
230
-1.0
  0
LINE
  5
347
330
1F
100
AcDbEntity
  8
Whole Simpsons House v1_Simpsons_house_02
100
AcDbLine
 10
617.9989872386465
 20
196.0637065884723
 30
1.793760276923779
 11
617.3872705719798
 21
195.3475676995834
 31
1.793760276923779
210
0.0
220
6.123233995736766E-17
230
-1.0
  0
LINE
  5
348
330
1F
100
AcDbEntity
  8
Whole Simpsons House v1_Simpsons_house_02
100
AcDbLine
 10
261.4165150164243
 20
223.3517732551389
 30
1.793760276923781
 11
261.1889733497575
 21
222.6014149218056
 31
1.793760276923781
210
0.0
220
6.123233995736766E-17
230
-1.0
  0
LINE
  5
349
330
1F
100
AcDbEntity
  8
Whole Simpsons House v1_Simpsons_house_02
100
AcDbLine
 10
319.2784205719798
 20
58.84690936625012
 30
1.793760276923771
 11
319.2784205719798
 21
81.73230936625
 31
1.793760276923772
210
0.0
220
6.123233995736766E-17
230
-1.0
  0
LINE
  5
34A
330
1F
100
AcDbEntity
  8
Whole Simpsons House v1_Simpsons_house_02
100
AcDbLine
 10
268.8580094608687
 20
8.451898255138813
 30
1.793760276923767
 11
268.8580094608687
 21
5.451523255138923
 31
1.793760276923767
210
0.0
220
6.123233995736766E-17
230
-1.0
  0
LINE
  5
34B
330
1F
100
AcDbEntity
  8
Whole Simpsons House v1_Simpsons_house_02
100
AcDbLine
 10
262.8904205719797
 20
225.1477649218056
 30
1.793760276923781
 11
262.2839955719798
 21
224.6499954773611
 31
1.793760276923781
210
0.0
220
6.123233995736766E-17
230
-1.0
  0
LINE
  5
34C
330
1F
100
AcDbEntity
  8
Whole Simpsons House v1_Simpsons_house_02
100
AcDbLine
 10
285.179978905313
 20
22.81418714402772
 30
1.793760276923768
 11
284.8046233497575
 21
21.95093992180552
 31
1.793760276923768
210
0.0
220
6.123233995736766E-17
230
-1.0
  0
LINE
  5
34D
330
1F
100
AcDbEntity
  8
Whole Simpsons House v1_Simpsons_house_02
100
AcDbLine
 10
314.5162733497575
 20
22.47552047736109
 30
1.793760276923768
 11
313.8047205719798
 21
21.74632881069452
 31
1.793760276923768
210
0.0
220
6.123233995736766E-17
230
-1.0
  0
LINE
  5
34E
330
1F
100
AcDbEntity
  8
Whole Simpsons House v1_Simpsons_house_02
100
AcDbLine
 10
616.3151789053131
 20
192.75888436625
 30
1.793760276923779
 11
616.2410955719797
 21
191.8201426995833
 31
1.793760276923779
210
0.0
220
6.123233995736766E-17
230
-1.0
  0
LINE
  5
34F
330
1F
100
AcDbEntity
  8
Whole Simpsons House v1_Simpsons_house_02
100
AcDbLine
 10
284.4786566830908
 20
38.93119269958333
 30
1.793760276923769
 11
284.568967794202
 21
37.99386214402783
 31
1.793760276923769
210
0.0
220
6.123233995736766E-17
230
-1.0
  0
LINE
  5
350
330
1F
100
AcDbEntity
  8
Whole Simpsons House v1_Simpsons_house_02
100
AcDbLine
 10
312.7608511275354
 20
18.13000381069444
 30
1.793760276923768
 11
313.0000344608687
 21
17.38493714402781
 31
1.793760276923768
210
0.0
220
6.123233995736766E-17
230
-1.0
  0
LINE
  5
351
330
1F
100
AcDbEntity
  8
Whole Simpsons House v1_Simpsons_house_02
100
AcDbLine
 10
594.7008372386464
 20
185.70720936625
 30
1.793760276923778
 11
594.7008372386464
 21
182.0185649218056
 31
1.793760276923778
210
0.0
220
6.123233995736766E-17
230
-1.0
  0
LINE
  5
352
330
1F
100
AcDbEntity
  8
Whole Simpsons House v1_Simpsons_house_02
100
AcDbLine
 10
264.8575094608686
 20
5.451523255138923
 30
1.793760276923767
 11
264.8575094608686
 21
0.3069649218055137
 31
1.793760276923767
210
0.0
220
6.123233995736766E-17
230
-1.0
  0
LINE
  5
353
330
1F
100
AcDbEntity
  8
Whole Simpsons House v1_Simpsons_house_02
100
AcDbLine
 10
623.2028122386464
 20
179.7061065884722
 30
1.793760276923778
 11
623.2028122386464
 21
189.4565315884722
 31
1.793760276923779
210
0.0
220
6.123233995736766E-17
230
-1.0
  0
LINE
  5
354
330
1F
100
AcDbEntity
  8
Whole Simpsons House v1_Simpsons_house_02
100
AcDbLine
 10
270.7263205719798
 20
219.8204676995834
 30
1.79376027692378
 11
270.7263205719798
 21
213.8193649218056
 31
1.79376027692378
210
0.0
220
6.123233995736766E-17
230
-1.0
  0
LINE
  5
355
330
1F
100
AcDbEntity
  8
Whole Simpsons House v1_Simpsons_house_02
100
AcDbLine
 10
284.5361594608688
 20
39.8709926995833
 30
1.793760276923769
 11
284.4786566830908
 21
38.93119269958333
 31
1.793760276923769
210
0.0
220
6.123233995736766E-17
230
-1.0
  0
LINE
  5
356
330
1F
100
AcDbEntity
  8
Whole Simpsons House v1_Simpsons_house_02
100
AcDbLine
 10
241.2125789053132
 20
4.633784366250032
 30
1.793760276923767
 11
241.7223427942019
 21
4.037237144027733
 31
1.793760276923767
210
0.0
220
6.123233995736766E-17
230
-1.0
  0
LINE
  5
357
330
1F
100
AcDbEntity
  8
Whole Simpsons House v1_Simpsons_house_02
100
AcDbLine
 10
202.0821150164243
 20
193.0883788106945
 30
1.793760276923779
 11
202.0821150164243
 21
173.0350788106945
 31
1.793760276923777
210
0.0
220
6.123233995736766E-17
230
-1.0
  0
LINE
  5
358
330
1F
100
AcDbEntity
  8
Whole Simpsons House v1_Simpsons_house_02
100
AcDbLine
 10
313.8047205719798
 20
21.74632881069452
 30
1.793760276923768
 11
313.3150650164242
 21
21.13425936625002
 31
1.793760276923768
210
0.0
220
6.123233995736766E-17
230
-1.0
  0
LINE
  5
359
330
1F
100
AcDbEntity
  8
Whole Simpsons House v1_Simpsons_house_02
100
AcDbLine
 10
314.8284816830908
 20
49.07743436624992
 30
1.79376027692377
 11
314.5328539053132
 21
48.47806492180562
 31
1.79376027692377
210
0.0
220
6.123233995736766E-17
230
-1.0
  0
LINE
  5
35A
330
1F
100
AcDbEntity
  8
Whole Simpsons House v1_Simpsons_house_02
100
AcDbLine
 10
264.8575094608686
 20
0.3069649218055137
 30
1.793760276923767
 11
279.5577594608687
 21
10.06444547736113
 31
1.793760276923767
210
0.0
220
6.123233995736766E-17
230
-1.0
  0
LINE
  5
35B
330
1F
100
AcDbEntity
  8
Whole Simpsons House v1_Simpsons_house_02
100
AcDbLine
 10
189.5697927942021
 20
217.48578436625
 30
1.79376027692378
 11
189.5697927942021
 21
229.4544760329167
 31
1.793760276923781
210
0.0
220
6.123233995736766E-17
230
-1.0
  0
LINE
  5
35C
330
1F
100
AcDbEntity
  8
Whole Simpsons House v1_Simpsons_house_02
100
AcDbLine
 10
234.8957400164243
 20
1.47113158847223
 30
1.793760276923767
 11
234.8957400164243
 21
6.615689921805612
 31
1.793760276923767
210
0.0
220
6.123233995736766E-17
230
-1.0
  0
LINE
  5
35D
330
1F
100
AcDbEntity
  8
Whole Simpsons House v1_Simpsons_house_02
100
AcDbLine
 10
258.0944066830909
 20
5.303003810694401
 30
1.793760276923767
 11
258.3946205719798
 21
6.027962144027815
 31
1.793760276923767
210
0.0
220
6.123233995736766E-17
230
-1.0
  0
LINE
  5
35E
330
1F
100
AcDbEntity
  8
Whole Simpsons House v1_Simpsons_house_02
100
AcDbLine
 10
231.714742794202
 20
209.4600899218056
 30
1.79376027692378
 11
231.714742794202
 21
206.4597149218056
 31
1.793760276923779
210
0.0
220
6.123233995736766E-17
230
-1.0
  0
LINE
  5
35F
330
1F
100
AcDbEntity
  8
Whole Simpsons House v1_Simpsons_house_02
100
AcDbLine
 10
277.1553427942021
 20
213.8193649218056
 30
1.79376027692378
 11
277.1553427942021
 21
216.8197399218056
 31
1.79376027692378
210
0.0
220
6.123233995736766E-17
230
-1.0
  0
LINE
  5
360
330
1F
100
AcDbEntity
  8
Whole Simpsons House v1_Simpsons_house_02
100
AcDbLine
 10
229.4481455719797
 20
223.0004065884722
 30
1.793760276923781
 11
229.4481455719797
 21
209.4600899218056
 31
1.79376027692378
210
0.0
220
6.123233995736766E-17
230
-1.0
  0
LINE
  5
361
330
1F
100
AcDbEntity
  8
Whole Simpsons House v1_Simpsons_house_02
100
AcDbLine
 10
284.2920372386465
 20
221.8210704773611
 30
1.793760276923781
 11
284.214778905313
 21
222.6014149218056
 31
1.793760276923781
210
0.0
220
6.123233995736766E-17
230
-1.0
  0
LINE
  5
362
330
1F
100
AcDbEntity
  8
Whole Simpsons House v1_Simpsons_house_02
100
AcDbLine
 10
263.5818650164243
 20
225.5171232551389
 30
1.793760276923781
 11
262.8904205719797
 21
225.1477649218056
 31
1.793760276923781
210
0.0
220
6.123233995736766E-17
230
-1.0
  0
LINE
  5
363
330
1F
100
AcDbEntity
  8
Whole Simpsons House v1_Simpsons_house_02
100
AcDbLine
 10
262.2839955719798
 20
224.6499954773611
 30
1.793760276923781
 11
261.7862261275354
 21
224.0435704773611
 31
1.793760276923781
210
0.0
220
6.123233995736766E-17
230
-1.0
  0
LINE
  5
364
330
1F
100
AcDbEntity
  8
Whole Simpsons House v1_Simpsons_house_02
100
AcDbLine
 10
264.4606344608687
 20
213.8193649218056
 30
1.79376027692378
 11
264.4606344608687
 21
219.8204676995833
 31
1.79376027692378
210
0.0
220
6.123233995736766E-17
230
-1.0
  0
LINE
  5
365
330
1F
100
AcDbEntity
  8
Whole Simpsons House v1_Simpsons_house_02
100
AcDbLine
 10
286.3099261275352
 20
24.31384547736112
 30
1.793760276923768
 11
285.6858622386465
 21
23.60864269958329
 31
1.793760276923768
210
0.0
220
6.123233995736766E-17
230
-1.0
  0
LINE
  5
366
330
1F
100
AcDbEntity
  8
Whole Simpsons House v1_Simpsons_house_02
100
AcDbLine
 10
258.6394483497575
 20
7.573128810694413
 30
1.793760276923767
 11
258.6394483497575
 21
8.573606588472227
 31
1.793760276923767
210
0.0
220
6.123233995736766E-17
230
-1.0
  0
LINE
  5
367
330
1F
100
AcDbEntity
  8
Whole Simpsons House v1_Simpsons_house_02
100
AcDbLine
 10
27.78449279420203
 20
216.4292149218056
 30
1.79376027692378
 11
27.78449279420203
 21
228.8589871440278
 31
1.793760276923781
210
0.0
220
6.123233995736766E-17
230
-1.0
  0
LINE
  5
368
330
1F
100
AcDbEntity
  8
Whole Simpsons House v1_Simpsons_house_02
100
AcDbLine
 10
312.737567794202
 20
19.6871649218055
 30
1.793760276923768
 11
312.6723039053132
 21
18.90717325513894
 31
1.793760276923768
210
0.0
220
6.123233995736766E-17
230
-1.0
  0
LINE
  5
369
330
1F
100
AcDbEntity
  8
Whole Simpsons House v1_Simpsons_house_02
100
AcDbLine
 10
287.2454927942021
 20
25.21730936625002
 30
1.793760276923768
 11
286.3099261275352
 21
24.31384547736112
 31
1.793760276923768
210
0.0
220
6.123233995736766E-17
230
-1.0
  0
LINE
  5
36A
330
1F
100
AcDbEntity
  8
Whole Simpsons House v1_Simpsons_house_02
100
AcDbLine
 10
316.9387983497576
 20
19.22502603291662
 30
1.793760276923768
 11
321.8762761275354
 21
24.33536492180549
 31
1.793760276923768
210
0.0
220
6.123233995736766E-17
230
-1.0
  0
LINE
  5
36B
330
1F
100
AcDbEntity
  8
Whole Simpsons House v1_Simpsons_house_02
100
AcDbLine
 10
285.5634483497576
 20
16.55485103291671
 30
1.793760276923768
 11
286.1624650164243
 21
15.82812881069443
 31
1.793760276923768
210
0.0
220
6.123233995736766E-17
230
-1.0
  0
LINE
  5
36C
330
1F
100
AcDbEntity
  8
Whole Simpsons House v1_Simpsons_house_02
100
AcDbLine
 10
234.8957400164243
 20
9.616417699583325
 30
1.793760276923767
 11
234.8957400164243
 21
16.03415103291664
 31
1.793760276923768
210
0.0
220
6.123233995736766E-17
230
-1.0
  0
LINE
  5
36D
330
1F
100
AcDbEntity
  8
Whole Simpsons House v1_Simpsons_house_02
100
AcDbLine
 10
609.2793789053133
 20
179.7061065884722
 30
1.793760276923778
 11
609.2793789053133
 21
176.7053788106945
 31
1.793760276923778
210
0.0
220
6.123233995736766E-17
230
-1.0
  0
LINE
  5
36E
330
1F
100
AcDbEntity
  8
Whole Simpsons House v1_Simpsons_house_02
100
AcDbLine
 10
318.5873289053132
 20
51.63260381069462
 30
1.79376027692377
 11
317.931867794202
 21
51.45868436625
 31
1.79376027692377
210
0.0
220
6.123233995736766E-17
230
-1.0
  0
LINE
  5
36F
330
1F
100
AcDbEntity
  8
Whole Simpsons House v1_Simpsons_house_02
100
AcDbLine
 10
285.0854344608687
 20
41.66663158847219
 30
1.793760276923769
 11
284.7400650164242
 21
40.7903315884722
 31
1.793760276923769
210
0.0
220
6.123233995736766E-17
230
-1.0
  0
LINE
  5
370
330
1F
100
AcDbEntity
  8
Whole Simpsons House v1_Simpsons_house_02
100
AcDbLine
 10
290.9718844608687
 20
2.213023255138919
 30
1.793760276923767
 11
291.6880233497575
 21
1.601306588472212
 31
1.793760276923767
210
0.0
220
6.123233995736766E-17
230
-1.0
  0
LINE
  5
371
330
1F
100
AcDbEntity
  8
Whole Simpsons House v1_Simpsons_house_02
100
AcDbLine
 10
299.5592011275352
 20
65.33766769958333
 30
1.793760276923771
 11
299.5592011275352
 21
83.36813992180554
 31
1.793760276923772
210
0.0
220
6.123233995736766E-17
230
-1.0
  0
LINE
  5
372
330
1F
100
AcDbEntity
  8
Whole Simpsons House v1_Simpsons_house_02
100
AcDbLine
 10
313.0000344608687
 20
17.38493714402781
 30
1.793760276923768
 11
313.3810344608688
 21
16.70054825513895
 31
1.793760276923768
210
0.0
220
6.123233995736766E-17
230
-1.0
  0
LINE
  5
373
330
1F
100
AcDbEntity
  8
Whole Simpsons House v1_Simpsons_house_02
100
AcDbLine
 10
280.1560705719797
 20
216.8197399218056
 30
1.79376027692378
 11
280.1560705719797
 21
219.8204676995834
 31
1.79376027692378
210
0.0
220
6.123233995736766E-17
230
-1.0
  0
LINE
  5
374
330
1F
100
AcDbEntity
  8
Whole Simpsons House v1_Simpsons_house_02
100
AcDbLine
 10
284.568967794202
 20
21.03900936625003
 30
1.793760276923768
 11
284.4786566830908
 21
20.10167881069441
 31
1.793760276923768
210
0.0
220
6.123233995736766E-17
230
-1.0
  0
LINE
  5
375
330
1F
100
AcDbEntity
  8
Whole Simpsons House v1_Simpsons_house_02
100
AcDbLine
 10
289.5082094608686
 20
54.43083714402783
 30
1.79376027692377
 11
289.2884289053132
 21
53.51502603291672
 31
1.79376027692377
210
0.0
220
6.123233995736766E-17
230
-1.0
  0
LINE
  5
376
330
1F
100
AcDbEntity
  8
Whole Simpsons House v1_Simpsons_house_02
100
AcDbLine
 10
308.6905011275352
 20
16.5735482551389
 30
1.793760276923768
 11
308.6905011275352
 21
42.4593232551389
 31
1.793760276923769
210
0.0
220
6.123233995736766E-17
230
-1.0
  0
LINE
  5
377
330
1F
100
AcDbEntity
  8
Whole Simpsons House v1_Simpsons_house_02
100
AcDbLine
 10
228.7140150164243
 20
206.4597149218056
 30
1.793760276923779
 11
228.7140150164243
 21
203.4589871440278
 31
1.793760276923779
210
0.0
220
6.123233995736766E-17
230
-1.0
  0
LINE
  5
378
330
1F
100
AcDbEntity
  8
Whole Simpsons House v1_Simpsons_house_02
100
AcDbLine
 10
317.931867794202
 20
51.45868436625
 30
1.79376027692377
 11
317.2986316830908
 21
51.24384269958335
 31
1.79376027692377
210
0.0
220
6.123233995736766E-17
230
-1.0
  0
LINE
  5
379
330
1F
100
AcDbEntity
  8
Whole Simpsons House v1_Simpsons_house_02
100
AcDbLine
 10
221.2580566830909
 20
173.0350788106945
 30
1.793760276923777
 11
221.2580566830909
 21
193.0883788106945
 31
1.793760276923779
210
0.0
220
6.123233995736766E-17
230
-1.0
  0
LINE
  5
37A
330
1F
100
AcDbEntity
  8
Whole Simpsons House v1_Simpsons_house_02
100
AcDbLine
 10
285.5634483497576
 20
42.47802047736113
 30
1.793760276923769
 11
285.0854344608687
 21
41.66663158847219
 31
1.793760276923769
210
0.0
220
6.123233995736766E-17
230
-1.0
  0
LINE
  5
37B
330
1F
100
AcDbEntity
  8
Whole Simpsons House v1_Simpsons_house_02
100
AcDbLine
 10
313.3150650164242
 20
21.13425936625002
 30
1.793760276923768
 11
312.954878905313
 21
20.43893436625002
 31
1.793760276923768
210
0.0
220
6.123233995736766E-17
230
-1.0
  0
LINE
  5
37C
330
1F
100
AcDbEntity
  8
Whole Simpsons House v1_Simpsons_house_02
100
AcDbLine
 10
597.4108761275354
 20
179.4545760329167
 30
1.793760276923778
 11
595.3488900164243
 21
177.2751149218056
 31
1.793760276923778
210
0.0
220
6.123233995736766E-17
230
-1.0
  0
LINE
  5
37D
330
1F
100
AcDbEntity
  8
Whole Simpsons House v1_Simpsons_house_02
100
AcDbLine
 10
290.3605205719797
 20
2.929162144027719
 30
1.793760276923767
 11
290.9718844608687
 21
2.213023255138919
 31
1.793760276923767
210
0.0
220
6.123233995736766E-17
230
-1.0
  0
LINE
  5
37E
330
1F
100
AcDbEntity
  8
Whole Simpsons House v1_Simpsons_house_02
100
AcDbLine
 10
594.7008372386464
 20
182.0185649218056
 30
1.793760276923778
 11
597.4108761275354
 21
179.4545760329167
 31
1.793760276923778
210
0.0
220
6.123233995736766E-17
230
-1.0
  0
LINE
  5
37F
330
1F
100
AcDbEntity
  8
Whole Simpsons House v1_Simpsons_house_02
100
AcDbLine
 10
255.1839900164243
 20
2.816978810694509
 30
1.793760276923767
 11
255.9089483497576
 21
3.117545477361122
 31
1.793760276923767
210
0.0
220
6.123233995736766E-17
230
-1.0
  0
LINE
  5
380
330
1F
100
AcDbEntity
  8
Whole Simpsons House v1_Simpsons_house_02
100
AcDbLine
 10
243.713067794202
 20
2.816978810694509
 30
1.793760276923767
 11
244.4761261275354
 21
2.633887144027819
 31
1.793760276923767
210
0.0
220
6.123233995736766E-17
230
-1.0
  0
LINE
  5
381
330
1F
100
AcDbEntity
  8
Whole Simpsons House v1_Simpsons_house_02
100
AcDbLine
 10
292.2147205719797
 20
31.01697603291673
 30
1.793760276923769
 11
292.2147205719797
 21
28.01624825513893
 31
1.793760276923769
210
0.0
220
6.123233995736766E-17
230
-1.0
  0
LINE
  5
382
330
1F
100
AcDbEntity
  8
Whole Simpsons House v1_Simpsons_house_02
100
AcDbLine
 10
284.4786566830908
 20
20.10167881069441
 30
1.793760276923768
 11
284.5361594608688
 21
19.16187881069451
 31
1.793760276923768
210
0.0
220
6.123233995736766E-17
230
-1.0
  0
LINE
  5
383
330
1F
100
AcDbEntity
  8
Whole Simpsons House v1_Simpsons_house_02
100
AcDbLine
 10
252.6644511275353
 20
203.4589871440278
 30
1.793760276923779
 11
252.6644511275353
 21
206.4597149218056
 31
1.793760276923779
210
0.0
220
6.123233995736766E-17
230
-1.0
  0
LINE
  5
384
330
1F
100
AcDbEntity
  8
Whole Simpsons House v1_Simpsons_house_02
100
AcDbLine
 10
319.097092794202
 20
17.1404621440277
 30
1.793760276923768
 11
316.9387983497576
 21
19.22502603291662
 31
1.793760276923768
210
0.0
220
6.123233995736766E-17
230
-1.0
  0
LINE
  5
385
330
1F
100
AcDbEntity
  8
Whole Simpsons House v1_Simpsons_house_02
100
AcDbLine
 10
252.4263261275354
 20
11.57433436625002
 30
1.793760276923768
 11
252.4263261275354
 21
14.5747093662501
 31
1.793760276923768
210
0.0
220
6.123233995736766E-17
230
-1.0
  0
LINE
  5
386
330
1F
100
AcDbEntity
  8
Whole Simpsons House v1_Simpsons_house_02
100
AcDbLine
 10
620.3879983497576
 20
197.52773436625
 30
1.793760276923779
 11
619.5176955719797
 21
197.1671954773611
 31
1.793760276923779
210
0.0
220
6.123233995736766E-17
230
-1.0
  0
LINE
  5
387
330
1F
100
AcDbEntity
  8
Whole Simpsons House v1_Simpsons_house_02
100
AcDbLine
 10
240.5020844608687
 20
6.027962144027815
 30
1.793760276923767
 11
240.8026511275354
 21
5.303003810694401
 31
1.793760276923767
210
0.0
220
6.123233995736766E-17
230
-1.0
  0
LINE
  5
388
330
1F
100
AcDbEntity
  8
Whole Simpsons House v1_Simpsons_house_02
100
AcDbLine
 10
617.3872705719798
 20
195.3475676995834
 30
1.793760276923779
 11
616.8951455719798
 21
194.5446454773611
 31
1.793760276923779
210
0.0
220
6.123233995736766E-17
230
-1.0
  0
LINE
  5
389
330
1F
100
AcDbEntity
  8
Whole Simpsons House v1_Simpsons_house_02
100
AcDbLine
 10
284.5361594608688
 20
19.16187881069451
 30
1.793760276923768
 11
284.7400650164242
 21
18.24253992180561
 31
1.793760276923768
210
0.0
220
6.123233995736766E-17
230
-1.0
  0
LINE
  5
38A
330
1F
100
AcDbEntity
  8
Whole Simpsons House v1_Simpsons_house_02
100
AcDbLine
 10
251.9303205719797
 20
209.4600899218056
 30
1.79376027692378
 11
251.9303205719797
 21
223.0004065884722
 31
1.793760276923781
210
0.0
220
6.123233995736766E-17
230
-1.0
  0
LINE
  5
38B
330
1F
100
AcDbEntity
  8
Whole Simpsons House v1_Simpsons_house_02
100
AcDbLine
 10
243.4580094608687
 20
11.57433436625002
 30
1.793760276923768
 11
243.4580094608687
 21
8.573606588472227
 31
1.793760276923767
210
0.0
220
6.123233995736766E-17
230
-1.0
  0
LINE
  5
38C
330
1F
100
AcDbEntity
  8
Whole Simpsons House v1_Simpsons_house_02
100
AcDbLine
 10
616.8951455719798
 20
194.5446454773611
 30
1.793760276923779
 11
616.534606683091
 21
193.6746954773611
 31
1.793760276923779
210
0.0
220
6.123233995736766E-17
230
-1.0
  0
LINE
  5
38D
330
1F
100
AcDbEntity
  8
Whole Simpsons House v1_Simpsons_house_02
100
AcDbLine
 10
321.2102316830909
 20
51.24384269958335
 30
1.79376027692377
 11
320.5773483497575
 21
51.45868436625
 31
1.79376027692377
210
0.0
220
6.123233995736766E-17
230
-1.0
  0
LINE
  5
38E
330
1F
100
AcDbEntity
  8
Whole Simpsons House v1_Simpsons_house_02
100
AcDbLine
 10
258.3946205719798
 20
6.027962144027815
 30
1.793760276923767
 11
258.5780650164242
 21
6.791020477361131
 31
1.793760276923767
210
0.0
220
6.123233995736766E-17
230
-1.0
  0
LINE
  5
38F
330
1F
100
AcDbEntity
  8
Whole Simpsons House v1_Simpsons_house_02
100
AcDbLine
 10
289.213992794202
 20
46.36316214402783
 30
1.79376027692377
 11
286.1624650164243
 21
43.20438992180561
 31
1.793760276923769
210
0.0
220
6.123233995736766E-17
230
-1.0
  0
LINE
  5
390
330
1F
100
AcDbEntity
  8
Whole Simpsons House v1_Simpsons_house_02
100
AcDbLine
 10
602.3176622386466
 20
179.7061065884722
 30
1.793760276923778
 11
602.3176622386466
 21
176.7053788106945
 31
1.793760276923778
210
0.0
220
6.123233995736766E-17
230
-1.0
  0
LINE
  5
391
330
1F
100
AcDbEntity
  8
Whole Simpsons House v1_Simpsons_house_02
100
AcDbLine
 10
308.6905011275352
 20
42.4593232551389
 30
1.793760276923769
 11
298.2161761275352
 21
52.57628436625
 31
1.79376027692377
210
0.0
220
6.123233995736766E-17
230
-1.0
  0
LINE
  5
392
330
1F
100
AcDbEntity
  8
Whole Simpsons House v1_Simpsons_house_02
100
AcDbLine
 10
286.1624650164243
 20
15.82812881069443
 30
1.793760276923768
 11
289.213992794202
 21
12.66970936625012
 31
1.793760276923768
210
0.0
220
6.123233995736766E-17
230
-1.0
  0
LINE
  5
393
330
1F
100
AcDbEntity
  8
Whole Simpsons House v1_Simpsons_house_02
100
AcDbLine
 10
285.6858622386465
 20
35.42422881069432
 30
1.793760276923769
 11
286.3099261275352
 21
34.71902603291671
 31
1.793760276923769
210
0.0
220
6.123233995736766E-17
230
-1.0
  0
LINE
  5
394
330
1F
100
AcDbEntity
  8
Whole Simpsons House v1_Simpsons_house_02
100
AcDbLine
 10
607.2791289053132
 20
176.7053788106945
 30
1.793760276923778
 11
607.2791289053132
 21
179.7061065884722
 31
1.793760276923778
210
0.0
220
6.123233995736766E-17
230
-1.0
  0
LINE
  5
395
330
1F
100
AcDbEntity
  8
Whole Simpsons House v1_Simpsons_house_02
100
AcDbLine
 10
246.4587372386465
 20
14.5747093662501
 30
1.793760276923768
 11
246.4587372386465
 21
11.57433436625002
 31
1.793760276923768
210
0.0
220
6.123233995736766E-17
230
-1.0
  0
LINE
  5
396
330
1F
100
AcDbEntity
  8
Whole Simpsons House v1_Simpsons_house_02
100
AcDbLine
 10
314.144092794202
 20
46.52226492180552
 30
1.79376027692377
 11
314.5162733497575
 21
22.47552047736109
 31
1.793760276923768
210
0.0
220
6.123233995736766E-17
230
-1.0
  0
LINE
  5
397
330
1F
100
AcDbEntity
  8
Whole Simpsons House v1_Simpsons_house_02
100
AcDbLine
 10
255.9089483497576
 20
3.117545477361122
 30
1.793760276923767
 11
256.578167794202
 21
3.527473255138913
 31
1.793760276923767
210
0.0
220
6.123233995736766E-17
230
-1.0
  0
LINE
  5
398
330
1F
100
AcDbEntity
  8
Whole Simpsons House v1_Simpsons_house_02
100
AcDbLine
 10
317.2986316830908
 20
51.24384269958335
 30
1.79376027692377
 11
316.6992622386464
 21
50.94821492180554
 31
1.79376027692377
210
0.0
220
6.123233995736766E-17
230
-1.0
  0
LINE
  5
399
330
1F
100
AcDbEntity
  8
Whole Simpsons House v1_Simpsons_house_02
100
AcDbLine
 10
242.3188900164243
 20
3.527473255138913
 30
1.793760276923767
 11
242.9881094608687
 21
3.117545477361122
 31
1.793760276923767
210
0.0
220
6.123233995736766E-17
230
-1.0
  0
LINE
  5
39A
330
1F
100
AcDbEntity
  8
Whole Simpsons House v1_Simpsons_house_02
100
AcDbLine
 10
314.5328539053132
 20
48.47806492180562
 30
1.79376027692377
 11
314.3180122386465
 21
47.8448288106946
 31
1.79376027692377
210
0.0
220
6.123233995736766E-17
230
-1.0
  0
LINE
  5
39B
330
1F
100
AcDbEntity
  8
Whole Simpsons House v1_Simpsons_house_02
100
AcDbLine
 10
295.2154483497575
 20
21.28560103291671
 30
1.793760276923768
 11
293.0575066830909
 21
19.20103714402782
 31
1.793760276923768
210
0.0
220
6.123233995736766E-17
230
-1.0
  0
LINE
  5
39C
330
1F
100
AcDbEntity
  8
Whole Simpsons House v1_Simpsons_house_02
100
AcDbLine
 10
292.4909455719798
 20
1.10918158847223
 30
1.793760276923767
 11
293.3608955719798
 21
0.7489954773611249
 31
1.793760276923767
210
0.0
220
6.123233995736766E-17
230
-1.0
  0
LINE
  5
39D
330
1F
100
AcDbEntity
  8
Whole Simpsons House v1_Simpsons_house_02
100
AcDbLine
 10
285.6858622386465
 20
23.60864269958329
 30
1.793760276923768
 11
285.179978905313
 21
22.81418714402772
 31
1.793760276923768
210
0.0
220
6.123233995736766E-17
230
-1.0
  0
LINE
  5
39E
330
1F
100
AcDbEntity
  8
Whole Simpsons House v1_Simpsons_house_02
100
AcDbLine
 10
255.4267011275354
 20
8.573606588472227
 30
1.793760276923767
 11
255.4267011275354
 21
11.57433436625002
 31
1.793760276923768
210
0.0
220
6.123233995736766E-17
230
-1.0
  0
LINE
  5
39F
330
1F
100
AcDbEntity
  8
Whole Simpsons House v1_Simpsons_house_02
100
AcDbLine
 10
313.8890344608687
 20
16.10329547736111
 30
1.793760276923768
 11
316.8040372386463
 21
13.28777603291673
 31
1.793760276923768
210
0.0
220
6.123233995736766E-17
230
-1.0
  0
LINE
  5
3A0
330
1F
100
AcDbEntity
  8
Whole Simpsons House v1_Simpsons_house_02
100
AcDbLine
 10
294.2767066830909
 20
58.57773992180551
 30
1.793760276923771
 11
293.3608955719798
 21
58.28387603291674
 31
1.793760276923771
210
0.0
220
6.123233995736766E-17
230
-1.0
  0
LINE
  5
3A1
330
1F
100
AcDbEntity
  8
Whole Simpsons House v1_Simpsons_house_02
100
AcDbLine
 10
284.8046233497575
 20
37.08193158847222
 30
1.793760276923769
 11
285.179978905313
 21
36.21833158847223
 31
1.793760276923769
210
0.0
220
6.123233995736766E-17
230
-1.0
  0
LINE
  5
3A2
330
1F
100
AcDbEntity
  8
Whole Simpsons House v1_Simpsons_house_02
100
AcDbLine
 10
618.7147733497576
 20
196.6754232551389
 30
1.793760276923779
 11
617.9989872386465
 21
196.0637065884723
 31
1.793760276923779
210
0.0
220
6.123233995736766E-17
230
-1.0
  0
LINE
  5
3A3
330
1F
100
AcDbEntity
  8
Whole Simpsons House v1_Simpsons_house_02
100
AcDbLine
 10
636.6559927942019
 20
189.4565315884722
 30
1.793760276923779
 11
636.6559927942019
 21
197.8212454773611
 31
1.793760276923779
210
0.0
220
6.123233995736766E-17
230
-1.0
  0
LINE
  5
3A4
330
1F
100
AcDbEntity
  8
Whole Simpsons House v1_Simpsons_house_02
100
AcDbLine
 10
289.4037872386465
 20
31.7309982551389
 30
1.793760276923769
 11
289.4037872386465
 21
31.01697603291673
 31
1.793760276923769
210
0.0
220
6.123233995736766E-17
230
-1.0
  0
LINE
  5
3A5
330
1F
100
AcDbEntity
  8
Whole Simpsons House v1_Simpsons_house_02
100
AcDbLine
 10
312.6723039053132
 20
18.90717325513894
 30
1.793760276923768
 11
312.7608511275354
 21
18.13000381069444
 31
1.793760276923768
210
0.0
220
6.123233995736766E-17
230
-1.0
  0
LINE
  5
3A6
330
1F
100
AcDbEntity
  8
Whole Simpsons House v1_Simpsons_house_02
100
AcDbLine
 10
257.684478905313
 20
4.633784366250032
 30
1.793760276923767
 11
258.0944066830909
 21
5.303003810694401
 31
1.793760276923767
210
0.0
220
6.123233995736766E-17
230
-1.0
  0
LINE
  5
3A7
330
1F
100
AcDbEntity
  8
Whole Simpsons House v1_Simpsons_house_02
100
AcDbLine
 10
616.2410955719797
 20
191.8201426995833
 30
1.793760276923779
 11
616.2410955719797
 21
185.70720936625
 31
1.793760276923778
210
0.0
220
6.123233995736766E-17
230
-1.0
  0
LINE
  5
3A8
330
1F
100
AcDbEntity
  8
Whole Simpsons House v1_Simpsons_house_02
100
AcDbLine
 10
313.3810344608688
 20
16.70054825513895
 30
1.793760276923768
 11
313.8890344608687
 21
16.10329547736111
 31
1.793760276923768
210
0.0
220
6.123233995736766E-17
230
-1.0
  0
LINE
  5
3A9
330
1F
100
AcDbEntity
  8
Whole Simpsons House v1_Simpsons_house_02
100
AcDbLine
 10
312.954878905313
 20
20.43893436625002
 30
1.793760276923768
 11
312.737567794202
 21
19.6871649218055
 31
1.793760276923768
210
0.0
220
6.123233995736766E-17
230
-1.0
  0
LINE
  5
3AA
330
1F
100
AcDbEntity
  8
Whole Simpsons House v1_Simpsons_house_02
100
AcDbLine
 10
315.6409289053131
 20
50.13612047736112
 30
1.79376027692377
 11
315.199956683091
 21
49.63341214402769
 31
1.79376027692377
210
0.0
220
6.123233995736766E-17
230
-1.0
  0
LINE
  5
3AB
330
1F
100
AcDbEntity
  8
Whole Simpsons House v1_Simpsons_house_02
100
AcDbLine
 10
286.3099261275352
 20
34.71902603291671
 30
1.793760276923769
 11
287.2454927942021
 21
33.81520936625001
 31
1.793760276923769
210
0.0
220
6.123233995736766E-17
230
-1.0
  0
LINE
  5
3AC
330
1F
100
AcDbEntity
  8
Whole Simpsons House v1_Simpsons_house_02
100
AcDbLine
 10
320.5773483497575
 20
51.45868436625
 30
1.79376027692377
 11
319.9215344608687
 21
51.58921214402781
 31
1.79376027692377
210
0.0
220
6.123233995736766E-17
230
-1.0
  0
LINE
  5
3AD
330
1F
100
AcDbEntity
  8
Whole Simpsons House v1_Simpsons_house_02
100
AcDbLine
 10
242.9881094608687
 20
3.117545477361122
 30
1.793760276923767
 11
243.713067794202
 21
2.816978810694509
 31
1.793760276923767
210
0.0
220
6.123233995736766E-17
230
-1.0
  0
LINE
  5
3AE
330
1F
100
AcDbEntity
  8
Whole Simpsons House v1_Simpsons_house_02
100
AcDbLine
 10
290.3605205719797
 20
56.10370936625014
 30
1.79376027692377
 11
289.8683955719797
 21
55.30078714402783
 31
1.79376027692377
210
0.0
220
6.123233995736766E-17
230
-1.0
  0
LINE
  5
3AF
330
1F
100
AcDbEntity
  8
Whole Simpsons House v1_Simpsons_house_02
100
AcDbLine
 10
595.3488900164243
 20
177.2751149218056
 30
1.793760276923778
 11
598.2554261275353
 21
174.5255649218056
 31
1.793760276923778
210
0.0
220
6.123233995736766E-17
230
-1.0
  0
LINE
  5
3B0
330
1F
100
AcDbEntity
  8
Whole Simpsons House v1_Simpsons_house_02
100
AcDbLine
 10
249.6637233497577
 20
206.4597149218056
 30
1.793760276923779
 11
249.6637233497577
 21
209.4600899218056
 31
1.79376027692378
210
0.0
220
6.123233995736766E-17
230
-1.0
  0
LINE
  5
3B1
330
1F
100
AcDbEntity
  8
Whole Simpsons House v1_Simpsons_house_02
100
AcDbLine
 10
289.8683955719797
 20
3.731731588472231
 30
1.793760276923767
 11
290.3605205719797
 21
2.929162144027719
 31
1.793760276923767
210
0.0
220
6.123233995736766E-17
230
-1.0
  0
LINE
  5
3B2
330
1F
100
AcDbEntity
  8
Whole Simpsons House v1_Simpsons_house_02
100
AcDbLine
 10
289.4037872386465
 20
28.01624825513893
 30
1.793760276923769
 11
289.4037872386465
 21
27.30187325513891
 31
1.793760276923769
210
0.0
220
6.123233995736766E-17
230
-1.0
  0
LINE
  5
3B3
330
1F
100
AcDbEntity
  8
Whole Simpsons House v1_Simpsons_house_02
100
AcDbLine
 10
323.2669261275353
 20
21.45634547736111
 30
1.793760276923768
 11
319.097092794202
 21
17.1404621440277
 31
1.793760276923768
210
0.0
220
6.123233995736766E-17
230
-1.0
  0
LINE
  5
3B4
330
1F
100
AcDbEntity
  8
Whole Simpsons House v1_Simpsons_house_02
100
AcDbLine
 10
289.213992794202
 20
52.57628436625
 30
1.79376027692377
 11
289.213992794202
 21
46.36316214402783
 31
1.79376027692377
210
0.0
220
6.123233995736766E-17
230
-1.0
  0
LINE
  5
3B5
330
1F
100
AcDbEntity
  8
Whole Simpsons House v1_Simpsons_house_02
100
AcDbLine
 10
295.2154483497575
 20
37.74727047736109
 30
1.793760276923769
 11
289.4037872386465
 21
31.7309982551389
 31
1.793760276923769
210
0.0
220
6.123233995736766E-17
230
-1.0
  0
LINE
  5
3B6
330
1F
100
AcDbEntity
  8
Whole Simpsons House v1_Simpsons_house_02
100
AcDbLine
 10
326.1445344608686
 20
18.67680936625002
 30
1.793760276923768
 11
323.2669261275353
 21
21.45634547736111
 31
1.793760276923768
210
0.0
220
6.123233995736766E-17
230
-1.0
  0
LINE
  5
3B7
330
1F
100
AcDbEntity
  8
Whole Simpsons House v1_Simpsons_house_02
100
AcDbLine
 10
289.2884289053132
 20
53.51502603291672
 30
1.79376027692377
 11
289.213992794202
 21
52.57628436625
 31
1.79376027692377
210
0.0
220
6.123233995736766E-17
230
-1.0
  0
LINE
  5
3B8
330
1F
100
AcDbEntity
  8
Whole Simpsons House v1_Simpsons_house_02
100
AcDbLine
 10
621.3034566830909
 20
197.7475149218056
 30
1.793760276923779
 11
620.3879983497576
 21
197.52773436625
 31
1.793760276923779
210
0.0
220
6.123233995736766E-17
230
-1.0
  0
LINE
  5
3B9
330
1F
100
AcDbEntity
  8
Whole Simpsons House v1_Simpsons_house_02
100
AcDbLine
 10
291.6880233497575
 20
1.601306588472212
 30
1.793760276923767
 11
292.4909455719798
 21
1.10918158847223
 31
1.793760276923767
210
0.0
220
6.123233995736766E-17
230
-1.0
  0
LINE
  5
3BA
330
1F
100
AcDbEntity
  8
Whole Simpsons House v1_Simpsons_house_02
100
AcDbLine
 10
291.6880233497575
 20
57.43156492180562
 30
1.79376027692377
 11
290.9718844608687
 21
56.81984825513894
 31
1.79376027692377
210
0.0
220
6.123233995736766E-17
230
-1.0
  0
LINE
  5
3BB
330
1F
100
AcDbEntity
  8
Whole Simpsons House v1_Simpsons_house_02
100
AcDbLine
 10
314.1878372386465
 20
47.18936769958331
 30
1.79376027692377
 11
314.144092794202
 21
46.52226492180552
 31
1.79376027692377
210
0.0
220
6.123233995736766E-17
230
-1.0
  0
LINE
  5
3BC
330
1F
100
AcDbEntity
  8
Whole Simpsons House v1_Simpsons_house_02
100
AcDbLine
 10
295.2154483497575
 20
0.4554843662500085
 30
1.793760276923767
 11
295.2154483497575
 21
6.456587144027803
 31
1.793760276923767
210
0.0
220
6.123233995736766E-17
230
-1.0
  0
LINE
  5
3BD
330
1F
100
AcDbEntity
  8
Whole Simpsons House v1_Simpsons_house_02
100
AcDbLine
 10
240.3193455719798
 20
6.791020477361131
 30
1.793760276923767
 11
240.5020844608687
 21
6.027962144027815
 31
1.793760276923767
210
0.0
220
6.123233995736766E-17
230
-1.0
  0
LINE
  5
3BE
330
1F
100
AcDbEntity
  8
Whole Simpsons House v1_Simpsons_house_02
100
AcDbLine
 10
295.2154483497575
 20
52.57628436625
 30
1.79376027692377
 11
295.2154483497575
 21
58.57773992180551
 31
1.793760276923771
210
0.0
220
6.123233995736766E-17
230
-1.0
  0
LINE
  5
3BF
330
1F
100
AcDbEntity
  8
Whole Simpsons House v1_Simpsons_house_02
100
AcDbLine
 10
614.2408455719797
 20
176.7053788106945
 30
1.793760276923778
 11
614.2408455719797
 21
179.7061065884722
 31
1.793760276923778
210
0.0
220
6.123233995736766E-17
230
-1.0
  0
LINE
  5
3C0
330
1F
100
AcDbEntity
  8
Whole Simpsons House v1_Simpsons_house_02
100
AcDbLine
 10
284.8046233497575
 20
21.95093992180552
 30
1.793760276923768
 11
284.568967794202
 21
21.03900936625003
 31
1.793760276923768
210
0.0
220
6.123233995736766E-17
230
-1.0
  0
LINE
  5
3C1
330
1F
100
AcDbEntity
  8
Whole Simpsons House v1_Simpsons_house_02
100
AcDbLine
 10
240.2576094608687
 20
7.573128810694413
 30
1.793760276923767
 11
240.3193455719798
 21
6.791020477361131
 31
1.793760276923767
210
0.0
220
6.123233995736766E-17
230
-1.0
  0
LINE
  5
3C2
330
1F
100
AcDbEntity
  8
Whole Simpsons House v1_Simpsons_house_02
100
AcDbLine
 10
287.2454927942021
 20
33.81520936625001
 30
1.793760276923769
 11
293.0575066830909
 21
39.83183436625001
 31
1.793760276923769
210
0.0
220
6.123233995736766E-17
230
-1.0
  0
LINE
  5
3C3
330
1F
100
AcDbEntity
  8
Whole Simpsons House v1_Simpsons_house_02
100
AcDbLine
 10
289.5082094608686
 20
4.602034366250007
 30
1.793760276923767
 11
289.8683955719797
 21
3.731731588472231
 31
1.793760276923767
210
0.0
220
6.123233995736766E-17
230
-1.0
  0
LINE
  5
3C4
330
1F
100
AcDbEntity
  8
Whole Simpsons House v1_Simpsons_house_02
100
AcDbLine
 10
316.6992622386464
 20
50.94821492180554
 30
1.79376027692377
 11
316.1432844608687
 21
50.57673992180553
 31
1.79376027692377
210
0.0
220
6.123233995736766E-17
230
-1.0
  0
LINE
  5
3C5
330
1F
100
AcDbEntity
  8
Whole Simpsons House v1_Simpsons_house_02
100
AcDbLine
 10
254.4205789053131
 20
2.633887144027819
 30
1.793760276923767
 11
255.1839900164243
 21
2.816978810694509
 31
1.793760276923767
210
0.0
220
6.123233995736766E-17
230
-1.0
  0
LINE
  5
3C6
330
1F
100
AcDbEntity
  8
Whole Simpsons House v1_Simpsons_house_02
100
AcDbLine
 10
289.4037872386465
 20
27.30187325513891
 30
1.793760276923769
 11
295.2154483497575
 21
21.28560103291671
 31
1.793760276923768
210
0.0
220
6.123233995736766E-17
230
-1.0
  0
LINE
  5
3C7
330
1F
100
AcDbEntity
  8
Whole Simpsons House v1_Simpsons_house_02
100
AcDbLine
 10
616.534606683091
 20
193.6746954773611
 30
1.793760276923779
 11
616.3151789053131
 21
192.75888436625
 31
1.793760276923779
210
0.0
220
6.123233995736766E-17
230
-1.0
  0
LINE
  5
3C8
330
1F
100
AcDbEntity
  8
Whole Simpsons House v1_Simpsons_house_02
100
AcDbLine
 10
284.7400650164242
 20
18.24253992180561
 30
1.793760276923768
 11
285.0854344608687
 21
17.3662399218055
 31
1.793760276923768
210
0.0
220
6.123233995736766E-17
230
-1.0
  0
LINE
  5
3C9
330
1F
100
AcDbEntity
  8
Whole Simpsons House v1_Simpsons_house_02
100
AcDbLine
 10
258.5780650164242
 20
6.791020477361131
 30
1.793760276923767
 11
258.6394483497575
 21
7.573128810694413
 31
1.793760276923767
210
0.0
220
6.123233995736766E-17
230
-1.0
  0
LINE
  5
3CA
330
1F
100
AcDbEntity
  8
Whole Simpsons House v1_Simpsons_house_02
100
AcDbLine
 10
293.0575066830909
 20
19.20103714402782
 30
1.793760276923768
 11
287.2454927942021
 21
25.21730936625002
 31
1.793760276923768
210
0.0
220
6.123233995736766E-17
230
-1.0
  0
LINE
  5
3CB
330
1F
100
AcDbEntity
  8
Whole Simpsons House v1_Simpsons_house_02
100
AcDbLine
 10
240.2576094608687
 20
8.573606588472227
 30
1.793760276923767
 11
240.2576094608687
 21
7.573128810694413
 31
1.793760276923767
210
0.0
220
6.123233995736766E-17
230
-1.0
  0
LINE
  5
3CC
330
1F
100
AcDbEntity
  8
Whole Simpsons House v1_Simpsons_house_02
100
AcDbLine
 10
316.1432844608687
 20
50.57673992180553
 30
1.79376027692377
 11
315.6409289053131
 21
50.13612047736112
 31
1.79376027692377
210
0.0
220
6.123233995736766E-17
230
-1.0
  0
LINE
  5
3CD
330
1F
100
AcDbEntity
  8
Whole Simpsons House v1_Simpsons_house_02
100
AcDbLine
 10
320.9375344608686
 20
13.28777603291673
 30
1.793760276923768
 11
326.1445344608686
 21
18.67680936625002
 31
1.793760276923768
210
0.0
220
6.123233995736766E-17
230
-1.0
  0
LINE
  5
3CE
330
1F
100
AcDbEntity
  8
Whole Simpsons House v1_Simpsons_house_02
100
AcDbLine
 10
293.3608955719798
 20
0.7489954773611249
 30
1.793760276923767
 11
294.2767066830909
 21
0.5292149218056317
 31
1.793760276923767
210
0.0
220
6.123233995736766E-17
230
-1.0
  0
LINE
  5
3CF
330
1F
100
AcDbEntity
  8
Whole Simpsons House v1_Simpsons_house_02
100
AcDbLine
 10
315.199956683091
 20
49.63341214402769
 30
1.79376027692377
 11
314.8284816830908
 21
49.07743436624992
 31
1.79376027692377
210
0.0
220
6.123233995736766E-17
230
-1.0
  0
LINE
  5
3D0
330
1F
100
AcDbEntity
  8
Whole Simpsons House v1_Simpsons_house_02
100
AcDbLine
 10
293.3608955719798
 20
58.28387603291674
 30
1.793760276923771
 11
292.4909455719798
 21
57.92333714402783
 31
1.79376027692377
210
0.0
220
6.123233995736766E-17
230
-1.0
  0
LINE
  5
3D1
330
1F
100
AcDbEntity
  8
Whole Simpsons House v1_Simpsons_house_02
100
AcDbLine
 10
600.3174122386465
 20
176.7053788106945
 30
1.793760276923778
 11
600.3174122386465
 21
179.7061065884722
 31
1.793760276923778
210
0.0
220
6.123233995736766E-17
230
-1.0
  0
LINE
  5
3D2
330
1F
100
AcDbEntity
  8
Whole Simpsons House v1_Simpsons_house_02
100
AcDbLine
 10
286.1624650164243
 20
43.20438992180561
 30
1.793760276923769
 11
285.5634483497576
 21
42.47802047736113
 31
1.793760276923769
210
0.0
220
6.123233995736766E-17
230
-1.0
  0
LINE
  5
3D3
330
1F
100
AcDbEntity
  8
Whole Simpsons House v1_Simpsons_house_02
100
AcDbLine
 10
621.2022094608686
 20
176.7053788106945
 30
1.793760276923778
 11
621.2022094608686
 21
179.7061065884722
 31
1.793760276923778
210
0.0
220
6.123233995736766E-17
230
-1.0
  0
LINE
  5
3D4
330
1F
100
AcDbEntity
  8
Whole Simpsons House v1_Simpsons_house_02
100
AcDbLine
 10
314.3180122386465
 20
47.8448288106946
 30
1.79376027692377
 11
314.1878372386465
 21
47.18936769958331
 31
1.79376027692377
210
0.0
220
6.123233995736766E-17
230
-1.0
  0
LINE
  5
3D5
330
1F
100
AcDbEntity
  8
Whole Simpsons House v1_Simpsons_house_02
100
AcDbLine
 10
107.7204094608687
 20
206.1711426995833
 30
1.793760276923779
 11
107.7204094608687
 21
207.1716204773611
 31
1.79376027692378
210
0.0
220
6.123233995736766E-17
230
-1.0
  0
LINE
  5
3D6
330
1F
100
AcDbEntity
  8
Whole Simpsons House v1_Simpsons_house_02
100
AcDbLine
 10
36.9955205719798
 20
209.9500982551389
 30
1.79376027692378
 11
36.37357334975761
 21
210.7078649218056
 31
1.79376027692378
210
0.0
220
6.123233995736766E-17
230
-1.0
  0
LINE
  5
3D7
330
1F
100
AcDbEntity
  8
Whole Simpsons House v1_Simpsons_house_02
100
AcDbLine
 10
89.93935112753532
 20
211.32945936625
 30
1.79376027692378
 11
89.1815844608687
 21
210.7078649218056
 31
1.79376027692378
210
0.0
220
6.123233995736766E-17
230
-1.0
  0
LINE
  5
3D8
330
1F
100
AcDbEntity
  8
Whole Simpsons House v1_Simpsons_house_02
100
AcDbLine
 10
289.8683955719797
 20
55.30078714402783
 30
1.79376027692377
 11
289.5082094608686
 21
54.43083714402783
 31
1.79376027692377
210
0.0
220
6.123233995736766E-17
230
-1.0
  0
LINE
  5
3D9
330
1F
100
AcDbEntity
  8
Whole Simpsons House v1_Simpsons_house_02
100
AcDbLine
 10
257.1747150164243
 20
4.037237144027733
 30
1.793760276923767
 11
257.684478905313
 21
4.633784366250032
 31
1.793760276923767
210
0.0
220
6.123233995736766E-17
230
-1.0
  0
LINE
  5
3DA
330
1F
100
AcDbEntity
  8
Whole Simpsons House v1_Simpsons_house_02
100
AcDbLine
 10
292.4909455719798
 20
57.92333714402783
 30
1.79376027692377
 11
291.6880233497575
 21
57.43156492180562
 31
1.79376027692377
210
0.0
220
6.123233995736766E-17
230
-1.0
  0
LINE
  5
3DB
330
1F
100
AcDbEntity
  8
Whole Simpsons House v1_Simpsons_house_02
100
AcDbLine
 10
284.568967794202
 20
37.99386214402783
 30
1.793760276923769
 11
284.8046233497575
 21
37.08193158847222
 31
1.793760276923769
210
0.0
220
6.123233995736766E-17
230
-1.0
  0
LINE
  5
3DC
330
1F
100
AcDbEntity
  8
Whole Simpsons House v1_Simpsons_house_02
100
AcDbLine
 10
137.4204177942021
 20
195.9970315884722
 30
1.793760276923779
 11
137.4204177942021
 21
203.1707676995833
 31
1.793760276923779
210
0.0
220
6.123233995736766E-17
230
-1.0
  0
LINE
  5
3DD
330
1F
100
AcDbEntity
  8
Whole Simpsons House v1_Simpsons_house_02
100
AcDbLine
 10
221.5441594608687
 20
207.6411676995833
 30
1.79376027692378
 11
221.5441594608687
 21
197.4670565884722
 31
1.793760276923779
210
0.0
220
6.123233995736766E-17
230
-1.0
  0
LINE
  5
3DE
330
1F
100
AcDbEntity
  8
Whole Simpsons House v1_Simpsons_house_02
100
AcDbLine
 10
186.2646177942021
 20
8.283623255138929
 30
1.793760276923767
 11
186.3605733497576
 21
7.307839921805503
 31
1.793760276923767
210
0.0
220
6.123233995736766E-17
230
-1.0
  0
LINE
  5
3DF
330
1F
100
AcDbEntity
  8
Whole Simpsons House v1_Simpsons_house_02
100
AcDbLine
 10
290.9718844608687
 20
56.81984825513894
 30
1.79376027692377
 11
290.3605205719797
 21
56.10370936625014
 31
1.79376027692377
210
0.0
220
6.123233995736766E-17
230
-1.0
  0
LINE
  5
3E0
330
1F
100
AcDbEntity
  8
Whole Simpsons House v1_Simpsons_house_02
100
AcDbLine
 10
321.8762761275354
 20
24.33536492180549
 30
1.793760276923768
 11
321.8762761275354
 21
50.90376492180562
 31
1.79376027692377
210
0.0
220
6.123233995736766E-17
230
-1.0
  0
LINE
  5
3E1
330
1F
100
AcDbEntity
  8
Whole Simpsons House v1_Simpsons_house_02
100
AcDbLine
 10
90.8040094608687
 20
211.7919510329167
 30
1.79376027692378
 11
89.93935112753532
 21
211.32945936625
 31
1.79376027692378
210
0.0
220
6.123233995736766E-17
230
-1.0
  0
LINE
  5
3E2
330
1F
100
AcDbEntity
  8
Whole Simpsons House v1_Simpsons_house_02
100
AcDbLine
 10
284.7400650164242
 20
40.7903315884722
 30
1.793760276923769
 11
284.5361594608688
 21
39.8709926995833
 31
1.793760276923769
210
0.0
220
6.123233995736766E-17
230
-1.0
  0
LINE
  5
3E3
330
1F
100
AcDbEntity
  8
Whole Simpsons House v1_Simpsons_house_02
100
AcDbLine
 10
213.2443566830909
 20
3.662939921805608
 30
1.793760276923767
 11
214.1090150164243
 21
4.125078810694404
 31
1.793760276923767
210
0.0
220
6.123233995736766E-17
230
-1.0
  0
LINE
  5
3E4
330
1F
100
AcDbEntity
  8
Whole Simpsons House v1_Simpsons_house_02
100
AcDbLine
 10
241.7223427942019
 20
4.037237144027733
 30
1.793760276923767
 11
242.3188900164243
 21
3.527473255138913
 31
1.793760276923767
210
0.0
220
6.123233995736766E-17
230
-1.0
  0
LINE
  5
3E5
330
1F
100
AcDbEntity
  8
Whole Simpsons House v1_Simpsons_house_02
100
AcDbLine
 10
598.2554261275353
 20
174.5255649218056
 30
1.793760276923778
 11
600.3174122386465
 21
176.7053788106945
 31
1.793760276923778
210
0.0
220
6.123233995736766E-17
230
-1.0
  0
LINE
  5
3E6
330
1F
100
AcDbEntity
  8
Whole Simpsons House v1_Simpsons_house_02
100
AcDbLine
 10
179.3921539053132
 20
196.4669315884722
 30
1.793760276923779
 11
179.3921539053132
 21
197.4670565884722
 31
1.793760276923779
210
0.0
220
6.123233995736766E-17
230
-1.0
  0
LINE
  5
3E7
330
1F
100
AcDbEntity
  8
Whole Simpsons House v1_Simpsons_house_02
100
AcDbLine
 10
188.487117794202
 20
4.125078810694404
 30
1.793760276923767
 11
189.3517761275354
 21
3.662939921805608
 31
1.793760276923767
210
0.0
220
6.123233995736766E-17
230
-1.0
  0
LINE
  5
3E8
330
1F
100
AcDbEntity
  8
Whole Simpsons House v1_Simpsons_house_02
100
AcDbLine
 10
307.0585511275353
 20
164.6675426995833
 30
1.793760276923777
 11
307.0585511275353
 21
130.9652704773611
 31
1.793760276923775
210
0.0
220
6.123233995736766E-17
230
-1.0
  0
LINE
  5
3E9
330
1F
100
AcDbEntity
  8
Whole Simpsons House v1_Simpsons_house_02
100
AcDbLine
 10
179.7728011275354
 20
194.5531121440278
 30
1.793760276923779
 11
179.4881094608688
 21
195.4911482551389
 31
1.793760276923779
210
0.0
220
6.123233995736766E-17
230
-1.0
  0
LINE
  5
3EA
330
1F
100
AcDbEntity
  8
Whole Simpsons House v1_Simpsons_house_02
100
AcDbLine
 10
117.4165066830909
 20
195.9970315884722
 30
1.793760276923779
 11
117.4165066830909
 21
192.9966565884722
 31
1.793760276923779
210
0.0
220
6.123233995736766E-17
230
-1.0
  0
LINE
  5
3EB
330
1F
100
AcDbEntity
  8
Whole Simpsons House v1_Simpsons_house_02
100
AcDbLine
 10
616.2410955719797
 20
179.7061065884722
 30
1.793760276923778
 11
616.2410955719797
 21
176.7053788106945
 31
1.793760276923778
210
0.0
220
6.123233995736766E-17
230
-1.0
  0
LINE
  5
3EC
330
1F
100
AcDbEntity
  8
Whole Simpsons House v1_Simpsons_house_02
100
AcDbLine
 10
240.8026511275354
 20
5.303003810694401
 30
1.793760276923767
 11
241.2125789053132
 21
4.633784366250032
 31
1.793760276923767
210
0.0
220
6.123233995736766E-17
230
-1.0
  0
LINE
  5
3ED
330
1F
100
AcDbEntity
  8
Whole Simpsons House v1_Simpsons_house_02
100
AcDbLine
 10
37.45765946086871
 20
209.0854399218056
 30
1.79376027692378
 11
36.9955205719798
 21
209.9500982551389
 31
1.79376027692378
210
0.0
220
6.123233995736766E-17
230
-1.0
  0
LINE
  5
3EE
330
1F
100
AcDbEntity
  8
Whole Simpsons House v1_Simpsons_house_02
100
AcDbLine
 10
42.26460946086874
 20
228.4434149218056
 30
1.793760276923781
 11
42.26460946086874
 21
208.3781204773611
 31
1.79376027692378
210
0.0
220
6.123233995736766E-17
230
-1.0
  0
LINE
  5
3EF
330
1F
100
AcDbEntity
  8
Whole Simpsons House v1_Simpsons_house_02
100
AcDbLine
 10
197.1732122386465
 20
192.3087399218056
 30
1.793760276923779
 11
196.308906683091
 21
191.8466010329167
 31
1.793760276923779
210
0.0
220
6.123233995736766E-17
230
-1.0
  0
LINE
  5
3F0
330
1F
100
AcDbEntity
  8
Whole Simpsons House v1_Simpsons_house_02
100
AcDbLine
 10
321.8096011275352
 20
50.94821492180554
 30
1.79376027692377
 11
321.2102316830909
 21
51.24384269958335
 31
1.79376027692377
210
0.0
220
6.123233995736766E-17
230
-1.0
  0
LINE
  5
3F1
330
1F
100
AcDbEntity
  8
Whole Simpsons House v1_Simpsons_house_02
100
AcDbLine
 10
149.5256344608686
 20
229.4544760329167
 30
1.793760276923781
 11
149.5256344608686
 21
217.48578436625
 31
1.79376027692378
210
0.0
220
6.123233995736766E-17
230
-1.0
  0
LINE
  5
3F2
330
1F
100
AcDbEntity
  8
Whole Simpsons House v1_Simpsons_house_02
100
AcDbLine
 10
619.5176955719797
 20
197.1671954773611
 30
1.793760276923779
 11
618.7147733497576
 21
196.6754232551389
 31
1.793760276923779
210
0.0
220
6.123233995736766E-17
230
-1.0
  0
LINE
  5
3F3
330
1F
100
AcDbEntity
  8
Whole Simpsons House v1_Simpsons_house_02
100
AcDbLine
 10
256.578167794202
 20
3.527473255138913
 30
1.793760276923767
 11
257.1747150164243
 21
4.037237144027733
 31
1.793760276923767
210
0.0
220
6.123233995736766E-17
230
-1.0
  0
LINE
  5
3F4
330
1F
100
AcDbEntity
  8
Whole Simpsons House v1_Simpsons_house_02
100
AcDbLine
 10
293.0575066830909
 20
39.83183436625001
 30
1.793760276923769
 11
295.2154483497575
 21
37.74727047736109
 31
1.793760276923769
210
0.0
220
6.123233995736766E-17
230
-1.0
  0
LINE
  5
3F5
330
1F
100
AcDbEntity
  8
Whole Simpsons House v1_Simpsons_house_02
100
AcDbLine
 10
107.3397622386464
 20
209.0854399218056
 30
1.79376027692378
 11
106.8776233497575
 21
209.9500982551389
 31
1.79376027692378
210
0.0
220
6.123233995736766E-17
230
-1.0
  0
LINE
  5
3F6
330
1F
100
AcDbEntity
  8
Whole Simpsons House v1_Simpsons_house_02
100
AcDbLine
 10
27.83670390531312
 20
203.1707676995833
 30
1.793760276923779
 11
27.83670390531312
 21
206.1711426995833
 31
1.793760276923779
210
0.0
220
6.123233995736766E-17
230
-1.0
  0
LINE
  5
3F7
330
1F
100
AcDbEntity
  8
Whole Simpsons House v1_Simpsons_house_02
100
AcDbLine
 10
35.61580668309094
 20
211.32945936625
 30
1.79376027692378
 11
34.75114834975751
 21
211.7919510329167
 31
1.79376027692378
210
0.0
220
6.123233995736766E-17
230
-1.0
  0
LINE
  5
3F8
330
1F
100
AcDbEntity
  8
Whole Simpsons House v1_Simpsons_house_02
100
AcDbLine
 10
127.4184622386464
 20
192.9966565884722
 30
1.793760276923779
 11
127.4184622386464
 21
195.9970315884722
 31
1.793760276923779
210
0.0
220
6.123233995736766E-17
230
-1.0
  0
LINE
  5
3F9
330
1F
100
AcDbEntity
  8
Whole Simpsons House v1_Simpsons_house_02
100
AcDbLine
 10
285.0854344608687
 20
17.3662399218055
 30
1.793760276923768
 11
285.5634483497576
 21
16.55485103291671
 31
1.793760276923768
210
0.0
220
6.123233995736766E-17
230
-1.0
  0
LINE
  5
3FA
330
1F
100
AcDbEntity
  8
Whole Simpsons House v1_Simpsons_house_02
100
AcDbLine
 10
187.1070511275354
 20
5.50514547736114
 30
1.793760276923767
 11
187.7289983497576
 21
4.747026032916601
 31
1.793760276923767
210
0.0
220
6.123233995736766E-17
230
-1.0
  0
LINE
  5
3FB
330
1F
100
AcDbEntity
  8
Whole Simpsons House v1_Simpsons_house_02
100
AcDbLine
 10
298.2161761275352
 20
6.456587144027803
 30
1.793760276923767
 11
308.6905011275352
 21
16.5735482551389
 31
1.793760276923768
210
0.0
220
6.123233995736766E-17
230
-1.0
  0
LINE
  5
3FC
330
1F
100
AcDbEntity
  8
Whole Simpsons House v1_Simpsons_house_02
100
AcDbLine
 10
313.059653905313
 20
165.6680204773611
 30
1.793760276923777
 11
313.059653905313
 21
169.6685204773611
 31
1.793760276923777
210
0.0
220
6.123233995736766E-17
230
-1.0
  0
LINE
  5
3FD
330
1F
100
AcDbEntity
  8
Whole Simpsons House v1_Simpsons_house_02
100
AcDbLine
 10
309.2810511275353
 20
168.82573436625
 30
1.793760276923777
 11
308.5232844608687
 21
168.2037871440278
 31
1.793760276923777
210
0.0
220
6.123233995736766E-17
230
-1.0
  0
LINE
  5
3FE
330
1F
100
AcDbEntity
  8
Whole Simpsons House v1_Simpsons_house_02
100
AcDbLine
 10
87.8128066830908
 20
208.1470510329167
 30
1.79376027692378
 11
87.7164983497575
 21
207.1716204773611
 31
1.79376027692378
210
0.0
220
6.123233995736766E-17
230
-1.0
  0
LINE
  5
3FF
330
1F
100
AcDbEntity
  8
Whole Simpsons House v1_Simpsons_house_02
100
AcDbLine
 10
37.83865946086873
 20
206.1711426995833
 30
1.793760276923779
 11
37.83865946086873
 21
207.1716204773611
 31
1.79376027692378
210
0.0
220
6.123233995736766E-17
230
-1.0
  0
LINE
  5
400
330
1F
100
AcDbEntity
  8
Whole Simpsons House v1_Simpsons_house_02
100
AcDbLine
 10
180.8568872386465
 20
192.9306871440278
 30
1.793760276923779
 11
180.2349400164242
 21
193.6884538106945
 31
1.793760276923779
210
0.0
220
6.123233995736766E-17
230
-1.0
  0
LINE
  5
401
330
1F
100
AcDbEntity
  8
Whole Simpsons House v1_Simpsons_house_02
100
AcDbLine
 10
190.2651177942021
 20
12.28412325513895
 30
1.793760276923768
 11
190.2651177942021
 21
9.283395477361124
 31
1.793760276923767
210
0.0
220
6.123233995736766E-17
230
-1.0
  0
LINE
  5
402
330
1F
100
AcDbEntity
  8
Whole Simpsons House v1_Simpsons_house_02
100
AcDbLine
 10
107.7204094608687
 20
207.1716204773611
 30
1.79376027692378
 11
107.6248066830908
 21
208.1470510329167
 31
1.79376027692378
210
0.0
220
6.123233995736766E-17
230
-1.0
  0
LINE
  5
403
330
1F
100
AcDbEntity
  8
Whole Simpsons House v1_Simpsons_house_02
100
AcDbLine
 10
26.94558723864638
 20
192.9966565884722
 30
1.793760276923779
 11
26.94558723864638
 21
195.9970315884722
 31
1.793760276923779
210
0.0
220
6.123233995736766E-17
230
-1.0
  0
LINE
  5
404
330
1F
100
AcDbEntity
  8
Whole Simpsons House v1_Simpsons_house_02
100
AcDbLine
 10
199.299756683091
 20
195.4911482551389
 30
1.793760276923779
 11
199.015417794202
 21
194.5531121440278
 31
1.793760276923779
210
0.0
220
6.123233995736766E-17
230
-1.0
  0
LINE
  5
405
330
1F
100
AcDbEntity
  8
Whole Simpsons House v1_Simpsons_house_02
100
AcDbLine
 10
307.4391983497575
 20
166.5813621440278
 30
1.793760276923777
 11
307.1545066830909
 21
165.6433260329167
 31
1.793760276923777
210
0.0
220
6.123233995736766E-17
230
-1.0
  0
LINE
  5
406
330
1F
100
AcDbEntity
  8
Whole Simpsons House v1_Simpsons_house_02
100
AcDbLine
 10
307.1545066830909
 20
129.9898399218055
 30
1.793760276923775
 11
307.4391983497575
 21
129.0514510329167
 31
1.793760276923775
210
0.0
220
6.123233995736766E-17
230
-1.0
  0
LINE
  5
407
330
1F
100
AcDbEntity
  8
Whole Simpsons House v1_Simpsons_house_02
100
AcDbLine
 10
182.4793122386465
 20
191.8466010329167
 30
1.793760276923779
 11
181.6146539053132
 21
192.3087399218056
 31
1.793760276923779
210
0.0
220
6.123233995736766E-17
230
-1.0
  0
LINE
  5
408
330
1F
100
AcDbEntity
  8
Whole Simpsons House v1_Simpsons_house_02
100
AcDbLine
 10
106.8776233497575
 20
209.9500982551389
 30
1.79376027692378
 11
106.2560289053131
 21
210.7078649218056
 31
1.79376027692378
210
0.0
220
6.123233995736766E-17
230
-1.0
  0
LINE
  5
409
330
1F
100
AcDbEntity
  8
Whole Simpsons House v1_Simpsons_house_02
100
AcDbLine
 10
183.4173483497575
 20
191.56190936625
 30
1.793760276923779
 11
182.4793122386465
 21
191.8466010329167
 31
1.793760276923779
210
0.0
220
6.123233995736766E-17
230
-1.0
  0
LINE
  5
40A
330
1F
100
AcDbEntity
  8
Whole Simpsons House v1_Simpsons_house_02
100
AcDbLine
 10
187.7289983497576
 20
4.747026032916601
 30
1.793760276923767
 11
188.487117794202
 21
4.125078810694404
 31
1.793760276923767
210
0.0
220
6.123233995736766E-17
230
-1.0
  0
LINE
  5
40B
330
1F
100
AcDbEntity
  8
Whole Simpsons House v1_Simpsons_house_02
100
AcDbLine
 10
198.5532789053132
 20
193.6884538106945
 30
1.793760276923779
 11
197.931331683091
 21
192.9306871440278
 31
1.793760276923779
210
0.0
220
6.123233995736766E-17
230
-1.0
  0
LINE
  5
40C
330
1F
100
AcDbEntity
  8
Whole Simpsons House v1_Simpsons_house_02
100
AcDbLine
 10
307.4391983497575
 20
129.0514510329167
 30
1.793760276923775
 11
307.9013372386465
 21
128.1867926995833
 31
1.793760276923775
210
0.0
220
6.123233995736766E-17
230
-1.0
  0
LINE
  5
40D
330
1F
100
AcDbEntity
  8
Whole Simpsons House v1_Simpsons_house_02
100
AcDbLine
 10
216.235206683091
 20
7.307839921805503
 30
1.793760276923767
 11
216.3315150164242
 21
8.283623255138929
 31
1.793760276923767
210
0.0
220
6.123233995736766E-17
230
-1.0
  0
LINE
  5
40E
330
1F
100
AcDbEntity
  8
Whole Simpsons House v1_Simpsons_house_02
100
AcDbLine
 10
70.5224622386465
 20
195.9970315884722
 30
1.793760276923779
 11
70.5224622386465
 21
192.9966565884722
 31
1.793760276923779
210
0.0
220
6.123233995736766E-17
230
-1.0
  0
LINE
  5
40F
330
1F
100
AcDbEntity
  8
Whole Simpsons House v1_Simpsons_house_02
100
AcDbLine
 10
89.1815844608687
 20
210.7078649218056
 30
1.79376027692378
 11
88.55963723864652
 21
209.9500982551389
 31
1.79376027692378
210
0.0
220
6.123233995736766E-17
230
-1.0
  0
LINE
  5
410
330
1F
100
AcDbEntity
  8
Whole Simpsons House v1_Simpsons_house_02
100
AcDbLine
 10
193.2658455719798
 20
15.2848510329166
 30
1.793760276923768
 11
193.2658455719798
 21
12.28412325513895
 31
1.793760276923768
210
0.0
220
6.123233995736766E-17
230
-1.0
  0
LINE
  5
411
330
1F
100
AcDbEntity
  8
Whole Simpsons House v1_Simpsons_house_02
100
AcDbLine
 10
106.2560289053131
 20
210.7078649218056
 30
1.79376027692378
 11
105.4979094608686
 21
211.32945936625
 31
1.79376027692378
210
0.0
220
6.123233995736766E-17
230
-1.0
  0
LINE
  5
412
330
1F
100
AcDbEntity
  8
Whole Simpsons House v1_Simpsons_house_02
100
AcDbLine
 10
77.96713168309088
 20
208.3781204773611
 30
1.79376027692378
 11
77.96713168309088
 21
228.4434149218056
 31
1.793760276923781
210
0.0
220
6.123233995736766E-17
230
-1.0
  0
LINE
  5
413
330
1F
100
AcDbEntity
  8
Whole Simpsons House v1_Simpsons_house_02
100
AcDbLine
 10
104.6336039053131
 20
211.7919510329167
 30
1.79376027692378
 11
103.6952150164242
 21
212.0766426995833
 31
1.79376027692378
210
0.0
220
6.123233995736766E-17
230
-1.0
  0
LINE
  5
414
330
1F
100
AcDbEntity
  8
Whole Simpsons House v1_Simpsons_house_02
100
AcDbLine
 10
189.3941094608687
 20
197.4670565884722
 30
1.793760276923779
 11
189.3941094608687
 21
200.4674315884722
 31
1.793760276923779
210
0.0
220
6.123233995736766E-17
230
-1.0
  0
LINE
  5
415
330
1F
100
AcDbEntity
  8
Whole Simpsons House v1_Simpsons_house_02
100
AcDbLine
 10
186.6449122386465
 20
6.369451032916722
 30
1.793760276923767
 11
187.1070511275354
 21
5.50514547736114
 31
1.793760276923767
210
0.0
220
6.123233995736766E-17
230
-1.0
  0
LINE
  5
416
330
1F
100
AcDbEntity
  8
Whole Simpsons House v1_Simpsons_house_02
100
AcDbLine
 10
199.015417794202
 20
194.5531121440278
 30
1.793760276923779
 11
198.5532789053132
 21
193.6884538106945
 31
1.793760276923779
210
0.0
220
6.123233995736766E-17
230
-1.0
  0
LINE
  5
417
330
1F
100
AcDbEntity
  8
Whole Simpsons House v1_Simpsons_house_02
100
AcDbLine
 10
154.6462039053132
 20
207.6411676995833
 30
1.79376027692378
 11
154.6462039053132
 21
210.6415426995834
 31
1.79376027692378
210
0.0
220
6.123233995736766E-17
230
-1.0
  0
LINE
  5
418
330
1F
100
AcDbEntity
  8
Whole Simpsons House v1_Simpsons_house_02
100
AcDbLine
 10
88.55963723864652
 20
209.9500982551389
 30
1.79376027692378
 11
88.09749834975753
 21
209.0854399218056
 31
1.79376027692378
210
0.0
220
6.123233995736766E-17
230
-1.0
  0
LINE
  5
419
330
1F
100
AcDbEntity
  8
Whole Simpsons House v1_Simpsons_house_02
100
AcDbLine
 10
97.7188066830909
 20
203.1707676995833
 30
1.793760276923779
 11
97.7188066830909
 21
206.1711426995833
 31
1.793760276923779
210
0.0
220
6.123233995736766E-17
230
-1.0
  0
LINE
  5
41A
330
1F
100
AcDbEntity
  8
Whole Simpsons House v1_Simpsons_house_02
100
AcDbLine
 10
214.1090150164243
 20
4.125078810694404
 30
1.793760276923767
 11
214.866781683091
 21
4.747026032916601
 31
1.793760276923767
210
0.0
220
6.123233995736766E-17
230
-1.0
  0
LINE
  5
41B
330
1F
100
AcDbEntity
  8
Whole Simpsons House v1_Simpsons_house_02
100
AcDbLine
 10
307.9013372386465
 20
128.1867926995833
 30
1.793760276923775
 11
308.5232844608687
 21
127.4290260329167
 31
1.793760276923775
210
0.0
220
6.123233995736766E-17
230
-1.0
  0
LINE
  5
41C
330
1F
100
AcDbEntity
  8
Whole Simpsons House v1_Simpsons_house_02
100
AcDbLine
 10
308.5232844608687
 20
168.2037871440278
 30
1.793760276923777
 11
307.9013372386465
 21
167.4460204773611
 31
1.793760276923777
210
0.0
220
6.123233995736766E-17
230
-1.0
  0
LINE
  5
41D
330
1F
100
AcDbEntity
  8
Whole Simpsons House v1_Simpsons_house_02
100
AcDbLine
 10
88.09749834975753
 20
209.0854399218056
 30
1.79376027692378
 11
87.8128066830908
 21
208.1470510329167
 31
1.79376027692378
210
0.0
220
6.123233995736766E-17
230
-1.0
  0
LINE
  5
41E
330
1F
100
AcDbEntity
  8
Whole Simpsons House v1_Simpsons_house_02
100
AcDbLine
 10
144.6442483497575
 20
200.4674315884722
 30
1.793760276923779
 11
144.6442483497575
 21
207.6411676995833
 31
1.79376027692378
210
0.0
220
6.123233995736766E-17
230
-1.0
  0
LINE
  5
41F
330
1F
100
AcDbEntity
  8
Whole Simpsons House v1_Simpsons_house_02
100
AcDbLine
 10
107.6248066830908
 20
208.1470510329167
 30
1.79376027692378
 11
107.3397622386464
 21
209.0854399218056
 31
1.79376027692378
210
0.0
220
6.123233995736766E-17
230
-1.0
  0
LINE
  5
420
330
1F
100
AcDbEntity
  8
Whole Simpsons House v1_Simpsons_house_02
100
AcDbLine
 10
37.83865946086873
 20
207.1716204773611
 30
1.79376027692378
 11
37.74235112753544
 21
208.1470510329167
 31
1.79376027692378
210
0.0
220
6.123233995736766E-17
230
-1.0
  0
LINE
  5
421
330
1F
100
AcDbEntity
  8
Whole Simpsons House v1_Simpsons_house_02
100
AcDbLine
 10
199.3960650164242
 20
197.4670565884722
 30
1.793760276923779
 11
199.3960650164242
 21
196.4669315884722
 31
1.793760276923779
210
0.0
220
6.123233995736766E-17
230
-1.0
  0
LINE
  5
422
330
1F
100
AcDbEntity
  8
Whole Simpsons House v1_Simpsons_house_02
100
AcDbLine
 10
212.3306622386465
 20
9.283395477361124
 30
1.793760276923767
 11
212.3306622386465
 21
12.28412325513895
 31
1.793760276923768
210
0.0
220
6.123233995736766E-17
230
-1.0
  0
LINE
  5
423
330
1F
100
AcDbEntity
  8
Whole Simpsons House v1_Simpsons_house_02
100
AcDbLine
 10
36.37357334975749
 20
210.7078649218056
 30
1.79376027692378
 11
35.61580668309094
 21
211.32945936625
 31
1.79376027692378
210
0.0
220
6.123233995736766E-17
230
-1.0
  0
LINE
  5
424
330
1F
100
AcDbEntity
  8
Whole Simpsons House v1_Simpsons_house_02
100
AcDbLine
 10
91.74204557197982
 20
212.0766426995833
 30
1.79376027692378
 11
90.8040094608687
 21
211.7919510329167
 31
1.79376027692378
210
0.0
220
6.123233995736766E-17
230
-1.0
  0
LINE
  5
425
330
1F
100
AcDbEntity
  8
Whole Simpsons House v1_Simpsons_house_02
100
AcDbLine
 10
196.308906683091
 20
191.8466010329167
 30
1.793760276923779
 11
195.370517794202
 21
191.56190936625
 31
1.793760276923779
210
0.0
220
6.123233995736766E-17
230
-1.0
  0
LINE
  5
426
330
1F
100
AcDbEntity
  8
Whole Simpsons House v1_Simpsons_house_02
100
AcDbLine
 10
308.5232844608687
 20
127.4290260329167
 30
1.793760276923775
 11
309.2810511275353
 21
126.8074315884722
 31
1.793760276923775
210
0.0
220
6.123233995736766E-17
230
-1.0
  0
LINE
  5
427
330
1F
100
AcDbEntity
  8
Whole Simpsons House v1_Simpsons_house_02
100
AcDbLine
 10
212.3059677942021
 20
3.378601032916595
 30
1.793760276923767
 11
213.2443566830909
 21
3.662939921805608
 31
1.793760276923767
210
0.0
220
6.123233995736766E-17
230
-1.0
  0
LINE
  5
428
330
1F
100
AcDbEntity
  8
Whole Simpsons House v1_Simpsons_house_02
100
AcDbLine
 10
215.9505150164243
 20
6.369451032916722
 30
1.793760276923767
 11
216.235206683091
 21
7.307839921805503
 31
1.793760276923767
210
0.0
220
6.123233995736766E-17
230
-1.0
  0
LINE
  5
429
330
1F
100
AcDbEntity
  8
Whole Simpsons House v1_Simpsons_house_02
100
AcDbLine
 10
197.931331683091
 20
192.9306871440278
 30
1.793760276923779
 11
197.1732122386465
 21
192.3087399218056
 31
1.793760276923779
210
0.0
220
6.123233995736766E-17
230
-1.0
  0
LINE
  5
42A
330
1F
100
AcDbEntity
  8
Whole Simpsons House v1_Simpsons_house_02
100
AcDbLine
 10
214.866781683091
 20
4.747026032916601
 30
1.793760276923767
 11
215.4887289053132
 21
5.50514547736114
 31
1.793760276923767
210
0.0
220
6.123233995736766E-17
230
-1.0
  0
LINE
  5
42B
330
1F
100
AcDbEntity
  8
Whole Simpsons House v1_Simpsons_house_02
100
AcDbLine
 10
180.2349400164242
 20
193.6884538106945
 30
1.793760276923779
 11
179.7728011275354
 21
194.5531121440278
 31
1.793760276923779
210
0.0
220
6.123233995736766E-17
230
-1.0
  0
LINE
  5
42C
330
1F
100
AcDbEntity
  8
Whole Simpsons House v1_Simpsons_house_02
100
AcDbLine
 10
199.3960650164242
 20
196.4669315884722
 30
1.793760276923779
 11
199.299756683091
 21
195.4911482551389
 31
1.793760276923779
210
0.0
220
6.123233995736766E-17
230
-1.0
  0
LINE
  5
42D
330
1F
100
AcDbEntity
  8
Whole Simpsons House v1_Simpsons_house_02
100
AcDbLine
 10
6.9413233497575
 20
212.1725982551389
 30
1.79376027692378
 11
6.9413233497575
 21
195.9970315884722
 31
1.793760276923779
210
0.0
220
6.123233995736766E-17
230
-1.0
  0
LINE
  5
42E
330
1F
100
AcDbEntity
  8
Whole Simpsons House v1_Simpsons_house_02
100
AcDbLine
 10
186.3605733497576
 20
7.307839921805503
 30
1.793760276923767
 11
186.6449122386465
 21
6.369451032916722
 31
1.793760276923767
210
0.0
220
6.123233995736766E-17
230
-1.0
  0
LINE
  5
42F
330
1F
100
AcDbEntity
  8
Whole Simpsons House v1_Simpsons_house_02
100
AcDbLine
 10
37.74235112753532
 20
208.1470510329167
 30
1.79376027692378
 11
37.4576594608686
 21
209.0854399218056
 31
1.79376027692378
210
0.0
220
6.123233995736766E-17
230
-1.0
  0
LINE
  5
430
330
1F
100
AcDbEntity
  8
Whole Simpsons House v1_Simpsons_house_02
100
AcDbLine
 10
189.3517761275354
 20
3.662939921805608
 30
1.793760276923767
 11
190.2898122386465
 21
3.378601032916595
 31
1.793760276923767
210
0.0
220
6.123233995736766E-17
230
-1.0
  0
LINE
  5
431
330
1F
100
AcDbEntity
  8
Whole Simpsons House v1_Simpsons_house_02
100
AcDbLine
 10
164.6481594608687
 20
210.6415426995834
 30
1.79376027692378
 11
164.6481594608687
 21
207.6411676995833
 31
1.79376027692378
210
0.0
220
6.123233995736766E-17
230
-1.0
  0
LINE
  5
432
330
1F
100
AcDbEntity
  8
Whole Simpsons House v1_Simpsons_house_02
100
AcDbLine
 10
316.0600289053131
 20
162.6672926995833
 30
1.793760276923777
 11
316.0600289053131
 21
165.6680204773611
 31
1.793760276923777
210
0.0
220
6.123233995736766E-17
230
-1.0
  0
LINE
  5
433
330
1F
100
AcDbEntity
  8
Whole Simpsons House v1_Simpsons_house_02
100
AcDbLine
 10
310.1457094608685
 20
169.2878732551389
 30
1.793760276923777
 11
309.2810511275353
 21
168.82573436625
 31
1.793760276923777
210
0.0
220
6.123233995736766E-17
230
-1.0
  0
LINE
  5
434
330
1F
100
AcDbEntity
  8
Whole Simpsons House v1_Simpsons_house_02
100
AcDbLine
 10
105.4979094608686
 20
211.32945936625
 30
1.79376027692378
 11
104.6336039053131
 21
211.7919510329167
 31
1.79376027692378
210
0.0
220
6.123233995736766E-17
230
-1.0
  0
LINE
  5
435
330
1F
100
AcDbEntity
  8
Whole Simpsons House v1_Simpsons_house_02
100
AcDbLine
 10
216.3315150164242
 20
8.283623255138929
 30
1.793760276923767
 11
216.3315150164242
 21
9.283395477361124
 31
1.793760276923767
210
0.0
220
6.123233995736766E-17
230
-1.0
  0
LINE
  5
436
330
1F
100
AcDbEntity
  8
Whole Simpsons House v1_Simpsons_house_02
100
AcDbLine
 10
209.3299344608687
 20
12.28412325513895
 30
1.793760276923768
 11
209.3299344608687
 21
15.2848510329166
 31
1.793760276923768
210
0.0
220
6.123233995736766E-17
230
-1.0
  0
LINE
  5
437
330
1F
100
AcDbEntity
  8
Whole Simpsons House v1_Simpsons_house_02
100
AcDbLine
 10
87.7164983497575
 20
207.1716204773611
 30
1.79376027692378
 11
87.7164983497575
 21
203.1707676995833
 31
1.793760276923779
210
0.0
220
6.123233995736766E-17
230
-1.0
  0
LINE
  5
438
330
1F
100
AcDbEntity
  8
Whole Simpsons House v1_Simpsons_house_02
100
AcDbLine
 10
215.4887289053132
 20
5.50514547736114
 30
1.793760276923767
 11
215.9505150164243
 21
6.369451032916722
 31
1.793760276923767
210
0.0
220
6.123233995736766E-17
230
-1.0
  0
LINE
  5
439
330
1F
100
AcDbEntity
  8
Whole Simpsons House v1_Simpsons_house_02
100
AcDbLine
 10
307.1545066830909
 20
165.6433260329167
 30
1.793760276923777
 11
307.0585511275353
 21
164.6675426995833
 31
1.793760276923777
210
0.0
220
6.123233995736766E-17
230
-1.0
  0
LINE
  5
43A
330
1F
100
AcDbEntity
  8
Whole Simpsons House v1_Simpsons_house_02
100
AcDbLine
 10
311.0837455719798
 20
169.5725649218056
 30
1.793760276923777
 11
310.1457094608685
 21
169.2878732551389
 31
1.793760276923777
210
0.0
220
6.123233995736766E-17
230
-1.0
  0
LINE
  5
43B
330
1F
100
AcDbEntity
  8
Whole Simpsons House v1_Simpsons_house_02
100
AcDbLine
 10
181.6146539053132
 20
192.3087399218056
 30
1.793760276923779
 11
180.8568872386465
 21
192.9306871440278
 31
1.793760276923779
210
0.0
220
6.123233995736766E-17
230
-1.0
  0
LINE
  5
43C
330
1F
100
AcDbEntity
  8
Whole Simpsons House v1_Simpsons_house_02
100
AcDbLine
 10
307.9013372386465
 20
167.4460204773611
 30
1.793760276923777
 11
307.4391983497575
 21
166.5813621440278
 31
1.793760276923777
210
0.0
220
6.123233995736766E-17
230
-1.0
  0
LINE
  5
43D
330
1F
100
AcDbEntity
  8
Whole Simpsons House v1_Simpsons_house_02
100
AcDbLine
 10
80.524417794202
 20
192.9966565884722
 30
1.793760276923779
 11
80.524417794202
 21
195.9970315884722
 31
1.793760276923779
210
0.0
220
6.123233995736766E-17
230
-1.0
  0
LINE
  5
43E
330
1F
100
AcDbEntity
  8
Whole Simpsons House v1_Simpsons_house_02
100
AcDbLine
 10
186.2646177942021
 20
9.283395477361124
 30
1.793760276923767
 11
186.2646177942021
 21
8.283623255138929
 31
1.793760276923767
210
0.0
220
6.123233995736766E-17
230
-1.0
  0
LINE
  5
43F
330
1F
100
AcDbEntity
  8
Whole Simpsons House v1_Simpsons_house_02
100
AcDbLine
 10
16.94363168309088
 20
195.9970315884722
 30
1.793760276923779
 11
16.94363168309088
 21
192.9966565884722
 31
1.793760276923779
210
0.0
220
6.123233995736766E-17
230
-1.0
  0
LINE
  5
440
330
1F
100
AcDbEntity
  8
Whole Simpsons House v1_Simpsons_house_02
100
AcDbLine
 10
211.5422039053132
 20
210.6415426995834
 30
1.79376027692378
 11
211.5422039053132
 21
207.6411676995833
 31
1.79376027692378
210
0.0
220
6.123233995736766E-17
230
-1.0
  0
LINE
  5
441
330
1F
100
AcDbEntity
  8
Whole Simpsons House v1_Simpsons_house_02
100
AcDbLine
 10
201.5402483497576
 20
207.6411676995833
 30
1.79376027692378
 11
201.5402483497576
 21
210.6415426995834
 31
1.79376027692378
210
0.0
220
6.123233995736766E-17
230
-1.0
  0
LINE
  5
442
330
1F
100
AcDbEntity
  8
Whole Simpsons House v1_Simpsons_house_02
100
AcDbLine
 10
34.75114834975751
 20
211.7919510329167
 30
1.79376027692378
 11
33.81311223864641
 21
212.0766426995833
 31
1.79376027692378
210
0.0
220
6.123233995736766E-17
230
-1.0
  0
LINE
  5
443
330
1F
100
AcDbEntity
  8
Whole Simpsons House v1_Simpsons_house_02
100
AcDbLine
 10
7.810920571979796
 20
13.72980658847223
 30
1.793760276923768
 11
7.810920571979796
 21
23.73140936625012
 31
1.793760276923768
210
0.0
220
6.123233995736766E-17
230
-1.0
  0
LINE
  5
444
330
1F
100
AcDbEntity
  8
Whole Simpsons House v1_Simpsons_house_02
100
AcDbLine
 10
289.8355872386465
 20
231.7210732551389
 30
1.793760276923781
 11
289.8355872386465
 21
225.3029871440278
 31
1.793760276923781
210
0.0
220
6.123233995736766E-17
230
-1.0
  0
LINE
  5
445
330
1F
100
AcDbEntity
  8
Whole Simpsons House v1_Simpsons_house_02
100
AcDbLine
 10
308.7550594608687
 20
100.8087676995833
 30
1.793760276923773
 11
308.7550594608687
 21
89.36571492180562
 31
1.793760276923772
210
0.0
220
6.123233995736766E-17
230
-1.0
  0
LINE
  5
446
330
1F
100
AcDbEntity
  8
Whole Simpsons House v1_Simpsons_house_02
100
AcDbLine
 10
86.56150390531309
 20
230.1353371440278
 30
1.793760276923781
 11
86.56150390531309
 21
216.8461982551389
 31
1.79376027692378
210
0.0
220
6.123233995736766E-17
230
-1.0
  0
LINE
  5
447
330
1F
100
AcDbEntity
  8
Whole Simpsons House v1_Simpsons_house_02
100
AcDbLine
 10
293.8360872386465
 20
225.3029871440278
 30
1.793760276923781
 11
293.8360872386465
 21
222.3026121440278
 31
1.793760276923781
210
0.0
220
6.123233995736766E-17
230
-1.0
  0
LINE
  5
448
330
1F
100
AcDbEntity
  8
Whole Simpsons House v1_Simpsons_house_02
100
AcDbLine
 10
109.4472566830908
 20
216.8461982551389
 30
1.79376027692378
 11
109.4472566830908
 21
230.1353371440278
 31
1.793760276923781
210
0.0
220
6.123233995736766E-17
230
-1.0
  0
LINE
  5
449
330
1F
100
AcDbEntity
  8
Whole Simpsons House v1_Simpsons_house_02
100
AcDbLine
 10
313.059653905313
 20
125.9646454773611
 30
1.793760276923775
 11
313.059653905313
 21
129.9651454773611
 31
1.793760276923775
210
0.0
220
6.123233995736766E-17
230
-1.0
  0
LINE
  5
44A
330
1F
100
AcDbEntity
  8
Whole Simpsons House v1_Simpsons_house_02
100
AcDbLine
 10
308.7550594608687
 20
115.2518426995833
 30
1.793760276923774
 11
308.7550594608687
 21
103.8091426995833
 31
1.793760276923773
210
0.0
220
6.123233995736766E-17
230
-1.0
  0
LINE
  5
44B
330
1F
100
AcDbEntity
  8
Whole Simpsons House v1_Simpsons_house_02
100
AcDbLine
 10
316.0600289053131
 20
129.9651454773611
 30
1.793760276923775
 11
316.0600289053131
 21
132.9655204773611
 31
1.793760276923775
210
0.0
220
6.123233995736766E-17
230
-1.0
  0
LINE
  5
44C
330
1F
100
AcDbEntity
  8
Whole Simpsons House v1_Simpsons_house_02
100
AcDbLine
 10
301.5795594608686
 20
110.1997121440278
 30
1.793760276923774
 11
301.5795594608686
 21
120.2016676995833
 31
1.793760276923774
210
0.0
220
6.123233995736766E-17
230
-1.0
  0
LINE
  5
44D
330
1F
100
AcDbEntity
  8
Whole Simpsons House v1_Simpsons_house_02
100
AcDbLine
 10
179.4881094608688
 20
195.4911482551389
 30
1.793760276923779
 11
179.3921539053132
 21
196.4669315884722
 31
1.793760276923779
210
0.0
220
6.123233995736766E-17
230
-1.0
  0
LINE
  5
44E
330
1F
100
AcDbEntity
  8
Whole Simpsons House v1_Simpsons_house_02
100
AcDbLine
 10
306.8059622386465
 20
223.2378260329167
 30
1.793760276923781
 11
306.8059622386465
 21
218.0936204773611
 31
1.79376027692378
210
0.0
220
6.123233995736766E-17
230
-1.0
  0
LINE
  5
44F
330
1F
100
AcDbEntity
  8
Whole Simpsons House v1_Simpsons_house_02
100
AcDbLine
 10
185.9241872386465
 20
93.80648158847222
 30
1.793760276923773
 11
185.9241872386465
 21
90.80610658847222
 31
1.793760276923773
210
0.0
220
6.123233995736766E-17
230
-1.0
  0
LINE
  5
450
330
1F
100
AcDbEntity
  8
Whole Simpsons House v1_Simpsons_house_02
100
AcDbLine
 10
254.9769094608687
 20
90.80610658847222
 30
1.793760276923773
 11
254.9769094608687
 21
93.80648158847222
 31
1.793760276923773
210
0.0
220
6.123233995736766E-17
230
-1.0
  0
LINE
  5
451
330
1F
100
AcDbEntity
  8
Whole Simpsons House v1_Simpsons_house_02
100
AcDbLine
 10
289.8355872386465
 20
217.1584065884722
 30
1.79376027692378
 11
304.5361900164243
 21
226.91553436625
 31
1.793760276923781
210
0.0
220
6.123233995736766E-17
230
-1.0
  0
LINE
  5
452
330
1F
100
AcDbEntity
  8
Whole Simpsons House v1_Simpsons_house_02
100
AcDbLine
 10
298.578831683091
 20
120.2016676995833
 30
1.793760276923774
 11
298.578831683091
 21
142.1370371440278
 31
1.793760276923776
210
0.0
220
6.123233995736766E-17
230
-1.0
  0
LINE
  5
453
330
1F
100
AcDbEntity
  8
Whole Simpsons House v1_Simpsons_house_02
100
AcDbLine
 10
4.810545571979796
 20
2.655053810694308
 30
1.793760276923767
 11
4.810545571979796
 21
13.72980658847223
 31
1.793760276923768
210
0.0
220
6.123233995736766E-17
230
-1.0
  0
LINE
  5
454
330
1F
100
AcDbEntity
  8
Whole Simpsons House v1_Simpsons_house_02
100
AcDbLine
 10
308.7550594608687
 20
89.36571492180562
 30
1.793760276923772
 11
323.7138955719798
 21
93.29354269958331
 31
1.793760276923773
210
0.0
220
6.123233995736766E-17
230
-1.0
  0
LINE
  5
455
330
1F
100
AcDbEntity
  8
Whole Simpsons House v1_Simpsons_house_02
100
AcDbLine
 10
301.5795594608686
 20
142.1370371440278
 30
1.793760276923776
 11
301.5795594608686
 21
152.1389926995834
 31
1.793760276923776
210
0.0
220
6.123233995736766E-17
230
-1.0
  0
LINE
  5
456
330
1F
100
AcDbEntity
  8
Whole Simpsons House v1_Simpsons_house_02
100
AcDbLine
 10
194.5739455719797
 20
169.4060538106944
 30
1.793760276923777
 11
194.5739455719797
 21
100.1977565884722
 31
1.793760276923773
210
0.0
220
6.123233995736766E-17
230
-1.0
  0
LINE
  5
457
330
1F
100
AcDbEntity
  8
Whole Simpsons House v1_Simpsons_house_02
100
AcDbLine
 10
319.0607566830909
 20
132.9655204773611
 30
1.793760276923775
 11
319.0607566830909
 21
162.6672926995833
 31
1.793760276923777
210
0.0
220
6.123233995736766E-17
230
-1.0
  0
LINE
  5
458
330
1F
100
AcDbEntity
  8
Whole Simpsons House v1_Simpsons_house_02
100
AcDbLine
 10
264.9788650164242
 20
93.80648158847222
 30
1.793760276923773
 11
264.9788650164242
 21
90.80610658847222
 31
1.793760276923773
210
0.0
220
6.123233995736766E-17
230
-1.0
  0
LINE
  5
459
330
1F
100
AcDbEntity
  8
Whole Simpsons House v1_Simpsons_house_02
100
AcDbLine
 10
323.7138955719798
 20
93.29354269958331
 30
1.793760276923773
 11
323.7138955719798
 21
111.3240149218055
 31
1.793760276923774
210
0.0
220
6.123233995736766E-17
230
-1.0
  0
LINE
  5
45A
330
1F
100
AcDbEntity
  8
Whole Simpsons House v1_Simpsons_house_02
100
AcDbLine
 10
298.578831683091
 20
100.1977565884722
 30
1.793760276923773
 11
298.578831683091
 21
110.1997121440278
 31
1.793760276923774
210
0.0
220
6.123233995736766E-17
230
-1.0
  0
LINE
  5
45B
330
1F
100
AcDbEntity
  8
Whole Simpsons House v1_Simpsons_house_02
100
AcDbLine
 10
277.9811955719798
 20
30.28178714402774
 30
1.793760276923769
 11
277.9811955719798
 21
20.48726492180553
 31
1.793760276923768
210
0.0
220
6.123233995736766E-17
230
-1.0
  0
LINE
  5
45C
330
1F
100
AcDbEntity
  8
Whole Simpsons House v1_Simpsons_house_02
100
AcDbLine
 10
186.5090927942021
 20
101.5471315884722
 30
1.793760276923773
 11
186.5090927942021
 21
184.5680899218056
 31
1.793760276923778
210
0.0
220
6.123233995736766E-17
230
-1.0
  0
LINE
  5
45D
330
1F
100
AcDbEntity
  8
Whole Simpsons House v1_Simpsons_house_02
100
AcDbLine
 10
277.9811955719798
 20
90.80610658847222
 30
1.793760276923773
 11
277.9811955719798
 21
80.80415103291661
 31
1.793760276923772
210
0.0
220
6.123233995736766E-17
230
-1.0
  0
LINE
  5
45E
330
1F
100
AcDbEntity
  8
Whole Simpsons House v1_Simpsons_house_02
100
AcDbLine
 10
323.7138955719798
 20
111.3240149218055
 30
1.793760276923774
 11
308.7550594608687
 21
115.2518426995833
 31
1.793760276923774
210
0.0
220
6.123233995736766E-17
230
-1.0
  0
LINE
  5
45F
330
1F
100
AcDbEntity
  8
Whole Simpsons House v1_Simpsons_house_02
100
AcDbLine
 10
307.0585511275353
 20
130.9652704773611
 30
1.793760276923775
 11
307.1545066830909
 21
129.9898399218055
 31
1.793760276923775
210
0.0
220
6.123233995736766E-17
230
-1.0
  0
LINE
  5
460
330
1F
100
AcDbEntity
  8
Whole Simpsons House v1_Simpsons_house_02
100
AcDbLine
 10
315.6222316830908
 20
103.8091426995833
 30
1.793760276923773
 11
315.6222316830908
 21
100.8087676995833
 31
1.793760276923773
210
0.0
220
6.123233995736766E-17
230
-1.0
  0
LINE
  5
461
330
1F
100
AcDbEntity
  8
Whole Simpsons House v1_Simpsons_house_02
100
AcDbLine
 10
298.578831683091
 20
152.1389926995834
 30
1.793760276923776
 11
298.578831683091
 21
169.4060538106944
 31
1.793760276923777
210
0.0
220
6.123233995736766E-17
230
-1.0
  0
LINE
  5
462
330
1F
100
AcDbEntity
  8
Whole Simpsons House v1_Simpsons_house_02
100
AcDbLine
 10
289.8355872386465
 20
222.3026121440278
 30
1.793760276923781
 11
289.8355872386465
 21
217.1584065884722
 31
1.79376027692378
210
0.0
220
6.123233995736766E-17
230
-1.0
  0
LINE
  5
463
330
1F
100
AcDbEntity
  8
Whole Simpsons House v1_Simpsons_house_02
100
AcDbLine
 10
306.8059622386465
 20
208.67515936625
 30
1.79376027692378
 11
321.5065650164242
 21
213.4806982551389
 31
1.79376027692378
210
0.0
220
6.123233995736766E-17
230
-1.0
  0
LINE
  5
464
330
1F
100
AcDbEntity
  8
Whole Simpsons House v1_Simpsons_house_02
100
AcDbLine
 10
274.9808205719797
 20
80.80415103291661
 30
1.793760276923772
 11
274.9808205719797
 21
70.80219547736114
 31
1.793760276923771
210
0.0
220
6.123233995736766E-17
230
-1.0
  0
LINE
  5
465
330
1F
100
AcDbEntity
  8
Whole Simpsons House v1_Simpsons_house_02
100
AcDbLine
 10
320.9234233497575
 20
45.24168158847222
 30
1.79376027692377
 11
320.7420955719797
 21
45.03460103291662
 31
1.79376027692377
210
0.0
220
6.123233995736766E-17
230
-1.0
  0
LINE
  5
466
330
1F
100
AcDbEntity
  8
Whole Simpsons House v1_Simpsons_house_02
100
AcDbLine
 10
306.8059622386465
 20
215.0928926995834
 30
1.79376027692378
 11
306.8059622386465
 21
208.67515936625
 31
1.79376027692378
210
0.0
220
6.123233995736766E-17
230
-1.0
  0
LINE
  5
467
330
1F
100
AcDbEntity
  8
Whole Simpsons House v1_Simpsons_house_02
100
AcDbLine
 10
27.8148316830909
 20
93.80648158847222
 30
1.793760276923773
 11
27.8148316830909
 21
90.80610658847222
 31
1.793760276923773
210
0.0
220
6.123233995736766E-17
230
-1.0
  0
LINE
  5
468
330
1F
100
AcDbEntity
  8
Whole Simpsons House v1_Simpsons_house_02
100
AcDbLine
 10
274.9808205719797
 20
40.28374269958329
 30
1.793760276923769
 11
274.9808205719797
 21
30.28178714402774
 31
1.793760276923769
210
0.0
220
6.123233995736766E-17
230
-1.0
  0
LINE
  5
469
330
1F
100
AcDbEntity
  8
Whole Simpsons House v1_Simpsons_house_02
100
AcDbLine
 10
7.810920571979796
 20
70.80219547736114
 30
1.793760276923771
 11
7.810920571979796
 21
80.80415103291661
 31
1.793760276923772
210
0.0
220
6.123233995736766E-17
230
-1.0
  0
LINE
  5
46A
330
1F
100
AcDbEntity
  8
Whole Simpsons House v1_Simpsons_house_02
100
AcDbLine
 10
183.5083650164242
 20
121.5686815884722
 30
1.793760276923774
 11
183.5083650164242
 21
111.5667260329167
 31
1.793760276923774
210
0.0
220
6.123233995736766E-17
230
-1.0
  0
LINE
  5
46B
330
1F
100
AcDbEntity
  8
Whole Simpsons House v1_Simpsons_house_02
100
AcDbLine
 10
317.2781705719798
 20
79.73205936625003
 30
1.793760276923772
 11
317.2781705719798
 21
74.77094547736114
 31
1.793760276923771
210
0.0
220
6.123233995736766E-17
230
-1.0
  0
LINE
  5
46C
330
1F
100
AcDbEntity
  8
Whole Simpsons House v1_Simpsons_house_02
100
AcDbLine
 10
310.8068150164243
 20
218.0936204773611
 30
1.79376027692378
 11
310.8068150164243
 21
215.0928926995834
 31
1.79376027692378
210
0.0
220
6.123233995736766E-17
230
-1.0
  0
LINE
  5
46D
330
1F
100
AcDbEntity
  8
Whole Simpsons House v1_Simpsons_house_02
100
AcDbLine
 10
277.9811955719798
 20
70.80219547736114
 30
1.793760276923771
 11
277.9811955719798
 21
40.28374269958329
 31
1.793760276923769
210
0.0
220
6.123233995736766E-17
230
-1.0
  0
LINE
  5
46E
330
1F
100
AcDbEntity
  8
Whole Simpsons House v1_Simpsons_house_02
100
AcDbLine
 10
309.2810511275353
 20
126.8074315884722
 30
1.793760276923775
 11
310.1457094608685
 21
126.3449399218055
 31
1.793760276923775
210
0.0
220
6.123233995736766E-17
230
-1.0
  0
LINE
  5
46F
330
1F
100
AcDbEntity
  8
Whole Simpsons House v1_Simpsons_house_02
100
AcDbLine
 10
320.7420955719797
 20
45.03460103291662
 30
1.79376027692377
 11
320.5350150164242
 21
44.85327325513894
 31
1.79376027692377
210
0.0
220
6.123233995736766E-17
230
-1.0
  0
LINE
  5
470
330
1F
100
AcDbEntity
  8
Whole Simpsons House v1_Simpsons_house_02
100
AcDbLine
 10
175.9222316830909
 20
90.80610658847222
 30
1.793760276923773
 11
175.9222316830909
 21
93.80648158847222
 31
1.793760276923773
210
0.0
220
6.123233995736766E-17
230
-1.0
  0
LINE
  5
471
330
1F
100
AcDbEntity
  8
Whole Simpsons House v1_Simpsons_house_02
100
AcDbLine
 10
321.2864316830909
 20
47.06660103291671
 30
1.79376027692377
 11
321.340053905313
 21
46.79707881069442
 31
1.79376027692377
210
0.0
220
6.123233995736766E-17
230
-1.0
  0
LINE
  5
472
330
1F
100
AcDbEntity
  8
Whole Simpsons House v1_Simpsons_house_02
100
AcDbLine
 10
4.810545571979796
 20
80.80415103291661
 30
1.793760276923772
 11
4.810545571979796
 21
90.80610658847222
 31
1.793760276923773
210
0.0
220
6.123233995736766E-17
230
-1.0
  0
LINE
  5
473
330
1F
100
AcDbEntity
  8
Whole Simpsons House v1_Simpsons_house_02
100
AcDbLine
 10
201.5264900164242
 20
116.2008149218055
 30
1.793760276923774
 11
201.5264900164242
 21
108.19910936625
 31
1.793760276923773
210
0.0
220
6.123233995736766E-17
230
-1.0
  0
LINE
  5
474
330
1F
100
AcDbEntity
  8
Whole Simpsons House v1_Simpsons_house_02
100
AcDbLine
 10
133.4481400164243
 20
213.3431149218056
 30
1.79376027692378
 11
133.4481400164243
 21
222.6314010329167
 31
1.793760276923781
210
0.0
220
6.123233995736766E-17
230
-1.0
  0
LINE
  5
475
330
1F
100
AcDbEntity
  8
Whole Simpsons House v1_Simpsons_house_02
100
AcDbLine
 10
317.7671205719799
 20
48.0099288106946
 30
1.79376027692377
 11
317.9738483497575
 21
48.19090381069443
 31
1.79376027692377
210
0.0
220
6.123233995736766E-17
230
-1.0
  0
LINE
  5
476
330
1F
100
AcDbEntity
  8
Whole Simpsons House v1_Simpsons_house_02
100
AcDbLine
 10
317.2781705719798
 20
65.80862603291662
 30
1.793760276923771
 11
317.2781705719798
 21
60.84715936625012
 31
1.793760276923771
210
0.0
220
6.123233995736766E-17
230
-1.0
  0
LINE
  5
477
330
1F
100
AcDbEntity
  8
Whole Simpsons House v1_Simpsons_house_02
100
AcDbLine
 10
96.8675539053132
 20
90.80610658847222
 30
1.793760276923773
 11
96.8675539053132
 21
93.80648158847222
 31
1.793760276923773
210
0.0
220
6.123233995736766E-17
230
-1.0
  0
LINE
  5
478
330
1F
100
AcDbEntity
  8
Whole Simpsons House v1_Simpsons_house_02
100
AcDbLine
 10
17.81287612753529
 20
90.80610658847222
 30
1.793760276923773
 11
17.81287612753529
 21
93.80648158847222
 31
1.793760276923773
210
0.0
220
6.123233995736766E-17
230
-1.0
  0
LINE
  5
479
330
1F
100
AcDbEntity
  8
Whole Simpsons House v1_Simpsons_house_02
100
AcDbLine
 10
205.2705205719798
 20
229.4043815884722
 30
1.793760276923781
 11
205.2705205719798
 21
220.1160954773611
 31
1.79376027692378
210
0.0
220
6.123233995736766E-17
230
-1.0
  0
LINE
  5
47A
330
1F
100
AcDbEntity
  8
Whole Simpsons House v1_Simpsons_house_02
100
AcDbLine
 10
198.5261150164243
 20
108.19910936625
 30
1.793760276923773
 11
198.5261150164243
 21
116.2008149218055
 31
1.793760276923774
210
0.0
220
6.123233995736766E-17
230
-1.0
  0
LINE
  5
47B
330
1F
100
AcDbEntity
  8
Whole Simpsons House v1_Simpsons_house_02
100
AcDbLine
 10
304.5361900164243
 20
226.91553436625
 30
1.793760276923781
 11
289.8355872386465
 21
231.7210732551389
 31
1.793760276923781
210
0.0
220
6.123233995736766E-17
230
-1.0
  0
LINE
  5
47C
330
1F
100
AcDbEntity
  8
Whole Simpsons House v1_Simpsons_house_02
100
AcDbLine
 10
177.9284789053132
 20
20.48726492180553
 30
1.793760276923768
 11
177.9284789053132
 21
2.655053810694308
 31
1.793760276923767
210
0.0
220
6.123233995736766E-17
230
-1.0
  0
LINE
  5
47D
330
1F
100
AcDbEntity
  8
Whole Simpsons House v1_Simpsons_house_02
100
AcDbLine
 10
310.1457094608685
 20
126.3449399218055
 30
1.793760276923775
 11
311.0837455719798
 21
126.0606010329166
 31
1.793760276923775
210
0.0
220
6.123233995736766E-17
230
-1.0
  0
LINE
  5
47E
330
1F
100
AcDbEntity
  8
Whole Simpsons House v1_Simpsons_house_02
100
AcDbLine
 10
4.810545571979796
 20
23.73140936625012
 30
1.793760276923768
 11
4.810545571979796
 21
70.80219547736114
 31
1.793760276923771
210
0.0
220
6.123233995736766E-17
230
-1.0
  0
LINE
  5
47F
330
1F
100
AcDbEntity
  8
Whole Simpsons House v1_Simpsons_house_02
100
AcDbLine
 10
106.8695094608687
 20
93.80648158847222
 30
1.793760276923773
 11
106.8695094608687
 21
90.80610658847222
 31
1.793760276923773
210
0.0
220
6.123233995736766E-17
230
-1.0
  0
LINE
  5
480
330
1F
100
AcDbEntity
  8
Whole Simpsons House v1_Simpsons_house_02
100
AcDbLine
 10
317.585792794202
 20
45.24168158847222
 30
1.79376027692377
 11
317.4326872386465
 21
45.47063436625001
 31
1.79376027692377
210
0.0
220
6.123233995736766E-17
230
-1.0
  0
LINE
  5
481
330
1F
100
AcDbEntity
  8
Whole Simpsons House v1_Simpsons_house_02
100
AcDbLine
 10
317.3109789053132
 20
45.71722603291672
 30
1.79376027692377
 11
317.2227844608687
 21
45.97792881069451
 31
1.79376027692377
210
0.0
220
6.123233995736766E-17
230
-1.0
  0
LINE
  5
482
330
1F
100
AcDbEntity
  8
Whole Simpsons House v1_Simpsons_house_02
100
AcDbLine
 10
317.4326872386465
 20
47.5738954773611
 30
1.79376027692377
 11
317.585792794202
 21
47.80284825513892
 31
1.79376027692377
210
0.0
220
6.123233995736766E-17
230
-1.0
  0
LINE
  5
483
330
1F
100
AcDbEntity
  8
Whole Simpsons House v1_Simpsons_house_02
100
AcDbLine
 10
3.14966779420206
 20
184.5680899218056
 30
1.793760276923778
 11
3.14966779420206
 21
101.5471315884722
 31
1.793760276923773
210
0.0
220
6.123233995736766E-17
230
-1.0
  0
LINE
  5
484
330
1F
100
AcDbEntity
  8
Whole Simpsons House v1_Simpsons_house_02
100
AcDbLine
 10
307.9898844608687
 20
60.84715936625012
 30
1.793760276923771
 11
307.9898844608687
 21
65.80862603291662
 31
1.793760276923771
210
0.0
220
6.123233995736766E-17
230
-1.0
  0
LINE
  5
485
330
1F
100
AcDbEntity
  8
Whole Simpsons House v1_Simpsons_house_02
100
AcDbLine
 10
321.5065650164242
 20
213.4806982551389
 30
1.79376027692378
 11
306.8059622386465
 21
223.2378260329167
 31
1.793760276923781
210
0.0
220
6.123233995736766E-17
230
-1.0
  0
LINE
  5
486
330
1F
100
AcDbEntity
  8
Whole Simpsons House v1_Simpsons_house_02
100
AcDbLine
 10
317.4326872386465
 20
45.47063436625001
 30
1.79376027692377
 11
317.3109789053132
 21
45.71722603291672
 31
1.79376027692377
210
0.0
220
6.123233995736766E-17
230
-1.0
  0
LINE
  5
487
330
1F
100
AcDbEntity
  8
Whole Simpsons House v1_Simpsons_house_02
100
AcDbLine
 10
320.5350150164242
 20
44.85327325513894
 30
1.79376027692377
 11
320.3064150164242
 21
44.70052047736112
 31
1.79376027692377
210
0.0
220
6.123233995736766E-17
230
-1.0
  0
LINE
  5
488
330
1F
100
AcDbEntity
  8
Whole Simpsons House v1_Simpsons_house_02
100
AcDbLine
 10
205.082842794202
 20
179.0347704773611
 30
1.793760276923778
 11
205.082842794202
 21
187.0872760329167
 31
1.793760276923778
210
0.0
220
6.123233995736766E-17
230
-1.0
  0
LINE
  5
489
330
1F
100
AcDbEntity
  8
Whole Simpsons House v1_Simpsons_house_02
100
AcDbLine
 10
13.39115946086861
 20
156.1850010329167
 30
1.793760276923777
 11
13.39115946086861
 21
146.1830454773611
 31
1.793760276923776
210
0.0
220
6.123233995736766E-17
230
-1.0
  0
LINE
  5
48A
330
1F
100
AcDbEntity
  8
Whole Simpsons House v1_Simpsons_house_02
100
AcDbLine
 10
100.4852900164243
 20
228.1350871440278
 30
1.793760276923781
 11
100.4852900164243
 21
218.8468010329167
 31
1.79376027692378
210
0.0
220
6.123233995736766E-17
230
-1.0
  0
LINE
  5
48B
330
1F
100
AcDbEntity
  8
Whole Simpsons House v1_Simpsons_house_02
100
AcDbLine
 10
201.5264900164242
 20
151.1385149218056
 30
1.793760276923776
 11
201.5264900164242
 21
143.1371621440278
 31
1.793760276923776
210
0.0
220
6.123233995736766E-17
230
-1.0
  0
LINE
  5
48C
330
1F
100
AcDbEntity
  8
Whole Simpsons House v1_Simpsons_house_02
100
AcDbLine
 10
131.4475372386464
 20
222.6314010329167
 30
1.793760276923781
 11
131.4475372386464
 21
213.3431149218056
 31
1.79376027692378
210
0.0
220
6.123233995736766E-17
230
-1.0
  0
LINE
  5
48D
330
1F
100
AcDbEntity
  8
Whole Simpsons House v1_Simpsons_house_02
100
AcDbLine
 10
126.4864233497575
 20
213.3431149218056
 30
1.79376027692378
 11
126.4864233497575
 21
222.6314010329167
 31
1.793760276923781
210
0.0
220
6.123233995736766E-17
230
-1.0
  0
LINE
  5
48E
330
1F
100
AcDbEntity
  8
Whole Simpsons House v1_Simpsons_house_02
100
AcDbLine
 10
13.39115946086861
 20
121.5686815884722
 30
1.793760276923774
 11
13.39115946086861
 21
111.5667260329167
 31
1.793760276923774
210
0.0
220
6.123233995736766E-17
230
-1.0
  0
LINE
  5
48F
330
1F
100
AcDbEntity
  8
Whole Simpsons House v1_Simpsons_house_02
100
AcDbLine
 10
174.9277511275354
 20
40.28374269958329
 30
1.793760276923769
 11
174.9277511275354
 21
30.28178714402774
 31
1.793760276923769
210
0.0
220
6.123233995736766E-17
230
-1.0
  0
LINE
  5
490
330
1F
100
AcDbEntity
  8
Whole Simpsons House v1_Simpsons_house_02
100
AcDbLine
 10
307.9898844608687
 20
67.80922881069444
 30
1.793760276923771
 11
307.9898844608687
 21
72.77034269958332
 31
1.793760276923771
210
0.0
220
6.123233995736766E-17
230
-1.0
  0
LINE
  5
491
330
1F
100
AcDbEntity
  8
Whole Simpsons House v1_Simpsons_house_02
100
AcDbLine
 10
214.2324872386465
 20
220.1160954773611
 30
1.79376027692378
 11
214.2324872386465
 21
229.4043815884722
 31
1.793760276923781
210
0.0
220
6.123233995736766E-17
230
-1.0
  0
LINE
  5
492
330
1F
100
AcDbEntity
  8
Whole Simpsons House v1_Simpsons_house_02
100
AcDbLine
 10
88.56210668309089
 20
218.8468010329167
 30
1.79376027692378
 11
88.56210668309089
 21
228.1350871440278
 31
1.793760276923781
210
0.0
220
6.123233995736766E-17
230
-1.0
  0
LINE
  5
493
330
1F
100
AcDbEntity
  8
Whole Simpsons House v1_Simpsons_house_02
100
AcDbLine
 10
177.9284789053132
 20
40.28374269958329
 30
1.793760276923769
 11
174.9277511275354
 21
40.28374269958329
 31
1.793760276923769
210
0.0
220
6.123233995736766E-17
230
-1.0
  0
LINE
  5
494
330
1F
100
AcDbEntity
  8
Whole Simpsons House v1_Simpsons_house_02
100
AcDbLine
 10
277.9811955719798
 20
40.28374269958329
 30
1.793760276923769
 11
274.9808205719797
 21
40.28374269958329
 31
1.793760276923769
210
0.0
220
6.123233995736766E-17
230
-1.0
  0
LINE
  5
495
330
1F
100
AcDbEntity
  8
Whole Simpsons House v1_Simpsons_house_02
100
AcDbLine
 10
318.9799705719799
 20
44.41865103291661
 30
1.79376027692377
 11
318.71
 21
44.4662397230762
 31
1.79376027692377
210
0.0
220
6.123233995736766E-17
230
-1.0
  0
LINE
  5
496
330
1F
100
AcDbEntity
  8
Whole Simpsons House v1_Simpsons_house_02
100
AcDbLine
 10
319.528892794202
 20
44.44999521665319
 30
1.79376027692377
 11
319.2544316830908
 21
44.41865103291661
 31
1.79376027692377
210
0.0
220
6.123233995736766E-17
230
-1.0
  0
LINE
  5
497
330
1F
100
AcDbEntity
  8
Whole Simpsons House v1_Simpsons_house_02
100
AcDbLine
 10
318.449392794202
 20
48.46571769958329
 30
1.79376027692377
 11
318.7100955719798
 21
48.5542649218055
 31
1.79376027692377
210
0.0
220
6.123233995736766E-17
230
-1.0
  0
LINE
  5
498
330
1F
100
AcDbEntity
  8
Whole Simpsons House v1_Simpsons_house_02
100
AcDbLine
 10
10.3904316830909
 20
121.5686815884722
 30
1.793760276923774
 11
13.39115946086861
 21
121.5686815884722
 31
1.793760276923774
210
0.0
220
6.123233995736766E-17
230
-1.0
  0
LINE
  5
499
330
1F
100
AcDbEntity
  8
Whole Simpsons House v1_Simpsons_house_02
100
AcDbLine
 10
180.5076372386465
 20
121.5686815884722
 30
1.793760276923774
 11
183.5083650164242
 21
121.5686815884722
 31
1.793760276923774
210
0.0
220
6.123233995736766E-17
230
-1.0
  0
LINE
  5
49A
330
1F
100
AcDbEntity
  8
Whole Simpsons House v1_Simpsons_house_02
100
AcDbLine
 10
126.4864233497575
 20
222.6314010329167
 30
1.793760276923781
 11
131.4475372386464
 21
222.6314010329167
 31
1.793760276923781
210
0.0
220
6.123233995736766E-17
230
-1.0
  0
LINE
  5
49B
330
1F
100
AcDbEntity
  8
Whole Simpsons House v1_Simpsons_house_02
100
AcDbLine
 10
119.5247066830909
 20
222.6314010329167
 30
1.793760276923781
 11
124.4861733497576
 21
222.6314010329167
 31
1.793760276923781
210
0.0
220
6.123233995736766E-17
230
-1.0
  0
LINE
  5
49C
330
1F
100
AcDbEntity
  8
Whole Simpsons House v1_Simpsons_house_02
100
AcDbLine
 10
133.4481400164243
 20
222.6314010329167
 30
1.793760276923781
 11
138.4092539053132
 21
222.6314010329167
 31
1.793760276923781
210
0.0
220
6.123233995736766E-17
230
-1.0
  0
LINE
  5
49D
330
1F
100
AcDbEntity
  8
Whole Simpsons House v1_Simpsons_house_02
100
AcDbLine
 10
319.7991205719798
 20
48.58126738263163
 30
1.79376027692377
 11
320.07
 21
48.4962397230762
 31
1.79376027692377
210
0.0
220
6.123233995736766E-17
230
-1.0
  0
LINE
  5
49E
330
1F
100
AcDbEntity
  8
Whole Simpsons House v1_Simpsons_house_02
100
AcDbLine
 10
318.7100955719798
 20
48.5542649218055
 30
1.79376027692377
 11
318.9799705719799
 21
48.60788714402772
 31
1.79376027692377
210
0.0
220
6.123233995736766E-17
230
-1.0
  0
LINE
  5
49F
330
1F
100
AcDbEntity
  8
Whole Simpsons House v1_Simpsons_house_02
100
AcDbLine
 10
295.2154483497575
 20
34.51723714402782
 30
1.793760276923769
 11
298.2161761275352
 21
34.51723714402782
 31
1.793760276923769
210
0.0
220
6.123233995736766E-17
230
-1.0
  0
LINE
  5
4A0
330
1F
100
AcDbEntity
  8
Whole Simpsons House v1_Simpsons_house_02
100
AcDbLine
 10
177.9284789053132
 20
80.80415103291661
 30
1.793760276923772
 11
174.9277511275354
 21
80.80415103291661
 31
1.793760276923772
210
0.0
220
6.123233995736766E-17
230
-1.0
  0
LINE
  5
4A1
330
1F
100
AcDbEntity
  8
Whole Simpsons House v1_Simpsons_house_02
100
AcDbLine
 10
277.9811955719798
 20
80.80415103291661
 30
1.793760276923772
 11
274.9808205719797
 21
80.80415103291661
 31
1.793760276923772
210
0.0
220
6.123233995736766E-17
230
-1.0
  0
LINE
  5
4A2
330
1F
100
AcDbEntity
  8
Whole Simpsons House v1_Simpsons_house_02
100
AcDbLine
 10
7.810920571979796
 20
80.80415103291661
 30
1.793760276923772
 11
4.810545571979796
 21
80.80415103291661
 31
1.793760276923772
210
0.0
220
6.123233995736766E-17
230
-1.0
  0
LINE
  5
4A3
330
1F
100
AcDbEntity
  8
Whole Simpsons House v1_Simpsons_house_02
100
AcDbLine
 10
298.2161761275352
 20
24.51528158847222
 30
1.793760276923768
 11
295.2154483497575
 21
24.51528158847222
 31
1.793760276923768
210
0.0
220
6.123233995736766E-17
230
-1.0
  0
LINE
  5
4A4
330
1F
100
AcDbEntity
  8
Whole Simpsons House v1_Simpsons_house_02
100
AcDbLine
 10
212.2322372386465
 20
220.1160954773611
 30
1.79376027692378
 11
207.2707705719798
 21
220.1160954773611
 31
1.79376027692378
210
0.0
220
6.123233995736766E-17
230
-1.0
  0
LINE
  5
4A5
330
1F
100
AcDbEntity
  8
Whole Simpsons House v1_Simpsons_house_02
100
AcDbLine
 10
219.1936011275354
 20
220.1160954773611
 30
1.79376027692378
 11
214.2324872386465
 21
220.1160954773611
 31
1.79376027692378
210
0.0
220
6.123233995736766E-17
230
-1.0
  0
LINE
  5
4A6
330
1F
100
AcDbEntity
  8
Whole Simpsons House v1_Simpsons_house_02
100
AcDbLine
 10
205.2705205719798
 20
220.1160954773611
 30
1.79376027692378
 11
200.3090539053132
 21
220.1160954773611
 31
1.79376027692378
210
0.0
220
6.123233995736766E-17
230
-1.0
  0
LINE
  5
4A7
330
1F
100
AcDbEntity
  8
Whole Simpsons House v1_Simpsons_house_02
100
AcDbLine
 10
180.5076372386465
 20
156.1850010329167
 30
1.793760276923777
 11
183.5083650164242
 21
156.1850010329167
 31
1.793760276923777
210
0.0
220
6.123233995736766E-17
230
-1.0
  0
LINE
  5
4A8
330
1F
100
AcDbEntity
  8
Whole Simpsons House v1_Simpsons_house_02
100
AcDbLine
 10
10.3904316830909
 20
156.1850010329167
 30
1.793760276923777
 11
13.39115946086861
 21
156.1850010329167
 31
1.793760276923777
210
0.0
220
6.123233995736766E-17
230
-1.0
  0
LINE
  5
4A9
330
1F
100
AcDbEntity
  8
Whole Simpsons House v1_Simpsons_house_02
100
AcDbLine
 10
319.2544316830908
 20
44.41865103291661
 30
1.79376027692377
 11
318.9799705719799
 21
44.41865103291661
 31
1.79376027692377
210
0.0
220
6.123233995736766E-17
230
-1.0
  0
LINE
  5
4AA
330
1F
100
AcDbEntity
  8
Whole Simpsons House v1_Simpsons_house_02
100
AcDbLine
 10
174.9277511275354
 20
70.80219547736114
 30
1.793760276923771
 11
177.9284789053132
 21
70.80219547736114
 31
1.793760276923771
210
0.0
220
6.123233995736766E-17
230
-1.0
  0
LINE
  5
4AB
330
1F
100
AcDbEntity
  8
Whole Simpsons House v1_Simpsons_house_02
100
AcDbLine
 10
274.9808205719797
 20
70.80219547736114
 30
1.793760276923771
 11
277.9811955719798
 21
70.80219547736114
 31
1.793760276923771
210
0.0
220
6.123233995736766E-17
230
-1.0
  0
LINE
  5
4AC
330
1F
100
AcDbEntity
  8
Whole Simpsons House v1_Simpsons_house_02
100
AcDbLine
 10
4.810545571979796
 20
70.80219547736114
 30
1.793760276923771
 11
7.810920571979796
 21
70.80219547736114
 31
1.793760276923771
210
0.0
220
6.123233995736766E-17
230
-1.0
  0
LINE
  5
4AD
330
1F
100
AcDbEntity
  8
Whole Simpsons House v1_Simpsons_house_02
100
AcDbLine
 10
198.5261150164243
 20
116.2008149218055
 30
1.793760276923774
 11
201.5264900164242
 21
116.2008149218055
 31
1.793760276923774
210
0.0
220
6.123233995736766E-17
230
-1.0
  0
LINE
  5
4AE
330
1F
100
AcDbEntity
  8
Whole Simpsons House v1_Simpsons_house_02
100
AcDbLine
 10
320.0594705719798
 20
44.57881214402781
 30
1.79376027692377
 11
319.8
 21
44.50623972307618
 31
1.79376027692377
210
0.0
220
6.123233995736766E-17
230
-1.0
  0
LINE
  5
4AF
330
1F
100
AcDbEntity
  8
Whole Simpsons House v1_Simpsons_house_02
100
AcDbLine
 10
214.2324872386465
 20
229.4043815884722
 30
1.793760276923781
 11
219.1936011275354
 21
229.4043815884722
 31
1.793760276923781
210
0.0
220
6.123233995736766E-17
230
-1.0
  0
LINE
  5
4B0
330
1F
100
AcDbEntity
  8
Whole Simpsons House v1_Simpsons_house_02
100
AcDbLine
 10
200.3090539053132
 20
229.4043815884722
 30
1.793760276923781
 11
205.2705205719798
 21
229.4043815884722
 31
1.793760276923781
210
0.0
220
6.123233995736766E-17
230
-1.0
  0
LINE
  5
4B1
330
1F
100
AcDbEntity
  8
Whole Simpsons House v1_Simpsons_house_02
100
AcDbLine
 10
207.2707705719798
 20
229.4043815884722
 30
1.793760276923781
 11
212.2322372386465
 21
229.4043815884722
 31
1.793760276923781
210
0.0
220
6.123233995736766E-17
230
-1.0
  0
LINE
  5
4B2
330
1F
100
AcDbEntity
  8
Whole Simpsons House v1_Simpsons_house_02
100
AcDbLine
 10
319.2544316830908
 20
48.62587881069441
 30
1.79376027692377
 11
319.528892794202
 21
48.62587881069441
 31
1.79376027692377
210
0.0
220
6.123233995736766E-17
230
-1.0
  0
LINE
  5
4B3
330
1F
100
AcDbEntity
  8
Whole Simpsons House v1_Simpsons_house_02
100
AcDbLine
 10
174.9277511275354
 20
30.28178714402774
 30
1.793760276923769
 11
177.9284789053132
 21
30.28178714402774
 31
1.793760276923769
210
0.0
220
6.123233995736766E-17
230
-1.0
  0
LINE
  5
4B4
330
1F
100
AcDbEntity
  8
Whole Simpsons House v1_Simpsons_house_02
100
AcDbLine
 10
274.9808205719797
 20
30.28178714402774
 30
1.793760276923769
 11
277.9811955719798
 21
30.28178714402774
 31
1.793760276923769
210
0.0
220
6.123233995736766E-17
230
-1.0
  0
LINE
  5
4B5
330
1F
100
AcDbEntity
  8
Whole Simpsons House v1_Simpsons_house_02
100
AcDbLine
 10
88.56210668309089
 20
228.1350871440278
 30
1.793760276923781
 11
93.52322057197982
 21
228.1350871440278
 31
1.793760276923781
210
0.0
220
6.123233995736766E-17
230
-1.0
  0
LINE
  5
4B6
330
1F
100
AcDbEntity
  8
Whole Simpsons House v1_Simpsons_house_02
100
AcDbLine
 10
102.4855400164242
 20
228.1350871440278
 30
1.793760276923781
 11
107.4470066830908
 21
228.1350871440278
 31
1.793760276923781
210
0.0
220
6.123233995736766E-17
230
-1.0
  0
LINE
  5
4B7
330
1F
100
AcDbEntity
  8
Whole Simpsons House v1_Simpsons_house_02
100
AcDbLine
 10
95.5238233497575
 20
228.1350871440278
 30
1.793760276923781
 11
100.4852900164243
 21
228.1350871440278
 31
1.793760276923781
210
0.0
220
6.123233995736766E-17
230
-1.0
  0
LINE
  5
4B8
330
1F
100
AcDbEntity
  8
Whole Simpsons House v1_Simpsons_house_02
100
AcDbLine
 10
218.2573289053132
 20
179.0347704773611
 30
1.793760276923778
 11
205.082842794202
 21
179.0347704773611
 31
1.793760276923778
210
0.0
220
6.123233995736766E-17
230
-1.0
  0
LINE
  5
4B9
330
1F
100
AcDbEntity
  8
Whole Simpsons House v1_Simpsons_house_02
100
AcDbLine
 10
100.4852900164243
 20
218.8468010329167
 30
1.79376027692378
 11
95.5238233497575
 21
218.8468010329167
 31
1.79376027692378
210
0.0
220
6.123233995736766E-17
230
-1.0
  0
LINE
  5
4BA
330
1F
100
AcDbEntity
  8
Whole Simpsons House v1_Simpsons_house_02
100
AcDbLine
 10
107.4470066830908
 20
218.8468010329167
 30
1.79376027692378
 11
102.4855400164242
 21
218.8468010329167
 31
1.79376027692378
210
0.0
220
6.123233995736766E-17
230
-1.0
  0
LINE
  5
4BB
330
1F
100
AcDbEntity
  8
Whole Simpsons House v1_Simpsons_house_02
100
AcDbLine
 10
93.52322057197982
 20
218.8468010329167
 30
1.79376027692378
 11
88.56210668309089
 21
218.8468010329167
 31
1.79376027692378
210
0.0
220
6.123233995736766E-17
230
-1.0
  0
LINE
  5
4BC
330
1F
100
AcDbEntity
  8
Whole Simpsons House v1_Simpsons_house_02
100
AcDbLine
 10
13.39115946086861
 20
111.5667260329167
 30
1.793760276923774
 11
10.3904316830909
 21
111.5667260329167
 31
1.793760276923774
210
0.0
220
6.123233995736766E-17
230
-1.0
  0
LINE
  5
4BD
330
1F
100
AcDbEntity
  8
Whole Simpsons House v1_Simpsons_house_02
100
AcDbLine
 10
183.5083650164242
 20
111.5667260329167
 30
1.793760276923774
 11
180.5076372386465
 21
111.5667260329167
 31
1.793760276923774
210
0.0
220
6.123233995736766E-17
230
-1.0
  0
LINE
  5
4BE
330
1F
100
AcDbEntity
  8
Whole Simpsons House v1_Simpsons_house_02
100
AcDbLine
 10
205.082842794202
 20
187.0872760329167
 30
1.793760276923778
 11
218.2573289053132
 21
187.0872760329167
 31
1.793760276923778
210
0.0
220
6.123233995736766E-17
230
-1.0
  0
LINE
  5
4BF
330
1F
100
AcDbEntity
  8
Whole Simpsons House v1_Simpsons_house_02
100
AcDbLine
 10
201.5264900164242
 20
143.1371621440278
 30
1.793760276923776
 11
198.5261150164243
 21
143.1371621440278
 31
1.793760276923776
210
0.0
220
6.123233995736766E-17
230
-1.0
  0
LINE
  5
4C0
330
1F
100
AcDbEntity
  8
Whole Simpsons House v1_Simpsons_house_02
100
AcDbLine
 10
183.5083650164242
 20
146.1830454773611
 30
1.793760276923776
 11
180.5076372386465
 21
146.1830454773611
 31
1.793760276923776
210
0.0
220
6.123233995736766E-17
230
-1.0
  0
LINE
  5
4C1
330
1F
100
AcDbEntity
  8
Whole Simpsons House v1_Simpsons_house_02
100
AcDbLine
 10
13.39115946086861
 20
146.1830454773611
 30
1.793760276923776
 11
10.3904316830909
 21
146.1830454773611
 31
1.793760276923776
210
0.0
220
6.123233995736766E-17
230
-1.0
  0
LINE
  5
4C2
330
1F
100
AcDbEntity
  8
Whole Simpsons House v1_Simpsons_house_02
100
AcDbLine
 10
45.26533723864645
 20
225.4426871440278
 30
1.793760276923781
 11
74.96675668309094
 21
225.4426871440278
 31
1.793760276923781
210
0.0
220
6.123233995736766E-17
230
-1.0
  0
LINE
  5
4C3
330
1F
100
AcDbEntity
  8
Whole Simpsons House v1_Simpsons_house_02
100
AcDbLine
 10
74.96675668309094
 20
211.3788482551389
 30
1.79376027692378
 11
45.26533723864645
 21
211.3788482551389
 31
1.79376027692378
210
0.0
220
6.123233995736766E-17
230
-1.0
  0
LINE
  5
4C4
330
1F
100
AcDbEntity
  8
Whole Simpsons House v1_Simpsons_house_02
100
AcDbLine
 10
201.5264900164242
 20
108.19910936625
 30
1.793760276923773
 11
198.5261150164243
 21
108.19910936625
 31
1.793760276923773
210
0.0
220
6.123233995736766E-17
230
-1.0
  0
LINE
  5
4C5
330
1F
100
AcDbEntity
  8
Whole Simpsons House v1_Simpsons_house_02
100
AcDbLine
 10
24.78376501642421
 20
219.4299426995834
 30
1.79376027692378
 11
10.78130946086869
 21
219.4299426995834
 31
1.79376027692378
210
0.0
220
6.123233995736766E-17
230
-1.0
  0
LINE
  5
4C6
330
1F
100
AcDbEntity
  8
Whole Simpsons House v1_Simpsons_house_02
100
AcDbLine
 10
319.2784205719798
 20
81.73230936625
 30
1.793760276923772
 11
305.9892816830908
 21
81.73230936625
 31
1.793760276923772
210
0.0
220
6.123233995736766E-17
230
-1.0
  0
LINE
  5
4C7
330
1F
100
AcDbEntity
  8
Whole Simpsons House v1_Simpsons_house_02
100
AcDbLine
 10
7.780581683090871
 20
216.4292149218056
 30
1.79376027692378
 11
27.78449279420192
 21
216.4292149218056
 31
1.79376027692378
210
0.0
220
6.123233995736766E-17
230
-1.0
  0
LINE
  5
4C8
330
1F
100
AcDbEntity
  8
Whole Simpsons House v1_Simpsons_house_02
100
AcDbLine
 10
234.8957400164243
 20
6.615689921805612
 30
1.793760276923767
 11
230.8948872386465
 21
6.615689921805612
 31
1.793760276923767
210
0.0
220
6.123233995736766E-17
230
-1.0
  0
LINE
  5
4C9
330
1F
100
AcDbEntity
  8
Whole Simpsons House v1_Simpsons_house_02
100
AcDbLine
 10
230.8948872386465
 20
9.616417699583325
 30
1.793760276923767
 11
234.8957400164243
 21
9.616417699583325
 31
1.793760276923767
210
0.0
220
6.123233995736766E-17
230
-1.0
  0
LINE
  5
4CA
330
1F
100
AcDbEntity
  8
Whole Simpsons House v1_Simpsons_house_02
100
AcDbLine
 10
281.0715289053132
 20
225.7446649218056
 30
1.793760276923781
 11
280.2911844608687
 21
225.8219232551389
 31
1.793760276923781
210
0.0
220
6.123233995736766E-17
230
-1.0
  0
LINE
  5
4CB
330
1F
100
AcDbEntity
  8
Whole Simpsons House v1_Simpsons_house_02
100
AcDbLine
 10
264.4606344608687
 20
219.8204676995834
 30
1.79376027692378
 11
270.7263205719798
 21
219.8204676995834
 31
1.79376027692378
210
0.0
220
6.123233995736766E-17
230
-1.0
  0
LINE
  5
4CC
330
1F
100
AcDbEntity
  8
Whole Simpsons House v1_Simpsons_house_02
100
AcDbLine
 10
280.1560705719797
 20
219.8204676995834
 30
1.79376027692378
 11
284.2920372386465
 21
219.8204676995834
 31
1.79376027692378
210
0.0
220
6.123233995736766E-17
230
-1.0
  0
LINE
  5
4CD
330
1F
100
AcDbEntity
  8
Whole Simpsons House v1_Simpsons_house_02
100
AcDbLine
 10
305.9892816830908
 20
58.84690936625012
 30
1.793760276923771
 11
319.2784205719798
 21
58.84690936625012
 31
1.793760276923771
210
0.0
220
6.123233995736766E-17
230
-1.0
  0
LINE
  5
4CE
330
1F
100
AcDbEntity
  8
Whole Simpsons House v1_Simpsons_house_02
100
AcDbLine
 10
117.5241039053132
 20
211.3428649218056
 30
1.79376027692378
 11
140.4098566830909
 21
211.3428649218056
 31
1.79376027692378
210
0.0
220
6.123233995736766E-17
230
-1.0
  0
LINE
  5
4CF
330
1F
100
AcDbEntity
  8
Whole Simpsons House v1_Simpsons_house_02
100
AcDbLine
 10
261.1120677942021
 20
213.8193649218056
 30
1.79376027692378
 11
264.4606344608687
 21
213.8193649218056
 31
1.79376027692378
210
0.0
220
6.123233995736766E-17
230
-1.0
  0
LINE
  5
4D0
330
1F
100
AcDbEntity
  8
Whole Simpsons House v1_Simpsons_house_02
100
AcDbLine
 10
270.7263205719798
 20
213.8193649218056
 30
1.79376027692378
 11
277.1553427942021
 21
213.8193649218056
 31
1.79376027692378
210
0.0
220
6.123233995736766E-17
230
-1.0
  0
LINE
  5
4D1
330
1F
100
AcDbEntity
  8
Whole Simpsons House v1_Simpsons_house_02
100
AcDbLine
 10
280.2911844608687
 20
225.8219232551389
 30
1.793760276923781
 11
265.1129205719798
 21
225.8219232551389
 31
1.793760276923781
210
0.0
220
6.123233995736766E-17
230
-1.0
  0
LINE
  5
4D2
330
1F
100
AcDbEntity
  8
Whole Simpsons House v1_Simpsons_house_02
100
AcDbLine
 10
265.1129205719798
 20
225.8219232551389
 30
1.793760276923781
 11
264.3322233497576
 21
225.7446649218056
 31
1.793760276923781
210
0.0
220
6.123233995736766E-17
230
-1.0
  0
LINE
  5
4D3
330
1F
100
AcDbEntity
  8
Whole Simpsons House v1_Simpsons_house_02
100
AcDbLine
 10
277.1553427942021
 20
216.8197399218056
 30
1.79376027692378
 11
280.1560705719797
 21
216.8197399218056
 31
1.79376027692378
210
0.0
220
6.123233995736766E-17
230
-1.0
  0
LINE
  5
4D4
330
1F
100
AcDbEntity
  8
Whole Simpsons House v1_Simpsons_house_02
100
AcDbLine
 10
268.8580094608687
 20
5.451523255138923
 30
1.793760276923767
 11
264.8575094608686
 21
5.451523255138923
 31
1.793760276923767
210
0.0
220
6.123233995736766E-17
230
-1.0
  0
LINE
  5
4D5
330
1F
100
AcDbEntity
  8
Whole Simpsons House v1_Simpsons_house_02
100
AcDbLine
 10
221.1942039053132
 20
231.40498436625
 30
1.793760276923781
 11
198.3084511275354
 21
231.40498436625
 31
1.793760276923781
210
0.0
220
6.123233995736766E-17
230
-1.0
  0
LINE
  5
4D6
330
1F
100
AcDbEntity
  8
Whole Simpsons House v1_Simpsons_house_02
100
AcDbLine
 10
622.2421983497575
 20
197.8212454773611
 30
1.793760276923779
 11
621.3034566830909
 21
197.7475149218056
 31
1.793760276923779
210
0.0
220
6.123233995736766E-17
230
-1.0
  0
LINE
  5
4D7
330
1F
100
AcDbEntity
  8
Whole Simpsons House v1_Simpsons_house_02
100
AcDbLine
 10
636.6559927942019
 20
197.8212454773611
 30
1.793760276923779
 11
622.2421983497575
 21
197.8212454773611
 31
1.793760276923779
210
0.0
220
6.123233995736766E-17
230
-1.0
  0
LINE
  5
4D8
330
1F
100
AcDbEntity
  8
Whole Simpsons House v1_Simpsons_house_02
100
AcDbLine
 10
284.6000122386463
 20
75.85291492180563
 30
1.793760276923771
 11
291.4671844608687
 21
75.85291492180563
 31
1.793760276923771
210
0.0
220
6.123233995736766E-17
230
-1.0
  0
LINE
  5
4D9
330
1F
100
AcDbEntity
  8
Whole Simpsons House v1_Simpsons_house_02
100
AcDbLine
 10
616.2410955719797
 20
176.7053788106945
 30
1.793760276923778
 11
621.2022094608686
 21
176.7053788106945
 31
1.793760276923778
210
0.0
220
6.123233995736766E-17
230
-1.0
  0
LINE
  5
4DA
330
1F
100
AcDbEntity
  8
Whole Simpsons House v1_Simpsons_house_02
100
AcDbLine
 10
609.2793789053133
 20
176.7053788106945
 30
1.793760276923778
 11
614.2408455719797
 21
176.7053788106945
 31
1.793760276923778
210
0.0
220
6.123233995736766E-17
230
-1.0
  0
LINE
  5
4DB
330
1F
100
AcDbEntity
  8
Whole Simpsons House v1_Simpsons_house_02
100
AcDbLine
 10
602.3176622386466
 20
176.7053788106945
 30
1.793760276923778
 11
607.2791289053132
 21
176.7053788106945
 31
1.793760276923778
210
0.0
220
6.123233995736766E-17
230
-1.0
  0
LINE
  5
4DC
330
1F
100
AcDbEntity
  8
Whole Simpsons House v1_Simpsons_house_02
100
AcDbLine
 10
231.714742794202
 20
206.4597149218056
 30
1.793760276923779
 11
228.7140150164243
 21
206.4597149218056
 31
1.793760276923779
210
0.0
220
6.123233995736766E-17
230
-1.0
  0
LINE
  5
4DD
330
1F
100
AcDbEntity
  8
Whole Simpsons House v1_Simpsons_house_02
100
AcDbLine
 10
252.6644511275353
 20
206.4597149218056
 30
1.793760276923779
 11
249.6637233497577
 21
206.4597149218056
 31
1.793760276923779
210
0.0
220
6.123233995736766E-17
230
-1.0
  0
LINE
  5
4DE
330
1F
100
AcDbEntity
  8
Whole Simpsons House v1_Simpsons_house_02
100
AcDbLine
 10
243.4580094608687
 20
8.573606588472227
 30
1.793760276923767
 11
240.2576094608687
 21
8.573606588472227
 31
1.793760276923767
210
0.0
220
6.123233995736766E-17
230
-1.0
  0
LINE
  5
4DF
330
1F
100
AcDbEntity
  8
Whole Simpsons House v1_Simpsons_house_02
100
AcDbLine
 10
258.6394483497575
 20
8.573606588472227
 30
1.793760276923767
 11
255.4267011275354
 21
8.573606588472227
 31
1.793760276923767
210
0.0
220
6.123233995736766E-17
230
-1.0
  0
LINE
  5
4E0
330
1F
100
AcDbEntity
  8
Whole Simpsons House v1_Simpsons_house_02
100
AcDbLine
 10
292.2147205719797
 20
28.01624825513893
 30
1.793760276923769
 11
289.4037872386465
 21
28.01624825513893
 31
1.793760276923769
210
0.0
220
6.123233995736766E-17
230
-1.0
  0
LINE
  5
4E1
330
1F
100
AcDbEntity
  8
Whole Simpsons House v1_Simpsons_house_02
100
AcDbLine
 10
198.3084511275354
 20
218.1158454773611
 30
1.79376027692378
 11
221.1942039053132
 21
218.1158454773611
 31
1.79376027692378
210
0.0
220
6.123233995736766E-17
230
-1.0
  0
LINE
  5
4E2
330
1F
100
AcDbEntity
  8
Whole Simpsons House v1_Simpsons_house_02
100
AcDbLine
 10
264.8575094608686
 20
8.451898255138813
 30
1.793760276923767
 11
268.8580094608687
 21
8.451898255138813
 31
1.793760276923767
210
0.0
220
6.123233995736766E-17
230
-1.0
  0
LINE
  5
4E3
330
1F
100
AcDbEntity
  8
Whole Simpsons House v1_Simpsons_house_02
100
AcDbLine
 10
291.4671844608687
 20
72.8525399218056
 30
1.793760276923771
 11
284.6000122386463
 21
72.8525399218056
 31
1.793760276923771
210
0.0
220
6.123233995736766E-17
230
-1.0
  0
LINE
  5
4E4
330
1F
100
AcDbEntity
  8
Whole Simpsons House v1_Simpsons_house_02
100
AcDbLine
 10
140.4098566830909
 20
224.6320038106945
 30
1.793760276923781
 11
117.5241039053132
 21
224.6320038106945
 31
1.793760276923781
210
0.0
220
6.123233995736766E-17
230
-1.0
  0
LINE
  5
4E5
330
1F
100
AcDbEntity
  8
Whole Simpsons House v1_Simpsons_house_02
100
AcDbLine
 10
27.78449279420203
 20
228.8589871440278
 30
1.793760276923781
 11
7.780581683090873
 21
228.8589871440278
 31
1.793760276923781
210
0.0
220
6.123233995736766E-17
230
-1.0
  0
LINE
  5
4E6
330
1F
100
AcDbEntity
  8
Whole Simpsons House v1_Simpsons_house_02
100
AcDbLine
 10
149.5256344608686
 20
217.48578436625
 30
1.79376027692378
 11
189.569792794202
 21
217.48578436625
 31
1.79376027692378
210
0.0
220
6.123233995736766E-17
230
-1.0
  0
LINE
  5
4E7
330
1F
100
AcDbEntity
  8
Whole Simpsons House v1_Simpsons_house_02
100
AcDbLine
 10
252.4263261275354
 20
14.5747093662501
 30
1.793760276923768
 11
246.4587372386465
 21
14.5747093662501
 31
1.793760276923768
210
0.0
220
6.123233995736766E-17
230
-1.0
  0
LINE
  5
4E8
330
1F
100
AcDbEntity
  8
Whole Simpsons House v1_Simpsons_house_02
100
AcDbLine
 10
295.2154483497575
 20
6.456587144027803
 30
1.793760276923767
 11
298.2161761275352
 21
6.456587144027803
 31
1.793760276923767
210
0.0
220
6.123233995736766E-17
230
-1.0
  0
LINE
  5
4E9
330
1F
100
AcDbEntity
  8
Whole Simpsons House v1_Simpsons_house_02
100
AcDbLine
 10
251.9303205719797
 20
223.0004065884722
 30
1.793760276923781
 11
229.4481455719797
 21
223.0004065884722
 31
1.793760276923781
210
0.0
220
6.123233995736766E-17
230
-1.0
  0
LINE
  5
4EA
330
1F
100
AcDbEntity
  8
Whole Simpsons House v1_Simpsons_house_02
100
AcDbLine
 10
298.2161761275352
 20
52.57628436625
 30
1.79376027692377
 11
295.2154483497575
 21
52.57628436625
 31
1.79376027692377
210
0.0
220
6.123233995736766E-17
230
-1.0
  0
LINE
  5
4EB
330
1F
100
AcDbEntity
  8
Whole Simpsons House v1_Simpsons_house_02
100
AcDbLine
 10
623.2028122386464
 20
189.4565315884722
 30
1.793760276923779
 11
636.6559927942019
 21
189.4565315884722
 31
1.793760276923779
210
0.0
220
6.123233995736766E-17
230
-1.0
  0
LINE
  5
4EC
330
1F
100
AcDbEntity
  8
Whole Simpsons House v1_Simpsons_house_02
100
AcDbLine
 10
255.4267011275354
 20
11.57433436625002
 30
1.793760276923768
 11
252.4263261275354
 21
11.57433436625002
 31
1.793760276923768
210
0.0
220
6.123233995736766E-17
230
-1.0
  0
LINE
  5
4ED
330
1F
100
AcDbEntity
  8
Whole Simpsons House v1_Simpsons_house_02
100
AcDbLine
 10
246.4587372386465
 20
11.57433436625002
 30
1.793760276923768
 11
243.4580094608687
 21
11.57433436625002
 31
1.793760276923768
210
0.0
220
6.123233995736766E-17
230
-1.0
  0
LINE
  5
4EE
330
1F
100
AcDbEntity
  8
Whole Simpsons House v1_Simpsons_house_02
100
AcDbLine
 10
221.2580566830909
 20
193.0883788106945
 30
1.793760276923779
 11
202.0821150164243
 21
193.0883788106945
 31
1.793760276923779
210
0.0
220
6.123233995736766E-17
230
-1.0
  0
LINE
  5
4EF
330
1F
100
AcDbEntity
  8
Whole Simpsons House v1_Simpsons_house_02
100
AcDbLine
 10
621.2022094608686
 20
179.7061065884722
 30
1.793760276923778
 11
623.2028122386464
 21
179.7061065884722
 31
1.793760276923778
210
0.0
220
6.123233995736766E-17
230
-1.0
  0
LINE
  5
4F0
330
1F
100
AcDbEntity
  8
Whole Simpsons House v1_Simpsons_house_02
100
AcDbLine
 10
614.2408455719797
 20
179.7061065884722
 30
1.793760276923778
 11
616.2410955719797
 21
179.7061065884722
 31
1.793760276923778
210
0.0
220
6.123233995736766E-17
230
-1.0
  0
LINE
  5
4F1
330
1F
100
AcDbEntity
  8
Whole Simpsons House v1_Simpsons_house_02
100
AcDbLine
 10
600.3174122386465
 20
179.7061065884722
 30
1.793760276923778
 11
602.3176622386466
 21
179.7061065884722
 31
1.793760276923778
210
0.0
220
6.123233995736766E-17
230
-1.0
  0
LINE
  5
4F2
330
1F
100
AcDbEntity
  8
Whole Simpsons House v1_Simpsons_house_02
100
AcDbLine
 10
607.2791289053132
 20
179.7061065884722
 30
1.793760276923778
 11
609.2793789053133
 21
179.7061065884722
 31
1.793760276923778
210
0.0
220
6.123233995736766E-17
230
-1.0
  0
LINE
  5
4F3
330
1F
100
AcDbEntity
  8
Whole Simpsons House v1_Simpsons_house_02
100
AcDbLine
 10
319.9215344608687
 20
51.58921214402781
 30
1.79376027692377
 11
319.2544316830908
 21
51.63260381069462
 31
1.79376027692377
210
0.0
220
6.123233995736766E-17
230
-1.0
  0
LINE
  5
4F4
330
1F
100
AcDbEntity
  8
Whole Simpsons House v1_Simpsons_house_02
100
AcDbLine
 10
319.2544316830908
 20
51.63260381069462
 30
1.79376027692377
 11
318.5873289053132
 21
51.63260381069462
 31
1.79376027692377
210
0.0
220
6.123233995736766E-17
230
-1.0
  0
LINE
  5
4F5
330
1F
100
AcDbEntity
  8
Whole Simpsons House v1_Simpsons_house_02
100
AcDbLine
 10
316.8040372386463
 20
13.28777603291673
 30
1.793760276923768
 11
320.9375344608686
 21
13.28777603291673
 31
1.793760276923768
210
0.0
220
6.123233995736766E-17
230
-1.0
  0
LINE
  5
4F6
330
1F
100
AcDbEntity
  8
Whole Simpsons House v1_Simpsons_house_02
100
AcDbLine
 10
289.4037872386465
 20
31.01697603291673
 30
1.793760276923769
 11
292.2147205719797
 21
31.01697603291673
 31
1.793760276923769
210
0.0
220
6.123233995736766E-17
230
-1.0
  0
LINE
  5
4F7
330
1F
100
AcDbEntity
  8
Whole Simpsons House v1_Simpsons_house_02
100
AcDbLine
 10
249.6637233497577
 20
209.4600899218056
 30
1.79376027692378
 11
251.9303205719797
 21
209.4600899218056
 31
1.79376027692378
210
0.0
220
6.123233995736766E-17
230
-1.0
  0
LINE
  5
4F8
330
1F
100
AcDbEntity
  8
Whole Simpsons House v1_Simpsons_house_02
100
AcDbLine
 10
229.4481455719797
 20
209.4600899218056
 30
1.79376027692378
 11
231.714742794202
 21
209.4600899218056
 31
1.79376027692378
210
0.0
220
6.123233995736766E-17
230
-1.0
  0
LINE
  5
4F9
330
1F
100
AcDbEntity
  8
Whole Simpsons House v1_Simpsons_house_02
100
AcDbLine
 10
228.7140150164243
 20
203.4589871440278
 30
1.793760276923779
 11
252.6644511275353
 21
203.4589871440278
 31
1.793760276923779
210
0.0
220
6.123233995736766E-17
230
-1.0
  0
LINE
  5
4FA
330
1F
100
AcDbEntity
  8
Whole Simpsons House v1_Simpsons_house_02
100
AcDbLine
 10
244.4761261275354
 20
2.633887144027819
 30
1.793760276923767
 11
245.2585872386465
 21
2.572503810694432
 31
1.793760276923767
210
0.0
220
6.123233995736766E-17
230
-1.0
  0
LINE
  5
4FB
330
1F
100
AcDbEntity
  8
Whole Simpsons House v1_Simpsons_house_02
100
AcDbLine
 10
616.2410955719797
 20
185.70720936625
 30
1.793760276923778
 11
594.7008372386464
 21
185.70720936625
 31
1.793760276923778
210
0.0
220
6.123233995736766E-17
230
-1.0
  0
LINE
  5
4FC
330
1F
100
AcDbEntity
  8
Whole Simpsons House v1_Simpsons_house_02
100
AcDbLine
 10
202.0821150164243
 20
173.0350788106945
 30
1.793760276923777
 11
221.2580566830909
 21
173.0350788106945
 31
1.793760276923777
210
0.0
220
6.123233995736766E-17
230
-1.0
  0
LINE
  5
4FD
330
1F
100
AcDbEntity
  8
Whole Simpsons House v1_Simpsons_house_02
100
AcDbLine
 10
245.2585872386465
 20
2.572503810694432
 30
1.793760276923767
 11
253.6384705719799
 21
2.572503810694432
 31
1.793760276923767
210
0.0
220
6.123233995736766E-17
230
-1.0
  0
LINE
  5
4FE
330
1F
100
AcDbEntity
  8
Whole Simpsons House v1_Simpsons_house_02
100
AcDbLine
 10
253.6384705719799
 20
2.572503810694432
 30
1.793760276923767
 11
254.4205789053131
 21
2.633887144027819
 31
1.793760276923767
210
0.0
220
6.123233995736766E-17
230
-1.0
  0
LINE
  5
4FF
330
1F
100
AcDbEntity
  8
Whole Simpsons House v1_Simpsons_house_02
100
AcDbLine
 10
189.5697927942021
 20
229.4544760329167
 30
1.793760276923781
 11
149.5256344608686
 21
229.4544760329167
 31
1.793760276923781
210
0.0
220
6.123233995736766E-17
230
-1.0
  0
LINE
  5
500
330
1F
100
AcDbEntity
  8
Whole Simpsons House v1_Simpsons_house_02
100
AcDbLine
 10
294.2767066830909
 20
0.5292149218056317
 30
1.793760276923767
 11
295.2154483497575
 21
0.5292149218056317
 31
1.793760276923767
210
0.0
220
6.123233995736766E-17
230
-1.0
  0
LINE
  5
501
330
1F
100
AcDbEntity
  8
Whole Simpsons House v1_Simpsons_house_02
100
AcDbLine
 10
164.6481594608687
 20
207.6411676995833
 30
1.79376027692378
 11
201.5402483497576
 21
207.6411676995833
 31
1.79376027692378
210
0.0
220
6.123233995736766E-17
230
-1.0
  0
LINE
  5
502
330
1F
100
AcDbEntity
  8
Whole Simpsons House v1_Simpsons_house_02
100
AcDbLine
 10
211.5422039053132
 20
207.6411676995833
 30
1.79376027692378
 11
221.5441594608687
 21
207.6411676995833
 31
1.79376027692378
210
0.0
220
6.123233995736766E-17
230
-1.0
  0
LINE
  5
503
330
1F
100
AcDbEntity
  8
Whole Simpsons House v1_Simpsons_house_02
100
AcDbLine
 10
144.6442483497575
 20
207.6411676995833
 30
1.79376027692378
 11
154.6462039053132
 21
207.6411676995833
 31
1.79376027692378
210
0.0
220
6.123233995736766E-17
230
-1.0
  0
LINE
  5
504
330
1F
100
AcDbEntity
  8
Whole Simpsons House v1_Simpsons_house_02
100
AcDbLine
 10
87.7164983497575
 20
203.1707676995833
 30
1.793760276923779
 11
27.83670390531312
 21
203.1707676995833
 31
1.793760276923779
210
0.0
220
6.123233995736766E-17
230
-1.0
  0
LINE
  5
505
330
1F
100
AcDbEntity
  8
Whole Simpsons House v1_Simpsons_house_02
100
AcDbLine
 10
137.4204177942021
 20
203.1707676995833
 30
1.793760276923779
 11
97.7188066830909
 21
203.1707676995833
 31
1.793760276923779
210
0.0
220
6.123233995736766E-17
230
-1.0
  0
LINE
  5
506
330
1F
100
AcDbEntity
  8
Whole Simpsons House v1_Simpsons_house_02
100
AcDbLine
 10
6.9413233497575
 20
195.9970315884722
 30
1.793760276923779
 11
16.94363168309088
 21
195.9970315884722
 31
1.793760276923779
210
0.0
220
6.123233995736766E-17
230
-1.0
  0
LINE
  5
507
330
1F
100
AcDbEntity
  8
Whole Simpsons House v1_Simpsons_house_02
100
AcDbLine
 10
80.524417794202
 20
195.9970315884722
 30
1.793760276923779
 11
117.4165066830909
 21
195.9970315884722
 31
1.793760276923779
210
0.0
220
6.123233995736766E-17
230
-1.0
  0
LINE
  5
508
330
1F
100
AcDbEntity
  8
Whole Simpsons House v1_Simpsons_house_02
100
AcDbLine
 10
127.4184622386464
 20
195.9970315884722
 30
1.793760276923779
 11
137.4204177942021
 21
195.9970315884722
 31
1.793760276923779
210
0.0
220
6.123233995736766E-17
230
-1.0
  0
LINE
  5
509
330
1F
100
AcDbEntity
  8
Whole Simpsons House v1_Simpsons_house_02
100
AcDbLine
 10
26.94558723864638
 20
195.9970315884722
 30
1.793760276923779
 11
70.5224622386465
 21
195.9970315884722
 31
1.793760276923779
210
0.0
220
6.123233995736766E-17
230
-1.0
  0
LINE
  5
50A
330
1F
100
AcDbEntity
  8
Whole Simpsons House v1_Simpsons_house_02
100
AcDbLine
 10
221.5441594608687
 20
197.4670565884722
 30
1.793760276923779
 11
199.3960650164242
 21
197.4670565884722
 31
1.793760276923779
210
0.0
220
6.123233995736766E-17
230
-1.0
  0
LINE
  5
50B
330
1F
100
AcDbEntity
  8
Whole Simpsons House v1_Simpsons_house_02
100
AcDbLine
 10
179.3921539053132
 20
197.4670565884722
 30
1.793760276923779
 11
189.3941094608687
 21
197.4670565884722
 31
1.793760276923779
210
0.0
220
6.123233995736766E-17
230
-1.0
  0
LINE
  5
50C
330
1F
100
AcDbEntity
  8
Whole Simpsons House v1_Simpsons_house_02
100
AcDbLine
 10
189.3941094608687
 20
200.4674315884722
 30
1.793760276923779
 11
144.6442483497575
 21
200.4674315884722
 31
1.793760276923779
210
0.0
220
6.123233995736766E-17
230
-1.0
  0
LINE
  5
50D
330
1F
100
AcDbEntity
  8
Whole Simpsons House v1_Simpsons_house_02
100
AcDbLine
 10
32.8373289053131
 20
212.1725982551389
 30
1.79376027692378
 11
6.9413233497575
 21
212.1725982551389
 31
1.79376027692378
210
0.0
220
6.123233995736766E-17
230
-1.0
  0
LINE
  5
50E
330
1F
100
AcDbEntity
  8
Whole Simpsons House v1_Simpsons_house_02
100
AcDbLine
 10
92.7178289053131
 20
212.1725982551389
 30
1.79376027692378
 11
91.74204557197982
 21
212.0766426995833
 31
1.79376027692378
210
0.0
220
6.123233995736766E-17
230
-1.0
  0
LINE
  5
50F
330
1F
100
AcDbEntity
  8
Whole Simpsons House v1_Simpsons_house_02
100
AcDbLine
 10
102.7197844608686
 20
212.1725982551389
 30
1.79376027692378
 11
92.7178289053131
 21
212.1725982551389
 31
1.79376027692378
210
0.0
220
6.123233995736766E-17
230
-1.0
  0
LINE
  5
510
330
1F
100
AcDbEntity
  8
Whole Simpsons House v1_Simpsons_house_02
100
AcDbLine
 10
295.2154483497575
 20
58.57773992180551
 30
1.793760276923771
 11
294.2767066830909
 21
58.57773992180551
 31
1.793760276923771
210
0.0
220
6.123233995736766E-17
230
-1.0
  0
LINE
  5
511
330
1F
100
AcDbEntity
  8
Whole Simpsons House v1_Simpsons_house_02
100
AcDbLine
 10
321.8762761275354
 20
50.90376492180562
 30
1.79376027692377
 11
321.8096011275352
 21
50.94821492180554
 31
1.79376027692377
210
0.0
220
6.123233995736766E-17
230
-1.0
  0
LINE
  5
512
330
1F
100
AcDbEntity
  8
Whole Simpsons House v1_Simpsons_house_02
100
AcDbLine
 10
77.96713168309088
 20
228.4434149218056
 30
1.793760276923781
 11
42.26460946086874
 21
228.4434149218056
 31
1.793760276923781
210
0.0
220
6.123233995736766E-17
230
-1.0
  0
LINE
  5
513
330
1F
100
AcDbEntity
  8
Whole Simpsons House v1_Simpsons_house_02
100
AcDbLine
 10
212.3306622386465
 20
12.28412325513895
 30
1.793760276923768
 11
209.3299344608687
 21
12.28412325513895
 31
1.793760276923768
210
0.0
220
6.123233995736766E-17
230
-1.0
  0
LINE
  5
514
330
1F
100
AcDbEntity
  8
Whole Simpsons House v1_Simpsons_house_02
100
AcDbLine
 10
193.2658455719798
 20
12.28412325513895
 30
1.793760276923768
 11
190.2651177942021
 21
12.28412325513895
 31
1.793760276923768
210
0.0
220
6.123233995736766E-17
230
-1.0
  0
LINE
  5
515
330
1F
100
AcDbEntity
  8
Whole Simpsons House v1_Simpsons_house_02
100
AcDbLine
 10
312.0591761275354
 20
169.6685204773611
 30
1.793760276923777
 11
311.0837455719798
 21
169.5725649218056
 31
1.793760276923777
210
0.0
220
6.123233995736766E-17
230
-1.0
  0
LINE
  5
516
330
1F
100
AcDbEntity
  8
Whole Simpsons House v1_Simpsons_house_02
100
AcDbLine
 10
313.059653905313
 20
169.6685204773611
 30
1.793760276923777
 11
312.0591761275354
 21
169.6685204773611
 31
1.793760276923777
210
0.0
220
6.123233995736766E-17
230
-1.0
  0
LINE
  5
517
330
1F
100
AcDbEntity
  8
Whole Simpsons House v1_Simpsons_house_02
100
AcDbLine
 10
190.2651177942021
 20
9.283395477361124
 30
1.793760276923767
 11
186.2646177942021
 21
9.283395477361124
 31
1.793760276923767
210
0.0
220
6.123233995736766E-17
230
-1.0
  0
LINE
  5
518
330
1F
100
AcDbEntity
  8
Whole Simpsons House v1_Simpsons_house_02
100
AcDbLine
 10
216.3315150164242
 20
9.283395477361124
 30
1.793760276923767
 11
212.3306622386465
 21
9.283395477361124
 31
1.793760276923767
210
0.0
220
6.123233995736766E-17
230
-1.0
  0
LINE
  5
519
330
1F
100
AcDbEntity
  8
Whole Simpsons House v1_Simpsons_house_02
100
AcDbLine
 10
27.83670390531312
 20
206.1711426995833
 30
1.793760276923779
 11
37.83865946086873
 21
206.1711426995833
 31
1.793760276923779
210
0.0
220
6.123233995736766E-17
230
-1.0
  0
LINE
  5
51A
330
1F
100
AcDbEntity
  8
Whole Simpsons House v1_Simpsons_house_02
100
AcDbLine
 10
97.7188066830909
 20
206.1711426995833
 30
1.793760276923779
 11
107.7204094608687
 21
206.1711426995833
 31
1.793760276923779
210
0.0
220
6.123233995736766E-17
230
-1.0
  0
LINE
  5
51B
330
1F
100
AcDbEntity
  8
Whole Simpsons House v1_Simpsons_house_02
100
AcDbLine
 10
103.6952150164242
 20
212.0766426995833
 30
1.79376027692378
 11
102.7197844608686
 21
212.1725982551389
 31
1.79376027692378
210
0.0
220
6.123233995736766E-17
230
-1.0
  0
LINE
  5
51C
330
1F
100
AcDbEntity
  8
Whole Simpsons House v1_Simpsons_house_02
100
AcDbLine
 10
33.81311223864641
 20
212.0766426995833
 30
1.79376027692378
 11
32.8373289053131
 21
212.1725982551389
 31
1.79376027692378
210
0.0
220
6.123233995736766E-17
230
-1.0
  0
LINE
  5
51D
330
1F
100
AcDbEntity
  8
Whole Simpsons House v1_Simpsons_house_02
100
AcDbLine
 10
316.0600289053131
 20
165.6680204773611
 30
1.793760276923777
 11
313.059653905313
 21
165.6680204773611
 31
1.793760276923777
210
0.0
220
6.123233995736766E-17
230
-1.0
  0
LINE
  5
51E
330
1F
100
AcDbEntity
  8
Whole Simpsons House v1_Simpsons_house_02
100
AcDbLine
 10
194.3950872386465
 20
191.4659538106945
 30
1.793760276923779
 11
184.393131683091
 21
191.4659538106945
 31
1.793760276923779
210
0.0
220
6.123233995736766E-17
230
-1.0
  0
LINE
  5
51F
330
1F
100
AcDbEntity
  8
Whole Simpsons House v1_Simpsons_house_02
100
AcDbLine
 10
184.393131683091
 20
191.4659538106945
 30
1.793760276923779
 11
183.4173483497575
 21
191.56190936625
 31
1.793760276923779
210
0.0
220
6.123233995736766E-17
230
-1.0
  0
LINE
  5
520
330
1F
100
AcDbEntity
  8
Whole Simpsons House v1_Simpsons_house_02
100
AcDbLine
 10
209.3299344608687
 20
15.2848510329166
 30
1.793760276923768
 11
193.2658455719798
 21
15.2848510329166
 31
1.793760276923768
210
0.0
220
6.123233995736766E-17
230
-1.0
  0
LINE
  5
521
330
1F
100
AcDbEntity
  8
Whole Simpsons House v1_Simpsons_house_02
100
AcDbLine
 10
42.26460946086874
 20
208.3781204773611
 30
1.79376027692378
 11
77.96713168309088
 21
208.3781204773611
 31
1.79376027692378
210
0.0
220
6.123233995736766E-17
230
-1.0
  0
LINE
  5
522
330
1F
100
AcDbEntity
  8
Whole Simpsons House v1_Simpsons_house_02
100
AcDbLine
 10
191.265242794202
 20
3.2822926995833
 30
1.793760276923767
 11
211.3301844608687
 21
3.2822926995833
 31
1.793760276923767
210
0.0
220
6.123233995736766E-17
230
-1.0
  0
LINE
  5
523
330
1F
100
AcDbEntity
  8
Whole Simpsons House v1_Simpsons_house_02
100
AcDbLine
 10
211.3301844608687
 20
3.2822926995833
 30
1.793760276923767
 11
212.3059677942021
 21
3.378601032916595
 31
1.793760276923767
210
0.0
220
6.123233995736766E-17
230
-1.0
  0
LINE
  5
524
330
1F
100
AcDbEntity
  8
Whole Simpsons House v1_Simpsons_house_02
100
AcDbLine
 10
195.370517794202
 20
191.56190936625
 30
1.793760276923779
 11
194.3950872386465
 21
191.4659538106945
 31
1.793760276923779
210
0.0
220
6.123233995736766E-17
230
-1.0
  0
LINE
  5
525
330
1F
100
AcDbEntity
  8
Whole Simpsons House v1_Simpsons_house_02
100
AcDbLine
 10
201.5402483497576
 20
210.6415426995834
 30
1.79376027692378
 11
211.5422039053132
 21
210.6415426995834
 31
1.79376027692378
210
0.0
220
6.123233995736766E-17
230
-1.0
  0
LINE
  5
526
330
1F
100
AcDbEntity
  8
Whole Simpsons House v1_Simpsons_house_02
100
AcDbLine
 10
154.6462039053132
 20
210.6415426995834
 30
1.79376027692378
 11
164.6481594608687
 21
210.6415426995834
 31
1.79376027692378
210
0.0
220
6.123233995736766E-17
230
-1.0
  0
LINE
  5
527
330
1F
100
AcDbEntity
  8
Whole Simpsons House v1_Simpsons_house_02
100
AcDbLine
 10
16.94363168309088
 20
192.9966565884722
 30
1.793760276923779
 11
26.94558723864638
 21
192.9966565884722
 31
1.793760276923779
210
0.0
220
6.123233995736766E-17
230
-1.0
  0
LINE
  5
528
330
1F
100
AcDbEntity
  8
Whole Simpsons House v1_Simpsons_house_02
100
AcDbLine
 10
70.5224622386465
 20
192.9966565884722
 30
1.793760276923779
 11
80.524417794202
 21
192.9966565884722
 31
1.793760276923779
210
0.0
220
6.123233995736766E-17
230
-1.0
  0
LINE
  5
529
330
1F
100
AcDbEntity
  8
Whole Simpsons House v1_Simpsons_house_02
100
AcDbLine
 10
117.4165066830909
 20
192.9966565884722
 30
1.793760276923779
 11
127.4184622386464
 21
192.9966565884722
 31
1.793760276923779
210
0.0
220
6.123233995736766E-17
230
-1.0
  0
LINE
  5
52A
330
1F
100
AcDbEntity
  8
Whole Simpsons House v1_Simpsons_house_02
100
AcDbLine
 10
190.2898122386465
 20
3.378601032916595
 30
1.793760276923767
 11
191.265242794202
 21
3.2822926995833
 31
1.793760276923767
210
0.0
220
6.123233995736766E-17
230
-1.0
  0
LINE
  5
52B
330
1F
100
AcDbEntity
  8
Whole Simpsons House v1_Simpsons_house_02
100
AcDbLine
 10
316.0600289053131
 20
132.9655204773611
 30
1.793760276923775
 11
319.0607566830909
 21
132.9655204773611
 31
1.793760276923775
210
0.0
220
6.123233995736766E-17
230
-1.0
  0
LINE
  5
52C
330
1F
100
AcDbEntity
  8
Whole Simpsons House v1_Simpsons_house_02
100
AcDbLine
 10
185.9241872386465
 20
90.80610658847222
 30
1.793760276923773
 11
254.9769094608687
 21
90.80610658847222
 31
1.793760276923773
210
0.0
220
6.123233995736766E-17
230
-1.0
  0
LINE
  5
52D
330
1F
100
AcDbEntity
  8
Whole Simpsons House v1_Simpsons_house_02
100
AcDbLine
 10
4.810545571979796
 20
90.80610658847222
 30
1.793760276923773
 11
17.81287612753529
 21
90.80610658847222
 31
1.793760276923773
210
0.0
220
6.123233995736766E-17
230
-1.0
  0
LINE
  5
52E
330
1F
100
AcDbEntity
  8
Whole Simpsons House v1_Simpsons_house_02
100
AcDbLine
 10
27.8148316830909
 20
90.80610658847222
 30
1.793760276923773
 11
96.8675539053132
 21
90.80610658847222
 31
1.793760276923773
210
0.0
220
6.123233995736766E-17
230
-1.0
  0
LINE
  5
52F
330
1F
100
AcDbEntity
  8
Whole Simpsons House v1_Simpsons_house_02
100
AcDbLine
 10
264.9788650164242
 20
90.80610658847222
 30
1.793760276923773
 11
277.9811955719798
 21
90.80610658847222
 31
1.793760276923773
210
0.0
220
6.123233995736766E-17
230
-1.0
  0
LINE
  5
530
330
1F
100
AcDbEntity
  8
Whole Simpsons House v1_Simpsons_house_02
100
AcDbLine
 10
106.8695094608687
 20
90.80610658847222
 30
1.793760276923773
 11
175.9222316830909
 21
90.80610658847222
 31
1.793760276923773
210
0.0
220
6.123233995736766E-17
230
-1.0
  0
LINE
  5
531
330
1F
100
AcDbEntity
  8
Whole Simpsons House v1_Simpsons_house_02
100
AcDbLine
 10
308.7550594608687
 20
103.8091426995833
 30
1.793760276923773
 11
315.6222316830908
 21
103.8091426995833
 31
1.793760276923773
210
0.0
220
6.123233995736766E-17
230
-1.0
  0
LINE
  5
532
330
1F
100
AcDbEntity
  8
Whole Simpsons House v1_Simpsons_house_02
100
AcDbLine
 10
175.9222316830909
 20
93.80648158847222
 30
1.793760276923773
 11
185.9241872386465
 21
93.80648158847222
 31
1.793760276923773
210
0.0
220
6.123233995736766E-17
230
-1.0
  0
LINE
  5
533
330
1F
100
AcDbEntity
  8
Whole Simpsons House v1_Simpsons_house_02
100
AcDbLine
 10
17.81287612753529
 20
93.80648158847222
 30
1.793760276923773
 11
27.8148316830909
 21
93.80648158847222
 31
1.793760276923773
210
0.0
220
6.123233995736766E-17
230
-1.0
  0
LINE
  5
534
330
1F
100
AcDbEntity
  8
Whole Simpsons House v1_Simpsons_house_02
100
AcDbLine
 10
254.9769094608687
 20
93.80648158847222
 30
1.793760276923773
 11
264.9788650164242
 21
93.80648158847222
 31
1.793760276923773
210
0.0
220
6.123233995736766E-17
230
-1.0
  0
LINE
  5
535
330
1F
100
AcDbEntity
  8
Whole Simpsons House v1_Simpsons_house_02
100
AcDbLine
 10
96.8675539053132
 20
93.80648158847222
 30
1.793760276923773
 11
106.8695094608687
 21
93.80648158847222
 31
1.793760276923773
210
0.0
220
6.123233995736766E-17
230
-1.0
  0
LINE
  5
536
330
1F
100
AcDbEntity
  8
Whole Simpsons House v1_Simpsons_house_02
100
AcDbLine
 10
277.9811955719798
 20
20.48726492180553
 30
1.793760276923768
 11
177.9284789053133
 21
20.48726492180553
 31
1.793760276923768
210
0.0
220
6.123233995736766E-17
230
-1.0
  0
LINE
  5
537
330
1F
100
AcDbEntity
  8
Whole Simpsons House v1_Simpsons_house_02
100
AcDbLine
 10
301.5795594608686
 20
152.1389926995834
 30
1.793760276923776
 11
298.578831683091
 21
152.1389926995834
 31
1.793760276923776
210
0.0
220
6.123233995736766E-17
230
-1.0
  0
LINE
  5
538
330
1F
100
AcDbEntity
  8
Whole Simpsons House v1_Simpsons_house_02
100
AcDbLine
 10
301.5795594608686
 20
120.2016676995833
 30
1.793760276923774
 11
298.578831683091
 21
120.2016676995833
 31
1.793760276923774
210
0.0
220
6.123233995736766E-17
230
-1.0
  0
LINE
  5
539
330
1F
100
AcDbEntity
  8
Whole Simpsons House v1_Simpsons_house_02
100
AcDbLine
 10
293.8360872386465
 20
222.3026121440278
 30
1.793760276923781
 11
289.8355872386465
 21
222.3026121440278
 31
1.793760276923781
210
0.0
220
6.123233995736766E-17
230
-1.0
  0
LINE
  5
53A
330
1F
100
AcDbEntity
  8
Whole Simpsons House v1_Simpsons_house_02
100
AcDbLine
 10
186.5090927942021
 20
184.5680899218056
 30
1.793760276923778
 11
3.149667794202117
 21
184.5680899218056
 31
1.793760276923778
210
0.0
220
6.123233995736766E-17
230
-1.0
  0
LINE
  5
53B
330
1F
100
AcDbEntity
  8
Whole Simpsons House v1_Simpsons_house_02
100
AcDbLine
 10
298.578831683091
 20
169.4060538106944
 30
1.793760276923777
 11
194.5739455719797
 21
169.4060538106944
 31
1.793760276923777
210
0.0
220
6.123233995736766E-17
230
-1.0
  0
LINE
  5
53C
330
1F
100
AcDbEntity
  8
Whole Simpsons House v1_Simpsons_house_02
100
AcDbLine
 10
177.9284789053132
 20
2.655053810694308
 30
1.793760276923767
 11
4.810545571979787
 21
2.655053810694308
 31
1.793760276923767
210
0.0
220
6.123233995736766E-17
230
-1.0
  0
LINE
  5
53D
330
1F
100
AcDbEntity
  8
Whole Simpsons House v1_Simpsons_house_02
100
AcDbLine
 10
194.5739455719797
 20
100.1977565884722
 30
1.793760276923773
 11
298.578831683091
 21
100.1977565884722
 31
1.793760276923773
210
0.0
220
6.123233995736766E-17
230
-1.0
  0
LINE
  5
53E
330
1F
100
AcDbEntity
  8
Whole Simpsons House v1_Simpsons_house_02
100
AcDbLine
 10
310.8068150164243
 20
215.0928926995834
 30
1.79376027692378
 11
306.8059622386465
 21
215.0928926995834
 31
1.79376027692378
210
0.0
220
6.123233995736766E-17
230
-1.0
  0
LINE
  5
53F
330
1F
100
AcDbEntity
  8
Whole Simpsons House v1_Simpsons_house_02
100
AcDbLine
 10
315.6222316830908
 20
100.8087676995833
 30
1.793760276923773
 11
308.7550594608687
 21
100.8087676995833
 31
1.793760276923773
210
0.0
220
6.123233995736766E-17
230
-1.0
  0
LINE
  5
540
330
1F
100
AcDbEntity
  8
Whole Simpsons House v1_Simpsons_house_02
100
AcDbLine
 10
4.810545571979796
 20
13.72980658847223
 30
1.793760276923768
 11
7.810920571979796
 21
13.72980658847223
 31
1.793760276923768
210
0.0
220
6.123233995736766E-17
230
-1.0
  0
LINE
  5
541
330
1F
100
AcDbEntity
  8
Whole Simpsons House v1_Simpsons_house_02
100
AcDbLine
 10
313.059653905313
 20
129.9651454773611
 30
1.793760276923775
 11
316.0600289053131
 21
129.9651454773611
 31
1.793760276923775
210
0.0
220
6.123233995736766E-17
230
-1.0
  0
LINE
  5
542
330
1F
100
AcDbEntity
  8
Whole Simpsons House v1_Simpsons_house_02
100
AcDbLine
 10
298.578831683091
 20
110.1997121440278
 30
1.793760276923774
 11
301.5795594608686
 21
110.1997121440278
 31
1.793760276923774
210
0.0
220
6.123233995736766E-17
230
-1.0
  0
LINE
  5
543
330
1F
100
AcDbEntity
  8
Whole Simpsons House v1_Simpsons_house_02
100
AcDbLine
 10
289.8355872386465
 20
225.3029871440278
 30
1.793760276923781
 11
293.8360872386465
 21
225.3029871440278
 31
1.793760276923781
210
0.0
220
6.123233995736766E-17
230
-1.0
  0
LINE
  5
544
330
1F
100
AcDbEntity
  8
Whole Simpsons House v1_Simpsons_house_02
100
AcDbLine
 10
86.56150390531309
 20
216.8461982551389
 30
1.79376027692378
 11
109.4472566830908
 21
216.8461982551389
 31
1.79376027692378
210
0.0
220
6.123233995736766E-17
230
-1.0
  0
LINE
  5
545
330
1F
100
AcDbEntity
  8
Whole Simpsons House v1_Simpsons_house_02
100
AcDbLine
 10
298.578831683091
 20
142.1370371440278
 30
1.793760276923776
 11
301.5795594608686
 21
142.1370371440278
 31
1.793760276923776
210
0.0
220
6.123233995736766E-17
230
-1.0
  0
LINE
  5
546
330
1F
100
AcDbEntity
  8
Whole Simpsons House v1_Simpsons_house_02
100
AcDbLine
 10
109.4472566830908
 20
230.1353371440278
 30
1.793760276923781
 11
86.56150390531309
 21
230.1353371440278
 31
1.793760276923781
210
0.0
220
6.123233995736766E-17
230
-1.0
  0
LINE
  5
547
330
1F
100
AcDbEntity
  8
Whole Simpsons House v1_Simpsons_house_02
100
AcDbLine
 10
317.2781705719798
 20
74.77094547736114
 30
1.793760276923771
 11
307.9898844608687
 21
74.77094547736114
 31
1.793760276923771
210
0.0
220
6.123233995736766E-17
230
-1.0
  0
LINE
  5
548
330
1F
100
AcDbEntity
  8
Whole Simpsons House v1_Simpsons_house_02
100
AcDbLine
 10
318.71
 20
44.4662397230762
 30
1.79376027692377
 11
318.449392794202
 21
44.57881214402781
 31
1.79376027692377
210
0.0
220
6.123233995736766E-17
230
-1.0
  0
LINE
  5
549
330
1F
100
AcDbEntity
  8
Whole Simpsons House v1_Simpsons_house_02
100
AcDbLine
 10
319.8
 20
44.50623972307618
 30
1.79376027692377
 11
319.528892794202
 21
44.44999521665319
 31
1.79376027692377
210
0.0
220
6.123233995736766E-17
230
-1.0
  0
LINE
  5
54A
330
1F
100
AcDbEntity
  8
Whole Simpsons House v1_Simpsons_house_02
100
AcDbLine
 10
319.528892794202
 20
48.62587881069441
 30
1.79376027692377
 11
319.7991205719798
 21
48.58126738263163
 31
1.79376027692377
210
0.0
220
6.123233995736766E-17
230
-1.0
  0
LINE
  5
54B
330
1F
100
AcDbEntity
  8
Whole Simpsons House v1_Simpsons_house_02
100
AcDbLine
 10
318.9799705719799
 20
48.60788714402772
 30
1.79376027692377
 11
319.2544316830908
 21
48.62587881069441
 31
1.79376027692377
210
0.0
220
6.123233995736766E-17
230
-1.0
  0
LINE
  5
54C
330
1F
100
AcDbEntity
  8
Whole Simpsons House v1_Simpsons_house_02
100
AcDbLine
 10
152.5260094608687
 20
226.4537482551389
 30
1.793760276923781
 11
186.5690650164243
 21
226.4537482551389
 31
1.793760276923781
210
0.0
220
6.123233995736766E-17
230
-1.0
  0
LINE
  5
54D
330
1F
100
AcDbEntity
  8
Whole Simpsons House v1_Simpsons_house_02
100
AcDbLine
 10
307.9898844608687
 20
72.77034269958332
 30
1.793760276923771
 11
317.2781705719798
 21
72.77034269958332
 31
1.793760276923771
210
0.0
220
6.123233995736766E-17
230
-1.0
  0
LINE
  5
54E
330
1F
100
AcDbEntity
  8
Whole Simpsons House v1_Simpsons_house_02
100
AcDbLine
 10
7.810920571979796
 20
23.73140936625012
 30
1.793760276923768
 11
4.810545571979796
 21
23.73140936625012
 31
1.793760276923768
210
0.0
220
6.123233995736766E-17
230
-1.0
  0
LINE
  5
54F
330
1F
100
AcDbEntity
  8
Whole Simpsons House v1_Simpsons_house_02
100
AcDbLine
 10
317.2781705719798
 20
67.80922881069444
 30
1.793760276923771
 11
307.9898844608687
 21
67.80922881069444
 31
1.793760276923771
210
0.0
220
6.123233995736766E-17
230
-1.0
  0
LINE
  5
550
330
1F
100
AcDbEntity
  8
Whole Simpsons House v1_Simpsons_house_02
100
AcDbLine
 10
306.8059622386465
 20
218.0936204773611
 30
1.79376027692378
 11
310.8068150164243
 21
218.0936204773611
 31
1.79376027692378
210
0.0
220
6.123233995736766E-17
230
-1.0
  0
LINE
  5
551
330
1F
100
AcDbEntity
  8
Whole Simpsons House v1_Simpsons_house_02
100
AcDbLine
 10
312.0591761275354
 20
125.9646454773611
 30
1.793760276923775
 11
313.059653905313
 21
125.9646454773611
 31
1.793760276923775
210
0.0
220
6.123233995736766E-17
230
-1.0
  0
LINE
  5
552
330
1F
100
AcDbEntity
  8
Whole Simpsons House v1_Simpsons_house_02
100
AcDbLine
 10
311.0837455719798
 20
126.0606010329166
 30
1.793760276923775
 11
312.0591761275354
 21
125.9646454773611
 31
1.793760276923775
210
0.0
220
6.123233995736766E-17
230
-1.0
  0
LINE
  5
553
330
1F
100
AcDbEntity
  8
Whole Simpsons House v1_Simpsons_house_02
100
AcDbLine
 10
124.4861733497576
 20
213.3431149218056
 30
1.79376027692378
 11
119.5247066830909
 21
213.3431149218056
 31
1.79376027692378
210
0.0
220
6.123233995736766E-17
230
-1.0
  0
LINE
  5
554
330
1F
100
AcDbEntity
  8
Whole Simpsons House v1_Simpsons_house_02
100
AcDbLine
 10
138.4092539053132
 20
213.3431149218056
 30
1.79376027692378
 11
133.4481400164243
 21
213.3431149218056
 31
1.79376027692378
210
0.0
220
6.123233995736766E-17
230
-1.0
  0
LINE
  5
555
330
1F
100
AcDbEntity
  8
Whole Simpsons House v1_Simpsons_house_02
100
AcDbLine
 10
131.4475372386464
 20
213.3431149218056
 30
1.79376027692378
 11
126.4864233497575
 21
213.3431149218056
 31
1.79376027692378
210
0.0
220
6.123233995736766E-17
230
-1.0
  0
LINE
  5
556
330
1F
100
AcDbEntity
  8
Whole Simpsons House v1_Simpsons_house_02
100
AcDbLine
 10
3.14966779420206
 20
101.5471315884722
 30
1.793760276923773
 11
186.509092794202
 21
101.5471315884722
 31
1.793760276923773
210
0.0
220
6.123233995736766E-17
230
-1.0
  0
LINE
  5
557
330
1F
100
AcDbEntity
  8
Whole Simpsons House v1_Simpsons_house_02
100
AcDbLine
 10
319.0607566830909
 20
162.6672926995833
 30
1.793760276923777
 11
316.0600289053131
 21
162.6672926995833
 31
1.793760276923777
210
0.0
220
6.123233995736766E-17
230
-1.0
  0
LINE
  5
558
330
1F
100
AcDbEntity
  8
Whole Simpsons House v1_Simpsons_house_02
100
AcDbLine
 10
10.78130946086869
 20
225.8586121440278
 30
1.793760276923781
 11
24.78376501642421
 21
225.8586121440278
 31
1.793760276923781
210
0.0
220
6.123233995736766E-17
230
-1.0
  0
LINE
  5
559
330
1F
100
AcDbEntity
  8
Whole Simpsons House v1_Simpsons_house_02
100
AcDbLine
 10
307.9898844608687
 20
65.80862603291662
 30
1.793760276923771
 11
317.2781705719798
 21
65.80862603291662
 31
1.793760276923771
210
0.0
220
6.123233995736766E-17
230
-1.0
  0
LINE
  5
55A
330
1F
100
AcDbEntity
  8
Whole Simpsons House v1_Simpsons_house_02
100
AcDbLine
 10
198.5261150164243
 20
151.1385149218056
 30
1.793760276923776
 11
201.5264900164242
 21
151.1385149218056
 31
1.793760276923776
210
0.0
220
6.123233995736766E-17
230
-1.0
  0
LINE
  5
55B
330
1F
100
AcDbEntity
  8
Whole Simpsons House v1_Simpsons_house_02
100
AcDbLine
 10
186.5690650164243
 20
220.48615936625
 30
1.79376027692378
 11
152.5260094608687
 21
220.48615936625
 31
1.79376027692378
210
0.0
220
6.123233995736766E-17
230
-1.0
  0
LINE
  5
55C
330
1F
100
AcDbEntity
  8
Whole Simpsons House v1_Simpsons_house_02
100
AcDbLine
 10
317.2781705719798
 20
60.84715936625012
 30
1.793760276923771
 11
307.9898844608687
 21
60.84715936625012
 31
1.793760276923771
210
0.0
220
6.123233995736766E-17
230
-1.0
  0
LINE
  5
55D
330
1F
100
AcDbEntity
  8
Whole Simpsons House v1_Simpsons_house_02
100
AcDbLine
 10
307.9898844608687
 20
79.73205936625003
 30
1.793760276923772
 11
317.2781705719798
 21
79.73205936625003
 31
1.793760276923772
210
0.0
220
6.123233995736766E-17
230
-1.0
  0
LINE
  5
55E
330
1F
100
AcDbEntity
  8
Whole Simpsons House v1_Simpsons_house_02
100
AcDbLine
 10
235.3176622386465
 20
179.7061065884722
 30
1.793760276923778
 11
235.3176622386465
 21
176.7053788106945
 31
1.793760276923778
210
0.0
220
6.123233995736766E-17
230
-1.0
  0
LINE
  5
55F
330
1F
100
AcDbEntity
  8
Whole Simpsons House v1_Simpsons_house_02
100
AcDbLine
 10
253.3879983497576
 20
197.52773436625
 30
1.793760276923779
 11
252.5176955719798
 21
197.1671954773611
 31
1.793760276923779
210
0.0
220
6.123233995736766E-17
230
-1.0
  0
LINE
  5
560
330
1F
100
AcDbEntity
  8
Whole Simpsons House v1_Simpsons_house_02
100
AcDbLine
 10
231.2554261275353
 20
174.5255649218056
 30
1.793760276923778
 11
233.3174122386465
 21
176.7053788106945
 31
1.793760276923778
210
0.0
220
6.123233995736766E-17
230
-1.0
  0
LINE
  5
561
330
1F
100
AcDbEntity
  8
Whole Simpsons House v1_Simpsons_house_02
100
AcDbLine
 10
254.2022094608687
 20
179.7061065884722
 30
1.793760276923778
 11
256.2028122386463
 21
179.7061065884722
 31
1.793760276923778
210
0.0
220
6.123233995736766E-17
230
-1.0
  0
LINE
  5
562
330
1F
100
AcDbEntity
  8
Whole Simpsons House v1_Simpsons_house_02
100
AcDbLine
 10
227.7008372386465
 20
182.0185649218056
 30
1.793760276923778
 11
230.4108761275353
 21
179.4545760329167
 31
1.793760276923778
210
0.0
220
6.123233995736766E-17
230
-1.0
  0
LINE
  5
563
330
1F
100
AcDbEntity
  8
Whole Simpsons House v1_Simpsons_house_02
100
AcDbLine
 10
254.2022094608687
 20
176.7053788106945
 30
1.793760276923778
 11
254.2022094608687
 21
179.7061065884722
 31
1.793760276923778
210
0.0
220
6.123233995736766E-17
230
-1.0
  0
LINE
  5
564
330
1F
100
AcDbEntity
  8
Whole Simpsons House v1_Simpsons_house_02
100
AcDbLine
 10
269.6559927942019
 20
189.4565315884722
 30
1.793760276923779
 11
269.6559927942019
 21
197.8212454773611
 31
1.793760276923779
210
0.0
220
6.123233995736766E-17
230
-1.0
  0
LINE
  5
565
330
1F
100
AcDbEntity
  8
Whole Simpsons House v1_Simpsons_house_02
100
AcDbLine
 10
240.2791289053132
 20
176.7053788106945
 30
1.793760276923778
 11
240.2791289053132
 21
179.7061065884722
 31
1.793760276923778
210
0.0
220
6.123233995736766E-17
230
-1.0
  0
LINE
  5
566
330
1F
100
AcDbEntity
  8
Whole Simpsons House v1_Simpsons_house_02
100
AcDbLine
 10
230.4108761275353
 20
179.4545760329167
 30
1.793760276923778
 11
228.3488900164243
 21
177.2751149218056
 31
1.793760276923778
210
0.0
220
6.123233995736766E-17
230
-1.0
  0
LINE
  5
567
330
1F
100
AcDbEntity
  8
Whole Simpsons House v1_Simpsons_house_02
100
AcDbLine
 10
254.3034566830909
 20
197.7475149218056
 30
1.793760276923779
 11
253.3879983497576
 21
197.52773436625
 31
1.793760276923779
210
0.0
220
6.123233995736766E-17
230
-1.0
  0
LINE
  5
568
330
1F
100
AcDbEntity
  8
Whole Simpsons House v1_Simpsons_house_02
100
AcDbLine
 10
269.6559927942019
 20
197.8212454773611
 30
1.793760276923779
 11
255.2421983497575
 21
197.8212454773611
 31
1.793760276923779
210
0.0
220
6.123233995736766E-17
230
-1.0
  0
LINE
  5
569
330
1F
100
AcDbEntity
  8
Whole Simpsons House v1_Simpsons_house_02
100
AcDbLine
 10
233.3174122386465
 20
176.7053788106945
 30
1.793760276923778
 11
233.3174122386465
 21
179.7061065884722
 31
1.793760276923778
210
0.0
220
6.123233995736766E-17
230
-1.0
  0
LINE
  5
56A
330
1F
100
AcDbEntity
  8
Whole Simpsons House v1_Simpsons_house_02
100
AcDbLine
 10
249.2410955719798
 20
179.7061065884722
 30
1.793760276923778
 11
249.2410955719798
 21
176.7053788106945
 31
1.793760276923778
210
0.0
220
6.123233995736766E-17
230
-1.0
  0
LINE
  5
56B
330
1F
100
AcDbEntity
  8
Whole Simpsons House v1_Simpsons_house_02
100
AcDbLine
 10
251.7147733497575
 20
196.6754232551389
 30
1.793760276923779
 11
250.9989872386465
 21
196.0637065884723
 31
1.793760276923779
210
0.0
220
6.123233995736766E-17
230
-1.0
  0
LINE
  5
56C
330
1F
100
AcDbEntity
  8
Whole Simpsons House v1_Simpsons_house_02
100
AcDbLine
 10
250.3872705719798
 20
195.3475676995834
 30
1.793760276923779
 11
249.8951455719797
 21
194.5446454773611
 31
1.793760276923779
210
0.0
220
6.123233995736766E-17
230
-1.0
  0
LINE
  5
56D
330
1F
100
AcDbEntity
  8
Whole Simpsons House v1_Simpsons_house_02
100
AcDbLine
 10
235.3176622386465
 20
176.7053788106945
 30
1.793760276923778
 11
240.2791289053132
 21
176.7053788106945
 31
1.793760276923778
210
0.0
220
6.123233995736766E-17
230
-1.0
  0
LINE
  5
56E
330
1F
100
AcDbEntity
  8
Whole Simpsons House v1_Simpsons_house_02
100
AcDbLine
 10
255.2421983497575
 20
197.8212454773611
 30
1.793760276923779
 11
254.3034566830909
 21
197.7475149218056
 31
1.793760276923779
210
0.0
220
6.123233995736766E-17
230
-1.0
  0
LINE
  5
56F
330
1F
100
AcDbEntity
  8
Whole Simpsons House v1_Simpsons_house_02
100
AcDbLine
 10
233.3174122386465
 20
179.7061065884722
 30
1.793760276923778
 11
235.3176622386465
 21
179.7061065884722
 31
1.793760276923778
210
0.0
220
6.123233995736766E-17
230
-1.0
  0
LINE
  5
570
330
1F
100
AcDbEntity
  8
Whole Simpsons House v1_Simpsons_house_02
100
AcDbLine
 10
249.2410955719798
 20
185.70720936625
 30
1.793760276923778
 11
227.7008372386465
 21
185.70720936625
 31
1.793760276923778
210
0.0
220
6.123233995736766E-17
230
-1.0
  0
LINE
  5
571
330
1F
100
AcDbEntity
  8
Whole Simpsons House v1_Simpsons_house_02
100
AcDbLine
 10
252.5176955719798
 20
197.1671954773611
 30
1.793760276923779
 11
251.7147733497575
 21
196.6754232551389
 31
1.793760276923779
210
0.0
220
6.123233995736766E-17
230
-1.0
  0
LINE
  5
572
330
1F
100
AcDbEntity
  8
Whole Simpsons House v1_Simpsons_house_02
100
AcDbLine
 10
247.2408455719797
 20
179.7061065884722
 30
1.793760276923778
 11
249.2410955719798
 21
179.7061065884722
 31
1.793760276923778
210
0.0
220
6.123233995736766E-17
230
-1.0
  0
LINE
  5
573
330
1F
100
AcDbEntity
  8
Whole Simpsons House v1_Simpsons_house_02
100
AcDbLine
 10
249.534606683091
 20
193.6746954773611
 30
1.793760276923779
 11
249.3151789053132
 21
192.75888436625
 31
1.793760276923779
210
0.0
220
6.123233995736766E-17
230
-1.0
  0
LINE
  5
574
330
1F
100
AcDbEntity
  8
Whole Simpsons House v1_Simpsons_house_02
100
AcDbLine
 10
247.2408455719797
 20
176.7053788106945
 30
1.793760276923778
 11
247.2408455719797
 21
179.7061065884722
 31
1.793760276923778
210
0.0
220
6.123233995736766E-17
230
-1.0
  0
LINE
  5
575
330
1F
100
AcDbEntity
  8
Whole Simpsons House v1_Simpsons_house_02
100
AcDbLine
 10
242.2793789053132
 20
179.7061065884722
 30
1.793760276923778
 11
242.2793789053132
 21
176.7053788106945
 31
1.793760276923778
210
0.0
220
6.123233995736766E-17
230
-1.0
  0
LINE
  5
576
330
1F
100
AcDbEntity
  8
Whole Simpsons House v1_Simpsons_house_02
100
AcDbLine
 10
227.7008372386465
 20
185.70720936625
 30
1.793760276923778
 11
227.7008372386465
 21
182.0185649218056
 31
1.793760276923778
210
0.0
220
6.123233995736766E-17
230
-1.0
  0
LINE
  5
577
330
1F
100
AcDbEntity
  8
Whole Simpsons House v1_Simpsons_house_02
100
AcDbLine
 10
242.2793789053132
 20
176.7053788106945
 30
1.793760276923778
 11
247.2408455719797
 21
176.7053788106945
 31
1.793760276923778
210
0.0
220
6.123233995736766E-17
230
-1.0
  0
LINE
  5
578
330
1F
100
AcDbEntity
  8
Whole Simpsons House v1_Simpsons_house_02
100
AcDbLine
 10
240.2791289053132
 20
179.7061065884722
 30
1.793760276923778
 11
242.2793789053132
 21
179.7061065884722
 31
1.793760276923778
210
0.0
220
6.123233995736766E-17
230
-1.0
  0
LINE
  5
579
330
1F
100
AcDbEntity
  8
Whole Simpsons House v1_Simpsons_house_02
100
AcDbLine
 10
249.3151789053132
 20
192.75888436625
 30
1.793760276923779
 11
249.2410955719798
 21
191.8201426995833
 31
1.793760276923779
210
0.0
220
6.123233995736766E-17
230
-1.0
  0
LINE
  5
57A
330
1F
100
AcDbEntity
  8
Whole Simpsons House v1_Simpsons_house_02
100
AcDbLine
 10
249.2410955719798
 20
176.7053788106945
 30
1.793760276923778
 11
254.2022094608687
 21
176.7053788106945
 31
1.793760276923778
210
0.0
220
6.123233995736766E-17
230
-1.0
  0
LINE
  5
57B
330
1F
100
AcDbEntity
  8
Whole Simpsons House v1_Simpsons_house_02
100
AcDbLine
 10
250.9989872386465
 20
196.0637065884723
 30
1.793760276923779
 11
250.3872705719798
 21
195.3475676995834
 31
1.793760276923779
210
0.0
220
6.123233995736766E-17
230
-1.0
  0
LINE
  5
57C
330
1F
100
AcDbEntity
  8
Whole Simpsons House v1_Simpsons_house_02
100
AcDbLine
 10
249.8951455719797
 20
194.5446454773611
 30
1.793760276923779
 11
249.534606683091
 21
193.6746954773611
 31
1.793760276923779
210
0.0
220
6.123233995736766E-17
230
-1.0
  0
LINE
  5
57D
330
1F
100
AcDbEntity
  8
Whole Simpsons House v1_Simpsons_house_02
100
AcDbLine
 10
256.2028122386463
 20
189.4565315884722
 30
1.793760276923779
 11
269.6559927942019
 21
189.4565315884722
 31
1.793760276923779
210
0.0
220
6.123233995736766E-17
230
-1.0
  0
LINE
  5
57E
330
1F
100
AcDbEntity
  8
Whole Simpsons House v1_Simpsons_house_02
100
AcDbLine
 10
256.2028122386463
 20
179.7061065884722
 30
1.793760276923778
 11
256.2028122386463
 21
189.4565315884722
 31
1.793760276923779
210
0.0
220
6.123233995736766E-17
230
-1.0
  0
LINE
  5
57F
330
1F
100
AcDbEntity
  8
Whole Simpsons House v1_Simpsons_house_02
100
AcDbLine
 10
249.2410955719798
 20
191.8201426995833
 30
1.793760276923779
 11
249.2410955719798
 21
185.70720936625
 31
1.793760276923778
210
0.0
220
6.123233995736766E-17
230
-1.0
  0
LINE
  5
580
330
1F
100
AcDbEntity
  8
Whole Simpsons House v1_Simpsons_house_02
100
AcDbLine
 10
228.3488900164243
 20
177.2751149218056
 30
1.793760276923778
 11
231.2554261275353
 21
174.5255649218056
 31
1.793760276923778
210
0.0
220
6.123233995736766E-17
230
-1.0
  0
LINE
  5
581
330
1F
100
AcDbEntity
  8
Whole Simpsons House v1_Simpsons_house_02
100
AcDbLine
 10
300.9989872386465
 20
196.0637065884723
 30
1.793760276923779
 11
300.3872705719798
 21
195.3475676995834
 31
1.793760276923779
210
0.0
220
6.123233995736766E-17
230
-1.0
  0
LINE
  5
582
330
1F
100
AcDbEntity
  8
Whole Simpsons House v1_Simpsons_house_02
100
AcDbLine
 10
299.2410955719798
 20
185.70720936625
 30
1.793760276923778
 11
277.7008372386464
 21
185.70720936625
 31
1.793760276923778
210
0.0
220
6.123233995736766E-17
230
-1.0
  0
LINE
  5
583
330
1F
100
AcDbEntity
  8
Whole Simpsons House v1_Simpsons_house_02
100
AcDbLine
 10
281.2554261275354
 20
174.5255649218056
 30
1.793760276923778
 11
283.3174122386465
 21
176.7053788106945
 31
1.793760276923778
210
0.0
220
6.123233995736766E-17
230
-1.0
  0
LINE
  5
584
330
1F
100
AcDbEntity
  8
Whole Simpsons House v1_Simpsons_house_02
100
AcDbLine
 10
304.2022094608687
 20
179.7061065884722
 30
1.793760276923778
 11
306.2028122386463
 21
179.7061065884722
 31
1.793760276923778
210
0.0
220
6.123233995736766E-17
230
-1.0
  0
LINE
  5
585
330
1F
100
AcDbEntity
  8
Whole Simpsons House v1_Simpsons_house_02
100
AcDbLine
 10
319.6559927942019
 20
197.8212454773611
 30
1.793760276923779
 11
305.2421983497575
 21
197.8212454773611
 31
1.793760276923779
210
0.0
220
6.123233995736766E-17
230
-1.0
  0
LINE
  5
586
330
1F
100
AcDbEntity
  8
Whole Simpsons House v1_Simpsons_house_02
100
AcDbLine
 10
277.7008372386464
 20
185.70720936625
 30
1.793760276923778
 11
277.7008372386464
 21
182.0185649218056
 31
1.793760276923778
210
0.0
220
6.123233995736766E-17
230
-1.0
  0
LINE
  5
587
330
1F
100
AcDbEntity
  8
Whole Simpsons House v1_Simpsons_house_02
100
AcDbLine
 10
301.7147733497575
 20
196.6754232551389
 30
1.793760276923779
 11
300.9989872386465
 21
196.0637065884723
 31
1.793760276923779
210
0.0
220
6.123233995736766E-17
230
-1.0
  0
LINE
  5
588
330
1F
100
AcDbEntity
  8
Whole Simpsons House v1_Simpsons_house_02
100
AcDbLine
 10
306.2028122386463
 20
189.4565315884722
 30
1.793760276923779
 11
319.6559927942019
 21
189.4565315884722
 31
1.793760276923779
210
0.0
220
6.123233995736766E-17
230
-1.0
  0
LINE
  5
589
330
1F
100
AcDbEntity
  8
Whole Simpsons House v1_Simpsons_house_02
100
AcDbLine
 10
285.3176622386465
 20
176.7053788106945
 30
1.793760276923778
 11
290.2791289053131
 21
176.7053788106945
 31
1.793760276923778
210
0.0
220
6.123233995736766E-17
230
-1.0
  0
LINE
  5
58A
330
1F
100
AcDbEntity
  8
Whole Simpsons House v1_Simpsons_house_02
100
AcDbLine
 10
292.2793789053132
 20
176.7053788106945
 30
1.793760276923778
 11
297.2408455719797
 21
176.7053788106945
 31
1.793760276923778
210
0.0
220
6.123233995736766E-17
230
-1.0
  0
LINE
  5
58B
330
1F
100
AcDbEntity
  8
Whole Simpsons House v1_Simpsons_house_02
100
AcDbLine
 10
278.3488900164243
 20
177.2751149218056
 30
1.793760276923778
 11
281.2554261275354
 21
174.5255649218056
 31
1.793760276923778
210
0.0
220
6.123233995736766E-17
230
-1.0
  0
LINE
  5
58C
330
1F
100
AcDbEntity
  8
Whole Simpsons House v1_Simpsons_house_02
100
AcDbLine
 10
302.5176955719798
 20
197.1671954773611
 30
1.793760276923779
 11
301.7147733497575
 21
196.6754232551389
 31
1.793760276923779
210
0.0
220
6.123233995736766E-17
230
-1.0
  0
LINE
  5
58D
330
1F
100
AcDbEntity
  8
Whole Simpsons House v1_Simpsons_house_02
100
AcDbLine
 10
280.4108761275353
 20
179.4545760329167
 30
1.793760276923778
 11
278.3488900164243
 21
177.2751149218056
 31
1.793760276923778
210
0.0
220
6.123233995736766E-17
230
-1.0
  0
LINE
  5
58E
330
1F
100
AcDbEntity
  8
Whole Simpsons House v1_Simpsons_house_02
100
AcDbLine
 10
306.2028122386463
 20
179.7061065884722
 30
1.793760276923778
 11
306.2028122386463
 21
189.4565315884722
 31
1.793760276923779
210
0.0
220
6.123233995736766E-17
230
-1.0
  0
LINE
  5
58F
330
1F
100
AcDbEntity
  8
Whole Simpsons House v1_Simpsons_house_02
100
AcDbLine
 10
299.2410955719798
 20
179.7061065884722
 30
1.793760276923778
 11
299.2410955719798
 21
176.7053788106945
 31
1.793760276923778
210
0.0
220
6.123233995736766E-17
230
-1.0
  0
LINE
  5
590
330
1F
100
AcDbEntity
  8
Whole Simpsons House v1_Simpsons_house_02
100
AcDbLine
 10
290.2791289053131
 20
176.7053788106945
 30
1.793760276923778
 11
290.2791289053131
 21
179.7061065884722
 31
1.793760276923778
210
0.0
220
6.123233995736766E-17
230
-1.0
  0
LINE
  5
591
330
1F
100
AcDbEntity
  8
Whole Simpsons House v1_Simpsons_house_02
100
AcDbLine
 10
299.3151789053132
 20
192.75888436625
 30
1.793760276923779
 11
299.2410955719798
 21
191.8201426995833
 31
1.793760276923779
210
0.0
220
6.123233995736766E-17
230
-1.0
  0
LINE
  5
592
330
1F
100
AcDbEntity
  8
Whole Simpsons House v1_Simpsons_house_02
100
AcDbLine
 10
297.2408455719797
 20
179.7061065884722
 30
1.793760276923778
 11
299.2410955719798
 21
179.7061065884722
 31
1.793760276923778
210
0.0
220
6.123233995736766E-17
230
-1.0
  0
LINE
  5
593
330
1F
100
AcDbEntity
  8
Whole Simpsons House v1_Simpsons_house_02
100
AcDbLine
 10
283.3174122386465
 20
179.7061065884722
 30
1.793760276923778
 11
285.3176622386465
 21
179.7061065884722
 31
1.793760276923778
210
0.0
220
6.123233995736766E-17
230
-1.0
  0
LINE
  5
594
330
1F
100
AcDbEntity
  8
Whole Simpsons House v1_Simpsons_house_02
100
AcDbLine
 10
305.2421983497575
 20
197.8212454773611
 30
1.793760276923779
 11
304.3034566830909
 21
197.7475149218056
 31
1.793760276923779
210
0.0
220
6.123233995736766E-17
230
-1.0
  0
LINE
  5
595
330
1F
100
AcDbEntity
  8
Whole Simpsons House v1_Simpsons_house_02
100
AcDbLine
 10
299.2410955719798
 20
191.8201426995833
 30
1.793760276923779
 11
299.2410955719798
 21
185.70720936625
 31
1.793760276923778
210
0.0
220
6.123233995736766E-17
230
-1.0
  0
LINE
  5
596
330
1F
100
AcDbEntity
  8
Whole Simpsons House v1_Simpsons_house_02
100
AcDbLine
 10
299.5346066830909
 20
193.6746954773611
 30
1.793760276923779
 11
299.3151789053132
 21
192.75888436625
 31
1.793760276923779
210
0.0
220
6.123233995736766E-17
230
-1.0
  0
LINE
  5
597
330
1F
100
AcDbEntity
  8
Whole Simpsons House v1_Simpsons_house_02
100
AcDbLine
 10
299.2410955719798
 20
176.7053788106945
 30
1.793760276923778
 11
304.2022094608687
 21
176.7053788106945
 31
1.793760276923778
210
0.0
220
6.123233995736766E-17
230
-1.0
  0
LINE
  5
598
330
1F
100
AcDbEntity
  8
Whole Simpsons House v1_Simpsons_house_02
100
AcDbLine
 10
299.8951455719797
 20
194.5446454773611
 30
1.793760276923779
 11
299.5346066830909
 21
193.6746954773611
 31
1.793760276923779
210
0.0
220
6.123233995736766E-17
230
-1.0
  0
LINE
  5
599
330
1F
100
AcDbEntity
  8
Whole Simpsons House v1_Simpsons_house_02
100
AcDbLine
 10
304.3034566830909
 20
197.7475149218056
 30
1.793760276923779
 11
303.3879983497575
 21
197.52773436625
 31
1.793760276923779
210
0.0
220
6.123233995736766E-17
230
-1.0
  0
LINE
  5
59A
330
1F
100
AcDbEntity
  8
Whole Simpsons House v1_Simpsons_house_02
100
AcDbLine
 10
304.2022094608687
 20
176.7053788106945
 30
1.793760276923778
 11
304.2022094608687
 21
179.7061065884722
 31
1.793760276923778
210
0.0
220
6.123233995736766E-17
230
-1.0
  0
LINE
  5
59B
330
1F
100
AcDbEntity
  8
Whole Simpsons House v1_Simpsons_house_02
100
AcDbLine
 10
319.6559927942019
 20
189.4565315884722
 30
1.793760276923779
 11
319.6559927942019
 21
197.8212454773611
 31
1.793760276923779
210
0.0
220
6.123233995736766E-17
230
-1.0
  0
LINE
  5
59C
330
1F
100
AcDbEntity
  8
Whole Simpsons House v1_Simpsons_house_02
100
AcDbLine
 10
285.3176622386465
 20
179.7061065884722
 30
1.793760276923778
 11
285.3176622386465
 21
176.7053788106945
 31
1.793760276923778
210
0.0
220
6.123233995736766E-17
230
-1.0
  0
LINE
  5
59D
330
1F
100
AcDbEntity
  8
Whole Simpsons House v1_Simpsons_house_02
100
AcDbLine
 10
292.2793789053132
 20
179.7061065884722
 30
1.793760276923778
 11
292.2793789053132
 21
176.7053788106945
 31
1.793760276923778
210
0.0
220
6.123233995736766E-17
230
-1.0
  0
LINE
  5
59E
330
1F
100
AcDbEntity
  8
Whole Simpsons House v1_Simpsons_house_02
100
AcDbLine
 10
290.2791289053131
 20
179.7061065884722
 30
1.793760276923778
 11
292.2793789053132
 21
179.7061065884722
 31
1.793760276923778
210
0.0
220
6.123233995736766E-17
230
-1.0
  0
LINE
  5
59F
330
1F
100
AcDbEntity
  8
Whole Simpsons House v1_Simpsons_house_02
100
AcDbLine
 10
300.3872705719798
 20
195.3475676995834
 30
1.793760276923779
 11
299.8951455719797
 21
194.5446454773611
 31
1.793760276923779
210
0.0
220
6.123233995736766E-17
230
-1.0
  0
LINE
  5
5A0
330
1F
100
AcDbEntity
  8
Whole Simpsons House v1_Simpsons_house_02
100
AcDbLine
 10
277.7008372386464
 20
182.0185649218056
 30
1.793760276923778
 11
280.4108761275353
 21
179.4545760329167
 31
1.793760276923778
210
0.0
220
6.123233995736766E-17
230
-1.0
  0
LINE
  5
5A1
330
1F
100
AcDbEntity
  8
Whole Simpsons House v1_Simpsons_house_02
100
AcDbLine
 10
303.3879983497575
 20
197.52773436625
 30
1.793760276923779
 11
302.5176955719798
 21
197.1671954773611
 31
1.793760276923779
210
0.0
220
6.123233995736766E-17
230
-1.0
  0
LINE
  5
5A2
330
1F
100
AcDbEntity
  8
Whole Simpsons House v1_Simpsons_house_02
100
AcDbLine
 10
297.2408455719797
 20
176.7053788106945
 30
1.793760276923778
 11
297.2408455719797
 21
179.7061065884722
 31
1.793760276923778
210
0.0
220
6.123233995736766E-17
230
-1.0
  0
LINE
  5
5A3
330
1F
100
AcDbEntity
  8
Whole Simpsons House v1_Simpsons_house_02
100
AcDbLine
 10
283.3174122386465
 20
176.7053788106945
 30
1.793760276923778
 11
283.3174122386465
 21
179.7061065884722
 31
1.793760276923778
210
0.0
220
6.123233995736766E-17
230
-1.0
  0
CIRCLE
  5
5A4
330
1F
100
AcDbEntity
  8
Whole Simpsons House v1_Simpsons_house_02
100
AcDbCircle
 10
-85.00000000000001
 20
63.2062397230762
 30
-1.793760276923767
 40
11.18033988749893
210
0.0
220
6.123233995736766E-17
230
-1.0
  0
LINE
  5
5A6
330
1F
100
AcDbEntity
  8
Whole Simpsons House v1_Sketch6
100
AcDbLine
 10
489.8401477367727
 20
122.975300954768
 30
1.793760276923774
 11
487.1484532923283
 21
121.552900954768
 31
1.793760276923774
210
0.0
220
6.123233995736766E-17
230
-1.0
  0
LINE
  5
5A7
330
1F
100
AcDbEntity
  8
Whole Simpsons House v1_Sketch6
100
AcDbLine
 10
338.7366060701061
 20
32.24367873254582
 30
1.793760276923769
 11
338.2741144034394
 21
31.37902039921234
 31
1.793760276923769
210
0.0
220
6.123233995736766E-17
230
-1.0
  0
LINE
  5
5A8
330
1F
100
AcDbEntity
  8
Whole Simpsons House v1_Sketch6
100
AcDbLine
 10
489.520883847884
 20
145.508275954768
 30
1.793760276923776
 11
489.520883847884
 21
142.507900954768
 31
1.793760276923776
210
0.0
220
6.123233995736766E-17
230
-1.0
  0
LINE
  5
5A9
330
1F
100
AcDbEntity
  8
Whole Simpsons House v1_Sketch6
100
AcDbLine
 10
491.8217005145505
 20
112.7098203992124
 30
1.793760276923774
 11
494.5126894034394
 21
114.1318676214347
 31
1.793760276923774
210
0.0
220
6.123233995736766E-17
230
-1.0
  0
LINE
  5
5AA
330
1F
100
AcDbEntity
  8
Whole Simpsons House v1_Sketch6
100
AcDbLine
 10
454.3701060701061
 20
153.5593703992125
 30
1.793760276923776
 11
454.3701060701061
 21
145.508275954768
 31
1.793760276923776
210
0.0
220
6.123233995736766E-17
230
-1.0
  0
LINE
  5
5AB
330
1F
100
AcDbEntity
  8
Whole Simpsons House v1_Sketch6
100
AcDbLine
 10
510.7732755145506
 20
105.2884342881013
 30
1.793760276923773
 11
510.7732755145506
 21
102.2880592881013
 31
1.793760276923773
210
0.0
220
6.123233995736766E-17
230
-1.0
  0
LINE
  5
5AC
330
1F
100
AcDbEntity
  8
Whole Simpsons House v1_Sketch6
100
AcDbLine
 10
479.5189282923283
 20
142.507900954768
 30
1.793760276923776
 11
489.8401477367727
 21
122.975300954768
 31
1.793760276923774
210
0.0
220
6.123233995736766E-17
230
-1.0
  0
LINE
  5
5AD
330
1F
100
AcDbEntity
  8
Whole Simpsons House v1_Sketch6
100
AcDbLine
 10
493.1241560701061
 20
214.9568148436569
 30
1.79376027692378
 11
490.5068977367727
 21
216.4243703992125
 31
1.79376027692378
210
0.0
220
6.123233995736766E-17
230
-1.0
  0
LINE
  5
5AE
330
1F
100
AcDbEntity
  8
Whole Simpsons House v1_Sketch6
100
AcDbLine
 10
567.8456644034394
 20
105.2884342881013
 30
1.793760276923773
 11
567.8456644034394
 21
102.2880592881013
 31
1.793760276923773
210
0.0
220
6.123233995736766E-17
230
-1.0
  0
LINE
  5
5AF
330
1F
100
AcDbEntity
  8
Whole Simpsons House v1_Sketch6
100
AcDbLine
 10
487.1484532923283
 20
121.552900954768
 30
1.793760276923774
 11
491.8217005145505
 21
112.7098203992124
 31
1.793760276923774
210
0.0
220
6.123233995736766E-17
230
-1.0
  0
LINE
  5
5B0
330
1F
100
AcDbEntity
  8
Whole Simpsons House v1_Sketch6
100
AcDbLine
 10
577.847619958995
 20
102.2880592881013
 30
1.793760276923773
 11
577.847619958995
 21
105.2884342881013
 31
1.793760276923773
210
0.0
220
6.123233995736766E-17
230
-1.0
  0
LINE
  5
5B1
330
1F
100
AcDbEntity
  8
Whole Simpsons House v1_Sketch6
100
AcDbLine
 10
376.0174560701061
 20
11.01562873254583
 30
1.793760276923768
 11
375.0420255145505
 21
11.66756206587913
 31
1.793760276923768
210
0.0
220
6.123233995736766E-17
230
-1.0
  0
LINE
  5
5B2
330
1F
100
AcDbEntity
  8
Whole Simpsons House v1_Sketch6
100
AcDbLine
 10
457.3708338478839
 20
156.5600981769903
 30
1.793760276923777
 11
457.3708338478839
 21
153.5593703992125
 31
1.793760276923776
210
0.0
220
6.123233995736766E-17
230
-1.0
  0
LINE
  5
5B3
330
1F
100
AcDbEntity
  8
Whole Simpsons House v1_Sketch6
100
AcDbLine
 10
375.0420255145505
 20
11.66756206587913
 30
1.793760276923768
 11
374.1600810701061
 21
12.44085095476802
 31
1.793760276923768
210
0.0
220
6.123233995736766E-17
230
-1.0
  0
LINE
  5
5B4
330
1F
100
AcDbEntity
  8
Whole Simpsons House v1_Sketch6
100
AcDbLine
 10
340.9809782923283
 20
34.08553151032351
 30
1.793760276923769
 11
340.116319958995
 21
33.6233926214346
 31
1.793760276923769
210
0.0
220
6.123233995736766E-17
230
-1.0
  0
LINE
  5
5B5
330
1F
100
AcDbEntity
  8
Whole Simpsons House v1_Sketch6
100
AcDbLine
 10
340.116319958995
 20
33.6233926214346
 30
1.793760276923769
 11
339.3585532923283
 21
33.00144539921229
 31
1.793760276923769
210
0.0
220
6.123233995736766E-17
230
-1.0
  0
LINE
  5
5B6
330
1F
100
AcDbEntity
  8
Whole Simpsons House v1_Sketch6
100
AcDbLine
 10
357.0694088478838
 20
13.57150373254584
 30
1.793760276923768
 11
357.0694088478838
 21
23.57310651032354
 31
1.793760276923768
210
0.0
220
6.123233995736766E-17
230
-1.0
  0
LINE
  5
5B7
330
1F
100
AcDbEntity
  8
Whole Simpsons House v1_Sketch6
100
AcDbLine
 10
372.2159227367728
 20
15.35056206587915
 30
1.793760276923768
 11
371.8388032923284
 21
16.46145928810131
 31
1.793760276923768
210
0.0
220
6.123233995736766E-17
230
-1.0
  0
LINE
  5
5B8
330
1F
100
AcDbEntity
  8
Whole Simpsons House v1_Sketch6
100
AcDbLine
 10
346.8952977367728
 20
45.35925095476803
 30
1.79376027692377
 11
346.8952977367728
 21
24.46422317699021
 31
1.793760276923768
210
0.0
220
6.123233995736766E-17
230
-1.0
  0
LINE
  5
5B9
330
1F
100
AcDbEntity
  8
Whole Simpsons House v1_Sketch6
100
AcDbLine
 10
354.0690338478839
 20
3.569195399212438
 30
1.793760276923767
 11
354.0690338478839
 21
13.57150373254584
 31
1.793760276923768
210
0.0
220
6.123233995736766E-17
230
-1.0
  0
LINE
  5
5BA
330
1F
100
AcDbEntity
  8
Whole Simpsons House v1_Sketch6
100
AcDbLine
 10
374.1600810701061
 20
12.44085095476802
 30
1.793760276923768
 11
373.3864394034394
 21
13.32314817699021
 31
1.793760276923768
210
0.0
220
6.123233995736766E-17
230
-1.0
  0
LINE
  5
5BB
330
1F
100
AcDbEntity
  8
Whole Simpsons House v1_Sketch6
100
AcDbLine
 10
468.6851227367727
 20
177.5069842881014
 30
1.793760276923778
 11
471.3023810701062
 21
176.0394287325458
 31
1.793760276923778
210
0.0
220
6.123233995736766E-17
230
-1.0
  0
LINE
  5
5BC
330
1F
100
AcDbEntity
  8
Whole Simpsons House v1_Sketch6
100
AcDbLine
 10
378.1803366256617
 20
10.11992595476791
 30
1.793760276923767
 11
377.0694394034394
 21
10.49704539921234
 31
1.793760276923767
210
0.0
220
6.123233995736766E-17
230
-1.0
  0
LINE
  5
5BD
330
1F
100
AcDbEntity
  8
Whole Simpsons House v1_Sketch6
100
AcDbLine
 10
490.5068977367727
 20
216.4243703992125
 30
1.79376027692378
 11
485.6152810701061
 21
207.7005287325458
 31
1.79376027692378
210
0.0
220
6.123233995736766E-17
230
-1.0
  0
LINE
  5
5BE
330
1F
100
AcDbEntity
  8
Whole Simpsons House v1_Sketch6
100
AcDbLine
 10
587.8495755145506
 20
105.2884342881013
 30
1.793760276923773
 11
587.8495755145506
 21
115.2903898436568
 31
1.793760276923774
210
0.0
220
6.123233995736766E-17
230
-1.0
  0
LINE
  5
5BF
330
1F
100
AcDbEntity
  8
Whole Simpsons House v1_Sketch6
100
AcDbLine
 10
373.3864394034394
 20
13.32314817699021
 30
1.793760276923768
 11
372.7348588478839
 21
14.29822595476804
 31
1.793760276923768
210
0.0
220
6.123233995736766E-17
230
-1.0
  0
LINE
  5
5C0
330
1F
100
AcDbEntity
  8
Whole Simpsons House v1_Sketch6
100
AcDbLine
 10
339.3585532923283
 20
33.00144539921229
 30
1.793760276923769
 11
338.7366060701061
 21
32.24367873254582
 31
1.793760276923769
210
0.0
220
6.123233995736766E-17
230
-1.0
  0
LINE
  5
5C1
330
1F
100
AcDbEntity
  8
Whole Simpsons House v1_Sketch6
100
AcDbLine
 10
343.8949227367727
 20
24.46422317699021
 30
1.793760276923768
 11
343.8949227367727
 21
34.4661787325457
 31
1.793760276923769
210
0.0
220
6.123233995736766E-17
230
-1.0
  0
LINE
  5
5C2
330
1F
100
AcDbEntity
  8
Whole Simpsons House v1_Sketch6
100
AcDbLine
 10
590.8499505145505
 20
115.2903898436568
 30
1.793760276923774
 11
590.8499505145505
 21
125.2923453992125
 31
1.793760276923775
210
0.0
220
6.123233995736766E-17
230
-1.0
  0
LINE
  5
5C3
330
1F
100
AcDbEntity
  8
Whole Simpsons House v1_Sketch6
100
AcDbLine
 10
354.0690338478839
 20
23.57310651032354
 30
1.793760276923768
 11
354.0690338478839
 21
35.35729539921231
 31
1.793760276923769
210
0.0
220
6.123233995736766E-17
230
-1.0
  0
LINE
  5
5C4
330
1F
100
AcDbEntity
  8
Whole Simpsons House v1_Sketch6
100
AcDbLine
 10
341.9190144034394
 20
34.36987039921241
 30
1.793760276923769
 11
340.9809782923283
 21
34.08553151032351
 31
1.793760276923769
210
0.0
220
6.123233995736766E-17
230
-1.0
  0
LINE
  5
5C5
330
1F
100
AcDbEntity
  8
Whole Simpsons House v1_Sketch6
100
AcDbLine
 10
494.5126894034394
 20
114.1318676214347
 30
1.793760276923774
 11
499.1855838478838
 21
105.2884342881013
 31
1.793760276923773
210
0.0
220
6.123233995736766E-17
230
-1.0
  0
LINE
  5
5C6
330
1F
100
AcDbEntity
  8
Whole Simpsons House v1_Sketch6
100
AcDbLine
 10
473.5770921812173
 20
186.230825954768
 30
1.793760276923778
 11
468.6851227367727
 21
177.5069842881014
 31
1.793760276923778
210
0.0
220
6.123233995736766E-17
230
-1.0
  0
LINE
  5
5C7
330
1F
100
AcDbEntity
  8
Whole Simpsons House v1_Sketch6
100
AcDbLine
 10
377.0694394034394
 20
10.49704539921234
 30
1.793760276923767
 11
376.0174560701061
 21
11.01562873254583
 31
1.793760276923768
210
0.0
220
6.123233995736766E-17
230
-1.0
  0
LINE
  5
5C8
330
1F
100
AcDbEntity
  8
Whole Simpsons House v1_Sketch6
100
AcDbLine
 10
357.0694088478838
 20
35.35729539921231
 30
1.793760276923769
 11
357.0694088478838
 21
45.35925095476803
 31
1.79376027692377
210
0.0
220
6.123233995736766E-17
230
-1.0
  0
LINE
  5
5C9
330
1F
100
AcDbEntity
  8
Whole Simpsons House v1_Sketch6
100
AcDbLine
 10
488.2321866256616
 20
206.2329731769902
 30
1.793760276923779
 11
476.1939977367728
 21
184.7632703992124
 31
1.793760276923778
210
0.0
220
6.123233995736766E-17
230
-1.0
  0
LINE
  5
5CA
330
1F
100
AcDbEntity
  8
Whole Simpsons House v1_Sketch6
100
AcDbLine
 10
372.7348588478839
 20
14.29822595476804
 30
1.793760276923768
 11
372.2159227367728
 21
15.35056206587915
 31
1.793760276923768
210
0.0
220
6.123233995736766E-17
230
-1.0
  0
LINE
  5
5CB
330
1F
100
AcDbEntity
  8
Whole Simpsons House v1_Sketch6
100
AcDbLine
 10
556.173658847884
 20
43.71812873254571
 30
1.79376027692377
 11
556.173658847884
 21
51.71948151032351
 31
1.79376027692377
210
0.0
220
6.123233995736766E-17
230
-1.0
  0
LINE
  5
5CC
330
1F
100
AcDbEntity
  8
Whole Simpsons House v1_Sketch6
100
AcDbLine
 10
553.1729310701061
 20
51.71948151032351
 30
1.79376027692377
 11
553.1729310701061
 21
63.18793428810132
 31
1.793760276923771
210
0.0
220
6.123233995736766E-17
230
-1.0
  0
LINE
  5
5CD
330
1F
100
AcDbEntity
  8
Whole Simpsons House v1_Sketch6
100
AcDbLine
 10
337.9897755145506
 20
30.44098428810132
 30
1.793760276923769
 11
337.893819958995
 21
29.46520095476804
 31
1.793760276923769
210
0.0
220
6.123233995736766E-17
230
-1.0
  0
LINE
  5
5CE
330
1F
100
AcDbEntity
  8
Whole Simpsons House v1_Sketch6
100
AcDbLine
 10
452.3419866256616
 20
7.014775954768015
 30
1.793760276923767
 11
452.3419866256616
 21
11.01562873254583
 31
1.793760276923768
210
0.0
220
6.123233995736766E-17
230
-1.0
  0
LINE
  5
5CF
330
1F
100
AcDbEntity
  8
Whole Simpsons House v1_Sketch6
100
AcDbLine
 10
481.924519958995
 20
11.01562873254583
 30
1.793760276923768
 11
481.924519958995
 21
106.0677203992124
 31
1.793760276923773
210
0.0
220
6.123233995736766E-17
230
-1.0
  0
LINE
  5
5D0
330
1F
100
AcDbEntity
  8
Whole Simpsons House v1_Sketch6
100
AcDbLine
 10
466.4104116256616
 20
167.3152342881014
 30
1.793760276923777
 11
472.0936616256616
 21
156.5600981769903
 31
1.793760276923777
210
0.0
220
6.123233995736766E-17
230
-1.0
  0
LINE
  5
5D1
330
1F
100
AcDbEntity
  8
Whole Simpsons House v1_Sketch6
100
AcDbLine
 10
452.3419866256616
 20
106.0677203992124
 30
1.793760276923773
 11
452.3419866256616
 21
110.0685731769902
 31
1.793760276923774
210
0.0
220
6.123233995736766E-17
230
-1.0
  0
LINE
  5
5D2
330
1F
100
AcDbEntity
  8
Whole Simpsons House v1_Sketch6
100
AcDbLine
 10
337.893819958995
 20
29.46520095476804
 30
1.793760276923769
 11
337.893819958995
 21
3.569195399212439
 31
1.793760276923767
210
0.0
220
6.123233995736766E-17
230
-1.0
  0
LINE
  5
5D3
330
1F
100
AcDbEntity
  8
Whole Simpsons House v1_Sketch6
100
AcDbLine
 10
623.4466171812172
 20
40.38296762143469
 30
1.793760276923769
 11
623.4466171812172
 21
19.14327595476803
 31
1.793760276923768
210
0.0
220
6.123233995736766E-17
230
-1.0
  0
LINE
  5
5D4
330
1F
100
AcDbEntity
  8
Whole Simpsons House v1_Sketch6
100
AcDbLine
 10
597.0098032923283
 20
168.1971787325458
 30
1.793760276923777
 11
597.0098032923283
 21
145.3117787325458
 31
1.793760276923776
210
0.0
220
6.123233995736766E-17
230
-1.0
  0
LINE
  5
5D5
330
1F
100
AcDbEntity
  8
Whole Simpsons House v1_Sketch6
100
AcDbLine
 10
602.6831755145505
 20
63.98732873254573
 30
1.793760276923771
 11
602.6831755145505
 21
56.38602595476799
 31
1.79376027692377
210
0.0
220
6.123233995736766E-17
230
-1.0
  0
LINE
  5
5D6
330
1F
100
AcDbEntity
  8
Whole Simpsons House v1_Sketch6
100
AcDbLine
 10
553.1729310701061
 20
5.633298176990209
 30
1.793760276923767
 11
553.1729310701061
 21
13.63465095476801
 31
1.793760276923768
210
0.0
220
6.123233995736766E-17
230
-1.0
  0
LINE
  5
5D7
330
1F
100
AcDbEntity
  8
Whole Simpsons House v1_Sketch6
100
AcDbLine
 10
449.3412588478839
 20
110.0685731769902
 30
1.793760276923774
 11
449.3412588478839
 21
7.014775954768022
 31
1.793760276923767
210
0.0
220
6.123233995736766E-17
230
-1.0
  0
LINE
  5
5D8
330
1F
100
AcDbEntity
  8
Whole Simpsons House v1_Sketch6
100
AcDbLine
 10
371.8388032923284
 20
16.46145928810131
 30
1.793760276923768
 11
371.6102032923283
 21
17.61186762143463
 31
1.793760276923768
210
0.0
220
6.123233995736766E-17
230
-1.0
  0
LINE
  5
5D9
330
1F
100
AcDbEntity
  8
Whole Simpsons House v1_Sketch6
100
AcDbLine
 10
597.3230699589949
 20
228.3701315103236
 30
1.793760276923781
 11
597.3230699589949
 21
205.4847315103236
 31
1.793760276923779
210
0.0
220
6.123233995736766E-17
230
-1.0
  0
LINE
  5
5DA
330
1F
100
AcDbEntity
  8
Whole Simpsons House v1_Sketch6
100
AcDbLine
 10
608.3156255145506
 20
139.5667926214347
 30
1.793760276923775
 11
608.3156255145506
 21
136.5664176214347
 31
1.793760276923775
210
0.0
220
6.123233995736766E-17
230
-1.0
  0
LINE
  5
5DB
330
1F
100
AcDbEntity
  8
Whole Simpsons House v1_Sketch6
100
AcDbLine
 10
626.4469921812173
 20
48.38432039921239
 30
1.79376027692377
 11
626.4469921812173
 21
40.38296762143469
 31
1.793760276923769
210
0.0
220
6.123233995736766E-17
230
-1.0
  0
LINE
  5
5DC
330
1F
100
AcDbEntity
  8
Whole Simpsons House v1_Sketch6
100
AcDbLine
 10
376.3871671812173
 20
162.0948287325458
 30
1.793760276923777
 11
376.3871671812173
 21
159.0941009547681
 31
1.793760276923777
210
0.0
220
6.123233995736766E-17
230
-1.0
  0
LINE
  5
5DD
330
1F
100
AcDbEntity
  8
Whole Simpsons House v1_Sketch6
100
AcDbLine
 10
338.2741144034394
 20
31.37902039921234
 30
1.793760276923769
 11
337.9897755145506
 21
30.44098428810132
 31
1.793760276923769
210
0.0
220
6.123233995736766E-17
230
-1.0
  0
LINE
  5
5DE
330
1F
100
AcDbEntity
  8
Whole Simpsons House v1_Sketch6
100
AcDbLine
 10
485.6152810701061
 20
207.7005287325458
 30
1.79376027692378
 11
488.2321866256616
 21
206.2329731769902
 31
1.793760276923779
210
0.0
220
6.123233995736766E-17
230
-1.0
  0
LINE
  5
5DF
330
1F
100
AcDbEntity
  8
Whole Simpsons House v1_Sketch6
100
AcDbLine
 10
367.1059366256616
 20
17.01884817699015
 30
1.793760276923768
 11
367.4506005145505
 21
15.28529817699023
 31
1.793760276923768
210
0.0
220
6.123233995736766E-17
230
-1.0
  0
LINE
  5
5E0
330
1F
100
AcDbEntity
  8
Whole Simpsons House v1_Sketch6
100
AcDbLine
 10
367.4506005145505
 20
15.28529817699023
 30
1.793760276923768
 11
368.0189255145505
 21
13.61207317699023
 31
1.793760276923768
210
0.0
220
6.123233995736766E-17
230
-1.0
  0
LINE
  5
5E1
330
1F
100
AcDbEntity
  8
Whole Simpsons House v1_Sketch6
100
AcDbLine
 10
371.5269477367727
 20
18.88080928810132
 30
1.793760276923768
 11
371.5269477367727
 21
51.27674539921239
 31
1.79376027692377
210
0.0
220
6.123233995736766E-17
230
-1.0
  0
LINE
  5
5E2
330
1F
100
AcDbEntity
  8
Whole Simpsons House v1_Sketch6
100
AcDbLine
 10
436.9114866256616
 20
86.73514539921243
 30
1.793760276923772
 11
436.9114866256616
 21
139.0901898436569
 31
1.793760276923775
210
0.0
220
6.123233995736766E-17
230
-1.0
  0
LINE
  5
5E3
330
1F
100
AcDbEntity
  8
Whole Simpsons House v1_Sketch6
100
AcDbLine
 10
366.9934005145506
 20
51.27674539921239
 30
1.79376027692377
 11
366.9934005145506
 21
18.73193706587911
 31
1.793760276923768
210
0.0
220
6.123233995736766E-17
230
-1.0
  0
LINE
  5
5E4
330
1F
100
AcDbEntity
  8
Whole Simpsons House v1_Sketch6
100
AcDbLine
 10
366.9934005145506
 20
18.73193706587911
 30
1.793760276923768
 11
367.1059366256616
 21
17.01884817699015
 31
1.793760276923768
210
0.0
220
6.123233995736766E-17
230
-1.0
  0
LINE
  5
5E5
330
1F
100
AcDbEntity
  8
Whole Simpsons House v1_Sketch6
100
AcDbLine
 10
453.7344005145505
 20
229.6161426214347
 30
1.793760276923781
 11
453.7344005145505
 21
193.9612453992125
 31
1.793760276923779
210
0.0
220
6.123233995736766E-17
230
-1.0
  0
LINE
  5
5E6
330
1F
100
AcDbEntity
  8
Whole Simpsons House v1_Sketch6
100
AcDbLine
 10
475.799944958995
 20
193.9612453992125
 30
1.793760276923779
 11
475.799944958995
 21
229.6161426214347
 31
1.793760276923781
210
0.0
220
6.123233995736766E-17
230
-1.0
  0
LINE
  5
5E7
330
1F
100
AcDbEntity
  8
Whole Simpsons House v1_Sketch6
100
AcDbLine
 10
620.6621421812172
 20
205.4847315103236
 30
1.793760276923779
 11
620.6621421812172
 21
228.3701315103236
 31
1.793760276923781
210
0.0
220
6.123233995736766E-17
230
-1.0
  0
LINE
  5
5E8
330
1F
100
AcDbEntity
  8
Whole Simpsons House v1_Sketch6
100
AcDbLine
 10
610.3158755145506
 20
136.5664176214347
 30
1.793760276923775
 11
610.3158755145506
 21
139.5667926214347
 31
1.793760276923775
210
0.0
220
6.123233995736766E-17
230
-1.0
  0
LINE
  5
5E9
330
1F
100
AcDbEntity
  8
Whole Simpsons House v1_Sketch6
100
AcDbLine
 10
476.1939977367728
 20
184.7632703992124
 30
1.793760276923778
 11
473.5770921812173
 21
186.230825954768
 31
1.793760276923778
210
0.0
220
6.123233995736766E-17
230
-1.0
  0
LINE
  5
5EA
330
1F
100
AcDbEntity
  8
Whole Simpsons House v1_Sketch6
100
AcDbLine
 10
520.7748782923283
 20
102.2880592881013
 30
1.793760276923773
 11
520.7748782923283
 21
105.2884342881013
 31
1.793760276923773
210
0.0
220
6.123233995736766E-17
230
-1.0
  0
LINE
  5
5EB
330
1F
100
AcDbEntity
  8
Whole Simpsons House v1_Sketch6
100
AcDbLine
 10
426.9095310701061
 20
159.0941009547681
 30
1.793760276923777
 11
426.9095310701061
 21
162.0948287325458
 31
1.793760276923777
210
0.0
220
6.123233995736766E-17
230
-1.0
  0
LINE
  5
5EC
330
1F
100
AcDbEntity
  8
Whole Simpsons House v1_Sketch6
100
AcDbLine
 10
471.3023810701062
 20
176.0394287325458
 30
1.793760276923778
 11
466.4104116256616
 21
167.3152342881014
 31
1.793760276923777
210
0.0
220
6.123233995736766E-17
230
-1.0
  0
LINE
  5
5ED
330
1F
100
AcDbEntity
  8
Whole Simpsons House v1_Sketch6
100
AcDbLine
 10
599.2915699589952
 20
141.7469592881014
 30
1.793760276923776
 11
601.3539088478839
 21
139.5667926214347
 31
1.793760276923775
210
0.0
220
6.123233995736766E-17
230
-1.0
  0
LINE
  5
5EE
330
1F
100
AcDbEntity
  8
Whole Simpsons House v1_Sketch6
100
AcDbLine
 10
371.6102032923283
 20
17.61186762143463
 30
1.793760276923768
 11
371.5269477367727
 21
18.88080928810132
 31
1.793760276923768
210
0.0
220
6.123233995736766E-17
230
-1.0
  0
LINE
  5
5EF
330
1F
100
AcDbEntity
  8
Whole Simpsons House v1_Sketch6
100
AcDbLine
 10
620.3488755145506
 20
145.3117787325458
 30
1.793760276923776
 11
620.3488755145506
 21
168.1971787325458
 31
1.793760276923777
210
0.0
220
6.123233995736766E-17
230
-1.0
  0
LINE
  5
5F0
330
1F
100
AcDbEntity
  8
Whole Simpsons House v1_Sketch6
100
AcDbLine
 10
623.4466171812172
 20
56.38602595476799
 30
1.79376027692377
 11
623.4466171812172
 21
48.38432039921239
 31
1.79376027692377
210
0.0
220
6.123233995736766E-17
230
-1.0
  0
LINE
  5
5F1
330
1F
100
AcDbEntity
  8
Whole Simpsons House v1_Sketch6
100
AcDbLine
 10
492.700469958995
 20
63.18793428810132
 30
1.793760276923771
 11
492.700469958995
 21
5.633298176990212
 31
1.793760276923767
210
0.0
220
6.123233995736766E-17
230
-1.0
  0
LINE
  5
5F2
330
1F
100
AcDbEntity
  8
Whole Simpsons House v1_Sketch6
100
AcDbLine
 10
408.8303755145506
 20
216.1146315103236
 30
1.79376027692378
 11
402.8141032923283
 21
221.9262926214347
 31
1.793760276923781
210
0.0
220
6.123233995736766E-17
230
-1.0
  0
LINE
  5
5F3
330
1F
100
AcDbEntity
  8
Whole Simpsons House v1_Sketch6
100
AcDbLine
 10
386.3891227367727
 20
159.0941009547681
 30
1.793760276923777
 11
386.3891227367727
 21
162.0948287325458
 31
1.793760276923777
210
0.0
220
6.123233995736766E-17
230
-1.0
  0
LINE
  5
5F4
330
1F
100
AcDbEntity
  8
Whole Simpsons House v1_Sketch6
100
AcDbLine
 10
556.173658847884
 20
13.63465095476801
 30
1.793760276923768
 11
556.173658847884
 21
21.6363565103235
 31
1.793760276923768
210
0.0
220
6.123233995736766E-17
230
-1.0
  0
LINE
  5
5F5
330
1F
100
AcDbEntity
  8
Whole Simpsons House v1_Sketch6
100
AcDbLine
 10
617.2775921812173
 20
136.5664176214347
 30
1.793760276923775
 11
617.2775921812173
 21
139.5667926214347
 31
1.793760276923775
210
0.0
220
6.123233995736766E-17
230
-1.0
  0
LINE
  5
5F6
330
1F
100
AcDbEntity
  8
Whole Simpsons House v1_Sketch6
100
AcDbLine
 10
622.2390588478839
 20
139.5667926214347
 30
1.793760276923775
 11
622.2390588478839
 21
136.5664176214347
 31
1.793760276923775
210
0.0
220
6.123233995736766E-17
230
-1.0
  0
LINE
  5
5F7
330
1F
100
AcDbEntity
  8
Whole Simpsons House v1_Sketch6
100
AcDbLine
 10
626.4469921812173
 20
19.14327595476803
 30
1.793760276923768
 11
626.4469921812173
 21
11.14157039921232
 31
1.793760276923768
210
0.0
220
6.123233995736766E-17
230
-1.0
  0
LINE
  5
5F8
330
1F
100
AcDbEntity
  8
Whole Simpsons House v1_Sketch6
100
AcDbLine
 10
439.9122144034394
 20
14.37583706587911
 30
1.793760276923768
 11
439.9122144034394
 21
24.37779262143461
 31
1.793760276923768
210
0.0
220
6.123233995736766E-17
230
-1.0
  0
LINE
  5
5F9
330
1F
100
AcDbEntity
  8
Whole Simpsons House v1_Sketch6
100
AcDbLine
 10
439.9122144034394
 20
139.0901898436569
 30
1.793760276923775
 11
439.9122144034394
 21
149.0921453992125
 31
1.793760276923776
210
0.0
220
6.123233995736766E-17
230
-1.0
  0
LINE
  5
5FA
330
1F
100
AcDbEntity
  8
Whole Simpsons House v1_Sketch6
100
AcDbLine
 10
607.2124894034395
 20
122.8151398436569
 30
1.793760276923774
 11
607.2124894034395
 21
118.450925954768
 31
1.793760276923774
210
0.0
220
6.123233995736766E-17
230
-1.0
  0
LINE
  5
5FB
330
1F
100
AcDbEntity
  8
Whole Simpsons House v1_Sketch6
100
AcDbLine
 10
436.9114866256616
 20
4.373881510323502
 30
1.793760276923767
 11
436.9114866256616
 21
14.37583706587911
 31
1.793760276923768
210
0.0
220
6.123233995736766E-17
230
-1.0
  0
LINE
  5
5FC
330
1F
100
AcDbEntity
  8
Whole Simpsons House v1_Sketch6
100
AcDbLine
 10
553.1729310701061
 20
21.6363565103235
 30
1.793760276923768
 11
553.1729310701061
 21
43.71812873254571
 31
1.79376027692377
210
0.0
220
6.123233995736766E-17
230
-1.0
  0
LINE
  5
5FD
330
1F
100
AcDbEntity
  8
Whole Simpsons House v1_Sketch6
100
AcDbLine
 10
595.7369810701061
 20
118.450925954768
 30
1.793760276923774
 11
595.7369810701061
 21
134.2539592881013
 31
1.793760276923775
210
0.0
220
6.123233995736766E-17
230
-1.0
  0
LINE
  5
5FE
330
1F
100
AcDbEntity
  8
Whole Simpsons House v1_Sketch6
100
AcDbLine
 10
404.4231227367727
 20
223.4855703992125
 30
1.793760276923781
 11
405.2172255145505
 21
223.9914537325458
 31
1.793760276923781
210
0.0
220
6.123233995736766E-17
230
-1.0
  0
LINE
  5
5FF
330
1F
100
AcDbEntity
  8
Whole Simpsons House v1_Sketch6
100
AcDbLine
 10
409.7892255145505
 20
224.4313676214347
 30
1.793760276923781
 11
410.6655255145506
 21
224.086350954768
 31
1.793760276923781
210
0.0
220
6.123233995736766E-17
230
-1.0
  0
LINE
  5
600
330
1F
100
AcDbEntity
  8
Whole Simpsons House v1_Sketch6
100
AcDbLine
 10
595.7369810701061
 20
134.2539592881013
 30
1.793760276923775
 11
598.4473727367728
 21
136.8175953992125
 31
1.793760276923775
210
0.0
220
6.123233995736766E-17
230
-1.0
  0
LINE
  5
601
330
1F
100
AcDbEntity
  8
Whole Simpsons House v1_Sketch6
100
AcDbLine
 10
637.6928421812171
 20
126.8159926214347
 30
1.793760276923775
 11
637.6928421812171
 21
118.450925954768
 31
1.793760276923774
210
0.0
220
6.123233995736766E-17
230
-1.0
  0
LINE
  5
602
330
1F
100
AcDbEntity
  8
Whole Simpsons House v1_Sketch6
100
AcDbLine
 10
601.3539088478839
 20
139.5667926214347
 30
1.793760276923775
 11
601.3539088478839
 21
136.5664176214347
 31
1.793760276923775
210
0.0
220
6.123233995736766E-17
230
-1.0
  0
LINE
  5
603
330
1F
100
AcDbEntity
  8
Whole Simpsons House v1_Sketch6
100
AcDbLine
 10
410.6655255145506
 20
224.086350954768
 30
1.793760276923781
 11
411.4765616256616
 21
223.6083370658791
 31
1.793760276923781
210
0.0
220
6.123233995736766E-17
230
-1.0
  0
LINE
  5
604
330
1F
100
AcDbEntity
  8
Whole Simpsons House v1_Sketch6
100
AcDbLine
 10
439.9122144034394
 20
76.73318984365682
 30
1.793760276923772
 11
439.9122144034394
 21
86.73514539921243
 31
1.793760276923772
210
0.0
220
6.123233995736766E-17
230
-1.0
  0
LINE
  5
605
330
1F
100
AcDbEntity
  8
Whole Simpsons House v1_Sketch6
100
AcDbLine
 10
416.9075755145506
 20
162.0948287325458
 30
1.793760276923777
 11
416.9075755145506
 21
159.0941009547681
 31
1.793760276923777
210
0.0
220
6.123233995736766E-17
230
-1.0
  0
LINE
  5
606
330
1F
100
AcDbEntity
  8
Whole Simpsons House v1_Sketch6
100
AcDbLine
 10
615.2773421812173
 20
139.5667926214347
 30
1.793760276923775
 11
615.2773421812173
 21
136.5664176214347
 31
1.793760276923775
210
0.0
220
6.123233995736766E-17
230
-1.0
  0
LINE
  5
607
330
1F
100
AcDbEntity
  8
Whole Simpsons House v1_Sketch6
100
AcDbLine
 10
624.2393088478839
 20
136.5664176214347
 30
1.793760276923775
 11
624.2393088478839
 21
126.8159926214347
 31
1.793760276923775
210
0.0
220
6.123233995736766E-17
230
-1.0
  0
LINE
  5
608
330
1F
100
AcDbEntity
  8
Whole Simpsons House v1_Sketch6
100
AcDbLine
 10
562.9741560701061
 20
3.140217621434599
 30
1.793760276923767
 11
562.9741560701061
 21
63.98732873254573
 31
1.793760276923771
210
0.0
220
6.123233995736766E-17
230
-1.0
  0
LINE
  5
609
330
1F
100
AcDbEntity
  8
Whole Simpsons House v1_Sketch6
100
AcDbLine
 10
603.3541588478838
 20
136.5664176214347
 30
1.793760276923775
 11
603.3541588478838
 21
139.5667926214347
 31
1.793760276923775
210
0.0
220
6.123233995736766E-17
230
-1.0
  0
LINE
  5
60A
330
1F
100
AcDbEntity
  8
Whole Simpsons House v1_Sketch6
100
AcDbLine
 10
620.8096032923282
 20
98.68619817699023
 30
1.793760276923773
 11
620.8096032923282
 21
71.7357398436568
 31
1.793760276923771
210
0.0
220
6.123233995736766E-17
230
-1.0
  0
LINE
  5
60B
330
1F
100
AcDbEntity
  8
Whole Simpsons House v1_Sketch6
100
AcDbLine
 10
412.5535921812173
 20
4.373881510323502
 30
1.793760276923767
 11
412.5535921812173
 21
7.374609288101325
 31
1.793760276923767
210
0.0
220
6.123233995736766E-17
230
-1.0
  0
LINE
  5
60C
330
1F
100
AcDbEntity
  8
Whole Simpsons House v1_Sketch6
100
AcDbLine
 10
598.4473727367728
 20
136.8175953992125
 30
1.793760276923775
 11
596.3853866256617
 21
138.9974092881014
 31
1.793760276923775
210
0.0
220
6.123233995736766E-17
230
-1.0
  0
LINE
  5
60D
330
1F
100
AcDbEntity
  8
Whole Simpsons House v1_Sketch6
100
AcDbLine
 10
623.4466171812172
 20
11.14157039921232
 30
1.793760276923768
 11
623.4466171812172
 21
3.140217621434599
 31
1.793760276923767
210
0.0
220
6.123233995736766E-17
230
-1.0
  0
LINE
  5
60E
330
1F
100
AcDbEntity
  8
Whole Simpsons House v1_Sketch6
100
AcDbLine
 10
403.7175671812172
 20
222.8618592881014
 30
1.793760276923781
 11
404.4231227367727
 21
223.4855703992125
 31
1.793760276923781
210
0.0
220
6.123233995736766E-17
230
-1.0
  0
LINE
  5
60F
330
1F
100
AcDbEntity
  8
Whole Simpsons House v1_Sketch6
100
AcDbLine
 10
436.9114866256616
 20
149.0921453992125
 30
1.793760276923776
 11
436.9114866256616
 21
159.0941009547681
 31
1.793760276923777
210
0.0
220
6.123233995736766E-17
230
-1.0
  0
LINE
  5
610
330
1F
100
AcDbEntity
  8
Whole Simpsons House v1_Sketch6
100
AcDbLine
 10
402.8141032923283
 20
221.9262926214347
 30
1.793760276923781
 11
403.7175671812172
 21
222.8618592881014
 31
1.793760276923781
210
0.0
220
6.123233995736766E-17
230
-1.0
  0
LINE
  5
611
330
1F
100
AcDbEntity
  8
Whole Simpsons House v1_Sketch6
100
AcDbLine
 10
610.8080005145506
 20
71.7357398436568
 30
1.793760276923771
 11
610.8080005145506
 21
74.73611484365684
 31
1.793760276923771
210
0.0
220
6.123233995736766E-17
230
-1.0
  0
LINE
  5
612
330
1F
100
AcDbEntity
  8
Whole Simpsons House v1_Sketch6
100
AcDbLine
 10
426.9095310701061
 20
7.374609288101325
 30
1.793760276923767
 11
426.9095310701061
 21
4.373881510323502
 31
1.793760276923767
210
0.0
220
6.123233995736766E-17
230
-1.0
  0
LINE
  5
613
330
1F
100
AcDbEntity
  8
Whole Simpsons House v1_Sketch6
100
AcDbLine
 10
436.9114866256616
 20
24.37779262143461
 30
1.793760276923768
 11
436.9114866256616
 21
76.73318984365682
 31
1.793760276923772
210
0.0
220
6.123233995736766E-17
230
-1.0
  0
LINE
  5
614
330
1F
100
AcDbEntity
  8
Whole Simpsons House v1_Sketch6
100
AcDbLine
 10
596.3853866256617
 20
138.9974092881014
 30
1.793760276923775
 11
599.2915699589952
 21
141.7469592881014
 31
1.793760276923776
210
0.0
220
6.123233995736766E-17
230
-1.0
  0
LINE
  5
615
330
1F
100
AcDbEntity
  8
Whole Simpsons House v1_Sketch6
100
AcDbLine
 10
610.2128644034394
 20
118.450925954768
 30
1.793760276923774
 11
610.2128644034394
 21
122.8151398436569
 31
1.793760276923774
210
0.0
220
6.123233995736766E-17
230
-1.0
  0
LINE
  5
616
330
1F
100
AcDbEntity
  8
Whole Simpsons House v1_Sketch6
100
AcDbLine
 10
412.2032838478838
 20
223.0093203992125
 30
1.793760276923781
 11
415.3617032923283
 21
219.9574398436569
 31
1.79376027692378
210
0.0
220
6.123233995736766E-17
230
-1.0
  0
LINE
  5
617
330
1F
100
AcDbEntity
  8
Whole Simpsons House v1_Sketch6
100
AcDbLine
 10
422.513919958995
 20
219.8837092881014
 30
1.79376027692378
 11
423.4297310701061
 21
219.663575954768
 31
1.79376027692378
210
0.0
220
6.123233995736766E-17
230
-1.0
  0
LINE
  5
618
330
1F
100
AcDbEntity
  8
Whole Simpsons House v1_Sketch6
100
AcDbLine
 10
411.4765616256616
 20
223.6083370658791
 30
1.793760276923781
 11
412.2032838478838
 21
223.0093203992125
 31
1.793760276923781
210
0.0
220
6.123233995736766E-17
230
-1.0
  0
LINE
  5
619
330
1F
100
AcDbEntity
  8
Whole Simpsons House v1_Sketch6
100
AcDbLine
 10
359.3543505145506
 20
213.9563370658791
 30
1.79376027692378
 11
359.0587227367728
 21
214.6223815103236
 31
1.79376027692378
210
0.0
220
6.123233995736766E-17
230
-1.0
  0
LINE
  5
61A
330
1F
100
AcDbEntity
  8
Whole Simpsons House v1_Sketch6
100
AcDbLine
 10
388.2680171812171
 20
14.29822595476804
 30
1.793760276923768
 11
387.6164366256617
 21
13.32314817699021
 31
1.793760276923768
210
0.0
220
6.123233995736766E-17
230
-1.0
  0
LINE
  5
61B
330
1F
100
AcDbEntity
  8
Whole Simpsons House v1_Sketch6
100
AcDbLine
 10
421.5751782923283
 20
210.9556092881013
 30
1.79376027692378
 11
411.4582171812172
 21
200.4812842881013
 31
1.793760276923779
210
0.0
220
6.123233995736766E-17
230
-1.0
  0
LINE
  5
61C
330
1F
100
AcDbEntity
  8
Whole Simpsons House v1_Sketch6
100
AcDbLine
 10
362.4573838478839
 20
221.514600954768
 30
1.793760276923781
 11
363.1131977367727
 21
221.6451287325458
 31
1.793760276923781
210
0.0
220
6.123233995736766E-17
230
-1.0
  0
LINE
  5
61D
330
1F
100
AcDbEntity
  8
Whole Simpsons House v1_Sketch6
100
AcDbLine
 10
370.9476866256616
 20
9.22845651032353
 30
1.793760276923767
 11
372.2762477367727
 21
8.06323151032351
 31
1.793760276923767
210
0.0
220
6.123233995736766E-17
230
-1.0
  0
LINE
  5
61E
330
1F
100
AcDbEntity
  8
Whole Simpsons House v1_Sketch6
100
AcDbLine
 10
406.0808255145506
 20
224.3671620658791
 30
1.793760276923781
 11
406.9924032923283
 21
224.6028176214347
 31
1.793760276923781
210
0.0
220
6.123233995736766E-17
230
-1.0
  0
LINE
  5
61F
330
1F
100
AcDbEntity
  8
Whole Simpsons House v1_Sketch6
100
AcDbLine
 10
390.0551894034394
 20
9.22845651032353
 30
1.793760276923767
 11
391.2204144034394
 21
10.55737039921234
 31
1.793760276923767
210
0.0
220
6.123233995736766E-17
230
-1.0
  0
LINE
  5
620
330
1F
100
AcDbEntity
  8
Whole Simpsons House v1_Sketch6
100
AcDbLine
 10
426.9222310701061
 20
216.6808398436569
 30
1.79376027692378
 11
427.282769958995
 21
215.8108898436569
 31
1.79376027692378
210
0.0
220
6.123233995736766E-17
230
-1.0
  0
LINE
  5
621
330
1F
100
AcDbEntity
  8
Whole Simpsons House v1_Sketch6
100
AcDbLine
 10
360.6688005145505
 20
220.6326565103236
 30
1.79376027692378
 11
361.2251310701061
 21
221.0041315103236
 31
1.79376027692378
210
0.0
220
6.123233995736766E-17
230
-1.0
  0
LINE
  5
622
330
1F
100
AcDbEntity
  8
Whole Simpsons House v1_Sketch6
100
AcDbLine
 10
380.5016144034394
 20
5.271348176990209
 30
1.793760276923767
 11
382.2647977367727
 21
5.386706510323497
 31
1.793760276923767
210
0.0
220
6.123233995736766E-17
230
-1.0
  0
LINE
  5
623
330
1F
100
AcDbEntity
  8
Whole Simpsons House v1_Sketch6
100
AcDbLine
 10
405.2172255145505
 20
223.9914537325458
 30
1.793760276923781
 11
406.0808255145506
 21
224.3671620658791
 31
1.793760276923781
210
0.0
220
6.123233995736766E-17
230
-1.0
  0
LINE
  5
624
330
1F
100
AcDbEntity
  8
Whole Simpsons House v1_Sketch6
100
AcDbLine
 10
392.202194958995
 20
12.02668984365682
 30
1.793760276923768
 11
392.9843032923283
 21
13.61207317699023
 31
1.793760276923768
210
0.0
220
6.123233995736766E-17
230
-1.0
  0
LINE
  5
625
330
1F
100
AcDbEntity
  8
Whole Simpsons House v1_Sketch6
100
AcDbLine
 10
358.8438810701061
 20
215.2556176214347
 30
1.79376027692378
 11
358.7133532923283
 21
215.9110787325458
 31
1.79376027692378
210
0.0
220
6.123233995736766E-17
230
-1.0
  0
LINE
  5
626
330
1F
100
AcDbEntity
  8
Whole Simpsons House v1_Sketch6
100
AcDbLine
 10
389.4759282923283
 20
51.27674539921239
 30
1.79376027692377
 11
389.4759282923283
 21
18.88080928810131
 31
1.793760276923768
210
0.0
220
6.123233995736766E-17
230
-1.0
  0
LINE
  5
627
330
1F
100
AcDbEntity
  8
Whole Simpsons House v1_Sketch6
100
AcDbLine
 10
393.8969394034394
 20
17.01884817699015
 30
1.793760276923768
 11
394.0091227367728
 21
18.73193706587911
 31
1.793760276923768
210
0.0
220
6.123233995736766E-17
230
-1.0
  0
LINE
  5
628
330
1F
100
AcDbEntity
  8
Whole Simpsons House v1_Sketch6
100
AcDbLine
 10
372.2762477367727
 20
8.06323151032351
 30
1.793760276923767
 11
373.745919958995
 21
7.081450954768004
 31
1.793760276923767
210
0.0
220
6.123233995736766E-17
230
-1.0
  0
LINE
  5
629
330
1F
100
AcDbEntity
  8
Whole Simpsons House v1_Sketch6
100
AcDbLine
 10
382.8225394034394
 20
10.11992595476791
 30
1.793760276923767
 11
381.6717782923283
 21
9.890973176990226
 31
1.793760276923767
210
0.0
220
6.123233995736766E-17
230
-1.0
  0
LINE
  5
62A
330
1F
100
AcDbEntity
  8
Whole Simpsons House v1_Sketch6
100
AcDbLine
 10
377.0045282923284
 20
5.731723176990222
 30
1.793760276923767
 11
378.7377255145506
 21
5.386706510323497
 31
1.793760276923767
210
0.0
220
6.123233995736766E-17
230
-1.0
  0
LINE
  5
62B
330
1F
100
AcDbEntity
  8
Whole Simpsons House v1_Sketch6
100
AcDbLine
 10
425.1026032923284
 20
218.8112648436569
 30
1.79376027692378
 11
425.8187421812172
 21
218.199900954768
 31
1.79376027692378
210
0.0
220
6.123233995736766E-17
230
-1.0
  0
LINE
  5
62C
330
1F
100
AcDbEntity
  8
Whole Simpsons House v1_Sketch6
100
AcDbLine
 10
387.6164366256617
 20
13.32314817699021
 30
1.793760276923768
 11
386.842794958995
 21
12.44085095476802
 31
1.793760276923768
210
0.0
220
6.123233995736766E-17
230
-1.0
  0
LINE
  5
62D
330
1F
100
AcDbEntity
  8
Whole Simpsons House v1_Sketch6
100
AcDbLine
 10
375.4551282923283
 20
210.9556092881013
 30
1.79376027692378
 11
375.4551282923283
 21
213.9563370658791
 31
1.79376027692378
210
0.0
220
6.123233995736766E-17
230
-1.0
  0
LINE
  5
62E
330
1F
100
AcDbEntity
  8
Whole Simpsons House v1_Sketch6
100
AcDbLine
 10
358.7133532923283
 20
217.2452842881014
 30
1.79376027692378
 11
358.8438810701061
 21
217.9007453992125
 31
1.79376027692378
210
0.0
220
6.123233995736766E-17
230
-1.0
  0
LINE
  5
62F
330
1F
100
AcDbEntity
  8
Whole Simpsons House v1_Sketch6
100
AcDbLine
 10
388.7869532923283
 20
15.35056206587915
 30
1.793760276923768
 11
388.2680171812171
 21
14.29822595476804
 31
1.793760276923768
210
0.0
220
6.123233995736766E-17
230
-1.0
  0
LINE
  5
630
330
1F
100
AcDbEntity
  8
Whole Simpsons House v1_Sketch6
100
AcDbLine
 10
393.5522755145505
 20
15.28529817699023
 30
1.793760276923768
 11
393.8969394034394
 21
17.01884817699015
 31
1.793760276923768
210
0.0
220
6.123233995736766E-17
230
-1.0
  0
LINE
  5
631
330
1F
100
AcDbEntity
  8
Whole Simpsons House v1_Sketch6
100
AcDbLine
 10
389.4759282923283
 20
18.88080928810132
 30
1.793760276923768
 11
389.3926727367727
 21
17.61186762143463
 31
1.793760276923768
210
0.0
220
6.123233995736766E-17
230
-1.0
  0
LINE
  5
632
330
1F
100
AcDbEntity
  8
Whole Simpsons House v1_Sketch6
100
AcDbLine
 10
384.985419958995
 20
11.01562873254583
 30
1.793760276923768
 11
383.9334366256617
 21
10.49704539921234
 31
1.793760276923767
210
0.0
220
6.123233995736766E-17
230
-1.0
  0
LINE
  5
633
330
1F
100
AcDbEntity
  8
Whole Simpsons House v1_Sketch6
100
AcDbLine
 10
363.7803005145506
 20
221.6888731769902
 30
1.793760276923781
 11
381.3264088478839
 21
221.4172342881014
 31
1.793760276923781
210
0.0
220
6.123233995736766E-17
230
-1.0
  0
LINE
  5
634
330
1F
100
AcDbEntity
  8
Whole Simpsons House v1_Sketch6
100
AcDbLine
 10
359.7258255145506
 20
219.6893287325458
 30
1.79376027692378
 11
360.166444958995
 21
220.1916842881014
 31
1.79376027692378
210
0.0
220
6.123233995736766E-17
230
-1.0
  0
LINE
  5
635
330
1F
100
AcDbEntity
  8
Whole Simpsons House v1_Sketch6
100
AcDbLine
 10
373.745919958995
 20
7.081450954768004
 30
1.793760276923767
 11
375.3305977367727
 21
6.299695399212406
 31
1.793760276923767
210
0.0
220
6.123233995736766E-17
230
-1.0
  0
LINE
  5
636
330
1F
100
AcDbEntity
  8
Whole Simpsons House v1_Sketch6
100
AcDbLine
 10
385.6719255145505
 20
6.299695399212406
 30
1.793760276923767
 11
387.2569560701061
 21
7.081450954768004
 31
1.793760276923767
210
0.0
220
6.123233995736766E-17
230
-1.0
  0
LINE
  5
637
330
1F
100
AcDbEntity
  8
Whole Simpsons House v1_Sketch6
100
AcDbLine
 10
392.9843032923283
 20
13.61207317699023
 30
1.793760276923768
 11
393.5522755145505
 21
15.28529817699023
 31
1.793760276923768
210
0.0
220
6.123233995736766E-17
230
-1.0
  0
LINE
  5
638
330
1F
100
AcDbEntity
  8
Whole Simpsons House v1_Sketch6
100
AcDbLine
 10
369.7821088478839
 20
10.55737039921234
 30
1.793760276923767
 11
370.9476866256616
 21
9.22845651032353
 31
1.793760276923767
210
0.0
220
6.123233995736766E-17
230
-1.0
  0
LINE
  5
639
330
1F
100
AcDbEntity
  8
Whole Simpsons House v1_Sketch6
100
AcDbLine
 10
358.8438810701061
 20
217.9007453992125
 30
1.79376027692378
 11
359.0587227367728
 21
218.5339815103236
 31
1.79376027692378
210
0.0
220
6.123233995736766E-17
230
-1.0
  0
LINE
  5
63A
330
1F
100
AcDbEntity
  8
Whole Simpsons House v1_Sketch6
100
AcDbLine
 10
358.7133532923283
 20
215.9110787325458
 30
1.79376027692378
 11
358.6696088478839
 21
216.5781815103236
 31
1.79376027692378
210
0.0
220
6.123233995736766E-17
230
-1.0
  0
LINE
  5
63B
330
1F
100
AcDbEntity
  8
Whole Simpsons House v1_Sketch6
100
AcDbLine
 10
378.7377255145506
 20
5.386706510323497
 30
1.793760276923767
 11
380.5016144034394
 21
5.271348176990209
 31
1.793760276923767
210
0.0
220
6.123233995736766E-17
230
-1.0
  0
LINE
  5
63C
330
1F
100
AcDbEntity
  8
Whole Simpsons House v1_Sketch6
100
AcDbLine
 10
389.3926727367727
 20
17.61186762143463
 30
1.793760276923768
 11
389.1637199589949
 21
16.46145928810131
 31
1.793760276923768
210
0.0
220
6.123233995736766E-17
230
-1.0
  0
LINE
  5
63D
330
1F
100
AcDbEntity
  8
Whole Simpsons House v1_Sketch6
100
AcDbLine
 10
385.9608505145505
 20
11.66756206587913
 30
1.793760276923768
 11
384.985419958995
 21
11.01562873254583
 31
1.793760276923768
210
0.0
220
6.123233995736766E-17
230
-1.0
  0
LINE
  5
63E
330
1F
100
AcDbEntity
  8
Whole Simpsons House v1_Sketch6
100
AcDbLine
 10
427.5021977367727
 20
214.8950787325458
 30
1.79376027692378
 11
427.5762810701061
 21
213.9563370658791
 31
1.79376027692378
210
0.0
220
6.123233995736766E-17
230
-1.0
  0
LINE
  5
63F
330
1F
100
AcDbEntity
  8
Whole Simpsons House v1_Sketch6
100
AcDbLine
 10
388.7262755145505
 20
8.06323151032351
 30
1.793760276923767
 11
390.0551894034394
 21
9.22845651032353
 31
1.793760276923767
210
0.0
220
6.123233995736766E-17
230
-1.0
  0
LINE
  5
640
330
1F
100
AcDbEntity
  8
Whole Simpsons House v1_Sketch6
100
AcDbLine
 10
360.166444958995
 20
220.1916842881014
 30
1.79376027692378
 11
360.6688005145505
 21
220.6326565103236
 31
1.79376027692378
210
0.0
220
6.123233995736766E-17
230
-1.0
  0
LINE
  5
641
330
1F
100
AcDbEntity
  8
Whole Simpsons House v1_Sketch6
100
AcDbLine
 10
423.4297310701061
 20
219.663575954768
 30
1.79376027692378
 11
424.2996810701061
 21
219.3033898436569
 31
1.79376027692378
210
0.0
220
6.123233995736766E-17
230
-1.0
  0
LINE
  5
642
330
1F
100
AcDbEntity
  8
Whole Simpsons House v1_Sketch6
100
AcDbLine
 10
424.2996810701061
 20
219.3033898436569
 30
1.79376027692378
 11
425.1026032923284
 21
218.8112648436569
 31
1.79376027692378
210
0.0
220
6.123233995736766E-17
230
-1.0
  0
LINE
  5
643
330
1F
100
AcDbEntity
  8
Whole Simpsons House v1_Sketch6
100
AcDbLine
 10
427.282769958995
 20
215.8108898436569
 30
1.79376027692378
 11
427.5021977367727
 21
214.8950787325458
 31
1.79376027692378
210
0.0
220
6.123233995736766E-17
230
-1.0
  0
LINE
  5
644
330
1F
100
AcDbEntity
  8
Whole Simpsons House v1_Sketch6
100
AcDbLine
 10
408.8698866256616
 20
224.6931287325458
 30
1.793760276923781
 11
409.7892255145505
 21
224.4313676214347
 31
1.793760276923781
210
0.0
220
6.123233995736766E-17
230
-1.0
  0
LINE
  5
645
330
1F
100
AcDbEntity
  8
Whole Simpsons House v1_Sketch6
100
AcDbLine
 10
394.0091227367728
 20
18.73193706587911
 30
1.793760276923768
 11
394.0091227367728
 21
51.27674539921239
 31
1.79376027692377
210
0.0
220
6.123233995736766E-17
230
-1.0
  0
LINE
  5
646
330
1F
100
AcDbEntity
  8
Whole Simpsons House v1_Sketch6
100
AcDbLine
 10
383.9334366256617
 20
10.49704539921234
 30
1.793760276923767
 11
382.8225394034394
 21
10.11992595476791
 31
1.793760276923767
210
0.0
220
6.123233995736766E-17
230
-1.0
  0
LINE
  5
647
330
1F
100
AcDbEntity
  8
Whole Simpsons House v1_Sketch6
100
AcDbLine
 10
386.842794958995
 20
12.44085095476802
 30
1.793760276923768
 11
385.9608505145505
 21
11.66756206587913
 31
1.793760276923768
210
0.0
220
6.123233995736766E-17
230
-1.0
  0
LINE
  5
648
330
1F
100
AcDbEntity
  8
Whole Simpsons House v1_Sketch6
100
AcDbLine
 10
375.3305977367727
 20
6.299695399212406
 30
1.793760276923767
 11
377.0045282923284
 21
5.731723176990222
 31
1.793760276923767
210
0.0
220
6.123233995736766E-17
230
-1.0
  0
LINE
  5
649
330
1F
100
AcDbEntity
  8
Whole Simpsons House v1_Sketch6
100
AcDbLine
 10
389.1637199589949
 20
16.46145928810131
 30
1.793760276923768
 11
388.7869532923283
 21
15.35056206587915
 31
1.793760276923768
210
0.0
220
6.123233995736766E-17
230
-1.0
  0
LINE
  5
64A
330
1F
100
AcDbEntity
  8
Whole Simpsons House v1_Sketch6
100
AcDbLine
 10
359.3543505145506
 20
219.1337037325458
 30
1.79376027692378
 11
359.7258255145506
 21
219.6893287325458
 31
1.79376027692378
210
0.0
220
6.123233995736766E-17
230
-1.0
  0
LINE
  5
64B
330
1F
100
AcDbEntity
  8
Whole Simpsons House v1_Sketch6
100
AcDbLine
 10
359.0587227367728
 20
214.6223815103236
 30
1.79376027692378
 11
358.8438810701061
 21
215.2556176214347
 31
1.79376027692378
210
0.0
220
6.123233995736766E-17
230
-1.0
  0
LINE
  5
64C
330
1F
100
AcDbEntity
  8
Whole Simpsons House v1_Sketch6
100
AcDbLine
 10
421.5751782923283
 20
213.9563370658791
 30
1.79376027692378
 11
421.5751782923283
 21
210.9556092881013
 31
1.79376027692378
210
0.0
220
6.123233995736766E-17
230
-1.0
  0
LINE
  5
64D
330
1F
100
AcDbEntity
  8
Whole Simpsons House v1_Sketch6
100
AcDbLine
 10
358.6696088478839
 20
216.5781815103236
 30
1.79376027692378
 11
358.7133532923283
 21
217.2452842881014
 31
1.79376027692378
210
0.0
220
6.123233995736766E-17
230
-1.0
  0
LINE
  5
64E
330
1F
100
AcDbEntity
  8
Whole Simpsons House v1_Sketch6
100
AcDbLine
 10
650.5403032923283
 20
108.5107065103235
 30
1.793760276923773
 11
650.4037782923283
 21
108.9608509547679
 31
1.793760276923774
210
0.0
220
6.123233995736766E-17
230
-1.0
  0
LINE
  5
64F
330
1F
100
AcDbEntity
  8
Whole Simpsons House v1_Sketch6
100
AcDbLine
 10
368.0189255145505
 20
13.61207317699023
 30
1.793760276923768
 11
368.8003282923283
 21
12.02668984365682
 31
1.793760276923768
210
0.0
220
6.123233995736766E-17
230
-1.0
  0
LINE
  5
650
330
1F
100
AcDbEntity
  8
Whole Simpsons House v1_Sketch6
100
AcDbLine
 10
650.4037782923283
 20
108.9608509547679
 30
1.793760276923774
 11
650.3575644034394
 21
109.428987065879
 31
1.793760276923774
210
0.0
220
6.123233995736766E-17
230
-1.0
  0
LINE
  5
651
330
1F
100
AcDbEntity
  8
Whole Simpsons House v1_Sketch6
100
AcDbLine
 10
651.0606505145506
 20
107.7317731769902
 30
1.793760276923773
 11
650.7622005145506
 21
108.0954870658791
 31
1.793760276923773
210
0.0
220
6.123233995736766E-17
230
-1.0
  0
LINE
  5
652
330
1F
100
AcDbEntity
  8
Whole Simpsons House v1_Sketch6
100
AcDbLine
 10
383.9983477367728
 20
5.731723176990222
 30
1.793760276923767
 11
385.6719255145505
 21
6.299695399212406
 31
1.793760276923767
210
0.0
220
6.123233995736766E-17
230
-1.0
  0
LINE
  5
653
330
1F
100
AcDbEntity
  8
Whole Simpsons House v1_Sketch6
100
AcDbLine
 10
654.4663671812173
 20
106.325600954768
 30
1.793760276923773
 11
654.1026532923283
 21
106.6240509547681
 31
1.793760276923773
210
0.0
220
6.123233995736766E-17
230
-1.0
  0
LINE
  5
654
330
1F
100
AcDbEntity
  8
Whole Simpsons House v1_Sketch6
100
AcDbLine
 10
361.2251310701061
 20
221.0041315103236
 30
1.79376027692378
 11
361.8245005145506
 21
221.2997592881014
 31
1.793760276923781
210
0.0
220
6.123233995736766E-17
230
-1.0
  0
LINE
  5
655
330
1F
100
AcDbEntity
  8
Whole Simpsons House v1_Sketch6
100
AcDbLine
 10
391.2204144034394
 20
10.55737039921234
 30
1.793760276923767
 11
392.202194958995
 21
12.02668984365682
 31
1.793760276923768
210
0.0
220
6.123233995736766E-17
230
-1.0
  0
LINE
  5
656
330
1F
100
AcDbEntity
  8
Whole Simpsons House v1_Sketch6
100
AcDbLine
 10
654.9867144034394
 20
105.5466676214346
 30
1.793760276923773
 11
654.7648171812174
 21
105.9618870658791
 31
1.793760276923773
210
0.0
220
6.123233995736766E-17
230
-1.0
  0
LINE
  5
657
330
1F
100
AcDbEntity
  8
Whole Simpsons House v1_Sketch6
100
AcDbLine
 10
387.2569560701061
 20
7.081450954768004
 30
1.793760276923767
 11
388.7262755145505
 21
8.06323151032351
 31
1.793760276923767
210
0.0
220
6.123233995736766E-17
230
-1.0
  0
LINE
  5
658
330
1F
100
AcDbEntity
  8
Whole Simpsons House v1_Sketch6
100
AcDbLine
 10
651.8395838478839
 20
107.2114259547679
 30
1.793760276923773
 11
651.4243644034393
 21
107.4333231769902
 31
1.793760276923773
210
0.0
220
6.123233995736766E-17
230
-1.0
  0
LINE
  5
659
330
1F
100
AcDbEntity
  8
Whole Simpsons House v1_Sketch6
100
AcDbLine
 10
654.1026532923283
 20
106.6240509547681
 30
1.793760276923773
 11
653.6874338478839
 21
106.8459481769902
 31
1.793760276923773
210
0.0
220
6.123233995736766E-17
230
-1.0
  0
LINE
  5
65A
330
1F
100
AcDbEntity
  8
Whole Simpsons House v1_Sketch6
100
AcDbLine
 10
361.8245005145506
 20
221.2997592881014
 30
1.793760276923781
 11
362.4573838478839
 21
221.514600954768
 31
1.793760276923781
210
0.0
220
6.123233995736766E-17
230
-1.0
  0
LINE
  5
65B
330
1F
100
AcDbEntity
  8
Whole Simpsons House v1_Sketch6
100
AcDbLine
 10
652.2897282923284
 20
107.0749009547679
 30
1.793760276923773
 11
651.8395838478839
 21
107.2114259547679
 31
1.793760276923773
210
0.0
220
6.123233995736766E-17
230
-1.0
  0
LINE
  5
65C
330
1F
100
AcDbEntity
  8
Whole Simpsons House v1_Sketch6
100
AcDbLine
 10
655.1694532923283
 20
51.52757039921241
 30
1.79376027692377
 11
655.1694532923283
 21
104.6280342881013
 31
1.793760276923773
210
0.0
220
6.123233995736766E-17
230
-1.0
  0
LINE
  5
65D
330
1F
100
AcDbEntity
  8
Whole Simpsons House v1_Sketch6
100
AcDbLine
 10
426.4301060701061
 20
217.4837620658791
 30
1.79376027692378
 11
426.9222310701061
 21
216.6808398436569
 31
1.79376027692378
210
0.0
220
6.123233995736766E-17
230
-1.0
  0
LINE
  5
65E
330
1F
100
AcDbEntity
  8
Whole Simpsons House v1_Sketch6
100
AcDbLine
 10
368.8003282923283
 20
12.02668984365682
 30
1.793760276923768
 11
369.7821088478839
 21
10.55737039921234
 31
1.793760276923767
210
0.0
220
6.123233995736766E-17
230
-1.0
  0
LINE
  5
65F
330
1F
100
AcDbEntity
  8
Whole Simpsons House v1_Sketch6
100
AcDbLine
 10
359.0587227367728
 20
218.5339815103236
 30
1.79376027692378
 11
359.3543505145506
 21
219.1337037325458
 31
1.79376027692378
210
0.0
220
6.123233995736766E-17
230
-1.0
  0
LINE
  5
660
330
1F
100
AcDbEntity
  8
Whole Simpsons House v1_Sketch6
100
AcDbLine
 10
651.4243644034393
 20
107.4333231769902
 30
1.793760276923773
 11
651.0606505145506
 21
107.7317731769902
 31
1.793760276923773
210
0.0
220
6.123233995736766E-17
230
-1.0
  0
LINE
  5
661
330
1F
100
AcDbEntity
  8
Whole Simpsons House v1_Sketch6
100
AcDbLine
 10
650.7622005145506
 20
108.0954870658791
 30
1.793760276923773
 11
650.5403032923283
 21
108.5107065103235
 31
1.793760276923773
210
0.0
220
6.123233995736766E-17
230
-1.0
  0
LINE
  5
662
330
1F
100
AcDbEntity
  8
Whole Simpsons House v1_Sketch6
100
AcDbLine
 10
655.1232394034395
 20
105.0965231769902
 30
1.793760276923773
 11
654.9867144034394
 21
105.5466676214346
 31
1.793760276923773
210
0.0
220
6.123233995736766E-17
230
-1.0
  0
LINE
  5
663
330
1F
100
AcDbEntity
  8
Whole Simpsons House v1_Sketch6
100
AcDbLine
 10
382.2647977367727
 20
5.386706510323497
 30
1.793760276923767
 11
383.9983477367728
 21
5.731723176990222
 31
1.793760276923767
210
0.0
220
6.123233995736766E-17
230
-1.0
  0
LINE
  5
664
330
1F
100
AcDbEntity
  8
Whole Simpsons House v1_Sketch6
100
AcDbLine
 10
425.8187421812172
 20
218.199900954768
 30
1.79376027692378
 11
426.4301060701061
 21
217.4837620658791
 31
1.79376027692378
210
0.0
220
6.123233995736766E-17
230
-1.0
  0
LINE
  5
665
330
1F
100
AcDbEntity
  8
Whole Simpsons House v1_Sketch6
100
AcDbLine
 10
653.6874338478839
 20
106.8459481769902
 30
1.793760276923773
 11
653.2372894034395
 21
106.9824731769902
 31
1.793760276923773
210
0.0
220
6.123233995736766E-17
230
-1.0
  0
LINE
  5
666
330
1F
100
AcDbEntity
  8
Whole Simpsons House v1_Sketch6
100
AcDbLine
 10
654.7648171812174
 20
105.9618870658791
 30
1.793760276923773
 11
654.4663671812173
 21
106.325600954768
 31
1.793760276923773
210
0.0
220
6.123233995736766E-17
230
-1.0
  0
LINE
  5
667
330
1F
100
AcDbEntity
  8
Whole Simpsons House v1_Sketch6
100
AcDbLine
 10
655.1694532923283
 20
104.6280342881013
 30
1.793760276923773
 11
655.1232394034395
 21
105.0965231769902
 31
1.793760276923773
210
0.0
220
6.123233995736766E-17
230
-1.0
  0
LINE
  5
668
330
1F
100
AcDbEntity
  8
Whole Simpsons House v1_Sketch6
100
AcDbLine
 10
385.5720894034394
 20
200.4812842881013
 30
1.793760276923779
 11
375.4551282923283
 21
210.9556092881013
 31
1.79376027692378
210
0.0
220
6.123233995736766E-17
230
-1.0
  0
LINE
  5
669
330
1F
100
AcDbEntity
  8
Whole Simpsons House v1_Sketch6
100
AcDbLine
 10
635.8823866256618
 20
87.86650373254574
 30
1.793760276923772
 11
635.8823866256618
 21
85.86625373254573
 31
1.793760276923772
210
0.0
220
6.123233995736766E-17
230
-1.0
  0
LINE
  5
66A
330
1F
100
AcDbEntity
  8
Whole Simpsons House v1_Sketch6
100
AcDbLine
 10
632.8816588478838
 20
71.94282039921241
 30
1.793760276923771
 11
632.8816588478838
 21
66.98135373254571
 31
1.793760276923771
210
0.0
220
6.123233995736766E-17
230
-1.0
  0
LINE
  5
66B
330
1F
100
AcDbEntity
  8
Whole Simpsons House v1_Sketch6
100
AcDbLine
 10
629.2727421812173
 20
181.2891148436569
 30
1.793760276923778
 11
631.4148088478838
 21
179.1879703992125
 31
1.793760276923778
210
0.0
220
6.123233995736766E-17
230
-1.0
  0
LINE
  5
66C
330
1F
100
AcDbEntity
  8
Whole Simpsons House v1_Sketch6
100
AcDbLine
 10
647.4086949589949
 20
229.7427898436569
 30
1.793760276923781
 11
646.9589032923284
 21
229.8796676214347
 31
1.793760276923781
210
0.0
220
6.123233995736766E-17
230
-1.0
  0
LINE
  5
66D
330
1F
100
AcDbEntity
  8
Whole Simpsons House v1_Sketch6
100
AcDbLine
 10
650.3575644034394
 20
136.2034092881014
 30
1.793760276923775
 11
650.3117032923283
 21
136.6718981769902
 31
1.793760276923775
210
0.0
220
6.123233995736766E-17
230
-1.0
  0
LINE
  5
66E
330
1F
100
AcDbEntity
  8
Whole Simpsons House v1_Sketch6
100
AcDbLine
 10
635.8823866256618
 20
66.98135373254571
 30
1.793760276923771
 11
635.8823866256618
 21
64.98110373254585
 31
1.793760276923771
210
0.0
220
6.123233995736766E-17
230
-1.0
  0
LINE
  5
66F
330
1F
100
AcDbEntity
  8
Whole Simpsons House v1_Sketch6
100
AcDbLine
 10
631.4148088478838
 20
177.1873676214347
 30
1.793760276923778
 11
631.4148088478838
 21
172.2262537325458
 31
1.793760276923777
210
0.0
220
6.123233995736766E-17
230
-1.0
  0
LINE
  5
670
330
1F
100
AcDbEntity
  8
Whole Simpsons House v1_Sketch6
100
AcDbLine
 10
643.3563366256617
 20
98.54579262143463
 30
1.793760276923773
 11
637.6903727367727
 21
92.76905651032352
 31
1.793760276923773
210
0.0
220
6.123233995736766E-17
230
-1.0
  0
LINE
  5
671
330
1F
100
AcDbEntity
  8
Whole Simpsons House v1_Sketch6
100
AcDbLine
 10
634.0811032923284
 20
186.1913148436569
 30
1.793760276923778
 11
629.2727421812173
 21
181.2891148436569
 31
1.793760276923778
210
0.0
220
6.123233995736766E-17
230
-1.0
  0
LINE
  5
672
330
1F
100
AcDbEntity
  8
Whole Simpsons House v1_Sketch6
100
AcDbLine
 10
648.8445005145505
 20
227.9930120658791
 30
1.793760276923781
 11
648.7079755145506
 21
228.4435092881014
 31
1.793760276923781
210
0.0
220
6.123233995736766E-17
230
-1.0
  0
LINE
  5
673
330
1F
100
AcDbEntity
  8
Whole Simpsons House v1_Sketch6
100
AcDbLine
 10
650.1748255145505
 20
137.1223953992125
 30
1.793760276923775
 11
649.9529282923284
 21
137.5372620658791
 31
1.793760276923775
210
0.0
220
6.123233995736766E-17
230
-1.0
  0
LINE
  5
674
330
1F
100
AcDbEntity
  8
Whole Simpsons House v1_Sketch6
100
AcDbLine
 10
646.3567116256617
 20
61.98037595476791
 30
1.793760276923771
 11
646.3567116256617
 21
51.52757039921241
 31
1.79376027692377
210
0.0
220
6.123233995736766E-17
230
-1.0
  0
LINE
  5
675
330
1F
100
AcDbEntity
  8
Whole Simpsons House v1_Sketch6
100
AcDbLine
 10
647.8239144034394
 20
229.5212453992125
 30
1.793760276923781
 11
647.4086949589949
 21
229.7427898436569
 31
1.793760276923781
210
0.0
220
6.123233995736766E-17
230
-1.0
  0
LINE
  5
676
330
1F
100
AcDbEntity
  8
Whole Simpsons House v1_Sketch6
100
AcDbLine
 10
649.6544782923283
 20
137.9013287325458
 30
1.793760276923775
 11
649.2907644034393
 21
138.1997787325458
 31
1.793760276923775
210
0.0
220
6.123233995736766E-17
230
-1.0
  0
LINE
  5
677
330
1F
100
AcDbEntity
  8
Whole Simpsons House v1_Sketch6
100
AcDbLine
 10
638.888758847884
 20
219.2233092881014
 30
1.79376027692378
 11
638.888758847884
 21
204.3512565103236
 31
1.793760276923779
210
0.0
220
6.123233995736766E-17
230
-1.0
  0
LINE
  5
678
330
1F
100
AcDbEntity
  8
Whole Simpsons House v1_Sketch6
100
AcDbLine
 10
631.4148088478838
 20
170.2260037325458
 30
1.793760276923777
 11
631.4148088478838
 21
165.2645370658792
 31
1.793760276923777
210
0.0
220
6.123233995736766E-17
230
-1.0
  0
LINE
  5
679
330
1F
100
AcDbEntity
  8
Whole Simpsons House v1_Sketch6
100
AcDbLine
 10
641.8894866256616
 20
222.2240370658791
 30
1.793760276923781
 11
641.8894866256616
 21
219.2233092881014
 31
1.79376027692378
210
0.0
220
6.123233995736766E-17
230
-1.0
  0
LINE
  5
67A
330
1F
100
AcDbEntity
  8
Whole Simpsons House v1_Sketch6
100
AcDbLine
 10
650.3117032923283
 20
136.6718981769902
 30
1.793760276923775
 11
650.1748255145505
 21
137.1223953992125
 31
1.793760276923775
210
0.0
220
6.123233995736766E-17
230
-1.0
  0
LINE
  5
67B
330
1F
100
AcDbEntity
  8
Whole Simpsons House v1_Sketch6
100
AcDbLine
 10
634.4151838478838
 20
172.2262537325458
 30
1.793760276923777
 11
634.4151838478838
 21
170.2260037325458
 31
1.793760276923777
210
0.0
220
6.123233995736766E-17
230
-1.0
  0
LINE
  5
67C
330
1F
100
AcDbEntity
  8
Whole Simpsons House v1_Sketch6
100
AcDbLine
 10
648.1876282923284
 20
229.2224426214347
 30
1.793760276923781
 11
647.8239144034394
 21
229.5212453992125
 31
1.793760276923781
210
0.0
220
6.123233995736766E-17
230
-1.0
  0
LINE
  5
67D
330
1F
100
AcDbEntity
  8
Whole Simpsons House v1_Sketch6
100
AcDbLine
 10
635.5483060701062
 20
94.87020095476792
 30
1.793760276923773
 11
630.7395921812172
 21
89.96764817699021
 31
1.793760276923772
210
0.0
220
6.123233995736766E-17
230
-1.0
  0
LINE
  5
67E
330
1F
100
AcDbEntity
  8
Whole Simpsons House v1_Sketch6
100
AcDbLine
 10
646.3567116256617
 20
110.0294148436568
 30
1.793760276923774
 11
646.3567116256617
 21
98.54579262143463
 31
1.793760276923773
210
0.0
220
6.123233995736766E-17
230
-1.0
  0
LINE
  5
67F
330
1F
100
AcDbEntity
  8
Whole Simpsons House v1_Sketch6
100
AcDbLine
 10
650.7018755145506
 20
156.3025703992125
 30
1.793760276923777
 11
650.7018755145506
 21
153.3018426214347
 31
1.793760276923776
210
0.0
220
6.123233995736766E-17
230
-1.0
  0
LINE
  5
680
330
1F
100
AcDbEntity
  8
Whole Simpsons House v1_Sketch6
100
AcDbLine
 10
636.2235227367728
 20
184.0905231769902
 30
1.793760276923778
 11
634.0811032923284
 21
186.1913148436569
 31
1.793760276923778
210
0.0
220
6.123233995736766E-17
230
-1.0
  0
LINE
  5
681
330
1F
100
AcDbEntity
  8
Whole Simpsons House v1_Sketch6
100
AcDbLine
 10
646.3567116256617
 20
138.605825954768
 30
1.793760276923775
 11
646.3567116256617
 21
130.9025703992125
 31
1.793760276923775
210
0.0
220
6.123233995736766E-17
230
-1.0
  0
LINE
  5
682
330
1F
100
AcDbEntity
  8
Whole Simpsons House v1_Sketch6
100
AcDbLine
 10
635.8823866256618
 20
80.90478706587903
 30
1.793760276923772
 11
635.8823866256618
 21
78.90453706587914
 31
1.793760276923772
210
0.0
220
6.123233995736766E-17
230
-1.0
  0
LINE
  5
683
330
1F
100
AcDbEntity
  8
Whole Simpsons House v1_Sketch6
100
AcDbLine
 10
631.4148088478838
 20
163.2639342881014
 30
1.793760276923777
 11
631.4148088478838
 21
158.3028203992125
 31
1.793760276923777
210
0.0
220
6.123233995736766E-17
230
-1.0
  0
LINE
  5
684
330
1F
100
AcDbEntity
  8
Whole Simpsons House v1_Sketch6
100
AcDbLine
 10
632.8816588478838
 20
85.86625373254573
 30
1.793760276923772
 11
632.8816588478838
 21
80.90478706587903
 31
1.793760276923772
210
0.0
220
6.123233995736766E-17
230
-1.0
  0
LINE
  5
685
330
1F
100
AcDbEntity
  8
Whole Simpsons House v1_Sketch6
100
AcDbLine
 10
648.8907144034395
 20
200.7504537325458
 30
1.793760276923779
 11
648.8907144034395
 21
227.524875954768
 31
1.793760276923781
210
0.0
220
6.123233995736766E-17
230
-1.0
  0
LINE
  5
686
330
1F
100
AcDbEntity
  8
Whole Simpsons House v1_Sketch6
100
AcDbLine
 10
648.8907144034395
 20
227.524875954768
 30
1.793760276923781
 11
648.8445005145505
 21
227.9930120658791
 31
1.793760276923781
210
0.0
220
6.123233995736766E-17
230
-1.0
  0
LINE
  5
687
330
1F
100
AcDbEntity
  8
Whole Simpsons House v1_Sketch6
100
AcDbLine
 10
644.8902144034394
 20
229.9272926214347
 30
1.793760276923781
 11
644.8902144034394
 21
222.2240370658791
 31
1.793760276923781
210
0.0
220
6.123233995736766E-17
230
-1.0
  0
LINE
  5
688
330
1F
100
AcDbEntity
  8
Whole Simpsons House v1_Sketch6
100
AcDbLine
 10
641.8894866256616
 20
204.3512565103236
 30
1.793760276923779
 11
641.8894866256616
 21
201.3505287325458
 31
1.793760276923779
210
0.0
220
6.123233995736766E-17
230
-1.0
  0
LINE
  5
689
330
1F
100
AcDbEntity
  8
Whole Simpsons House v1_Sketch6
100
AcDbLine
 10
648.4860782923283
 20
228.8587287325458
 30
1.793760276923781
 11
648.1876282923284
 21
229.2224426214347
 31
1.793760276923781
210
0.0
220
6.123233995736766E-17
230
-1.0
  0
LINE
  5
68A
330
1F
100
AcDbEntity
  8
Whole Simpsons House v1_Sketch6
100
AcDbLine
 10
637.6903727367727
 20
92.76905651032352
 30
1.793760276923773
 11
635.5483060701062
 21
94.87020095476792
 31
1.793760276923773
210
0.0
220
6.123233995736766E-17
230
-1.0
  0
LINE
  5
68B
330
1F
100
AcDbEntity
  8
Whole Simpsons House v1_Sketch6
100
AcDbLine
 10
643.3563366256617
 20
130.9025703992125
 30
1.793760276923775
 11
643.3563366256617
 21
127.9018426214347
 31
1.793760276923775
210
0.0
220
6.123233995736766E-17
230
-1.0
  0
LINE
  5
68C
330
1F
100
AcDbEntity
  8
Whole Simpsons House v1_Sketch6
100
AcDbLine
 10
634.4151838478838
 20
165.2645370658792
 30
1.793760276923777
 11
634.4151838478838
 21
163.2639342881014
 31
1.793760276923777
210
0.0
220
6.123233995736766E-17
230
-1.0
  0
LINE
  5
68D
330
1F
100
AcDbEntity
  8
Whole Simpsons House v1_Sketch6
100
AcDbLine
 10
648.7079755145506
 20
228.4435092881014
 30
1.793760276923781
 11
648.4860782923283
 21
228.8587287325458
 31
1.793760276923781
210
0.0
220
6.123233995736766E-17
230
-1.0
  0
LINE
  5
68E
330
1F
100
AcDbEntity
  8
Whole Simpsons House v1_Sketch6
100
AcDbLine
 10
643.3563366256617
 20
113.0297898436569
 30
1.793760276923774
 11
643.3563366256617
 21
110.0294148436568
 31
1.793760276923774
210
0.0
220
6.123233995736766E-17
230
-1.0
  0
LINE
  5
68F
330
1F
100
AcDbEntity
  8
Whole Simpsons House v1_Sketch6
100
AcDbLine
 10
634.4151838478838
 20
158.3028203992125
 30
1.793760276923777
 11
634.4151838478838
 21
156.3025703992125
 31
1.793760276923777
210
0.0
220
6.123233995736766E-17
230
-1.0
  0
LINE
  5
690
330
1F
100
AcDbEntity
  8
Whole Simpsons House v1_Sketch6
100
AcDbLine
 10
634.4151838478838
 20
179.1879703992125
 30
1.793760276923778
 11
634.4151838478838
 21
177.1873676214347
 31
1.793760276923778
210
0.0
220
6.123233995736766E-17
230
-1.0
  0
LINE
  5
691
330
1F
100
AcDbEntity
  8
Whole Simpsons House v1_Sketch6
100
AcDbLine
 10
640.3556088478839
 20
127.9018426214347
 30
1.793760276923775
 11
640.3556088478839
 21
113.0297898436569
 31
1.793760276923774
210
0.0
220
6.123233995736766E-17
230
-1.0
  0
LINE
  5
692
330
1F
100
AcDbEntity
  8
Whole Simpsons House v1_Sketch6
100
AcDbLine
 10
644.8902144034394
 20
201.3505287325458
 30
1.793760276923779
 11
644.8902144034394
 21
189.8672592881013
 31
1.793760276923779
210
0.0
220
6.123233995736766E-17
230
-1.0
  0
LINE
  5
693
330
1F
100
AcDbEntity
  8
Whole Simpsons House v1_Sketch6
100
AcDbLine
 10
649.3574394034393
 20
64.98110373254585
 30
1.793760276923771
 11
649.3574394034393
 21
61.98037595476791
 31
1.793760276923771
210
0.0
220
6.123233995736766E-17
230
-1.0
  0
LINE
  5
694
330
1F
100
AcDbEntity
  8
Whole Simpsons House v1_Sketch6
100
AcDbLine
 10
630.7395921812172
 20
89.96764817699021
 30
1.793760276923772
 11
632.8816588478838
 21
87.86650373254574
 31
1.793760276923772
210
0.0
220
6.123233995736766E-17
230
-1.0
  0
LINE
  5
695
330
1F
100
AcDbEntity
  8
Whole Simpsons House v1_Sketch6
100
AcDbLine
 10
442.9679755145505
 20
190.8176426214347
 30
1.793760276923779
 11
435.629844958995
 21
187.6271203992125
 31
1.793760276923778
210
0.0
220
6.123233995736766E-17
230
-1.0
  0
LINE
  5
696
330
1F
100
AcDbEntity
  8
Whole Simpsons House v1_Sketch6
100
AcDbLine
 10
400.279394958995
 20
172.2572981769903
 30
1.793760276923777
 11
394.4416282923283
 21
169.719414843657
 31
1.793760276923777
210
0.0
220
6.123233995736766E-17
230
-1.0
  0
LINE
  5
697
330
1F
100
AcDbEntity
  8
Whole Simpsons House v1_Sketch6
100
AcDbLine
 10
391.2451088478839
 20
58.4645926214346
 30
1.793760276923771
 11
391.2451088478839
 21
61.46496762143463
 31
1.793760276923771
210
0.0
220
6.123233995736766E-17
230
-1.0
  0
LINE
  5
698
330
1F
100
AcDbEntity
  8
Whole Simpsons House v1_Sketch6
100
AcDbLine
 10
391.4412532923283
 20
173.0679815103236
 30
1.793760276923777
 11
391.4412532923283
 21
169.719414843657
 31
1.793760276923777
210
0.0
220
6.123233995736766E-17
230
-1.0
  0
LINE
  5
699
330
1F
100
AcDbEntity
  8
Whole Simpsons House v1_Sketch6
100
AcDbLine
 10
342.6841894034394
 20
91.09124539921241
 30
1.793760276923773
 11
345.351894958995
 21
92.46531484365691
 31
1.793760276923773
210
0.0
220
6.123233995736766E-17
230
-1.0
  0
LINE
  5
69A
330
1F
100
AcDbEntity
  8
Whole Simpsons House v1_Sketch6
100
AcDbLine
 10
649.9529282923284
 20
137.5372620658791
 30
1.793760276923775
 11
649.6544782923283
 21
137.9013287325458
 31
1.793760276923775
210
0.0
220
6.123233995736766E-17
230
-1.0
  0
LINE
  5
69B
330
1F
100
AcDbEntity
  8
Whole Simpsons House v1_Sketch6
100
AcDbLine
 10
632.8816588478838
 20
78.90453706587914
 30
1.793760276923772
 11
632.8816588478838
 21
73.94307039921242
 31
1.793760276923771
210
0.0
220
6.123233995736766E-17
230
-1.0
  0
LINE
  5
69C
330
1F
100
AcDbEntity
  8
Whole Simpsons House v1_Sketch6
100
AcDbLine
 10
345.9156338478839
 20
189.5130703992124
 30
1.793760276923779
 11
345.9156338478839
 21
202.1241703992125
 31
1.793760276923779
210
0.0
220
6.123233995736766E-17
230
-1.0
  0
LINE
  5
69D
330
1F
100
AcDbEntity
  8
Whole Simpsons House v1_Sketch6
100
AcDbLine
 10
390.95
 20
224.4062397230762
 30
1.793760276923781
 11
391.8130810701061
 21
223.9914537325458
 31
1.793760276923781
210
0.0
220
6.123233995736766E-17
230
-1.0
  0
LINE
  5
69E
330
1F
100
AcDbEntity
  8
Whole Simpsons House v1_Sketch6
100
AcDbLine
 10
356.5307171812172
 20
64.20428706587914
 30
1.793760276923771
 11
359.1984227367728
 21
65.57800373254582
 31
1.793760276923771
210
0.0
220
6.123233995736766E-17
230
-1.0
  0
LINE
  5
69F
330
1F
100
AcDbEntity
  8
Whole Simpsons House v1_Sketch6
100
AcDbLine
 10
345.351894958995
 20
120.9196648436569
 30
1.793760276923774
 11
342.6841894034394
 21
122.2937342881014
 31
1.793760276923774
210
0.0
220
6.123233995736766E-17
230
-1.0
  0
LINE
  5
6A0
330
1F
100
AcDbEntity
  8
Whole Simpsons House v1_Sketch6
100
AcDbLine
 10
390.284494958995
 20
213.9563370658791
 30
1.79376027692378
 11
396.3007671812172
 21
219.768350954768
 31
1.79376027692378
210
0.0
220
6.123233995736766E-17
230
-1.0
  0
LINE
  5
6A1
330
1F
100
AcDbEntity
  8
Whole Simpsons House v1_Sketch6
100
AcDbLine
 10
394.4416282923283
 20
169.719414843657
 30
1.793760276923777
 11
394.4416282923283
 21
173.0679815103236
 31
1.793760276923777
210
0.0
220
6.123233995736766E-17
230
-1.0
  0
LINE
  5
6A2
330
1F
100
AcDbEntity
  8
Whole Simpsons House v1_Sketch6
100
AcDbLine
 10
392.6075366256616
 20
223.4855703992125
 30
1.793760276923781
 11
393.3127394034395
 21
222.8618592881014
 31
1.793760276923781
210
0.0
220
6.123233995736766E-17
230
-1.0
  0
LINE
  5
6A3
330
1F
100
AcDbEntity
  8
Whole Simpsons House v1_Sketch6
100
AcDbLine
 10
355.5351782923283
 20
72.69176762143462
 30
1.793760276923771
 11
352.8674727367728
 21
71.31769817699025
 31
1.793760276923771
210
0.0
220
6.123233995736766E-17
230
-1.0
  0
LINE
  5
6A4
330
1F
100
AcDbEntity
  8
Whole Simpsons House v1_Sketch6
100
AcDbLine
 10
429.4883366256616
 20
181.6849315103236
 30
1.793760276923778
 11
428.2920671812172
 21
184.436950954768
 31
1.793760276923778
210
0.0
220
6.123233995736766E-17
230
-1.0
  0
LINE
  5
6A5
330
1F
100
AcDbEntity
  8
Whole Simpsons House v1_Sketch6
100
AcDbLine
 10
388.1999310701061
 20
216.1146315103236
 30
1.79376027692378
 11
390.284494958995
 21
213.9563370658791
 31
1.79376027692378
210
0.0
220
6.123233995736766E-17
230
-1.0
  0
LINE
  5
6A6
330
1F
100
AcDbEntity
  8
Whole Simpsons House v1_Sketch6
100
AcDbLine
 10
567.8456644034394
 20
226.6813842881014
 30
1.793760276923781
 11
567.8456644034394
 21
223.6810092881014
 31
1.793760276923781
210
0.0
220
6.123233995736766E-17
230
-1.0
  0
LINE
  5
6A7
330
1F
100
AcDbEntity
  8
Whole Simpsons House v1_Sketch6
100
AcDbLine
 10
649.2907644034393
 20
138.1997787325458
 30
1.793760276923775
 11
648.8758977367728
 21
138.421675954768
 31
1.793760276923775
210
0.0
220
6.123233995736766E-17
230
-1.0
  0
LINE
  5
6A8
330
1F
100
AcDbEntity
  8
Whole Simpsons House v1_Sketch6
100
AcDbLine
 10
384.4068644034394
 20
169.5059842881014
 30
1.793760276923777
 11
377.0690866256616
 21
172.6961537325458
 31
1.793760276923777
210
0.0
220
6.123233995736766E-17
230
-1.0
  0
LINE
  5
6A9
330
1F
100
AcDbEntity
  8
Whole Simpsons House v1_Sketch6
100
AcDbLine
 10
360.5915421812172
 20
183.1323787325458
 30
1.793760276923778
 11
359.3952727367728
 21
180.3807120658792
 31
1.793760276923778
210
0.0
220
6.123233995736766E-17
230
-1.0
  0
LINE
  5
6AA
330
1F
100
AcDbEntity
  8
Whole Simpsons House v1_Sketch6
100
AcDbLine
 10
520.7748782923283
 20
223.6810092881014
 30
1.793760276923781
 11
520.7748782923283
 21
226.6813842881014
 31
1.793760276923781
210
0.0
220
6.123233995736766E-17
230
-1.0
  0
LINE
  5
6AB
330
1F
100
AcDbEntity
  8
Whole Simpsons House v1_Sketch6
100
AcDbLine
 10
641.8894866256616
 20
189.8672592881013
 30
1.793760276923779
 11
636.2235227367728
 21
184.0905231769902
 31
1.793760276923778
210
0.0
220
6.123233995736766E-17
230
-1.0
  0
LINE
  5
6AC
330
1F
100
AcDbEntity
  8
Whole Simpsons House v1_Sketch6
100
AcDbLine
 10
436.8264671812172
 20
184.8754537325458
 30
1.793760276923778
 11
429.4883366256616
 21
181.6849315103236
 31
1.793760276923778
210
0.0
220
6.123233995736766E-17
230
-1.0
  0
LINE
  5
6AD
330
1F
100
AcDbEntity
  8
Whole Simpsons House v1_Sketch6
100
AcDbLine
 10
385.6034866256616
 20
172.2572981769903
 30
1.793760276923777
 11
384.4068644034394
 21
169.5059842881014
 31
1.793760276923777
210
0.0
220
6.123233995736766E-17
230
-1.0
  0
LINE
  5
6AE
330
1F
100
AcDbEntity
  8
Whole Simpsons House v1_Sketch6
100
AcDbLine
 10
650.3575644034394
 20
109.428987065879
 30
1.793760276923774
 11
650.3575644034394
 21
136.2034092881014
 31
1.793760276923775
210
0.0
220
6.123233995736766E-17
230
-1.0
  0
LINE
  5
6AF
330
1F
100
AcDbEntity
  8
Whole Simpsons House v1_Sketch6
100
AcDbLine
 10
408.8137949589949
 20
172.6961537325458
 30
1.793760276923777
 11
401.4760171812172
 21
169.5059842881014
 31
1.793760276923777
210
0.0
220
6.123233995736766E-17
230
-1.0
  0
LINE
  5
6B0
330
1F
100
AcDbEntity
  8
Whole Simpsons House v1_Sketch6
100
AcDbLine
 10
400.0155171812172
 20
216.9567120658791
 30
1.79376027692378
 11
400.0155171812172
 21
219.768350954768
 31
1.79376027692378
210
0.0
220
6.123233995736766E-17
230
-1.0
  0
LINE
  5
6B1
330
1F
100
AcDbEntity
  8
Whole Simpsons House v1_Sketch6
100
AcDbLine
 10
431.8780532923283
 20
195.8997592881014
 30
1.793760276923779
 11
431.8780532923283
 21
226.4824176214347
 31
1.793760276923781
210
0.0
220
6.123233995736766E-17
230
-1.0
  0
LINE
  5
6B2
330
1F
100
AcDbEntity
  8
Whole Simpsons House v1_Sketch6
100
AcDbLine
 10
357.6843005145505
 20
144.8665731769903
 30
1.793760276923776
 11
345.351894958995
 21
120.9196648436569
 31
1.793760276923774
210
0.0
220
6.123233995736766E-17
230
-1.0
  0
LINE
  5
6B3
330
1F
100
AcDbEntity
  8
Whole Simpsons House v1_Sketch6
100
AcDbLine
 10
406.7458116256616
 20
213.9563370658791
 30
1.79376027692378
 11
408.8303755145506
 21
216.1146315103236
 31
1.79376027692378
210
0.0
220
6.123233995736766E-17
230
-1.0
  0
LINE
  5
6B4
330
1F
100
AcDbEntity
  8
Whole Simpsons House v1_Sketch6
100
AcDbLine
 10
339.0205921812172
 20
115.1799703992124
 30
1.793760276923774
 11
341.6882977367728
 21
113.8062537325458
 31
1.793760276923774
210
0.0
220
6.123233995736766E-17
230
-1.0
  0
LINE
  5
6B5
330
1F
100
AcDbEntity
  8
Whole Simpsons House v1_Sketch6
100
AcDbLine
 10
382.8659310701061
 20
61.46496762143463
 30
1.793760276923771
 11
382.8659310701061
 21
58.4645926214346
 31
1.793760276923771
210
0.0
220
6.123233995736766E-17
230
-1.0
  0
LINE
  5
6B6
330
1F
100
AcDbEntity
  8
Whole Simpsons House v1_Sketch6
100
AcDbLine
 10
401.4760171812172
 20
169.5059842881014
 30
1.793760276923777
 11
400.279394958995
 21
172.2572981769903
 31
1.793760276923777
210
0.0
220
6.123233995736766E-17
230
-1.0
  0
LINE
  5
6B7
330
1F
100
AcDbEntity
  8
Whole Simpsons House v1_Sketch6
100
AcDbLine
 10
397.0147894034394
 20
219.768350954768
 30
1.79376027692378
 11
397.0147894034394
 21
216.9567120658791
 31
1.79376027692378
210
0.0
220
6.123233995736766E-17
230
-1.0
  0
LINE
  5
6B8
330
1F
100
AcDbEntity
  8
Whole Simpsons House v1_Sketch6
100
AcDbLine
 10
345.9156338478839
 20
216.4804620658792
 30
1.79376027692378
 11
345.9156338478839
 21
226.4824176214347
 31
1.793760276923781
210
0.0
220
6.123233995736766E-17
230
-1.0
  0
LINE
  5
6B9
330
1F
100
AcDbEntity
  8
Whole Simpsons House v1_Sketch6
100
AcDbLine
 10
359.1984227367728
 20
65.57800373254582
 30
1.793760276923771
 11
362.8620199589949
 21
58.4645926214346
 31
1.793760276923771
210
0.0
220
6.123233995736766E-17
230
-1.0
  0
LINE
  5
6BA
330
1F
100
AcDbEntity
  8
Whole Simpsons House v1_Sketch6
100
AcDbLine
 10
394.2158505145505
 20
221.9262926214347
 30
1.793760276923781
 11
388.1999310701061
 21
216.1146315103236
 31
1.79376027692378
210
0.0
220
6.123233995736766E-17
230
-1.0
  0
LINE
  5
6BB
330
1F
100
AcDbEntity
  8
Whole Simpsons House v1_Sketch6
100
AcDbLine
 10
648.8758977367728
 20
138.421675954768
 30
1.793760276923775
 11
648.4254005145505
 21
138.558200954768
 31
1.793760276923775
210
0.0
220
6.123233995736766E-17
230
-1.0
  0
LINE
  5
6BC
330
1F
100
AcDbEntity
  8
Whole Simpsons House v1_Sketch6
100
AcDbLine
 10
339.0205921812172
 20
98.20500928810134
 30
1.793760276923773
 11
342.6841894034394
 21
91.09124539921241
 31
1.793760276923773
210
0.0
220
6.123233995736766E-17
230
-1.0
  0
LINE
  5
6BD
330
1F
100
AcDbEntity
  8
Whole Simpsons House v1_Sketch6
100
AcDbLine
 10
635.8823866256618
 20
73.94307039921242
 30
1.793760276923771
 11
635.8823866256618
 21
71.94282039921241
 31
1.793760276923771
210
0.0
220
6.123233995736766E-17
230
-1.0
  0
LINE
  5
6BE
330
1F
100
AcDbEntity
  8
Whole Simpsons House v1_Sketch6
100
AcDbLine
 10
353.8901755145505
 20
226.4824176214347
 30
1.793760276923781
 11
353.8901755145505
 21
195.8997592881014
 31
1.793760276923779
210
0.0
220
6.123233995736766E-17
230
-1.0
  0
LINE
  5
6BF
330
1F
100
AcDbEntity
  8
Whole Simpsons House v1_Sketch6
100
AcDbLine
 10
391.4412532923283
 20
169.719414843657
 30
1.793760276923777
 11
385.6034866256616
 21
172.2572981769903
 31
1.793760276923777
210
0.0
220
6.123233995736766E-17
230
-1.0
  0
LINE
  5
6C0
330
1F
100
AcDbEntity
  8
Whole Simpsons House v1_Sketch6
100
AcDbLine
 10
566.9545477367728
 20
129.6092870658791
 30
1.793760276923775
 11
566.9545477367728
 21
132.6100148436569
 31
1.793760276923775
210
0.0
220
6.123233995736766E-17
230
-1.0
  0
LINE
  5
6C1
330
1F
100
AcDbEntity
  8
Whole Simpsons House v1_Sketch6
100
AcDbLine
 10
587.8495755145506
 20
213.6790537325458
 30
1.79376027692378
 11
587.8495755145506
 21
223.6810092881014
 31
1.793760276923781
210
0.0
220
6.123233995736766E-17
230
-1.0
  0
LINE
  5
6C2
330
1F
100
AcDbEntity
  8
Whole Simpsons House v1_Sketch6
100
AcDbLine
 10
510.7732755145506
 20
226.6813842881014
 30
1.793760276923781
 11
510.7732755145506
 21
223.6810092881014
 31
1.793760276923781
210
0.0
220
6.123233995736766E-17
230
-1.0
  0
LINE
  5
6C3
330
1F
100
AcDbEntity
  8
Whole Simpsons House v1_Sketch6
100
AcDbLine
 10
590.8499505145505
 20
203.6770981769902
 30
1.793760276923779
 11
590.8499505145505
 21
213.6790537325458
 31
1.79376027692378
210
0.0
220
6.123233995736766E-17
230
-1.0
  0
LINE
  5
6C4
330
1F
100
AcDbEntity
  8
Whole Simpsons House v1_Sketch6
100
AcDbLine
 10
365.011494958995
 20
159.0941009547681
 30
1.793760276923777
 11
361.3478977367728
 21
151.9806898436569
 31
1.793760276923776
210
0.0
220
6.123233995736766E-17
230
-1.0
  0
LINE
  5
6C5
330
1F
100
AcDbEntity
  8
Whole Simpsons House v1_Sketch6
100
AcDbLine
 10
341.6882977367728
 20
99.57872595476803
 30
1.793760276923773
 11
339.0205921812172
 21
98.20500928810134
 31
1.793760276923773
210
0.0
220
6.123233995736766E-17
230
-1.0
  0
LINE
  5
6C6
330
1F
100
AcDbEntity
  8
Whole Simpsons House v1_Sketch6
100
AcDbLine
 10
393.3127394034395
 20
222.8618592881014
 30
1.793760276923781
 11
394.2158505145505
 21
221.9262926214347
 31
1.793760276923781
210
0.0
220
6.123233995736766E-17
230
-1.0
  0
LINE
  5
6C7
330
1F
100
AcDbEntity
  8
Whole Simpsons House v1_Sketch6
100
AcDbLine
 10
498.0157727367727
 20
223.6810092881014
 30
1.793760276923781
 11
493.1241560701061
 21
214.9568148436569
 31
1.79376027692378
210
0.0
220
6.123233995736766E-17
230
-1.0
  0
LINE
  5
6C8
330
1F
100
AcDbEntity
  8
Whole Simpsons House v1_Sketch6
100
AcDbLine
 10
352.8674727367728
 20
71.31769817699025
 30
1.793760276923771
 11
356.5307171812172
 21
64.20428706587914
 31
1.793760276923771
210
0.0
220
6.123233995736766E-17
230
-1.0
  0
LINE
  5
6C9
330
1F
100
AcDbEntity
  8
Whole Simpsons House v1_Sketch6
100
AcDbLine
 10
387.2410810701061
 20
224.4313676214347
 30
1.793760276923781
 11
388.160419958995
 21
224.635625954768
 31
1.793760276923781
210
0.0
220
6.123233995736766E-17
230
-1.0
  0
LINE
  5
6CA
330
1F
100
AcDbEntity
  8
Whole Simpsons House v1_Sketch6
100
AcDbLine
 10
372.8639755145505
 20
58.4645926214346
 30
1.793760276923771
 11
372.8639755145505
 21
61.46496762143463
 31
1.793760276923771
210
0.0
220
6.123233995736766E-17
230
-1.0
  0
LINE
  5
6CB
330
1F
100
AcDbEntity
  8
Whole Simpsons House v1_Sketch6
100
AcDbLine
 10
358.6801921812172
 20
153.3544065103236
 30
1.793760276923776
 11
355.0169477367728
 21
146.2406426214347
 31
1.793760276923776
210
0.0
220
6.123233995736766E-17
230
-1.0
  0
LINE
  5
6CC
330
1F
100
AcDbEntity
  8
Whole Simpsons House v1_Sketch6
100
AcDbLine
 10
342.6841894034394
 20
122.2937342881014
 30
1.793760276923774
 11
339.0205921812172
 21
115.1799703992124
 31
1.793760276923774
210
0.0
220
6.123233995736766E-17
230
-1.0
  0
LINE
  5
6CD
330
1F
100
AcDbEntity
  8
Whole Simpsons House v1_Sketch6
100
AcDbLine
 10
345.351894958995
 20
92.46531484365691
 30
1.793760276923773
 11
355.5351782923283
 21
72.69176762143462
 31
1.793760276923771
210
0.0
220
6.123233995736766E-17
230
-1.0
  0
LINE
  5
6CE
330
1F
100
AcDbEntity
  8
Whole Simpsons House v1_Sketch6
100
AcDbLine
 10
391.8130810701061
 20
223.9914537325458
 30
1.793760276923781
 11
392.6075366256616
 21
223.4855703992125
 31
1.793760276923781
210
0.0
220
6.123233995736766E-17
230
-1.0
  0
LINE
  5
6CF
330
1F
100
AcDbEntity
  8
Whole Simpsons House v1_Sketch6
100
AcDbLine
 10
341.6882977367728
 20
113.8062537325458
 30
1.793760276923774
 11
338.0247005145505
 21
106.6924898436568
 31
1.793760276923773
210
0.0
220
6.123233995736766E-17
230
-1.0
  0
LINE
  5
6D0
330
1F
100
AcDbEntity
  8
Whole Simpsons House v1_Sketch6
100
AcDbLine
 10
386.3647810701061
 20
224.086350954768
 30
1.793760276923781
 11
387.2410810701061
 21
224.4313676214347
 31
1.793760276923781
210
0.0
220
6.123233995736766E-17
230
-1.0
  0
LINE
  5
6D1
330
1F
100
AcDbEntity
  8
Whole Simpsons House v1_Sketch6
100
AcDbLine
 10
587.8495755145506
 20
169.4858759547681
 30
1.793760276923777
 11
587.8495755145506
 21
203.6770981769902
 31
1.793760276923779
210
0.0
220
6.123233995736766E-17
230
-1.0
  0
LINE
  5
6D2
330
1F
100
AcDbEntity
  8
Whole Simpsons House v1_Sketch6
100
AcDbLine
 10
384.8270227367728
 20
223.0093203992125
 30
1.793760276923781
 11
385.553744958995
 21
223.6083370658791
 31
1.793760276923781
210
0.0
220
6.123233995736766E-17
230
-1.0
  0
LINE
  5
6D3
330
1F
100
AcDbEntity
  8
Whole Simpsons House v1_Sketch6
100
AcDbLine
 10
353.2534116256617
 20
186.322900954768
 30
1.793760276923778
 11
345.9156338478839
 21
189.5130703992124
 31
1.793760276923779
210
0.0
220
6.123233995736766E-17
230
-1.0
  0
LINE
  5
6D4
330
1F
100
AcDbEntity
  8
Whole Simpsons House v1_Sketch6
100
AcDbLine
 10
338.0247005145505
 20
106.6924898436568
 30
1.793760276923773
 11
341.6882977367728
 21
99.57872595476803
 31
1.793760276923773
210
0.0
220
6.123233995736766E-17
230
-1.0
  0
LINE
  5
6D5
330
1F
100
AcDbEntity
  8
Whole Simpsons House v1_Sketch6
100
AcDbLine
 10
435.629844958995
 20
187.6271203992125
 30
1.793760276923778
 11
436.8264671812172
 21
184.8754537325458
 31
1.793760276923778
210
0.0
220
6.123233995736766E-17
230
-1.0
  0
LINE
  5
6D6
330
1F
100
AcDbEntity
  8
Whole Simpsons House v1_Sketch6
100
AcDbLine
 10
385.553744958995
 20
223.6083370658791
 30
1.793760276923781
 11
386.3647810701061
 21
224.086350954768
 31
1.793760276923781
210
0.0
220
6.123233995736766E-17
230
-1.0
  0
LINE
  5
6D7
330
1F
100
AcDbEntity
  8
Whole Simpsons House v1_Sketch6
100
AcDbLine
 10
428.2920671812172
 20
184.436950954768
 30
1.793760276923778
 11
407.6175255145506
 21
175.4481731769903
 31
1.793760276923778
210
0.0
220
6.123233995736766E-17
230
-1.0
  0
LINE
  5
6D8
330
1F
100
AcDbEntity
  8
Whole Simpsons House v1_Sketch6
100
AcDbLine
 10
587.8495755145506
 20
132.6100148436569
 30
1.793760276923775
 11
587.8495755145506
 21
153.5593703992125
 31
1.793760276923776
210
0.0
220
6.123233995736766E-17
230
-1.0
  0
LINE
  5
6D9
330
1F
100
AcDbEntity
  8
Whole Simpsons House v1_Sketch6
100
AcDbLine
 10
342.9152588478839
 20
202.1241703992125
 30
1.793760276923779
 11
342.9152588478839
 21
216.4804620658792
 31
1.79376027692378
210
0.0
220
6.123233995736766E-17
230
-1.0
  0
LINE
  5
6DA
330
1F
100
AcDbEntity
  8
Whole Simpsons House v1_Sketch6
100
AcDbLine
 10
355.0169477367728
 20
146.2406426214347
 30
1.793760276923776
 11
357.6843005145505
 21
144.8665731769903
 31
1.793760276923776
210
0.0
220
6.123233995736766E-17
230
-1.0
  0
LINE
  5
6DB
330
1F
100
AcDbEntity
  8
Whole Simpsons House v1_Sketch6
100
AcDbLine
 10
445.9683505145505
 20
216.4804620658792
 30
1.79376027692378
 11
445.9683505145505
 21
202.1241703992125
 31
1.793760276923779
210
0.0
220
6.123233995736766E-17
230
-1.0
  0
LINE
  5
6DC
330
1F
100
AcDbEntity
  8
Whole Simpsons House v1_Sketch6
100
AcDbLine
 10
442.9679755145505
 20
226.4824176214347
 30
1.793760276923781
 11
442.9679755145505
 21
216.4804620658792
 31
1.79376027692378
210
0.0
220
6.123233995736766E-17
230
-1.0
  0
LINE
  5
6DD
330
1F
100
AcDbEntity
  8
Whole Simpsons House v1_Sketch6
100
AcDbLine
 10
442.9679755145505
 20
202.1241703992125
 30
1.793760276923779
 11
442.9679755145505
 21
190.8176426214347
 31
1.793760276923779
210
0.0
220
6.123233995736766E-17
230
-1.0
  0
LINE
  5
6DE
330
1F
100
AcDbEntity
  8
Whole Simpsons House v1_Sketch6
100
AcDbLine
 10
566.9545477367728
 20
153.5593703992125
 30
1.793760276923776
 11
566.9545477367728
 21
156.5600981769903
 31
1.793760276923777
210
0.0
220
6.123233995736766E-17
230
-1.0
  0
LINE
  5
6DF
330
1F
100
AcDbEntity
  8
Whole Simpsons House v1_Sketch6
100
AcDbLine
 10
577.847619958995
 20
223.6810092881014
 30
1.793760276923781
 11
577.847619958995
 21
226.6813842881014
 31
1.793760276923781
210
0.0
220
6.123233995736766E-17
230
-1.0
  0
LINE
  5
6E0
330
1F
100
AcDbEntity
  8
Whole Simpsons House v1_Sketch6
100
AcDbLine
 10
359.3952727367728
 20
180.3807120658792
 30
1.793760276923778
 11
352.0571421812172
 21
183.5708815103236
 31
1.793760276923778
210
0.0
220
6.123233995736766E-17
230
-1.0
  0
LINE
  5
6E1
330
1F
100
AcDbEntity
  8
Whole Simpsons House v1_Sketch6
100
AcDbLine
 10
590.8499505145505
 20
159.4835676214347
 30
1.793760276923777
 11
590.8499505145505
 21
169.4858759547681
 31
1.793760276923777
210
0.0
220
6.123233995736766E-17
230
-1.0
  0
LINE
  5
6E2
330
1F
100
AcDbEntity
  8
Whole Simpsons House v1_Sketch6
100
AcDbLine
 10
407.6175255145506
 20
175.4481731769903
 30
1.793760276923778
 11
408.8137949589949
 21
172.6961537325458
 31
1.793760276923777
210
0.0
220
6.123233995736766E-17
230
-1.0
  0
LINE
  5
6E3
330
1F
100
AcDbEntity
  8
Whole Simpsons House v1_Sketch6
100
AcDbLine
 10
378.2653560701061
 20
175.4481731769903
 30
1.793760276923778
 11
360.5915421812172
 21
183.1323787325458
 31
1.793760276923778
210
0.0
220
6.123233995736766E-17
230
-1.0
  0
LINE
  5
6E4
330
1F
100
AcDbEntity
  8
Whole Simpsons House v1_Sketch6
100
AcDbLine
 10
400.7295394034394
 20
219.768350954768
 30
1.79376027692378
 11
406.7458116256616
 21
213.9563370658791
 31
1.79376027692378
210
0.0
220
6.123233995736766E-17
230
-1.0
  0
LINE
  5
6E5
330
1F
100
AcDbEntity
  8
Whole Simpsons House v1_Sketch6
100
AcDbLine
 10
587.8495755145506
 20
125.2923453992125
 30
1.793760276923775
 11
587.8495755145506
 21
129.6092870658791
 31
1.793760276923775
210
0.0
220
6.123233995736766E-17
230
-1.0
  0
LINE
  5
6E6
330
1F
100
AcDbEntity
  8
Whole Simpsons House v1_Sketch6
100
AcDbLine
 10
352.0571421812172
 20
183.5708815103236
 30
1.793760276923778
 11
353.2534116256617
 21
186.322900954768
 31
1.793760276923778
210
0.0
220
6.123233995736766E-17
230
-1.0
  0
LINE
  5
6E7
330
1F
100
AcDbEntity
  8
Whole Simpsons House v1_Sketch6
100
AcDbLine
 10
361.3478977367728
 20
151.9806898436569
 30
1.793760276923776
 11
358.6801921812172
 21
153.3544065103236
 31
1.793760276923776
210
0.0
220
6.123233995736766E-17
230
-1.0
  0
LINE
  5
6E8
330
1F
100
AcDbEntity
  8
Whole Simpsons House v1_Sketch6
100
AcDbLine
 10
401.2470644034394
 20
61.46496762143463
 30
1.793760276923771
 11
401.2470644034394
 21
4.373881510323502
 31
1.793760276923767
210
0.0
220
6.123233995736766E-17
230
-1.0
  0
LINE
  5
6E9
330
1F
100
AcDbEntity
  8
Whole Simpsons House v1_Sketch6
100
AcDbLine
 10
500.3328171812173
 20
74.73611484365684
 30
1.793760276923771
 11
500.3328171812173
 21
71.7357398436568
 31
1.793760276923771
210
0.0
220
6.123233995736766E-17
230
-1.0
  0
LINE
  5
6EA
330
1F
100
AcDbEntity
  8
Whole Simpsons House v1_Sketch6
100
AcDbLine
 10
600.8056921812171
 20
74.73611484365684
 30
1.793760276923771
 11
600.8056921812171
 21
71.7357398436568
 31
1.793760276923771
210
0.0
220
6.123233995736766E-17
230
-1.0
  0
LINE
  5
6EB
330
1F
100
AcDbEntity
  8
Whole Simpsons House v1_Sketch6
100
AcDbLine
 10
653.7026032923284
 20
195.949500954768
 30
1.793760276923779
 11
653.6563894034396
 21
196.4176370658791
 31
1.793760276923779
210
0.0
220
6.123233995736766E-17
230
-1.0
  0
LINE
  5
6EC
330
1F
100
AcDbEntity
  8
Whole Simpsons House v1_Sketch6
100
AcDbLine
 10
587.8495755145506
 20
156.5600981769903
 30
1.793760276923777
 11
587.8495755145506
 21
159.4835676214347
 31
1.793760276923777
210
0.0
220
6.123233995736766E-17
230
-1.0
  0
LINE
  5
6ED
330
1F
100
AcDbEntity
  8
Whole Simpsons House v1_Sketch6
100
AcDbLine
 10
510.3347727367727
 20
71.7357398436568
 30
1.793760276923771
 11
510.3347727367727
 21
74.73611484365684
 31
1.793760276923771
210
0.0
220
6.123233995736766E-17
230
-1.0
  0
LINE
  5
6EE
330
1F
100
AcDbEntity
  8
Whole Simpsons House v1_Sketch6
100
AcDbLine
 10
653.7026032923284
 20
142.8490370658792
 30
1.793760276923776
 11
653.7026032923284
 21
195.949500954768
 31
1.793760276923779
210
0.0
220
6.123233995736766E-17
230
-1.0
  0
LINE
  5
6EF
330
1F
100
AcDbEntity
  8
Whole Simpsons House v1_Sketch6
100
AcDbLine
 10
557.2288171812172
 20
71.7357398436568
 30
1.793760276923771
 11
557.2288171812172
 21
74.73611484365684
 31
1.793760276923771
210
0.0
220
6.123233995736766E-17
230
-1.0
  0
LINE
  5
6F0
330
1F
100
AcDbEntity
  8
Whole Simpsons House v1_Sketch6
100
AcDbLine
 10
510.3347727367727
 20
82.78720928810132
 30
1.793760276923772
 11
510.3347727367727
 21
85.78758428810133
 31
1.793760276923772
210
0.0
220
6.123233995736766E-17
230
-1.0
  0
LINE
  5
6F1
330
1F
100
AcDbEntity
  8
Whole Simpsons House v1_Sketch6
100
AcDbLine
 10
652.999517181217
 20
197.6470676214347
 30
1.793760276923779
 11
652.6358032923283
 21
197.9451648436569
 31
1.793760276923779
210
0.0
220
6.123233995736766E-17
230
-1.0
  0
LINE
  5
6F2
330
1F
100
AcDbEntity
  8
Whole Simpsons House v1_Sketch6
100
AcDbLine
 10
600.8056921812171
 20
98.68619817699023
 30
1.793760276923773
 11
600.8056921812171
 21
95.68582317699021
 31
1.793760276923773
210
0.0
220
6.123233995736766E-17
230
-1.0
  0
LINE
  5
6F3
330
1F
100
AcDbEntity
  8
Whole Simpsons House v1_Sketch6
100
AcDbLine
 10
653.6563894034396
 20
196.4176370658791
 30
1.793760276923779
 11
653.5198644034394
 21
196.8681342881013
 31
1.793760276923779
210
0.0
220
6.123233995736766E-17
230
-1.0
  0
LINE
  5
6F4
330
1F
100
AcDbEntity
  8
Whole Simpsons House v1_Sketch6
100
AcDbLine
 10
649.5938005145506
 20
199.0532398436569
 30
1.793760276923779
 11
649.2953505145507
 21
199.416600954768
 31
1.793760276923779
210
0.0
220
6.123233995736766E-17
230
-1.0
  0
LINE
  5
6F5
330
1F
100
AcDbEntity
  8
Whole Simpsons House v1_Sketch6
100
AcDbLine
 10
347.0277491519822
 20
148.4925030810102
 30
1.793760276923776
 11
347.0277491519822
 21
153.0408669698991
 31
1.793760276923776
210
0.0
220
6.123233995736766E-17
230
-1.0
  0
LINE
  5
6F6
330
1F
100
AcDbEntity
  8
Whole Simpsons House v1_Sketch6
100
AcDbLine
 10
644.8902144034394
 20
153.3018426214347
 30
1.793760276923776
 11
644.8902144034394
 21
142.8490370658792
 31
1.793760276923776
210
0.0
220
6.123233995736766E-17
230
-1.0
  0
LINE
  5
6F7
330
1F
100
AcDbEntity
  8
Whole Simpsons House v1_Sketch6
100
AcDbLine
 10
650.3727338478838
 20
198.5325398436569
 30
1.793760276923779
 11
649.9575144034394
 21
198.7544370658791
 31
1.793760276923779
210
0.0
220
6.123233995736766E-17
230
-1.0
  0
LINE
  5
6F8
330
1F
100
AcDbEntity
  8
Whole Simpsons House v1_Sketch6
100
AcDbLine
 10
579.0199005145506
 20
98.68619817699023
 30
1.793760276923773
 11
579.0199005145506
 21
95.68582317699021
 31
1.793760276923773
210
0.0
220
6.123233995736766E-17
230
-1.0
  0
LINE
  5
6F9
330
1F
100
AcDbEntity
  8
Whole Simpsons House v1_Sketch6
100
AcDbLine
 10
650.8228782923285
 20
198.3960148436569
 30
1.793760276923779
 11
650.3727338478838
 21
198.5325398436569
 31
1.793760276923779
210
0.0
220
6.123233995736766E-17
230
-1.0
  0
LINE
  5
6FA
330
1F
100
AcDbEntity
  8
Whole Simpsons House v1_Sketch6
100
AcDbLine
 10
610.8080005145506
 20
95.68582317699021
 30
1.793760276923773
 11
610.8080005145506
 21
98.68619817699023
 31
1.793760276923773
210
0.0
220
6.123233995736766E-17
230
-1.0
  0
LINE
  5
6FB
330
1F
100
AcDbEntity
  8
Whole Simpsons House v1_Sketch6
100
AcDbLine
 10
390.0379032923283
 20
224.6609813868535
 30
1.793760276923781
 11
390.95
 21
224.4062397230762
 31
1.793760276923781
210
0.0
220
6.123233995736766E-17
230
-1.0
  0
LINE
  5
6FC
330
1F
100
AcDbEntity
  8
Whole Simpsons House v1_Sketch6
100
AcDbLine
 10
589.0218560701062
 20
95.68582317699021
 30
1.793760276923773
 11
589.0218560701062
 21
98.68619817699023
 31
1.793760276923773
210
0.0
220
6.123233995736766E-17
230
-1.0
  0
LINE
  5
6FD
330
1F
100
AcDbEntity
  8
Whole Simpsons House v1_Sketch6
100
AcDbLine
 10
339.8540130408711
 20
153.0408669698991
 30
1.793760276923776
 11
339.8540130408711
 21
148.4925030810102
 31
1.793760276923776
210
0.0
220
6.123233995736766E-17
230
-1.0
  0
LINE
  5
6FE
330
1F
100
AcDbEntity
  8
Whole Simpsons House v1_Sketch6
100
AcDbLine
 10
377.0690866256616
 20
172.6961537325458
 30
1.793760276923777
 11
378.2653560701061
 21
175.4481731769903
 31
1.793760276923778
210
0.0
220
6.123233995736766E-17
230
-1.0
  0
LINE
  5
6FF
330
1F
100
AcDbEntity
  8
Whole Simpsons House v1_Sketch6
100
AcDbLine
 10
648.9369282923283
 20
200.2823176214347
 30
1.793760276923779
 11
648.8907144034395
 21
200.7504537325458
 31
1.793760276923779
210
0.0
220
6.123233995736766E-17
230
-1.0
  0
LINE
  5
700
330
1F
100
AcDbEntity
  8
Whole Simpsons House v1_Sketch6
100
AcDbLine
 10
347.0277491519822
 20
137.9430364143435
 30
1.793760276923775
 11
347.0277491519822
 21
142.4914003032325
 31
1.793760276923776
210
0.0
220
6.123233995736766E-17
230
-1.0
  0
LINE
  5
701
330
1F
100
AcDbEntity
  8
Whole Simpsons House v1_Sketch6
100
AcDbLine
 10
490.3312144034394
 20
71.7357398436568
 30
1.793760276923771
 11
490.3312144034394
 21
74.73611484365684
 31
1.793760276923771
210
0.0
220
6.123233995736766E-17
230
-1.0
  0
LINE
  5
702
330
1F
100
AcDbEntity
  8
Whole Simpsons House v1_Sketch6
100
AcDbLine
 10
572.4176644034394
 20
87.45728151032354
 30
1.793760276923772
 11
576.1733366256616
 21
92.13828984365682
 31
1.793760276923773
210
0.0
220
6.123233995736766E-17
230
-1.0
  0
LINE
  5
703
330
1F
100
AcDbEntity
  8
Whole Simpsons House v1_Sketch6
100
AcDbLine
 10
649.0734532923284
 20
199.8318203992124
 30
1.793760276923779
 11
648.9369282923283
 21
200.2823176214347
 31
1.793760276923779
210
0.0
220
6.123233995736766E-17
230
-1.0
  0
LINE
  5
704
330
1F
100
AcDbEntity
  8
Whole Simpsons House v1_Sketch6
100
AcDbLine
 10
576.1733366256616
 20
92.13828984365682
 30
1.793760276923773
 11
573.8330088478839
 21
94.01577317699022
 31
1.793760276923773
210
0.0
220
6.123233995736766E-17
230
-1.0
  0
LINE
  5
705
330
1F
100
AcDbEntity
  8
Whole Simpsons House v1_Sketch6
100
AcDbLine
 10
652.220583847884
 20
198.1674148436569
 30
1.793760276923779
 11
651.7700866256617
 21
198.3039398436569
 31
1.793760276923779
210
0.0
220
6.123233995736766E-17
230
-1.0
  0
LINE
  5
706
330
1F
100
AcDbEntity
  8
Whole Simpsons House v1_Sketch6
100
AcDbLine
 10
649.2953505145507
 20
199.416600954768
 30
1.793760276923779
 11
649.0734532923284
 21
199.8318203992124
 31
1.793760276923779
210
0.0
220
6.123233995736766E-17
230
-1.0
  0
LINE
  5
707
330
1F
100
AcDbEntity
  8
Whole Simpsons House v1_Sketch6
100
AcDbLine
 10
573.8330088478839
 20
94.01577317699022
 30
1.793760276923773
 11
577.5805671812172
 21
98.68619817699023
 31
1.793760276923773
210
0.0
220
6.123233995736766E-17
230
-1.0
  0
LINE
  5
708
330
1F
100
AcDbEntity
  8
Whole Simpsons House v1_Sketch6
100
AcDbLine
 10
649.9575144034394
 20
198.7544370658791
 30
1.793760276923779
 11
649.5938005145506
 21
199.0532398436569
 31
1.793760276923779
210
0.0
220
6.123233995736766E-17
230
-1.0
  0
LINE
  5
709
330
1F
100
AcDbEntity
  8
Whole Simpsons House v1_Sketch6
100
AcDbLine
 10
339.8540130408711
 20
142.4914003032325
 30
1.793760276923776
 11
339.8540130408711
 21
137.9430364143435
 31
1.793760276923775
210
0.0
220
6.123233995736766E-17
230
-1.0
  0
LINE
  5
70A
330
1F
100
AcDbEntity
  8
Whole Simpsons House v1_Sketch6
100
AcDbLine
 10
336.8532852630933
 20
148.4925030810102
 30
1.793760276923776
 11
336.8532852630933
 21
142.4914003032325
 31
1.793760276923776
210
0.0
220
6.123233995736766E-17
230
-1.0
  0
LINE
  5
70B
330
1F
100
AcDbEntity
  8
Whole Simpsons House v1_Sketch6
100
AcDbLine
 10
350.0281241519822
 20
142.4914003032325
 30
1.793760276923776
 11
350.0281241519822
 21
148.4925030810102
 31
1.793760276923776
210
0.0
220
6.123233995736766E-17
230
-1.0
  0
LINE
  5
70C
330
1F
100
AcDbEntity
  8
Whole Simpsons House v1_Sketch6
100
AcDbLine
 10
652.6358032923283
 20
197.9451648436569
 30
1.793760276923779
 11
652.220583847884
 21
198.1674148436569
 31
1.793760276923779
210
0.0
220
6.123233995736766E-17
230
-1.0
  0
LINE
  5
70D
330
1F
100
AcDbEntity
  8
Whole Simpsons House v1_Sketch6
100
AcDbLine
 10
653.2979671812171
 20
197.283000954768
 30
1.793760276923779
 11
652.999517181217
 21
197.6470676214347
 31
1.793760276923779
210
0.0
220
6.123233995736766E-17
230
-1.0
  0
LINE
  5
70E
330
1F
100
AcDbEntity
  8
Whole Simpsons House v1_Sketch6
100
AcDbLine
 10
383.1784921812172
 20
221.4172342881014
 30
1.793760276923781
 11
384.8270227367728
 21
223.0093203992125
 31
1.793760276923781
210
0.0
220
6.123233995736766E-17
230
-1.0
  0
LINE
  5
70F
330
1F
100
AcDbEntity
  8
Whole Simpsons House v1_Sketch6
100
AcDbLine
 10
653.5198644034394
 20
196.8681342881013
 30
1.793760276923779
 11
653.2979671812171
 21
197.283000954768
 31
1.793760276923779
210
0.0
220
6.123233995736766E-17
230
-1.0
  0
LINE
  5
710
330
1F
100
AcDbEntity
  8
Whole Simpsons House v1_Sketch6
100
AcDbLine
 10
466.6330144034394
 20
106.0677203992124
 30
1.793760276923773
 11
466.6330144034394
 21
11.01562873254583
 31
1.793760276923768
210
0.0
220
6.123233995736766E-17
230
-1.0
  0
LINE
  5
711
330
1F
100
AcDbEntity
  8
Whole Simpsons House v1_Sketch6
100
AcDbLine
 10
404.3285782923283
 20
8.995975954768005
 30
1.793760276923767
 11
404.1454866256616
 21
9.204820399212332
 31
1.793760276923767
210
0.0
220
6.123233995736766E-17
230
-1.0
  0
LINE
  5
712
330
1F
100
AcDbEntity
  8
Whole Simpsons House v1_Sketch6
100
AcDbLine
 10
404.1454866256616
 20
9.204820399212332
 30
1.793760276923767
 11
403.9913227367728
 21
9.43553706587913
 31
1.793760276923767
210
0.0
220
6.123233995736766E-17
230
-1.0
  0
LINE
  5
713
330
1F
100
AcDbEntity
  8
Whole Simpsons House v1_Sketch6
100
AcDbLine
 10
407.8782282923283
 20
9.947417621434614
 30
1.793760276923767
 11
407.7889755145505
 21
9.684598176990217
 31
1.793760276923767
210
0.0
220
6.123233995736766E-17
230
-1.0
  0
LINE
  5
714
330
1F
100
AcDbEntity
  8
Whole Simpsons House v1_Sketch6
100
AcDbLine
 10
407.9505477367728
 20
10.49633984365681
 30
1.793760276923767
 11
407.9325560701062
 21
10.21940928810131
 31
1.793760276923767
210
0.0
220
6.123233995736766E-17
230
-1.0
  0
LINE
  5
715
330
1F
100
AcDbEntity
  8
Whole Simpsons House v1_Sketch6
100
AcDbLine
 10
407.3289532923283
 20
8.995975954768005
 30
1.793760276923767
 11
407.1204616256616
 21
8.813237065879138
 31
1.793760276923767
210
0.0
220
6.123233995736766E-17
230
-1.0
  0
LINE
  5
716
330
1F
100
AcDbEntity
  8
Whole Simpsons House v1_Sketch6
100
AcDbLine
 10
500.3328171812173
 20
85.78758428810133
 30
1.793760276923772
 11
500.3328171812173
 21
82.78720928810132
 31
1.793760276923772
210
0.0
220
6.123233995736766E-17
230
-1.0
  0
LINE
  5
717
330
1F
100
AcDbEntity
  8
Whole Simpsons House v1_Sketch6
100
AcDbLine
 10
456.4391477367727
 20
106.0677203992124
 30
1.793760276923773
 11
456.4391477367727
 21
11.01562873254583
 31
1.793760276923768
210
0.0
220
6.123233995736766E-17
230
-1.0
  0
LINE
  5
718
330
1F
100
AcDbEntity
  8
Whole Simpsons House v1_Sketch6
100
AcDbLine
 10
547.2272144034393
 20
85.78758428810133
 30
1.793760276923772
 11
547.2272144034393
 21
82.78720928810132
 31
1.793760276923772
210
0.0
220
6.123233995736766E-17
230
-1.0
  0
LINE
  5
719
330
1F
100
AcDbEntity
  8
Whole Simpsons House v1_Sketch6
100
AcDbLine
 10
407.1204616256616
 20
8.813237065879138
 30
1.793760276923767
 11
406.889744958995
 21
8.659073176990217
 31
1.793760276923767
210
0.0
220
6.123233995736766E-17
230
-1.0
  0
LINE
  5
71A
330
1F
100
AcDbEntity
  8
Whole Simpsons House v1_Sketch6
100
AcDbLine
 10
461.5360810701061
 20
106.0677203992124
 30
1.793760276923773
 11
461.5360810701061
 21
11.01562873254583
 31
1.793760276923768
210
0.0
220
6.123233995736766E-17
230
-1.0
  0
LINE
  5
71B
330
1F
100
AcDbEntity
  8
Whole Simpsons House v1_Sketch6
100
AcDbLine
 10
570.0773366256616
 20
89.33511762143462
 30
1.793760276923772
 11
572.4176644034394
 21
87.45728151032354
 31
1.793760276923772
210
0.0
220
6.123233995736766E-17
230
-1.0
  0
LINE
  5
71C
330
1F
100
AcDbEntity
  8
Whole Simpsons House v1_Sketch6
100
AcDbLine
 10
379.330744958995
 20
9.814420399212349
 30
1.793760276923767
 11
378.1803366256617
 21
10.11992595476791
 31
1.793760276923767
210
0.0
220
6.123233995736766E-17
230
-1.0
  0
LINE
  5
71D
330
1F
100
AcDbEntity
  8
Whole Simpsons House v1_Sketch6
100
AcDbLine
 10
557.2288171812172
 20
82.78720928810132
 30
1.793760276923772
 11
557.2288171812172
 21
85.78758428810133
 31
1.793760276923772
210
0.0
220
6.123233995736766E-17
230
-1.0
  0
LINE
  5
71E
330
1F
100
AcDbEntity
  8
Whole Simpsons House v1_Sketch6
100
AcDbLine
 10
471.7303005145505
 20
106.0677203992124
 30
1.793760276923773
 11
471.7303005145505
 21
11.01562873254583
 31
1.793760276923768
210
0.0
220
6.123233995736766E-17
230
-1.0
  0
LINE
  5
71F
330
1F
100
AcDbEntity
  8
Whole Simpsons House v1_Sketch6
100
AcDbLine
 10
405.0168477367728
 20
8.5363065103235
 30
1.793760276923767
 11
404.7677866256616
 21
8.659073176990217
 31
1.793760276923767
210
0.0
220
6.123233995736766E-17
230
-1.0
  0
LINE
  5
720
330
1F
100
AcDbEntity
  8
Whole Simpsons House v1_Sketch6
100
AcDbLine
 10
406.889744958995
 20
8.659073176990217
 30
1.793760276923767
 11
406.6406838478838
 21
8.5363065103235
 31
1.793760276923767
210
0.0
220
6.123233995736766E-17
230
-1.0
  0
LINE
  5
721
330
1F
100
AcDbEntity
  8
Whole Simpsons House v1_Sketch6
100
AcDbLine
 10
407.6662088478839
 20
11.55714262143462
 30
1.793760276923768
 11
407.7889755145505
 21
11.3084342881013
 31
1.793760276923768
210
0.0
220
6.123233995736766E-17
230
-1.0
  0
LINE
  5
722
330
1F
100
AcDbEntity
  8
Whole Simpsons House v1_Sketch6
100
AcDbLine
 10
407.9325560701062
 20
10.21940928810131
 30
1.793760276923767
 11
407.8782282923283
 21
9.947417621434614
 31
1.793760276923767
210
0.0
220
6.123233995736766E-17
230
-1.0
  0
LINE
  5
723
330
1F
100
AcDbEntity
  8
Whole Simpsons House v1_Sketch6
100
AcDbLine
 10
618.3486255145506
 20
166.196575954768
 30
1.793760276923777
 11
618.3486255145506
 21
161.2354620658792
 31
1.793760276923777
210
0.0
220
6.123233995736766E-17
230
-1.0
  0
LINE
  5
724
330
1F
100
AcDbEntity
  8
Whole Simpsons House v1_Sketch6
100
AcDbLine
 10
407.9325560701062
 20
10.77362317699024
 30
1.793760276923767
 11
407.9505477367728
 21
10.49633984365681
 31
1.793760276923767
210
0.0
220
6.123233995736766E-17
230
-1.0
  0
LINE
  5
725
330
1F
100
AcDbEntity
  8
Whole Simpsons House v1_Sketch6
100
AcDbLine
 10
569.3559060701061
 20
49.68889262143475
 30
1.79376027692377
 11
569.3559060701061
 21
41.68718706587912
 31
1.793760276923769
210
0.0
220
6.123233995736766E-17
230
-1.0
  0
LINE
  5
726
330
1F
100
AcDbEntity
  8
Whole Simpsons House v1_Sketch6
100
AcDbLine
 10
547.2272144034393
 20
74.73611484365684
 30
1.793760276923771
 11
547.2272144034393
 21
71.7357398436568
 31
1.793760276923771
210
0.0
220
6.123233995736766E-17
230
-1.0
  0
LINE
  5
727
330
1F
100
AcDbEntity
  8
Whole Simpsons House v1_Sketch6
100
AcDbLine
 10
567.2311255145506
 20
85.78758428810133
 30
1.793760276923772
 11
570.0773366256616
 21
89.33511762143462
 31
1.793760276923772
210
0.0
220
6.123233995736766E-17
230
-1.0
  0
LINE
  5
728
330
1F
100
AcDbEntity
  8
Whole Simpsons House v1_Sketch6
100
AcDbLine
 10
451.3418616256616
 20
106.0677203992124
 30
1.793760276923773
 11
451.3418616256616
 21
11.01562873254583
 31
1.793760276923768
210
0.0
220
6.123233995736766E-17
230
-1.0
  0
LINE
  5
729
330
1F
100
AcDbEntity
  8
Whole Simpsons House v1_Sketch6
100
AcDbLine
 10
599.3236727367728
 20
221.4084148436569
 30
1.793760276923781
 11
599.3236727367728
 21
226.3698815103236
 31
1.793760276923781
210
0.0
220
6.123233995736766E-17
230
-1.0
  0
LINE
  5
72A
330
1F
100
AcDbEntity
  8
Whole Simpsons House v1_Sketch6
100
AcDbLine
 10
618.6615394034394
 20
212.4464481769902
 30
1.79376027692378
 11
618.6615394034394
 21
207.4849815103236
 31
1.79376027692378
210
0.0
220
6.123233995736766E-17
230
-1.0
  0
LINE
  5
72B
330
1F
100
AcDbEntity
  8
Whole Simpsons House v1_Sketch6
100
AcDbLine
 10
407.8782282923283
 20
11.04561484365693
 30
1.793760276923768
 11
407.9325560701062
 21
10.77362317699024
 31
1.793760276923767
210
0.0
220
6.123233995736766E-17
230
-1.0
  0
LINE
  5
72C
330
1F
100
AcDbEntity
  8
Whole Simpsons House v1_Sketch6
100
AcDbLine
 10
407.512044958995
 20
9.204820399212332
 30
1.793760276923767
 11
407.3289532923283
 21
8.995975954768005
 31
1.793760276923767
210
0.0
220
6.123233995736766E-17
230
-1.0
  0
LINE
  5
72D
330
1F
100
AcDbEntity
  8
Whole Simpsons House v1_Sketch6
100
AcDbLine
 10
599.0104060701062
 20
161.2354620658792
 30
1.793760276923777
 11
599.0104060701062
 21
166.196575954768
 31
1.793760276923777
210
0.0
220
6.123233995736766E-17
230
-1.0
  0
LINE
  5
72E
330
1F
100
AcDbEntity
  8
Whole Simpsons House v1_Sketch6
100
AcDbLine
 10
487.3304866256616
 20
74.73611484365684
 30
1.793760276923771
 11
487.3304866256616
 21
82.78720928810132
 31
1.793760276923772
210
0.0
220
6.123233995736766E-17
230
-1.0
  0
LINE
  5
72F
330
1F
100
AcDbEntity
  8
Whole Simpsons House v1_Sketch6
100
AcDbLine
 10
497.0720921812172
 20
153.5593703992125
 30
1.793760276923776
 11
497.0720921812172
 21
156.5600981769903
 31
1.793760276923777
210
0.0
220
6.123233995736766E-17
230
-1.0
  0
LINE
  5
730
330
1F
100
AcDbEntity
  8
Whole Simpsons House v1_Sketch6
100
AcDbLine
 10
404.537069958995
 20
8.813237065879138
 30
1.793760276923767
 11
404.3285782923283
 21
8.995975954768005
 31
1.793760276923767
210
0.0
220
6.123233995736766E-17
230
-1.0
  0
LINE
  5
731
330
1F
100
AcDbEntity
  8
Whole Simpsons House v1_Sketch6
100
AcDbLine
 10
618.3486255145506
 20
152.2731426214347
 30
1.793760276923776
 11
618.3486255145506
 21
147.3120287325458
 31
1.793760276923776
210
0.0
220
6.123233995736766E-17
230
-1.0
  0
LINE
  5
732
330
1F
100
AcDbEntity
  8
Whole Simpsons House v1_Sketch6
100
AcDbLine
 10
490.3312144034394
 20
82.78720928810132
 30
1.793760276923772
 11
490.3312144034394
 21
85.78758428810133
 31
1.793760276923772
210
0.0
220
6.123233995736766E-17
230
-1.0
  0
LINE
  5
733
330
1F
100
AcDbEntity
  8
Whole Simpsons House v1_Sketch6
100
AcDbLine
 10
407.6662088478839
 20
9.43553706587913
 30
1.793760276923767
 11
407.512044958995
 21
9.204820399212332
 31
1.793760276923767
210
0.0
220
6.123233995736766E-17
230
-1.0
  0
LINE
  5
734
330
1F
100
AcDbEntity
  8
Whole Simpsons House v1_Sketch6
100
AcDbLine
 10
407.7889755145505
 20
11.3084342881013
 30
1.793760276923768
 11
407.8782282923283
 21
11.04561484365693
 31
1.793760276923768
210
0.0
220
6.123233995736766E-17
230
-1.0
  0
LINE
  5
735
330
1F
100
AcDbEntity
  8
Whole Simpsons House v1_Sketch6
100
AcDbLine
 10
599.3236727367728
 20
214.4466981769903
 30
1.79376027692378
 11
599.3236727367728
 21
219.4081648436569
 31
1.79376027692378
210
0.0
220
6.123233995736766E-17
230
-1.0
  0
LINE
  5
736
330
1F
100
AcDbEntity
  8
Whole Simpsons House v1_Sketch6
100
AcDbLine
 10
407.7889755145505
 20
9.684598176990217
 30
1.793760276923767
 11
407.6662088478839
 21
9.43553706587913
 31
1.793760276923767
210
0.0
220
6.123233995736766E-17
230
-1.0
  0
LINE
  5
737
330
1F
100
AcDbEntity
  8
Whole Simpsons House v1_Sketch6
100
AcDbLine
 10
618.6615394034394
 20
219.4081648436569
 30
1.79376027692378
 11
618.6615394034394
 21
214.4466981769903
 31
1.79376027692378
210
0.0
220
6.123233995736766E-17
230
-1.0
  0
LINE
  5
738
330
1F
100
AcDbEntity
  8
Whole Simpsons House v1_Sketch6
100
AcDbLine
 10
618.6615394034394
 20
226.3698815103236
 30
1.793760276923781
 11
618.6615394034394
 21
221.4084148436569
 31
1.793760276923781
210
0.0
220
6.123233995736766E-17
230
-1.0
  0
LINE
  5
739
330
1F
100
AcDbEntity
  8
Whole Simpsons House v1_Sketch6
100
AcDbLine
 10
476.8275866256616
 20
106.0677203992124
 30
1.793760276923773
 11
476.8275866256616
 21
11.01562873254583
 31
1.793760276923768
210
0.0
220
6.123233995736766E-17
230
-1.0
  0
LINE
  5
73A
330
1F
100
AcDbEntity
  8
Whole Simpsons House v1_Sketch6
100
AcDbLine
 10
404.7677866256616
 20
8.659073176990217
 30
1.793760276923767
 11
404.537069958995
 21
8.813237065879138
 31
1.793760276923767
210
0.0
220
6.123233995736766E-17
230
-1.0
  0
LINE
  5
73B
330
1F
100
AcDbEntity
  8
Whole Simpsons House v1_Sketch6
100
AcDbLine
 10
403.7073366256616
 20
10.49633984365681
 30
1.793760276923767
 11
403.7253282923283
 21
10.77362317699024
 31
1.793760276923767
210
0.0
220
6.123233995736766E-17
230
-1.0
  0
LINE
  5
73C
330
1F
100
AcDbEntity
  8
Whole Simpsons House v1_Sketch6
100
AcDbLine
 10
553.782883847884
 20
175.2700203992125
 30
1.793760276923778
 11
553.782883847884
 21
204.9710870658791
 31
1.793760276923779
210
0.0
220
6.123233995736766E-17
230
-1.0
  0
LINE
  5
73D
330
1F
100
AcDbEntity
  8
Whole Simpsons House v1_Sketch6
100
AcDbLine
 10
499.0825727367727
 20
13.63465095476801
 30
1.793760276923768
 11
499.0825727367727
 21
21.6363565103235
 31
1.793760276923768
210
0.0
220
6.123233995736766E-17
230
-1.0
  0
LINE
  5
73E
330
1F
100
AcDbEntity
  8
Whole Simpsons House v1_Sketch6
100
AcDbLine
 10
517.0760032923283
 20
156.5600981769903
 30
1.793760276923777
 11
517.0760032923283
 21
153.5593703992125
 31
1.793760276923776
210
0.0
220
6.123233995736766E-17
230
-1.0
  0
LINE
  5
73F
330
1F
100
AcDbEntity
  8
Whole Simpsons House v1_Sketch6
100
AcDbLine
 10
404.3285782923283
 20
11.99670373254572
 30
1.793760276923768
 11
404.537069958995
 21
12.17979539921241
 31
1.793760276923768
210
0.0
220
6.123233995736766E-17
230
-1.0
  0
LINE
  5
740
330
1F
100
AcDbEntity
  8
Whole Simpsons House v1_Sketch6
100
AcDbLine
 10
559.3144394034393
 20
204.9710870658791
 30
1.793760276923779
 11
559.3144394034393
 21
207.9718148436569
 31
1.79376027692378
210
0.0
220
6.123233995736766E-17
230
-1.0
  0
LINE
  5
741
330
1F
100
AcDbEntity
  8
Whole Simpsons House v1_Sketch6
100
AcDbLine
 10
403.8685560701061
 20
9.684598176990217
 30
1.793760276923767
 11
403.7793032923283
 21
9.947417621434614
 31
1.793760276923767
210
0.0
220
6.123233995736766E-17
230
-1.0
  0
LINE
  5
742
330
1F
100
AcDbEntity
  8
Whole Simpsons House v1_Sketch6
100
AcDbLine
 10
514.6534782923284
 20
175.2936565103236
 30
1.793760276923778
 11
514.6534782923284
 21
188.596200954768
 31
1.793760276923779
210
0.0
220
6.123233995736766E-17
230
-1.0
  0
LINE
  5
743
330
1F
100
AcDbEntity
  8
Whole Simpsons House v1_Sketch6
100
AcDbLine
 10
404.537069958995
 20
12.17979539921241
 30
1.793760276923768
 11
404.7677866256616
 21
12.33395928810133
 31
1.793760276923768
210
0.0
220
6.123233995736766E-17
230
-1.0
  0
LINE
  5
744
330
1F
100
AcDbEntity
  8
Whole Simpsons House v1_Sketch6
100
AcDbLine
 10
530.7175671812172
 20
188.596200954768
 30
1.793760276923779
 11
530.7175671812172
 21
175.2936565103236
 31
1.793760276923778
210
0.0
220
6.123233995736766E-17
230
-1.0
  0
LINE
  5
745
330
1F
100
AcDbEntity
  8
Whole Simpsons House v1_Sketch6
100
AcDbLine
 10
472.7992171812172
 20
226.6157676214347
 30
1.793760276923781
 11
472.7992171812172
 21
196.9619731769903
 31
1.793760276923779
210
0.0
220
6.123233995736766E-17
230
-1.0
  0
LINE
  5
746
330
1F
100
AcDbEntity
  8
Whole Simpsons House v1_Sketch6
100
AcDbLine
 10
543.2129560701061
 20
136.1575481769903
 30
1.793760276923775
 11
540.8726282923283
 21
134.2797120658792
 31
1.793760276923775
210
0.0
220
6.123233995736766E-17
230
-1.0
  0
LINE
  5
747
330
1F
100
AcDbEntity
  8
Whole Simpsons House v1_Sketch6
100
AcDbLine
 10
540.8726282923283
 20
134.2797120658792
 30
1.793760276923775
 11
537.1169560701061
 21
138.9603676214347
 31
1.793760276923775
210
0.0
220
6.123233995736766E-17
230
-1.0
  0
LINE
  5
748
330
1F
100
AcDbEntity
  8
Whole Simpsons House v1_Sketch6
100
AcDbLine
 10
404.7677866256616
 20
12.33395928810133
 30
1.793760276923768
 11
405.0168477367728
 21
12.45672595476802
 31
1.793760276923768
210
0.0
220
6.123233995736766E-17
230
-1.0
  0
LINE
  5
749
330
1F
100
AcDbEntity
  8
Whole Simpsons House v1_Sketch6
100
AcDbLine
 10
599.0104060701062
 20
147.3120287325458
 30
1.793760276923776
 11
599.0104060701062
 21
152.2731426214347
 31
1.793760276923776
210
0.0
220
6.123233995736766E-17
230
-1.0
  0
LINE
  5
74A
330
1F
100
AcDbEntity
  8
Whole Simpsons House v1_Sketch6
100
AcDbLine
 10
618.3486255145506
 20
159.2352120658792
 30
1.793760276923777
 11
618.3486255145506
 21
154.2737453992125
 31
1.793760276923776
210
0.0
220
6.123233995736766E-17
230
-1.0
  0
LINE
  5
74B
330
1F
100
AcDbEntity
  8
Whole Simpsons House v1_Sketch6
100
AcDbLine
 10
599.3236727367728
 20
207.4849815103236
 30
1.79376027692378
 11
599.3236727367728
 21
212.4464481769902
 31
1.79376027692378
210
0.0
220
6.123233995736766E-17
230
-1.0
  0
LINE
  5
74C
330
1F
100
AcDbEntity
  8
Whole Simpsons House v1_Sketch6
100
AcDbLine
 10
499.0825727367727
 20
40.90860651032349
 30
1.793760276923769
 11
499.0825727367727
 21
48.90995928810129
 31
1.79376027692377
210
0.0
220
6.123233995736766E-17
230
-1.0
  0
LINE
  5
74D
330
1F
100
AcDbEntity
  8
Whole Simpsons House v1_Sketch6
100
AcDbLine
 10
572.3566338478839
 20
11.14157039921232
 30
1.793760276923768
 11
572.3566338478839
 21
19.14327595476803
 31
1.793760276923768
210
0.0
220
6.123233995736766E-17
230
-1.0
  0
LINE
  5
74E
330
1F
100
AcDbEntity
  8
Whole Simpsons House v1_Sketch6
100
AcDbLine
 10
403.7793032923283
 20
9.947417621434614
 30
1.793760276923767
 11
403.7253282923283
 21
10.21940928810131
 31
1.793760276923767
210
0.0
220
6.123233995736766E-17
230
-1.0
  0
LINE
  5
74F
330
1F
100
AcDbEntity
  8
Whole Simpsons House v1_Sketch6
100
AcDbLine
 10
533.7182949589951
 20
191.5969287325458
 30
1.793760276923779
 11
533.7182949589951
 21
188.596200954768
 31
1.793760276923779
210
0.0
220
6.123233995736766E-17
230
-1.0
  0
LINE
  5
750
330
1F
100
AcDbEntity
  8
Whole Simpsons House v1_Sketch6
100
AcDbLine
 10
562.3151671812172
 20
175.2700203992125
 30
1.793760276923778
 11
562.3151671812172
 21
172.2692926214347
 31
1.793760276923777
210
0.0
220
6.123233995736766E-17
230
-1.0
  0
LINE
  5
751
330
1F
100
AcDbEntity
  8
Whole Simpsons House v1_Sketch6
100
AcDbLine
 10
403.7793032923283
 20
11.04561484365693
 30
1.793760276923768
 11
403.8685560701061
 21
11.3084342881013
 31
1.793760276923768
210
0.0
220
6.123233995736766E-17
230
-1.0
  0
LINE
  5
752
330
1F
100
AcDbEntity
  8
Whole Simpsons House v1_Sketch6
100
AcDbLine
 10
559.3144394034393
 20
172.2692926214347
 30
1.793760276923777
 11
559.3144394034393
 21
175.2700203992125
 31
1.793760276923778
210
0.0
220
6.123233995736766E-17
230
-1.0
  0
LINE
  5
753
330
1F
100
AcDbEntity
  8
Whole Simpsons House v1_Sketch6
100
AcDbLine
 10
572.3566338478839
 20
41.68718706587912
 30
1.793760276923769
 11
572.3566338478839
 21
49.68889262143475
 31
1.79376027692377
210
0.0
220
6.123233995736766E-17
230
-1.0
  0
LINE
  5
754
330
1F
100
AcDbEntity
  8
Whole Simpsons House v1_Sketch6
100
AcDbLine
 10
599.0104060701062
 20
154.2737453992125
 30
1.793760276923776
 11
599.0104060701062
 21
159.2352120658792
 31
1.793760276923777
210
0.0
220
6.123233995736766E-17
230
-1.0
  0
LINE
  5
755
330
1F
100
AcDbEntity
  8
Whole Simpsons House v1_Sketch6
100
AcDbLine
 10
537.1169560701061
 20
138.9603676214347
 30
1.793760276923775
 11
539.4572838478839
 21
140.8382037325458
 31
1.793760276923775
210
0.0
220
6.123233995736766E-17
230
-1.0
  0
LINE
  5
756
330
1F
100
AcDbEntity
  8
Whole Simpsons House v1_Sketch6
100
AcDbLine
 10
567.8467227367728
 20
204.9710870658791
 30
1.793760276923779
 11
567.8467227367728
 21
175.2700203992125
 31
1.793760276923778
210
0.0
220
6.123233995736766E-17
230
-1.0
  0
LINE
  5
757
330
1F
100
AcDbEntity
  8
Whole Simpsons House v1_Sketch6
100
AcDbLine
 10
539.4572838478839
 20
140.8382037325458
 30
1.793760276923775
 11
543.2129560701061
 21
136.1575481769903
 31
1.793760276923775
210
0.0
220
6.123233995736766E-17
230
-1.0
  0
LINE
  5
758
330
1F
100
AcDbEntity
  8
Whole Simpsons House v1_Sketch6
100
AcDbLine
 10
569.3559060701061
 20
19.14327595476803
 30
1.793760276923768
 11
569.3559060701061
 21
11.14157039921232
 31
1.793760276923768
210
0.0
220
6.123233995736766E-17
230
-1.0
  0
LINE
  5
759
330
1F
100
AcDbEntity
  8
Whole Simpsons House v1_Sketch6
100
AcDbLine
 10
502.0829477367729
 20
48.90995928810129
 30
1.79376027692377
 11
502.0829477367729
 21
40.90860651032349
 31
1.793760276923769
210
0.0
220
6.123233995736766E-17
230
-1.0
  0
LINE
  5
75A
330
1F
100
AcDbEntity
  8
Whole Simpsons House v1_Sketch6
100
AcDbLine
 10
530.7175671812172
 20
204.947450954768
 30
1.793760276923779
 11
530.7175671812172
 21
191.5969287325458
 31
1.793760276923779
210
0.0
220
6.123233995736766E-17
230
-1.0
  0
LINE
  5
75B
330
1F
100
AcDbEntity
  8
Whole Simpsons House v1_Sketch6
100
AcDbLine
 10
514.6534782923284
 20
191.5969287325458
 30
1.793760276923779
 11
514.6534782923284
 21
204.947450954768
 31
1.793760276923779
210
0.0
220
6.123233995736766E-17
230
-1.0
  0
LINE
  5
75C
330
1F
100
AcDbEntity
  8
Whole Simpsons House v1_Sketch6
100
AcDbLine
 10
502.0829477367729
 20
21.6363565103235
 30
1.793760276923768
 11
502.0829477367729
 21
13.63465095476801
 31
1.793760276923768
210
0.0
220
6.123233995736766E-17
230
-1.0
  0
LINE
  5
75D
330
1F
100
AcDbEntity
  8
Whole Simpsons House v1_Sketch6
100
AcDbLine
 10
403.8685560701061
 20
11.3084342881013
 30
1.793760276923768
 11
403.9913227367728
 21
11.55714262143462
 31
1.793760276923768
210
0.0
220
6.123233995736766E-17
230
-1.0
  0
LINE
  5
75E
330
1F
100
AcDbEntity
  8
Whole Simpsons House v1_Sketch6
100
AcDbLine
 10
407.1204616256616
 20
12.17979539921241
 30
1.793760276923768
 11
407.3289532923283
 21
11.99670373254572
 31
1.793760276923768
210
0.0
220
6.123233995736766E-17
230
-1.0
  0
LINE
  5
75F
330
1F
100
AcDbEntity
  8
Whole Simpsons House v1_Sketch6
100
AcDbLine
 10
365.2676116256616
 20
215.0905176214347
 30
1.79376027692378
 11
365.4492921812172
 21
215.2975981769902
 31
1.79376027692378
210
0.0
220
6.123233995736766E-17
230
-1.0
  0
LINE
  5
760
330
1F
100
AcDbEntity
  8
Whole Simpsons House v1_Sketch6
100
AcDbLine
 10
406.6406838478838
 20
12.45672595476802
 30
1.793760276923768
 11
406.889744958995
 21
12.33395928810133
 31
1.793760276923768
210
0.0
220
6.123233995736766E-17
230
-1.0
  0
LINE
  5
761
330
1F
100
AcDbEntity
  8
Whole Simpsons House v1_Sketch6
100
AcDbLine
 10
393.5141755145505
 20
213.9563370658791
 30
1.79376027692378
 11
393.5141755145505
 21
210.9556092881013
 31
1.79376027692378
210
0.0
220
6.123233995736766E-17
230
-1.0
  0
LINE
  5
762
330
1F
100
AcDbEntity
  8
Whole Simpsons House v1_Sketch6
100
AcDbLine
 10
391.4409005145505
 20
188.7630648436569
 30
1.793760276923779
 11
391.4409005145505
 21
185.7623370658791
 31
1.793760276923778
210
0.0
220
6.123233995736766E-17
230
-1.0
  0
LINE
  5
763
330
1F
100
AcDbEntity
  8
Whole Simpsons House v1_Sketch6
100
AcDbLine
 10
365.4492921812172
 20
215.2975981769902
 30
1.79376027692378
 11
365.602044958995
 21
215.5261981769902
 31
1.79376027692378
210
0.0
220
6.123233995736766E-17
230
-1.0
  0
LINE
  5
764
330
1F
100
AcDbEntity
  8
Whole Simpsons House v1_Sketch6
100
AcDbLine
 10
365.865569958995
 20
216.8526426214347
 30
1.79376027692378
 11
365.8119477367728
 21
217.1225176214347
 31
1.79376027692378
210
0.0
220
6.123233995736766E-17
230
-1.0
  0
LINE
  5
765
330
1F
100
AcDbEntity
  8
Whole Simpsons House v1_Sketch6
100
AcDbLine
 10
362.7283171812172
 20
218.399925954768
 30
1.79376027692378
 11
362.4997171812172
 21
218.2471731769903
 31
1.79376027692378
210
0.0
220
6.123233995736766E-17
230
-1.0
  0
LINE
  5
766
330
1F
100
AcDbEntity
  8
Whole Simpsons House v1_Sketch6
100
AcDbLine
 10
364.8319310701061
 20
218.399925954768
 30
1.79376027692378
 11
364.5853394034394
 21
218.5216342881014
 31
1.79376027692378
210
0.0
220
6.123233995736766E-17
230
-1.0
  0
LINE
  5
767
330
1F
100
AcDbEntity
  8
Whole Simpsons House v1_Sketch6
100
AcDbLine
 10
403.9913227367728
 20
9.43553706587913
 30
1.793760276923767
 11
403.8685560701061
 21
9.684598176990217
 31
1.793760276923767
210
0.0
220
6.123233995736766E-17
230
-1.0
  0
LINE
  5
768
330
1F
100
AcDbEntity
  8
Whole Simpsons House v1_Sketch6
100
AcDbLine
 10
365.8119477367728
 20
216.0338453992125
 30
1.79376027692378
 11
365.865569958995
 21
216.3033676214347
 31
1.79376027692378
210
0.0
220
6.123233995736766E-17
230
-1.0
  0
LINE
  5
769
330
1F
100
AcDbEntity
  8
Whole Simpsons House v1_Sketch6
100
AcDbLine
 10
511.6527505145505
 20
188.596200954768
 30
1.793760276923779
 11
511.6527505145505
 21
191.5969287325458
 31
1.793760276923779
210
0.0
220
6.123233995736766E-17
230
-1.0
  0
LINE
  5
76A
330
1F
100
AcDbEntity
  8
Whole Simpsons House v1_Sketch6
100
AcDbLine
 10
361.6946782923283
 20
216.8526426214347
 30
1.79376027692378
 11
361.6766866256617
 21
216.5781815103236
 31
1.79376027692378
210
0.0
220
6.123233995736766E-17
230
-1.0
  0
LINE
  5
76B
330
1F
100
AcDbEntity
  8
Whole Simpsons House v1_Sketch6
100
AcDbLine
 10
394.4416282923283
 20
185.7623370658791
 30
1.793760276923778
 11
394.4416282923283
 21
188.7630648436569
 31
1.793760276923779
210
0.0
220
6.123233995736766E-17
230
-1.0
  0
LINE
  5
76C
330
1F
100
AcDbEntity
  8
Whole Simpsons House v1_Sketch6
100
AcDbLine
 10
407.512044958995
 20
11.78821206587913
 30
1.793760276923768
 11
407.6662088478839
 21
11.55714262143462
 31
1.793760276923768
210
0.0
220
6.123233995736766E-17
230
-1.0
  0
LINE
  5
76D
330
1F
100
AcDbEntity
  8
Whole Simpsons House v1_Sketch6
100
AcDbLine
 10
361.7483005145505
 20
216.0338453992125
 30
1.79376027692378
 11
361.8364949589949
 21
215.7731426214347
 31
1.79376027692378
210
0.0
220
6.123233995736766E-17
230
-1.0
  0
LINE
  5
76E
330
1F
100
AcDbEntity
  8
Whole Simpsons House v1_Sketch6
100
AcDbLine
 10
365.7237532923283
 20
215.7731426214347
 30
1.79376027692378
 11
365.8119477367728
 21
216.0338453992125
 31
1.79376027692378
210
0.0
220
6.123233995736766E-17
230
-1.0
  0
LINE
  5
76F
330
1F
100
AcDbEntity
  8
Whole Simpsons House v1_Sketch6
100
AcDbLine
 10
403.7253282923283
 20
10.77362317699024
 30
1.793760276923767
 11
403.7793032923283
 21
11.04561484365693
 31
1.793760276923768
210
0.0
220
6.123233995736766E-17
230
-1.0
  0
LINE
  5
770
330
1F
100
AcDbEntity
  8
Whole Simpsons House v1_Sketch6
100
AcDbLine
 10
365.8119477367728
 20
217.1225176214347
 30
1.79376027692378
 11
365.7237532923283
 21
217.3832203992125
 31
1.79376027692378
210
0.0
220
6.123233995736766E-17
230
-1.0
  0
LINE
  5
771
330
1F
100
AcDbEntity
  8
Whole Simpsons House v1_Sketch6
100
AcDbLine
 10
365.0608838478839
 20
218.2471731769903
 30
1.79376027692378
 11
364.8319310701061
 21
218.399925954768
 31
1.79376027692378
210
0.0
220
6.123233995736766E-17
230
-1.0
  0
LINE
  5
772
330
1F
100
AcDbEntity
  8
Whole Simpsons House v1_Sketch6
100
AcDbLine
 10
426.9095310701061
 20
61.46496762143463
 30
1.793760276923771
 11
426.9095310701061
 21
58.4645926214346
 31
1.793760276923771
210
0.0
220
6.123233995736766E-17
230
-1.0
  0
LINE
  5
773
330
1F
100
AcDbEntity
  8
Whole Simpsons House v1_Sketch6
100
AcDbLine
 10
365.2676116256616
 20
218.0654926214347
 30
1.79376027692378
 11
365.0608838478839
 21
218.2471731769903
 31
1.79376027692378
210
0.0
220
6.123233995736766E-17
230
-1.0
  0
LINE
  5
774
330
1F
100
AcDbEntity
  8
Whole Simpsons House v1_Sketch6
100
AcDbLine
 10
362.4997171812172
 20
218.2471731769903
 30
1.79376027692378
 11
362.2926366256617
 21
218.0654926214347
 31
1.79376027692378
210
0.0
220
6.123233995736766E-17
230
-1.0
  0
LINE
  5
775
330
1F
100
AcDbEntity
  8
Whole Simpsons House v1_Sketch6
100
AcDbLine
 10
365.602044958995
 20
215.5261981769902
 30
1.79376027692378
 11
365.7237532923283
 21
215.7731426214347
 31
1.79376027692378
210
0.0
220
6.123233995736766E-17
230
-1.0
  0
LINE
  5
776
330
1F
100
AcDbEntity
  8
Whole Simpsons House v1_Sketch6
100
AcDbLine
 10
406.889744958995
 20
12.33395928810133
 30
1.793760276923768
 11
407.1204616256616
 21
12.17979539921241
 31
1.793760276923768
210
0.0
220
6.123233995736766E-17
230
-1.0
  0
LINE
  5
777
330
1F
100
AcDbEntity
  8
Whole Simpsons House v1_Sketch6
100
AcDbLine
 10
361.6766866256617
 20
216.5781815103236
 30
1.79376027692378
 11
361.6946782923283
 21
216.3033676214347
 31
1.79376027692378
210
0.0
220
6.123233995736766E-17
230
-1.0
  0
LINE
  5
778
330
1F
100
AcDbEntity
  8
Whole Simpsons House v1_Sketch6
100
AcDbLine
 10
364.5853394034394
 20
214.6347287325458
 30
1.79376027692378
 11
364.8319310701061
 21
214.7564370658791
 31
1.79376027692378
210
0.0
220
6.123233995736766E-17
230
-1.0
  0
LINE
  5
779
330
1F
100
AcDbEntity
  8
Whole Simpsons House v1_Sketch6
100
AcDbLine
 10
562.3151671812172
 20
207.9718148436569
 30
1.79376027692378
 11
562.3151671812172
 21
204.9710870658791
 31
1.793760276923779
210
0.0
220
6.123233995736766E-17
230
-1.0
  0
LINE
  5
77A
330
1F
100
AcDbEntity
  8
Whole Simpsons House v1_Sketch6
100
AcDbLine
 10
403.9913227367728
 20
11.55714262143462
 30
1.793760276923768
 11
404.1454866256616
 21
11.78821206587913
 31
1.793760276923768
210
0.0
220
6.123233995736766E-17
230
-1.0
  0
LINE
  5
77B
330
1F
100
AcDbEntity
  8
Whole Simpsons House v1_Sketch6
100
AcDbLine
 10
407.3289532923283
 20
11.99670373254572
 30
1.793760276923768
 11
407.512044958995
 21
11.78821206587913
 31
1.793760276923768
210
0.0
220
6.123233995736766E-17
230
-1.0
  0
LINE
  5
77C
330
1F
100
AcDbEntity
  8
Whole Simpsons House v1_Sketch6
100
AcDbLine
 10
362.9752616256616
 20
218.5216342881014
 30
1.79376027692378
 11
362.7283171812172
 21
218.399925954768
 31
1.79376027692378
210
0.0
220
6.123233995736766E-17
230
-1.0
  0
LINE
  5
77D
330
1F
100
AcDbEntity
  8
Whole Simpsons House v1_Sketch6
100
AcDbLine
 10
456.7351282923283
 20
196.9619731769903
 30
1.793760276923779
 11
456.7351282923283
 21
226.6157676214347
 31
1.793760276923781
210
0.0
220
6.123233995736766E-17
230
-1.0
  0
LINE
  5
77E
330
1F
100
AcDbEntity
  8
Whole Simpsons House v1_Sketch6
100
AcDbLine
 10
404.1454866256616
 20
11.78821206587913
 30
1.793760276923768
 11
404.3285782923283
 21
11.99670373254572
 31
1.793760276923768
210
0.0
220
6.123233995736766E-17
230
-1.0
  0
LINE
  5
77F
330
1F
100
AcDbEntity
  8
Whole Simpsons House v1_Sketch6
100
AcDbLine
 10
385.9400366256616
 20
185.7623370658791
 30
1.793760276923778
 11
385.9400366256616
 21
179.3336676214347
 31
1.793760276923778
210
0.0
220
6.123233995736766E-17
230
-1.0
  0
LINE
  5
780
330
1F
100
AcDbEntity
  8
Whole Simpsons House v1_Sketch6
100
AcDbLine
 10
361.8364949589949
 20
215.7731426214347
 30
1.79376027692378
 11
361.9585560701061
 21
215.5261981769902
 31
1.79376027692378
210
0.0
220
6.123233995736766E-17
230
-1.0
  0
LINE
  5
781
330
1F
100
AcDbEntity
  8
Whole Simpsons House v1_Sketch6
100
AcDbLine
 10
416.9075755145506
 20
58.4645926214346
 30
1.793760276923771
 11
416.9075755145506
 21
61.46496762143463
 31
1.793760276923771
210
0.0
220
6.123233995736766E-17
230
-1.0
  0
LINE
  5
782
330
1F
100
AcDbEntity
  8
Whole Simpsons House v1_Sketch6
100
AcDbLine
 10
399.942844958995
 20
179.3336676214347
 30
1.793760276923778
 11
399.942844958995
 21
185.7623370658791
 31
1.793760276923778
210
0.0
220
6.123233995736766E-17
230
-1.0
  0
LINE
  5
783
330
1F
100
AcDbEntity
  8
Whole Simpsons House v1_Sketch6
100
AcDbLine
 10
403.7253282923283
 20
10.21940928810131
 30
1.793760276923767
 11
403.7073366256616
 21
10.49633984365681
 31
1.793760276923767
210
0.0
220
6.123233995736766E-17
230
-1.0
  0
LINE
  5
784
330
1F
100
AcDbEntity
  8
Whole Simpsons House v1_Sketch6
100
AcDbLine
 10
364.8319310701061
 20
214.7564370658791
 30
1.79376027692378
 11
365.0608838478839
 21
214.9091898436569
 31
1.79376027692378
210
0.0
220
6.123233995736766E-17
230
-1.0
  0
LINE
  5
785
330
1F
100
AcDbEntity
  8
Whole Simpsons House v1_Sketch6
100
AcDbLine
 10
362.2926366256617
 20
218.0654926214347
 30
1.79376027692378
 11
362.1113088478839
 21
217.8587648436569
 31
1.79376027692378
210
0.0
220
6.123233995736766E-17
230
-1.0
  0
LINE
  5
786
330
1F
100
AcDbEntity
  8
Whole Simpsons House v1_Sketch6
100
AcDbLine
 10
362.4997171812172
 20
214.9091898436569
 30
1.79376027692378
 11
362.7283171812172
 21
214.7564370658791
 31
1.79376027692378
210
0.0
220
6.123233995736766E-17
230
-1.0
  0
LINE
  5
787
330
1F
100
AcDbEntity
  8
Whole Simpsons House v1_Sketch6
100
AcDbLine
 10
365.602044958995
 20
217.6298120658792
 30
1.79376027692378
 11
365.4492921812172
 21
217.8587648436569
 31
1.79376027692378
210
0.0
220
6.123233995736766E-17
230
-1.0
  0
LINE
  5
788
330
1F
100
AcDbEntity
  8
Whole Simpsons House v1_Sketch6
100
AcDbLine
 10
403.5161310701061
 20
210.9556092881013
 30
1.79376027692378
 11
403.5161310701061
 21
213.9563370658791
 31
1.79376027692378
210
0.0
220
6.123233995736766E-17
230
-1.0
  0
LINE
  5
789
330
1F
100
AcDbEntity
  8
Whole Simpsons House v1_Sketch6
100
AcDbLine
 10
365.4492921812172
 20
217.8587648436569
 30
1.79376027692378
 11
365.2676116256616
 21
218.0654926214347
 31
1.79376027692378
210
0.0
220
6.123233995736766E-17
230
-1.0
  0
LINE
  5
78A
330
1F
100
AcDbEntity
  8
Whole Simpsons House v1_Sketch6
100
AcDbLine
 10
362.1113088478839
 20
215.2975981769902
 30
1.79376027692378
 11
362.2926366256617
 21
215.0905176214347
 31
1.79376027692378
210
0.0
220
6.123233995736766E-17
230
-1.0
  0
LINE
  5
78B
330
1F
100
AcDbEntity
  8
Whole Simpsons House v1_Sketch6
100
AcDbLine
 10
365.865569958995
 20
216.3033676214347
 30
1.79376027692378
 11
365.8839144034394
 21
216.5781815103236
 31
1.79376027692378
210
0.0
220
6.123233995736766E-17
230
-1.0
  0
LINE
  5
78C
330
1F
100
AcDbEntity
  8
Whole Simpsons House v1_Sketch6
100
AcDbLine
 10
362.2926366256617
 20
215.0905176214347
 30
1.79376027692378
 11
362.4997171812172
 21
214.9091898436569
 31
1.79376027692378
210
0.0
220
6.123233995736766E-17
230
-1.0
  0
LINE
  5
78D
330
1F
100
AcDbEntity
  8
Whole Simpsons House v1_Sketch6
100
AcDbLine
 10
362.1113088478839
 20
217.8587648436569
 30
1.79376027692378
 11
361.9585560701061
 21
217.6298120658792
 31
1.79376027692378
210
0.0
220
6.123233995736766E-17
230
-1.0
  0
LINE
  5
78E
330
1F
100
AcDbEntity
  8
Whole Simpsons House v1_Sketch6
100
AcDbLine
 10
365.8839144034394
 20
216.5781815103236
 30
1.79376027692378
 11
365.865569958995
 21
216.8526426214347
 31
1.79376027692378
210
0.0
220
6.123233995736766E-17
230
-1.0
  0
LINE
  5
78F
330
1F
100
AcDbEntity
  8
Whole Simpsons House v1_Sketch6
100
AcDbLine
 10
365.7237532923283
 20
217.3832203992125
 30
1.79376027692378
 11
365.602044958995
 21
217.6298120658792
 31
1.79376027692378
210
0.0
220
6.123233995736766E-17
230
-1.0
  0
LINE
  5
790
330
1F
100
AcDbEntity
  8
Whole Simpsons House v1_Sketch6
100
AcDbLine
 10
361.9585560701061
 20
215.5261981769902
 30
1.79376027692378
 11
362.1113088478839
 21
215.2975981769902
 31
1.79376027692378
210
0.0
220
6.123233995736766E-17
230
-1.0
  0
LINE
  5
791
330
1F
100
AcDbEntity
  8
Whole Simpsons House v1_Sketch6
100
AcDbLine
 10
361.8364949589949
 20
217.3832203992125
 30
1.79376027692378
 11
361.7483005145505
 21
217.1225176214347
 31
1.79376027692378
210
0.0
220
6.123233995736766E-17
230
-1.0
  0
LINE
  5
792
330
1F
100
AcDbEntity
  8
Whole Simpsons House v1_Sketch6
100
AcDbLine
 10
361.7483005145505
 20
217.1225176214347
 30
1.79376027692378
 11
361.6946782923283
 21
216.8526426214347
 31
1.79376027692378
210
0.0
220
6.123233995736766E-17
230
-1.0
  0
LINE
  5
793
330
1F
100
AcDbEntity
  8
Whole Simpsons House v1_Sketch6
100
AcDbLine
 10
361.9585560701061
 20
217.6298120658792
 30
1.79376027692378
 11
361.8364949589949
 21
217.3832203992125
 31
1.79376027692378
210
0.0
220
6.123233995736766E-17
230
-1.0
  0
LINE
  5
794
330
1F
100
AcDbEntity
  8
Whole Simpsons House v1_Sketch6
100
AcDbLine
 10
361.6946782923283
 20
216.3033676214347
 30
1.79376027692378
 11
361.7483005145505
 21
216.0338453992125
 31
1.79376027692378
210
0.0
220
6.123233995736766E-17
230
-1.0
  0
LINE
  5
795
330
1F
100
AcDbEntity
  8
Whole Simpsons House v1_Sketch6
100
AcDbLine
 10
362.7283171812172
 20
214.7564370658791
 30
1.79376027692378
 11
362.9752616256616
 21
214.6347287325458
 31
1.79376027692378
210
0.0
220
6.123233995736766E-17
230
-1.0
  0
LINE
  5
796
330
1F
100
AcDbEntity
  8
Whole Simpsons House v1_Sketch6
100
AcDbLine
 10
365.0608838478839
 20
214.9091898436569
 30
1.79376027692378
 11
365.2676116256616
 21
215.0905176214347
 31
1.79376027692378
210
0.0
220
6.123233995736766E-17
230
-1.0
  0
LINE
  5
797
330
1F
100
AcDbEntity
  8
Whole Simpsons House v1_Sketch6
100
AcDbLine
 10
520.7748782923283
 20
105.2884342881013
 30
1.793760276923773
 11
567.8456644034394
 21
105.2884342881013
 31
1.793760276923773
210
0.0
220
6.123233995736766E-17
230
-1.0
  0
LINE
  5
798
330
1F
100
AcDbEntity
  8
Whole Simpsons House v1_Sketch6
100
AcDbLine
 10
577.847619958995
 20
105.2884342881013
 30
1.793760276923773
 11
587.8495755145506
 21
105.2884342881013
 31
1.793760276923773
210
0.0
220
6.123233995736766E-17
230
-1.0
  0
LINE
  5
799
330
1F
100
AcDbEntity
  8
Whole Simpsons House v1_Sketch6
100
AcDbLine
 10
499.1855838478838
 20
105.2884342881013
 30
1.793760276923773
 11
510.7732755145506
 21
105.2884342881013
 31
1.793760276923773
210
0.0
220
6.123233995736766E-17
230
-1.0
  0
LINE
  5
79A
330
1F
100
AcDbEntity
  8
Whole Simpsons House v1_Sketch6
100
AcDbLine
 10
489.520883847884
 20
142.507900954768
 30
1.793760276923776
 11
479.5189282923283
 21
142.507900954768
 31
1.793760276923776
210
0.0
220
6.123233995736766E-17
230
-1.0
  0
LINE
  5
79B
330
1F
100
AcDbEntity
  8
Whole Simpsons House v1_Sketch6
100
AcDbLine
 10
590.8499505145505
 20
125.2923453992125
 30
1.793760276923775
 11
587.8495755145506
 21
125.2923453992125
 31
1.793760276923775
210
0.0
220
6.123233995736766E-17
230
-1.0
  0
LINE
  5
79C
330
1F
100
AcDbEntity
  8
Whole Simpsons House v1_Sketch6
100
AcDbLine
 10
357.0694088478838
 20
45.35925095476803
 30
1.79376027692377
 11
346.8952977367728
 21
45.35925095476803
 31
1.79376027692377
210
0.0
220
6.123233995736766E-17
230
-1.0
  0
LINE
  5
79D
330
1F
100
AcDbEntity
  8
Whole Simpsons House v1_Sketch6
100
AcDbLine
 10
567.8456644034394
 20
102.2880592881013
 30
1.793760276923773
 11
577.847619958995
 21
102.2880592881013
 31
1.793760276923773
210
0.0
220
6.123233995736766E-17
230
-1.0
  0
LINE
  5
79E
330
1F
100
AcDbEntity
  8
Whole Simpsons House v1_Sketch6
100
AcDbLine
 10
510.7732755145506
 20
102.2880592881013
 30
1.793760276923773
 11
520.7748782923283
 21
102.2880592881013
 31
1.793760276923773
210
0.0
220
6.123233995736766E-17
230
-1.0
  0
LINE
  5
79F
330
1F
100
AcDbEntity
  8
Whole Simpsons House v1_Sketch6
100
AcDbLine
 10
342.8947977367728
 20
34.4661787325457
 30
1.793760276923769
 11
341.9190144034394
 21
34.36987039921241
 31
1.793760276923769
210
0.0
220
6.123233995736766E-17
230
-1.0
  0
LINE
  5
7A0
330
1F
100
AcDbEntity
  8
Whole Simpsons House v1_Sketch6
100
AcDbLine
 10
343.8949227367727
 20
34.4661787325457
 30
1.793760276923769
 11
342.8947977367728
 21
34.4661787325457
 31
1.793760276923769
210
0.0
220
6.123233995736766E-17
230
-1.0
  0
LINE
  5
7A1
330
1F
100
AcDbEntity
  8
Whole Simpsons House v1_Sketch6
100
AcDbLine
 10
357.0694088478838
 20
23.57310651032354
 30
1.793760276923768
 11
354.0690338478839
 21
23.57310651032354
 31
1.793760276923768
210
0.0
220
6.123233995736766E-17
230
-1.0
  0
LINE
  5
7A2
330
1F
100
AcDbEntity
  8
Whole Simpsons House v1_Sketch6
100
AcDbLine
 10
354.0690338478839
 20
13.57150373254584
 30
1.793760276923768
 11
357.0694088478838
 21
13.57150373254584
 31
1.793760276923768
210
0.0
220
6.123233995736766E-17
230
-1.0
  0
LINE
  5
7A3
330
1F
100
AcDbEntity
  8
Whole Simpsons House v1_Sketch6
100
AcDbLine
 10
454.3701060701061
 20
145.508275954768
 30
1.793760276923776
 11
489.520883847884
 21
145.508275954768
 31
1.793760276923776
210
0.0
220
6.123233995736766E-17
230
-1.0
  0
LINE
  5
7A4
330
1F
100
AcDbEntity
  8
Whole Simpsons House v1_Sketch6
100
AcDbLine
 10
337.893819958995
 20
3.569195399212438
 30
1.793760276923767
 11
354.0690338478839
 21
3.569195399212438
 31
1.793760276923767
210
0.0
220
6.123233995736766E-17
230
-1.0
  0
LINE
  5
7A5
330
1F
100
AcDbEntity
  8
Whole Simpsons House v1_Sketch6
100
AcDbLine
 10
472.0936616256616
 20
156.5600981769903
 30
1.793760276923777
 11
457.3708338478839
 21
156.5600981769903
 31
1.793760276923777
210
0.0
220
6.123233995736766E-17
230
-1.0
  0
LINE
  5
7A6
330
1F
100
AcDbEntity
  8
Whole Simpsons House v1_Sketch6
100
AcDbLine
 10
566.9545477367728
 20
156.5600981769903
 30
1.793760276923777
 11
587.8495755145506
 21
156.5600981769903
 31
1.793760276923777
210
0.0
220
6.123233995736766E-17
230
-1.0
  0
LINE
  5
7A7
330
1F
100
AcDbEntity
  8
Whole Simpsons House v1_Sketch6
100
AcDbLine
 10
497.0720921812172
 20
156.5600981769903
 30
1.793760276923777
 11
517.0760032923283
 21
156.5600981769903
 31
1.793760276923777
210
0.0
220
6.123233995736766E-17
230
-1.0
  0
LINE
  5
7A8
330
1F
100
AcDbEntity
  8
Whole Simpsons House v1_Sketch6
100
AcDbLine
 10
346.8952977367728
 20
24.46422317699021
 30
1.793760276923768
 11
343.8949227367727
 21
24.46422317699021
 31
1.793760276923768
210
0.0
220
6.123233995736766E-17
230
-1.0
  0
LINE
  5
7A9
330
1F
100
AcDbEntity
  8
Whole Simpsons House v1_Sketch6
100
AcDbLine
 10
587.8495755145506
 20
115.2903898436568
 30
1.793760276923774
 11
590.8499505145505
 21
115.2903898436568
 31
1.793760276923774
210
0.0
220
6.123233995736766E-17
230
-1.0
  0
LINE
  5
7AA
330
1F
100
AcDbEntity
  8
Whole Simpsons House v1_Sketch6
100
AcDbLine
 10
354.0690338478839
 20
35.35729539921231
 30
1.793760276923769
 11
357.0694088478838
 21
35.35729539921231
 31
1.793760276923769
210
0.0
220
6.123233995736766E-17
230
-1.0
  0
LINE
  5
7AB
330
1F
100
AcDbEntity
  8
Whole Simpsons House v1_Sketch6
100
AcDbLine
 10
603.3541588478838
 20
139.5667926214347
 30
1.793760276923775
 11
608.3156255145506
 21
139.5667926214347
 31
1.793760276923775
210
0.0
220
6.123233995736766E-17
230
-1.0
  0
LINE
  5
7AC
330
1F
100
AcDbEntity
  8
Whole Simpsons House v1_Sketch6
100
AcDbLine
 10
617.2775921812173
 20
139.5667926214347
 30
1.793760276923775
 11
622.2390588478839
 21
139.5667926214347
 31
1.793760276923775
210
0.0
220
6.123233995736766E-17
230
-1.0
  0
LINE
  5
7AD
330
1F
100
AcDbEntity
  8
Whole Simpsons House v1_Sketch6
100
AcDbLine
 10
610.3158755145506
 20
139.5667926214347
 30
1.793760276923775
 11
615.2773421812173
 21
139.5667926214347
 31
1.793760276923775
210
0.0
220
6.123233995736766E-17
230
-1.0
  0
LINE
  5
7AE
330
1F
100
AcDbEntity
  8
Whole Simpsons House v1_Sketch6
100
AcDbLine
 10
601.3539088478839
 20
136.5664176214347
 30
1.793760276923775
 11
603.3541588478838
 21
136.5664176214347
 31
1.793760276923775
210
0.0
220
6.123233995736766E-17
230
-1.0
  0
LINE
  5
7AF
330
1F
100
AcDbEntity
  8
Whole Simpsons House v1_Sketch6
100
AcDbLine
 10
608.3156255145506
 20
136.5664176214347
 30
1.793760276923775
 11
610.3158755145506
 21
136.5664176214347
 31
1.793760276923775
210
0.0
220
6.123233995736766E-17
230
-1.0
  0
LINE
  5
7B0
330
1F
100
AcDbEntity
  8
Whole Simpsons House v1_Sketch6
100
AcDbLine
 10
622.2390588478839
 20
136.5664176214347
 30
1.793760276923775
 11
624.2393088478839
 21
136.5664176214347
 31
1.793760276923775
210
0.0
220
6.123233995736766E-17
230
-1.0
  0
LINE
  5
7B1
330
1F
100
AcDbEntity
  8
Whole Simpsons House v1_Sketch6
100
AcDbLine
 10
615.2773421812173
 20
136.5664176214347
 30
1.793760276923775
 11
617.2775921812173
 21
136.5664176214347
 31
1.793760276923775
210
0.0
220
6.123233995736766E-17
230
-1.0
  0
LINE
  5
7B2
330
1F
100
AcDbEntity
  8
Whole Simpsons House v1_Sketch6
100
AcDbLine
 10
620.6621421812172
 20
228.3701315103236
 30
1.793760276923781
 11
597.3230699589949
 21
228.3701315103236
 31
1.793760276923781
210
0.0
220
6.123233995736766E-17
230
-1.0
  0
LINE
  5
7B3
330
1F
100
AcDbEntity
  8
Whole Simpsons House v1_Sketch6
100
AcDbLine
 10
623.4466171812172
 20
3.140217621434599
 30
1.793760276923767
 11
562.9741560701061
 21
3.140217621434599
 31
1.793760276923767
210
0.0
220
6.123233995736766E-17
230
-1.0
  0
LINE
  5
7B4
330
1F
100
AcDbEntity
  8
Whole Simpsons House v1_Sketch6
100
AcDbLine
 10
602.6831755145505
 20
56.38602595476799
 30
1.79376027692377
 11
623.4466171812172
 21
56.38602595476799
 31
1.79376027692377
210
0.0
220
6.123233995736766E-17
230
-1.0
  0
LINE
  5
7B5
330
1F
100
AcDbEntity
  8
Whole Simpsons House v1_Sketch6
100
AcDbLine
 10
562.9741560701061
 20
63.98732873254573
 30
1.793760276923771
 11
602.6831755145505
 21
63.98732873254573
 31
1.793760276923771
210
0.0
220
6.123233995736766E-17
230
-1.0
  0
LINE
  5
7B6
330
1F
100
AcDbEntity
  8
Whole Simpsons House v1_Sketch6
100
AcDbLine
 10
449.3412588478839
 20
7.014775954768015
 30
1.793760276923767
 11
452.3419866256616
 21
7.014775954768015
 31
1.793760276923767
210
0.0
220
6.123233995736766E-17
230
-1.0
  0
LINE
  5
7B7
330
1F
100
AcDbEntity
  8
Whole Simpsons House v1_Sketch6
100
AcDbLine
 10
623.4466171812172
 20
19.14327595476803
 30
1.793760276923768
 11
626.4469921812173
 21
19.14327595476803
 31
1.793760276923768
210
0.0
220
6.123233995736766E-17
230
-1.0
  0
LINE
  5
7B8
330
1F
100
AcDbEntity
  8
Whole Simpsons House v1_Sketch6
100
AcDbLine
 10
572.3566338478839
 20
19.14327595476803
 30
1.793760276923768
 11
569.3559060701061
 21
19.14327595476803
 31
1.793760276923768
210
0.0
220
6.123233995736766E-17
230
-1.0
  0
LINE
  5
7B9
330
1F
100
AcDbEntity
  8
Whole Simpsons House v1_Sketch6
100
AcDbLine
 10
426.9095310701061
 20
162.0948287325458
 30
1.793760276923777
 11
416.9075755145506
 21
162.0948287325458
 31
1.793760276923777
210
0.0
220
6.123233995736766E-17
230
-1.0
  0
LINE
  5
7BA
330
1F
100
AcDbEntity
  8
Whole Simpsons House v1_Sketch6
100
AcDbLine
 10
386.3891227367727
 20
162.0948287325458
 30
1.793760276923777
 11
376.3871671812173
 21
162.0948287325458
 31
1.793760276923777
210
0.0
220
6.123233995736766E-17
230
-1.0
  0
LINE
  5
7BB
330
1F
100
AcDbEntity
  8
Whole Simpsons House v1_Sketch6
100
AcDbLine
 10
556.173658847884
 20
51.71948151032351
 30
1.79376027692377
 11
553.1729310701061
 21
51.71948151032351
 31
1.79376027692377
210
0.0
220
6.123233995736766E-17
230
-1.0
  0
LINE
  5
7BC
330
1F
100
AcDbEntity
  8
Whole Simpsons House v1_Sketch6
100
AcDbLine
 10
452.3419866256616
 20
110.0685731769902
 30
1.793760276923774
 11
449.3412588478839
 21
110.0685731769902
 31
1.793760276923774
210
0.0
220
6.123233995736766E-17
230
-1.0
  0
LINE
  5
7BD
330
1F
100
AcDbEntity
  8
Whole Simpsons House v1_Sketch6
100
AcDbLine
 10
475.799944958995
 20
229.6161426214347
 30
1.793760276923781
 11
453.7344005145505
 21
229.6161426214347
 31
1.793760276923781
210
0.0
220
6.123233995736766E-17
230
-1.0
  0
LINE
  5
7BE
330
1F
100
AcDbEntity
  8
Whole Simpsons House v1_Sketch6
100
AcDbLine
 10
626.4469921812173
 20
11.14157039921232
 30
1.793760276923768
 11
623.4466171812172
 21
11.14157039921232
 31
1.793760276923768
210
0.0
220
6.123233995736766E-17
230
-1.0
  0
LINE
  5
7BF
330
1F
100
AcDbEntity
  8
Whole Simpsons House v1_Sketch6
100
AcDbLine
 10
569.3559060701061
 20
11.14157039921232
 30
1.793760276923768
 11
572.3566338478839
 21
11.14157039921232
 31
1.793760276923768
210
0.0
220
6.123233995736766E-17
230
-1.0
  0
LINE
  5
7C0
330
1F
100
AcDbEntity
  8
Whole Simpsons House v1_Sketch6
100
AcDbLine
 10
620.3488755145506
 20
168.1971787325458
 30
1.793760276923777
 11
597.0098032923283
 21
168.1971787325458
 31
1.793760276923777
210
0.0
220
6.123233995736766E-17
230
-1.0
  0
LINE
  5
7C1
330
1F
100
AcDbEntity
  8
Whole Simpsons House v1_Sketch6
100
AcDbLine
 10
371.5269477367727
 20
51.27674539921239
 30
1.79376027692377
 11
366.9934005145506
 21
51.27674539921239
 31
1.79376027692377
210
0.0
220
6.123233995736766E-17
230
-1.0
  0
LINE
  5
7C2
330
1F
100
AcDbEntity
  8
Whole Simpsons House v1_Sketch6
100
AcDbLine
 10
394.0091227367728
 20
51.27674539921239
 30
1.79376027692377
 11
389.4759282923283
 21
51.27674539921239
 31
1.79376027692377
210
0.0
220
6.123233995736766E-17
230
-1.0
  0
LINE
  5
7C3
330
1F
100
AcDbEntity
  8
Whole Simpsons House v1_Sketch6
100
AcDbLine
 10
492.700469958995
 20
5.633298176990209
 30
1.793760276923767
 11
553.1729310701061
 21
5.633298176990209
 31
1.793760276923767
210
0.0
220
6.123233995736766E-17
230
-1.0
  0
LINE
  5
7C4
330
1F
100
AcDbEntity
  8
Whole Simpsons House v1_Sketch6
100
AcDbLine
 10
553.1729310701061
 20
13.63465095476801
 30
1.793760276923768
 11
556.173658847884
 21
13.63465095476801
 31
1.793760276923768
210
0.0
220
6.123233995736766E-17
230
-1.0
  0
LINE
  5
7C5
330
1F
100
AcDbEntity
  8
Whole Simpsons House v1_Sketch6
100
AcDbLine
 10
502.0829477367729
 20
13.63465095476801
 30
1.793760276923768
 11
499.0825727367727
 21
13.63465095476801
 31
1.793760276923768
210
0.0
220
6.123233995736766E-17
230
-1.0
  0
LINE
  5
7C6
330
1F
100
AcDbEntity
  8
Whole Simpsons House v1_Sketch6
100
AcDbLine
 10
453.7344005145505
 20
193.9612453992125
 30
1.793760276923779
 11
475.799944958995
 21
193.9612453992125
 31
1.793760276923779
210
0.0
220
6.123233995736766E-17
230
-1.0
  0
LINE
  5
7C7
330
1F
100
AcDbEntity
  8
Whole Simpsons House v1_Sketch6
100
AcDbLine
 10
623.4466171812172
 20
48.38432039921239
 30
1.79376027692377
 11
626.4469921812173
 21
48.38432039921239
 31
1.79376027692377
210
0.0
220
6.123233995736766E-17
230
-1.0
  0
LINE
  5
7C8
330
1F
100
AcDbEntity
  8
Whole Simpsons House v1_Sketch6
100
AcDbLine
 10
481.924519958995
 20
106.0677203992124
 30
1.793760276923773
 11
452.3419866256616
 21
106.0677203992124
 31
1.793760276923773
210
0.0
220
6.123233995736766E-17
230
-1.0
  0
LINE
  5
7C9
330
1F
100
AcDbEntity
  8
Whole Simpsons House v1_Sketch6
100
AcDbLine
 10
457.3708338478839
 20
153.5593703992125
 30
1.793760276923776
 11
454.3701060701061
 21
153.5593703992125
 31
1.793760276923776
210
0.0
220
6.123233995736766E-17
230
-1.0
  0
LINE
  5
7CA
330
1F
100
AcDbEntity
  8
Whole Simpsons House v1_Sketch6
100
AcDbLine
 10
587.8495755145506
 20
153.5593703992125
 30
1.793760276923776
 11
566.9545477367728
 21
153.5593703992125
 31
1.793760276923776
210
0.0
220
6.123233995736766E-17
230
-1.0
  0
LINE
  5
7CB
330
1F
100
AcDbEntity
  8
Whole Simpsons House v1_Sketch6
100
AcDbLine
 10
517.0760032923283
 20
153.5593703992125
 30
1.793760276923776
 11
497.0720921812172
 21
153.5593703992125
 31
1.793760276923776
210
0.0
220
6.123233995736766E-17
230
-1.0
  0
LINE
  5
7CC
330
1F
100
AcDbEntity
  8
Whole Simpsons House v1_Sketch6
100
AcDbLine
 10
452.3419866256616
 20
11.01562873254583
 30
1.793760276923768
 11
481.924519958995
 21
11.01562873254583
 31
1.793760276923768
210
0.0
220
6.123233995736766E-17
230
-1.0
  0
LINE
  5
7CD
330
1F
100
AcDbEntity
  8
Whole Simpsons House v1_Sketch6
100
AcDbLine
 10
553.1729310701061
 20
43.71812873254571
 30
1.79376027692377
 11
556.173658847884
 21
43.71812873254571
 31
1.79376027692377
210
0.0
220
6.123233995736766E-17
230
-1.0
  0
LINE
  5
7CE
330
1F
100
AcDbEntity
  8
Whole Simpsons House v1_Sketch6
100
AcDbLine
 10
436.9114866256616
 20
159.0941009547681
 30
1.793760276923777
 11
426.9095310701061
 21
159.0941009547681
 31
1.793760276923777
210
0.0
220
6.123233995736766E-17
230
-1.0
  0
LINE
  5
7CF
330
1F
100
AcDbEntity
  8
Whole Simpsons House v1_Sketch6
100
AcDbLine
 10
416.9075755145506
 20
159.0941009547681
 30
1.793760276923777
 11
386.3891227367727
 21
159.0941009547681
 31
1.793760276923777
210
0.0
220
6.123233995736766E-17
230
-1.0
  0
LINE
  5
7D0
330
1F
100
AcDbEntity
  8
Whole Simpsons House v1_Sketch6
100
AcDbLine
 10
376.3871671812173
 20
159.0941009547681
 30
1.793760276923777
 11
365.011494958995
 21
159.0941009547681
 31
1.793760276923777
210
0.0
220
6.123233995736766E-17
230
-1.0
  0
LINE
  5
7D1
330
1F
100
AcDbEntity
  8
Whole Simpsons House v1_Sketch6
100
AcDbLine
 10
607.2124894034395
 20
118.450925954768
 30
1.793760276923774
 11
595.7369810701061
 21
118.450925954768
 31
1.793760276923774
210
0.0
220
6.123233995736766E-17
230
-1.0
  0
LINE
  5
7D2
330
1F
100
AcDbEntity
  8
Whole Simpsons House v1_Sketch6
100
AcDbLine
 10
637.6928421812171
 20
118.450925954768
 30
1.793760276923774
 11
610.2128644034394
 21
118.450925954768
 31
1.793760276923774
210
0.0
220
6.123233995736766E-17
230
-1.0
  0
LINE
  5
7D3
330
1F
100
AcDbEntity
  8
Whole Simpsons House v1_Sketch6
100
AcDbLine
 10
620.8096032923282
 20
71.7357398436568
 30
1.793760276923771
 11
610.8080005145506
 21
71.7357398436568
 31
1.793760276923771
210
0.0
220
6.123233995736766E-17
230
-1.0
  0
LINE
  5
7D4
330
1F
100
AcDbEntity
  8
Whole Simpsons House v1_Sketch6
100
AcDbLine
 10
547.2272144034393
 20
71.7357398436568
 30
1.793760276923771
 11
510.3347727367727
 21
71.7357398436568
 31
1.793760276923771
210
0.0
220
6.123233995736766E-17
230
-1.0
  0
LINE
  5
7D5
330
1F
100
AcDbEntity
  8
Whole Simpsons House v1_Sketch6
100
AcDbLine
 10
600.8056921812171
 20
71.7357398436568
 30
1.793760276923771
 11
557.2288171812172
 21
71.7357398436568
 31
1.793760276923771
210
0.0
220
6.123233995736766E-17
230
-1.0
  0
LINE
  5
7D6
330
1F
100
AcDbEntity
  8
Whole Simpsons House v1_Sketch6
100
AcDbLine
 10
500.3328171812173
 20
71.7357398436568
 30
1.793760276923771
 11
490.3312144034394
 21
71.7357398436568
 31
1.793760276923771
210
0.0
220
6.123233995736766E-17
230
-1.0
  0
LINE
  5
7D7
330
1F
100
AcDbEntity
  8
Whole Simpsons House v1_Sketch6
100
AcDbLine
 10
436.9114866256616
 20
139.0901898436569
 30
1.793760276923775
 11
439.9122144034394
 21
139.0901898436569
 31
1.793760276923775
210
0.0
220
6.123233995736766E-17
230
-1.0
  0
LINE
  5
7D8
330
1F
100
AcDbEntity
  8
Whole Simpsons House v1_Sketch6
100
AcDbLine
 10
415.3617032923283
 20
219.9574398436569
 30
1.79376027692378
 11
421.5751782923283
 21
219.9574398436569
 31
1.79376027692378
210
0.0
220
6.123233995736766E-17
230
-1.0
  0
LINE
  5
7D9
330
1F
100
AcDbEntity
  8
Whole Simpsons House v1_Sketch6
100
AcDbLine
 10
421.5751782923283
 20
219.9574398436569
 30
1.79376027692378
 11
422.513919958995
 21
219.8837092881014
 31
1.79376027692378
210
0.0
220
6.123233995736766E-17
230
-1.0
  0
LINE
  5
7DA
330
1F
100
AcDbEntity
  8
Whole Simpsons House v1_Sketch6
100
AcDbLine
 10
624.2393088478839
 20
126.8159926214347
 30
1.793760276923775
 11
637.6928421812171
 21
126.8159926214347
 31
1.793760276923775
210
0.0
220
6.123233995736766E-17
230
-1.0
  0
LINE
  5
7DB
330
1F
100
AcDbEntity
  8
Whole Simpsons House v1_Sketch6
100
AcDbLine
 10
597.0098032923283
 20
145.3117787325458
 30
1.793760276923776
 11
620.3488755145506
 21
145.3117787325458
 31
1.793760276923776
210
0.0
220
6.123233995736766E-17
230
-1.0
  0
LINE
  5
7DC
330
1F
100
AcDbEntity
  8
Whole Simpsons House v1_Sketch6
100
AcDbLine
 10
553.1729310701061
 20
63.18793428810132
 30
1.793760276923771
 11
492.700469958995
 21
63.18793428810132
 31
1.793760276923771
210
0.0
220
6.123233995736766E-17
230
-1.0
  0
LINE
  5
7DD
330
1F
100
AcDbEntity
  8
Whole Simpsons House v1_Sketch6
100
AcDbLine
 10
439.9122144034394
 20
24.37779262143461
 30
1.793760276923768
 11
436.9114866256616
 21
24.37779262143461
 31
1.793760276923768
210
0.0
220
6.123233995736766E-17
230
-1.0
  0
LINE
  5
7DE
330
1F
100
AcDbEntity
  8
Whole Simpsons House v1_Sketch6
100
AcDbLine
 10
406.9924032923283
 20
224.6028176214347
 30
1.793760276923781
 11
407.9297338478839
 21
224.6931287325458
 31
1.793760276923781
210
0.0
220
6.123233995736766E-17
230
-1.0
  0
LINE
  5
7DF
330
1F
100
AcDbEntity
  8
Whole Simpsons House v1_Sketch6
100
AcDbLine
 10
610.2128644034394
 20
122.8151398436569
 30
1.793760276923774
 11
607.2124894034395
 21
122.8151398436569
 31
1.793760276923774
210
0.0
220
6.123233995736766E-17
230
-1.0
  0
LINE
  5
7E0
330
1F
100
AcDbEntity
  8
Whole Simpsons House v1_Sketch6
100
AcDbLine
 10
412.5535921812173
 20
7.374609288101325
 30
1.793760276923767
 11
426.9095310701061
 21
7.374609288101325
 31
1.793760276923767
210
0.0
220
6.123233995736766E-17
230
-1.0
  0
LINE
  5
7E1
330
1F
100
AcDbEntity
  8
Whole Simpsons House v1_Sketch6
100
AcDbLine
 10
439.9122144034394
 20
86.73514539921243
 30
1.793760276923772
 11
436.9114866256616
 21
86.73514539921243
 31
1.793760276923772
210
0.0
220
6.123233995736766E-17
230
-1.0
  0
LINE
  5
7E2
330
1F
100
AcDbEntity
  8
Whole Simpsons House v1_Sketch6
100
AcDbLine
 10
436.9114866256616
 20
76.73318984365682
 30
1.793760276923772
 11
439.9122144034394
 21
76.73318984365682
 31
1.793760276923772
210
0.0
220
6.123233995736766E-17
230
-1.0
  0
LINE
  5
7E3
330
1F
100
AcDbEntity
  8
Whole Simpsons House v1_Sketch6
100
AcDbLine
 10
556.173658847884
 20
21.6363565103235
 30
1.793760276923768
 11
553.1729310701061
 21
21.6363565103235
 31
1.793760276923768
210
0.0
220
6.123233995736766E-17
230
-1.0
  0
LINE
  5
7E4
330
1F
100
AcDbEntity
  8
Whole Simpsons House v1_Sketch6
100
AcDbLine
 10
499.0825727367727
 20
21.6363565103235
 30
1.793760276923768
 11
502.0829477367729
 21
21.6363565103235
 31
1.793760276923768
210
0.0
220
6.123233995736766E-17
230
-1.0
  0
LINE
  5
7E5
330
1F
100
AcDbEntity
  8
Whole Simpsons House v1_Sketch6
100
AcDbLine
 10
401.2470644034394
 20
4.373881510323502
 30
1.793760276923767
 11
412.5535921812173
 21
4.373881510323502
 31
1.793760276923767
210
0.0
220
6.123233995736766E-17
230
-1.0
  0
LINE
  5
7E6
330
1F
100
AcDbEntity
  8
Whole Simpsons House v1_Sketch6
100
AcDbLine
 10
426.9095310701061
 20
4.373881510323502
 30
1.793760276923767
 11
436.9114866256616
 21
4.373881510323502
 31
1.793760276923767
210
0.0
220
6.123233995736766E-17
230
-1.0
  0
LINE
  5
7E7
330
1F
100
AcDbEntity
  8
Whole Simpsons House v1_Sketch6
100
AcDbLine
 10
439.9122144034394
 20
149.0921453992125
 30
1.793760276923776
 11
436.9114866256616
 21
149.0921453992125
 31
1.793760276923776
210
0.0
220
6.123233995736766E-17
230
-1.0
  0
LINE
  5
7E8
330
1F
100
AcDbEntity
  8
Whole Simpsons House v1_Sketch6
100
AcDbLine
 10
597.3230699589949
 20
205.4847315103236
 30
1.793760276923779
 11
620.6621421812172
 21
205.4847315103236
 31
1.793760276923779
210
0.0
220
6.123233995736766E-17
230
-1.0
  0
LINE
  5
7E9
330
1F
100
AcDbEntity
  8
Whole Simpsons House v1_Sketch6
100
AcDbLine
 10
436.9114866256616
 20
14.37583706587911
 30
1.793760276923768
 11
439.9122144034394
 21
14.37583706587911
 31
1.793760276923768
210
0.0
220
6.123233995736766E-17
230
-1.0
  0
LINE
  5
7EA
330
1F
100
AcDbEntity
  8
Whole Simpsons House v1_Sketch6
100
AcDbLine
 10
626.4469921812173
 20
40.38296762143469
 30
1.793760276923769
 11
623.4466171812172
 21
40.38296762143469
 31
1.793760276923769
210
0.0
220
6.123233995736766E-17
230
-1.0
  0
LINE
  5
7EB
330
1F
100
AcDbEntity
  8
Whole Simpsons House v1_Sketch6
100
AcDbLine
 10
375.4551282923283
 20
213.9563370658791
 30
1.79376027692378
 11
359.3988005145505
 21
213.9563370658791
 31
1.79376027692378
210
0.0
220
6.123233995736766E-17
230
-1.0
  0
LINE
  5
7EC
330
1F
100
AcDbEntity
  8
Whole Simpsons House v1_Sketch6
100
AcDbLine
 10
359.3988005145505
 20
213.9563370658791
 30
1.79376027692378
 11
359.3543505145506
 21
213.9563370658791
 31
1.79376027692378
210
0.0
220
6.123233995736766E-17
230
-1.0
  0
LINE
  5
7ED
330
1F
100
AcDbEntity
  8
Whole Simpsons House v1_Sketch6
100
AcDbLine
 10
427.5762810701061
 20
213.9563370658791
 30
1.79376027692378
 11
421.5751782923283
 21
213.9563370658791
 31
1.79376027692378
210
0.0
220
6.123233995736766E-17
230
-1.0
  0
LINE
  5
7EE
330
1F
100
AcDbEntity
  8
Whole Simpsons House v1_Sketch6
100
AcDbLine
 10
403.5161310701061
 20
213.9563370658791
 30
1.79376027692378
 11
393.5141755145505
 21
213.9563370658791
 31
1.79376027692378
210
0.0
220
6.123233995736766E-17
230
-1.0
  0
LINE
  5
7EF
330
1F
100
AcDbEntity
  8
Whole Simpsons House v1_Sketch6
100
AcDbLine
 10
407.9297338478839
 20
224.6931287325458
 30
1.793760276923781
 11
408.8698866256616
 21
224.6931287325458
 31
1.793760276923781
210
0.0
220
6.123233995736766E-17
230
-1.0
  0
LINE
  5
7F0
330
1F
100
AcDbEntity
  8
Whole Simpsons House v1_Sketch6
100
AcDbLine
 10
389.1005727367727
 20
224.6931287325458
 30
1.793760276923781
 11
390.0379032923283
 21
224.6609813868535
 31
1.793760276923781
210
0.0
220
6.123233995736766E-17
230
-1.0
  0
LINE
  5
7F1
330
1F
100
AcDbEntity
  8
Whole Simpsons House v1_Sketch6
100
AcDbLine
 10
411.4582171812172
 20
200.4812842881013
 30
1.793760276923779
 11
385.5720894034394
 21
200.4812842881013
 31
1.793760276923779
210
0.0
220
6.123233995736766E-17
230
-1.0
  0
LINE
  5
7F2
330
1F
100
AcDbEntity
  8
Whole Simpsons House v1_Sketch6
100
AcDbLine
 10
363.1131977367727
 20
221.6451287325458
 30
1.793760276923781
 11
363.7803005145506
 21
221.6888731769902
 31
1.793760276923781
210
0.0
220
6.123233995736766E-17
230
-1.0
  0
LINE
  5
7F3
330
1F
100
AcDbEntity
  8
Whole Simpsons House v1_Sketch6
100
AcDbLine
 10
381.3264088478839
 20
221.4172342881014
 30
1.793760276923781
 11
383.1784921812172
 21
221.4172342881014
 31
1.793760276923781
210
0.0
220
6.123233995736766E-17
230
-1.0
  0
LINE
  5
7F4
330
1F
100
AcDbEntity
  8
Whole Simpsons House v1_Sketch6
100
AcDbLine
 10
652.7582171812174
 20
107.0286870658791
 30
1.793760276923773
 11
652.2897282923284
 21
107.0749009547679
 31
1.793760276923773
210
0.0
220
6.123233995736766E-17
230
-1.0
  0
LINE
  5
7F5
330
1F
100
AcDbEntity
  8
Whole Simpsons House v1_Sketch6
100
AcDbLine
 10
652.7688005145505
 20
107.0286870658791
 30
1.793760276923773
 11
652.7582171812174
 21
107.0286870658791
 31
1.793760276923773
210
0.0
220
6.123233995736766E-17
230
-1.0
  0
LINE
  5
7F6
330
1F
100
AcDbEntity
  8
Whole Simpsons House v1_Sketch6
100
AcDbLine
 10
653.2372894034395
 20
106.9824731769902
 30
1.793760276923773
 11
652.7582171812174
 21
107.0286870658791
 31
1.793760276923773
210
0.0
220
6.123233995736766E-17
230
-1.0
  0
LINE
  5
7F7
330
1F
100
AcDbEntity
  8
Whole Simpsons House v1_Sketch6
100
AcDbLine
 10
646.3567116256617
 20
51.52757039921241
 30
1.79376027692377
 11
655.1694532923283
 21
51.52757039921241
 31
1.79376027692377
210
0.0
220
6.123233995736766E-17
230
-1.0
  0
LINE
  5
7F8
330
1F
100
AcDbEntity
  8
Whole Simpsons House v1_Sketch6
100
AcDbLine
 10
649.3574394034393
 20
61.98037595476791
 30
1.793760276923771
 11
646.3567116256617
 21
61.98037595476791
 31
1.793760276923771
210
0.0
220
6.123233995736766E-17
230
-1.0
  0
LINE
  5
7F9
330
1F
100
AcDbEntity
  8
Whole Simpsons House v1_Sketch6
100
AcDbLine
 10
632.8816588478838
 20
66.98135373254571
 30
1.793760276923771
 11
635.8823866256618
 21
66.98135373254571
 31
1.793760276923771
210
0.0
220
6.123233995736766E-17
230
-1.0
  0
LINE
  5
7FA
330
1F
100
AcDbEntity
  8
Whole Simpsons House v1_Sketch6
100
AcDbLine
 10
634.4151838478838
 20
156.3025703992125
 30
1.793760276923777
 11
650.7018755145506
 21
156.3025703992125
 31
1.793760276923777
210
0.0
220
6.123233995736766E-17
230
-1.0
  0
LINE
  5
7FB
330
1F
100
AcDbEntity
  8
Whole Simpsons House v1_Sketch6
100
AcDbLine
 10
646.9589032923284
 20
229.8796676214347
 30
1.793760276923781
 11
646.4904144034393
 21
229.9262342881014
 31
1.793760276923781
210
0.0
220
6.123233995736766E-17
230
-1.0
  0
LINE
  5
7FC
330
1F
100
AcDbEntity
  8
Whole Simpsons House v1_Sketch6
100
AcDbLine
 10
635.8823866256618
 20
64.98110373254585
 30
1.793760276923771
 11
649.3574394034393
 21
64.98110373254585
 31
1.793760276923771
210
0.0
220
6.123233995736766E-17
230
-1.0
  0
LINE
  5
7FD
330
1F
100
AcDbEntity
  8
Whole Simpsons House v1_Sketch6
100
AcDbLine
 10
634.4151838478838
 20
177.1873676214347
 30
1.793760276923778
 11
631.4148088478838
 21
177.1873676214347
 31
1.793760276923778
210
0.0
220
6.123233995736766E-17
230
-1.0
  0
LINE
  5
7FE
330
1F
100
AcDbEntity
  8
Whole Simpsons House v1_Sketch6
100
AcDbLine
 10
646.3567116256617
 20
98.54579262143463
 30
1.793760276923773
 11
643.3563366256617
 21
98.54579262143463
 31
1.793760276923773
210
0.0
220
6.123233995736766E-17
230
-1.0
  0
LINE
  5
7FF
330
1F
100
AcDbEntity
  8
Whole Simpsons House v1_Sketch6
100
AcDbLine
 10
643.3563366256617
 20
110.0294148436568
 30
1.793760276923774
 11
646.3567116256617
 21
110.0294148436568
 31
1.793760276923774
210
0.0
220
6.123233995736766E-17
230
-1.0
  0
LINE
  5
800
330
1F
100
AcDbEntity
  8
Whole Simpsons House v1_Sketch6
100
AcDbLine
 10
631.4148088478838
 20
165.2645370658792
 30
1.793760276923777
 11
634.4151838478838
 21
165.2645370658792
 31
1.793760276923777
210
0.0
220
6.123233995736766E-17
230
-1.0
  0
LINE
  5
801
330
1F
100
AcDbEntity
  8
Whole Simpsons House v1_Sketch6
100
AcDbLine
 10
632.8816588478838
 20
73.94307039921242
 30
1.793760276923771
 11
635.8823866256618
 21
73.94307039921242
 31
1.793760276923771
210
0.0
220
6.123233995736766E-17
230
-1.0
  0
LINE
  5
802
330
1F
100
AcDbEntity
  8
Whole Simpsons House v1_Sketch6
100
AcDbLine
 10
646.4904144034393
 20
229.9262342881014
 30
1.793760276923781
 11
644.8902144034394
 21
229.9262342881014
 31
1.793760276923781
210
0.0
220
6.123233995736766E-17
230
-1.0
  0
LINE
  5
803
330
1F
100
AcDbEntity
  8
Whole Simpsons House v1_Sketch6
100
AcDbLine
 10
635.8823866256618
 20
71.94282039921241
 30
1.793760276923771
 11
632.8816588478838
 21
71.94282039921241
 31
1.793760276923771
210
0.0
220
6.123233995736766E-17
230
-1.0
  0
LINE
  5
804
330
1F
100
AcDbEntity
  8
Whole Simpsons House v1_Sketch6
100
AcDbLine
 10
640.3556088478839
 20
113.0297898436569
 30
1.793760276923774
 11
643.3563366256617
 21
113.0297898436569
 31
1.793760276923774
210
0.0
220
6.123233995736766E-17
230
-1.0
  0
LINE
  5
805
330
1F
100
AcDbEntity
  8
Whole Simpsons House v1_Sketch6
100
AcDbLine
 10
648.4254005145505
 20
138.558200954768
 30
1.793760276923775
 11
647.9572644034395
 21
138.6047676214347
 31
1.793760276923775
210
0.0
220
6.123233995736766E-17
230
-1.0
  0
LINE
  5
806
330
1F
100
AcDbEntity
  8
Whole Simpsons House v1_Sketch6
100
AcDbLine
 10
631.4148088478838
 20
172.2262537325458
 30
1.793760276923777
 11
634.4151838478838
 21
172.2262537325458
 31
1.793760276923777
210
0.0
220
6.123233995736766E-17
230
-1.0
  0
LINE
  5
807
330
1F
100
AcDbEntity
  8
Whole Simpsons House v1_Sketch6
100
AcDbLine
 10
631.4148088478838
 20
158.3028203992125
 30
1.793760276923777
 11
634.4151838478838
 21
158.3028203992125
 31
1.793760276923777
210
0.0
220
6.123233995736766E-17
230
-1.0
  0
LINE
  5
808
330
1F
100
AcDbEntity
  8
Whole Simpsons House v1_Sketch6
100
AcDbLine
 10
631.4148088478838
 20
179.1879703992125
 30
1.793760276923778
 11
634.4151838478838
 21
179.1879703992125
 31
1.793760276923778
210
0.0
220
6.123233995736766E-17
230
-1.0
  0
LINE
  5
809
330
1F
100
AcDbEntity
  8
Whole Simpsons House v1_Sketch6
100
AcDbLine
 10
638.888758847884
 20
204.3512565103236
 30
1.793760276923779
 11
641.8894866256616
 21
204.3512565103236
 31
1.793760276923779
210
0.0
220
6.123233995736766E-17
230
-1.0
  0
LINE
  5
80A
330
1F
100
AcDbEntity
  8
Whole Simpsons House v1_Sketch6
100
AcDbLine
 10
646.3567116256617
 20
130.9025703992125
 30
1.793760276923775
 11
643.3563366256617
 21
130.9025703992125
 31
1.793760276923775
210
0.0
220
6.123233995736766E-17
230
-1.0
  0
LINE
  5
80B
330
1F
100
AcDbEntity
  8
Whole Simpsons House v1_Sketch6
100
AcDbLine
 10
632.8816588478838
 20
80.90478706587903
 30
1.793760276923772
 11
635.8823866256618
 21
80.90478706587903
 31
1.793760276923772
210
0.0
220
6.123233995736766E-17
230
-1.0
  0
LINE
  5
80C
330
1F
100
AcDbEntity
  8
Whole Simpsons House v1_Sketch6
100
AcDbLine
 10
644.8902144034394
 20
189.8672592881013
 30
1.793760276923779
 11
641.8894866256616
 21
189.8672592881013
 31
1.793760276923779
210
0.0
220
6.123233995736766E-17
230
-1.0
  0
LINE
  5
80D
330
1F
100
AcDbEntity
  8
Whole Simpsons House v1_Sketch6
100
AcDbLine
 10
641.8894866256616
 20
201.3505287325458
 30
1.793760276923779
 11
644.8902144034394
 21
201.3505287325458
 31
1.793760276923779
210
0.0
220
6.123233995736766E-17
230
-1.0
  0
LINE
  5
80E
330
1F
100
AcDbEntity
  8
Whole Simpsons House v1_Sketch6
100
AcDbLine
 10
632.8816588478838
 20
87.86650373254574
 30
1.793760276923772
 11
635.8823866256618
 21
87.86650373254574
 31
1.793760276923772
210
0.0
220
6.123233995736766E-17
230
-1.0
  0
LINE
  5
80F
330
1F
100
AcDbEntity
  8
Whole Simpsons House v1_Sketch6
100
AcDbLine
 10
635.8823866256618
 20
78.90453706587914
 30
1.793760276923772
 11
632.8816588478838
 21
78.90453706587914
 31
1.793760276923772
210
0.0
220
6.123233995736766E-17
230
-1.0
  0
LINE
  5
810
330
1F
100
AcDbEntity
  8
Whole Simpsons House v1_Sketch6
100
AcDbLine
 10
647.9572644034395
 20
138.6047676214347
 30
1.793760276923775
 11
646.3567116256617
 21
138.6047676214347
 31
1.793760276923775
210
0.0
220
6.123233995736766E-17
230
-1.0
  0
LINE
  5
811
330
1F
100
AcDbEntity
  8
Whole Simpsons House v1_Sketch6
100
AcDbLine
 10
362.8620199589949
 20
58.4645926214346
 30
1.793760276923771
 11
372.8639755145505
 21
58.4645926214346
 31
1.793760276923771
210
0.0
220
6.123233995736766E-17
230
-1.0
  0
LINE
  5
812
330
1F
100
AcDbEntity
  8
Whole Simpsons House v1_Sketch6
100
AcDbLine
 10
382.8659310701061
 20
58.4645926214346
 30
1.793760276923771
 11
391.2451088478839
 21
58.4645926214346
 31
1.793760276923771
210
0.0
220
6.123233995736766E-17
230
-1.0
  0
LINE
  5
813
330
1F
100
AcDbEntity
  8
Whole Simpsons House v1_Sketch6
100
AcDbLine
 10
426.9095310701061
 20
58.4645926214346
 30
1.793760276923771
 11
416.9075755145506
 21
58.4645926214346
 31
1.793760276923771
210
0.0
220
6.123233995736766E-17
230
-1.0
  0
LINE
  5
814
330
1F
100
AcDbEntity
  8
Whole Simpsons House v1_Sketch6
100
AcDbLine
 10
431.8780532923283
 20
226.4824176214347
 30
1.793760276923781
 11
442.9679755145505
 21
226.4824176214347
 31
1.793760276923781
210
0.0
220
6.123233995736766E-17
230
-1.0
  0
LINE
  5
815
330
1F
100
AcDbEntity
  8
Whole Simpsons House v1_Sketch6
100
AcDbLine
 10
345.9156338478839
 20
226.4824176214347
 30
1.793760276923781
 11
353.8901755145505
 21
226.4824176214347
 31
1.793760276923781
210
0.0
220
6.123233995736766E-17
230
-1.0
  0
LINE
  5
816
330
1F
100
AcDbEntity
  8
Whole Simpsons House v1_Sketch6
100
AcDbLine
 10
566.9545477367728
 20
132.6100148436569
 30
1.793760276923775
 11
587.8495755145506
 21
132.6100148436569
 31
1.793760276923775
210
0.0
220
6.123233995736766E-17
230
-1.0
  0
LINE
  5
817
330
1F
100
AcDbEntity
  8
Whole Simpsons House v1_Sketch6
100
AcDbLine
 10
634.4151838478838
 20
170.2260037325458
 30
1.793760276923777
 11
631.4148088478838
 21
170.2260037325458
 31
1.793760276923777
210
0.0
220
6.123233995736766E-17
230
-1.0
  0
LINE
  5
818
330
1F
100
AcDbEntity
  8
Whole Simpsons House v1_Sketch6
100
AcDbLine
 10
342.9152588478839
 20
216.4804620658792
 30
1.79376027692378
 11
345.9156338478839
 21
216.4804620658792
 31
1.79376027692378
210
0.0
220
6.123233995736766E-17
230
-1.0
  0
LINE
  5
819
330
1F
100
AcDbEntity
  8
Whole Simpsons House v1_Sketch6
100
AcDbLine
 10
442.9679755145505
 20
216.4804620658792
 30
1.79376027692378
 11
445.9683505145505
 21
216.4804620658792
 31
1.79376027692378
210
0.0
220
6.123233995736766E-17
230
-1.0
  0
LINE
  5
81A
330
1F
100
AcDbEntity
  8
Whole Simpsons House v1_Sketch6
100
AcDbLine
 10
641.8894866256616
 20
219.2233092881014
 30
1.79376027692378
 11
638.888758847884
 21
219.2233092881014
 31
1.79376027692378
210
0.0
220
6.123233995736766E-17
230
-1.0
  0
LINE
  5
81B
330
1F
100
AcDbEntity
  8
Whole Simpsons House v1_Sketch6
100
AcDbLine
 10
644.8902144034394
 20
222.2240370658791
 30
1.793760276923781
 11
641.8894866256616
 21
222.2240370658791
 31
1.793760276923781
210
0.0
220
6.123233995736766E-17
230
-1.0
  0
LINE
  5
81C
330
1F
100
AcDbEntity
  8
Whole Simpsons House v1_Sketch6
100
AcDbLine
 10
587.8495755145506
 20
203.6770981769902
 30
1.793760276923779
 11
590.8499505145505
 21
203.6770981769902
 31
1.793760276923779
210
0.0
220
6.123233995736766E-17
230
-1.0
  0
LINE
  5
81D
330
1F
100
AcDbEntity
  8
Whole Simpsons House v1_Sketch6
100
AcDbLine
 10
388.160419958995
 20
224.635625954768
 30
1.793760276923781
 11
389.1005727367727
 21
224.6931287325458
 31
1.793760276923781
210
0.0
220
6.123233995736766E-17
230
-1.0
  0
LINE
  5
81E
330
1F
100
AcDbEntity
  8
Whole Simpsons House v1_Sketch6
100
AcDbLine
 10
587.8495755145506
 20
129.6092870658791
 30
1.793760276923775
 11
566.9545477367728
 21
129.6092870658791
 31
1.793760276923775
210
0.0
220
6.123233995736766E-17
230
-1.0
  0
LINE
  5
81F
330
1F
100
AcDbEntity
  8
Whole Simpsons House v1_Sketch6
100
AcDbLine
 10
345.9156338478839
 20
202.1241703992125
 30
1.793760276923779
 11
342.9152588478839
 21
202.1241703992125
 31
1.793760276923779
210
0.0
220
6.123233995736766E-17
230
-1.0
  0
LINE
  5
820
330
1F
100
AcDbEntity
  8
Whole Simpsons House v1_Sketch6
100
AcDbLine
 10
445.9683505145505
 20
202.1241703992125
 30
1.793760276923779
 11
442.9679755145505
 21
202.1241703992125
 31
1.793760276923779
210
0.0
220
6.123233995736766E-17
230
-1.0
  0
LINE
  5
821
330
1F
100
AcDbEntity
  8
Whole Simpsons House v1_Sketch6
100
AcDbLine
 10
587.8495755145506
 20
223.6810092881014
 30
1.793760276923781
 11
577.847619958995
 21
223.6810092881014
 31
1.793760276923781
210
0.0
220
6.123233995736766E-17
230
-1.0
  0
LINE
  5
822
330
1F
100
AcDbEntity
  8
Whole Simpsons House v1_Sketch6
100
AcDbLine
 10
567.8456644034394
 20
223.6810092881014
 30
1.793760276923781
 11
520.7748782923283
 21
223.6810092881014
 31
1.793760276923781
210
0.0
220
6.123233995736766E-17
230
-1.0
  0
LINE
  5
823
330
1F
100
AcDbEntity
  8
Whole Simpsons House v1_Sketch6
100
AcDbLine
 10
510.7732755145506
 20
223.6810092881014
 30
1.793760276923781
 11
498.0157727367727
 21
223.6810092881014
 31
1.793760276923781
210
0.0
220
6.123233995736766E-17
230
-1.0
  0
LINE
  5
824
330
1F
100
AcDbEntity
  8
Whole Simpsons House v1_Sketch6
100
AcDbLine
 10
634.4151838478838
 20
163.2639342881014
 30
1.793760276923777
 11
631.4148088478838
 21
163.2639342881014
 31
1.793760276923777
210
0.0
220
6.123233995736766E-17
230
-1.0
  0
LINE
  5
825
330
1F
100
AcDbEntity
  8
Whole Simpsons House v1_Sketch6
100
AcDbLine
 10
635.8823866256618
 20
85.86625373254573
 30
1.793760276923772
 11
632.8816588478838
 21
85.86625373254573
 31
1.793760276923772
210
0.0
220
6.123233995736766E-17
230
-1.0
  0
LINE
  5
826
330
1F
100
AcDbEntity
  8
Whole Simpsons House v1_Sketch6
100
AcDbLine
 10
643.3563366256617
 20
127.9018426214347
 30
1.793760276923775
 11
640.3556088478839
 21
127.9018426214347
 31
1.793760276923775
210
0.0
220
6.123233995736766E-17
230
-1.0
  0
LINE
  5
827
330
1F
100
AcDbEntity
  8
Whole Simpsons House v1_Sketch6
100
AcDbLine
 10
391.2451088478839
 20
61.46496762143463
 30
1.793760276923771
 11
401.2470644034394
 21
61.46496762143463
 31
1.793760276923771
210
0.0
220
6.123233995736766E-17
230
-1.0
  0
LINE
  5
828
330
1F
100
AcDbEntity
  8
Whole Simpsons House v1_Sketch6
100
AcDbLine
 10
372.8639755145505
 20
61.46496762143463
 30
1.793760276923771
 11
382.8659310701061
 21
61.46496762143463
 31
1.793760276923771
210
0.0
220
6.123233995736766E-17
230
-1.0
  0
LINE
  5
829
330
1F
100
AcDbEntity
  8
Whole Simpsons House v1_Sketch6
100
AcDbLine
 10
416.9075755145506
 20
61.46496762143463
 30
1.793760276923771
 11
426.9095310701061
 21
61.46496762143463
 31
1.793760276923771
210
0.0
220
6.123233995736766E-17
230
-1.0
  0
LINE
  5
82A
330
1F
100
AcDbEntity
  8
Whole Simpsons House v1_Sketch6
100
AcDbLine
 10
353.8901755145505
 20
195.8997592881014
 30
1.793760276923779
 11
431.8780532923283
 21
195.8997592881014
 31
1.793760276923779
210
0.0
220
6.123233995736766E-17
230
-1.0
  0
LINE
  5
82B
330
1F
100
AcDbEntity
  8
Whole Simpsons House v1_Sketch6
100
AcDbLine
 10
587.8495755145506
 20
159.4835676214347
 30
1.793760276923777
 11
590.8499505145505
 21
159.4835676214347
 31
1.793760276923777
210
0.0
220
6.123233995736766E-17
230
-1.0
  0
LINE
  5
82C
330
1F
100
AcDbEntity
  8
Whole Simpsons House v1_Sketch6
100
AcDbLine
 10
396.3007671812172
 20
219.768350954768
 30
1.79376027692378
 11
397.0147894034394
 21
219.768350954768
 31
1.79376027692378
210
0.0
220
6.123233995736766E-17
230
-1.0
  0
LINE
  5
82D
330
1F
100
AcDbEntity
  8
Whole Simpsons House v1_Sketch6
100
AcDbLine
 10
400.0155171812172
 20
219.768350954768
 30
1.79376027692378
 11
400.7295394034394
 21
219.768350954768
 31
1.79376027692378
210
0.0
220
6.123233995736766E-17
230
-1.0
  0
LINE
  5
82E
330
1F
100
AcDbEntity
  8
Whole Simpsons House v1_Sketch6
100
AcDbLine
 10
590.8499505145505
 20
169.4858759547681
 30
1.793760276923777
 11
587.8495755145506
 21
169.4858759547681
 31
1.793760276923777
210
0.0
220
6.123233995736766E-17
230
-1.0
  0
LINE
  5
82F
330
1F
100
AcDbEntity
  8
Whole Simpsons House v1_Sketch6
100
AcDbLine
 10
590.8499505145505
 20
213.6790537325458
 30
1.79376027692378
 11
587.8495755145506
 21
213.6790537325458
 31
1.79376027692378
210
0.0
220
6.123233995736766E-17
230
-1.0
  0
LINE
  5
830
330
1F
100
AcDbEntity
  8
Whole Simpsons House v1_Sketch6
100
AcDbLine
 10
394.4416282923283
 20
173.0679815103236
 30
1.793760276923777
 11
391.4412532923283
 21
173.0679815103236
 31
1.793760276923777
210
0.0
220
6.123233995736766E-17
230
-1.0
  0
LINE
  5
831
330
1F
100
AcDbEntity
  8
Whole Simpsons House v1_Sketch6
100
AcDbLine
 10
520.7748782923283
 20
226.6813842881014
 30
1.793760276923781
 11
510.7732755145506
 21
226.6813842881014
 31
1.793760276923781
210
0.0
220
6.123233995736766E-17
230
-1.0
  0
LINE
  5
832
330
1F
100
AcDbEntity
  8
Whole Simpsons House v1_Sketch6
100
AcDbLine
 10
577.847619958995
 20
226.6813842881014
 30
1.793760276923781
 11
567.8456644034394
 21
226.6813842881014
 31
1.793760276923781
210
0.0
220
6.123233995736766E-17
230
-1.0
  0
LINE
  5
833
330
1F
100
AcDbEntity
  8
Whole Simpsons House v1_Sketch6
100
AcDbLine
 10
397.0147894034394
 20
216.9567120658791
 30
1.79376027692378
 11
400.0155171812172
 21
216.9567120658791
 31
1.79376027692378
210
0.0
220
6.123233995736766E-17
230
-1.0
  0
LINE
  5
834
330
1F
100
AcDbEntity
  8
Whole Simpsons House v1_Sketch6
100
AcDbLine
 10
336.8532852630933
 20
142.4914003032325
 30
1.793760276923776
 11
339.8540130408711
 21
142.4914003032325
 31
1.793760276923776
210
0.0
220
6.123233995736766E-17
230
-1.0
  0
LINE
  5
835
330
1F
100
AcDbEntity
  8
Whole Simpsons House v1_Sketch6
100
AcDbLine
 10
347.0277491519822
 20
142.4914003032325
 30
1.793760276923776
 11
350.0281241519822
 21
142.4914003032325
 31
1.793760276923776
210
0.0
220
6.123233995736766E-17
230
-1.0
  0
LINE
  5
836
330
1F
100
AcDbEntity
  8
Whole Simpsons House v1_Sketch6
100
AcDbLine
 10
347.0277491519822
 20
153.0408669698991
 30
1.793760276923776
 11
339.8540130408711
 21
153.0408669698991
 31
1.793760276923776
210
0.0
220
6.123233995736766E-17
230
-1.0
  0
LINE
  5
837
330
1F
100
AcDbEntity
  8
Whole Simpsons House v1_Sketch6
100
AcDbLine
 10
589.0218560701062
 20
98.68619817699023
 30
1.793760276923773
 11
600.8056921812171
 21
98.68619817699023
 31
1.793760276923773
210
0.0
220
6.123233995736766E-17
230
-1.0
  0
LINE
  5
838
330
1F
100
AcDbEntity
  8
Whole Simpsons House v1_Sketch6
100
AcDbLine
 10
610.8080005145506
 20
98.68619817699023
 30
1.793760276923773
 11
620.8096032923282
 21
98.68619817699023
 31
1.793760276923773
210
0.0
220
6.123233995736766E-17
230
-1.0
  0
LINE
  5
839
330
1F
100
AcDbEntity
  8
Whole Simpsons House v1_Sketch6
100
AcDbLine
 10
577.5805671812172
 20
98.68619817699023
 30
1.793760276923773
 11
579.0199005145506
 21
98.68619817699023
 31
1.793760276923773
210
0.0
220
6.123233995736766E-17
230
-1.0
  0
LINE
  5
83A
330
1F
100
AcDbEntity
  8
Whole Simpsons House v1_Sketch6
100
AcDbLine
 10
487.3304866256616
 20
82.78720928810132
 30
1.793760276923772
 11
490.3312144034394
 21
82.78720928810132
 31
1.793760276923772
210
0.0
220
6.123233995736766E-17
230
-1.0
  0
LINE
  5
83B
330
1F
100
AcDbEntity
  8
Whole Simpsons House v1_Sketch6
100
AcDbLine
 10
547.2272144034393
 20
82.78720928810132
 30
1.793760276923772
 11
557.2288171812172
 21
82.78720928810132
 31
1.793760276923772
210
0.0
220
6.123233995736766E-17
230
-1.0
  0
LINE
  5
83C
330
1F
100
AcDbEntity
  8
Whole Simpsons House v1_Sketch6
100
AcDbLine
 10
500.3328171812173
 20
82.78720928810132
 30
1.793760276923772
 11
510.3347727367727
 21
82.78720928810132
 31
1.793760276923772
210
0.0
220
6.123233995736766E-17
230
-1.0
  0
LINE
  5
83D
330
1F
100
AcDbEntity
  8
Whole Simpsons House v1_Sketch6
100
AcDbLine
 10
651.3019505145504
 20
198.3039398436569
 30
1.793760276923779
 11
650.8228782923285
 21
198.3960148436569
 31
1.793760276923779
210
0.0
220
6.123233995736766E-17
230
-1.0
  0
LINE
  5
83E
330
1F
100
AcDbEntity
  8
Whole Simpsons House v1_Sketch6
100
AcDbLine
 10
510.3347727367727
 20
74.73611484365684
 30
1.793760276923771
 11
500.3328171812173
 21
74.73611484365684
 31
1.793760276923771
210
0.0
220
6.123233995736766E-17
230
-1.0
  0
LINE
  5
83F
330
1F
100
AcDbEntity
  8
Whole Simpsons House v1_Sketch6
100
AcDbLine
 10
557.2288171812172
 20
74.73611484365684
 30
1.793760276923771
 11
547.2272144034393
 21
74.73611484365684
 31
1.793760276923771
210
0.0
220
6.123233995736766E-17
230
-1.0
  0
LINE
  5
840
330
1F
100
AcDbEntity
  8
Whole Simpsons House v1_Sketch6
100
AcDbLine
 10
610.8080005145506
 20
74.73611484365684
 30
1.793760276923771
 11
600.8056921812171
 21
74.73611484365684
 31
1.793760276923771
210
0.0
220
6.123233995736766E-17
230
-1.0
  0
LINE
  5
841
330
1F
100
AcDbEntity
  8
Whole Simpsons House v1_Sketch6
100
AcDbLine
 10
490.3312144034394
 20
74.73611484365684
 30
1.793760276923771
 11
487.3304866256616
 21
74.73611484365684
 31
1.793760276923771
210
0.0
220
6.123233995736766E-17
230
-1.0
  0
LINE
  5
842
330
1F
100
AcDbEntity
  8
Whole Simpsons House v1_Sketch6
100
AcDbLine
 10
644.8902144034394
 20
142.8490370658792
 30
1.793760276923776
 11
653.7026032923284
 21
142.8490370658792
 31
1.793760276923776
210
0.0
220
6.123233995736766E-17
230
-1.0
  0
LINE
  5
843
330
1F
100
AcDbEntity
  8
Whole Simpsons House v1_Sketch6
100
AcDbLine
 10
600.8056921812171
 20
95.68582317699021
 30
1.793760276923773
 11
610.8080005145506
 21
95.68582317699021
 31
1.793760276923773
210
0.0
220
6.123233995736766E-17
230
-1.0
  0
LINE
  5
844
330
1F
100
AcDbEntity
  8
Whole Simpsons House v1_Sketch6
100
AcDbLine
 10
579.0199005145506
 20
95.68582317699021
 30
1.793760276923773
 11
589.0218560701062
 21
95.68582317699021
 31
1.793760276923773
210
0.0
220
6.123233995736766E-17
230
-1.0
  0
LINE
  5
845
330
1F
100
AcDbEntity
  8
Whole Simpsons House v1_Sketch6
100
AcDbLine
 10
650.7018755145506
 20
153.3018426214347
 30
1.793760276923776
 11
644.8902144034394
 21
153.3018426214347
 31
1.793760276923776
210
0.0
220
6.123233995736766E-17
230
-1.0
  0
LINE
  5
846
330
1F
100
AcDbEntity
  8
Whole Simpsons House v1_Sketch6
100
AcDbLine
 10
339.8540130408711
 20
148.4925030810102
 30
1.793760276923776
 11
336.8532852630933
 21
148.4925030810102
 31
1.793760276923776
210
0.0
220
6.123233995736766E-17
230
-1.0
  0
LINE
  5
847
330
1F
100
AcDbEntity
  8
Whole Simpsons House v1_Sketch6
100
AcDbLine
 10
350.0281241519822
 20
148.4925030810102
 30
1.793760276923776
 11
347.0277491519822
 21
148.4925030810102
 31
1.793760276923776
210
0.0
220
6.123233995736766E-17
230
-1.0
  0
LINE
  5
848
330
1F
100
AcDbEntity
  8
Whole Simpsons House v1_Sketch6
100
AcDbLine
 10
651.7700866256617
 20
198.3039398436569
 30
1.793760276923779
 11
651.3019505145505
 21
198.3039398436569
 31
1.793760276923779
210
0.0
220
6.123233995736766E-17
230
-1.0
  0
LINE
  5
849
330
1F
100
AcDbEntity
  8
Whole Simpsons House v1_Sketch6
100
AcDbLine
 10
339.8540130408711
 20
137.9430364143435
 30
1.793760276923775
 11
347.0277491519822
 21
137.9430364143435
 31
1.793760276923775
210
0.0
220
6.123233995736766E-17
230
-1.0
  0
LINE
  5
84A
330
1F
100
AcDbEntity
  8
Whole Simpsons House v1_Sketch6
100
AcDbLine
 10
405.8289421812173
 20
8.374734288101315
 30
1.793760276923767
 11
405.5520116256616
 21
8.374734288101315
 31
1.793760276923767
210
0.0
220
6.123233995736766E-17
230
-1.0
  0
LINE
  5
84B
330
1F
100
AcDbEntity
  8
Whole Simpsons House v1_Sketch6
100
AcDbLine
 10
406.3782171812172
 20
8.44705373254573
 30
1.793760276923767
 11
406.1058727367728
 21
8.44705373254573
 31
1.793760276923767
210
0.0
220
6.123233995736766E-17
230
-1.0
  0
LINE
  5
84C
330
1F
100
AcDbEntity
  8
Whole Simpsons House v1_Sketch6
100
AcDbLine
 10
405.2796671812172
 20
8.44705373254573
 30
1.793760276923767
 11
405.0168477367728
 21
8.44705373254573
 31
1.793760276923767
210
0.0
220
6.123233995736766E-17
230
-1.0
  0
LINE
  5
84D
330
1F
100
AcDbEntity
  8
Whole Simpsons House v1_Sketch6
100
AcDbLine
 10
557.2288171812172
 20
85.78758428810133
 30
1.793760276923772
 11
567.2311255145506
 21
85.78758428810133
 31
1.793760276923772
210
0.0
220
6.123233995736766E-17
230
-1.0
  0
LINE
  5
84E
330
1F
100
AcDbEntity
  8
Whole Simpsons House v1_Sketch6
100
AcDbLine
 10
510.3347727367727
 20
85.78758428810133
 30
1.793760276923772
 11
547.2272144034393
 21
85.78758428810133
 31
1.793760276923772
210
0.0
220
6.123233995736766E-17
230
-1.0
  0
LINE
  5
84F
330
1F
100
AcDbEntity
  8
Whole Simpsons House v1_Sketch6
100
AcDbLine
 10
490.3312144034394
 20
85.78758428810133
 30
1.793760276923772
 11
500.3328171812173
 21
85.78758428810133
 31
1.793760276923772
210
0.0
220
6.123233995736766E-17
230
-1.0
  0
LINE
  5
850
330
1F
100
AcDbEntity
  8
Whole Simpsons House v1_Sketch6
100
AcDbLine
 10
406.6406838478838
 20
8.5363065103235
 30
1.793760276923767
 11
406.3782171812172
 21
8.5363065103235
 31
1.793760276923767
210
0.0
220
6.123233995736766E-17
230
-1.0
  0
LINE
  5
851
330
1F
100
AcDbEntity
  8
Whole Simpsons House v1_Sketch6
100
AcDbLine
 10
599.3236727367728
 20
226.3698815103236
 30
1.793760276923781
 11
618.6615394034394
 21
226.3698815103236
 31
1.793760276923781
210
0.0
220
6.123233995736766E-17
230
-1.0
  0
LINE
  5
852
330
1F
100
AcDbEntity
  8
Whole Simpsons House v1_Sketch6
100
AcDbLine
 10
599.3236727367728
 20
212.4464481769902
 30
1.79376027692378
 11
618.6615394034394
 21
212.4464481769902
 31
1.79376027692378
210
0.0
220
6.123233995736766E-17
230
-1.0
  0
LINE
  5
853
330
1F
100
AcDbEntity
  8
Whole Simpsons House v1_Sketch6
100
AcDbLine
 10
405.5520116256616
 20
8.393078732545717
 30
1.793760276923767
 11
405.2796671812172
 21
8.393078732545717
 31
1.793760276923767
210
0.0
220
6.123233995736766E-17
230
-1.0
  0
LINE
  5
854
330
1F
100
AcDbEntity
  8
Whole Simpsons House v1_Sketch6
100
AcDbLine
 10
406.1058727367728
 20
8.393078732545717
 30
1.793760276923767
 11
405.8289421812173
 21
8.393078732545717
 31
1.793760276923767
210
0.0
220
6.123233995736766E-17
230
-1.0
  0
LINE
  5
855
330
1F
100
AcDbEntity
  8
Whole Simpsons House v1_Sketch6
100
AcDbLine
 10
599.3236727367728
 20
219.4081648436569
 30
1.79376027692378
 11
618.6615394034394
 21
219.4081648436569
 31
1.79376027692378
210
0.0
220
6.123233995736766E-17
230
-1.0
  0
LINE
  5
856
330
1F
100
AcDbEntity
  8
Whole Simpsons House v1_Sketch6
100
AcDbLine
 10
618.6615394034394
 20
207.4849815103236
 30
1.79376027692378
 11
599.3236727367728
 21
207.4849815103236
 31
1.79376027692378
210
0.0
220
6.123233995736766E-17
230
-1.0
  0
LINE
  5
857
330
1F
100
AcDbEntity
  8
Whole Simpsons House v1_Sketch6
100
AcDbLine
 10
381.6717782923283
 20
9.890973176990226
 30
1.793760276923767
 11
380.5016144034394
 21
9.814420399212349
 31
1.793760276923767
210
0.0
220
6.123233995736766E-17
230
-1.0
  0
LINE
  5
858
330
1F
100
AcDbEntity
  8
Whole Simpsons House v1_Sketch6
100
AcDbLine
 10
499.0825727367727
 20
48.90995928810129
 30
1.79376027692377
 11
502.0829477367729
 21
48.90995928810129
 31
1.79376027692377
210
0.0
220
6.123233995736766E-17
230
-1.0
  0
LINE
  5
859
330
1F
100
AcDbEntity
  8
Whole Simpsons House v1_Sketch6
100
AcDbLine
 10
618.6615394034394
 20
221.4084148436569
 30
1.793760276923781
 11
599.3236727367728
 21
221.4084148436569
 31
1.793760276923781
210
0.0
220
6.123233995736766E-17
230
-1.0
  0
LINE
  5
85A
330
1F
100
AcDbEntity
  8
Whole Simpsons House v1_Sketch6
100
AcDbLine
 10
618.6615394034394
 20
214.4466981769903
 30
1.79376027692378
 11
599.3236727367728
 21
214.4466981769903
 31
1.79376027692378
210
0.0
220
6.123233995736766E-17
230
-1.0
  0
LINE
  5
85B
330
1F
100
AcDbEntity
  8
Whole Simpsons House v1_Sketch6
100
AcDbLine
 10
380.5016144034394
 20
9.814420399212349
 30
1.793760276923767
 11
379.330744958995
 21
9.814420399212349
 31
1.793760276923767
210
0.0
220
6.123233995736766E-17
230
-1.0
  0
LINE
  5
85C
330
1F
100
AcDbEntity
  8
Whole Simpsons House v1_Sketch6
100
AcDbLine
 10
405.0168477367728
 20
12.45672595476802
 30
1.793760276923768
 11
405.2796671812172
 21
12.45672595476802
 31
1.793760276923768
210
0.0
220
6.123233995736766E-17
230
-1.0
  0
LINE
  5
85D
330
1F
100
AcDbEntity
  8
Whole Simpsons House v1_Sketch6
100
AcDbLine
 10
599.0104060701062
 20
159.2352120658792
 30
1.793760276923777
 11
618.3486255145506
 21
159.2352120658792
 31
1.793760276923777
210
0.0
220
6.123233995736766E-17
230
-1.0
  0
LINE
  5
85E
330
1F
100
AcDbEntity
  8
Whole Simpsons House v1_Sketch6
100
AcDbLine
 10
569.3559060701061
 20
41.68718706587912
 30
1.793760276923769
 11
572.3566338478839
 21
41.68718706587912
 31
1.793760276923769
210
0.0
220
6.123233995736766E-17
230
-1.0
  0
LINE
  5
85F
330
1F
100
AcDbEntity
  8
Whole Simpsons House v1_Sketch6
100
AcDbLine
 10
456.7351282923283
 20
226.6157676214347
 30
1.793760276923781
 11
472.7992171812172
 21
226.6157676214347
 31
1.793760276923781
210
0.0
220
6.123233995736766E-17
230
-1.0
  0
LINE
  5
860
330
1F
100
AcDbEntity
  8
Whole Simpsons House v1_Sketch6
100
AcDbLine
 10
618.3486255145506
 20
147.3120287325458
 30
1.793760276923776
 11
599.0104060701062
 21
147.3120287325458
 31
1.793760276923776
210
0.0
220
6.123233995736766E-17
230
-1.0
  0
LINE
  5
861
330
1F
100
AcDbEntity
  8
Whole Simpsons House v1_Sketch6
100
AcDbLine
 10
559.3144394034393
 20
207.9718148436569
 30
1.79376027692378
 11
562.3151671812172
 21
207.9718148436569
 31
1.79376027692378
210
0.0
220
6.123233995736766E-17
230
-1.0
  0
LINE
  5
862
330
1F
100
AcDbEntity
  8
Whole Simpsons House v1_Sketch6
100
AcDbLine
 10
562.3151671812172
 20
204.9710870658791
 30
1.793760276923779
 11
567.8467227367728
 21
204.9710870658791
 31
1.793760276923779
210
0.0
220
6.123233995736766E-17
230
-1.0
  0
LINE
  5
863
330
1F
100
AcDbEntity
  8
Whole Simpsons House v1_Sketch6
100
AcDbLine
 10
553.782883847884
 20
204.9710870658791
 30
1.793760276923779
 11
559.3144394034393
 21
204.9710870658791
 31
1.793760276923779
210
0.0
220
6.123233995736766E-17
230
-1.0
  0
LINE
  5
864
330
1F
100
AcDbEntity
  8
Whole Simpsons House v1_Sketch6
100
AcDbLine
 10
502.0829477367729
 20
40.90860651032349
 30
1.793760276923769
 11
499.0825727367727
 21
40.90860651032349
 31
1.793760276923769
210
0.0
220
6.123233995736766E-17
230
-1.0
  0
LINE
  5
865
330
1F
100
AcDbEntity
  8
Whole Simpsons House v1_Sketch6
100
AcDbLine
 10
406.1058727367728
 20
12.59995373254583
 30
1.793760276923768
 11
406.3782171812172
 21
12.59995373254583
 31
1.793760276923768
210
0.0
220
6.123233995736766E-17
230
-1.0
  0
LINE
  5
866
330
1F
100
AcDbEntity
  8
Whole Simpsons House v1_Sketch6
100
AcDbLine
 10
405.5520116256616
 20
12.59995373254583
 30
1.793760276923768
 11
405.8289421812173
 21
12.59995373254583
 31
1.793760276923768
210
0.0
220
6.123233995736766E-17
230
-1.0
  0
LINE
  5
867
330
1F
100
AcDbEntity
  8
Whole Simpsons House v1_Sketch6
100
AcDbLine
 10
530.7175671812172
 20
175.2936565103236
 30
1.793760276923778
 11
514.6534782923284
 21
175.2936565103236
 31
1.793760276923778
210
0.0
220
6.123233995736766E-17
230
-1.0
  0
LINE
  5
868
330
1F
100
AcDbEntity
  8
Whole Simpsons House v1_Sketch6
100
AcDbLine
 10
533.7182949589951
 20
188.596200954768
 30
1.793760276923779
 11
530.7175671812172
 21
188.596200954768
 31
1.793760276923779
210
0.0
220
6.123233995736766E-17
230
-1.0
  0
LINE
  5
869
330
1F
100
AcDbEntity
  8
Whole Simpsons House v1_Sketch6
100
AcDbLine
 10
514.6534782923284
 20
188.596200954768
 30
1.793760276923779
 11
511.6527505145505
 21
188.596200954768
 31
1.793760276923779
210
0.0
220
6.123233995736766E-17
230
-1.0
  0
LINE
  5
86A
330
1F
100
AcDbEntity
  8
Whole Simpsons House v1_Sketch6
100
AcDbLine
 10
618.3486255145506
 20
161.2354620658792
 30
1.793760276923777
 11
599.0104060701062
 21
161.2354620658792
 31
1.793760276923777
210
0.0
220
6.123233995736766E-17
230
-1.0
  0
LINE
  5
86B
330
1F
100
AcDbEntity
  8
Whole Simpsons House v1_Sketch6
100
AcDbLine
 10
599.0104060701062
 20
166.196575954768
 30
1.793760276923777
 11
618.3486255145506
 21
166.196575954768
 31
1.793760276923777
210
0.0
220
6.123233995736766E-17
230
-1.0
  0
LINE
  5
86C
330
1F
100
AcDbEntity
  8
Whole Simpsons House v1_Sketch6
100
AcDbLine
 10
562.3151671812172
 20
172.2692926214347
 30
1.793760276923777
 11
559.3144394034393
 21
172.2692926214347
 31
1.793760276923777
210
0.0
220
6.123233995736766E-17
230
-1.0
  0
LINE
  5
86D
330
1F
100
AcDbEntity
  8
Whole Simpsons House v1_Sketch6
100
AcDbLine
 10
572.3566338478839
 20
49.68889262143475
 30
1.79376027692377
 11
569.3559060701061
 21
49.68889262143475
 31
1.79376027692377
210
0.0
220
6.123233995736766E-17
230
-1.0
  0
LINE
  5
86E
330
1F
100
AcDbEntity
  8
Whole Simpsons House v1_Sketch6
100
AcDbLine
 10
405.8289421812173
 20
12.61829817699023
 30
1.793760276923768
 11
406.1058727367728
 21
12.61829817699023
 31
1.793760276923768
210
0.0
220
6.123233995736766E-17
230
-1.0
  0
LINE
  5
86F
330
1F
100
AcDbEntity
  8
Whole Simpsons House v1_Sketch6
100
AcDbLine
 10
618.3486255145506
 20
154.2737453992125
 30
1.793760276923776
 11
599.0104060701062
 21
154.2737453992125
 31
1.793760276923776
210
0.0
220
6.123233995736766E-17
230
-1.0
  0
LINE
  5
870
330
1F
100
AcDbEntity
  8
Whole Simpsons House v1_Sketch6
100
AcDbLine
 10
599.0104060701062
 20
152.2731426214347
 30
1.793760276923776
 11
618.3486255145506
 21
152.2731426214347
 31
1.793760276923776
210
0.0
220
6.123233995736766E-17
230
-1.0
  0
LINE
  5
871
330
1F
100
AcDbEntity
  8
Whole Simpsons House v1_Sketch6
100
AcDbLine
 10
514.6534782923284
 20
204.947450954768
 30
1.793760276923779
 11
530.7175671812172
 21
204.947450954768
 31
1.793760276923779
210
0.0
220
6.123233995736766E-17
230
-1.0
  0
LINE
  5
872
330
1F
100
AcDbEntity
  8
Whole Simpsons House v1_Sketch6
100
AcDbLine
 10
567.8467227367728
 20
175.2700203992125
 30
1.793760276923778
 11
562.3151671812172
 21
175.2700203992125
 31
1.793760276923778
210
0.0
220
6.123233995736766E-17
230
-1.0
  0
LINE
  5
873
330
1F
100
AcDbEntity
  8
Whole Simpsons House v1_Sketch6
100
AcDbLine
 10
559.3144394034393
 20
175.2700203992125
 30
1.793760276923778
 11
553.782883847884
 21
175.2700203992125
 31
1.793760276923778
210
0.0
220
6.123233995736766E-17
230
-1.0
  0
LINE
  5
874
330
1F
100
AcDbEntity
  8
Whole Simpsons House v1_Sketch6
100
AcDbLine
 10
511.6527505145505
 20
191.5969287325458
 30
1.793760276923779
 11
514.6534782923284
 21
191.5969287325458
 31
1.793760276923779
210
0.0
220
6.123233995736766E-17
230
-1.0
  0
LINE
  5
875
330
1F
100
AcDbEntity
  8
Whole Simpsons House v1_Sketch6
100
AcDbLine
 10
530.7175671812172
 20
191.5969287325458
 30
1.793760276923779
 11
533.7182949589951
 21
191.5969287325458
 31
1.793760276923779
210
0.0
220
6.123233995736766E-17
230
-1.0
  0
LINE
  5
876
330
1F
100
AcDbEntity
  8
Whole Simpsons House v1_Sketch6
100
AcDbLine
 10
405.2796671812172
 20
12.54597873254582
 30
1.793760276923768
 11
405.5520116256616
 21
12.54597873254582
 31
1.793760276923768
210
0.0
220
6.123233995736766E-17
230
-1.0
  0
LINE
  5
877
330
1F
100
AcDbEntity
  8
Whole Simpsons House v1_Sketch6
100
AcDbLine
 10
406.3782171812172
 20
12.54597873254582
 30
1.793760276923768
 11
406.6406838478838
 21
12.54597873254582
 31
1.793760276923768
210
0.0
220
6.123233995736766E-17
230
-1.0
  0
LINE
  5
878
330
1F
100
AcDbEntity
  8
Whole Simpsons House v1_Sketch6
100
AcDbLine
 10
363.2359644034394
 20
214.5461815103236
 30
1.79376027692378
 11
363.5054866256617
 21
214.4925592881013
 31
1.79376027692378
210
0.0
220
6.123233995736766E-17
230
-1.0
  0
LINE
  5
879
330
1F
100
AcDbEntity
  8
Whole Simpsons House v1_Sketch6
100
AcDbLine
 10
364.3200000000001
 20
214.5262397230762
 30
1.79376027692378
 11
364.5853394034394
 21
214.6347287325458
 31
1.79376027692378
210
0.0
220
6.123233995736766E-17
230
-1.0
  0
LINE
  5
87A
330
1F
100
AcDbEntity
  8
Whole Simpsons House v1_Sketch6
100
AcDbLine
 10
364.5853394034394
 20
218.5216342881014
 30
1.79376027692378
 11
364.3246366256617
 21
218.6101815103236
 31
1.79376027692378
210
0.0
220
6.123233995736766E-17
230
-1.0
  0
LINE
  5
87B
330
1F
100
AcDbEntity
  8
Whole Simpsons House v1_Sketch6
100
AcDbLine
 10
363.2359644034394
 20
218.6101815103236
 30
1.79376027692378
 11
362.9752616256616
 21
218.5216342881014
 31
1.79376027692378
210
0.0
220
6.123233995736766E-17
230
-1.0
  0
LINE
  5
87C
330
1F
100
AcDbEntity
  8
Whole Simpsons House v1_Sketch6
100
AcDbLine
 10
364.3246366256617
 20
218.6101815103236
 30
1.79376027692378
 11
364.0547616256616
 21
218.6638037325458
 31
1.79376027692378
210
0.0
220
6.123233995736766E-17
230
-1.0
  0
LINE
  5
87D
330
1F
100
AcDbEntity
  8
Whole Simpsons House v1_Sketch6
100
AcDbLine
 10
394.4416282923283
 20
188.7630648436569
 30
1.793760276923779
 11
391.4409005145505
 21
188.7630648436569
 31
1.793760276923779
210
0.0
220
6.123233995736766E-17
230
-1.0
  0
LINE
  5
87E
330
1F
100
AcDbEntity
  8
Whole Simpsons House v1_Sketch6
100
AcDbLine
 10
385.9400366256616
 20
179.3336676214347
 30
1.793760276923778
 11
399.942844958995
 21
179.3336676214347
 31
1.793760276923778
210
0.0
220
6.123233995736766E-17
230
-1.0
  0
LINE
  5
87F
330
1F
100
AcDbEntity
  8
Whole Simpsons House v1_Sketch6
100
AcDbLine
 10
391.4409005145505
 20
185.7623370658791
 30
1.793760276923778
 11
385.9400366256616
 21
185.7623370658791
 31
1.793760276923778
210
0.0
220
6.123233995736766E-17
230
-1.0
  0
LINE
  5
880
330
1F
100
AcDbEntity
  8
Whole Simpsons House v1_Sketch6
100
AcDbLine
 10
399.942844958995
 20
185.7623370658791
 30
1.793760276923778
 11
394.4416282923283
 21
185.7623370658791
 31
1.793760276923778
210
0.0
220
6.123233995736766E-17
230
-1.0
  0
LINE
  5
881
330
1F
100
AcDbEntity
  8
Whole Simpsons House v1_Sketch6
100
AcDbLine
 10
363.7803005145506
 20
214.4745676214347
 30
1.79376027692378
 11
364.0547616256616
 21
214.4745676214347
 31
1.79376027692378
210
0.0
220
6.123233995736766E-17
230
-1.0
  0
LINE
  5
882
330
1F
100
AcDbEntity
  8
Whole Simpsons House v1_Sketch6
100
AcDbLine
 10
363.5054866256617
 20
218.6817953992125
 30
1.79376027692378
 11
363.2359644034394
 21
218.6101815103236
 31
1.79376027692378
210
0.0
220
6.123233995736766E-17
230
-1.0
  0
LINE
  5
883
330
1F
100
AcDbEntity
  8
Whole Simpsons House v1_Sketch6
100
AcDbLine
 10
364.0547616256616
 20
218.6638037325458
 30
1.79376027692378
 11
363.7803005145506
 21
218.6817953992125
 31
1.79376027692378
210
0.0
220
6.123233995736766E-17
230
-1.0
  0
LINE
  5
884
330
1F
100
AcDbEntity
  8
Whole Simpsons House v1_Sketch6
100
AcDbLine
 10
363.7803005145506
 20
218.6817953992125
 30
1.79376027692378
 11
363.5054866256617
 21
218.6817953992125
 31
1.79376027692378
210
0.0
220
6.123233995736766E-17
230
-1.0
  0
LINE
  5
885
330
1F
100
AcDbEntity
  8
Whole Simpsons House v1_Sketch6
100
AcDbLine
 10
472.7992171812172
 20
196.9619731769903
 30
1.793760276923779
 11
456.7351282923283
 21
196.9619731769903
 31
1.793760276923779
210
0.0
220
6.123233995736766E-17
230
-1.0
  0
LINE
  5
886
330
1F
100
AcDbEntity
  8
Whole Simpsons House v1_Sketch6
100
AcDbLine
 10
362.9752616256616
 20
214.6347287325458
 30
1.79376027692378
 11
363.2359644034394
 21
214.5461815103236
 31
1.79376027692378
210
0.0
220
6.123233995736766E-17
230
-1.0
  0
LINE
  5
887
330
1F
100
AcDbEntity
  8
Whole Simpsons House v1_Sketch6
100
AcDbLine
 10
363.5054866256617
 20
214.4925592881013
 30
1.79376027692378
 11
363.7803005145506
 21
214.4745676214347
 31
1.79376027692378
210
0.0
220
6.123233995736766E-17
230
-1.0
  0
LINE
  5
888
330
1F
100
AcDbEntity
  8
Whole Simpsons House v1_Sketch6
100
AcDbLine
 10
364.0547616256616
 20
214.4745676214347
 30
1.79376027692378
 11
364.3200000000001
 21
214.5262397230762
 31
1.79376027692378
210
0.0
220
6.123233995736766E-17
230
-1.0
  0
LINE
  5
889
330
1F
100
AcDbEntity
  8
Whole Simpsons House v1_Sketch6
100
AcDbLine
 10
393.5141755145505
 20
210.9556092881013
 30
1.79376027692378
 11
403.5161310701061
 21
210.9556092881013
 31
1.79376027692378
210
0.0
220
6.123233995736766E-17
230
-1.0
  0
ENDSEC
  0
SECTION
  2
OBJECTS
  0
DICTIONARY
  5
C
330
0
100
AcDbDictionary
281
     1
  3
ACAD_DETAILVIEWSTYLE
350
8C1
  3
ACAD_GROUP
350
D
  3
ACAD_LAYOUT
350
1A
  3
ACAD_MATERIAL
350
43
  3
ACAD_MLEADERSTYLE
350
5B
  3
ACAD_MLINESTYLE
350
17
  3
ACAD_PLOTSETTINGS
350
19
  3
ACAD_PLOTSTYLENAME
350
E
  3
ACAD_SCALELIST
350
47
  3
ACAD_SECTIONVIEWSTYLE
350
8C2
  3
ACAD_TABLESTYLE
350
59
  3
ACAD_VISUALSTYLE
350
2A
  3
AcDbVariableDictionary
350
88A
  3
ACDB_RECOMPOSE_DATA
350
8BE
  0
SUN
  5
5D
330
29
100
AcDbSun
 90
        1
290
     0
 63
     7
421
 16777215
 40
1.0
291
     1
 91
  2455826
 92
 54000000
292
     0
 70
     2
 71
   256
280
     1
  0
DICTIONARY
  5
8C1
102
{ACAD_REACTORS
330
C
102
}
330
C
100
AcDbDictionary
281
     1
  0
DICTIONARY
  5
D
102
{ACAD_REACTORS
330
C
102
}
330
C
100
AcDbDictionary
281
     1
  0
DICTIONARY
  5
1A
102
{ACAD_REACTORS
330
C
102
}
330
C
100
AcDbDictionary
281
     1
  3
Layout1
350
1E
  3
Layout2
350
26
  3
Model
350
22
  0
DICTIONARY
  5
43
102
{ACAD_REACTORS
330
C
102
}
330
C
100
AcDbDictionary
281
     1
  3
ByBlock
350
45
  3
ByLayer
350
44
  3
Global
350
46
  0
DICTIONARY
  5
5B
102
{ACAD_REACTORS
330
C
102
}
330
C
100
AcDbDictionary
281
     1
  3
Standard
350
5C
  0
DICTIONARY
  5
17
102
{ACAD_REACTORS
330
C
102
}
330
C
100
AcDbDictionary
281
     1
  3
Standard
350
18
  0
DICTIONARY
  5
19
102
{ACAD_REACTORS
330
C
102
}
330
C
100
AcDbDictionary
281
     1
  0
ACDBDICTIONARYWDFLT
  5
E
102
{ACAD_REACTORS
330
C
102
}
330
C
100
AcDbDictionary
281
     1
  3
Normal
350
F
100
AcDbDictionaryWithDefault
340
F
  0
DICTIONARY
  5
47
102
{ACAD_REACTORS
330
C
102
}
330
C
100
AcDbDictionary
281
     1
  3
A0
350
48
  3
A1
350
49
  3
A2
350
4A
  3
A3
350
4B
  3
A4
350
4C
  3
A5
350
4D
  3
A6
350
4E
  3
A7
350
4F
  3
A8
350
50
  3
A9
350
51
  3
B0
350
52
  3
B1
350
53
  3
B2
350
54
  3
B3
350
55
  3
B4
350
56
  3
B5
350
57
  3
B6
350
58
  0
DICTIONARY
  5
8C2
102
{ACAD_REACTORS
330
C
102
}
330
C
100
AcDbDictionary
281
     1
  0
DICTIONARY
  5
59
102
{ACAD_REACTORS
330
C
102
}
330
C
100
AcDbDictionary
281
     1
  3
Standard
350
5A
  0
DICTIONARY
  5
2A
102
{ACAD_REACTORS
330
C
102
}
330
C
100
AcDbDictionary
281
     1
  3
2dWireframe
350
2F
  3
Basic
350
32
  3
Brighten
350
36
  3
ColorChange
350
3A
  3
Conceptual
350
34
  3
Dim
350
35
  3
EdgeColorOff
350
3D
  3
Facepattern
350
39
  3
Flat
350
2B
  3
FlatWithEdges
350
2C
  3
Gouraud
350
2D
  3
GouraudWithEdges
350
2E
  3
Hidden
350
31
  3
JitterOff
350
3B
  3
Linepattern
350
38
  3
OverhangOff
350
3C
  3
Realistic
350
33
  3
Shaded
350
42
  3
Shaded with edges
350
41
  3
Shades of Gray
350
3E
  3
Sketchy
350
3F
  3
Thicken
350
37
  3
Wireframe
350
30
  3
X-Ray
350
40
  0
DICTIONARY
  5
88A
102
{ACAD_REACTORS
330
C
102
}
330
C
100
AcDbDictionary
281
     1
  3
CANNOSCALE
350
88B
  3
CENTEREXE
350
8C3
  3
CENTERLTYPEFILE
350
8C4
  3
CMLEADERSTYLE
350
8C0
  3
CTABLESTYLE
350
8BF
  0
XRECORD
  5
8BE
102
{ACAD_REACTORS
330
C
102
}
330
C
100
AcDbXrecord
280
     1
 90
        1
330
5A
  0
LAYOUT
  5
1E
102
{ACAD_REACTORS
330
1A
102
}
330
1A
100
AcDbPlotSettings
  1

  2
none_device
  4

  6

 40
0.0
 41
0.0
 42
0.0
 43
0.0
 44
0.0
 45
0.0
 46
0.0
 47
0.0
 48
0.0
 49
0.0
140
0.0
141
0.0
142
1.0
143
1.0
 70
   688
 72
     1
 73
     0
 74
     5
  7

 75
    16
 76
     0
 77
     2
 78
   300
147
1.0
148
0.0
149
0.0
100
AcDbLayout
  1
Layout1
 70
     1
 71
     1
 10
0.0
 20
0.0
 11
420.0
 21
297.0
 12
0.0
 22
0.0
 32
0.0
 14
1.000000000000000E+20
 24
1.000000000000000E+20
 34
1.000000000000000E+20
 15
-1.000000000000000E+20
 25
-1.000000000000000E+20
 35
-1.000000000000000E+20
146
0.0
 13
0.0
 23
0.0
 33
0.0
 16
1.0
 26
0.0
 36
0.0
 17
0.0
 27
1.0
 37
0.0
 76
     0
330
1B
  0
LAYOUT
  5
26
102
{ACAD_REACTORS
330
1A
102
}
330
1A
100
AcDbPlotSettings
  1

  2
none_device
  4

  6

 40
0.0
 41
0.0
 42
0.0
 43
0.0
 44
0.0
 45
0.0
 46
0.0
 47
0.0
 48
0.0
 49
0.0
140
0.0
141
0.0
142
1.0
143
1.0
 70
   688
 72
     1
 73
     0
 74
     5
  7

 75
    16
 76
     0
 77
     2
 78
   300
147
1.0
148
0.0
149
0.0
100
AcDbLayout
  1
Layout2
 70
     1
 71
     2
 10
0.0
 20
0.0
 11
0.0
 21
0.0
 12
0.0
 22
0.0
 32
0.0
 14
0.0
 24
0.0
 34
0.0
 15
0.0
 25
0.0
 35
0.0
146
0.0
 13
0.0
 23
0.0
 33
0.0
 16
1.0
 26
0.0
 36
0.0
 17
0.0
 27
1.0
 37
0.0
 76
     0
330
23
  0
LAYOUT
  5
22
102
{ACAD_REACTORS
330
1A
102
}
330
1A
100
AcDbPlotSettings
  1

  2
none_device
  4
Letter_(8.50_x_11.00_Inches)
  6

 40
6.35
 41
6.35
 42
6.35000508
 43
6.35000508
 44
215.9
 45
279.4
 46
0.0
 47
0.0
 48
0.0
 49
0.0
140
0.0
141
0.0
142
1.0
143
1.0
 70
  1712
 72
     1
 73
     0
 74
     0
  7

 75
     0
 76
     0
 77
     2
 78
   300
147
1.0
148
0.0
149
0.0
100
AcDbLayout
  1
Model
 70
     1
 71
     0
 10
0.0
 20
0.0
 11
420.0
 21
297.0
 12
0.0
 22
0.0
 32
0.0
 14
1.000000000000000E+20
 24
1.000000000000000E+20
 34
1.000000000000000E+20
 15
-1.000000000000000E+20
 25
-1.000000000000000E+20
 35
-1.000000000000000E+20
146
0.0
 13
0.0
 23
0.0
 33
0.0
 16
1.0
 26
0.0
 36
0.0
 17
0.0
 27
1.0
 37
0.0
 76
     0
330
1F
331
29
  0
MATERIAL
  5
45
102
{ACAD_REACTORS
330
43
102
}
330
43
100
AcDbMaterial
  1
ByBlock
 72
     1
 94
      127
  0
MATERIAL
  5
44
102
{ACAD_REACTORS
330
43
102
}
330
43
100
AcDbMaterial
  1
ByLayer
 72
     1
 94
      127
  0
MATERIAL
  5
46
102
{ACAD_REACTORS
330
43
102
}
330
43
100
AcDbMaterial
  1
Global
 72
     1
 94
      127
  0
MLEADERSTYLE
  5
5C
102
{ACAD_REACTORS
330
5B
102
}
330
5B
100
AcDbMLeaderStyle
179
     2
170
     2
171
     1
172
     0
 90
        2
 40
0.0
 41
0.0
173
     1
 91
-1056964608
340
14
 92
       -2
290
     1
 42
2.0
291
     1
 43
8.0
  3
Standard
341
0
 44
4.0
300

342
11
174
     1
178
     6
175
     1
176
     0
 93
-1056964608
 45
4.0
292
     0
297
     0
 46
4.0
343
0
 94
-1056964608
 47
1.0
 49
1.0
140
1.0
293
     1
141
0.0
294
     1
177
     0
142
1.0
295
     0
296
     0
143
3.75
271
     0
272
     9
273
     9
  0
MLINESTYLE
  5
18
102
{ACAD_REACTORS
330
17
102
}
330
17
100
AcDbMlineStyle
  2
Standard
 70
     0
  3

 62
   256
 51
90.0
 52
90.0
 71
     2
 49
0.5
 62
   256
  6
BYLAYER
 49
-0.5
 62
   256
  6
BYLAYER
  0
ACDBPLACEHOLDER
  5
F
102
{ACAD_REACTORS
330
E
102
}
330
E
  0
SCALE
  5
48
102
{ACAD_REACTORS
330
47
102
}
330
47
100
AcDbScale
 70
     0
300
1:1
140
1.0
141
1.0
290
     1
  0
SCALE
  5
49
102
{ACAD_REACTORS
330
47
102
}
330
47
100
AcDbScale
 70
     0
300
1:2
140
1.0
141
2.0
290
     0
  0
SCALE
  5
4A
102
{ACAD_REACTORS
330
47
102
}
330
47
100
AcDbScale
 70
     0
300
1:4
140
1.0
141
4.0
290
     0
  0
SCALE
  5
4B
102
{ACAD_REACTORS
330
47
102
}
330
47
100
AcDbScale
 70
     0
300
1:5
140
1.0
141
5.0
290
     0
  0
SCALE
  5
4C
102
{ACAD_REACTORS
330
47
102
}
330
47
100
AcDbScale
 70
     0
300
1:8
140
1.0
141
8.0
290
     0
  0
SCALE
  5
4D
102
{ACAD_REACTORS
330
47
102
}
330
47
100
AcDbScale
 70
     0
300
1:10
140
1.0
141
10.0
290
     0
  0
SCALE
  5
4E
102
{ACAD_REACTORS
330
47
102
}
330
47
100
AcDbScale
 70
     0
300
1:16
140
1.0
141
16.0
290
     0
  0
SCALE
  5
4F
102
{ACAD_REACTORS
330
47
102
}
330
47
100
AcDbScale
 70
     0
300
1:20
140
1.0
141
20.0
290
     0
  0
SCALE
  5
50
102
{ACAD_REACTORS
330
47
102
}
330
47
100
AcDbScale
 70
     0
300
1:30
140
1.0
141
30.0
290
     0
  0
SCALE
  5
51
102
{ACAD_REACTORS
330
47
102
}
330
47
100
AcDbScale
 70
     0
300
1:40
140
1.0
141
40.0
290
     0
  0
SCALE
  5
52
102
{ACAD_REACTORS
330
47
102
}
330
47
100
AcDbScale
 70
     0
300
1:50
140
1.0
141
50.0
290
     0
  0
SCALE
  5
53
102
{ACAD_REACTORS
330
47
102
}
330
47
100
AcDbScale
 70
     0
300
1:100
140
1.0
141
100.0
290
     0
  0
SCALE
  5
54
102
{ACAD_REACTORS
330
47
102
}
330
47
100
AcDbScale
 70
     0
300
2:1
140
2.0
141
1.0
290
     0
  0
SCALE
  5
55
102
{ACAD_REACTORS
330
47
102
}
330
47
100
AcDbScale
 70
     0
300
4:1
140
4.0
141
1.0
290
     0
  0
SCALE
  5
56
102
{ACAD_REACTORS
330
47
102
}
330
47
100
AcDbScale
 70
     0
300
8:1
140
8.0
141
1.0
290
     0
  0
SCALE
  5
57
102
{ACAD_REACTORS
330
47
102
}
330
47
100
AcDbScale
 70
     0
300
10:1
140
10.0
141
1.0
290
     0
  0
SCALE
  5
58
102
{ACAD_REACTORS
330
47
102
}
330
47
100
AcDbScale
 70
     0
300
100:1
140
100.0
141
1.0
290
     0
  0
TABLESTYLE
  5
5A
102
{ACAD_REACTORS
330
59
102
}
102
{ACAD_XDICTIONARY
360
8BC
102
}
330
59
100
AcDbTableStyle
  3
Standard
 70
     0
 71
     0
 40
0.06
 41
0.06
280
     0
281
     0
  7
Standard
140
4.5
170
     2
 62
     0
 63
   257
283
     0
 90
        4
 91
        0
  1

274
    -2
284
     1
 64
     0
275
    -2
285
     1
 65
     0
276
    -2
286
     1
 66
     0
277
    -2
287
     1
 67
     0
278
    -2
288
     1
 68
     0
279
    -2
289
     1
 69
     0
  7
Standard
140
6.0
170
     5
 62
     0
 63
   257
283
     0
 90
        4
 91
        0
  1

274
    -2
284
     1
 64
     0
275
    -2
285
     1
 65
     0
276
    -2
286
     1
 66
     0
277
    -2
287
     1
 67
     0
278
    -2
288
     1
 68
     0
279
    -2
289
     1
 69
     0
  7
Standard
140
4.5
170
     5
 62
     0
 63
   257
283
     0
 90
        4
 91
        0
  1

274
    -2
284
     1
 64
     0
275
    -2
285
     1
 65
     0
276
    -2
286
     1
 66
     0
277
    -2
287
     1
 67
     0
278
    -2
288
     1
 68
     0
279
    -2
289
     1
 69
     0
  0
VISUALSTYLE
  5
2F
102
{ACAD_REACTORS
330
2A
102
}
102
{ACAD_XDICTIONARY
360
894
102
}
330
2A
100
AcDbVisualStyle
  2
2dWireframe
 70
     4
177
     2
291
     0
 71
     0
176
     1
 72
     2
176
     1
 73
     0
176
     1
 90
        0
176
     1
 40
0.6
176
     1
 41
30.0
176
     1
 62
     5
 63
     7
421
 16777215
176
     1
 74
     1
176
     1
 91
        4
176
     1
 64
     7
176
     1
 65
   257
176
     1
 75
     1
176
     1
175
     1
176
     1
 42
1.0
176
     1
 92
        0
176
     1
 66
   257
176
     1
 43
1.0
176
     1
 76
     1
176
     1
 77
     6
176
     1
 78
     2
176
     1
 67
     7
176
     1
 79
     5
176
     1
170
     0
176
     1
171
     0
176
     1
290
     0
176
     1
 93
        1
176
     1
 44
0.0
176
     1
173
     0
176
     1
  0
VISUALSTYLE
  5
32
102
{ACAD_REACTORS
330
2A
102
}
102
{ACAD_XDICTIONARY
360
89A
102
}
330
2A
100
AcDbVisualStyle
  2
Basic
 70
     7
177
     2
291
     1
 71
     1
176
     1
 72
     0
176
     1
 73
     1
176
     1
 90
        0
176
     1
 40
0.6
176
     1
 41
30.0
176
     1
 62
     5
 63
     7
421
 16777215
176
     1
 74
     0
176
     1
 91
        4
176
     1
 64
     7
176
     1
 65
   257
176
     1
 75
     1
176
     1
175
     1
176
     1
 42
1.0
176
     1
 92
        8
176
     1
 66
     7
176
     1
 43
1.0
176
     1
 76
     1
176
     1
 77
     6
176
     1
 78
     2
176
     1
 67
     7
176
     1
 79
     5
176
     1
170
     0
176
     1
171
     0
176
     1
290
     0
176
     1
 93
        1
176
     1
 44
0.0
176
     1
173
     0
176
     1
  0
VISUALSTYLE
  5
36
102
{ACAD_REACTORS
330
2A
102
}
102
{ACAD_XDICTIONARY
360
8A2
102
}
330
2A
100
AcDbVisualStyle
  2
Brighten
 70
    12
177
     2
291
     1
 71
     2
176
     1
 72
     2
176
     1
 73
     0
176
     1
 90
        0
176
     1
 40
0.6
176
     1
 41
30.0
176
     1
 62
     5
 63
     7
421
 16777215
176
     1
 74
     1
176
     1
 91
        4
176
     1
 64
     7
176
     1
 65
   257
176
     1
 75
     1
176
     1
175
     1
176
     1
 42
1.0
176
     1
 92
        8
176
     1
 66
     7
176
     1
 43
1.0
176
     1
 76
     1
176
     1
 77
     6
176
     1
 78
     2
176
     1
 67
     7
176
     1
 79
     5
176
     1
170
     0
176
     1
171
     0
176
     1
290
     0
176
     1
 93
        1
176
     1
 44
50.0
176
     1
173
     0
176
     1
  0
VISUALSTYLE
  5
3A
102
{ACAD_REACTORS
330
2A
102
}
102
{ACAD_XDICTIONARY
360
8AA
102
}
330
2A
100
AcDbVisualStyle
  2
ColorChange
 70
    16
177
     2
291
     1
 71
     2
176
     1
 72
     2
176
     1
 73
     3
176
     1
 90
        0
176
     1
 40
0.6
176
     1
 41
30.0
176
     1
 62
     5
 63
     8
421
  8421504
176
     1
 74
     1
176
     1
 91
        4
176
     1
 64
     7
176
     1
 65
   257
176
     1
 75
     1
176
     1
175
     1
176
     1
 42
1.0
176
     1
 92
        8
176
     1
 66
     8
424
  8421504
176
     1
 43
1.0
176
     1
 76
     1
176
     1
 77
     6
176
     1
 78
     2
176
     1
 67
     7
176
     1
 79
     5
176
     1
170
     0
176
     1
171
     0
176
     1
290
     0
176
     1
 93
        1
176
     1
 44
0.0
176
     1
173
     0
176
     1
  0
VISUALSTYLE
  5
34
102
{ACAD_REACTORS
330
2A
102
}
102
{ACAD_XDICTIONARY
360
89E
102
}
330
2A
100
AcDbVisualStyle
  2
Conceptual
 70
     9
177
     2
291
     0
 71
     3
176
     1
 72
     2
176
     1
 73
     0
176
     1
 90
        0
176
     1
 40
0.6
176
     1
 41
30.0
176
     1
 62
     5
 63
     7
421
 16777215
176
     1
 74
     2
176
     1
 91
        2
176
     1
 64
     7
176
     1
 65
   257
176
     1
 75
     1
176
     1
175
     1
176
     1
 42
179.0
176
     1
 92
        8
176
     1
 66
     7
176
     1
 43
1.0
176
     1
 76
     1
176
     1
 77
     6
176
     1
 78
     2
176
     1
 67
     7
176
     1
 79
     3
176
     1
170
     0
176
     1
171
     0
176
     1
290
     0
176
     1
 93
        1
176
     1
 44
0.0
176
     1
173
     0
176
     1
  0
VISUALSTYLE
  5
35
102
{ACAD_REACTORS
330
2A
102
}
102
{ACAD_XDICTIONARY
360
8A0
102
}
330
2A
100
AcDbVisualStyle
  2
Dim
 70
    11
177
     2
291
     1
 71
     2
176
     1
 72
     2
176
     1
 73
     0
176
     1
 90
        0
176
     1
 40
0.6
176
     1
 41
30.0
176
     1
 62
     5
 63
     7
421
 16777215
176
     1
 74
     1
176
     1
 91
        4
176
     1
 64
     7
176
     1
 65
   257
176
     1
 75
     1
176
     1
175
     1
176
     1
 42
1.0
176
     1
 92
        8
176
     1
 66
     7
176
     1
 43
1.0
176
     1
 76
     1
176
     1
 77
     6
176
     1
 78
     2
176
     1
 67
     7
176
     1
 79
     5
176
     1
170
     0
176
     1
171
     0
176
     1
290
     0
176
     1
 93
        1
176
     1
 44
-50.0
176
     1
173
     0
176
     1
  0
VISUALSTYLE
  5
3D
102
{ACAD_REACTORS
330
2A
102
}
102
{ACAD_XDICTIONARY
360
8B0
102
}
330
2A
100
AcDbVisualStyle
  2
EdgeColorOff
 70
    22
177
     2
291
     1
 71
     2
176
     0
 72
     2
176
     0
 73
     0
176
     0
 90
        0
176
     0
 40
0.6
176
     0
 41
30.0
176
     0
 62
     5
 63
     7
421
 16777215
176
     0
 74
     1
176
     0
 91
        4
176
     0
 64
     7
176
     0
 65
   257
176
     0
 75
     1
176
     0
175
     1
176
     0
 42
1.0
176
     0
 92
        8
176
     2
 66
     7
176
     0
 43
1.0
176
     0
 76
     1
176
     0
 77
     6
176
     0
 78
     2
176
     0
 67
     7
176
     0
 79
     5
176
     0
170
     0
176
     0
171
     0
176
     0
290
     0
176
     0
 93
        1
176
     0
 44
0.0
176
     0
173
     0
176
     0
  0
VISUALSTYLE
  5
39
102
{ACAD_REACTORS
330
2A
102
}
102
{ACAD_XDICTIONARY
360
8A8
102
}
330
2A
100
AcDbVisualStyle
  2
Facepattern
 70
    15
177
     2
291
     1
 71
     2
176
     1
 72
     2
176
     1
 73
     0
176
     1
 90
        0
176
     1
 40
0.6
176
     1
 41
30.0
176
     1
 62
     5
 63
     7
421
 16777215
176
     1
 74
     1
176
     1
 91
        4
176
     1
 64
     7
176
     1
 65
   257
176
     1
 75
     1
176
     1
175
     1
176
     1
 42
1.0
176
     1
 92
        8
176
     1
 66
     7
176
     1
 43
1.0
176
     1
 76
     1
176
     1
 77
     6
176
     1
 78
     2
176
     1
 67
     7
176
     1
 79
     5
176
     1
170
     0
176
     1
171
     0
176
     1
290
     0
176
     1
 93
        1
176
     1
 44
0.0
176
     1
173
     0
176
     1
  0
VISUALSTYLE
  5
2B
102
{ACAD_REACTORS
330
2A
102
}
102
{ACAD_XDICTIONARY
360
88C
102
}
330
2A
100
AcDbVisualStyle
  2
Flat
 70
     0
177
     2
291
     1
 71
     2
176
     1
 72
     1
176
     1
 73
     1
176
     1
 90
        2
176
     1
 40
0.6
176
     1
 41
30.0
176
     1
 62
     5
 63
     7
421
 16777215
176
     1
 74
     0
176
     1
 91
        0
176
     1
 64
     7
176
     1
 65
   257
176
     1
 75
     1
176
     1
175
     1
176
     1
 42
1.0
176
     1
 92
        8
176
     1
 66
     7
176
     1
 43
1.0
176
     1
 76
     1
176
     1
 77
     6
176
     1
 78
     2
176
     1
 67
     7
176
     1
 79
     5
176
     1
170
     0
176
     1
171
     0
176
     1
290
     0
176
     1
 93
       13
176
     1
 44
0.0
176
     1
173
     0
176
     1
  0
VISUALSTYLE
  5
2C
102
{ACAD_REACTORS
330
2A
102
}
102
{ACAD_XDICTIONARY
360
88E
102
}
330
2A
100
AcDbVisualStyle
  2
FlatWithEdges
 70
     1
177
     2
291
     1
 71
     2
176
     1
 72
     1
176
     1
 73
     1
176
     1
 90
        2
176
     1
 40
0.6
176
     1
 41
30.0
176
     1
 62
     5
 63
     7
421
 16777215
176
     1
 74
     1
176
     1
 91
        0
176
     1
 64
     7
176
     1
 65
   257
176
     1
 75
     1
176
     1
175
     1
176
     1
 42
1.0
176
     1
 92
        0
176
     1
 66
   257
176
     1
 43
1.0
176
     1
 76
     1
176
     1
 77
     6
176
     1
 78
     2
176
     1
 67
     7
176
     1
 79
     5
176
     1
170
     0
176
     1
171
     0
176
     1
290
     0
176
     1
 93
       13
176
     1
 44
0.0
176
     1
173
     0
176
     1
  0
VISUALSTYLE
  5
2D
102
{ACAD_REACTORS
330
2A
102
}
102
{ACAD_XDICTIONARY
360
890
102
}
330
2A
100
AcDbVisualStyle
  2
Gouraud
 70
     2
177
     2
291
     1
 71
     2
176
     1
 72
     2
176
     1
 73
     1
176
     1
 90
        2
176
     1
 40
0.6
176
     1
 41
30.0
176
     1
 62
     5
 63
     7
421
 16777215
176
     1
 74
     0
176
     1
 91
        0
176
     1
 64
     7
176
     1
 65
   257
176
     1
 75
     1
176
     1
175
     1
176
     1
 42
1.0
176
     1
 92
        0
176
     1
 66
     7
176
     1
 43
1.0
176
     1
 76
     1
176
     1
 77
     6
176
     1
 78
     2
176
     1
 67
     7
176
     1
 79
     5
176
     1
170
     0
176
     1
171
     0
176
     1
290
     0
176
     1
 93
       13
176
     1
 44
0.0
176
     1
173
     0
176
     1
  0
VISUALSTYLE
  5
2E
102
{ACAD_REACTORS
330
2A
102
}
102
{ACAD_XDICTIONARY
360
892
102
}
330
2A
100
AcDbVisualStyle
  2
GouraudWithEdges
 70
     3
177
     2
291
     1
 71
     2
176
     1
 72
     2
176
     1
 73
     1
176
     1
 90
        2
176
     1
 40
0.6
176
     1
 41
30.0
176
     1
 62
     5
 63
     7
421
 16777215
176
     1
 74
     1
176
     1
 91
        0
176
     1
 64
     7
176
     1
 65
   257
176
     1
 75
     1
176
     1
175
     1
176
     1
 42
1.0
176
     1
 92
        0
176
     1
 66
   257
176
     1
 43
1.0
176
     1
 76
     1
176
     1
 77
     6
176
     1
 78
     2
176
     1
 67
     7
176
     1
 79
     5
176
     1
170
     0
176
     1
171
     0
176
     1
290
     0
176
     1
 93
       13
176
     1
 44
0.0
176
     1
173
     0
176
     1
  0
VISUALSTYLE
  5
31
102
{ACAD_REACTORS
330
2A
102
}
102
{ACAD_XDICTIONARY
360
898
102
}
330
2A
100
AcDbVisualStyle
  2
Hidden
 70
     6
177
     2
291
     0
 71
     1
176
     1
 72
     2
176
     1
 73
     2
176
     1
 90
        0
176
     1
 40
0.6
176
     1
 41
30.0
176
     1
 62
     5
 63
     7
421
 16777215
176
     1
 74
     2
176
     1
 91
        2
176
     1
 64
     7
176
     1
 65
   257
176
     1
 75
     2
176
     1
175
     1
176
     1
 42
40.0
176
     1
 92
        0
176
     1
 66
   257
176
     1
 43
1.0
176
     1
 76
     1
176
     1
 77
     6
176
     1
 78
     2
176
     1
 67
     7
176
     1
 79
     3
176
     1
170
     0
176
     1
171
     0
176
     1
290
     0
176
     1
 93
        1
176
     1
 44
0.0
176
     1
173
     0
176
     1
  0
VISUALSTYLE
  5
3B
102
{ACAD_REACTORS
330
2A
102
}
102
{ACAD_XDICTIONARY
360
8AC
102
}
330
2A
100
AcDbVisualStyle
  2
JitterOff
 70
    20
177
     2
291
     1
 71
     2
176
     0
 72
     2
176
     0
 73
     0
176
     0
 90
        0
176
     0
 40
0.6
176
     0
 41
30.0
176
     0
 62
     5
 63
     7
421
 16777215
176
     0
 74
     1
176
     0
 91
        4
176
     0
 64
     7
176
     0
 65
   257
176
     0
 75
     1
176
     0
175
     1
176
     0
 42
1.0
176
     0
 92
       10
176
     2
 66
     7
176
     0
 43
1.0
176
     0
 76
     1
176
     0
 77
     6
176
     0
 78
     2
176
     0
 67
     7
176
     0
 79
     5
176
     0
170
     0
176
     0
171
     0
176
     0
290
     0
176
     0
 93
        1
176
     0
 44
0.0
176
     0
173
     0
176
     0
  0
VISUALSTYLE
  5
38
102
{ACAD_REACTORS
330
2A
102
}
102
{ACAD_XDICTIONARY
360
8A6
102
}
330
2A
100
AcDbVisualStyle
  2
Linepattern
 70
    14
177
     2
291
     1
 71
     2
176
     1
 72
     2
176
     1
 73
     0
176
     1
 90
        0
176
     1
 40
0.6
176
     1
 41
30.0
176
     1
 62
     5
 63
     7
421
 16777215
176
     1
 74
     1
176
     1
 91
        4
176
     1
 64
     7
176
     1
 65
   257
176
     1
 75
     7
176
     1
175
     7
176
     1
 42
1.0
176
     1
 92
        8
176
     1
 66
     7
176
     1
 43
1.0
176
     1
 76
     1
176
     1
 77
     6
176
     1
 78
     2
176
     1
 67
     7
176
     1
 79
     5
176
     1
170
     0
176
     1
171
     0
176
     1
290
     0
176
     1
 93
        1
176
     1
 44
0.0
176
     1
173
     0
176
     1
  0
VISUALSTYLE
  5
3C
102
{ACAD_REACTORS
330
2A
102
}
102
{ACAD_XDICTIONARY
360
8AE
102
}
330
2A
100
AcDbVisualStyle
  2
OverhangOff
 70
    21
177
     2
291
     1
 71
     2
176
     0
 72
     2
176
     0
 73
     0
176
     0
 90
        0
176
     0
 40
0.6
176
     0
 41
30.0
176
     0
 62
     5
 63
     7
421
 16777215
176
     0
 74
     1
176
     0
 91
        4
176
     0
 64
     7
176
     0
 65
   257
176
     0
 75
     1
176
     0
175
     1
176
     0
 42
1.0
176
     0
 92
        9
176
     2
 66
     7
176
     0
 43
1.0
176
     0
 76
     1
176
     0
 77
     6
176
     0
 78
     2
176
     0
 67
     7
176
     0
 79
     5
176
     0
170
     0
176
     0
171
     0
176
     0
290
     0
176
     0
 93
        1
176
     0
 44
0.0
176
     0
173
     0
176
     0
  0
VISUALSTYLE
  5
33
102
{ACAD_REACTORS
330
2A
102
}
102
{ACAD_XDICTIONARY
360
89C
102
}
330
2A
100
AcDbVisualStyle
  2
Realistic
 70
     8
177
     2
291
     0
 71
     2
176
     1
 72
     3
176
     1
 73
     0
176
     1
 90
        2
176
     1
 40
0.6
176
     1
 41
30.0
176
     1
 62
     5
 63
     7
421
 16777215
176
     1
 74
     0
176
     1
 91
        0
176
     1
 64
     7
176
     1
 65
   257
176
     1
 75
     1
176
     1
175
     1
176
     1
 42
1.0
176
     1
 92
        8
176
     1
 66
   257
176
     1
 43
1.0
176
     1
 76
     1
176
     1
 77
     6
176
     1
 78
     2
176
     1
 67
     7
176
     1
 79
     3
176
     1
170
     0
176
     1
171
     0
176
     1
290
     0
176
     1
 93
       13
176
     1
 44
0.0
176
     1
173
     0
176
     1
  0
VISUALSTYLE
  5
42
102
{ACAD_REACTORS
330
2A
102
}
102
{ACAD_XDICTIONARY
360
8BA
102
}
330
2A
100
AcDbVisualStyle
  2
Shaded
 70
    27
177
     2
291
     0
 71
     2
176
     1
 72
     2
176
     1
 73
     1
176
     1
 90
        2
176
     1
 40
0.6
176
     1
 41
30.0
176
     1
 62
     5
 63
     7
421
 16777215
176
     1
 74
     0
176
     1
 91
        4
176
     1
 64
     7
176
     1
 65
   257
176
     1
 75
     1
176
     1
175
     1
176
     1
 42
1.0
176
     1
 92
        8
176
     1
 66
   257
176
     1
 43
1.0
176
     1
 76
     1
176
     1
 77
     6
176
     1
 78
     2
176
     1
 67
     8
425
  7895160
176
     1
 79
     3
176
     1
170
     0
176
     1
171
     0
176
     1
290
     0
176
     1
 93
        5
176
     1
 44
0.0
176
     1
173
     0
176
     1
  0
VISUALSTYLE
  5
41
102
{ACAD_REACTORS
330
2A
102
}
102
{ACAD_XDICTIONARY
360
8B8
102
}
330
2A
100
AcDbVisualStyle
  2
Shaded with edges
 70
    26
177
     2
291
     0
 71
     2
176
     1
 72
     2
176
     1
 73
     1
176
     1
 90
        2
176
     1
 40
0.6
176
     1
 41
30.0
176
     1
 62
     5
 63
     7
421
 16777215
176
     1
 74
     1
176
     1
 91
       10
176
     1
 64
     7
176
     1
 65
   257
176
     1
 75
     2
176
     1
175
     1
176
     1
 42
1.0
176
     1
 92
        8
176
     1
 66
   257
176
     1
 43
1.0
176
     1
 76
     1
176
     1
 77
     6
176
     1
 78
     2
176
     1
 67
     7
176
     1
 79
     3
176
     1
170
     0
176
     1
171
     0
176
     1
290
     0
176
     1
 93
        5
176
     1
 44
0.0
176
     1
173
     0
176
     1
  0
VISUALSTYLE
  5
3E
102
{ACAD_REACTORS
330
2A
102
}
102
{ACAD_XDICTIONARY
360
8B2
102
}
330
2A
100
AcDbVisualStyle
  2
Shades of Gray
 70
    23
177
     2
291
     0
 71
     2
176
     1
 72
     2
176
     1
 73
     3
176
     1
 90
        0
176
     1
 40
0.6
176
     1
 41
30.0
176
     1
 62
     5
 63
     7
421
 16777215
176
     1
 74
     2
176
     1
 91
        2
176
     1
 64
     7
176
     1
 65
     7
176
     1
 75
     1
176
     1
175
     1
176
     1
 42
40.0
176
     1
 92
        8
176
     1
 66
     7
176
     1
 43
1.0
176
     1
 76
     1
176
     1
 77
     6
176
     1
 78
     2
176
     1
 67
     7
176
     1
 79
     3
176
     1
170
     0
176
     1
171
     0
176
     1
290
     0
176
     1
 93
        1
176
     1
 44
0.0
176
     1
173
     0
176
     1
  0
VISUALSTYLE
  5
3F
102
{ACAD_REACTORS
330
2A
102
}
102
{ACAD_XDICTIONARY
360
8B4
102
}
330
2A
100
AcDbVisualStyle
  2
Sketchy
 70
    24
177
     2
291
     0
 71
     1
176
     1
 72
     2
176
     1
 73
     2
176
     1
 90
        0
176
     1
 40
0.6
176
     1
 41
30.0
176
     1
 62
     5
 63
     7
421
 16777215
176
     1
 74
     2
176
     1
 91
        2
176
     1
 64
     7
176
     1
 65
     7
176
     1
 75
     1
176
     1
175
     1
176
     1
 42
40.0
176
     1
 92
       11
176
     1
 66
     7
176
     1
 43
1.0
176
     1
 76
     1
176
     1
 77
     6
176
     1
 78
     2
176
     1
 67
     7
176
     1
 79
     6
176
     1
170
     0
176
     1
171
     0
176
     1
290
     0
176
     1
 93
        1
176
     1
 44
0.0
176
     1
173
     0
176
     1
  0
VISUALSTYLE
  5
37
102
{ACAD_REACTORS
330
2A
102
}
102
{ACAD_XDICTIONARY
360
8A4
102
}
330
2A
100
AcDbVisualStyle
  2
Thicken
 70
    13
177
     2
291
     1
 71
     2
176
     1
 72
     2
176
     1
 73
     0
176
     1
 90
        0
176
     1
 40
0.6
176
     1
 41
30.0
176
     1
 62
     5
 63
     7
421
 16777215
176
     1
 74
     1
176
     1
 91
        4
176
     1
 64
     7
176
     1
 65
   257
176
     1
 75
     1
176
     1
175
     1
176
     1
 42
1.0
176
     1
 92
       12
176
     1
 66
     7
176
     1
 43
1.0
176
     1
 76
     1
176
     1
 77
     6
176
     1
 78
     2
176
     1
 67
     7
176
     1
 79
     5
176
     1
170
     0
176
     1
171
     0
176
     1
290
     0
176
     1
 93
        1
176
     1
 44
0.0
176
     1
173
     0
176
     1
  0
VISUALSTYLE
  5
30
102
{ACAD_REACTORS
330
2A
102
}
102
{ACAD_XDICTIONARY
360
896
102
}
330
2A
100
AcDbVisualStyle
  2
Wireframe
 70
     5
177
     2
291
     0
 71
     0
176
     1
 72
     2
176
     1
 73
     0
176
     1
 90
        0
176
     1
 40
0.6
176
     1
 41
30.0
176
     1
 62
     5
 63
     7
421
 16777215
176
     1
 74
     1
176
     1
 91
        4
176
     1
 64
     7
176
     1
 65
   257
176
     1
 75
     1
176
     1
175
     1
176
     1
 42
1.0
176
     1
 92
        0
176
     1
 66
   257
176
     1
 43
1.0
176
     1
 76
     1
176
     1
 77
     6
176
     1
 78
     2
176
     1
 67
     7
176
     1
 79
     3
176
     1
170
     0
176
     1
171
     0
176
     1
290
     0
176
     1
 93
        1
176
     1
 44
0.0
176
     1
173
     0
176
     1
  0
VISUALSTYLE
  5
40
102
{ACAD_REACTORS
330
2A
102
}
102
{ACAD_XDICTIONARY
360
8B6
102
}
330
2A
100
AcDbVisualStyle
  2
X-Ray
 70
    25
177
     2
291
     0
 71
     2
176
     1
 72
     2
176
     1
 73
     1
176
     1
 90
        1
176
     1
 40
0.5
176
     1
 41
30.0
176
     1
 62
     5
 63
     7
421
 16777215
176
     1
 74
     1
176
     1
 91
        0
176
     1
 64
     7
176
     1
 65
   257
176
     1
 75
     1
176
     1
175
     1
176
     1
 42
1.0
176
     1
 92
        8
176
     1
 66
     7
176
     1
 43
1.0
176
     1
 76
     1
176
     1
 77
     6
176
     1
 78
     2
176
     1
 67
     7
176
     1
 79
     3
176
     1
170
     0
176
     1
171
     0
176
     1
290
     0
176
     1
 93
       13
176
     1
 44
0.0
176
     1
173
     0
176
     1
  0
DICTIONARYVAR
  5
88B
102
{ACAD_REACTORS
330
88A
102
}
330
88A
100
DictionaryVariables
280
     0
  1
1:1
  0
DICTIONARYVAR
  5
8C3
102
{ACAD_REACTORS
330
88A
102
}
330
88A
100
DictionaryVariables
280
     0
  1
3.500000
  0
DICTIONARYVAR
  5
8C4
102
{ACAD_REACTORS
330
88A
102
}
330
88A
100
DictionaryVariables
280
     0
  1
acadiso.lin
  0
DICTIONARYVAR
  5
8C0
102
{ACAD_REACTORS
330
88A
102
}
330
88A
100
DictionaryVariables
280
     0
  1
Standard
  0
DICTIONARYVAR
  5
8BF
102
{ACAD_REACTORS
330
88A
102
}
330
88A
100
DictionaryVariables
280
     0
  1
Standard
  0
DICTIONARY
  5
8BC
330
5A
100
AcDbDictionary
280
     1
281
     1
  3
ACAD_ROUNDTRIP_2008_TABLESTYLE_CELLSTYLEMAP
360
8BD
  0
DICTIONARY
  5
894
330
2F
100
AcDbDictionary
280
     1
281
     1
  3
ACAD_XREC_ROUNDTRIP
360
895
  0
DICTIONARY
  5
89A
330
32
100
AcDbDictionary
280
     1
281
     1
  3
ACAD_XREC_ROUNDTRIP
360
89B
  0
DICTIONARY
  5
8A2
330
36
100
AcDbDictionary
280
     1
281
     1
  3
ACAD_XREC_ROUNDTRIP
360
8A3
  0
DICTIONARY
  5
8AA
330
3A
100
AcDbDictionary
280
     1
281
     1
  3
ACAD_XREC_ROUNDTRIP
360
8AB
  0
DICTIONARY
  5
89E
330
34
100
AcDbDictionary
280
     1
281
     1
  3
ACAD_XREC_ROUNDTRIP
360
89F
  0
DICTIONARY
  5
8A0
330
35
100
AcDbDictionary
280
     1
281
     1
  3
ACAD_XREC_ROUNDTRIP
360
8A1
  0
DICTIONARY
  5
8B0
330
3D
100
AcDbDictionary
280
     1
281
     1
  3
ACAD_XREC_ROUNDTRIP
360
8B1
  0
DICTIONARY
  5
8A8
330
39
100
AcDbDictionary
280
     1
281
     1
  3
ACAD_XREC_ROUNDTRIP
360
8A9
  0
DICTIONARY
  5
88C
330
2B
100
AcDbDictionary
280
     1
281
     1
  3
ACAD_XREC_ROUNDTRIP
360
88D
  0
DICTIONARY
  5
88E
330
2C
100
AcDbDictionary
280
     1
281
     1
  3
ACAD_XREC_ROUNDTRIP
360
88F
  0
DICTIONARY
  5
890
330
2D
100
AcDbDictionary
280
     1
281
     1
  3
ACAD_XREC_ROUNDTRIP
360
891
  0
DICTIONARY
  5
892
330
2E
100
AcDbDictionary
280
     1
281
     1
  3
ACAD_XREC_ROUNDTRIP
360
893
  0
DICTIONARY
  5
898
330
31
100
AcDbDictionary
280
     1
281
     1
  3
ACAD_XREC_ROUNDTRIP
360
899
  0
DICTIONARY
  5
8AC
330
3B
100
AcDbDictionary
280
     1
281
     1
  3
ACAD_XREC_ROUNDTRIP
360
8AD
  0
DICTIONARY
  5
8A6
330
38
100
AcDbDictionary
280
     1
281
     1
  3
ACAD_XREC_ROUNDTRIP
360
8A7
  0
DICTIONARY
  5
8AE
330
3C
100
AcDbDictionary
280
     1
281
     1
  3
ACAD_XREC_ROUNDTRIP
360
8AF
  0
DICTIONARY
  5
89C
330
33
100
AcDbDictionary
280
     1
281
     1
  3
ACAD_XREC_ROUNDTRIP
360
89D
  0
DICTIONARY
  5
8BA
330
42
100
AcDbDictionary
280
     1
281
     1
  3
ACAD_XREC_ROUNDTRIP
360
8BB
  0
DICTIONARY
  5
8B8
330
41
100
AcDbDictionary
280
     1
281
     1
  3
ACAD_XREC_ROUNDTRIP
360
8B9
  0
DICTIONARY
  5
8B2
330
3E
100
AcDbDictionary
280
     1
281
     1
  3
ACAD_XREC_ROUNDTRIP
360
8B3
  0
DICTIONARY
  5
8B4
330
3F
100
AcDbDictionary
280
     1
281
     1
  3
ACAD_XREC_ROUNDTRIP
360
8B5
  0
DICTIONARY
  5
8A4
330
37
100
AcDbDictionary
280
     1
281
     1
  3
ACAD_XREC_ROUNDTRIP
360
8A5
  0
DICTIONARY
  5
896
330
30
100
AcDbDictionary
280
     1
281
     1
  3
ACAD_XREC_ROUNDTRIP
360
897
  0
DICTIONARY
  5
8B6
330
40
100
AcDbDictionary
280
     1
281
     1
  3
ACAD_XREC_ROUNDTRIP
360
8B7
  0
CELLSTYLEMAP
  5
8BD
102
{ACAD_REACTORS
330
8BC
102
}
330
8BC
100
AcDbCellStyleMap
 90
        3
300
CELLSTYLE
  1
TABLEFORMAT_BEGIN
 90
        5
170
     1
 91
        0
 92
    32768
 62
   257
 93
        1
300
CONTENTFORMAT
  1
CONTENTFORMAT_BEGIN
 90
        0
 91
        0
 92
        4
 93
        0
300

 40
0.0
140
1.0
 94
        5
 62
     0
340
11
144
6.0
309
CONTENTFORMAT_END
171
     1
301
MARGIN
  1
CELLMARGIN_BEGIN
 40
1.5
 40
1.5
 40
1.5
 40
1.5
 40
1.5
 40
1.5
309
CELLMARGIN_END
 94
        6
 95
        1
302
GRIDFORMAT
  1
GRIDFORMAT_BEGIN
 90
        0
 91
        1
 62
     0
 92
       -2
340
14
 93
        0
 40
0.045
309
GRIDFORMAT_END
 95
        2
302
GRIDFORMAT
  1
GRIDFORMAT_BEGIN
 90
        0
 91
        1
 62
     0
 92
       -2
340
14
 93
        0
 40
0.045
309
GRIDFORMAT_END
 95
        4
302
GRIDFORMAT
  1
GRIDFORMAT_BEGIN
 90
        0
 91
        1
 62
     0
 92
       -2
340
14
 93
        0
 40
0.045
309
GRIDFORMAT_END
 95
        8
302
GRIDFORMAT
  1
GRIDFORMAT_BEGIN
 90
        0
 91
        1
 62
     0
 92
       -2
340
14
 93
        0
 40
0.045
309
GRIDFORMAT_END
 95
       16
302
GRIDFORMAT
  1
GRIDFORMAT_BEGIN
 90
        0
 91
        1
 62
     0
 92
       -2
340
14
 93
        0
 40
0.045
309
GRIDFORMAT_END
 95
       32
302
GRIDFORMAT
  1
GRIDFORMAT_BEGIN
 90
        0
 91
        1
 62
     0
 92
       -2
340
14
 93
        0
 40
0.045
309
GRIDFORMAT_END
309
TABLEFORMAT_END
  1
CELLSTYLE_BEGIN
 90
        1
 91
        1
300
_TITLE
309
CELLSTYLE_END
300
CELLSTYLE
  1
TABLEFORMAT_BEGIN
 90
        5
170
     1
 91
        0
 92
        0
 62
   257
 93
        1
300
CONTENTFORMAT
  1
CONTENTFORMAT_BEGIN
 90
        0
 91
        0
 92
        4
 93
        0
300

 40
0.0
140
1.0
 94
        5
 62
     0
340
11
144
4.5
309
CONTENTFORMAT_END
171
     1
301
MARGIN
  1
CELLMARGIN_BEGIN
 40
1.5
 40
1.5
 40
1.5
 40
1.5
 40
1.5
 40
1.5
309
CELLMARGIN_END
 94
        6
 95
        1
302
GRIDFORMAT
  1
GRIDFORMAT_BEGIN
 90
        0
 91
        1
 62
     0
 92
       -2
340
14
 93
        0
 40
0.045
309
GRIDFORMAT_END
 95
        2
302
GRIDFORMAT
  1
GRIDFORMAT_BEGIN
 90
        0
 91
        1
 62
     0
 92
       -2
340
14
 93
        0
 40
0.045
309
GRIDFORMAT_END
 95
        4
302
GRIDFORMAT
  1
GRIDFORMAT_BEGIN
 90
        0
 91
        1
 62
     0
 92
       -2
340
14
 93
        0
 40
0.045
309
GRIDFORMAT_END
 95
        8
302
GRIDFORMAT
  1
GRIDFORMAT_BEGIN
 90
        0
 91
        1
 62
     0
 92
       -2
340
14
 93
        0
 40
0.045
309
GRIDFORMAT_END
 95
       16
302
GRIDFORMAT
  1
GRIDFORMAT_BEGIN
 90
        0
 91
        1
 62
     0
 92
       -2
340
14
 93
        0
 40
0.045
309
GRIDFORMAT_END
 95
       32
302
GRIDFORMAT
  1
GRIDFORMAT_BEGIN
 90
        0
 91
        1
 62
     0
 92
       -2
340
14
 93
        0
 40
0.045
309
GRIDFORMAT_END
309
TABLEFORMAT_END
  1
CELLSTYLE_BEGIN
 90
        2
 91
        1
300
_HEADER
309
CELLSTYLE_END
300
CELLSTYLE
  1
TABLEFORMAT_BEGIN
 90
        5
170
     1
 91
        0
 92
        0
 62
   257
 93
        1
300
CONTENTFORMAT
  1
CONTENTFORMAT_BEGIN
 90
        0
 91
        0
 92
        4
 93
        0
300

 40
0.0
140
1.0
 94
        2
 62
     0
340
11
144
4.5
309
CONTENTFORMAT_END
171
     1
301
MARGIN
  1
CELLMARGIN_BEGIN
 40
1.5
 40
1.5
 40
1.5
 40
1.5
 40
1.5
 40
1.5
309
CELLMARGIN_END
 94
        6
 95
        1
302
GRIDFORMAT
  1
GRIDFORMAT_BEGIN
 90
        0
 91
        1
 62
     0
 92
       -2
340
14
 93
        0
 40
0.045
309
GRIDFORMAT_END
 95
        2
302
GRIDFORMAT
  1
GRIDFORMAT_BEGIN
 90
        0
 91
        1
 62
     0
 92
       -2
340
14
 93
        0
 40
0.045
309
GRIDFORMAT_END
 95
        4
302
GRIDFORMAT
  1
GRIDFORMAT_BEGIN
 90
        0
 91
        1
 62
     0
 92
       -2
340
14
 93
        0
 40
0.045
309
GRIDFORMAT_END
 95
        8
302
GRIDFORMAT
  1
GRIDFORMAT_BEGIN
 90
        0
 91
        1
 62
     0
 92
       -2
340
14
 93
        0
 40
0.045
309
GRIDFORMAT_END
 95
       16
302
GRIDFORMAT
  1
GRIDFORMAT_BEGIN
 90
        0
 91
        1
 62
     0
 92
       -2
340
14
 93
        0
 40
0.045
309
GRIDFORMAT_END
 95
       32
302
GRIDFORMAT
  1
GRIDFORMAT_BEGIN
 90
        0
 91
        1
 62
     0
 92
       -2
340
14
 93
        0
 40
0.045
309
GRIDFORMAT_END
309
TABLEFORMAT_END
  1
CELLSTYLE_BEGIN
 90
        3
 91
        2
300
_DATA
309
CELLSTYLE_END
  0
XRECORD
  5
895
102
{ACAD_REACTORS
330
894
102
}
330
894
100
AcDbXrecord
280
     1
102
RTVSPost2010Prop28
280
     1
102
RTVSPost2010PropOp28
 70
     1
102
RTVSPost2010Prop29
280
     1
102
RTVSPost2010PropOp29
 70
     1
102
RTVSPost2010Prop30
280
     0
102
RTVSPost2010PropOp30
 70
     1
102
RTVSPost2010Prop31
280
     0
102
RTVSPost2010PropOp31
 70
     1
102
RTVSPost2010Prop32
280
     0
102
RTVSPost2010PropOp32
 70
     1
102
RTVSPost2010Prop33
280
     0
102
RTVSPost2010PropOp33
 70
     1
102
RTVSPost2010Prop34
280
     0
102
RTVSPost2010PropOp34
 70
     1
102
RTVSPost2010Prop35
280
     0
102
RTVSPost2010PropOp35
 70
     1
102
RTVSPost2010Prop36
280
     0
102
RTVSPost2010PropOp36
 70
     1
102
RTVSPost2010Prop37
 90
       50
102
RTVSPost2010PropOp37
 70
     1
102
RTVSPost2010Prop38
140
0.0
102
RTVSPost2010PropOp38
 70
     1
102
RTVSPost2010Prop39
140
1.0
102
RTVSPost2010PropOp39
 70
     1
102
RTVSPost2010Prop40
 90
        0
102
RTVSPost2010PropOp40
 70
     1
102
RTVSPost2010Prop41ColorIndex
 90
       18
102
RTVSPost2010Prop41ColorRGB
 90
        0
102
RTVSPost2010PropOp41
 70
     1
102
RTVSPost2010Prop42
 90
       50
102
RTVSPost2010PropOp42
 70
     1
102
RTVSPost2010Prop43
 90
        3
102
RTVSPost2010PropOp43
 70
     1
102
RTVSPost2010Prop44ColorIndex
 90
        5
102
RTVSPost2010Prop44ColorRGB
 90
      255
102
RTVSPost2010PropOp44
 70
     1
102
RTVSPost2010Prop45
280
     0
102
RTVSPost2010PropOp45
 70
     1
102
RTVSPost2010Prop46
 90
       50
102
RTVSPost2010PropOp46
 70
     1
102
RTVSPost2010Prop47
 90
       50
102
RTVSPost2010PropOp47
 70
     1
102
RTVSPost2010Prop48
 90
       50
102
RTVSPost2010PropOp48
 70
     1
102
RTVSPost2010Prop49
280
     0
102
RTVSPost2010PropOp49
 70
     1
102
RTVSPost2010Prop50
 90
       50
102
RTVSPost2010PropOp50
 70
     1
102
RTVSPost2010Prop51ColorIndex
 90
      256
102
RTVSPost2010Prop51ColorRGB
 90
-16777216
102
RTVSPost2010PropOp51
 70
     0
102
RTVSPost2010Prop52
140
1.0
102
RTVSPost2010PropOp52
 70
     0
102
RTVSPost2010Prop53
 90
        2
102
RTVSPost2010PropOp53
 70
     1
102
RTVSPost2010Prop54
  1
strokes_ogs.tif
102
RTVSPost2010PropOp54
 70
     1
102
RTVSPost2010Prop55
280
     0
102
RTVSPost2010PropOp55
 70
     1
102
RTVSPost2010Prop56
140
1.0
102
RTVSPost2010PropOp56
 70
     1
102
RTVSPost2010Prop57
140
1.0
102
RTVSPost2010PropOp57
 70
     1
  0
XRECORD
  5
89B
102
{ACAD_REACTORS
330
89A
102
}
330
89A
100
AcDbXrecord
280
     1
102
RTVSPost2010Prop28
280
     0
102
RTVSPost2010PropOp28
 70
     1
102
RTVSPost2010Prop29
280
     1
102
RTVSPost2010PropOp29
 70
     1
102
RTVSPost2010Prop30
280
     1
102
RTVSPost2010PropOp30
 70
     1
102
RTVSPost2010Prop31
280
     0
102
RTVSPost2010PropOp31
 70
     1
102
RTVSPost2010Prop32
280
     0
102
RTVSPost2010PropOp32
 70
     1
102
RTVSPost2010Prop33
280
     0
102
RTVSPost2010PropOp33
 70
     1
102
RTVSPost2010Prop34
280
     0
102
RTVSPost2010PropOp34
 70
     1
102
RTVSPost2010Prop35
280
     0
102
RTVSPost2010PropOp35
 70
     1
102
RTVSPost2010Prop36
280
     0
102
RTVSPost2010PropOp36
 70
     1
102
RTVSPost2010Prop37
 90
       50
102
RTVSPost2010PropOp37
 70
     1
102
RTVSPost2010Prop38
140
0.0
102
RTVSPost2010PropOp38
 70
     1
102
RTVSPost2010Prop39
140
1.0
102
RTVSPost2010PropOp39
 70
     1
102
RTVSPost2010Prop40
 90
        0
102
RTVSPost2010PropOp40
 70
     1
102
RTVSPost2010Prop41ColorIndex
 90
       18
102
RTVSPost2010Prop41ColorRGB
 90
        0
102
RTVSPost2010PropOp41
 70
     1
102
RTVSPost2010Prop42
 90
       50
102
RTVSPost2010PropOp42
 70
     1
102
RTVSPost2010Prop43
 90
        3
102
RTVSPost2010PropOp43
 70
     1
102
RTVSPost2010Prop44ColorIndex
 90
        5
102
RTVSPost2010Prop44ColorRGB
 90
      255
102
RTVSPost2010PropOp44
 70
     1
102
RTVSPost2010Prop45
280
     0
102
RTVSPost2010PropOp45
 70
     1
102
RTVSPost2010Prop46
 90
       50
102
RTVSPost2010PropOp46
 70
     1
102
RTVSPost2010Prop47
 90
       50
102
RTVSPost2010PropOp47
 70
     1
102
RTVSPost2010Prop48
 90
       50
102
RTVSPost2010PropOp48
 70
     1
102
RTVSPost2010Prop49
280
     0
102
RTVSPost2010PropOp49
 70
     1
102
RTVSPost2010Prop50
 90
       50
102
RTVSPost2010PropOp50
 70
     1
102
RTVSPost2010Prop51ColorIndex
 90
      256
102
RTVSPost2010Prop51ColorRGB
 90
-16777216
102
RTVSPost2010PropOp51
 70
     0
102
RTVSPost2010Prop52
140
1.0
102
RTVSPost2010PropOp52
 70
     0
102
RTVSPost2010Prop53
 90
        2
102
RTVSPost2010PropOp53
 70
     1
102
RTVSPost2010Prop54
  1
strokes_ogs.tif
102
RTVSPost2010PropOp54
 70
     1
102
RTVSPost2010Prop55
280
     0
102
RTVSPost2010PropOp55
 70
     1
102
RTVSPost2010Prop56
140
1.0
102
RTVSPost2010PropOp56
 70
     1
102
RTVSPost2010Prop57
140
1.0
102
RTVSPost2010PropOp57
 70
     1
  0
XRECORD
  5
8A3
102
{ACAD_REACTORS
330
8A2
102
}
330
8A2
100
AcDbXrecord
280
     1
102
RTVSPost2010Prop28
280
     0
102
RTVSPost2010PropOp28
 70
     1
102
RTVSPost2010Prop29
280
     1
102
RTVSPost2010PropOp29
 70
     1
102
RTVSPost2010Prop30
280
     1
102
RTVSPost2010PropOp30
 70
     1
102
RTVSPost2010Prop31
280
     0
102
RTVSPost2010PropOp31
 70
     1
102
RTVSPost2010Prop32
280
     0
102
RTVSPost2010PropOp32
 70
     1
102
RTVSPost2010Prop33
280
     0
102
RTVSPost2010PropOp33
 70
     1
102
RTVSPost2010Prop34
280
     0
102
RTVSPost2010PropOp34
 70
     1
102
RTVSPost2010Prop35
280
     0
102
RTVSPost2010PropOp35
 70
     1
102
RTVSPost2010Prop36
280
     0
102
RTVSPost2010PropOp36
 70
     1
102
RTVSPost2010Prop37
 90
       50
102
RTVSPost2010PropOp37
 70
     1
102
RTVSPost2010Prop38
140
0.0
102
RTVSPost2010PropOp38
 70
     1
102
RTVSPost2010Prop39
140
1.0
102
RTVSPost2010PropOp39
 70
     1
102
RTVSPost2010Prop40
 90
        0
102
RTVSPost2010PropOp40
 70
     1
102
RTVSPost2010Prop41ColorIndex
 90
       18
102
RTVSPost2010Prop41ColorRGB
 90
        0
102
RTVSPost2010PropOp41
 70
     1
102
RTVSPost2010Prop42
 90
       50
102
RTVSPost2010PropOp42
 70
     1
102
RTVSPost2010Prop43
 90
        3
102
RTVSPost2010PropOp43
 70
     1
102
RTVSPost2010Prop44ColorIndex
 90
        5
102
RTVSPost2010Prop44ColorRGB
 90
      255
102
RTVSPost2010PropOp44
 70
     1
102
RTVSPost2010Prop45
280
     0
102
RTVSPost2010PropOp45
 70
     1
102
RTVSPost2010Prop46
 90
       50
102
RTVSPost2010PropOp46
 70
     1
102
RTVSPost2010Prop47
 90
       50
102
RTVSPost2010PropOp47
 70
     1
102
RTVSPost2010Prop48
 90
       50
102
RTVSPost2010PropOp48
 70
     1
102
RTVSPost2010Prop49
280
     0
102
RTVSPost2010PropOp49
 70
     1
102
RTVSPost2010Prop50
 90
       50
102
RTVSPost2010PropOp50
 70
     1
102
RTVSPost2010Prop51ColorIndex
 90
      256
102
RTVSPost2010Prop51ColorRGB
 90
-16777216
102
RTVSPost2010PropOp51
 70
     0
102
RTVSPost2010Prop52
140
1.0
102
RTVSPost2010PropOp52
 70
     0
102
RTVSPost2010Prop53
 90
        2
102
RTVSPost2010PropOp53
 70
     1
102
RTVSPost2010Prop54
  1
strokes_ogs.tif
102
RTVSPost2010PropOp54
 70
     1
102
RTVSPost2010Prop55
280
     0
102
RTVSPost2010PropOp55
 70
     1
102
RTVSPost2010Prop56
140
1.0
102
RTVSPost2010PropOp56
 70
     1
102
RTVSPost2010Prop57
140
1.0
102
RTVSPost2010PropOp57
 70
     1
  0
XRECORD
  5
8AB
102
{ACAD_REACTORS
330
8AA
102
}
330
8AA
100
AcDbXrecord
280
     1
102
RTVSPost2010Prop28
280
     0
102
RTVSPost2010PropOp28
 70
     1
102
RTVSPost2010Prop29
280
     1
102
RTVSPost2010PropOp29
 70
     1
102
RTVSPost2010Prop30
280
     1
102
RTVSPost2010PropOp30
 70
     1
102
RTVSPost2010Prop31
280
     0
102
RTVSPost2010PropOp31
 70
     1
102
RTVSPost2010Prop32
280
     0
102
RTVSPost2010PropOp32
 70
     1
102
RTVSPost2010Prop33
280
     0
102
RTVSPost2010PropOp33
 70
     1
102
RTVSPost2010Prop34
280
     0
102
RTVSPost2010PropOp34
 70
     1
102
RTVSPost2010Prop35
280
     0
102
RTVSPost2010PropOp35
 70
     1
102
RTVSPost2010Prop36
280
     0
102
RTVSPost2010PropOp36
 70
     1
102
RTVSPost2010Prop37
 90
       50
102
RTVSPost2010PropOp37
 70
     1
102
RTVSPost2010Prop38
140
0.0
102
RTVSPost2010PropOp38
 70
     1
102
RTVSPost2010Prop39
140
1.0
102
RTVSPost2010PropOp39
 70
     1
102
RTVSPost2010Prop40
 90
        0
102
RTVSPost2010PropOp40
 70
     1
102
RTVSPost2010Prop41ColorIndex
 90
       18
102
RTVSPost2010Prop41ColorRGB
 90
        0
102
RTVSPost2010PropOp41
 70
     1
102
RTVSPost2010Prop42
 90
       50
102
RTVSPost2010PropOp42
 70
     1
102
RTVSPost2010Prop43
 90
        3
102
RTVSPost2010PropOp43
 70
     1
102
RTVSPost2010Prop44ColorIndex
 90
        5
102
RTVSPost2010Prop44ColorRGB
 90
      255
102
RTVSPost2010PropOp44
 70
     1
102
RTVSPost2010Prop45
280
     0
102
RTVSPost2010PropOp45
 70
     1
102
RTVSPost2010Prop46
 90
       50
102
RTVSPost2010PropOp46
 70
     1
102
RTVSPost2010Prop47
 90
       50
102
RTVSPost2010PropOp47
 70
     1
102
RTVSPost2010Prop48
 90
       50
102
RTVSPost2010PropOp48
 70
     1
102
RTVSPost2010Prop49
280
     0
102
RTVSPost2010PropOp49
 70
     1
102
RTVSPost2010Prop50
 90
       50
102
RTVSPost2010PropOp50
 70
     1
102
RTVSPost2010Prop51ColorIndex
 90
      256
102
RTVSPost2010Prop51ColorRGB
 90
-16777216
102
RTVSPost2010PropOp51
 70
     0
102
RTVSPost2010Prop52
140
1.0
102
RTVSPost2010PropOp52
 70
     0
102
RTVSPost2010Prop53
 90
        2
102
RTVSPost2010PropOp53
 70
     1
102
RTVSPost2010Prop54
  1
strokes_ogs.tif
102
RTVSPost2010PropOp54
 70
     1
102
RTVSPost2010Prop55
280
     0
102
RTVSPost2010PropOp55
 70
     1
102
RTVSPost2010Prop56
140
1.0
102
RTVSPost2010PropOp56
 70
     1
102
RTVSPost2010Prop57
140
1.0
102
RTVSPost2010PropOp57
 70
     1
  0
XRECORD
  5
89F
102
{ACAD_REACTORS
330
89E
102
}
330
89E
100
AcDbXrecord
280
     1
102
RTVSPost2010Prop28
280
     0
102
RTVSPost2010PropOp28
 70
     1
102
RTVSPost2010Prop29
280
     1
102
RTVSPost2010PropOp29
 70
     1
102
RTVSPost2010Prop30
280
     1
102
RTVSPost2010PropOp30
 70
     1
102
RTVSPost2010Prop31
280
     0
102
RTVSPost2010PropOp31
 70
     1
102
RTVSPost2010Prop32
280
     0
102
RTVSPost2010PropOp32
 70
     1
102
RTVSPost2010Prop33
280
     0
102
RTVSPost2010PropOp33
 70
     1
102
RTVSPost2010Prop34
280
     0
102
RTVSPost2010PropOp34
 70
     1
102
RTVSPost2010Prop35
280
     0
102
RTVSPost2010PropOp35
 70
     1
102
RTVSPost2010Prop36
280
     0
102
RTVSPost2010PropOp36
 70
     1
102
RTVSPost2010Prop37
 90
       50
102
RTVSPost2010PropOp37
 70
     1
102
RTVSPost2010Prop38
140
0.0
102
RTVSPost2010PropOp38
 70
     1
102
RTVSPost2010Prop39
140
1.0
102
RTVSPost2010PropOp39
 70
     1
102
RTVSPost2010Prop40
 90
        0
102
RTVSPost2010PropOp40
 70
     1
102
RTVSPost2010Prop41ColorIndex
 90
       18
102
RTVSPost2010Prop41ColorRGB
 90
        0
102
RTVSPost2010PropOp41
 70
     1
102
RTVSPost2010Prop42
 90
       50
102
RTVSPost2010PropOp42
 70
     1
102
RTVSPost2010Prop43
 90
        3
102
RTVSPost2010PropOp43
 70
     1
102
RTVSPost2010Prop44ColorIndex
 90
        5
102
RTVSPost2010Prop44ColorRGB
 90
      255
102
RTVSPost2010PropOp44
 70
     1
102
RTVSPost2010Prop45
280
     0
102
RTVSPost2010PropOp45
 70
     1
102
RTVSPost2010Prop46
 90
       50
102
RTVSPost2010PropOp46
 70
     1
102
RTVSPost2010Prop47
 90
       50
102
RTVSPost2010PropOp47
 70
     1
102
RTVSPost2010Prop48
 90
       50
102
RTVSPost2010PropOp48
 70
     1
102
RTVSPost2010Prop49
280
     0
102
RTVSPost2010PropOp49
 70
     1
102
RTVSPost2010Prop50
 90
       50
102
RTVSPost2010PropOp50
 70
     1
102
RTVSPost2010Prop51ColorIndex
 90
      256
102
RTVSPost2010Prop51ColorRGB
 90
-16777216
102
RTVSPost2010PropOp51
 70
     0
102
RTVSPost2010Prop52
140
1.0
102
RTVSPost2010PropOp52
 70
     0
102
RTVSPost2010Prop53
 90
        2
102
RTVSPost2010PropOp53
 70
     1
102
RTVSPost2010Prop54
  1
strokes_ogs.tif
102
RTVSPost2010PropOp54
 70
     1
102
RTVSPost2010Prop55
280
     0
102
RTVSPost2010PropOp55
 70
     1
102
RTVSPost2010Prop56
140
1.0
102
RTVSPost2010PropOp56
 70
     1
102
RTVSPost2010Prop57
140
1.0
102
RTVSPost2010PropOp57
 70
     1
  0
XRECORD
  5
8A1
102
{ACAD_REACTORS
330
8A0
102
}
330
8A0
100
AcDbXrecord
280
     1
102
RTVSPost2010Prop28
280
     0
102
RTVSPost2010PropOp28
 70
     1
102
RTVSPost2010Prop29
280
     1
102
RTVSPost2010PropOp29
 70
     1
102
RTVSPost2010Prop30
280
     1
102
RTVSPost2010PropOp30
 70
     1
102
RTVSPost2010Prop31
280
     0
102
RTVSPost2010PropOp31
 70
     1
102
RTVSPost2010Prop32
280
     0
102
RTVSPost2010PropOp32
 70
     1
102
RTVSPost2010Prop33
280
     0
102
RTVSPost2010PropOp33
 70
     1
102
RTVSPost2010Prop34
280
     0
102
RTVSPost2010PropOp34
 70
     1
102
RTVSPost2010Prop35
280
     0
102
RTVSPost2010PropOp35
 70
     1
102
RTVSPost2010Prop36
280
     0
102
RTVSPost2010PropOp36
 70
     1
102
RTVSPost2010Prop37
 90
       50
102
RTVSPost2010PropOp37
 70
     1
102
RTVSPost2010Prop38
140
0.0
102
RTVSPost2010PropOp38
 70
     1
102
RTVSPost2010Prop39
140
1.0
102
RTVSPost2010PropOp39
 70
     1
102
RTVSPost2010Prop40
 90
        0
102
RTVSPost2010PropOp40
 70
     1
102
RTVSPost2010Prop41ColorIndex
 90
       18
102
RTVSPost2010Prop41ColorRGB
 90
        0
102
RTVSPost2010PropOp41
 70
     1
102
RTVSPost2010Prop42
 90
       50
102
RTVSPost2010PropOp42
 70
     1
102
RTVSPost2010Prop43
 90
        3
102
RTVSPost2010PropOp43
 70
     1
102
RTVSPost2010Prop44ColorIndex
 90
        5
102
RTVSPost2010Prop44ColorRGB
 90
      255
102
RTVSPost2010PropOp44
 70
     1
102
RTVSPost2010Prop45
280
     0
102
RTVSPost2010PropOp45
 70
     1
102
RTVSPost2010Prop46
 90
       50
102
RTVSPost2010PropOp46
 70
     1
102
RTVSPost2010Prop47
 90
       50
102
RTVSPost2010PropOp47
 70
     1
102
RTVSPost2010Prop48
 90
       50
102
RTVSPost2010PropOp48
 70
     1
102
RTVSPost2010Prop49
280
     0
102
RTVSPost2010PropOp49
 70
     1
102
RTVSPost2010Prop50
 90
       50
102
RTVSPost2010PropOp50
 70
     1
102
RTVSPost2010Prop51ColorIndex
 90
      256
102
RTVSPost2010Prop51ColorRGB
 90
-16777216
102
RTVSPost2010PropOp51
 70
     0
102
RTVSPost2010Prop52
140
1.0
102
RTVSPost2010PropOp52
 70
     0
102
RTVSPost2010Prop53
 90
        2
102
RTVSPost2010PropOp53
 70
     1
102
RTVSPost2010Prop54
  1
strokes_ogs.tif
102
RTVSPost2010PropOp54
 70
     1
102
RTVSPost2010Prop55
280
     0
102
RTVSPost2010PropOp55
 70
     1
102
RTVSPost2010Prop56
140
1.0
102
RTVSPost2010PropOp56
 70
     1
102
RTVSPost2010Prop57
140
1.0
102
RTVSPost2010PropOp57
 70
     1
  0
XRECORD
  5
8B1
102
{ACAD_REACTORS
330
8B0
102
}
330
8B0
100
AcDbXrecord
280
     1
102
RTVSPost2010Prop28
280
     0
102
RTVSPost2010PropOp28
 70
     0
102
RTVSPost2010Prop29
280
     1
102
RTVSPost2010PropOp29
 70
     0
102
RTVSPost2010Prop30
280
     1
102
RTVSPost2010PropOp30
 70
     0
102
RTVSPost2010Prop31
280
     0
102
RTVSPost2010PropOp31
 70
     0
102
RTVSPost2010Prop32
280
     0
102
RTVSPost2010PropOp32
 70
     0
102
RTVSPost2010Prop33
280
     0
102
RTVSPost2010PropOp33
 70
     0
102
RTVSPost2010Prop34
280
     0
102
RTVSPost2010PropOp34
 70
     0
102
RTVSPost2010Prop35
280
     0
102
RTVSPost2010PropOp35
 70
     0
102
RTVSPost2010Prop36
280
     0
102
RTVSPost2010PropOp36
 70
     0
102
RTVSPost2010Prop37
 90
       50
102
RTVSPost2010PropOp37
 70
     0
102
RTVSPost2010Prop38
140
0.0
102
RTVSPost2010PropOp38
 70
     0
102
RTVSPost2010Prop39
140
1.0
102
RTVSPost2010PropOp39
 70
     0
102
RTVSPost2010Prop40
 90
        0
102
RTVSPost2010PropOp40
 70
     0
102
RTVSPost2010Prop41ColorIndex
 90
       18
102
RTVSPost2010Prop41ColorRGB
 90
        0
102
RTVSPost2010PropOp41
 70
     0
102
RTVSPost2010Prop42
 90
       50
102
RTVSPost2010PropOp42
 70
     0
102
RTVSPost2010Prop43
 90
        3
102
RTVSPost2010PropOp43
 70
     0
102
RTVSPost2010Prop44ColorIndex
 90
        5
102
RTVSPost2010Prop44ColorRGB
 90
      255
102
RTVSPost2010PropOp44
 70
     0
102
RTVSPost2010Prop45
280
     0
102
RTVSPost2010PropOp45
 70
     0
102
RTVSPost2010Prop46
 90
       50
102
RTVSPost2010PropOp46
 70
     0
102
RTVSPost2010Prop47
 90
       50
102
RTVSPost2010PropOp47
 70
     0
102
RTVSPost2010Prop48
 90
       50
102
RTVSPost2010PropOp48
 70
     0
102
RTVSPost2010Prop49
280
     0
102
RTVSPost2010PropOp49
 70
     0
102
RTVSPost2010Prop50
 90
       50
102
RTVSPost2010PropOp50
 70
     0
102
RTVSPost2010Prop51ColorIndex
 90
      256
102
RTVSPost2010Prop51ColorRGB
 90
-16777216
102
RTVSPost2010PropOp51
 70
     0
102
RTVSPost2010Prop52
140
1.0
102
RTVSPost2010PropOp52
 70
     0
102
RTVSPost2010Prop53
 90
        2
102
RTVSPost2010PropOp53
 70
     0
102
RTVSPost2010Prop54
  1
strokes_ogs.tif
102
RTVSPost2010PropOp54
 70
     0
102
RTVSPost2010Prop55
280
     0
102
RTVSPost2010PropOp55
 70
     0
102
RTVSPost2010Prop56
140
1.0
102
RTVSPost2010PropOp56
 70
     0
102
RTVSPost2010Prop57
140
1.0
102
RTVSPost2010PropOp57
 70
     0
  0
XRECORD
  5
8A9
102
{ACAD_REACTORS
330
8A8
102
}
330
8A8
100
AcDbXrecord
280
     1
102
RTVSPost2010Prop28
280
     0
102
RTVSPost2010PropOp28
 70
     1
102
RTVSPost2010Prop29
280
     1
102
RTVSPost2010PropOp29
 70
     1
102
RTVSPost2010Prop30
280
     1
102
RTVSPost2010PropOp30
 70
     1
102
RTVSPost2010Prop31
280
     0
102
RTVSPost2010PropOp31
 70
     1
102
RTVSPost2010Prop32
280
     0
102
RTVSPost2010PropOp32
 70
     1
102
RTVSPost2010Prop33
280
     0
102
RTVSPost2010PropOp33
 70
     1
102
RTVSPost2010Prop34
280
     0
102
RTVSPost2010PropOp34
 70
     1
102
RTVSPost2010Prop35
280
     0
102
RTVSPost2010PropOp35
 70
     1
102
RTVSPost2010Prop36
280
     0
102
RTVSPost2010PropOp36
 70
     1
102
RTVSPost2010Prop37
 90
       50
102
RTVSPost2010PropOp37
 70
     1
102
RTVSPost2010Prop38
140
0.0
102
RTVSPost2010PropOp38
 70
     1
102
RTVSPost2010Prop39
140
1.0
102
RTVSPost2010PropOp39
 70
     1
102
RTVSPost2010Prop40
 90
        0
102
RTVSPost2010PropOp40
 70
     1
102
RTVSPost2010Prop41ColorIndex
 90
       18
102
RTVSPost2010Prop41ColorRGB
 90
        0
102
RTVSPost2010PropOp41
 70
     1
102
RTVSPost2010Prop42
 90
       50
102
RTVSPost2010PropOp42
 70
     1
102
RTVSPost2010Prop43
 90
        3
102
RTVSPost2010PropOp43
 70
     1
102
RTVSPost2010Prop44ColorIndex
 90
        5
102
RTVSPost2010Prop44ColorRGB
 90
      255
102
RTVSPost2010PropOp44
 70
     1
102
RTVSPost2010Prop45
280
     0
102
RTVSPost2010PropOp45
 70
     1
102
RTVSPost2010Prop46
 90
       50
102
RTVSPost2010PropOp46
 70
     1
102
RTVSPost2010Prop47
 90
       50
102
RTVSPost2010PropOp47
 70
     1
102
RTVSPost2010Prop48
 90
       50
102
RTVSPost2010PropOp48
 70
     1
102
RTVSPost2010Prop49
280
     0
102
RTVSPost2010PropOp49
 70
     1
102
RTVSPost2010Prop50
 90
       50
102
RTVSPost2010PropOp50
 70
     1
102
RTVSPost2010Prop51ColorIndex
 90
      256
102
RTVSPost2010Prop51ColorRGB
 90
-16777216
102
RTVSPost2010PropOp51
 70
     0
102
RTVSPost2010Prop52
140
1.0
102
RTVSPost2010PropOp52
 70
     0
102
RTVSPost2010Prop53
 90
        2
102
RTVSPost2010PropOp53
 70
     1
102
RTVSPost2010Prop54
  1
strokes_ogs.tif
102
RTVSPost2010PropOp54
 70
     1
102
RTVSPost2010Prop55
280
     0
102
RTVSPost2010PropOp55
 70
     1
102
RTVSPost2010Prop56
140
1.0
102
RTVSPost2010PropOp56
 70
     1
102
RTVSPost2010Prop57
140
1.0
102
RTVSPost2010PropOp57
 70
     1
  0
XRECORD
  5
88D
102
{ACAD_REACTORS
330
88C
102
}
330
88C
100
AcDbXrecord
280
     1
102
RTVSPost2010Prop28
280
     0
102
RTVSPost2010PropOp28
 70
     1
102
RTVSPost2010Prop29
280
     1
102
RTVSPost2010PropOp29
 70
     1
102
RTVSPost2010Prop30
280
     1
102
RTVSPost2010PropOp30
 70
     1
102
RTVSPost2010Prop31
280
     0
102
RTVSPost2010PropOp31
 70
     1
102
RTVSPost2010Prop32
280
     0
102
RTVSPost2010PropOp32
 70
     1
102
RTVSPost2010Prop33
280
     0
102
RTVSPost2010PropOp33
 70
     1
102
RTVSPost2010Prop34
280
     0
102
RTVSPost2010PropOp34
 70
     1
102
RTVSPost2010Prop35
280
     0
102
RTVSPost2010PropOp35
 70
     1
102
RTVSPost2010Prop36
280
     0
102
RTVSPost2010PropOp36
 70
     1
102
RTVSPost2010Prop37
 90
       50
102
RTVSPost2010PropOp37
 70
     1
102
RTVSPost2010Prop38
140
0.0
102
RTVSPost2010PropOp38
 70
     1
102
RTVSPost2010Prop39
140
1.0
102
RTVSPost2010PropOp39
 70
     1
102
RTVSPost2010Prop40
 90
        0
102
RTVSPost2010PropOp40
 70
     1
102
RTVSPost2010Prop41ColorIndex
 90
       18
102
RTVSPost2010Prop41ColorRGB
 90
        0
102
RTVSPost2010PropOp41
 70
     1
102
RTVSPost2010Prop42
 90
       50
102
RTVSPost2010PropOp42
 70
     1
102
RTVSPost2010Prop43
 90
        3
102
RTVSPost2010PropOp43
 70
     1
102
RTVSPost2010Prop44ColorIndex
 90
        5
102
RTVSPost2010Prop44ColorRGB
 90
      255
102
RTVSPost2010PropOp44
 70
     1
102
RTVSPost2010Prop45
280
     0
102
RTVSPost2010PropOp45
 70
     1
102
RTVSPost2010Prop46
 90
       50
102
RTVSPost2010PropOp46
 70
     1
102
RTVSPost2010Prop47
 90
       50
102
RTVSPost2010PropOp47
 70
     1
102
RTVSPost2010Prop48
 90
       50
102
RTVSPost2010PropOp48
 70
     1
102
RTVSPost2010Prop49
280
     0
102
RTVSPost2010PropOp49
 70
     1
102
RTVSPost2010Prop50
 90
       50
102
RTVSPost2010PropOp50
 70
     1
102
RTVSPost2010Prop51ColorIndex
 90
      256
102
RTVSPost2010Prop51ColorRGB
 90
-16777216
102
RTVSPost2010PropOp51
 70
     0
102
RTVSPost2010Prop52
140
1.0
102
RTVSPost2010PropOp52
 70
     0
102
RTVSPost2010Prop53
 90
        2
102
RTVSPost2010PropOp53
 70
     1
102
RTVSPost2010Prop54
  1
strokes_ogs.tif
102
RTVSPost2010PropOp54
 70
     1
102
RTVSPost2010Prop55
280
     0
102
RTVSPost2010PropOp55
 70
     1
102
RTVSPost2010Prop56
140
1.0
102
RTVSPost2010PropOp56
 70
     1
102
RTVSPost2010Prop57
140
1.0
102
RTVSPost2010PropOp57
 70
     1
  0
XRECORD
  5
88F
102
{ACAD_REACTORS
330
88E
102
}
330
88E
100
AcDbXrecord
280
     1
102
RTVSPost2010Prop28
280
     0
102
RTVSPost2010PropOp28
 70
     1
102
RTVSPost2010Prop29
280
     1
102
RTVSPost2010PropOp29
 70
     1
102
RTVSPost2010Prop30
280
     1
102
RTVSPost2010PropOp30
 70
     1
102
RTVSPost2010Prop31
280
     0
102
RTVSPost2010PropOp31
 70
     1
102
RTVSPost2010Prop32
280
     0
102
RTVSPost2010PropOp32
 70
     1
102
RTVSPost2010Prop33
280
     0
102
RTVSPost2010PropOp33
 70
     1
102
RTVSPost2010Prop34
280
     0
102
RTVSPost2010PropOp34
 70
     1
102
RTVSPost2010Prop35
280
     0
102
RTVSPost2010PropOp35
 70
     1
102
RTVSPost2010Prop36
280
     0
102
RTVSPost2010PropOp36
 70
     1
102
RTVSPost2010Prop37
 90
       50
102
RTVSPost2010PropOp37
 70
     1
102
RTVSPost2010Prop38
140
0.0
102
RTVSPost2010PropOp38
 70
     1
102
RTVSPost2010Prop39
140
1.0
102
RTVSPost2010PropOp39
 70
     1
102
RTVSPost2010Prop40
 90
        0
102
RTVSPost2010PropOp40
 70
     1
102
RTVSPost2010Prop41ColorIndex
 90
       18
102
RTVSPost2010Prop41ColorRGB
 90
        0
102
RTVSPost2010PropOp41
 70
     1
102
RTVSPost2010Prop42
 90
       50
102
RTVSPost2010PropOp42
 70
     1
102
RTVSPost2010Prop43
 90
        3
102
RTVSPost2010PropOp43
 70
     1
102
RTVSPost2010Prop44ColorIndex
 90
        5
102
RTVSPost2010Prop44ColorRGB
 90
      255
102
RTVSPost2010PropOp44
 70
     1
102
RTVSPost2010Prop45
280
     0
102
RTVSPost2010PropOp45
 70
     1
102
RTVSPost2010Prop46
 90
       50
102
RTVSPost2010PropOp46
 70
     1
102
RTVSPost2010Prop47
 90
       50
102
RTVSPost2010PropOp47
 70
     1
102
RTVSPost2010Prop48
 90
       50
102
RTVSPost2010PropOp48
 70
     1
102
RTVSPost2010Prop49
280
     0
102
RTVSPost2010PropOp49
 70
     1
102
RTVSPost2010Prop50
 90
       50
102
RTVSPost2010PropOp50
 70
     1
102
RTVSPost2010Prop51ColorIndex
 90
      256
102
RTVSPost2010Prop51ColorRGB
 90
-16777216
102
RTVSPost2010PropOp51
 70
     0
102
RTVSPost2010Prop52
140
1.0
102
RTVSPost2010PropOp52
 70
     0
102
RTVSPost2010Prop53
 90
        2
102
RTVSPost2010PropOp53
 70
     1
102
RTVSPost2010Prop54
  1
strokes_ogs.tif
102
RTVSPost2010PropOp54
 70
     1
102
RTVSPost2010Prop55
280
     0
102
RTVSPost2010PropOp55
 70
     1
102
RTVSPost2010Prop56
140
1.0
102
RTVSPost2010PropOp56
 70
     1
102
RTVSPost2010Prop57
140
1.0
102
RTVSPost2010PropOp57
 70
     1
  0
XRECORD
  5
891
102
{ACAD_REACTORS
330
890
102
}
330
890
100
AcDbXrecord
280
     1
102
RTVSPost2010Prop28
280
     0
102
RTVSPost2010PropOp28
 70
     1
102
RTVSPost2010Prop29
280
     1
102
RTVSPost2010PropOp29
 70
     1
102
RTVSPost2010Prop30
280
     1
102
RTVSPost2010PropOp30
 70
     1
102
RTVSPost2010Prop31
280
     0
102
RTVSPost2010PropOp31
 70
     1
102
RTVSPost2010Prop32
280
     0
102
RTVSPost2010PropOp32
 70
     1
102
RTVSPost2010Prop33
280
     0
102
RTVSPost2010PropOp33
 70
     1
102
RTVSPost2010Prop34
280
     0
102
RTVSPost2010PropOp34
 70
     1
102
RTVSPost2010Prop35
280
     0
102
RTVSPost2010PropOp35
 70
     1
102
RTVSPost2010Prop36
280
     0
102
RTVSPost2010PropOp36
 70
     1
102
RTVSPost2010Prop37
 90
       50
102
RTVSPost2010PropOp37
 70
     1
102
RTVSPost2010Prop38
140
0.0
102
RTVSPost2010PropOp38
 70
     1
102
RTVSPost2010Prop39
140
1.0
102
RTVSPost2010PropOp39
 70
     1
102
RTVSPost2010Prop40
 90
        0
102
RTVSPost2010PropOp40
 70
     1
102
RTVSPost2010Prop41ColorIndex
 90
       18
102
RTVSPost2010Prop41ColorRGB
 90
        0
102
RTVSPost2010PropOp41
 70
     1
102
RTVSPost2010Prop42
 90
       50
102
RTVSPost2010PropOp42
 70
     1
102
RTVSPost2010Prop43
 90
        3
102
RTVSPost2010PropOp43
 70
     1
102
RTVSPost2010Prop44ColorIndex
 90
        5
102
RTVSPost2010Prop44ColorRGB
 90
      255
102
RTVSPost2010PropOp44
 70
     1
102
RTVSPost2010Prop45
280
     0
102
RTVSPost2010PropOp45
 70
     1
102
RTVSPost2010Prop46
 90
       50
102
RTVSPost2010PropOp46
 70
     1
102
RTVSPost2010Prop47
 90
       50
102
RTVSPost2010PropOp47
 70
     1
102
RTVSPost2010Prop48
 90
       50
102
RTVSPost2010PropOp48
 70
     1
102
RTVSPost2010Prop49
280
     0
102
RTVSPost2010PropOp49
 70
     1
102
RTVSPost2010Prop50
 90
       50
102
RTVSPost2010PropOp50
 70
     1
102
RTVSPost2010Prop51ColorIndex
 90
      256
102
RTVSPost2010Prop51ColorRGB
 90
-16777216
102
RTVSPost2010PropOp51
 70
     0
102
RTVSPost2010Prop52
140
1.0
102
RTVSPost2010PropOp52
 70
     0
102
RTVSPost2010Prop53
 90
        2
102
RTVSPost2010PropOp53
 70
     1
102
RTVSPost2010Prop54
  1
strokes_ogs.tif
102
RTVSPost2010PropOp54
 70
     1
102
RTVSPost2010Prop55
280
     0
102
RTVSPost2010PropOp55
 70
     1
102
RTVSPost2010Prop56
140
1.0
102
RTVSPost2010PropOp56
 70
     1
102
RTVSPost2010Prop57
140
1.0
102
RTVSPost2010PropOp57
 70
     1
  0
XRECORD
  5
893
102
{ACAD_REACTORS
330
892
102
}
330
892
100
AcDbXrecord
280
     1
102
RTVSPost2010Prop28
280
     0
102
RTVSPost2010PropOp28
 70
     1
102
RTVSPost2010Prop29
280
     1
102
RTVSPost2010PropOp29
 70
     1
102
RTVSPost2010Prop30
280
     1
102
RTVSPost2010PropOp30
 70
     1
102
RTVSPost2010Prop31
280
     0
102
RTVSPost2010PropOp31
 70
     1
102
RTVSPost2010Prop32
280
     0
102
RTVSPost2010PropOp32
 70
     1
102
RTVSPost2010Prop33
280
     0
102
RTVSPost2010PropOp33
 70
     1
102
RTVSPost2010Prop34
280
     0
102
RTVSPost2010PropOp34
 70
     1
102
RTVSPost2010Prop35
280
     0
102
RTVSPost2010PropOp35
 70
     1
102
RTVSPost2010Prop36
280
     0
102
RTVSPost2010PropOp36
 70
     1
102
RTVSPost2010Prop37
 90
       50
102
RTVSPost2010PropOp37
 70
     1
102
RTVSPost2010Prop38
140
0.0
102
RTVSPost2010PropOp38
 70
     1
102
RTVSPost2010Prop39
140
1.0
102
RTVSPost2010PropOp39
 70
     1
102
RTVSPost2010Prop40
 90
        0
102
RTVSPost2010PropOp40
 70
     1
102
RTVSPost2010Prop41ColorIndex
 90
       18
102
RTVSPost2010Prop41ColorRGB
 90
        0
102
RTVSPost2010PropOp41
 70
     1
102
RTVSPost2010Prop42
 90
       50
102
RTVSPost2010PropOp42
 70
     1
102
RTVSPost2010Prop43
 90
        3
102
RTVSPost2010PropOp43
 70
     1
102
RTVSPost2010Prop44ColorIndex
 90
        5
102
RTVSPost2010Prop44ColorRGB
 90
      255
102
RTVSPost2010PropOp44
 70
     1
102
RTVSPost2010Prop45
280
     0
102
RTVSPost2010PropOp45
 70
     1
102
RTVSPost2010Prop46
 90
       50
102
RTVSPost2010PropOp46
 70
     1
102
RTVSPost2010Prop47
 90
       50
102
RTVSPost2010PropOp47
 70
     1
102
RTVSPost2010Prop48
 90
       50
102
RTVSPost2010PropOp48
 70
     1
102
RTVSPost2010Prop49
280
     0
102
RTVSPost2010PropOp49
 70
     1
102
RTVSPost2010Prop50
 90
       50
102
RTVSPost2010PropOp50
 70
     1
102
RTVSPost2010Prop51ColorIndex
 90
      256
102
RTVSPost2010Prop51ColorRGB
 90
-16777216
102
RTVSPost2010PropOp51
 70
     0
102
RTVSPost2010Prop52
140
1.0
102
RTVSPost2010PropOp52
 70
     0
102
RTVSPost2010Prop53
 90
        2
102
RTVSPost2010PropOp53
 70
     1
102
RTVSPost2010Prop54
  1
strokes_ogs.tif
102
RTVSPost2010PropOp54
 70
     1
102
RTVSPost2010Prop55
280
     0
102
RTVSPost2010PropOp55
 70
     1
102
RTVSPost2010Prop56
140
1.0
102
RTVSPost2010PropOp56
 70
     1
102
RTVSPost2010Prop57
140
1.0
102
RTVSPost2010PropOp57
 70
     1
  0
XRECORD
  5
899
102
{ACAD_REACTORS
330
898
102
}
330
898
100
AcDbXrecord
280
     1
102
RTVSPost2010Prop28
280
     0
102
RTVSPost2010PropOp28
 70
     1
102
RTVSPost2010Prop29
280
     1
102
RTVSPost2010PropOp29
 70
     1
102
RTVSPost2010Prop30
280
     1
102
RTVSPost2010PropOp30
 70
     1
102
RTVSPost2010Prop31
280
     0
102
RTVSPost2010PropOp31
 70
     1
102
RTVSPost2010Prop32
280
     0
102
RTVSPost2010PropOp32
 70
     1
102
RTVSPost2010Prop33
280
     0
102
RTVSPost2010PropOp33
 70
     1
102
RTVSPost2010Prop34
280
     0
102
RTVSPost2010PropOp34
 70
     1
102
RTVSPost2010Prop35
280
     0
102
RTVSPost2010PropOp35
 70
     1
102
RTVSPost2010Prop36
280
     0
102
RTVSPost2010PropOp36
 70
     1
102
RTVSPost2010Prop37
 90
       50
102
RTVSPost2010PropOp37
 70
     1
102
RTVSPost2010Prop38
140
0.0
102
RTVSPost2010PropOp38
 70
     1
102
RTVSPost2010Prop39
140
1.0
102
RTVSPost2010PropOp39
 70
     1
102
RTVSPost2010Prop40
 90
        0
102
RTVSPost2010PropOp40
 70
     1
102
RTVSPost2010Prop41ColorIndex
 90
       18
102
RTVSPost2010Prop41ColorRGB
 90
        0
102
RTVSPost2010PropOp41
 70
     1
102
RTVSPost2010Prop42
 90
       50
102
RTVSPost2010PropOp42
 70
     1
102
RTVSPost2010Prop43
 90
        3
102
RTVSPost2010PropOp43
 70
     1
102
RTVSPost2010Prop44ColorIndex
 90
        5
102
RTVSPost2010Prop44ColorRGB
 90
      255
102
RTVSPost2010PropOp44
 70
     1
102
RTVSPost2010Prop45
280
     0
102
RTVSPost2010PropOp45
 70
     1
102
RTVSPost2010Prop46
 90
       50
102
RTVSPost2010PropOp46
 70
     1
102
RTVSPost2010Prop47
 90
       50
102
RTVSPost2010PropOp47
 70
     1
102
RTVSPost2010Prop48
 90
       50
102
RTVSPost2010PropOp48
 70
     1
102
RTVSPost2010Prop49
280
     0
102
RTVSPost2010PropOp49
 70
     1
102
RTVSPost2010Prop50
 90
       50
102
RTVSPost2010PropOp50
 70
     1
102
RTVSPost2010Prop51ColorIndex
 90
      256
102
RTVSPost2010Prop51ColorRGB
 90
-16777216
102
RTVSPost2010PropOp51
 70
     0
102
RTVSPost2010Prop52
140
1.0
102
RTVSPost2010PropOp52
 70
     0
102
RTVSPost2010Prop53
 90
        2
102
RTVSPost2010PropOp53
 70
     1
102
RTVSPost2010Prop54
  1
strokes_ogs.tif
102
RTVSPost2010PropOp54
 70
     1
102
RTVSPost2010Prop55
280
     0
102
RTVSPost2010PropOp55
 70
     1
102
RTVSPost2010Prop56
140
1.0
102
RTVSPost2010PropOp56
 70
     1
102
RTVSPost2010Prop57
140
1.0
102
RTVSPost2010PropOp57
 70
     1
  0
XRECORD
  5
8AD
102
{ACAD_REACTORS
330
8AC
102
}
330
8AC
100
AcDbXrecord
280
     1
102
RTVSPost2010Prop28
280
     0
102
RTVSPost2010PropOp28
 70
     0
102
RTVSPost2010Prop29
280
     1
102
RTVSPost2010PropOp29
 70
     0
102
RTVSPost2010Prop30
280
     1
102
RTVSPost2010PropOp30
 70
     0
102
RTVSPost2010Prop31
280
     0
102
RTVSPost2010PropOp31
 70
     0
102
RTVSPost2010Prop32
280
     0
102
RTVSPost2010PropOp32
 70
     0
102
RTVSPost2010Prop33
280
     0
102
RTVSPost2010PropOp33
 70
     0
102
RTVSPost2010Prop34
280
     0
102
RTVSPost2010PropOp34
 70
     0
102
RTVSPost2010Prop35
280
     0
102
RTVSPost2010PropOp35
 70
     0
102
RTVSPost2010Prop36
280
     0
102
RTVSPost2010PropOp36
 70
     0
102
RTVSPost2010Prop37
 90
       50
102
RTVSPost2010PropOp37
 70
     0
102
RTVSPost2010Prop38
140
0.0
102
RTVSPost2010PropOp38
 70
     0
102
RTVSPost2010Prop39
140
1.0
102
RTVSPost2010PropOp39
 70
     0
102
RTVSPost2010Prop40
 90
        0
102
RTVSPost2010PropOp40
 70
     0
102
RTVSPost2010Prop41ColorIndex
 90
       18
102
RTVSPost2010Prop41ColorRGB
 90
        0
102
RTVSPost2010PropOp41
 70
     0
102
RTVSPost2010Prop42
 90
       50
102
RTVSPost2010PropOp42
 70
     0
102
RTVSPost2010Prop43
 90
        3
102
RTVSPost2010PropOp43
 70
     0
102
RTVSPost2010Prop44ColorIndex
 90
        5
102
RTVSPost2010Prop44ColorRGB
 90
      255
102
RTVSPost2010PropOp44
 70
     0
102
RTVSPost2010Prop45
280
     0
102
RTVSPost2010PropOp45
 70
     0
102
RTVSPost2010Prop46
 90
       50
102
RTVSPost2010PropOp46
 70
     0
102
RTVSPost2010Prop47
 90
       50
102
RTVSPost2010PropOp47
 70
     0
102
RTVSPost2010Prop48
 90
       50
102
RTVSPost2010PropOp48
 70
     0
102
RTVSPost2010Prop49
280
     0
102
RTVSPost2010PropOp49
 70
     0
102
RTVSPost2010Prop50
 90
       50
102
RTVSPost2010PropOp50
 70
     0
102
RTVSPost2010Prop51ColorIndex
 90
      256
102
RTVSPost2010Prop51ColorRGB
 90
-16777216
102
RTVSPost2010PropOp51
 70
     0
102
RTVSPost2010Prop52
140
1.0
102
RTVSPost2010PropOp52
 70
     0
102
RTVSPost2010Prop53
 90
        2
102
RTVSPost2010PropOp53
 70
     0
102
RTVSPost2010Prop54
  1
strokes_ogs.tif
102
RTVSPost2010PropOp54
 70
     0
102
RTVSPost2010Prop55
280
     0
102
RTVSPost2010PropOp55
 70
     0
102
RTVSPost2010Prop56
140
1.0
102
RTVSPost2010PropOp56
 70
     0
102
RTVSPost2010Prop57
140
1.0
102
RTVSPost2010PropOp57
 70
     0
  0
XRECORD
  5
8A7
102
{ACAD_REACTORS
330
8A6
102
}
330
8A6
100
AcDbXrecord
280
     1
102
RTVSPost2010Prop28
280
     0
102
RTVSPost2010PropOp28
 70
     1
102
RTVSPost2010Prop29
280
     1
102
RTVSPost2010PropOp29
 70
     1
102
RTVSPost2010Prop30
280
     1
102
RTVSPost2010PropOp30
 70
     1
102
RTVSPost2010Prop31
280
     0
102
RTVSPost2010PropOp31
 70
     1
102
RTVSPost2010Prop32
280
     0
102
RTVSPost2010PropOp32
 70
     1
102
RTVSPost2010Prop33
280
     0
102
RTVSPost2010PropOp33
 70
     1
102
RTVSPost2010Prop34
280
     0
102
RTVSPost2010PropOp34
 70
     1
102
RTVSPost2010Prop35
280
     0
102
RTVSPost2010PropOp35
 70
     1
102
RTVSPost2010Prop36
280
     0
102
RTVSPost2010PropOp36
 70
     1
102
RTVSPost2010Prop37
 90
       50
102
RTVSPost2010PropOp37
 70
     1
102
RTVSPost2010Prop38
140
0.0
102
RTVSPost2010PropOp38
 70
     1
102
RTVSPost2010Prop39
140
1.0
102
RTVSPost2010PropOp39
 70
     1
102
RTVSPost2010Prop40
 90
        0
102
RTVSPost2010PropOp40
 70
     1
102
RTVSPost2010Prop41ColorIndex
 90
       18
102
RTVSPost2010Prop41ColorRGB
 90
        0
102
RTVSPost2010PropOp41
 70
     1
102
RTVSPost2010Prop42
 90
       50
102
RTVSPost2010PropOp42
 70
     1
102
RTVSPost2010Prop43
 90
        3
102
RTVSPost2010PropOp43
 70
     1
102
RTVSPost2010Prop44ColorIndex
 90
        5
102
RTVSPost2010Prop44ColorRGB
 90
      255
102
RTVSPost2010PropOp44
 70
     1
102
RTVSPost2010Prop45
280
     0
102
RTVSPost2010PropOp45
 70
     1
102
RTVSPost2010Prop46
 90
       50
102
RTVSPost2010PropOp46
 70
     1
102
RTVSPost2010Prop47
 90
       50
102
RTVSPost2010PropOp47
 70
     1
102
RTVSPost2010Prop48
 90
       50
102
RTVSPost2010PropOp48
 70
     1
102
RTVSPost2010Prop49
280
     0
102
RTVSPost2010PropOp49
 70
     1
102
RTVSPost2010Prop50
 90
       50
102
RTVSPost2010PropOp50
 70
     1
102
RTVSPost2010Prop51ColorIndex
 90
      256
102
RTVSPost2010Prop51ColorRGB
 90
-16777216
102
RTVSPost2010PropOp51
 70
     0
102
RTVSPost2010Prop52
140
1.0
102
RTVSPost2010PropOp52
 70
     0
102
RTVSPost2010Prop53
 90
        2
102
RTVSPost2010PropOp53
 70
     1
102
RTVSPost2010Prop54
  1
strokes_ogs.tif
102
RTVSPost2010PropOp54
 70
     1
102
RTVSPost2010Prop55
280
     0
102
RTVSPost2010PropOp55
 70
     1
102
RTVSPost2010Prop56
140
1.0
102
RTVSPost2010PropOp56
 70
     1
102
RTVSPost2010Prop57
140
1.0
102
RTVSPost2010PropOp57
 70
     1
  0
XRECORD
  5
8AF
102
{ACAD_REACTORS
330
8AE
102
}
330
8AE
100
AcDbXrecord
280
     1
102
RTVSPost2010Prop28
280
     0
102
RTVSPost2010PropOp28
 70
     0
102
RTVSPost2010Prop29
280
     1
102
RTVSPost2010PropOp29
 70
     0
102
RTVSPost2010Prop30
280
     1
102
RTVSPost2010PropOp30
 70
     0
102
RTVSPost2010Prop31
280
     0
102
RTVSPost2010PropOp31
 70
     0
102
RTVSPost2010Prop32
280
     0
102
RTVSPost2010PropOp32
 70
     0
102
RTVSPost2010Prop33
280
     0
102
RTVSPost2010PropOp33
 70
     0
102
RTVSPost2010Prop34
280
     0
102
RTVSPost2010PropOp34
 70
     0
102
RTVSPost2010Prop35
280
     0
102
RTVSPost2010PropOp35
 70
     0
102
RTVSPost2010Prop36
280
     0
102
RTVSPost2010PropOp36
 70
     0
102
RTVSPost2010Prop37
 90
       50
102
RTVSPost2010PropOp37
 70
     0
102
RTVSPost2010Prop38
140
0.0
102
RTVSPost2010PropOp38
 70
     0
102
RTVSPost2010Prop39
140
1.0
102
RTVSPost2010PropOp39
 70
     0
102
RTVSPost2010Prop40
 90
        0
102
RTVSPost2010PropOp40
 70
     0
102
RTVSPost2010Prop41ColorIndex
 90
       18
102
RTVSPost2010Prop41ColorRGB
 90
        0
102
RTVSPost2010PropOp41
 70
     0
102
RTVSPost2010Prop42
 90
       50
102
RTVSPost2010PropOp42
 70
     0
102
RTVSPost2010Prop43
 90
        3
102
RTVSPost2010PropOp43
 70
     0
102
RTVSPost2010Prop44ColorIndex
 90
        5
102
RTVSPost2010Prop44ColorRGB
 90
      255
102
RTVSPost2010PropOp44
 70
     0
102
RTVSPost2010Prop45
280
     0
102
RTVSPost2010PropOp45
 70
     0
102
RTVSPost2010Prop46
 90
       50
102
RTVSPost2010PropOp46
 70
     0
102
RTVSPost2010Prop47
 90
       50
102
RTVSPost2010PropOp47
 70
     0
102
RTVSPost2010Prop48
 90
       50
102
RTVSPost2010PropOp48
 70
     0
102
RTVSPost2010Prop49
280
     0
102
RTVSPost2010PropOp49
 70
     0
102
RTVSPost2010Prop50
 90
       50
102
RTVSPost2010PropOp50
 70
     0
102
RTVSPost2010Prop51ColorIndex
 90
      256
102
RTVSPost2010Prop51ColorRGB
 90
-16777216
102
RTVSPost2010PropOp51
 70
     0
102
RTVSPost2010Prop52
140
1.0
102
RTVSPost2010PropOp52
 70
     0
102
RTVSPost2010Prop53
 90
        2
102
RTVSPost2010PropOp53
 70
     0
102
RTVSPost2010Prop54
  1
strokes_ogs.tif
102
RTVSPost2010PropOp54
 70
     0
102
RTVSPost2010Prop55
280
     0
102
RTVSPost2010PropOp55
 70
     0
102
RTVSPost2010Prop56
140
1.0
102
RTVSPost2010PropOp56
 70
     0
102
RTVSPost2010Prop57
140
1.0
102
RTVSPost2010PropOp57
 70
     0
  0
XRECORD
  5
89D
102
{ACAD_REACTORS
330
89C
102
}
330
89C
100
AcDbXrecord
280
     1
102
RTVSPost2010Prop28
280
     0
102
RTVSPost2010PropOp28
 70
     1
102
RTVSPost2010Prop29
280
     1
102
RTVSPost2010PropOp29
 70
     1
102
RTVSPost2010Prop30
280
     1
102
RTVSPost2010PropOp30
 70
     1
102
RTVSPost2010Prop31
280
     0
102
RTVSPost2010PropOp31
 70
     1
102
RTVSPost2010Prop32
280
     0
102
RTVSPost2010PropOp32
 70
     1
102
RTVSPost2010Prop33
280
     0
102
RTVSPost2010PropOp33
 70
     1
102
RTVSPost2010Prop34
280
     0
102
RTVSPost2010PropOp34
 70
     1
102
RTVSPost2010Prop35
280
     0
102
RTVSPost2010PropOp35
 70
     1
102
RTVSPost2010Prop36
280
     0
102
RTVSPost2010PropOp36
 70
     1
102
RTVSPost2010Prop37
 90
       50
102
RTVSPost2010PropOp37
 70
     1
102
RTVSPost2010Prop38
140
0.0
102
RTVSPost2010PropOp38
 70
     1
102
RTVSPost2010Prop39
140
1.0
102
RTVSPost2010PropOp39
 70
     1
102
RTVSPost2010Prop40
 90
        0
102
RTVSPost2010PropOp40
 70
     1
102
RTVSPost2010Prop41ColorIndex
 90
       18
102
RTVSPost2010Prop41ColorRGB
 90
        0
102
RTVSPost2010PropOp41
 70
     1
102
RTVSPost2010Prop42
 90
       50
102
RTVSPost2010PropOp42
 70
     1
102
RTVSPost2010Prop43
 90
        3
102
RTVSPost2010PropOp43
 70
     1
102
RTVSPost2010Prop44ColorIndex
 90
        5
102
RTVSPost2010Prop44ColorRGB
 90
      255
102
RTVSPost2010PropOp44
 70
     1
102
RTVSPost2010Prop45
280
     0
102
RTVSPost2010PropOp45
 70
     1
102
RTVSPost2010Prop46
 90
       50
102
RTVSPost2010PropOp46
 70
     1
102
RTVSPost2010Prop47
 90
       50
102
RTVSPost2010PropOp47
 70
     1
102
RTVSPost2010Prop48
 90
       50
102
RTVSPost2010PropOp48
 70
     1
102
RTVSPost2010Prop49
280
     0
102
RTVSPost2010PropOp49
 70
     1
102
RTVSPost2010Prop50
 90
       50
102
RTVSPost2010PropOp50
 70
     1
102
RTVSPost2010Prop51ColorIndex
 90
      256
102
RTVSPost2010Prop51ColorRGB
 90
-16777216
102
RTVSPost2010PropOp51
 70
     0
102
RTVSPost2010Prop52
140
1.0
102
RTVSPost2010PropOp52
 70
     0
102
RTVSPost2010Prop53
 90
        2
102
RTVSPost2010PropOp53
 70
     1
102
RTVSPost2010Prop54
  1
strokes_ogs.tif
102
RTVSPost2010PropOp54
 70
     1
102
RTVSPost2010Prop55
280
     0
102
RTVSPost2010PropOp55
 70
     1
102
RTVSPost2010Prop56
140
1.0
102
RTVSPost2010PropOp56
 70
     1
102
RTVSPost2010Prop57
140
1.0
102
RTVSPost2010PropOp57
 70
     1
  0
XRECORD
  5
8BB
102
{ACAD_REACTORS
330
8BA
102
}
330
8BA
100
AcDbXrecord
280
     1
102
RTVSPost2010Prop28
280
     0
102
RTVSPost2010PropOp28
 70
     1
102
RTVSPost2010Prop29
280
     1
102
RTVSPost2010PropOp29
 70
     1
102
RTVSPost2010Prop30
280
     1
102
RTVSPost2010PropOp30
 70
     1
102
RTVSPost2010Prop31
280
     0
102
RTVSPost2010PropOp31
 70
     1
102
RTVSPost2010Prop32
280
     0
102
RTVSPost2010PropOp32
 70
     1
102
RTVSPost2010Prop33
280
     0
102
RTVSPost2010PropOp33
 70
     1
102
RTVSPost2010Prop34
280
     0
102
RTVSPost2010PropOp34
 70
     1
102
RTVSPost2010Prop35
280
     0
102
RTVSPost2010PropOp35
 70
     1
102
RTVSPost2010Prop36
280
     0
102
RTVSPost2010PropOp36
 70
     1
102
RTVSPost2010Prop37
 90
       50
102
RTVSPost2010PropOp37
 70
     1
102
RTVSPost2010Prop38
140
0.0
102
RTVSPost2010PropOp38
 70
     1
102
RTVSPost2010Prop39
140
1.0
102
RTVSPost2010PropOp39
 70
     1
102
RTVSPost2010Prop40
 90
        0
102
RTVSPost2010PropOp40
 70
     1
102
RTVSPost2010Prop41ColorIndex
 90
       18
102
RTVSPost2010Prop41ColorRGB
 90
        0
102
RTVSPost2010PropOp41
 70
     1
102
RTVSPost2010Prop42
 90
       50
102
RTVSPost2010PropOp42
 70
     1
102
RTVSPost2010Prop43
 90
        3
102
RTVSPost2010PropOp43
 70
     1
102
RTVSPost2010Prop44ColorIndex
 90
        5
102
RTVSPost2010Prop44ColorRGB
 90
      255
102
RTVSPost2010PropOp44
 70
     1
102
RTVSPost2010Prop45
280
     0
102
RTVSPost2010PropOp45
 70
     1
102
RTVSPost2010Prop46
 90
       50
102
RTVSPost2010PropOp46
 70
     1
102
RTVSPost2010Prop47
 90
       50
102
RTVSPost2010PropOp47
 70
     1
102
RTVSPost2010Prop48
 90
       50
102
RTVSPost2010PropOp48
 70
     1
102
RTVSPost2010Prop49
280
     0
102
RTVSPost2010PropOp49
 70
     1
102
RTVSPost2010Prop50
 90
       50
102
RTVSPost2010PropOp50
 70
     1
102
RTVSPost2010Prop51ColorIndex
 90
      256
102
RTVSPost2010Prop51ColorRGB
 90
-16777216
102
RTVSPost2010PropOp51
 70
     0
102
RTVSPost2010Prop52
140
1.0
102
RTVSPost2010PropOp52
 70
     0
102
RTVSPost2010Prop53
 90
        2
102
RTVSPost2010PropOp53
 70
     1
102
RTVSPost2010Prop54
  1
strokes_ogs.tif
102
RTVSPost2010PropOp54
 70
     1
102
RTVSPost2010Prop55
280
     0
102
RTVSPost2010PropOp55
 70
     1
102
RTVSPost2010Prop56
140
1.0
102
RTVSPost2010PropOp56
 70
     1
102
RTVSPost2010Prop57
140
1.0
102
RTVSPost2010PropOp57
 70
     1
  0
XRECORD
  5
8B9
102
{ACAD_REACTORS
330
8B8
102
}
330
8B8
100
AcDbXrecord
280
     1
102
RTVSPost2010Prop28
280
     0
102
RTVSPost2010PropOp28
 70
     1
102
RTVSPost2010Prop29
280
     1
102
RTVSPost2010PropOp29
 70
     1
102
RTVSPost2010Prop30
280
     1
102
RTVSPost2010PropOp30
 70
     1
102
RTVSPost2010Prop31
280
     0
102
RTVSPost2010PropOp31
 70
     1
102
RTVSPost2010Prop32
280
     0
102
RTVSPost2010PropOp32
 70
     1
102
RTVSPost2010Prop33
280
     0
102
RTVSPost2010PropOp33
 70
     1
102
RTVSPost2010Prop34
280
     0
102
RTVSPost2010PropOp34
 70
     1
102
RTVSPost2010Prop35
280
     0
102
RTVSPost2010PropOp35
 70
     1
102
RTVSPost2010Prop36
280
     0
102
RTVSPost2010PropOp36
 70
     1
102
RTVSPost2010Prop37
 90
       50
102
RTVSPost2010PropOp37
 70
     1
102
RTVSPost2010Prop38
140
0.0
102
RTVSPost2010PropOp38
 70
     1
102
RTVSPost2010Prop39
140
1.0
102
RTVSPost2010PropOp39
 70
     1
102
RTVSPost2010Prop40
 90
        0
102
RTVSPost2010PropOp40
 70
     1
102
RTVSPost2010Prop41ColorIndex
 90
       18
102
RTVSPost2010Prop41ColorRGB
 90
        0
102
RTVSPost2010PropOp41
 70
     1
102
RTVSPost2010Prop42
 90
       50
102
RTVSPost2010PropOp42
 70
     1
102
RTVSPost2010Prop43
 90
        3
102
RTVSPost2010PropOp43
 70
     1
102
RTVSPost2010Prop44ColorIndex
 90
        5
102
RTVSPost2010Prop44ColorRGB
 90
      255
102
RTVSPost2010PropOp44
 70
     1
102
RTVSPost2010Prop45
280
     0
102
RTVSPost2010PropOp45
 70
     1
102
RTVSPost2010Prop46
 90
       50
102
RTVSPost2010PropOp46
 70
     1
102
RTVSPost2010Prop47
 90
       50
102
RTVSPost2010PropOp47
 70
     1
102
RTVSPost2010Prop48
 90
       50
102
RTVSPost2010PropOp48
 70
     1
102
RTVSPost2010Prop49
280
     0
102
RTVSPost2010PropOp49
 70
     1
102
RTVSPost2010Prop50
 90
       50
102
RTVSPost2010PropOp50
 70
     1
102
RTVSPost2010Prop51ColorIndex
 90
      256
102
RTVSPost2010Prop51ColorRGB
 90
-16777216
102
RTVSPost2010PropOp51
 70
     0
102
RTVSPost2010Prop52
140
1.0
102
RTVSPost2010PropOp52
 70
     0
102
RTVSPost2010Prop53
 90
        2
102
RTVSPost2010PropOp53
 70
     1
102
RTVSPost2010Prop54
  1
strokes_ogs.tif
102
RTVSPost2010PropOp54
 70
     1
102
RTVSPost2010Prop55
280
     0
102
RTVSPost2010PropOp55
 70
     1
102
RTVSPost2010Prop56
140
1.0
102
RTVSPost2010PropOp56
 70
     1
102
RTVSPost2010Prop57
140
1.0
102
RTVSPost2010PropOp57
 70
     1
  0
XRECORD
  5
8B3
102
{ACAD_REACTORS
330
8B2
102
}
330
8B2
100
AcDbXrecord
280
     1
102
RTVSPost2010Prop28
280
     0
102
RTVSPost2010PropOp28
 70
     1
102
RTVSPost2010Prop29
280
     1
102
RTVSPost2010PropOp29
 70
     1
102
RTVSPost2010Prop30
280
     1
102
RTVSPost2010PropOp30
 70
     1
102
RTVSPost2010Prop31
280
     0
102
RTVSPost2010PropOp31
 70
     1
102
RTVSPost2010Prop32
280
     0
102
RTVSPost2010PropOp32
 70
     1
102
RTVSPost2010Prop33
280
     0
102
RTVSPost2010PropOp33
 70
     1
102
RTVSPost2010Prop34
280
     0
102
RTVSPost2010PropOp34
 70
     1
102
RTVSPost2010Prop35
280
     0
102
RTVSPost2010PropOp35
 70
     1
102
RTVSPost2010Prop36
280
     0
102
RTVSPost2010PropOp36
 70
     1
102
RTVSPost2010Prop37
 90
       50
102
RTVSPost2010PropOp37
 70
     1
102
RTVSPost2010Prop38
140
0.0
102
RTVSPost2010PropOp38
 70
     1
102
RTVSPost2010Prop39
140
1.0
102
RTVSPost2010PropOp39
 70
     1
102
RTVSPost2010Prop40
 90
        0
102
RTVSPost2010PropOp40
 70
     1
102
RTVSPost2010Prop41ColorIndex
 90
       18
102
RTVSPost2010Prop41ColorRGB
 90
        0
102
RTVSPost2010PropOp41
 70
     1
102
RTVSPost2010Prop42
 90
       50
102
RTVSPost2010PropOp42
 70
     1
102
RTVSPost2010Prop43
 90
        3
102
RTVSPost2010PropOp43
 70
     1
102
RTVSPost2010Prop44ColorIndex
 90
        5
102
RTVSPost2010Prop44ColorRGB
 90
      255
102
RTVSPost2010PropOp44
 70
     1
102
RTVSPost2010Prop45
280
     0
102
RTVSPost2010PropOp45
 70
     1
102
RTVSPost2010Prop46
 90
       50
102
RTVSPost2010PropOp46
 70
     1
102
RTVSPost2010Prop47
 90
       50
102
RTVSPost2010PropOp47
 70
     1
102
RTVSPost2010Prop48
 90
       50
102
RTVSPost2010PropOp48
 70
     1
102
RTVSPost2010Prop49
280
     0
102
RTVSPost2010PropOp49
 70
     1
102
RTVSPost2010Prop50
 90
       50
102
RTVSPost2010PropOp50
 70
     1
102
RTVSPost2010Prop51ColorIndex
 90
      256
102
RTVSPost2010Prop51ColorRGB
 90
-16777216
102
RTVSPost2010PropOp51
 70
     0
102
RTVSPost2010Prop52
140
1.0
102
RTVSPost2010PropOp52
 70
     0
102
RTVSPost2010Prop53
 90
        2
102
RTVSPost2010PropOp53
 70
     1
102
RTVSPost2010Prop54
  1
strokes_ogs.tif
102
RTVSPost2010PropOp54
 70
     1
102
RTVSPost2010Prop55
280
     0
102
RTVSPost2010PropOp55
 70
     1
102
RTVSPost2010Prop56
140
1.0
102
RTVSPost2010PropOp56
 70
     1
102
RTVSPost2010Prop57
140
1.0
102
RTVSPost2010PropOp57
 70
     1
  0
XRECORD
  5
8B5
102
{ACAD_REACTORS
330
8B4
102
}
330
8B4
100
AcDbXrecord
280
     1
102
RTVSPost2010Prop28
280
     0
102
RTVSPost2010PropOp28
 70
     1
102
RTVSPost2010Prop29
280
     1
102
RTVSPost2010PropOp29
 70
     1
102
RTVSPost2010Prop30
280
     1
102
RTVSPost2010PropOp30
 70
     1
102
RTVSPost2010Prop31
280
     0
102
RTVSPost2010PropOp31
 70
     1
102
RTVSPost2010Prop32
280
     0
102
RTVSPost2010PropOp32
 70
     1
102
RTVSPost2010Prop33
280
     0
102
RTVSPost2010PropOp33
 70
     1
102
RTVSPost2010Prop34
280
     0
102
RTVSPost2010PropOp34
 70
     1
102
RTVSPost2010Prop35
280
     0
102
RTVSPost2010PropOp35
 70
     1
102
RTVSPost2010Prop36
280
     0
102
RTVSPost2010PropOp36
 70
     1
102
RTVSPost2010Prop37
 90
       50
102
RTVSPost2010PropOp37
 70
     1
102
RTVSPost2010Prop38
140
0.0
102
RTVSPost2010PropOp38
 70
     1
102
RTVSPost2010Prop39
140
1.0
102
RTVSPost2010PropOp39
 70
     1
102
RTVSPost2010Prop40
 90
        0
102
RTVSPost2010PropOp40
 70
     1
102
RTVSPost2010Prop41ColorIndex
 90
       18
102
RTVSPost2010Prop41ColorRGB
 90
        0
102
RTVSPost2010PropOp41
 70
     1
102
RTVSPost2010Prop42
 90
       50
102
RTVSPost2010PropOp42
 70
     1
102
RTVSPost2010Prop43
 90
        3
102
RTVSPost2010PropOp43
 70
     1
102
RTVSPost2010Prop44ColorIndex
 90
        5
102
RTVSPost2010Prop44ColorRGB
 90
      255
102
RTVSPost2010PropOp44
 70
     1
102
RTVSPost2010Prop45
280
     0
102
RTVSPost2010PropOp45
 70
     1
102
RTVSPost2010Prop46
 90
       50
102
RTVSPost2010PropOp46
 70
     1
102
RTVSPost2010Prop47
 90
       50
102
RTVSPost2010PropOp47
 70
     1
102
RTVSPost2010Prop48
 90
       50
102
RTVSPost2010PropOp48
 70
     1
102
RTVSPost2010Prop49
280
     0
102
RTVSPost2010PropOp49
 70
     1
102
RTVSPost2010Prop50
 90
       50
102
RTVSPost2010PropOp50
 70
     1
102
RTVSPost2010Prop51ColorIndex
 90
      256
102
RTVSPost2010Prop51ColorRGB
 90
-16777216
102
RTVSPost2010PropOp51
 70
     0
102
RTVSPost2010Prop52
140
1.0
102
RTVSPost2010PropOp52
 70
     0
102
RTVSPost2010Prop53
 90
        2
102
RTVSPost2010PropOp53
 70
     1
102
RTVSPost2010Prop54
  1
strokes_ogs.tif
102
RTVSPost2010PropOp54
 70
     1
102
RTVSPost2010Prop55
280
     0
102
RTVSPost2010PropOp55
 70
     1
102
RTVSPost2010Prop56
140
1.0
102
RTVSPost2010PropOp56
 70
     1
102
RTVSPost2010Prop57
140
1.0
102
RTVSPost2010PropOp57
 70
     1
  0
XRECORD
  5
8A5
102
{ACAD_REACTORS
330
8A4
102
}
330
8A4
100
AcDbXrecord
280
     1
102
RTVSPost2010Prop28
280
     0
102
RTVSPost2010PropOp28
 70
     1
102
RTVSPost2010Prop29
280
     1
102
RTVSPost2010PropOp29
 70
     1
102
RTVSPost2010Prop30
280
     1
102
RTVSPost2010PropOp30
 70
     1
102
RTVSPost2010Prop31
280
     0
102
RTVSPost2010PropOp31
 70
     1
102
RTVSPost2010Prop32
280
     0
102
RTVSPost2010PropOp32
 70
     1
102
RTVSPost2010Prop33
280
     0
102
RTVSPost2010PropOp33
 70
     1
102
RTVSPost2010Prop34
280
     0
102
RTVSPost2010PropOp34
 70
     1
102
RTVSPost2010Prop35
280
     0
102
RTVSPost2010PropOp35
 70
     1
102
RTVSPost2010Prop36
280
     0
102
RTVSPost2010PropOp36
 70
     1
102
RTVSPost2010Prop37
 90
       50
102
RTVSPost2010PropOp37
 70
     1
102
RTVSPost2010Prop38
140
0.0
102
RTVSPost2010PropOp38
 70
     1
102
RTVSPost2010Prop39
140
1.0
102
RTVSPost2010PropOp39
 70
     1
102
RTVSPost2010Prop40
 90
        0
102
RTVSPost2010PropOp40
 70
     1
102
RTVSPost2010Prop41ColorIndex
 90
       18
102
RTVSPost2010Prop41ColorRGB
 90
        0
102
RTVSPost2010PropOp41
 70
     1
102
RTVSPost2010Prop42
 90
       50
102
RTVSPost2010PropOp42
 70
     1
102
RTVSPost2010Prop43
 90
        3
102
RTVSPost2010PropOp43
 70
     1
102
RTVSPost2010Prop44ColorIndex
 90
        5
102
RTVSPost2010Prop44ColorRGB
 90
      255
102
RTVSPost2010PropOp44
 70
     1
102
RTVSPost2010Prop45
280
     0
102
RTVSPost2010PropOp45
 70
     1
102
RTVSPost2010Prop46
 90
       50
102
RTVSPost2010PropOp46
 70
     1
102
RTVSPost2010Prop47
 90
       50
102
RTVSPost2010PropOp47
 70
     1
102
RTVSPost2010Prop48
 90
       50
102
RTVSPost2010PropOp48
 70
     1
102
RTVSPost2010Prop49
280
     0
102
RTVSPost2010PropOp49
 70
     1
102
RTVSPost2010Prop50
 90
       50
102
RTVSPost2010PropOp50
 70
     1
102
RTVSPost2010Prop51ColorIndex
 90
      256
102
RTVSPost2010Prop51ColorRGB
 90
-16777216
102
RTVSPost2010PropOp51
 70
     0
102
RTVSPost2010Prop52
140
1.0
102
RTVSPost2010PropOp52
 70
     0
102
RTVSPost2010Prop53
 90
        2
102
RTVSPost2010PropOp53
 70
     1
102
RTVSPost2010Prop54
  1
strokes_ogs.tif
102
RTVSPost2010PropOp54
 70
     1
102
RTVSPost2010Prop55
280
     0
102
RTVSPost2010PropOp55
 70
     1
102
RTVSPost2010Prop56
140
1.0
102
RTVSPost2010PropOp56
 70
     1
102
RTVSPost2010Prop57
140
1.0
102
RTVSPost2010PropOp57
 70
     1
  0
XRECORD
  5
897
102
{ACAD_REACTORS
330
896
102
}
330
896
100
AcDbXrecord
280
     1
102
RTVSPost2010Prop28
280
     0
102
RTVSPost2010PropOp28
 70
     1
102
RTVSPost2010Prop29
280
     1
102
RTVSPost2010PropOp29
 70
     1
102
RTVSPost2010Prop30
280
     1
102
RTVSPost2010PropOp30
 70
     1
102
RTVSPost2010Prop31
280
     0
102
RTVSPost2010PropOp31
 70
     1
102
RTVSPost2010Prop32
280
     0
102
RTVSPost2010PropOp32
 70
     1
102
RTVSPost2010Prop33
280
     0
102
RTVSPost2010PropOp33
 70
     1
102
RTVSPost2010Prop34
280
     0
102
RTVSPost2010PropOp34
 70
     1
102
RTVSPost2010Prop35
280
     0
102
RTVSPost2010PropOp35
 70
     1
102
RTVSPost2010Prop36
280
     0
102
RTVSPost2010PropOp36
 70
     1
102
RTVSPost2010Prop37
 90
       50
102
RTVSPost2010PropOp37
 70
     1
102
RTVSPost2010Prop38
140
0.0
102
RTVSPost2010PropOp38
 70
     1
102
RTVSPost2010Prop39
140
1.0
102
RTVSPost2010PropOp39
 70
     1
102
RTVSPost2010Prop40
 90
        0
102
RTVSPost2010PropOp40
 70
     1
102
RTVSPost2010Prop41ColorIndex
 90
       18
102
RTVSPost2010Prop41ColorRGB
 90
        0
102
RTVSPost2010PropOp41
 70
     1
102
RTVSPost2010Prop42
 90
       50
102
RTVSPost2010PropOp42
 70
     1
102
RTVSPost2010Prop43
 90
        3
102
RTVSPost2010PropOp43
 70
     1
102
RTVSPost2010Prop44ColorIndex
 90
        5
102
RTVSPost2010Prop44ColorRGB
 90
      255
102
RTVSPost2010PropOp44
 70
     1
102
RTVSPost2010Prop45
280
     0
102
RTVSPost2010PropOp45
 70
     1
102
RTVSPost2010Prop46
 90
       50
102
RTVSPost2010PropOp46
 70
     1
102
RTVSPost2010Prop47
 90
       50
102
RTVSPost2010PropOp47
 70
     1
102
RTVSPost2010Prop48
 90
       50
102
RTVSPost2010PropOp48
 70
     1
102
RTVSPost2010Prop49
280
     0
102
RTVSPost2010PropOp49
 70
     1
102
RTVSPost2010Prop50
 90
       50
102
RTVSPost2010PropOp50
 70
     1
102
RTVSPost2010Prop51ColorIndex
 90
      256
102
RTVSPost2010Prop51ColorRGB
 90
-16777216
102
RTVSPost2010PropOp51
 70
     0
102
RTVSPost2010Prop52
140
1.0
102
RTVSPost2010PropOp52
 70
     0
102
RTVSPost2010Prop53
 90
        2
102
RTVSPost2010PropOp53
 70
     1
102
RTVSPost2010Prop54
  1
strokes_ogs.tif
102
RTVSPost2010PropOp54
 70
     1
102
RTVSPost2010Prop55
280
     0
102
RTVSPost2010PropOp55
 70
     1
102
RTVSPost2010Prop56
140
1.0
102
RTVSPost2010PropOp56
 70
     1
102
RTVSPost2010Prop57
140
1.0
102
RTVSPost2010PropOp57
 70
     1
  0
XRECORD
  5
8B7
102
{ACAD_REACTORS
330
8B6
102
}
330
8B6
100
AcDbXrecord
280
     1
102
RTVSPost2010Prop28
280
     0
102
RTVSPost2010PropOp28
 70
     1
102
RTVSPost2010Prop29
280
     1
102
RTVSPost2010PropOp29
 70
     1
102
RTVSPost2010Prop30
280
     1
102
RTVSPost2010PropOp30
 70
     1
102
RTVSPost2010Prop31
280
     0
102
RTVSPost2010PropOp31
 70
     1
102
RTVSPost2010Prop32
280
     0
102
RTVSPost2010PropOp32
 70
     1
102
RTVSPost2010Prop33
280
     0
102
RTVSPost2010PropOp33
 70
     1
102
RTVSPost2010Prop34
280
     0
102
RTVSPost2010PropOp34
 70
     1
102
RTVSPost2010Prop35
280
     0
102
RTVSPost2010PropOp35
 70
     1
102
RTVSPost2010Prop36
280
     0
102
RTVSPost2010PropOp36
 70
     1
102
RTVSPost2010Prop37
 90
       50
102
RTVSPost2010PropOp37
 70
     1
102
RTVSPost2010Prop38
140
0.0
102
RTVSPost2010PropOp38
 70
     1
102
RTVSPost2010Prop39
140
1.0
102
RTVSPost2010PropOp39
 70
     1
102
RTVSPost2010Prop40
 90
        0
102
RTVSPost2010PropOp40
 70
     1
102
RTVSPost2010Prop41ColorIndex
 90
       18
102
RTVSPost2010Prop41ColorRGB
 90
        0
102
RTVSPost2010PropOp41
 70
     1
102
RTVSPost2010Prop42
 90
       50
102
RTVSPost2010PropOp42
 70
     1
102
RTVSPost2010Prop43
 90
        3
102
RTVSPost2010PropOp43
 70
     1
102
RTVSPost2010Prop44ColorIndex
 90
        5
102
RTVSPost2010Prop44ColorRGB
 90
      255
102
RTVSPost2010PropOp44
 70
     1
102
RTVSPost2010Prop45
280
     0
102
RTVSPost2010PropOp45
 70
     1
102
RTVSPost2010Prop46
 90
       50
102
RTVSPost2010PropOp46
 70
     1
102
RTVSPost2010Prop47
 90
       50
102
RTVSPost2010PropOp47
 70
     1
102
RTVSPost2010Prop48
 90
       50
102
RTVSPost2010PropOp48
 70
     1
102
RTVSPost2010Prop49
280
     0
102
RTVSPost2010PropOp49
 70
     1
102
RTVSPost2010Prop50
 90
       50
102
RTVSPost2010PropOp50
 70
     1
102
RTVSPost2010Prop51ColorIndex
 90
      256
102
RTVSPost2010Prop51ColorRGB
 90
-16777216
102
RTVSPost2010PropOp51
 70
     0
102
RTVSPost2010Prop52
140
1.0
102
RTVSPost2010PropOp52
 70
     0
102
RTVSPost2010Prop53
 90
        2
102
RTVSPost2010PropOp53
 70
     1
102
RTVSPost2010Prop54
  1
strokes_ogs.tif
102
RTVSPost2010PropOp54
 70
     1
102
RTVSPost2010Prop55
280
     0
102
RTVSPost2010PropOp55
 70
     1
102
RTVSPost2010Prop56
140
1.0
102
RTVSPost2010PropOp56
 70
     1
102
RTVSPost2010Prop57
140
1.0
102
RTVSPost2010PropOp57
 70
     1
  0
ENDSEC
  0
EOF
