  0
SECTION
  2
HEADER
  9
$ACADVER
  1
AC1024
  9
$ACADMAINTVER
 70
     6
  9
$DWGCODEPAGE
  3
MAC-ROMAN
  9
$INSBASE
 10
0.0
 20
0.0
 30
0.0
  9
$EXTMIN
 10
1.000000000000000E+20
 20
1.000000000000000E+20
 30
1.000000000000000E+20
  9
$EXTMAX
 10
-1.000000000000000E+20
 20
-1.000000000000000E+20
 30
-1.000000000000000E+20
  9
$LIMMIN
 10
0.0
 20
0.0
  9
$LIMMAX
 10
420.0
 20
297.0
  9
$ORTHOMODE
 70
     0
  9
$REGENMODE
 70
     1
  9
$FILLMODE
 70
     1
  9
$QTEXTMODE
 70
     0
  9
$MIRRTEXT
 70
     1
  9
$LTSCALE
 40
1.0
  9
$ATTMODE
 70
     1
  9
$TEXTSIZE
 40
2.5
  9
$TRACEWID
 40
1.0
  9
$TEXTSTYLE
  7
Standard
  9
$CLAYER
  8
0
  9
$CELTYPE
  6
ByLayer
  9
$CECOLOR
 62
   256
  9
$CELTSCALE
 40
1.0
  9
$DISPSILH
 70
     0
  9
$DIMSCALE
 40
1.0
  9
$DIMASZ
 40
2.5
  9
$DIMEXO
 40
0.625
  9
$DIMDLI
 40
3.75
  9
$DIMRND
 40
0.0
  9
$DIMDLE
 40
0.0
  9
$DIMEXE
 40
1.25
  9
$DIMTP
 40
0.0
  9
$DIMTM
 40
0.0
  9
$DIMTXT
 40
2.5
  9
$DIMCEN
 40
2.5
  9
$DIMTSZ
 40
0.0
  9
$DIMTOL
 70
     0
  9
$DIMLIM
 70
     0
  9
$DIMTIH
 70
     0
  9
$DIMTOH
 70
     0
  9
$DIMSE1
 70
     0
  9
$DIMSE2
 70
     0
  9
$DIMTAD
 70
     1
  9
$DIMZIN
 70
     8
  9
$DIMBLK
  1

  9
$DIMASO
 70
     1
  9
$DIMSHO
 70
     1
  9
$DIMPOST
  1

  9
$DIMAPOST
  1

  9
$DIMALT
 70
     0
  9
$DIMALTD
 70
     3
  9
$DIMALTF
 40
0.03937007874016
  9
$DIMLFAC
 40
1.0
  9
$DIMTOFL
 70
     1
  9
$DIMTVP
 40
0.0
  9
$DIMTIX
 70
     0
  9
$DIMSOXD
 70
     0
  9
$DIMSAH
 70
     0
  9
$DIMBLK1
  1

  9
$DIMBLK2
  1

  9
$DIMSTYLE
  2
ISO-25
  9
$DIMCLRD
 70
     0
  9
$DIMCLRE
 70
     0
  9
$DIMCLRT
 70
     0
  9
$DIMTFAC
 40
1.0
  9
$DIMGAP
 40
0.625
  9
$DIMJUST
 70
     0
  9
$DIMSD1
 70
     0
  9
$DIMSD2
 70
     0
  9
$DIMTOLJ
 70
     0
  9
$DIMTZIN
 70
     8
  9
$DIMALTZ
 70
     0
  9
$DIMALTTZ
 70
     0
  9
$DIMUPT
 70
     0
  9
$DIMDEC
 70
     2
  9
$DIMTDEC
 70
     2
  9
$DIMALTU
 70
     2
  9
$DIMALTTD
 70
     3
  9
$DIMTXSTY
  7
Standard
  9
$DIMAUNIT
 70
     0
  9
$DIMADEC
 70
     0
  9
$DIMALTRND
 40
0.0
  9
$DIMAZIN
 70
     0
  9
$DIMDSEP
 70
    44
  9
$DIMATFIT
 70
     3
  9
$DIMFRAC
 70
     0
  9
$DIMLDRBLK
  1

  9
$DIMLUNIT
 70
     2
  9
$DIMLWD
 70
    -2
  9
$DIMLWE
 70
    -2
  9
$DIMTMOVE
 70
     0
  9
$DIMFXL
 40
1.0
  9
$DIMFXLON
 70
     0
  9
$DIMJOGANG
 40
0.7853981633974483
  9
$DIMTFILL
 70
     0
  9
$DIMTFILLCLR
 70
     0
  9
$DIMARCSYM
 70
     0
  9
$DIMLTYPE
  6

  9
$DIMLTEX1
  6

  9
$DIMLTEX2
  6

  9
$DIMTXTDIRECTION
 70
     0
  9
$LUNITS
 70
     2
  9
$LUPREC
 70
     4
  9
$SKETCHINC
 40
1.0
  9
$FILLETRAD
 40
0.0
  9
$AUNITS
 70
     0
  9
$AUPREC
 70
     0
  9
$MENU
  1
.
  9
$ELEVATION
 40
0.0
  9
$PELEVATION
 40
0.0
  9
$THICKNESS
 40
0.0
  9
$LIMCHECK
 70
     0
  9
$CHAMFERA
 40
0.0
  9
$CHAMFERB
 40
0.0
  9
$CHAMFERC
 40
0.0
  9
$CHAMFERD
 40
0.0
  9
$SKPOLY
 70
     0
  9
$TDCREATE
 40
2461258.371873056
  9
$TDUCREATE
 40
2461258.038539722
  9
$TDUPDATE
 40
2461258.37187353
  9
$TDUUPDATE
 40
2461258.038540197
  9
$TDINDWG
 40
0.0000000116
  9
$TDUSRTIMER
 40
0.0000000116
  9
$USRTIMER
 70
     1
  9
$ANGBASE
 50
0.0
  9
$ANGDIR
 70
     0
  9
$PDMODE
 70
     0
  9
$PDSIZE
 40
0.0
  9
$PLINEWID
 40
0.0
  9
$SPLFRAME
 70
     0
  9
$SPLINETYPE
 70
     6
  9
$SPLINESEGS
 70
     8
  9
$HANDSEED
  5
8C5
  9
$SURFTAB1
 70
     6
  9
$SURFTAB2
 70
     6
  9
$SURFTYPE
 70
     6
  9
$SURFU
 70
     6
  9
$SURFV
 70
     6
  9
$UCSBASE
  2

  9
$UCSNAME
  2

  9
$UCSORG
 10
0.0
 20
0.0
 30
0.0
  9
$UCSXDIR
 10
1.0
 20
0.0
 30
0.0
  9
$UCSYDIR
 10
0.0
 20
1.0
 30
0.0
  9
$UCSORTHOREF
  2

  9
$UCSORTHOVIEW
 70
     0
  9
$UCSORGTOP
 10
0.0
 20
0.0
 30
0.0
  9
$UCSORGBOTTOM
 10
0.0
 20
0.0
 30
0.0
  9
$UCSORGLEFT
 10
0.0
 20
0.0
 30
0.0
  9
$UCSORGRIGHT
 10
0.0
 20
0.0
 30
0.0
  9
$UCSORGFRONT
 10
0.0
 20
0.0
 30
0.0
  9
$UCSORGBACK
 10
0.0
 20
0.0
 30
0.0
  9
$PUCSBASE
  2

  9
$PUCSNAME
  2

  9
$PUCSORG
 10
0.0
 20
0.0
 30
0.0
  9
$PUCSXDIR
 10
1.0
 20
0.0
 30
0.0
  9
$PUCSYDIR
 10
0.0
 20
1.0
 30
0.0
  9
$PUCSORTHOREF
  2

  9
$PUCSORTHOVIEW
 70
     0
  9
$PUCSORGTOP
 10
0.0
 20
0.0
 30
0.0
  9
$PUCSORGBOTTOM
 10
0.0
 20
0.0
 30
0.0
  9
$PUCSORGLEFT
 10
0.0
 20
0.0
 30
0.0
  9
$PUCSORGRIGHT
 10
0.0
 20
0.0
 30
0.0
  9
$PUCSORGFRONT
 10
0.0
 20
0.0
 30
0.0
  9
$PUCSORGBACK
 10
0.0
 20
0.0
 30
0.0
  9
$USERI1
 70
     0
  9
$USERI2
 70
     0
  9
$USERI3
 70
     0
  9
$USERI4
 70
     0
  9
$USERI5
 70
     0
  9
$USERR1
 40
0.0
  9
$USERR2
 40
0.0
  9
$USERR3
 40
0.0
  9
$USERR4
 40
0.0
  9
$USERR5
 40
0.0
  9
$WORLDVIEW
 70
     1
  9
$SHADEDGE
 70
     3
  9
$SHADEDIF
 70
    70
  9
$TILEMODE
 70
     1
  9
$MAXACTVP
 70
    64
  9
$PINSBASE
 10
0.0
 20
0.0
 30
0.0
  9
$PLIMCHECK
 70
     0
  9
$PEXTMIN
 10
1.000000000000000E+20
 20
1.000000000000000E+20
 30
1.000000000000000E+20
  9
$PEXTMAX
 10
-1.000000000000000E+20
 20
-1.000000000000000E+20
 30
-1.000000000000000E+20
  9
$PLIMMIN
 10
0.0
 20
0.0
  9
$PLIMMAX
 10
420.0
 20
297.0
  9
$UNITMODE
 70
     0
  9
$VISRETAIN
 70
     1
  9
$PLINEGEN
 70
     0
  9
$PSLTSCALE
 70
     1
  9
$TREEDEPTH
 70
  3020
  9
$CMLSTYLE
  2
Standard
  9
$CMLJUST
 70
     0
  9
$CMLSCALE
 40
20.0
  9
$PROXYGRAPHICS
 70
     1
  9
$MEASUREMENT
 70
     1
  9
$CELWEIGHT
370
    -1
  9
$ENDCAPS
280
     0
  9
$JOINSTYLE
280
     0
  9
$LWDISPLAY
290
     0
  9
$INSUNITS
 70
     4
  9
$HYPERLINKBASE
  1

  9
$STYLESHEET
  1

  9
$XEDIT
290
     1
  9
$CEPSNTYPE
380
     0
  9
$PSTYLEMODE
290
     1
  9
$FINGERPRINTGUID
  2
{a993d7ed-d1fc-3b46-a16e-ec8e2f383e31}
  9
$VERSIONGUID
  2
{FAEB1C32-E019-11D5-929B-00C0DF256EC4}
  9
$EXTNAMES
290
     1
  9
$PSVPSCALE
 40
0.0
  9
$OLESTARTUP
290
     0
  9
$SORTENTS
280
   127
  9
$INDEXCTL
280
     0
  9
$HIDETEXT
280
     1
  9
$XCLIPFRAME
280
     2
  9
$HALOGAP
280
     0
  9
$OBSCOLOR
 70
   257
  9
$OBSLTYPE
280
     0
  9
$INTERSECTIONDISPLAY
280
     0
  9
$INTERSECTIONCOLOR
 70
   257
  9
$DIMASSOC
280
     2
  9
$PROJECTNAME
  1

  9
$CAMERADISPLAY
290
     0
  9
$LENSLENGTH
 40
50.0
  9
$CAMERAHEIGHT
 40
0.0
  9
$STEPSPERSEC
 40
2.0
  9
$STEPSIZE
 40
6.0
  9
$3DDWFPREC
 40
2.0
  9
$PSOLWIDTH
 40
5.0
  9
$PSOLHEIGHT
 40
80.0
  9
$LOFTANG1
 40
1.570796326794897
  9
$LOFTANG2
 40
1.570796326794897
  9
$LOFTMAG1
 40
0.0
  9
$LOFTMAG2
 40
0.0
  9
$LOFTPARAM
 70
     7
  9
$LOFTNORMALS
280
     1
  9
$LATITUDE
 40
37.795
  9
$LONGITUDE
 40
-122.394
  9
$NORTHDIRECTION
 40
0.0
  9
$TIMEZONE
 70
 -8000
  9
$LIGHTGLYPHDISPLAY
280
     1
  9
$TILEMODELIGHTSYNCH
280
     1
  9
$CMATERIAL
347
44
  9
$SOLIDHIST
280
     0
  9
$SHOWHIST
280
     1
  9
$DWFFRAME
280
     2
  9
$DGNFRAME
280
     2
  9
$REALWORLDSCALE
290
     1
  9
$INTERFERECOLOR
 62
   256
  9
$CSHADOW
280
     0
  9
$SHADOWPLANELOCATION
 40
0.0
  0
ENDSEC
  0
SECTION
  2
CLASSES
  0
CLASS
  1
ACDBDICTIONARYWDFLT
  2
AcDbDictionaryWithDefault
  3
ObjectDBX Classes
 90
        0
 91
        3
280
     0
281
     0
  0
CLASS
  1
VISUALSTYLE
  2
AcDbVisualStyle
  3
ObjectDBX Classes
 90
     4095
 91
        3
280
     0
281
     0
  0
CLASS
  1
MATERIAL
  2
AcDbMaterial
  3
ObjectDBX Classes
 90
     1153
 91
        3
280
     0
281
     0
  0
CLASS
  1
SCALE
  2
AcDbScale
  3
ObjectDBX Classes
 90
     1153
 91
        3
280
     0
281
     0
  0
CLASS
  1
TABLESTYLE
  2
AcDbTableStyle
  3
ObjectDBX Classes
 90
     4095
 91
        3
280
     0
281
     0
  0
CLASS
  1
MLEADERSTYLE
  2
AcDbMLeaderStyle
  3
ACDB_MLEADERSTYLE_CLASS
 90
     4095
 91
        3
280
     0
281
     0
  0
CLASS
  1
SUN
  2
AcDbSun
  3
SCENEOE
 90
     1153
 91
        3
280
     0
281
     0
  0
CLASS
  1
DICTIONARYVAR
  2
AcDbDictionaryVar
  3
ObjectDBX Classes
 90
        0
 91
        3
280
     0
281
     0
  0
CLASS
  1
CELLSTYLEMAP
  2
AcDbCellStyleMap
  3
ObjectDBX Classes
 90
     1152
 91
        3
280
     0
281
     0
  0
ENDSEC
  0
SECTION
  2
TABLES
  0
TABLE
  2
VPORT
  5
8
330
0
100
AcDbSymbolTable
 70
     1
  0
VPORT
  5
29
330
8
100
AcDbSymbolTableRecord
100
AcDbViewportTableRecord
  2
*Active
 70
     0
 10
0.0
 20
0.0
 11
1.0
 21
1.0
 12
344.1869158878504
 22
148.5
 13
0.0
 23
0.0
 14
10.0
 24
10.0
 15
10.0
 25
10.0
 16
0.0
 26
0.0
 36
1.0
 17
0.0
 27
0.0
 37
0.0
 40
297.0
 41
1.972972972850329
 42
50.0
 43
0.0
 44
0.0
 50
0.0
 51
0.0
 71
     0
 72
   100
 73
     1
 74
     3
 75
     0
 76
     0
 77
     0
 78
     0
281
     0
 65
     1
110
0.0
120
0.0
130
0.0
111
1.0
121
0.0
131
0.0
112
0.0
122
1.0
132
0.0
 79
     0
146
0.0
348
2F
 60
     3
 61
     5
292
     1
282
     1
141
0.0
142
0.0
 63
   250
361
5D
  0
ENDTAB
  0
TABLE
  2
LTYPE
  5
5
330
0
100
AcDbSymbolTable
 70
     1
  0
LTYPE
  5
14
330
5
100
AcDbSymbolTableRecord
100
AcDbLinetypeTableRecord
  2
ByBlock
 70
     0
  3

 72
    65
 73
     0
 40
0.0
  0
LTYPE
  5
15
330
5
100
AcDbSymbolTableRecord
100
AcDbLinetypeTableRecord
  2
ByLayer
 70
     0
  3

 72
    65
 73
     0
 40
0.0
  0
LTYPE
  5
16
330
5
100
AcDbSymbolTableRecord
100
AcDbLinetypeTableRecord
  2
Continuous
 70
     0
  3
Solid line
 72
    65
 73
     0
 40
0.0
  0
ENDTAB
  0
TABLE
  2
LAYER
  5
2
330
0
100
AcDbSymbolTable
 70
     7
  0
LAYER
  5
10
330
2
100
AcDbSymbolTableRecord
100
AcDbLayerTableRecord
  2
0
 70
     0
 62
     7
  6
Continuous
370
    -3
390
F
347
46
  0
LAYER
  5
5E
330
2
100
AcDbSymbolTableRecord
100
AcDbLayerTableRecord
  2
Whole Simpsons House v1_Sketch18
 70
     0
 62
     7
  6
Continuous
370
    -3
390
F
347
46
  0
LAYER
  5
155
330
2
100
AcDbSymbolTableRecord
100
AcDbLayerTableRecord
  2
Whole Simpsons House v1_Sketch15
 70
     0
 62
     7
  6
Continuous
370
    -3
390
F
347
46
  0
LAYER
  5
2D0
330
2
100
AcDbSymbolTableRecord
100
AcDbLayerTableRecord
  2
Dimensions
 70
     0
 62
     7
  6
Continuous
370
    -3
390
F
347
46
  0
LAYER
  5
2D2
330
2
100
AcDbSymbolTableRecord
100
AcDbLayerTableRecord
  2
Defpoints
 70
     0
 62
     7
  6
Continuous
290
     0
370
    -3
390
F
347
46
  0
LAYER
  5
2ED
330
2
100
AcDbSymbolTableRecord
100
AcDbLayerTableRecord
  2
Whole Simpsons House v1_Simpsons_house_02
 70
     0
 62
     7
  6
Continuous
370
    -3
390
F
347
46
  0
LAYER
  5
5A5
330
2
100
AcDbSymbolTableRecord
100
AcDbLayerTableRecord
  2
Whole Simpsons House v1_Sketch6
 70
     0
 62
     7
  6
Continuous
370
    -3
390
F
347
46
  0
ENDTAB
  0
TABLE
  2
STYLE
  5
3
330
0
100
AcDbSymbolTable
 70
     1
  0
STYLE
  5
11
330
3
100
AcDbSymbolTableRecord
100
AcDbTextStyleTableRecord
  2
Standard
 70
     0
 40
0.0
 41
1.0
 50
0.0
 71
     0
 42
2.5
  3
txt
  4

  0
ENDTAB
  0
TABLE
  2
VIEW
  5
6
330
0
100
AcDbSymbolTable
 70
     0
  0
ENDTAB
  0
TABLE
  2
UCS
  5
7
330
0
100
AcDbSymbolTable
 70
     0
  0
ENDTAB
  0
TABLE
  2
APPID
  5
9
330
0
100
AcDbSymbolTable
 70
     1
  0
APPID
  5
12
330
9
100
AcDbSymbolTableRecord
100
AcDbRegAppTableRecord
  2
ACAD
 70
     0
  0
ENDTAB
  0
TABLE
  2
DIMSTYLE
  5
A
330
0
100
AcDbSymbolTable
 70
     1
100
AcDbDimStyleTable
  0
DIMSTYLE
105
27
102
{ACAD_REACTORS
330
2D1
330
2DB
330
2E4
102
}
330
A
100
AcDbSymbolTableRecord
100
AcDbDimStyleTableRecord
  2
ISO-25
 70
     0
 41
2.5
 42
0.625
 43
3.75
 44
1.25
 73
     0
 74
     0
 77
     1
 78
     8
140
2.5
141
2.5
143
0.03937007874016
147
0.625
171
     3
172
     1
178
     0
271
     2
272
     2
274
     3
278
    44
283
     0
284
     8
340
11
  0
ENDTAB
  0
TABLE
  2
BLOCK_RECORD
  5
1
330
0
100
AcDbSymbolTable
 70
     4
  0
BLOCK_RECORD
  5
1F
330
1
100
AcDbSymbolTableRecord
100
AcDbBlockTableRecord
  2
*Model_Space
340
22
 70
     0
280
     1
281
     0
  0
BLOCK_RECORD
  5
1B
330
1
100
AcDbSymbolTableRecord
100
AcDbBlockTableRecord
  2
*Paper_Space
340
1E
 70
     0
280
     1
281
     0
  0
BLOCK_RECORD
  5
23
330
1
100
AcDbSymbolTableRecord
100
AcDbBlockTableRecord
  2
*Paper_Space0
340
26
 70
     0
280
     1
281
     0
  0
BLOCK_RECORD
  5
2D3
330
1
100
AcDbSymbolTableRecord
100
AcDbBlockTableRecord
  2
*D1
340
0
 70
     0
280
     1
281
     0
  0
BLOCK_RECORD
  5
2DC
330
1
100
AcDbSymbolTableRecord
100
AcDbBlockTableRecord
  2
*D2
340
0
 70
     0
280
     1
281
     0
  0
BLOCK_RECORD
  5
2E5
330
1
100
AcDbSymbolTableRecord
100
AcDbBlockTableRecord
  2
*D3
340
0
 70
     0
280
     1
281
     0
  0
ENDTAB
  0
ENDSEC
  0
SECTION
  2
BLOCKS
  0
BLOCK
  5
20
330
1F
100
AcDbEntity
  8
0
100
AcDbBlockBegin
  2
*Model_Space
 70
     0
 10
0.0
 20
0.0
 30
0.0
  3
*Model_Space
  1

  0
ENDBLK
  5
21
330
1F
100
AcDbEntity
  8
0
100
AcDbBlockEnd
  0
BLOCK
  5
1C
330
1B
100
AcDbEntity
 67
     1
  8
0
100
AcDbBlockBegin
  2
*Paper_Space
 70
     0
 10
0.0
 20
0.0
 30
0.0
  3
*Paper_Space
  1

  0
ENDBLK
  5
1D
330
1B
100
AcDbEntity
 67
     1
  8
0
100
AcDbBlockEnd
  0
BLOCK
  5
24
330
23
100
AcDbEntity
  8
0
100
AcDbBlockBegin
  2
*Paper_Space0
 70
     0
 10
0.0
 20
0.0
 30
0.0
  3
*Paper_Space0
  1

  0
ENDBLK
  5
25
330
23
100
AcDbEntity
  8
0
100
AcDbBlockEnd
  0
BLOCK
  5
2D4
330
2D3
100
AcDbEntity
  8
0
100
AcDbBlockBegin
  2
*D1
 70
     1
 10
0.0
 20
0.0
 30
0.0
  3
*D1
  1

  0
LINE
  5
2D6
330
2D3
100
AcDbEntity
  8
Dimensions
 62
   140
370
    -2
100
AcDbLine
 10
-183.8222018012171
 20
56.99400028624272
 30
0.0
 11
-171.8450352969522
 21
57.09798678792939
 31
0.0
  0
MTEXT
  5
2D7
330
2D3
100
AcDbEntity
  8
Dimensions
 62
   140
100
AcDbMText
 10
-175.9092393104301
 20
59.98757850933231
 30
0.0
 40
3.899689550264549
 41
0.0
 46
0.0
 71
     5
 72
     1
  1
%%c5
 11
0.9999623130306362
 21
0.008681734758678821
 31
0.0
 73
     1
 44
1.0
  0
SOLID
  5
2D8
330
2D3
100
AcDbEntity
  8
Dimensions
 62
   140
100
AcDbTrace
 10
-183.8278444796032
 20
57.64392405004005
 30
0.0
 11
-183.8165591228311
 21
56.3440765224454
 31
0.0
 12
-187.7217443840011
 22
56.96014421592614
 32
0.0
 13
-187.7217443840011
 23
56.96014421592614
 33
0.0
  0
POINT
  5
2D9
330
2D3
100
AcDbEntity
  8
Defpoints
 62
     0
100
AcDbPoint
 10
-187.7217443840011
 20
56.96014421592614
 30
0.0
  0
POINT
  5
2DA
330
2D3
100
AcDbEntity
  8
Defpoints
 62
     0
100
AcDbPoint
 10
-182.7219328188479
 20
57.00355288971953
 30
0.0
  0
ENDBLK
  5
2D5
330
2D3
100
AcDbEntity
  8
0
100
AcDbBlockEnd
  0
BLOCK
  5
2DD
330
2DC
100
AcDbEntity
  8
0
100
AcDbBlockBegin
  2
*D2
 70
     1
 10
0.0
 20
0.0
 30
0.0
  3
*D2
  1

  0
LINE
  5
2DF
330
2DC
100
AcDbEntity
  8
Dimensions
 62
   140
370
    -2
100
AcDbLine
 10
-124.4287613199444
 20
153.7221826392132
 30
0.0
 11
-119.5404783141759
 21
142.7874663685945
 31
0.0
  0
MTEXT
  5
2E0
330
2DC
100
AcDbEntity
  8
Dimensions
 62
   140
100
AcDbMText
 10
-118.5187476802723
 20
147.6684049147466
 30
0.0
 40
3.899689550264549
 41
0.0
 46
0.0
 71
     5
 72
     1
  1
%%c5
 11
0.4081181287290359
 21
-0.912929128137946
 31
0.0
 73
     1
 44
1.0
  0
SOLID
  5
2E1
330
2DC
100
AcDbEntity
  8
Dimensions
 62
   140
100
AcDbTrace
 10
-123.8354046230892
 20
153.9874383061929
 30
0.0
 11
-125.0221180167997
 21
153.4569269722335
 31
0.0
 12
-126.0202953218226
 22
157.2823228203449
 32
0.0
 13
-126.0202953218226
 23
157.2823228203449
 33
0.0
  0
POINT
  5
2E2
330
2DC
100
AcDbEntity
  8
Defpoints
 62
     0
100
AcDbPoint
 10
-126.0202953218226
 20
157.2823228203449
 30
0.0
  0
POINT
  5
2E3
330
2DC
100
AcDbEntity
  8
Defpoints
 62
     0
100
AcDbPoint
 10
-123.9797046781774
 20
152.7176771796551
 30
0.0
  0
ENDBLK
  5
2DE
330
2DC
100
AcDbEntity
  8
0
100
AcDbBlockEnd
  0
BLOCK
  5
2E6
330
2E5
100
AcDbEntity
  8
0
100
AcDbBlockBegin
  2
*D3
 70
     1
 10
0.0
 20
0.0
 30
0.0
  3
*D3
  1

  0
LINE
  5
2E8
330
2E5
100
AcDbEntity
  8
Dimensions
 62
   140
370
    -2
100
AcDbLine
 10
-184.5610013694848
 20
153.6709360288062
 30
0.0
 11
-180.8043412902083
 21
142.2976851429692
 31
0.0
  0
MTEXT
  5
2E9
330
2E5
100
AcDbEntity
  8
Dimensions
 62
   140
100
AcDbMText
 10
-179.2939328448181
 20
147.0501751122027
 30
0.0
 40
3.899689550264549
 41
0.0
 46
0.0
 71
     5
 72
     1
  1
%%c5
 11
0.3136399999787508
 21
-0.9495419687477376
 31
0.0
 73
     1
 44
1.0
  0
SOLID
  5
2EA
330
2E5
100
AcDbEntity
  8
Dimensions
 62
   140
100
AcDbTrace
 10
-183.9438482206409
 20
153.8747858005498
 30
0.0
 11
-185.1781545183286
 21
153.4670862570625
 31
0.0
 12
-185.7840999999469
 22
157.3738549218693
 32
0.0
 13
-185.7840999999469
 23
157.3738549218693
 33
0.0
  0
POINT
  5
2EB
330
2E5
100
AcDbEntity
  8
Defpoints
 62
     0
100
AcDbPoint
 10
-185.7840999999469
 20
157.3738549218693
 30
0.0
  0
POINT
  5
2EC
330
2E5
100
AcDbEntity
  8
Defpoints
 62
     0
100
AcDbPoint
 10
-184.2159000000531
 20
152.6261450781307
 30
0.0
  0
ENDBLK
  5
2E7
330
2E5
100
AcDbEntity
  8
0
100
AcDbBlockEnd
  0
ENDSEC
  0
SECTION
  2
ENTITIES
  0
LINE
  5
5F
330
1F
100
AcDbEntity
  8
Whole Simpsons House v1_Sketch18
100
AcDbLine
 10
-98.5444715852383
 20
0.0
 30
43.03186747077784
 11
-98.03506047412718
 21
0.0
 31
43.62876747077784
210
0.0
220
1.0
230
0.0
  0
LINE
  5
60
330
1F
100
AcDbEntity
  8
Whole Simpsons House v1_Sketch18
100
AcDbLine
 10
-11.00407714079388
 20
0.0
 30
48.02296747077787
 11
-10.47102991857165
 21
0.0
 31
48.5997591374446
210
0.0
220
1.0
230
0.0
  0
LINE
  5
61
330
1F
100
AcDbEntity
  8
Whole Simpsons House v1_Sketch18
100
AcDbLine
 10
-98.03506047412718
 20
0.0
 30
43.62876747077784
 11
-97.43816047412717
 21
0.0
 31
44.13853135966679
210
0.0
220
1.0
230
0.0
  0
LINE
  5
62
330
1F
100
AcDbEntity
  8
Whole Simpsons House v1_Sketch18
100
AcDbLine
 10
-15.74188269634952
 20
0.0
 30
45.36972580411127
 11
-14.98587991857171
 21
0.0
 31
45.58315635966678
210
0.0
220
1.0
230
0.0
  0
LINE
  5
63
330
1F
100
AcDbEntity
  8
Whole Simpsons House v1_Sketch18
100
AcDbLine
 10
-8.835904918571698
 20
0.0
 30
203.3203313596668
 11
-9.165046585238272
 21
0.0
 31
204.0336480263334
210
0.0
220
1.0
230
0.0
  0
LINE
  5
64
330
1F
100
AcDbEntity
  8
Whole Simpsons House v1_Sketch18
100
AcDbLine
 10
-14.98587991857171
 20
0.0
 30
209.0053452485557
 11
-15.74188269634952
 21
0.0
 31
209.2184230263335
210
0.0
220
1.0
230
0.0
  0
LINE
  5
65
330
1F
100
AcDbEntity
  8
Whole Simpsons House v1_Sketch18
100
AcDbLine
 10
-101.5610743630161
 20
0.0
 30
12.72120080411131
 11
-100.9645271407938
 21
0.0
 31
13.23096469300015
210
0.0
220
1.0
230
0.0
  0
LINE
  5
66
330
1F
100
AcDbEntity
  8
Whole Simpsons House v1_Sketch18
100
AcDbLine
 10
-124.4538826963493
 20
0.0
 30
12.72120080411131
 11
-123.784663251905
 21
0.0
 31
12.31127302633346
210
0.0
220
1.0
230
0.0
  0
LINE
  5
67
330
1F
100
AcDbEntity
  8
Whole Simpsons House v1_Sketch18
100
AcDbLine
 10
-14.24892714079383
 20
0.0
 30
208.733353581889
 11
-14.98587991857171
 21
0.0
 31
209.0053452485557
210
0.0
220
1.0
230
0.0
  0
LINE
  5
68
330
1F
100
AcDbEntity
  8
Whole Simpsons House v1_Sketch18
100
AcDbLine
 10
-96.76929380746057
 20
0.0
 30
44.5484591374446
 11
-96.04398269634936
 21
0.0
 31
44.84867302633348
210
0.0
220
1.0
230
0.0
  0
LINE
  5
69
330
1F
100
AcDbEntity
  8
Whole Simpsons House v1_Sketch18
100
AcDbLine
 10
-9.54851602968283
 20
0.0
 30
204.7187424707779
 11
-9.984902140793892
 21
0.0
 31
205.3720869152224
210
0.0
220
1.0
230
0.0
  0
LINE
  5
6A
330
1F
100
AcDbEntity
  8
Whole Simpsons House v1_Sketch18
100
AcDbLine
 10
-8.074610474127155
 20
0.0
 30
199.4930452485556
 11
-8.105654918571688
 21
0.0
 31
200.2776230263334
210
0.0
220
1.0
230
0.0
  0
LINE
  5
6B
330
1F
100
AcDbEntity
  8
Whole Simpsons House v1_Sketch18
100
AcDbLine
 10
-97.43816047412717
 20
0.0
 30
44.13853135966679
 11
-96.76929380746057
 21
0.0
 31
44.5484591374446
210
0.0
220
1.0
230
0.0
  0
LINE
  5
6C
330
1F
100
AcDbEntity
  8
Whole Simpsons House v1_Sketch18
100
AcDbLine
 10
-12.1978771407938
 20
0.0
 30
47.00379247077787
 11
-11.58086880746054
 21
0.0
 31
47.48992024855564
210
0.0
220
1.0
230
0.0
  0
LINE
  5
6D
330
1F
100
AcDbEntity
  8
Whole Simpsons House v1_Sketch18
100
AcDbLine
 10
-8.074610474127155
 20
0.0
 30
55.09545635966681
 11
-8.074610474127155
 21
0.0
 31
199.4930452485556
210
0.0
220
1.0
230
0.0
  0
LINE
  5
6E
330
1F
100
AcDbEntity
  8
Whole Simpsons House v1_Sketch18
100
AcDbLine
 10
-123.784663251905
 20
0.0
 30
12.31127302633346
 11
-123.0597049185716
 21
0.0
 31
12.01141191522236
210
0.0
220
1.0
230
0.0
  0
LINE
  5
6F
330
1F
100
AcDbEntity
  8
Whole Simpsons House v1_Sketch18
100
AcDbLine
 10
-9.165046585238272
 20
0.0
 30
204.0336480263334
 11
-9.54851602968283
 21
0.0
 31
204.7187424707779
210
0.0
220
1.0
230
0.0
  0
LINE
  5
70
330
1F
100
AcDbEntity
  8
Whole Simpsons House v1_Sketch18
100
AcDbLine
 10
-126.270688251905
 20
0.0
 30
15.22204247077787
 11
-125.9704743630161
 21
0.0
 31
14.49708413744456
210
0.0
220
1.0
230
0.0
  0
LINE
  5
71
330
1F
100
AcDbEntity
  8
Whole Simpsons House v1_Sketch18
100
AcDbLine
 10
-12.85051602968273
 20
0.0
 30
46.56740635966682
 11
-12.1978771407938
 21
0.0
 31
47.00379247077787
210
0.0
220
1.0
230
0.0
  0
LINE
  5
72
330
1F
100
AcDbEntity
  8
Whole Simpsons House v1_Sketch18
100
AcDbLine
 10
-96.04398269634936
 20
0.0
 30
44.84867302633348
 11
-95.28127714079388
 21
0.0
 31
45.03176469300015
210
0.0
220
1.0
230
0.0
  0
LINE
  5
73
330
1F
100
AcDbEntity
  8
Whole Simpsons House v1_Sketch18
100
AcDbLine
 10
-8.198082696349543
 20
0.0
 30
201.0576146930001
 11
-8.351188251904988
 21
0.0
 31
201.827728581889
210
0.0
220
1.0
230
0.0
  0
LINE
  5
74
330
1F
100
AcDbEntity
  8
Whole Simpsons House v1_Sketch18
100
AcDbLine
 10
-99.74426880746051
 20
0.0
 30
15.22204247077787
 11
-99.56117714079386
 21
0.0
 31
15.98474802633347
210
0.0
220
1.0
230
0.0
  0
LINE
  5
75
330
1F
100
AcDbEntity
  8
Whole Simpsons House v1_Sketch18
100
AcDbLine
 10
-9.984902140793892
 20
0.0
 30
49.21641469300009
 11
-9.54851602968283
 21
0.0
 31
49.8694063596668
210
0.0
220
1.0
230
0.0
  0
LINE
  5
76
330
1F
100
AcDbEntity
  8
Whole Simpsons House v1_Sketch18
100
AcDbLine
 10
-16.51199658523829
 20
0.0
 30
45.21662024855565
 11
-15.74188269634952
 21
0.0
 31
45.36972580411127
210
0.0
220
1.0
230
0.0
  0
LINE
  5
77
330
1F
100
AcDbEntity
  8
Whole Simpsons House v1_Sketch18
100
AcDbLine
 10
-125.5601938074605
 20
0.0
 30
13.82786469300015
 11
-125.0507826963493
 21
0.0
 31
13.23096469300015
210
0.0
220
1.0
230
0.0
  0
LINE
  5
78
330
1F
100
AcDbEntity
  8
Whole Simpsons House v1_Sketch18
100
AcDbLine
 10
-125.9704743630161
 20
0.0
 30
14.49708413744456
 11
-125.5601938074605
 21
0.0
 31
13.82786469300015
210
0.0
220
1.0
230
0.0
  0
LINE
  5
79
330
1F
100
AcDbEntity
  8
Whole Simpsons House v1_Sketch18
100
AcDbLine
 10
-99.2549660296828
 20
0.0
 30
41.63768969300008
 11
-98.95475214079387
 21
0.0
 31
42.36300080411115
210
0.0
220
1.0
230
0.0
  0
LINE
  5
7A
330
1F
100
AcDbEntity
  8
Whole Simpsons House v1_Sketch18
100
AcDbLine
 10
-9.984902140793892
 20
0.0
 30
205.3720869152224
 11
-10.47102991857165
 21
0.0
 31
205.9887424707778
210
0.0
220
1.0
230
0.0
  0
LINE
  5
7B
330
1F
100
AcDbEntity
  8
Whole Simpsons House v1_Sketch18
100
AcDbLine
 10
-9.54851602968283
 20
0.0
 30
49.8694063596668
 11
-9.165046585238272
 21
0.0
 31
50.5545008041113
210
0.0
220
1.0
230
0.0
  0
LINE
  5
7C
330
1F
100
AcDbEntity
  8
Whole Simpsons House v1_Sketch18
100
AcDbLine
 10
-8.351188251904988
 20
0.0
 30
52.76042024855565
 11
-8.198082696349543
 21
0.0
 31
53.53088691522238
210
0.0
220
1.0
230
0.0
  0
LINE
  5
7D
330
1F
100
AcDbEntity
  8
Whole Simpsons House v1_Sketch18
100
AcDbLine
 10
-8.835904918571698
 20
0.0
 30
51.26781747077785
 11
-8.56426602968277
 21
0.0
 31
52.00477024855565
210
0.0
220
1.0
230
0.0
  0
LINE
  5
7E
330
1F
100
AcDbEntity
  8
Whole Simpsons House v1_Sketch18
100
AcDbLine
 10
-100.9645271407938
 20
0.0
 30
13.23096469300015
 11
-100.454763251905
 21
0.0
 31
13.82786469300015
210
0.0
220
1.0
230
0.0
  0
LINE
  5
7F
330
1F
100
AcDbEntity
  8
Whole Simpsons House v1_Sketch18
100
AcDbLine
 10
-10.47102991857165
 20
0.0
 30
205.9887424707778
 11
-11.00407714079388
 21
0.0
 31
206.5651813596668
210
0.0
220
1.0
230
0.0
  0
LINE
  5
80
330
1F
100
AcDbEntity
  8
Whole Simpsons House v1_Sketch18
100
AcDbLine
 10
-99.49979380746058
 20
0.0
 30
16.76720913744457
 11
-99.49979380746058
 21
0.0
 31
40.09252302633349
210
0.0
220
1.0
230
0.0
  0
LINE
  5
81
330
1F
100
AcDbEntity
  8
Whole Simpsons House v1_Sketch18
100
AcDbLine
 10
-102.9552521407938
 20
0.0
 30
12.01141191522236
 11
-102.2302938074605
 21
0.0
 31
12.31127302633346
210
0.0
220
1.0
230
0.0
  0
LINE
  5
82
330
1F
100
AcDbEntity
  8
Whole Simpsons House v1_Sketch18
100
AcDbLine
 10
-103.7183104741272
 20
0.0
 30
11.82796747077784
 11
-102.9552521407938
 21
0.0
 31
12.01141191522236
210
0.0
220
1.0
230
0.0
  0
LINE
  5
83
330
1F
100
AcDbEntity
  8
Whole Simpsons House v1_Sketch18
100
AcDbLine
 10
-8.198082696349543
 20
0.0
 30
53.53088691522238
 11
-8.105654918571688
 21
0.0
 31
54.3105258041113
210
0.0
220
1.0
230
0.0
  0
LINE
  5
84
330
1F
100
AcDbEntity
  8
Whole Simpsons House v1_Sketch18
100
AcDbLine
 10
-8.351188251904988
 20
0.0
 30
201.827728581889
 11
-8.56426602968277
 21
0.0
 31
202.5837313596667
210
0.0
220
1.0
230
0.0
  0
LINE
  5
85
330
1F
100
AcDbEntity
  8
Whole Simpsons House v1_Sketch18
100
AcDbLine
 10
-99.49979380746058
 20
0.0
 30
40.09252302633349
 11
-99.43805769634935
 21
0.0
 31
40.87498413744459
210
0.0
220
1.0
230
0.0
  0
LINE
  5
86
330
1F
100
AcDbEntity
  8
Whole Simpsons House v1_Sketch18
100
AcDbLine
 10
-99.43805769634935
 20
0.0
 30
40.87498413744459
 11
-99.2549660296828
 21
0.0
 31
41.63768969300008
210
0.0
220
1.0
230
0.0
  0
LINE
  5
87
330
1F
100
AcDbEntity
  8
Whole Simpsons House v1_Sketch18
100
AcDbLine
 10
-14.98587991857171
 20
0.0
 30
45.58315635966678
 11
-14.24892714079383
 21
0.0
 31
45.85479524855564
210
0.0
220
1.0
230
0.0
  0
LINE
  5
88
330
1F
100
AcDbEntity
  8
Whole Simpsons House v1_Sketch18
100
AcDbLine
 10
-9.165046585238272
 20
0.0
 30
50.5545008041113
 11
-8.835904918571698
 21
0.0
 31
51.26781747077785
210
0.0
220
1.0
230
0.0
  0
LINE
  5
89
330
1F
100
AcDbEntity
  8
Whole Simpsons House v1_Sketch18
100
AcDbLine
 10
-125.0507826963493
 20
0.0
 30
13.23096469300015
 11
-124.4538826963493
 21
0.0
 31
12.72120080411131
210
0.0
220
1.0
230
0.0
  0
LINE
  5
8A
330
1F
100
AcDbEntity
  8
Whole Simpsons House v1_Sketch18
100
AcDbLine
 10
-8.56426602968277
 20
0.0
 30
52.00477024855565
 11
-8.351188251904988
 21
0.0
 31
52.76042024855565
210
0.0
220
1.0
230
0.0
  0
LINE
  5
8B
330
1F
100
AcDbEntity
  8
Whole Simpsons House v1_Sketch18
100
AcDbLine
 10
-11.58086880746054
 20
0.0
 30
47.48992024855564
 11
-11.00407714079388
 21
0.0
 31
48.02296747077787
210
0.0
220
1.0
230
0.0
  0
LINE
  5
8C
330
1F
100
AcDbEntity
  8
Whole Simpsons House v1_Sketch18
100
AcDbLine
 10
-100.454763251905
 20
0.0
 30
13.82786469300015
 11
-100.0448354741272
 21
0.0
 31
14.49708413744456
210
0.0
220
1.0
230
0.0
  0
LINE
  5
8D
330
1F
100
AcDbEntity
  8
Whole Simpsons House v1_Sketch18
100
AcDbLine
 10
-11.00407714079388
 20
0.0
 30
206.5651813596668
 11
-11.58086880746054
 21
0.0
 31
207.098228581889
210
0.0
220
1.0
230
0.0
  0
LINE
  5
8E
330
1F
100
AcDbEntity
  8
Whole Simpsons House v1_Sketch18
100
AcDbLine
 10
-13.53596325190501
 20
0.0
 30
208.4045646930001
 11
-14.24892714079383
 21
0.0
 31
208.733353581889
210
0.0
220
1.0
230
0.0
  0
LINE
  5
8F
330
1F
100
AcDbEntity
  8
Whole Simpsons House v1_Sketch18
100
AcDbLine
 10
-99.56117714079386
 20
0.0
 30
15.98474802633347
 11
-99.49979380746058
 21
0.0
 31
16.76720913744457
210
0.0
220
1.0
230
0.0
  0
LINE
  5
90
330
1F
100
AcDbEntity
  8
Whole Simpsons House v1_Sketch18
100
AcDbLine
 10
-14.24892714079383
 20
0.0
 30
45.85479524855564
 11
-13.53596325190501
 21
0.0
 31
46.18358413744456
210
0.0
220
1.0
230
0.0
  0
LINE
  5
91
330
1F
100
AcDbEntity
  8
Whole Simpsons House v1_Sketch18
100
AcDbLine
 10
-12.1978771407938
 20
0.0
 30
207.5843563596668
 11
-12.85051602968273
 21
0.0
 31
208.0210952485557
210
0.0
220
1.0
230
0.0
  0
LINE
  5
92
330
1F
100
AcDbEntity
  8
Whole Simpsons House v1_Sketch18
100
AcDbLine
 10
-13.53596325190501
 20
0.0
 30
46.18358413744456
 11
-12.85051602968273
 21
0.0
 31
46.56740635966682
210
0.0
220
1.0
230
0.0
  0
LINE
  5
93
330
1F
100
AcDbEntity
  8
Whole Simpsons House v1_Sketch18
100
AcDbLine
 10
-123.0597049185716
 20
0.0
 30
12.01141191522236
 11
-122.2966465852383
 21
0.0
 31
11.82796747077784
210
0.0
220
1.0
230
0.0
  0
LINE
  5
94
330
1F
100
AcDbEntity
  8
Whole Simpsons House v1_Sketch18
100
AcDbLine
 10
-10.47102991857165
 20
0.0
 30
48.5997591374446
 11
-9.984902140793892
 21
0.0
 31
49.21641469300009
210
0.0
220
1.0
230
0.0
  0
LINE
  5
95
330
1F
100
AcDbEntity
  8
Whole Simpsons House v1_Sketch18
100
AcDbLine
 10
-98.95475214079387
 20
0.0
 30
42.36300080411115
 11
-98.5444715852383
 21
0.0
 31
43.03186747077784
210
0.0
220
1.0
230
0.0
  0
LINE
  5
96
330
1F
100
AcDbEntity
  8
Whole Simpsons House v1_Sketch18
100
AcDbLine
 10
-100.0448354741272
 20
0.0
 30
14.49708413744456
 11
-99.74426880746051
 21
0.0
 31
15.22204247077787
210
0.0
220
1.0
230
0.0
  0
LINE
  5
97
330
1F
100
AcDbEntity
  8
Whole Simpsons House v1_Sketch18
100
AcDbLine
 10
-8.105654918571688
 20
0.0
 30
54.3105258041113
 11
-8.074610474127155
 21
0.0
 31
55.09545635966681
210
0.0
220
1.0
230
0.0
  0
LINE
  5
98
330
1F
100
AcDbEntity
  8
Whole Simpsons House v1_Sketch18
100
AcDbLine
 10
-319.3431438074605
 20
0.0
 30
15.88949802633347
 11
-318.856663251905
 21
0.0
 31
15.27248969300007
210
0.0
220
1.0
230
0.0
  0
LINE
  5
99
330
1F
100
AcDbEntity
  8
Whole Simpsons House v1_Sketch18
100
AcDbLine
 10
-315.0787660296828
 20
0.0
 30
208.733353581889
 11
-315.7920826963494
 21
0.0
 31
208.4045646930001
210
0.0
220
1.0
230
0.0
  0
LINE
  5
9A
330
1F
100
AcDbEntity
  8
Whole Simpsons House v1_Sketch18
100
AcDbLine
 10
-130.7340326963495
 20
0.0
 30
45.03176469300015
 11
-129.9709743630161
 21
0.0
 31
44.84867302633348
210
0.0
220
1.0
230
0.0
  0
LINE
  5
9B
330
1F
100
AcDbEntity
  8
Whole Simpsons House v1_Sketch18
100
AcDbLine
 10
-317.1301688074605
 20
0.0
 30
13.67652302633349
 11
-316.4771771407939
 21
0.0
 31
13.24013691522228
210
0.0
220
1.0
230
0.0
  0
LINE
  5
9C
330
1F
100
AcDbEntity
  8
Whole Simpsons House v1_Sketch18
100
AcDbLine
 10
-102.2302938074605
 20
0.0
 30
12.31127302633346
 11
-101.5610743630161
 21
0.0
 31
12.72120080411131
210
0.0
220
1.0
230
0.0
  0
LINE
  5
9D
330
1F
100
AcDbEntity
  8
Whole Simpsons House v1_Sketch18
100
AcDbLine
 10
-178.0690493630161
 20
0.0
 30
36.65611469300007
 11
-177.9155910296828
 21
0.0
 31
37.42658135966678
210
0.0
220
1.0
230
0.0
  0
LINE
  5
9E
330
1F
100
AcDbEntity
  8
Whole Simpsons House v1_Sketch18
100
AcDbLine
 10
-180.1024604741272
 20
0.0
 30
15.88949802633347
 11
-179.6660743630161
 21
0.0
 31
16.54248969300006
210
0.0
220
1.0
230
0.0
  0
LINE
  5
9F
330
1F
100
AcDbEntity
  8
Whole Simpsons House v1_Sketch18
100
AcDbLine
 10
-178.315288251905
 20
0.0
 30
20.20361747077785
 11
-178.2228604741272
 21
0.0
 31
20.98360913744457
210
0.0
220
1.0
230
0.0
  0
LINE
  5
A0
330
1F
100
AcDbEntity
  8
Whole Simpsons House v1_Sketch18
100
AcDbLine
 10
-320.1633521407938
 20
0.0
 30
17.22758413744458
 11
-319.7795299185716
 21
0.0
 31
16.54248969300006
210
0.0
220
1.0
230
0.0
  0
LINE
  5
A1
330
1F
100
AcDbEntity
  8
Whole Simpsons House v1_Sketch18
100
AcDbLine
 10
-175.2627021407938
 20
0.0
 30
42.16403413744458
 11
-174.6855576963493
 21
0.0
 31
42.69708135966677
210
0.0
220
1.0
230
0.0
  0
LINE
  5
A2
330
1F
100
AcDbEntity
  8
Whole Simpsons House v1_Sketch18
100
AcDbLine
 10
-128.5767965852383
 20
0.0
 30
44.13853135966679
 11
-127.9802493630161
 21
0.0
 31
43.62876747077784
210
0.0
220
1.0
230
0.0
  0
LINE
  5
A3
330
1F
100
AcDbEntity
  8
Whole Simpsons House v1_Sketch18
100
AcDbLine
 10
-129.9709743630161
 20
0.0
 30
44.84867302633348
 11
-129.2460160296828
 21
0.0
 31
44.5484591374446
210
0.0
220
1.0
230
0.0
  0
LINE
  5
A4
330
1F
100
AcDbEntity
  8
Whole Simpsons House v1_Sketch18
100
AcDbLine
 10
-319.7795299185716
 20
0.0
 30
16.54248969300006
 11
-319.3431438074605
 21
0.0
 31
15.88949802633347
210
0.0
220
1.0
230
0.0
  0
LINE
  5
A5
330
1F
100
AcDbEntity
  8
Whole Simpsons House v1_Sketch18
100
AcDbLine
 10
-126.5155160296827
 20
0.0
 30
40.09252302633349
 11
-126.5155160296827
 21
0.0
 31
16.76720913744457
210
0.0
220
1.0
230
0.0
  0
LINE
  5
A6
330
1F
100
AcDbEntity
  8
Whole Simpsons House v1_Sketch18
100
AcDbLine
 10
-321.2223910296827
 20
0.0
 30
20.98360913744457
 11
-321.1299632519048
 21
0.0
 31
20.20361747077785
210
0.0
220
1.0
230
0.0
  0
LINE
  5
A7
330
1F
100
AcDbEntity
  8
Whole Simpsons House v1_Sketch18
100
AcDbLine
 10
-319.7795299185717
 20
0.0
 30
204.7187424707779
 11
-320.1633521407939
 21
0.0
 31
204.0336480263334
210
0.0
220
1.0
230
0.0
  0
LINE
  5
A8
330
1F
100
AcDbEntity
  8
Whole Simpsons House v1_Sketch18
100
AcDbLine
 10
-177.4308743630161
 20
0.0
 30
38.91918413744456
 11
-177.1020854741272
 21
0.0
 31
39.63250080411114
210
0.0
220
1.0
230
0.0
  0
LINE
  5
A9
330
1F
100
AcDbEntity
  8
Whole Simpsons House v1_Sketch18
100
AcDbLine
 10
-320.9768576963494
 20
0.0
 30
19.43350358188897
 11
-320.7637799185717
 21
0.0
 31
18.67750080411131
210
0.0
220
1.0
230
0.0
  0
LINE
  5
AA
330
1F
100
AcDbEntity
  8
Whole Simpsons House v1_Sketch18
100
AcDbLine
 10
-178.1921688074605
 20
0.0
 30
21.76818691522228
 11
-178.1921688074605
 21
0.0
 31
35.09154524855564
210
0.0
220
1.0
230
0.0
  0
LINE
  5
AB
330
1F
100
AcDbEntity
  8
Whole Simpsons House v1_Sketch18
100
AcDbLine
 10
-126.4537799185717
 20
0.0
 30
15.98474802633347
 11
-126.270688251905
 21
0.0
 31
15.22204247077787
210
0.0
220
1.0
230
0.0
  0
LINE
  5
AC
330
1F
100
AcDbEntity
  8
Whole Simpsons House v1_Sketch18
100
AcDbLine
 10
-320.7637799185717
 20
0.0
 30
202.5837313596667
 11
-320.9768576963494
 21
0.0
 31
201.827728581889
210
0.0
220
1.0
230
0.0
  0
LINE
  5
AD
330
1F
100
AcDbEntity
  8
Whole Simpsons House v1_Sketch18
100
AcDbLine
 10
-317.1301688074605
 20
0.0
 30
207.5843563596668
 11
-317.747177140794
 21
0.0
 31
207.098228581889
210
0.0
220
1.0
230
0.0
  0
LINE
  5
AE
330
1F
100
AcDbEntity
  8
Whole Simpsons House v1_Sketch18
100
AcDbLine
 10
-175.7957493630161
 20
0.0
 30
41.58724247077785
 11
-175.2627021407938
 21
0.0
 31
42.16403413744458
210
0.0
220
1.0
230
0.0
  0
LINE
  5
AF
330
1F
100
AcDbEntity
  8
Whole Simpsons House v1_Sketch18
100
AcDbLine
 10
-318.3239688074606
 20
0.0
 30
206.5651813596668
 11
-318.856663251905
 21
0.0
 31
205.9887424707779
210
0.0
220
1.0
230
0.0
  0
LINE
  5
B0
330
1F
100
AcDbEntity
  8
Whole Simpsons House v1_Sketch18
100
AcDbLine
 10
-321.1299632519048
 20
0.0
 30
20.20361747077785
 11
-320.9768576963494
 21
0.0
 31
19.43350358188897
210
0.0
220
1.0
230
0.0
  0
LINE
  5
B1
330
1F
100
AcDbEntity
  8
Whole Simpsons House v1_Sketch18
100
AcDbLine
 10
-317.747177140794
 20
0.0
 30
14.16265080411129
 11
-317.1301688074605
 21
0.0
 31
13.67652302633349
210
0.0
220
1.0
230
0.0
  0
LINE
  5
B2
330
1F
100
AcDbEntity
  8
Whole Simpsons House v1_Sketch18
100
AcDbLine
 10
-8.56426602968277
 20
0.0
 30
202.5837313596667
 11
-8.835904918571698
 21
0.0
 31
203.3203313596668
210
0.0
220
1.0
230
0.0
  0
LINE
  5
B3
330
1F
100
AcDbEntity
  8
Whole Simpsons House v1_Sketch18
100
AcDbLine
 10
-126.5768993630161
 20
0.0
 30
40.87498413744459
 11
-126.5155160296827
 21
0.0
 31
40.09252302633349
210
0.0
220
1.0
230
0.0
  0
LINE
  5
B4
330
1F
100
AcDbEntity
  8
Whole Simpsons House v1_Sketch18
100
AcDbLine
 10
-315.0787660296828
 20
0.0
 30
12.52787858188895
 11
-314.3421660296827
 21
0.0
 31
12.25588691522236
210
0.0
220
1.0
230
0.0
  0
LINE
  5
B5
330
1F
100
AcDbEntity
  8
Whole Simpsons House v1_Sketch18
100
AcDbLine
 10
-180.5885882519049
 20
0.0
 30
15.27248969300007
 11
-180.1024604741272
 21
0.0
 31
15.88949802633347
210
0.0
220
1.0
230
0.0
  0
LINE
  5
B6
330
1F
100
AcDbEntity
  8
Whole Simpsons House v1_Sketch18
100
AcDbLine
 10
-178.6814715852382
 20
0.0
 30
18.67750080411131
 11
-178.4683938074605
 21
0.0
 31
19.43350358188897
210
0.0
220
1.0
230
0.0
  0
LINE
  5
B7
330
1F
100
AcDbEntity
  8
Whole Simpsons House v1_Sketch18
100
AcDbLine
 10
-177.702513251905
 20
0.0
 30
38.18258413744455
 11
-177.4308743630161
 21
0.0
 31
38.91918413744456
210
0.0
220
1.0
230
0.0
  0
LINE
  5
B8
330
1F
100
AcDbEntity
  8
Whole Simpsons House v1_Sketch18
100
AcDbLine
 10
-321.2534354741272
 20
0.0
 30
199.4930452485556
 11
-321.2534354741272
 21
0.0
 31
21.76818691522229
210
0.0
220
1.0
230
0.0
  0
LINE
  5
B9
330
1F
100
AcDbEntity
  8
Whole Simpsons House v1_Sketch18
100
AcDbLine
 10
-8.105654918571688
 20
0.0
 30
200.2776230263334
 11
-8.198082696349543
 21
0.0
 31
201.0576146930001
210
0.0
220
1.0
230
0.0
  0
LINE
  5
BA
330
1F
100
AcDbEntity
  8
Whole Simpsons House v1_Sketch18
100
AcDbLine
 10
-178.953463251905
 20
0.0
 30
17.94054802633347
 11
-178.6814715852382
 21
0.0
 31
18.67750080411131
210
0.0
220
1.0
230
0.0
  0
LINE
  5
BB
330
1F
100
AcDbEntity
  8
Whole Simpsons House v1_Sketch18
100
AcDbLine
 10
-177.1020854741272
 20
0.0
 30
39.63250080411114
 11
-176.718263251905
 21
0.0
 31
40.31759524855566
210
0.0
220
1.0
230
0.0
  0
LINE
  5
BC
330
1F
100
AcDbEntity
  8
Whole Simpsons House v1_Sketch18
100
AcDbLine
 10
-127.0605576963493
 20
0.0
 30
42.36300080411115
 11
-126.7599910296828
 21
0.0
 31
41.63768969300008
210
0.0
220
1.0
230
0.0
  0
LINE
  5
BD
330
1F
100
AcDbEntity
  8
Whole Simpsons House v1_Sketch18
100
AcDbLine
 10
-315.7920826963494
 20
0.0
 30
208.4045646930001
 11
-316.4771771407938
 21
0.0
 31
208.0210952485556
210
0.0
220
1.0
230
0.0
  0
LINE
  5
BE
330
1F
100
AcDbEntity
  8
Whole Simpsons House v1_Sketch18
100
AcDbLine
 10
-178.1611243630161
 20
0.0
 30
35.87612302633345
 11
-178.0690493630161
 21
0.0
 31
36.65611469300007
210
0.0
220
1.0
230
0.0
  0
LINE
  5
BF
330
1F
100
AcDbEntity
  8
Whole Simpsons House v1_Sketch18
100
AcDbLine
 10
-320.4917882519051
 20
0.0
 30
17.94054802633347
 11
-320.1633521407938
 21
0.0
 31
17.22758413744458
210
0.0
220
1.0
230
0.0
  0
LINE
  5
C0
330
1F
100
AcDbEntity
  8
Whole Simpsons House v1_Sketch18
100
AcDbLine
 10
-177.9155910296828
 20
0.0
 30
37.42658135966678
 11
-177.702513251905
 21
0.0
 31
38.18258413744455
210
0.0
220
1.0
230
0.0
  0
LINE
  5
C1
330
1F
100
AcDbEntity
  8
Whole Simpsons House v1_Sketch18
100
AcDbLine
 10
-176.718263251905
 20
0.0
 30
40.31759524855566
 11
-176.2818771407939
 21
0.0
 31
40.97058691522235
210
0.0
220
1.0
230
0.0
  0
LINE
  5
C2
330
1F
100
AcDbEntity
  8
Whole Simpsons House v1_Sketch18
100
AcDbLine
 10
-320.7637799185717
 20
0.0
 30
18.67750080411131
 11
-320.4917882519051
 21
0.0
 31
17.94054802633347
210
0.0
220
1.0
230
0.0
  0
LINE
  5
C3
330
1F
100
AcDbEntity
  8
Whole Simpsons House v1_Sketch18
100
AcDbLine
 10
-174.0692549185717
 20
0.0
 30
43.18320913744457
 11
-173.416263251905
 21
0.0
 31
43.61959524855564
210
0.0
220
1.0
230
0.0
  0
LINE
  5
C4
330
1F
100
AcDbEntity
  8
Whole Simpsons House v1_Sketch18
100
AcDbLine
 10
-15.74188269634952
 20
0.0
 30
209.2184230263335
 11
-16.51199658523829
 21
0.0
 31
209.3718813596668
210
0.0
220
1.0
230
0.0
  0
LINE
  5
C5
330
1F
100
AcDbEntity
  8
Whole Simpsons House v1_Sketch18
100
AcDbLine
 10
-12.85051602968273
 20
0.0
 30
208.0210952485557
 11
-13.53596325190501
 21
0.0
 31
208.4045646930001
210
0.0
220
1.0
230
0.0
  0
LINE
  5
C6
330
1F
100
AcDbEntity
  8
Whole Simpsons House v1_Sketch18
100
AcDbLine
 10
-172.7311688074605
 20
0.0
 30
44.00341747077784
 11
-172.0178521407938
 21
0.0
 31
44.3322063596668
210
0.0
220
1.0
230
0.0
  0
LINE
  5
C7
330
1F
100
AcDbEntity
  8
Whole Simpsons House v1_Sketch18
100
AcDbLine
 10
-170.5248965852383
 20
0.0
 30
44.81727580411114
 11
-169.7547826963494
 21
0.0
 31
44.97038135966679
210
0.0
220
1.0
230
0.0
  0
LINE
  5
C8
330
1F
100
AcDbEntity
  8
Whole Simpsons House v1_Sketch18
100
AcDbLine
 10
-317.747177140794
 20
0.0
 30
207.098228581889
 11
-318.3239688074606
 21
0.0
 31
206.5651813596668
210
0.0
220
1.0
230
0.0
  0
LINE
  5
C9
330
1F
100
AcDbEntity
  8
Whole Simpsons House v1_Sketch18
100
AcDbLine
 10
-320.4917882519051
 20
0.0
 30
203.3203313596668
 11
-320.7637799185717
 21
0.0
 31
202.5837313596667
210
0.0
220
1.0
230
0.0
  0
LINE
  5
CA
330
1F
100
AcDbEntity
  8
Whole Simpsons House v1_Sketch18
100
AcDbLine
 10
-321.2223910296827
 20
0.0
 30
200.2776230263334
 11
-321.2534354741272
 21
0.0
 31
199.4930452485556
210
0.0
220
1.0
230
0.0
  0
LINE
  5
CB
330
1F
100
AcDbEntity
  8
Whole Simpsons House v1_Sketch18
100
AcDbLine
 10
-178.2228604741272
 20
0.0
 30
20.98360913744457
 11
-178.1921688074605
 21
0.0
 31
21.76818691522228
210
0.0
220
1.0
230
0.0
  0
LINE
  5
CC
330
1F
100
AcDbEntity
  8
Whole Simpsons House v1_Sketch18
100
AcDbLine
 10
-181.6980743630161
 20
0.0
 30
14.16265080411129
 11
-181.1216354741272
 21
0.0
 31
14.69605080411131
210
0.0
220
1.0
230
0.0
  0
LINE
  5
CD
330
1F
100
AcDbEntity
  8
Whole Simpsons House v1_Sketch18
100
AcDbLine
 10
-182.9680743630161
 20
0.0
 30
13.24013691522228
 11
-182.3150826963493
 21
0.0
 31
13.67652302633349
210
0.0
220
1.0
230
0.0
  0
LINE
  5
CE
330
1F
100
AcDbEntity
  8
Whole Simpsons House v1_Sketch18
100
AcDbLine
 10
-316.4771771407938
 20
0.0
 30
208.0210952485556
 11
-317.1301688074605
 21
0.0
 31
207.5843563596668
210
0.0
220
1.0
230
0.0
  0
LINE
  5
CF
330
1F
100
AcDbEntity
  8
Whole Simpsons House v1_Sketch18
100
AcDbLine
 10
-178.4683938074605
 20
0.0
 30
19.43350358188897
 11
-178.315288251905
 21
0.0
 31
20.20361747077785
210
0.0
220
1.0
230
0.0
  0
LINE
  5
D0
330
1F
100
AcDbEntity
  8
Whole Simpsons House v1_Sketch18
100
AcDbLine
 10
-179.6660743630161
 20
0.0
 30
16.54248969300006
 11
-179.2822521407939
 21
0.0
 31
17.22758413744458
210
0.0
220
1.0
230
0.0
  0
LINE
  5
D1
330
1F
100
AcDbEntity
  8
Whole Simpsons House v1_Sketch18
100
AcDbLine
 10
-11.58086880746054
 20
0.0
 30
207.098228581889
 11
-12.1978771407938
 21
0.0
 31
207.5843563596668
210
0.0
220
1.0
230
0.0
  0
LINE
  5
D2
330
1F
100
AcDbEntity
  8
Whole Simpsons House v1_Sketch18
100
AcDbLine
 10
-178.1921688074605
 20
0.0
 30
68.0977869152223
 11
-178.1921688074605
 21
0.0
 31
65.09741191522234
210
0.0
220
1.0
230
0.0
  0
LINE
  5
D3
330
1F
100
AcDbEntity
  8
Whole Simpsons House v1_Sketch18
100
AcDbLine
 10
-181.1216354741272
 20
0.0
 30
14.69605080411131
 11
-180.5885882519049
 21
0.0
 31
15.27248969300007
210
0.0
220
1.0
230
0.0
  0
LINE
  5
D4
330
1F
100
AcDbEntity
  8
Whole Simpsons House v1_Sketch18
100
AcDbLine
 10
-320.1633521407939
 20
0.0
 30
204.0336480263334
 11
-320.4917882519051
 21
0.0
 31
203.3203313596668
210
0.0
220
1.0
230
0.0
  0
LINE
  5
D5
330
1F
100
AcDbEntity
  8
Whole Simpsons House v1_Sketch18
100
AcDbLine
 10
-173.416263251905
 20
0.0
 30
43.61959524855564
 11
-172.7311688074605
 21
0.0
 31
44.00341747077784
210
0.0
220
1.0
230
0.0
  0
LINE
  5
D6
330
1F
100
AcDbEntity
  8
Whole Simpsons House v1_Sketch18
100
AcDbLine
 10
-126.5155160296827
 20
0.0
 30
16.76720913744457
 11
-126.4537799185717
 21
0.0
 31
15.98474802633347
210
0.0
220
1.0
230
0.0
  0
LINE
  5
D7
330
1F
100
AcDbEntity
  8
Whole Simpsons House v1_Sketch18
100
AcDbLine
 10
-184.3664854741271
 20
0.0
 30
12.52787858188895
 11
-183.6531688074605
 21
0.0
 31
12.85666747077787
210
0.0
220
1.0
230
0.0
  0
LINE
  5
D8
330
1F
100
AcDbEntity
  8
Whole Simpsons House v1_Sketch18
100
AcDbLine
 10
-38.08047714079387
 20
0.0
 30
68.0977869152223
 11
-38.08047714079387
 21
0.0
 31
65.09741191522234
210
0.0
220
1.0
230
0.0
  0
LINE
  5
D9
330
1F
100
AcDbEntity
  8
Whole Simpsons House v1_Sketch18
100
AcDbLine
 10
-120.1358826963494
 20
0.0
 30
189.4910896930001
 11
-120.1358826963494
 21
0.0
 31
186.4903619152223
210
0.0
220
1.0
230
0.0
  0
LINE
  5
DA
330
1F
100
AcDbEntity
  8
Whole Simpsons House v1_Sketch18
100
AcDbLine
 10
-121.9819688074605
 20
0.0
 30
65.09741191522234
 11
-121.9819688074605
 21
0.0
 31
62.09668413744459
210
0.0
220
1.0
230
0.0
  0
LINE
  5
DB
330
1F
100
AcDbEntity
  8
Whole Simpsons House v1_Sketch18
100
AcDbLine
 10
-298.2487965852383
 20
0.0
 30
114.1314063596667
 11
-298.2487965852383
 21
0.0
 31
104.1294508041112
210
0.0
220
1.0
230
0.0
  0
LINE
  5
DC
330
1F
100
AcDbEntity
  8
Whole Simpsons House v1_Sketch18
100
AcDbLine
 10
-31.07924936301607
 20
0.0
 30
166.4864508041112
 11
-31.07924936301607
 21
0.0
 31
176.4884063596668
210
0.0
220
1.0
230
0.0
  0
LINE
  5
DD
330
1F
100
AcDbEntity
  8
Whole Simpsons House v1_Sketch18
100
AcDbLine
 10
-174.6855576963493
 20
0.0
 30
42.69708135966677
 11
-174.0692549185717
 21
0.0
 31
43.18320913744457
210
0.0
220
1.0
230
0.0
  0
LINE
  5
DE
330
1F
100
AcDbEntity
  8
Whole Simpsons House v1_Sketch18
100
AcDbLine
 10
-127.9802493630161
 20
0.0
 30
43.62876747077784
 11
-127.4704854741272
 21
0.0
 31
43.03186747077784
210
0.0
220
1.0
230
0.0
  0
LINE
  5
DF
330
1F
100
AcDbEntity
  8
Whole Simpsons House v1_Sketch18
100
AcDbLine
 10
-312.8160493630161
 20
0.0
 30
209.3718813596668
 11
-313.586163251905
 21
0.0
 31
209.2184230263335
210
0.0
220
1.0
230
0.0
  0
LINE
  5
E0
330
1F
100
AcDbEntity
  8
Whole Simpsons House v1_Sketch18
100
AcDbLine
 10
-127.4704854741272
 20
0.0
 30
43.03186747077784
 11
-127.0605576963493
 21
0.0
 31
42.36300080411115
210
0.0
220
1.0
230
0.0
  0
LINE
  5
E1
330
1F
100
AcDbEntity
  8
Whole Simpsons House v1_Sketch18
100
AcDbLine
 10
-186.6292021407938
 20
0.0
 30
11.8893508041113
 11
-185.859088251905
 21
0.0
 31
12.04280913744458
210
0.0
220
1.0
230
0.0
  0
LINE
  5
E2
330
1F
100
AcDbEntity
  8
Whole Simpsons House v1_Sketch18
100
AcDbLine
 10
-182.3150826963493
 20
0.0
 30
13.67652302633349
 11
-181.6980743630161
 21
0.0
 31
14.16265080411129
210
0.0
220
1.0
230
0.0
  0
LINE
  5
E3
330
1F
100
AcDbEntity
  8
Whole Simpsons House v1_Sketch18
100
AcDbLine
 10
-313.586163251905
 20
0.0
 30
209.2184230263335
 11
-314.3421660296827
 21
0.0
 31
209.0053452485557
210
0.0
220
1.0
230
0.0
  0
LINE
  5
E4
330
1F
100
AcDbEntity
  8
Whole Simpsons House v1_Sketch18
100
AcDbLine
 10
-183.6531688074605
 20
0.0
 30
12.85666747077787
 11
-182.9680743630161
 21
0.0
 31
13.24013691522228
210
0.0
220
1.0
230
0.0
  0
LINE
  5
E5
330
1F
100
AcDbEntity
  8
Whole Simpsons House v1_Sketch18
100
AcDbLine
 10
-178.1921688074605
 20
0.0
 30
35.09154524855564
 11
-178.1611243630161
 21
0.0
 31
35.87612302633345
210
0.0
220
1.0
230
0.0
  0
LINE
  5
E6
330
1F
100
AcDbEntity
  8
Whole Simpsons House v1_Sketch18
100
AcDbLine
 10
-315.7920826963494
 20
0.0
 30
12.85666747077787
 11
-315.0787660296828
 21
0.0
 31
12.52787858188895
210
0.0
220
1.0
230
0.0
  0
LINE
  5
E7
330
1F
100
AcDbEntity
  8
Whole Simpsons House v1_Sketch18
100
AcDbLine
 10
-176.2818771407939
 20
0.0
 30
40.97058691522235
 11
-175.7957493630161
 21
0.0
 31
41.58724247077785
210
0.0
220
1.0
230
0.0
  0
LINE
  5
E8
330
1F
100
AcDbEntity
  8
Whole Simpsons House v1_Sketch18
100
AcDbLine
 10
-321.1299632519048
 20
0.0
 30
201.0576146930001
 11
-321.2223910296827
 21
0.0
 31
200.2776230263334
210
0.0
220
1.0
230
0.0
  0
LINE
  5
E9
330
1F
100
AcDbEntity
  8
Whole Simpsons House v1_Sketch18
100
AcDbLine
 10
-318.856663251905
 20
0.0
 30
15.27248969300007
 11
-318.3239688074606
 21
0.0
 31
14.69605080411131
210
0.0
220
1.0
230
0.0
  0
LINE
  5
EA
330
1F
100
AcDbEntity
  8
Whole Simpsons House v1_Sketch18
100
AcDbLine
 10
-185.859088251905
 20
0.0
 30
12.04280913744458
 11
-185.1030854741272
 21
0.0
 31
12.25588691522236
210
0.0
220
1.0
230
0.0
  0
LINE
  5
EB
330
1F
100
AcDbEntity
  8
Whole Simpsons House v1_Sketch18
100
AcDbLine
 10
-171.2805465852382
 20
0.0
 30
44.60384524855566
 11
-170.5248965852383
 21
0.0
 31
44.81727580411114
210
0.0
220
1.0
230
0.0
  0
LINE
  5
EC
330
1F
100
AcDbEntity
  8
Whole Simpsons House v1_Sketch18
100
AcDbLine
 10
-321.2534354741272
 20
0.0
 30
21.76818691522228
 11
-321.2223910296827
 21
0.0
 31
20.98360913744457
210
0.0
220
1.0
230
0.0
  0
LINE
  5
ED
330
1F
100
AcDbEntity
  8
Whole Simpsons House v1_Sketch18
100
AcDbLine
 10
-316.4771771407939
 20
0.0
 30
13.24013691522228
 11
-315.7920826963494
 21
0.0
 31
12.85666747077787
210
0.0
220
1.0
230
0.0
  0
LINE
  5
EE
330
1F
100
AcDbEntity
  8
Whole Simpsons House v1_Sketch18
100
AcDbLine
 10
-298.2487965852383
 20
0.0
 30
176.4884063596668
 11
-298.2487965852383
 21
0.0
 31
166.4864508041112
210
0.0
220
1.0
230
0.0
  0
LINE
  5
EF
330
1F
100
AcDbEntity
  8
Whole Simpsons House v1_Sketch18
100
AcDbLine
 10
-318.3239688074606
 20
0.0
 30
14.69605080411131
 11
-317.747177140794
 21
0.0
 31
14.16265080411129
210
0.0
220
1.0
230
0.0
  0
LINE
  5
F0
330
1F
100
AcDbEntity
  8
Whole Simpsons House v1_Sketch18
100
AcDbLine
 10
-314.3421660296827
 20
0.0
 30
12.25588691522236
 11
-313.586163251905
 21
0.0
 31
12.04280913744458
210
0.0
220
1.0
230
0.0
  0
LINE
  5
F1
330
1F
100
AcDbEntity
  8
Whole Simpsons House v1_Sketch18
100
AcDbLine
 10
-318.856663251905
 20
0.0
 30
205.9887424707779
 11
-319.3431438074605
 21
0.0
 31
205.3720869152224
210
0.0
220
1.0
230
0.0
  0
LINE
  5
F2
330
1F
100
AcDbEntity
  8
Whole Simpsons House v1_Sketch18
100
AcDbLine
 10
-320.9768576963494
 20
0.0
 30
201.827728581889
 11
-321.1299632519048
 21
0.0
 31
201.0576146930001
210
0.0
220
1.0
230
0.0
  0
LINE
  5
F3
330
1F
100
AcDbEntity
  8
Whole Simpsons House v1_Sketch18
100
AcDbLine
 10
-104.032988251905
 20
0.0
 30
62.09668413744459
 11
-104.032988251905
 21
0.0
 31
65.09741191522234
210
0.0
220
1.0
230
0.0
  0
LINE
  5
F4
330
1F
100
AcDbEntity
  8
Whole Simpsons House v1_Sketch18
100
AcDbLine
 10
-130.1374854741272
 20
0.0
 30
186.4903619152223
 11
-130.1374854741272
 21
0.0
 31
189.4910896930001
210
0.0
220
1.0
230
0.0
  0
LINE
  5
F5
330
1F
100
AcDbEntity
  8
Whole Simpsons House v1_Sketch18
100
AcDbLine
 10
-31.07924936301607
 20
0.0
 30
78.10009524855566
 11
-31.07924936301607
 21
0.0
 31
88.10169802633348
210
0.0
220
1.0
230
0.0
  0
LINE
  5
F6
330
1F
100
AcDbEntity
  8
Whole Simpsons House v1_Sketch18
100
AcDbLine
 10
-129.2460160296828
 20
0.0
 30
44.5484591374446
 11
-128.5767965852383
 21
0.0
 31
44.13853135966679
210
0.0
220
1.0
230
0.0
  0
LINE
  5
F7
330
1F
100
AcDbEntity
  8
Whole Simpsons House v1_Sketch18
100
AcDbLine
 10
-126.7599910296828
 20
0.0
 30
41.63768969300008
 11
-126.5768993630161
 21
0.0
 31
40.87498413744459
210
0.0
220
1.0
230
0.0
  0
LINE
  5
F8
330
1F
100
AcDbEntity
  8
Whole Simpsons House v1_Sketch18
100
AcDbLine
 10
-179.2822521407939
 20
0.0
 30
17.22758413744458
 11
-178.953463251905
 21
0.0
 31
17.94054802633347
210
0.0
220
1.0
230
0.0
  0
LINE
  5
F9
330
1F
100
AcDbEntity
  8
Whole Simpsons House v1_Sketch18
100
AcDbLine
 10
-319.3431438074605
 20
0.0
 30
205.3720869152224
 11
-319.7795299185717
 21
0.0
 31
204.7187424707779
210
0.0
220
1.0
230
0.0
  0
LINE
  5
FA
330
1F
100
AcDbEntity
  8
Whole Simpsons House v1_Sketch18
100
AcDbLine
 10
-278.2448854741272
 20
0.0
 30
189.4910896930001
 11
-278.2448854741272
 21
0.0
 31
186.4903619152223
210
0.0
220
1.0
230
0.0
  0
LINE
  5
FB
330
1F
100
AcDbEntity
  8
Whole Simpsons House v1_Sketch18
100
AcDbLine
 10
-28.07852158523839
 20
0.0
 30
88.10169802633348
 11
-28.07852158523839
 21
0.0
 31
78.10009524855566
210
0.0
220
1.0
230
0.0
  0
LINE
  5
FC
330
1F
100
AcDbEntity
  8
Whole Simpsons House v1_Sketch18
100
AcDbLine
 10
-172.0178521407938
 20
0.0
 30
44.3322063596668
 11
-171.2805465852382
 21
0.0
 31
44.60384524855566
210
0.0
220
1.0
230
0.0
  0
LINE
  5
FD
330
1F
100
AcDbEntity
  8
Whole Simpsons House v1_Sketch18
100
AcDbLine
 10
-185.1030854741272
 20
0.0
 30
12.25588691522236
 11
-184.3664854741271
 21
0.0
 31
12.52787858188895
210
0.0
220
1.0
230
0.0
  0
LINE
  5
FE
330
1F
100
AcDbEntity
  8
Whole Simpsons House v1_Sketch18
100
AcDbLine
 10
-99.49979380746058
 20
0.0
 30
65.09741191522234
 11
-99.49979380746058
 21
0.0
 31
62.09668413744459
210
0.0
220
1.0
230
0.0
  0
LINE
  5
FF
330
1F
100
AcDbEntity
  8
Whole Simpsons House v1_Sketch18
100
AcDbLine
 10
-298.2487965852383
 20
0.0
 30
51.77405358188899
 11
-298.2487965852383
 21
0.0
 31
41.77209802633349
210
0.0
220
1.0
230
0.0
  0
LINE
  5
100
330
1F
100
AcDbEntity
  8
Whole Simpsons House v1_Sketch18
100
AcDbLine
 10
-313.586163251905
 20
0.0
 30
12.04280913744458
 11
-312.8160493630161
 21
0.0
 31
11.8893508041113
210
0.0
220
1.0
230
0.0
  0
LINE
  5
101
330
1F
100
AcDbEntity
  8
Whole Simpsons House v1_Sketch18
100
AcDbLine
 10
-314.3421660296827
 20
0.0
 30
209.0053452485557
 11
-315.0787660296828
 21
0.0
 31
208.733353581889
210
0.0
220
1.0
230
0.0
  0
LINE
  5
102
330
1F
100
AcDbEntity
  8
Whole Simpsons House v1_Sketch18
100
AcDbLine
 10
-144.9866076963494
 20
0.0
 30
65.09741191522234
 11
-144.9866076963494
 21
0.0
 31
68.0977869152223
210
0.0
220
1.0
230
0.0
  0
LINE
  5
103
330
1F
100
AcDbEntity
  8
Whole Simpsons House v1_Sketch18
100
AcDbLine
 10
-209.192163251905
 20
0.0
 30
186.4903619152223
 11
-209.192163251905
 21
0.0
 31
189.4910896930001
210
0.0
220
1.0
230
0.0
  0
LINE
  5
104
330
1F
100
AcDbEntity
  8
Whole Simpsons House v1_Sketch18
100
AcDbLine
 10
-301.2495243630161
 20
0.0
 30
104.1294508041112
 11
-301.2495243630161
 21
0.0
 31
114.1314063596667
210
0.0
220
1.0
230
0.0
  0
LINE
  5
105
330
1F
100
AcDbEntity
  8
Whole Simpsons House v1_Sketch18
100
AcDbLine
 10
-48.08278547412715
 20
0.0
 30
65.09741191522234
 11
-48.08278547412715
 21
0.0
 31
68.0977869152223
210
0.0
220
1.0
230
0.0
  0
LINE
  5
106
330
1F
100
AcDbEntity
  8
Whole Simpsons House v1_Sketch18
100
AcDbLine
 10
-301.2495243630161
 20
0.0
 30
41.77209802633349
 11
-301.2495243630161
 21
0.0
 31
51.77405358188899
210
0.0
220
1.0
230
0.0
  0
LINE
  5
107
330
1F
100
AcDbEntity
  8
Whole Simpsons House v1_Sketch18
100
AcDbLine
 10
-198.1960799185717
 20
0.0
 30
51.77405358188899
 11
-198.1960799185717
 21
0.0
 31
41.77209802633349
210
0.0
220
1.0
230
0.0
  0
LINE
  5
108
330
1F
100
AcDbEntity
  8
Whole Simpsons House v1_Sketch18
100
AcDbLine
 10
-198.1960799185717
 20
0.0
 30
114.1314063596667
 11
-198.1960799185717
 21
0.0
 31
104.1294508041112
210
0.0
220
1.0
230
0.0
  0
LINE
  5
109
330
1F
100
AcDbEntity
  8
Whole Simpsons House v1_Sketch18
100
AcDbLine
 10
-201.1964549185716
 20
0.0
 30
41.77209802633349
 11
-201.1964549185716
 21
0.0
 31
51.77405358188899
210
0.0
220
1.0
230
0.0
  0
LINE
  5
10A
330
1F
100
AcDbEntity
  8
Whole Simpsons House v1_Sketch18
100
AcDbLine
 10
-31.07924936301607
 20
0.0
 30
122.2929202485557
 11
-31.07924936301607
 21
0.0
 31
132.2948758041112
210
0.0
220
1.0
230
0.0
  0
LINE
  5
10B
330
1F
100
AcDbEntity
  8
Whole Simpsons House v1_Sketch18
100
AcDbLine
 10
-126.5155160296827
 20
0.0
 30
62.09668413744459
 11
-126.5155160296827
 21
0.0
 31
65.09741191522234
210
0.0
220
1.0
230
0.0
  0
LINE
  5
10C
330
1F
100
AcDbEntity
  8
Whole Simpsons House v1_Sketch18
100
AcDbLine
 10
-301.2495243630161
 20
0.0
 30
166.4864508041112
 11
-301.2495243630161
 21
0.0
 31
176.4884063596668
210
0.0
220
1.0
230
0.0
  0
LINE
  5
10D
330
1F
100
AcDbEntity
  8
Whole Simpsons House v1_Sketch18
100
AcDbLine
 10
-288.2468410296827
 20
0.0
 30
186.4903619152223
 11
-288.2468410296827
 21
0.0
 31
189.4910896930001
210
0.0
220
1.0
230
0.0
  0
LINE
  5
10E
330
1F
100
AcDbEntity
  8
Whole Simpsons House v1_Sketch18
100
AcDbLine
 10
-199.1902076963494
 20
0.0
 30
189.4910896930001
 11
-199.1902076963494
 21
0.0
 31
186.4903619152223
210
0.0
220
1.0
230
0.0
  0
LINE
  5
10F
330
1F
100
AcDbEntity
  8
Whole Simpsons House v1_Sketch18
100
AcDbLine
 10
-28.07852158523839
 20
0.0
 30
176.4884063596668
 11
-28.07852158523839
 21
0.0
 31
166.4864508041112
210
0.0
220
1.0
230
0.0
  0
LINE
  5
110
330
1F
100
AcDbEntity
  8
Whole Simpsons House v1_Sketch18
100
AcDbLine
 10
-201.1964549185716
 20
0.0
 30
166.4864508041112
 11
-201.1964549185716
 21
0.0
 31
176.4884063596668
210
0.0
220
1.0
230
0.0
  0
LINE
  5
111
330
1F
100
AcDbEntity
  8
Whole Simpsons House v1_Sketch18
100
AcDbLine
 10
-91.03065769634937
 20
0.0
 30
65.09741191522234
 11
-91.03065769634937
 21
0.0
 31
68.0977869152223
210
0.0
220
1.0
230
0.0
  0
LINE
  5
112
330
1F
100
AcDbEntity
  8
Whole Simpsons House v1_Sketch18
100
AcDbLine
 10
-41.08120491857171
 20
0.0
 30
189.4910896930001
 11
-41.08120491857171
 21
0.0
 31
186.4903619152223
210
0.0
220
1.0
230
0.0
  0
LINE
  5
113
330
1F
100
AcDbEntity
  8
Whole Simpsons House v1_Sketch18
100
AcDbLine
 10
-188.1941243630161
 20
0.0
 30
65.09741191522234
 11
-188.1941243630161
 21
0.0
 31
68.0977869152223
210
0.0
220
1.0
230
0.0
  0
LINE
  5
114
330
1F
100
AcDbEntity
  8
Whole Simpsons House v1_Sketch18
100
AcDbLine
 10
-201.1964549185716
 20
0.0
 30
104.1294508041112
 11
-201.1964549185716
 21
0.0
 31
114.1314063596667
210
0.0
220
1.0
230
0.0
  0
LINE
  5
115
330
1F
100
AcDbEntity
  8
Whole Simpsons House v1_Sketch18
100
AcDbLine
 10
-51.08316047412717
 20
0.0
 30
186.4903619152223
 11
-51.08316047412717
 21
0.0
 31
189.4910896930001
210
0.0
220
1.0
230
0.0
  0
LINE
  5
116
330
1F
100
AcDbEntity
  8
Whole Simpsons House v1_Sketch18
100
AcDbLine
 10
-81.02870214079384
 20
0.0
 30
68.0977869152223
 11
-81.02870214079384
 21
0.0
 31
65.09741191522234
210
0.0
220
1.0
230
0.0
  0
LINE
  5
117
330
1F
100
AcDbEntity
  8
Whole Simpsons House v1_Sketch18
100
AcDbLine
 10
-198.1960799185717
 20
0.0
 30
176.4884063596668
 11
-198.1960799185717
 21
0.0
 31
166.4864508041112
210
0.0
220
1.0
230
0.0
  0
LINE
  5
118
330
1F
100
AcDbEntity
  8
Whole Simpsons House v1_Sketch18
100
AcDbLine
 10
-134.9846521407939
 20
0.0
 30
68.0977869152223
 11
-134.9846521407939
 21
0.0
 31
65.09741191522234
210
0.0
220
1.0
230
0.0
  0
LINE
  5
119
330
1F
100
AcDbEntity
  8
Whole Simpsons House v1_Sketch18
100
AcDbLine
 10
-28.07852158523839
 20
0.0
 30
132.2948758041112
 11
-28.07852158523839
 21
0.0
 31
122.2929202485557
210
0.0
220
1.0
230
0.0
  0
LINE
  5
11A
330
1F
100
AcDbEntity
  8
Whole Simpsons House v1_Sketch18
100
AcDbLine
 10
-121.514538251905
 20
0.0
 30
11.76658413744455
 11
-104.5007715852383
 21
0.0
 31
11.76658413744455
210
0.0
220
1.0
230
0.0
  0
LINE
  5
11B
330
1F
100
AcDbEntity
  8
Whole Simpsons House v1_Sketch18
100
AcDbLine
 10
-104.5007715852383
 20
0.0
 30
11.76658413744455
 11
-103.7183104741272
 21
0.0
 31
11.82796747077784
210
0.0
220
1.0
230
0.0
  0
LINE
  5
11C
330
1F
100
AcDbEntity
  8
Whole Simpsons House v1_Sketch18
100
AcDbLine
 10
-311.2514799185716
 20
0.0
 30
11.76658413744455
 11
-188.1941243630161
 21
0.0
 31
11.76658413744455
210
0.0
220
1.0
230
0.0
  0
LINE
  5
11D
330
1F
100
AcDbEntity
  8
Whole Simpsons House v1_Sketch18
100
AcDbLine
 10
-188.1941243630161
 20
0.0
 30
11.76658413744455
 11
-187.4091938074605
 21
0.0
 31
11.76658413744455
210
0.0
220
1.0
230
0.0
  0
LINE
  5
11E
330
1F
100
AcDbEntity
  8
Whole Simpsons House v1_Sketch18
100
AcDbLine
 10
-17.29198825190501
 20
0.0
 30
209.4294858866233
 11
-18.07656602968279
 21
0.0
 31
209.4946480263335
210
0.0
220
1.0
230
0.0
  0
LINE
  5
11F
330
1F
100
AcDbEntity
  8
Whole Simpsons House v1_Sketch18
100
AcDbLine
 10
-312.0360576963494
 20
0.0
 30
209.4639563596667
 11
-312.8160493630161
 21
0.0
 31
209.3718813596668
210
0.0
220
1.0
230
0.0
  0
LINE
  5
120
330
1F
100
AcDbEntity
  8
Whole Simpsons House v1_Sketch18
100
AcDbLine
 10
-17.29198825190501
 20
0.0
 30
45.12419247077787
 11
-16.51199658523829
 21
0.0
 31
45.21662024855565
210
0.0
220
1.0
230
0.0
  0
LINE
  5
121
330
1F
100
AcDbEntity
  8
Whole Simpsons House v1_Sketch18
100
AcDbLine
 10
-18.07656602968279
 20
0.0
 30
209.4946480263335
 11
-311.2514799185716
 21
0.0
 31
209.4946480263335
210
0.0
220
1.0
230
0.0
  0
LINE
  5
122
330
1F
100
AcDbEntity
  8
Whole Simpsons House v1_Sketch18
100
AcDbLine
 10
-311.2514799185716
 20
0.0
 30
209.4946480263335
 11
-312.0360576963494
 21
0.0
 31
209.4639563596667
210
0.0
220
1.0
230
0.0
  0
LINE
  5
123
330
1F
100
AcDbEntity
  8
Whole Simpsons House v1_Sketch18
100
AcDbLine
 10
-95.28127714079388
 20
0.0
 30
45.03176469300015
 11
-94.4988160296828
 21
0.0
 31
45.09350080411112
210
0.0
220
1.0
230
0.0
  0
LINE
  5
124
330
1F
100
AcDbEntity
  8
Whole Simpsons House v1_Sketch18
100
AcDbLine
 10
-16.51199658523829
 20
0.0
 30
209.3718813596668
 11
-17.29198825190501
 21
0.0
 31
209.4294858866233
210
0.0
220
1.0
230
0.0
  0
LINE
  5
125
330
1F
100
AcDbEntity
  8
Whole Simpsons House v1_Sketch18
100
AcDbLine
 10
-94.4988160296828
 20
0.0
 30
45.09350080411112
 11
-18.07656602968278
 21
0.0
 31
45.09350080411112
210
0.0
220
1.0
230
0.0
  0
LINE
  5
126
330
1F
100
AcDbEntity
  8
Whole Simpsons House v1_Sketch18
100
AcDbLine
 10
-18.07656602968279
 20
0.0
 30
45.09350080411112
 11
-17.29198825190501
 21
0.0
 31
45.12419247077787
210
0.0
220
1.0
230
0.0
  0
LINE
  5
127
330
1F
100
AcDbEntity
  8
Whole Simpsons House v1_Sketch18
100
AcDbLine
 10
-131.5164938074605
 20
0.0
 30
45.09350080411112
 11
-130.7340326963495
 21
0.0
 31
45.03176469300014
210
0.0
220
1.0
230
0.0
  0
LINE
  5
128
330
1F
100
AcDbEntity
  8
Whole Simpsons House v1_Sketch18
100
AcDbLine
 10
-168.190213251905
 20
0.0
 30
45.09350080411112
 11
-131.5164938074605
 21
0.0
 31
45.09350080411112
210
0.0
220
1.0
230
0.0
  0
LINE
  5
129
330
1F
100
AcDbEntity
  8
Whole Simpsons House v1_Sketch18
100
AcDbLine
 10
-122.2966465852383
 20
0.0
 30
11.82796747077784
 11
-121.514538251905
 21
0.0
 31
11.76658413744455
210
0.0
220
1.0
230
0.0
  0
LINE
  5
12A
330
1F
100
AcDbEntity
  8
Whole Simpsons House v1_Sketch18
100
AcDbLine
 10
-168.9751438074605
 20
0.0
 30
45.06245635966678
 11
-168.190213251905
 21
0.0
 31
45.09350080411112
210
0.0
220
1.0
230
0.0
  0
LINE
  5
12B
330
1F
100
AcDbEntity
  8
Whole Simpsons House v1_Sketch18
100
AcDbLine
 10
-187.4091938074605
 20
0.0
 30
11.76658413744455
 11
-186.6292021407938
 21
0.0
 31
11.8893508041113
210
0.0
220
1.0
230
0.0
  0
LINE
  5
12C
330
1F
100
AcDbEntity
  8
Whole Simpsons House v1_Sketch18
100
AcDbLine
 10
-312.0360576963495
 20
0.0
 30
11.79727580411114
 11
-311.2514799185716
 21
0.0
 31
11.76658413744455
210
0.0
220
1.0
230
0.0
  0
LINE
  5
12D
330
1F
100
AcDbEntity
  8
Whole Simpsons House v1_Sketch18
100
AcDbLine
 10
-199.1902076963494
 20
0.0
 30
186.4903619152223
 11
-209.192163251905
 21
0.0
 31
186.4903619152223
210
0.0
220
1.0
230
0.0
  0
LINE
  5
12E
330
1F
100
AcDbEntity
  8
Whole Simpsons House v1_Sketch18
100
AcDbLine
 10
-278.2448854741272
 20
0.0
 30
186.4903619152223
 11
-288.2468410296827
 21
0.0
 31
186.4903619152223
210
0.0
220
1.0
230
0.0
  0
LINE
  5
12F
330
1F
100
AcDbEntity
  8
Whole Simpsons House v1_Sketch18
100
AcDbLine
 10
-41.08120491857171
 20
0.0
 30
186.4903619152223
 11
-51.08316047412717
 21
0.0
 31
186.4903619152223
210
0.0
220
1.0
230
0.0
  0
LINE
  5
130
330
1F
100
AcDbEntity
  8
Whole Simpsons House v1_Sketch18
100
AcDbLine
 10
-120.1358826963494
 20
0.0
 30
186.4903619152223
 11
-130.1374854741272
 21
0.0
 31
186.4903619152223
210
0.0
220
1.0
230
0.0
  0
LINE
  5
131
330
1F
100
AcDbEntity
  8
Whole Simpsons House v1_Sketch18
100
AcDbLine
 10
-104.032988251905
 20
0.0
 30
65.09741191522234
 11
-99.49979380746058
 21
0.0
 31
65.09741191522234
210
0.0
220
1.0
230
0.0
  0
LINE
  5
132
330
1F
100
AcDbEntity
  8
Whole Simpsons House v1_Sketch18
100
AcDbLine
 10
-38.08047714079387
 20
0.0
 30
65.09741191522234
 11
-48.08278547412715
 21
0.0
 31
65.09741191522234
210
0.0
220
1.0
230
0.0
  0
LINE
  5
133
330
1F
100
AcDbEntity
  8
Whole Simpsons House v1_Sketch18
100
AcDbLine
 10
-126.5155160296827
 20
0.0
 30
65.09741191522234
 11
-121.9819688074605
 21
0.0
 31
65.09741191522234
210
0.0
220
1.0
230
0.0
  0
LINE
  5
134
330
1F
100
AcDbEntity
  8
Whole Simpsons House v1_Sketch18
100
AcDbLine
 10
-134.9846521407939
 20
0.0
 30
65.09741191522234
 11
-144.9866076963494
 21
0.0
 31
65.09741191522234
210
0.0
220
1.0
230
0.0
  0
LINE
  5
135
330
1F
100
AcDbEntity
  8
Whole Simpsons House v1_Sketch18
100
AcDbLine
 10
-178.1921688074605
 20
0.0
 30
65.09741191522234
 11
-188.1941243630161
 21
0.0
 31
65.09741191522234
210
0.0
220
1.0
230
0.0
  0
LINE
  5
136
330
1F
100
AcDbEntity
  8
Whole Simpsons House v1_Sketch18
100
AcDbLine
 10
-81.02870214079384
 20
0.0
 30
65.09741191522234
 11
-91.03065769634937
 21
0.0
 31
65.09741191522234
210
0.0
220
1.0
230
0.0
  0
LINE
  5
137
330
1F
100
AcDbEntity
  8
Whole Simpsons House v1_Sketch18
100
AcDbLine
 10
-298.2487965852383
 20
0.0
 30
166.4864508041112
 11
-301.2495243630161
 21
0.0
 31
166.4864508041112
210
0.0
220
1.0
230
0.0
  0
LINE
  5
138
330
1F
100
AcDbEntity
  8
Whole Simpsons House v1_Sketch18
100
AcDbLine
 10
-28.07852158523839
 20
0.0
 30
166.4864508041112
 11
-31.07924936301607
 21
0.0
 31
166.4864508041112
210
0.0
220
1.0
230
0.0
  0
LINE
  5
139
330
1F
100
AcDbEntity
  8
Whole Simpsons House v1_Sketch18
100
AcDbLine
 10
-198.1960799185717
 20
0.0
 30
166.4864508041112
 11
-201.1964549185716
 21
0.0
 31
166.4864508041112
210
0.0
220
1.0
230
0.0
  0
LINE
  5
13A
330
1F
100
AcDbEntity
  8
Whole Simpsons House v1_Sketch18
100
AcDbLine
 10
-169.7547826963494
 20
0.0
 30
44.97038135966679
 11
-168.9751438074605
 21
0.0
 31
45.06245635966678
210
0.0
220
1.0
230
0.0
  0
LINE
  5
13B
330
1F
100
AcDbEntity
  8
Whole Simpsons House v1_Sketch18
100
AcDbLine
 10
-209.192163251905
 20
0.0
 30
189.4910896930001
 11
-199.1902076963494
 21
0.0
 31
189.4910896930001
210
0.0
220
1.0
230
0.0
  0
LINE
  5
13C
330
1F
100
AcDbEntity
  8
Whole Simpsons House v1_Sketch18
100
AcDbLine
 10
-51.08316047412717
 20
0.0
 30
189.4910896930001
 11
-41.08120491857171
 21
0.0
 31
189.4910896930001
210
0.0
220
1.0
230
0.0
  0
LINE
  5
13D
330
1F
100
AcDbEntity
  8
Whole Simpsons House v1_Sketch18
100
AcDbLine
 10
-288.2468410296827
 20
0.0
 30
189.4910896930001
 11
-278.2448854741272
 21
0.0
 31
189.4910896930001
210
0.0
220
1.0
230
0.0
  0
LINE
  5
13E
330
1F
100
AcDbEntity
  8
Whole Simpsons House v1_Sketch18
100
AcDbLine
 10
-130.1374854741272
 20
0.0
 30
189.4910896930001
 11
-120.1358826963494
 21
0.0
 31
189.4910896930001
210
0.0
220
1.0
230
0.0
  0
LINE
  5
13F
330
1F
100
AcDbEntity
  8
Whole Simpsons House v1_Sketch18
100
AcDbLine
 10
-301.2495243630161
 20
0.0
 30
51.77405358188899
 11
-298.2487965852383
 21
0.0
 31
51.77405358188899
210
0.0
220
1.0
230
0.0
  0
LINE
  5
140
330
1F
100
AcDbEntity
  8
Whole Simpsons House v1_Sketch18
100
AcDbLine
 10
-201.1964549185716
 20
0.0
 30
51.77405358188899
 11
-198.1960799185717
 21
0.0
 31
51.77405358188899
210
0.0
220
1.0
230
0.0
  0
LINE
  5
141
330
1F
100
AcDbEntity
  8
Whole Simpsons House v1_Sketch18
100
AcDbLine
 10
-31.07924936301607
 20
0.0
 30
88.10169802633348
 11
-28.07852158523839
 21
0.0
 31
88.10169802633348
210
0.0
220
1.0
230
0.0
  0
LINE
  5
142
330
1F
100
AcDbEntity
  8
Whole Simpsons House v1_Sketch18
100
AcDbLine
 10
-48.08278547412715
 20
0.0
 30
68.0977869152223
 11
-38.08047714079387
 21
0.0
 31
68.0977869152223
210
0.0
220
1.0
230
0.0
  0
LINE
  5
143
330
1F
100
AcDbEntity
  8
Whole Simpsons House v1_Sketch18
100
AcDbLine
 10
-91.03065769634937
 20
0.0
 30
68.0977869152223
 11
-81.02870214079384
 21
0.0
 31
68.0977869152223
210
0.0
220
1.0
230
0.0
  0
LINE
  5
144
330
1F
100
AcDbEntity
  8
Whole Simpsons House v1_Sketch18
100
AcDbLine
 10
-144.9866076963494
 20
0.0
 30
68.0977869152223
 11
-134.9846521407939
 21
0.0
 31
68.0977869152223
210
0.0
220
1.0
230
0.0
  0
LINE
  5
145
330
1F
100
AcDbEntity
  8
Whole Simpsons House v1_Sketch18
100
AcDbLine
 10
-188.1941243630161
 20
0.0
 30
68.0977869152223
 11
-178.1921688074605
 21
0.0
 31
68.0977869152223
210
0.0
220
1.0
230
0.0
  0
LINE
  5
146
330
1F
100
AcDbEntity
  8
Whole Simpsons House v1_Sketch18
100
AcDbLine
 10
-31.07924936301607
 20
0.0
 30
176.4884063596668
 11
-28.07852158523839
 21
0.0
 31
176.4884063596668
210
0.0
220
1.0
230
0.0
  0
LINE
  5
147
330
1F
100
AcDbEntity
  8
Whole Simpsons House v1_Sketch18
100
AcDbLine
 10
-201.1964549185716
 20
0.0
 30
176.4884063596668
 11
-198.1960799185717
 21
0.0
 31
176.4884063596668
210
0.0
220
1.0
230
0.0
  0
LINE
  5
148
330
1F
100
AcDbEntity
  8
Whole Simpsons House v1_Sketch18
100
AcDbLine
 10
-301.2495243630161
 20
0.0
 30
176.4884063596668
 11
-298.2487965852383
 21
0.0
 31
176.4884063596668
210
0.0
220
1.0
230
0.0
  0
LINE
  5
149
330
1F
100
AcDbEntity
  8
Whole Simpsons House v1_Sketch18
100
AcDbLine
 10
-312.8160493630161
 20
0.0
 30
11.8893508041113
 11
-312.0360576963495
 21
0.0
 31
11.79727580411114
210
0.0
220
1.0
230
0.0
  0
LINE
  5
14A
330
1F
100
AcDbEntity
  8
Whole Simpsons House v1_Sketch18
100
AcDbLine
 10
-121.9819688074605
 20
0.0
 30
62.09668413744459
 11
-126.5155160296827
 21
0.0
 31
62.09668413744459
210
0.0
220
1.0
230
0.0
  0
LINE
  5
14B
330
1F
100
AcDbEntity
  8
Whole Simpsons House v1_Sketch18
100
AcDbLine
 10
-99.49979380746058
 20
0.0
 30
62.09668413744459
 11
-104.032988251905
 21
0.0
 31
62.09668413744459
210
0.0
220
1.0
230
0.0
  0
LINE
  5
14C
330
1F
100
AcDbEntity
  8
Whole Simpsons House v1_Sketch18
100
AcDbLine
 10
-31.07924936301607
 20
0.0
 30
132.2948758041112
 11
-28.07852158523839
 21
0.0
 31
132.2948758041112
210
0.0
220
1.0
230
0.0
  0
LINE
  5
14D
330
1F
100
AcDbEntity
  8
Whole Simpsons House v1_Sketch18
100
AcDbLine
 10
-198.1960799185717
 20
0.0
 30
41.77209802633349
 11
-201.1964549185716
 21
0.0
 31
41.77209802633349
210
0.0
220
1.0
230
0.0
  0
LINE
  5
14E
330
1F
100
AcDbEntity
  8
Whole Simpsons House v1_Sketch18
100
AcDbLine
 10
-298.2487965852383
 20
0.0
 30
41.77209802633349
 11
-301.2495243630161
 21
0.0
 31
41.77209802633349
210
0.0
220
1.0
230
0.0
  0
LINE
  5
14F
330
1F
100
AcDbEntity
  8
Whole Simpsons House v1_Sketch18
100
AcDbLine
 10
-298.2487965852383
 20
0.0
 30
104.1294508041112
 11
-301.2495243630161
 21
0.0
 31
104.1294508041112
210
0.0
220
1.0
230
0.0
  0
LINE
  5
150
330
1F
100
AcDbEntity
  8
Whole Simpsons House v1_Sketch18
100
AcDbLine
 10
-198.1960799185717
 20
0.0
 30
104.1294508041112
 11
-201.1964549185716
 21
0.0
 31
104.1294508041112
210
0.0
220
1.0
230
0.0
  0
LINE
  5
151
330
1F
100
AcDbEntity
  8
Whole Simpsons House v1_Sketch18
100
AcDbLine
 10
-201.1964549185716
 20
0.0
 30
114.1314063596667
 11
-198.1960799185717
 21
0.0
 31
114.1314063596667
210
0.0
220
1.0
230
0.0
  0
LINE
  5
152
330
1F
100
AcDbEntity
  8
Whole Simpsons House v1_Sketch18
100
AcDbLine
 10
-301.2495243630161
 20
0.0
 30
114.1314063596667
 11
-298.2487965852383
 21
0.0
 31
114.1314063596667
210
0.0
220
1.0
230
0.0
  0
LINE
  5
153
330
1F
100
AcDbEntity
  8
Whole Simpsons House v1_Sketch18
100
AcDbLine
 10
-28.07852158523839
 20
0.0
 30
78.10009524855566
 11
-31.07924936301607
 21
0.0
 31
78.10009524855566
210
0.0
220
1.0
230
0.0
  0
LINE
  5
154
330
1F
100
AcDbEntity
  8
Whole Simpsons House v1_Sketch18
100
AcDbLine
 10
-28.07852158523839
 20
0.0
 30
122.2929202485557
 11
-31.07924936301607
 21
0.0
 31
122.2929202485557
210
0.0
220
1.0
230
0.0
  0
LINE
  5
156
330
1F
100
AcDbEntity
  8
Whole Simpsons House v1_Sketch15
100
AcDbLine
 10
203.4145886014245
 20
0.0
 30
130.0171314662292
 11
203.4145886014245
 21
0.0
 31
121.6379536884515
210
0.0
220
1.0
230
0.0
  0
LINE
  5
157
330
1F
100
AcDbEntity
  8
Whole Simpsons House v1_Sketch15
100
AcDbLine
 10
4.658883045868932
 20
0.0
 30
189.5303897995626
 11
4.658883045868932
 21
0.0
 31
6.17131757734046
210
0.0
220
1.0
230
0.0
  0
LINE
  5
158
330
1F
100
AcDbEntity
  8
Whole Simpsons House v1_Sketch15
100
AcDbLine
 10
100.0334136014245
 20
0.0
 30
84.65837591067377
 11
100.0334136014245
 21
0.0
 31
74.65642035511816
210
0.0
220
1.0
230
0.0
  0
LINE
  5
159
330
1F
100
AcDbEntity
  8
Whole Simpsons House v1_Sketch15
100
AcDbLine
 10
277.7653274903133
 20
0.0
 30
60.84622868845158
 11
277.7653274903133
 21
0.0
 31
39.97272035511812
210
0.0
220
1.0
230
0.0
  0
LINE
  5
15A
330
1F
100
AcDbEntity
  8
Whole Simpsons House v1_Sketch15
100
AcDbLine
 10
174.8508774903134
 20
0.0
 30
43.06340646622935
 11
175.7211802680911
 21
0.0
 31
44.36586202178485
210
0.0
220
1.0
230
0.0
  0
LINE
  5
15B
330
1F
100
AcDbEntity
  8
Whole Simpsons House v1_Sketch15
100
AcDbLine
 10
65.22306637920225
 20
0.0
 30
214.1613342440071
 11
65.22306637920225
 21
0.0
 31
212.1610842440071
210
0.0
220
1.0
230
0.0
  0
LINE
  5
15C
330
1F
100
AcDbEntity
  8
Whole Simpsons House v1_Sketch15
100
AcDbLine
 10
214.9599469347578
 20
0.0
 30
197.0643120217848
 11
210.0679774903134
 21
0.0
 31
188.3401175773404
210
0.0
220
1.0
230
0.0
  0
LINE
  5
15D
330
1F
100
AcDbEntity
  8
Whole Simpsons House v1_Sketch15
100
AcDbLine
 10
206.62839415698
 20
0.0
 30
194.2403259106737
 11
206.62839415698
 21
0.0
 31
204.2422814662293
210
0.0
220
1.0
230
0.0
  0
LINE
  5
15E
330
1F
100
AcDbEntity
  8
Whole Simpsons House v1_Sketch15
100
AcDbLine
 10
203.6276663792023
 20
0.0
 30
184.2383703551181
 11
203.6276663792023
 21
0.0
 31
194.2403259106737
210
0.0
220
1.0
230
0.0
  0
LINE
  5
15F
330
1F
100
AcDbEntity
  8
Whole Simpsons House v1_Sketch15
100
AcDbLine
 10
71.22416915698003
 20
0.0
 30
219.1228009106737
 11
71.22416915698003
 21
0.0
 31
240.6630592440071
210
0.0
220
1.0
230
0.0
  0
LINE
  5
160
330
1F
100
AcDbEntity
  8
Whole Simpsons House v1_Sketch15
100
AcDbLine
 10
270.15061915698
 20
0.0
 30
7.582428688451586
 11
270.15061915698
 21
0.0
 31
17.58403146622935
210
0.0
220
1.0
230
0.0
  0
LINE
  5
161
330
1F
100
AcDbEntity
  8
Whole Simpsons House v1_Sketch15
100
AcDbLine
 10
82.19203026809116
 20
0.0
 30
216.6487703551182
 11
81.5803136014245
 21
0.0
 31
217.3649092440071
210
0.0
220
1.0
230
0.0
  0
LINE
  5
162
330
1F
100
AcDbEntity
  8
Whole Simpsons House v1_Sketch15
100
AcDbLine
 10
329.2324302680912
 20
0.0
 30
136.8850092440071
 11
329.2324302680912
 21
0.0
 31
152.1532314662293
210
0.0
220
1.0
230
0.0
  0
LINE
  5
163
330
1F
100
AcDbEntity
  8
Whole Simpsons House v1_Sketch15
100
AcDbLine
 10
196.7887163792023
 20
0.0
 30
40.17521479956265
 11
197.0942219347578
 21
0.0
 31
38.63886757734046
210
0.0
220
1.0
230
0.0
  0
LINE
  5
164
330
1F
100
AcDbEntity
  8
Whole Simpsons House v1_Sketch15
100
AcDbLine
 10
278.7100663792021
 20
0.0
 30
234.5141425773404
 11
278.7100663792021
 21
0.0
 31
237.5148703551182
210
0.0
220
1.0
230
0.0
  0
LINE
  5
165
330
1F
100
AcDbEntity
  8
Whole Simpsons House v1_Sketch15
100
AcDbLine
 10
197.1968802680911
 20
0.0
 30
37.07570924400705
 11
197.1968802680911
 21
0.0
 31
7.582428688451586
210
0.0
220
1.0
230
0.0
  0
LINE
  5
166
330
1F
100
AcDbEntity
  8
Whole Simpsons House v1_Sketch15
100
AcDbLine
 10
81.5803136014245
 20
0.0
 30
217.3649092440071
 11
80.86452749031336
 21
0.0
 31
217.9766259106738
210
0.0
220
1.0
230
0.0
  0
LINE
  5
167
330
1F
100
AcDbEntity
  8
Whole Simpsons House v1_Sketch15
100
AcDbLine
 10
175.7211802680911
 20
0.0
 30
44.36586202178485
 11
176.7541136014245
 21
0.0
 31
45.54378702178484
210
0.0
220
1.0
230
0.0
  0
LINE
  5
168
330
1F
100
AcDbEntity
  8
Whole Simpsons House v1_Sketch15
100
AcDbLine
 10
176.7541136014245
 20
0.0
 30
45.54378702178484
 11
177.9316858236467
 21
0.0
 31
46.57636757734046
210
0.0
220
1.0
230
0.0
  0
LINE
  5
169
330
1F
100
AcDbEntity
  8
Whole Simpsons House v1_Sketch15
100
AcDbLine
 10
195.5924469347578
 20
0.0
 30
43.06340646622935
 11
196.2853024903134
 21
0.0
 31
41.65864535511815
210
0.0
220
1.0
230
0.0
  0
LINE
  5
16A
330
1F
100
AcDbEntity
  8
Whole Simpsons House v1_Sketch15
100
AcDbLine
 10
120.2966163792023
 20
0.0
 30
4.581700910673767
 11
120.2966163792023
 21
0.0
 31
7.582428688451586
210
0.0
220
1.0
230
0.0
  0
LINE
  5
16B
330
1F
100
AcDbEntity
  8
Whole Simpsons House v1_Sketch15
100
AcDbLine
 10
332.2328052680911
 20
0.0
 30
214.5105842440071
 11
332.2328052680911
 21
0.0
 31
224.5125397995626
210
0.0
220
1.0
230
0.0
  0
LINE
  5
16C
330
1F
100
AcDbEntity
  8
Whole Simpsons House v1_Sketch15
100
AcDbLine
 10
99.62313304586891
 20
0.0
 30
241.4867953551182
 11
99.62313304586891
 21
0.0
 31
184.2383703551181
210
0.0
220
1.0
230
0.0
  0
LINE
  5
16D
330
1F
100
AcDbEntity
  8
Whole Simpsons House v1_Sketch15
100
AcDbLine
 10
182.1223330458689
 20
0.0
 30
48.64293979956261
 11
183.6586802680911
 21
0.0
 31
48.94879813289595
210
0.0
220
1.0
230
0.0
  0
LINE
  5
16E
330
1F
100
AcDbEntity
  8
Whole Simpsons House v1_Sketch15
100
AcDbLine
 10
191.2091830458688
 20
0.0
 30
47.44667035511812
 11
192.5116386014245
 21
0.0
 31
46.57636757734046
210
0.0
220
1.0
230
0.0
  0
LINE
  5
16F
330
1F
100
AcDbEntity
  8
Whole Simpsons House v1_Sketch15
100
AcDbLine
 10
234.5070108236467
 20
0.0
 30
225.7903009106737
 11
231.8897524903134
 21
0.0
 31
227.2575036884515
210
0.0
220
1.0
230
0.0
  0
LINE
  5
170
330
1F
100
AcDbEntity
  8
Whole Simpsons House v1_Sketch15
100
AcDbLine
 10
64.97153582364672
 20
0.0
 30
237.9530203551182
 11
62.79172193475781
 21
0.0
 31
240.0150064662293
210
0.0
220
1.0
230
0.0
  0
LINE
  5
171
330
1F
100
AcDbEntity
  8
Whole Simpsons House v1_Sketch15
100
AcDbLine
 10
173.24644415698
 20
0.0
 30
7.582428688451586
 11
173.24644415698
 21
0.0
 31
37.07570924400705
210
0.0
220
1.0
230
0.0
  0
LINE
  5
172
330
1F
100
AcDbEntity
  8
Whole Simpsons House v1_Sketch15
100
AcDbLine
 10
100.0334136014245
 20
0.0
 30
41.94227868845157
 11
100.0334136014245
 21
0.0
 31
27.58598702178485
210
0.0
220
1.0
230
0.0
  0
LINE
  5
173
330
1F
100
AcDbEntity
  8
Whole Simpsons House v1_Sketch15
100
AcDbLine
 10
15.23727749031337
 20
0.0
 30
183.5292870217848
 11
15.23727749031337
 21
0.0
 31
189.5303897995626
210
0.0
220
1.0
230
0.0
  0
LINE
  5
174
330
1F
100
AcDbEntity
  8
Whole Simpsons House v1_Sketch15
100
AcDbLine
 10
173.6546080458689
 20
0.0
 30
40.17521479956265
 11
174.1580219347578
 21
0.0
 31
41.65864535511815
210
0.0
220
1.0
230
0.0
  0
LINE
  5
175
330
1F
100
AcDbEntity
  8
Whole Simpsons House v1_Sketch15
100
AcDbLine
 10
203.6276663792023
 20
0.0
 30
231.4848397995626
 11
203.6276663792023
 21
0.0
 31
241.4867953551182
210
0.0
220
1.0
230
0.0
  0
LINE
  5
176
330
1F
100
AcDbEntity
  8
Whole Simpsons House v1_Sketch15
100
AcDbLine
 10
207.79361915698
 20
0.0
 30
178.1487203551182
 11
212.4665136014245
 21
0.0
 31
169.3052870217848
210
0.0
220
1.0
230
0.0
  0
LINE
  5
177
330
1F
100
AcDbEntity
  8
Whole Simpsons House v1_Sketch15
100
AcDbLine
 10
97.0326858236467
 20
0.0
 30
46.51851202178484
 11
104.0039274903134
 21
0.0
 31
43.48779813289596
210
0.0
220
1.0
230
0.0
  0
LINE
  5
178
330
1F
100
AcDbEntity
  8
Whole Simpsons House v1_Sketch15
100
AcDbLine
 10
207.1988358236467
 20
0.0
 30
7.582428688451586
 11
207.1988358236467
 21
0.0
 31
4.581700910673767
210
0.0
220
1.0
230
0.0
  0
LINE
  5
179
330
1F
100
AcDbEntity
  8
Whole Simpsons House v1_Sketch15
100
AcDbLine
 10
203.4145886014245
 20
0.0
 30
155.6799509106737
 11
203.4145886014245
 21
0.0
 31
140.0190870217849
210
0.0
220
1.0
230
0.0
  0
LINE
  5
17A
330
1F
100
AcDbEntity
  8
Whole Simpsons House v1_Sketch15
100
AcDbLine
 10
193.6895636014245
 20
0.0
 30
45.54378702178484
 11
194.72214415698
 21
0.0
 31
44.36586202178485
210
0.0
220
1.0
230
0.0
  0
LINE
  5
17B
330
1F
100
AcDbEntity
  8
Whole Simpsons House v1_Sketch15
100
AcDbLine
 10
194.72214415698
 20
0.0
 30
44.36586202178485
 11
195.5924469347578
 21
0.0
 31
43.06340646622935
210
0.0
220
1.0
230
0.0
  0
LINE
  5
17C
330
1F
100
AcDbEntity
  8
Whole Simpsons House v1_Sketch15
100
AcDbLine
 10
309.22851915698
 20
0.0
 30
237.5148703551182
 11
309.22851915698
 21
0.0
 31
234.5141425773404
210
0.0
220
1.0
230
0.0
  0
LINE
  5
17D
330
1F
100
AcDbEntity
  8
Whole Simpsons House v1_Sketch15
100
AcDbLine
 10
203.4145886014245
 20
0.0
 30
175.6835092440071
 11
203.4145886014245
 21
0.0
 31
165.6815536884515
210
0.0
220
1.0
230
0.0
  0
LINE
  5
17E
330
1F
100
AcDbEntity
  8
Whole Simpsons House v1_Sketch15
100
AcDbLine
 10
65.22306637920225
 20
0.0
 30
235.0464842440071
 11
65.22306637920225
 21
0.0
 31
233.0462342440071
210
0.0
220
1.0
230
0.0
  0
LINE
  5
17F
330
1F
100
AcDbEntity
  8
Whole Simpsons House v1_Sketch15
100
AcDbLine
 10
319.2304747125356
 20
0.0
 30
234.5141425773404
 11
319.2304747125356
 21
0.0
 31
237.5148703551182
210
0.0
220
1.0
230
0.0
  0
LINE
  5
180
330
1F
100
AcDbEntity
  8
Whole Simpsons House v1_Sketch15
100
AcDbLine
 10
80.86452749031336
 20
0.0
 30
217.9766259106738
 11
80.06160526809113
 21
0.0
 31
218.4687509106737
210
0.0
220
1.0
230
0.0
  0
LINE
  5
181
330
1F
100
AcDbEntity
  8
Whole Simpsons House v1_Sketch15
100
AcDbLine
 10
206.4153163792023
 20
0.0
 30
121.6379536884515
 11
206.4153163792023
 21
0.0
 31
111.6359981328959
210
0.0
220
1.0
230
0.0
  0
LINE
  5
182
330
1F
100
AcDbEntity
  8
Whole Simpsons House v1_Sketch15
100
AcDbLine
 10
268.7081108236467
 20
0.0
 30
237.5148703551182
 11
268.7081108236467
 21
0.0
 31
234.5141425773404
210
0.0
220
1.0
230
0.0
  0
LINE
  5
183
330
1F
100
AcDbEntity
  8
Whole Simpsons House v1_Sketch15
100
AcDbLine
 10
192.5116386014245
 20
0.0
 30
46.57636757734046
 11
193.6895636014245
 21
0.0
 31
45.54378702178484
210
0.0
220
1.0
230
0.0
  0
LINE
  5
184
330
1F
100
AcDbEntity
  8
Whole Simpsons House v1_Sketch15
100
AcDbLine
 10
212.4665136014245
 20
0.0
 30
169.3052870217848
 11
209.8136247125356
 21
0.0
 31
167.903348132896
210
0.0
220
1.0
230
0.0
  0
LINE
  5
185
330
1F
100
AcDbEntity
  8
Whole Simpsons House v1_Sketch15
100
AcDbLine
 10
294.8725802680911
 20
0.0
 30
116.1219203551181
 11
294.8725802680911
 21
0.0
 31
79.79427591067378
210
0.0
220
1.0
230
0.0
  0
LINE
  5
186
330
1F
100
AcDbEntity
  8
Whole Simpsons House v1_Sketch15
100
AcDbLine
 10
206.4153163792023
 20
0.0
 30
165.6815536884515
 11
206.4153163792023
 21
0.0
 31
155.6799509106737
210
0.0
220
1.0
230
0.0
  0
LINE
  5
187
330
1F
100
AcDbEntity
  8
Whole Simpsons House v1_Sketch15
100
AcDbLine
 10
102.8076580458689
 20
0.0
 30
40.73613146622935
 11
100.0334136014245
 21
0.0
 31
41.94227868845157
210
0.0
220
1.0
230
0.0
  0
LINE
  5
188
330
1F
100
AcDbEntity
  8
Whole Simpsons House v1_Sketch15
100
AcDbLine
 10
206.4153163792023
 20
0.0
 30
140.0190870217849
 11
206.4153163792023
 21
0.0
 31
130.0171314662292
210
0.0
220
1.0
230
0.0
  0
LINE
  5
189
330
1F
100
AcDbEntity
  8
Whole Simpsons House v1_Sketch15
100
AcDbLine
 10
214.4861663792022
 20
0.0
 30
159.0602675773404
 11
217.1390552680911
 21
0.0
 31
160.4622064662293
210
0.0
220
1.0
230
0.0
  0
LINE
  5
18A
330
1F
100
AcDbEntity
  8
Whole Simpsons House v1_Sketch15
100
AcDbLine
 10
250.1467080458689
 20
0.0
 30
7.582428688451586
 11
250.1467080458689
 21
0.0
 31
4.581700910673767
210
0.0
220
1.0
230
0.0
  0
LINE
  5
18B
330
1F
100
AcDbEntity
  8
Whole Simpsons House v1_Sketch15
100
AcDbLine
 10
97.36041637920229
 20
0.0
 30
101.6343953551181
 11
97.36041637920229
 21
0.0
 31
175.6835092440071
210
0.0
220
1.0
230
0.0
  0
LINE
  5
18C
330
1F
100
AcDbEntity
  8
Whole Simpsons House v1_Sketch15
100
AcDbLine
 10
217.5772052680911
 20
0.0
 30
195.5967564662293
 11
214.9599469347578
 21
0.0
 31
197.0643120217848
210
0.0
220
1.0
230
0.0
  0
LINE
  5
18D
330
1F
100
AcDbEntity
  8
Whole Simpsons House v1_Sketch15
100
AcDbLine
 10
231.2230024903133
 20
0.0
 30
133.808434244007
 11
228.5306024903134
 21
0.0
 31
132.3856814662292
210
0.0
220
1.0
230
0.0
  0
LINE
  5
18E
330
1F
100
AcDbEntity
  8
Whole Simpsons House v1_Sketch15
100
AcDbLine
 10
62.79172193475781
 20
0.0
 30
240.0150064662293
 11
60.0425247125356
 21
0.0
 31
237.1084703551182
210
0.0
220
1.0
230
0.0
  0
LINE
  5
18F
330
1F
100
AcDbEntity
  8
Whole Simpsons House v1_Sketch15
100
AcDbLine
 10
262.1580858236467
 20
0.0
 30
113.1215453551181
 11
262.1580858236467
 21
0.0
 31
116.1219203551181
210
0.0
220
1.0
230
0.0
  0
LINE
  5
190
330
1F
100
AcDbEntity
  8
Whole Simpsons House v1_Sketch15
100
AcDbLine
 10
317.6193386014245
 20
0.0
 30
12.03307313289595
 11
317.6193386014245
 21
0.0
 31
32.90622868845158
210
0.0
220
1.0
230
0.0
  0
LINE
  5
191
330
1F
100
AcDbEntity
  8
Whole Simpsons House v1_Sketch15
100
AcDbLine
 10
304.8745358236467
 20
0.0
 30
79.79427591067378
 11
304.8745358236467
 21
0.0
 31
82.79465091067374
210
0.0
220
1.0
230
0.0
  0
LINE
  5
192
330
1F
100
AcDbEntity
  8
Whole Simpsons House v1_Sketch15
100
AcDbLine
 10
80.06160526809113
 20
0.0
 30
218.4687509106737
 11
79.19130249031336
 21
0.0
 31
218.8289370217848
210
0.0
220
1.0
230
0.0
  0
LINE
  5
193
330
1F
100
AcDbEntity
  8
Whole Simpsons House v1_Sketch15
100
AcDbLine
 10
226.9981358236467
 20
0.0
 30
218.5336620217849
 11
229.61539415698
 21
0.0
 31
217.0661064662293
210
0.0
220
1.0
230
0.0
  0
LINE
  5
194
330
1F
100
AcDbEntity
  8
Whole Simpsons House v1_Sketch15
100
AcDbLine
 10
319.2304747125356
 20
0.0
 30
82.79465091067374
 11
319.2304747125356
 21
0.0
 31
79.79392313289597
210
0.0
220
1.0
230
0.0
  0
LINE
  5
195
330
1F
100
AcDbEntity
  8
Whole Simpsons House v1_Sketch15
100
AcDbLine
 10
329.2324302680912
 20
0.0
 30
99.79783424400703
 11
329.2324302680912
 21
0.0
 31
133.884634244007
210
0.0
220
1.0
230
0.0
  0
LINE
  5
196
330
1F
100
AcDbEntity
  8
Whole Simpsons House v1_Sketch15
100
AcDbLine
 10
189.8044219347578
 20
0.0
 30
48.13952591067376
 11
191.2091830458688
 21
0.0
 31
47.44667035511812
210
0.0
220
1.0
230
0.0
  0
LINE
  5
197
330
1F
100
AcDbEntity
  8
Whole Simpsons House v1_Sketch15
100
AcDbLine
 10
252.1561302680911
 20
0.0
 30
116.1219203551181
 11
252.1561302680911
 21
0.0
 31
113.1215453551181
210
0.0
220
1.0
230
0.0
  0
LINE
  5
198
330
1F
100
AcDbEntity
  8
Whole Simpsons House v1_Sketch15
100
AcDbLine
 10
329.2324302680912
 20
0.0
 30
79.79392313289597
 11
329.2324302680912
 21
0.0
 31
89.79587868845145
210
0.0
220
1.0
230
0.0
  0
LINE
  5
199
330
1F
100
AcDbEntity
  8
Whole Simpsons House v1_Sketch15
100
AcDbLine
 10
235.8958969347578
 20
0.0
 30
124.9650009106737
 11
240.5687913792024
 21
0.0
 31
116.1219203551181
210
0.0
220
1.0
230
0.0
  0
LINE
  5
19A
330
1F
100
AcDbEntity
  8
Whole Simpsons House v1_Sketch15
100
AcDbLine
 10
185.2218386014245
 20
0.0
 30
49.05110368845156
 11
186.78464415698
 21
0.0
 31
48.94879813289595
210
0.0
220
1.0
230
0.0
  0
LINE
  5
19B
330
1F
100
AcDbEntity
  8
Whole Simpsons House v1_Sketch15
100
AcDbLine
 10
60.0425247125356
 20
0.0
 30
237.1084703551182
 11
62.22233860142448
 21
0.0
 31
235.0464842440071
210
0.0
220
1.0
230
0.0
  0
LINE
  5
19C
330
1F
100
AcDbEntity
  8
Whole Simpsons House v1_Sketch15
100
AcDbLine
 10
79.19130249031336
 20
0.0
 30
218.8289370217848
 11
78.27584415698006
 21
0.0
 31
219.0487175773404
210
0.0
220
1.0
230
0.0
  0
LINE
  5
19D
330
1F
100
AcDbEntity
  8
Whole Simpsons House v1_Sketch15
100
AcDbLine
 10
212.6852358236467
 20
0.0
 30
186.8729147995626
 11
207.79361915698
 21
0.0
 31
178.1487203551182
210
0.0
220
1.0
230
0.0
  0
LINE
  5
19E
330
1F
100
AcDbEntity
  8
Whole Simpsons House v1_Sketch15
100
AcDbLine
 10
97.0326858236467
 20
0.0
 30
27.58598702178485
 11
97.0326858236467
 21
0.0
 31
17.58403146622935
210
0.0
220
1.0
230
0.0
  0
LINE
  5
19F
330
1F
100
AcDbEntity
  8
Whole Simpsons House v1_Sketch15
100
AcDbLine
 10
100.0334136014245
 20
0.0
 30
17.58403146622935
 11
100.0334136014245
 21
0.0
 31
7.582428688451586
210
0.0
220
1.0
230
0.0
  0
LINE
  5
1A0
330
1F
100
AcDbEntity
  8
Whole Simpsons House v1_Sketch15
100
AcDbLine
 10
267.15024415698
 20
0.0
 30
74.65642035511816
 11
267.15024415698
 21
0.0
 31
84.65837591067377
210
0.0
220
1.0
230
0.0
  0
LINE
  5
1A1
330
1F
100
AcDbEntity
  8
Whole Simpsons House v1_Sketch15
100
AcDbLine
 10
91.4499774903134
 20
0.0
 30
6.171317577340469
 11
91.44997749031339
 21
0.0
 31
189.5303897995626
210
0.0
220
1.0
230
0.0
  0
LINE
  5
1A2
330
1F
100
AcDbEntity
  8
Whole Simpsons House v1_Sketch15
100
AcDbLine
 10
82.68415526809115
 20
0.0
 30
215.845848132896
 11
82.19203026809116
 21
0.0
 31
216.6487703551182
210
0.0
220
1.0
230
0.0
  0
LINE
  5
1A3
330
1F
100
AcDbEntity
  8
Whole Simpsons House v1_Sketch15
100
AcDbLine
 10
267.15024415698
 20
0.0
 30
17.58403146622935
 11
267.15024415698
 21
0.0
 31
27.58598702178485
210
0.0
220
1.0
230
0.0
  0
LINE
  5
1A4
330
1F
100
AcDbEntity
  8
Whole Simpsons House v1_Sketch15
100
AcDbLine
 10
174.1580219347578
 20
0.0
 30
41.65864535511815
 11
174.8508774903134
 21
0.0
 31
43.06340646622935
210
0.0
220
1.0
230
0.0
  0
LINE
  5
1A5
330
1F
100
AcDbEntity
  8
Whole Simpsons House v1_Sketch15
100
AcDbLine
 10
153.2428858236466
 20
0.0
 30
7.582428688451586
 11
153.2428858236466
 21
0.0
 31
4.581700910673767
210
0.0
220
1.0
230
0.0
  0
LINE
  5
1A6
330
1F
100
AcDbEntity
  8
Whole Simpsons House v1_Sketch15
100
AcDbLine
 10
210.0679774903134
 20
0.0
 30
188.3401175773404
 11
212.6852358236467
 21
0.0
 31
186.8729147995626
210
0.0
220
1.0
230
0.0
  0
LINE
  5
1A7
330
1F
100
AcDbEntity
  8
Whole Simpsons House v1_Sketch15
100
AcDbLine
 10
260.1486636014245
 20
0.0
 30
4.581700910673767
 11
260.1486636014245
 21
0.0
 31
7.582428688451586
210
0.0
220
1.0
230
0.0
  0
LINE
  5
1A8
330
1F
100
AcDbEntity
  8
Whole Simpsons House v1_Sketch15
100
AcDbLine
 10
290.29599415698
 20
0.0
 30
133.884634244007
 11
290.29599415698
 21
0.0
 31
136.8850092440071
210
0.0
220
1.0
230
0.0
  0
LINE
  5
1A9
330
1F
100
AcDbEntity
  8
Whole Simpsons House v1_Sketch15
100
AcDbLine
 10
65.22306637920225
 20
0.0
 30
228.0847675773404
 11
65.22306637920225
 21
0.0
 31
226.0841647995626
210
0.0
220
1.0
230
0.0
  0
LINE
  5
1AA
330
1F
100
AcDbEntity
  8
Whole Simpsons House v1_Sketch15
100
AcDbLine
 10
83.04434137920225
 20
0.0
 30
214.975898132896
 11
82.68415526809115
 21
0.0
 31
215.845848132896
210
0.0
220
1.0
230
0.0
  0
LINE
  5
1AB
330
1F
100
AcDbEntity
  8
Whole Simpsons House v1_Sketch15
100
AcDbLine
 10
106.3622469347578
 20
0.0
 30
101.6343953551181
 11
106.3622469347578
 21
0.0
 31
136.747073132896
210
0.0
220
1.0
230
0.0
  0
LINE
  5
1AC
330
1F
100
AcDbEntity
  8
Whole Simpsons House v1_Sketch15
100
AcDbLine
 10
197.0942219347578
 20
0.0
 30
38.63886757734046
 11
197.1968802680911
 21
0.0
 31
37.07570924400705
210
0.0
220
1.0
230
0.0
  0
LINE
  5
1AD
330
1F
100
AcDbEntity
  8
Whole Simpsons House v1_Sketch15
100
AcDbLine
 10
209.8136247125356
 20
0.0
 30
167.903348132896
 11
214.4861663792022
 21
0.0
 31
159.0602675773404
210
0.0
220
1.0
230
0.0
  0
LINE
  5
1AE
330
1F
100
AcDbEntity
  8
Whole Simpsons House v1_Sketch15
100
AcDbLine
 10
239.3986274903134
 20
0.0
 30
234.5141425773404
 11
234.5070108236467
 21
0.0
 31
225.7903009106737
210
0.0
220
1.0
230
0.0
  0
LINE
  5
1AF
330
1F
100
AcDbEntity
  8
Whole Simpsons House v1_Sketch15
100
AcDbLine
 10
203.6276663792023
 20
0.0
 30
204.2422814662293
 11
203.6276663792023
 21
0.0
 31
221.4828842440071
210
0.0
220
1.0
230
0.0
  0
LINE
  5
1B0
330
1F
100
AcDbEntity
  8
Whole Simpsons House v1_Sketch15
100
AcDbLine
 10
62.22233860142448
 20
0.0
 30
226.0841647995626
 11
62.22233860142448
 21
0.0
 31
221.1230509106737
210
0.0
220
1.0
230
0.0
  0
LINE
  5
1B1
330
1F
100
AcDbEntity
  8
Whole Simpsons House v1_Sketch15
100
AcDbLine
 10
316.7726719347579
 20
0.0
 30
39.97272035511812
 11
316.7726719347579
 21
0.0
 31
60.84622868845158
210
0.0
220
1.0
230
0.0
  0
LINE
  5
1B2
330
1F
100
AcDbEntity
  8
Whole Simpsons House v1_Sketch15
100
AcDbLine
 10
83.33820526809114
 20
0.0
 30
213.1213453551182
 11
83.26412193475781
 21
0.0
 31
214.0600870217848
210
0.0
220
1.0
230
0.0
  0
LINE
  5
1B3
330
1F
100
AcDbEntity
  8
Whole Simpsons House v1_Sketch15
100
AcDbLine
 10
97.03268582364672
 20
0.0
 30
94.66033146622931
 11
97.0326858236467
 21
0.0
 31
84.65837591067377
210
0.0
220
1.0
230
0.0
  0
LINE
  5
1B4
330
1F
100
AcDbEntity
  8
Whole Simpsons House v1_Sketch15
100
AcDbLine
 10
229.61539415698
 20
0.0
 30
217.0661064662293
 11
217.5772052680911
 21
0.0
 31
195.5967564662293
210
0.0
220
1.0
230
0.0
  0
LINE
  5
1B5
330
1F
100
AcDbEntity
  8
Whole Simpsons House v1_Sketch15
100
AcDbLine
 10
110.2946608236467
 20
0.0
 30
7.582428688451586
 11
110.2946608236467
 21
0.0
 31
4.581700910673767
210
0.0
220
1.0
230
0.0
  0
LINE
  5
1B6
330
1F
100
AcDbEntity
  8
Whole Simpsons House v1_Sketch15
100
AcDbLine
 10
329.2324302680912
 20
0.0
 30
162.1551870217848
 11
329.2324302680912
 21
0.0
 31
214.5105842440071
210
0.0
220
1.0
230
0.0
  0
LINE
  5
1B7
330
1F
100
AcDbEntity
  8
Whole Simpsons House v1_Sketch15
100
AcDbLine
 10
62.22233860142448
 20
0.0
 30
219.1228009106737
 11
62.22233860142448
 21
0.0
 31
214.1613342440071
210
0.0
220
1.0
230
0.0
  0
LINE
  5
1B8
330
1F
100
AcDbEntity
  8
Whole Simpsons House v1_Sketch15
100
AcDbLine
 10
179.2341413792023
 20
0.0
 30
47.44667035511812
 11
180.6392552680912
 21
0.0
 31
48.13952591067376
210
0.0
220
1.0
230
0.0
  0
LINE
  5
1B9
330
1F
100
AcDbEntity
  8
Whole Simpsons House v1_Sketch15
100
AcDbLine
 10
173.24644415698
 20
0.0
 30
37.07570924400705
 11
173.3491024903134
 21
0.0
 31
38.63886757734046
210
0.0
220
1.0
230
0.0
  0
LINE
  5
1BA
330
1F
100
AcDbEntity
  8
Whole Simpsons House v1_Sketch15
100
AcDbLine
 10
97.0326858236467
 20
0.0
 30
74.65642035511816
 11
97.0326858236467
 21
0.0
 31
46.51851202178484
210
0.0
220
1.0
230
0.0
  0
LINE
  5
1BB
330
1F
100
AcDbEntity
  8
Whole Simpsons House v1_Sketch15
100
AcDbLine
 10
270.15061915698
 20
0.0
 30
84.65837591067377
 11
270.15061915698
 21
0.0
 31
94.66033146622931
210
0.0
220
1.0
230
0.0
  0
LINE
  5
1BC
330
1F
100
AcDbEntity
  8
Whole Simpsons House v1_Sketch15
100
AcDbLine
 10
228.5306024903134
 20
0.0
 30
132.3856814662292
 11
233.20314415698
 21
0.0
 31
123.542248132896
210
0.0
220
1.0
230
0.0
  0
LINE
  5
1BD
330
1F
100
AcDbEntity
  8
Whole Simpsons House v1_Sketch15
100
AcDbLine
 10
74.9731386014245
 20
0.0
 30
212.1610842440071
 11
74.9731386014245
 21
0.0
 31
198.7075509106737
210
0.0
220
1.0
230
0.0
  0
LINE
  5
1BE
330
1F
100
AcDbEntity
  8
Whole Simpsons House v1_Sketch15
100
AcDbLine
 10
270.15061915698
 20
0.0
 30
27.58598702178485
 11
270.15061915698
 21
0.0
 31
74.65642035511816
210
0.0
220
1.0
230
0.0
  0
LINE
  5
1BF
330
1F
100
AcDbEntity
  8
Whole Simpsons House v1_Sketch15
100
AcDbLine
 10
32.72870526809113
 20
0.0
 30
189.5303897995626
 11
32.72870526809113
 21
0.0
 31
183.5292870217848
210
0.0
220
1.0
230
0.0
  0
LINE
  5
1C0
330
1F
100
AcDbEntity
  8
Whole Simpsons House v1_Sketch15
100
AcDbLine
 10
203.4145886014245
 20
0.0
 30
111.6359981328959
 11
203.4145886014245
 21
0.0
 31
101.6343953551181
210
0.0
220
1.0
230
0.0
  0
LINE
  5
1C1
330
1F
100
AcDbEntity
  8
Whole Simpsons House v1_Sketch15
100
AcDbLine
 10
278.6119941569801
 20
0.0
 30
32.90622868845158
 11
278.6119941569801
 21
0.0
 31
12.03307313289595
210
0.0
220
1.0
230
0.0
  0
LINE
  5
1C2
330
1F
100
AcDbEntity
  8
Whole Simpsons House v1_Sketch15
100
AcDbLine
 10
206.62839415698
 20
0.0
 30
221.4828842440071
 11
206.62839415698
 21
0.0
 31
231.4848397995626
210
0.0
220
1.0
230
0.0
  0
LINE
  5
1C3
330
1F
100
AcDbEntity
  8
Whole Simpsons House v1_Sketch15
100
AcDbLine
 10
180.6392552680912
 20
0.0
 30
48.13952591067376
 11
182.1223330458689
 21
0.0
 31
48.64293979956261
210
0.0
220
1.0
230
0.0
  0
LINE
  5
1C4
330
1F
100
AcDbEntity
  8
Whole Simpsons House v1_Sketch15
100
AcDbLine
 10
163.2448413792023
 20
0.0
 30
4.581700910673767
 11
163.2448413792023
 21
0.0
 31
7.582428688451586
210
0.0
220
1.0
230
0.0
  0
LINE
  5
1C5
330
1F
100
AcDbEntity
  8
Whole Simpsons House v1_Sketch15
100
AcDbLine
 10
83.26412193475781
 20
0.0
 30
214.0600870217848
 11
83.04434137920225
 21
0.0
 31
214.975898132896
210
0.0
220
1.0
230
0.0
  0
LINE
  5
1C6
330
1F
100
AcDbEntity
  8
Whole Simpsons House v1_Sketch15
100
AcDbLine
 10
186.78464415698
 20
0.0
 30
48.94879813289595
 11
188.32134415698
 21
0.0
 31
48.64293979956261
210
0.0
220
1.0
230
0.0
  0
LINE
  5
1C7
330
1F
100
AcDbEntity
  8
Whole Simpsons House v1_Sketch15
100
AcDbLine
 10
173.3491024903134
 20
0.0
 30
38.63886757734046
 11
173.6546080458689
 21
0.0
 31
40.17521479956265
210
0.0
220
1.0
230
0.0
  0
LINE
  5
1C8
330
1F
100
AcDbEntity
  8
Whole Simpsons House v1_Sketch15
100
AcDbLine
 10
233.20314415698
 20
0.0
 30
123.542248132896
 11
235.8958969347578
 21
0.0
 31
124.9650009106737
210
0.0
220
1.0
230
0.0
  0
LINE
  5
1C9
330
1F
100
AcDbEntity
  8
Whole Simpsons House v1_Sketch15
100
AcDbLine
 10
217.2007913792023
 20
0.0
 30
4.581700910673767
 11
217.2007913792023
 21
0.0
 31
7.582428688451586
210
0.0
220
1.0
230
0.0
  0
LINE
  5
1CA
330
1F
100
AcDbEntity
  8
Whole Simpsons House v1_Sketch15
100
AcDbLine
 10
196.2853024903134
 20
0.0
 30
41.65864535511815
 11
196.7887163792023
 21
0.0
 31
40.17521479956265
210
0.0
220
1.0
230
0.0
  0
LINE
  5
1CB
330
1F
100
AcDbEntity
  8
Whole Simpsons House v1_Sketch15
100
AcDbLine
 10
239.5044608236467
 20
0.0
 30
164.3282981328959
 11
236.8367552680911
 21
0.0
 31
162.9545814662292
210
0.0
220
1.0
230
0.0
  0
LINE
  5
1CC
330
1F
100
AcDbEntity
  8
Whole Simpsons House v1_Sketch15
100
AcDbLine
 10
296.8580136014244
 20
0.0
 30
84.23327868845146
 11
296.6495219347578
 21
0.0
 31
84.41637035511818
210
0.0
220
1.0
230
0.0
  0
LINE
  5
1CD
330
1F
100
AcDbEntity
  8
Whole Simpsons House v1_Sketch15
100
AcDbLine
 10
234.9250524903134
 20
0.0
 30
173.2204147995626
 11
239.5044608236467
 21
0.0
 31
164.3282981328959
210
0.0
220
1.0
230
0.0
  0
LINE
  5
1CE
330
1F
100
AcDbEntity
  8
Whole Simpsons House v1_Sketch15
100
AcDbLine
 10
104.0039274903134
 20
0.0
 30
43.48779813289596
 11
102.8076580458689
 21
0.0
 31
40.73613146622935
210
0.0
220
1.0
230
0.0
  0
LINE
  5
1CF
330
1F
100
AcDbEntity
  8
Whole Simpsons House v1_Sketch15
100
AcDbLine
 10
106.5753247125356
 20
0.0
 30
203.2421564662293
 11
106.5753247125356
 21
0.0
 31
195.2404509106737
210
0.0
220
1.0
230
0.0
  0
LINE
  5
1D0
330
1F
100
AcDbEntity
  8
Whole Simpsons House v1_Sketch15
100
AcDbLine
 10
103.3618719347578
 20
0.0
 30
136.747073132896
 11
103.3618719347578
 21
0.0
 31
101.6343953551181
210
0.0
220
1.0
230
0.0
  0
LINE
  5
1D1
330
1F
100
AcDbEntity
  8
Whole Simpsons House v1_Sketch15
100
AcDbLine
 10
232.2576997125356
 20
0.0
 30
171.8466981328959
 11
234.9250524903134
 21
0.0
 31
173.2204147995626
210
0.0
220
1.0
230
0.0
  0
LINE
  5
1D2
330
1F
100
AcDbEntity
  8
Whole Simpsons House v1_Sketch15
100
AcDbLine
 10
234.9250524903134
 20
0.0
 30
191.0046481328959
 11
232.2576997125356
 21
0.0
 31
192.3783647995626
210
0.0
220
1.0
230
0.0
  0
LINE
  5
1D3
330
1F
100
AcDbEntity
  8
Whole Simpsons House v1_Sketch15
100
AcDbLine
 10
106.5753247125356
 20
0.0
 30
233.4854425773404
 11
106.5753247125356
 21
0.0
 31
225.4837370217849
210
0.0
220
1.0
230
0.0
  0
LINE
  5
1D4
330
1F
100
AcDbEntity
  8
Whole Simpsons House v1_Sketch15
100
AcDbLine
 10
300.1991719347579
 20
0.0
 30
85.36745924400705
 11
300.10991915698
 21
0.0
 31
85.10463979956263
210
0.0
220
1.0
230
0.0
  0
LINE
  5
1D5
330
1F
100
AcDbEntity
  8
Whole Simpsons House v1_Sketch15
100
AcDbLine
 10
297.3377913792023
 20
0.0
 30
83.95634813289597
 11
297.0887302680911
 21
0.0
 31
84.07911479956265
210
0.0
220
1.0
230
0.0
  0
LINE
  5
1D6
330
1F
100
AcDbEntity
  8
Whole Simpsons House v1_Sketch15
100
AcDbLine
 10
296.6495219347578
 20
0.0
 30
84.41637035511818
 11
296.4664302680911
 21
0.0
 31
84.62486202178488
210
0.0
220
1.0
230
0.0
  0
LINE
  5
1D7
330
1F
100
AcDbEntity
  8
Whole Simpsons House v1_Sketch15
100
AcDbLine
 10
103.5749497125356
 20
0.0
 30
225.4837370217849
 11
103.5749497125356
 21
0.0
 31
233.4854425773404
210
0.0
220
1.0
230
0.0
  0
LINE
  5
1D8
330
1F
100
AcDbEntity
  8
Whole Simpsons House v1_Sketch15
100
AcDbLine
 10
299.2106886014244
 20
0.0
 30
84.07911479956265
 11
298.9616274903133
 21
0.0
 31
83.95634813289597
210
0.0
220
1.0
230
0.0
  0
LINE
  5
1D9
330
1F
100
AcDbEntity
  8
Whole Simpsons House v1_Sketch15
100
AcDbLine
 10
67.53552471253558
 20
0.0
 30
240.6630592440071
 11
64.97153582364672
 21
0.0
 31
237.9530203551182
210
0.0
220
1.0
230
0.0
  0
LINE
  5
1DA
330
1F
100
AcDbEntity
  8
Whole Simpsons House v1_Sketch15
100
AcDbLine
 10
313.7722969347578
 20
0.0
 30
57.8458536884516
 11
313.7722969347578
 21
0.0
 31
42.97344813289598
210
0.0
220
1.0
230
0.0
  0
LINE
  5
1DB
330
1F
100
AcDbEntity
  8
Whole Simpsons House v1_Sketch15
100
AcDbLine
 10
83.33820526809114
 20
0.0
 30
198.7075509106737
 11
83.33820526809114
 21
0.0
 31
213.1213453551182
210
0.0
220
1.0
230
0.0
  0
LINE
  5
1DC
330
1F
100
AcDbEntity
  8
Whole Simpsons House v1_Sketch15
100
AcDbLine
 10
332.2328052680911
 20
0.0
 30
152.1532314662293
 11
332.2328052680911
 21
0.0
 31
162.1551870217848
210
0.0
220
1.0
230
0.0
  0
LINE
  5
1DD
330
1F
100
AcDbEntity
  8
Whole Simpsons House v1_Sketch15
100
AcDbLine
 10
249.5473386014245
 20
0.0
 30
219.3979675773404
 11
246.8799858236467
 21
0.0
 31
220.7716842440071
210
0.0
220
1.0
230
0.0
  0
LINE
  5
1DE
330
1F
100
AcDbEntity
  8
Whole Simpsons House v1_Sketch15
100
AcDbLine
 10
296.3122663792022
 20
0.0
 30
86.97753702178488
 11
296.4664302680911
 21
0.0
 31
87.20825368845146
210
0.0
220
1.0
230
0.0
  0
LINE
  5
1DF
330
1F
100
AcDbEntity
  8
Whole Simpsons House v1_Sketch15
100
AcDbLine
 10
332.2328052680911
 20
0.0
 30
89.79587868845145
 11
332.2328052680911
 21
0.0
 31
99.79783424400703
210
0.0
220
1.0
230
0.0
  0
LINE
  5
1E0
330
1F
100
AcDbEntity
  8
Whole Simpsons House v1_Sketch15
100
AcDbLine
 10
296.4664302680911
 20
0.0
 30
84.62486202178488
 11
296.3122663792022
 21
0.0
 31
84.8559314662293
210
0.0
220
1.0
230
0.0
  0
LINE
  5
1E1
330
1F
100
AcDbEntity
  8
Whole Simpsons House v1_Sketch15
100
AcDbLine
 10
249.3095663792022
 20
0.0
 30
138.7353286884514
 11
244.7305108236467
 21
0.0
 31
147.6270925773404
210
0.0
220
1.0
230
0.0
  0
LINE
  5
1E2
330
1F
100
AcDbEntity
  8
Whole Simpsons House v1_Sketch15
100
AcDbLine
 10
62.22233860142448
 20
0.0
 30
233.0462342440071
 11
62.22233860142448
 21
0.0
 31
228.0847675773404
210
0.0
220
1.0
230
0.0
  0
LINE
  5
1E3
330
1F
100
AcDbEntity
  8
Whole Simpsons House v1_Sketch15
100
AcDbLine
 10
300.1991719347579
 20
0.0
 30
86.46565646622928
 11
300.2534997125356
 21
0.0
 31
86.19366479956263
210
0.0
220
1.0
230
0.0
  0
LINE
  5
1E4
330
1F
100
AcDbEntity
  8
Whole Simpsons House v1_Sketch15
100
AcDbLine
 10
65.22306637920225
 20
0.0
 30
221.1230509106737
 11
65.22306637920225
 21
0.0
 31
219.1228009106737
210
0.0
220
1.0
230
0.0
  0
LINE
  5
1E5
330
1F
100
AcDbEntity
  8
Whole Simpsons House v1_Sketch15
100
AcDbLine
 10
183.6586802680911
 20
0.0
 30
48.94879813289595
 11
185.2218386014245
 21
0.0
 31
49.05110368845156
210
0.0
220
1.0
230
0.0
  0
LINE
  5
1E6
330
1F
100
AcDbEntity
  8
Whole Simpsons House v1_Sketch15
100
AcDbLine
 10
314.6189636014244
 20
0.0
 30
29.90585368845156
 11
314.6189636014244
 21
0.0
 31
15.03344813289597
210
0.0
220
1.0
230
0.0
  0
LINE
  5
1E7
330
1F
100
AcDbEntity
  8
Whole Simpsons House v1_Sketch15
100
AcDbLine
 10
217.1390552680911
 20
0.0
 30
160.4622064662293
 11
231.2230024903133
 21
0.0
 31
133.808434244007
210
0.0
220
1.0
230
0.0
  0
LINE
  5
1E8
330
1F
100
AcDbEntity
  8
Whole Simpsons House v1_Sketch15
100
AcDbLine
 10
188.32134415698
 20
0.0
 30
48.64293979956261
 11
189.8044219347578
 21
0.0
 31
48.13952591067376
210
0.0
220
1.0
230
0.0
  0
LINE
  5
1E9
330
1F
100
AcDbEntity
  8
Whole Simpsons House v1_Sketch15
100
AcDbLine
 10
319.2304747125356
 20
0.0
 30
116.1219203551181
 11
319.2304747125356
 21
0.0
 31
113.1215453551181
210
0.0
220
1.0
230
0.0
  0
LINE
  5
1EA
330
1F
100
AcDbEntity
  8
Whole Simpsons House v1_Sketch15
100
AcDbLine
 10
246.8799858236467
 20
0.0
 30
220.7716842440071
 11
251.4590413792023
 21
0.0
 31
229.6634481328959
210
0.0
220
1.0
230
0.0
  0
LINE
  5
1EB
330
1F
100
AcDbEntity
  8
Whole Simpsons House v1_Sketch15
100
AcDbLine
 10
299.6498969347577
 20
0.0
 30
84.41637035511818
 11
299.4414052680911
 21
0.0
 31
84.23327868845146
210
0.0
220
1.0
230
0.0
  0
LINE
  5
1EC
330
1F
100
AcDbEntity
  8
Whole Simpsons House v1_Sketch15
100
AcDbLine
 10
298.9616274903133
 20
0.0
 30
87.87712035511818
 11
299.2106886014244
 21
0.0
 31
87.75400091067375
210
0.0
220
1.0
230
0.0
  0
LINE
  5
1ED
330
1F
100
AcDbEntity
  8
Whole Simpsons House v1_Sketch15
100
AcDbLine
 10
296.1894997125357
 20
0.0
 30
86.72882868845156
 11
296.3122663792022
 21
0.0
 31
86.97753702178488
210
0.0
220
1.0
230
0.0
  0
LINE
  5
1EE
330
1F
100
AcDbEntity
  8
Whole Simpsons House v1_Sketch15
100
AcDbLine
 10
251.4590413792023
 20
0.0
 30
229.6634481328959
 11
254.1267469347578
 21
0.0
 31
228.2897314662293
210
0.0
220
1.0
230
0.0
  0
LINE
  5
1EF
330
1F
100
AcDbEntity
  8
Whole Simpsons House v1_Sketch15
100
AcDbLine
 10
244.7305108236467
 20
0.0
 30
147.6270925773404
 11
247.3982163792022
 21
0.0
 31
149.000809244007
210
0.0
220
1.0
230
0.0
  0
LINE
  5
1F0
330
1F
100
AcDbEntity
  8
Whole Simpsons House v1_Sketch15
100
AcDbLine
 10
297.0887302680911
 20
0.0
 30
84.07911479956265
 11
296.8580136014244
 21
0.0
 31
84.23327868845146
210
0.0
220
1.0
230
0.0
  0
LINE
  5
1F1
330
1F
100
AcDbEntity
  8
Whole Simpsons House v1_Sketch15
100
AcDbLine
 10
299.9871524903133
 20
0.0
 30
84.8559314662293
 11
299.8329886014245
 21
0.0
 31
84.62486202178488
210
0.0
220
1.0
230
0.0
  0
LINE
  5
1F2
330
1F
100
AcDbEntity
  8
Whole Simpsons House v1_Sketch15
100
AcDbLine
 10
236.8367552680911
 20
0.0
 30
162.9545814662292
 11
232.2576997125356
 21
0.0
 31
171.8466981328959
210
0.0
220
1.0
230
0.0
  0
LINE
  5
1F3
330
1F
100
AcDbEntity
  8
Whole Simpsons House v1_Sketch15
100
AcDbLine
 10
299.4414052680911
 20
0.0
 30
84.23327868845146
 11
299.2106886014244
 21
0.0
 31
84.07911479956265
210
0.0
220
1.0
230
0.0
  0
LINE
  5
1F4
330
1F
100
AcDbEntity
  8
Whole Simpsons House v1_Sketch15
100
AcDbLine
 10
296.8580136014244
 20
0.0
 30
87.59983702178488
 11
297.0887302680911
 21
0.0
 31
87.75400091067375
210
0.0
220
1.0
230
0.0
  0
LINE
  5
1F5
330
1F
100
AcDbEntity
  8
Whole Simpsons House v1_Sketch15
100
AcDbLine
 10
231.8897524903134
 20
0.0
 30
227.2575036884515
 11
226.9981358236467
 21
0.0
 31
218.5336620217849
210
0.0
220
1.0
230
0.0
  0
LINE
  5
1F6
330
1F
100
AcDbEntity
  8
Whole Simpsons House v1_Sketch15
100
AcDbLine
 10
239.5044608236467
 20
0.0
 30
199.8967647995626
 11
234.9250524903134
 21
0.0
 31
191.0046481328959
210
0.0
220
1.0
230
0.0
  0
LINE
  5
1F7
330
1F
100
AcDbEntity
  8
Whole Simpsons House v1_Sketch15
100
AcDbLine
 10
177.9316858236467
 20
0.0
 30
46.57636757734046
 11
179.2341413792023
 21
0.0
 31
47.44667035511812
210
0.0
220
1.0
230
0.0
  0
LINE
  5
1F8
330
1F
100
AcDbEntity
  8
Whole Simpsons House v1_Sketch15
100
AcDbLine
 10
296.4664302680911
 20
0.0
 30
87.20825368845146
 11
296.6495219347578
 21
0.0
 31
87.41709813289596
210
0.0
220
1.0
230
0.0
  0
LINE
  5
1F9
330
1F
100
AcDbEntity
  8
Whole Simpsons House v1_Sketch15
100
AcDbLine
 10
329.2324302680912
 20
0.0
 30
224.5125397995626
 11
329.2324302680912
 21
0.0
 31
234.5141425773404
210
0.0
220
1.0
230
0.0
  0
LINE
  5
1FA
330
1F
100
AcDbEntity
  8
Whole Simpsons House v1_Sketch15
100
AcDbLine
 10
297.0887302680911
 20
0.0
 30
87.75400091067375
 11
297.3377913792023
 21
0.0
 31
87.87712035511818
210
0.0
220
1.0
230
0.0
  0
LINE
  5
1FB
330
1F
100
AcDbEntity
  8
Whole Simpsons House v1_Sketch15
100
AcDbLine
 10
280.7660552680911
 20
0.0
 30
42.97344813289598
 11
280.7660552680911
 21
0.0
 31
57.8458536884516
210
0.0
220
1.0
230
0.0
  0
LINE
  5
1FC
330
1F
100
AcDbEntity
  8
Whole Simpsons House v1_Sketch15
100
AcDbLine
 10
214.3729247125357
 20
0.0
 30
18.03523424400708
 11
214.3729247125357
 21
0.0
 31
43.92100924400708
210
0.0
220
1.0
230
0.0
  0
LINE
  5
1FD
330
1F
100
AcDbEntity
  8
Whole Simpsons House v1_Sketch15
100
AcDbLine
 10
147.8542052680912
 20
0.0
 30
118.7074286884515
 11
149.0508274903134
 21
0.0
 31
121.4587425773404
210
0.0
220
1.0
230
0.0
  0
LINE
  5
1FE
330
1F
100
AcDbEntity
  8
Whole Simpsons House v1_Sketch15
100
AcDbLine
 10
121.0381552680912
 20
0.0
 30
130.3663814662292
 11
122.2347774903134
 21
0.0
 31
133.118048132896
210
0.0
220
1.0
230
0.0
  0
LINE
  5
1FF
330
1F
100
AcDbEntity
  8
Whole Simpsons House v1_Sketch15
100
AcDbLine
 10
192.5116386014245
 20
0.0
 30
130.7022259106737
 11
199.84976915698
 21
0.0
 31
133.892748132896
210
0.0
220
1.0
230
0.0
  0
LINE
  5
200
330
1F
100
AcDbEntity
  8
Whole Simpsons House v1_Sketch15
100
AcDbLine
 10
131.5103636014245
 20
0.0
 30
66.08392035511815
 11
131.5103636014245
 21
0.0
 31
69.08429535511814
210
0.0
220
1.0
230
0.0
  0
LINE
  5
201
330
1F
100
AcDbEntity
  8
Whole Simpsons House v1_Sketch15
100
AcDbLine
 10
299.8329886014245
 20
0.0
 30
84.62486202178488
 11
299.6498969347577
 21
0.0
 31
84.41637035511818
210
0.0
220
1.0
230
0.0
  0
LINE
  5
202
330
1F
100
AcDbEntity
  8
Whole Simpsons House v1_Sketch15
100
AcDbLine
 10
296.6495219347578
 20
0.0
 30
87.41709813289596
 11
296.8580136014244
 21
0.0
 31
87.59983702178488
210
0.0
220
1.0
230
0.0
  0
LINE
  5
203
330
1F
100
AcDbEntity
  8
Whole Simpsons House v1_Sketch15
100
AcDbLine
 10
296.0279274903133
 20
0.0
 30
85.91673424400707
 11
296.0462719347578
 21
0.0
 31
86.19366479956263
210
0.0
220
1.0
230
0.0
  0
LINE
  5
204
330
1F
100
AcDbEntity
  8
Whole Simpsons House v1_Sketch15
100
AcDbLine
 10
296.1002469347578
 20
0.0
 30
86.46565646622928
 11
296.1894997125357
 21
0.0
 31
86.72882868845156
210
0.0
220
1.0
230
0.0
  0
LINE
  5
205
330
1F
100
AcDbEntity
  8
Whole Simpsons House v1_Sketch15
100
AcDbLine
 10
238.9329608236467
 20
0.0
 30
69.08429535511814
 11
238.9329608236467
 21
0.0
 31
66.08392035511815
210
0.0
220
1.0
230
0.0
  0
LINE
  5
206
330
1F
100
AcDbEntity
  8
Whole Simpsons House v1_Sketch15
100
AcDbLine
 10
251.9772719347578
 20
0.0
 30
140.1090453551181
 11
249.3095663792022
 21
0.0
 31
138.7353286884514
210
0.0
220
1.0
230
0.0
  0
LINE
  5
207
330
1F
100
AcDbEntity
  8
Whole Simpsons House v1_Sketch15
100
AcDbLine
 10
296.0462719347578
 20
0.0
 30
86.19366479956263
 11
296.1002469347578
 21
0.0
 31
86.46565646622928
210
0.0
220
1.0
230
0.0
  0
LINE
  5
208
330
1F
100
AcDbEntity
  8
Whole Simpsons House v1_Sketch15
100
AcDbLine
 10
300.10991915698
 20
0.0
 30
85.10463979956263
 11
299.9871524903133
 21
0.0
 31
84.8559314662293
210
0.0
220
1.0
230
0.0
  0
LINE
  5
209
330
1F
100
AcDbEntity
  8
Whole Simpsons House v1_Sketch15
100
AcDbLine
 10
198.6531469347578
 20
0.0
 30
136.6444147995627
 11
191.31536915698
 21
0.0
 31
133.4538925773404
210
0.0
220
1.0
230
0.0
  0
LINE
  5
20A
330
1F
100
AcDbEntity
  8
Whole Simpsons House v1_Sketch15
100
AcDbLine
 10
134.5110913792023
 20
0.0
 30
69.08429535511814
 11
134.5110913792023
 21
0.0
 31
66.08392035511815
210
0.0
220
1.0
230
0.0
  0
LINE
  5
20B
330
1F
100
AcDbEntity
  8
Whole Simpsons House v1_Sketch15
100
AcDbLine
 10
235.9325858236467
 20
0.0
 30
66.08392035511815
 11
235.9325858236467
 21
0.0
 31
69.08429535511814
210
0.0
220
1.0
230
0.0
  0
LINE
  5
20C
330
1F
100
AcDbEntity
  8
Whole Simpsons House v1_Sketch15
100
AcDbLine
 10
149.5140247125356
 20
0.0
 30
83.95670091067377
 11
149.5140247125356
 21
0.0
 31
69.08429535511814
210
0.0
220
1.0
230
0.0
  0
LINE
  5
20D
330
1F
100
AcDbEntity
  8
Whole Simpsons House v1_Sketch15
100
AcDbLine
 10
299.4414052680911
 20
0.0
 30
87.59983702178488
 11
299.6498969347577
 21
0.0
 31
87.41709813289596
210
0.0
220
1.0
230
0.0
  0
LINE
  5
20E
330
1F
100
AcDbEntity
  8
Whole Simpsons House v1_Sketch15
100
AcDbLine
 10
172.2611358236466
 20
0.0
 30
121.897598132896
 11
171.0645136014244
 21
0.0
 31
124.6492647995627
210
0.0
220
1.0
230
0.0
  0
LINE
  5
20F
330
1F
100
AcDbEntity
  8
Whole Simpsons House v1_Sketch15
100
AcDbLine
 10
300.2534997125356
 20
0.0
 30
86.19366479956263
 11
300.2714913792023
 21
0.0
 31
85.91673424400707
210
0.0
220
1.0
230
0.0
  0
LINE
  5
210
330
1F
100
AcDbEntity
  8
Whole Simpsons House v1_Sketch15
100
AcDbLine
 10
103.5749497125356
 20
0.0
 30
195.2404509106737
 11
103.5749497125356
 21
0.0
 31
203.2421564662293
210
0.0
220
1.0
230
0.0
  0
LINE
  5
211
330
1F
100
AcDbEntity
  8
Whole Simpsons House v1_Sketch15
100
AcDbLine
 10
299.2106886014244
 20
0.0
 30
87.75400091067375
 11
299.4414052680911
 21
0.0
 31
87.59983702178488
210
0.0
220
1.0
230
0.0
  0
LINE
  5
212
330
1F
100
AcDbEntity
  8
Whole Simpsons House v1_Sketch15
100
AcDbLine
 10
309.22851915698
 20
0.0
 30
113.1215453551181
 11
309.22851915698
 21
0.0
 31
116.1219203551181
210
0.0
220
1.0
230
0.0
  0
LINE
  5
213
330
1F
100
AcDbEntity
  8
Whole Simpsons House v1_Sketch15
100
AcDbLine
 10
254.1267469347578
 20
0.0
 30
228.2897314662293
 11
249.5473386014245
 21
0.0
 31
219.3979675773404
210
0.0
220
1.0
230
0.0
  0
LINE
  5
214
330
1F
100
AcDbEntity
  8
Whole Simpsons House v1_Sketch15
100
AcDbLine
 10
300.2534997125356
 20
0.0
 30
85.63980368845148
 11
300.1991719347579
 21
0.0
 31
85.36745924400705
210
0.0
220
1.0
230
0.0
  0
LINE
  5
215
330
1F
100
AcDbEntity
  8
Whole Simpsons House v1_Sketch15
100
AcDbLine
 10
253.93589415698
 20
0.0
 30
83.95670091067377
 11
253.93589415698
 21
0.0
 31
69.08429535511814
210
0.0
220
1.0
230
0.0
  0
LINE
  5
216
330
1F
100
AcDbEntity
  8
Whole Simpsons House v1_Sketch15
100
AcDbLine
 10
140.5164274903134
 20
0.0
 30
121.897598132896
 11
147.8542052680912
 21
0.0
 31
118.7074286884515
210
0.0
220
1.0
230
0.0
  0
LINE
  5
217
330
1F
100
AcDbEntity
  8
Whole Simpsons House v1_Sketch15
100
AcDbLine
 10
300.2714913792023
 20
0.0
 30
85.91673424400707
 11
300.2534997125356
 21
0.0
 31
85.63980368845148
210
0.0
220
1.0
230
0.0
  0
LINE
  5
218
330
1F
100
AcDbEntity
  8
Whole Simpsons House v1_Sketch15
100
AcDbLine
 10
281.6127219347578
 20
0.0
 30
15.03344813289597
 11
281.6127219347578
 21
0.0
 31
29.90585368845156
210
0.0
220
1.0
230
0.0
  0
LINE
  5
219
330
1F
100
AcDbEntity
  8
Whole Simpsons House v1_Sketch15
100
AcDbLine
 10
299.8329886014245
 20
0.0
 30
87.20825368845146
 11
299.9871524903133
 21
0.0
 31
86.97753702178488
210
0.0
220
1.0
230
0.0
  0
LINE
  5
21A
330
1F
100
AcDbEntity
  8
Whole Simpsons House v1_Sketch15
100
AcDbLine
 10
232.43161915698
 20
0.0
 30
21.03560924400706
 11
232.43161915698
 21
0.0
 31
18.03523424400708
210
0.0
220
1.0
230
0.0
  0
LINE
  5
21B
330
1F
100
AcDbEntity
  8
Whole Simpsons House v1_Sketch15
100
AcDbLine
 10
299.6498969347577
 20
0.0
 30
87.41709813289596
 11
299.8329886014245
 21
0.0
 31
87.20825368845146
210
0.0
220
1.0
230
0.0
  0
LINE
  5
21C
330
1F
100
AcDbEntity
  8
Whole Simpsons House v1_Sketch15
100
AcDbLine
 10
296.0462719347578
 20
0.0
 30
85.63980368845148
 11
296.0279274903133
 21
0.0
 31
85.91673424400707
210
0.0
220
1.0
230
0.0
  0
LINE
  5
21D
330
1F
100
AcDbEntity
  8
Whole Simpsons House v1_Sketch15
100
AcDbLine
 10
54.82599971253559
 20
0.0
 30
13.41172868845156
 11
54.82599971253559
 21
0.0
 31
16.41245646622927
210
0.0
220
1.0
230
0.0
  0
LINE
  5
21E
330
1F
100
AcDbEntity
  8
Whole Simpsons House v1_Sketch15
100
AcDbLine
 10
220.9292997125356
 20
0.0
 30
69.08429535511814
 11
220.9292997125356
 21
0.0
 31
83.95670091067377
210
0.0
220
1.0
230
0.0
  0
LINE
  5
21F
330
1F
100
AcDbEntity
  8
Whole Simpsons House v1_Sketch15
100
AcDbLine
 10
296.3122663792022
 20
0.0
 30
84.8559314662293
 11
296.1894997125357
 21
0.0
 31
85.10463979956263
210
0.0
220
1.0
230
0.0
  0
LINE
  5
220
330
1F
100
AcDbEntity
  8
Whole Simpsons House v1_Sketch15
100
AcDbLine
 10
296.1894997125357
 20
0.0
 30
85.10463979956263
 11
296.1002469347578
 21
0.0
 31
85.36745924400705
210
0.0
220
1.0
230
0.0
  0
LINE
  5
221
330
1F
100
AcDbEntity
  8
Whole Simpsons House v1_Sketch15
100
AcDbLine
 10
296.1002469347578
 20
0.0
 30
85.36745924400705
 11
296.0462719347578
 21
0.0
 31
85.63980368845148
210
0.0
220
1.0
230
0.0
  0
LINE
  5
222
330
1F
100
AcDbEntity
  8
Whole Simpsons House v1_Sketch15
100
AcDbLine
 10
236.8367552680911
 20
0.0
 30
201.2704814662293
 11
239.5044608236467
 21
0.0
 31
199.8967647995626
210
0.0
220
1.0
230
0.0
  0
LINE
  5
223
330
1F
100
AcDbEntity
  8
Whole Simpsons House v1_Sketch15
100
AcDbLine
 10
232.2576997125356
 20
0.0
 30
192.3783647995626
 11
236.8367552680911
 21
0.0
 31
201.2704814662293
210
0.0
220
1.0
230
0.0
  0
LINE
  5
224
330
1F
100
AcDbEntity
  8
Whole Simpsons House v1_Sketch15
100
AcDbLine
 10
247.3982163792022
 20
0.0
 30
149.000809244007
 11
251.9772719347578
 21
0.0
 31
140.1090453551181
210
0.0
220
1.0
230
0.0
  0
LINE
  5
225
330
1F
100
AcDbEntity
  8
Whole Simpsons House v1_Sketch15
100
AcDbLine
 10
238.9329608236467
 20
0.0
 30
86.95707591067367
 11
238.9329608236467
 21
0.0
 31
83.95670091067377
210
0.0
220
1.0
230
0.0
  0
LINE
  5
226
330
1F
100
AcDbEntity
  8
Whole Simpsons House v1_Sketch15
100
AcDbLine
 10
165.3706802680911
 20
0.0
 30
113.8151064662292
 11
165.3706802680911
 21
0.0
 31
107.8475175773405
210
0.0
220
1.0
230
0.0
  0
LINE
  5
227
330
1F
100
AcDbEntity
  8
Whole Simpsons House v1_Sketch15
100
AcDbLine
 10
149.0508274903134
 20
0.0
 30
121.4587425773404
 11
141.7126969347578
 21
0.0
 31
124.6492647995627
210
0.0
220
1.0
230
0.0
  0
LINE
  5
228
330
1F
100
AcDbEntity
  8
Whole Simpsons House v1_Sketch15
100
AcDbLine
 10
199.4137358236467
 20
0.0
 30
107.8475175773405
 11
199.4137358236467
 21
0.0
 31
113.8151064662292
210
0.0
220
1.0
230
0.0
  0
LINE
  5
229
330
1F
100
AcDbEntity
  8
Whole Simpsons House v1_Sketch15
100
AcDbLine
 10
299.9871524903133
 20
0.0
 30
86.97753702178488
 11
300.10991915698
 21
0.0
 31
86.72882868845156
210
0.0
220
1.0
230
0.0
  0
LINE
  5
22A
330
1F
100
AcDbEntity
  8
Whole Simpsons House v1_Sketch15
100
AcDbLine
 10
164.9230052680912
 20
0.0
 30
118.7074286884515
 11
172.2611358236466
 21
0.0
 31
121.897598132896
210
0.0
220
1.0
230
0.0
  0
LINE
  5
22B
330
1F
100
AcDbEntity
  8
Whole Simpsons House v1_Sketch15
100
AcDbLine
 10
142.0259636014245
 20
0.0
 30
54.60065091067381
 11
156.0707524903134
 21
0.0
 31
43.92100924400708
210
0.0
220
1.0
230
0.0
  0
LINE
  5
22C
330
1F
100
AcDbEntity
  8
Whole Simpsons House v1_Sketch15
100
AcDbLine
 10
64.82795526809115
 20
0.0
 30
186.5296620217848
 11
64.82795526809115
 21
0.0
 31
183.5292870217848
210
0.0
220
1.0
230
0.0
  0
LINE
  5
22D
330
1F
100
AcDbEntity
  8
Whole Simpsons House v1_Sketch15
100
AcDbLine
 10
24.67972749031337
 20
0.0
 30
16.41245646622927
 11
24.67972749031337
 21
0.0
 31
13.41172868845156
210
0.0
220
1.0
230
0.0
  0
LINE
  5
22E
330
1F
100
AcDbEntity
  8
Whole Simpsons House v1_Sketch15
100
AcDbLine
 10
183.8925719347578
 20
0.0
 30
104.8467897995627
 11
183.8925719347578
 21
0.0
 31
107.8475175773405
210
0.0
220
1.0
230
0.0
  0
LINE
  5
22F
330
1F
100
AcDbEntity
  8
Whole Simpsons House v1_Sketch15
100
AcDbLine
 10
122.2347774903134
 20
0.0
 30
133.118048132896
 11
114.8966469347578
 21
0.0
 31
136.3085703551181
210
0.0
220
1.0
230
0.0
  0
LINE
  5
230
330
1F
100
AcDbEntity
  8
Whole Simpsons House v1_Sketch15
100
AcDbLine
 10
131.5103636014245
 20
0.0
 30
83.95670091067377
 11
131.5103636014245
 21
0.0
 31
86.95707591067367
210
0.0
220
1.0
230
0.0
  0
LINE
  5
231
330
1F
100
AcDbEntity
  8
Whole Simpsons House v1_Sketch15
100
AcDbLine
 10
191.31536915698
 20
0.0
 30
133.4538925773404
 11
192.5116386014245
 21
0.0
 31
130.7022259106737
210
0.0
220
1.0
230
0.0
  0
LINE
  5
232
330
1F
100
AcDbEntity
  8
Whole Simpsons House v1_Sketch15
100
AcDbLine
 10
114.8966469347578
 20
0.0
 30
136.3085703551181
 11
113.7003774903134
 21
0.0
 31
133.5569036884515
210
0.0
220
1.0
230
0.0
  0
LINE
  5
233
330
1F
100
AcDbEntity
  8
Whole Simpsons House v1_Sketch15
100
AcDbLine
 10
260.4926219347579
 20
0.0
 30
43.92100924400708
 11
260.4926219347579
 21
0.0
 31
18.03523424400708
210
0.0
220
1.0
230
0.0
  0
LINE
  5
234
330
1F
100
AcDbEntity
  8
Whole Simpsons House v1_Sketch15
100
AcDbLine
 10
199.84976915698
 20
0.0
 30
133.892748132896
 11
198.6531469347578
 21
0.0
 31
136.6444147995627
210
0.0
220
1.0
230
0.0
  0
LINE
  5
235
330
1F
100
AcDbEntity
  8
Whole Simpsons House v1_Sketch15
100
AcDbLine
 10
242.4339274903134
 20
0.0
 30
18.03523424400708
 11
242.4339274903134
 21
0.0
 31
21.03560924400706
210
0.0
220
1.0
230
0.0
  0
LINE
  5
236
330
1F
100
AcDbEntity
  8
Whole Simpsons House v1_Sketch15
100
AcDbLine
 10
163.7267358236467
 20
0.0
 30
121.4587425773404
 11
164.9230052680912
 21
0.0
 31
118.7074286884515
210
0.0
220
1.0
230
0.0
  0
LINE
  5
237
330
1F
100
AcDbEntity
  8
Whole Simpsons House v1_Sketch15
100
AcDbLine
 10
171.0645136014244
 20
0.0
 30
124.6492647995627
 11
163.7267358236467
 21
0.0
 31
121.4587425773404
210
0.0
220
1.0
230
0.0
  0
LINE
  5
238
330
1F
100
AcDbEntity
  8
Whole Simpsons House v1_Sketch15
100
AcDbLine
 10
54.82599971253559
 20
0.0
 30
183.5292870217848
 11
54.82599971253559
 21
0.0
 31
186.5296620217848
210
0.0
220
1.0
230
0.0
  0
LINE
  5
239
330
1F
100
AcDbEntity
  8
Whole Simpsons House v1_Sketch15
100
AcDbLine
 10
109.9507024903134
 20
0.0
 30
43.92100924400708
 11
123.9954913792023
 21
0.0
 31
54.60065091067381
210
0.0
220
1.0
230
0.0
  0
LINE
  5
23A
330
1F
100
AcDbEntity
  8
Whole Simpsons House v1_Sketch15
100
AcDbLine
 10
180.89184415698
 20
0.0
 30
116.8154814662292
 11
180.89184415698
 21
0.0
 31
113.8151064662292
210
0.0
220
1.0
230
0.0
  0
LINE
  5
23B
330
1F
100
AcDbEntity
  8
Whole Simpsons House v1_Sketch15
100
AcDbLine
 10
180.89184415698
 20
0.0
 30
107.8475175773405
 11
180.89184415698
 21
0.0
 31
104.8467897995627
210
0.0
220
1.0
230
0.0
  0
LINE
  5
23C
330
1F
100
AcDbEntity
  8
Whole Simpsons House v1_Sketch15
100
AcDbLine
 10
141.7126969347578
 20
0.0
 30
124.6492647995627
 11
140.5164274903134
 21
0.0
 31
121.897598132896
210
0.0
220
1.0
230
0.0
  0
LINE
  5
23D
330
1F
100
AcDbEntity
  8
Whole Simpsons House v1_Sketch15
100
AcDbLine
 10
134.5110913792023
 20
0.0
 30
86.95707591067367
 11
134.5110913792023
 21
0.0
 31
83.95670091067377
210
0.0
220
1.0
230
0.0
  0
LINE
  5
23E
330
1F
100
AcDbEntity
  8
Whole Simpsons House v1_Sketch15
100
AcDbLine
 10
113.7003774903134
 20
0.0
 30
133.5569036884515
 11
121.0381552680912
 21
0.0
 31
130.3663814662292
210
0.0
220
1.0
230
0.0
  0
LINE
  5
23F
330
1F
100
AcDbEntity
  8
Whole Simpsons House v1_Sketch15
100
AcDbLine
 10
246.4478330458689
 20
0.0
 30
54.60065091067381
 11
260.4926219347579
 21
0.0
 31
43.92100924400708
210
0.0
220
1.0
230
0.0
  0
LINE
  5
240
330
1F
100
AcDbEntity
  8
Whole Simpsons House v1_Sketch15
100
AcDbLine
 10
64.82795526809115
 20
0.0
 30
16.41245646622927
 11
64.82795526809115
 21
0.0
 31
13.41172868845156
210
0.0
220
1.0
230
0.0
  0
LINE
  5
241
330
1F
100
AcDbEntity
  8
Whole Simpsons House v1_Sketch15
100
AcDbLine
 10
183.8925719347578
 20
0.0
 30
113.8151064662292
 11
183.8925719347578
 21
0.0
 31
116.8154814662292
210
0.0
220
1.0
230
0.0
  0
LINE
  5
242
330
1F
100
AcDbEntity
  8
Whole Simpsons House v1_Sketch15
100
AcDbLine
 10
128.0097497125356
 20
0.0
 30
21.03560924400706
 11
128.0097497125356
 21
0.0
 31
18.03523424400708
210
0.0
220
1.0
230
0.0
  0
LINE
  5
243
330
1F
100
AcDbEntity
  8
Whole Simpsons House v1_Sketch15
100
AcDbLine
 10
109.9507024903134
 20
0.0
 30
18.03523424400708
 11
109.9507024903134
 21
0.0
 31
43.92100924400708
210
0.0
220
1.0
230
0.0
  0
LINE
  5
244
330
1F
100
AcDbEntity
  8
Whole Simpsons House v1_Sketch15
100
AcDbLine
 10
156.0707524903134
 20
0.0
 30
43.92100924400708
 11
156.0707524903134
 21
0.0
 31
18.03523424400708
210
0.0
220
1.0
230
0.0
  0
LINE
  5
245
330
1F
100
AcDbEntity
  8
Whole Simpsons House v1_Sketch15
100
AcDbLine
 10
138.0117052680912
 20
0.0
 30
18.03523424400708
 11
138.0117052680912
 21
0.0
 31
21.03560924400706
210
0.0
220
1.0
230
0.0
  0
LINE
  5
246
330
1F
100
AcDbEntity
  8
Whole Simpsons House v1_Sketch15
100
AcDbLine
 10
300.10991915698
 20
0.0
 30
86.72882868845156
 11
300.1991719347579
 21
0.0
 31
86.46565646622928
210
0.0
220
1.0
230
0.0
  0
LINE
  5
247
330
1F
100
AcDbEntity
  8
Whole Simpsons House v1_Sketch15
100
AcDbLine
 10
214.3729247125357
 20
0.0
 30
43.92100924400708
 11
228.4177136014245
 21
0.0
 31
54.60065091067381
210
0.0
220
1.0
230
0.0
  0
LINE
  5
248
330
1F
100
AcDbEntity
  8
Whole Simpsons House v1_Sketch15
100
AcDbLine
 10
235.9325858236467
 20
0.0
 30
83.95670091067377
 11
235.9325858236467
 21
0.0
 31
86.95707591067367
210
0.0
220
1.0
230
0.0
  0
LINE
  5
249
330
1F
100
AcDbEntity
  8
Whole Simpsons House v1_Sketch15
100
AcDbLine
 10
116.5074302680912
 20
0.0
 30
69.08429535511814
 11
116.5074302680912
 21
0.0
 31
83.95670091067377
210
0.0
220
1.0
230
0.0
  0
LINE
  5
24A
330
1F
100
AcDbEntity
  8
Whole Simpsons House v1_Sketch15
100
AcDbLine
 10
14.67812471253559
 20
0.0
 30
13.41172868845156
 11
14.67812471253559
 21
0.0
 31
16.41245646622927
210
0.0
220
1.0
230
0.0
  0
LINE
  5
24B
330
1F
100
AcDbEntity
  8
Whole Simpsons House v1_Sketch15
100
AcDbLine
 10
62.22233860142448
 20
0.0
 30
228.0847675773404
 11
65.22306637920225
 21
0.0
 31
228.0847675773404
210
0.0
220
1.0
230
0.0
  0
LINE
  5
24C
330
1F
100
AcDbEntity
  8
Whole Simpsons House v1_Sketch15
100
AcDbLine
 10
153.2428858236466
 20
0.0
 30
4.581700910673767
 11
163.2448413792023
 21
0.0
 31
4.581700910673767
210
0.0
220
1.0
230
0.0
  0
LINE
  5
24D
330
1F
100
AcDbEntity
  8
Whole Simpsons House v1_Sketch15
100
AcDbLine
 10
250.1467080458689
 20
0.0
 30
4.581700910673767
 11
260.1486636014245
 21
0.0
 31
4.581700910673767
210
0.0
220
1.0
230
0.0
  0
LINE
  5
24E
330
1F
100
AcDbEntity
  8
Whole Simpsons House v1_Sketch15
100
AcDbLine
 10
110.2946608236467
 20
0.0
 30
4.581700910673767
 11
120.2966163792023
 21
0.0
 31
4.581700910673767
210
0.0
220
1.0
230
0.0
  0
LINE
  5
24F
330
1F
100
AcDbEntity
  8
Whole Simpsons House v1_Sketch15
100
AcDbLine
 10
207.1988358236467
 20
0.0
 30
4.581700910673767
 11
217.2007913792023
 21
0.0
 31
4.581700910673767
210
0.0
220
1.0
230
0.0
  0
LINE
  5
250
330
1F
100
AcDbEntity
  8
Whole Simpsons House v1_Sketch15
100
AcDbLine
 10
278.7100663792021
 20
0.0
 30
237.5148703551182
 11
268.7081108236467
 21
0.0
 31
237.5148703551182
210
0.0
220
1.0
230
0.0
  0
LINE
  5
251
330
1F
100
AcDbEntity
  8
Whole Simpsons House v1_Sketch15
100
AcDbLine
 10
319.2304747125356
 20
0.0
 30
237.5148703551182
 11
309.22851915698
 21
0.0
 31
237.5148703551182
210
0.0
220
1.0
230
0.0
  0
LINE
  5
252
330
1F
100
AcDbEntity
  8
Whole Simpsons House v1_Sketch15
100
AcDbLine
 10
106.3622469347578
 20
0.0
 30
136.747073132896
 11
103.3618719347578
 21
0.0
 31
136.747073132896
210
0.0
220
1.0
230
0.0
  0
LINE
  5
253
330
1F
100
AcDbEntity
  8
Whole Simpsons House v1_Sketch15
100
AcDbLine
 10
4.658883045868932
 20
0.0
 30
6.171317577340469
 11
91.4499774903134
 21
0.0
 31
6.171317577340469
210
0.0
220
1.0
230
0.0
  0
LINE
  5
254
330
1F
100
AcDbEntity
  8
Whole Simpsons House v1_Sketch15
100
AcDbLine
 10
329.2324302680912
 20
0.0
 30
133.884634244007
 11
290.29599415698
 21
0.0
 31
133.884634244007
210
0.0
220
1.0
230
0.0
  0
LINE
  5
255
330
1F
100
AcDbEntity
  8
Whole Simpsons House v1_Sketch15
100
AcDbLine
 10
252.1561302680911
 20
0.0
 30
113.1215453551181
 11
262.1580858236467
 21
0.0
 31
113.1215453551181
210
0.0
220
1.0
230
0.0
  0
LINE
  5
256
330
1F
100
AcDbEntity
  8
Whole Simpsons House v1_Sketch15
100
AcDbLine
 10
319.2304747125356
 20
0.0
 30
113.1215453551181
 11
309.22851915698
 21
0.0
 31
113.1215453551181
210
0.0
220
1.0
230
0.0
  0
LINE
  5
257
330
1F
100
AcDbEntity
  8
Whole Simpsons House v1_Sketch15
100
AcDbLine
 10
267.15024415698
 20
0.0
 30
84.65837591067377
 11
270.15061915698
 21
0.0
 31
84.65837591067377
210
0.0
220
1.0
230
0.0
  0
LINE
  5
258
330
1F
100
AcDbEntity
  8
Whole Simpsons House v1_Sketch15
100
AcDbLine
 10
97.0326858236467
 20
0.0
 30
84.65837591067377
 11
100.0334136014245
 21
0.0
 31
84.65837591067377
210
0.0
220
1.0
230
0.0
  0
LINE
  5
259
330
1F
100
AcDbEntity
  8
Whole Simpsons House v1_Sketch15
100
AcDbLine
 10
268.7081108236467
 20
0.0
 30
234.5141425773404
 11
239.3986274903134
 21
0.0
 31
234.5141425773404
210
0.0
220
1.0
230
0.0
  0
LINE
  5
25A
330
1F
100
AcDbEntity
  8
Whole Simpsons House v1_Sketch15
100
AcDbLine
 10
329.2324302680912
 20
0.0
 30
234.5141425773404
 11
319.2304747125356
 21
0.0
 31
234.5141425773404
210
0.0
220
1.0
230
0.0
  0
LINE
  5
25B
330
1F
100
AcDbEntity
  8
Whole Simpsons House v1_Sketch15
100
AcDbLine
 10
309.22851915698
 20
0.0
 30
234.5141425773404
 11
278.7100663792021
 21
0.0
 31
234.5141425773404
210
0.0
220
1.0
230
0.0
  0
LINE
  5
25C
330
1F
100
AcDbEntity
  8
Whole Simpsons House v1_Sketch15
100
AcDbLine
 10
290.29599415698
 20
0.0
 30
136.8850092440071
 11
329.2324302680912
 21
0.0
 31
136.8850092440071
210
0.0
220
1.0
230
0.0
  0
LINE
  5
25D
330
1F
100
AcDbEntity
  8
Whole Simpsons House v1_Sketch15
100
AcDbLine
 10
65.22306637920225
 20
0.0
 30
219.1228009106737
 11
62.22233860142448
 21
0.0
 31
219.1228009106737
210
0.0
220
1.0
230
0.0
  0
LINE
  5
25E
330
1F
100
AcDbEntity
  8
Whole Simpsons House v1_Sketch15
100
AcDbLine
 10
77.33710249031338
 20
0.0
 30
219.1228009106737
 11
71.22416915698003
 21
0.0
 31
219.1228009106737
210
0.0
220
1.0
230
0.0
  0
LINE
  5
25F
330
1F
100
AcDbEntity
  8
Whole Simpsons House v1_Sketch15
100
AcDbLine
 10
260.1486636014245
 20
0.0
 30
7.582428688451586
 11
270.15061915698
 21
0.0
 31
7.582428688451586
210
0.0
220
1.0
230
0.0
  0
LINE
  5
260
330
1F
100
AcDbEntity
  8
Whole Simpsons House v1_Sketch15
100
AcDbLine
 10
120.2966163792023
 20
0.0
 30
7.582428688451586
 11
153.2428858236466
 21
0.0
 31
7.582428688451586
210
0.0
220
1.0
230
0.0
  0
LINE
  5
261
330
1F
100
AcDbEntity
  8
Whole Simpsons House v1_Sketch15
100
AcDbLine
 10
163.2448413792023
 20
0.0
 30
7.582428688451586
 11
173.24644415698
 21
0.0
 31
7.582428688451586
210
0.0
220
1.0
230
0.0
  0
LINE
  5
262
330
1F
100
AcDbEntity
  8
Whole Simpsons House v1_Sketch15
100
AcDbLine
 10
197.1968802680911
 20
0.0
 30
7.582428688451586
 11
207.1988358236467
 21
0.0
 31
7.582428688451586
210
0.0
220
1.0
230
0.0
  0
LINE
  5
263
330
1F
100
AcDbEntity
  8
Whole Simpsons House v1_Sketch15
100
AcDbLine
 10
217.2007913792023
 20
0.0
 30
7.582428688451586
 11
250.1467080458689
 21
0.0
 31
7.582428688451586
210
0.0
220
1.0
230
0.0
  0
LINE
  5
264
330
1F
100
AcDbEntity
  8
Whole Simpsons House v1_Sketch15
100
AcDbLine
 10
100.0334136014245
 20
0.0
 30
7.582428688451586
 11
110.2946608236467
 21
0.0
 31
7.582428688451586
210
0.0
220
1.0
230
0.0
  0
LINE
  5
265
330
1F
100
AcDbEntity
  8
Whole Simpsons House v1_Sketch15
100
AcDbLine
 10
203.6276663792023
 20
0.0
 30
241.4867953551182
 11
99.62313304586891
 21
0.0
 31
241.4867953551182
210
0.0
220
1.0
230
0.0
  0
LINE
  5
266
330
1F
100
AcDbEntity
  8
Whole Simpsons House v1_Sketch15
100
AcDbLine
 10
203.4145886014245
 20
0.0
 30
101.6343953551181
 11
106.3622469347578
 21
0.0
 31
101.6343953551181
210
0.0
220
1.0
230
0.0
  0
LINE
  5
267
330
1F
100
AcDbEntity
  8
Whole Simpsons House v1_Sketch15
100
AcDbLine
 10
103.3618719347578
 20
0.0
 30
101.6343953551181
 11
97.36041637920229
 21
0.0
 31
101.6343953551181
210
0.0
220
1.0
230
0.0
  0
LINE
  5
268
330
1F
100
AcDbEntity
  8
Whole Simpsons House v1_Sketch15
100
AcDbLine
 10
240.5687913792024
 20
0.0
 30
116.1219203551181
 11
252.1561302680911
 21
0.0
 31
116.1219203551181
210
0.0
220
1.0
230
0.0
  0
LINE
  5
269
330
1F
100
AcDbEntity
  8
Whole Simpsons House v1_Sketch15
100
AcDbLine
 10
262.1580858236467
 20
0.0
 30
116.1219203551181
 11
294.8725802680911
 21
0.0
 31
116.1219203551181
210
0.0
220
1.0
230
0.0
  0
LINE
  5
26A
330
1F
100
AcDbEntity
  8
Whole Simpsons House v1_Sketch15
100
AcDbLine
 10
309.22851915698
 20
0.0
 30
116.1219203551181
 11
319.2304747125356
 21
0.0
 31
116.1219203551181
210
0.0
220
1.0
230
0.0
  0
LINE
  5
26B
330
1F
100
AcDbEntity
  8
Whole Simpsons House v1_Sketch15
100
AcDbLine
 10
65.22306637920225
 20
0.0
 30
212.1610842440071
 11
74.9731386014245
 21
0.0
 31
212.1610842440071
210
0.0
220
1.0
230
0.0
  0
LINE
  5
26C
330
1F
100
AcDbEntity
  8
Whole Simpsons House v1_Sketch15
100
AcDbLine
 10
203.4145886014245
 20
0.0
 30
140.0190870217849
 11
206.4153163792023
 21
0.0
 31
140.0190870217849
210
0.0
220
1.0
230
0.0
  0
LINE
  5
26D
330
1F
100
AcDbEntity
  8
Whole Simpsons House v1_Sketch15
100
AcDbLine
 10
32.72870526809113
 20
0.0
 30
183.5292870217848
 11
15.23727749031337
 21
0.0
 31
183.5292870217848
210
0.0
220
1.0
230
0.0
  0
LINE
  5
26E
330
1F
100
AcDbEntity
  8
Whole Simpsons House v1_Sketch15
100
AcDbLine
 10
64.82795526809115
 20
0.0
 30
183.5292870217848
 11
54.82599971253559
 21
0.0
 31
183.5292870217848
210
0.0
220
1.0
230
0.0
  0
LINE
  5
26F
330
1F
100
AcDbEntity
  8
Whole Simpsons House v1_Sketch15
100
AcDbLine
 10
91.44997749031339
 20
0.0
 30
189.5303897995626
 11
32.72870526809113
 21
0.0
 31
189.5303897995626
210
0.0
220
1.0
230
0.0
  0
LINE
  5
270
330
1F
100
AcDbEntity
  8
Whole Simpsons House v1_Sketch15
100
AcDbLine
 10
15.23727749031337
 20
0.0
 30
189.5303897995626
 11
4.658883045868933
 21
0.0
 31
189.5303897995626
210
0.0
220
1.0
230
0.0
  0
LINE
  5
271
330
1F
100
AcDbEntity
  8
Whole Simpsons House v1_Sketch15
100
AcDbLine
 10
332.2328052680911
 20
0.0
 30
162.1551870217848
 11
329.2324302680912
 21
0.0
 31
162.1551870217848
210
0.0
220
1.0
230
0.0
  0
LINE
  5
272
330
1F
100
AcDbEntity
  8
Whole Simpsons House v1_Sketch15
100
AcDbLine
 10
329.2324302680912
 20
0.0
 30
152.1532314662293
 11
332.2328052680911
 21
0.0
 31
152.1532314662293
210
0.0
220
1.0
230
0.0
  0
LINE
  5
273
330
1F
100
AcDbEntity
  8
Whole Simpsons House v1_Sketch15
100
AcDbLine
 10
62.22233860142448
 20
0.0
 30
214.1613342440071
 11
65.22306637920225
 21
0.0
 31
214.1613342440071
210
0.0
220
1.0
230
0.0
  0
LINE
  5
274
330
1F
100
AcDbEntity
  8
Whole Simpsons House v1_Sketch15
100
AcDbLine
 10
270.15061915698
 20
0.0
 30
94.66033146622931
 11
97.03268582364672
 21
0.0
 31
94.66033146622931
210
0.0
220
1.0
230
0.0
  0
LINE
  5
275
330
1F
100
AcDbEntity
  8
Whole Simpsons House v1_Sketch15
100
AcDbLine
 10
206.4153163792023
 20
0.0
 30
130.0171314662292
 11
203.4145886014245
 21
0.0
 31
130.0171314662292
210
0.0
220
1.0
230
0.0
  0
LINE
  5
276
330
1F
100
AcDbEntity
  8
Whole Simpsons House v1_Sketch15
100
AcDbLine
 10
270.15061915698
 20
0.0
 30
74.65642035511816
 11
267.15024415698
 21
0.0
 31
74.65642035511816
210
0.0
220
1.0
230
0.0
  0
LINE
  5
277
330
1F
100
AcDbEntity
  8
Whole Simpsons House v1_Sketch15
100
AcDbLine
 10
100.0334136014245
 20
0.0
 30
74.65642035511816
 11
97.0326858236467
 21
0.0
 31
74.65642035511816
210
0.0
220
1.0
230
0.0
  0
LINE
  5
278
330
1F
100
AcDbEntity
  8
Whole Simpsons House v1_Sketch15
100
AcDbLine
 10
203.6276663792023
 20
0.0
 30
194.2403259106737
 11
206.62839415698
 21
0.0
 31
194.2403259106737
210
0.0
220
1.0
230
0.0
  0
LINE
  5
279
330
1F
100
AcDbEntity
  8
Whole Simpsons House v1_Sketch15
100
AcDbLine
 10
317.6193386014245
 20
0.0
 30
32.90622868845158
 11
278.6119941569801
 21
0.0
 31
32.90622868845158
210
0.0
220
1.0
230
0.0
  0
LINE
  5
27A
330
1F
100
AcDbEntity
  8
Whole Simpsons House v1_Sketch15
100
AcDbLine
 10
206.62839415698
 20
0.0
 30
204.2422814662293
 11
203.6276663792023
 21
0.0
 31
204.2422814662293
210
0.0
220
1.0
230
0.0
  0
LINE
  5
27B
330
1F
100
AcDbEntity
  8
Whole Simpsons House v1_Sketch15
100
AcDbLine
 10
277.7653274903133
 20
0.0
 30
39.97272035511812
 11
316.7726719347579
 21
0.0
 31
39.97272035511812
210
0.0
220
1.0
230
0.0
  0
LINE
  5
27C
330
1F
100
AcDbEntity
  8
Whole Simpsons House v1_Sketch15
100
AcDbLine
 10
329.2324302680912
 20
0.0
 30
89.79587868845145
 11
332.2328052680911
 21
0.0
 31
89.79587868845145
210
0.0
220
1.0
230
0.0
  0
LINE
  5
27D
330
1F
100
AcDbEntity
  8
Whole Simpsons House v1_Sketch15
100
AcDbLine
 10
206.62839415698
 20
0.0
 30
231.4848397995626
 11
203.6276663792023
 21
0.0
 31
231.4848397995626
210
0.0
220
1.0
230
0.0
  0
LINE
  5
27E
330
1F
100
AcDbEntity
  8
Whole Simpsons House v1_Sketch15
100
AcDbLine
 10
319.2304747125356
 20
0.0
 30
79.79392313289597
 11
329.2324302680912
 21
0.0
 31
79.79392313289597
210
0.0
220
1.0
230
0.0
  0
LINE
  5
27F
330
1F
100
AcDbEntity
  8
Whole Simpsons House v1_Sketch15
100
AcDbLine
 10
62.22233860142448
 20
0.0
 30
221.1230509106737
 11
65.22306637920225
 21
0.0
 31
221.1230509106737
210
0.0
220
1.0
230
0.0
  0
LINE
  5
280
330
1F
100
AcDbEntity
  8
Whole Simpsons House v1_Sketch15
100
AcDbLine
 10
100.0334136014245
 20
0.0
 30
27.58598702178485
 11
97.0326858236467
 21
0.0
 31
27.58598702178485
210
0.0
220
1.0
230
0.0
  0
LINE
  5
281
330
1F
100
AcDbEntity
  8
Whole Simpsons House v1_Sketch15
100
AcDbLine
 10
267.15024415698
 20
0.0
 30
27.58598702178485
 11
270.15061915698
 21
0.0
 31
27.58598702178485
210
0.0
220
1.0
230
0.0
  0
LINE
  5
282
330
1F
100
AcDbEntity
  8
Whole Simpsons House v1_Sketch15
100
AcDbLine
 10
65.22306637920225
 20
0.0
 30
233.0462342440071
 11
62.22233860142448
 21
0.0
 31
233.0462342440071
210
0.0
220
1.0
230
0.0
  0
LINE
  5
283
330
1F
100
AcDbEntity
  8
Whole Simpsons House v1_Sketch15
100
AcDbLine
 10
99.62313304586891
 20
0.0
 30
184.2383703551181
 11
203.6276663792023
 21
0.0
 31
184.2383703551181
210
0.0
220
1.0
230
0.0
  0
LINE
  5
284
330
1F
100
AcDbEntity
  8
Whole Simpsons House v1_Sketch15
100
AcDbLine
 10
278.6119941569801
 20
0.0
 30
12.03307313289595
 11
317.6193386014245
 21
0.0
 31
12.03307313289595
210
0.0
220
1.0
230
0.0
  0
LINE
  5
285
330
1F
100
AcDbEntity
  8
Whole Simpsons House v1_Sketch15
100
AcDbLine
 10
332.2328052680911
 20
0.0
 30
224.5125397995626
 11
329.2324302680912
 21
0.0
 31
224.5125397995626
210
0.0
220
1.0
230
0.0
  0
LINE
  5
286
330
1F
100
AcDbEntity
  8
Whole Simpsons House v1_Sketch15
100
AcDbLine
 10
203.4145886014245
 20
0.0
 30
165.6815536884515
 11
206.4153163792023
 21
0.0
 31
165.6815536884515
210
0.0
220
1.0
230
0.0
  0
LINE
  5
287
330
1F
100
AcDbEntity
  8
Whole Simpsons House v1_Sketch15
100
AcDbLine
 10
206.4153163792023
 20
0.0
 30
155.6799509106737
 11
203.4145886014245
 21
0.0
 31
155.6799509106737
210
0.0
220
1.0
230
0.0
  0
LINE
  5
288
330
1F
100
AcDbEntity
  8
Whole Simpsons House v1_Sketch15
100
AcDbLine
 10
97.0326858236467
 20
0.0
 30
17.58403146622935
 11
100.0334136014245
 21
0.0
 31
17.58403146622935
210
0.0
220
1.0
230
0.0
  0
LINE
  5
289
330
1F
100
AcDbEntity
  8
Whole Simpsons House v1_Sketch15
100
AcDbLine
 10
270.15061915698
 20
0.0
 30
17.58403146622935
 11
267.15024415698
 21
0.0
 31
17.58403146622935
210
0.0
220
1.0
230
0.0
  0
LINE
  5
28A
330
1F
100
AcDbEntity
  8
Whole Simpsons House v1_Sketch15
100
AcDbLine
 10
203.4145886014245
 20
0.0
 30
121.6379536884515
 11
206.4153163792023
 21
0.0
 31
121.6379536884515
210
0.0
220
1.0
230
0.0
  0
LINE
  5
28B
330
1F
100
AcDbEntity
  8
Whole Simpsons House v1_Sketch15
100
AcDbLine
 10
294.8725802680911
 20
0.0
 30
79.79427591067378
 11
304.8745358236467
 21
0.0
 31
79.79427591067378
210
0.0
220
1.0
230
0.0
  0
LINE
  5
28C
330
1F
100
AcDbEntity
  8
Whole Simpsons House v1_Sketch15
100
AcDbLine
 10
304.8745358236467
 20
0.0
 30
82.79465091067374
 11
319.2304747125356
 21
0.0
 31
82.79465091067374
210
0.0
220
1.0
230
0.0
  0
LINE
  5
28D
330
1F
100
AcDbEntity
  8
Whole Simpsons House v1_Sketch15
100
AcDbLine
 10
62.22233860142448
 20
0.0
 30
235.0464842440071
 11
65.22306637920225
 21
0.0
 31
235.0464842440071
210
0.0
220
1.0
230
0.0
  0
LINE
  5
28E
330
1F
100
AcDbEntity
  8
Whole Simpsons House v1_Sketch15
100
AcDbLine
 10
71.22416915698003
 20
0.0
 30
240.6630592440071
 11
67.53552471253558
 21
0.0
 31
240.6630592440071
210
0.0
220
1.0
230
0.0
  0
LINE
  5
28F
330
1F
100
AcDbEntity
  8
Whole Simpsons House v1_Sketch15
100
AcDbLine
 10
203.6276663792023
 20
0.0
 30
221.4828842440071
 11
206.62839415698
 21
0.0
 31
221.4828842440071
210
0.0
220
1.0
230
0.0
  0
LINE
  5
290
330
1F
100
AcDbEntity
  8
Whole Simpsons House v1_Sketch15
100
AcDbLine
 10
74.9731386014245
 20
0.0
 30
198.7075509106737
 11
83.33820526809114
 21
0.0
 31
198.7075509106737
210
0.0
220
1.0
230
0.0
  0
LINE
  5
291
330
1F
100
AcDbEntity
  8
Whole Simpsons House v1_Sketch15
100
AcDbLine
 10
65.22306637920225
 20
0.0
 30
226.0841647995626
 11
62.22233860142448
 21
0.0
 31
226.0841647995626
210
0.0
220
1.0
230
0.0
  0
LINE
  5
292
330
1F
100
AcDbEntity
  8
Whole Simpsons House v1_Sketch15
100
AcDbLine
 10
316.7726719347579
 20
0.0
 30
60.84622868845158
 11
277.7653274903133
 21
0.0
 31
60.84622868845158
210
0.0
220
1.0
230
0.0
  0
LINE
  5
293
330
1F
100
AcDbEntity
  8
Whole Simpsons House v1_Sketch15
100
AcDbLine
 10
206.4153163792023
 20
0.0
 30
111.6359981328959
 11
203.4145886014245
 21
0.0
 31
111.6359981328959
210
0.0
220
1.0
230
0.0
  0
LINE
  5
294
330
1F
100
AcDbEntity
  8
Whole Simpsons House v1_Sketch15
100
AcDbLine
 10
78.27584415698006
 20
0.0
 30
219.0487175773404
 11
77.33710249031338
 21
0.0
 31
219.1228009106737
210
0.0
220
1.0
230
0.0
  0
LINE
  5
295
330
1F
100
AcDbEntity
  8
Whole Simpsons House v1_Sketch15
100
AcDbLine
 10
313.7722969347578
 20
0.0
 30
42.97344813289598
 11
280.7660552680911
 21
0.0
 31
42.97344813289598
210
0.0
220
1.0
230
0.0
  0
LINE
  5
296
330
1F
100
AcDbEntity
  8
Whole Simpsons House v1_Sketch15
100
AcDbLine
 10
297.6006108236467
 20
0.0
 30
87.96637313289595
 11
297.8726024903135
 21
0.0
 31
87.96637313289595
210
0.0
220
1.0
230
0.0
  0
LINE
  5
297
330
1F
100
AcDbEntity
  8
Whole Simpsons House v1_Sketch15
100
AcDbLine
 10
298.6988080458689
 20
0.0
 30
87.96637313289595
 11
298.9616274903133
 21
0.0
 31
87.96637313289595
210
0.0
220
1.0
230
0.0
  0
LINE
  5
298
330
1F
100
AcDbEntity
  8
Whole Simpsons House v1_Sketch15
100
AcDbLine
 10
332.2328052680911
 20
0.0
 30
99.79783424400703
 11
329.2324302680912
 21
0.0
 31
99.79783424400703
210
0.0
220
1.0
230
0.0
  0
LINE
  5
299
330
1F
100
AcDbEntity
  8
Whole Simpsons House v1_Sketch15
100
AcDbLine
 10
298.4268163792023
 20
0.0
 30
88.02034813289598
 11
298.6988080458689
 21
0.0
 31
88.02034813289598
210
0.0
220
1.0
230
0.0
  0
LINE
  5
29A
330
1F
100
AcDbEntity
  8
Whole Simpsons House v1_Sketch15
100
AcDbLine
 10
297.8726024903135
 20
0.0
 30
88.02034813289598
 11
298.1498858236467
 21
0.0
 31
88.02034813289598
210
0.0
220
1.0
230
0.0
  0
LINE
  5
29B
330
1F
100
AcDbEntity
  8
Whole Simpsons House v1_Sketch15
100
AcDbLine
 10
106.5753247125356
 20
0.0
 30
225.4837370217849
 11
103.5749497125356
 21
0.0
 31
225.4837370217849
210
0.0
220
1.0
230
0.0
  0
LINE
  5
29C
330
1F
100
AcDbEntity
  8
Whole Simpsons House v1_Sketch15
100
AcDbLine
 10
298.1498858236467
 20
0.0
 30
83.79477591067378
 11
297.8726024903135
 21
0.0
 31
83.79477591067378
210
0.0
220
1.0
230
0.0
  0
LINE
  5
29D
330
1F
100
AcDbEntity
  8
Whole Simpsons House v1_Sketch15
100
AcDbLine
 10
329.2324302680912
 20
0.0
 30
214.5105842440071
 11
332.2328052680911
 21
0.0
 31
214.5105842440071
210
0.0
220
1.0
230
0.0
  0
LINE
  5
29E
330
1F
100
AcDbEntity
  8
Whole Simpsons House v1_Sketch15
100
AcDbLine
 10
298.4268163792023
 20
0.0
 30
83.81312035511814
 11
298.1498858236467
 21
0.0
 31
83.81312035511814
210
0.0
220
1.0
230
0.0
  0
LINE
  5
29F
330
1F
100
AcDbEntity
  8
Whole Simpsons House v1_Sketch15
100
AcDbLine
 10
297.8726024903135
 20
0.0
 30
83.81312035511814
 11
297.6006108236467
 21
0.0
 31
83.81312035511814
210
0.0
220
1.0
230
0.0
  0
LINE
  5
2A0
330
1F
100
AcDbEntity
  8
Whole Simpsons House v1_Sketch15
100
AcDbLine
 10
97.36041637920229
 20
0.0
 30
175.6835092440071
 11
203.4145886014245
 21
0.0
 31
175.6835092440071
210
0.0
220
1.0
230
0.0
  0
LINE
  5
2A1
330
1F
100
AcDbEntity
  8
Whole Simpsons House v1_Sketch15
100
AcDbLine
 10
298.9616274903133
 20
0.0
 30
83.95634813289597
 11
298.6988080458689
 21
0.0
 31
83.95634813289597
210
0.0
220
1.0
230
0.0
  0
LINE
  5
2A2
330
1F
100
AcDbEntity
  8
Whole Simpsons House v1_Sketch15
100
AcDbLine
 10
103.5749497125356
 20
0.0
 30
203.2421564662293
 11
106.5753247125356
 21
0.0
 31
203.2421564662293
210
0.0
220
1.0
230
0.0
  0
LINE
  5
2A3
330
1F
100
AcDbEntity
  8
Whole Simpsons House v1_Sketch15
100
AcDbLine
 10
297.3377913792023
 20
0.0
 30
87.87712035511818
 11
297.6006108236467
 21
0.0
 31
87.87712035511818
210
0.0
220
1.0
230
0.0
  0
LINE
  5
2A4
330
1F
100
AcDbEntity
  8
Whole Simpsons House v1_Sketch15
100
AcDbLine
 10
238.9329608236467
 20
0.0
 30
83.95670091067377
 11
253.93589415698
 21
0.0
 31
83.95670091067377
210
0.0
220
1.0
230
0.0
  0
LINE
  5
2A5
330
1F
100
AcDbEntity
  8
Whole Simpsons House v1_Sketch15
100
AcDbLine
 10
134.5110913792023
 20
0.0
 30
83.95670091067377
 11
149.5140247125356
 21
0.0
 31
83.95670091067377
210
0.0
220
1.0
230
0.0
  0
LINE
  5
2A6
330
1F
100
AcDbEntity
  8
Whole Simpsons House v1_Sketch15
100
AcDbLine
 10
220.9292997125356
 20
0.0
 30
83.95670091067377
 11
235.9325858236467
 21
0.0
 31
83.95670091067377
210
0.0
220
1.0
230
0.0
  0
LINE
  5
2A7
330
1F
100
AcDbEntity
  8
Whole Simpsons House v1_Sketch15
100
AcDbLine
 10
116.5074302680912
 20
0.0
 30
83.95670091067377
 11
131.5103636014245
 21
0.0
 31
83.95670091067377
210
0.0
220
1.0
230
0.0
  0
LINE
  5
2A8
330
1F
100
AcDbEntity
  8
Whole Simpsons House v1_Sketch15
100
AcDbLine
 10
238.9329608236467
 20
0.0
 30
66.08392035511815
 11
235.9325858236467
 21
0.0
 31
66.08392035511815
210
0.0
220
1.0
230
0.0
  0
LINE
  5
2A9
330
1F
100
AcDbEntity
  8
Whole Simpsons House v1_Sketch15
100
AcDbLine
 10
134.5110913792023
 20
0.0
 30
66.08392035511815
 11
131.5103636014245
 21
0.0
 31
66.08392035511815
210
0.0
220
1.0
230
0.0
  0
LINE
  5
2AA
330
1F
100
AcDbEntity
  8
Whole Simpsons House v1_Sketch15
100
AcDbLine
 10
253.93589415698
 20
0.0
 30
69.08429535511814
 11
238.9329608236467
 21
0.0
 31
69.08429535511814
210
0.0
220
1.0
230
0.0
  0
LINE
  5
2AB
330
1F
100
AcDbEntity
  8
Whole Simpsons House v1_Sketch15
100
AcDbLine
 10
235.9325858236467
 20
0.0
 30
69.08429535511814
 11
220.9292997125356
 21
0.0
 31
69.08429535511814
210
0.0
220
1.0
230
0.0
  0
LINE
  5
2AC
330
1F
100
AcDbEntity
  8
Whole Simpsons House v1_Sketch15
100
AcDbLine
 10
149.5140247125356
 20
0.0
 30
69.08429535511814
 11
134.5110913792023
 21
0.0
 31
69.08429535511814
210
0.0
220
1.0
230
0.0
  0
LINE
  5
2AD
330
1F
100
AcDbEntity
  8
Whole Simpsons House v1_Sketch15
100
AcDbLine
 10
131.5103636014245
 20
0.0
 30
69.08429535511814
 11
116.5074302680912
 21
0.0
 31
69.08429535511814
210
0.0
220
1.0
230
0.0
  0
LINE
  5
2AE
330
1F
100
AcDbEntity
  8
Whole Simpsons House v1_Sketch15
100
AcDbLine
 10
298.6988080458689
 20
0.0
 30
83.867448132896
 11
298.4268163792023
 21
0.0
 31
83.867448132896
210
0.0
220
1.0
230
0.0
  0
LINE
  5
2AF
330
1F
100
AcDbEntity
  8
Whole Simpsons House v1_Sketch15
100
AcDbLine
 10
297.6006108236467
 20
0.0
 30
83.867448132896
 11
297.3377913792023
 21
0.0
 31
83.867448132896
210
0.0
220
1.0
230
0.0
  0
LINE
  5
2B0
330
1F
100
AcDbEntity
  8
Whole Simpsons House v1_Sketch15
100
AcDbLine
 10
281.6127219347578
 20
0.0
 30
29.90585368845156
 11
314.6189636014244
 21
0.0
 31
29.90585368845156
210
0.0
220
1.0
230
0.0
  0
LINE
  5
2B1
330
1F
100
AcDbEntity
  8
Whole Simpsons House v1_Sketch15
100
AcDbLine
 10
106.5753247125356
 20
0.0
 30
195.2404509106737
 11
103.5749497125356
 21
0.0
 31
195.2404509106737
210
0.0
220
1.0
230
0.0
  0
LINE
  5
2B2
330
1F
100
AcDbEntity
  8
Whole Simpsons House v1_Sketch15
100
AcDbLine
 10
298.1498858236467
 20
0.0
 30
88.03833979956266
 11
298.4268163792023
 21
0.0
 31
88.03833979956266
210
0.0
220
1.0
230
0.0
  0
LINE
  5
2B3
330
1F
100
AcDbEntity
  8
Whole Simpsons House v1_Sketch15
100
AcDbLine
 10
183.8925719347578
 20
0.0
 30
107.8475175773405
 11
199.4137358236467
 21
0.0
 31
107.8475175773405
210
0.0
220
1.0
230
0.0
  0
LINE
  5
2B4
330
1F
100
AcDbEntity
  8
Whole Simpsons House v1_Sketch15
100
AcDbLine
 10
165.3706802680911
 20
0.0
 30
107.8475175773405
 11
180.89184415698
 21
0.0
 31
107.8475175773405
210
0.0
220
1.0
230
0.0
  0
LINE
  5
2B5
330
1F
100
AcDbEntity
  8
Whole Simpsons House v1_Sketch15
100
AcDbLine
 10
314.6189636014244
 20
0.0
 30
15.03344813289597
 11
281.6127219347578
 21
0.0
 31
15.03344813289597
210
0.0
220
1.0
230
0.0
  0
LINE
  5
2B6
330
1F
100
AcDbEntity
  8
Whole Simpsons House v1_Sketch15
100
AcDbLine
 10
280.7660552680911
 20
0.0
 30
57.8458536884516
 11
313.7722969347578
 21
0.0
 31
57.8458536884516
210
0.0
220
1.0
230
0.0
  0
LINE
  5
2B7
330
1F
100
AcDbEntity
  8
Whole Simpsons House v1_Sketch15
100
AcDbLine
 10
235.9325858236467
 20
0.0
 30
86.95707591067367
 11
238.9329608236467
 21
0.0
 31
86.95707591067367
210
0.0
220
1.0
230
0.0
  0
LINE
  5
2B8
330
1F
100
AcDbEntity
  8
Whole Simpsons House v1_Sketch15
100
AcDbLine
 10
131.5103636014245
 20
0.0
 30
86.95707591067367
 11
134.5110913792023
 21
0.0
 31
86.95707591067367
210
0.0
220
1.0
230
0.0
  0
LINE
  5
2B9
330
1F
100
AcDbEntity
  8
Whole Simpsons House v1_Sketch15
100
AcDbLine
 10
156.0707524903134
 20
0.0
 30
18.03523424400708
 11
138.0117052680912
 21
0.0
 31
18.03523424400708
210
0.0
220
1.0
230
0.0
  0
LINE
  5
2BA
330
1F
100
AcDbEntity
  8
Whole Simpsons House v1_Sketch15
100
AcDbLine
 10
260.4926219347579
 20
0.0
 30
18.03523424400708
 11
242.4339274903134
 21
0.0
 31
18.03523424400708
210
0.0
220
1.0
230
0.0
  0
LINE
  5
2BB
330
1F
100
AcDbEntity
  8
Whole Simpsons House v1_Sketch15
100
AcDbLine
 10
128.0097497125356
 20
0.0
 30
18.03523424400708
 11
109.9507024903134
 21
0.0
 31
18.03523424400708
210
0.0
220
1.0
230
0.0
  0
LINE
  5
2BC
330
1F
100
AcDbEntity
  8
Whole Simpsons House v1_Sketch15
100
AcDbLine
 10
232.43161915698
 20
0.0
 30
18.03523424400708
 11
214.3729247125357
 21
0.0
 31
18.03523424400708
210
0.0
220
1.0
230
0.0
  0
LINE
  5
2BD
330
1F
100
AcDbEntity
  8
Whole Simpsons House v1_Sketch15
100
AcDbLine
 10
103.5749497125356
 20
0.0
 30
233.4854425773404
 11
106.5753247125356
 21
0.0
 31
233.4854425773404
210
0.0
220
1.0
230
0.0
  0
LINE
  5
2BE
330
1F
100
AcDbEntity
  8
Whole Simpsons House v1_Sketch15
100
AcDbLine
 10
199.4137358236467
 20
0.0
 30
113.8151064662292
 11
183.8925719347578
 21
0.0
 31
113.8151064662292
210
0.0
220
1.0
230
0.0
  0
LINE
  5
2BF
330
1F
100
AcDbEntity
  8
Whole Simpsons House v1_Sketch15
100
AcDbLine
 10
180.89184415698
 20
0.0
 30
113.8151064662292
 11
165.3706802680911
 21
0.0
 31
113.8151064662292
210
0.0
220
1.0
230
0.0
  0
LINE
  5
2C0
330
1F
100
AcDbEntity
  8
Whole Simpsons House v1_Sketch15
100
AcDbLine
 10
24.67972749031337
 20
0.0
 30
13.41172868845156
 11
14.67812471253559
 21
0.0
 31
13.41172868845156
210
0.0
220
1.0
230
0.0
  0
LINE
  5
2C1
330
1F
100
AcDbEntity
  8
Whole Simpsons House v1_Sketch15
100
AcDbLine
 10
64.82795526809115
 20
0.0
 30
13.41172868845156
 11
54.82599971253559
 21
0.0
 31
13.41172868845156
210
0.0
220
1.0
230
0.0
  0
LINE
  5
2C2
330
1F
100
AcDbEntity
  8
Whole Simpsons House v1_Sketch15
100
AcDbLine
 10
242.4339274903134
 20
0.0
 30
21.03560924400706
 11
232.43161915698
 21
0.0
 31
21.03560924400706
210
0.0
220
1.0
230
0.0
  0
LINE
  5
2C3
330
1F
100
AcDbEntity
  8
Whole Simpsons House v1_Sketch15
100
AcDbLine
 10
138.0117052680912
 20
0.0
 30
21.03560924400706
 11
128.0097497125356
 21
0.0
 31
21.03560924400706
210
0.0
220
1.0
230
0.0
  0
LINE
  5
2C4
330
1F
100
AcDbEntity
  8
Whole Simpsons House v1_Sketch15
100
AcDbLine
 10
228.4177136014245
 20
0.0
 30
54.60065091067381
 11
246.4478330458689
 21
0.0
 31
54.60065091067381
210
0.0
220
1.0
230
0.0
  0
LINE
  5
2C5
330
1F
100
AcDbEntity
  8
Whole Simpsons House v1_Sketch15
100
AcDbLine
 10
123.9954913792023
 20
0.0
 30
54.60065091067381
 11
142.0259636014245
 21
0.0
 31
54.60065091067381
210
0.0
220
1.0
230
0.0
  0
LINE
  5
2C6
330
1F
100
AcDbEntity
  8
Whole Simpsons House v1_Sketch15
100
AcDbLine
 10
14.67812471253559
 20
0.0
 30
16.41245646622927
 11
24.67972749031337
 21
0.0
 31
16.41245646622927
210
0.0
220
1.0
230
0.0
  0
LINE
  5
2C7
330
1F
100
AcDbEntity
  8
Whole Simpsons House v1_Sketch15
100
AcDbLine
 10
54.82599971253559
 20
0.0
 30
16.41245646622927
 11
64.82795526809115
 21
0.0
 31
16.41245646622927
210
0.0
220
1.0
230
0.0
  0
LINE
  5
2C8
330
1F
100
AcDbEntity
  8
Whole Simpsons House v1_Sketch15
100
AcDbLine
 10
180.89184415698
 20
0.0
 30
104.8467897995627
 11
183.8925719347578
 21
0.0
 31
104.8467897995627
210
0.0
220
1.0
230
0.0
  0
LINE
  5
2C9
330
1F
100
AcDbEntity
  8
Whole Simpsons House v1_Sketch15
100
AcDbLine
 10
183.8925719347578
 20
0.0
 30
116.8154814662292
 11
180.89184415698
 21
0.0
 31
116.8154814662292
210
0.0
220
1.0
230
0.0
  0
LINE
  5
2CA
330
1F
100
AcDbEntity
  8
Whole Simpsons House v1_Sketch15
100
AcDbLine
 10
54.82599971253559
 20
0.0
 30
186.5296620217848
 11
64.82795526809115
 21
0.0
 31
186.5296620217848
210
0.0
220
1.0
230
0.0
  0
CIRCLE
  5
2CB
330
1F
100
AcDbEntity
  8
Whole Simpsons House v1_Sketch15
100
AcDbCircle
 10
-290.0000000000001
 20
180.0
 30
0.0
 40
24.99999999999997
210
0.0
220
1.0
230
0.0
  0
CIRCLE
  5
2CC
330
1F
100
AcDbEntity
  8
Whole Simpsons House v1_Sketch15
100
AcDbCircle
 10
-155.0
 20
145.0
 30
0.0
 40
18.02775637731996
210
0.0
220
1.0
230
0.0
  0
CIRCLE
  5
2CD
330
1F
100
AcDbEntity
  8
Whole Simpsons House v1_Sketch15
100
AcDbCircle
 10
-185.2218386014245
 20
56.98184855282283
 30
0.0
 40
2.499999999999993
210
0.0
220
1.0
230
0.0
  0
CIRCLE
  5
2CE
330
1F
100
AcDbEntity
  8
Whole Simpsons House v1_Sketch15
100
AcDbCircle
 10
-125.0
 20
155.0
 30
0.0
 40
2.500000000000006
210
0.0
220
1.0
230
0.0
  0
CIRCLE
  5
2CF
330
1F
100
AcDbEntity
  8
Whole Simpsons House v1_Sketch15
100
AcDbCircle
 10
-185.0
 20
155.0
 30
0.0
 40
2.49999999999999
210
0.0
220
1.0
230
0.0
  0
DIMENSION
  5
2D1
330
1F
100
AcDbEntity
  8
Dimensions
100
AcDbDimension
280
     0
  2
*D1
 10
182.7219328188479
 20
0.0
 30
57.00355288971953
 11
-175.8838472576927
 21
57.06292157224435
 31
0.0
 70
   163
 71
     5
 42
4.999999999999972
 73
     0
 74
     0
 75
     0
210
0.0
220
1.0
230
0.0
  3
ISO-25
100
AcDbDiametricDimension
 15
187.7217443840011
 25
0.0
 35
56.96014421592614
 40
0.0
1001
ACAD
1000
DSTYLE
1002
{
1070
   271
1070
     3
1070
    78
1070
     8
1070
   177
1070
   140
1070
   176
1070
   140
1070
   178
1070
   140
1070
    40
1040
1.55987582010582
1070
   277
1070
     2
1002
}
  0
DIMENSION
  5
2DB
330
1F
100
AcDbEntity
  8
Dimensions
100
AcDbDimension
280
     0
  2
*D2
 10
123.9797046781774
 20
0.0
 30
152.7176771796551
 11
-121.1888528161211
 21
146.474754413338
 31
0.0
 70
   163
 71
     5
 42
4.999999999999988
 73
     0
 74
     0
 75
     0
210
0.0
220
1.0
230
0.0
  3
ISO-25
100
AcDbDiametricDimension
 15
126.0202953218226
 25
0.0
 35
157.2823228203449
 40
0.0
1001
ACAD
1000
DSTYLE
1002
{
1070
   271
1070
     3
1070
    78
1070
     8
1070
   177
1070
   140
1070
   176
1070
   140
1070
   178
1070
   140
1070
    40
1040
1.55987582010582
1070
   277
1070
     2
1002
}
  0
DIMENSION
  5
2E4
330
1F
100
AcDbEntity
  8
Dimensions
100
AcDbDimension
280
     0
  2
*D3
 10
184.2159000000531
 20
0.0
 30
152.6261450781307
 11
-182.0711220146155
 21
146.1328511393561
 31
0.0
 70
   163
 71
     5
 42
4.999999999999988
 73
     0
 74
     0
 75
     0
210
0.0
220
1.0
230
0.0
  3
ISO-25
100
AcDbDiametricDimension
 15
185.7840999999469
 25
0.0
 35
157.3738549218693
 40
0.0
1001
ACAD
1000
DSTYLE
1002
{
1070
   271
1070
     3
1070
    78
1070
     8
1070
   177
1070
   140
1070
   176
1070
   140
1070
   178
1070
   140
1070
    40
1040
1.55987582010582
1070
   277
1070
     2
1002
}
  0
LINE
  5
2EE
330
1F
100
AcDbEntity
  8
Whole Simpsons House v1_Simpsons_house_02
100
AcDbLine
 10
-12.84918220579804
 20
0.0
 30
-191.6839748012707
 11
-12.83119053913132
 21
0.0
 31
-191.4091609123818
210
0.0
220
1.0
230
0.0
  0
LINE
  5
2EF
330
1F
100
AcDbEntity
  8
Whole Simpsons House v1_Simpsons_house_02
100
AcDbLine
 10
-34.78455165024247
 20
0.0
 30
-213.690958134604
 11
-34.78455165024247
 21
0.0
 31
-203.6890025790484
210
0.0
220
1.0
230
0.0
  0
LINE
  5
2F0
330
1F
100
AcDbEntity
  8
Whole Simpsons House v1_Simpsons_house_02
100
AcDbLine
 10
-234.4761766502425
 20
0.0
 30
-19.35943869015955
 11
-234.4761766502425
 21
0.0
 31
-10.07115257904843
210
0.0
220
1.0
230
0.0
  0
LINE
  5
2F1
330
1F
100
AcDbEntity
  8
Whole Simpsons House v1_Simpsons_house_02
100
AcDbLine
 10
-8.641954428020284
 20
0.0
 30
-191.6839748012707
 11
-8.659946094687001
 21
0.0
 31
-191.9584359123818
210
0.0
220
1.0
230
0.0
  0
LINE
  5
2F2
330
1F
100
AcDbEntity
  8
Whole Simpsons House v1_Simpsons_house_02
100
AcDbLine
 10
-12.83119053913132
 20
0.0
 30
-191.9584359123818
 11
-12.84918220579804
 21
0.0
 31
-191.6839748012707
210
0.0
220
1.0
230
0.0
  0
LINE
  5
2F3
330
1F
100
AcDbEntity
  8
Whole Simpsons House v1_Simpsons_house_02
100
AcDbLine
 10
-319.2186905391313
 20
0.0
 30
-18.77629702349288
 11
-319.2186905391313
 21
0.0
 31
-12.34762757904843
210
0.0
220
1.0
230
0.0
  0
LINE
  5
2F4
330
1F
100
AcDbEntity
  8
Whole Simpsons House v1_Simpsons_house_02
100
AcDbLine
 10
-149.4923627613535
 20
0.0
 30
-126.6395136901595
 11
-149.4923627613535
 21
0.0
 31
-116.637558134604
210
0.0
220
1.0
230
0.0
  0
LINE
  5
2F5
330
1F
100
AcDbEntity
  8
Whole Simpsons House v1_Simpsons_house_02
100
AcDbLine
 10
-12.41420720579803
 20
0.0
 30
-190.4033914679373
 11
-12.23287942802009
 21
0.0
 31
-190.1963109123816
210
0.0
220
1.0
230
0.0
  0
LINE
  5
2F6
330
1F
100
AcDbEntity
  8
Whole Simpsons House v1_Simpsons_house_02
100
AcDbLine
 10
-152.0715210946868
 20
0.0
 30
-207.9244525790485
 11
-152.0715210946868
 21
0.0
 31
-197.9224970234929
210
0.0
220
1.0
230
0.0
  0
LINE
  5
2F7
330
1F
100
AcDbEntity
  8
Whole Simpsons House v1_Simpsons_house_02
100
AcDbLine
 10
-8.659946094687001
 20
0.0
 30
-191.4091609123818
 11
-8.641954428020284
 21
0.0
 31
-191.6839748012707
210
0.0
220
1.0
230
0.0
  0
LINE
  5
2F8
330
1F
100
AcDbEntity
  8
Whole Simpsons House v1_Simpsons_house_02
100
AcDbLine
 10
-12.72182942802025
 20
0.0
 30
-165.4358970234929
 11
-12.72182942802025
 21
0.0
 31
-170.3970109123818
210
0.0
220
1.0
230
0.0
  0
LINE
  5
2F9
330
1F
100
AcDbEntity
  8
Whole Simpsons House v1_Simpsons_house_02
100
AcDbLine
 10
-12.23287942802009
 20
0.0
 30
-193.1716386901596
 11
-12.41420720579803
 21
0.0
 31
-192.964558134604
210
0.0
220
1.0
230
0.0
  0
LINE
  5
2FA
330
1F
100
AcDbEntity
  8
Whole Simpsons House v1_Simpsons_house_02
100
AcDbLine
 10
-12.68902109468683
 20
0.0
 30
-190.8789359123818
 11
-12.56731276135354
 21
0.0
 31
-190.6323442457151
210
0.0
220
1.0
230
0.0
  0
LINE
  5
2FB
330
1F
100
AcDbEntity
  8
Whole Simpsons House v1_Simpsons_house_02
100
AcDbLine
 10
-11.7971988724647
 20
0.0
 30
-189.8622303568261
 11
-11.55060720579797
 21
0.0
 31
-189.7405220234929
210
0.0
220
1.0
230
0.0
  0
LINE
  5
2FC
330
1F
100
AcDbEntity
  8
Whole Simpsons House v1_Simpsons_house_02
100
AcDbLine
 10
-11.55060720579797
 20
0.0
 30
-193.6274275790484
 11
-11.7971988724647
 21
0.0
 31
-193.5057192457151
210
0.0
220
1.0
230
0.0
  0
LINE
  5
2FD
330
1F
100
AcDbEntity
  8
Whole Simpsons House v1_Simpsons_house_02
100
AcDbLine
 10
-11.7971988724647
 20
0.0
 30
-193.5057192457151
 11
-12.02615165024248
 21
0.0
 31
-193.3529664679373
210
0.0
220
1.0
230
0.0
  0
LINE
  5
2FE
330
1F
100
AcDbEntity
  8
Whole Simpsons House v1_Simpsons_house_02
100
AcDbLine
 10
-111.7426710946868
 20
0.0
 30
-51.11896369015956
 11
-111.7426710946868
 21
0.0
 31
-59.1714692457151
210
0.0
220
1.0
230
0.0
  0
LINE
  5
2FF
330
1F
100
AcDbEntity
  8
Whole Simpsons House v1_Simpsons_house_02
100
AcDbLine
 10
-12.02615165024248
 20
0.0
 30
-193.3529664679373
 11
-12.23287942802009
 21
0.0
 31
-193.1716386901596
210
0.0
220
1.0
230
0.0
  0
LINE
  5
300
330
1F
100
AcDbEntity
  8
Whole Simpsons House v1_Simpsons_house_02
100
AcDbLine
 10
-12.77721553913131
 20
0.0
 30
-191.1396386901595
 11
-12.68902109468683
 21
0.0
 31
-190.8789359123818
210
0.0
220
1.0
230
0.0
  0
LINE
  5
301
330
1F
100
AcDbEntity
  8
Whole Simpsons House v1_Simpsons_house_02
100
AcDbLine
 10
-12.77721553913131
 20
0.0
 30
-192.2283109123817
 11
-12.83119053913132
 21
0.0
 31
-191.9584359123818
210
0.0
220
1.0
230
0.0
  0
LINE
  5
302
330
1F
100
AcDbEntity
  8
Whole Simpsons House v1_Simpsons_house_02
100
AcDbLine
 10
-222.5529933169092
 20
0.0
 30
-10.07115257904843
 11
-222.5529933169092
 21
0.0
 31
-19.35943869015955
210
0.0
220
1.0
230
0.0
  0
LINE
  5
303
330
1F
100
AcDbEntity
  8
Whole Simpsons House v1_Simpsons_house_02
100
AcDbLine
 10
-143.4309349835757
 20
0.0
 30
-11.75249146793732
 11
-143.4309349835757
 21
0.0
 31
-17.72008035682621
210
0.0
220
1.0
230
0.0
  0
LINE
  5
304
330
1F
100
AcDbEntity
  8
Whole Simpsons House v1_Simpsons_house_02
100
AcDbLine
 10
-12.02615165024248
 20
0.0
 30
-190.0153359123818
 11
-11.7971988724647
 21
0.0
 31
-189.8622303568261
210
0.0
220
1.0
230
0.0
  0
LINE
  5
305
330
1F
100
AcDbEntity
  8
Whole Simpsons House v1_Simpsons_house_02
100
AcDbLine
 10
-131.4738849835757
 20
0.0
 30
-95.06907757904844
 11
-131.4738849835757
 21
0.0
 31
-87.06772480127066
210
0.0
220
1.0
230
0.0
  0
LINE
  5
306
330
1F
100
AcDbEntity
  8
Whole Simpsons House v1_Simpsons_house_02
100
AcDbLine
 10
-155.0722488724646
 20
0.0
 30
-157.4020886901596
 11
-155.0722488724646
 21
0.0
 31
-167.4040442457151
210
0.0
220
1.0
230
0.0
  0
LINE
  5
307
330
1F
100
AcDbEntity
  8
Whole Simpsons House v1_Simpsons_house_02
100
AcDbLine
 10
-9.07657665024253
 20
0.0
 30
-190.4033914679373
 11
-8.92382387246478
 21
0.0
 31
-190.6323442457151
210
0.0
220
1.0
230
0.0
  0
LINE
  5
308
330
1F
100
AcDbEntity
  8
Whole Simpsons House v1_Simpsons_house_02
100
AcDbLine
 10
-152.0715210946868
 20
0.0
 30
-167.4040442457151
 11
-152.0715210946868
 21
0.0
 31
-157.4020886901596
210
0.0
220
1.0
230
0.0
  0
LINE
  5
309
330
1F
100
AcDbEntity
  8
Whole Simpsons House v1_Simpsons_house_02
100
AcDbLine
 10
-129.6909460946868
 20
0.0
 30
-18.0901442457151
 11
-129.6909460946868
 21
0.0
 31
-8.801858134603991
210
0.0
220
1.0
230
0.0
  0
LINE
  5
30A
330
1F
100
AcDbEntity
  8
Whole Simpsons House v1_Simpsons_house_02
100
AcDbLine
 10
-305.2162349835758
 20
0.0
 30
-12.34762757904843
 11
-305.2162349835758
 21
0.0
 31
-18.77629702349288
210
0.0
220
1.0
230
0.0
  0
LINE
  5
30B
330
1F
100
AcDbEntity
  8
Whole Simpsons House v1_Simpsons_house_02
100
AcDbLine
 10
-210.4752933169091
 20
0.0
 30
-24.86312480127066
 11
-210.4752933169091
 21
0.0
 31
-15.57483869015954
210
0.0
220
1.0
230
0.0
  0
LINE
  5
30C
330
1F
100
AcDbEntity
  8
Whole Simpsons House v1_Simpsons_house_02
100
AcDbLine
 10
-8.659946094687001
 20
0.0
 30
-191.9584359123818
 11
-8.713568316909102
 21
0.0
 31
-192.2283109123817
210
0.0
220
1.0
230
0.0
  0
LINE
  5
30D
330
1F
100
AcDbEntity
  8
Whole Simpsons House v1_Simpsons_house_02
100
AcDbLine
 10
-319.6095683169091
 20
0.0
 30
-126.6395136901595
 11
-319.6095683169091
 21
0.0
 31
-116.637558134604
210
0.0
220
1.0
230
0.0
  0
LINE
  5
30E
330
1F
100
AcDbEntity
  8
Whole Simpsons House v1_Simpsons_house_02
100
AcDbLine
 10
-8.713568316909102
 20
0.0
 30
-192.2283109123817
 11
-8.802115539131348
 21
0.0
 31
-192.4890136901595
210
0.0
220
1.0
230
0.0
  0
LINE
  5
30F
330
1F
100
AcDbEntity
  8
Whole Simpsons House v1_Simpsons_house_02
100
AcDbLine
 10
-284.7346627613535
 20
0.0
 30
-26.82739146793732
 11
-284.7346627613535
 21
0.0
 31
-12.76355257904843
210
0.0
220
1.0
230
0.0
  0
LINE
  5
310
330
1F
100
AcDbEntity
  8
Whole Simpsons House v1_Simpsons_house_02
100
AcDbLine
 10
-9.693584983575791
 20
0.0
 30
-189.8622303568261
 11
-9.464984983575773
 21
0.0
 31
-190.0153359123818
210
0.0
220
1.0
230
0.0
  0
LINE
  5
311
330
1F
100
AcDbEntity
  8
Whole Simpsons House v1_Simpsons_house_02
100
AcDbLine
 10
-9.930000000000001
 20
0.0
 30
-189.71
 11
-9.693584983575791
 21
0.0
 31
-189.8622303568261
210
0.0
220
1.0
230
0.0
  0
LINE
  5
312
330
1F
100
AcDbEntity
  8
Whole Simpsons House v1_Simpsons_house_02
100
AcDbLine
 10
-8.92382387246478
 20
0.0
 30
-192.7356053568262
 11
-9.07657665024253
 21
0.0
 31
-192.964558134604
210
0.0
220
1.0
230
0.0
  0
LINE
  5
313
330
1F
100
AcDbEntity
  8
Whole Simpsons House v1_Simpsons_house_02
100
AcDbLine
 10
-8.802115539131348
 20
0.0
 30
-190.8789359123818
 11
-8.713568316909102
 21
0.0
 31
-191.1396386901595
210
0.0
220
1.0
230
0.0
  0
LINE
  5
314
330
1F
100
AcDbEntity
  8
Whole Simpsons House v1_Simpsons_house_02
100
AcDbLine
 10
-205.5138266502424
 20
0.0
 30
-15.57483869015954
 11
-205.5138266502424
 21
0.0
 31
-24.86312480127066
210
0.0
220
1.0
230
0.0
  0
LINE
  5
315
330
1F
100
AcDbEntity
  8
Whole Simpsons House v1_Simpsons_house_02
100
AcDbLine
 10
-191.5907460946868
 20
0.0
 30
-15.57483869015954
 11
-191.5907460946868
 21
0.0
 31
-24.86312480127066
210
0.0
220
1.0
230
0.0
  0
LINE
  5
316
330
1F
100
AcDbEntity
  8
Whole Simpsons House v1_Simpsons_house_02
100
AcDbLine
 10
-236.4767794280202
 20
0.0
 30
-10.07115257904843
 11
-236.4767794280202
 21
0.0
 31
-19.35943869015955
210
0.0
220
1.0
230
0.0
  0
LINE
  5
317
330
1F
100
AcDbEntity
  8
Whole Simpsons House v1_Simpsons_house_02
100
AcDbLine
 10
-9.257904428020254
 20
0.0
 30
-190.1963109123816
 11
-9.07657665024253
 21
0.0
 31
-190.4033914679373
210
0.0
220
1.0
230
0.0
  0
LINE
  5
318
330
1F
100
AcDbEntity
  8
Whole Simpsons House v1_Simpsons_house_02
100
AcDbLine
 10
-9.693584983575791
 20
0.0
 30
-193.5057192457151
 11
-9.940529428020211
 21
0.0
 31
-193.6274275790484
210
0.0
220
1.0
230
0.0
  0
LINE
  5
319
330
1F
100
AcDbEntity
  8
Whole Simpsons House v1_Simpsons_house_02
100
AcDbLine
 10
-31.78382387246479
 20
0.0
 30
-203.6890025790484
 11
-31.78382387246479
 21
0.0
 31
-213.690958134604
210
0.0
220
1.0
230
0.0
  0
LINE
  5
31A
330
1F
100
AcDbEntity
  8
Whole Simpsons House v1_Simpsons_house_02
100
AcDbLine
 10
-319.6095683169091
 20
0.0
 30
-92.02319424571512
 11
-319.6095683169091
 21
0.0
 31
-82.02123869015952
210
0.0
220
1.0
230
0.0
  0
LINE
  5
31B
330
1F
100
AcDbEntity
  8
Whole Simpsons House v1_Simpsons_house_02
100
AcDbLine
 10
-177.4739905391313
 20
0.0
 30
-17.72008035682621
 11
-177.4739905391313
 21
0.0
 31
-11.75249146793732
210
0.0
220
1.0
230
0.0
  0
LINE
  5
31C
330
1F
100
AcDbEntity
  8
Whole Simpsons House v1_Simpsons_house_02
100
AcDbLine
 10
-227.5144599835758
 20
0.0
 30
-19.35943869015955
 11
-227.5144599835758
 21
0.0
 31
-10.07115257904843
210
0.0
220
1.0
230
0.0
  0
LINE
  5
31D
330
1F
100
AcDbEntity
  8
Whole Simpsons House v1_Simpsons_house_02
100
AcDbLine
 10
-110.8063988724646
 20
0.0
 30
-8.801858134603991
 11
-110.8063988724646
 21
0.0
 31
-18.0901442457151
210
0.0
220
1.0
230
0.0
  0
LINE
  5
31E
330
1F
100
AcDbEntity
  8
Whole Simpsons House v1_Simpsons_house_02
100
AcDbLine
 10
-8.802115539131348
 20
0.0
 30
-192.4890136901595
 11
-8.92382387246478
 21
0.0
 31
-192.7356053568262
210
0.0
220
1.0
230
0.0
  0
LINE
  5
31F
330
1F
100
AcDbEntity
  8
Whole Simpsons House v1_Simpsons_house_02
100
AcDbLine
 10
-122.7292294280202
 20
0.0
 30
-18.0901442457151
 11
-122.7292294280202
 21
0.0
 31
-8.801858134603991
210
0.0
220
1.0
230
0.0
  0
LINE
  5
320
330
1F
100
AcDbEntity
  8
Whole Simpsons House v1_Simpsons_house_02
100
AcDbLine
 10
-117.7677627613535
 20
0.0
 30
-8.801858134603991
 11
-117.7677627613535
 21
0.0
 31
-18.0901442457151
210
0.0
220
1.0
230
0.0
  0
LINE
  5
321
330
1F
100
AcDbEntity
  8
Whole Simpsons House v1_Simpsons_house_02
100
AcDbLine
 10
-8.92382387246478
 20
0.0
 30
-190.6323442457151
 11
-8.802115539131348
 21
0.0
 31
-190.8789359123818
210
0.0
220
1.0
230
0.0
  0
LINE
  5
322
330
1F
100
AcDbEntity
  8
Whole Simpsons House v1_Simpsons_house_02
100
AcDbLine
 10
-22.01011553913133
 20
0.0
 30
-163.4352942457151
 11
-22.01011553913133
 21
0.0
 31
-158.4741803568262
210
0.0
220
1.0
230
0.0
  0
LINE
  5
323
330
1F
100
AcDbEntity
  8
Whole Simpsons House v1_Simpsons_house_02
100
AcDbLine
 10
-149.4923627613535
 20
0.0
 30
-92.02319424571512
 11
-149.4923627613535
 21
0.0
 31
-82.02123869015952
210
0.0
220
1.0
230
0.0
  0
LINE
  5
324
330
1F
100
AcDbEntity
  8
Whole Simpsons House v1_Simpsons_house_02
100
AcDbLine
 10
-9.464984983575773
 20
0.0
 30
-190.0153359123818
 11
-9.257904428020254
 21
0.0
 31
-190.1963109123816
210
0.0
220
1.0
230
0.0
  0
LINE
  5
325
330
1F
100
AcDbEntity
  8
Whole Simpsons House v1_Simpsons_house_02
100
AcDbLine
 10
-12.83119053913132
 20
0.0
 30
-191.4091609123818
 11
-12.77721553913131
 21
0.0
 31
-191.1396386901595
210
0.0
220
1.0
230
0.0
  0
LINE
  5
326
330
1F
100
AcDbEntity
  8
Whole Simpsons House v1_Simpsons_house_02
100
AcDbLine
 10
-255.0332433169091
 20
0.0
 30
-12.76355257904843
 11
-255.0332433169091
 21
0.0
 31
-26.82739146793732
210
0.0
220
1.0
230
0.0
  0
LINE
  5
327
330
1F
100
AcDbEntity
  8
Whole Simpsons House v1_Simpsons_house_02
100
AcDbLine
 10
-146.4916349835758
 20
0.0
 30
-82.02123869015952
 11
-146.4916349835758
 21
0.0
 31
-92.02319424571512
210
0.0
220
1.0
230
0.0
  0
LINE
  5
328
330
1F
100
AcDbEntity
  8
Whole Simpsons House v1_Simpsons_house_02
100
AcDbLine
 10
-322.2194183169091
 20
0.0
 30
-9.347252579048433
 11
-322.2194183169091
 21
0.0
 31
-21.77702480127066
210
0.0
220
1.0
230
0.0
  0
LINE
  5
329
330
1F
100
AcDbEntity
  8
Whole Simpsons House v1_Simpsons_house_02
100
AcDbLine
 10
-48.17775998357582
 20
0.0
 30
-12.68911646793732
 11
-48.92847109468682
 21
0.0
 31
-12.46157480127066
210
0.0
220
1.0
230
0.0
  0
LINE
  5
32A
330
1F
100
AcDbEntity
  8
Whole Simpsons House v1_Simpsons_house_02
100
AcDbLine
 10
-189.5901433169091
 20
0.0
 30
-26.86337480127065
 11
-189.5901433169091
 21
0.0
 31
-13.57423591238177
210
0.0
220
1.0
230
0.0
  0
LINE
  5
32B
330
1F
100
AcDbEntity
  8
Whole Simpsons House v1_Simpsons_house_02
100
AcDbLine
 10
-99.10511276135352
 20
0.0
 30
-231.5905498012706
 11
-99.10511276135352
 21
0.0
 31
-228.5898220234929
210
0.0
220
1.0
230
0.0
  0
LINE
  5
32C
330
1F
100
AcDbEntity
  8
Whole Simpsons House v1_Simpsons_house_02
100
AcDbLine
 10
-40.786007205798
 20
0.0
 30
-231.7496525790484
 11
-40.71157109468682
 21
0.0
 31
-232.6883942457151
210
0.0
220
1.0
230
0.0
  0
LINE
  5
32D
330
1F
100
AcDbEntity
  8
Whole Simpsons House v1_Simpsons_house_02
100
AcDbLine
 10
-68.88793220579795
 20
0.0
 30
-16.3851692457151
 11
-68.88793220579795
 21
0.0
 31
-24.38687480127066
210
0.0
220
1.0
230
0.0
  0
LINE
  5
32E
330
1F
100
AcDbEntity
  8
Whole Simpsons House v1_Simpsons_house_02
100
AcDbLine
 10
-45.78522109468696
 20
0.0
 30
-15.60482480127066
 11
-46.01276276135354
 21
0.0
 31
-14.85446646793732
210
0.0
220
1.0
230
0.0
  0
LINE
  5
32F
330
1F
100
AcDbEntity
  8
Whole Simpsons House v1_Simpsons_house_02
100
AcDbLine
 10
-38.53281553913134
 20
0.0
 30
-162.3533248012706
 11
-38.53281553913134
 21
0.0
 31
-165.3536998012706
210
0.0
220
1.0
230
0.0
  0
LINE
  5
330
330
1F
100
AcDbEntity
  8
Whole Simpsons House v1_Simpsons_house_02
100
AcDbLine
 10
-40.71157109468682
 20
0.0
 30
-232.6883942457151
 11
-40.49179053913135
 21
0.0
 31
-233.6042053568262
210
0.0
220
1.0
230
0.0
  0
LINE
  5
331
330
1F
100
AcDbEntity
  8
Whole Simpsons House v1_Simpsons_house_02
100
AcDbLine
 10
-50.44224053913133
 20
0.0
 30
-228.1417942457151
 11
-65.14249053913133
 21
0.0
 31
-223.3362553568262
210
0.0
220
1.0
230
0.0
  0
LINE
  5
332
330
1F
100
AcDbEntity
  8
Whole Simpsons House v1_Simpsons_house_02
100
AcDbLine
 10
-68.81102665024247
 20
0.0
 30
-15.60482480127066
 11
-68.88793220579795
 21
0.0
 31
-16.3851692457151
210
0.0
220
1.0
230
0.0
  0
LINE
  5
333
330
1F
100
AcDbEntity
  8
Whole Simpsons House v1_Simpsons_house_02
100
AcDbLine
 10
-30.44079887246478
 20
0.0
 30
-154.8380998012707
 11
-45.39998776135366
 21
0.0
 31
-150.9106248012707
210
0.0
220
1.0
230
0.0
  0
LINE
  5
334
330
1F
100
AcDbEntity
  8
Whole Simpsons House v1_Simpsons_house_02
100
AcDbLine
 10
-95.10425998357576
 20
0.0
 30
-222.1720886901596
 11
-109.8045099835757
 21
0.0
 31
-226.9776275790484
210
0.0
220
1.0
230
0.0
  0
LINE
  5
335
330
1F
100
AcDbEntity
  8
Whole Simpsons House v1_Simpsons_house_02
100
AcDbLine
 10
-131.6915488724646
 20
0.0
 30
-6.801255356826218
 11
-131.6915488724646
 21
0.0
 31
-20.0903942457151
210
0.0
220
1.0
230
0.0
  0
LINE
  5
336
330
1F
100
AcDbEntity
  8
Whole Simpsons House v1_Simpsons_house_02
100
AcDbLine
 10
-46.87989053913135
 20
0.0
 30
-13.5562442457151
 11
-47.48631553913128
 21
0.0
 31
-13.05847480127066
210
0.0
220
1.0
230
0.0
  0
LINE
  5
337
330
1F
100
AcDbEntity
  8
Whole Simpsons House v1_Simpsons_house_02
100
AcDbLine
 10
-109.8045099835757
 20
0.0
 30
-226.9776275790484
 11
-95.10425998357576
 21
0.0
 31
-236.735108134604
210
0.0
220
1.0
230
0.0
  0
LINE
  5
338
330
1F
100
AcDbEntity
  8
Whole Simpsons House v1_Simpsons_house_02
100
AcDbLine
 10
-45.39998776135366
 20
0.0
 30
-150.9106248012707
 11
-45.39998776135366
 21
0.0
 31
-162.3533248012706
210
0.0
220
1.0
230
0.0
  0
LINE
  5
339
330
1F
100
AcDbEntity
  8
Whole Simpsons House v1_Simpsons_house_02
100
AcDbLine
 10
-212.4758960946868
 20
0.0
 30
-13.57423591238177
 11
-212.4758960946868
 21
0.0
 31
-26.86337480127065
210
0.0
220
1.0
230
0.0
  0
LINE
  5
33A
330
1F
100
AcDbEntity
  8
Whole Simpsons House v1_Simpsons_house_02
100
AcDbLine
 10
-46.01276276135354
 20
0.0
 30
-14.85446646793732
 11
-46.38212109468696
 21
0.0
 31
-14.1626692457151
210
0.0
220
1.0
230
0.0
  0
LINE
  5
33B
330
1F
100
AcDbEntity
  8
Whole Simpsons House v1_Simpsons_house_02
100
AcDbLine
 10
-47.48631553913128
 20
0.0
 30
-13.05847480127066
 11
-48.17775998357582
 21
0.0
 31
-12.68911646793732
210
0.0
220
1.0
230
0.0
  0
LINE
  5
33C
330
1F
100
AcDbEntity
  8
Whole Simpsons House v1_Simpsons_house_02
100
AcDbLine
 10
-45.39998776135366
 20
0.0
 30
-176.7963998012707
 11
-30.44079887246478
 21
0.0
 31
-172.8685720234929
210
0.0
220
1.0
230
0.0
  0
LINE
  5
33D
330
1F
100
AcDbEntity
  8
Whole Simpsons House v1_Simpsons_house_02
100
AcDbLine
 10
-24.01071831690916
 20
0.0
 30
-156.4739303568262
 11
-24.01071831690916
 21
0.0
 31
-179.3593303568261
210
0.0
220
1.0
230
0.0
  0
LINE
  5
33E
330
1F
100
AcDbEntity
  8
Whole Simpsons House v1_Simpsons_house_02
100
AcDbLine
 10
-65.66777665024247
 20
0.0
 30
-12.46157480127066
 11
-66.41813498357574
 21
0.0
 31
-12.68911646793732
210
0.0
220
1.0
230
0.0
  0
LINE
  5
33F
330
1F
100
AcDbEntity
  8
Whole Simpsons House v1_Simpsons_house_02
100
AcDbLine
 10
-45.70796276135354
 20
0.0
 30
-18.38577202349288
 11
-45.70796276135354
 21
0.0
 31
-16.3851692457151
210
0.0
220
1.0
230
0.0
  0
LINE
  5
340
330
1F
100
AcDbEntity
  8
Whole Simpsons House v1_Simpsons_house_02
100
AcDbLine
 10
-108.8057960946868
 20
0.0
 30
-20.0903942457151
 11
-108.8057960946868
 21
0.0
 31
-6.801255356826218
210
0.0
220
1.0
230
0.0
  0
LINE
  5
341
330
1F
100
AcDbEntity
  8
Whole Simpsons House v1_Simpsons_house_02
100
AcDbLine
 10
-46.38212109468696
 20
0.0
 30
-14.1626692457151
 11
-46.87989053913135
 21
0.0
 31
-13.5562442457151
210
0.0
220
1.0
230
0.0
  0
LINE
  5
342
330
1F
100
AcDbEntity
  8
Whole Simpsons House v1_Simpsons_house_02
100
AcDbLine
 10
-45.39998776135366
 20
0.0
 30
-165.3536998012706
 11
-45.39998776135366
 21
0.0
 31
-176.7963998012707
210
0.0
220
1.0
230
0.0
  0
LINE
  5
343
330
1F
100
AcDbEntity
  8
Whole Simpsons House v1_Simpsons_house_02
100
AcDbLine
 10
-68.21377387246464
 20
0.0
 30
-14.1626692457151
 11
-68.5834849835757
 21
0.0
 31
-14.85446646793732
210
0.0
220
1.0
230
0.0
  0
LINE
  5
344
330
1F
100
AcDbEntity
  8
Whole Simpsons House v1_Simpsons_house_02
100
AcDbLine
 10
-40.786007205798
 20
0.0
 30
-225.5365303568261
 11
-40.786007205798
 21
0.0
 31
-231.7496525790484
210
0.0
220
1.0
230
0.0
  0
LINE
  5
345
330
1F
100
AcDbEntity
  8
Whole Simpsons House v1_Simpsons_house_02
100
AcDbLine
 10
-65.14249053913133
 20
0.0
 30
-223.3362553568262
 11
-65.14249053913133
 21
0.0
 31
-229.7543414679374
210
0.0
220
1.0
230
0.0
  0
LINE
  5
346
330
1F
100
AcDbEntity
  8
Whole Simpsons House v1_Simpsons_house_02
100
AcDbLine
 10
-44.82002109468697
 20
0.0
 30
-201.987908134604
 11
-44.31413776135356
 21
0.0
 31
-202.7820109123819
210
0.0
220
1.0
230
0.0
  0
LINE
  5
347
330
1F
100
AcDbEntity
  8
Whole Simpsons House v1_Simpsons_house_02
100
AcDbLine
 10
287.9989872386465
 20
0.0
 30
-42.14253313460399
 11
287.3872705719798
 21
0.0
 31
-42.85867202349288
210
0.0
220
1.0
230
0.0
  0
LINE
  5
348
330
1F
100
AcDbEntity
  8
Whole Simpsons House v1_Simpsons_house_02
100
AcDbLine
 10
-68.5834849835757
 20
0.0
 30
-14.85446646793732
 11
-68.81102665024247
 21
0.0
 31
-15.60482480127066
210
0.0
220
1.0
230
0.0
  0
LINE
  5
349
330
1F
100
AcDbEntity
  8
Whole Simpsons House v1_Simpsons_house_02
100
AcDbLine
 10
-10.72157942802014
 20
0.0
 30
-179.3593303568261
 11
-10.72157942802014
 21
0.0
 31
-156.4739303568262
210
0.0
220
1.0
230
0.0
  0
LINE
  5
34A
330
1F
100
AcDbEntity
  8
Whole Simpsons House v1_Simpsons_house_02
100
AcDbLine
 10
-61.14199053913132
 20
0.0
 30
-229.7543414679374
 11
-61.14199053913132
 21
0.0
 31
-232.7547164679373
210
0.0
220
1.0
230
0.0
  0
LINE
  5
34B
330
1F
100
AcDbEntity
  8
Whole Simpsons House v1_Simpsons_house_02
100
AcDbLine
 10
-67.10957942802025
 20
0.0
 30
-13.05847480127066
 11
-67.71600442802026
 21
0.0
 31
-13.5562442457151
210
0.0
220
1.0
230
0.0
  0
LINE
  5
34C
330
1F
100
AcDbEntity
  8
Whole Simpsons House v1_Simpsons_house_02
100
AcDbLine
 10
-44.82002109468697
 20
0.0
 30
-215.3920525790485
 11
-45.19537665024245
 21
0.0
 31
-216.2552998012707
210
0.0
220
1.0
230
0.0
  0
LINE
  5
34D
330
1F
100
AcDbEntity
  8
Whole Simpsons House v1_Simpsons_house_02
100
AcDbLine
 10
-15.48372665024253
 20
0.0
 30
-215.7307192457151
 11
-16.19527942802022
 21
0.0
 31
-216.4599109123817
210
0.0
220
1.0
230
0.0
  0
LINE
  5
34E
330
1F
100
AcDbEntity
  8
Whole Simpsons House v1_Simpsons_house_02
100
AcDbLine
 10
286.3151789053132
 20
0.0
 30
-45.44735535682621
 11
286.2410955719798
 21
0.0
 31
-46.38609702349288
210
0.0
220
1.0
230
0.0
  0
LINE
  5
34F
330
1F
100
AcDbEntity
  8
Whole Simpsons House v1_Simpsons_house_02
100
AcDbLine
 10
-45.52134331690918
 20
0.0
 30
-199.2750470234929
 11
-45.43103220579798
 21
0.0
 31
-200.2123775790484
210
0.0
220
1.0
230
0.0
  0
LINE
  5
350
330
1F
100
AcDbEntity
  8
Whole Simpsons House v1_Simpsons_house_02
100
AcDbLine
 10
-17.23914887246465
 20
0.0
 30
-220.0762359123818
 11
-16.99996553913134
 21
0.0
 31
-220.8213025790484
210
0.0
220
1.0
230
0.0
  0
LINE
  5
351
330
1F
100
AcDbEntity
  8
Whole Simpsons House v1_Simpsons_house_02
100
AcDbLine
 10
264.7008372386464
 20
0.0
 30
-52.49903035682621
 11
264.7008372386464
 21
0.0
 31
-56.18767480127066
210
0.0
220
1.0
230
0.0
  0
LINE
  5
352
330
1F
100
AcDbEntity
  8
Whole Simpsons House v1_Simpsons_house_02
100
AcDbLine
 10
-65.14249053913133
 20
0.0
 30
-232.7547164679373
 11
-65.14249053913133
 21
0.0
 31
-237.8992748012707
210
0.0
220
1.0
230
0.0
  0
LINE
  5
353
330
1F
100
AcDbEntity
  8
Whole Simpsons House v1_Simpsons_house_02
100
AcDbLine
 10
293.2028122386463
 20
0.0
 30
-58.50013313460399
 11
293.2028122386463
 21
0.0
 31
-48.74970813460399
210
0.0
220
1.0
230
0.0
  0
LINE
  5
354
330
1F
100
AcDbEntity
  8
Whole Simpsons House v1_Simpsons_house_02
100
AcDbLine
 10
-59.27367942802028
 20
0.0
 30
-18.38577202349288
 11
-59.27367942802028
 21
0.0
 31
-24.38687480127066
210
0.0
220
1.0
230
0.0
  0
LINE
  5
355
330
1F
100
AcDbEntity
  8
Whole Simpsons House v1_Simpsons_house_02
100
AcDbLine
 10
-45.46384053913129
 20
0.0
 30
-198.3352470234929
 11
-45.52134331690918
 21
0.0
 31
-199.2750470234929
210
0.0
220
1.0
230
0.0
  0
LINE
  5
356
330
1F
100
AcDbEntity
  8
Whole Simpsons House v1_Simpsons_house_02
100
AcDbLine
 10
-88.78742109468682
 20
0.0
 30
-233.5724553568262
 11
-88.27765720579805
 21
0.0
 31
-234.1690025790485
210
0.0
220
1.0
230
0.0
  0
LINE
  5
357
330
1F
100
AcDbEntity
  8
Whole Simpsons House v1_Simpsons_house_02
100
AcDbLine
 10
-127.9178849835757
 20
0.0
 30
-45.11786091238175
 11
-127.9178849835757
 21
0.0
 31
-65.17116091238177
210
0.0
220
1.0
230
0.0
  0
LINE
  5
358
330
1F
100
AcDbEntity
  8
Whole Simpsons House v1_Simpsons_house_02
100
AcDbLine
 10
-16.19527942802022
 20
0.0
 30
-216.4599109123817
 11
-16.68493498357577
 21
0.0
 31
-217.0719803568262
210
0.0
220
1.0
230
0.0
  0
LINE
  5
359
330
1F
100
AcDbEntity
  8
Whole Simpsons House v1_Simpsons_house_02
100
AcDbLine
 10
-15.17151831690917
 20
0.0
 30
-189.1288053568263
 11
-15.46714609468686
 21
0.0
 31
-189.7281748012706
210
0.0
220
1.0
230
0.0
  0
LINE
  5
35A
330
1F
100
AcDbEntity
  8
Whole Simpsons House v1_Simpsons_house_02
100
AcDbLine
 10
-65.14249053913133
 20
0.0
 30
-237.8992748012707
 11
-50.44224053913133
 21
0.0
 31
-228.1417942457151
210
0.0
220
1.0
230
0.0
  0
LINE
  5
35B
330
1F
100
AcDbEntity
  8
Whole Simpsons House v1_Simpsons_house_02
100
AcDbLine
 10
-140.4302072057979
 20
0.0
 30
-20.72045535682621
 11
-140.4302072057979
 21
0.0
 31
-8.751763690159553
210
0.0
220
1.0
230
0.0
  0
LINE
  5
35C
330
1F
100
AcDbEntity
  8
Whole Simpsons House v1_Simpsons_house_02
100
AcDbLine
 10
-95.10425998357576
 20
0.0
 30
-236.735108134604
 11
-95.10425998357576
 21
0.0
 31
-231.5905498012706
210
0.0
220
1.0
230
0.0
  0
LINE
  5
35D
330
1F
100
AcDbEntity
  8
Whole Simpsons House v1_Simpsons_house_02
100
AcDbLine
 10
-71.90559331690915
 20
0.0
 30
-232.9032359123818
 11
-71.60537942802023
 21
0.0
 31
-232.1782775790484
210
0.0
220
1.0
230
0.0
  0
LINE
  5
35E
330
1F
100
AcDbEntity
  8
Whole Simpsons House v1_Simpsons_house_02
100
AcDbLine
 10
-98.28525720579798
 20
0.0
 30
-28.74614980127065
 11
-98.28525720579798
 21
0.0
 31
-31.74652480127067
210
0.0
220
1.0
230
0.0
  0
LINE
  5
35F
330
1F
100
AcDbEntity
  8
Whole Simpsons House v1_Simpsons_house_02
100
AcDbLine
 10
-52.84465720579795
 20
0.0
 30
-24.38687480127066
 11
-52.84465720579795
 21
0.0
 31
-21.38649980127066
210
0.0
220
1.0
230
0.0
  0
LINE
  5
360
330
1F
100
AcDbEntity
  8
Whole Simpsons House v1_Simpsons_house_02
100
AcDbLine
 10
-100.5518544280203
 20
0.0
 30
-15.20583313460399
 11
-100.5518544280203
 21
0.0
 31
-28.74614980127065
210
0.0
220
1.0
230
0.0
  0
LINE
  5
361
330
1F
100
AcDbEntity
  8
Whole Simpsons House v1_Simpsons_house_02
100
AcDbLine
 10
-45.70796276135354
 20
0.0
 30
-16.3851692457151
 11
-45.78522109468696
 21
0.0
 31
-15.60482480127066
210
0.0
220
1.0
230
0.0
  0
LINE
  5
362
330
1F
100
AcDbEntity
  8
Whole Simpsons House v1_Simpsons_house_02
100
AcDbLine
 10
-66.41813498357574
 20
0.0
 30
-12.68911646793732
 11
-67.10957942802025
 21
0.0
 31
-13.05847480127066
210
0.0
220
1.0
230
0.0
  0
LINE
  5
363
330
1F
100
AcDbEntity
  8
Whole Simpsons House v1_Simpsons_house_02
100
AcDbLine
 10
-67.71600442802026
 20
0.0
 30
-13.5562442457151
 11
-68.21377387246464
 21
0.0
 31
-14.1626692457151
210
0.0
220
1.0
230
0.0
  0
LINE
  5
364
330
1F
100
AcDbEntity
  8
Whole Simpsons House v1_Simpsons_house_02
100
AcDbLine
 10
-65.53936553913131
 20
0.0
 30
-24.38687480127066
 11
-65.53936553913131
 21
0.0
 31
-18.38577202349288
210
0.0
220
1.0
230
0.0
  0
LINE
  5
365
330
1F
100
AcDbEntity
  8
Whole Simpsons House v1_Simpsons_house_02
100
AcDbLine
 10
-43.69007387246481
 20
0.0
 30
-213.8923942457151
 11
-44.31413776135356
 21
0.0
 31
-214.5975970234929
210
0.0
220
1.0
230
0.0
  0
LINE
  5
366
330
1F
100
AcDbEntity
  8
Whole Simpsons House v1_Simpsons_house_02
100
AcDbLine
 10
-71.3605516502425
 20
0.0
 30
-230.6331109123818
 11
-71.3605516502425
 21
0.0
 31
-229.632633134604
210
0.0
220
1.0
230
0.0
  0
LINE
  5
367
330
1F
100
AcDbEntity
  8
Whole Simpsons House v1_Simpsons_house_02
100
AcDbLine
 10
-302.215507205798
 20
0.0
 30
-21.77702480127066
 11
-302.215507205798
 21
0.0
 31
-9.347252579048433
210
0.0
220
1.0
230
0.0
  0
LINE
  5
368
330
1F
100
AcDbEntity
  8
Whole Simpsons House v1_Simpsons_house_02
100
AcDbLine
 10
-17.26243220579803
 20
0.0
 30
-218.5190748012707
 11
-17.32769609468682
 21
0.0
 31
-219.2990664679373
210
0.0
220
1.0
230
0.0
  0
LINE
  5
369
330
1F
100
AcDbEntity
  8
Whole Simpsons House v1_Simpsons_house_02
100
AcDbLine
 10
-42.75450720579797
 20
0.0
 30
-212.9889303568262
 11
-43.69007387246481
 21
0.0
 31
-213.8923942457151
210
0.0
220
1.0
230
0.0
  0
LINE
  5
36A
330
1F
100
AcDbEntity
  8
Whole Simpsons House v1_Simpsons_house_02
100
AcDbLine
 10
-13.06120165024246
 20
0.0
 30
-218.9812136901596
 11
-8.123723872464625
 21
0.0
 31
-213.8708748012707
210
0.0
220
1.0
230
0.0
  0
LINE
  5
36B
330
1F
100
AcDbEntity
  8
Whole Simpsons House v1_Simpsons_house_02
100
AcDbLine
 10
-44.43655165024246
 20
0.0
 30
-221.6513886901595
 11
-43.83753498357574
 21
0.0
 31
-222.3781109123818
210
0.0
220
1.0
230
0.0
  0
LINE
  5
36C
330
1F
100
AcDbEntity
  8
Whole Simpsons House v1_Simpsons_house_02
100
AcDbLine
 10
-95.10425998357576
 20
0.0
 30
-228.5898220234929
 11
-95.10425998357576
 21
0.0
 31
-222.1720886901596
210
0.0
220
1.0
230
0.0
  0
LINE
  5
36D
330
1F
100
AcDbEntity
  8
Whole Simpsons House v1_Simpsons_house_02
100
AcDbLine
 10
279.2793789053132
 20
0.0
 30
-58.50013313460399
 11
279.2793789053132
 21
0.0
 31
-61.50086091238177
210
0.0
220
1.0
230
0.0
  0
LINE
  5
36E
330
1F
100
AcDbEntity
  8
Whole Simpsons House v1_Simpsons_house_02
100
AcDbLine
 10
-11.41267109468678
 20
0.0
 30
-186.5736359123816
 11
-12.06813220579796
 21
0.0
 31
-186.7475553568262
210
0.0
220
1.0
230
0.0
  0
LINE
  5
36F
330
1F
100
AcDbEntity
  8
Whole Simpsons House v1_Simpsons_house_02
100
AcDbLine
 10
-44.91456553913135
 20
0.0
 30
-196.539608134604
 11
-45.25993498357582
 21
0.0
 31
-197.415908134604
210
0.0
220
1.0
230
0.0
  0
LINE
  5
370
330
1F
100
AcDbEntity
  8
Whole Simpsons House v1_Simpsons_house_02
100
AcDbLine
 10
-39.02811553913132
 20
0.0
 30
-235.9932164679373
 11
-38.31197665024252
 21
0.0
 31
-236.604933134604
210
0.0
220
1.0
230
0.0
  0
LINE
  5
371
330
1F
100
AcDbEntity
  8
Whole Simpsons House v1_Simpsons_house_02
100
AcDbLine
 10
-30.44079887246478
 20
0.0
 30
-172.8685720234929
 11
-30.44079887246478
 21
0.0
 31
-154.8380998012707
210
0.0
220
1.0
230
0.0
  0
LINE
  5
372
330
1F
100
AcDbEntity
  8
Whole Simpsons House v1_Simpsons_house_02
100
AcDbLine
 10
-16.99996553913134
 20
0.0
 30
-220.8213025790484
 11
-16.6189655391313
 21
0.0
 31
-221.5056914679373
210
0.0
220
1.0
230
0.0
  0
LINE
  5
373
330
1F
100
AcDbEntity
  8
Whole Simpsons House v1_Simpsons_house_02
100
AcDbLine
 10
-49.84392942802028
 20
0.0
 30
-21.38649980127066
 11
-49.84392942802028
 21
0.0
 31
-18.38577202349288
210
0.0
220
1.0
230
0.0
  0
LINE
  5
374
330
1F
100
AcDbEntity
  8
Whole Simpsons House v1_Simpsons_house_02
100
AcDbLine
 10
-45.43103220579798
 20
0.0
 30
-217.1672303568262
 11
-45.52134331690918
 21
0.0
 31
-218.1045609123818
210
0.0
220
1.0
230
0.0
  0
LINE
  5
375
330
1F
100
AcDbEntity
  8
Whole Simpsons House v1_Simpsons_house_02
100
AcDbLine
 10
-40.49179053913135
 20
0.0
 30
-183.7754025790484
 11
-40.71157109468682
 21
0.0
 31
-184.6912136901595
210
0.0
220
1.0
230
0.0
  0
LINE
  5
376
330
1F
100
AcDbEntity
  8
Whole Simpsons House v1_Simpsons_house_02
100
AcDbLine
 10
-21.30949887246476
 20
0.0
 30
-221.6326914679373
 11
-21.30949887246476
 21
0.0
 31
-195.7469164679373
210
0.0
220
1.0
230
0.0
  0
LINE
  5
377
330
1F
100
AcDbEntity
  8
Whole Simpsons House v1_Simpsons_house_02
100
AcDbLine
 10
-101.2859849835757
 20
0.0
 30
-31.74652480127067
 11
-101.2859849835757
 21
0.0
 31
-34.74725257904844
210
0.0
220
1.0
230
0.0
  0
LINE
  5
378
330
1F
100
AcDbEntity
  8
Whole Simpsons House v1_Simpsons_house_02
100
AcDbLine
 10
-12.06813220579796
 20
0.0
 30
-186.7475553568262
 11
-12.70136831690919
 21
0.0
 31
-186.9623970234929
210
0.0
220
1.0
230
0.0
  0
LINE
  5
379
330
1F
100
AcDbEntity
  8
Whole Simpsons House v1_Simpsons_house_02
100
AcDbLine
 10
-108.7419433169091
 20
0.0
 30
-65.17116091238177
 11
-108.7419433169091
 21
0.0
 31
-45.11786091238175
210
0.0
220
1.0
230
0.0
  0
LINE
  5
37A
330
1F
100
AcDbEntity
  8
Whole Simpsons House v1_Simpsons_house_02
100
AcDbLine
 10
-44.43655165024246
 20
0.0
 30
-195.7282192457151
 11
-44.91456553913135
 21
0.0
 31
-196.539608134604
210
0.0
220
1.0
230
0.0
  0
LINE
  5
37B
330
1F
100
AcDbEntity
  8
Whole Simpsons House v1_Simpsons_house_02
100
AcDbLine
 10
-16.68493498357577
 20
0.0
 30
-217.0719803568262
 11
-17.04512109468698
 21
0.0
 31
-217.7673053568262
210
0.0
220
1.0
230
0.0
  0
LINE
  5
37C
330
1F
100
AcDbEntity
  8
Whole Simpsons House v1_Simpsons_house_02
100
AcDbLine
 10
267.4108761275353
 20
0.0
 30
-58.75166369015955
 11
265.3488900164243
 21
0.0
 31
-60.93112480127066
210
0.0
220
1.0
230
0.0
  0
LINE
  5
37D
330
1F
100
AcDbEntity
  8
Whole Simpsons House v1_Simpsons_house_02
100
AcDbLine
 10
-39.63947942802025
 20
0.0
 30
-235.2770775790485
 11
-39.02811553913132
 21
0.0
 31
-235.9932164679373
210
0.0
220
1.0
230
0.0
  0
LINE
  5
37E
330
1F
100
AcDbEntity
  8
Whole Simpsons House v1_Simpsons_house_02
100
AcDbLine
 10
264.7008372386464
 20
0.0
 30
-56.18767480127066
 11
267.4108761275353
 21
0.0
 31
-58.75166369015955
210
0.0
220
1.0
230
0.0
  0
LINE
  5
37F
330
1F
100
AcDbEntity
  8
Whole Simpsons House v1_Simpsons_house_02
100
AcDbLine
 10
-74.81600998357574
 20
0.0
 30
-235.3892609123817
 11
-74.09105165024243
 21
0.0
 31
-235.0886942457151
210
0.0
220
1.0
230
0.0
  0
LINE
  5
380
330
1F
100
AcDbEntity
  8
Whole Simpsons House v1_Simpsons_house_02
100
AcDbLine
 10
-86.28693220579798
 20
0.0
 30
-235.3892609123817
 11
-85.52387387246466
 21
0.0
 31
-235.5723525790484
210
0.0
220
1.0
230
0.0
  0
LINE
  5
381
330
1F
100
AcDbEntity
  8
Whole Simpsons House v1_Simpsons_house_02
100
AcDbLine
 10
-37.78527942802028
 20
0.0
 30
-207.1892636901595
 11
-37.78527942802028
 21
0.0
 31
-210.1899914679373
210
0.0
220
1.0
230
0.0
  0
LINE
  5
382
330
1F
100
AcDbEntity
  8
Whole Simpsons House v1_Simpsons_house_02
100
AcDbLine
 10
-45.52134331690918
 20
0.0
 30
-218.1045609123818
 11
-45.46384053913129
 21
0.0
 31
-219.0443609123817
210
0.0
220
1.0
230
0.0
  0
LINE
  5
383
330
1F
100
AcDbEntity
  8
Whole Simpsons House v1_Simpsons_house_02
100
AcDbLine
 10
-77.33554887246466
 20
0.0
 30
-34.74725257904844
 11
-77.33554887246466
 21
0.0
 31
-31.74652480127067
210
0.0
220
1.0
230
0.0
  0
LINE
  5
384
330
1F
100
AcDbEntity
  8
Whole Simpsons House v1_Simpsons_house_02
100
AcDbLine
 10
-10.90290720579801
 20
0.0
 30
-221.0657775790485
 11
-13.06120165024246
 21
0.0
 31
-218.9812136901596
210
0.0
220
1.0
230
0.0
  0
LINE
  5
385
330
1F
100
AcDbEntity
  8
Whole Simpsons House v1_Simpsons_house_02
100
AcDbLine
 10
-77.57367387246461
 20
0.0
 30
-226.6319053568262
 11
-77.57367387246461
 21
0.0
 31
-223.6315303568261
210
0.0
220
1.0
230
0.0
  0
LINE
  5
386
330
1F
100
AcDbEntity
  8
Whole Simpsons House v1_Simpsons_house_02
100
AcDbLine
 10
290.3879983497575
 20
0.0
 30
-40.67850535682621
 11
289.5176955719797
 21
0.0
 31
-41.0390442457151
210
0.0
220
1.0
230
0.0
  0
LINE
  5
387
330
1F
100
AcDbEntity
  8
Whole Simpsons House v1_Simpsons_house_02
100
AcDbLine
 10
-89.49791553913133
 20
0.0
 30
-232.1782775790484
 11
-89.19734887246464
 21
0.0
 31
-232.9032359123818
210
0.0
220
1.0
230
0.0
  0
LINE
  5
388
330
1F
100
AcDbEntity
  8
Whole Simpsons House v1_Simpsons_house_02
100
AcDbLine
 10
287.3872705719798
 20
0.0
 30
-42.85867202349288
 11
286.8951455719797
 21
0.0
 31
-43.6615942457151
210
0.0
220
1.0
230
0.0
  0
LINE
  5
389
330
1F
100
AcDbEntity
  8
Whole Simpsons House v1_Simpsons_house_02
100
AcDbLine
 10
-45.46384053913129
 20
0.0
 30
-219.0443609123817
 11
-45.25993498357582
 21
0.0
 31
-219.9636998012706
210
0.0
220
1.0
230
0.0
  0
LINE
  5
38A
330
1F
100
AcDbEntity
  8
Whole Simpsons House v1_Simpsons_house_02
100
AcDbLine
 10
-78.06967942802028
 20
0.0
 30
-28.74614980127065
 11
-78.06967942802028
 21
0.0
 31
-15.20583313460399
210
0.0
220
1.0
230
0.0
  0
LINE
  5
38B
330
1F
100
AcDbEntity
  8
Whole Simpsons House v1_Simpsons_house_02
100
AcDbLine
 10
-86.5419905391313
 20
0.0
 30
-226.6319053568262
 11
-86.5419905391313
 21
0.0
 31
-229.632633134604
210
0.0
220
1.0
230
0.0
  0
LINE
  5
38C
330
1F
100
AcDbEntity
  8
Whole Simpsons House v1_Simpsons_house_02
100
AcDbLine
 10
286.8951455719797
 20
0.0
 30
-43.6615942457151
 11
286.5346066830909
 21
0.0
 31
-44.5315442457151
210
0.0
220
1.0
230
0.0
  0
LINE
  5
38D
330
1F
100
AcDbEntity
  8
Whole Simpsons House v1_Simpsons_house_02
100
AcDbLine
 10
-8.789768316909132
 20
0.0
 30
-186.9623970234929
 11
-9.422651650242457
 21
0.0
 31
-186.7475553568262
210
0.0
220
1.0
230
0.0
  0
LINE
  5
38E
330
1F
100
AcDbEntity
  8
Whole Simpsons House v1_Simpsons_house_02
100
AcDbLine
 10
-71.60537942802023
 20
0.0
 30
-232.1782775790484
 11
-71.42193498357581
 21
0.0
 31
-231.4152192457151
210
0.0
220
1.0
230
0.0
  0
LINE
  5
38F
330
1F
100
AcDbEntity
  8
Whole Simpsons House v1_Simpsons_house_02
100
AcDbLine
 10
-40.786007205798
 20
0.0
 30
-191.8430775790484
 11
-43.83753498357574
 21
0.0
 31
-195.0018498012706
210
0.0
220
1.0
230
0.0
  0
LINE
  5
390
330
1F
100
AcDbEntity
  8
Whole Simpsons House v1_Simpsons_house_02
100
AcDbLine
 10
272.3176622386465
 20
0.0
 30
-58.50013313460399
 11
272.3176622386465
 21
0.0
 31
-61.50086091238177
210
0.0
220
1.0
230
0.0
  0
LINE
  5
391
330
1F
100
AcDbEntity
  8
Whole Simpsons House v1_Simpsons_house_02
100
AcDbLine
 10
-21.30949887246476
 20
0.0
 30
-195.7469164679373
 11
-31.78382387246479
 21
0.0
 31
-185.6299553568262
210
0.0
220
1.0
230
0.0
  0
LINE
  5
392
330
1F
100
AcDbEntity
  8
Whole Simpsons House v1_Simpsons_house_02
100
AcDbLine
 10
-43.83753498357574
 20
0.0
 30
-222.3781109123818
 11
-40.786007205798
 21
0.0
 31
-225.5365303568261
210
0.0
220
1.0
230
0.0
  0
LINE
  5
393
330
1F
100
AcDbEntity
  8
Whole Simpsons House v1_Simpsons_house_02
100
AcDbLine
 10
-44.31413776135356
 20
0.0
 30
-202.7820109123819
 11
-43.69007387246481
 21
0.0
 31
-203.4872136901595
210
0.0
220
1.0
230
0.0
  0
LINE
  5
394
330
1F
100
AcDbEntity
  8
Whole Simpsons House v1_Simpsons_house_02
100
AcDbLine
 10
277.2791289053131
 20
0.0
 30
-61.50086091238177
 11
277.2791289053131
 21
0.0
 31
-58.50013313460399
210
0.0
220
1.0
230
0.0
  0
LINE
  5
395
330
1F
100
AcDbEntity
  8
Whole Simpsons House v1_Simpsons_house_02
100
AcDbLine
 10
-83.54126276135354
 20
0.0
 30
-223.6315303568261
 11
-83.54126276135354
 21
0.0
 31
-226.6319053568262
210
0.0
220
1.0
230
0.0
  0
LINE
  5
396
330
1F
100
AcDbEntity
  8
Whole Simpsons House v1_Simpsons_house_02
100
AcDbLine
 10
-15.85590720579798
 20
0.0
 30
-191.6839748012707
 11
-15.48372665024253
 21
0.0
 31
-215.7307192457151
210
0.0
220
1.0
230
0.0
  0
LINE
  5
397
330
1F
100
AcDbEntity
  8
Whole Simpsons House v1_Simpsons_house_02
100
AcDbLine
 10
-74.09105165024243
 20
0.0
 30
-235.0886942457151
 11
-73.42183220579801
 21
0.0
 31
-234.6787664679373
210
0.0
220
1.0
230
0.0
  0
LINE
  5
398
330
1F
100
AcDbEntity
  8
Whole Simpsons House v1_Simpsons_house_02
100
AcDbLine
 10
-12.70136831690919
 20
0.0
 30
-186.9623970234929
 11
-13.30073776135364
 21
0.0
 31
-187.2580248012707
210
0.0
220
1.0
230
0.0
  0
LINE
  5
399
330
1F
100
AcDbEntity
  8
Whole Simpsons House v1_Simpsons_house_02
100
AcDbLine
 10
-87.68110998357574
 20
0.0
 30
-234.6787664679373
 11
-87.01189053913126
 21
0.0
 31
-235.0886942457151
210
0.0
220
1.0
230
0.0
  0
LINE
  5
39A
330
1F
100
AcDbEntity
  8
Whole Simpsons House v1_Simpsons_house_02
100
AcDbLine
 10
-15.46714609468686
 20
0.0
 30
-189.7281748012706
 11
-15.68198776135353
 21
0.0
 31
-190.3614109123816
210
0.0
220
1.0
230
0.0
  0
LINE
  5
39B
330
1F
100
AcDbEntity
  8
Whole Simpsons House v1_Simpsons_house_02
100
AcDbLine
 10
-34.78455165024247
 20
0.0
 30
-216.9206386901595
 11
-36.94249331690912
 21
0.0
 31
-219.0052025790484
210
0.0
220
1.0
230
0.0
  0
LINE
  5
39C
330
1F
100
AcDbEntity
  8
Whole Simpsons House v1_Simpsons_house_02
100
AcDbLine
 10
-37.50905442802025
 20
0.0
 30
-237.097058134604
 11
-36.63910442802023
 21
0.0
 31
-237.4572442457151
210
0.0
220
1.0
230
0.0
  0
LINE
  5
39D
330
1F
100
AcDbEntity
  8
Whole Simpsons House v1_Simpsons_house_02
100
AcDbLine
 10
-44.31413776135356
 20
0.0
 30
-214.5975970234929
 11
-44.82002109468697
 21
0.0
 31
-215.3920525790485
210
0.0
220
1.0
230
0.0
  0
LINE
  5
39E
330
1F
100
AcDbEntity
  8
Whole Simpsons House v1_Simpsons_house_02
100
AcDbLine
 10
-74.57329887246466
 20
0.0
 30
-229.632633134604
 11
-74.57329887246466
 21
0.0
 31
-226.6319053568262
210
0.0
220
1.0
230
0.0
  0
LINE
  5
39F
330
1F
100
AcDbEntity
  8
Whole Simpsons House v1_Simpsons_house_02
100
AcDbLine
 10
-16.11096553913132
 20
0.0
 30
-222.1029442457151
 11
-13.19596276135364
 21
0.0
 31
-224.9184636901595
210
0.0
220
1.0
230
0.0
  0
LINE
  5
3A0
330
1F
100
AcDbEntity
  8
Whole Simpsons House v1_Simpsons_house_02
100
AcDbLine
 10
-35.72329331690912
 20
0.0
 30
-179.6284998012707
 11
-36.63910442802023
 21
0.0
 31
-179.9223636901595
210
0.0
220
1.0
230
0.0
  0
LINE
  5
3A1
330
1F
100
AcDbEntity
  8
Whole Simpsons House v1_Simpsons_house_02
100
AcDbLine
 10
-45.19537665024245
 20
0.0
 30
-201.124308134604
 11
-44.82002109468697
 21
0.0
 31
-201.987908134604
210
0.0
220
1.0
230
0.0
  0
LINE
  5
3A2
330
1F
100
AcDbEntity
  8
Whole Simpsons House v1_Simpsons_house_02
100
AcDbLine
 10
288.7147733497575
 20
0.0
 30
-41.53081646793732
 11
287.9989872386465
 21
0.0
 31
-42.14253313460399
210
0.0
220
1.0
230
0.0
  0
LINE
  5
3A3
330
1F
100
AcDbEntity
  8
Whole Simpsons House v1_Simpsons_house_02
100
AcDbLine
 10
306.6559927942019
 20
0.0
 30
-48.74970813460399
 11
306.6559927942019
 21
0.0
 31
-40.3849942457151
210
0.0
220
1.0
230
0.0
  0
LINE
  5
3A4
330
1F
100
AcDbEntity
  8
Whole Simpsons House v1_Simpsons_house_02
100
AcDbLine
 10
-40.59621276135352
 20
0.0
 30
-206.4752414679373
 11
-40.59621276135352
 21
0.0
 31
-207.1892636901595
210
0.0
220
1.0
230
0.0
  0
LINE
  5
3A5
330
1F
100
AcDbEntity
  8
Whole Simpsons House v1_Simpsons_house_02
100
AcDbLine
 10
-17.32769609468682
 20
0.0
 30
-219.2990664679373
 11
-17.23914887246465
 21
0.0
 31
-220.0762359123818
210
0.0
220
1.0
230
0.0
  0
LINE
  5
3A6
330
1F
100
AcDbEntity
  8
Whole Simpsons House v1_Simpsons_house_02
100
AcDbLine
 10
-72.31552109468697
 20
0.0
 30
-233.5724553568262
 11
-71.90559331690915
 21
0.0
 31
-232.9032359123818
210
0.0
220
1.0
230
0.0
  0
LINE
  5
3A7
330
1F
100
AcDbEntity
  8
Whole Simpsons House v1_Simpsons_house_02
100
AcDbLine
 10
286.2410955719798
 20
0.0
 30
-46.38609702349288
 11
286.2410955719798
 21
0.0
 31
-52.49903035682621
210
0.0
220
1.0
230
0.0
  0
LINE
  5
3A8
330
1F
100
AcDbEntity
  8
Whole Simpsons House v1_Simpsons_house_02
100
AcDbLine
 10
-16.6189655391313
 20
0.0
 30
-221.5056914679373
 11
-16.11096553913132
 21
0.0
 31
-222.1029442457151
210
0.0
220
1.0
230
0.0
  0
LINE
  5
3A9
330
1F
100
AcDbEntity
  8
Whole Simpsons House v1_Simpsons_house_02
100
AcDbLine
 10
-17.04512109468698
 20
0.0
 30
-217.7673053568262
 11
-17.26243220579803
 21
0.0
 31
-218.5190748012707
210
0.0
220
1.0
230
0.0
  0
LINE
  5
3AA
330
1F
100
AcDbEntity
  8
Whole Simpsons House v1_Simpsons_house_02
100
AcDbLine
 10
-14.35907109468693
 20
0.0
 30
-188.0701192457151
 11
-14.80004331690899
 21
0.0
 31
-188.5728275790485
210
0.0
220
1.0
230
0.0
  0
LINE
  5
3AB
330
1F
100
AcDbEntity
  8
Whole Simpsons House v1_Simpsons_house_02
100
AcDbLine
 10
-43.69007387246481
 20
0.0
 30
-203.4872136901595
 11
-42.75450720579797
 21
0.0
 31
-204.3910303568262
210
0.0
220
1.0
230
0.0
  0
LINE
  5
3AC
330
1F
100
AcDbEntity
  8
Whole Simpsons House v1_Simpsons_house_02
100
AcDbLine
 10
-9.422651650242457
 20
0.0
 30
-186.7475553568262
 11
-10.07846553913132
 21
0.0
 31
-186.6170275790484
210
0.0
220
1.0
230
0.0
  0
LINE
  5
3AD
330
1F
100
AcDbEntity
  8
Whole Simpsons House v1_Simpsons_house_02
100
AcDbLine
 10
-87.01189053913126
 20
0.0
 30
-235.0886942457151
 11
-86.28693220579798
 21
0.0
 31
-235.3892609123817
210
0.0
220
1.0
230
0.0
  0
LINE
  5
3AE
330
1F
100
AcDbEntity
  8
Whole Simpsons House v1_Simpsons_house_02
100
AcDbLine
 10
-39.63947942802025
 20
0.0
 30
-182.1025303568261
 11
-40.13160442802032
 21
0.0
 31
-182.9054525790484
210
0.0
220
1.0
230
0.0
  0
LINE
  5
3AF
330
1F
100
AcDbEntity
  8
Whole Simpsons House v1_Simpsons_house_02
100
AcDbLine
 10
265.3488900164243
 20
0.0
 30
-60.93112480127066
 11
268.2554261275353
 21
0.0
 31
-63.68067480127067
210
0.0
220
1.0
230
0.0
  0
LINE
  5
3B0
330
1F
100
AcDbEntity
  8
Whole Simpsons House v1_Simpsons_house_02
100
AcDbLine
 10
-80.3362766502423
 20
0.0
 30
-31.74652480127067
 11
-80.3362766502423
 21
0.0
 31
-28.74614980127065
210
0.0
220
1.0
230
0.0
  0
LINE
  5
3B1
330
1F
100
AcDbEntity
  8
Whole Simpsons House v1_Simpsons_house_02
100
AcDbLine
 10
-40.13160442802032
 20
0.0
 30
-234.474508134604
 11
-39.63947942802025
 21
0.0
 31
-235.2770775790485
210
0.0
220
1.0
230
0.0
  0
LINE
  5
3B2
330
1F
100
AcDbEntity
  8
Whole Simpsons House v1_Simpsons_house_02
100
AcDbLine
 10
-40.59621276135352
 20
0.0
 30
-210.1899914679373
 11
-40.59621276135352
 21
0.0
 31
-210.9043664679373
210
0.0
220
1.0
230
0.0
  0
LINE
  5
3B3
330
1F
100
AcDbEntity
  8
Whole Simpsons House v1_Simpsons_house_02
100
AcDbLine
 10
-6.733073872464745
 20
0.0
 30
-216.7498942457151
 11
-10.90290720579801
 21
0.0
 31
-221.0657775790485
210
0.0
220
1.0
230
0.0
  0
LINE
  5
3B4
330
1F
100
AcDbEntity
  8
Whole Simpsons House v1_Simpsons_house_02
100
AcDbLine
 10
-40.786007205798
 20
0.0
 30
-185.6299553568262
 11
-40.786007205798
 21
0.0
 31
-191.8430775790484
210
0.0
220
1.0
230
0.0
  0
LINE
  5
3B5
330
1F
100
AcDbEntity
  8
Whole Simpsons House v1_Simpsons_house_02
100
AcDbLine
 10
-34.78455165024247
 20
0.0
 30
-200.4589692457151
 11
-40.59621276135352
 21
0.0
 31
-206.4752414679373
210
0.0
220
1.0
230
0.0
  0
LINE
  5
3B6
330
1F
100
AcDbEntity
  8
Whole Simpsons House v1_Simpsons_house_02
100
AcDbLine
 10
-3.855465539131444
 20
0.0
 30
-219.5294303568262
 11
-6.733073872464745
 21
0.0
 31
-216.7498942457151
210
0.0
220
1.0
230
0.0
  0
LINE
  5
3B7
330
1F
100
AcDbEntity
  8
Whole Simpsons House v1_Simpsons_house_02
100
AcDbLine
 10
-40.71157109468682
 20
0.0
 30
-184.6912136901595
 11
-40.786007205798
 21
0.0
 31
-185.6299553568262
210
0.0
220
1.0
230
0.0
  0
LINE
  5
3B8
330
1F
100
AcDbEntity
  8
Whole Simpsons House v1_Simpsons_house_02
100
AcDbLine
 10
291.3034566830909
 20
0.0
 30
-40.45872480127066
 11
290.3879983497575
 21
0.0
 31
-40.67850535682621
210
0.0
220
1.0
230
0.0
  0
LINE
  5
3B9
330
1F
100
AcDbEntity
  8
Whole Simpsons House v1_Simpsons_house_02
100
AcDbLine
 10
-38.31197665024252
 20
0.0
 30
-236.604933134604
 11
-37.50905442802025
 21
0.0
 31
-237.097058134604
210
0.0
220
1.0
230
0.0
  0
LINE
  5
3BA
330
1F
100
AcDbEntity
  8
Whole Simpsons House v1_Simpsons_house_02
100
AcDbLine
 10
-38.31197665024252
 20
0.0
 30
-180.7746748012706
 11
-39.02811553913132
 21
0.0
 31
-181.3863914679373
210
0.0
220
1.0
230
0.0
  0
LINE
  5
3BB
330
1F
100
AcDbEntity
  8
Whole Simpsons House v1_Simpsons_house_02
100
AcDbLine
 10
-15.81216276135354
 20
0.0
 30
-191.0168720234929
 11
-15.85590720579798
 21
0.0
 31
-191.6839748012707
210
0.0
220
1.0
230
0.0
  0
LINE
  5
3BC
330
1F
100
AcDbEntity
  8
Whole Simpsons House v1_Simpsons_house_02
100
AcDbLine
 10
-34.78455165024247
 20
0.0
 30
-237.7507553568262
 11
-34.78455165024247
 21
0.0
 31
-231.7496525790484
210
0.0
220
1.0
230
0.0
  0
LINE
  5
3BD
330
1F
100
AcDbEntity
  8
Whole Simpsons House v1_Simpsons_house_02
100
AcDbLine
 10
-89.68065442802028
 20
0.0
 30
-231.4152192457151
 11
-89.49791553913133
 21
0.0
 31
-232.1782775790484
210
0.0
220
1.0
230
0.0
  0
LINE
  5
3BE
330
1F
100
AcDbEntity
  8
Whole Simpsons House v1_Simpsons_house_02
100
AcDbLine
 10
-34.78455165024247
 20
0.0
 30
-185.6299553568262
 11
-34.78455165024247
 21
0.0
 31
-179.6284998012707
210
0.0
220
1.0
230
0.0
  0
LINE
  5
3BF
330
1F
100
AcDbEntity
  8
Whole Simpsons House v1_Simpsons_house_02
100
AcDbLine
 10
284.2408455719797
 20
0.0
 30
-61.50086091238177
 11
284.2408455719797
 21
0.0
 31
-58.50013313460399
210
0.0
220
1.0
230
0.0
  0
LINE
  5
3C0
330
1F
100
AcDbEntity
  8
Whole Simpsons House v1_Simpsons_house_02
100
AcDbLine
 10
-45.19537665024245
 20
0.0
 30
-216.2552998012707
 11
-45.43103220579798
 21
0.0
 31
-217.1672303568262
210
0.0
220
1.0
230
0.0
  0
LINE
  5
3C1
330
1F
100
AcDbEntity
  8
Whole Simpsons House v1_Simpsons_house_02
100
AcDbLine
 10
-89.74239053913134
 20
0.0
 30
-230.6331109123818
 11
-89.68065442802028
 21
0.0
 31
-231.4152192457151
210
0.0
220
1.0
230
0.0
  0
LINE
  5
3C2
330
1F
100
AcDbEntity
  8
Whole Simpsons House v1_Simpsons_house_02
100
AcDbLine
 10
-42.75450720579797
 20
0.0
 30
-204.3910303568262
 11
-36.94249331690912
 21
0.0
 31
-198.3744053568262
210
0.0
220
1.0
230
0.0
  0
LINE
  5
3C3
330
1F
100
AcDbEntity
  8
Whole Simpsons House v1_Simpsons_house_02
100
AcDbLine
 10
-40.49179053913135
 20
0.0
 30
-233.6042053568262
 11
-40.13160442802032
 21
0.0
 31
-234.474508134604
210
0.0
220
1.0
230
0.0
  0
LINE
  5
3C4
330
1F
100
AcDbEntity
  8
Whole Simpsons House v1_Simpsons_house_02
100
AcDbLine
 10
-13.30073776135364
 20
0.0
 30
-187.2580248012707
 11
-13.85671553913134
 21
0.0
 31
-187.6294998012707
210
0.0
220
1.0
230
0.0
  0
LINE
  5
3C5
330
1F
100
AcDbEntity
  8
Whole Simpsons House v1_Simpsons_house_02
100
AcDbLine
 10
-75.57942109468698
 20
0.0
 30
-235.5723525790484
 11
-74.81600998357574
 21
0.0
 31
-235.3892609123817
210
0.0
220
1.0
230
0.0
  0
LINE
  5
3C6
330
1F
100
AcDbEntity
  8
Whole Simpsons House v1_Simpsons_house_02
100
AcDbLine
 10
-40.59621276135352
 20
0.0
 30
-210.9043664679373
 11
-34.78455165024247
 21
0.0
 31
-216.9206386901595
210
0.0
220
1.0
230
0.0
  0
LINE
  5
3C7
330
1F
100
AcDbEntity
  8
Whole Simpsons House v1_Simpsons_house_02
100
AcDbLine
 10
286.5346066830909
 20
0.0
 30
-44.5315442457151
 11
286.3151789053132
 21
0.0
 31
-45.44735535682621
210
0.0
220
1.0
230
0.0
  0
LINE
  5
3C8
330
1F
100
AcDbEntity
  8
Whole Simpsons House v1_Simpsons_house_02
100
AcDbLine
 10
-45.25993498357582
 20
0.0
 30
-219.9636998012706
 11
-44.91456553913135
 21
0.0
 31
-220.8399998012707
210
0.0
220
1.0
230
0.0
  0
LINE
  5
3C9
330
1F
100
AcDbEntity
  8
Whole Simpsons House v1_Simpsons_house_02
100
AcDbLine
 10
-71.42193498357581
 20
0.0
 30
-231.4152192457151
 11
-71.3605516502425
 21
0.0
 31
-230.6331109123818
210
0.0
220
1.0
230
0.0
  0
LINE
  5
3CA
330
1F
100
AcDbEntity
  8
Whole Simpsons House v1_Simpsons_house_02
100
AcDbLine
 10
-36.94249331690912
 20
0.0
 30
-219.0052025790484
 11
-42.75450720579797
 21
0.0
 31
-212.9889303568262
210
0.0
220
1.0
230
0.0
  0
LINE
  5
3CB
330
1F
100
AcDbEntity
  8
Whole Simpsons House v1_Simpsons_house_02
100
AcDbLine
 10
-89.74239053913134
 20
0.0
 30
-229.632633134604
 11
-89.74239053913134
 21
0.0
 31
-230.6331109123818
210
0.0
220
1.0
230
0.0
  0
LINE
  5
3CC
330
1F
100
AcDbEntity
  8
Whole Simpsons House v1_Simpsons_house_02
100
AcDbLine
 10
-13.85671553913134
 20
0.0
 30
-187.6294998012707
 11
-14.35907109468693
 21
0.0
 31
-188.0701192457151
210
0.0
220
1.0
230
0.0
  0
LINE
  5
3CD
330
1F
100
AcDbEntity
  8
Whole Simpsons House v1_Simpsons_house_02
100
AcDbLine
 10
-9.062465539131352
 20
0.0
 30
-224.9184636901595
 11
-3.855465539131444
 21
0.0
 31
-219.5294303568262
210
0.0
220
1.0
230
0.0
  0
LINE
  5
3CE
330
1F
100
AcDbEntity
  8
Whole Simpsons House v1_Simpsons_house_02
100
AcDbLine
 10
-36.63910442802023
 20
0.0
 30
-237.4572442457151
 11
-35.72329331690912
 21
0.0
 31
-237.6770248012706
210
0.0
220
1.0
230
0.0
  0
LINE
  5
3CF
330
1F
100
AcDbEntity
  8
Whole Simpsons House v1_Simpsons_house_02
100
AcDbLine
 10
-14.80004331690899
 20
0.0
 30
-188.5728275790485
 11
-15.17151831690917
 21
0.0
 31
-189.1288053568263
210
0.0
220
1.0
230
0.0
  0
LINE
  5
3D0
330
1F
100
AcDbEntity
  8
Whole Simpsons House v1_Simpsons_house_02
100
AcDbLine
 10
-36.63910442802023
 20
0.0
 30
-179.9223636901595
 11
-37.50905442802025
 21
0.0
 31
-180.2829025790484
210
0.0
220
1.0
230
0.0
  0
LINE
  5
3D1
330
1F
100
AcDbEntity
  8
Whole Simpsons House v1_Simpsons_house_02
100
AcDbLine
 10
270.3174122386465
 20
0.0
 30
-61.50086091238177
 11
270.3174122386465
 21
0.0
 31
-58.50013313460399
210
0.0
220
1.0
230
0.0
  0
LINE
  5
3D2
330
1F
100
AcDbEntity
  8
Whole Simpsons House v1_Simpsons_house_02
100
AcDbLine
 10
-43.83753498357574
 20
0.0
 30
-195.0018498012706
 11
-44.43655165024246
 21
0.0
 31
-195.7282192457151
210
0.0
220
1.0
230
0.0
  0
LINE
  5
3D3
330
1F
100
AcDbEntity
  8
Whole Simpsons House v1_Simpsons_house_02
100
AcDbLine
 10
291.2022094608687
 20
0.0
 30
-61.50086091238177
 11
291.2022094608687
 21
0.0
 31
-58.50013313460399
210
0.0
220
1.0
230
0.0
  0
LINE
  5
3D4
330
1F
100
AcDbEntity
  8
Whole Simpsons House v1_Simpsons_house_02
100
AcDbLine
 10
-15.68198776135353
 20
0.0
 30
-190.3614109123816
 11
-15.81216276135354
 21
0.0
 31
-191.0168720234929
210
0.0
220
1.0
230
0.0
  0
LINE
  5
3D5
330
1F
100
AcDbEntity
  8
Whole Simpsons House v1_Simpsons_house_02
100
AcDbLine
 10
-222.2795905391313
 20
0.0
 30
-32.03509702349288
 11
-222.2795905391313
 21
0.0
 31
-31.0346192457151
210
0.0
220
1.0
230
0.0
  0
LINE
  5
3D6
330
1F
100
AcDbEntity
  8
Whole Simpsons House v1_Simpsons_house_02
100
AcDbLine
 10
-293.0044794280202
 20
0.0
 30
-28.25614146793732
 11
-293.6264266502424
 21
0.0
 31
-27.49837480127065
210
0.0
220
1.0
230
0.0
  0
LINE
  5
3D7
330
1F
100
AcDbEntity
  8
Whole Simpsons House v1_Simpsons_house_02
100
AcDbLine
 10
-240.0606488724647
 20
0.0
 30
-26.87678035682621
 11
-240.8184155391313
 21
0.0
 31
-27.49837480127065
210
0.0
220
1.0
230
0.0
  0
LINE
  5
3D8
330
1F
100
AcDbEntity
  8
Whole Simpsons House v1_Simpsons_house_02
100
AcDbLine
 10
-40.13160442802032
 20
0.0
 30
-182.9054525790484
 11
-40.49179053913135
 21
0.0
 31
-183.7754025790484
210
0.0
220
1.0
230
0.0
  0
LINE
  5
3D9
330
1F
100
AcDbEntity
  8
Whole Simpsons House v1_Simpsons_house_02
100
AcDbLine
 10
-72.82528498357574
 20
0.0
 30
-234.1690025790485
 11
-72.31552109468697
 21
0.0
 31
-233.5724553568262
210
0.0
220
1.0
230
0.0
  0
LINE
  5
3DA
330
1F
100
AcDbEntity
  8
Whole Simpsons House v1_Simpsons_house_02
100
AcDbLine
 10
-37.50905442802025
 20
0.0
 30
-180.2829025790484
 11
-38.31197665024252
 21
0.0
 31
-180.7746748012706
210
0.0
220
1.0
230
0.0
  0
LINE
  5
3DB
330
1F
100
AcDbEntity
  8
Whole Simpsons House v1_Simpsons_house_02
100
AcDbLine
 10
-45.43103220579798
 20
0.0
 30
-200.2123775790484
 11
-45.19537665024245
 21
0.0
 31
-201.124308134604
210
0.0
220
1.0
230
0.0
  0
LINE
  5
3DC
330
1F
100
AcDbEntity
  8
Whole Simpsons House v1_Simpsons_house_02
100
AcDbLine
 10
-192.5795822057979
 20
0.0
 30
-42.20920813460399
 11
-192.5795822057979
 21
0.0
 31
-35.03547202349288
210
0.0
220
1.0
230
0.0
  0
LINE
  5
3DD
330
1F
100
AcDbEntity
  8
Whole Simpsons House v1_Simpsons_house_02
100
AcDbLine
 10
-108.4558405391313
 20
0.0
 30
-30.56507202349288
 11
-108.4558405391313
 21
0.0
 31
-40.73918313460398
210
0.0
220
1.0
230
0.0
  0
LINE
  5
3DE
330
1F
100
AcDbEntity
  8
Whole Simpsons House v1_Simpsons_house_02
100
AcDbLine
 10
-143.7353822057979
 20
0.0
 30
-229.9226164679373
 11
-143.6394266502424
 21
0.0
 31
-230.8983998012707
210
0.0
220
1.0
230
0.0
  0
LINE
  5
3DF
330
1F
100
AcDbEntity
  8
Whole Simpsons House v1_Simpsons_house_02
100
AcDbLine
 10
-39.02811553913132
 20
0.0
 30
-181.3863914679373
 11
-39.63947942802025
 21
0.0
 31
-182.1025303568261
210
0.0
220
1.0
230
0.0
  0
LINE
  5
3E0
330
1F
100
AcDbEntity
  8
Whole Simpsons House v1_Simpsons_house_02
100
AcDbLine
 10
-8.123723872464625
 20
0.0
 30
-213.8708748012707
 11
-8.123723872464625
 21
0.0
 31
-187.3024748012706
210
0.0
220
1.0
230
0.0
  0
LINE
  5
3E1
330
1F
100
AcDbEntity
  8
Whole Simpsons House v1_Simpsons_house_02
100
AcDbLine
 10
-239.1959905391313
 20
0.0
 30
-26.41428869015954
 11
-240.0606488724647
 21
0.0
 31
-26.87678035682621
210
0.0
220
1.0
230
0.0
  0
LINE
  5
3E2
330
1F
100
AcDbEntity
  8
Whole Simpsons House v1_Simpsons_house_02
100
AcDbLine
 10
-45.25993498357582
 20
0.0
 30
-197.415908134604
 11
-45.46384053913129
 21
0.0
 31
-198.3352470234929
210
0.0
220
1.0
230
0.0
  0
LINE
  5
3E3
330
1F
100
AcDbEntity
  8
Whole Simpsons House v1_Simpsons_house_02
100
AcDbLine
 10
-116.7556433169091
 20
0.0
 30
-234.5432998012706
 11
-115.8909849835757
 21
0.0
 31
-234.0811609123818
210
0.0
220
1.0
230
0.0
  0
LINE
  5
3E4
330
1F
100
AcDbEntity
  8
Whole Simpsons House v1_Simpsons_house_02
100
AcDbLine
 10
-88.27765720579805
 20
0.0
 30
-234.1690025790485
 11
-87.68110998357574
 21
0.0
 31
-234.6787664679373
210
0.0
220
1.0
230
0.0
  0
LINE
  5
3E5
330
1F
100
AcDbEntity
  8
Whole Simpsons House v1_Simpsons_house_02
100
AcDbLine
 10
268.2554261275353
 20
0.0
 30
-63.68067480127067
 11
270.3174122386465
 21
0.0
 31
-61.50086091238177
210
0.0
220
1.0
230
0.0
  0
LINE
  5
3E6
330
1F
100
AcDbEntity
  8
Whole Simpsons House v1_Simpsons_house_02
100
AcDbLine
 10
-150.6078460946868
 20
0.0
 30
-41.73930813460398
 11
-150.6078460946868
 21
0.0
 31
-40.73918313460398
210
0.0
220
1.0
230
0.0
  0
LINE
  5
3E7
330
1F
100
AcDbEntity
  8
Whole Simpsons House v1_Simpsons_house_02
100
AcDbLine
 10
-141.512882205798
 20
0.0
 30
-234.0811609123818
 11
-140.6482238724646
 21
0.0
 31
-234.5432998012706
210
0.0
220
1.0
230
0.0
  0
LINE
  5
3E8
330
1F
100
AcDbEntity
  8
Whole Simpsons House v1_Simpsons_house_02
100
AcDbLine
 10
-22.94144887246467
 20
0.0
 30
-73.5386970234929
 11
-22.94144887246467
 21
0.0
 31
-107.2409692457151
210
0.0
220
1.0
230
0.0
  0
LINE
  5
3E9
330
1F
100
AcDbEntity
  8
Whole Simpsons House v1_Simpsons_house_02
100
AcDbLine
 10
-150.2271988724646
 20
0.0
 30
-43.65312757904844
 11
-150.5118905391312
 21
0.0
 31
-42.71509146793732
210
0.0
220
1.0
230
0.0
  0
LINE
  5
3EA
330
1F
100
AcDbEntity
  8
Whole Simpsons House v1_Simpsons_house_02
100
AcDbLine
 10
-212.5834933169091
 20
0.0
 30
-42.20920813460399
 11
-212.5834933169091
 21
0.0
 31
-45.20958313460399
210
0.0
220
1.0
230
0.0
  0
LINE
  5
3EB
330
1F
100
AcDbEntity
  8
Whole Simpsons House v1_Simpsons_house_02
100
AcDbLine
 10
286.2410955719798
 20
0.0
 30
-58.50013313460399
 11
286.2410955719798
 21
0.0
 31
-61.50086091238177
210
0.0
220
1.0
230
0.0
  0
LINE
  5
3EC
330
1F
100
AcDbEntity
  8
Whole Simpsons House v1_Simpsons_house_02
100
AcDbLine
 10
-89.19734887246464
 20
0.0
 30
-232.9032359123818
 11
-88.78742109468682
 21
0.0
 31
-233.5724553568262
210
0.0
220
1.0
230
0.0
  0
LINE
  5
3ED
330
1F
100
AcDbEntity
  8
Whole Simpsons House v1_Simpsons_house_02
100
AcDbLine
 10
-292.5423405391313
 20
0.0
 30
-29.12079980127065
 11
-293.0044794280202
 21
0.0
 31
-28.25614146793732
210
0.0
220
1.0
230
0.0
  0
LINE
  5
3EE
330
1F
100
AcDbEntity
  8
Whole Simpsons House v1_Simpsons_house_02
100
AcDbLine
 10
-287.7353905391313
 20
0.0
 30
-9.762824801270664
 11
-287.7353905391313
 21
0.0
 31
-29.8281192457151
210
0.0
220
1.0
230
0.0
  0
LINE
  5
3EF
330
1F
100
AcDbEntity
  8
Whole Simpsons House v1_Simpsons_house_02
100
AcDbLine
 10
-132.8267877613535
 20
0.0
 30
-45.89749980127066
 11
-133.691093316909
 21
0.0
 31
-46.35963869015956
210
0.0
220
1.0
230
0.0
  0
LINE
  5
3F0
330
1F
100
AcDbEntity
  8
Whole Simpsons House v1_Simpsons_house_02
100
AcDbLine
 10
-8.190398872464753
 20
0.0
 30
-187.2580248012707
 11
-8.789768316909132
 21
0.0
 31
-186.9623970234929
210
0.0
220
1.0
230
0.0
  0
LINE
  5
3F1
330
1F
100
AcDbEntity
  8
Whole Simpsons House v1_Simpsons_house_02
100
AcDbLine
 10
-180.4743655391314
 20
0.0
 30
-8.751763690159553
 11
-180.4743655391314
 21
0.0
 31
-20.72045535682621
210
0.0
220
1.0
230
0.0
  0
LINE
  5
3F2
330
1F
100
AcDbEntity
  8
Whole Simpsons House v1_Simpsons_house_02
100
AcDbLine
 10
289.5176955719797
 20
0.0
 30
-41.0390442457151
 11
288.7147733497575
 21
0.0
 31
-41.53081646793732
210
0.0
220
1.0
230
0.0
  0
LINE
  5
3F3
330
1F
100
AcDbEntity
  8
Whole Simpsons House v1_Simpsons_house_02
100
AcDbLine
 10
-73.42183220579801
 20
0.0
 30
-234.6787664679373
 11
-72.82528498357574
 21
0.0
 31
-234.1690025790485
210
0.0
220
1.0
230
0.0
  0
LINE
  5
3F4
330
1F
100
AcDbEntity
  8
Whole Simpsons House v1_Simpsons_house_02
100
AcDbLine
 10
-36.94249331690912
 20
0.0
 30
-198.3744053568262
 11
-34.78455165024247
 21
0.0
 31
-200.4589692457151
210
0.0
220
1.0
230
0.0
  0
LINE
  5
3F5
330
1F
100
AcDbEntity
  8
Whole Simpsons House v1_Simpsons_house_02
100
AcDbLine
 10
-222.6602377613536
 20
0.0
 30
-29.12079980127065
 11
-223.1223766502425
 21
0.0
 31
-28.25614146793732
210
0.0
220
1.0
230
0.0
  0
LINE
  5
3F6
330
1F
100
AcDbEntity
  8
Whole Simpsons House v1_Simpsons_house_02
100
AcDbLine
 10
-302.1632960946869
 20
0.0
 30
-35.03547202349288
 11
-302.1632960946869
 21
0.0
 31
-32.03509702349288
210
0.0
220
1.0
230
0.0
  0
LINE
  5
3F7
330
1F
100
AcDbEntity
  8
Whole Simpsons House v1_Simpsons_house_02
100
AcDbLine
 10
-294.3841933169091
 20
0.0
 30
-26.87678035682621
 11
-295.2488516502425
 21
0.0
 31
-26.41428869015954
210
0.0
220
1.0
230
0.0
  0
LINE
  5
3F8
330
1F
100
AcDbEntity
  8
Whole Simpsons House v1_Simpsons_house_02
100
AcDbLine
 10
-202.5815377613536
 20
0.0
 30
-45.20958313460399
 11
-202.5815377613536
 21
0.0
 31
-42.20920813460399
210
0.0
220
1.0
230
0.0
  0
LINE
  5
3F9
330
1F
100
AcDbEntity
  8
Whole Simpsons House v1_Simpsons_house_02
100
AcDbLine
 10
-44.91456553913135
 20
0.0
 30
-220.8399998012707
 11
-44.43655165024246
 21
0.0
 31
-221.6513886901595
210
0.0
220
1.0
230
0.0
  0
LINE
  5
3FA
330
1F
100
AcDbEntity
  8
Whole Simpsons House v1_Simpsons_house_02
100
AcDbLine
 10
-142.8929488724646
 20
0.0
 30
-232.7010942457151
 11
-142.2710016502424
 21
0.0
 31
-233.4592136901596
210
0.0
220
1.0
230
0.0
  0
LINE
  5
3FB
330
1F
100
AcDbEntity
  8
Whole Simpsons House v1_Simpsons_house_02
100
AcDbLine
 10
-31.78382387246479
 20
0.0
 30
-231.7496525790484
 11
-21.30949887246476
 21
0.0
 31
-221.6326914679373
210
0.0
220
1.0
230
0.0
  0
LINE
  5
3FC
330
1F
100
AcDbEntity
  8
Whole Simpsons House v1_Simpsons_house_02
100
AcDbLine
 10
-16.94034609468697
 20
0.0
 30
-72.5382192457151
 11
-16.94034609468697
 21
0.0
 31
-68.53771924571512
210
0.0
220
1.0
230
0.0
  0
LINE
  5
3FD
330
1F
100
AcDbEntity
  8
Whole Simpsons House v1_Simpsons_house_02
100
AcDbLine
 10
-20.71894887246475
 20
0.0
 30
-69.3805053568262
 11
-21.47671553913131
 21
0.0
 31
-70.00245257904842
210
0.0
220
1.0
230
0.0
  0
LINE
  5
3FE
330
1F
100
AcDbEntity
  8
Whole Simpsons House v1_Simpsons_house_02
100
AcDbLine
 10
-242.1871933169092
 20
0.0
 30
-30.05918869015954
 11
-242.2835016502425
 21
0.0
 31
-31.0346192457151
210
0.0
220
1.0
230
0.0
  0
LINE
  5
3FF
330
1F
100
AcDbEntity
  8
Whole Simpsons House v1_Simpsons_house_02
100
AcDbLine
 10
-292.1613405391313
 20
0.0
 30
-32.03509702349288
 11
-292.1613405391313
 21
0.0
 31
-31.0346192457151
210
0.0
220
1.0
230
0.0
  0
LINE
  5
400
330
1F
100
AcDbEntity
  8
Whole Simpsons House v1_Simpsons_house_02
100
AcDbLine
 10
-149.1431127613535
 20
0.0
 30
-45.27555257904843
 11
-149.7650599835758
 21
0.0
 31
-44.51778591238175
210
0.0
220
1.0
230
0.0
  0
LINE
  5
401
330
1F
100
AcDbEntity
  8
Whole Simpsons House v1_Simpsons_house_02
100
AcDbLine
 10
-139.7348822057979
 20
0.0
 30
-225.9221164679373
 11
-139.7348822057979
 21
0.0
 31
-228.9228442457151
210
0.0
220
1.0
230
0.0
  0
LINE
  5
402
330
1F
100
AcDbEntity
  8
Whole Simpsons House v1_Simpsons_house_02
100
AcDbLine
 10
-222.2795905391313
 20
0.0
 30
-31.0346192457151
 11
-222.3751933169092
 21
0.0
 31
-30.05918869015954
210
0.0
220
1.0
230
0.0
  0
LINE
  5
403
330
1F
100
AcDbEntity
  8
Whole Simpsons House v1_Simpsons_house_02
100
AcDbLine
 10
-303.0544127613537
 20
0.0
 30
-45.20958313460399
 11
-303.0544127613537
 21
0.0
 31
-42.20920813460399
210
0.0
220
1.0
230
0.0
  0
LINE
  5
404
330
1F
100
AcDbEntity
  8
Whole Simpsons House v1_Simpsons_house_02
100
AcDbLine
 10
-130.700243316909
 20
0.0
 30
-42.71509146793732
 11
-130.984582205798
 21
0.0
 31
-43.65312757904844
210
0.0
220
1.0
230
0.0
  0
LINE
  5
405
330
1F
100
AcDbEntity
  8
Whole Simpsons House v1_Simpsons_house_02
100
AcDbLine
 10
-22.56080165024247
 20
0.0
 30
-71.62487757904844
 11
-22.84549331690914
 21
0.0
 31
-72.56291369015953
210
0.0
220
1.0
230
0.0
  0
LINE
  5
406
330
1F
100
AcDbEntity
  8
Whole Simpsons House v1_Simpsons_house_02
100
AcDbLine
 10
-22.84549331690914
 20
0.0
 30
-108.2163998012707
 11
-22.56080165024247
 21
0.0
 31
-109.1547886901595
210
0.0
220
1.0
230
0.0
  0
LINE
  5
407
330
1F
100
AcDbEntity
  8
Whole Simpsons House v1_Simpsons_house_02
100
AcDbLine
 10
-147.5206877613535
 20
0.0
 30
-46.35963869015956
 11
-148.3853460946868
 21
0.0
 31
-45.89749980127066
210
0.0
220
1.0
230
0.0
  0
LINE
  5
408
330
1F
100
AcDbEntity
  8
Whole Simpsons House v1_Simpsons_house_02
100
AcDbLine
 10
-223.1223766502425
 20
0.0
 30
-28.25614146793732
 11
-223.7439710946869
 21
0.0
 31
-27.49837480127065
210
0.0
220
1.0
230
0.0
  0
LINE
  5
409
330
1F
100
AcDbEntity
  8
Whole Simpsons House v1_Simpsons_house_02
100
AcDbLine
 10
-146.5826516502425
 20
0.0
 30
-46.64433035682621
 11
-147.5206877613535
 21
0.0
 31
-46.35963869015956
210
0.0
220
1.0
230
0.0
  0
LINE
  5
40A
330
1F
100
AcDbEntity
  8
Whole Simpsons House v1_Simpsons_house_02
100
AcDbLine
 10
-142.2710016502424
 20
0.0
 30
-233.4592136901596
 11
-141.512882205798
 21
0.0
 31
-234.0811609123818
210
0.0
220
1.0
230
0.0
  0
LINE
  5
40B
330
1F
100
AcDbEntity
  8
Whole Simpsons House v1_Simpsons_house_02
100
AcDbLine
 10
-131.4467210946868
 20
0.0
 30
-44.51778591238175
 11
-132.068668316909
 21
0.0
 31
-45.27555257904843
210
0.0
220
1.0
230
0.0
  0
LINE
  5
40C
330
1F
100
AcDbEntity
  8
Whole Simpsons House v1_Simpsons_house_02
100
AcDbLine
 10
-22.56080165024247
 20
0.0
 30
-109.1547886901595
 11
-22.09866276135354
 21
0.0
 31
-110.0194470234929
210
0.0
220
1.0
230
0.0
  0
LINE
  5
40D
330
1F
100
AcDbEntity
  8
Whole Simpsons House v1_Simpsons_house_02
100
AcDbLine
 10
-113.764793316909
 20
0.0
 30
-230.8983998012707
 11
-113.6684849835758
 21
0.0
 31
-229.9226164679373
210
0.0
220
1.0
230
0.0
  0
LINE
  5
40E
330
1F
100
AcDbEntity
  8
Whole Simpsons House v1_Simpsons_house_02
100
AcDbLine
 10
-259.4775377613535
 20
0.0
 30
-42.20920813460399
 11
-259.4775377613535
 21
0.0
 31
-45.20958313460399
210
0.0
220
1.0
230
0.0
  0
LINE
  5
40F
330
1F
100
AcDbEntity
  8
Whole Simpsons House v1_Simpsons_house_02
100
AcDbLine
 10
-240.8184155391313
 20
0.0
 30
-27.49837480127065
 11
-241.4403627613535
 21
0.0
 31
-28.25614146793732
210
0.0
220
1.0
230
0.0
  0
LINE
  5
410
330
1F
100
AcDbEntity
  8
Whole Simpsons House v1_Simpsons_house_02
100
AcDbLine
 10
-136.7341544280202
 20
0.0
 30
-222.9213886901596
 11
-136.7341544280202
 21
0.0
 31
-225.9221164679373
210
0.0
220
1.0
230
0.0
  0
LINE
  5
411
330
1F
100
AcDbEntity
  8
Whole Simpsons House v1_Simpsons_house_02
100
AcDbLine
 10
-223.7439710946869
 20
0.0
 30
-27.49837480127065
 11
-224.5020905391314
 21
0.0
 31
-26.87678035682621
210
0.0
220
1.0
230
0.0
  0
LINE
  5
412
330
1F
100
AcDbEntity
  8
Whole Simpsons House v1_Simpsons_house_02
100
AcDbLine
 10
-252.0328683169091
 20
0.0
 30
-29.8281192457151
 11
-252.0328683169091
 21
0.0
 31
-9.762824801270664
210
0.0
220
1.0
230
0.0
  0
LINE
  5
413
330
1F
100
AcDbEntity
  8
Whole Simpsons House v1_Simpsons_house_02
100
AcDbLine
 10
-225.3663960946869
 20
0.0
 30
-26.41428869015954
 11
-226.3047849835758
 21
0.0
 31
-26.12959702349287
210
0.0
220
1.0
230
0.0
  0
LINE
  5
414
330
1F
100
AcDbEntity
  8
Whole Simpsons House v1_Simpsons_house_02
100
AcDbLine
 10
-140.6058905391313
 20
0.0
 30
-40.73918313460398
 11
-140.6058905391313
 21
0.0
 31
-37.73880813460398
210
0.0
220
1.0
230
0.0
  0
LINE
  5
415
330
1F
100
AcDbEntity
  8
Whole Simpsons House v1_Simpsons_house_02
100
AcDbLine
 10
-143.3550877613535
 20
0.0
 30
-231.8367886901595
 11
-142.8929488724646
 21
0.0
 31
-232.7010942457151
210
0.0
220
1.0
230
0.0
  0
LINE
  5
416
330
1F
100
AcDbEntity
  8
Whole Simpsons House v1_Simpsons_house_02
100
AcDbLine
 10
-130.984582205798
 20
0.0
 30
-43.65312757904844
 11
-131.4467210946868
 21
0.0
 31
-44.51778591238175
210
0.0
220
1.0
230
0.0
  0
LINE
  5
417
330
1F
100
AcDbEntity
  8
Whole Simpsons House v1_Simpsons_house_02
100
AcDbLine
 10
-175.3537960946868
 20
0.0
 30
-30.56507202349288
 11
-175.3537960946868
 21
0.0
 31
-27.56469702349288
210
0.0
220
1.0
230
0.0
  0
LINE
  5
418
330
1F
100
AcDbEntity
  8
Whole Simpsons House v1_Simpsons_house_02
100
AcDbLine
 10
-241.4403627613535
 20
0.0
 30
-28.25614146793732
 11
-241.9025016502425
 21
0.0
 31
-29.12079980127065
210
0.0
220
1.0
230
0.0
  0
LINE
  5
419
330
1F
100
AcDbEntity
  8
Whole Simpsons House v1_Simpsons_house_02
100
AcDbLine
 10
-232.2811933169091
 20
0.0
 30
-35.03547202349288
 11
-232.2811933169091
 21
0.0
 31
-32.03509702349288
210
0.0
220
1.0
230
0.0
  0
LINE
  5
41A
330
1F
100
AcDbEntity
  8
Whole Simpsons House v1_Simpsons_house_02
100
AcDbLine
 10
-115.8909849835757
 20
0.0
 30
-234.0811609123818
 11
-115.133218316909
 21
0.0
 31
-233.4592136901596
210
0.0
220
1.0
230
0.0
  0
LINE
  5
41B
330
1F
100
AcDbEntity
  8
Whole Simpsons House v1_Simpsons_house_02
100
AcDbLine
 10
-22.09866276135354
 20
0.0
 30
-110.0194470234929
 11
-21.47671553913131
 21
0.0
 31
-110.7772136901595
210
0.0
220
1.0
230
0.0
  0
LINE
  5
41C
330
1F
100
AcDbEntity
  8
Whole Simpsons House v1_Simpsons_house_02
100
AcDbLine
 10
-21.47671553913131
 20
0.0
 30
-70.00245257904842
 11
-22.09866276135354
 21
0.0
 31
-70.7602192457151
210
0.0
220
1.0
230
0.0
  0
LINE
  5
41D
330
1F
100
AcDbEntity
  8
Whole Simpsons House v1_Simpsons_house_02
100
AcDbLine
 10
-241.9025016502425
 20
0.0
 30
-29.12079980127065
 11
-242.1871933169092
 21
0.0
 31
-30.05918869015954
210
0.0
220
1.0
230
0.0
  0
LINE
  5
41E
330
1F
100
AcDbEntity
  8
Whole Simpsons House v1_Simpsons_house_02
100
AcDbLine
 10
-185.3557516502425
 20
0.0
 30
-37.73880813460398
 11
-185.3557516502425
 21
0.0
 31
-30.56507202349288
210
0.0
220
1.0
230
0.0
  0
LINE
  5
41F
330
1F
100
AcDbEntity
  8
Whole Simpsons House v1_Simpsons_house_02
100
AcDbLine
 10
-222.3751933169092
 20
0.0
 30
-30.05918869015954
 11
-222.6602377613536
 21
0.0
 31
-29.12079980127065
210
0.0
220
1.0
230
0.0
  0
LINE
  5
420
330
1F
100
AcDbEntity
  8
Whole Simpsons House v1_Simpsons_house_02
100
AcDbLine
 10
-292.1613405391313
 20
0.0
 30
-31.0346192457151
 11
-292.2576488724646
 21
0.0
 31
-30.05918869015954
210
0.0
220
1.0
230
0.0
  0
LINE
  5
421
330
1F
100
AcDbEntity
  8
Whole Simpsons House v1_Simpsons_house_02
100
AcDbLine
 10
-130.6039349835758
 20
0.0
 30
-40.73918313460398
 11
-130.6039349835758
 21
0.0
 31
-41.73930813460398
210
0.0
220
1.0
230
0.0
  0
LINE
  5
422
330
1F
100
AcDbEntity
  8
Whole Simpsons House v1_Simpsons_house_02
100
AcDbLine
 10
-117.6693377613535
 20
0.0
 30
-228.9228442457151
 11
-117.6693377613535
 21
0.0
 31
-225.9221164679373
210
0.0
220
1.0
230
0.0
  0
LINE
  5
423
330
1F
100
AcDbEntity
  8
Whole Simpsons House v1_Simpsons_house_02
100
AcDbLine
 10
-293.6264266502425
 20
0.0
 30
-27.49837480127065
 11
-294.3841933169091
 21
0.0
 31
-26.87678035682621
210
0.0
220
1.0
230
0.0
  0
LINE
  5
424
330
1F
100
AcDbEntity
  8
Whole Simpsons House v1_Simpsons_house_02
100
AcDbLine
 10
-238.2579544280202
 20
0.0
 30
-26.12959702349287
 11
-239.1959905391313
 21
0.0
 31
-26.41428869015954
210
0.0
220
1.0
230
0.0
  0
LINE
  5
425
330
1F
100
AcDbEntity
  8
Whole Simpsons House v1_Simpsons_house_02
100
AcDbLine
 10
-133.691093316909
 20
0.0
 30
-46.35963869015956
 11
-134.629482205798
 21
0.0
 31
-46.64433035682621
210
0.0
220
1.0
230
0.0
  0
LINE
  5
426
330
1F
100
AcDbEntity
  8
Whole Simpsons House v1_Simpsons_house_02
100
AcDbLine
 10
-21.47671553913131
 20
0.0
 30
-110.7772136901595
 11
-20.71894887246475
 21
0.0
 31
-111.398808134604
210
0.0
220
1.0
230
0.0
  0
LINE
  5
427
330
1F
100
AcDbEntity
  8
Whole Simpsons House v1_Simpsons_house_02
100
AcDbLine
 10
-117.6940322057979
 20
0.0
 30
-234.8276386901596
 11
-116.7556433169091
 21
0.0
 31
-234.5432998012706
210
0.0
220
1.0
230
0.0
  0
LINE
  5
428
330
1F
100
AcDbEntity
  8
Whole Simpsons House v1_Simpsons_house_02
100
AcDbLine
 10
-114.0494849835757
 20
0.0
 30
-231.8367886901595
 11
-113.764793316909
 21
0.0
 31
-230.8983998012707
210
0.0
220
1.0
230
0.0
  0
LINE
  5
429
330
1F
100
AcDbEntity
  8
Whole Simpsons House v1_Simpsons_house_02
100
AcDbLine
 10
-132.068668316909
 20
0.0
 30
-45.27555257904843
 11
-132.8267877613535
 21
0.0
 31
-45.89749980127066
210
0.0
220
1.0
230
0.0
  0
LINE
  5
42A
330
1F
100
AcDbEntity
  8
Whole Simpsons House v1_Simpsons_house_02
100
AcDbLine
 10
-115.133218316909
 20
0.0
 30
-233.4592136901596
 11
-114.5112710946868
 21
0.0
 31
-232.7010942457151
210
0.0
220
1.0
230
0.0
  0
LINE
  5
42B
330
1F
100
AcDbEntity
  8
Whole Simpsons House v1_Simpsons_house_02
100
AcDbLine
 10
-149.7650599835758
 20
0.0
 30
-44.51778591238175
 11
-150.2271988724646
 21
0.0
 31
-43.65312757904844
210
0.0
220
1.0
230
0.0
  0
LINE
  5
42C
330
1F
100
AcDbEntity
  8
Whole Simpsons House v1_Simpsons_house_02
100
AcDbLine
 10
-130.6039349835758
 20
0.0
 30
-41.73930813460398
 11
-130.700243316909
 21
0.0
 31
-42.71509146793732
210
0.0
220
1.0
230
0.0
  0
LINE
  5
42D
330
1F
100
AcDbEntity
  8
Whole Simpsons House v1_Simpsons_house_02
100
AcDbLine
 10
-323.0586766502425
 20
0.0
 30
-26.03364146793732
 11
-323.0586766502425
 21
0.0
 31
-42.20920813460399
210
0.0
220
1.0
230
0.0
  0
LINE
  5
42E
330
1F
100
AcDbEntity
  8
Whole Simpsons House v1_Simpsons_house_02
100
AcDbLine
 10
-143.6394266502424
 20
0.0
 30
-230.8983998012707
 11
-143.3550877613535
 21
0.0
 31
-231.8367886901595
210
0.0
220
1.0
230
0.0
  0
LINE
  5
42F
330
1F
100
AcDbEntity
  8
Whole Simpsons House v1_Simpsons_house_02
100
AcDbLine
 10
-292.2576488724647
 20
0.0
 30
-30.05918869015954
 11
-292.5423405391314
 21
0.0
 31
-29.12079980127065
210
0.0
220
1.0
230
0.0
  0
LINE
  5
430
330
1F
100
AcDbEntity
  8
Whole Simpsons House v1_Simpsons_house_02
100
AcDbLine
 10
-140.6482238724646
 20
0.0
 30
-234.5432998012706
 11
-139.7101877613535
 21
0.0
 31
-234.8276386901596
210
0.0
220
1.0
230
0.0
  0
LINE
  5
431
330
1F
100
AcDbEntity
  8
Whole Simpsons House v1_Simpsons_house_02
100
AcDbLine
 10
-165.3518405391313
 20
0.0
 30
-27.56469702349288
 11
-165.3518405391313
 21
0.0
 31
-30.56507202349288
210
0.0
220
1.0
230
0.0
  0
LINE
  5
432
330
1F
100
AcDbEntity
  8
Whole Simpsons House v1_Simpsons_house_02
100
AcDbLine
 10
-13.93997109468692
 20
0.0
 30
-75.53894702349288
 11
-13.93997109468692
 21
0.0
 31
-72.5382192457151
210
0.0
220
1.0
230
0.0
  0
LINE
  5
433
330
1F
100
AcDbEntity
  8
Whole Simpsons House v1_Simpsons_house_02
100
AcDbLine
 10
-19.85429053913147
 20
0.0
 30
-68.9183664679373
 11
-20.71894887246475
 21
0.0
 31
-69.3805053568262
210
0.0
220
1.0
230
0.0
  0
LINE
  5
434
330
1F
100
AcDbEntity
  8
Whole Simpsons House v1_Simpsons_house_02
100
AcDbLine
 10
-224.5020905391314
 20
0.0
 30
-26.87678035682621
 11
-225.3663960946869
 21
0.0
 31
-26.41428869015954
210
0.0
220
1.0
230
0.0
  0
LINE
  5
435
330
1F
100
AcDbEntity
  8
Whole Simpsons House v1_Simpsons_house_02
100
AcDbLine
 10
-113.6684849835758
 20
0.0
 30
-229.9226164679373
 11
-113.6684849835758
 21
0.0
 31
-228.9228442457151
210
0.0
220
1.0
230
0.0
  0
LINE
  5
436
330
1F
100
AcDbEntity
  8
Whole Simpsons House v1_Simpsons_house_02
100
AcDbLine
 10
-120.6700655391313
 20
0.0
 30
-225.9221164679373
 11
-120.6700655391313
 21
0.0
 31
-222.9213886901596
210
0.0
220
1.0
230
0.0
  0
LINE
  5
437
330
1F
100
AcDbEntity
  8
Whole Simpsons House v1_Simpsons_house_02
100
AcDbLine
 10
-242.2835016502425
 20
0.0
 30
-31.0346192457151
 11
-242.2835016502425
 21
0.0
 31
-35.03547202349288
210
0.0
220
1.0
230
0.0
  0
LINE
  5
438
330
1F
100
AcDbEntity
  8
Whole Simpsons House v1_Simpsons_house_02
100
AcDbLine
 10
-114.5112710946868
 20
0.0
 30
-232.7010942457151
 11
-114.0494849835757
 21
0.0
 31
-231.8367886901595
210
0.0
220
1.0
230
0.0
  0
LINE
  5
439
330
1F
100
AcDbEntity
  8
Whole Simpsons House v1_Simpsons_house_02
100
AcDbLine
 10
-22.84549331690914
 20
0.0
 30
-72.56291369015953
 11
-22.94144887246467
 21
0.0
 31
-73.5386970234929
210
0.0
220
1.0
230
0.0
  0
LINE
  5
43A
330
1F
100
AcDbEntity
  8
Whole Simpsons House v1_Simpsons_house_02
100
AcDbLine
 10
-18.91625442802023
 20
0.0
 30
-68.63367480127067
 11
-19.85429053913147
 21
0.0
 31
-68.9183664679373
210
0.0
220
1.0
230
0.0
  0
LINE
  5
43B
330
1F
100
AcDbEntity
  8
Whole Simpsons House v1_Simpsons_house_02
100
AcDbLine
 10
-148.3853460946868
 20
0.0
 30
-45.89749980127066
 11
-149.1431127613535
 21
0.0
 31
-45.27555257904843
210
0.0
220
1.0
230
0.0
  0
LINE
  5
43C
330
1F
100
AcDbEntity
  8
Whole Simpsons House v1_Simpsons_house_02
100
AcDbLine
 10
-22.09866276135354
 20
0.0
 30
-70.7602192457151
 11
-22.56080165024247
 21
0.0
 31
-71.62487757904844
210
0.0
220
1.0
230
0.0
  0
LINE
  5
43D
330
1F
100
AcDbEntity
  8
Whole Simpsons House v1_Simpsons_house_02
100
AcDbLine
 10
-249.475582205798
 20
0.0
 30
-45.20958313460399
 11
-249.475582205798
 21
0.0
 31
-42.20920813460399
210
0.0
220
1.0
230
0.0
  0
LINE
  5
43E
330
1F
100
AcDbEntity
  8
Whole Simpsons House v1_Simpsons_house_02
100
AcDbLine
 10
-143.7353822057979
 20
0.0
 30
-228.9228442457151
 11
-143.7353822057979
 21
0.0
 31
-229.9226164679373
210
0.0
220
1.0
230
0.0
  0
LINE
  5
43F
330
1F
100
AcDbEntity
  8
Whole Simpsons House v1_Simpsons_house_02
100
AcDbLine
 10
-313.0563683169091
 20
0.0
 30
-42.20920813460399
 11
-313.0563683169091
 21
0.0
 31
-45.20958313460399
210
0.0
220
1.0
230
0.0
  0
LINE
  5
440
330
1F
100
AcDbEntity
  8
Whole Simpsons House v1_Simpsons_house_02
100
AcDbLine
 10
-118.4577960946868
 20
0.0
 30
-27.56469702349288
 11
-118.4577960946868
 21
0.0
 31
-30.56507202349288
210
0.0
220
1.0
230
0.0
  0
LINE
  5
441
330
1F
100
AcDbEntity
  8
Whole Simpsons House v1_Simpsons_house_02
100
AcDbLine
 10
-128.4597516502424
 20
0.0
 30
-30.56507202349288
 11
-128.4597516502424
 21
0.0
 31
-27.56469702349288
210
0.0
220
1.0
230
0.0
  0
LINE
  5
442
330
1F
100
AcDbEntity
  8
Whole Simpsons House v1_Simpsons_house_02
100
AcDbLine
 10
-295.2488516502425
 20
0.0
 30
-26.41428869015954
 11
-296.1868877613536
 21
0.0
 31
-26.12959702349287
210
0.0
220
1.0
230
0.0
  0
LINE
  5
443
330
1F
100
AcDbEntity
  8
Whole Simpsons House v1_Simpsons_house_02
100
AcDbLine
 10
-322.1890794280202
 20
0.0
 30
-224.476433134604
 11
-322.1890794280202
 21
0.0
 31
-214.4748303568261
210
0.0
220
1.0
230
0.0
  0
LINE
  5
444
330
1F
100
AcDbEntity
  8
Whole Simpsons House v1_Simpsons_house_02
100
AcDbLine
 10
-40.16441276135353
 20
0.0
 30
-6.485166467937328
 11
-40.16441276135353
 21
0.0
 31
-12.90325257904843
210
0.0
220
1.0
230
0.0
  0
LINE
  5
445
330
1F
100
AcDbEntity
  8
Whole Simpsons House v1_Simpsons_house_02
100
AcDbLine
 10
-21.24494053913135
 20
0.0
 30
-137.3974720234929
 11
-21.24494053913135
 21
0.0
 31
-148.8405248012706
210
0.0
220
1.0
230
0.0
  0
LINE
  5
446
330
1F
100
AcDbEntity
  8
Whole Simpsons House v1_Simpsons_house_02
100
AcDbLine
 10
-243.4384960946869
 20
0.0
 30
-8.070902579048445
 11
-243.4384960946869
 21
0.0
 31
-21.36004146793732
210
0.0
220
1.0
230
0.0
  0
LINE
  5
447
330
1F
100
AcDbEntity
  8
Whole Simpsons House v1_Simpsons_house_02
100
AcDbLine
 10
-36.16391276135352
 20
0.0
 30
-12.90325257904843
 11
-36.16391276135352
 21
0.0
 31
-15.90362757904844
210
0.0
220
1.0
230
0.0
  0
LINE
  5
448
330
1F
100
AcDbEntity
  8
Whole Simpsons House v1_Simpsons_house_02
100
AcDbLine
 10
-220.5527433169092
 20
0.0
 30
-21.36004146793732
 11
-220.5527433169092
 21
0.0
 31
-8.070902579048445
210
0.0
220
1.0
230
0.0
  0
LINE
  5
449
330
1F
100
AcDbEntity
  8
Whole Simpsons House v1_Simpsons_house_02
100
AcDbLine
 10
-16.94034609468697
 20
0.0
 30
-112.2415942457151
 11
-16.94034609468697
 21
0.0
 31
-108.2410942457151
210
0.0
220
1.0
230
0.0
  0
LINE
  5
44A
330
1F
100
AcDbEntity
  8
Whole Simpsons House v1_Simpsons_house_02
100
AcDbLine
 10
-21.24494053913135
 20
0.0
 30
-122.9543970234929
 11
-21.24494053913135
 21
0.0
 31
-134.3970970234929
210
0.0
220
1.0
230
0.0
  0
LINE
  5
44B
330
1F
100
AcDbEntity
  8
Whole Simpsons House v1_Simpsons_house_02
100
AcDbLine
 10
-13.93997109468692
 20
0.0
 30
-108.2410942457151
 11
-13.93997109468692
 21
0.0
 31
-105.2407192457151
210
0.0
220
1.0
230
0.0
  0
LINE
  5
44C
330
1F
100
AcDbEntity
  8
Whole Simpsons House v1_Simpsons_house_02
100
AcDbLine
 10
-28.42044053913145
 20
0.0
 30
-128.0065275790484
 11
-28.42044053913145
 21
0.0
 31
-118.0045720234929
210
0.0
220
1.0
230
0.0
  0
LINE
  5
44D
330
1F
100
AcDbEntity
  8
Whole Simpsons House v1_Simpsons_house_02
100
AcDbLine
 10
-150.5118905391312
 20
0.0
 30
-42.71509146793732
 11
-150.6078460946868
 21
0.0
 31
-41.73930813460398
210
0.0
220
1.0
230
0.0
  0
LINE
  5
44E
330
1F
100
AcDbEntity
  8
Whole Simpsons House v1_Simpsons_house_02
100
AcDbLine
 10
-23.19403776135352
 20
0.0
 30
-14.96841369015955
 11
-23.19403776135352
 21
0.0
 31
-20.1126192457151
210
0.0
220
1.0
230
0.0
  0
LINE
  5
44F
330
1F
100
AcDbEntity
  8
Whole Simpsons House v1_Simpsons_house_02
100
AcDbLine
 10
-144.0758127613535
 20
0.0
 30
-144.399758134604
 11
-144.0758127613535
 21
0.0
 31
-147.400133134604
210
0.0
220
1.0
230
0.0
  0
LINE
  5
450
330
1F
100
AcDbEntity
  8
Whole Simpsons House v1_Simpsons_house_02
100
AcDbLine
 10
-75.02309053913133
 20
0.0
 30
-147.400133134604
 11
-75.02309053913133
 21
0.0
 31
-144.399758134604
210
0.0
220
1.0
230
0.0
  0
LINE
  5
451
330
1F
100
AcDbEntity
  8
Whole Simpsons House v1_Simpsons_house_02
100
AcDbLine
 10
-40.16441276135353
 20
0.0
 30
-21.04783313460399
 11
-25.46380998357577
 21
0.0
 31
-11.29070535682621
210
0.0
220
1.0
230
0.0
  0
LINE
  5
452
330
1F
100
AcDbEntity
  8
Whole Simpsons House v1_Simpsons_house_02
100
AcDbLine
 10
-31.42116831690902
 20
0.0
 30
-118.0045720234929
 11
-31.42116831690902
 21
0.0
 31
-96.06920257904845
210
0.0
220
1.0
230
0.0
  0
LINE
  5
453
330
1F
100
AcDbEntity
  8
Whole Simpsons House v1_Simpsons_house_02
100
AcDbLine
 10
-325.1894544280202
 20
0.0
 30
-235.5511859123819
 11
-325.1894544280202
 21
0.0
 31
-224.476433134604
210
0.0
220
1.0
230
0.0
  0
LINE
  5
454
330
1F
100
AcDbEntity
  8
Whole Simpsons House v1_Simpsons_house_02
100
AcDbLine
 10
-21.24494053913135
 20
0.0
 30
-148.8405248012706
 11
-6.286104428020209
 21
0.0
 31
-144.9126970234929
210
0.0
220
1.0
230
0.0
  0
LINE
  5
455
330
1F
100
AcDbEntity
  8
Whole Simpsons House v1_Simpsons_house_02
100
AcDbLine
 10
-28.42044053913145
 20
0.0
 30
-96.06920257904845
 11
-28.42044053913145
 21
0.0
 31
-86.0672470234929
210
0.0
220
1.0
230
0.0
  0
LINE
  5
456
330
1F
100
AcDbEntity
  8
Whole Simpsons House v1_Simpsons_house_02
100
AcDbLine
 10
-135.4260544280203
 20
0.0
 30
-68.80018591238178
 11
-135.4260544280203
 21
0.0
 31
-138.008483134604
210
0.0
220
1.0
230
0.0
  0
LINE
  5
457
330
1F
100
AcDbEntity
  8
Whole Simpsons House v1_Simpsons_house_02
100
AcDbLine
 10
-10.93924331690914
 20
0.0
 30
-105.2407192457151
 11
-10.93924331690914
 21
0.0
 31
-75.53894702349288
210
0.0
220
1.0
230
0.0
  0
LINE
  5
458
330
1F
100
AcDbEntity
  8
Whole Simpsons House v1_Simpsons_house_02
100
AcDbLine
 10
-65.02113498357586
 20
0.0
 30
-144.399758134604
 11
-65.02113498357586
 21
0.0
 31
-147.400133134604
210
0.0
220
1.0
230
0.0
  0
LINE
  5
459
330
1F
100
AcDbEntity
  8
Whole Simpsons House v1_Simpsons_house_02
100
AcDbLine
 10
-6.28610442802021
 20
0.0
 30
-144.9126970234929
 11
-6.28610442802021
 21
0.0
 31
-126.8822248012707
210
0.0
220
1.0
230
0.0
  0
LINE
  5
45A
330
1F
100
AcDbEntity
  8
Whole Simpsons House v1_Simpsons_house_02
100
AcDbLine
 10
-31.42116831690902
 20
0.0
 30
-138.008483134604
 11
-31.42116831690902
 21
0.0
 31
-128.0065275790484
210
0.0
220
1.0
230
0.0
  0
LINE
  5
45B
330
1F
100
AcDbEntity
  8
Whole Simpsons House v1_Simpsons_house_02
100
AcDbLine
 10
-52.01880442802025
 20
0.0
 30
-207.9244525790485
 11
-52.01880442802025
 21
0.0
 31
-217.7189748012707
210
0.0
220
1.0
230
0.0
  0
LINE
  5
45C
330
1F
100
AcDbEntity
  8
Whole Simpsons House v1_Simpsons_house_02
100
AcDbLine
 10
-143.4909072057979
 20
0.0
 30
-136.659108134604
 11
-143.4909072057979
 21
0.0
 31
-53.63814980127067
210
0.0
220
1.0
230
0.0
  0
LINE
  5
45D
330
1F
100
AcDbEntity
  8
Whole Simpsons House v1_Simpsons_house_02
100
AcDbLine
 10
-52.01880442802025
 20
0.0
 30
-147.400133134604
 11
-52.01880442802025
 21
0.0
 31
-157.4020886901596
210
0.0
220
1.0
230
0.0
  0
LINE
  5
45E
330
1F
100
AcDbEntity
  8
Whole Simpsons House v1_Simpsons_house_02
100
AcDbLine
 10
-6.28610442802021
 20
0.0
 30
-126.8822248012707
 11
-21.24494053913135
 21
0.0
 31
-122.9543970234929
210
0.0
220
1.0
230
0.0
  0
LINE
  5
45F
330
1F
100
AcDbEntity
  8
Whole Simpsons House v1_Simpsons_house_02
100
AcDbLine
 10
-22.94144887246467
 20
0.0
 30
-107.2409692457151
 11
-22.84549331690914
 21
0.0
 31
-108.2163998012707
210
0.0
220
1.0
230
0.0
  0
LINE
  5
460
330
1F
100
AcDbEntity
  8
Whole Simpsons House v1_Simpsons_house_02
100
AcDbLine
 10
-14.37776831690918
 20
0.0
 30
-134.3970970234929
 11
-14.37776831690918
 21
0.0
 31
-137.3974720234929
210
0.0
220
1.0
230
0.0
  0
LINE
  5
461
330
1F
100
AcDbEntity
  8
Whole Simpsons House v1_Simpsons_house_02
100
AcDbLine
 10
-31.42116831690902
 20
0.0
 30
-86.0672470234929
 11
-31.42116831690902
 21
0.0
 31
-68.80018591238178
210
0.0
220
1.0
230
0.0
  0
LINE
  5
462
330
1F
100
AcDbEntity
  8
Whole Simpsons House v1_Simpsons_house_02
100
AcDbLine
 10
-40.16441276135353
 20
0.0
 30
-15.90362757904844
 11
-40.16441276135353
 21
0.0
 31
-21.04783313460399
210
0.0
220
1.0
230
0.0
  0
LINE
  5
463
330
1F
100
AcDbEntity
  8
Whole Simpsons House v1_Simpsons_house_02
100
AcDbLine
 10
-23.19403776135352
 20
0.0
 30
-29.53108035682621
 11
-8.493434983575767
 21
0.0
 31
-24.72554146793732
210
0.0
220
1.0
230
0.0
  0
LINE
  5
464
330
1F
100
AcDbEntity
  8
Whole Simpsons House v1_Simpsons_house_02
100
AcDbLine
 10
-55.01917942802027
 20
0.0
 30
-157.4020886901596
 11
-55.01917942802027
 21
0.0
 31
-167.4040442457151
210
0.0
220
1.0
230
0.0
  0
LINE
  5
465
330
1F
100
AcDbEntity
  8
Whole Simpsons House v1_Simpsons_house_02
100
AcDbLine
 10
-9.07657665024253
 20
0.0
 30
-192.964558134604
 11
-9.257904428020254
 21
0.0
 31
-193.1716386901596
210
0.0
220
1.0
230
0.0
  0
LINE
  5
466
330
1F
100
AcDbEntity
  8
Whole Simpsons House v1_Simpsons_house_02
100
AcDbLine
 10
-23.19403776135352
 20
0.0
 30
-23.11334702349288
 11
-23.19403776135352
 21
0.0
 31
-29.53108035682621
210
0.0
220
1.0
230
0.0
  0
LINE
  5
467
330
1F
100
AcDbEntity
  8
Whole Simpsons House v1_Simpsons_house_02
100
AcDbLine
 10
-302.1851683169091
 20
0.0
 30
-144.399758134604
 11
-302.1851683169091
 21
0.0
 31
-147.400133134604
210
0.0
220
1.0
230
0.0
  0
LINE
  5
468
330
1F
100
AcDbEntity
  8
Whole Simpsons House v1_Simpsons_house_02
100
AcDbLine
 10
-55.01917942802027
 20
0.0
 30
-197.9224970234929
 11
-55.01917942802027
 21
0.0
 31
-207.9244525790485
210
0.0
220
1.0
230
0.0
  0
LINE
  5
469
330
1F
100
AcDbEntity
  8
Whole Simpsons House v1_Simpsons_house_02
100
AcDbLine
 10
-322.1890794280202
 20
0.0
 30
-167.4040442457151
 11
-322.1890794280202
 21
0.0
 31
-157.4020886901596
210
0.0
220
1.0
230
0.0
  0
LINE
  5
46A
330
1F
100
AcDbEntity
  8
Whole Simpsons House v1_Simpsons_house_02
100
AcDbLine
 10
-146.4916349835758
 20
0.0
 30
-116.637558134604
 11
-146.4916349835758
 21
0.0
 31
-126.6395136901595
210
0.0
220
1.0
230
0.0
  0
LINE
  5
46B
330
1F
100
AcDbEntity
  8
Whole Simpsons House v1_Simpsons_house_02
100
AcDbLine
 10
-12.72182942802025
 20
0.0
 30
-158.4741803568262
 11
-12.72182942802025
 21
0.0
 31
-163.4352942457151
210
0.0
220
1.0
230
0.0
  0
LINE
  5
46C
330
1F
100
AcDbEntity
  8
Whole Simpsons House v1_Simpsons_house_02
100
AcDbLine
 10
-19.19318498357576
 20
0.0
 30
-20.1126192457151
 11
-19.19318498357576
 21
0.0
 31
-23.11334702349288
210
0.0
220
1.0
230
0.0
  0
LINE
  5
46D
330
1F
100
AcDbEntity
  8
Whole Simpsons House v1_Simpsons_house_02
100
AcDbLine
 10
-52.01880442802025
 20
0.0
 30
-167.4040442457151
 11
-52.01880442802025
 21
0.0
 31
-197.9224970234929
210
0.0
220
1.0
230
0.0
  0
LINE
  5
46E
330
1F
100
AcDbEntity
  8
Whole Simpsons House v1_Simpsons_house_02
100
AcDbLine
 10
-20.71894887246475
 20
0.0
 30
-111.398808134604
 11
-19.85429053913147
 21
0.0
 31
-111.8612998012707
210
0.0
220
1.0
230
0.0
  0
LINE
  5
46F
330
1F
100
AcDbEntity
  8
Whole Simpsons House v1_Simpsons_house_02
100
AcDbLine
 10
-9.257904428020254
 20
0.0
 30
-193.1716386901596
 11
-9.464984983575773
 21
0.0
 31
-193.3529664679373
210
0.0
220
1.0
230
0.0
  0
LINE
  5
470
330
1F
100
AcDbEntity
  8
Whole Simpsons House v1_Simpsons_house_02
100
AcDbLine
 10
-154.0777683169091
 20
0.0
 30
-147.400133134604
 11
-154.0777683169091
 21
0.0
 31
-144.399758134604
210
0.0
220
1.0
230
0.0
  0
LINE
  5
471
330
1F
100
AcDbEntity
  8
Whole Simpsons House v1_Simpsons_house_02
100
AcDbLine
 10
-8.713568316909102
 20
0.0
 30
-191.1396386901595
 11
-8.659946094687001
 21
0.0
 31
-191.4091609123818
210
0.0
220
1.0
230
0.0
  0
LINE
  5
472
330
1F
100
AcDbEntity
  8
Whole Simpsons House v1_Simpsons_house_02
100
AcDbLine
 10
-325.1894544280202
 20
0.0
 30
-157.4020886901596
 11
-325.1894544280202
 21
0.0
 31
-147.400133134604
210
0.0
220
1.0
230
0.0
  0
LINE
  5
473
330
1F
100
AcDbEntity
  8
Whole Simpsons House v1_Simpsons_house_02
100
AcDbLine
 10
-128.4735099835758
 20
0.0
 30
-122.0054248012707
 11
-128.4735099835758
 21
0.0
 31
-130.0071303568262
210
0.0
220
1.0
230
0.0
  0
LINE
  5
474
330
1F
100
AcDbEntity
  8
Whole Simpsons House v1_Simpsons_house_02
100
AcDbLine
 10
-196.5518599835757
 20
0.0
 30
-24.86312480127066
 11
-196.5518599835757
 21
0.0
 31
-15.57483869015954
210
0.0
220
1.0
230
0.0
  0
LINE
  5
475
330
1F
100
AcDbEntity
  8
Whole Simpsons House v1_Simpsons_house_02
100
AcDbLine
 10
-12.23287942802009
 20
0.0
 30
-190.1963109123816
 11
-12.02615165024248
 21
0.0
 31
-190.0153359123818
210
0.0
220
1.0
230
0.0
  0
LINE
  5
476
330
1F
100
AcDbEntity
  8
Whole Simpsons House v1_Simpsons_house_02
100
AcDbLine
 10
-12.72182942802025
 20
0.0
 30
-172.3976136901596
 11
-12.72182942802025
 21
0.0
 31
-177.3590803568261
210
0.0
220
1.0
230
0.0
  0
LINE
  5
477
330
1F
100
AcDbEntity
  8
Whole Simpsons House v1_Simpsons_house_02
100
AcDbLine
 10
-233.1324460946868
 20
0.0
 30
-147.400133134604
 11
-233.1324460946868
 21
0.0
 31
-144.399758134604
210
0.0
220
1.0
230
0.0
  0
LINE
  5
478
330
1F
100
AcDbEntity
  8
Whole Simpsons House v1_Simpsons_house_02
100
AcDbLine
 10
-312.1871238724647
 20
0.0
 30
-147.400133134604
 11
-312.1871238724647
 21
0.0
 31
-144.399758134604
210
0.0
220
1.0
230
0.0
  0
LINE
  5
479
330
1F
100
AcDbEntity
  8
Whole Simpsons House v1_Simpsons_house_02
100
AcDbLine
 10
-124.7294794280202
 20
0.0
 30
-8.801858134603991
 11
-124.7294794280202
 21
0.0
 31
-18.0901442457151
210
0.0
220
1.0
230
0.0
  0
LINE
  5
47A
330
1F
100
AcDbEntity
  8
Whole Simpsons House v1_Simpsons_house_02
100
AcDbLine
 10
-131.4738849835757
 20
0.0
 30
-130.0071303568262
 11
-131.4738849835757
 21
0.0
 31
-122.0054248012707
210
0.0
220
1.0
230
0.0
  0
LINE
  5
47B
330
1F
100
AcDbEntity
  8
Whole Simpsons House v1_Simpsons_house_02
100
AcDbLine
 10
-25.46380998357577
 20
0.0
 30
-11.29070535682621
 11
-40.16441276135353
 21
0.0
 31
-6.485166467937328
210
0.0
220
1.0
230
0.0
  0
LINE
  5
47C
330
1F
100
AcDbEntity
  8
Whole Simpsons House v1_Simpsons_house_02
100
AcDbLine
 10
-152.0715210946868
 20
0.0
 30
-217.7189748012707
 11
-152.0715210946868
 21
0.0
 31
-235.5511859123819
210
0.0
220
1.0
230
0.0
  0
LINE
  5
47D
330
1F
100
AcDbEntity
  8
Whole Simpsons House v1_Simpsons_house_02
100
AcDbLine
 10
-19.85429053913147
 20
0.0
 30
-111.8612998012707
 11
-18.91625442802023
 21
0.0
 31
-112.1456386901596
210
0.0
220
1.0
230
0.0
  0
LINE
  5
47E
330
1F
100
AcDbEntity
  8
Whole Simpsons House v1_Simpsons_house_02
100
AcDbLine
 10
-325.1894544280202
 20
0.0
 30
-214.4748303568261
 11
-325.1894544280202
 21
0.0
 31
-167.4040442457151
210
0.0
220
1.0
230
0.0
  0
LINE
  5
47F
330
1F
100
AcDbEntity
  8
Whole Simpsons House v1_Simpsons_house_02
100
AcDbLine
 10
-223.1304905391313
 20
0.0
 30
-144.399758134604
 11
-223.1304905391313
 21
0.0
 31
-147.400133134604
210
0.0
220
1.0
230
0.0
  0
LINE
  5
480
330
1F
100
AcDbEntity
  8
Whole Simpsons House v1_Simpsons_house_02
100
AcDbLine
 10
-12.41420720579803
 20
0.0
 30
-192.964558134604
 11
-12.56731276135354
 21
0.0
 31
-192.7356053568262
210
0.0
220
1.0
230
0.0
  0
LINE
  5
481
330
1F
100
AcDbEntity
  8
Whole Simpsons House v1_Simpsons_house_02
100
AcDbLine
 10
-12.68902109468683
 20
0.0
 30
-192.4890136901595
 11
-12.77721553913131
 21
0.0
 31
-192.2283109123817
210
0.0
220
1.0
230
0.0
  0
LINE
  5
482
330
1F
100
AcDbEntity
  8
Whole Simpsons House v1_Simpsons_house_02
100
AcDbLine
 10
-12.56731276135354
 20
0.0
 30
-190.6323442457151
 11
-12.41420720579803
 21
0.0
 31
-190.4033914679373
210
0.0
220
1.0
230
0.0
  0
LINE
  5
483
330
1F
100
AcDbEntity
  8
Whole Simpsons House v1_Simpsons_house_02
100
AcDbLine
 10
-326.8503322057979
 20
0.0
 30
-53.63814980127066
 11
-326.8503322057979
 21
0.0
 31
-136.659108134604
210
0.0
220
1.0
230
0.0
  0
LINE
  5
484
330
1F
100
AcDbEntity
  8
Whole Simpsons House v1_Simpsons_house_02
100
AcDbLine
 10
-22.01011553913133
 20
0.0
 30
-177.3590803568261
 11
-22.01011553913133
 21
0.0
 31
-172.3976136901596
210
0.0
220
1.0
230
0.0
  0
LINE
  5
485
330
1F
100
AcDbEntity
  8
Whole Simpsons House v1_Simpsons_house_02
100
AcDbLine
 10
-8.493434983575767
 20
0.0
 30
-24.72554146793732
 11
-23.19403776135352
 21
0.0
 31
-14.96841369015955
210
0.0
220
1.0
230
0.0
  0
LINE
  5
486
330
1F
100
AcDbEntity
  8
Whole Simpsons House v1_Simpsons_house_02
100
AcDbLine
 10
-12.56731276135354
 20
0.0
 30
-192.7356053568262
 11
-12.68902109468683
 21
0.0
 31
-192.4890136901595
210
0.0
220
1.0
230
0.0
  0
LINE
  5
487
330
1F
100
AcDbEntity
  8
Whole Simpsons House v1_Simpsons_house_02
100
AcDbLine
 10
-9.464984983575773
 20
0.0
 30
-193.3529664679373
 11
-9.693584983575791
 21
0.0
 31
-193.5057192457151
210
0.0
220
1.0
230
0.0
  0
LINE
  5
488
330
1F
100
AcDbEntity
  8
Whole Simpsons House v1_Simpsons_house_02
100
AcDbLine
 10
-124.917157205798
 20
0.0
 30
-59.1714692457151
 11
-124.917157205798
 21
0.0
 31
-51.11896369015956
210
0.0
220
1.0
230
0.0
  0
LINE
  5
489
330
1F
100
AcDbEntity
  8
Whole Simpsons House v1_Simpsons_house_02
100
AcDbLine
 10
-316.6088405391314
 20
0.0
 30
-82.02123869015952
 11
-316.6088405391314
 21
0.0
 31
-92.02319424571512
210
0.0
220
1.0
230
0.0
  0
LINE
  5
48A
330
1F
100
AcDbEntity
  8
Whole Simpsons House v1_Simpsons_house_02
100
AcDbLine
 10
-229.5147099835757
 20
0.0
 30
-10.07115257904843
 11
-229.5147099835757
 21
0.0
 31
-19.35943869015955
210
0.0
220
1.0
230
0.0
  0
LINE
  5
48B
330
1F
100
AcDbEntity
  8
Whole Simpsons House v1_Simpsons_house_02
100
AcDbLine
 10
-128.4735099835758
 20
0.0
 30
-87.06772480127066
 11
-128.4735099835758
 21
0.0
 31
-95.06907757904844
210
0.0
220
1.0
230
0.0
  0
LINE
  5
48C
330
1F
100
AcDbEntity
  8
Whole Simpsons House v1_Simpsons_house_02
100
AcDbLine
 10
-198.5524627613536
 20
0.0
 30
-15.57483869015954
 11
-198.5524627613536
 21
0.0
 31
-24.86312480127066
210
0.0
220
1.0
230
0.0
  0
LINE
  5
48D
330
1F
100
AcDbEntity
  8
Whole Simpsons House v1_Simpsons_house_02
100
AcDbLine
 10
-203.5135766502425
 20
0.0
 30
-24.86312480127066
 11
-203.5135766502425
 21
0.0
 31
-15.57483869015954
210
0.0
220
1.0
230
0.0
  0
LINE
  5
48E
330
1F
100
AcDbEntity
  8
Whole Simpsons House v1_Simpsons_house_02
100
AcDbLine
 10
-316.6088405391314
 20
0.0
 30
-116.637558134604
 11
-316.6088405391314
 21
0.0
 31
-126.6395136901595
210
0.0
220
1.0
230
0.0
  0
LINE
  5
48F
330
1F
100
AcDbEntity
  8
Whole Simpsons House v1_Simpsons_house_02
100
AcDbLine
 10
-155.0722488724646
 20
0.0
 30
-197.9224970234929
 11
-155.0722488724646
 21
0.0
 31
-207.9244525790485
210
0.0
220
1.0
230
0.0
  0
LINE
  5
490
330
1F
100
AcDbEntity
  8
Whole Simpsons House v1_Simpsons_house_02
100
AcDbLine
 10
-22.01011553913133
 20
0.0
 30
-170.3970109123818
 11
-22.01011553913133
 21
0.0
 31
-165.4358970234929
210
0.0
220
1.0
230
0.0
  0
LINE
  5
491
330
1F
100
AcDbEntity
  8
Whole Simpsons House v1_Simpsons_house_02
100
AcDbLine
 10
-115.7675127613535
 20
0.0
 30
-18.0901442457151
 11
-115.7675127613535
 21
0.0
 31
-8.801858134603991
210
0.0
220
1.0
230
0.0
  0
LINE
  5
492
330
1F
100
AcDbEntity
  8
Whole Simpsons House v1_Simpsons_house_02
100
AcDbLine
 10
-241.4378933169091
 20
0.0
 30
-19.35943869015955
 11
-241.4378933169091
 21
0.0
 31
-10.07115257904843
210
0.0
220
1.0
230
0.0
  0
LINE
  5
493
330
1F
100
AcDbEntity
  8
Whole Simpsons House v1_Simpsons_house_02
100
AcDbLine
 10
-152.0715210946868
 20
0.0
 30
-197.9224970234929
 11
-155.0722488724646
 21
0.0
 31
-197.9224970234929
210
0.0
220
1.0
230
0.0
  0
LINE
  5
494
330
1F
100
AcDbEntity
  8
Whole Simpsons House v1_Simpsons_house_02
100
AcDbLine
 10
-52.01880442802025
 20
0.0
 30
-197.9224970234929
 11
-55.01917942802027
 21
0.0
 31
-197.9224970234929
210
0.0
220
1.0
230
0.0
  0
LINE
  5
495
330
1F
100
AcDbEntity
  8
Whole Simpsons House v1_Simpsons_house_02
100
AcDbLine
 10
-11.02002942802009
 20
0.0
 30
-193.7875886901596
 11
-11.29
 21
0.0
 31
-193.74
210
0.0
220
1.0
230
0.0
  0
LINE
  5
496
330
1F
100
AcDbEntity
  8
Whole Simpsons House v1_Simpsons_house_02
100
AcDbLine
 10
-10.47110720579802
 20
0.0
 30
-193.756244506423
 11
-10.74556831690919
 21
0.0
 31
-193.7875886901596
210
0.0
220
1.0
230
0.0
  0
LINE
  5
497
330
1F
100
AcDbEntity
  8
Whole Simpsons House v1_Simpsons_house_02
100
AcDbLine
 10
-11.55060720579797
 20
0.0
 30
-189.7405220234929
 11
-11.28990442802027
 21
0.0
 31
-189.6519748012707
210
0.0
220
1.0
230
0.0
  0
LINE
  5
498
330
1F
100
AcDbEntity
  8
Whole Simpsons House v1_Simpsons_house_02
100
AcDbLine
 10
-319.6095683169091
 20
0.0
 30
-116.637558134604
 11
-316.6088405391314
 21
0.0
 31
-116.637558134604
210
0.0
220
1.0
230
0.0
  0
LINE
  5
499
330
1F
100
AcDbEntity
  8
Whole Simpsons House v1_Simpsons_house_02
100
AcDbLine
 10
-149.4923627613535
 20
0.0
 30
-116.637558134604
 11
-146.4916349835758
 21
0.0
 31
-116.637558134604
210
0.0
220
1.0
230
0.0
  0
LINE
  5
49A
330
1F
100
AcDbEntity
  8
Whole Simpsons House v1_Simpsons_house_02
100
AcDbLine
 10
-203.5135766502425
 20
0.0
 30
-15.57483869015954
 11
-198.5524627613536
 21
0.0
 31
-15.57483869015954
210
0.0
220
1.0
230
0.0
  0
LINE
  5
49B
330
1F
100
AcDbEntity
  8
Whole Simpsons House v1_Simpsons_house_02
100
AcDbLine
 10
-210.4752933169091
 20
0.0
 30
-15.57483869015954
 11
-205.5138266502424
 21
0.0
 31
-15.57483869015954
210
0.0
220
1.0
230
0.0
  0
LINE
  5
49C
330
1F
100
AcDbEntity
  8
Whole Simpsons House v1_Simpsons_house_02
100
AcDbLine
 10
-196.5518599835757
 20
0.0
 30
-15.57483869015954
 11
-191.5907460946868
 21
0.0
 31
-15.57483869015954
210
0.0
220
1.0
230
0.0
  0
LINE
  5
49D
330
1F
100
AcDbEntity
  8
Whole Simpsons House v1_Simpsons_house_02
100
AcDbLine
 10
-10.20087942802028
 20
0.0
 30
-189.6249723404446
 11
-9.930000000000001
 21
0.0
 31
-189.71
210
0.0
220
1.0
230
0.0
  0
LINE
  5
49E
330
1F
100
AcDbEntity
  8
Whole Simpsons House v1_Simpsons_house_02
100
AcDbLine
 10
-11.28990442802027
 20
0.0
 30
-189.6519748012707
 11
-11.02002942802009
 21
0.0
 31
-189.5983525790485
210
0.0
220
1.0
230
0.0
  0
LINE
  5
49F
330
1F
100
AcDbEntity
  8
Whole Simpsons House v1_Simpsons_house_02
100
AcDbLine
 10
-34.78455165024247
 20
0.0
 30
-203.6890025790484
 11
-31.78382387246479
 21
0.0
 31
-203.6890025790484
210
0.0
220
1.0
230
0.0
  0
LINE
  5
4A0
330
1F
100
AcDbEntity
  8
Whole Simpsons House v1_Simpsons_house_02
100
AcDbLine
 10
-152.0715210946868
 20
0.0
 30
-157.4020886901596
 11
-155.0722488724646
 21
0.0
 31
-157.4020886901596
210
0.0
220
1.0
230
0.0
  0
LINE
  5
4A1
330
1F
100
AcDbEntity
  8
Whole Simpsons House v1_Simpsons_house_02
100
AcDbLine
 10
-52.01880442802025
 20
0.0
 30
-157.4020886901596
 11
-55.01917942802027
 21
0.0
 31
-157.4020886901596
210
0.0
220
1.0
230
0.0
  0
LINE
  5
4A2
330
1F
100
AcDbEntity
  8
Whole Simpsons House v1_Simpsons_house_02
100
AcDbLine
 10
-322.1890794280202
 20
0.0
 30
-157.4020886901596
 11
-325.1894544280202
 21
0.0
 31
-157.4020886901596
210
0.0
220
1.0
230
0.0
  0
LINE
  5
4A3
330
1F
100
AcDbEntity
  8
Whole Simpsons House v1_Simpsons_house_02
100
AcDbLine
 10
-31.78382387246479
 20
0.0
 30
-213.690958134604
 11
-34.78455165024247
 21
0.0
 31
-213.690958134604
210
0.0
220
1.0
230
0.0
  0
LINE
  5
4A4
330
1F
100
AcDbEntity
  8
Whole Simpsons House v1_Simpsons_house_02
100
AcDbLine
 10
-117.7677627613535
 20
0.0
 30
-18.0901442457151
 11
-122.7292294280202
 21
0.0
 31
-18.0901442457151
210
0.0
220
1.0
230
0.0
  0
LINE
  5
4A5
330
1F
100
AcDbEntity
  8
Whole Simpsons House v1_Simpsons_house_02
100
AcDbLine
 10
-110.8063988724646
 20
0.0
 30
-18.0901442457151
 11
-115.7675127613535
 21
0.0
 31
-18.0901442457151
210
0.0
220
1.0
230
0.0
  0
LINE
  5
4A6
330
1F
100
AcDbEntity
  8
Whole Simpsons House v1_Simpsons_house_02
100
AcDbLine
 10
-124.7294794280202
 20
0.0
 30
-18.0901442457151
 11
-129.6909460946868
 21
0.0
 31
-18.0901442457151
210
0.0
220
1.0
230
0.0
  0
LINE
  5
4A7
330
1F
100
AcDbEntity
  8
Whole Simpsons House v1_Simpsons_house_02
100
AcDbLine
 10
-149.4923627613535
 20
0.0
 30
-82.02123869015952
 11
-146.4916349835758
 21
0.0
 31
-82.02123869015952
210
0.0
220
1.0
230
0.0
  0
LINE
  5
4A8
330
1F
100
AcDbEntity
  8
Whole Simpsons House v1_Simpsons_house_02
100
AcDbLine
 10
-319.6095683169091
 20
0.0
 30
-82.02123869015952
 11
-316.6088405391314
 21
0.0
 31
-82.02123869015952
210
0.0
220
1.0
230
0.0
  0
LINE
  5
4A9
330
1F
100
AcDbEntity
  8
Whole Simpsons House v1_Simpsons_house_02
100
AcDbLine
 10
-10.74556831690919
 20
0.0
 30
-193.7875886901596
 11
-11.02002942802009
 21
0.0
 31
-193.7875886901596
210
0.0
220
1.0
230
0.0
  0
LINE
  5
4AA
330
1F
100
AcDbEntity
  8
Whole Simpsons House v1_Simpsons_house_02
100
AcDbLine
 10
-155.0722488724646
 20
0.0
 30
-167.4040442457151
 11
-152.0715210946868
 21
0.0
 31
-167.4040442457151
210
0.0
220
1.0
230
0.0
  0
LINE
  5
4AB
330
1F
100
AcDbEntity
  8
Whole Simpsons House v1_Simpsons_house_02
100
AcDbLine
 10
-55.01917942802027
 20
0.0
 30
-167.4040442457151
 11
-52.01880442802025
 21
0.0
 31
-167.4040442457151
210
0.0
220
1.0
230
0.0
  0
LINE
  5
4AC
330
1F
100
AcDbEntity
  8
Whole Simpsons House v1_Simpsons_house_02
100
AcDbLine
 10
-325.1894544280202
 20
0.0
 30
-167.4040442457151
 11
-322.1890794280202
 21
0.0
 31
-167.4040442457151
210
0.0
220
1.0
230
0.0
  0
LINE
  5
4AD
330
1F
100
AcDbEntity
  8
Whole Simpsons House v1_Simpsons_house_02
100
AcDbLine
 10
-131.4738849835757
 20
0.0
 30
-122.0054248012707
 11
-128.4735099835758
 21
0.0
 31
-122.0054248012707
210
0.0
220
1.0
230
0.0
  0
LINE
  5
4AE
330
1F
100
AcDbEntity
  8
Whole Simpsons House v1_Simpsons_house_02
100
AcDbLine
 10
-9.940529428020211
 20
0.0
 30
-193.6274275790484
 11
-10.2
 21
0.0
 31
-193.7
210
0.0
220
1.0
230
0.0
  0
LINE
  5
4AF
330
1F
100
AcDbEntity
  8
Whole Simpsons House v1_Simpsons_house_02
100
AcDbLine
 10
-115.7675127613535
 20
0.0
 30
-8.801858134603991
 11
-110.8063988724646
 21
0.0
 31
-8.801858134603991
210
0.0
220
1.0
230
0.0
  0
LINE
  5
4B0
330
1F
100
AcDbEntity
  8
Whole Simpsons House v1_Simpsons_house_02
100
AcDbLine
 10
-129.6909460946868
 20
0.0
 30
-8.801858134603991
 11
-124.7294794280202
 21
0.0
 31
-8.801858134603991
210
0.0
220
1.0
230
0.0
  0
LINE
  5
4B1
330
1F
100
AcDbEntity
  8
Whole Simpsons House v1_Simpsons_house_02
100
AcDbLine
 10
-122.7292294280202
 20
0.0
 30
-8.801858134603991
 11
-117.7677627613535
 21
0.0
 31
-8.801858134603991
210
0.0
220
1.0
230
0.0
  0
LINE
  5
4B2
330
1F
100
AcDbEntity
  8
Whole Simpsons House v1_Simpsons_house_02
100
AcDbLine
 10
-10.74556831690919
 20
0.0
 30
-189.5803609123818
 11
-10.47110720579802
 21
0.0
 31
-189.5803609123818
210
0.0
220
1.0
230
0.0
  0
LINE
  5
4B3
330
1F
100
AcDbEntity
  8
Whole Simpsons House v1_Simpsons_house_02
100
AcDbLine
 10
-155.0722488724646
 20
0.0
 30
-207.9244525790485
 11
-152.0715210946868
 21
0.0
 31
-207.9244525790485
210
0.0
220
1.0
230
0.0
  0
LINE
  5
4B4
330
1F
100
AcDbEntity
  8
Whole Simpsons House v1_Simpsons_house_02
100
AcDbLine
 10
-55.01917942802027
 20
0.0
 30
-207.9244525790485
 11
-52.01880442802025
 21
0.0
 31
-207.9244525790485
210
0.0
220
1.0
230
0.0
  0
LINE
  5
4B5
330
1F
100
AcDbEntity
  8
Whole Simpsons House v1_Simpsons_house_02
100
AcDbLine
 10
-241.4378933169091
 20
0.0
 30
-10.07115257904843
 11
-236.4767794280202
 21
0.0
 31
-10.07115257904843
210
0.0
220
1.0
230
0.0
  0
LINE
  5
4B6
330
1F
100
AcDbEntity
  8
Whole Simpsons House v1_Simpsons_house_02
100
AcDbLine
 10
-227.5144599835758
 20
0.0
 30
-10.07115257904843
 11
-222.5529933169092
 21
0.0
 31
-10.07115257904843
210
0.0
220
1.0
230
0.0
  0
LINE
  5
4B7
330
1F
100
AcDbEntity
  8
Whole Simpsons House v1_Simpsons_house_02
100
AcDbLine
 10
-234.4761766502425
 20
0.0
 30
-10.07115257904843
 11
-229.5147099835757
 21
0.0
 31
-10.07115257904843
210
0.0
220
1.0
230
0.0
  0
LINE
  5
4B8
330
1F
100
AcDbEntity
  8
Whole Simpsons House v1_Simpsons_house_02
100
AcDbLine
 10
-111.7426710946868
 20
0.0
 30
-59.1714692457151
 11
-124.917157205798
 21
0.0
 31
-59.1714692457151
210
0.0
220
1.0
230
0.0
  0
LINE
  5
4B9
330
1F
100
AcDbEntity
  8
Whole Simpsons House v1_Simpsons_house_02
100
AcDbLine
 10
-229.5147099835757
 20
0.0
 30
-19.35943869015955
 11
-234.4761766502425
 21
0.0
 31
-19.35943869015955
210
0.0
220
1.0
230
0.0
  0
LINE
  5
4BA
330
1F
100
AcDbEntity
  8
Whole Simpsons House v1_Simpsons_house_02
100
AcDbLine
 10
-222.5529933169092
 20
0.0
 30
-19.35943869015955
 11
-227.5144599835758
 21
0.0
 31
-19.35943869015955
210
0.0
220
1.0
230
0.0
  0
LINE
  5
4BB
330
1F
100
AcDbEntity
  8
Whole Simpsons House v1_Simpsons_house_02
100
AcDbLine
 10
-236.4767794280202
 20
0.0
 30
-19.35943869015955
 11
-241.4378933169091
 21
0.0
 31
-19.35943869015955
210
0.0
220
1.0
230
0.0
  0
LINE
  5
4BC
330
1F
100
AcDbEntity
  8
Whole Simpsons House v1_Simpsons_house_02
100
AcDbLine
 10
-316.6088405391314
 20
0.0
 30
-126.6395136901595
 11
-319.6095683169091
 21
0.0
 31
-126.6395136901595
210
0.0
220
1.0
230
0.0
  0
LINE
  5
4BD
330
1F
100
AcDbEntity
  8
Whole Simpsons House v1_Simpsons_house_02
100
AcDbLine
 10
-146.4916349835758
 20
0.0
 30
-126.6395136901595
 11
-149.4923627613535
 21
0.0
 31
-126.6395136901595
210
0.0
220
1.0
230
0.0
  0
LINE
  5
4BE
330
1F
100
AcDbEntity
  8
Whole Simpsons House v1_Simpsons_house_02
100
AcDbLine
 10
-124.917157205798
 20
0.0
 30
-51.11896369015956
 11
-111.7426710946868
 21
0.0
 31
-51.11896369015956
210
0.0
220
1.0
230
0.0
  0
LINE
  5
4BF
330
1F
100
AcDbEntity
  8
Whole Simpsons House v1_Simpsons_house_02
100
AcDbLine
 10
-128.4735099835758
 20
0.0
 30
-95.06907757904844
 11
-131.4738849835757
 21
0.0
 31
-95.06907757904844
210
0.0
220
1.0
230
0.0
  0
LINE
  5
4C0
330
1F
100
AcDbEntity
  8
Whole Simpsons House v1_Simpsons_house_02
100
AcDbLine
 10
-146.4916349835758
 20
0.0
 30
-92.02319424571512
 11
-149.4923627613535
 21
0.0
 31
-92.02319424571512
210
0.0
220
1.0
230
0.0
  0
LINE
  5
4C1
330
1F
100
AcDbEntity
  8
Whole Simpsons House v1_Simpsons_house_02
100
AcDbLine
 10
-316.6088405391314
 20
0.0
 30
-92.02319424571512
 11
-319.6095683169091
 21
0.0
 31
-92.02319424571512
210
0.0
220
1.0
230
0.0
  0
LINE
  5
4C2
330
1F
100
AcDbEntity
  8
Whole Simpsons House v1_Simpsons_house_02
100
AcDbLine
 10
-284.7346627613535
 20
0.0
 30
-12.76355257904843
 11
-255.0332433169091
 21
0.0
 31
-12.76355257904843
210
0.0
220
1.0
230
0.0
  0
LINE
  5
4C3
330
1F
100
AcDbEntity
  8
Whole Simpsons House v1_Simpsons_house_02
100
AcDbLine
 10
-255.0332433169091
 20
0.0
 30
-26.82739146793732
 11
-284.7346627613535
 21
0.0
 31
-26.82739146793732
210
0.0
220
1.0
230
0.0
  0
LINE
  5
4C4
330
1F
100
AcDbEntity
  8
Whole Simpsons House v1_Simpsons_house_02
100
AcDbLine
 10
-128.4735099835758
 20
0.0
 30
-130.0071303568262
 11
-131.4738849835757
 21
0.0
 31
-130.0071303568262
210
0.0
220
1.0
230
0.0
  0
LINE
  5
4C5
330
1F
100
AcDbEntity
  8
Whole Simpsons House v1_Simpsons_house_02
100
AcDbLine
 10
-305.2162349835758
 20
0.0
 30
-18.77629702349288
 11
-319.2186905391313
 21
0.0
 31
-18.77629702349288
210
0.0
220
1.0
230
0.0
  0
LINE
  5
4C6
330
1F
100
AcDbEntity
  8
Whole Simpsons House v1_Simpsons_house_02
100
AcDbLine
 10
-10.72157942802014
 20
0.0
 30
-156.4739303568262
 11
-24.01071831690916
 21
0.0
 31
-156.4739303568262
210
0.0
220
1.0
230
0.0
  0
LINE
  5
4C7
330
1F
100
AcDbEntity
  8
Whole Simpsons House v1_Simpsons_house_02
100
AcDbLine
 10
-322.2194183169091
 20
0.0
 30
-21.77702480127066
 11
-302.2155072057981
 21
0.0
 31
-21.77702480127066
210
0.0
220
1.0
230
0.0
  0
LINE
  5
4C8
330
1F
100
AcDbEntity
  8
Whole Simpsons House v1_Simpsons_house_02
100
AcDbLine
 10
-95.10425998357576
 20
0.0
 30
-231.5905498012706
 11
-99.10511276135352
 21
0.0
 31
-231.5905498012706
210
0.0
220
1.0
230
0.0
  0
LINE
  5
4C9
330
1F
100
AcDbEntity
  8
Whole Simpsons House v1_Simpsons_house_02
100
AcDbLine
 10
-99.10511276135352
 20
0.0
 30
-228.5898220234929
 11
-95.10425998357576
 21
0.0
 31
-228.5898220234929
210
0.0
220
1.0
230
0.0
  0
LINE
  5
4CA
330
1F
100
AcDbEntity
  8
Whole Simpsons House v1_Simpsons_house_02
100
AcDbLine
 10
-48.92847109468682
 20
0.0
 30
-12.46157480127066
 11
-49.7088155391313
 21
0.0
 31
-12.38431646793732
210
0.0
220
1.0
230
0.0
  0
LINE
  5
4CB
330
1F
100
AcDbEntity
  8
Whole Simpsons House v1_Simpsons_house_02
100
AcDbLine
 10
-65.53936553913131
 20
0.0
 30
-18.38577202349288
 11
-59.27367942802028
 21
0.0
 31
-18.38577202349288
210
0.0
220
1.0
230
0.0
  0
LINE
  5
4CC
330
1F
100
AcDbEntity
  8
Whole Simpsons House v1_Simpsons_house_02
100
AcDbLine
 10
-49.84392942802028
 20
0.0
 30
-18.38577202349288
 11
-45.70796276135354
 21
0.0
 31
-18.38577202349288
210
0.0
220
1.0
230
0.0
  0
LINE
  5
4CD
330
1F
100
AcDbEntity
  8
Whole Simpsons House v1_Simpsons_house_02
100
AcDbLine
 10
-24.01071831690916
 20
0.0
 30
-179.3593303568261
 11
-10.72157942802014
 21
0.0
 31
-179.3593303568261
210
0.0
220
1.0
230
0.0
  0
LINE
  5
4CE
330
1F
100
AcDbEntity
  8
Whole Simpsons House v1_Simpsons_house_02
100
AcDbLine
 10
-212.4758960946868
 20
0.0
 30
-26.86337480127065
 11
-189.5901433169091
 21
0.0
 31
-26.86337480127065
210
0.0
220
1.0
230
0.0
  0
LINE
  5
4CF
330
1F
100
AcDbEntity
  8
Whole Simpsons House v1_Simpsons_house_02
100
AcDbLine
 10
-68.88793220579795
 20
0.0
 30
-24.38687480127066
 11
-65.53936553913131
 21
0.0
 31
-24.38687480127066
210
0.0
220
1.0
230
0.0
  0
LINE
  5
4D0
330
1F
100
AcDbEntity
  8
Whole Simpsons House v1_Simpsons_house_02
100
AcDbLine
 10
-59.27367942802028
 20
0.0
 30
-24.38687480127066
 11
-52.84465720579795
 21
0.0
 31
-24.38687480127066
210
0.0
220
1.0
230
0.0
  0
LINE
  5
4D1
330
1F
100
AcDbEntity
  8
Whole Simpsons House v1_Simpsons_house_02
100
AcDbLine
 10
-49.7088155391313
 20
0.0
 30
-12.38431646793732
 11
-64.88707942802021
 21
0.0
 31
-12.38431646793732
210
0.0
220
1.0
230
0.0
  0
LINE
  5
4D2
330
1F
100
AcDbEntity
  8
Whole Simpsons House v1_Simpsons_house_02
100
AcDbLine
 10
-64.88707942802021
 20
0.0
 30
-12.38431646793732
 11
-65.66777665024247
 21
0.0
 31
-12.46157480127066
210
0.0
220
1.0
230
0.0
  0
LINE
  5
4D3
330
1F
100
AcDbEntity
  8
Whole Simpsons House v1_Simpsons_house_02
100
AcDbLine
 10
-52.84465720579795
 20
0.0
 30
-21.38649980127066
 11
-49.84392942802028
 21
0.0
 31
-21.38649980127066
210
0.0
220
1.0
230
0.0
  0
LINE
  5
4D4
330
1F
100
AcDbEntity
  8
Whole Simpsons House v1_Simpsons_house_02
100
AcDbLine
 10
-61.14199053913132
 20
0.0
 30
-232.7547164679373
 11
-65.14249053913133
 21
0.0
 31
-232.7547164679373
210
0.0
220
1.0
230
0.0
  0
LINE
  5
4D5
330
1F
100
AcDbEntity
  8
Whole Simpsons House v1_Simpsons_house_02
100
AcDbLine
 10
-108.8057960946868
 20
0.0
 30
-6.801255356826218
 11
-131.6915488724646
 21
0.0
 31
-6.801255356826218
210
0.0
220
1.0
230
0.0
  0
LINE
  5
4D6
330
1F
100
AcDbEntity
  8
Whole Simpsons House v1_Simpsons_house_02
100
AcDbLine
 10
292.2421983497575
 20
0.0
 30
-40.3849942457151
 11
291.3034566830909
 21
0.0
 31
-40.45872480127066
210
0.0
220
1.0
230
0.0
  0
LINE
  5
4D7
330
1F
100
AcDbEntity
  8
Whole Simpsons House v1_Simpsons_house_02
100
AcDbLine
 10
306.6559927942019
 20
0.0
 30
-40.3849942457151
 11
292.2421983497575
 21
0.0
 31
-40.3849942457151
210
0.0
220
1.0
230
0.0
  0
LINE
  5
4D8
330
1F
100
AcDbEntity
  8
Whole Simpsons House v1_Simpsons_house_02
100
AcDbLine
 10
-45.39998776135366
 20
0.0
 30
-162.3533248012706
 11
-38.53281553913134
 21
0.0
 31
-162.3533248012706
210
0.0
220
1.0
230
0.0
  0
LINE
  5
4D9
330
1F
100
AcDbEntity
  8
Whole Simpsons House v1_Simpsons_house_02
100
AcDbLine
 10
286.2410955719798
 20
0.0
 30
-61.50086091238177
 11
291.2022094608687
 21
0.0
 31
-61.50086091238177
210
0.0
220
1.0
230
0.0
  0
LINE
  5
4DA
330
1F
100
AcDbEntity
  8
Whole Simpsons House v1_Simpsons_house_02
100
AcDbLine
 10
279.2793789053132
 20
0.0
 30
-61.50086091238177
 11
284.2408455719797
 21
0.0
 31
-61.50086091238177
210
0.0
220
1.0
230
0.0
  0
LINE
  5
4DB
330
1F
100
AcDbEntity
  8
Whole Simpsons House v1_Simpsons_house_02
100
AcDbLine
 10
272.3176622386465
 20
0.0
 30
-61.50086091238177
 11
277.2791289053131
 21
0.0
 31
-61.50086091238177
210
0.0
220
1.0
230
0.0
  0
LINE
  5
4DC
330
1F
100
AcDbEntity
  8
Whole Simpsons House v1_Simpsons_house_02
100
AcDbLine
 10
-98.28525720579798
 20
0.0
 30
-31.74652480127067
 11
-101.2859849835757
 21
0.0
 31
-31.74652480127067
210
0.0
220
1.0
230
0.0
  0
LINE
  5
4DD
330
1F
100
AcDbEntity
  8
Whole Simpsons House v1_Simpsons_house_02
100
AcDbLine
 10
-77.33554887246466
 20
0.0
 30
-31.74652480127067
 11
-80.3362766502423
 21
0.0
 31
-31.74652480127067
210
0.0
220
1.0
230
0.0
  0
LINE
  5
4DE
330
1F
100
AcDbEntity
  8
Whole Simpsons House v1_Simpsons_house_02
100
AcDbLine
 10
-86.5419905391313
 20
0.0
 30
-229.632633134604
 11
-89.74239053913134
 21
0.0
 31
-229.632633134604
210
0.0
220
1.0
230
0.0
  0
LINE
  5
4DF
330
1F
100
AcDbEntity
  8
Whole Simpsons House v1_Simpsons_house_02
100
AcDbLine
 10
-71.3605516502425
 20
0.0
 30
-229.632633134604
 11
-74.57329887246466
 21
0.0
 31
-229.632633134604
210
0.0
220
1.0
230
0.0
  0
LINE
  5
4E0
330
1F
100
AcDbEntity
  8
Whole Simpsons House v1_Simpsons_house_02
100
AcDbLine
 10
-37.78527942802028
 20
0.0
 30
-210.1899914679373
 11
-40.59621276135352
 21
0.0
 31
-210.1899914679373
210
0.0
220
1.0
230
0.0
  0
LINE
  5
4E1
330
1F
100
AcDbEntity
  8
Whole Simpsons House v1_Simpsons_house_02
100
AcDbLine
 10
-131.6915488724646
 20
0.0
 30
-20.0903942457151
 11
-108.8057960946868
 21
0.0
 31
-20.0903942457151
210
0.0
220
1.0
230
0.0
  0
LINE
  5
4E2
330
1F
100
AcDbEntity
  8
Whole Simpsons House v1_Simpsons_house_02
100
AcDbLine
 10
-65.14249053913133
 20
0.0
 30
-229.7543414679374
 11
-61.14199053913132
 21
0.0
 31
-229.7543414679374
210
0.0
220
1.0
230
0.0
  0
LINE
  5
4E3
330
1F
100
AcDbEntity
  8
Whole Simpsons House v1_Simpsons_house_02
100
AcDbLine
 10
-38.53281553913134
 20
0.0
 30
-165.3536998012706
 11
-45.39998776135366
 21
0.0
 31
-165.3536998012706
210
0.0
220
1.0
230
0.0
  0
LINE
  5
4E4
330
1F
100
AcDbEntity
  8
Whole Simpsons House v1_Simpsons_house_02
100
AcDbLine
 10
-189.5901433169091
 20
0.0
 30
-13.57423591238177
 11
-212.4758960946868
 21
0.0
 31
-13.57423591238177
210
0.0
220
1.0
230
0.0
  0
LINE
  5
4E5
330
1F
100
AcDbEntity
  8
Whole Simpsons House v1_Simpsons_house_02
100
AcDbLine
 10
-302.215507205798
 20
0.0
 30
-9.347252579048433
 11
-322.2194183169091
 21
0.0
 31
-9.347252579048433
210
0.0
220
1.0
230
0.0
  0
LINE
  5
4E6
330
1F
100
AcDbEntity
  8
Whole Simpsons House v1_Simpsons_house_02
100
AcDbLine
 10
-180.4743655391314
 20
0.0
 30
-20.72045535682621
 11
-140.430207205798
 21
0.0
 31
-20.72045535682621
210
0.0
220
1.0
230
0.0
  0
LINE
  5
4E7
330
1F
100
AcDbEntity
  8
Whole Simpsons House v1_Simpsons_house_02
100
AcDbLine
 10
-77.57367387246461
 20
0.0
 30
-223.6315303568261
 11
-83.54126276135354
 21
0.0
 31
-223.6315303568261
210
0.0
220
1.0
230
0.0
  0
LINE
  5
4E8
330
1F
100
AcDbEntity
  8
Whole Simpsons House v1_Simpsons_house_02
100
AcDbLine
 10
-34.78455165024247
 20
0.0
 30
-231.7496525790484
 11
-31.78382387246479
 21
0.0
 31
-231.7496525790484
210
0.0
220
1.0
230
0.0
  0
LINE
  5
4E9
330
1F
100
AcDbEntity
  8
Whole Simpsons House v1_Simpsons_house_02
100
AcDbLine
 10
-78.06967942802028
 20
0.0
 30
-15.20583313460399
 11
-100.5518544280203
 21
0.0
 31
-15.20583313460399
210
0.0
220
1.0
230
0.0
  0
LINE
  5
4EA
330
1F
100
AcDbEntity
  8
Whole Simpsons House v1_Simpsons_house_02
100
AcDbLine
 10
-31.78382387246479
 20
0.0
 30
-185.6299553568262
 11
-34.78455165024247
 21
0.0
 31
-185.6299553568262
210
0.0
220
1.0
230
0.0
  0
LINE
  5
4EB
330
1F
100
AcDbEntity
  8
Whole Simpsons House v1_Simpsons_house_02
100
AcDbLine
 10
293.2028122386463
 20
0.0
 30
-48.74970813460399
 11
306.6559927942019
 21
0.0
 31
-48.74970813460399
210
0.0
220
1.0
230
0.0
  0
LINE
  5
4EC
330
1F
100
AcDbEntity
  8
Whole Simpsons House v1_Simpsons_house_02
100
AcDbLine
 10
-74.57329887246466
 20
0.0
 30
-226.6319053568262
 11
-77.57367387246461
 21
0.0
 31
-226.6319053568262
210
0.0
220
1.0
230
0.0
  0
LINE
  5
4ED
330
1F
100
AcDbEntity
  8
Whole Simpsons House v1_Simpsons_house_02
100
AcDbLine
 10
-83.54126276135354
 20
0.0
 30
-226.6319053568262
 11
-86.5419905391313
 21
0.0
 31
-226.6319053568262
210
0.0
220
1.0
230
0.0
  0
LINE
  5
4EE
330
1F
100
AcDbEntity
  8
Whole Simpsons House v1_Simpsons_house_02
100
AcDbLine
 10
-108.7419433169091
 20
0.0
 30
-45.11786091238175
 11
-127.9178849835757
 21
0.0
 31
-45.11786091238175
210
0.0
220
1.0
230
0.0
  0
LINE
  5
4EF
330
1F
100
AcDbEntity
  8
Whole Simpsons House v1_Simpsons_house_02
100
AcDbLine
 10
291.2022094608687
 20
0.0
 30
-58.50013313460399
 11
293.2028122386463
 21
0.0
 31
-58.50013313460399
210
0.0
220
1.0
230
0.0
  0
LINE
  5
4F0
330
1F
100
AcDbEntity
  8
Whole Simpsons House v1_Simpsons_house_02
100
AcDbLine
 10
284.2408455719797
 20
0.0
 30
-58.50013313460399
 11
286.2410955719798
 21
0.0
 31
-58.50013313460399
210
0.0
220
1.0
230
0.0
  0
LINE
  5
4F1
330
1F
100
AcDbEntity
  8
Whole Simpsons House v1_Simpsons_house_02
100
AcDbLine
 10
270.3174122386465
 20
0.0
 30
-58.50013313460399
 11
272.3176622386465
 21
0.0
 31
-58.50013313460399
210
0.0
220
1.0
230
0.0
  0
LINE
  5
4F2
330
1F
100
AcDbEntity
  8
Whole Simpsons House v1_Simpsons_house_02
100
AcDbLine
 10
277.2791289053131
 20
0.0
 30
-58.50013313460399
 11
279.2793789053132
 21
0.0
 31
-58.50013313460399
210
0.0
220
1.0
230
0.0
  0
LINE
  5
4F3
330
1F
100
AcDbEntity
  8
Whole Simpsons House v1_Simpsons_house_02
100
AcDbLine
 10
-10.07846553913132
 20
0.0
 30
-186.6170275790484
 11
-10.74556831690919
 21
0.0
 31
-186.5736359123816
210
0.0
220
1.0
230
0.0
  0
LINE
  5
4F4
330
1F
100
AcDbEntity
  8
Whole Simpsons House v1_Simpsons_house_02
100
AcDbLine
 10
-10.74556831690919
 20
0.0
 30
-186.5736359123816
 11
-11.41267109468678
 21
0.0
 31
-186.5736359123816
210
0.0
220
1.0
230
0.0
  0
LINE
  5
4F5
330
1F
100
AcDbEntity
  8
Whole Simpsons House v1_Simpsons_house_02
100
AcDbLine
 10
-13.19596276135364
 20
0.0
 30
-224.9184636901595
 11
-9.062465539131352
 21
0.0
 31
-224.9184636901595
210
0.0
220
1.0
230
0.0
  0
LINE
  5
4F6
330
1F
100
AcDbEntity
  8
Whole Simpsons House v1_Simpsons_house_02
100
AcDbLine
 10
-40.59621276135352
 20
0.0
 30
-207.1892636901595
 11
-37.78527942802028
 21
0.0
 31
-207.1892636901595
210
0.0
220
1.0
230
0.0
  0
LINE
  5
4F7
330
1F
100
AcDbEntity
  8
Whole Simpsons House v1_Simpsons_house_02
100
AcDbLine
 10
-80.3362766502423
 20
0.0
 30
-28.74614980127065
 11
-78.06967942802028
 21
0.0
 31
-28.74614980127065
210
0.0
220
1.0
230
0.0
  0
LINE
  5
4F8
330
1F
100
AcDbEntity
  8
Whole Simpsons House v1_Simpsons_house_02
100
AcDbLine
 10
-100.5518544280203
 20
0.0
 30
-28.74614980127065
 11
-98.28525720579798
 21
0.0
 31
-28.74614980127065
210
0.0
220
1.0
230
0.0
  0
LINE
  5
4F9
330
1F
100
AcDbEntity
  8
Whole Simpsons House v1_Simpsons_house_02
100
AcDbLine
 10
-101.2859849835757
 20
0.0
 30
-34.74725257904844
 11
-77.33554887246466
 21
0.0
 31
-34.74725257904844
210
0.0
220
1.0
230
0.0
  0
LINE
  5
4FA
330
1F
100
AcDbEntity
  8
Whole Simpsons House v1_Simpsons_house_02
100
AcDbLine
 10
-85.52387387246466
 20
0.0
 30
-235.5723525790484
 11
-84.74141276135357
 21
0.0
 31
-235.6337359123818
210
0.0
220
1.0
230
0.0
  0
LINE
  5
4FB
330
1F
100
AcDbEntity
  8
Whole Simpsons House v1_Simpsons_house_02
100
AcDbLine
 10
286.2410955719798
 20
0.0
 30
-52.49903035682621
 11
264.7008372386464
 21
0.0
 31
-52.49903035682621
210
0.0
220
1.0
230
0.0
  0
LINE
  5
4FC
330
1F
100
AcDbEntity
  8
Whole Simpsons House v1_Simpsons_house_02
100
AcDbLine
 10
-127.9178849835757
 20
0.0
 30
-65.17116091238177
 11
-108.7419433169091
 21
0.0
 31
-65.17116091238177
210
0.0
220
1.0
230
0.0
  0
LINE
  5
4FD
330
1F
100
AcDbEntity
  8
Whole Simpsons House v1_Simpsons_house_02
100
AcDbLine
 10
-84.74141276135357
 20
0.0
 30
-235.6337359123818
 11
-76.36152942802013
 21
0.0
 31
-235.6337359123818
210
0.0
220
1.0
230
0.0
  0
LINE
  5
4FE
330
1F
100
AcDbEntity
  8
Whole Simpsons House v1_Simpsons_house_02
100
AcDbLine
 10
-76.36152942802013
 20
0.0
 30
-235.6337359123818
 11
-75.57942109468698
 21
0.0
 31
-235.5723525790484
210
0.0
220
1.0
230
0.0
  0
LINE
  5
4FF
330
1F
100
AcDbEntity
  8
Whole Simpsons House v1_Simpsons_house_02
100
AcDbLine
 10
-140.4302072057979
 20
0.0
 30
-8.751763690159553
 11
-180.4743655391314
 21
0.0
 31
-8.751763690159553
210
0.0
220
1.0
230
0.0
  0
LINE
  5
500
330
1F
100
AcDbEntity
  8
Whole Simpsons House v1_Simpsons_house_02
100
AcDbLine
 10
-35.72329331690912
 20
0.0
 30
-237.6770248012706
 11
-34.78455165024247
 21
0.0
 31
-237.6770248012706
210
0.0
220
1.0
230
0.0
  0
LINE
  5
501
330
1F
100
AcDbEntity
  8
Whole Simpsons House v1_Simpsons_house_02
100
AcDbLine
 10
-165.3518405391313
 20
0.0
 30
-30.56507202349288
 11
-128.4597516502424
 21
0.0
 31
-30.56507202349288
210
0.0
220
1.0
230
0.0
  0
LINE
  5
502
330
1F
100
AcDbEntity
  8
Whole Simpsons House v1_Simpsons_house_02
100
AcDbLine
 10
-118.4577960946868
 20
0.0
 30
-30.56507202349288
 11
-108.4558405391313
 21
0.0
 31
-30.56507202349288
210
0.0
220
1.0
230
0.0
  0
LINE
  5
503
330
1F
100
AcDbEntity
  8
Whole Simpsons House v1_Simpsons_house_02
100
AcDbLine
 10
-185.3557516502425
 20
0.0
 30
-30.56507202349288
 11
-175.3537960946868
 21
0.0
 31
-30.56507202349288
210
0.0
220
1.0
230
0.0
  0
LINE
  5
504
330
1F
100
AcDbEntity
  8
Whole Simpsons House v1_Simpsons_house_02
100
AcDbLine
 10
-242.2835016502425
 20
0.0
 30
-35.03547202349288
 11
-302.1632960946869
 21
0.0
 31
-35.03547202349288
210
0.0
220
1.0
230
0.0
  0
LINE
  5
505
330
1F
100
AcDbEntity
  8
Whole Simpsons House v1_Simpsons_house_02
100
AcDbLine
 10
-192.5795822057979
 20
0.0
 30
-35.03547202349288
 11
-232.2811933169091
 21
0.0
 31
-35.03547202349288
210
0.0
220
1.0
230
0.0
  0
LINE
  5
506
330
1F
100
AcDbEntity
  8
Whole Simpsons House v1_Simpsons_house_02
100
AcDbLine
 10
-323.0586766502425
 20
0.0
 30
-42.20920813460399
 11
-313.0563683169091
 21
0.0
 31
-42.20920813460399
210
0.0
220
1.0
230
0.0
  0
LINE
  5
507
330
1F
100
AcDbEntity
  8
Whole Simpsons House v1_Simpsons_house_02
100
AcDbLine
 10
-249.475582205798
 20
0.0
 30
-42.20920813460399
 11
-212.5834933169091
 21
0.0
 31
-42.20920813460399
210
0.0
220
1.0
230
0.0
  0
LINE
  5
508
330
1F
100
AcDbEntity
  8
Whole Simpsons House v1_Simpsons_house_02
100
AcDbLine
 10
-202.5815377613536
 20
0.0
 30
-42.20920813460399
 11
-192.5795822057979
 21
0.0
 31
-42.20920813460399
210
0.0
220
1.0
230
0.0
  0
LINE
  5
509
330
1F
100
AcDbEntity
  8
Whole Simpsons House v1_Simpsons_house_02
100
AcDbLine
 10
-303.0544127613537
 20
0.0
 30
-42.20920813460399
 11
-259.4775377613535
 21
0.0
 31
-42.20920813460399
210
0.0
220
1.0
230
0.0
  0
LINE
  5
50A
330
1F
100
AcDbEntity
  8
Whole Simpsons House v1_Simpsons_house_02
100
AcDbLine
 10
-108.4558405391313
 20
0.0
 30
-40.73918313460398
 11
-130.6039349835758
 21
0.0
 31
-40.73918313460398
210
0.0
220
1.0
230
0.0
  0
LINE
  5
50B
330
1F
100
AcDbEntity
  8
Whole Simpsons House v1_Simpsons_house_02
100
AcDbLine
 10
-150.6078460946868
 20
0.0
 30
-40.73918313460398
 11
-140.6058905391313
 21
0.0
 31
-40.73918313460398
210
0.0
220
1.0
230
0.0
  0
LINE
  5
50C
330
1F
100
AcDbEntity
  8
Whole Simpsons House v1_Simpsons_house_02
100
AcDbLine
 10
-140.6058905391313
 20
0.0
 30
-37.73880813460398
 11
-185.3557516502425
 21
0.0
 31
-37.73880813460398
210
0.0
220
1.0
230
0.0
  0
LINE
  5
50D
330
1F
100
AcDbEntity
  8
Whole Simpsons House v1_Simpsons_house_02
100
AcDbLine
 10
-297.1626710946869
 20
0.0
 30
-26.03364146793732
 11
-323.0586766502425
 21
0.0
 31
-26.03364146793732
210
0.0
220
1.0
230
0.0
  0
LINE
  5
50E
330
1F
100
AcDbEntity
  8
Whole Simpsons House v1_Simpsons_house_02
100
AcDbLine
 10
-237.2821710946869
 20
0.0
 30
-26.03364146793732
 11
-238.2579544280202
 21
0.0
 31
-26.12959702349287
210
0.0
220
1.0
230
0.0
  0
LINE
  5
50F
330
1F
100
AcDbEntity
  8
Whole Simpsons House v1_Simpsons_house_02
100
AcDbLine
 10
-227.2802155391314
 20
0.0
 30
-26.03364146793732
 11
-237.2821710946869
 21
0.0
 31
-26.03364146793732
210
0.0
220
1.0
230
0.0
  0
LINE
  5
510
330
1F
100
AcDbEntity
  8
Whole Simpsons House v1_Simpsons_house_02
100
AcDbLine
 10
-34.78455165024247
 20
0.0
 30
-179.6284998012707
 11
-35.72329331690912
 21
0.0
 31
-179.6284998012707
210
0.0
220
1.0
230
0.0
  0
LINE
  5
511
330
1F
100
AcDbEntity
  8
Whole Simpsons House v1_Simpsons_house_02
100
AcDbLine
 10
-8.123723872464625
 20
0.0
 30
-187.3024748012706
 11
-8.190398872464753
 21
0.0
 31
-187.2580248012707
210
0.0
220
1.0
230
0.0
  0
LINE
  5
512
330
1F
100
AcDbEntity
  8
Whole Simpsons House v1_Simpsons_house_02
100
AcDbLine
 10
-252.0328683169091
 20
0.0
 30
-9.762824801270664
 11
-287.7353905391313
 21
0.0
 31
-9.762824801270664
210
0.0
220
1.0
230
0.0
  0
LINE
  5
513
330
1F
100
AcDbEntity
  8
Whole Simpsons House v1_Simpsons_house_02
100
AcDbLine
 10
-117.6693377613535
 20
0.0
 30
-225.9221164679373
 11
-120.6700655391313
 21
0.0
 31
-225.9221164679373
210
0.0
220
1.0
230
0.0
  0
LINE
  5
514
330
1F
100
AcDbEntity
  8
Whole Simpsons House v1_Simpsons_house_02
100
AcDbLine
 10
-136.7341544280202
 20
0.0
 30
-225.9221164679373
 11
-139.7348822057979
 21
0.0
 31
-225.9221164679373
210
0.0
220
1.0
230
0.0
  0
LINE
  5
515
330
1F
100
AcDbEntity
  8
Whole Simpsons House v1_Simpsons_house_02
100
AcDbLine
 10
-17.94082387246465
 20
0.0
 30
-68.53771924571512
 11
-18.91625442802023
 21
0.0
 31
-68.63367480127067
210
0.0
220
1.0
230
0.0
  0
LINE
  5
516
330
1F
100
AcDbEntity
  8
Whole Simpsons House v1_Simpsons_house_02
100
AcDbLine
 10
-16.94034609468697
 20
0.0
 30
-68.53771924571512
 11
-17.94082387246465
 21
0.0
 31
-68.53771924571512
210
0.0
220
1.0
230
0.0
  0
LINE
  5
517
330
1F
100
AcDbEntity
  8
Whole Simpsons House v1_Simpsons_house_02
100
AcDbLine
 10
-139.7348822057979
 20
0.0
 30
-228.9228442457151
 11
-143.7353822057979
 21
0.0
 31
-228.9228442457151
210
0.0
220
1.0
230
0.0
  0
LINE
  5
518
330
1F
100
AcDbEntity
  8
Whole Simpsons House v1_Simpsons_house_02
100
AcDbLine
 10
-113.6684849835758
 20
0.0
 30
-228.9228442457151
 11
-117.6693377613535
 21
0.0
 31
-228.9228442457151
210
0.0
220
1.0
230
0.0
  0
LINE
  5
519
330
1F
100
AcDbEntity
  8
Whole Simpsons House v1_Simpsons_house_02
100
AcDbLine
 10
-302.1632960946869
 20
0.0
 30
-32.03509702349288
 11
-292.1613405391313
 21
0.0
 31
-32.03509702349288
210
0.0
220
1.0
230
0.0
  0
LINE
  5
51A
330
1F
100
AcDbEntity
  8
Whole Simpsons House v1_Simpsons_house_02
100
AcDbLine
 10
-232.2811933169091
 20
0.0
 30
-32.03509702349288
 11
-222.2795905391313
 21
0.0
 31
-32.03509702349288
210
0.0
220
1.0
230
0.0
  0
LINE
  5
51B
330
1F
100
AcDbEntity
  8
Whole Simpsons House v1_Simpsons_house_02
100
AcDbLine
 10
-226.3047849835758
 20
0.0
 30
-26.12959702349287
 11
-227.2802155391314
 21
0.0
 31
-26.03364146793732
210
0.0
220
1.0
230
0.0
  0
LINE
  5
51C
330
1F
100
AcDbEntity
  8
Whole Simpsons House v1_Simpsons_house_02
100
AcDbLine
 10
-296.1868877613536
 20
0.0
 30
-26.12959702349287
 11
-297.1626710946869
 21
0.0
 31
-26.03364146793732
210
0.0
220
1.0
230
0.0
  0
LINE
  5
51D
330
1F
100
AcDbEntity
  8
Whole Simpsons House v1_Simpsons_house_02
100
AcDbLine
 10
-13.93997109468692
 20
0.0
 30
-72.5382192457151
 11
-16.94034609468697
 21
0.0
 31
-72.5382192457151
210
0.0
220
1.0
230
0.0
  0
LINE
  5
51E
330
1F
100
AcDbEntity
  8
Whole Simpsons House v1_Simpsons_house_02
100
AcDbLine
 10
-135.6049127613535
 20
0.0
 30
-46.74028591238176
 11
-145.606868316909
 21
0.0
 31
-46.74028591238176
210
0.0
220
1.0
230
0.0
  0
LINE
  5
51F
330
1F
100
AcDbEntity
  8
Whole Simpsons House v1_Simpsons_house_02
100
AcDbLine
 10
-145.606868316909
 20
0.0
 30
-46.74028591238176
 11
-146.5826516502425
 21
0.0
 31
-46.64433035682621
210
0.0
220
1.0
230
0.0
  0
LINE
  5
520
330
1F
100
AcDbEntity
  8
Whole Simpsons House v1_Simpsons_house_02
100
AcDbLine
 10
-120.6700655391313
 20
0.0
 30
-222.9213886901596
 11
-136.7341544280202
 21
0.0
 31
-222.9213886901596
210
0.0
220
1.0
230
0.0
  0
LINE
  5
521
330
1F
100
AcDbEntity
  8
Whole Simpsons House v1_Simpsons_house_02
100
AcDbLine
 10
-287.7353905391313
 20
0.0
 30
-29.8281192457151
 11
-252.0328683169091
 21
0.0
 31
-29.8281192457151
210
0.0
220
1.0
230
0.0
  0
LINE
  5
522
330
1F
100
AcDbEntity
  8
Whole Simpsons House v1_Simpsons_house_02
100
AcDbLine
 10
-138.734757205798
 20
0.0
 30
-234.9239470234929
 11
-118.6698155391313
 21
0.0
 31
-234.9239470234929
210
0.0
220
1.0
230
0.0
  0
LINE
  5
523
330
1F
100
AcDbEntity
  8
Whole Simpsons House v1_Simpsons_house_02
100
AcDbLine
 10
-118.6698155391313
 20
0.0
 30
-234.9239470234929
 11
-117.6940322057979
 21
0.0
 31
-234.8276386901596
210
0.0
220
1.0
230
0.0
  0
LINE
  5
524
330
1F
100
AcDbEntity
  8
Whole Simpsons House v1_Simpsons_house_02
100
AcDbLine
 10
-134.629482205798
 20
0.0
 30
-46.64433035682621
 11
-135.6049127613535
 21
0.0
 31
-46.74028591238176
210
0.0
220
1.0
230
0.0
  0
LINE
  5
525
330
1F
100
AcDbEntity
  8
Whole Simpsons House v1_Simpsons_house_02
100
AcDbLine
 10
-128.4597516502424
 20
0.0
 30
-27.56469702349288
 11
-118.4577960946868
 21
0.0
 31
-27.56469702349288
210
0.0
220
1.0
230
0.0
  0
LINE
  5
526
330
1F
100
AcDbEntity
  8
Whole Simpsons House v1_Simpsons_house_02
100
AcDbLine
 10
-175.3537960946868
 20
0.0
 30
-27.56469702349288
 11
-165.3518405391313
 21
0.0
 31
-27.56469702349288
210
0.0
220
1.0
230
0.0
  0
LINE
  5
527
330
1F
100
AcDbEntity
  8
Whole Simpsons House v1_Simpsons_house_02
100
AcDbLine
 10
-313.0563683169091
 20
0.0
 30
-45.20958313460399
 11
-303.0544127613537
 21
0.0
 31
-45.20958313460399
210
0.0
220
1.0
230
0.0
  0
LINE
  5
528
330
1F
100
AcDbEntity
  8
Whole Simpsons House v1_Simpsons_house_02
100
AcDbLine
 10
-259.4775377613535
 20
0.0
 30
-45.20958313460399
 11
-249.475582205798
 21
0.0
 31
-45.20958313460399
210
0.0
220
1.0
230
0.0
  0
LINE
  5
529
330
1F
100
AcDbEntity
  8
Whole Simpsons House v1_Simpsons_house_02
100
AcDbLine
 10
-212.5834933169091
 20
0.0
 30
-45.20958313460399
 11
-202.5815377613536
 21
0.0
 31
-45.20958313460399
210
0.0
220
1.0
230
0.0
  0
LINE
  5
52A
330
1F
100
AcDbEntity
  8
Whole Simpsons House v1_Simpsons_house_02
100
AcDbLine
 10
-139.7101877613535
 20
0.0
 30
-234.8276386901596
 11
-138.734757205798
 21
0.0
 31
-234.9239470234929
210
0.0
220
1.0
230
0.0
  0
LINE
  5
52B
330
1F
100
AcDbEntity
  8
Whole Simpsons House v1_Simpsons_house_02
100
AcDbLine
 10
-13.93997109468692
 20
0.0
 30
-105.2407192457151
 11
-10.93924331690914
 21
0.0
 31
-105.2407192457151
210
0.0
220
1.0
230
0.0
  0
LINE
  5
52C
330
1F
100
AcDbEntity
  8
Whole Simpsons House v1_Simpsons_house_02
100
AcDbLine
 10
-144.0758127613535
 20
0.0
 30
-147.400133134604
 11
-75.02309053913133
 21
0.0
 31
-147.400133134604
210
0.0
220
1.0
230
0.0
  0
LINE
  5
52D
330
1F
100
AcDbEntity
  8
Whole Simpsons House v1_Simpsons_house_02
100
AcDbLine
 10
-325.1894544280202
 20
0.0
 30
-147.400133134604
 11
-312.1871238724647
 21
0.0
 31
-147.400133134604
210
0.0
220
1.0
230
0.0
  0
LINE
  5
52E
330
1F
100
AcDbEntity
  8
Whole Simpsons House v1_Simpsons_house_02
100
AcDbLine
 10
-302.1851683169091
 20
0.0
 30
-147.400133134604
 11
-233.1324460946868
 21
0.0
 31
-147.400133134604
210
0.0
220
1.0
230
0.0
  0
LINE
  5
52F
330
1F
100
AcDbEntity
  8
Whole Simpsons House v1_Simpsons_house_02
100
AcDbLine
 10
-65.02113498357586
 20
0.0
 30
-147.400133134604
 11
-52.01880442802025
 21
0.0
 31
-147.400133134604
210
0.0
220
1.0
230
0.0
  0
LINE
  5
530
330
1F
100
AcDbEntity
  8
Whole Simpsons House v1_Simpsons_house_02
100
AcDbLine
 10
-223.1304905391313
 20
0.0
 30
-147.400133134604
 11
-154.0777683169091
 21
0.0
 31
-147.400133134604
210
0.0
220
1.0
230
0.0
  0
LINE
  5
531
330
1F
100
AcDbEntity
  8
Whole Simpsons House v1_Simpsons_house_02
100
AcDbLine
 10
-21.24494053913135
 20
0.0
 30
-134.3970970234929
 11
-14.37776831690918
 21
0.0
 31
-134.3970970234929
210
0.0
220
1.0
230
0.0
  0
LINE
  5
532
330
1F
100
AcDbEntity
  8
Whole Simpsons House v1_Simpsons_house_02
100
AcDbLine
 10
-154.0777683169091
 20
0.0
 30
-144.399758134604
 11
-144.0758127613535
 21
0.0
 31
-144.399758134604
210
0.0
220
1.0
230
0.0
  0
LINE
  5
533
330
1F
100
AcDbEntity
  8
Whole Simpsons House v1_Simpsons_house_02
100
AcDbLine
 10
-312.1871238724647
 20
0.0
 30
-144.399758134604
 11
-302.1851683169091
 21
0.0
 31
-144.399758134604
210
0.0
220
1.0
230
0.0
  0
LINE
  5
534
330
1F
100
AcDbEntity
  8
Whole Simpsons House v1_Simpsons_house_02
100
AcDbLine
 10
-75.02309053913133
 20
0.0
 30
-144.399758134604
 11
-65.02113498357586
 21
0.0
 31
-144.399758134604
210
0.0
220
1.0
230
0.0
  0
LINE
  5
535
330
1F
100
AcDbEntity
  8
Whole Simpsons House v1_Simpsons_house_02
100
AcDbLine
 10
-233.1324460946868
 20
0.0
 30
-144.399758134604
 11
-223.1304905391313
 21
0.0
 31
-144.399758134604
210
0.0
220
1.0
230
0.0
  0
LINE
  5
536
330
1F
100
AcDbEntity
  8
Whole Simpsons House v1_Simpsons_house_02
100
AcDbLine
 10
-52.01880442802025
 20
0.0
 30
-217.7189748012707
 11
-152.0715210946868
 21
0.0
 31
-217.7189748012707
210
0.0
220
1.0
230
0.0
  0
LINE
  5
537
330
1F
100
AcDbEntity
  8
Whole Simpsons House v1_Simpsons_house_02
100
AcDbLine
 10
-28.42044053913145
 20
0.0
 30
-86.0672470234929
 11
-31.42116831690902
 21
0.0
 31
-86.0672470234929
210
0.0
220
1.0
230
0.0
  0
LINE
  5
538
330
1F
100
AcDbEntity
  8
Whole Simpsons House v1_Simpsons_house_02
100
AcDbLine
 10
-28.42044053913145
 20
0.0
 30
-118.0045720234929
 11
-31.42116831690902
 21
0.0
 31
-118.0045720234929
210
0.0
220
1.0
230
0.0
  0
LINE
  5
539
330
1F
100
AcDbEntity
  8
Whole Simpsons House v1_Simpsons_house_02
100
AcDbLine
 10
-36.16391276135352
 20
0.0
 30
-15.90362757904844
 11
-40.16441276135353
 21
0.0
 31
-15.90362757904844
210
0.0
220
1.0
230
0.0
  0
LINE
  5
53A
330
1F
100
AcDbEntity
  8
Whole Simpsons House v1_Simpsons_house_02
100
AcDbLine
 10
-143.4909072057979
 20
0.0
 30
-53.63814980127066
 11
-326.8503322057979
 21
0.0
 31
-53.63814980127066
210
0.0
220
1.0
230
0.0
  0
LINE
  5
53B
330
1F
100
AcDbEntity
  8
Whole Simpsons House v1_Simpsons_house_02
100
AcDbLine
 10
-31.42116831690902
 20
0.0
 30
-68.80018591238178
 11
-135.4260544280203
 21
0.0
 31
-68.80018591238178
210
0.0
220
1.0
230
0.0
  0
LINE
  5
53C
330
1F
100
AcDbEntity
  8
Whole Simpsons House v1_Simpsons_house_02
100
AcDbLine
 10
-152.0715210946868
 20
0.0
 30
-235.5511859123819
 11
-325.1894544280202
 21
0.0
 31
-235.5511859123819
210
0.0
220
1.0
230
0.0
  0
LINE
  5
53D
330
1F
100
AcDbEntity
  8
Whole Simpsons House v1_Simpsons_house_02
100
AcDbLine
 10
-135.4260544280203
 20
0.0
 30
-138.008483134604
 11
-31.42116831690902
 21
0.0
 31
-138.008483134604
210
0.0
220
1.0
230
0.0
  0
LINE
  5
53E
330
1F
100
AcDbEntity
  8
Whole Simpsons House v1_Simpsons_house_02
100
AcDbLine
 10
-19.19318498357576
 20
0.0
 30
-23.11334702349288
 11
-23.19403776135352
 21
0.0
 31
-23.11334702349288
210
0.0
220
1.0
230
0.0
  0
LINE
  5
53F
330
1F
100
AcDbEntity
  8
Whole Simpsons House v1_Simpsons_house_02
100
AcDbLine
 10
-14.37776831690918
 20
0.0
 30
-137.3974720234929
 11
-21.24494053913135
 21
0.0
 31
-137.3974720234929
210
0.0
220
1.0
230
0.0
  0
LINE
  5
540
330
1F
100
AcDbEntity
  8
Whole Simpsons House v1_Simpsons_house_02
100
AcDbLine
 10
-325.1894544280202
 20
0.0
 30
-224.476433134604
 11
-322.1890794280202
 21
0.0
 31
-224.476433134604
210
0.0
220
1.0
230
0.0
  0
LINE
  5
541
330
1F
100
AcDbEntity
  8
Whole Simpsons House v1_Simpsons_house_02
100
AcDbLine
 10
-16.94034609468697
 20
0.0
 30
-108.2410942457151
 11
-13.93997109468692
 21
0.0
 31
-108.2410942457151
210
0.0
220
1.0
230
0.0
  0
LINE
  5
542
330
1F
100
AcDbEntity
  8
Whole Simpsons House v1_Simpsons_house_02
100
AcDbLine
 10
-31.42116831690902
 20
0.0
 30
-128.0065275790484
 11
-28.42044053913145
 21
0.0
 31
-128.0065275790484
210
0.0
220
1.0
230
0.0
  0
LINE
  5
543
330
1F
100
AcDbEntity
  8
Whole Simpsons House v1_Simpsons_house_02
100
AcDbLine
 10
-40.16441276135353
 20
0.0
 30
-12.90325257904843
 11
-36.16391276135352
 21
0.0
 31
-12.90325257904843
210
0.0
220
1.0
230
0.0
  0
LINE
  5
544
330
1F
100
AcDbEntity
  8
Whole Simpsons House v1_Simpsons_house_02
100
AcDbLine
 10
-243.4384960946869
 20
0.0
 30
-21.36004146793732
 11
-220.5527433169092
 21
0.0
 31
-21.36004146793732
210
0.0
220
1.0
230
0.0
  0
LINE
  5
545
330
1F
100
AcDbEntity
  8
Whole Simpsons House v1_Simpsons_house_02
100
AcDbLine
 10
-31.42116831690902
 20
0.0
 30
-96.06920257904845
 11
-28.42044053913145
 21
0.0
 31
-96.06920257904845
210
0.0
220
1.0
230
0.0
  0
LINE
  5
546
330
1F
100
AcDbEntity
  8
Whole Simpsons House v1_Simpsons_house_02
100
AcDbLine
 10
-220.5527433169092
 20
0.0
 30
-8.070902579048445
 11
-243.4384960946869
 21
0.0
 31
-8.070902579048445
210
0.0
220
1.0
230
0.0
  0
LINE
  5
547
330
1F
100
AcDbEntity
  8
Whole Simpsons House v1_Simpsons_house_02
100
AcDbLine
 10
-12.72182942802025
 20
0.0
 30
-163.4352942457151
 11
-22.01011553913133
 21
0.0
 31
-163.4352942457151
210
0.0
220
1.0
230
0.0
  0
LINE
  5
548
330
1F
100
AcDbEntity
  8
Whole Simpsons House v1_Simpsons_house_02
100
AcDbLine
 10
-11.29
 20
0.0
 30
-193.74
 11
-11.55060720579797
 21
0.0
 31
-193.6274275790484
210
0.0
220
1.0
230
0.0
  0
LINE
  5
549
330
1F
100
AcDbEntity
  8
Whole Simpsons House v1_Simpsons_house_02
100
AcDbLine
 10
-10.2
 20
0.0
 30
-193.7
 11
-10.47110720579802
 21
0.0
 31
-193.756244506423
210
0.0
220
1.0
230
0.0
  0
LINE
  5
54A
330
1F
100
AcDbEntity
  8
Whole Simpsons House v1_Simpsons_house_02
100
AcDbLine
 10
-10.47110720579802
 20
0.0
 30
-189.5803609123818
 11
-10.20087942802028
 21
0.0
 31
-189.6249723404446
210
0.0
220
1.0
230
0.0
  0
LINE
  5
54B
330
1F
100
AcDbEntity
  8
Whole Simpsons House v1_Simpsons_house_02
100
AcDbLine
 10
-11.02002942802009
 20
0.0
 30
-189.5983525790485
 11
-10.74556831690919
 21
0.0
 31
-189.5803609123818
210
0.0
220
1.0
230
0.0
  0
LINE
  5
54C
330
1F
100
AcDbEntity
  8
Whole Simpsons House v1_Simpsons_house_02
100
AcDbLine
 10
-177.4739905391313
 20
0.0
 30
-11.75249146793732
 11
-143.4309349835757
 21
0.0
 31
-11.75249146793732
210
0.0
220
1.0
230
0.0
  0
LINE
  5
54D
330
1F
100
AcDbEntity
  8
Whole Simpsons House v1_Simpsons_house_02
100
AcDbLine
 10
-22.01011553913133
 20
0.0
 30
-165.4358970234929
 11
-12.72182942802025
 21
0.0
 31
-165.4358970234929
210
0.0
220
1.0
230
0.0
  0
LINE
  5
54E
330
1F
100
AcDbEntity
  8
Whole Simpsons House v1_Simpsons_house_02
100
AcDbLine
 10
-322.1890794280202
 20
0.0
 30
-214.4748303568261
 11
-325.1894544280202
 21
0.0
 31
-214.4748303568261
210
0.0
220
1.0
230
0.0
  0
LINE
  5
54F
330
1F
100
AcDbEntity
  8
Whole Simpsons House v1_Simpsons_house_02
100
AcDbLine
 10
-12.72182942802025
 20
0.0
 30
-170.3970109123818
 11
-22.01011553913133
 21
0.0
 31
-170.3970109123818
210
0.0
220
1.0
230
0.0
  0
LINE
  5
550
330
1F
100
AcDbEntity
  8
Whole Simpsons House v1_Simpsons_house_02
100
AcDbLine
 10
-23.19403776135352
 20
0.0
 30
-20.1126192457151
 11
-19.19318498357576
 21
0.0
 31
-20.1126192457151
210
0.0
220
1.0
230
0.0
  0
LINE
  5
551
330
1F
100
AcDbEntity
  8
Whole Simpsons House v1_Simpsons_house_02
100
AcDbLine
 10
-17.94082387246465
 20
0.0
 30
-112.2415942457151
 11
-16.94034609468697
 21
0.0
 31
-112.2415942457151
210
0.0
220
1.0
230
0.0
  0
LINE
  5
552
330
1F
100
AcDbEntity
  8
Whole Simpsons House v1_Simpsons_house_02
100
AcDbLine
 10
-18.91625442802023
 20
0.0
 30
-112.1456386901596
 11
-17.94082387246465
 21
0.0
 31
-112.2415942457151
210
0.0
220
1.0
230
0.0
  0
LINE
  5
553
330
1F
100
AcDbEntity
  8
Whole Simpsons House v1_Simpsons_house_02
100
AcDbLine
 10
-205.5138266502424
 20
0.0
 30
-24.86312480127066
 11
-210.4752933169091
 21
0.0
 31
-24.86312480127066
210
0.0
220
1.0
230
0.0
  0
LINE
  5
554
330
1F
100
AcDbEntity
  8
Whole Simpsons House v1_Simpsons_house_02
100
AcDbLine
 10
-191.5907460946868
 20
0.0
 30
-24.86312480127066
 11
-196.5518599835757
 21
0.0
 31
-24.86312480127066
210
0.0
220
1.0
230
0.0
  0
LINE
  5
555
330
1F
100
AcDbEntity
  8
Whole Simpsons House v1_Simpsons_house_02
100
AcDbLine
 10
-198.5524627613536
 20
0.0
 30
-24.86312480127066
 11
-203.5135766502425
 21
0.0
 31
-24.86312480127066
210
0.0
220
1.0
230
0.0
  0
LINE
  5
556
330
1F
100
AcDbEntity
  8
Whole Simpsons House v1_Simpsons_house_02
100
AcDbLine
 10
-326.8503322057979
 20
0.0
 30
-136.659108134604
 11
-143.4909072057979
 21
0.0
 31
-136.659108134604
210
0.0
220
1.0
230
0.0
  0
LINE
  5
557
330
1F
100
AcDbEntity
  8
Whole Simpsons House v1_Simpsons_house_02
100
AcDbLine
 10
-10.93924331690914
 20
0.0
 30
-75.53894702349288
 11
-13.93997109468692
 21
0.0
 31
-75.53894702349288
210
0.0
220
1.0
230
0.0
  0
LINE
  5
558
330
1F
100
AcDbEntity
  8
Whole Simpsons House v1_Simpsons_house_02
100
AcDbLine
 10
-319.2186905391313
 20
0.0
 30
-12.34762757904843
 11
-305.2162349835758
 21
0.0
 31
-12.34762757904843
210
0.0
220
1.0
230
0.0
  0
LINE
  5
559
330
1F
100
AcDbEntity
  8
Whole Simpsons House v1_Simpsons_house_02
100
AcDbLine
 10
-22.01011553913133
 20
0.0
 30
-172.3976136901596
 11
-12.72182942802025
 21
0.0
 31
-172.3976136901596
210
0.0
220
1.0
230
0.0
  0
LINE
  5
55A
330
1F
100
AcDbEntity
  8
Whole Simpsons House v1_Simpsons_house_02
100
AcDbLine
 10
-131.4738849835757
 20
0.0
 30
-87.06772480127066
 11
-128.4735099835758
 21
0.0
 31
-87.06772480127066
210
0.0
220
1.0
230
0.0
  0
LINE
  5
55B
330
1F
100
AcDbEntity
  8
Whole Simpsons House v1_Simpsons_house_02
100
AcDbLine
 10
-143.4309349835757
 20
0.0
 30
-17.72008035682621
 11
-177.4739905391313
 21
0.0
 31
-17.72008035682621
210
0.0
220
1.0
230
0.0
  0
LINE
  5
55C
330
1F
100
AcDbEntity
  8
Whole Simpsons House v1_Simpsons_house_02
100
AcDbLine
 10
-12.72182942802025
 20
0.0
 30
-177.3590803568261
 11
-22.01011553913133
 21
0.0
 31
-177.3590803568261
210
0.0
220
1.0
230
0.0
  0
LINE
  5
55D
330
1F
100
AcDbEntity
  8
Whole Simpsons House v1_Simpsons_house_02
100
AcDbLine
 10
-22.01011553913133
 20
0.0
 30
-158.4741803568262
 11
-12.72182942802025
 21
0.0
 31
-158.4741803568262
210
0.0
220
1.0
230
0.0
  0
LINE
  5
55E
330
1F
100
AcDbEntity
  8
Whole Simpsons House v1_Simpsons_house_02
100
AcDbLine
 10
-94.68233776135348
 20
0.0
 30
-58.50013313460399
 11
-94.68233776135348
 21
0.0
 31
-61.50086091238177
210
0.0
220
1.0
230
0.0
  0
LINE
  5
55F
330
1F
100
AcDbEntity
  8
Whole Simpsons House v1_Simpsons_house_02
100
AcDbLine
 10
-76.61200165024246
 20
0.0
 30
-40.67850535682621
 11
-77.48230442802023
 21
0.0
 31
-41.0390442457151
210
0.0
220
1.0
230
0.0
  0
LINE
  5
560
330
1F
100
AcDbEntity
  8
Whole Simpsons House v1_Simpsons_house_02
100
AcDbLine
 10
-98.74457387246466
 20
0.0
 30
-63.68067480127067
 11
-96.68258776135352
 21
0.0
 31
-61.50086091238177
210
0.0
220
1.0
230
0.0
  0
LINE
  5
561
330
1F
100
AcDbEntity
  8
Whole Simpsons House v1_Simpsons_house_02
100
AcDbLine
 10
-75.79779053913133
 20
0.0
 30
-58.50013313460399
 11
-73.79718776135368
 21
0.0
 31
-58.50013313460399
210
0.0
220
1.0
230
0.0
  0
LINE
  5
562
330
1F
100
AcDbEntity
  8
Whole Simpsons House v1_Simpsons_house_02
100
AcDbLine
 10
-102.2991627613535
 20
0.0
 30
-56.18767480127066
 11
-99.58912387246465
 21
0.0
 31
-58.75166369015955
210
0.0
220
1.0
230
0.0
  0
LINE
  5
563
330
1F
100
AcDbEntity
  8
Whole Simpsons House v1_Simpsons_house_02
100
AcDbLine
 10
-75.79779053913133
 20
0.0
 30
-61.50086091238177
 11
-75.79779053913133
 21
0.0
 31
-58.50013313460399
210
0.0
220
1.0
230
0.0
  0
LINE
  5
564
330
1F
100
AcDbEntity
  8
Whole Simpsons House v1_Simpsons_house_02
100
AcDbLine
 10
-60.34400720579808
 20
0.0
 30
-48.74970813460399
 11
-60.34400720579808
 21
0.0
 31
-40.3849942457151
210
0.0
220
1.0
230
0.0
  0
LINE
  5
565
330
1F
100
AcDbEntity
  8
Whole Simpsons House v1_Simpsons_house_02
100
AcDbLine
 10
-89.72087109468686
 20
0.0
 30
-61.50086091238177
 11
-89.72087109468686
 21
0.0
 31
-58.50013313460399
210
0.0
220
1.0
230
0.0
  0
LINE
  5
566
330
1F
100
AcDbEntity
  8
Whole Simpsons House v1_Simpsons_house_02
100
AcDbLine
 10
-99.58912387246465
 20
0.0
 30
-58.75166369015955
 11
-101.6511099835757
 21
0.0
 31
-60.93112480127066
210
0.0
220
1.0
230
0.0
  0
LINE
  5
567
330
1F
100
AcDbEntity
  8
Whole Simpsons House v1_Simpsons_house_02
100
AcDbLine
 10
-75.69654331690911
 20
0.0
 30
-40.45872480127066
 11
-76.61200165024246
 21
0.0
 31
-40.67850535682621
210
0.0
220
1.0
230
0.0
  0
LINE
  5
568
330
1F
100
AcDbEntity
  8
Whole Simpsons House v1_Simpsons_house_02
100
AcDbLine
 10
-60.34400720579808
 20
0.0
 30
-40.3849942457151
 11
-74.75780165024248
 21
0.0
 31
-40.3849942457151
210
0.0
220
1.0
230
0.0
  0
LINE
  5
569
330
1F
100
AcDbEntity
  8
Whole Simpsons House v1_Simpsons_house_02
100
AcDbLine
 10
-96.68258776135352
 20
0.0
 30
-61.50086091238177
 11
-96.68258776135352
 21
0.0
 31
-58.50013313460399
210
0.0
220
1.0
230
0.0
  0
LINE
  5
56A
330
1F
100
AcDbEntity
  8
Whole Simpsons House v1_Simpsons_house_02
100
AcDbLine
 10
-80.75890442802024
 20
0.0
 30
-58.50013313460399
 11
-80.75890442802024
 21
0.0
 31
-61.50086091238177
210
0.0
220
1.0
230
0.0
  0
LINE
  5
56B
330
1F
100
AcDbEntity
  8
Whole Simpsons House v1_Simpsons_house_02
100
AcDbLine
 10
-78.2852266502425
 20
0.0
 30
-41.53081646793732
 11
-79.00101276135352
 21
0.0
 31
-42.14253313460399
210
0.0
220
1.0
230
0.0
  0
LINE
  5
56C
330
1F
100
AcDbEntity
  8
Whole Simpsons House v1_Simpsons_house_02
100
AcDbLine
 10
-79.61272942802023
 20
0.0
 30
-42.85867202349288
 11
-80.10485442802029
 21
0.0
 31
-43.6615942457151
210
0.0
220
1.0
230
0.0
  0
LINE
  5
56D
330
1F
100
AcDbEntity
  8
Whole Simpsons House v1_Simpsons_house_02
100
AcDbLine
 10
-94.68233776135348
 20
0.0
 30
-61.50086091238177
 11
-89.72087109468686
 21
0.0
 31
-61.50086091238177
210
0.0
220
1.0
230
0.0
  0
LINE
  5
56E
330
1F
100
AcDbEntity
  8
Whole Simpsons House v1_Simpsons_house_02
100
AcDbLine
 10
-74.75780165024248
 20
0.0
 30
-40.3849942457151
 11
-75.69654331690911
 21
0.0
 31
-40.45872480127066
210
0.0
220
1.0
230
0.0
  0
LINE
  5
56F
330
1F
100
AcDbEntity
  8
Whole Simpsons House v1_Simpsons_house_02
100
AcDbLine
 10
-96.68258776135352
 20
0.0
 30
-58.50013313460399
 11
-94.68233776135348
 21
0.0
 31
-58.50013313460399
210
0.0
220
1.0
230
0.0
  0
LINE
  5
570
330
1F
100
AcDbEntity
  8
Whole Simpsons House v1_Simpsons_house_02
100
AcDbLine
 10
-80.75890442802024
 20
0.0
 30
-52.49903035682621
 11
-102.2991627613535
 21
0.0
 31
-52.49903035682621
210
0.0
220
1.0
230
0.0
  0
LINE
  5
571
330
1F
100
AcDbEntity
  8
Whole Simpsons House v1_Simpsons_house_02
100
AcDbLine
 10
-77.48230442802023
 20
0.0
 30
-41.0390442457151
 11
-78.2852266502425
 21
0.0
 31
-41.53081646793732
210
0.0
220
1.0
230
0.0
  0
LINE
  5
572
330
1F
100
AcDbEntity
  8
Whole Simpsons House v1_Simpsons_house_02
100
AcDbLine
 10
-82.75915442802028
 20
0.0
 30
-58.50013313460399
 11
-80.75890442802024
 21
0.0
 31
-58.50013313460399
210
0.0
220
1.0
230
0.0
  0
LINE
  5
573
330
1F
100
AcDbEntity
  8
Whole Simpsons House v1_Simpsons_house_02
100
AcDbLine
 10
-80.46539331690906
 20
0.0
 30
-44.5315442457151
 11
-80.68482109468682
 21
0.0
 31
-45.44735535682621
210
0.0
220
1.0
230
0.0
  0
LINE
  5
574
330
1F
100
AcDbEntity
  8
Whole Simpsons House v1_Simpsons_house_02
100
AcDbLine
 10
-82.75915442802028
 20
0.0
 30
-61.50086091238177
 11
-82.75915442802028
 21
0.0
 31
-58.50013313460399
210
0.0
220
1.0
230
0.0
  0
LINE
  5
575
330
1F
100
AcDbEntity
  8
Whole Simpsons House v1_Simpsons_house_02
100
AcDbLine
 10
-87.7206210946868
 20
0.0
 30
-58.50013313460399
 11
-87.7206210946868
 21
0.0
 31
-61.50086091238177
210
0.0
220
1.0
230
0.0
  0
LINE
  5
576
330
1F
100
AcDbEntity
  8
Whole Simpsons House v1_Simpsons_house_02
100
AcDbLine
 10
-102.2991627613535
 20
0.0
 30
-52.49903035682621
 11
-102.2991627613535
 21
0.0
 31
-56.18767480127066
210
0.0
220
1.0
230
0.0
  0
LINE
  5
577
330
1F
100
AcDbEntity
  8
Whole Simpsons House v1_Simpsons_house_02
100
AcDbLine
 10
-87.7206210946868
 20
0.0
 30
-61.50086091238177
 11
-82.75915442802028
 21
0.0
 31
-61.50086091238177
210
0.0
220
1.0
230
0.0
  0
LINE
  5
578
330
1F
100
AcDbEntity
  8
Whole Simpsons House v1_Simpsons_house_02
100
AcDbLine
 10
-89.72087109468686
 20
0.0
 30
-58.50013313460399
 11
-87.7206210946868
 21
0.0
 31
-58.50013313460399
210
0.0
220
1.0
230
0.0
  0
LINE
  5
579
330
1F
100
AcDbEntity
  8
Whole Simpsons House v1_Simpsons_house_02
100
AcDbLine
 10
-80.68482109468682
 20
0.0
 30
-45.44735535682621
 11
-80.75890442802024
 21
0.0
 31
-46.38609702349288
210
0.0
220
1.0
230
0.0
  0
LINE
  5
57A
330
1F
100
AcDbEntity
  8
Whole Simpsons House v1_Simpsons_house_02
100
AcDbLine
 10
-80.75890442802024
 20
0.0
 30
-61.50086091238177
 11
-75.79779053913133
 21
0.0
 31
-61.50086091238177
210
0.0
220
1.0
230
0.0
  0
LINE
  5
57B
330
1F
100
AcDbEntity
  8
Whole Simpsons House v1_Simpsons_house_02
100
AcDbLine
 10
-79.00101276135352
 20
0.0
 30
-42.14253313460399
 11
-79.61272942802023
 21
0.0
 31
-42.85867202349288
210
0.0
220
1.0
230
0.0
  0
LINE
  5
57C
330
1F
100
AcDbEntity
  8
Whole Simpsons House v1_Simpsons_house_02
100
AcDbLine
 10
-80.10485442802029
 20
0.0
 30
-43.6615942457151
 11
-80.46539331690906
 21
0.0
 31
-44.5315442457151
210
0.0
220
1.0
230
0.0
  0
LINE
  5
57D
330
1F
100
AcDbEntity
  8
Whole Simpsons House v1_Simpsons_house_02
100
AcDbLine
 10
-73.79718776135368
 20
0.0
 30
-48.74970813460399
 11
-60.34400720579808
 21
0.0
 31
-48.74970813460399
210
0.0
220
1.0
230
0.0
  0
LINE
  5
57E
330
1F
100
AcDbEntity
  8
Whole Simpsons House v1_Simpsons_house_02
100
AcDbLine
 10
-73.79718776135368
 20
0.0
 30
-58.50013313460399
 11
-73.79718776135368
 21
0.0
 31
-48.74970813460399
210
0.0
220
1.0
230
0.0
  0
LINE
  5
57F
330
1F
100
AcDbEntity
  8
Whole Simpsons House v1_Simpsons_house_02
100
AcDbLine
 10
-80.75890442802024
 20
0.0
 30
-46.38609702349288
 11
-80.75890442802024
 21
0.0
 31
-52.49903035682621
210
0.0
220
1.0
230
0.0
  0
LINE
  5
580
330
1F
100
AcDbEntity
  8
Whole Simpsons House v1_Simpsons_house_02
100
AcDbLine
 10
-101.6511099835757
 20
0.0
 30
-60.93112480127066
 11
-98.74457387246466
 21
0.0
 31
-63.68067480127067
210
0.0
220
1.0
230
0.0
  0
LINE
  5
581
330
1F
100
AcDbEntity
  8
Whole Simpsons House v1_Simpsons_house_02
100
AcDbLine
 10
-29.00101276135351
 20
0.0
 30
-42.14253313460399
 11
-29.61272942802022
 21
0.0
 31
-42.85867202349288
210
0.0
220
1.0
230
0.0
  0
LINE
  5
582
330
1F
100
AcDbEntity
  8
Whole Simpsons House v1_Simpsons_house_02
100
AcDbLine
 10
-30.75890442802025
 20
0.0
 30
-52.49903035682621
 11
-52.29916276135353
 21
0.0
 31
-52.49903035682621
210
0.0
220
1.0
230
0.0
  0
LINE
  5
583
330
1F
100
AcDbEntity
  8
Whole Simpsons House v1_Simpsons_house_02
100
AcDbLine
 10
-48.74457387246466
 20
0.0
 30
-63.68067480127067
 11
-46.68258776135352
 21
0.0
 31
-61.50086091238177
210
0.0
220
1.0
230
0.0
  0
LINE
  5
584
330
1F
100
AcDbEntity
  8
Whole Simpsons House v1_Simpsons_house_02
100
AcDbLine
 10
-25.79779053913132
 20
0.0
 30
-58.50013313460399
 11
-23.79718776135369
 21
0.0
 31
-58.50013313460399
210
0.0
220
1.0
230
0.0
  0
LINE
  5
585
330
1F
100
AcDbEntity
  8
Whole Simpsons House v1_Simpsons_house_02
100
AcDbLine
 10
-10.34400720579807
 20
0.0
 30
-40.3849942457151
 11
-24.75780165024248
 21
0.0
 31
-40.3849942457151
210
0.0
220
1.0
230
0.0
  0
LINE
  5
586
330
1F
100
AcDbEntity
  8
Whole Simpsons House v1_Simpsons_house_02
100
AcDbLine
 10
-52.29916276135353
 20
0.0
 30
-52.49903035682621
 11
-52.29916276135353
 21
0.0
 31
-56.18767480127066
210
0.0
220
1.0
230
0.0
  0
LINE
  5
587
330
1F
100
AcDbEntity
  8
Whole Simpsons House v1_Simpsons_house_02
100
AcDbLine
 10
-28.28522665024251
 20
0.0
 30
-41.53081646793732
 11
-29.00101276135351
 21
0.0
 31
-42.14253313460399
210
0.0
220
1.0
230
0.0
  0
LINE
  5
588
330
1F
100
AcDbEntity
  8
Whole Simpsons House v1_Simpsons_house_02
100
AcDbLine
 10
-23.79718776135369
 20
0.0
 30
-48.74970813460399
 11
-10.34400720579807
 21
0.0
 31
-48.74970813460399
210
0.0
220
1.0
230
0.0
  0
LINE
  5
589
330
1F
100
AcDbEntity
  8
Whole Simpsons House v1_Simpsons_house_02
100
AcDbLine
 10
-44.68233776135348
 20
0.0
 30
-61.50086091238177
 11
-39.72087109468685
 21
0.0
 31
-61.50086091238177
210
0.0
220
1.0
230
0.0
  0
LINE
  5
58A
330
1F
100
AcDbEntity
  8
Whole Simpsons House v1_Simpsons_house_02
100
AcDbLine
 10
-37.72062109468681
 20
0.0
 30
-61.50086091238177
 11
-32.75915442802028
 21
0.0
 31
-61.50086091238177
210
0.0
220
1.0
230
0.0
  0
LINE
  5
58B
330
1F
100
AcDbEntity
  8
Whole Simpsons House v1_Simpsons_house_02
100
AcDbLine
 10
-51.65110998357568
 20
0.0
 30
-60.93112480127066
 11
-48.74457387246466
 21
0.0
 31
-63.68067480127067
210
0.0
220
1.0
230
0.0
  0
LINE
  5
58C
330
1F
100
AcDbEntity
  8
Whole Simpsons House v1_Simpsons_house_02
100
AcDbLine
 10
-27.48230442802023
 20
0.0
 30
-41.0390442457151
 11
-28.28522665024251
 21
0.0
 31
-41.53081646793732
210
0.0
220
1.0
230
0.0
  0
LINE
  5
58D
330
1F
100
AcDbEntity
  8
Whole Simpsons House v1_Simpsons_house_02
100
AcDbLine
 10
-49.58912387246465
 20
0.0
 30
-58.75166369015955
 11
-51.65110998357568
 21
0.0
 31
-60.93112480127066
210
0.0
220
1.0
230
0.0
  0
LINE
  5
58E
330
1F
100
AcDbEntity
  8
Whole Simpsons House v1_Simpsons_house_02
100
AcDbLine
 10
-23.79718776135369
 20
0.0
 30
-58.50013313460399
 11
-23.79718776135369
 21
0.0
 31
-48.74970813460399
210
0.0
220
1.0
230
0.0
  0
LINE
  5
58F
330
1F
100
AcDbEntity
  8
Whole Simpsons House v1_Simpsons_house_02
100
AcDbLine
 10
-30.75890442802025
 20
0.0
 30
-58.50013313460399
 11
-30.75890442802025
 21
0.0
 31
-61.50086091238177
210
0.0
220
1.0
230
0.0
  0
LINE
  5
590
330
1F
100
AcDbEntity
  8
Whole Simpsons House v1_Simpsons_house_02
100
AcDbLine
 10
-39.72087109468685
 20
0.0
 30
-61.50086091238177
 11
-39.72087109468685
 21
0.0
 31
-58.50013313460399
210
0.0
220
1.0
230
0.0
  0
LINE
  5
591
330
1F
100
AcDbEntity
  8
Whole Simpsons House v1_Simpsons_house_02
100
AcDbLine
 10
-30.68482109468683
 20
0.0
 30
-45.44735535682621
 11
-30.75890442802025
 21
0.0
 31
-46.38609702349288
210
0.0
220
1.0
230
0.0
  0
LINE
  5
592
330
1F
100
AcDbEntity
  8
Whole Simpsons House v1_Simpsons_house_02
100
AcDbLine
 10
-32.75915442802028
 20
0.0
 30
-58.50013313460399
 11
-30.75890442802025
 21
0.0
 31
-58.50013313460399
210
0.0
220
1.0
230
0.0
  0
LINE
  5
593
330
1F
100
AcDbEntity
  8
Whole Simpsons House v1_Simpsons_house_02
100
AcDbLine
 10
-46.68258776135352
 20
0.0
 30
-58.50013313460399
 11
-44.68233776135348
 21
0.0
 31
-58.50013313460399
210
0.0
220
1.0
230
0.0
  0
LINE
  5
594
330
1F
100
AcDbEntity
  8
Whole Simpsons House v1_Simpsons_house_02
100
AcDbLine
 10
-24.75780165024248
 20
0.0
 30
-40.3849942457151
 11
-25.69654331690911
 21
0.0
 31
-40.45872480127066
210
0.0
220
1.0
230
0.0
  0
LINE
  5
595
330
1F
100
AcDbEntity
  8
Whole Simpsons House v1_Simpsons_house_02
100
AcDbLine
 10
-30.75890442802025
 20
0.0
 30
-46.38609702349288
 11
-30.75890442802025
 21
0.0
 31
-52.49903035682621
210
0.0
220
1.0
230
0.0
  0
LINE
  5
596
330
1F
100
AcDbEntity
  8
Whole Simpsons House v1_Simpsons_house_02
100
AcDbLine
 10
-30.46539331690905
 20
0.0
 30
-44.5315442457151
 11
-30.68482109468683
 21
0.0
 31
-45.44735535682621
210
0.0
220
1.0
230
0.0
  0
LINE
  5
597
330
1F
100
AcDbEntity
  8
Whole Simpsons House v1_Simpsons_house_02
100
AcDbLine
 10
-30.75890442802025
 20
0.0
 30
-61.50086091238177
 11
-25.79779053913132
 21
0.0
 31
-61.50086091238177
210
0.0
220
1.0
230
0.0
  0
LINE
  5
598
330
1F
100
AcDbEntity
  8
Whole Simpsons House v1_Simpsons_house_02
100
AcDbLine
 10
-30.10485442802029
 20
0.0
 30
-43.6615942457151
 11
-30.46539331690905
 21
0.0
 31
-44.5315442457151
210
0.0
220
1.0
230
0.0
  0
LINE
  5
599
330
1F
100
AcDbEntity
  8
Whole Simpsons House v1_Simpsons_house_02
100
AcDbLine
 10
-25.69654331690911
 20
0.0
 30
-40.45872480127066
 11
-26.61200165024245
 21
0.0
 31
-40.67850535682621
210
0.0
220
1.0
230
0.0
  0
LINE
  5
59A
330
1F
100
AcDbEntity
  8
Whole Simpsons House v1_Simpsons_house_02
100
AcDbLine
 10
-25.79779053913132
 20
0.0
 30
-61.50086091238177
 11
-25.79779053913132
 21
0.0
 31
-58.50013313460399
210
0.0
220
1.0
230
0.0
  0
LINE
  5
59B
330
1F
100
AcDbEntity
  8
Whole Simpsons House v1_Simpsons_house_02
100
AcDbLine
 10
-10.34400720579807
 20
0.0
 30
-48.74970813460399
 11
-10.34400720579807
 21
0.0
 31
-40.3849942457151
210
0.0
220
1.0
230
0.0
  0
LINE
  5
59C
330
1F
100
AcDbEntity
  8
Whole Simpsons House v1_Simpsons_house_02
100
AcDbLine
 10
-44.68233776135348
 20
0.0
 30
-58.50013313460399
 11
-44.68233776135348
 21
0.0
 31
-61.50086091238177
210
0.0
220
1.0
230
0.0
  0
LINE
  5
59D
330
1F
100
AcDbEntity
  8
Whole Simpsons House v1_Simpsons_house_02
100
AcDbLine
 10
-37.72062109468681
 20
0.0
 30
-58.50013313460399
 11
-37.72062109468681
 21
0.0
 31
-61.50086091238177
210
0.0
220
1.0
230
0.0
  0
LINE
  5
59E
330
1F
100
AcDbEntity
  8
Whole Simpsons House v1_Simpsons_house_02
100
AcDbLine
 10
-39.72087109468685
 20
0.0
 30
-58.50013313460399
 11
-37.72062109468681
 21
0.0
 31
-58.50013313460399
210
0.0
220
1.0
230
0.0
  0
LINE
  5
59F
330
1F
100
AcDbEntity
  8
Whole Simpsons House v1_Simpsons_house_02
100
AcDbLine
 10
-29.61272942802022
 20
0.0
 30
-42.85867202349288
 11
-30.10485442802029
 21
0.0
 31
-43.6615942457151
210
0.0
220
1.0
230
0.0
  0
LINE
  5
5A0
330
1F
100
AcDbEntity
  8
Whole Simpsons House v1_Simpsons_house_02
100
AcDbLine
 10
-52.29916276135353
 20
0.0
 30
-56.18767480127066
 11
-49.58912387246465
 21
0.0
 31
-58.75166369015955
210
0.0
220
1.0
230
0.0
  0
LINE
  5
5A1
330
1F
100
AcDbEntity
  8
Whole Simpsons House v1_Simpsons_house_02
100
AcDbLine
 10
-26.61200165024245
 20
0.0
 30
-40.67850535682621
 11
-27.48230442802023
 21
0.0
 31
-41.0390442457151
210
0.0
220
1.0
230
0.0
  0
LINE
  5
5A2
330
1F
100
AcDbEntity
  8
Whole Simpsons House v1_Simpsons_house_02
100
AcDbLine
 10
-32.75915442802028
 20
0.0
 30
-61.50086091238177
 11
-32.75915442802028
 21
0.0
 31
-58.50013313460399
210
0.0
220
1.0
230
0.0
  0
LINE
  5
5A3
330
1F
100
AcDbEntity
  8
Whole Simpsons House v1_Simpsons_house_02
100
AcDbLine
 10
-46.68258776135352
 20
0.0
 30
-61.50086091238177
 11
-46.68258776135352
 21
0.0
 31
-58.50013313460399
210
0.0
220
1.0
230
0.0
  0
CIRCLE
  5
5A4
330
1F
100
AcDbEntity
  8
Whole Simpsons House v1_Simpsons_house_02
100
AcDbCircle
 10
245.0
 20
-175.0
 30
0.0
 40
11.18033988749893
210
0.0
220
1.0
230
0.0
  0
LINE
  5
5A6
330
1F
100
AcDbEntity
  8
Whole Simpsons House v1_Sketch6
100
AcDbLine
 10
159.8401477367727
 20
0.0
 30
-115.2309387683082
 11
157.1484532923283
 21
0.0
 31
-116.6533387683082
210
0.0
220
1.0
230
0.0
  0
LINE
  5
5A7
330
1F
100
AcDbEntity
  8
Whole Simpsons House v1_Sketch6
100
AcDbLine
 10
8.736606070106081
 20
0.0
 30
-205.9625609905304
 11
8.274114403439416
 21
0.0
 31
-206.8272193238639
210
0.0
220
1.0
230
0.0
  0
LINE
  5
5A8
330
1F
100
AcDbEntity
  8
Whole Simpsons House v1_Sketch6
100
AcDbLine
 10
159.5208838478839
 20
0.0
 30
-92.69796376830817
 11
159.5208838478839
 21
0.0
 31
-95.69833876830819
210
0.0
220
1.0
230
0.0
  0
LINE
  5
5A9
330
1F
100
AcDbEntity
  8
Whole Simpsons House v1_Sketch6
100
AcDbLine
 10
161.8217005145505
 20
0.0
 30
-125.4964193238638
 11
164.5126894034394
 21
0.0
 31
-124.0743721016415
210
0.0
220
1.0
230
0.0
  0
LINE
  5
5AA
330
1F
100
AcDbEntity
  8
Whole Simpsons House v1_Sketch6
100
AcDbLine
 10
124.3701060701061
 20
0.0
 30
-84.64686932386375
 11
124.3701060701061
 21
0.0
 31
-92.69796376830817
210
0.0
220
1.0
230
0.0
  0
LINE
  5
5AB
330
1F
100
AcDbEntity
  8
Whole Simpsons House v1_Sketch6
100
AcDbLine
 10
180.7732755145505
 20
0.0
 30
-132.9178054349749
 11
180.7732755145505
 21
0.0
 31
-135.9181804349749
210
0.0
220
1.0
230
0.0
  0
LINE
  5
5AC
330
1F
100
AcDbEntity
  8
Whole Simpsons House v1_Sketch6
100
AcDbLine
 10
149.5189282923283
 20
0.0
 30
-95.69833876830819
 11
159.8401477367727
 21
0.0
 31
-115.2309387683082
210
0.0
220
1.0
230
0.0
  0
LINE
  5
5AD
330
1F
100
AcDbEntity
  8
Whole Simpsons House v1_Sketch6
100
AcDbLine
 10
163.1241560701061
 20
0.0
 30
-23.2494248794193
 11
160.5068977367727
 21
0.0
 31
-21.78186932386374
210
0.0
220
1.0
230
0.0
  0
LINE
  5
5AE
330
1F
100
AcDbEntity
  8
Whole Simpsons House v1_Sketch6
100
AcDbLine
 10
237.8456644034394
 20
0.0
 30
-132.9178054349749
 11
237.8456644034394
 21
0.0
 31
-135.9181804349749
210
0.0
220
1.0
230
0.0
  0
LINE
  5
5AF
330
1F
100
AcDbEntity
  8
Whole Simpsons House v1_Sketch6
100
AcDbLine
 10
157.1484532923283
 20
0.0
 30
-116.6533387683082
 11
161.8217005145505
 21
0.0
 31
-125.4964193238638
210
0.0
220
1.0
230
0.0
  0
LINE
  5
5B0
330
1F
100
AcDbEntity
  8
Whole Simpsons House v1_Sketch6
100
AcDbLine
 10
247.847619958995
 20
0.0
 30
-135.9181804349749
 11
247.847619958995
 21
0.0
 31
-132.9178054349749
210
0.0
220
1.0
230
0.0
  0
LINE
  5
5B1
330
1F
100
AcDbEntity
  8
Whole Simpsons House v1_Sketch6
100
AcDbLine
 10
46.01745607010609
 20
0.0
 30
-227.1906109905304
 11
45.04202551455052
 21
0.0
 31
-226.5386776571971
210
0.0
220
1.0
230
0.0
  0
LINE
  5
5B2
330
1F
100
AcDbEntity
  8
Whole Simpsons House v1_Sketch6
100
AcDbLine
 10
127.3708338478839
 20
0.0
 30
-81.64614154608594
 11
127.3708338478839
 21
0.0
 31
-84.64686932386375
210
0.0
220
1.0
230
0.0
  0
LINE
  5
5B3
330
1F
100
AcDbEntity
  8
Whole Simpsons House v1_Sketch6
100
AcDbLine
 10
45.04202551455052
 20
0.0
 30
-226.5386776571971
 11
44.16008107010607
 21
0.0
 31
-225.7653887683082
210
0.0
220
1.0
230
0.0
  0
LINE
  5
5B4
330
1F
100
AcDbEntity
  8
Whole Simpsons House v1_Sketch6
100
AcDbLine
 10
10.9809782923283
 20
0.0
 30
-204.1207082127527
 11
10.11631995899497
 21
0.0
 31
-204.5828471016416
210
0.0
220
1.0
230
0.0
  0
LINE
  5
5B5
330
1F
100
AcDbEntity
  8
Whole Simpsons House v1_Sketch6
100
AcDbLine
 10
10.11631995899497
 20
0.0
 30
-204.5828471016416
 11
9.358553292328306
 21
0.0
 31
-205.2047943238639
210
0.0
220
1.0
230
0.0
  0
LINE
  5
5B6
330
1F
100
AcDbEntity
  8
Whole Simpsons House v1_Sketch6
100
AcDbLine
 10
27.06940884788386
 20
0.0
 30
-224.6347359905304
 11
27.06940884788386
 21
0.0
 31
-214.6331332127527
210
0.0
220
1.0
230
0.0
  0
LINE
  5
5B7
330
1F
100
AcDbEntity
  8
Whole Simpsons House v1_Sketch6
100
AcDbLine
 10
42.21592273677275
 20
0.0
 30
-222.8556776571971
 11
41.83880329232831
 21
0.0
 31
-221.7447804349749
210
0.0
220
1.0
230
0.0
  0
LINE
  5
5B8
330
1F
100
AcDbEntity
  8
Whole Simpsons House v1_Sketch6
100
AcDbLine
 10
16.89529773677275
 20
0.0
 30
-192.8469887683082
 11
16.89529773677275
 21
0.0
 31
-213.742016546086
210
0.0
220
1.0
230
0.0
  0
LINE
  5
5B9
330
1F
100
AcDbEntity
  8
Whole Simpsons House v1_Sketch6
100
AcDbLine
 10
24.06903384788385
 20
0.0
 30
-234.6370443238638
 11
24.06903384788385
 21
0.0
 31
-224.6347359905304
210
0.0
220
1.0
230
0.0
  0
LINE
  5
5BA
330
1F
100
AcDbEntity
  8
Whole Simpsons House v1_Sketch6
100
AcDbLine
 10
44.16008107010607
 20
0.0
 30
-225.7653887683082
 11
43.38643940343942
 21
0.0
 31
-224.883091546086
210
0.0
220
1.0
230
0.0
  0
LINE
  5
5BB
330
1F
100
AcDbEntity
  8
Whole Simpsons House v1_Sketch6
100
AcDbLine
 10
138.6851227367727
 20
0.0
 30
-60.69925543497487
 11
141.3023810701061
 21
0.0
 31
-62.1668109905304
210
0.0
220
1.0
230
0.0
  0
LINE
  5
5BC
330
1F
100
AcDbEntity
  8
Whole Simpsons House v1_Sketch6
100
AcDbLine
 10
48.18033662566162
 20
0.0
 30
-228.0863137683083
 11
47.06943940343938
 21
0.0
 31
-227.7091943238639
210
0.0
220
1.0
230
0.0
  0
LINE
  5
5BD
330
1F
100
AcDbEntity
  8
Whole Simpsons House v1_Sketch6
100
AcDbLine
 10
160.5068977367727
 20
0.0
 30
-21.78186932386374
 11
155.6152810701061
 21
0.0
 31
-30.50571099053042
210
0.0
220
1.0
230
0.0
  0
LINE
  5
5BE
330
1F
100
AcDbEntity
  8
Whole Simpsons House v1_Sketch6
100
AcDbLine
 10
257.8495755145505
 20
0.0
 30
-132.9178054349749
 11
257.8495755145505
 21
0.0
 31
-122.9158498794194
210
0.0
220
1.0
230
0.0
  0
LINE
  5
5BF
330
1F
100
AcDbEntity
  8
Whole Simpsons House v1_Sketch6
100
AcDbLine
 10
43.38643940343942
 20
0.0
 30
-224.883091546086
 11
42.73485884788385
 21
0.0
 31
-223.9080137683082
210
0.0
220
1.0
230
0.0
  0
LINE
  5
5C0
330
1F
100
AcDbEntity
  8
Whole Simpsons House v1_Sketch6
100
AcDbLine
 10
9.358553292328306
 20
0.0
 30
-205.2047943238639
 11
8.736606070106081
 21
0.0
 31
-205.9625609905304
210
0.0
220
1.0
230
0.0
  0
LINE
  5
5C1
330
1F
100
AcDbEntity
  8
Whole Simpsons House v1_Sketch6
100
AcDbLine
 10
13.89492273677275
 20
0.0
 30
-213.742016546086
 11
13.89492273677275
 21
0.0
 31
-203.7400609905305
210
0.0
220
1.0
230
0.0
  0
LINE
  5
5C2
330
1F
100
AcDbEntity
  8
Whole Simpsons House v1_Sketch6
100
AcDbLine
 10
260.8499505145505
 20
0.0
 30
-122.9158498794194
 11
260.8499505145505
 21
0.0
 31
-112.9138943238637
210
0.0
220
1.0
230
0.0
  0
LINE
  5
5C3
330
1F
100
AcDbEntity
  8
Whole Simpsons House v1_Sketch6
100
AcDbLine
 10
24.06903384788385
 20
0.0
 30
-214.6331332127527
 11
24.06903384788385
 21
0.0
 31
-202.8489443238639
210
0.0
220
1.0
230
0.0
  0
LINE
  5
5C4
330
1F
100
AcDbEntity
  8
Whole Simpsons House v1_Sketch6
100
AcDbLine
 10
11.91901440343942
 20
0.0
 30
-203.8363693238638
 11
10.9809782923283
 21
0.0
 31
-204.1207082127527
210
0.0
220
1.0
230
0.0
  0
LINE
  5
5C5
330
1F
100
AcDbEntity
  8
Whole Simpsons House v1_Sketch6
100
AcDbLine
 10
164.5126894034394
 20
0.0
 30
-124.0743721016415
 11
169.1855838478838
 21
0.0
 31
-132.9178054349749
210
0.0
220
1.0
230
0.0
  0
LINE
  5
5C6
330
1F
100
AcDbEntity
  8
Whole Simpsons House v1_Sketch6
100
AcDbLine
 10
143.5770921812172
 20
0.0
 30
-51.9754137683082
 11
138.6851227367727
 21
0.0
 31
-60.69925543497487
210
0.0
220
1.0
230
0.0
  0
LINE
  5
5C7
330
1F
100
AcDbEntity
  8
Whole Simpsons House v1_Sketch6
100
AcDbLine
 10
47.06943940343938
 20
0.0
 30
-227.7091943238639
 11
46.01745607010609
 21
0.0
 31
-227.1906109905304
210
0.0
220
1.0
230
0.0
  0
LINE
  5
5C8
330
1F
100
AcDbEntity
  8
Whole Simpsons House v1_Sketch6
100
AcDbLine
 10
27.06940884788386
 20
0.0
 30
-202.8489443238639
 11
27.06940884788386
 21
0.0
 31
-192.8469887683082
210
0.0
220
1.0
230
0.0
  0
LINE
  5
5C9
330
1F
100
AcDbEntity
  8
Whole Simpsons House v1_Sketch6
100
AcDbLine
 10
158.2321866256616
 20
0.0
 30
-31.97326654608598
 11
146.1939977367727
 21
0.0
 31
-53.44296932386378
210
0.0
220
1.0
230
0.0
  0
LINE
  5
5CA
330
1F
100
AcDbEntity
  8
Whole Simpsons House v1_Sketch6
100
AcDbLine
 10
42.73485884788385
 20
0.0
 30
-223.9080137683082
 11
42.21592273677275
 21
0.0
 31
-222.8556776571971
210
0.0
220
1.0
230
0.0
  0
LINE
  5
5CB
330
1F
100
AcDbEntity
  8
Whole Simpsons House v1_Sketch6
100
AcDbLine
 10
226.1736588478839
 20
0.0
 30
-194.4881109905305
 11
226.1736588478839
 21
0.0
 31
-186.4867582127527
210
0.0
220
1.0
230
0.0
  0
LINE
  5
5CC
330
1F
100
AcDbEntity
  8
Whole Simpsons House v1_Sketch6
100
AcDbLine
 10
223.1729310701061
 20
0.0
 30
-186.4867582127527
 11
223.1729310701061
 21
0.0
 31
-175.0183054349749
210
0.0
220
1.0
230
0.0
  0
LINE
  5
5CD
330
1F
100
AcDbEntity
  8
Whole Simpsons House v1_Sketch6
100
AcDbLine
 10
7.989775514550528
 20
0.0
 30
-207.7652554349749
 11
7.893819958994974
 21
0.0
 31
-208.7410387683082
210
0.0
220
1.0
230
0.0
  0
LINE
  5
5CE
330
1F
100
AcDbEntity
  8
Whole Simpsons House v1_Sketch6
100
AcDbLine
 10
122.3419866256616
 20
0.0
 30
-231.1914637683082
 11
122.3419866256616
 21
0.0
 31
-227.1906109905304
210
0.0
220
1.0
230
0.0
  0
LINE
  5
5CF
330
1F
100
AcDbEntity
  8
Whole Simpsons House v1_Sketch6
100
AcDbLine
 10
151.924519958995
 20
0.0
 30
-227.1906109905304
 11
151.924519958995
 21
0.0
 31
-132.1385193238638
210
0.0
220
1.0
230
0.0
  0
LINE
  5
5D0
330
1F
100
AcDbEntity
  8
Whole Simpsons House v1_Sketch6
100
AcDbLine
 10
136.4104116256616
 20
0.0
 30
-70.89100543497484
 11
142.0936616256616
 21
0.0
 31
-81.64614154608594
210
0.0
220
1.0
230
0.0
  0
LINE
  5
5D1
330
1F
100
AcDbEntity
  8
Whole Simpsons House v1_Sketch6
100
AcDbLine
 10
122.3419866256616
 20
0.0
 30
-132.1385193238638
 11
122.3419866256616
 21
0.0
 31
-128.137666546086
210
0.0
220
1.0
230
0.0
  0
LINE
  5
5D2
330
1F
100
AcDbEntity
  8
Whole Simpsons House v1_Sketch6
100
AcDbLine
 10
7.893819958994974
 20
0.0
 30
-208.7410387683082
 11
7.893819958994974
 21
0.0
 31
-234.6370443238638
210
0.0
220
1.0
230
0.0
  0
LINE
  5
5D3
330
1F
100
AcDbEntity
  8
Whole Simpsons House v1_Sketch6
100
AcDbLine
 10
293.4466171812172
 20
0.0
 30
-197.8232721016415
 11
293.4466171812172
 21
0.0
 31
-219.0629637683082
210
0.0
220
1.0
230
0.0
  0
LINE
  5
5D4
330
1F
100
AcDbEntity
  8
Whole Simpsons House v1_Sketch6
100
AcDbLine
 10
267.0098032923283
 20
0.0
 30
-70.0090609905304
 11
267.0098032923283
 21
0.0
 31
-92.89446099053042
210
0.0
220
1.0
230
0.0
  0
LINE
  5
5D5
330
1F
100
AcDbEntity
  8
Whole Simpsons House v1_Sketch6
100
AcDbLine
 10
272.6831755145505
 20
0.0
 30
-174.2189109905305
 11
272.6831755145505
 21
0.0
 31
-181.8202137683082
210
0.0
220
1.0
230
0.0
  0
LINE
  5
5D6
330
1F
100
AcDbEntity
  8
Whole Simpsons House v1_Sketch6
100
AcDbLine
 10
223.1729310701061
 20
0.0
 30
-232.572941546086
 11
223.1729310701061
 21
0.0
 31
-224.5715887683082
210
0.0
220
1.0
230
0.0
  0
LINE
  5
5D7
330
1F
100
AcDbEntity
  8
Whole Simpsons House v1_Sketch6
100
AcDbLine
 10
119.3412588478839
 20
0.0
 30
-128.137666546086
 11
119.3412588478839
 21
0.0
 31
-231.1914637683082
210
0.0
220
1.0
230
0.0
  0
LINE
  5
5D8
330
1F
100
AcDbEntity
  8
Whole Simpsons House v1_Sketch6
100
AcDbLine
 10
41.83880329232831
 20
0.0
 30
-221.7447804349749
 11
41.61020329232829
 21
0.0
 31
-220.5943721016416
210
0.0
220
1.0
230
0.0
  0
LINE
  5
5D9
330
1F
100
AcDbEntity
  8
Whole Simpsons House v1_Sketch6
100
AcDbLine
 10
267.3230699589949
 20
0.0
 30
-9.836108212752649
 11
267.3230699589949
 21
0.0
 31
-32.72150821275267
210
0.0
220
1.0
230
0.0
  0
LINE
  5
5DA
330
1F
100
AcDbEntity
  8
Whole Simpsons House v1_Sketch6
100
AcDbLine
 10
278.3156255145505
 20
0.0
 30
-98.63944710164152
 11
278.3156255145505
 21
0.0
 31
-101.6398221016415
210
0.0
220
1.0
230
0.0
  0
LINE
  5
5DB
330
1F
100
AcDbEntity
  8
Whole Simpsons House v1_Sketch6
100
AcDbLine
 10
296.4469921812172
 20
0.0
 30
-189.8219193238638
 11
296.4469921812172
 21
0.0
 31
-197.8232721016415
210
0.0
220
1.0
230
0.0
  0
LINE
  5
5DC
330
1F
100
AcDbEntity
  8
Whole Simpsons House v1_Sketch6
100
AcDbLine
 10
46.38716718121719
 20
0.0
 30
-76.11141099053042
 11
46.38716718121719
 21
0.0
 31
-79.11213876830817
210
0.0
220
1.0
230
0.0
  0
LINE
  5
5DD
330
1F
100
AcDbEntity
  8
Whole Simpsons House v1_Sketch6
100
AcDbLine
 10
8.274114403439416
 20
0.0
 30
-206.8272193238639
 11
7.989775514550528
 21
0.0
 31
-207.7652554349749
210
0.0
220
1.0
230
0.0
  0
LINE
  5
5DE
330
1F
100
AcDbEntity
  8
Whole Simpsons House v1_Sketch6
100
AcDbLine
 10
155.6152810701061
 20
0.0
 30
-30.50571099053042
 11
158.2321866256616
 21
0.0
 31
-31.97326654608598
210
0.0
220
1.0
230
0.0
  0
LINE
  5
5DF
330
1F
100
AcDbEntity
  8
Whole Simpsons House v1_Sketch6
100
AcDbLine
 10
37.10593662566163
 20
0.0
 30
-221.1873915460861
 11
37.45060051455052
 21
0.0
 31
-222.920941546086
210
0.0
220
1.0
230
0.0
  0
LINE
  5
5E0
330
1F
100
AcDbEntity
  8
Whole Simpsons House v1_Sketch6
100
AcDbLine
 10
37.45060051455052
 20
0.0
 30
-222.920941546086
 11
38.01892551455052
 21
0.0
 31
-224.594166546086
210
0.0
220
1.0
230
0.0
  0
LINE
  5
5E1
330
1F
100
AcDbEntity
  8
Whole Simpsons House v1_Sketch6
100
AcDbLine
 10
41.52694773677275
 20
0.0
 30
-219.3254304349749
 11
41.52694773677275
 21
0.0
 31
-186.9294943238638
210
0.0
220
1.0
230
0.0
  0
LINE
  5
5E2
330
1F
100
AcDbEntity
  8
Whole Simpsons House v1_Sketch6
100
AcDbLine
 10
106.9114866256616
 20
0.0
 30
-151.4710943238638
 11
106.9114866256616
 21
0.0
 31
-99.1160498794193
210
0.0
220
1.0
230
0.0
  0
LINE
  5
5E3
330
1F
100
AcDbEntity
  8
Whole Simpsons House v1_Sketch6
100
AcDbLine
 10
36.99340051455053
 20
0.0
 30
-186.9294943238638
 11
36.99340051455053
 21
0.0
 31
-219.4743026571971
210
0.0
220
1.0
230
0.0
  0
LINE
  5
5E4
330
1F
100
AcDbEntity
  8
Whole Simpsons House v1_Sketch6
100
AcDbLine
 10
36.99340051455053
 20
0.0
 30
-219.4743026571971
 11
37.10593662566163
 21
0.0
 31
-221.1873915460861
210
0.0
220
1.0
230
0.0
  0
LINE
  5
5E5
330
1F
100
AcDbEntity
  8
Whole Simpsons House v1_Sketch6
100
AcDbLine
 10
123.7344005145505
 20
0.0
 30
-8.59009710164154
 11
123.7344005145505
 21
0.0
 31
-44.24499432386377
210
0.0
220
1.0
230
0.0
  0
LINE
  5
5E6
330
1F
100
AcDbEntity
  8
Whole Simpsons House v1_Sketch6
100
AcDbLine
 10
145.799944958995
 20
0.0
 30
-44.24499432386377
 11
145.799944958995
 21
0.0
 31
-8.59009710164154
210
0.0
220
1.0
230
0.0
  0
LINE
  5
5E7
330
1F
100
AcDbEntity
  8
Whole Simpsons House v1_Sketch6
100
AcDbLine
 10
290.6621421812172
 20
0.0
 30
-32.72150821275267
 11
290.6621421812172
 21
0.0
 31
-9.836108212752649
210
0.0
220
1.0
230
0.0
  0
LINE
  5
5E8
330
1F
100
AcDbEntity
  8
Whole Simpsons House v1_Sketch6
100
AcDbLine
 10
280.3158755145505
 20
0.0
 30
-101.6398221016415
 11
280.3158755145505
 21
0.0
 31
-98.63944710164152
210
0.0
220
1.0
230
0.0
  0
LINE
  5
5E9
330
1F
100
AcDbEntity
  8
Whole Simpsons House v1_Sketch6
100
AcDbLine
 10
146.1939977367727
 20
0.0
 30
-53.44296932386378
 11
143.5770921812172
 21
0.0
 31
-51.9754137683082
210
0.0
220
1.0
230
0.0
  0
LINE
  5
5EA
330
1F
100
AcDbEntity
  8
Whole Simpsons House v1_Sketch6
100
AcDbLine
 10
190.7748782923283
 20
0.0
 30
-135.9181804349749
 11
190.7748782923283
 21
0.0
 31
-132.9178054349749
210
0.0
220
1.0
230
0.0
  0
LINE
  5
5EB
330
1F
100
AcDbEntity
  8
Whole Simpsons House v1_Sketch6
100
AcDbLine
 10
96.9095310701061
 20
0.0
 30
-79.11213876830817
 11
96.9095310701061
 21
0.0
 31
-76.11141099053042
210
0.0
220
1.0
230
0.0
  0
LINE
  5
5EC
330
1F
100
AcDbEntity
  8
Whole Simpsons House v1_Sketch6
100
AcDbLine
 10
141.3023810701061
 20
0.0
 30
-62.1668109905304
 11
136.4104116256616
 21
0.0
 31
-70.89100543497484
210
0.0
220
1.0
230
0.0
  0
LINE
  5
5ED
330
1F
100
AcDbEntity
  8
Whole Simpsons House v1_Sketch6
100
AcDbLine
 10
269.2915699589951
 20
0.0
 30
-96.45928043497484
 11
271.3539088478839
 21
0.0
 31
-98.63944710164152
210
0.0
220
1.0
230
0.0
  0
LINE
  5
5EE
330
1F
100
AcDbEntity
  8
Whole Simpsons House v1_Sketch6
100
AcDbLine
 10
41.61020329232829
 20
0.0
 30
-220.5943721016416
 11
41.52694773677275
 21
0.0
 31
-219.3254304349749
210
0.0
220
1.0
230
0.0
  0
LINE
  5
5EF
330
1F
100
AcDbEntity
  8
Whole Simpsons House v1_Sketch6
100
AcDbLine
 10
290.3488755145506
 20
0.0
 30
-92.89446099053042
 11
290.3488755145506
 21
0.0
 31
-70.0090609905304
210
0.0
220
1.0
230
0.0
  0
LINE
  5
5F0
330
1F
100
AcDbEntity
  8
Whole Simpsons House v1_Sketch6
100
AcDbLine
 10
293.4466171812172
 20
0.0
 30
-181.8202137683082
 11
293.4466171812172
 21
0.0
 31
-189.8219193238638
210
0.0
220
1.0
230
0.0
  0
LINE
  5
5F1
330
1F
100
AcDbEntity
  8
Whole Simpsons House v1_Sketch6
100
AcDbLine
 10
162.700469958995
 20
0.0
 30
-175.0183054349749
 11
162.700469958995
 21
0.0
 31
-232.572941546086
210
0.0
220
1.0
230
0.0
  0
LINE
  5
5F2
330
1F
100
AcDbEntity
  8
Whole Simpsons House v1_Sketch6
100
AcDbLine
 10
78.83037551455051
 20
0.0
 30
-22.09160821275264
 11
72.8141032923283
 21
0.0
 31
-16.27994710164154
210
0.0
220
1.0
230
0.0
  0
LINE
  5
5F3
330
1F
100
AcDbEntity
  8
Whole Simpsons House v1_Sketch6
100
AcDbLine
 10
56.38912273677274
 20
0.0
 30
-79.11213876830817
 11
56.38912273677274
 21
0.0
 31
-76.11141099053042
210
0.0
220
1.0
230
0.0
  0
LINE
  5
5F4
330
1F
100
AcDbEntity
  8
Whole Simpsons House v1_Sketch6
100
AcDbLine
 10
226.1736588478839
 20
0.0
 30
-224.5715887683082
 11
226.1736588478839
 21
0.0
 31
-216.5698832127527
210
0.0
220
1.0
230
0.0
  0
LINE
  5
5F5
330
1F
100
AcDbEntity
  8
Whole Simpsons House v1_Sketch6
100
AcDbLine
 10
287.2775921812172
 20
0.0
 30
-101.6398221016415
 11
287.2775921812172
 21
0.0
 31
-98.63944710164152
210
0.0
220
1.0
230
0.0
  0
LINE
  5
5F6
330
1F
100
AcDbEntity
  8
Whole Simpsons House v1_Sketch6
100
AcDbLine
 10
292.2390588478838
 20
0.0
 30
-98.63944710164152
 11
292.2390588478838
 21
0.0
 31
-101.6398221016415
210
0.0
220
1.0
230
0.0
  0
LINE
  5
5F7
330
1F
100
AcDbEntity
  8
Whole Simpsons House v1_Sketch6
100
AcDbLine
 10
296.4469921812172
 20
0.0
 30
-219.0629637683082
 11
296.4469921812172
 21
0.0
 31
-227.0646693238639
210
0.0
220
1.0
230
0.0
  0
LINE
  5
5F8
330
1F
100
AcDbEntity
  8
Whole Simpsons House v1_Sketch6
100
AcDbLine
 10
109.9122144034394
 20
0.0
 30
-223.8304026571971
 11
109.9122144034394
 21
0.0
 31
-213.8284471016416
210
0.0
220
1.0
230
0.0
  0
LINE
  5
5F9
330
1F
100
AcDbEntity
  8
Whole Simpsons House v1_Sketch6
100
AcDbLine
 10
109.9122144034394
 20
0.0
 30
-99.1160498794193
 11
109.9122144034394
 21
0.0
 31
-89.11409432386372
210
0.0
220
1.0
230
0.0
  0
LINE
  5
5FA
330
1F
100
AcDbEntity
  8
Whole Simpsons House v1_Sketch6
100
AcDbLine
 10
277.2124894034394
 20
0.0
 30
-115.3910998794193
 11
277.2124894034394
 21
0.0
 31
-119.7553137683082
210
0.0
220
1.0
230
0.0
  0
LINE
  5
5FB
330
1F
100
AcDbEntity
  8
Whole Simpsons House v1_Sketch6
100
AcDbLine
 10
106.9114866256616
 20
0.0
 30
-233.8323582127527
 11
106.9114866256616
 21
0.0
 31
-223.8304026571971
210
0.0
220
1.0
230
0.0
  0
LINE
  5
5FC
330
1F
100
AcDbEntity
  8
Whole Simpsons House v1_Sketch6
100
AcDbLine
 10
223.1729310701061
 20
0.0
 30
-216.5698832127527
 11
223.1729310701061
 21
0.0
 31
-194.4881109905305
210
0.0
220
1.0
230
0.0
  0
LINE
  5
5FD
330
1F
100
AcDbEntity
  8
Whole Simpsons House v1_Sketch6
100
AcDbLine
 10
265.7369810701061
 20
0.0
 30
-119.7553137683082
 11
265.7369810701061
 21
0.0
 31
-103.9522804349749
210
0.0
220
1.0
230
0.0
  0
LINE
  5
5FE
330
1F
100
AcDbEntity
  8
Whole Simpsons House v1_Sketch6
100
AcDbLine
 10
74.42312273677274
 20
0.0
 30
-14.72066932386375
 11
75.21722551455052
 21
0.0
 31
-14.21478599053043
210
0.0
220
1.0
230
0.0
  0
LINE
  5
5FF
330
1F
100
AcDbEntity
  8
Whole Simpsons House v1_Sketch6
100
AcDbLine
 10
79.78922551455052
 20
0.0
 30
-13.77487210164153
 11
80.66552551455051
 21
0.0
 31
-14.11988876830819
210
0.0
220
1.0
230
0.0
  0
LINE
  5
600
330
1F
100
AcDbEntity
  8
Whole Simpsons House v1_Sketch6
100
AcDbLine
 10
265.7369810701061
 20
0.0
 30
-103.9522804349749
 11
268.4473727367727
 21
0.0
 31
-101.3886443238637
210
0.0
220
1.0
230
0.0
  0
LINE
  5
601
330
1F
100
AcDbEntity
  8
Whole Simpsons House v1_Sketch6
100
AcDbLine
 10
307.6928421812171
 20
0.0
 30
-111.3902471016415
 11
307.6928421812171
 21
0.0
 31
-119.7553137683082
210
0.0
220
1.0
230
0.0
  0
LINE
  5
602
330
1F
100
AcDbEntity
  8
Whole Simpsons House v1_Sketch6
100
AcDbLine
 10
271.3539088478839
 20
0.0
 30
-98.63944710164152
 11
271.3539088478839
 21
0.0
 31
-101.6398221016415
210
0.0
220
1.0
230
0.0
  0
LINE
  5
603
330
1F
100
AcDbEntity
  8
Whole Simpsons House v1_Sketch6
100
AcDbLine
 10
80.66552551455051
 20
0.0
 30
-14.11988876830819
 11
81.47656162566162
 21
0.0
 31
-14.59790265719709
210
0.0
220
1.0
230
0.0
  0
LINE
  5
604
330
1F
100
AcDbEntity
  8
Whole Simpsons House v1_Sketch6
100
AcDbLine
 10
109.9122144034394
 20
0.0
 30
-161.4730498794194
 11
109.9122144034394
 21
0.0
 31
-151.4710943238638
210
0.0
220
1.0
230
0.0
  0
LINE
  5
605
330
1F
100
AcDbEntity
  8
Whole Simpsons House v1_Sketch6
100
AcDbLine
 10
86.90757551455054
 20
0.0
 30
-76.11141099053042
 11
86.90757551455054
 21
0.0
 31
-79.11213876830817
210
0.0
220
1.0
230
0.0
  0
LINE
  5
606
330
1F
100
AcDbEntity
  8
Whole Simpsons House v1_Sketch6
100
AcDbLine
 10
285.2773421812172
 20
0.0
 30
-98.63944710164152
 11
285.2773421812172
 21
0.0
 31
-101.6398221016415
210
0.0
220
1.0
230
0.0
  0
LINE
  5
607
330
1F
100
AcDbEntity
  8
Whole Simpsons House v1_Sketch6
100
AcDbLine
 10
294.2393088478839
 20
0.0
 30
-101.6398221016415
 11
294.2393088478839
 21
0.0
 31
-111.3902471016415
210
0.0
220
1.0
230
0.0
  0
LINE
  5
608
330
1F
100
AcDbEntity
  8
Whole Simpsons House v1_Sketch6
100
AcDbLine
 10
232.9741560701061
 20
0.0
 30
-235.0660221016416
 11
232.9741560701061
 21
0.0
 31
-174.2189109905305
210
0.0
220
1.0
230
0.0
  0
LINE
  5
609
330
1F
100
AcDbEntity
  8
Whole Simpsons House v1_Sketch6
100
AcDbLine
 10
273.3541588478838
 20
0.0
 30
-101.6398221016415
 11
273.3541588478838
 21
0.0
 31
-98.63944710164152
210
0.0
220
1.0
230
0.0
  0
LINE
  5
60A
330
1F
100
AcDbEntity
  8
Whole Simpsons House v1_Sketch6
100
AcDbLine
 10
290.8096032923283
 20
0.0
 30
-139.520041546086
 11
290.8096032923283
 21
0.0
 31
-166.4704998794194
210
0.0
220
1.0
230
0.0
  0
LINE
  5
60B
330
1F
100
AcDbEntity
  8
Whole Simpsons House v1_Sketch6
100
AcDbLine
 10
82.55359218121718
 20
0.0
 30
-233.8323582127527
 11
82.55359218121718
 21
0.0
 31
-230.8316304349749
210
0.0
220
1.0
230
0.0
  0
LINE
  5
60C
330
1F
100
AcDbEntity
  8
Whole Simpsons House v1_Sketch6
100
AcDbLine
 10
268.4473727367727
 20
0.0
 30
-101.3886443238637
 11
266.3853866256616
 21
0.0
 31
-99.20883043497484
210
0.0
220
1.0
230
0.0
  0
LINE
  5
60D
330
1F
100
AcDbEntity
  8
Whole Simpsons House v1_Sketch6
100
AcDbLine
 10
293.4466171812172
 20
0.0
 30
-227.0646693238639
 11
293.4466171812172
 21
0.0
 31
-235.0660221016416
210
0.0
220
1.0
230
0.0
  0
LINE
  5
60E
330
1F
100
AcDbEntity
  8
Whole Simpsons House v1_Sketch6
100
AcDbLine
 10
73.71756718121718
 20
0.0
 30
-15.34438043497486
 11
74.42312273677274
 21
0.0
 31
-14.72066932386375
210
0.0
220
1.0
230
0.0
  0
LINE
  5
60F
330
1F
100
AcDbEntity
  8
Whole Simpsons House v1_Sketch6
100
AcDbLine
 10
106.9114866256616
 20
0.0
 30
-89.11409432386372
 11
106.9114866256616
 21
0.0
 31
-79.11213876830817
210
0.0
220
1.0
230
0.0
  0
LINE
  5
610
330
1F
100
AcDbEntity
  8
Whole Simpsons House v1_Sketch6
100
AcDbLine
 10
72.8141032923283
 20
0.0
 30
-16.27994710164154
 11
73.71756718121718
 21
0.0
 31
-15.34438043497486
210
0.0
220
1.0
230
0.0
  0
LINE
  5
611
330
1F
100
AcDbEntity
  8
Whole Simpsons House v1_Sketch6
100
AcDbLine
 10
280.8080005145506
 20
0.0
 30
-166.4704998794194
 11
280.8080005145506
 21
0.0
 31
-163.4701248794194
210
0.0
220
1.0
230
0.0
  0
LINE
  5
612
330
1F
100
AcDbEntity
  8
Whole Simpsons House v1_Sketch6
100
AcDbLine
 10
96.9095310701061
 20
0.0
 30
-230.8316304349749
 11
96.9095310701061
 21
0.0
 31
-233.8323582127527
210
0.0
220
1.0
230
0.0
  0
LINE
  5
613
330
1F
100
AcDbEntity
  8
Whole Simpsons House v1_Sketch6
100
AcDbLine
 10
106.9114866256616
 20
0.0
 30
-213.8284471016416
 11
106.9114866256616
 21
0.0
 31
-161.4730498794194
210
0.0
220
1.0
230
0.0
  0
LINE
  5
614
330
1F
100
AcDbEntity
  8
Whole Simpsons House v1_Sketch6
100
AcDbLine
 10
266.3853866256616
 20
0.0
 30
-99.20883043497484
 11
269.2915699589951
 21
0.0
 31
-96.45928043497484
210
0.0
220
1.0
230
0.0
  0
LINE
  5
615
330
1F
100
AcDbEntity
  8
Whole Simpsons House v1_Sketch6
100
AcDbLine
 10
280.2128644034394
 20
0.0
 30
-119.7553137683082
 11
280.2128644034394
 21
0.0
 31
-115.3910998794193
210
0.0
220
1.0
230
0.0
  0
LINE
  5
616
330
1F
100
AcDbEntity
  8
Whole Simpsons House v1_Sketch6
100
AcDbLine
 10
82.20328384788385
 20
0.0
 30
-15.19691932386376
 11
85.3617032923283
 21
0.0
 31
-18.24879987941931
210
0.0
220
1.0
230
0.0
  0
LINE
  5
617
330
1F
100
AcDbEntity
  8
Whole Simpsons House v1_Sketch6
100
AcDbLine
 10
92.51391995899496
 20
0.0
 30
-18.32253043497487
 11
93.42973107010609
 21
0.0
 31
-18.54266376830819
210
0.0
220
1.0
230
0.0
  0
LINE
  5
618
330
1F
100
AcDbEntity
  8
Whole Simpsons House v1_Sketch6
100
AcDbLine
 10
81.47656162566162
 20
0.0
 30
-14.59790265719709
 11
82.20328384788385
 21
0.0
 31
-15.19691932386376
210
0.0
220
1.0
230
0.0
  0
LINE
  5
619
330
1F
100
AcDbEntity
  8
Whole Simpsons House v1_Sketch6
100
AcDbLine
 10
29.35435051455053
 20
0.0
 30
-24.24990265719709
 11
29.05872273677275
 21
0.0
 31
-23.58385821275264
210
0.0
220
1.0
230
0.0
  0
LINE
  5
61A
330
1F
100
AcDbEntity
  8
Whole Simpsons House v1_Sketch6
100
AcDbLine
 10
58.26801718121718
 20
0.0
 30
-223.9080137683082
 11
57.61643662566163
 21
0.0
 31
-224.883091546086
210
0.0
220
1.0
230
0.0
  0
LINE
  5
61B
330
1F
100
AcDbEntity
  8
Whole Simpsons House v1_Sketch6
100
AcDbLine
 10
91.5751782923283
 20
0.0
 30
-27.25063043497488
 11
81.45821718121722
 21
0.0
 31
-37.72495543497488
210
0.0
220
1.0
230
0.0
  0
LINE
  5
61C
330
1F
100
AcDbEntity
  8
Whole Simpsons House v1_Sketch6
100
AcDbLine
 10
32.45738384788386
 20
0.0
 30
-16.69163876830819
 11
33.11319773677275
 21
0.0
 31
-16.56111099053042
210
0.0
220
1.0
230
0.0
  0
LINE
  5
61D
330
1F
100
AcDbEntity
  8
Whole Simpsons House v1_Sketch6
100
AcDbLine
 10
40.94768662566163
 20
0.0
 30
-228.9777832127527
 11
42.27624773677275
 21
0.0
 31
-230.1430082127527
210
0.0
220
1.0
230
0.0
  0
LINE
  5
61E
330
1F
100
AcDbEntity
  8
Whole Simpsons House v1_Sketch6
100
AcDbLine
 10
76.08082551455053
 20
0.0
 30
-13.83907765719708
 11
76.9924032923283
 21
0.0
 31
-13.60342210164152
210
0.0
220
1.0
230
0.0
  0
LINE
  5
61F
330
1F
100
AcDbEntity
  8
Whole Simpsons House v1_Sketch6
100
AcDbLine
 10
60.0551894034394
 20
0.0
 30
-228.9777832127527
 11
61.22041440343941
 21
0.0
 31
-227.6488693238639
210
0.0
220
1.0
230
0.0
  0
LINE
  5
620
330
1F
100
AcDbEntity
  8
Whole Simpsons House v1_Sketch6
100
AcDbLine
 10
96.92223107010611
 20
0.0
 30
-21.5253998794193
 11
97.28276995899498
 21
0.0
 31
-22.3953498794193
210
0.0
220
1.0
230
0.0
  0
LINE
  5
621
330
1F
100
AcDbEntity
  8
Whole Simpsons House v1_Sketch6
100
AcDbLine
 10
30.66880051455052
 20
0.0
 30
-17.57358321275265
 11
31.22513107010608
 21
0.0
 31
-17.20210821275264
210
0.0
220
1.0
230
0.0
  0
LINE
  5
622
330
1F
100
AcDbEntity
  8
Whole Simpsons House v1_Sketch6
100
AcDbLine
 10
50.5016144034394
 20
0.0
 30
-232.934891546086
 11
52.26479773677272
 21
0.0
 31
-232.8195332127527
210
0.0
220
1.0
230
0.0
  0
LINE
  5
623
330
1F
100
AcDbEntity
  8
Whole Simpsons House v1_Sketch6
100
AcDbLine
 10
75.21722551455052
 20
0.0
 30
-14.21478599053043
 11
76.08082551455053
 21
0.0
 31
-13.83907765719708
210
0.0
220
1.0
230
0.0
  0
LINE
  5
624
330
1F
100
AcDbEntity
  8
Whole Simpsons House v1_Sketch6
100
AcDbLine
 10
62.20219495899497
 20
0.0
 30
-226.1795498794194
 11
62.98430329232829
 21
0.0
 31
-224.594166546086
210
0.0
220
1.0
230
0.0
  0
LINE
  5
625
330
1F
100
AcDbEntity
  8
Whole Simpsons House v1_Sketch6
100
AcDbLine
 10
28.84388107010607
 20
0.0
 30
-22.95062210164153
 11
28.71335329232829
 21
0.0
 31
-22.29516099053042
210
0.0
220
1.0
230
0.0
  0
LINE
  5
626
330
1F
100
AcDbEntity
  8
Whole Simpsons House v1_Sketch6
100
AcDbLine
 10
59.47592829232829
 20
0.0
 30
-186.9294943238638
 11
59.47592829232829
 21
0.0
 31
-219.3254304349749
210
0.0
220
1.0
230
0.0
  0
LINE
  5
627
330
1F
100
AcDbEntity
  8
Whole Simpsons House v1_Sketch6
100
AcDbLine
 10
63.8969394034394
 20
0.0
 30
-221.1873915460861
 11
64.00912273677275
 21
0.0
 31
-219.4743026571971
210
0.0
220
1.0
230
0.0
  0
LINE
  5
628
330
1F
100
AcDbEntity
  8
Whole Simpsons House v1_Sketch6
100
AcDbLine
 10
42.27624773677275
 20
0.0
 30
-230.1430082127527
 11
43.74591995899496
 21
0.0
 31
-231.1247887683082
210
0.0
220
1.0
230
0.0
  0
LINE
  5
629
330
1F
100
AcDbEntity
  8
Whole Simpsons House v1_Sketch6
100
AcDbLine
 10
52.82253940343941
 20
0.0
 30
-228.0863137683083
 11
51.6717782923283
 21
0.0
 31
-228.315266546086
210
0.0
220
1.0
230
0.0
  0
LINE
  5
62A
330
1F
100
AcDbEntity
  8
Whole Simpsons House v1_Sketch6
100
AcDbLine
 10
47.0045282923283
 20
0.0
 30
-232.474516546086
 11
48.73772551455053
 21
0.0
 31
-232.8195332127527
210
0.0
220
1.0
230
0.0
  0
LINE
  5
62B
330
1F
100
AcDbEntity
  8
Whole Simpsons House v1_Sketch6
100
AcDbLine
 10
95.10260329232834
 20
0.0
 30
-19.3949748794193
 11
95.81874218121717
 21
0.0
 31
-20.00633876830819
210
0.0
220
1.0
230
0.0
  0
LINE
  5
62C
330
1F
100
AcDbEntity
  8
Whole Simpsons House v1_Sketch6
100
AcDbLine
 10
57.61643662566163
 20
0.0
 30
-224.883091546086
 11
56.84279495899495
 21
0.0
 31
-225.7653887683082
210
0.0
220
1.0
230
0.0
  0
LINE
  5
62D
330
1F
100
AcDbEntity
  8
Whole Simpsons House v1_Sketch6
100
AcDbLine
 10
45.4551282923283
 20
0.0
 30
-27.25063043497488
 11
45.4551282923283
 21
0.0
 31
-24.24990265719709
210
0.0
220
1.0
230
0.0
  0
LINE
  5
62E
330
1F
100
AcDbEntity
  8
Whole Simpsons House v1_Sketch6
100
AcDbLine
 10
28.71335329232829
 20
0.0
 30
-20.96095543497486
 11
28.84388107010607
 21
0.0
 31
-20.30549432386374
210
0.0
220
1.0
230
0.0
  0
LINE
  5
62F
330
1F
100
AcDbEntity
  8
Whole Simpsons House v1_Sketch6
100
AcDbLine
 10
58.78695329232829
 20
0.0
 30
-222.8556776571971
 11
58.26801718121718
 21
0.0
 31
-223.9080137683082
210
0.0
220
1.0
230
0.0
  0
LINE
  5
630
330
1F
100
AcDbEntity
  8
Whole Simpsons House v1_Sketch6
100
AcDbLine
 10
63.55227551455052
 20
0.0
 30
-222.920941546086
 11
63.8969394034394
 21
0.0
 31
-221.1873915460861
210
0.0
220
1.0
230
0.0
  0
LINE
  5
631
330
1F
100
AcDbEntity
  8
Whole Simpsons House v1_Sketch6
100
AcDbLine
 10
59.47592829232829
 20
0.0
 30
-219.3254304349749
 11
59.39267273677274
 21
0.0
 31
-220.5943721016416
210
0.0
220
1.0
230
0.0
  0
LINE
  5
632
330
1F
100
AcDbEntity
  8
Whole Simpsons House v1_Sketch6
100
AcDbLine
 10
54.98541995899497
 20
0.0
 30
-227.1906109905304
 11
53.93343662566163
 21
0.0
 31
-227.7091943238639
210
0.0
220
1.0
230
0.0
  0
LINE
  5
633
330
1F
100
AcDbEntity
  8
Whole Simpsons House v1_Sketch6
100
AcDbLine
 10
33.78030051455053
 20
0.0
 30
-16.51736654608598
 11
51.32640884788385
 21
0.0
 31
-16.78900543497486
210
0.0
220
1.0
230
0.0
  0
LINE
  5
634
330
1F
100
AcDbEntity
  8
Whole Simpsons House v1_Sketch6
100
AcDbLine
 10
29.72582551455053
 20
0.0
 30
-18.51691099053042
 11
30.16644495899496
 21
0.0
 31
-18.01455543497486
210
0.0
220
1.0
230
0.0
  0
LINE
  5
635
330
1F
100
AcDbEntity
  8
Whole Simpsons House v1_Sketch6
100
AcDbLine
 10
43.74591995899496
 20
0.0
 30
-231.1247887683082
 11
45.33059773677274
 21
0.0
 31
-231.9065443238638
210
0.0
220
1.0
230
0.0
  0
LINE
  5
636
330
1F
100
AcDbEntity
  8
Whole Simpsons House v1_Sketch6
100
AcDbLine
 10
55.67192551455052
 20
0.0
 30
-231.9065443238638
 11
57.25695607010607
 21
0.0
 31
-231.1247887683082
210
0.0
220
1.0
230
0.0
  0
LINE
  5
637
330
1F
100
AcDbEntity
  8
Whole Simpsons House v1_Sketch6
100
AcDbLine
 10
62.98430329232829
 20
0.0
 30
-224.594166546086
 11
63.55227551455052
 21
0.0
 31
-222.920941546086
210
0.0
220
1.0
230
0.0
  0
LINE
  5
638
330
1F
100
AcDbEntity
  8
Whole Simpsons House v1_Sketch6
100
AcDbLine
 10
39.78210884788385
 20
0.0
 30
-227.6488693238639
 11
40.94768662566163
 21
0.0
 31
-228.9777832127527
210
0.0
220
1.0
230
0.0
  0
LINE
  5
639
330
1F
100
AcDbEntity
  8
Whole Simpsons House v1_Sketch6
100
AcDbLine
 10
28.84388107010607
 20
0.0
 30
-20.30549432386374
 11
29.05872273677275
 21
0.0
 31
-19.67225821275264
210
0.0
220
1.0
230
0.0
  0
LINE
  5
63A
330
1F
100
AcDbEntity
  8
Whole Simpsons House v1_Sketch6
100
AcDbLine
 10
28.71335329232829
 20
0.0
 30
-22.29516099053042
 11
28.66960884788385
 21
0.0
 31
-21.62805821275264
210
0.0
220
1.0
230
0.0
  0
LINE
  5
63B
330
1F
100
AcDbEntity
  8
Whole Simpsons House v1_Sketch6
100
AcDbLine
 10
48.73772551455053
 20
0.0
 30
-232.8195332127527
 11
50.5016144034394
 21
0.0
 31
-232.934891546086
210
0.0
220
1.0
230
0.0
  0
LINE
  5
63C
330
1F
100
AcDbEntity
  8
Whole Simpsons House v1_Sketch6
100
AcDbLine
 10
59.39267273677274
 20
0.0
 30
-220.5943721016416
 11
59.16371995899496
 21
0.0
 31
-221.7447804349749
210
0.0
220
1.0
230
0.0
  0
LINE
  5
63D
330
1F
100
AcDbEntity
  8
Whole Simpsons House v1_Sketch6
100
AcDbLine
 10
55.96085051455051
 20
0.0
 30
-226.5386776571971
 11
54.98541995899497
 21
0.0
 31
-227.1906109905304
210
0.0
220
1.0
230
0.0
  0
LINE
  5
63E
330
1F
100
AcDbEntity
  8
Whole Simpsons House v1_Sketch6
100
AcDbLine
 10
97.50219773677273
 20
0.0
 30
-23.31116099053042
 11
97.57628107010608
 21
0.0
 31
-24.24990265719709
210
0.0
220
1.0
230
0.0
  0
LINE
  5
63F
330
1F
100
AcDbEntity
  8
Whole Simpsons House v1_Sketch6
100
AcDbLine
 10
58.72627551455052
 20
0.0
 30
-230.1430082127527
 11
60.0551894034394
 21
0.0
 31
-228.9777832127527
210
0.0
220
1.0
230
0.0
  0
LINE
  5
640
330
1F
100
AcDbEntity
  8
Whole Simpsons House v1_Sketch6
100
AcDbLine
 10
30.16644495899496
 20
0.0
 30
-18.01455543497486
 11
30.66880051455052
 21
0.0
 31
-17.57358321275265
210
0.0
220
1.0
230
0.0
  0
LINE
  5
641
330
1F
100
AcDbEntity
  8
Whole Simpsons House v1_Sketch6
100
AcDbLine
 10
93.42973107010609
 20
0.0
 30
-18.54266376830819
 11
94.29968107010608
 21
0.0
 31
-18.9028498794193
210
0.0
220
1.0
230
0.0
  0
LINE
  5
642
330
1F
100
AcDbEntity
  8
Whole Simpsons House v1_Sketch6
100
AcDbLine
 10
94.29968107010608
 20
0.0
 30
-18.9028498794193
 11
95.10260329232834
 21
0.0
 31
-19.3949748794193
210
0.0
220
1.0
230
0.0
  0
LINE
  5
643
330
1F
100
AcDbEntity
  8
Whole Simpsons House v1_Sketch6
100
AcDbLine
 10
97.28276995899498
 20
0.0
 30
-22.3953498794193
 11
97.50219773677273
 21
0.0
 31
-23.31116099053042
210
0.0
220
1.0
230
0.0
  0
LINE
  5
644
330
1F
100
AcDbEntity
  8
Whole Simpsons House v1_Sketch6
100
AcDbLine
 10
78.86988662566165
 20
0.0
 30
-13.51311099053042
 11
79.78922551455052
 21
0.0
 31
-13.77487210164153
210
0.0
220
1.0
230
0.0
  0
LINE
  5
645
330
1F
100
AcDbEntity
  8
Whole Simpsons House v1_Sketch6
100
AcDbLine
 10
64.00912273677275
 20
0.0
 30
-219.4743026571971
 11
64.00912273677275
 21
0.0
 31
-186.9294943238638
210
0.0
220
1.0
230
0.0
  0
LINE
  5
646
330
1F
100
AcDbEntity
  8
Whole Simpsons House v1_Sketch6
100
AcDbLine
 10
53.93343662566163
 20
0.0
 30
-227.7091943238639
 11
52.82253940343941
 21
0.0
 31
-228.0863137683083
210
0.0
220
1.0
230
0.0
  0
LINE
  5
647
330
1F
100
AcDbEntity
  8
Whole Simpsons House v1_Sketch6
100
AcDbLine
 10
56.84279495899495
 20
0.0
 30
-225.7653887683082
 11
55.96085051455051
 21
0.0
 31
-226.5386776571971
210
0.0
220
1.0
230
0.0
  0
LINE
  5
648
330
1F
100
AcDbEntity
  8
Whole Simpsons House v1_Sketch6
100
AcDbLine
 10
45.33059773677274
 20
0.0
 30
-231.9065443238638
 11
47.0045282923283
 21
0.0
 31
-232.474516546086
210
0.0
220
1.0
230
0.0
  0
LINE
  5
649
330
1F
100
AcDbEntity
  8
Whole Simpsons House v1_Sketch6
100
AcDbLine
 10
59.16371995899496
 20
0.0
 30
-221.7447804349749
 11
58.78695329232829
 21
0.0
 31
-222.8556776571971
210
0.0
220
1.0
230
0.0
  0
LINE
  5
64A
330
1F
100
AcDbEntity
  8
Whole Simpsons House v1_Sketch6
100
AcDbLine
 10
29.35435051455053
 20
0.0
 30
-19.07253599053042
 11
29.72582551455053
 21
0.0
 31
-18.51691099053042
210
0.0
220
1.0
230
0.0
  0
LINE
  5
64B
330
1F
100
AcDbEntity
  8
Whole Simpsons House v1_Sketch6
100
AcDbLine
 10
29.05872273677275
 20
0.0
 30
-23.58385821275264
 11
28.84388107010607
 21
0.0
 31
-22.95062210164153
210
0.0
220
1.0
230
0.0
  0
LINE
  5
64C
330
1F
100
AcDbEntity
  8
Whole Simpsons House v1_Sketch6
100
AcDbLine
 10
91.5751782923283
 20
0.0
 30
-24.24990265719709
 11
91.5751782923283
 21
0.0
 31
-27.25063043497488
210
0.0
220
1.0
230
0.0
  0
LINE
  5
64D
330
1F
100
AcDbEntity
  8
Whole Simpsons House v1_Sketch6
100
AcDbLine
 10
28.66960884788385
 20
0.0
 30
-21.62805821275264
 11
28.71335329232829
 21
0.0
 31
-20.96095543497486
210
0.0
220
1.0
230
0.0
  0
LINE
  5
64E
330
1F
100
AcDbEntity
  8
Whole Simpsons House v1_Sketch6
100
AcDbLine
 10
320.5403032923282
 20
0.0
 30
-129.6955332127527
 11
320.4037782923283
 21
0.0
 31
-129.2453887683083
210
0.0
220
1.0
230
0.0
  0
LINE
  5
64F
330
1F
100
AcDbEntity
  8
Whole Simpsons House v1_Sketch6
100
AcDbLine
 10
38.01892551455052
 20
0.0
 30
-224.594166546086
 11
38.80032829232829
 21
0.0
 31
-226.1795498794194
210
0.0
220
1.0
230
0.0
  0
LINE
  5
650
330
1F
100
AcDbEntity
  8
Whole Simpsons House v1_Sketch6
100
AcDbLine
 10
320.4037782923283
 20
0.0
 30
-129.2453887683083
 11
320.3575644034394
 21
0.0
 31
-128.7772526571972
210
0.0
220
1.0
230
0.0
  0
LINE
  5
651
330
1F
100
AcDbEntity
  8
Whole Simpsons House v1_Sketch6
100
AcDbLine
 10
321.0606505145506
 20
0.0
 30
-130.474466546086
 11
320.7622005145505
 21
0.0
 31
-130.1107526571971
210
0.0
220
1.0
230
0.0
  0
LINE
  5
652
330
1F
100
AcDbEntity
  8
Whole Simpsons House v1_Sketch6
100
AcDbLine
 10
53.99834773677273
 20
0.0
 30
-232.474516546086
 11
55.67192551455052
 21
0.0
 31
-231.9065443238638
210
0.0
220
1.0
230
0.0
  0
LINE
  5
653
330
1F
100
AcDbEntity
  8
Whole Simpsons House v1_Sketch6
100
AcDbLine
 10
324.4663671812173
 20
0.0
 30
-131.8806387683082
 11
324.1026532923283
 21
0.0
 31
-131.5821887683082
210
0.0
220
1.0
230
0.0
  0
LINE
  5
654
330
1F
100
AcDbEntity
  8
Whole Simpsons House v1_Sketch6
100
AcDbLine
 10
31.22513107010608
 20
0.0
 30
-17.20210821275264
 11
31.82450051455053
 21
0.0
 31
-16.90648043497485
210
0.0
220
1.0
230
0.0
  0
LINE
  5
655
330
1F
100
AcDbEntity
  8
Whole Simpsons House v1_Sketch6
100
AcDbLine
 10
61.22041440343941
 20
0.0
 30
-227.6488693238639
 11
62.20219495899497
 21
0.0
 31
-226.1795498794194
210
0.0
220
1.0
230
0.0
  0
LINE
  5
656
330
1F
100
AcDbEntity
  8
Whole Simpsons House v1_Sketch6
100
AcDbLine
 10
324.9867144034393
 20
0.0
 30
-132.6595721016416
 11
324.7648171812174
 21
0.0
 31
-132.2443526571971
210
0.0
220
1.0
230
0.0
  0
LINE
  5
657
330
1F
100
AcDbEntity
  8
Whole Simpsons House v1_Sketch6
100
AcDbLine
 10
57.25695607010607
 20
0.0
 30
-231.1247887683082
 11
58.72627551455052
 21
0.0
 31
-230.1430082127527
210
0.0
220
1.0
230
0.0
  0
LINE
  5
658
330
1F
100
AcDbEntity
  8
Whole Simpsons House v1_Sketch6
100
AcDbLine
 10
321.8395838478839
 20
0.0
 30
-130.9948137683083
 11
321.4243644034393
 21
0.0
 31
-130.772916546086
210
0.0
220
1.0
230
0.0
  0
LINE
  5
659
330
1F
100
AcDbEntity
  8
Whole Simpsons House v1_Sketch6
100
AcDbLine
 10
324.1026532923283
 20
0.0
 30
-131.5821887683082
 11
323.6874338478838
 21
0.0
 31
-131.360291546086
210
0.0
220
1.0
230
0.0
  0
LINE
  5
65A
330
1F
100
AcDbEntity
  8
Whole Simpsons House v1_Sketch6
100
AcDbLine
 10
31.82450051455053
 20
0.0
 30
-16.90648043497485
 11
32.45738384788386
 21
0.0
 31
-16.69163876830819
210
0.0
220
1.0
230
0.0
  0
LINE
  5
65B
330
1F
100
AcDbEntity
  8
Whole Simpsons House v1_Sketch6
100
AcDbLine
 10
322.2897282923283
 20
0.0
 30
-131.1313387683083
 11
321.8395838478839
 21
0.0
 31
-130.9948137683083
210
0.0
220
1.0
230
0.0
  0
LINE
  5
65C
330
1F
100
AcDbEntity
  8
Whole Simpsons House v1_Sketch6
100
AcDbLine
 10
325.1694532923283
 20
0.0
 30
-186.6786693238638
 11
325.1694532923283
 21
0.0
 31
-133.5782054349749
210
0.0
220
1.0
230
0.0
  0
LINE
  5
65D
330
1F
100
AcDbEntity
  8
Whole Simpsons House v1_Sketch6
100
AcDbLine
 10
96.43010607010609
 20
0.0
 30
-20.72247765719708
 11
96.92223107010611
 21
0.0
 31
-21.5253998794193
210
0.0
220
1.0
230
0.0
  0
LINE
  5
65E
330
1F
100
AcDbEntity
  8
Whole Simpsons House v1_Sketch6
100
AcDbLine
 10
38.80032829232829
 20
0.0
 30
-226.1795498794194
 11
39.78210884788385
 21
0.0
 31
-227.6488693238639
210
0.0
220
1.0
230
0.0
  0
LINE
  5
65F
330
1F
100
AcDbEntity
  8
Whole Simpsons House v1_Sketch6
100
AcDbLine
 10
29.05872273677275
 20
0.0
 30
-19.67225821275264
 11
29.35435051455053
 21
0.0
 31
-19.07253599053042
210
0.0
220
1.0
230
0.0
  0
LINE
  5
660
330
1F
100
AcDbEntity
  8
Whole Simpsons House v1_Sketch6
100
AcDbLine
 10
321.4243644034393
 20
0.0
 30
-130.772916546086
 11
321.0606505145506
 21
0.0
 31
-130.474466546086
210
0.0
220
1.0
230
0.0
  0
LINE
  5
661
330
1F
100
AcDbEntity
  8
Whole Simpsons House v1_Sketch6
100
AcDbLine
 10
320.7622005145505
 20
0.0
 30
-130.1107526571971
 11
320.5403032923282
 21
0.0
 31
-129.6955332127527
210
0.0
220
1.0
230
0.0
  0
LINE
  5
662
330
1F
100
AcDbEntity
  8
Whole Simpsons House v1_Sketch6
100
AcDbLine
 10
325.1232394034394
 20
0.0
 30
-133.109716546086
 11
324.9867144034393
 21
0.0
 31
-132.6595721016416
210
0.0
220
1.0
230
0.0
  0
LINE
  5
663
330
1F
100
AcDbEntity
  8
Whole Simpsons House v1_Sketch6
100
AcDbLine
 10
52.26479773677272
 20
0.0
 30
-232.8195332127527
 11
53.99834773677273
 21
0.0
 31
-232.474516546086
210
0.0
220
1.0
230
0.0
  0
LINE
  5
664
330
1F
100
AcDbEntity
  8
Whole Simpsons House v1_Sketch6
100
AcDbLine
 10
95.81874218121717
 20
0.0
 30
-20.00633876830819
 11
96.43010607010609
 21
0.0
 31
-20.72247765719708
210
0.0
220
1.0
230
0.0
  0
LINE
  5
665
330
1F
100
AcDbEntity
  8
Whole Simpsons House v1_Sketch6
100
AcDbLine
 10
323.6874338478838
 20
0.0
 30
-131.360291546086
 11
323.2372894034394
 21
0.0
 31
-131.223766546086
210
0.0
220
1.0
230
0.0
  0
LINE
  5
666
330
1F
100
AcDbEntity
  8
Whole Simpsons House v1_Sketch6
100
AcDbLine
 10
324.7648171812174
 20
0.0
 30
-132.2443526571971
 11
324.4663671812173
 21
0.0
 31
-131.8806387683082
210
0.0
220
1.0
230
0.0
  0
LINE
  5
667
330
1F
100
AcDbEntity
  8
Whole Simpsons House v1_Sketch6
100
AcDbLine
 10
325.1694532923283
 20
0.0
 30
-133.5782054349749
 11
325.1232394034394
 21
0.0
 31
-133.109716546086
210
0.0
220
1.0
230
0.0
  0
LINE
  5
668
330
1F
100
AcDbEntity
  8
Whole Simpsons House v1_Sketch6
100
AcDbLine
 10
55.5720894034394
 20
0.0
 30
-37.72495543497488
 11
45.4551282923283
 21
0.0
 31
-27.25063043497488
210
0.0
220
1.0
230
0.0
  0
LINE
  5
669
330
1F
100
AcDbEntity
  8
Whole Simpsons House v1_Sketch6
100
AcDbLine
 10
305.8823866256617
 20
0.0
 30
-150.3397359905305
 11
305.8823866256617
 21
0.0
 31
-152.3399859905305
210
0.0
220
1.0
230
0.0
  0
LINE
  5
66A
330
1F
100
AcDbEntity
  8
Whole Simpsons House v1_Sketch6
100
AcDbLine
 10
302.8816588478838
 20
0.0
 30
-166.2634193238638
 11
302.8816588478838
 21
0.0
 31
-171.2248859905305
210
0.0
220
1.0
230
0.0
  0
LINE
  5
66B
330
1F
100
AcDbEntity
  8
Whole Simpsons House v1_Sketch6
100
AcDbLine
 10
299.2727421812173
 20
0.0
 30
-56.9171248794193
 11
301.4148088478838
 21
0.0
 31
-59.01826932386376
210
0.0
220
1.0
230
0.0
  0
LINE
  5
66C
330
1F
100
AcDbEntity
  8
Whole Simpsons House v1_Sketch6
100
AcDbLine
 10
317.4086949589949
 20
0.0
 30
-8.46344987941932
 11
316.9589032923283
 21
0.0
 31
-8.32657210164154
210
0.0
220
1.0
230
0.0
  0
LINE
  5
66D
330
1F
100
AcDbEntity
  8
Whole Simpsons House v1_Sketch6
100
AcDbLine
 10
320.3575644034394
 20
0.0
 30
-102.0028304349748
 11
320.3117032923283
 21
0.0
 31
-101.534341546086
210
0.0
220
1.0
230
0.0
  0
LINE
  5
66E
330
1F
100
AcDbEntity
  8
Whole Simpsons House v1_Sketch6
100
AcDbLine
 10
305.8823866256617
 20
0.0
 30
-171.2248859905305
 11
305.8823866256617
 21
0.0
 31
-173.2251359905304
210
0.0
220
1.0
230
0.0
  0
LINE
  5
66F
330
1F
100
AcDbEntity
  8
Whole Simpsons House v1_Sketch6
100
AcDbLine
 10
301.4148088478838
 20
0.0
 30
-61.01887210164152
 11
301.4148088478838
 21
0.0
 31
-65.97998599053038
210
0.0
220
1.0
230
0.0
  0
LINE
  5
670
330
1F
100
AcDbEntity
  8
Whole Simpsons House v1_Sketch6
100
AcDbLine
 10
313.3563366256617
 20
0.0
 30
-139.6604471016416
 11
307.6903727367727
 21
0.0
 31
-145.4371832127527
210
0.0
220
1.0
230
0.0
  0
LINE
  5
671
330
1F
100
AcDbEntity
  8
Whole Simpsons House v1_Sketch6
100
AcDbLine
 10
304.0811032923283
 20
0.0
 30
-52.01492487941933
 11
299.2727421812173
 21
0.0
 31
-56.9171248794193
210
0.0
220
1.0
230
0.0
  0
LINE
  5
672
330
1F
100
AcDbEntity
  8
Whole Simpsons House v1_Sketch6
100
AcDbLine
 10
318.8445005145505
 20
0.0
 30
-10.21322765719709
 11
318.7079755145506
 21
0.0
 31
-9.762730434974873
210
0.0
220
1.0
230
0.0
  0
LINE
  5
673
330
1F
100
AcDbEntity
  8
Whole Simpsons House v1_Sketch6
100
AcDbLine
 10
320.1748255145505
 20
0.0
 30
-101.0838443238637
 11
319.9529282923283
 21
0.0
 31
-100.6689776571971
210
0.0
220
1.0
230
0.0
  0
LINE
  5
674
330
1F
100
AcDbEntity
  8
Whole Simpsons House v1_Sketch6
100
AcDbLine
 10
316.3567116256617
 20
0.0
 30
-176.2258637683083
 11
316.3567116256617
 21
0.0
 31
-186.6786693238638
210
0.0
220
1.0
230
0.0
  0
LINE
  5
675
330
1F
100
AcDbEntity
  8
Whole Simpsons House v1_Sketch6
100
AcDbLine
 10
317.8239144034394
 20
0.0
 30
-8.684994323863764
 11
317.4086949589949
 21
0.0
 31
-8.46344987941932
210
0.0
220
1.0
230
0.0
  0
LINE
  5
676
330
1F
100
AcDbEntity
  8
Whole Simpsons House v1_Sketch6
100
AcDbLine
 10
319.6544782923283
 20
0.0
 30
-100.3049109905304
 11
319.2907644034394
 21
0.0
 31
-100.0064609905304
210
0.0
220
1.0
230
0.0
  0
LINE
  5
677
330
1F
100
AcDbEntity
  8
Whole Simpsons House v1_Sketch6
100
AcDbLine
 10
308.8887588478839
 20
0.0
 30
-18.98293043497485
 11
308.8887588478839
 21
0.0
 31
-33.85498321275266
210
0.0
220
1.0
230
0.0
  0
LINE
  5
678
330
1F
100
AcDbEntity
  8
Whole Simpsons House v1_Sketch6
100
AcDbLine
 10
301.4148088478838
 20
0.0
 30
-67.98023599053037
 11
301.4148088478838
 21
0.0
 31
-72.94170265719706
210
0.0
220
1.0
230
0.0
  0
LINE
  5
679
330
1F
100
AcDbEntity
  8
Whole Simpsons House v1_Sketch6
100
AcDbLine
 10
311.8894866256616
 20
0.0
 30
-15.98220265719708
 11
311.8894866256616
 21
0.0
 31
-18.98293043497485
210
0.0
220
1.0
230
0.0
  0
LINE
  5
67A
330
1F
100
AcDbEntity
  8
Whole Simpsons House v1_Sketch6
100
AcDbLine
 10
320.3117032923283
 20
0.0
 30
-101.534341546086
 11
320.1748255145505
 21
0.0
 31
-101.0838443238637
210
0.0
220
1.0
230
0.0
  0
LINE
  5
67B
330
1F
100
AcDbEntity
  8
Whole Simpsons House v1_Sketch6
100
AcDbLine
 10
304.4151838478838
 20
0.0
 30
-65.97998599053038
 11
304.4151838478838
 21
0.0
 31
-67.98023599053037
210
0.0
220
1.0
230
0.0
  0
LINE
  5
67C
330
1F
100
AcDbEntity
  8
Whole Simpsons House v1_Sketch6
100
AcDbLine
 10
318.1876282923284
 20
0.0
 30
-8.983797101641539
 11
317.8239144034394
 21
0.0
 31
-8.684994323863764
210
0.0
220
1.0
230
0.0
  0
LINE
  5
67D
330
1F
100
AcDbEntity
  8
Whole Simpsons House v1_Sketch6
100
AcDbLine
 10
305.5483060701062
 20
0.0
 30
-143.3360387683083
 11
300.7395921812172
 21
0.0
 31
-148.238591546086
210
0.0
220
1.0
230
0.0
  0
LINE
  5
67E
330
1F
100
AcDbEntity
  8
Whole Simpsons House v1_Sketch6
100
AcDbLine
 10
316.3567116256617
 20
0.0
 30
-128.1768248794194
 11
316.3567116256617
 21
0.0
 31
-139.6604471016416
210
0.0
220
1.0
230
0.0
  0
LINE
  5
67F
330
1F
100
AcDbEntity
  8
Whole Simpsons House v1_Sketch6
100
AcDbLine
 10
320.7018755145506
 20
0.0
 30
-81.90366932386371
 11
320.7018755145506
 21
0.0
 31
-84.90439710164152
210
0.0
220
1.0
230
0.0
  0
LINE
  5
680
330
1F
100
AcDbEntity
  8
Whole Simpsons House v1_Sketch6
100
AcDbLine
 10
306.2235227367727
 20
0.0
 30
-54.115716546086
 11
304.0811032923283
 21
0.0
 31
-52.01492487941933
210
0.0
220
1.0
230
0.0
  0
LINE
  5
681
330
1F
100
AcDbEntity
  8
Whole Simpsons House v1_Sketch6
100
AcDbLine
 10
316.3567116256617
 20
0.0
 30
-99.6004137683082
 11
316.3567116256617
 21
0.0
 31
-107.3036693238637
210
0.0
220
1.0
230
0.0
  0
LINE
  5
682
330
1F
100
AcDbEntity
  8
Whole Simpsons House v1_Sketch6
100
AcDbLine
 10
305.8823866256617
 20
0.0
 30
-157.3014526571972
 11
305.8823866256617
 21
0.0
 31
-159.3017026571971
210
0.0
220
1.0
230
0.0
  0
LINE
  5
683
330
1F
100
AcDbEntity
  8
Whole Simpsons House v1_Sketch6
100
AcDbLine
 10
301.4148088478838
 20
0.0
 30
-74.94230543497486
 11
301.4148088478838
 21
0.0
 31
-79.90341932386373
210
0.0
220
1.0
230
0.0
  0
LINE
  5
684
330
1F
100
AcDbEntity
  8
Whole Simpsons House v1_Sketch6
100
AcDbLine
 10
302.8816588478838
 20
0.0
 30
-152.3399859905305
 11
302.8816588478838
 21
0.0
 31
-157.3014526571972
210
0.0
220
1.0
230
0.0
  0
LINE
  5
685
330
1F
100
AcDbEntity
  8
Whole Simpsons House v1_Sketch6
100
AcDbLine
 10
318.8907144034394
 20
0.0
 30
-37.45578599053043
 11
318.8907144034394
 21
0.0
 31
-10.68136376830821
210
0.0
220
1.0
230
0.0
  0
LINE
  5
686
330
1F
100
AcDbEntity
  8
Whole Simpsons House v1_Sketch6
100
AcDbLine
 10
318.8907144034394
 20
0.0
 30
-10.68136376830821
 11
318.8445005145505
 21
0.0
 31
-10.21322765719709
210
0.0
220
1.0
230
0.0
  0
LINE
  5
687
330
1F
100
AcDbEntity
  8
Whole Simpsons House v1_Sketch6
100
AcDbLine
 10
314.8902144034394
 20
0.0
 30
-8.278947101641542
 11
314.8902144034394
 21
0.0
 31
-15.98220265719708
210
0.0
220
1.0
230
0.0
  0
LINE
  5
688
330
1F
100
AcDbEntity
  8
Whole Simpsons House v1_Sketch6
100
AcDbLine
 10
311.8894866256616
 20
0.0
 30
-33.85498321275266
 11
311.8894866256616
 21
0.0
 31
-36.85571099053044
210
0.0
220
1.0
230
0.0
  0
LINE
  5
689
330
1F
100
AcDbEntity
  8
Whole Simpsons House v1_Sketch6
100
AcDbLine
 10
318.4860782923283
 20
0.0
 30
-9.34751099053043
 11
318.1876282923284
 21
0.0
 31
-8.983797101641539
210
0.0
220
1.0
230
0.0
  0
LINE
  5
68A
330
1F
100
AcDbEntity
  8
Whole Simpsons House v1_Sketch6
100
AcDbLine
 10
307.6903727367727
 20
0.0
 30
-145.4371832127527
 11
305.5483060701062
 21
0.0
 31
-143.3360387683083
210
0.0
220
1.0
230
0.0
  0
LINE
  5
68B
330
1F
100
AcDbEntity
  8
Whole Simpsons House v1_Sketch6
100
AcDbLine
 10
313.3563366256617
 20
0.0
 30
-107.3036693238637
 11
313.3563366256617
 21
0.0
 31
-110.3043971016415
210
0.0
220
1.0
230
0.0
  0
LINE
  5
68C
330
1F
100
AcDbEntity
  8
Whole Simpsons House v1_Sketch6
100
AcDbLine
 10
304.4151838478838
 20
0.0
 30
-72.94170265719706
 11
304.4151838478838
 21
0.0
 31
-74.94230543497486
210
0.0
220
1.0
230
0.0
  0
LINE
  5
68D
330
1F
100
AcDbEntity
  8
Whole Simpsons House v1_Sketch6
100
AcDbLine
 10
318.7079755145506
 20
0.0
 30
-9.762730434974873
 11
318.4860782923283
 21
0.0
 31
-9.34751099053043
210
0.0
220
1.0
230
0.0
  0
LINE
  5
68E
330
1F
100
AcDbEntity
  8
Whole Simpsons House v1_Sketch6
100
AcDbLine
 10
313.3563366256617
 20
0.0
 30
-125.1764498794193
 11
313.3563366256617
 21
0.0
 31
-128.1768248794194
210
0.0
220
1.0
230
0.0
  0
LINE
  5
68F
330
1F
100
AcDbEntity
  8
Whole Simpsons House v1_Sketch6
100
AcDbLine
 10
304.4151838478838
 20
0.0
 30
-79.90341932386373
 11
304.4151838478838
 21
0.0
 31
-81.90366932386371
210
0.0
220
1.0
230
0.0
  0
LINE
  5
690
330
1F
100
AcDbEntity
  8
Whole Simpsons House v1_Sketch6
100
AcDbLine
 10
304.4151838478838
 20
0.0
 30
-59.01826932386376
 11
304.4151838478838
 21
0.0
 31
-61.01887210164152
210
0.0
220
1.0
230
0.0
  0
LINE
  5
691
330
1F
100
AcDbEntity
  8
Whole Simpsons House v1_Sketch6
100
AcDbLine
 10
310.3556088478838
 20
0.0
 30
-110.3043971016415
 11
310.3556088478838
 21
0.0
 31
-125.1764498794193
210
0.0
220
1.0
230
0.0
  0
LINE
  5
692
330
1F
100
AcDbEntity
  8
Whole Simpsons House v1_Sketch6
100
AcDbLine
 10
314.8902144034394
 20
0.0
 30
-36.85571099053044
 11
314.8902144034394
 21
0.0
 31
-48.33898043497489
210
0.0
220
1.0
230
0.0
  0
LINE
  5
693
330
1F
100
AcDbEntity
  8
Whole Simpsons House v1_Sketch6
100
AcDbLine
 10
319.3574394034394
 20
0.0
 30
-173.2251359905304
 11
319.3574394034394
 21
0.0
 31
-176.2258637683083
210
0.0
220
1.0
230
0.0
  0
LINE
  5
694
330
1F
100
AcDbEntity
  8
Whole Simpsons House v1_Sketch6
100
AcDbLine
 10
300.7395921812172
 20
0.0
 30
-148.238591546086
 11
302.8816588478838
 21
0.0
 31
-150.3397359905305
210
0.0
220
1.0
230
0.0
  0
LINE
  5
695
330
1F
100
AcDbEntity
  8
Whole Simpsons House v1_Sketch6
100
AcDbLine
 10
112.9679755145505
 20
0.0
 30
-47.38859710164154
 11
105.629844958995
 21
0.0
 31
-50.57911932386376
210
0.0
220
1.0
230
0.0
  0
LINE
  5
696
330
1F
100
AcDbEntity
  8
Whole Simpsons House v1_Sketch6
100
AcDbLine
 10
70.27939495899497
 20
0.0
 30
-65.94894154608595
 11
64.44162829232829
 21
0.0
 31
-68.48682487941927
210
0.0
220
1.0
230
0.0
  0
LINE
  5
697
330
1F
100
AcDbEntity
  8
Whole Simpsons House v1_Sketch6
100
AcDbLine
 10
61.24510884788386
 20
0.0
 30
-179.7416471016416
 11
61.24510884788386
 21
0.0
 31
-176.7412721016416
210
0.0
220
1.0
230
0.0
  0
LINE
  5
698
330
1F
100
AcDbEntity
  8
Whole Simpsons House v1_Sketch6
100
AcDbLine
 10
61.4412532923283
 20
0.0
 30
-65.13825821275262
 11
61.4412532923283
 21
0.0
 31
-68.48682487941927
210
0.0
220
1.0
230
0.0
  0
LINE
  5
699
330
1F
100
AcDbEntity
  8
Whole Simpsons House v1_Sketch6
100
AcDbLine
 10
12.68418940343941
 20
0.0
 30
-147.1149943238638
 11
15.35189495899497
 21
0.0
 31
-145.7409248794193
210
0.0
220
1.0
230
0.0
  0
LINE
  5
69A
330
1F
100
AcDbEntity
  8
Whole Simpsons House v1_Sketch6
100
AcDbLine
 10
319.9529282923283
 20
0.0
 30
-100.6689776571971
 11
319.6544782923283
 21
0.0
 31
-100.3049109905304
210
0.0
220
1.0
230
0.0
  0
LINE
  5
69B
330
1F
100
AcDbEntity
  8
Whole Simpsons House v1_Sketch6
100
AcDbLine
 10
302.8816588478838
 20
0.0
 30
-159.3017026571971
 11
302.8816588478838
 21
0.0
 31
-164.2631693238638
210
0.0
220
1.0
230
0.0
  0
LINE
  5
69C
330
1F
100
AcDbEntity
  8
Whole Simpsons House v1_Sketch6
100
AcDbLine
 10
15.91563384788385
 20
0.0
 30
-48.69316932386378
 11
15.91563384788385
 21
0.0
 31
-36.08206932386377
210
0.0
220
1.0
230
0.0
  0
LINE
  5
69D
330
1F
100
AcDbEntity
  8
Whole Simpsons House v1_Sketch6
100
AcDbLine
 10
60.95
 20
0.0
 30
-13.8
 11
61.81308107010607
 21
0.0
 31
-14.21478599053043
210
0.0
220
1.0
230
0.0
  0
LINE
  5
69E
330
1F
100
AcDbEntity
  8
Whole Simpsons House v1_Sketch6
100
AcDbLine
 10
26.5307171812172
 20
0.0
 30
-174.0019526571971
 11
29.19842273677275
 21
0.0
 31
-172.6282359905304
210
0.0
220
1.0
230
0.0
  0
LINE
  5
69F
330
1F
100
AcDbEntity
  8
Whole Simpsons House v1_Sketch6
100
AcDbLine
 10
15.35189495899497
 20
0.0
 30
-117.2865748794193
 11
12.68418940343941
 21
0.0
 31
-115.9125054349748
210
0.0
220
1.0
230
0.0
  0
LINE
  5
6A0
330
1F
100
AcDbEntity
  8
Whole Simpsons House v1_Sketch6
100
AcDbLine
 10
60.28449495899496
 20
0.0
 30
-24.24990265719709
 11
66.30076718121721
 21
0.0
 31
-18.43788876830819
210
0.0
220
1.0
230
0.0
  0
LINE
  5
6A1
330
1F
100
AcDbEntity
  8
Whole Simpsons House v1_Sketch6
100
AcDbLine
 10
64.44162829232829
 20
0.0
 30
-68.48682487941927
 11
64.44162829232829
 21
0.0
 31
-65.13825821275262
210
0.0
220
1.0
230
0.0
  0
LINE
  5
6A2
330
1F
100
AcDbEntity
  8
Whole Simpsons House v1_Sketch6
100
AcDbLine
 10
62.60753662566162
 20
0.0
 30
-14.72066932386375
 11
63.31273940343943
 21
0.0
 31
-15.34438043497486
210
0.0
220
1.0
230
0.0
  0
LINE
  5
6A3
330
1F
100
AcDbEntity
  8
Whole Simpsons House v1_Sketch6
100
AcDbLine
 10
25.5351782923283
 20
0.0
 30
-165.5144721016416
 11
22.86747273677273
 21
0.0
 31
-166.888541546086
210
0.0
220
1.0
230
0.0
  0
LINE
  5
6A4
330
1F
100
AcDbEntity
  8
Whole Simpsons House v1_Sketch6
100
AcDbLine
 10
99.48833662566165
 20
0.0
 30
-56.52130821275266
 11
98.29206718121719
 21
0.0
 31
-53.7692887683082
210
0.0
220
1.0
230
0.0
  0
LINE
  5
6A5
330
1F
100
AcDbEntity
  8
Whole Simpsons House v1_Sketch6
100
AcDbLine
 10
58.19993107010607
 20
0.0
 30
-22.09160821275264
 11
60.28449495899496
 21
0.0
 31
-24.24990265719709
210
0.0
220
1.0
230
0.0
  0
LINE
  5
6A6
330
1F
100
AcDbEntity
  8
Whole Simpsons House v1_Sketch6
100
AcDbLine
 10
237.8456644034394
 20
0.0
 30
-11.52485543497486
 11
237.8456644034394
 21
0.0
 31
-14.52523043497486
210
0.0
220
1.0
230
0.0
  0
LINE
  5
6A7
330
1F
100
AcDbEntity
  8
Whole Simpsons House v1_Sketch6
100
AcDbLine
 10
319.2907644034394
 20
0.0
 30
-100.0064609905304
 11
318.8758977367727
 21
0.0
 31
-99.78456376830817
210
0.0
220
1.0
230
0.0
  0
LINE
  5
6A8
330
1F
100
AcDbEntity
  8
Whole Simpsons House v1_Sketch6
100
AcDbLine
 10
54.40686440343941
 20
0.0
 30
-68.70025543497482
 11
47.06908662566163
 21
0.0
 31
-65.5100859905304
210
0.0
220
1.0
230
0.0
  0
LINE
  5
6A9
330
1F
100
AcDbEntity
  8
Whole Simpsons House v1_Sketch6
100
AcDbLine
 10
30.59154218121719
 20
0.0
 30
-55.07386099053043
 11
29.39527273677275
 21
0.0
 31
-57.82552765719709
210
0.0
220
1.0
230
0.0
  0
LINE
  5
6AA
330
1F
100
AcDbEntity
  8
Whole Simpsons House v1_Sketch6
100
AcDbLine
 10
190.7748782923283
 20
0.0
 30
-14.52523043497486
 11
190.7748782923283
 21
0.0
 31
-11.52485543497486
210
0.0
220
1.0
230
0.0
  0
LINE
  5
6AB
330
1F
100
AcDbEntity
  8
Whole Simpsons House v1_Sketch6
100
AcDbLine
 10
311.8894866256616
 20
0.0
 30
-48.33898043497489
 11
306.2235227367727
 21
0.0
 31
-54.115716546086
210
0.0
220
1.0
230
0.0
  0
LINE
  5
6AC
330
1F
100
AcDbEntity
  8
Whole Simpsons House v1_Sketch6
100
AcDbLine
 10
106.8264671812172
 20
0.0
 30
-53.33078599053044
 11
99.48833662566165
 21
0.0
 31
-56.52130821275266
210
0.0
220
1.0
230
0.0
  0
LINE
  5
6AD
330
1F
100
AcDbEntity
  8
Whole Simpsons House v1_Sketch6
100
AcDbLine
 10
55.60348662566163
 20
0.0
 30
-65.94894154608595
 11
54.40686440343941
 21
0.0
 31
-68.70025543497482
210
0.0
220
1.0
230
0.0
  0
LINE
  5
6AE
330
1F
100
AcDbEntity
  8
Whole Simpsons House v1_Sketch6
100
AcDbLine
 10
320.3575644034394
 20
0.0
 30
-128.7772526571972
 11
320.3575644034394
 21
0.0
 31
-102.0028304349748
210
0.0
220
1.0
230
0.0
  0
LINE
  5
6AF
330
1F
100
AcDbEntity
  8
Whole Simpsons House v1_Sketch6
100
AcDbLine
 10
78.81379495899495
 20
0.0
 30
-65.5100859905304
 11
71.4760171812172
 21
0.0
 31
-68.70025543497482
210
0.0
220
1.0
230
0.0
  0
LINE
  5
6B0
330
1F
100
AcDbEntity
  8
Whole Simpsons House v1_Sketch6
100
AcDbLine
 10
70.01551718121716
 20
0.0
 30
-21.24952765719708
 11
70.01551718121716
 21
0.0
 31
-18.43788876830819
210
0.0
220
1.0
230
0.0
  0
LINE
  5
6B1
330
1F
100
AcDbEntity
  8
Whole Simpsons House v1_Sketch6
100
AcDbLine
 10
101.8780532923283
 20
0.0
 30
-42.30648043497487
 11
101.8780532923283
 21
0.0
 31
-11.72382210164153
210
0.0
220
1.0
230
0.0
  0
LINE
  5
6B2
330
1F
100
AcDbEntity
  8
Whole Simpsons House v1_Sketch6
100
AcDbLine
 10
27.68430051455053
 20
0.0
 30
-93.33966654608594
 11
15.35189495899497
 21
0.0
 31
-117.2865748794193
210
0.0
220
1.0
230
0.0
  0
LINE
  5
6B3
330
1F
100
AcDbEntity
  8
Whole Simpsons House v1_Sketch6
100
AcDbLine
 10
76.74581162566162
 20
0.0
 30
-24.24990265719709
 11
78.83037551455051
 21
0.0
 31
-22.09160821275264
210
0.0
220
1.0
230
0.0
  0
LINE
  5
6B4
330
1F
100
AcDbEntity
  8
Whole Simpsons House v1_Sketch6
100
AcDbLine
 10
9.020592181217191
 20
0.0
 30
-123.0262693238638
 11
11.68829773677275
 21
0.0
 31
-124.3999859905304
210
0.0
220
1.0
230
0.0
  0
LINE
  5
6B5
330
1F
100
AcDbEntity
  8
Whole Simpsons House v1_Sketch6
100
AcDbLine
 10
52.86593107010606
 20
0.0
 30
-176.7412721016416
 11
52.86593107010606
 21
0.0
 31
-179.7416471016416
210
0.0
220
1.0
230
0.0
  0
LINE
  5
6B6
330
1F
100
AcDbEntity
  8
Whole Simpsons House v1_Sketch6
100
AcDbLine
 10
71.4760171812172
 20
0.0
 30
-68.70025543497482
 11
70.27939495899497
 21
0.0
 31
-65.94894154608595
210
0.0
220
1.0
230
0.0
  0
LINE
  5
6B7
330
1F
100
AcDbEntity
  8
Whole Simpsons House v1_Sketch6
100
AcDbLine
 10
67.01478940343941
 20
0.0
 30
-18.43788876830819
 11
67.01478940343941
 21
0.0
 31
-21.24952765719708
210
0.0
220
1.0
230
0.0
  0
LINE
  5
6B8
330
1F
100
AcDbEntity
  8
Whole Simpsons House v1_Sketch6
100
AcDbLine
 10
15.91563384788385
 20
0.0
 30
-21.72577765719708
 11
15.91563384788385
 21
0.0
 31
-11.72382210164153
210
0.0
220
1.0
230
0.0
  0
LINE
  5
6B9
330
1F
100
AcDbEntity
  8
Whole Simpsons House v1_Sketch6
100
AcDbLine
 10
29.19842273677275
 20
0.0
 30
-172.6282359905304
 11
32.86201995899496
 21
0.0
 31
-179.7416471016416
210
0.0
220
1.0
230
0.0
  0
LINE
  5
6BA
330
1F
100
AcDbEntity
  8
Whole Simpsons House v1_Sketch6
100
AcDbLine
 10
64.21585051455052
 20
0.0
 30
-16.27994710164154
 11
58.19993107010607
 21
0.0
 31
-22.09160821275264
210
0.0
220
1.0
230
0.0
  0
LINE
  5
6BB
330
1F
100
AcDbEntity
  8
Whole Simpsons House v1_Sketch6
100
AcDbLine
 10
318.8758977367727
 20
0.0
 30
-99.78456376830817
 11
318.4254005145505
 21
0.0
 31
-99.64803876830818
210
0.0
220
1.0
230
0.0
  0
LINE
  5
6BC
330
1F
100
AcDbEntity
  8
Whole Simpsons House v1_Sketch6
100
AcDbLine
 10
9.020592181217191
 20
0.0
 30
-140.0012304349749
 11
12.68418940343941
 21
0.0
 31
-147.1149943238638
210
0.0
220
1.0
230
0.0
  0
LINE
  5
6BD
330
1F
100
AcDbEntity
  8
Whole Simpsons House v1_Sketch6
100
AcDbLine
 10
305.8823866256617
 20
0.0
 30
-164.2631693238638
 11
305.8823866256617
 21
0.0
 31
-166.2634193238638
210
0.0
220
1.0
230
0.0
  0
LINE
  5
6BE
330
1F
100
AcDbEntity
  8
Whole Simpsons House v1_Sketch6
100
AcDbLine
 10
23.89017551455053
 20
0.0
 30
-11.72382210164153
 11
23.89017551455053
 21
0.0
 31
-42.30648043497487
210
0.0
220
1.0
230
0.0
  0
LINE
  5
6BF
330
1F
100
AcDbEntity
  8
Whole Simpsons House v1_Sketch6
100
AcDbLine
 10
61.4412532923283
 20
0.0
 30
-68.48682487941927
 11
55.60348662566163
 21
0.0
 31
-65.94894154608595
210
0.0
220
1.0
230
0.0
  0
LINE
  5
6C0
330
1F
100
AcDbEntity
  8
Whole Simpsons House v1_Sketch6
100
AcDbLine
 10
236.9545477367728
 20
0.0
 30
-108.5969526571971
 11
236.9545477367728
 21
0.0
 31
-105.5962248794193
210
0.0
220
1.0
230
0.0
  0
LINE
  5
6C1
330
1F
100
AcDbEntity
  8
Whole Simpsons House v1_Sketch6
100
AcDbLine
 10
257.8495755145505
 20
0.0
 30
-24.52718599053042
 11
257.8495755145505
 21
0.0
 31
-14.52523043497486
210
0.0
220
1.0
230
0.0
  0
LINE
  5
6C2
330
1F
100
AcDbEntity
  8
Whole Simpsons House v1_Sketch6
100
AcDbLine
 10
180.7732755145505
 20
0.0
 30
-11.52485543497486
 11
180.7732755145505
 21
0.0
 31
-14.52523043497486
210
0.0
220
1.0
230
0.0
  0
LINE
  5
6C3
330
1F
100
AcDbEntity
  8
Whole Simpsons House v1_Sketch6
100
AcDbLine
 10
260.8499505145505
 20
0.0
 30
-34.529141546086
 11
260.8499505145505
 21
0.0
 31
-24.52718599053042
210
0.0
220
1.0
230
0.0
  0
LINE
  5
6C4
330
1F
100
AcDbEntity
  8
Whole Simpsons House v1_Sketch6
100
AcDbLine
 10
35.01149495899497
 20
0.0
 30
-79.11213876830817
 11
31.34789773677275
 21
0.0
 31
-86.2255498794193
210
0.0
220
1.0
230
0.0
  0
LINE
  5
6C5
330
1F
100
AcDbEntity
  8
Whole Simpsons House v1_Sketch6
100
AcDbLine
 10
11.68829773677275
 20
0.0
 30
-138.6275137683082
 11
9.020592181217191
 21
0.0
 31
-140.0012304349749
210
0.0
220
1.0
230
0.0
  0
LINE
  5
6C6
330
1F
100
AcDbEntity
  8
Whole Simpsons House v1_Sketch6
100
AcDbLine
 10
63.31273940343943
 20
0.0
 30
-15.34438043497486
 11
64.21585051455052
 21
0.0
 31
-16.27994710164154
210
0.0
220
1.0
230
0.0
  0
LINE
  5
6C7
330
1F
100
AcDbEntity
  8
Whole Simpsons House v1_Sketch6
100
AcDbLine
 10
168.0157727367727
 20
0.0
 30
-14.52523043497486
 11
163.1241560701061
 21
0.0
 31
-23.2494248794193
210
0.0
220
1.0
230
0.0
  0
LINE
  5
6C8
330
1F
100
AcDbEntity
  8
Whole Simpsons House v1_Sketch6
100
AcDbLine
 10
22.86747273677273
 20
0.0
 30
-166.888541546086
 11
26.5307171812172
 21
0.0
 31
-174.0019526571971
210
0.0
220
1.0
230
0.0
  0
LINE
  5
6C9
330
1F
100
AcDbEntity
  8
Whole Simpsons House v1_Sketch6
100
AcDbLine
 10
57.24108107010606
 20
0.0
 30
-13.77487210164153
 11
58.16041995899496
 21
0.0
 31
-13.57061376830819
210
0.0
220
1.0
230
0.0
  0
LINE
  5
6CA
330
1F
100
AcDbEntity
  8
Whole Simpsons House v1_Sketch6
100
AcDbLine
 10
42.86397551455052
 20
0.0
 30
-179.7416471016416
 11
42.86397551455052
 21
0.0
 31
-176.7412721016416
210
0.0
220
1.0
230
0.0
  0
LINE
  5
6CB
330
1F
100
AcDbEntity
  8
Whole Simpsons House v1_Sketch6
100
AcDbLine
 10
28.68019218121719
 20
0.0
 30
-84.85183321275262
 11
25.01694773677275
 21
0.0
 31
-91.9655971016415
210
0.0
220
1.0
230
0.0
  0
LINE
  5
6CC
330
1F
100
AcDbEntity
  8
Whole Simpsons House v1_Sketch6
100
AcDbLine
 10
12.68418940343941
 20
0.0
 30
-115.9125054349748
 11
9.020592181217191
 21
0.0
 31
-123.0262693238638
210
0.0
220
1.0
230
0.0
  0
LINE
  5
6CD
330
1F
100
AcDbEntity
  8
Whole Simpsons House v1_Sketch6
100
AcDbLine
 10
15.35189495899497
 20
0.0
 30
-145.7409248794193
 11
25.5351782923283
 21
0.0
 31
-165.5144721016416
210
0.0
220
1.0
230
0.0
  0
LINE
  5
6CE
330
1F
100
AcDbEntity
  8
Whole Simpsons House v1_Sketch6
100
AcDbLine
 10
61.81308107010607
 20
0.0
 30
-14.21478599053043
 11
62.60753662566162
 21
0.0
 31
-14.72066932386375
210
0.0
220
1.0
230
0.0
  0
LINE
  5
6CF
330
1F
100
AcDbEntity
  8
Whole Simpsons House v1_Sketch6
100
AcDbLine
 10
11.68829773677275
 20
0.0
 30
-124.3999859905304
 11
8.024700514550522
 21
0.0
 31
-131.5137498794194
210
0.0
220
1.0
230
0.0
  0
LINE
  5
6D0
330
1F
100
AcDbEntity
  8
Whole Simpsons House v1_Sketch6
100
AcDbLine
 10
56.36478107010607
 20
0.0
 30
-14.11988876830819
 11
57.24108107010606
 21
0.0
 31
-13.77487210164153
210
0.0
220
1.0
230
0.0
  0
LINE
  5
6D1
330
1F
100
AcDbEntity
  8
Whole Simpsons House v1_Sketch6
100
AcDbLine
 10
257.8495755145505
 20
0.0
 30
-68.72036376830818
 11
257.8495755145505
 21
0.0
 31
-34.529141546086
210
0.0
220
1.0
230
0.0
  0
LINE
  5
6D2
330
1F
100
AcDbEntity
  8
Whole Simpsons House v1_Sketch6
100
AcDbLine
 10
54.82702273677274
 20
0.0
 30
-15.19691932386376
 11
55.55374495899496
 21
0.0
 31
-14.59790265719709
210
0.0
220
1.0
230
0.0
  0
LINE
  5
6D3
330
1F
100
AcDbEntity
  8
Whole Simpsons House v1_Sketch6
100
AcDbLine
 10
23.25341162566163
 20
0.0
 30
-51.88333876830822
 11
15.91563384788385
 21
0.0
 31
-48.69316932386378
210
0.0
220
1.0
230
0.0
  0
LINE
  5
6D4
330
1F
100
AcDbEntity
  8
Whole Simpsons House v1_Sketch6
100
AcDbLine
 10
8.024700514550522
 20
0.0
 30
-131.5137498794194
 11
11.68829773677275
 21
0.0
 31
-138.6275137683082
210
0.0
220
1.0
230
0.0
  0
LINE
  5
6D5
330
1F
100
AcDbEntity
  8
Whole Simpsons House v1_Sketch6
100
AcDbLine
 10
105.629844958995
 20
0.0
 30
-50.57911932386376
 11
106.8264671812172
 21
0.0
 31
-53.33078599053044
210
0.0
220
1.0
230
0.0
  0
LINE
  5
6D6
330
1F
100
AcDbEntity
  8
Whole Simpsons House v1_Sketch6
100
AcDbLine
 10
55.55374495899496
 20
0.0
 30
-14.59790265719709
 11
56.36478107010607
 21
0.0
 31
-14.11988876830819
210
0.0
220
1.0
230
0.0
  0
LINE
  5
6D7
330
1F
100
AcDbEntity
  8
Whole Simpsons House v1_Sketch6
100
AcDbLine
 10
98.29206718121719
 20
0.0
 30
-53.7692887683082
 11
77.61752551455051
 21
0.0
 31
-62.75806654608597
210
0.0
220
1.0
230
0.0
  0
LINE
  5
6D8
330
1F
100
AcDbEntity
  8
Whole Simpsons House v1_Sketch6
100
AcDbLine
 10
257.8495755145505
 20
0.0
 30
-105.5962248794193
 11
257.8495755145505
 21
0.0
 31
-84.64686932386375
210
0.0
220
1.0
230
0.0
  0
LINE
  5
6D9
330
1F
100
AcDbEntity
  8
Whole Simpsons House v1_Sketch6
100
AcDbLine
 10
12.91525884788385
 20
0.0
 30
-36.08206932386377
 11
12.91525884788385
 21
0.0
 31
-21.72577765719708
210
0.0
220
1.0
230
0.0
  0
LINE
  5
6DA
330
1F
100
AcDbEntity
  8
Whole Simpsons House v1_Sketch6
100
AcDbLine
 10
25.01694773677275
 20
0.0
 30
-91.9655971016415
 11
27.68430051455053
 21
0.0
 31
-93.33966654608594
210
0.0
220
1.0
230
0.0
  0
LINE
  5
6DB
330
1F
100
AcDbEntity
  8
Whole Simpsons House v1_Sketch6
100
AcDbLine
 10
115.9683505145505
 20
0.0
 30
-21.72577765719708
 11
115.9683505145505
 21
0.0
 31
-36.08206932386377
210
0.0
220
1.0
230
0.0
  0
LINE
  5
6DC
330
1F
100
AcDbEntity
  8
Whole Simpsons House v1_Sketch6
100
AcDbLine
 10
112.9679755145505
 20
0.0
 30
-11.72382210164153
 11
112.9679755145505
 21
0.0
 31
-21.72577765719708
210
0.0
220
1.0
230
0.0
  0
LINE
  5
6DD
330
1F
100
AcDbEntity
  8
Whole Simpsons House v1_Sketch6
100
AcDbLine
 10
112.9679755145505
 20
0.0
 30
-36.08206932386377
 11
112.9679755145505
 21
0.0
 31
-47.38859710164154
210
0.0
220
1.0
230
0.0
  0
LINE
  5
6DE
330
1F
100
AcDbEntity
  8
Whole Simpsons House v1_Sketch6
100
AcDbLine
 10
236.9545477367728
 20
0.0
 30
-84.64686932386375
 11
236.9545477367728
 21
0.0
 31
-81.64614154608594
210
0.0
220
1.0
230
0.0
  0
LINE
  5
6DF
330
1F
100
AcDbEntity
  8
Whole Simpsons House v1_Sketch6
100
AcDbLine
 10
247.847619958995
 20
0.0
 30
-14.52523043497486
 11
247.847619958995
 21
0.0
 31
-11.52485543497486
210
0.0
220
1.0
230
0.0
  0
LINE
  5
6E0
330
1F
100
AcDbEntity
  8
Whole Simpsons House v1_Sketch6
100
AcDbLine
 10
29.39527273677275
 20
0.0
 30
-57.82552765719709
 11
22.05714218121719
 21
0.0
 31
-54.63535821275264
210
0.0
220
1.0
230
0.0
  0
LINE
  5
6E1
330
1F
100
AcDbEntity
  8
Whole Simpsons House v1_Sketch6
100
AcDbLine
 10
260.8499505145505
 20
0.0
 30
-78.7226721016415
 11
260.8499505145505
 21
0.0
 31
-68.72036376830818
210
0.0
220
1.0
230
0.0
  0
LINE
  5
6E2
330
1F
100
AcDbEntity
  8
Whole Simpsons House v1_Sketch6
100
AcDbLine
 10
77.61752551455051
 20
0.0
 30
-62.75806654608597
 11
78.81379495899495
 21
0.0
 31
-65.5100859905304
210
0.0
220
1.0
230
0.0
  0
LINE
  5
6E3
330
1F
100
AcDbEntity
  8
Whole Simpsons House v1_Sketch6
100
AcDbLine
 10
48.26535607010607
 20
0.0
 30
-62.75806654608597
 11
30.59154218121719
 21
0.0
 31
-55.07386099053043
210
0.0
220
1.0
230
0.0
  0
LINE
  5
6E4
330
1F
100
AcDbEntity
  8
Whole Simpsons House v1_Sketch6
100
AcDbLine
 10
70.72953940343943
 20
0.0
 30
-18.43788876830819
 11
76.74581162566162
 21
0.0
 31
-24.24990265719709
210
0.0
220
1.0
230
0.0
  0
LINE
  5
6E5
330
1F
100
AcDbEntity
  8
Whole Simpsons House v1_Sketch6
100
AcDbLine
 10
257.8495755145505
 20
0.0
 30
-112.9138943238637
 11
257.8495755145505
 21
0.0
 31
-108.5969526571971
210
0.0
220
1.0
230
0.0
  0
LINE
  5
6E6
330
1F
100
AcDbEntity
  8
Whole Simpsons House v1_Sketch6
100
AcDbLine
 10
22.05714218121719
 20
0.0
 30
-54.63535821275264
 11
23.25341162566163
 21
0.0
 31
-51.88333876830822
210
0.0
220
1.0
230
0.0
  0
LINE
  5
6E7
330
1F
100
AcDbEntity
  8
Whole Simpsons House v1_Sketch6
100
AcDbLine
 10
31.34789773677275
 20
0.0
 30
-86.2255498794193
 11
28.68019218121719
 21
0.0
 31
-84.85183321275262
210
0.0
220
1.0
230
0.0
  0
LINE
  5
6E8
330
1F
100
AcDbEntity
  8
Whole Simpsons House v1_Sketch6
100
AcDbLine
 10
71.24706440343942
 20
0.0
 30
-176.7412721016416
 11
71.24706440343942
 21
0.0
 31
-233.8323582127527
210
0.0
220
1.0
230
0.0
  0
LINE
  5
6E9
330
1F
100
AcDbEntity
  8
Whole Simpsons House v1_Sketch6
100
AcDbLine
 10
170.3328171812172
 20
0.0
 30
-163.4701248794194
 11
170.3328171812172
 21
0.0
 31
-166.4704998794194
210
0.0
220
1.0
230
0.0
  0
LINE
  5
6EA
330
1F
100
AcDbEntity
  8
Whole Simpsons House v1_Sketch6
100
AcDbLine
 10
270.8056921812171
 20
0.0
 30
-163.4701248794194
 11
270.8056921812171
 21
0.0
 31
-166.4704998794194
210
0.0
220
1.0
230
0.0
  0
LINE
  5
6EB
330
1F
100
AcDbEntity
  8
Whole Simpsons House v1_Sketch6
100
AcDbLine
 10
323.7026032923284
 20
0.0
 30
-42.25673876830821
 11
323.6563894034394
 21
0.0
 31
-41.7886026571971
210
0.0
220
1.0
230
0.0
  0
LINE
  5
6EC
330
1F
100
AcDbEntity
  8
Whole Simpsons House v1_Sketch6
100
AcDbLine
 10
257.8495755145505
 20
0.0
 30
-81.64614154608594
 11
257.8495755145505
 21
0.0
 31
-78.7226721016415
210
0.0
220
1.0
230
0.0
  0
LINE
  5
6ED
330
1F
100
AcDbEntity
  8
Whole Simpsons House v1_Sketch6
100
AcDbLine
 10
180.3347727367727
 20
0.0
 30
-166.4704998794194
 11
180.3347727367727
 21
0.0
 31
-163.4701248794194
210
0.0
220
1.0
230
0.0
  0
LINE
  5
6EE
330
1F
100
AcDbEntity
  8
Whole Simpsons House v1_Sketch6
100
AcDbLine
 10
323.7026032923284
 20
0.0
 30
-95.35720265719705
 11
323.7026032923284
 21
0.0
 31
-42.25673876830821
210
0.0
220
1.0
230
0.0
  0
LINE
  5
6EF
330
1F
100
AcDbEntity
  8
Whole Simpsons House v1_Sketch6
100
AcDbLine
 10
227.2288171812172
 20
0.0
 30
-166.4704998794194
 11
227.2288171812172
 21
0.0
 31
-163.4701248794194
210
0.0
220
1.0
230
0.0
  0
LINE
  5
6F0
330
1F
100
AcDbEntity
  8
Whole Simpsons House v1_Sketch6
100
AcDbLine
 10
180.3347727367727
 20
0.0
 30
-155.4190304349749
 11
180.3347727367727
 21
0.0
 31
-152.4186554349749
210
0.0
220
1.0
230
0.0
  0
LINE
  5
6F1
330
1F
100
AcDbEntity
  8
Whole Simpsons House v1_Sketch6
100
AcDbLine
 10
322.9995171812171
 20
0.0
 30
-40.55917210164154
 11
322.6358032923283
 21
0.0
 31
-40.26107487941932
210
0.0
220
1.0
230
0.0
  0
LINE
  5
6F2
330
1F
100
AcDbEntity
  8
Whole Simpsons House v1_Sketch6
100
AcDbLine
 10
270.8056921812171
 20
0.0
 30
-139.520041546086
 11
270.8056921812171
 21
0.0
 31
-142.520416546086
210
0.0
220
1.0
230
0.0
  0
LINE
  5
6F3
330
1F
100
AcDbEntity
  8
Whole Simpsons House v1_Sketch6
100
AcDbLine
 10
323.6563894034394
 20
0.0
 30
-41.7886026571971
 11
323.5198644034394
 21
0.0
 31
-41.3381054349749
210
0.0
220
1.0
230
0.0
  0
LINE
  5
6F4
330
1F
100
AcDbEntity
  8
Whole Simpsons House v1_Sketch6
100
AcDbLine
 10
319.5938005145506
 20
0.0
 30
-39.15299987941933
 11
319.2953505145506
 21
0.0
 31
-38.78963876830822
210
0.0
220
1.0
230
0.0
  0
LINE
  5
6F5
330
1F
100
AcDbEntity
  8
Whole Simpsons House v1_Sketch6
100
AcDbLine
 10
17.02774915198221
 20
0.0
 30
-89.71373664206601
 11
17.02774915198221
 21
0.0
 31
-85.16537275317712
210
0.0
220
1.0
230
0.0
  0
LINE
  5
6F6
330
1F
100
AcDbEntity
  8
Whole Simpsons House v1_Sketch6
100
AcDbLine
 10
314.8902144034394
 20
0.0
 30
-84.90439710164152
 11
314.8902144034394
 21
0.0
 31
-95.35720265719705
210
0.0
220
1.0
230
0.0
  0
LINE
  5
6F7
330
1F
100
AcDbEntity
  8
Whole Simpsons House v1_Sketch6
100
AcDbLine
 10
320.3727338478838
 20
0.0
 30
-39.67369987941932
 11
319.9575144034394
 21
0.0
 31
-39.45180265719711
210
0.0
220
1.0
230
0.0
  0
LINE
  5
6F8
330
1F
100
AcDbEntity
  8
Whole Simpsons House v1_Sketch6
100
AcDbLine
 10
249.0199005145506
 20
0.0
 30
-139.520041546086
 11
249.0199005145506
 21
0.0
 31
-142.520416546086
210
0.0
220
1.0
230
0.0
  0
LINE
  5
6F9
330
1F
100
AcDbEntity
  8
Whole Simpsons House v1_Sketch6
100
AcDbLine
 10
320.8228782923284
 20
0.0
 30
-39.81022487941933
 11
320.3727338478838
 21
0.0
 31
-39.67369987941932
210
0.0
220
1.0
230
0.0
  0
LINE
  5
6FA
330
1F
100
AcDbEntity
  8
Whole Simpsons House v1_Sketch6
100
AcDbLine
 10
280.8080005145506
 20
0.0
 30
-142.520416546086
 11
280.8080005145506
 21
0.0
 31
-139.520041546086
210
0.0
220
1.0
230
0.0
  0
LINE
  5
6FB
330
1F
100
AcDbEntity
  8
Whole Simpsons House v1_Sketch6
100
AcDbLine
 10
60.03790329232829
 20
0.0
 30
-13.54525833622269
 11
60.95
 21
0.0
 31
-13.8
210
0.0
220
1.0
230
0.0
  0
LINE
  5
6FC
330
1F
100
AcDbEntity
  8
Whole Simpsons House v1_Sketch6
100
AcDbLine
 10
259.0218560701061
 20
0.0
 30
-142.520416546086
 11
259.0218560701061
 21
0.0
 31
-139.520041546086
210
0.0
220
1.0
230
0.0
  0
LINE
  5
6FD
330
1F
100
AcDbEntity
  8
Whole Simpsons House v1_Sketch6
100
AcDbLine
 10
9.854013040871099
 20
0.0
 30
-85.16537275317712
 11
9.854013040871099
 21
0.0
 31
-89.71373664206601
210
0.0
220
1.0
230
0.0
  0
LINE
  5
6FE
330
1F
100
AcDbEntity
  8
Whole Simpsons House v1_Sketch6
100
AcDbLine
 10
47.06908662566163
 20
0.0
 30
-65.5100859905304
 11
48.26535607010607
 21
0.0
 31
-62.75806654608597
210
0.0
220
1.0
230
0.0
  0
LINE
  5
6FF
330
1F
100
AcDbEntity
  8
Whole Simpsons House v1_Sketch6
100
AcDbLine
 10
318.9369282923283
 20
0.0
 30
-37.92392210164154
 11
318.8907144034394
 21
0.0
 31
-37.45578599053043
210
0.0
220
1.0
230
0.0
  0
LINE
  5
700
330
1F
100
AcDbEntity
  8
Whole Simpsons House v1_Sketch6
100
AcDbLine
 10
17.02774915198221
 20
0.0
 30
-100.2632033087327
 11
17.02774915198221
 21
0.0
 31
-95.71483941984378
210
0.0
220
1.0
230
0.0
  0
LINE
  5
701
330
1F
100
AcDbEntity
  8
Whole Simpsons House v1_Sketch6
100
AcDbLine
 10
160.3312144034394
 20
0.0
 30
-166.4704998794194
 11
160.3312144034394
 21
0.0
 31
-163.4701248794194
210
0.0
220
1.0
230
0.0
  0
LINE
  5
702
330
1F
100
AcDbEntity
  8
Whole Simpsons House v1_Sketch6
100
AcDbLine
 10
242.4176644034394
 20
0.0
 30
-150.7489582127527
 11
246.1733366256616
 21
0.0
 31
-146.0679498794194
210
0.0
220
1.0
230
0.0
  0
LINE
  5
703
330
1F
100
AcDbEntity
  8
Whole Simpsons House v1_Sketch6
100
AcDbLine
 10
319.0734532923283
 20
0.0
 30
-38.37441932386378
 11
318.9369282923283
 21
0.0
 31
-37.92392210164154
210
0.0
220
1.0
230
0.0
  0
LINE
  5
704
330
1F
100
AcDbEntity
  8
Whole Simpsons House v1_Sketch6
100
AcDbLine
 10
246.1733366256616
 20
0.0
 30
-146.0679498794194
 11
243.8330088478839
 21
0.0
 31
-144.190466546086
210
0.0
220
1.0
230
0.0
  0
LINE
  5
705
330
1F
100
AcDbEntity
  8
Whole Simpsons House v1_Sketch6
100
AcDbLine
 10
322.2205838478839
 20
0.0
 30
-40.03882487941933
 11
321.7700866256617
 21
0.0
 31
-39.90229987941932
210
0.0
220
1.0
230
0.0
  0
LINE
  5
706
330
1F
100
AcDbEntity
  8
Whole Simpsons House v1_Sketch6
100
AcDbLine
 10
319.2953505145506
 20
0.0
 30
-38.78963876830822
 11
319.0734532923283
 21
0.0
 31
-38.37441932386378
210
0.0
220
1.0
230
0.0
  0
LINE
  5
707
330
1F
100
AcDbEntity
  8
Whole Simpsons House v1_Sketch6
100
AcDbLine
 10
243.8330088478839
 20
0.0
 30
-144.190466546086
 11
247.5805671812172
 21
0.0
 31
-139.520041546086
210
0.0
220
1.0
230
0.0
  0
LINE
  5
708
330
1F
100
AcDbEntity
  8
Whole Simpsons House v1_Sketch6
100
AcDbLine
 10
319.9575144034394
 20
0.0
 30
-39.45180265719711
 11
319.5938005145506
 21
0.0
 31
-39.15299987941933
210
0.0
220
1.0
230
0.0
  0
LINE
  5
709
330
1F
100
AcDbEntity
  8
Whole Simpsons House v1_Sketch6
100
AcDbLine
 10
9.854013040871099
 20
0.0
 30
-95.71483941984378
 11
9.854013040871099
 21
0.0
 31
-100.2632033087327
210
0.0
220
1.0
230
0.0
  0
LINE
  5
70A
330
1F
100
AcDbEntity
  8
Whole Simpsons House v1_Sketch6
100
AcDbLine
 10
6.853285263093322
 20
0.0
 30
-89.71373664206601
 11
6.853285263093322
 21
0.0
 31
-95.71483941984378
210
0.0
220
1.0
230
0.0
  0
LINE
  5
70B
330
1F
100
AcDbEntity
  8
Whole Simpsons House v1_Sketch6
100
AcDbLine
 10
20.0281241519822
 20
0.0
 30
-95.71483941984378
 11
20.0281241519822
 21
0.0
 31
-89.71373664206601
210
0.0
220
1.0
230
0.0
  0
LINE
  5
70C
330
1F
100
AcDbEntity
  8
Whole Simpsons House v1_Sketch6
100
AcDbLine
 10
322.6358032923283
 20
0.0
 30
-40.26107487941932
 11
322.2205838478839
 21
0.0
 31
-40.03882487941933
210
0.0
220
1.0
230
0.0
  0
LINE
  5
70D
330
1F
100
AcDbEntity
  8
Whole Simpsons House v1_Sketch6
100
AcDbLine
 10
323.2979671812171
 20
0.0
 30
-40.92323876830821
 11
322.9995171812171
 21
0.0
 31
-40.55917210164154
210
0.0
220
1.0
230
0.0
  0
LINE
  5
70E
330
1F
100
AcDbEntity
  8
Whole Simpsons House v1_Sketch6
100
AcDbLine
 10
53.17849218121718
 20
0.0
 30
-16.78900543497486
 11
54.82702273677274
 21
0.0
 31
-15.19691932386376
210
0.0
220
1.0
230
0.0
  0
LINE
  5
70F
330
1F
100
AcDbEntity
  8
Whole Simpsons House v1_Sketch6
100
AcDbLine
 10
323.5198644034394
 20
0.0
 30
-41.3381054349749
 11
323.2979671812171
 21
0.0
 31
-40.92323876830821
210
0.0
220
1.0
230
0.0
  0
LINE
  5
710
330
1F
100
AcDbEntity
  8
Whole Simpsons House v1_Sketch6
100
AcDbLine
 10
136.6330144034394
 20
0.0
 30
-132.1385193238638
 11
136.6330144034394
 21
0.0
 31
-227.1906109905304
210
0.0
220
1.0
230
0.0
  0
LINE
  5
711
330
1F
100
AcDbEntity
  8
Whole Simpsons House v1_Sketch6
100
AcDbLine
 10
74.3285782923283
 20
0.0
 30
-229.2102637683082
 11
74.14548662566162
 21
0.0
 31
-229.0014193238639
210
0.0
220
1.0
230
0.0
  0
LINE
  5
712
330
1F
100
AcDbEntity
  8
Whole Simpsons House v1_Sketch6
100
AcDbLine
 10
74.14548662566162
 20
0.0
 30
-229.0014193238639
 11
73.99132273677276
 21
0.0
 31
-228.7707026571971
210
0.0
220
1.0
230
0.0
  0
LINE
  5
713
330
1F
100
AcDbEntity
  8
Whole Simpsons House v1_Sketch6
100
AcDbLine
 10
77.8782282923283
 20
0.0
 30
-228.2588221016416
 11
77.78897551455053
 21
0.0
 31
-228.521641546086
210
0.0
220
1.0
230
0.0
  0
LINE
  5
714
330
1F
100
AcDbEntity
  8
Whole Simpsons House v1_Sketch6
100
AcDbLine
 10
77.95054773677275
 20
0.0
 30
-227.7098998794194
 11
77.9325560701061
 21
0.0
 31
-227.9868304349749
210
0.0
220
1.0
230
0.0
  0
LINE
  5
715
330
1F
100
AcDbEntity
  8
Whole Simpsons House v1_Sketch6
100
AcDbLine
 10
77.3289532923283
 20
0.0
 30
-229.2102637683082
 11
77.12046162566162
 21
0.0
 31
-229.3930026571971
210
0.0
220
1.0
230
0.0
  0
LINE
  5
716
330
1F
100
AcDbEntity
  8
Whole Simpsons House v1_Sketch6
100
AcDbLine
 10
170.3328171812172
 20
0.0
 30
-152.4186554349749
 11
170.3328171812172
 21
0.0
 31
-155.4190304349749
210
0.0
220
1.0
230
0.0
  0
LINE
  5
717
330
1F
100
AcDbEntity
  8
Whole Simpsons House v1_Sketch6
100
AcDbLine
 10
126.4391477367727
 20
0.0
 30
-132.1385193238638
 11
126.4391477367727
 21
0.0
 31
-227.1906109905304
210
0.0
220
1.0
230
0.0
  0
LINE
  5
718
330
1F
100
AcDbEntity
  8
Whole Simpsons House v1_Sketch6
100
AcDbLine
 10
217.2272144034394
 20
0.0
 30
-152.4186554349749
 11
217.2272144034394
 21
0.0
 31
-155.4190304349749
210
0.0
220
1.0
230
0.0
  0
LINE
  5
719
330
1F
100
AcDbEntity
  8
Whole Simpsons House v1_Sketch6
100
AcDbLine
 10
77.12046162566162
 20
0.0
 30
-229.3930026571971
 11
76.88974495899498
 21
0.0
 31
-229.547166546086
210
0.0
220
1.0
230
0.0
  0
LINE
  5
71A
330
1F
100
AcDbEntity
  8
Whole Simpsons House v1_Sketch6
100
AcDbLine
 10
131.5360810701061
 20
0.0
 30
-132.1385193238638
 11
131.5360810701061
 21
0.0
 31
-227.1906109905304
210
0.0
220
1.0
230
0.0
  0
LINE
  5
71B
330
1F
100
AcDbEntity
  8
Whole Simpsons House v1_Sketch6
100
AcDbLine
 10
240.0773366256616
 20
0.0
 30
-148.8711221016416
 11
242.4176644034394
 21
0.0
 31
-150.7489582127527
210
0.0
220
1.0
230
0.0
  0
LINE
  5
71C
330
1F
100
AcDbEntity
  8
Whole Simpsons House v1_Sketch6
100
AcDbLine
 10
49.33074495899496
 20
0.0
 30
-228.3918193238639
 11
48.18033662566162
 21
0.0
 31
-228.0863137683083
210
0.0
220
1.0
230
0.0
  0
LINE
  5
71D
330
1F
100
AcDbEntity
  8
Whole Simpsons House v1_Sketch6
100
AcDbLine
 10
227.2288171812172
 20
0.0
 30
-155.4190304349749
 11
227.2288171812172
 21
0.0
 31
-152.4186554349749
210
0.0
220
1.0
230
0.0
  0
LINE
  5
71E
330
1F
100
AcDbEntity
  8
Whole Simpsons House v1_Sketch6
100
AcDbLine
 10
141.7303005145505
 20
0.0
 30
-132.1385193238638
 11
141.7303005145505
 21
0.0
 31
-227.1906109905304
210
0.0
220
1.0
230
0.0
  0
LINE
  5
71F
330
1F
100
AcDbEntity
  8
Whole Simpsons House v1_Sketch6
100
AcDbLine
 10
75.01684773677275
 20
0.0
 30
-229.6699332127527
 11
74.76778662566164
 21
0.0
 31
-229.547166546086
210
0.0
220
1.0
230
0.0
  0
LINE
  5
720
330
1F
100
AcDbEntity
  8
Whole Simpsons House v1_Sketch6
100
AcDbLine
 10
76.88974495899498
 20
0.0
 30
-229.547166546086
 11
76.64068384788386
 21
0.0
 31
-229.6699332127527
210
0.0
220
1.0
230
0.0
  0
LINE
  5
721
330
1F
100
AcDbEntity
  8
Whole Simpsons House v1_Sketch6
100
AcDbLine
 10
77.66620884788388
 20
0.0
 30
-226.6490971016416
 11
77.78897551455053
 21
0.0
 31
-226.8978054349749
210
0.0
220
1.0
230
0.0
  0
LINE
  5
722
330
1F
100
AcDbEntity
  8
Whole Simpsons House v1_Sketch6
100
AcDbLine
 10
77.9325560701061
 20
0.0
 30
-227.9868304349749
 11
77.8782282923283
 21
0.0
 31
-228.2588221016416
210
0.0
220
1.0
230
0.0
  0
LINE
  5
723
330
1F
100
AcDbEntity
  8
Whole Simpsons House v1_Sketch6
100
AcDbLine
 10
288.3486255145506
 20
0.0
 30
-72.00966376830819
 11
288.3486255145506
 21
0.0
 31
-76.97077765719705
210
0.0
220
1.0
230
0.0
  0
LINE
  5
724
330
1F
100
AcDbEntity
  8
Whole Simpsons House v1_Sketch6
100
AcDbLine
 10
77.9325560701061
 20
0.0
 30
-227.432616546086
 11
77.95054773677275
 21
0.0
 31
-227.7098998794194
210
0.0
220
1.0
230
0.0
  0
LINE
  5
725
330
1F
100
AcDbEntity
  8
Whole Simpsons House v1_Sketch6
100
AcDbLine
 10
239.3559060701061
 20
0.0
 30
-188.5173471016415
 11
239.3559060701061
 21
0.0
 31
-196.5190526571971
210
0.0
220
1.0
230
0.0
  0
LINE
  5
726
330
1F
100
AcDbEntity
  8
Whole Simpsons House v1_Sketch6
100
AcDbLine
 10
217.2272144034394
 20
0.0
 30
-163.4701248794194
 11
217.2272144034394
 21
0.0
 31
-166.4704998794194
210
0.0
220
1.0
230
0.0
  0
LINE
  5
727
330
1F
100
AcDbEntity
  8
Whole Simpsons House v1_Sketch6
100
AcDbLine
 10
237.2311255145505
 20
0.0
 30
-152.4186554349749
 11
240.0773366256616
 21
0.0
 31
-148.8711221016416
210
0.0
220
1.0
230
0.0
  0
LINE
  5
728
330
1F
100
AcDbEntity
  8
Whole Simpsons House v1_Sketch6
100
AcDbLine
 10
121.3418616256616
 20
0.0
 30
-132.1385193238638
 11
121.3418616256616
 21
0.0
 31
-227.1906109905304
210
0.0
220
1.0
230
0.0
  0
LINE
  5
729
330
1F
100
AcDbEntity
  8
Whole Simpsons House v1_Sketch6
100
AcDbLine
 10
269.3236727367727
 20
0.0
 30
-16.7978248794193
 11
269.3236727367727
 21
0.0
 31
-11.83635821275265
210
0.0
220
1.0
230
0.0
  0
LINE
  5
72A
330
1F
100
AcDbEntity
  8
Whole Simpsons House v1_Sketch6
100
AcDbLine
 10
288.6615394034393
 20
0.0
 30
-25.75979154608598
 11
288.6615394034393
 21
0.0
 31
-30.72125821275264
210
0.0
220
1.0
230
0.0
  0
LINE
  5
72B
330
1F
100
AcDbEntity
  8
Whole Simpsons House v1_Sketch6
100
AcDbLine
 10
77.8782282923283
 20
0.0
 30
-227.1606248794193
 11
77.9325560701061
 21
0.0
 31
-227.432616546086
210
0.0
220
1.0
230
0.0
  0
LINE
  5
72C
330
1F
100
AcDbEntity
  8
Whole Simpsons House v1_Sketch6
100
AcDbLine
 10
77.51204495899495
 20
0.0
 30
-229.0014193238639
 11
77.3289532923283
 21
0.0
 31
-229.2102637683082
210
0.0
220
1.0
230
0.0
  0
LINE
  5
72D
330
1F
100
AcDbEntity
  8
Whole Simpsons House v1_Sketch6
100
AcDbLine
 10
269.0104060701062
 20
0.0
 30
-76.97077765719705
 11
269.0104060701062
 21
0.0
 31
-72.00966376830819
210
0.0
220
1.0
230
0.0
  0
LINE
  5
72E
330
1F
100
AcDbEntity
  8
Whole Simpsons House v1_Sketch6
100
AcDbLine
 10
157.3304866256616
 20
0.0
 30
-163.4701248794194
 11
157.3304866256616
 21
0.0
 31
-155.4190304349749
210
0.0
220
1.0
230
0.0
  0
LINE
  5
72F
330
1F
100
AcDbEntity
  8
Whole Simpsons House v1_Sketch6
100
AcDbLine
 10
167.0720921812172
 20
0.0
 30
-84.64686932386375
 11
167.0720921812172
 21
0.0
 31
-81.64614154608594
210
0.0
220
1.0
230
0.0
  0
LINE
  5
730
330
1F
100
AcDbEntity
  8
Whole Simpsons House v1_Sketch6
100
AcDbLine
 10
74.53706995899499
 20
0.0
 30
-229.3930026571971
 11
74.3285782923283
 21
0.0
 31
-229.2102637683082
210
0.0
220
1.0
230
0.0
  0
LINE
  5
731
330
1F
100
AcDbEntity
  8
Whole Simpsons House v1_Sketch6
100
AcDbLine
 10
288.3486255145506
 20
0.0
 30
-85.93309710164151
 11
288.3486255145506
 21
0.0
 31
-90.89421099053041
210
0.0
220
1.0
230
0.0
  0
LINE
  5
732
330
1F
100
AcDbEntity
  8
Whole Simpsons House v1_Sketch6
100
AcDbLine
 10
160.3312144034394
 20
0.0
 30
-155.4190304349749
 11
160.3312144034394
 21
0.0
 31
-152.4186554349749
210
0.0
220
1.0
230
0.0
  0
LINE
  5
733
330
1F
100
AcDbEntity
  8
Whole Simpsons House v1_Sketch6
100
AcDbLine
 10
77.66620884788388
 20
0.0
 30
-228.7707026571971
 11
77.51204495899495
 21
0.0
 31
-229.0014193238639
210
0.0
220
1.0
230
0.0
  0
LINE
  5
734
330
1F
100
AcDbEntity
  8
Whole Simpsons House v1_Sketch6
100
AcDbLine
 10
77.78897551455053
 20
0.0
 30
-226.8978054349749
 11
77.8782282923283
 21
0.0
 31
-227.1606248794193
210
0.0
220
1.0
230
0.0
  0
LINE
  5
735
330
1F
100
AcDbEntity
  8
Whole Simpsons House v1_Sketch6
100
AcDbLine
 10
269.3236727367727
 20
0.0
 30
-23.75954154608598
 11
269.3236727367727
 21
0.0
 31
-18.7980748794193
210
0.0
220
1.0
230
0.0
  0
LINE
  5
736
330
1F
100
AcDbEntity
  8
Whole Simpsons House v1_Sketch6
100
AcDbLine
 10
77.78897551455053
 20
0.0
 30
-228.521641546086
 11
77.66620884788388
 21
0.0
 31
-228.7707026571971
210
0.0
220
1.0
230
0.0
  0
LINE
  5
737
330
1F
100
AcDbEntity
  8
Whole Simpsons House v1_Sketch6
100
AcDbLine
 10
288.6615394034393
 20
0.0
 30
-18.7980748794193
 11
288.6615394034393
 21
0.0
 31
-23.75954154608598
210
0.0
220
1.0
230
0.0
  0
LINE
  5
738
330
1F
100
AcDbEntity
  8
Whole Simpsons House v1_Sketch6
100
AcDbLine
 10
288.6615394034393
 20
0.0
 30
-11.83635821275265
 11
288.6615394034393
 21
0.0
 31
-16.7978248794193
210
0.0
220
1.0
230
0.0
  0
LINE
  5
739
330
1F
100
AcDbEntity
  8
Whole Simpsons House v1_Sketch6
100
AcDbLine
 10
146.8275866256616
 20
0.0
 30
-132.1385193238638
 11
146.8275866256616
 21
0.0
 31
-227.1906109905304
210
0.0
220
1.0
230
0.0
  0
LINE
  5
73A
330
1F
100
AcDbEntity
  8
Whole Simpsons House v1_Sketch6
100
AcDbLine
 10
74.76778662566164
 20
0.0
 30
-229.547166546086
 11
74.53706995899499
 21
0.0
 31
-229.3930026571971
210
0.0
220
1.0
230
0.0
  0
LINE
  5
73B
330
1F
100
AcDbEntity
  8
Whole Simpsons House v1_Sketch6
100
AcDbLine
 10
73.70733662566164
 20
0.0
 30
-227.7098998794194
 11
73.7253282923283
 21
0.0
 31
-227.432616546086
210
0.0
220
1.0
230
0.0
  0
LINE
  5
73C
330
1F
100
AcDbEntity
  8
Whole Simpsons House v1_Sketch6
100
AcDbLine
 10
223.7828838478839
 20
0.0
 30
-62.93621932386372
 11
223.7828838478839
 21
0.0
 31
-33.2351526571971
210
0.0
220
1.0
230
0.0
  0
LINE
  5
73D
330
1F
100
AcDbEntity
  8
Whole Simpsons House v1_Sketch6
100
AcDbLine
 10
169.0825727367727
 20
0.0
 30
-224.5715887683082
 11
169.0825727367727
 21
0.0
 31
-216.5698832127527
210
0.0
220
1.0
230
0.0
  0
LINE
  5
73E
330
1F
100
AcDbEntity
  8
Whole Simpsons House v1_Sketch6
100
AcDbLine
 10
187.0760032923283
 20
0.0
 30
-81.64614154608594
 11
187.0760032923283
 21
0.0
 31
-84.64686932386375
210
0.0
220
1.0
230
0.0
  0
LINE
  5
73F
330
1F
100
AcDbEntity
  8
Whole Simpsons House v1_Sketch6
100
AcDbLine
 10
74.3285782923283
 20
0.0
 30
-226.2095359905305
 11
74.53706995899499
 21
0.0
 31
-226.0264443238638
210
0.0
220
1.0
230
0.0
  0
LINE
  5
740
330
1F
100
AcDbEntity
  8
Whole Simpsons House v1_Sketch6
100
AcDbLine
 10
229.3144394034394
 20
0.0
 30
-33.2351526571971
 11
229.3144394034394
 21
0.0
 31
-30.23442487941932
210
0.0
220
1.0
230
0.0
  0
LINE
  5
741
330
1F
100
AcDbEntity
  8
Whole Simpsons House v1_Sketch6
100
AcDbLine
 10
73.86855607010608
 20
0.0
 30
-228.521641546086
 11
73.77930329232832
 21
0.0
 31
-228.2588221016416
210
0.0
220
1.0
230
0.0
  0
LINE
  5
742
330
1F
100
AcDbEntity
  8
Whole Simpsons House v1_Sketch6
100
AcDbLine
 10
184.6534782923283
 20
0.0
 30
-62.91258321275263
 11
184.6534782923283
 21
0.0
 31
-49.61003876830821
210
0.0
220
1.0
230
0.0
  0
LINE
  5
743
330
1F
100
AcDbEntity
  8
Whole Simpsons House v1_Sketch6
100
AcDbLine
 10
74.53706995899499
 20
0.0
 30
-226.0264443238638
 11
74.76778662566164
 21
0.0
 31
-225.8722804349749
210
0.0
220
1.0
230
0.0
  0
LINE
  5
744
330
1F
100
AcDbEntity
  8
Whole Simpsons House v1_Sketch6
100
AcDbLine
 10
200.7175671812172
 20
0.0
 30
-49.61003876830821
 11
200.7175671812172
 21
0.0
 31
-62.91258321275263
210
0.0
220
1.0
230
0.0
  0
LINE
  5
745
330
1F
100
AcDbEntity
  8
Whole Simpsons House v1_Sketch6
100
AcDbLine
 10
142.7992171812172
 20
0.0
 30
-11.59047210164153
 11
142.7992171812172
 21
0.0
 31
-41.244266546086
210
0.0
220
1.0
230
0.0
  0
LINE
  5
746
330
1F
100
AcDbEntity
  8
Whole Simpsons House v1_Sketch6
100
AcDbLine
 10
213.2129560701061
 20
0.0
 30
-102.0486915460859
 11
210.8726282923283
 21
0.0
 31
-103.926527657197
210
0.0
220
1.0
230
0.0
  0
LINE
  5
747
330
1F
100
AcDbEntity
  8
Whole Simpsons House v1_Sketch6
100
AcDbLine
 10
210.8726282923283
 20
0.0
 30
-103.926527657197
 11
207.1169560701061
 21
0.0
 31
-99.24587210164154
210
0.0
220
1.0
230
0.0
  0
LINE
  5
748
330
1F
100
AcDbEntity
  8
Whole Simpsons House v1_Sketch6
100
AcDbLine
 10
74.76778662566164
 20
0.0
 30
-225.8722804349749
 11
75.01684773677275
 21
0.0
 31
-225.7495137683082
210
0.0
220
1.0
230
0.0
  0
LINE
  5
749
330
1F
100
AcDbEntity
  8
Whole Simpsons House v1_Sketch6
100
AcDbLine
 10
269.0104060701062
 20
0.0
 30
-90.89421099053041
 11
269.0104060701062
 21
0.0
 31
-85.93309710164151
210
0.0
220
1.0
230
0.0
  0
LINE
  5
74A
330
1F
100
AcDbEntity
  8
Whole Simpsons House v1_Sketch6
100
AcDbLine
 10
288.3486255145506
 20
0.0
 30
-78.97102765719707
 11
288.3486255145506
 21
0.0
 31
-83.93249432386372
210
0.0
220
1.0
230
0.0
  0
LINE
  5
74B
330
1F
100
AcDbEntity
  8
Whole Simpsons House v1_Sketch6
100
AcDbLine
 10
269.3236727367727
 20
0.0
 30
-30.72125821275264
 11
269.3236727367727
 21
0.0
 31
-25.75979154608598
210
0.0
220
1.0
230
0.0
  0
LINE
  5
74C
330
1F
100
AcDbEntity
  8
Whole Simpsons House v1_Sketch6
100
AcDbLine
 10
169.0825727367727
 20
0.0
 30
-197.2976332127527
 11
169.0825727367727
 21
0.0
 31
-189.2962804349749
210
0.0
220
1.0
230
0.0
  0
LINE
  5
74D
330
1F
100
AcDbEntity
  8
Whole Simpsons House v1_Sketch6
100
AcDbLine
 10
242.3566338478839
 20
0.0
 30
-227.0646693238639
 11
242.3566338478839
 21
0.0
 31
-219.0629637683082
210
0.0
220
1.0
230
0.0
  0
LINE
  5
74E
330
1F
100
AcDbEntity
  8
Whole Simpsons House v1_Sketch6
100
AcDbLine
 10
73.77930329232832
 20
0.0
 30
-228.2588221016416
 11
73.7253282923283
 21
0.0
 31
-227.9868304349749
210
0.0
220
1.0
230
0.0
  0
LINE
  5
74F
330
1F
100
AcDbEntity
  8
Whole Simpsons House v1_Sketch6
100
AcDbLine
 10
203.7182949589951
 20
0.0
 30
-46.60931099053043
 11
203.7182949589951
 21
0.0
 31
-49.61003876830821
210
0.0
220
1.0
230
0.0
  0
LINE
  5
750
330
1F
100
AcDbEntity
  8
Whole Simpsons House v1_Sketch6
100
AcDbLine
 10
232.3151671812172
 20
0.0
 30
-62.93621932386372
 11
232.3151671812172
 21
0.0
 31
-65.9369471016415
210
0.0
220
1.0
230
0.0
  0
LINE
  5
751
330
1F
100
AcDbEntity
  8
Whole Simpsons House v1_Sketch6
100
AcDbLine
 10
73.77930329232832
 20
0.0
 30
-227.1606248794193
 11
73.86855607010608
 21
0.0
 31
-226.8978054349749
210
0.0
220
1.0
230
0.0
  0
LINE
  5
752
330
1F
100
AcDbEntity
  8
Whole Simpsons House v1_Sketch6
100
AcDbLine
 10
229.3144394034394
 20
0.0
 30
-65.9369471016415
 11
229.3144394034394
 21
0.0
 31
-62.93621932386372
210
0.0
220
1.0
230
0.0
  0
LINE
  5
753
330
1F
100
AcDbEntity
  8
Whole Simpsons House v1_Sketch6
100
AcDbLine
 10
242.3566338478839
 20
0.0
 30
-196.5190526571971
 11
242.3566338478839
 21
0.0
 31
-188.5173471016415
210
0.0
220
1.0
230
0.0
  0
LINE
  5
754
330
1F
100
AcDbEntity
  8
Whole Simpsons House v1_Sketch6
100
AcDbLine
 10
269.0104060701062
 20
0.0
 30
-83.93249432386372
 11
269.0104060701062
 21
0.0
 31
-78.97102765719707
210
0.0
220
1.0
230
0.0
  0
LINE
  5
755
330
1F
100
AcDbEntity
  8
Whole Simpsons House v1_Sketch6
100
AcDbLine
 10
207.1169560701061
 20
0.0
 30
-99.24587210164154
 11
209.4572838478839
 21
0.0
 31
-97.36803599053037
210
0.0
220
1.0
230
0.0
  0
LINE
  5
756
330
1F
100
AcDbEntity
  8
Whole Simpsons House v1_Sketch6
100
AcDbLine
 10
237.8467227367728
 20
0.0
 30
-33.2351526571971
 11
237.8467227367728
 21
0.0
 31
-62.93621932386372
210
0.0
220
1.0
230
0.0
  0
LINE
  5
757
330
1F
100
AcDbEntity
  8
Whole Simpsons House v1_Sketch6
100
AcDbLine
 10
209.4572838478839
 20
0.0
 30
-97.36803599053037
 11
213.2129560701061
 21
0.0
 31
-102.0486915460859
210
0.0
220
1.0
230
0.0
  0
LINE
  5
758
330
1F
100
AcDbEntity
  8
Whole Simpsons House v1_Sketch6
100
AcDbLine
 10
239.3559060701061
 20
0.0
 30
-219.0629637683082
 11
239.3559060701061
 21
0.0
 31
-227.0646693238639
210
0.0
220
1.0
230
0.0
  0
LINE
  5
759
330
1F
100
AcDbEntity
  8
Whole Simpsons House v1_Sketch6
100
AcDbLine
 10
172.0829477367728
 20
0.0
 30
-189.2962804349749
 11
172.0829477367728
 21
0.0
 31
-197.2976332127527
210
0.0
220
1.0
230
0.0
  0
LINE
  5
75A
330
1F
100
AcDbEntity
  8
Whole Simpsons House v1_Sketch6
100
AcDbLine
 10
200.7175671812172
 20
0.0
 30
-33.25878876830822
 11
200.7175671812172
 21
0.0
 31
-46.60931099053043
210
0.0
220
1.0
230
0.0
  0
LINE
  5
75B
330
1F
100
AcDbEntity
  8
Whole Simpsons House v1_Sketch6
100
AcDbLine
 10
184.6534782923283
 20
0.0
 30
-46.60931099053043
 11
184.6534782923283
 21
0.0
 31
-33.25878876830822
210
0.0
220
1.0
230
0.0
  0
LINE
  5
75C
330
1F
100
AcDbEntity
  8
Whole Simpsons House v1_Sketch6
100
AcDbLine
 10
172.0829477367728
 20
0.0
 30
-216.5698832127527
 11
172.0829477367728
 21
0.0
 31
-224.5715887683082
210
0.0
220
1.0
230
0.0
  0
LINE
  5
75D
330
1F
100
AcDbEntity
  8
Whole Simpsons House v1_Sketch6
100
AcDbLine
 10
73.86855607010608
 20
0.0
 30
-226.8978054349749
 11
73.99132273677276
 21
0.0
 31
-226.6490971016416
210
0.0
220
1.0
230
0.0
  0
LINE
  5
75E
330
1F
100
AcDbEntity
  8
Whole Simpsons House v1_Sketch6
100
AcDbLine
 10
77.12046162566162
 20
0.0
 30
-226.0264443238638
 11
77.3289532923283
 21
0.0
 31
-226.2095359905305
210
0.0
220
1.0
230
0.0
  0
LINE
  5
75F
330
1F
100
AcDbEntity
  8
Whole Simpsons House v1_Sketch6
100
AcDbLine
 10
35.26761162566163
 20
0.0
 30
-23.11572210164153
 11
35.4492921812172
 21
0.0
 31
-22.90864154608598
210
0.0
220
1.0
230
0.0
  0
LINE
  5
760
330
1F
100
AcDbEntity
  8
Whole Simpsons House v1_Sketch6
100
AcDbLine
 10
76.64068384788386
 20
0.0
 30
-225.7495137683082
 11
76.88974495899498
 21
0.0
 31
-225.8722804349749
210
0.0
220
1.0
230
0.0
  0
LINE
  5
761
330
1F
100
AcDbEntity
  8
Whole Simpsons House v1_Sketch6
100
AcDbLine
 10
63.51417551455051
 20
0.0
 30
-24.24990265719709
 11
63.51417551455051
 21
0.0
 31
-27.25063043497488
210
0.0
220
1.0
230
0.0
  0
LINE
  5
762
330
1F
100
AcDbEntity
  8
Whole Simpsons House v1_Sketch6
100
AcDbLine
 10
61.44090051455051
 20
0.0
 30
-49.44317487941932
 11
61.44090051455051
 21
0.0
 31
-52.44390265719712
210
0.0
220
1.0
230
0.0
  0
LINE
  5
763
330
1F
100
AcDbEntity
  8
Whole Simpsons House v1_Sketch6
100
AcDbLine
 10
35.4492921812172
 20
0.0
 30
-22.90864154608598
 11
35.60204495899497
 21
0.0
 31
-22.68004154608598
210
0.0
220
1.0
230
0.0
  0
LINE
  5
764
330
1F
100
AcDbEntity
  8
Whole Simpsons House v1_Sketch6
100
AcDbLine
 10
35.86556995899496
 20
0.0
 30
-21.35359710164153
 11
35.81194773677275
 21
0.0
 31
-21.08372210164153
210
0.0
220
1.0
230
0.0
  0
LINE
  5
765
330
1F
100
AcDbEntity
  8
Whole Simpsons House v1_Sketch6
100
AcDbLine
 10
32.72831718121719
 20
0.0
 30
-19.80631376830819
 11
32.49971718121719
 21
0.0
 31
-19.95906654608597
210
0.0
220
1.0
230
0.0
  0
LINE
  5
766
330
1F
100
AcDbEntity
  8
Whole Simpsons House v1_Sketch6
100
AcDbLine
 10
34.83193107010608
 20
0.0
 30
-19.80631376830819
 11
34.58533940343941
 21
0.0
 31
-19.68460543497485
210
0.0
220
1.0
230
0.0
  0
LINE
  5
767
330
1F
100
AcDbEntity
  8
Whole Simpsons House v1_Sketch6
100
AcDbLine
 10
73.99132273677276
 20
0.0
 30
-228.7707026571971
 11
73.86855607010608
 21
0.0
 31
-228.521641546086
210
0.0
220
1.0
230
0.0
  0
LINE
  5
768
330
1F
100
AcDbEntity
  8
Whole Simpsons House v1_Sketch6
100
AcDbLine
 10
35.81194773677275
 20
0.0
 30
-22.17239432386376
 11
35.86556995899496
 21
0.0
 31
-21.90287210164153
210
0.0
220
1.0
230
0.0
  0
LINE
  5
769
330
1F
100
AcDbEntity
  8
Whole Simpsons House v1_Sketch6
100
AcDbLine
 10
181.6527505145505
 20
0.0
 30
-49.61003876830821
 11
181.6527505145505
 21
0.0
 31
-46.60931099053043
210
0.0
220
1.0
230
0.0
  0
LINE
  5
76A
330
1F
100
AcDbEntity
  8
Whole Simpsons House v1_Sketch6
100
AcDbLine
 10
31.6946782923283
 20
0.0
 30
-21.35359710164153
 11
31.67668662566164
 21
0.0
 31
-21.62805821275264
210
0.0
220
1.0
230
0.0
  0
LINE
  5
76B
330
1F
100
AcDbEntity
  8
Whole Simpsons House v1_Sketch6
100
AcDbLine
 10
64.44162829232829
 20
0.0
 30
-52.44390265719712
 11
64.44162829232829
 21
0.0
 31
-49.44317487941932
210
0.0
220
1.0
230
0.0
  0
LINE
  5
76C
330
1F
100
AcDbEntity
  8
Whole Simpsons House v1_Sketch6
100
AcDbLine
 10
77.51204495899495
 20
0.0
 30
-226.4180276571971
 11
77.66620884788388
 21
0.0
 31
-226.6490971016416
210
0.0
220
1.0
230
0.0
  0
LINE
  5
76D
330
1F
100
AcDbEntity
  8
Whole Simpsons House v1_Sketch6
100
AcDbLine
 10
31.74830051455054
 20
0.0
 30
-22.17239432386376
 11
31.83649495899496
 21
0.0
 31
-22.43309710164153
210
0.0
220
1.0
230
0.0
  0
LINE
  5
76E
330
1F
100
AcDbEntity
  8
Whole Simpsons House v1_Sketch6
100
AcDbLine
 10
35.72375329232829
 20
0.0
 30
-22.43309710164153
 11
35.81194773677275
 21
0.0
 31
-22.17239432386376
210
0.0
220
1.0
230
0.0
  0
LINE
  5
76F
330
1F
100
AcDbEntity
  8
Whole Simpsons House v1_Sketch6
100
AcDbLine
 10
73.7253282923283
 20
0.0
 30
-227.432616546086
 11
73.77930329232832
 21
0.0
 31
-227.1606248794193
210
0.0
220
1.0
230
0.0
  0
LINE
  5
770
330
1F
100
AcDbEntity
  8
Whole Simpsons House v1_Sketch6
100
AcDbLine
 10
35.81194773677275
 20
0.0
 30
-21.08372210164153
 11
35.72375329232829
 21
0.0
 31
-20.82301932386374
210
0.0
220
1.0
230
0.0
  0
LINE
  5
771
330
1F
100
AcDbEntity
  8
Whole Simpsons House v1_Sketch6
100
AcDbLine
 10
35.06088384788386
 20
0.0
 30
-19.95906654608597
 11
34.83193107010608
 21
0.0
 31
-19.80631376830819
210
0.0
220
1.0
230
0.0
  0
LINE
  5
772
330
1F
100
AcDbEntity
  8
Whole Simpsons House v1_Sketch6
100
AcDbLine
 10
96.9095310701061
 20
0.0
 30
-176.7412721016416
 11
96.9095310701061
 21
0.0
 31
-179.7416471016416
210
0.0
220
1.0
230
0.0
  0
LINE
  5
773
330
1F
100
AcDbEntity
  8
Whole Simpsons House v1_Sketch6
100
AcDbLine
 10
35.26761162566163
 20
0.0
 30
-20.14074710164153
 11
35.06088384788386
 21
0.0
 31
-19.95906654608597
210
0.0
220
1.0
230
0.0
  0
LINE
  5
774
330
1F
100
AcDbEntity
  8
Whole Simpsons House v1_Sketch6
100
AcDbLine
 10
32.49971718121719
 20
0.0
 30
-19.95906654608597
 11
32.29263662566164
 21
0.0
 31
-20.14074710164153
210
0.0
220
1.0
230
0.0
  0
LINE
  5
775
330
1F
100
AcDbEntity
  8
Whole Simpsons House v1_Sketch6
100
AcDbLine
 10
35.60204495899497
 20
0.0
 30
-22.68004154608598
 11
35.72375329232829
 21
0.0
 31
-22.43309710164153
210
0.0
220
1.0
230
0.0
  0
LINE
  5
776
330
1F
100
AcDbEntity
  8
Whole Simpsons House v1_Sketch6
100
AcDbLine
 10
76.88974495899498
 20
0.0
 30
-225.8722804349749
 11
77.12046162566162
 21
0.0
 31
-226.0264443238638
210
0.0
220
1.0
230
0.0
  0
LINE
  5
777
330
1F
100
AcDbEntity
  8
Whole Simpsons House v1_Sketch6
100
AcDbLine
 10
31.67668662566164
 20
0.0
 30
-21.62805821275264
 11
31.6946782923283
 21
0.0
 31
-21.90287210164153
210
0.0
220
1.0
230
0.0
  0
LINE
  5
778
330
1F
100
AcDbEntity
  8
Whole Simpsons House v1_Sketch6
100
AcDbLine
 10
34.58533940343941
 20
0.0
 30
-23.57151099053042
 11
34.83193107010608
 21
0.0
 31
-23.44980265719708
210
0.0
220
1.0
230
0.0
  0
LINE
  5
779
330
1F
100
AcDbEntity
  8
Whole Simpsons House v1_Sketch6
100
AcDbLine
 10
232.3151671812172
 20
0.0
 30
-30.23442487941932
 11
232.3151671812172
 21
0.0
 31
-33.2351526571971
210
0.0
220
1.0
230
0.0
  0
LINE
  5
77A
330
1F
100
AcDbEntity
  8
Whole Simpsons House v1_Sketch6
100
AcDbLine
 10
73.99132273677276
 20
0.0
 30
-226.6490971016416
 11
74.14548662566162
 21
0.0
 31
-226.4180276571971
210
0.0
220
1.0
230
0.0
  0
LINE
  5
77B
330
1F
100
AcDbEntity
  8
Whole Simpsons House v1_Sketch6
100
AcDbLine
 10
77.3289532923283
 20
0.0
 30
-226.2095359905305
 11
77.51204495899495
 21
0.0
 31
-226.4180276571971
210
0.0
220
1.0
230
0.0
  0
LINE
  5
77C
330
1F
100
AcDbEntity
  8
Whole Simpsons House v1_Sketch6
100
AcDbLine
 10
32.97526162566164
 20
0.0
 30
-19.68460543497485
 11
32.72831718121719
 21
0.0
 31
-19.80631376830819
210
0.0
220
1.0
230
0.0
  0
LINE
  5
77D
330
1F
100
AcDbEntity
  8
Whole Simpsons House v1_Sketch6
100
AcDbLine
 10
126.7351282923283
 20
0.0
 30
-41.244266546086
 11
126.7351282923283
 21
0.0
 31
-11.59047210164153
210
0.0
220
1.0
230
0.0
  0
LINE
  5
77E
330
1F
100
AcDbEntity
  8
Whole Simpsons House v1_Sketch6
100
AcDbLine
 10
74.14548662566162
 20
0.0
 30
-226.4180276571971
 11
74.3285782923283
 21
0.0
 31
-226.2095359905305
210
0.0
220
1.0
230
0.0
  0
LINE
  5
77F
330
1F
100
AcDbEntity
  8
Whole Simpsons House v1_Sketch6
100
AcDbLine
 10
55.94003662566163
 20
0.0
 30
-52.44390265719712
 11
55.94003662566163
 21
0.0
 31
-58.87257210164152
210
0.0
220
1.0
230
0.0
  0
LINE
  5
780
330
1F
100
AcDbEntity
  8
Whole Simpsons House v1_Sketch6
100
AcDbLine
 10
31.83649495899496
 20
0.0
 30
-22.43309710164153
 11
31.95855607010607
 21
0.0
 31
-22.68004154608598
210
0.0
220
1.0
230
0.0
  0
LINE
  5
781
330
1F
100
AcDbEntity
  8
Whole Simpsons House v1_Sketch6
100
AcDbLine
 10
86.90757551455054
 20
0.0
 30
-179.7416471016416
 11
86.90757551455054
 21
0.0
 31
-176.7412721016416
210
0.0
220
1.0
230
0.0
  0
LINE
  5
782
330
1F
100
AcDbEntity
  8
Whole Simpsons House v1_Sketch6
100
AcDbLine
 10
69.94284495899495
 20
0.0
 30
-58.87257210164152
 11
69.94284495899495
 21
0.0
 31
-52.44390265719712
210
0.0
220
1.0
230
0.0
  0
LINE
  5
783
330
1F
100
AcDbEntity
  8
Whole Simpsons House v1_Sketch6
100
AcDbLine
 10
73.7253282923283
 20
0.0
 30
-227.9868304349749
 11
73.70733662566164
 21
0.0
 31
-227.7098998794194
210
0.0
220
1.0
230
0.0
  0
LINE
  5
784
330
1F
100
AcDbEntity
  8
Whole Simpsons House v1_Sketch6
100
AcDbLine
 10
34.83193107010608
 20
0.0
 30
-23.44980265719708
 11
35.06088384788386
 21
0.0
 31
-23.29704987941932
210
0.0
220
1.0
230
0.0
  0
LINE
  5
785
330
1F
100
AcDbEntity
  8
Whole Simpsons House v1_Sketch6
100
AcDbLine
 10
32.29263662566164
 20
0.0
 30
-20.14074710164153
 11
32.11130884788386
 21
0.0
 31
-20.34747487941931
210
0.0
220
1.0
230
0.0
  0
LINE
  5
786
330
1F
100
AcDbEntity
  8
Whole Simpsons House v1_Sketch6
100
AcDbLine
 10
32.49971718121719
 20
0.0
 30
-23.29704987941932
 11
32.72831718121719
 21
0.0
 31
-23.44980265719708
210
0.0
220
1.0
230
0.0
  0
LINE
  5
787
330
1F
100
AcDbEntity
  8
Whole Simpsons House v1_Sketch6
100
AcDbLine
 10
35.60204495899497
 20
0.0
 30
-20.57642765719708
 11
35.4492921812172
 21
0.0
 31
-20.34747487941931
210
0.0
220
1.0
230
0.0
  0
LINE
  5
788
330
1F
100
AcDbEntity
  8
Whole Simpsons House v1_Sketch6
100
AcDbLine
 10
73.51613107010608
 20
0.0
 30
-27.25063043497488
 11
73.51613107010608
 21
0.0
 31
-24.24990265719709
210
0.0
220
1.0
230
0.0
  0
LINE
  5
789
330
1F
100
AcDbEntity
  8
Whole Simpsons House v1_Sketch6
100
AcDbLine
 10
35.4492921812172
 20
0.0
 30
-20.34747487941931
 11
35.26761162566163
 21
0.0
 31
-20.14074710164153
210
0.0
220
1.0
230
0.0
  0
LINE
  5
78A
330
1F
100
AcDbEntity
  8
Whole Simpsons House v1_Sketch6
100
AcDbLine
 10
32.11130884788386
 20
0.0
 30
-22.90864154608598
 11
32.29263662566164
 21
0.0
 31
-23.11572210164153
210
0.0
220
1.0
230
0.0
  0
LINE
  5
78B
330
1F
100
AcDbEntity
  8
Whole Simpsons House v1_Sketch6
100
AcDbLine
 10
35.86556995899496
 20
0.0
 30
-21.90287210164153
 11
35.88391440343941
 21
0.0
 31
-21.62805821275264
210
0.0
220
1.0
230
0.0
  0
LINE
  5
78C
330
1F
100
AcDbEntity
  8
Whole Simpsons House v1_Sketch6
100
AcDbLine
 10
32.29263662566164
 20
0.0
 30
-23.11572210164153
 11
32.49971718121719
 21
0.0
 31
-23.29704987941932
210
0.0
220
1.0
230
0.0
  0
LINE
  5
78D
330
1F
100
AcDbEntity
  8
Whole Simpsons House v1_Sketch6
100
AcDbLine
 10
32.11130884788386
 20
0.0
 30
-20.34747487941931
 11
31.95855607010607
 21
0.0
 31
-20.57642765719708
210
0.0
220
1.0
230
0.0
  0
LINE
  5
78E
330
1F
100
AcDbEntity
  8
Whole Simpsons House v1_Sketch6
100
AcDbLine
 10
35.88391440343941
 20
0.0
 30
-21.62805821275264
 11
35.86556995899496
 21
0.0
 31
-21.35359710164153
210
0.0
220
1.0
230
0.0
  0
LINE
  5
78F
330
1F
100
AcDbEntity
  8
Whole Simpsons House v1_Sketch6
100
AcDbLine
 10
35.72375329232829
 20
0.0
 30
-20.82301932386374
 11
35.60204495899497
 21
0.0
 31
-20.57642765719708
210
0.0
220
1.0
230
0.0
  0
LINE
  5
790
330
1F
100
AcDbEntity
  8
Whole Simpsons House v1_Sketch6
100
AcDbLine
 10
31.95855607010607
 20
0.0
 30
-22.68004154608598
 11
32.11130884788386
 21
0.0
 31
-22.90864154608598
210
0.0
220
1.0
230
0.0
  0
LINE
  5
791
330
1F
100
AcDbEntity
  8
Whole Simpsons House v1_Sketch6
100
AcDbLine
 10
31.83649495899496
 20
0.0
 30
-20.82301932386374
 11
31.74830051455054
 21
0.0
 31
-21.08372210164153
210
0.0
220
1.0
230
0.0
  0
LINE
  5
792
330
1F
100
AcDbEntity
  8
Whole Simpsons House v1_Sketch6
100
AcDbLine
 10
31.74830051455054
 20
0.0
 30
-21.08372210164153
 11
31.6946782923283
 21
0.0
 31
-21.35359710164153
210
0.0
220
1.0
230
0.0
  0
LINE
  5
793
330
1F
100
AcDbEntity
  8
Whole Simpsons House v1_Sketch6
100
AcDbLine
 10
31.95855607010607
 20
0.0
 30
-20.57642765719708
 11
31.83649495899496
 21
0.0
 31
-20.82301932386374
210
0.0
220
1.0
230
0.0
  0
LINE
  5
794
330
1F
100
AcDbEntity
  8
Whole Simpsons House v1_Sketch6
100
AcDbLine
 10
31.6946782923283
 20
0.0
 30
-21.90287210164153
 11
31.74830051455054
 21
0.0
 31
-22.17239432386376
210
0.0
220
1.0
230
0.0
  0
LINE
  5
795
330
1F
100
AcDbEntity
  8
Whole Simpsons House v1_Sketch6
100
AcDbLine
 10
32.72831718121719
 20
0.0
 30
-23.44980265719708
 11
32.97526162566164
 21
0.0
 31
-23.57151099053042
210
0.0
220
1.0
230
0.0
  0
LINE
  5
796
330
1F
100
AcDbEntity
  8
Whole Simpsons House v1_Sketch6
100
AcDbLine
 10
35.06088384788386
 20
0.0
 30
-23.29704987941932
 11
35.26761162566163
 21
0.0
 31
-23.11572210164153
210
0.0
220
1.0
230
0.0
  0
LINE
  5
797
330
1F
100
AcDbEntity
  8
Whole Simpsons House v1_Sketch6
100
AcDbLine
 10
190.7748782923283
 20
0.0
 30
-132.9178054349749
 11
237.8456644034394
 21
0.0
 31
-132.9178054349749
210
0.0
220
1.0
230
0.0
  0
LINE
  5
798
330
1F
100
AcDbEntity
  8
Whole Simpsons House v1_Sketch6
100
AcDbLine
 10
247.847619958995
 20
0.0
 30
-132.9178054349749
 11
257.8495755145505
 21
0.0
 31
-132.9178054349749
210
0.0
220
1.0
230
0.0
  0
LINE
  5
799
330
1F
100
AcDbEntity
  8
Whole Simpsons House v1_Sketch6
100
AcDbLine
 10
169.1855838478838
 20
0.0
 30
-132.9178054349749
 11
180.7732755145505
 21
0.0
 31
-132.9178054349749
210
0.0
220
1.0
230
0.0
  0
LINE
  5
79A
330
1F
100
AcDbEntity
  8
Whole Simpsons House v1_Sketch6
100
AcDbLine
 10
159.5208838478839
 20
0.0
 30
-95.69833876830819
 11
149.5189282923283
 21
0.0
 31
-95.69833876830819
210
0.0
220
1.0
230
0.0
  0
LINE
  5
79B
330
1F
100
AcDbEntity
  8
Whole Simpsons House v1_Sketch6
100
AcDbLine
 10
260.8499505145505
 20
0.0
 30
-112.9138943238637
 11
257.8495755145505
 21
0.0
 31
-112.9138943238637
210
0.0
220
1.0
230
0.0
  0
LINE
  5
79C
330
1F
100
AcDbEntity
  8
Whole Simpsons House v1_Sketch6
100
AcDbLine
 10
27.06940884788386
 20
0.0
 30
-192.8469887683082
 11
16.89529773677275
 21
0.0
 31
-192.8469887683082
210
0.0
220
1.0
230
0.0
  0
LINE
  5
79D
330
1F
100
AcDbEntity
  8
Whole Simpsons House v1_Sketch6
100
AcDbLine
 10
237.8456644034394
 20
0.0
 30
-135.9181804349749
 11
247.847619958995
 21
0.0
 31
-135.9181804349749
210
0.0
220
1.0
230
0.0
  0
LINE
  5
79E
330
1F
100
AcDbEntity
  8
Whole Simpsons House v1_Sketch6
100
AcDbLine
 10
180.7732755145505
 20
0.0
 30
-135.9181804349749
 11
190.7748782923283
 21
0.0
 31
-135.9181804349749
210
0.0
220
1.0
230
0.0
  0
LINE
  5
79F
330
1F
100
AcDbEntity
  8
Whole Simpsons House v1_Sketch6
100
AcDbLine
 10
12.89479773677275
 20
0.0
 30
-203.7400609905305
 11
11.91901440343942
 21
0.0
 31
-203.8363693238638
210
0.0
220
1.0
230
0.0
  0
LINE
  5
7A0
330
1F
100
AcDbEntity
  8
Whole Simpsons House v1_Sketch6
100
AcDbLine
 10
13.89492273677275
 20
0.0
 30
-203.7400609905305
 11
12.89479773677275
 21
0.0
 31
-203.7400609905305
210
0.0
220
1.0
230
0.0
  0
LINE
  5
7A1
330
1F
100
AcDbEntity
  8
Whole Simpsons House v1_Sketch6
100
AcDbLine
 10
27.06940884788386
 20
0.0
 30
-214.6331332127527
 11
24.06903384788385
 21
0.0
 31
-214.6331332127527
210
0.0
220
1.0
230
0.0
  0
LINE
  5
7A2
330
1F
100
AcDbEntity
  8
Whole Simpsons House v1_Sketch6
100
AcDbLine
 10
24.06903384788385
 20
0.0
 30
-224.6347359905304
 11
27.06940884788386
 21
0.0
 31
-224.6347359905304
210
0.0
220
1.0
230
0.0
  0
LINE
  5
7A3
330
1F
100
AcDbEntity
  8
Whole Simpsons House v1_Sketch6
100
AcDbLine
 10
124.3701060701061
 20
0.0
 30
-92.69796376830817
 11
159.5208838478839
 21
0.0
 31
-92.69796376830817
210
0.0
220
1.0
230
0.0
  0
LINE
  5
7A4
330
1F
100
AcDbEntity
  8
Whole Simpsons House v1_Sketch6
100
AcDbLine
 10
7.893819958994974
 20
0.0
 30
-234.6370443238638
 11
24.06903384788385
 21
0.0
 31
-234.6370443238638
210
0.0
220
1.0
230
0.0
  0
LINE
  5
7A5
330
1F
100
AcDbEntity
  8
Whole Simpsons House v1_Sketch6
100
AcDbLine
 10
142.0936616256616
 20
0.0
 30
-81.64614154608594
 11
127.3708338478839
 21
0.0
 31
-81.64614154608594
210
0.0
220
1.0
230
0.0
  0
LINE
  5
7A6
330
1F
100
AcDbEntity
  8
Whole Simpsons House v1_Sketch6
100
AcDbLine
 10
236.9545477367728
 20
0.0
 30
-81.64614154608594
 11
257.8495755145505
 21
0.0
 31
-81.64614154608594
210
0.0
220
1.0
230
0.0
  0
LINE
  5
7A7
330
1F
100
AcDbEntity
  8
Whole Simpsons House v1_Sketch6
100
AcDbLine
 10
167.0720921812172
 20
0.0
 30
-81.64614154608594
 11
187.0760032923283
 21
0.0
 31
-81.64614154608594
210
0.0
220
1.0
230
0.0
  0
LINE
  5
7A8
330
1F
100
AcDbEntity
  8
Whole Simpsons House v1_Sketch6
100
AcDbLine
 10
16.89529773677275
 20
0.0
 30
-213.742016546086
 11
13.89492273677275
 21
0.0
 31
-213.742016546086
210
0.0
220
1.0
230
0.0
  0
LINE
  5
7A9
330
1F
100
AcDbEntity
  8
Whole Simpsons House v1_Sketch6
100
AcDbLine
 10
257.8495755145505
 20
0.0
 30
-122.9158498794194
 11
260.8499505145505
 21
0.0
 31
-122.9158498794194
210
0.0
220
1.0
230
0.0
  0
LINE
  5
7AA
330
1F
100
AcDbEntity
  8
Whole Simpsons House v1_Sketch6
100
AcDbLine
 10
24.06903384788385
 20
0.0
 30
-202.8489443238639
 11
27.06940884788386
 21
0.0
 31
-202.8489443238639
210
0.0
220
1.0
230
0.0
  0
LINE
  5
7AB
330
1F
100
AcDbEntity
  8
Whole Simpsons House v1_Sketch6
100
AcDbLine
 10
273.3541588478838
 20
0.0
 30
-98.63944710164152
 11
278.3156255145505
 21
0.0
 31
-98.63944710164152
210
0.0
220
1.0
230
0.0
  0
LINE
  5
7AC
330
1F
100
AcDbEntity
  8
Whole Simpsons House v1_Sketch6
100
AcDbLine
 10
287.2775921812172
 20
0.0
 30
-98.63944710164152
 11
292.2390588478838
 21
0.0
 31
-98.63944710164152
210
0.0
220
1.0
230
0.0
  0
LINE
  5
7AD
330
1F
100
AcDbEntity
  8
Whole Simpsons House v1_Sketch6
100
AcDbLine
 10
280.3158755145505
 20
0.0
 30
-98.63944710164152
 11
285.2773421812172
 21
0.0
 31
-98.63944710164152
210
0.0
220
1.0
230
0.0
  0
LINE
  5
7AE
330
1F
100
AcDbEntity
  8
Whole Simpsons House v1_Sketch6
100
AcDbLine
 10
271.3539088478839
 20
0.0
 30
-101.6398221016415
 11
273.3541588478838
 21
0.0
 31
-101.6398221016415
210
0.0
220
1.0
230
0.0
  0
LINE
  5
7AF
330
1F
100
AcDbEntity
  8
Whole Simpsons House v1_Sketch6
100
AcDbLine
 10
278.3156255145505
 20
0.0
 30
-101.6398221016415
 11
280.3158755145505
 21
0.0
 31
-101.6398221016415
210
0.0
220
1.0
230
0.0
  0
LINE
  5
7B0
330
1F
100
AcDbEntity
  8
Whole Simpsons House v1_Sketch6
100
AcDbLine
 10
292.2390588478838
 20
0.0
 30
-101.6398221016415
 11
294.2393088478839
 21
0.0
 31
-101.6398221016415
210
0.0
220
1.0
230
0.0
  0
LINE
  5
7B1
330
1F
100
AcDbEntity
  8
Whole Simpsons House v1_Sketch6
100
AcDbLine
 10
285.2773421812172
 20
0.0
 30
-101.6398221016415
 11
287.2775921812172
 21
0.0
 31
-101.6398221016415
210
0.0
220
1.0
230
0.0
  0
LINE
  5
7B2
330
1F
100
AcDbEntity
  8
Whole Simpsons House v1_Sketch6
100
AcDbLine
 10
290.6621421812172
 20
0.0
 30
-9.836108212752649
 11
267.3230699589949
 21
0.0
 31
-9.836108212752649
210
0.0
220
1.0
230
0.0
  0
LINE
  5
7B3
330
1F
100
AcDbEntity
  8
Whole Simpsons House v1_Sketch6
100
AcDbLine
 10
293.4466171812172
 20
0.0
 30
-235.0660221016416
 11
232.9741560701061
 21
0.0
 31
-235.0660221016416
210
0.0
220
1.0
230
0.0
  0
LINE
  5
7B4
330
1F
100
AcDbEntity
  8
Whole Simpsons House v1_Sketch6
100
AcDbLine
 10
272.6831755145505
 20
0.0
 30
-181.8202137683082
 11
293.4466171812172
 21
0.0
 31
-181.8202137683082
210
0.0
220
1.0
230
0.0
  0
LINE
  5
7B5
330
1F
100
AcDbEntity
  8
Whole Simpsons House v1_Sketch6
100
AcDbLine
 10
232.9741560701061
 20
0.0
 30
-174.2189109905305
 11
272.6831755145505
 21
0.0
 31
-174.2189109905305
210
0.0
220
1.0
230
0.0
  0
LINE
  5
7B6
330
1F
100
AcDbEntity
  8
Whole Simpsons House v1_Sketch6
100
AcDbLine
 10
119.3412588478839
 20
0.0
 30
-231.1914637683082
 11
122.3419866256616
 21
0.0
 31
-231.1914637683082
210
0.0
220
1.0
230
0.0
  0
LINE
  5
7B7
330
1F
100
AcDbEntity
  8
Whole Simpsons House v1_Sketch6
100
AcDbLine
 10
293.4466171812172
 20
0.0
 30
-219.0629637683082
 11
296.4469921812172
 21
0.0
 31
-219.0629637683082
210
0.0
220
1.0
230
0.0
  0
LINE
  5
7B8
330
1F
100
AcDbEntity
  8
Whole Simpsons House v1_Sketch6
100
AcDbLine
 10
242.3566338478839
 20
0.0
 30
-219.0629637683082
 11
239.3559060701061
 21
0.0
 31
-219.0629637683082
210
0.0
220
1.0
230
0.0
  0
LINE
  5
7B9
330
1F
100
AcDbEntity
  8
Whole Simpsons House v1_Sketch6
100
AcDbLine
 10
96.9095310701061
 20
0.0
 30
-76.11141099053042
 11
86.90757551455054
 21
0.0
 31
-76.11141099053042
210
0.0
220
1.0
230
0.0
  0
LINE
  5
7BA
330
1F
100
AcDbEntity
  8
Whole Simpsons House v1_Sketch6
100
AcDbLine
 10
56.38912273677274
 20
0.0
 30
-76.11141099053042
 11
46.38716718121719
 21
0.0
 31
-76.11141099053042
210
0.0
220
1.0
230
0.0
  0
LINE
  5
7BB
330
1F
100
AcDbEntity
  8
Whole Simpsons House v1_Sketch6
100
AcDbLine
 10
226.1736588478839
 20
0.0
 30
-186.4867582127527
 11
223.1729310701061
 21
0.0
 31
-186.4867582127527
210
0.0
220
1.0
230
0.0
  0
LINE
  5
7BC
330
1F
100
AcDbEntity
  8
Whole Simpsons House v1_Sketch6
100
AcDbLine
 10
122.3419866256616
 20
0.0
 30
-128.137666546086
 11
119.3412588478839
 21
0.0
 31
-128.137666546086
210
0.0
220
1.0
230
0.0
  0
LINE
  5
7BD
330
1F
100
AcDbEntity
  8
Whole Simpsons House v1_Sketch6
100
AcDbLine
 10
145.799944958995
 20
0.0
 30
-8.59009710164154
 11
123.7344005145505
 21
0.0
 31
-8.59009710164154
210
0.0
220
1.0
230
0.0
  0
LINE
  5
7BE
330
1F
100
AcDbEntity
  8
Whole Simpsons House v1_Sketch6
100
AcDbLine
 10
296.4469921812172
 20
0.0
 30
-227.0646693238639
 11
293.4466171812172
 21
0.0
 31
-227.0646693238639
210
0.0
220
1.0
230
0.0
  0
LINE
  5
7BF
330
1F
100
AcDbEntity
  8
Whole Simpsons House v1_Sketch6
100
AcDbLine
 10
239.3559060701061
 20
0.0
 30
-227.0646693238639
 11
242.3566338478839
 21
0.0
 31
-227.0646693238639
210
0.0
220
1.0
230
0.0
  0
LINE
  5
7C0
330
1F
100
AcDbEntity
  8
Whole Simpsons House v1_Sketch6
100
AcDbLine
 10
290.3488755145506
 20
0.0
 30
-70.0090609905304
 11
267.0098032923283
 21
0.0
 31
-70.0090609905304
210
0.0
220
1.0
230
0.0
  0
LINE
  5
7C1
330
1F
100
AcDbEntity
  8
Whole Simpsons House v1_Sketch6
100
AcDbLine
 10
41.52694773677275
 20
0.0
 30
-186.9294943238638
 11
36.99340051455053
 21
0.0
 31
-186.9294943238638
210
0.0
220
1.0
230
0.0
  0
LINE
  5
7C2
330
1F
100
AcDbEntity
  8
Whole Simpsons House v1_Sketch6
100
AcDbLine
 10
64.00912273677275
 20
0.0
 30
-186.9294943238638
 11
59.47592829232829
 21
0.0
 31
-186.9294943238638
210
0.0
220
1.0
230
0.0
  0
LINE
  5
7C3
330
1F
100
AcDbEntity
  8
Whole Simpsons House v1_Sketch6
100
AcDbLine
 10
162.700469958995
 20
0.0
 30
-232.572941546086
 11
223.1729310701061
 21
0.0
 31
-232.572941546086
210
0.0
220
1.0
230
0.0
  0
LINE
  5
7C4
330
1F
100
AcDbEntity
  8
Whole Simpsons House v1_Sketch6
100
AcDbLine
 10
223.1729310701061
 20
0.0
 30
-224.5715887683082
 11
226.1736588478839
 21
0.0
 31
-224.5715887683082
210
0.0
220
1.0
230
0.0
  0
LINE
  5
7C5
330
1F
100
AcDbEntity
  8
Whole Simpsons House v1_Sketch6
100
AcDbLine
 10
172.0829477367728
 20
0.0
 30
-224.5715887683082
 11
169.0825727367727
 21
0.0
 31
-224.5715887683082
210
0.0
220
1.0
230
0.0
  0
LINE
  5
7C6
330
1F
100
AcDbEntity
  8
Whole Simpsons House v1_Sketch6
100
AcDbLine
 10
123.7344005145505
 20
0.0
 30
-44.24499432386377
 11
145.799944958995
 21
0.0
 31
-44.24499432386377
210
0.0
220
1.0
230
0.0
  0
LINE
  5
7C7
330
1F
100
AcDbEntity
  8
Whole Simpsons House v1_Sketch6
100
AcDbLine
 10
293.4466171812172
 20
0.0
 30
-189.8219193238638
 11
296.4469921812172
 21
0.0
 31
-189.8219193238638
210
0.0
220
1.0
230
0.0
  0
LINE
  5
7C8
330
1F
100
AcDbEntity
  8
Whole Simpsons House v1_Sketch6
100
AcDbLine
 10
151.924519958995
 20
0.0
 30
-132.1385193238638
 11
122.3419866256616
 21
0.0
 31
-132.1385193238638
210
0.0
220
1.0
230
0.0
  0
LINE
  5
7C9
330
1F
100
AcDbEntity
  8
Whole Simpsons House v1_Sketch6
100
AcDbLine
 10
127.3708338478839
 20
0.0
 30
-84.64686932386375
 11
124.3701060701061
 21
0.0
 31
-84.64686932386375
210
0.0
220
1.0
230
0.0
  0
LINE
  5
7CA
330
1F
100
AcDbEntity
  8
Whole Simpsons House v1_Sketch6
100
AcDbLine
 10
257.8495755145505
 20
0.0
 30
-84.64686932386375
 11
236.9545477367728
 21
0.0
 31
-84.64686932386375
210
0.0
220
1.0
230
0.0
  0
LINE
  5
7CB
330
1F
100
AcDbEntity
  8
Whole Simpsons House v1_Sketch6
100
AcDbLine
 10
187.0760032923283
 20
0.0
 30
-84.64686932386375
 11
167.0720921812172
 21
0.0
 31
-84.64686932386375
210
0.0
220
1.0
230
0.0
  0
LINE
  5
7CC
330
1F
100
AcDbEntity
  8
Whole Simpsons House v1_Sketch6
100
AcDbLine
 10
122.3419866256616
 20
0.0
 30
-227.1906109905304
 11
151.924519958995
 21
0.0
 31
-227.1906109905304
210
0.0
220
1.0
230
0.0
  0
LINE
  5
7CD
330
1F
100
AcDbEntity
  8
Whole Simpsons House v1_Sketch6
100
AcDbLine
 10
223.1729310701061
 20
0.0
 30
-194.4881109905305
 11
226.1736588478839
 21
0.0
 31
-194.4881109905305
210
0.0
220
1.0
230
0.0
  0
LINE
  5
7CE
330
1F
100
AcDbEntity
  8
Whole Simpsons House v1_Sketch6
100
AcDbLine
 10
106.9114866256616
 20
0.0
 30
-79.11213876830817
 11
96.9095310701061
 21
0.0
 31
-79.11213876830817
210
0.0
220
1.0
230
0.0
  0
LINE
  5
7CF
330
1F
100
AcDbEntity
  8
Whole Simpsons House v1_Sketch6
100
AcDbLine
 10
86.90757551455054
 20
0.0
 30
-79.11213876830817
 11
56.38912273677274
 21
0.0
 31
-79.11213876830817
210
0.0
220
1.0
230
0.0
  0
LINE
  5
7D0
330
1F
100
AcDbEntity
  8
Whole Simpsons House v1_Sketch6
100
AcDbLine
 10
46.38716718121719
 20
0.0
 30
-79.11213876830817
 11
35.01149495899497
 21
0.0
 31
-79.11213876830817
210
0.0
220
1.0
230
0.0
  0
LINE
  5
7D1
330
1F
100
AcDbEntity
  8
Whole Simpsons House v1_Sketch6
100
AcDbLine
 10
277.2124894034394
 20
0.0
 30
-119.7553137683082
 11
265.7369810701061
 21
0.0
 31
-119.7553137683082
210
0.0
220
1.0
230
0.0
  0
LINE
  5
7D2
330
1F
100
AcDbEntity
  8
Whole Simpsons House v1_Sketch6
100
AcDbLine
 10
307.6928421812171
 20
0.0
 30
-119.7553137683082
 11
280.2128644034394
 21
0.0
 31
-119.7553137683082
210
0.0
220
1.0
230
0.0
  0
LINE
  5
7D3
330
1F
100
AcDbEntity
  8
Whole Simpsons House v1_Sketch6
100
AcDbLine
 10
290.8096032923283
 20
0.0
 30
-166.4704998794194
 11
280.8080005145506
 21
0.0
 31
-166.4704998794194
210
0.0
220
1.0
230
0.0
  0
LINE
  5
7D4
330
1F
100
AcDbEntity
  8
Whole Simpsons House v1_Sketch6
100
AcDbLine
 10
217.2272144034394
 20
0.0
 30
-166.4704998794194
 11
180.3347727367727
 21
0.0
 31
-166.4704998794194
210
0.0
220
1.0
230
0.0
  0
LINE
  5
7D5
330
1F
100
AcDbEntity
  8
Whole Simpsons House v1_Sketch6
100
AcDbLine
 10
270.8056921812171
 20
0.0
 30
-166.4704998794194
 11
227.2288171812172
 21
0.0
 31
-166.4704998794194
210
0.0
220
1.0
230
0.0
  0
LINE
  5
7D6
330
1F
100
AcDbEntity
  8
Whole Simpsons House v1_Sketch6
100
AcDbLine
 10
170.3328171812172
 20
0.0
 30
-166.4704998794194
 11
160.3312144034394
 21
0.0
 31
-166.4704998794194
210
0.0
220
1.0
230
0.0
  0
LINE
  5
7D7
330
1F
100
AcDbEntity
  8
Whole Simpsons House v1_Sketch6
100
AcDbLine
 10
106.9114866256616
 20
0.0
 30
-99.1160498794193
 11
109.9122144034394
 21
0.0
 31
-99.1160498794193
210
0.0
220
1.0
230
0.0
  0
LINE
  5
7D8
330
1F
100
AcDbEntity
  8
Whole Simpsons House v1_Sketch6
100
AcDbLine
 10
85.3617032923283
 20
0.0
 30
-18.24879987941931
 11
91.5751782923283
 21
0.0
 31
-18.24879987941931
210
0.0
220
1.0
230
0.0
  0
LINE
  5
7D9
330
1F
100
AcDbEntity
  8
Whole Simpsons House v1_Sketch6
100
AcDbLine
 10
91.5751782923283
 20
0.0
 30
-18.24879987941931
 11
92.51391995899496
 21
0.0
 31
-18.32253043497487
210
0.0
220
1.0
230
0.0
  0
LINE
  5
7DA
330
1F
100
AcDbEntity
  8
Whole Simpsons House v1_Sketch6
100
AcDbLine
 10
294.2393088478839
 20
0.0
 30
-111.3902471016415
 11
307.6928421812171
 21
0.0
 31
-111.3902471016415
210
0.0
220
1.0
230
0.0
  0
LINE
  5
7DB
330
1F
100
AcDbEntity
  8
Whole Simpsons House v1_Sketch6
100
AcDbLine
 10
267.0098032923283
 20
0.0
 30
-92.89446099053042
 11
290.3488755145506
 21
0.0
 31
-92.89446099053042
210
0.0
220
1.0
230
0.0
  0
LINE
  5
7DC
330
1F
100
AcDbEntity
  8
Whole Simpsons House v1_Sketch6
100
AcDbLine
 10
223.1729310701061
 20
0.0
 30
-175.0183054349749
 11
162.700469958995
 21
0.0
 31
-175.0183054349749
210
0.0
220
1.0
230
0.0
  0
LINE
  5
7DD
330
1F
100
AcDbEntity
  8
Whole Simpsons House v1_Sketch6
100
AcDbLine
 10
109.9122144034394
 20
0.0
 30
-213.8284471016416
 11
106.9114866256616
 21
0.0
 31
-213.8284471016416
210
0.0
220
1.0
230
0.0
  0
LINE
  5
7DE
330
1F
100
AcDbEntity
  8
Whole Simpsons House v1_Sketch6
100
AcDbLine
 10
76.9924032923283
 20
0.0
 30
-13.60342210164152
 11
77.92973384788385
 21
0.0
 31
-13.51311099053042
210
0.0
220
1.0
230
0.0
  0
LINE
  5
7DF
330
1F
100
AcDbEntity
  8
Whole Simpsons House v1_Sketch6
100
AcDbLine
 10
280.2128644034394
 20
0.0
 30
-115.3910998794193
 11
277.2124894034394
 21
0.0
 31
-115.3910998794193
210
0.0
220
1.0
230
0.0
  0
LINE
  5
7E0
330
1F
100
AcDbEntity
  8
Whole Simpsons House v1_Sketch6
100
AcDbLine
 10
82.55359218121718
 20
0.0
 30
-230.8316304349749
 11
96.9095310701061
 21
0.0
 31
-230.8316304349749
210
0.0
220
1.0
230
0.0
  0
LINE
  5
7E1
330
1F
100
AcDbEntity
  8
Whole Simpsons House v1_Sketch6
100
AcDbLine
 10
109.9122144034394
 20
0.0
 30
-151.4710943238638
 11
106.9114866256616
 21
0.0
 31
-151.4710943238638
210
0.0
220
1.0
230
0.0
  0
LINE
  5
7E2
330
1F
100
AcDbEntity
  8
Whole Simpsons House v1_Sketch6
100
AcDbLine
 10
106.9114866256616
 20
0.0
 30
-161.4730498794194
 11
109.9122144034394
 21
0.0
 31
-161.4730498794194
210
0.0
220
1.0
230
0.0
  0
LINE
  5
7E3
330
1F
100
AcDbEntity
  8
Whole Simpsons House v1_Sketch6
100
AcDbLine
 10
226.1736588478839
 20
0.0
 30
-216.5698832127527
 11
223.1729310701061
 21
0.0
 31
-216.5698832127527
210
0.0
220
1.0
230
0.0
  0
LINE
  5
7E4
330
1F
100
AcDbEntity
  8
Whole Simpsons House v1_Sketch6
100
AcDbLine
 10
169.0825727367727
 20
0.0
 30
-216.5698832127527
 11
172.0829477367728
 21
0.0
 31
-216.5698832127527
210
0.0
220
1.0
230
0.0
  0
LINE
  5
7E5
330
1F
100
AcDbEntity
  8
Whole Simpsons House v1_Sketch6
100
AcDbLine
 10
71.24706440343942
 20
0.0
 30
-233.8323582127527
 11
82.55359218121718
 21
0.0
 31
-233.8323582127527
210
0.0
220
1.0
230
0.0
  0
LINE
  5
7E6
330
1F
100
AcDbEntity
  8
Whole Simpsons House v1_Sketch6
100
AcDbLine
 10
96.9095310701061
 20
0.0
 30
-233.8323582127527
 11
106.9114866256616
 21
0.0
 31
-233.8323582127527
210
0.0
220
1.0
230
0.0
  0
LINE
  5
7E7
330
1F
100
AcDbEntity
  8
Whole Simpsons House v1_Sketch6
100
AcDbLine
 10
109.9122144034394
 20
0.0
 30
-89.11409432386372
 11
106.9114866256616
 21
0.0
 31
-89.11409432386372
210
0.0
220
1.0
230
0.0
  0
LINE
  5
7E8
330
1F
100
AcDbEntity
  8
Whole Simpsons House v1_Sketch6
100
AcDbLine
 10
267.3230699589949
 20
0.0
 30
-32.72150821275267
 11
290.6621421812172
 21
0.0
 31
-32.72150821275267
210
0.0
220
1.0
230
0.0
  0
LINE
  5
7E9
330
1F
100
AcDbEntity
  8
Whole Simpsons House v1_Sketch6
100
AcDbLine
 10
106.9114866256616
 20
0.0
 30
-223.8304026571971
 11
109.9122144034394
 21
0.0
 31
-223.8304026571971
210
0.0
220
1.0
230
0.0
  0
LINE
  5
7EA
330
1F
100
AcDbEntity
  8
Whole Simpsons House v1_Sketch6
100
AcDbLine
 10
296.4469921812172
 20
0.0
 30
-197.8232721016415
 11
293.4466171812172
 21
0.0
 31
-197.8232721016415
210
0.0
220
1.0
230
0.0
  0
LINE
  5
7EB
330
1F
100
AcDbEntity
  8
Whole Simpsons House v1_Sketch6
100
AcDbLine
 10
45.4551282923283
 20
0.0
 30
-24.24990265719709
 11
29.39880051455053
 21
0.0
 31
-24.24990265719709
210
0.0
220
1.0
230
0.0
  0
LINE
  5
7EC
330
1F
100
AcDbEntity
  8
Whole Simpsons House v1_Sketch6
100
AcDbLine
 10
29.39880051455053
 20
0.0
 30
-24.24990265719709
 11
29.35435051455053
 21
0.0
 31
-24.24990265719709
210
0.0
220
1.0
230
0.0
  0
LINE
  5
7ED
330
1F
100
AcDbEntity
  8
Whole Simpsons House v1_Sketch6
100
AcDbLine
 10
97.57628107010608
 20
0.0
 30
-24.24990265719709
 11
91.5751782923283
 21
0.0
 31
-24.24990265719709
210
0.0
220
1.0
230
0.0
  0
LINE
  5
7EE
330
1F
100
AcDbEntity
  8
Whole Simpsons House v1_Sketch6
100
AcDbLine
 10
73.51613107010608
 20
0.0
 30
-24.24990265719709
 11
63.51417551455051
 21
0.0
 31
-24.24990265719709
210
0.0
220
1.0
230
0.0
  0
LINE
  5
7EF
330
1F
100
AcDbEntity
  8
Whole Simpsons House v1_Sketch6
100
AcDbLine
 10
77.92973384788385
 20
0.0
 30
-13.51311099053042
 11
78.86988662566165
 21
0.0
 31
-13.51311099053042
210
0.0
220
1.0
230
0.0
  0
LINE
  5
7F0
330
1F
100
AcDbEntity
  8
Whole Simpsons House v1_Sketch6
100
AcDbLine
 10
59.10057273677274
 20
0.0
 30
-13.51311099053042
 11
60.03790329232829
 21
0.0
 31
-13.54525833622269
210
0.0
220
1.0
230
0.0
  0
LINE
  5
7F1
330
1F
100
AcDbEntity
  8
Whole Simpsons House v1_Sketch6
100
AcDbLine
 10
81.45821718121722
 20
0.0
 30
-37.72495543497488
 11
55.5720894034394
 21
0.0
 31
-37.72495543497488
210
0.0
220
1.0
230
0.0
  0
LINE
  5
7F2
330
1F
100
AcDbEntity
  8
Whole Simpsons House v1_Sketch6
100
AcDbLine
 10
33.11319773677275
 20
0.0
 30
-16.56111099053042
 11
33.78030051455053
 21
0.0
 31
-16.51736654608598
210
0.0
220
1.0
230
0.0
  0
LINE
  5
7F3
330
1F
100
AcDbEntity
  8
Whole Simpsons House v1_Sketch6
100
AcDbLine
 10
51.32640884788385
 20
0.0
 30
-16.78900543497486
 11
53.17849218121718
 21
0.0
 31
-16.78900543497486
210
0.0
220
1.0
230
0.0
  0
LINE
  5
7F4
330
1F
100
AcDbEntity
  8
Whole Simpsons House v1_Sketch6
100
AcDbLine
 10
322.7582171812173
 20
0.0
 30
-131.1775526571971
 11
322.2897282923283
 21
0.0
 31
-131.1313387683083
210
0.0
220
1.0
230
0.0
  0
LINE
  5
7F5
330
1F
100
AcDbEntity
  8
Whole Simpsons House v1_Sketch6
100
AcDbLine
 10
322.7688005145505
 20
0.0
 30
-131.1775526571971
 11
322.7582171812173
 21
0.0
 31
-131.1775526571971
210
0.0
220
1.0
230
0.0
  0
LINE
  5
7F6
330
1F
100
AcDbEntity
  8
Whole Simpsons House v1_Sketch6
100
AcDbLine
 10
323.2372894034394
 20
0.0
 30
-131.223766546086
 11
322.7582171812173
 21
0.0
 31
-131.1775526571971
210
0.0
220
1.0
230
0.0
  0
LINE
  5
7F7
330
1F
100
AcDbEntity
  8
Whole Simpsons House v1_Sketch6
100
AcDbLine
 10
316.3567116256617
 20
0.0
 30
-186.6786693238638
 11
325.1694532923283
 21
0.0
 31
-186.6786693238638
210
0.0
220
1.0
230
0.0
  0
LINE
  5
7F8
330
1F
100
AcDbEntity
  8
Whole Simpsons House v1_Sketch6
100
AcDbLine
 10
319.3574394034394
 20
0.0
 30
-176.2258637683083
 11
316.3567116256617
 21
0.0
 31
-176.2258637683083
210
0.0
220
1.0
230
0.0
  0
LINE
  5
7F9
330
1F
100
AcDbEntity
  8
Whole Simpsons House v1_Sketch6
100
AcDbLine
 10
302.8816588478838
 20
0.0
 30
-171.2248859905305
 11
305.8823866256617
 21
0.0
 31
-171.2248859905305
210
0.0
220
1.0
230
0.0
  0
LINE
  5
7FA
330
1F
100
AcDbEntity
  8
Whole Simpsons House v1_Sketch6
100
AcDbLine
 10
304.4151838478838
 20
0.0
 30
-81.90366932386371
 11
320.7018755145506
 21
0.0
 31
-81.90366932386371
210
0.0
220
1.0
230
0.0
  0
LINE
  5
7FB
330
1F
100
AcDbEntity
  8
Whole Simpsons House v1_Sketch6
100
AcDbLine
 10
316.9589032923283
 20
0.0
 30
-8.32657210164154
 11
316.4904144034394
 21
0.0
 31
-8.280005434974877
210
0.0
220
1.0
230
0.0
  0
LINE
  5
7FC
330
1F
100
AcDbEntity
  8
Whole Simpsons House v1_Sketch6
100
AcDbLine
 10
305.8823866256617
 20
0.0
 30
-173.2251359905304
 11
319.3574394034394
 21
0.0
 31
-173.2251359905304
210
0.0
220
1.0
230
0.0
  0
LINE
  5
7FD
330
1F
100
AcDbEntity
  8
Whole Simpsons House v1_Sketch6
100
AcDbLine
 10
304.4151838478838
 20
0.0
 30
-61.01887210164152
 11
301.4148088478838
 21
0.0
 31
-61.01887210164152
210
0.0
220
1.0
230
0.0
  0
LINE
  5
7FE
330
1F
100
AcDbEntity
  8
Whole Simpsons House v1_Sketch6
100
AcDbLine
 10
316.3567116256617
 20
0.0
 30
-139.6604471016416
 11
313.3563366256617
 21
0.0
 31
-139.6604471016416
210
0.0
220
1.0
230
0.0
  0
LINE
  5
7FF
330
1F
100
AcDbEntity
  8
Whole Simpsons House v1_Sketch6
100
AcDbLine
 10
313.3563366256617
 20
0.0
 30
-128.1768248794194
 11
316.3567116256617
 21
0.0
 31
-128.1768248794194
210
0.0
220
1.0
230
0.0
  0
LINE
  5
800
330
1F
100
AcDbEntity
  8
Whole Simpsons House v1_Sketch6
100
AcDbLine
 10
301.4148088478838
 20
0.0
 30
-72.94170265719706
 11
304.4151838478838
 21
0.0
 31
-72.94170265719706
210
0.0
220
1.0
230
0.0
  0
LINE
  5
801
330
1F
100
AcDbEntity
  8
Whole Simpsons House v1_Sketch6
100
AcDbLine
 10
302.8816588478838
 20
0.0
 30
-164.2631693238638
 11
305.8823866256617
 21
0.0
 31
-164.2631693238638
210
0.0
220
1.0
230
0.0
  0
LINE
  5
802
330
1F
100
AcDbEntity
  8
Whole Simpsons House v1_Sketch6
100
AcDbLine
 10
316.4904144034394
 20
0.0
 30
-8.280005434974877
 11
314.8902144034394
 21
0.0
 31
-8.280005434974877
210
0.0
220
1.0
230
0.0
  0
LINE
  5
803
330
1F
100
AcDbEntity
  8
Whole Simpsons House v1_Sketch6
100
AcDbLine
 10
305.8823866256617
 20
0.0
 30
-166.2634193238638
 11
302.8816588478838
 21
0.0
 31
-166.2634193238638
210
0.0
220
1.0
230
0.0
  0
LINE
  5
804
330
1F
100
AcDbEntity
  8
Whole Simpsons House v1_Sketch6
100
AcDbLine
 10
310.3556088478838
 20
0.0
 30
-125.1764498794193
 11
313.3563366256617
 21
0.0
 31
-125.1764498794193
210
0.0
220
1.0
230
0.0
  0
LINE
  5
805
330
1F
100
AcDbEntity
  8
Whole Simpsons House v1_Sketch6
100
AcDbLine
 10
318.4254005145505
 20
0.0
 30
-99.64803876830818
 11
317.9572644034394
 21
0.0
 31
-99.60147210164148
210
0.0
220
1.0
230
0.0
  0
LINE
  5
806
330
1F
100
AcDbEntity
  8
Whole Simpsons House v1_Sketch6
100
AcDbLine
 10
301.4148088478838
 20
0.0
 30
-65.97998599053038
 11
304.4151838478838
 21
0.0
 31
-65.97998599053038
210
0.0
220
1.0
230
0.0
  0
LINE
  5
807
330
1F
100
AcDbEntity
  8
Whole Simpsons House v1_Sketch6
100
AcDbLine
 10
301.4148088478838
 20
0.0
 30
-79.90341932386373
 11
304.4151838478838
 21
0.0
 31
-79.90341932386373
210
0.0
220
1.0
230
0.0
  0
LINE
  5
808
330
1F
100
AcDbEntity
  8
Whole Simpsons House v1_Sketch6
100
AcDbLine
 10
301.4148088478838
 20
0.0
 30
-59.01826932386376
 11
304.4151838478838
 21
0.0
 31
-59.01826932386376
210
0.0
220
1.0
230
0.0
  0
LINE
  5
809
330
1F
100
AcDbEntity
  8
Whole Simpsons House v1_Sketch6
100
AcDbLine
 10
308.8887588478839
 20
0.0
 30
-33.85498321275266
 11
311.8894866256616
 21
0.0
 31
-33.85498321275266
210
0.0
220
1.0
230
0.0
  0
LINE
  5
80A
330
1F
100
AcDbEntity
  8
Whole Simpsons House v1_Sketch6
100
AcDbLine
 10
316.3567116256617
 20
0.0
 30
-107.3036693238637
 11
313.3563366256617
 21
0.0
 31
-107.3036693238637
210
0.0
220
1.0
230
0.0
  0
LINE
  5
80B
330
1F
100
AcDbEntity
  8
Whole Simpsons House v1_Sketch6
100
AcDbLine
 10
302.8816588478838
 20
0.0
 30
-157.3014526571972
 11
305.8823866256617
 21
0.0
 31
-157.3014526571972
210
0.0
220
1.0
230
0.0
  0
LINE
  5
80C
330
1F
100
AcDbEntity
  8
Whole Simpsons House v1_Sketch6
100
AcDbLine
 10
314.8902144034394
 20
0.0
 30
-48.33898043497489
 11
311.8894866256616
 21
0.0
 31
-48.33898043497489
210
0.0
220
1.0
230
0.0
  0
LINE
  5
80D
330
1F
100
AcDbEntity
  8
Whole Simpsons House v1_Sketch6
100
AcDbLine
 10
311.8894866256616
 20
0.0
 30
-36.85571099053044
 11
314.8902144034394
 21
0.0
 31
-36.85571099053044
210
0.0
220
1.0
230
0.0
  0
LINE
  5
80E
330
1F
100
AcDbEntity
  8
Whole Simpsons House v1_Sketch6
100
AcDbLine
 10
302.8816588478838
 20
0.0
 30
-150.3397359905305
 11
305.8823866256617
 21
0.0
 31
-150.3397359905305
210
0.0
220
1.0
230
0.0
  0
LINE
  5
80F
330
1F
100
AcDbEntity
  8
Whole Simpsons House v1_Sketch6
100
AcDbLine
 10
305.8823866256617
 20
0.0
 30
-159.3017026571971
 11
302.8816588478838
 21
0.0
 31
-159.3017026571971
210
0.0
220
1.0
230
0.0
  0
LINE
  5
810
330
1F
100
AcDbEntity
  8
Whole Simpsons House v1_Sketch6
100
AcDbLine
 10
317.9572644034394
 20
0.0
 30
-99.60147210164148
 11
316.3567116256617
 21
0.0
 31
-99.60147210164148
210
0.0
220
1.0
230
0.0
  0
LINE
  5
811
330
1F
100
AcDbEntity
  8
Whole Simpsons House v1_Sketch6
100
AcDbLine
 10
32.86201995899496
 20
0.0
 30
-179.7416471016416
 11
42.86397551455052
 21
0.0
 31
-179.7416471016416
210
0.0
220
1.0
230
0.0
  0
LINE
  5
812
330
1F
100
AcDbEntity
  8
Whole Simpsons House v1_Sketch6
100
AcDbLine
 10
52.86593107010606
 20
0.0
 30
-179.7416471016416
 11
61.24510884788386
 21
0.0
 31
-179.7416471016416
210
0.0
220
1.0
230
0.0
  0
LINE
  5
813
330
1F
100
AcDbEntity
  8
Whole Simpsons House v1_Sketch6
100
AcDbLine
 10
96.9095310701061
 20
0.0
 30
-179.7416471016416
 11
86.90757551455054
 21
0.0
 31
-179.7416471016416
210
0.0
220
1.0
230
0.0
  0
LINE
  5
814
330
1F
100
AcDbEntity
  8
Whole Simpsons House v1_Sketch6
100
AcDbLine
 10
101.8780532923283
 20
0.0
 30
-11.72382210164153
 11
112.9679755145505
 21
0.0
 31
-11.72382210164153
210
0.0
220
1.0
230
0.0
  0
LINE
  5
815
330
1F
100
AcDbEntity
  8
Whole Simpsons House v1_Sketch6
100
AcDbLine
 10
15.91563384788385
 20
0.0
 30
-11.72382210164153
 11
23.89017551455053
 21
0.0
 31
-11.72382210164153
210
0.0
220
1.0
230
0.0
  0
LINE
  5
816
330
1F
100
AcDbEntity
  8
Whole Simpsons House v1_Sketch6
100
AcDbLine
 10
236.9545477367728
 20
0.0
 30
-105.5962248794193
 11
257.8495755145505
 21
0.0
 31
-105.5962248794193
210
0.0
220
1.0
230
0.0
  0
LINE
  5
817
330
1F
100
AcDbEntity
  8
Whole Simpsons House v1_Sketch6
100
AcDbLine
 10
304.4151838478838
 20
0.0
 30
-67.98023599053037
 11
301.4148088478838
 21
0.0
 31
-67.98023599053037
210
0.0
220
1.0
230
0.0
  0
LINE
  5
818
330
1F
100
AcDbEntity
  8
Whole Simpsons House v1_Sketch6
100
AcDbLine
 10
12.91525884788385
 20
0.0
 30
-21.72577765719708
 11
15.91563384788385
 21
0.0
 31
-21.72577765719708
210
0.0
220
1.0
230
0.0
  0
LINE
  5
819
330
1F
100
AcDbEntity
  8
Whole Simpsons House v1_Sketch6
100
AcDbLine
 10
112.9679755145505
 20
0.0
 30
-21.72577765719708
 11
115.9683505145505
 21
0.0
 31
-21.72577765719708
210
0.0
220
1.0
230
0.0
  0
LINE
  5
81A
330
1F
100
AcDbEntity
  8
Whole Simpsons House v1_Sketch6
100
AcDbLine
 10
311.8894866256616
 20
0.0
 30
-18.98293043497485
 11
308.8887588478839
 21
0.0
 31
-18.98293043497485
210
0.0
220
1.0
230
0.0
  0
LINE
  5
81B
330
1F
100
AcDbEntity
  8
Whole Simpsons House v1_Sketch6
100
AcDbLine
 10
314.8902144034394
 20
0.0
 30
-15.98220265719708
 11
311.8894866256616
 21
0.0
 31
-15.98220265719708
210
0.0
220
1.0
230
0.0
  0
LINE
  5
81C
330
1F
100
AcDbEntity
  8
Whole Simpsons House v1_Sketch6
100
AcDbLine
 10
257.8495755145505
 20
0.0
 30
-34.529141546086
 11
260.8499505145505
 21
0.0
 31
-34.529141546086
210
0.0
220
1.0
230
0.0
  0
LINE
  5
81D
330
1F
100
AcDbEntity
  8
Whole Simpsons House v1_Sketch6
100
AcDbLine
 10
58.16041995899496
 20
0.0
 30
-13.57061376830819
 11
59.10057273677274
 21
0.0
 31
-13.51311099053042
210
0.0
220
1.0
230
0.0
  0
LINE
  5
81E
330
1F
100
AcDbEntity
  8
Whole Simpsons House v1_Sketch6
100
AcDbLine
 10
257.8495755145505
 20
0.0
 30
-108.5969526571971
 11
236.9545477367728
 21
0.0
 31
-108.5969526571971
210
0.0
220
1.0
230
0.0
  0
LINE
  5
81F
330
1F
100
AcDbEntity
  8
Whole Simpsons House v1_Sketch6
100
AcDbLine
 10
15.91563384788385
 20
0.0
 30
-36.08206932386377
 11
12.91525884788385
 21
0.0
 31
-36.08206932386377
210
0.0
220
1.0
230
0.0
  0
LINE
  5
820
330
1F
100
AcDbEntity
  8
Whole Simpsons House v1_Sketch6
100
AcDbLine
 10
115.9683505145505
 20
0.0
 30
-36.08206932386377
 11
112.9679755145505
 21
0.0
 31
-36.08206932386377
210
0.0
220
1.0
230
0.0
  0
LINE
  5
821
330
1F
100
AcDbEntity
  8
Whole Simpsons House v1_Sketch6
100
AcDbLine
 10
257.8495755145505
 20
0.0
 30
-14.52523043497486
 11
247.847619958995
 21
0.0
 31
-14.52523043497486
210
0.0
220
1.0
230
0.0
  0
LINE
  5
822
330
1F
100
AcDbEntity
  8
Whole Simpsons House v1_Sketch6
100
AcDbLine
 10
237.8456644034394
 20
0.0
 30
-14.52523043497486
 11
190.7748782923283
 21
0.0
 31
-14.52523043497486
210
0.0
220
1.0
230
0.0
  0
LINE
  5
823
330
1F
100
AcDbEntity
  8
Whole Simpsons House v1_Sketch6
100
AcDbLine
 10
180.7732755145505
 20
0.0
 30
-14.52523043497486
 11
168.0157727367727
 21
0.0
 31
-14.52523043497486
210
0.0
220
1.0
230
0.0
  0
LINE
  5
824
330
1F
100
AcDbEntity
  8
Whole Simpsons House v1_Sketch6
100
AcDbLine
 10
304.4151838478838
 20
0.0
 30
-74.94230543497486
 11
301.4148088478838
 21
0.0
 31
-74.94230543497486
210
0.0
220
1.0
230
0.0
  0
LINE
  5
825
330
1F
100
AcDbEntity
  8
Whole Simpsons House v1_Sketch6
100
AcDbLine
 10
305.8823866256617
 20
0.0
 30
-152.3399859905305
 11
302.8816588478838
 21
0.0
 31
-152.3399859905305
210
0.0
220
1.0
230
0.0
  0
LINE
  5
826
330
1F
100
AcDbEntity
  8
Whole Simpsons House v1_Sketch6
100
AcDbLine
 10
313.3563366256617
 20
0.0
 30
-110.3043971016415
 11
310.3556088478838
 21
0.0
 31
-110.3043971016415
210
0.0
220
1.0
230
0.0
  0
LINE
  5
827
330
1F
100
AcDbEntity
  8
Whole Simpsons House v1_Sketch6
100
AcDbLine
 10
61.24510884788386
 20
0.0
 30
-176.7412721016416
 11
71.24706440343942
 21
0.0
 31
-176.7412721016416
210
0.0
220
1.0
230
0.0
  0
LINE
  5
828
330
1F
100
AcDbEntity
  8
Whole Simpsons House v1_Sketch6
100
AcDbLine
 10
42.86397551455052
 20
0.0
 30
-176.7412721016416
 11
52.86593107010606
 21
0.0
 31
-176.7412721016416
210
0.0
220
1.0
230
0.0
  0
LINE
  5
829
330
1F
100
AcDbEntity
  8
Whole Simpsons House v1_Sketch6
100
AcDbLine
 10
86.90757551455054
 20
0.0
 30
-176.7412721016416
 11
96.9095310701061
 21
0.0
 31
-176.7412721016416
210
0.0
220
1.0
230
0.0
  0
LINE
  5
82A
330
1F
100
AcDbEntity
  8
Whole Simpsons House v1_Sketch6
100
AcDbLine
 10
23.89017551455053
 20
0.0
 30
-42.30648043497487
 11
101.8780532923283
 21
0.0
 31
-42.30648043497487
210
0.0
220
1.0
230
0.0
  0
LINE
  5
82B
330
1F
100
AcDbEntity
  8
Whole Simpsons House v1_Sketch6
100
AcDbLine
 10
257.8495755145505
 20
0.0
 30
-78.7226721016415
 11
260.8499505145505
 21
0.0
 31
-78.7226721016415
210
0.0
220
1.0
230
0.0
  0
LINE
  5
82C
330
1F
100
AcDbEntity
  8
Whole Simpsons House v1_Sketch6
100
AcDbLine
 10
66.30076718121721
 20
0.0
 30
-18.43788876830819
 11
67.01478940343941
 21
0.0
 31
-18.43788876830819
210
0.0
220
1.0
230
0.0
  0
LINE
  5
82D
330
1F
100
AcDbEntity
  8
Whole Simpsons House v1_Sketch6
100
AcDbLine
 10
70.01551718121716
 20
0.0
 30
-18.43788876830819
 11
70.72953940343943
 21
0.0
 31
-18.43788876830819
210
0.0
220
1.0
230
0.0
  0
LINE
  5
82E
330
1F
100
AcDbEntity
  8
Whole Simpsons House v1_Sketch6
100
AcDbLine
 10
260.8499505145505
 20
0.0
 30
-68.72036376830818
 11
257.8495755145505
 21
0.0
 31
-68.72036376830818
210
0.0
220
1.0
230
0.0
  0
LINE
  5
82F
330
1F
100
AcDbEntity
  8
Whole Simpsons House v1_Sketch6
100
AcDbLine
 10
260.8499505145505
 20
0.0
 30
-24.52718599053042
 11
257.8495755145505
 21
0.0
 31
-24.52718599053042
210
0.0
220
1.0
230
0.0
  0
LINE
  5
830
330
1F
100
AcDbEntity
  8
Whole Simpsons House v1_Sketch6
100
AcDbLine
 10
64.44162829232829
 20
0.0
 30
-65.13825821275262
 11
61.4412532923283
 21
0.0
 31
-65.13825821275262
210
0.0
220
1.0
230
0.0
  0
LINE
  5
831
330
1F
100
AcDbEntity
  8
Whole Simpsons House v1_Sketch6
100
AcDbLine
 10
190.7748782923283
 20
0.0
 30
-11.52485543497486
 11
180.7732755145505
 21
0.0
 31
-11.52485543497486
210
0.0
220
1.0
230
0.0
  0
LINE
  5
832
330
1F
100
AcDbEntity
  8
Whole Simpsons House v1_Sketch6
100
AcDbLine
 10
247.847619958995
 20
0.0
 30
-11.52485543497486
 11
237.8456644034394
 21
0.0
 31
-11.52485543497486
210
0.0
220
1.0
230
0.0
  0
LINE
  5
833
330
1F
100
AcDbEntity
  8
Whole Simpsons House v1_Sketch6
100
AcDbLine
 10
67.01478940343941
 20
0.0
 30
-21.24952765719708
 11
70.01551718121716
 21
0.0
 31
-21.24952765719708
210
0.0
220
1.0
230
0.0
  0
LINE
  5
834
330
1F
100
AcDbEntity
  8
Whole Simpsons House v1_Sketch6
100
AcDbLine
 10
6.853285263093322
 20
0.0
 30
-95.71483941984378
 11
9.854013040871099
 21
0.0
 31
-95.71483941984378
210
0.0
220
1.0
230
0.0
  0
LINE
  5
835
330
1F
100
AcDbEntity
  8
Whole Simpsons House v1_Sketch6
100
AcDbLine
 10
17.02774915198221
 20
0.0
 30
-95.71483941984378
 11
20.0281241519822
 21
0.0
 31
-95.71483941984378
210
0.0
220
1.0
230
0.0
  0
LINE
  5
836
330
1F
100
AcDbEntity
  8
Whole Simpsons House v1_Sketch6
100
AcDbLine
 10
17.02774915198221
 20
0.0
 30
-85.16537275317712
 11
9.854013040871099
 21
0.0
 31
-85.16537275317712
210
0.0
220
1.0
230
0.0
  0
LINE
  5
837
330
1F
100
AcDbEntity
  8
Whole Simpsons House v1_Sketch6
100
AcDbLine
 10
259.0218560701061
 20
0.0
 30
-139.520041546086
 11
270.8056921812171
 21
0.0
 31
-139.520041546086
210
0.0
220
1.0
230
0.0
  0
LINE
  5
838
330
1F
100
AcDbEntity
  8
Whole Simpsons House v1_Sketch6
100
AcDbLine
 10
280.8080005145506
 20
0.0
 30
-139.520041546086
 11
290.8096032923283
 21
0.0
 31
-139.520041546086
210
0.0
220
1.0
230
0.0
  0
LINE
  5
839
330
1F
100
AcDbEntity
  8
Whole Simpsons House v1_Sketch6
100
AcDbLine
 10
247.5805671812172
 20
0.0
 30
-139.520041546086
 11
249.0199005145506
 21
0.0
 31
-139.520041546086
210
0.0
220
1.0
230
0.0
  0
LINE
  5
83A
330
1F
100
AcDbEntity
  8
Whole Simpsons House v1_Sketch6
100
AcDbLine
 10
157.3304866256616
 20
0.0
 30
-155.4190304349749
 11
160.3312144034394
 21
0.0
 31
-155.4190304349749
210
0.0
220
1.0
230
0.0
  0
LINE
  5
83B
330
1F
100
AcDbEntity
  8
Whole Simpsons House v1_Sketch6
100
AcDbLine
 10
217.2272144034394
 20
0.0
 30
-155.4190304349749
 11
227.2288171812172
 21
0.0
 31
-155.4190304349749
210
0.0
220
1.0
230
0.0
  0
LINE
  5
83C
330
1F
100
AcDbEntity
  8
Whole Simpsons House v1_Sketch6
100
AcDbLine
 10
170.3328171812172
 20
0.0
 30
-155.4190304349749
 11
180.3347727367727
 21
0.0
 31
-155.4190304349749
210
0.0
220
1.0
230
0.0
  0
LINE
  5
83D
330
1F
100
AcDbEntity
  8
Whole Simpsons House v1_Sketch6
100
AcDbLine
 10
321.3019505145504
 20
0.0
 30
-39.90229987941934
 11
320.8228782923284
 21
0.0
 31
-39.81022487941932
210
0.0
220
1.0
230
0.0
  0
LINE
  5
83E
330
1F
100
AcDbEntity
  8
Whole Simpsons House v1_Sketch6
100
AcDbLine
 10
180.3347727367727
 20
0.0
 30
-163.4701248794194
 11
170.3328171812172
 21
0.0
 31
-163.4701248794194
210
0.0
220
1.0
230
0.0
  0
LINE
  5
83F
330
1F
100
AcDbEntity
  8
Whole Simpsons House v1_Sketch6
100
AcDbLine
 10
227.2288171812172
 20
0.0
 30
-163.4701248794194
 11
217.2272144034394
 21
0.0
 31
-163.4701248794194
210
0.0
220
1.0
230
0.0
  0
LINE
  5
840
330
1F
100
AcDbEntity
  8
Whole Simpsons House v1_Sketch6
100
AcDbLine
 10
280.8080005145506
 20
0.0
 30
-163.4701248794194
 11
270.8056921812171
 21
0.0
 31
-163.4701248794194
210
0.0
220
1.0
230
0.0
  0
LINE
  5
841
330
1F
100
AcDbEntity
  8
Whole Simpsons House v1_Sketch6
100
AcDbLine
 10
160.3312144034394
 20
0.0
 30
-163.4701248794194
 11
157.3304866256616
 21
0.0
 31
-163.4701248794194
210
0.0
220
1.0
230
0.0
  0
LINE
  5
842
330
1F
100
AcDbEntity
  8
Whole Simpsons House v1_Sketch6
100
AcDbLine
 10
314.8902144034394
 20
0.0
 30
-95.35720265719705
 11
323.7026032923284
 21
0.0
 31
-95.35720265719705
210
0.0
220
1.0
230
0.0
  0
LINE
  5
843
330
1F
100
AcDbEntity
  8
Whole Simpsons House v1_Sketch6
100
AcDbLine
 10
270.8056921812171
 20
0.0
 30
-142.520416546086
 11
280.8080005145506
 21
0.0
 31
-142.520416546086
210
0.0
220
1.0
230
0.0
  0
LINE
  5
844
330
1F
100
AcDbEntity
  8
Whole Simpsons House v1_Sketch6
100
AcDbLine
 10
249.0199005145506
 20
0.0
 30
-142.520416546086
 11
259.0218560701061
 21
0.0
 31
-142.520416546086
210
0.0
220
1.0
230
0.0
  0
LINE
  5
845
330
1F
100
AcDbEntity
  8
Whole Simpsons House v1_Sketch6
100
AcDbLine
 10
320.7018755145506
 20
0.0
 30
-84.90439710164152
 11
314.8902144034394
 21
0.0
 31
-84.90439710164152
210
0.0
220
1.0
230
0.0
  0
LINE
  5
846
330
1F
100
AcDbEntity
  8
Whole Simpsons House v1_Sketch6
100
AcDbLine
 10
9.854013040871099
 20
0.0
 30
-89.71373664206601
 11
6.853285263093322
 21
0.0
 31
-89.71373664206601
210
0.0
220
1.0
230
0.0
  0
LINE
  5
847
330
1F
100
AcDbEntity
  8
Whole Simpsons House v1_Sketch6
100
AcDbLine
 10
20.0281241519822
 20
0.0
 30
-89.71373664206601
 11
17.02774915198221
 21
0.0
 31
-89.71373664206601
210
0.0
220
1.0
230
0.0
  0
LINE
  5
848
330
1F
100
AcDbEntity
  8
Whole Simpsons House v1_Sketch6
100
AcDbLine
 10
321.7700866256617
 20
0.0
 30
-39.90229987941932
 11
321.3019505145505
 21
0.0
 31
-39.90229987941932
210
0.0
220
1.0
230
0.0
  0
LINE
  5
849
330
1F
100
AcDbEntity
  8
Whole Simpsons House v1_Sketch6
100
AcDbLine
 10
9.854013040871099
 20
0.0
 30
-100.2632033087327
 11
17.02774915198221
 21
0.0
 31
-100.2632033087327
210
0.0
220
1.0
230
0.0
  0
LINE
  5
84A
330
1F
100
AcDbEntity
  8
Whole Simpsons House v1_Sketch6
100
AcDbLine
 10
75.8289421812172
 20
0.0
 30
-229.8315054349749
 11
75.55201162566162
 21
0.0
 31
-229.8315054349749
210
0.0
220
1.0
230
0.0
  0
LINE
  5
84B
330
1F
100
AcDbEntity
  8
Whole Simpsons House v1_Sketch6
100
AcDbLine
 10
76.37821718121721
 20
0.0
 30
-229.7591859905305
 11
76.10587273677275
 21
0.0
 31
-229.7591859905305
210
0.0
220
1.0
230
0.0
  0
LINE
  5
84C
330
1F
100
AcDbEntity
  8
Whole Simpsons House v1_Sketch6
100
AcDbLine
 10
75.27966718121718
 20
0.0
 30
-229.7591859905305
 11
75.01684773677275
 21
0.0
 31
-229.7591859905305
210
0.0
220
1.0
230
0.0
  0
LINE
  5
84D
330
1F
100
AcDbEntity
  8
Whole Simpsons House v1_Sketch6
100
AcDbLine
 10
227.2288171812172
 20
0.0
 30
-152.4186554349749
 11
237.2311255145505
 21
0.0
 31
-152.4186554349749
210
0.0
220
1.0
230
0.0
  0
LINE
  5
84E
330
1F
100
AcDbEntity
  8
Whole Simpsons House v1_Sketch6
100
AcDbLine
 10
180.3347727367727
 20
0.0
 30
-152.4186554349749
 11
217.2272144034394
 21
0.0
 31
-152.4186554349749
210
0.0
220
1.0
230
0.0
  0
LINE
  5
84F
330
1F
100
AcDbEntity
  8
Whole Simpsons House v1_Sketch6
100
AcDbLine
 10
160.3312144034394
 20
0.0
 30
-152.4186554349749
 11
170.3328171812172
 21
0.0
 31
-152.4186554349749
210
0.0
220
1.0
230
0.0
  0
LINE
  5
850
330
1F
100
AcDbEntity
  8
Whole Simpsons House v1_Sketch6
100
AcDbLine
 10
76.64068384788386
 20
0.0
 30
-229.6699332127527
 11
76.37821718121721
 21
0.0
 31
-229.6699332127527
210
0.0
220
1.0
230
0.0
  0
LINE
  5
851
330
1F
100
AcDbEntity
  8
Whole Simpsons House v1_Sketch6
100
AcDbLine
 10
269.3236727367727
 20
0.0
 30
-11.83635821275265
 11
288.6615394034393
 21
0.0
 31
-11.83635821275265
210
0.0
220
1.0
230
0.0
  0
LINE
  5
852
330
1F
100
AcDbEntity
  8
Whole Simpsons House v1_Sketch6
100
AcDbLine
 10
269.3236727367727
 20
0.0
 30
-25.75979154608598
 11
288.6615394034393
 21
0.0
 31
-25.75979154608598
210
0.0
220
1.0
230
0.0
  0
LINE
  5
853
330
1F
100
AcDbEntity
  8
Whole Simpsons House v1_Sketch6
100
AcDbLine
 10
75.55201162566162
 20
0.0
 30
-229.8131609905305
 11
75.27966718121718
 21
0.0
 31
-229.8131609905305
210
0.0
220
1.0
230
0.0
  0
LINE
  5
854
330
1F
100
AcDbEntity
  8
Whole Simpsons House v1_Sketch6
100
AcDbLine
 10
76.10587273677275
 20
0.0
 30
-229.8131609905305
 11
75.8289421812172
 21
0.0
 31
-229.8131609905305
210
0.0
220
1.0
230
0.0
  0
LINE
  5
855
330
1F
100
AcDbEntity
  8
Whole Simpsons House v1_Sketch6
100
AcDbLine
 10
269.3236727367727
 20
0.0
 30
-18.7980748794193
 11
288.6615394034393
 21
0.0
 31
-18.7980748794193
210
0.0
220
1.0
230
0.0
  0
LINE
  5
856
330
1F
100
AcDbEntity
  8
Whole Simpsons House v1_Sketch6
100
AcDbLine
 10
288.6615394034393
 20
0.0
 30
-30.72125821275264
 11
269.3236727367727
 21
0.0
 31
-30.72125821275264
210
0.0
220
1.0
230
0.0
  0
LINE
  5
857
330
1F
100
AcDbEntity
  8
Whole Simpsons House v1_Sketch6
100
AcDbLine
 10
51.6717782923283
 20
0.0
 30
-228.315266546086
 11
50.5016144034394
 21
0.0
 31
-228.3918193238639
210
0.0
220
1.0
230
0.0
  0
LINE
  5
858
330
1F
100
AcDbEntity
  8
Whole Simpsons House v1_Sketch6
100
AcDbLine
 10
169.0825727367727
 20
0.0
 30
-189.2962804349749
 11
172.0829477367728
 21
0.0
 31
-189.2962804349749
210
0.0
220
1.0
230
0.0
  0
LINE
  5
859
330
1F
100
AcDbEntity
  8
Whole Simpsons House v1_Sketch6
100
AcDbLine
 10
288.6615394034393
 20
0.0
 30
-16.7978248794193
 11
269.3236727367727
 21
0.0
 31
-16.7978248794193
210
0.0
220
1.0
230
0.0
  0
LINE
  5
85A
330
1F
100
AcDbEntity
  8
Whole Simpsons House v1_Sketch6
100
AcDbLine
 10
288.6615394034393
 20
0.0
 30
-23.75954154608598
 11
269.3236727367727
 21
0.0
 31
-23.75954154608598
210
0.0
220
1.0
230
0.0
  0
LINE
  5
85B
330
1F
100
AcDbEntity
  8
Whole Simpsons House v1_Sketch6
100
AcDbLine
 10
50.5016144034394
 20
0.0
 30
-228.3918193238639
 11
49.33074495899496
 21
0.0
 31
-228.3918193238639
210
0.0
220
1.0
230
0.0
  0
LINE
  5
85C
330
1F
100
AcDbEntity
  8
Whole Simpsons House v1_Sketch6
100
AcDbLine
 10
75.01684773677275
 20
0.0
 30
-225.7495137683082
 11
75.27966718121718
 21
0.0
 31
-225.7495137683082
210
0.0
220
1.0
230
0.0
  0
LINE
  5
85D
330
1F
100
AcDbEntity
  8
Whole Simpsons House v1_Sketch6
100
AcDbLine
 10
269.0104060701062
 20
0.0
 30
-78.97102765719707
 11
288.3486255145506
 21
0.0
 31
-78.97102765719707
210
0.0
220
1.0
230
0.0
  0
LINE
  5
85E
330
1F
100
AcDbEntity
  8
Whole Simpsons House v1_Sketch6
100
AcDbLine
 10
239.3559060701061
 20
0.0
 30
-196.5190526571971
 11
242.3566338478839
 21
0.0
 31
-196.5190526571971
210
0.0
220
1.0
230
0.0
  0
LINE
  5
85F
330
1F
100
AcDbEntity
  8
Whole Simpsons House v1_Sketch6
100
AcDbLine
 10
126.7351282923283
 20
0.0
 30
-11.59047210164153
 11
142.7992171812172
 21
0.0
 31
-11.59047210164153
210
0.0
220
1.0
230
0.0
  0
LINE
  5
860
330
1F
100
AcDbEntity
  8
Whole Simpsons House v1_Sketch6
100
AcDbLine
 10
288.3486255145506
 20
0.0
 30
-90.89421099053041
 11
269.0104060701062
 21
0.0
 31
-90.89421099053041
210
0.0
220
1.0
230
0.0
  0
LINE
  5
861
330
1F
100
AcDbEntity
  8
Whole Simpsons House v1_Sketch6
100
AcDbLine
 10
229.3144394034394
 20
0.0
 30
-30.23442487941932
 11
232.3151671812172
 21
0.0
 31
-30.23442487941932
210
0.0
220
1.0
230
0.0
  0
LINE
  5
862
330
1F
100
AcDbEntity
  8
Whole Simpsons House v1_Sketch6
100
AcDbLine
 10
232.3151671812172
 20
0.0
 30
-33.2351526571971
 11
237.8467227367728
 21
0.0
 31
-33.2351526571971
210
0.0
220
1.0
230
0.0
  0
LINE
  5
863
330
1F
100
AcDbEntity
  8
Whole Simpsons House v1_Sketch6
100
AcDbLine
 10
223.7828838478839
 20
0.0
 30
-33.2351526571971
 11
229.3144394034394
 21
0.0
 31
-33.2351526571971
210
0.0
220
1.0
230
0.0
  0
LINE
  5
864
330
1F
100
AcDbEntity
  8
Whole Simpsons House v1_Sketch6
100
AcDbLine
 10
172.0829477367728
 20
0.0
 30
-197.2976332127527
 11
169.0825727367727
 21
0.0
 31
-197.2976332127527
210
0.0
220
1.0
230
0.0
  0
LINE
  5
865
330
1F
100
AcDbEntity
  8
Whole Simpsons House v1_Sketch6
100
AcDbLine
 10
76.10587273677275
 20
0.0
 30
-225.6062859905304
 11
76.37821718121721
 21
0.0
 31
-225.6062859905304
210
0.0
220
1.0
230
0.0
  0
LINE
  5
866
330
1F
100
AcDbEntity
  8
Whole Simpsons House v1_Sketch6
100
AcDbLine
 10
75.55201162566162
 20
0.0
 30
-225.6062859905304
 11
75.8289421812172
 21
0.0
 31
-225.6062859905304
210
0.0
220
1.0
230
0.0
  0
LINE
  5
867
330
1F
100
AcDbEntity
  8
Whole Simpsons House v1_Sketch6
100
AcDbLine
 10
200.7175671812172
 20
0.0
 30
-62.91258321275263
 11
184.6534782923283
 21
0.0
 31
-62.91258321275263
210
0.0
220
1.0
230
0.0
  0
LINE
  5
868
330
1F
100
AcDbEntity
  8
Whole Simpsons House v1_Sketch6
100
AcDbLine
 10
203.7182949589951
 20
0.0
 30
-49.61003876830821
 11
200.7175671812172
 21
0.0
 31
-49.61003876830821
210
0.0
220
1.0
230
0.0
  0
LINE
  5
869
330
1F
100
AcDbEntity
  8
Whole Simpsons House v1_Sketch6
100
AcDbLine
 10
184.6534782923283
 20
0.0
 30
-49.61003876830821
 11
181.6527505145505
 21
0.0
 31
-49.61003876830821
210
0.0
220
1.0
230
0.0
  0
LINE
  5
86A
330
1F
100
AcDbEntity
  8
Whole Simpsons House v1_Sketch6
100
AcDbLine
 10
288.3486255145506
 20
0.0
 30
-76.97077765719705
 11
269.0104060701062
 21
0.0
 31
-76.97077765719705
210
0.0
220
1.0
230
0.0
  0
LINE
  5
86B
330
1F
100
AcDbEntity
  8
Whole Simpsons House v1_Sketch6
100
AcDbLine
 10
269.0104060701062
 20
0.0
 30
-72.00966376830819
 11
288.3486255145506
 21
0.0
 31
-72.00966376830819
210
0.0
220
1.0
230
0.0
  0
LINE
  5
86C
330
1F
100
AcDbEntity
  8
Whole Simpsons House v1_Sketch6
100
AcDbLine
 10
232.3151671812172
 20
0.0
 30
-65.9369471016415
 11
229.3144394034394
 21
0.0
 31
-65.9369471016415
210
0.0
220
1.0
230
0.0
  0
LINE
  5
86D
330
1F
100
AcDbEntity
  8
Whole Simpsons House v1_Sketch6
100
AcDbLine
 10
242.3566338478839
 20
0.0
 30
-188.5173471016415
 11
239.3559060701061
 21
0.0
 31
-188.5173471016415
210
0.0
220
1.0
230
0.0
  0
LINE
  5
86E
330
1F
100
AcDbEntity
  8
Whole Simpsons House v1_Sketch6
100
AcDbLine
 10
75.8289421812172
 20
0.0
 30
-225.587941546086
 11
76.10587273677275
 21
0.0
 31
-225.587941546086
210
0.0
220
1.0
230
0.0
  0
LINE
  5
86F
330
1F
100
AcDbEntity
  8
Whole Simpsons House v1_Sketch6
100
AcDbLine
 10
288.3486255145506
 20
0.0
 30
-83.93249432386372
 11
269.0104060701062
 21
0.0
 31
-83.93249432386372
210
0.0
220
1.0
230
0.0
  0
LINE
  5
870
330
1F
100
AcDbEntity
  8
Whole Simpsons House v1_Sketch6
100
AcDbLine
 10
269.0104060701062
 20
0.0
 30
-85.93309710164151
 11
288.3486255145506
 21
0.0
 31
-85.93309710164151
210
0.0
220
1.0
230
0.0
  0
LINE
  5
871
330
1F
100
AcDbEntity
  8
Whole Simpsons House v1_Sketch6
100
AcDbLine
 10
184.6534782923283
 20
0.0
 30
-33.25878876830822
 11
200.7175671812172
 21
0.0
 31
-33.25878876830822
210
0.0
220
1.0
230
0.0
  0
LINE
  5
872
330
1F
100
AcDbEntity
  8
Whole Simpsons House v1_Sketch6
100
AcDbLine
 10
237.8467227367728
 20
0.0
 30
-62.93621932386372
 11
232.3151671812172
 21
0.0
 31
-62.93621932386372
210
0.0
220
1.0
230
0.0
  0
LINE
  5
873
330
1F
100
AcDbEntity
  8
Whole Simpsons House v1_Sketch6
100
AcDbLine
 10
229.3144394034394
 20
0.0
 30
-62.93621932386372
 11
223.7828838478839
 21
0.0
 31
-62.93621932386372
210
0.0
220
1.0
230
0.0
  0
LINE
  5
874
330
1F
100
AcDbEntity
  8
Whole Simpsons House v1_Sketch6
100
AcDbLine
 10
181.6527505145505
 20
0.0
 30
-46.60931099053043
 11
184.6534782923283
 21
0.0
 31
-46.60931099053043
210
0.0
220
1.0
230
0.0
  0
LINE
  5
875
330
1F
100
AcDbEntity
  8
Whole Simpsons House v1_Sketch6
100
AcDbLine
 10
200.7175671812172
 20
0.0
 30
-46.60931099053043
 11
203.7182949589951
 21
0.0
 31
-46.60931099053043
210
0.0
220
1.0
230
0.0
  0
LINE
  5
876
330
1F
100
AcDbEntity
  8
Whole Simpsons House v1_Sketch6
100
AcDbLine
 10
75.27966718121718
 20
0.0
 30
-225.6602609905304
 11
75.55201162566162
 21
0.0
 31
-225.6602609905304
210
0.0
220
1.0
230
0.0
  0
LINE
  5
877
330
1F
100
AcDbEntity
  8
Whole Simpsons House v1_Sketch6
100
AcDbLine
 10
76.37821718121721
 20
0.0
 30
-225.6602609905304
 11
76.64068384788386
 21
0.0
 31
-225.6602609905304
210
0.0
220
1.0
230
0.0
  0
LINE
  5
878
330
1F
100
AcDbEntity
  8
Whole Simpsons House v1_Sketch6
100
AcDbLine
 10
33.23596440343941
 20
0.0
 30
-23.66005821275264
 11
33.50548662566164
 21
0.0
 31
-23.71368043497487
210
0.0
220
1.0
230
0.0
  0
LINE
  5
879
330
1F
100
AcDbEntity
  8
Whole Simpsons House v1_Sketch6
100
AcDbLine
 10
34.32
 20
0.0
 30
-23.68
 11
34.58533940343941
 21
0.0
 31
-23.57151099053042
210
0.0
220
1.0
230
0.0
  0
LINE
  5
87A
330
1F
100
AcDbEntity
  8
Whole Simpsons House v1_Sketch6
100
AcDbLine
 10
34.58533940343941
 20
0.0
 30
-19.68460543497485
 11
34.32463662566163
 21
0.0
 31
-19.59605821275264
210
0.0
220
1.0
230
0.0
  0
LINE
  5
87B
330
1F
100
AcDbEntity
  8
Whole Simpsons House v1_Sketch6
100
AcDbLine
 10
33.23596440343941
 20
0.0
 30
-19.59605821275264
 11
32.97526162566164
 21
0.0
 31
-19.68460543497485
210
0.0
220
1.0
230
0.0
  0
LINE
  5
87C
330
1F
100
AcDbEntity
  8
Whole Simpsons House v1_Sketch6
100
AcDbLine
 10
34.32463662566163
 20
0.0
 30
-19.59605821275264
 11
34.05476162566163
 21
0.0
 31
-19.54243599053042
210
0.0
220
1.0
230
0.0
  0
LINE
  5
87D
330
1F
100
AcDbEntity
  8
Whole Simpsons House v1_Sketch6
100
AcDbLine
 10
64.44162829232829
 20
0.0
 30
-49.44317487941932
 11
61.44090051455051
 21
0.0
 31
-49.44317487941932
210
0.0
220
1.0
230
0.0
  0
LINE
  5
87E
330
1F
100
AcDbEntity
  8
Whole Simpsons House v1_Sketch6
100
AcDbLine
 10
55.94003662566163
 20
0.0
 30
-58.87257210164152
 11
69.94284495899495
 21
0.0
 31
-58.87257210164152
210
0.0
220
1.0
230
0.0
  0
LINE
  5
87F
330
1F
100
AcDbEntity
  8
Whole Simpsons House v1_Sketch6
100
AcDbLine
 10
61.44090051455051
 20
0.0
 30
-52.44390265719712
 11
55.94003662566163
 21
0.0
 31
-52.44390265719712
210
0.0
220
1.0
230
0.0
  0
LINE
  5
880
330
1F
100
AcDbEntity
  8
Whole Simpsons House v1_Sketch6
100
AcDbLine
 10
69.94284495899495
 20
0.0
 30
-52.44390265719712
 11
64.44162829232829
 21
0.0
 31
-52.44390265719712
210
0.0
220
1.0
230
0.0
  0
LINE
  5
881
330
1F
100
AcDbEntity
  8
Whole Simpsons House v1_Sketch6
100
AcDbLine
 10
33.78030051455053
 20
0.0
 30
-23.73167210164154
 11
34.05476162566163
 21
0.0
 31
-23.73167210164154
210
0.0
220
1.0
230
0.0
  0
LINE
  5
882
330
1F
100
AcDbEntity
  8
Whole Simpsons House v1_Sketch6
100
AcDbLine
 10
33.50548662566164
 20
0.0
 30
-19.52444432386375
 11
33.23596440343941
 21
0.0
 31
-19.59605821275264
210
0.0
220
1.0
230
0.0
  0
LINE
  5
883
330
1F
100
AcDbEntity
  8
Whole Simpsons House v1_Sketch6
100
AcDbLine
 10
34.05476162566163
 20
0.0
 30
-19.54243599053042
 11
33.78030051455053
 21
0.0
 31
-19.52444432386375
210
0.0
220
1.0
230
0.0
  0
LINE
  5
884
330
1F
100
AcDbEntity
  8
Whole Simpsons House v1_Sketch6
100
AcDbLine
 10
33.78030051455053
 20
0.0
 30
-19.52444432386375
 11
33.50548662566164
 21
0.0
 31
-19.52444432386375
210
0.0
220
1.0
230
0.0
  0
LINE
  5
885
330
1F
100
AcDbEntity
  8
Whole Simpsons House v1_Sketch6
100
AcDbLine
 10
142.7992171812172
 20
0.0
 30
-41.244266546086
 11
126.7351282923283
 21
0.0
 31
-41.244266546086
210
0.0
220
1.0
230
0.0
  0
LINE
  5
886
330
1F
100
AcDbEntity
  8
Whole Simpsons House v1_Sketch6
100
AcDbLine
 10
32.97526162566164
 20
0.0
 30
-23.57151099053042
 11
33.23596440343941
 21
0.0
 31
-23.66005821275264
210
0.0
220
1.0
230
0.0
  0
LINE
  5
887
330
1F
100
AcDbEntity
  8
Whole Simpsons House v1_Sketch6
100
AcDbLine
 10
33.50548662566164
 20
0.0
 30
-23.71368043497487
 11
33.78030051455053
 21
0.0
 31
-23.73167210164154
210
0.0
220
1.0
230
0.0
  0
LINE
  5
888
330
1F
100
AcDbEntity
  8
Whole Simpsons House v1_Sketch6
100
AcDbLine
 10
34.05476162566163
 20
0.0
 30
-23.73167210164154
 11
34.32
 21
0.0
 31
-23.68
210
0.0
220
1.0
230
0.0
  0
LINE
  5
889
330
1F
100
AcDbEntity
  8
Whole Simpsons House v1_Sketch6
100
AcDbLine
 10
63.51417551455051
 20
0.0
 30
-27.25063043497488
 11
73.51613107010608
 21
0.0
 31
-27.25063043497488
210
0.0
220
1.0
230
0.0
  0
ENDSEC
  0
SECTION
  2
OBJECTS
  0
DICTIONARY
  5
C
330
0
100
AcDbDictionary
281
     1
  3
ACAD_DETAILVIEWSTYLE
350
8C1
  3
ACAD_GROUP
350
D
  3
ACAD_LAYOUT
350
1A
  3
ACAD_MATERIAL
350
43
  3
ACAD_MLEADERSTYLE
350
5B
  3
ACAD_MLINESTYLE
350
17
  3
ACAD_PLOTSETTINGS
350
19
  3
ACAD_PLOTSTYLENAME
350
E
  3
ACAD_SCALELIST
350
47
  3
ACAD_SECTIONVIEWSTYLE
350
8C2
  3
ACAD_TABLESTYLE
350
59
  3
ACAD_VISUALSTYLE
350
2A
  3
AcDbVariableDictionary
350
88A
  3
ACDB_RECOMPOSE_DATA
350
8BE
  0
SUN
  5
5D
330
29
100
AcDbSun
 90
        1
290
     0
 63
     7
421
 16777215
 40
1.0
291
     1
 91
  2455826
 92
 54000000
292
     0
 70
     2
 71
   256
280
     1
  0
DICTIONARY
  5
8C1
102
{ACAD_REACTORS
330
C
102
}
330
C
100
AcDbDictionary
281
     1
  0
DICTIONARY
  5
D
102
{ACAD_REACTORS
330
C
102
}
330
C
100
AcDbDictionary
281
     1
  0
DICTIONARY
  5
1A
102
{ACAD_REACTORS
330
C
102
}
330
C
100
AcDbDictionary
281
     1
  3
Layout1
350
1E
  3
Layout2
350
26
  3
Model
350
22
  0
DICTIONARY
  5
43
102
{ACAD_REACTORS
330
C
102
}
330
C
100
AcDbDictionary
281
     1
  3
ByBlock
350
45
  3
ByLayer
350
44
  3
Global
350
46
  0
DICTIONARY
  5
5B
102
{ACAD_REACTORS
330
C
102
}
330
C
100
AcDbDictionary
281
     1
  3
Standard
350
5C
  0
DICTIONARY
  5
17
102
{ACAD_REACTORS
330
C
102
}
330
C
100
AcDbDictionary
281
     1
  3
Standard
350
18
  0
DICTIONARY
  5
19
102
{ACAD_REACTORS
330
C
102
}
330
C
100
AcDbDictionary
281
     1
  0
ACDBDICTIONARYWDFLT
  5
E
102
{ACAD_REACTORS
330
C
102
}
330
C
100
AcDbDictionary
281
     1
  3
Normal
350
F
100
AcDbDictionaryWithDefault
340
F
  0
DICTIONARY
  5
47
102
{ACAD_REACTORS
330
C
102
}
330
C
100
AcDbDictionary
281
     1
  3
A0
350
48
  3
A1
350
49
  3
A2
350
4A
  3
A3
350
4B
  3
A4
350
4C
  3
A5
350
4D
  3
A6
350
4E
  3
A7
350
4F
  3
A8
350
50
  3
A9
350
51
  3
B0
350
52
  3
B1
350
53
  3
B2
350
54
  3
B3
350
55
  3
B4
350
56
  3
B5
350
57
  3
B6
350
58
  0
DICTIONARY
  5
8C2
102
{ACAD_REACTORS
330
C
102
}
330
C
100
AcDbDictionary
281
     1
  0
DICTIONARY
  5
59
102
{ACAD_REACTORS
330
C
102
}
330
C
100
AcDbDictionary
281
     1
  3
Standard
350
5A
  0
DICTIONARY
  5
2A
102
{ACAD_REACTORS
330
C
102
}
330
C
100
AcDbDictionary
281
     1
  3
2dWireframe
350
2F
  3
Basic
350
32
  3
Brighten
350
36
  3
ColorChange
350
3A
  3
Conceptual
350
34
  3
Dim
350
35
  3
EdgeColorOff
350
3D
  3
Facepattern
350
39
  3
Flat
350
2B
  3
FlatWithEdges
350
2C
  3
Gouraud
350
2D
  3
GouraudWithEdges
350
2E
  3
Hidden
350
31
  3
JitterOff
350
3B
  3
Linepattern
350
38
  3
OverhangOff
350
3C
  3
Realistic
350
33
  3
Shaded
350
42
  3
Shaded with edges
350
41
  3
Shades of Gray
350
3E
  3
Sketchy
350
3F
  3
Thicken
350
37
  3
Wireframe
350
30
  3
X-Ray
350
40
  0
DICTIONARY
  5
88A
102
{ACAD_REACTORS
330
C
102
}
330
C
100
AcDbDictionary
281
     1
  3
CANNOSCALE
350
88B
  3
CENTEREXE
350
8C3
  3
CENTERLTYPEFILE
350
8C4
  3
CMLEADERSTYLE
350
8C0
  3
CTABLESTYLE
350
8BF
  0
XRECORD
  5
8BE
102
{ACAD_REACTORS
330
C
102
}
330
C
100
AcDbXrecord
280
     1
 90
        1
330
5A
  0
LAYOUT
  5
1E
102
{ACAD_REACTORS
330
1A
102
}
330
1A
100
AcDbPlotSettings
  1

  2
none_device
  4

  6

 40
0.0
 41
0.0
 42
0.0
 43
0.0
 44
0.0
 45
0.0
 46
0.0
 47
0.0
 48
0.0
 49
0.0
140
0.0
141
0.0
142
1.0
143
1.0
 70
   688
 72
     1
 73
     0
 74
     5
  7

 75
    16
 76
     0
 77
     2
 78
   300
147
1.0
148
0.0
149
0.0
100
AcDbLayout
  1
Layout1
 70
     1
 71
     1
 10
0.0
 20
0.0
 11
420.0
 21
297.0
 12
0.0
 22
0.0
 32
0.0
 14
1.000000000000000E+20
 24
1.000000000000000E+20
 34
1.000000000000000E+20
 15
-1.000000000000000E+20
 25
-1.000000000000000E+20
 35
-1.000000000000000E+20
146
0.0
 13
0.0
 23
0.0
 33
0.0
 16
1.0
 26
0.0
 36
0.0
 17
0.0
 27
1.0
 37
0.0
 76
     0
330
1B
  0
LAYOUT
  5
26
102
{ACAD_REACTORS
330
1A
102
}
330
1A
100
AcDbPlotSettings
  1

  2
none_device
  4

  6

 40
0.0
 41
0.0
 42
0.0
 43
0.0
 44
0.0
 45
0.0
 46
0.0
 47
0.0
 48
0.0
 49
0.0
140
0.0
141
0.0
142
1.0
143
1.0
 70
   688
 72
     1
 73
     0
 74
     5
  7

 75
    16
 76
     0
 77
     2
 78
   300
147
1.0
148
0.0
149
0.0
100
AcDbLayout
  1
Layout2
 70
     1
 71
     2
 10
0.0
 20
0.0
 11
0.0
 21
0.0
 12
0.0
 22
0.0
 32
0.0
 14
0.0
 24
0.0
 34
0.0
 15
0.0
 25
0.0
 35
0.0
146
0.0
 13
0.0
 23
0.0
 33
0.0
 16
1.0
 26
0.0
 36
0.0
 17
0.0
 27
1.0
 37
0.0
 76
     0
330
23
  0
LAYOUT
  5
22
102
{ACAD_REACTORS
330
1A
102
}
330
1A
100
AcDbPlotSettings
  1

  2
none_device
  4
Letter_(8.50_x_11.00_Inches)
  6

 40
6.35
 41
6.35
 42
6.35000508
 43
6.35000508
 44
215.9
 45
279.4
 46
0.0
 47
0.0
 48
0.0
 49
0.0
140
0.0
141
0.0
142
1.0
143
1.0
 70
  1712
 72
     1
 73
     0
 74
     0
  7

 75
     0
 76
     0
 77
     2
 78
   300
147
1.0
148
0.0
149
0.0
100
AcDbLayout
  1
Model
 70
     1
 71
     0
 10
0.0
 20
0.0
 11
420.0
 21
297.0
 12
0.0
 22
0.0
 32
0.0
 14
1.000000000000000E+20
 24
1.000000000000000E+20
 34
1.000000000000000E+20
 15
-1.000000000000000E+20
 25
-1.000000000000000E+20
 35
-1.000000000000000E+20
146
0.0
 13
0.0
 23
0.0
 33
0.0
 16
1.0
 26
0.0
 36
0.0
 17
0.0
 27
1.0
 37
0.0
 76
     0
330
1F
331
29
  0
MATERIAL
  5
45
102
{ACAD_REACTORS
330
43
102
}
330
43
100
AcDbMaterial
  1
ByBlock
 72
     1
 94
      127
  0
MATERIAL
  5
44
102
{ACAD_REACTORS
330
43
102
}
330
43
100
AcDbMaterial
  1
ByLayer
 72
     1
 94
      127
  0
MATERIAL
  5
46
102
{ACAD_REACTORS
330
43
102
}
330
43
100
AcDbMaterial
  1
Global
 72
     1
 94
      127
  0
MLEADERSTYLE
  5
5C
102
{ACAD_REACTORS
330
5B
102
}
330
5B
100
AcDbMLeaderStyle
179
     2
170
     2
171
     1
172
     0
 90
        2
 40
0.0
 41
0.0
173
     1
 91
-1056964608
340
14
 92
       -2
290
     1
 42
2.0
291
     1
 43
8.0
  3
Standard
341
0
 44
4.0
300

342
11
174
     1
178
     6
175
     1
176
     0
 93
-1056964608
 45
4.0
292
     0
297
     0
 46
4.0
343
0
 94
-1056964608
 47
1.0
 49
1.0
140
1.0
293
     1
141
0.0
294
     1
177
     0
142
1.0
295
     0
296
     0
143
3.75
271
     0
272
     9
273
     9
  0
MLINESTYLE
  5
18
102
{ACAD_REACTORS
330
17
102
}
330
17
100
AcDbMlineStyle
  2
Standard
 70
     0
  3

 62
   256
 51
90.0
 52
90.0
 71
     2
 49
0.5
 62
   256
  6
BYLAYER
 49
-0.5
 62
   256
  6
BYLAYER
  0
ACDBPLACEHOLDER
  5
F
102
{ACAD_REACTORS
330
E
102
}
330
E
  0
SCALE
  5
48
102
{ACAD_REACTORS
330
47
102
}
330
47
100
AcDbScale
 70
     0
300
1:1
140
1.0
141
1.0
290
     1
  0
SCALE
  5
49
102
{ACAD_REACTORS
330
47
102
}
330
47
100
AcDbScale
 70
     0
300
1:2
140
1.0
141
2.0
290
     0
  0
SCALE
  5
4A
102
{ACAD_REACTORS
330
47
102
}
330
47
100
AcDbScale
 70
     0
300
1:4
140
1.0
141
4.0
290
     0
  0
SCALE
  5
4B
102
{ACAD_REACTORS
330
47
102
}
330
47
100
AcDbScale
 70
     0
300
1:5
140
1.0
141
5.0
290
     0
  0
SCALE
  5
4C
102
{ACAD_REACTORS
330
47
102
}
330
47
100
AcDbScale
 70
     0
300
1:8
140
1.0
141
8.0
290
     0
  0
SCALE
  5
4D
102
{ACAD_REACTORS
330
47
102
}
330
47
100
AcDbScale
 70
     0
300
1:10
140
1.0
141
10.0
290
     0
  0
SCALE
  5
4E
102
{ACAD_REACTORS
330
47
102
}
330
47
100
AcDbScale
 70
     0
300
1:16
140
1.0
141
16.0
290
     0
  0
SCALE
  5
4F
102
{ACAD_REACTORS
330
47
102
}
330
47
100
AcDbScale
 70
     0
300
1:20
140
1.0
141
20.0
290
     0
  0
SCALE
  5
50
102
{ACAD_REACTORS
330
47
102
}
330
47
100
AcDbScale
 70
     0
300
1:30
140
1.0
141
30.0
290
     0
  0
SCALE
  5
51
102
{ACAD_REACTORS
330
47
102
}
330
47
100
AcDbScale
 70
     0
300
1:40
140
1.0
141
40.0
290
     0
  0
SCALE
  5
52
102
{ACAD_REACTORS
330
47
102
}
330
47
100
AcDbScale
 70
     0
300
1:50
140
1.0
141
50.0
290
     0
  0
SCALE
  5
53
102
{ACAD_REACTORS
330
47
102
}
330
47
100
AcDbScale
 70
     0
300
1:100
140
1.0
141
100.0
290
     0
  0
SCALE
  5
54
102
{ACAD_REACTORS
330
47
102
}
330
47
100
AcDbScale
 70
     0
300
2:1
140
2.0
141
1.0
290
     0
  0
SCALE
  5
55
102
{ACAD_REACTORS
330
47
102
}
330
47
100
AcDbScale
 70
     0
300
4:1
140
4.0
141
1.0
290
     0
  0
SCALE
  5
56
102
{ACAD_REACTORS
330
47
102
}
330
47
100
AcDbScale
 70
     0
300
8:1
140
8.0
141
1.0
290
     0
  0
SCALE
  5
57
102
{ACAD_REACTORS
330
47
102
}
330
47
100
AcDbScale
 70
     0
300
10:1
140
10.0
141
1.0
290
     0
  0
SCALE
  5
58
102
{ACAD_REACTORS
330
47
102
}
330
47
100
AcDbScale
 70
     0
300
100:1
140
100.0
141
1.0
290
     0
  0
TABLESTYLE
  5
5A
102
{ACAD_REACTORS
330
59
102
}
102
{ACAD_XDICTIONARY
360
8BC
102
}
330
59
100
AcDbTableStyle
  3
Standard
 70
     0
 71
     0
 40
0.06
 41
0.06
280
     0
281
     0
  7
Standard
140
4.5
170
     2
 62
     0
 63
   257
283
     0
 90
        4
 91
        0
  1

274
    -2
284
     1
 64
     0
275
    -2
285
     1
 65
     0
276
    -2
286
     1
 66
     0
277
    -2
287
     1
 67
     0
278
    -2
288
     1
 68
     0
279
    -2
289
     1
 69
     0
  7
Standard
140
6.0
170
     5
 62
     0
 63
   257
283
     0
 90
        4
 91
        0
  1

274
    -2
284
     1
 64
     0
275
    -2
285
     1
 65
     0
276
    -2
286
     1
 66
     0
277
    -2
287
     1
 67
     0
278
    -2
288
     1
 68
     0
279
    -2
289
     1
 69
     0
  7
Standard
140
4.5
170
     5
 62
     0
 63
   257
283
     0
 90
        4
 91
        0
  1

274
    -2
284
     1
 64
     0
275
    -2
285
     1
 65
     0
276
    -2
286
     1
 66
     0
277
    -2
287
     1
 67
     0
278
    -2
288
     1
 68
     0
279
    -2
289
     1
 69
     0
  0
VISUALSTYLE
  5
2F
102
{ACAD_REACTORS
330
2A
102
}
102
{ACAD_XDICTIONARY
360
894
102
}
330
2A
100
AcDbVisualStyle
  2
2dWireframe
 70
     4
177
     2
291
     0
 71
     0
176
     1
 72
     2
176
     1
 73
     0
176
     1
 90
        0
176
     1
 40
0.6
176
     1
 41
30.0
176
     1
 62
     5
 63
     7
421
 16777215
176
     1
 74
     1
176
     1
 91
        4
176
     1
 64
     7
176
     1
 65
   257
176
     1
 75
     1
176
     1
175
     1
176
     1
 42
1.0
176
     1
 92
        0
176
     1
 66
   257
176
     1
 43
1.0
176
     1
 76
     1
176
     1
 77
     6
176
     1
 78
     2
176
     1
 67
     7
176
     1
 79
     5
176
     1
170
     0
176
     1
171
     0
176
     1
290
     0
176
     1
 93
        1
176
     1
 44
0.0
176
     1
173
     0
176
     1
  0
VISUALSTYLE
  5
32
102
{ACAD_REACTORS
330
2A
102
}
102
{ACAD_XDICTIONARY
360
89A
102
}
330
2A
100
AcDbVisualStyle
  2
Basic
 70
     7
177
     2
291
     1
 71
     1
176
     1
 72
     0
176
     1
 73
     1
176
     1
 90
        0
176
     1
 40
0.6
176
     1
 41
30.0
176
     1
 62
     5
 63
     7
421
 16777215
176
     1
 74
     0
176
     1
 91
        4
176
     1
 64
     7
176
     1
 65
   257
176
     1
 75
     1
176
     1
175
     1
176
     1
 42
1.0
176
     1
 92
        8
176
     1
 66
     7
176
     1
 43
1.0
176
     1
 76
     1
176
     1
 77
     6
176
     1
 78
     2
176
     1
 67
     7
176
     1
 79
     5
176
     1
170
     0
176
     1
171
     0
176
     1
290
     0
176
     1
 93
        1
176
     1
 44
0.0
176
     1
173
     0
176
     1
  0
VISUALSTYLE
  5
36
102
{ACAD_REACTORS
330
2A
102
}
102
{ACAD_XDICTIONARY
360
8A2
102
}
330
2A
100
AcDbVisualStyle
  2
Brighten
 70
    12
177
     2
291
     1
 71
     2
176
     1
 72
     2
176
     1
 73
     0
176
     1
 90
        0
176
     1
 40
0.6
176
     1
 41
30.0
176
     1
 62
     5
 63
     7
421
 16777215
176
     1
 74
     1
176
     1
 91
        4
176
     1
 64
     7
176
     1
 65
   257
176
     1
 75
     1
176
     1
175
     1
176
     1
 42
1.0
176
     1
 92
        8
176
     1
 66
     7
176
     1
 43
1.0
176
     1
 76
     1
176
     1
 77
     6
176
     1
 78
     2
176
     1
 67
     7
176
     1
 79
     5
176
     1
170
     0
176
     1
171
     0
176
     1
290
     0
176
     1
 93
        1
176
     1
 44
50.0
176
     1
173
     0
176
     1
  0
VISUALSTYLE
  5
3A
102
{ACAD_REACTORS
330
2A
102
}
102
{ACAD_XDICTIONARY
360
8AA
102
}
330
2A
100
AcDbVisualStyle
  2
ColorChange
 70
    16
177
     2
291
     1
 71
     2
176
     1
 72
     2
176
     1
 73
     3
176
     1
 90
        0
176
     1
 40
0.6
176
     1
 41
30.0
176
     1
 62
     5
 63
     8
421
  8421504
176
     1
 74
     1
176
     1
 91
        4
176
     1
 64
     7
176
     1
 65
   257
176
     1
 75
     1
176
     1
175
     1
176
     1
 42
1.0
176
     1
 92
        8
176
     1
 66
     8
424
  8421504
176
     1
 43
1.0
176
     1
 76
     1
176
     1
 77
     6
176
     1
 78
     2
176
     1
 67
     7
176
     1
 79
     5
176
     1
170
     0
176
     1
171
     0
176
     1
290
     0
176
     1
 93
        1
176
     1
 44
0.0
176
     1
173
     0
176
     1
  0
VISUALSTYLE
  5
34
102
{ACAD_REACTORS
330
2A
102
}
102
{ACAD_XDICTIONARY
360
89E
102
}
330
2A
100
AcDbVisualStyle
  2
Conceptual
 70
     9
177
     2
291
     0
 71
     3
176
     1
 72
     2
176
     1
 73
     0
176
     1
 90
        0
176
     1
 40
0.6
176
     1
 41
30.0
176
     1
 62
     5
 63
     7
421
 16777215
176
     1
 74
     2
176
     1
 91
        2
176
     1
 64
     7
176
     1
 65
   257
176
     1
 75
     1
176
     1
175
     1
176
     1
 42
179.0
176
     1
 92
        8
176
     1
 66
     7
176
     1
 43
1.0
176
     1
 76
     1
176
     1
 77
     6
176
     1
 78
     2
176
     1
 67
     7
176
     1
 79
     3
176
     1
170
     0
176
     1
171
     0
176
     1
290
     0
176
     1
 93
        1
176
     1
 44
0.0
176
     1
173
     0
176
     1
  0
VISUALSTYLE
  5
35
102
{ACAD_REACTORS
330
2A
102
}
102
{ACAD_XDICTIONARY
360
8A0
102
}
330
2A
100
AcDbVisualStyle
  2
Dim
 70
    11
177
     2
291
     1
 71
     2
176
     1
 72
     2
176
     1
 73
     0
176
     1
 90
        0
176
     1
 40
0.6
176
     1
 41
30.0
176
     1
 62
     5
 63
     7
421
 16777215
176
     1
 74
     1
176
     1
 91
        4
176
     1
 64
     7
176
     1
 65
   257
176
     1
 75
     1
176
     1
175
     1
176
     1
 42
1.0
176
     1
 92
        8
176
     1
 66
     7
176
     1
 43
1.0
176
     1
 76
     1
176
     1
 77
     6
176
     1
 78
     2
176
     1
 67
     7
176
     1
 79
     5
176
     1
170
     0
176
     1
171
     0
176
     1
290
     0
176
     1
 93
        1
176
     1
 44
-50.0
176
     1
173
     0
176
     1
  0
VISUALSTYLE
  5
3D
102
{ACAD_REACTORS
330
2A
102
}
102
{ACAD_XDICTIONARY
360
8B0
102
}
330
2A
100
AcDbVisualStyle
  2
EdgeColorOff
 70
    22
177
     2
291
     1
 71
     2
176
     0
 72
     2
176
     0
 73
     0
176
     0
 90
        0
176
     0
 40
0.6
176
     0
 41
30.0
176
     0
 62
     5
 63
     7
421
 16777215
176
     0
 74
     1
176
     0
 91
        4
176
     0
 64
     7
176
     0
 65
   257
176
     0
 75
     1
176
     0
175
     1
176
     0
 42
1.0
176
     0
 92
        8
176
     2
 66
     7
176
     0
 43
1.0
176
     0
 76
     1
176
     0
 77
     6
176
     0
 78
     2
176
     0
 67
     7
176
     0
 79
     5
176
     0
170
     0
176
     0
171
     0
176
     0
290
     0
176
     0
 93
        1
176
     0
 44
0.0
176
     0
173
     0
176
     0
  0
VISUALSTYLE
  5
39
102
{ACAD_REACTORS
330
2A
102
}
102
{ACAD_XDICTIONARY
360
8A8
102
}
330
2A
100
AcDbVisualStyle
  2
Facepattern
 70
    15
177
     2
291
     1
 71
     2
176
     1
 72
     2
176
     1
 73
     0
176
     1
 90
        0
176
     1
 40
0.6
176
     1
 41
30.0
176
     1
 62
     5
 63
     7
421
 16777215
176
     1
 74
     1
176
     1
 91
        4
176
     1
 64
     7
176
     1
 65
   257
176
     1
 75
     1
176
     1
175
     1
176
     1
 42
1.0
176
     1
 92
        8
176
     1
 66
     7
176
     1
 43
1.0
176
     1
 76
     1
176
     1
 77
     6
176
     1
 78
     2
176
     1
 67
     7
176
     1
 79
     5
176
     1
170
     0
176
     1
171
     0
176
     1
290
     0
176
     1
 93
        1
176
     1
 44
0.0
176
     1
173
     0
176
     1
  0
VISUALSTYLE
  5
2B
102
{ACAD_REACTORS
330
2A
102
}
102
{ACAD_XDICTIONARY
360
88C
102
}
330
2A
100
AcDbVisualStyle
  2
Flat
 70
     0
177
     2
291
     1
 71
     2
176
     1
 72
     1
176
     1
 73
     1
176
     1
 90
        2
176
     1
 40
0.6
176
     1
 41
30.0
176
     1
 62
     5
 63
     7
421
 16777215
176
     1
 74
     0
176
     1
 91
        0
176
     1
 64
     7
176
     1
 65
   257
176
     1
 75
     1
176
     1
175
     1
176
     1
 42
1.0
176
     1
 92
        8
176
     1
 66
     7
176
     1
 43
1.0
176
     1
 76
     1
176
     1
 77
     6
176
     1
 78
     2
176
     1
 67
     7
176
     1
 79
     5
176
     1
170
     0
176
     1
171
     0
176
     1
290
     0
176
     1
 93
       13
176
     1
 44
0.0
176
     1
173
     0
176
     1
  0
VISUALSTYLE
  5
2C
102
{ACAD_REACTORS
330
2A
102
}
102
{ACAD_XDICTIONARY
360
88E
102
}
330
2A
100
AcDbVisualStyle
  2
FlatWithEdges
 70
     1
177
     2
291
     1
 71
     2
176
     1
 72
     1
176
     1
 73
     1
176
     1
 90
        2
176
     1
 40
0.6
176
     1
 41
30.0
176
     1
 62
     5
 63
     7
421
 16777215
176
     1
 74
     1
176
     1
 91
        0
176
     1
 64
     7
176
     1
 65
   257
176
     1
 75
     1
176
     1
175
     1
176
     1
 42
1.0
176
     1
 92
        0
176
     1
 66
   257
176
     1
 43
1.0
176
     1
 76
     1
176
     1
 77
     6
176
     1
 78
     2
176
     1
 67
     7
176
     1
 79
     5
176
     1
170
     0
176
     1
171
     0
176
     1
290
     0
176
     1
 93
       13
176
     1
 44
0.0
176
     1
173
     0
176
     1
  0
VISUALSTYLE
  5
2D
102
{ACAD_REACTORS
330
2A
102
}
102
{ACAD_XDICTIONARY
360
890
102
}
330
2A
100
AcDbVisualStyle
  2
Gouraud
 70
     2
177
     2
291
     1
 71
     2
176
     1
 72
     2
176
     1
 73
     1
176
     1
 90
        2
176
     1
 40
0.6
176
     1
 41
30.0
176
     1
 62
     5
 63
     7
421
 16777215
176
     1
 74
     0
176
     1
 91
        0
176
     1
 64
     7
176
     1
 65
   257
176
     1
 75
     1
176
     1
175
     1
176
     1
 42
1.0
176
     1
 92
        0
176
     1
 66
     7
176
     1
 43
1.0
176
     1
 76
     1
176
     1
 77
     6
176
     1
 78
     2
176
     1
 67
     7
176
     1
 79
     5
176
     1
170
     0
176
     1
171
     0
176
     1
290
     0
176
     1
 93
       13
176
     1
 44
0.0
176
     1
173
     0
176
     1
  0
VISUALSTYLE
  5
2E
102
{ACAD_REACTORS
330
2A
102
}
102
{ACAD_XDICTIONARY
360
892
102
}
330
2A
100
AcDbVisualStyle
  2
GouraudWithEdges
 70
     3
177
     2
291
     1
 71
     2
176
     1
 72
     2
176
     1
 73
     1
176
     1
 90
        2
176
     1
 40
0.6
176
     1
 41
30.0
176
     1
 62
     5
 63
     7
421
 16777215
176
     1
 74
     1
176
     1
 91
        0
176
     1
 64
     7
176
     1
 65
   257
176
     1
 75
     1
176
     1
175
     1
176
     1
 42
1.0
176
     1
 92
        0
176
     1
 66
   257
176
     1
 43
1.0
176
     1
 76
     1
176
     1
 77
     6
176
     1
 78
     2
176
     1
 67
     7
176
     1
 79
     5
176
     1
170
     0
176
     1
171
     0
176
     1
290
     0
176
     1
 93
       13
176
     1
 44
0.0
176
     1
173
     0
176
     1
  0
VISUALSTYLE
  5
31
102
{ACAD_REACTORS
330
2A
102
}
102
{ACAD_XDICTIONARY
360
898
102
}
330
2A
100
AcDbVisualStyle
  2
Hidden
 70
     6
177
     2
291
     0
 71
     1
176
     1
 72
     2
176
     1
 73
     2
176
     1
 90
        0
176
     1
 40
0.6
176
     1
 41
30.0
176
     1
 62
     5
 63
     7
421
 16777215
176
     1
 74
     2
176
     1
 91
        2
176
     1
 64
     7
176
     1
 65
   257
176
     1
 75
     2
176
     1
175
     1
176
     1
 42
40.0
176
     1
 92
        0
176
     1
 66
   257
176
     1
 43
1.0
176
     1
 76
     1
176
     1
 77
     6
176
     1
 78
     2
176
     1
 67
     7
176
     1
 79
     3
176
     1
170
     0
176
     1
171
     0
176
     1
290
     0
176
     1
 93
        1
176
     1
 44
0.0
176
     1
173
     0
176
     1
  0
VISUALSTYLE
  5
3B
102
{ACAD_REACTORS
330
2A
102
}
102
{ACAD_XDICTIONARY
360
8AC
102
}
330
2A
100
AcDbVisualStyle
  2
JitterOff
 70
    20
177
     2
291
     1
 71
     2
176
     0
 72
     2
176
     0
 73
     0
176
     0
 90
        0
176
     0
 40
0.6
176
     0
 41
30.0
176
     0
 62
     5
 63
     7
421
 16777215
176
     0
 74
     1
176
     0
 91
        4
176
     0
 64
     7
176
     0
 65
   257
176
     0
 75
     1
176
     0
175
     1
176
     0
 42
1.0
176
     0
 92
       10
176
     2
 66
     7
176
     0
 43
1.0
176
     0
 76
     1
176
     0
 77
     6
176
     0
 78
     2
176
     0
 67
     7
176
     0
 79
     5
176
     0
170
     0
176
     0
171
     0
176
     0
290
     0
176
     0
 93
        1
176
     0
 44
0.0
176
     0
173
     0
176
     0
  0
VISUALSTYLE
  5
38
102
{ACAD_REACTORS
330
2A
102
}
102
{ACAD_XDICTIONARY
360
8A6
102
}
330
2A
100
AcDbVisualStyle
  2
Linepattern
 70
    14
177
     2
291
     1
 71
     2
176
     1
 72
     2
176
     1
 73
     0
176
     1
 90
        0
176
     1
 40
0.6
176
     1
 41
30.0
176
     1
 62
     5
 63
     7
421
 16777215
176
     1
 74
     1
176
     1
 91
        4
176
     1
 64
     7
176
     1
 65
   257
176
     1
 75
     7
176
     1
175
     7
176
     1
 42
1.0
176
     1
 92
        8
176
     1
 66
     7
176
     1
 43
1.0
176
     1
 76
     1
176
     1
 77
     6
176
     1
 78
     2
176
     1
 67
     7
176
     1
 79
     5
176
     1
170
     0
176
     1
171
     0
176
     1
290
     0
176
     1
 93
        1
176
     1
 44
0.0
176
     1
173
     0
176
     1
  0
VISUALSTYLE
  5
3C
102
{ACAD_REACTORS
330
2A
102
}
102
{ACAD_XDICTIONARY
360
8AE
102
}
330
2A
100
AcDbVisualStyle
  2
OverhangOff
 70
    21
177
     2
291
     1
 71
     2
176
     0
 72
     2
176
     0
 73
     0
176
     0
 90
        0
176
     0
 40
0.6
176
     0
 41
30.0
176
     0
 62
     5
 63
     7
421
 16777215
176
     0
 74
     1
176
     0
 91
        4
176
     0
 64
     7
176
     0
 65
   257
176
     0
 75
     1
176
     0
175
     1
176
     0
 42
1.0
176
     0
 92
        9
176
     2
 66
     7
176
     0
 43
1.0
176
     0
 76
     1
176
     0
 77
     6
176
     0
 78
     2
176
     0
 67
     7
176
     0
 79
     5
176
     0
170
     0
176
     0
171
     0
176
     0
290
     0
176
     0
 93
        1
176
     0
 44
0.0
176
     0
173
     0
176
     0
  0
VISUALSTYLE
  5
33
102
{ACAD_REACTORS
330
2A
102
}
102
{ACAD_XDICTIONARY
360
89C
102
}
330
2A
100
AcDbVisualStyle
  2
Realistic
 70
     8
177
     2
291
     0
 71
     2
176
     1
 72
     3
176
     1
 73
     0
176
     1
 90
        2
176
     1
 40
0.6
176
     1
 41
30.0
176
     1
 62
     5
 63
     7
421
 16777215
176
     1
 74
     0
176
     1
 91
        0
176
     1
 64
     7
176
     1
 65
   257
176
     1
 75
     1
176
     1
175
     1
176
     1
 42
1.0
176
     1
 92
        8
176
     1
 66
   257
176
     1
 43
1.0
176
     1
 76
     1
176
     1
 77
     6
176
     1
 78
     2
176
     1
 67
     7
176
     1
 79
     3
176
     1
170
     0
176
     1
171
     0
176
     1
290
     0
176
     1
 93
       13
176
     1
 44
0.0
176
     1
173
     0
176
     1
  0
VISUALSTYLE
  5
42
102
{ACAD_REACTORS
330
2A
102
}
102
{ACAD_XDICTIONARY
360
8BA
102
}
330
2A
100
AcDbVisualStyle
  2
Shaded
 70
    27
177
     2
291
     0
 71
     2
176
     1
 72
     2
176
     1
 73
     1
176
     1
 90
        2
176
     1
 40
0.6
176
     1
 41
30.0
176
     1
 62
     5
 63
     7
421
 16777215
176
     1
 74
     0
176
     1
 91
        4
176
     1
 64
     7
176
     1
 65
   257
176
     1
 75
     1
176
     1
175
     1
176
     1
 42
1.0
176
     1
 92
        8
176
     1
 66
   257
176
     1
 43
1.0
176
     1
 76
     1
176
     1
 77
     6
176
     1
 78
     2
176
     1
 67
     8
425
  7895160
176
     1
 79
     3
176
     1
170
     0
176
     1
171
     0
176
     1
290
     0
176
     1
 93
        5
176
     1
 44
0.0
176
     1
173
     0
176
     1
  0
VISUALSTYLE
  5
41
102
{ACAD_REACTORS
330
2A
102
}
102
{ACAD_XDICTIONARY
360
8B8
102
}
330
2A
100
AcDbVisualStyle
  2
Shaded with edges
 70
    26
177
     2
291
     0
 71
     2
176
     1
 72
     2
176
     1
 73
     1
176
     1
 90
        2
176
     1
 40
0.6
176
     1
 41
30.0
176
     1
 62
     5
 63
     7
421
 16777215
176
     1
 74
     1
176
     1
 91
       10
176
     1
 64
     7
176
     1
 65
   257
176
     1
 75
     2
176
     1
175
     1
176
     1
 42
1.0
176
     1
 92
        8
176
     1
 66
   257
176
     1
 43
1.0
176
     1
 76
     1
176
     1
 77
     6
176
     1
 78
     2
176
     1
 67
     7
176
     1
 79
     3
176
     1
170
     0
176
     1
171
     0
176
     1
290
     0
176
     1
 93
        5
176
     1
 44
0.0
176
     1
173
     0
176
     1
  0
VISUALSTYLE
  5
3E
102
{ACAD_REACTORS
330
2A
102
}
102
{ACAD_XDICTIONARY
360
8B2
102
}
330
2A
100
AcDbVisualStyle
  2
Shades of Gray
 70
    23
177
     2
291
     0
 71
     2
176
     1
 72
     2
176
     1
 73
     3
176
     1
 90
        0
176
     1
 40
0.6
176
     1
 41
30.0
176
     1
 62
     5
 63
     7
421
 16777215
176
     1
 74
     2
176
     1
 91
        2
176
     1
 64
     7
176
     1
 65
     7
176
     1
 75
     1
176
     1
175
     1
176
     1
 42
40.0
176
     1
 92
        8
176
     1
 66
     7
176
     1
 43
1.0
176
     1
 76
     1
176
     1
 77
     6
176
     1
 78
     2
176
     1
 67
     7
176
     1
 79
     3
176
     1
170
     0
176
     1
171
     0
176
     1
290
     0
176
     1
 93
        1
176
     1
 44
0.0
176
     1
173
     0
176
     1
  0
VISUALSTYLE
  5
3F
102
{ACAD_REACTORS
330
2A
102
}
102
{ACAD_XDICTIONARY
360
8B4
102
}
330
2A
100
AcDbVisualStyle
  2
Sketchy
 70
    24
177
     2
291
     0
 71
     1
176
     1
 72
     2
176
     1
 73
     2
176
     1
 90
        0
176
     1
 40
0.6
176
     1
 41
30.0
176
     1
 62
     5
 63
     7
421
 16777215
176
     1
 74
     2
176
     1
 91
        2
176
     1
 64
     7
176
     1
 65
     7
176
     1
 75
     1
176
     1
175
     1
176
     1
 42
40.0
176
     1
 92
       11
176
     1
 66
     7
176
     1
 43
1.0
176
     1
 76
     1
176
     1
 77
     6
176
     1
 78
     2
176
     1
 67
     7
176
     1
 79
     6
176
     1
170
     0
176
     1
171
     0
176
     1
290
     0
176
     1
 93
        1
176
     1
 44
0.0
176
     1
173
     0
176
     1
  0
VISUALSTYLE
  5
37
102
{ACAD_REACTORS
330
2A
102
}
102
{ACAD_XDICTIONARY
360
8A4
102
}
330
2A
100
AcDbVisualStyle
  2
Thicken
 70
    13
177
     2
291
     1
 71
     2
176
     1
 72
     2
176
     1
 73
     0
176
     1
 90
        0
176
     1
 40
0.6
176
     1
 41
30.0
176
     1
 62
     5
 63
     7
421
 16777215
176
     1
 74
     1
176
     1
 91
        4
176
     1
 64
     7
176
     1
 65
   257
176
     1
 75
     1
176
     1
175
     1
176
     1
 42
1.0
176
     1
 92
       12
176
     1
 66
     7
176
     1
 43
1.0
176
     1
 76
     1
176
     1
 77
     6
176
     1
 78
     2
176
     1
 67
     7
176
     1
 79
     5
176
     1
170
     0
176
     1
171
     0
176
     1
290
     0
176
     1
 93
        1
176
     1
 44
0.0
176
     1
173
     0
176
     1
  0
VISUALSTYLE
  5
30
102
{ACAD_REACTORS
330
2A
102
}
102
{ACAD_XDICTIONARY
360
896
102
}
330
2A
100
AcDbVisualStyle
  2
Wireframe
 70
     5
177
     2
291
     0
 71
     0
176
     1
 72
     2
176
     1
 73
     0
176
     1
 90
        0
176
     1
 40
0.6
176
     1
 41
30.0
176
     1
 62
     5
 63
     7
421
 16777215
176
     1
 74
     1
176
     1
 91
        4
176
     1
 64
     7
176
     1
 65
   257
176
     1
 75
     1
176
     1
175
     1
176
     1
 42
1.0
176
     1
 92
        0
176
     1
 66
   257
176
     1
 43
1.0
176
     1
 76
     1
176
     1
 77
     6
176
     1
 78
     2
176
     1
 67
     7
176
     1
 79
     3
176
     1
170
     0
176
     1
171
     0
176
     1
290
     0
176
     1
 93
        1
176
     1
 44
0.0
176
     1
173
     0
176
     1
  0
VISUALSTYLE
  5
40
102
{ACAD_REACTORS
330
2A
102
}
102
{ACAD_XDICTIONARY
360
8B6
102
}
330
2A
100
AcDbVisualStyle
  2
X-Ray
 70
    25
177
     2
291
     0
 71
     2
176
     1
 72
     2
176
     1
 73
     1
176
     1
 90
        1
176
     1
 40
0.5
176
     1
 41
30.0
176
     1
 62
     5
 63
     7
421
 16777215
176
     1
 74
     1
176
     1
 91
        0
176
     1
 64
     7
176
     1
 65
   257
176
     1
 75
     1
176
     1
175
     1
176
     1
 42
1.0
176
     1
 92
        8
176
     1
 66
     7
176
     1
 43
1.0
176
     1
 76
     1
176
     1
 77
     6
176
     1
 78
     2
176
     1
 67
     7
176
     1
 79
     3
176
     1
170
     0
176
     1
171
     0
176
     1
290
     0
176
     1
 93
       13
176
     1
 44
0.0
176
     1
173
     0
176
     1
  0
DICTIONARYVAR
  5
88B
102
{ACAD_REACTORS
330
88A
102
}
330
88A
100
DictionaryVariables
280
     0
  1
1:1
  0
DICTIONARYVAR
  5
8C3
102
{ACAD_REACTORS
330
88A
102
}
330
88A
100
DictionaryVariables
280
     0
  1
3.500000
  0
DICTIONARYVAR
  5
8C4
102
{ACAD_REACTORS
330
88A
102
}
330
88A
100
DictionaryVariables
280
     0
  1
acadiso.lin
  0
DICTIONARYVAR
  5
8C0
102
{ACAD_REACTORS
330
88A
102
}
330
88A
100
DictionaryVariables
280
     0
  1
Standard
  0
DICTIONARYVAR
  5
8BF
102
{ACAD_REACTORS
330
88A
102
}
330
88A
100
DictionaryVariables
280
     0
  1
Standard
  0
DICTIONARY
  5
8BC
330
5A
100
AcDbDictionary
280
     1
281
     1
  3
ACAD_ROUNDTRIP_2008_TABLESTYLE_CELLSTYLEMAP
360
8BD
  0
DICTIONARY
  5
894
330
2F
100
AcDbDictionary
280
     1
281
     1
  3
ACAD_XREC_ROUNDTRIP
360
895
  0
DICTIONARY
  5
89A
330
32
100
AcDbDictionary
280
     1
281
     1
  3
ACAD_XREC_ROUNDTRIP
360
89B
  0
DICTIONARY
  5
8A2
330
36
100
AcDbDictionary
280
     1
281
     1
  3
ACAD_XREC_ROUNDTRIP
360
8A3
  0
DICTIONARY
  5
8AA
330
3A
100
AcDbDictionary
280
     1
281
     1
  3
ACAD_XREC_ROUNDTRIP
360
8AB
  0
DICTIONARY
  5
89E
330
34
100
AcDbDictionary
280
     1
281
     1
  3
ACAD_XREC_ROUNDTRIP
360
89F
  0
DICTIONARY
  5
8A0
330
35
100
AcDbDictionary
280
     1
281
     1
  3
ACAD_XREC_ROUNDTRIP
360
8A1
  0
DICTIONARY
  5
8B0
330
3D
100
AcDbDictionary
280
     1
281
     1
  3
ACAD_XREC_ROUNDTRIP
360
8B1
  0
DICTIONARY
  5
8A8
330
39
100
AcDbDictionary
280
     1
281
     1
  3
ACAD_XREC_ROUNDTRIP
360
8A9
  0
DICTIONARY
  5
88C
330
2B
100
AcDbDictionary
280
     1
281
     1
  3
ACAD_XREC_ROUNDTRIP
360
88D
  0
DICTIONARY
  5
88E
330
2C
100
AcDbDictionary
280
     1
281
     1
  3
ACAD_XREC_ROUNDTRIP
360
88F
  0
DICTIONARY
  5
890
330
2D
100
AcDbDictionary
280
     1
281
     1
  3
ACAD_XREC_ROUNDTRIP
360
891
  0
DICTIONARY
  5
892
330
2E
100
AcDbDictionary
280
     1
281
     1
  3
ACAD_XREC_ROUNDTRIP
360
893
  0
DICTIONARY
  5
898
330
31
100
AcDbDictionary
280
     1
281
     1
  3
ACAD_XREC_ROUNDTRIP
360
899
  0
DICTIONARY
  5
8AC
330
3B
100
AcDbDictionary
280
     1
281
     1
  3
ACAD_XREC_ROUNDTRIP
360
8AD
  0
DICTIONARY
  5
8A6
330
38
100
AcDbDictionary
280
     1
281
     1
  3
ACAD_XREC_ROUNDTRIP
360
8A7
  0
DICTIONARY
  5
8AE
330
3C
100
AcDbDictionary
280
     1
281
     1
  3
ACAD_XREC_ROUNDTRIP
360
8AF
  0
DICTIONARY
  5
89C
330
33
100
AcDbDictionary
280
     1
281
     1
  3
ACAD_XREC_ROUNDTRIP
360
89D
  0
DICTIONARY
  5
8BA
330
42
100
AcDbDictionary
280
     1
281
     1
  3
ACAD_XREC_ROUNDTRIP
360
8BB
  0
DICTIONARY
  5
8B8
330
41
100
AcDbDictionary
280
     1
281
     1
  3
ACAD_XREC_ROUNDTRIP
360
8B9
  0
DICTIONARY
  5
8B2
330
3E
100
AcDbDictionary
280
     1
281
     1
  3
ACAD_XREC_ROUNDTRIP
360
8B3
  0
DICTIONARY
  5
8B4
330
3F
100
AcDbDictionary
280
     1
281
     1
  3
ACAD_XREC_ROUNDTRIP
360
8B5
  0
DICTIONARY
  5
8A4
330
37
100
AcDbDictionary
280
     1
281
     1
  3
ACAD_XREC_ROUNDTRIP
360
8A5
  0
DICTIONARY
  5
896
330
30
100
AcDbDictionary
280
     1
281
     1
  3
ACAD_XREC_ROUNDTRIP
360
897
  0
DICTIONARY
  5
8B6
330
40
100
AcDbDictionary
280
     1
281
     1
  3
ACAD_XREC_ROUNDTRIP
360
8B7
  0
CELLSTYLEMAP
  5
8BD
102
{ACAD_REACTORS
330
8BC
102
}
330
8BC
100
AcDbCellStyleMap
 90
        3
300
CELLSTYLE
  1
TABLEFORMAT_BEGIN
 90
        5
170
     1
 91
        0
 92
    32768
 62
   257
 93
        1
300
CONTENTFORMAT
  1
CONTENTFORMAT_BEGIN
 90
        0
 91
        0
 92
        4
 93
        0
300

 40
0.0
140
1.0
 94
        5
 62
     0
340
11
144
6.0
309
CONTENTFORMAT_END
171
     1
301
MARGIN
  1
CELLMARGIN_BEGIN
 40
1.5
 40
1.5
 40
1.5
 40
1.5
 40
1.5
 40
1.5
309
CELLMARGIN_END
 94
        6
 95
        1
302
GRIDFORMAT
  1
GRIDFORMAT_BEGIN
 90
        0
 91
        1
 62
     0
 92
       -2
340
14
 93
        0
 40
0.045
309
GRIDFORMAT_END
 95
        2
302
GRIDFORMAT
  1
GRIDFORMAT_BEGIN
 90
        0
 91
        1
 62
     0
 92
       -2
340
14
 93
        0
 40
0.045
309
GRIDFORMAT_END
 95
        4
302
GRIDFORMAT
  1
GRIDFORMAT_BEGIN
 90
        0
 91
        1
 62
     0
 92
       -2
340
14
 93
        0
 40
0.045
309
GRIDFORMAT_END
 95
        8
302
GRIDFORMAT
  1
GRIDFORMAT_BEGIN
 90
        0
 91
        1
 62
     0
 92
       -2
340
14
 93
        0
 40
0.045
309
GRIDFORMAT_END
 95
       16
302
GRIDFORMAT
  1
GRIDFORMAT_BEGIN
 90
        0
 91
        1
 62
     0
 92
       -2
340
14
 93
        0
 40
0.045
309
GRIDFORMAT_END
 95
       32
302
GRIDFORMAT
  1
GRIDFORMAT_BEGIN
 90
        0
 91
        1
 62
     0
 92
       -2
340
14
 93
        0
 40
0.045
309
GRIDFORMAT_END
309
TABLEFORMAT_END
  1
CELLSTYLE_BEGIN
 90
        1
 91
        1
300
_TITLE
309
CELLSTYLE_END
300
CELLSTYLE
  1
TABLEFORMAT_BEGIN
 90
        5
170
     1
 91
        0
 92
        0
 62
   257
 93
        1
300
CONTENTFORMAT
  1
CONTENTFORMAT_BEGIN
 90
        0
 91
        0
 92
        4
 93
        0
300

 40
0.0
140
1.0
 94
        5
 62
     0
340
11
144
4.5
309
CONTENTFORMAT_END
171
     1
301
MARGIN
  1
CELLMARGIN_BEGIN
 40
1.5
 40
1.5
 40
1.5
 40
1.5
 40
1.5
 40
1.5
309
CELLMARGIN_END
 94
        6
 95
        1
302
GRIDFORMAT
  1
GRIDFORMAT_BEGIN
 90
        0
 91
        1
 62
     0
 92
       -2
340
14
 93
        0
 40
0.045
309
GRIDFORMAT_END
 95
        2
302
GRIDFORMAT
  1
GRIDFORMAT_BEGIN
 90
        0
 91
        1
 62
     0
 92
       -2
340
14
 93
        0
 40
0.045
309
GRIDFORMAT_END
 95
        4
302
GRIDFORMAT
  1
GRIDFORMAT_BEGIN
 90
        0
 91
        1
 62
     0
 92
       -2
340
14
 93
        0
 40
0.045
309
GRIDFORMAT_END
 95
        8
302
GRIDFORMAT
  1
GRIDFORMAT_BEGIN
 90
        0
 91
        1
 62
     0
 92
       -2
340
14
 93
        0
 40
0.045
309
GRIDFORMAT_END
 95
       16
302
GRIDFORMAT
  1
GRIDFORMAT_BEGIN
 90
        0
 91
        1
 62
     0
 92
       -2
340
14
 93
        0
 40
0.045
309
GRIDFORMAT_END
 95
       32
302
GRIDFORMAT
  1
GRIDFORMAT_BEGIN
 90
        0
 91
        1
 62
     0
 92
       -2
340
14
 93
        0
 40
0.045
309
GRIDFORMAT_END
309
TABLEFORMAT_END
  1
CELLSTYLE_BEGIN
 90
        2
 91
        1
300
_HEADER
309
CELLSTYLE_END
300
CELLSTYLE
  1
TABLEFORMAT_BEGIN
 90
        5
170
     1
 91
        0
 92
        0
 62
   257
 93
        1
300
CONTENTFORMAT
  1
CONTENTFORMAT_BEGIN
 90
        0
 91
        0
 92
        4
 93
        0
300

 40
0.0
140
1.0
 94
        2
 62
     0
340
11
144
4.5
309
CONTENTFORMAT_END
171
     1
301
MARGIN
  1
CELLMARGIN_BEGIN
 40
1.5
 40
1.5
 40
1.5
 40
1.5
 40
1.5
 40
1.5
309
CELLMARGIN_END
 94
        6
 95
        1
302
GRIDFORMAT
  1
GRIDFORMAT_BEGIN
 90
        0
 91
        1
 62
     0
 92
       -2
340
14
 93
        0
 40
0.045
309
GRIDFORMAT_END
 95
        2
302
GRIDFORMAT
  1
GRIDFORMAT_BEGIN
 90
        0
 91
        1
 62
     0
 92
       -2
340
14
 93
        0
 40
0.045
309
GRIDFORMAT_END
 95
        4
302
GRIDFORMAT
  1
GRIDFORMAT_BEGIN
 90
        0
 91
        1
 62
     0
 92
       -2
340
14
 93
        0
 40
0.045
309
GRIDFORMAT_END
 95
        8
302
GRIDFORMAT
  1
GRIDFORMAT_BEGIN
 90
        0
 91
        1
 62
     0
 92
       -2
340
14
 93
        0
 40
0.045
309
GRIDFORMAT_END
 95
       16
302
GRIDFORMAT
  1
GRIDFORMAT_BEGIN
 90
        0
 91
        1
 62
     0
 92
       -2
340
14
 93
        0
 40
0.045
309
GRIDFORMAT_END
 95
       32
302
GRIDFORMAT
  1
GRIDFORMAT_BEGIN
 90
        0
 91
        1
 62
     0
 92
       -2
340
14
 93
        0
 40
0.045
309
GRIDFORMAT_END
309
TABLEFORMAT_END
  1
CELLSTYLE_BEGIN
 90
        3
 91
        2
300
_DATA
309
CELLSTYLE_END
  0
XRECORD
  5
895
102
{ACAD_REACTORS
330
894
102
}
330
894
100
AcDbXrecord
280
     1
102
RTVSPost2010Prop28
280
     1
102
RTVSPost2010PropOp28
 70
     1
102
RTVSPost2010Prop29
280
     1
102
RTVSPost2010PropOp29
 70
     1
102
RTVSPost2010Prop30
280
     0
102
RTVSPost2010PropOp30
 70
     1
102
RTVSPost2010Prop31
280
     0
102
RTVSPost2010PropOp31
 70
     1
102
RTVSPost2010Prop32
280
     0
102
RTVSPost2010PropOp32
 70
     1
102
RTVSPost2010Prop33
280
     0
102
RTVSPost2010PropOp33
 70
     1
102
RTVSPost2010Prop34
280
     0
102
RTVSPost2010PropOp34
 70
     1
102
RTVSPost2010Prop35
280
     0
102
RTVSPost2010PropOp35
 70
     1
102
RTVSPost2010Prop36
280
     0
102
RTVSPost2010PropOp36
 70
     1
102
RTVSPost2010Prop37
 90
       50
102
RTVSPost2010PropOp37
 70
     1
102
RTVSPost2010Prop38
140
0.0
102
RTVSPost2010PropOp38
 70
     1
102
RTVSPost2010Prop39
140
1.0
102
RTVSPost2010PropOp39
 70
     1
102
RTVSPost2010Prop40
 90
        0
102
RTVSPost2010PropOp40
 70
     1
102
RTVSPost2010Prop41ColorIndex
 90
       18
102
RTVSPost2010Prop41ColorRGB
 90
        0
102
RTVSPost2010PropOp41
 70
     1
102
RTVSPost2010Prop42
 90
       50
102
RTVSPost2010PropOp42
 70
     1
102
RTVSPost2010Prop43
 90
        3
102
RTVSPost2010PropOp43
 70
     1
102
RTVSPost2010Prop44ColorIndex
 90
        5
102
RTVSPost2010Prop44ColorRGB
 90
      255
102
RTVSPost2010PropOp44
 70
     1
102
RTVSPost2010Prop45
280
     0
102
RTVSPost2010PropOp45
 70
     1
102
RTVSPost2010Prop46
 90
       50
102
RTVSPost2010PropOp46
 70
     1
102
RTVSPost2010Prop47
 90
       50
102
RTVSPost2010PropOp47
 70
     1
102
RTVSPost2010Prop48
 90
       50
102
RTVSPost2010PropOp48
 70
     1
102
RTVSPost2010Prop49
280
     0
102
RTVSPost2010PropOp49
 70
     1
102
RTVSPost2010Prop50
 90
       50
102
RTVSPost2010PropOp50
 70
     1
102
RTVSPost2010Prop51ColorIndex
 90
      256
102
RTVSPost2010Prop51ColorRGB
 90
-16777216
102
RTVSPost2010PropOp51
 70
     0
102
RTVSPost2010Prop52
140
1.0
102
RTVSPost2010PropOp52
 70
     0
102
RTVSPost2010Prop53
 90
        2
102
RTVSPost2010PropOp53
 70
     1
102
RTVSPost2010Prop54
  1
strokes_ogs.tif
102
RTVSPost2010PropOp54
 70
     1
102
RTVSPost2010Prop55
280
     0
102
RTVSPost2010PropOp55
 70
     1
102
RTVSPost2010Prop56
140
1.0
102
RTVSPost2010PropOp56
 70
     1
102
RTVSPost2010Prop57
140
1.0
102
RTVSPost2010PropOp57
 70
     1
  0
XRECORD
  5
89B
102
{ACAD_REACTORS
330
89A
102
}
330
89A
100
AcDbXrecord
280
     1
102
RTVSPost2010Prop28
280
     0
102
RTVSPost2010PropOp28
 70
     1
102
RTVSPost2010Prop29
280
     1
102
RTVSPost2010PropOp29
 70
     1
102
RTVSPost2010Prop30
280
     1
102
RTVSPost2010PropOp30
 70
     1
102
RTVSPost2010Prop31
280
     0
102
RTVSPost2010PropOp31
 70
     1
102
RTVSPost2010Prop32
280
     0
102
RTVSPost2010PropOp32
 70
     1
102
RTVSPost2010Prop33
280
     0
102
RTVSPost2010PropOp33
 70
     1
102
RTVSPost2010Prop34
280
     0
102
RTVSPost2010PropOp34
 70
     1
102
RTVSPost2010Prop35
280
     0
102
RTVSPost2010PropOp35
 70
     1
102
RTVSPost2010Prop36
280
     0
102
RTVSPost2010PropOp36
 70
     1
102
RTVSPost2010Prop37
 90
       50
102
RTVSPost2010PropOp37
 70
     1
102
RTVSPost2010Prop38
140
0.0
102
RTVSPost2010PropOp38
 70
     1
102
RTVSPost2010Prop39
140
1.0
102
RTVSPost2010PropOp39
 70
     1
102
RTVSPost2010Prop40
 90
        0
102
RTVSPost2010PropOp40
 70
     1
102
RTVSPost2010Prop41ColorIndex
 90
       18
102
RTVSPost2010Prop41ColorRGB
 90
        0
102
RTVSPost2010PropOp41
 70
     1
102
RTVSPost2010Prop42
 90
       50
102
RTVSPost2010PropOp42
 70
     1
102
RTVSPost2010Prop43
 90
        3
102
RTVSPost2010PropOp43
 70
     1
102
RTVSPost2010Prop44ColorIndex
 90
        5
102
RTVSPost2010Prop44ColorRGB
 90
      255
102
RTVSPost2010PropOp44
 70
     1
102
RTVSPost2010Prop45
280
     0
102
RTVSPost2010PropOp45
 70
     1
102
RTVSPost2010Prop46
 90
       50
102
RTVSPost2010PropOp46
 70
     1
102
RTVSPost2010Prop47
 90
       50
102
RTVSPost2010PropOp47
 70
     1
102
RTVSPost2010Prop48
 90
       50
102
RTVSPost2010PropOp48
 70
     1
102
RTVSPost2010Prop49
280
     0
102
RTVSPost2010PropOp49
 70
     1
102
RTVSPost2010Prop50
 90
       50
102
RTVSPost2010PropOp50
 70
     1
102
RTVSPost2010Prop51ColorIndex
 90
      256
102
RTVSPost2010Prop51ColorRGB
 90
-16777216
102
RTVSPost2010PropOp51
 70
     0
102
RTVSPost2010Prop52
140
1.0
102
RTVSPost2010PropOp52
 70
     0
102
RTVSPost2010Prop53
 90
        2
102
RTVSPost2010PropOp53
 70
     1
102
RTVSPost2010Prop54
  1
strokes_ogs.tif
102
RTVSPost2010PropOp54
 70
     1
102
RTVSPost2010Prop55
280
     0
102
RTVSPost2010PropOp55
 70
     1
102
RTVSPost2010Prop56
140
1.0
102
RTVSPost2010PropOp56
 70
     1
102
RTVSPost2010Prop57
140
1.0
102
RTVSPost2010PropOp57
 70
     1
  0
XRECORD
  5
8A3
102
{ACAD_REACTORS
330
8A2
102
}
330
8A2
100
AcDbXrecord
280
     1
102
RTVSPost2010Prop28
280
     0
102
RTVSPost2010PropOp28
 70
     1
102
RTVSPost2010Prop29
280
     1
102
RTVSPost2010PropOp29
 70
     1
102
RTVSPost2010Prop30
280
     1
102
RTVSPost2010PropOp30
 70
     1
102
RTVSPost2010Prop31
280
     0
102
RTVSPost2010PropOp31
 70
     1
102
RTVSPost2010Prop32
280
     0
102
RTVSPost2010PropOp32
 70
     1
102
RTVSPost2010Prop33
280
     0
102
RTVSPost2010PropOp33
 70
     1
102
RTVSPost2010Prop34
280
     0
102
RTVSPost2010PropOp34
 70
     1
102
RTVSPost2010Prop35
280
     0
102
RTVSPost2010PropOp35
 70
     1
102
RTVSPost2010Prop36
280
     0
102
RTVSPost2010PropOp36
 70
     1
102
RTVSPost2010Prop37
 90
       50
102
RTVSPost2010PropOp37
 70
     1
102
RTVSPost2010Prop38
140
0.0
102
RTVSPost2010PropOp38
 70
     1
102
RTVSPost2010Prop39
140
1.0
102
RTVSPost2010PropOp39
 70
     1
102
RTVSPost2010Prop40
 90
        0
102
RTVSPost2010PropOp40
 70
     1
102
RTVSPost2010Prop41ColorIndex
 90
       18
102
RTVSPost2010Prop41ColorRGB
 90
        0
102
RTVSPost2010PropOp41
 70
     1
102
RTVSPost2010Prop42
 90
       50
102
RTVSPost2010PropOp42
 70
     1
102
RTVSPost2010Prop43
 90
        3
102
RTVSPost2010PropOp43
 70
     1
102
RTVSPost2010Prop44ColorIndex
 90
        5
102
RTVSPost2010Prop44ColorRGB
 90
      255
102
RTVSPost2010PropOp44
 70
     1
102
RTVSPost2010Prop45
280
     0
102
RTVSPost2010PropOp45
 70
     1
102
RTVSPost2010Prop46
 90
       50
102
RTVSPost2010PropOp46
 70
     1
102
RTVSPost2010Prop47
 90
       50
102
RTVSPost2010PropOp47
 70
     1
102
RTVSPost2010Prop48
 90
       50
102
RTVSPost2010PropOp48
 70
     1
102
RTVSPost2010Prop49
280
     0
102
RTVSPost2010PropOp49
 70
     1
102
RTVSPost2010Prop50
 90
       50
102
RTVSPost2010PropOp50
 70
     1
102
RTVSPost2010Prop51ColorIndex
 90
      256
102
RTVSPost2010Prop51ColorRGB
 90
-16777216
102
RTVSPost2010PropOp51
 70
     0
102
RTVSPost2010Prop52
140
1.0
102
RTVSPost2010PropOp52
 70
     0
102
RTVSPost2010Prop53
 90
        2
102
RTVSPost2010PropOp53
 70
     1
102
RTVSPost2010Prop54
  1
strokes_ogs.tif
102
RTVSPost2010PropOp54
 70
     1
102
RTVSPost2010Prop55
280
     0
102
RTVSPost2010PropOp55
 70
     1
102
RTVSPost2010Prop56
140
1.0
102
RTVSPost2010PropOp56
 70
     1
102
RTVSPost2010Prop57
140
1.0
102
RTVSPost2010PropOp57
 70
     1
  0
XRECORD
  5
8AB
102
{ACAD_REACTORS
330
8AA
102
}
330
8AA
100
AcDbXrecord
280
     1
102
RTVSPost2010Prop28
280
     0
102
RTVSPost2010PropOp28
 70
     1
102
RTVSPost2010Prop29
280
     1
102
RTVSPost2010PropOp29
 70
     1
102
RTVSPost2010Prop30
280
     1
102
RTVSPost2010PropOp30
 70
     1
102
RTVSPost2010Prop31
280
     0
102
RTVSPost2010PropOp31
 70
     1
102
RTVSPost2010Prop32
280
     0
102
RTVSPost2010PropOp32
 70
     1
102
RTVSPost2010Prop33
280
     0
102
RTVSPost2010PropOp33
 70
     1
102
RTVSPost2010Prop34
280
     0
102
RTVSPost2010PropOp34
 70
     1
102
RTVSPost2010Prop35
280
     0
102
RTVSPost2010PropOp35
 70
     1
102
RTVSPost2010Prop36
280
     0
102
RTVSPost2010PropOp36
 70
     1
102
RTVSPost2010Prop37
 90
       50
102
RTVSPost2010PropOp37
 70
     1
102
RTVSPost2010Prop38
140
0.0
102
RTVSPost2010PropOp38
 70
     1
102
RTVSPost2010Prop39
140
1.0
102
RTVSPost2010PropOp39
 70
     1
102
RTVSPost2010Prop40
 90
        0
102
RTVSPost2010PropOp40
 70
     1
102
RTVSPost2010Prop41ColorIndex
 90
       18
102
RTVSPost2010Prop41ColorRGB
 90
        0
102
RTVSPost2010PropOp41
 70
     1
102
RTVSPost2010Prop42
 90
       50
102
RTVSPost2010PropOp42
 70
     1
102
RTVSPost2010Prop43
 90
        3
102
RTVSPost2010PropOp43
 70
     1
102
RTVSPost2010Prop44ColorIndex
 90
        5
102
RTVSPost2010Prop44ColorRGB
 90
      255
102
RTVSPost2010PropOp44
 70
     1
102
RTVSPost2010Prop45
280
     0
102
RTVSPost2010PropOp45
 70
     1
102
RTVSPost2010Prop46
 90
       50
102
RTVSPost2010PropOp46
 70
     1
102
RTVSPost2010Prop47
 90
       50
102
RTVSPost2010PropOp47
 70
     1
102
RTVSPost2010Prop48
 90
       50
102
RTVSPost2010PropOp48
 70
     1
102
RTVSPost2010Prop49
280
     0
102
RTVSPost2010PropOp49
 70
     1
102
RTVSPost2010Prop50
 90
       50
102
RTVSPost2010PropOp50
 70
     1
102
RTVSPost2010Prop51ColorIndex
 90
      256
102
RTVSPost2010Prop51ColorRGB
 90
-16777216
102
RTVSPost2010PropOp51
 70
     0
102
RTVSPost2010Prop52
140
1.0
102
RTVSPost2010PropOp52
 70
     0
102
RTVSPost2010Prop53
 90
        2
102
RTVSPost2010PropOp53
 70
     1
102
RTVSPost2010Prop54
  1
strokes_ogs.tif
102
RTVSPost2010PropOp54
 70
     1
102
RTVSPost2010Prop55
280
     0
102
RTVSPost2010PropOp55
 70
     1
102
RTVSPost2010Prop56
140
1.0
102
RTVSPost2010PropOp56
 70
     1
102
RTVSPost2010Prop57
140
1.0
102
RTVSPost2010PropOp57
 70
     1
  0
XRECORD
  5
89F
102
{ACAD_REACTORS
330
89E
102
}
330
89E
100
AcDbXrecord
280
     1
102
RTVSPost2010Prop28
280
     0
102
RTVSPost2010PropOp28
 70
     1
102
RTVSPost2010Prop29
280
     1
102
RTVSPost2010PropOp29
 70
     1
102
RTVSPost2010Prop30
280
     1
102
RTVSPost2010PropOp30
 70
     1
102
RTVSPost2010Prop31
280
     0
102
RTVSPost2010PropOp31
 70
     1
102
RTVSPost2010Prop32
280
     0
102
RTVSPost2010PropOp32
 70
     1
102
RTVSPost2010Prop33
280
     0
102
RTVSPost2010PropOp33
 70
     1
102
RTVSPost2010Prop34
280
     0
102
RTVSPost2010PropOp34
 70
     1
102
RTVSPost2010Prop35
280
     0
102
RTVSPost2010PropOp35
 70
     1
102
RTVSPost2010Prop36
280
     0
102
RTVSPost2010PropOp36
 70
     1
102
RTVSPost2010Prop37
 90
       50
102
RTVSPost2010PropOp37
 70
     1
102
RTVSPost2010Prop38
140
0.0
102
RTVSPost2010PropOp38
 70
     1
102
RTVSPost2010Prop39
140
1.0
102
RTVSPost2010PropOp39
 70
     1
102
RTVSPost2010Prop40
 90
        0
102
RTVSPost2010PropOp40
 70
     1
102
RTVSPost2010Prop41ColorIndex
 90
       18
102
RTVSPost2010Prop41ColorRGB
 90
        0
102
RTVSPost2010PropOp41
 70
     1
102
RTVSPost2010Prop42
 90
       50
102
RTVSPost2010PropOp42
 70
     1
102
RTVSPost2010Prop43
 90
        3
102
RTVSPost2010PropOp43
 70
     1
102
RTVSPost2010Prop44ColorIndex
 90
        5
102
RTVSPost2010Prop44ColorRGB
 90
      255
102
RTVSPost2010PropOp44
 70
     1
102
RTVSPost2010Prop45
280
     0
102
RTVSPost2010PropOp45
 70
     1
102
RTVSPost2010Prop46
 90
       50
102
RTVSPost2010PropOp46
 70
     1
102
RTVSPost2010Prop47
 90
       50
102
RTVSPost2010PropOp47
 70
     1
102
RTVSPost2010Prop48
 90
       50
102
RTVSPost2010PropOp48
 70
     1
102
RTVSPost2010Prop49
280
     0
102
RTVSPost2010PropOp49
 70
     1
102
RTVSPost2010Prop50
 90
       50
102
RTVSPost2010PropOp50
 70
     1
102
RTVSPost2010Prop51ColorIndex
 90
      256
102
RTVSPost2010Prop51ColorRGB
 90
-16777216
102
RTVSPost2010PropOp51
 70
     0
102
RTVSPost2010Prop52
140
1.0
102
RTVSPost2010PropOp52
 70
     0
102
RTVSPost2010Prop53
 90
        2
102
RTVSPost2010PropOp53
 70
     1
102
RTVSPost2010Prop54
  1
strokes_ogs.tif
102
RTVSPost2010PropOp54
 70
     1
102
RTVSPost2010Prop55
280
     0
102
RTVSPost2010PropOp55
 70
     1
102
RTVSPost2010Prop56
140
1.0
102
RTVSPost2010PropOp56
 70
     1
102
RTVSPost2010Prop57
140
1.0
102
RTVSPost2010PropOp57
 70
     1
  0
XRECORD
  5
8A1
102
{ACAD_REACTORS
330
8A0
102
}
330
8A0
100
AcDbXrecord
280
     1
102
RTVSPost2010Prop28
280
     0
102
RTVSPost2010PropOp28
 70
     1
102
RTVSPost2010Prop29
280
     1
102
RTVSPost2010PropOp29
 70
     1
102
RTVSPost2010Prop30
280
     1
102
RTVSPost2010PropOp30
 70
     1
102
RTVSPost2010Prop31
280
     0
102
RTVSPost2010PropOp31
 70
     1
102
RTVSPost2010Prop32
280
     0
102
RTVSPost2010PropOp32
 70
     1
102
RTVSPost2010Prop33
280
     0
102
RTVSPost2010PropOp33
 70
     1
102
RTVSPost2010Prop34
280
     0
102
RTVSPost2010PropOp34
 70
     1
102
RTVSPost2010Prop35
280
     0
102
RTVSPost2010PropOp35
 70
     1
102
RTVSPost2010Prop36
280
     0
102
RTVSPost2010PropOp36
 70
     1
102
RTVSPost2010Prop37
 90
       50
102
RTVSPost2010PropOp37
 70
     1
102
RTVSPost2010Prop38
140
0.0
102
RTVSPost2010PropOp38
 70
     1
102
RTVSPost2010Prop39
140
1.0
102
RTVSPost2010PropOp39
 70
     1
102
RTVSPost2010Prop40
 90
        0
102
RTVSPost2010PropOp40
 70
     1
102
RTVSPost2010Prop41ColorIndex
 90
       18
102
RTVSPost2010Prop41ColorRGB
 90
        0
102
RTVSPost2010PropOp41
 70
     1
102
RTVSPost2010Prop42
 90
       50
102
RTVSPost2010PropOp42
 70
     1
102
RTVSPost2010Prop43
 90
        3
102
RTVSPost2010PropOp43
 70
     1
102
RTVSPost2010Prop44ColorIndex
 90
        5
102
RTVSPost2010Prop44ColorRGB
 90
      255
102
RTVSPost2010PropOp44
 70
     1
102
RTVSPost2010Prop45
280
     0
102
RTVSPost2010PropOp45
 70
     1
102
RTVSPost2010Prop46
 90
       50
102
RTVSPost2010PropOp46
 70
     1
102
RTVSPost2010Prop47
 90
       50
102
RTVSPost2010PropOp47
 70
     1
102
RTVSPost2010Prop48
 90
       50
102
RTVSPost2010PropOp48
 70
     1
102
RTVSPost2010Prop49
280
     0
102
RTVSPost2010PropOp49
 70
     1
102
RTVSPost2010Prop50
 90
       50
102
RTVSPost2010PropOp50
 70
     1
102
RTVSPost2010Prop51ColorIndex
 90
      256
102
RTVSPost2010Prop51ColorRGB
 90
-16777216
102
RTVSPost2010PropOp51
 70
     0
102
RTVSPost2010Prop52
140
1.0
102
RTVSPost2010PropOp52
 70
     0
102
RTVSPost2010Prop53
 90
        2
102
RTVSPost2010PropOp53
 70
     1
102
RTVSPost2010Prop54
  1
strokes_ogs.tif
102
RTVSPost2010PropOp54
 70
     1
102
RTVSPost2010Prop55
280
     0
102
RTVSPost2010PropOp55
 70
     1
102
RTVSPost2010Prop56
140
1.0
102
RTVSPost2010PropOp56
 70
     1
102
RTVSPost2010Prop57
140
1.0
102
RTVSPost2010PropOp57
 70
     1
  0
XRECORD
  5
8B1
102
{ACAD_REACTORS
330
8B0
102
}
330
8B0
100
AcDbXrecord
280
     1
102
RTVSPost2010Prop28
280
     0
102
RTVSPost2010PropOp28
 70
     0
102
RTVSPost2010Prop29
280
     1
102
RTVSPost2010PropOp29
 70
     0
102
RTVSPost2010Prop30
280
     1
102
RTVSPost2010PropOp30
 70
     0
102
RTVSPost2010Prop31
280
     0
102
RTVSPost2010PropOp31
 70
     0
102
RTVSPost2010Prop32
280
     0
102
RTVSPost2010PropOp32
 70
     0
102
RTVSPost2010Prop33
280
     0
102
RTVSPost2010PropOp33
 70
     0
102
RTVSPost2010Prop34
280
     0
102
RTVSPost2010PropOp34
 70
     0
102
RTVSPost2010Prop35
280
     0
102
RTVSPost2010PropOp35
 70
     0
102
RTVSPost2010Prop36
280
     0
102
RTVSPost2010PropOp36
 70
     0
102
RTVSPost2010Prop37
 90
       50
102
RTVSPost2010PropOp37
 70
     0
102
RTVSPost2010Prop38
140
0.0
102
RTVSPost2010PropOp38
 70
     0
102
RTVSPost2010Prop39
140
1.0
102
RTVSPost2010PropOp39
 70
     0
102
RTVSPost2010Prop40
 90
        0
102
RTVSPost2010PropOp40
 70
     0
102
RTVSPost2010Prop41ColorIndex
 90
       18
102
RTVSPost2010Prop41ColorRGB
 90
        0
102
RTVSPost2010PropOp41
 70
     0
102
RTVSPost2010Prop42
 90
       50
102
RTVSPost2010PropOp42
 70
     0
102
RTVSPost2010Prop43
 90
        3
102
RTVSPost2010PropOp43
 70
     0
102
RTVSPost2010Prop44ColorIndex
 90
        5
102
RTVSPost2010Prop44ColorRGB
 90
      255
102
RTVSPost2010PropOp44
 70
     0
102
RTVSPost2010Prop45
280
     0
102
RTVSPost2010PropOp45
 70
     0
102
RTVSPost2010Prop46
 90
       50
102
RTVSPost2010PropOp46
 70
     0
102
RTVSPost2010Prop47
 90
       50
102
RTVSPost2010PropOp47
 70
     0
102
RTVSPost2010Prop48
 90
       50
102
RTVSPost2010PropOp48
 70
     0
102
RTVSPost2010Prop49
280
     0
102
RTVSPost2010PropOp49
 70
     0
102
RTVSPost2010Prop50
 90
       50
102
RTVSPost2010PropOp50
 70
     0
102
RTVSPost2010Prop51ColorIndex
 90
      256
102
RTVSPost2010Prop51ColorRGB
 90
-16777216
102
RTVSPost2010PropOp51
 70
     0
102
RTVSPost2010Prop52
140
1.0
102
RTVSPost2010PropOp52
 70
     0
102
RTVSPost2010Prop53
 90
        2
102
RTVSPost2010PropOp53
 70
     0
102
RTVSPost2010Prop54
  1
strokes_ogs.tif
102
RTVSPost2010PropOp54
 70
     0
102
RTVSPost2010Prop55
280
     0
102
RTVSPost2010PropOp55
 70
     0
102
RTVSPost2010Prop56
140
1.0
102
RTVSPost2010PropOp56
 70
     0
102
RTVSPost2010Prop57
140
1.0
102
RTVSPost2010PropOp57
 70
     0
  0
XRECORD
  5
8A9
102
{ACAD_REACTORS
330
8A8
102
}
330
8A8
100
AcDbXrecord
280
     1
102
RTVSPost2010Prop28
280
     0
102
RTVSPost2010PropOp28
 70
     1
102
RTVSPost2010Prop29
280
     1
102
RTVSPost2010PropOp29
 70
     1
102
RTVSPost2010Prop30
280
     1
102
RTVSPost2010PropOp30
 70
     1
102
RTVSPost2010Prop31
280
     0
102
RTVSPost2010PropOp31
 70
     1
102
RTVSPost2010Prop32
280
     0
102
RTVSPost2010PropOp32
 70
     1
102
RTVSPost2010Prop33
280
     0
102
RTVSPost2010PropOp33
 70
     1
102
RTVSPost2010Prop34
280
     0
102
RTVSPost2010PropOp34
 70
     1
102
RTVSPost2010Prop35
280
     0
102
RTVSPost2010PropOp35
 70
     1
102
RTVSPost2010Prop36
280
     0
102
RTVSPost2010PropOp36
 70
     1
102
RTVSPost2010Prop37
 90
       50
102
RTVSPost2010PropOp37
 70
     1
102
RTVSPost2010Prop38
140
0.0
102
RTVSPost2010PropOp38
 70
     1
102
RTVSPost2010Prop39
140
1.0
102
RTVSPost2010PropOp39
 70
     1
102
RTVSPost2010Prop40
 90
        0
102
RTVSPost2010PropOp40
 70
     1
102
RTVSPost2010Prop41ColorIndex
 90
       18
102
RTVSPost2010Prop41ColorRGB
 90
        0
102
RTVSPost2010PropOp41
 70
     1
102
RTVSPost2010Prop42
 90
       50
102
RTVSPost2010PropOp42
 70
     1
102
RTVSPost2010Prop43
 90
        3
102
RTVSPost2010PropOp43
 70
     1
102
RTVSPost2010Prop44ColorIndex
 90
        5
102
RTVSPost2010Prop44ColorRGB
 90
      255
102
RTVSPost2010PropOp44
 70
     1
102
RTVSPost2010Prop45
280
     0
102
RTVSPost2010PropOp45
 70
     1
102
RTVSPost2010Prop46
 90
       50
102
RTVSPost2010PropOp46
 70
     1
102
RTVSPost2010Prop47
 90
       50
102
RTVSPost2010PropOp47
 70
     1
102
RTVSPost2010Prop48
 90
       50
102
RTVSPost2010PropOp48
 70
     1
102
RTVSPost2010Prop49
280
     0
102
RTVSPost2010PropOp49
 70
     1
102
RTVSPost2010Prop50
 90
       50
102
RTVSPost2010PropOp50
 70
     1
102
RTVSPost2010Prop51ColorIndex
 90
      256
102
RTVSPost2010Prop51ColorRGB
 90
-16777216
102
RTVSPost2010PropOp51
 70
     0
102
RTVSPost2010Prop52
140
1.0
102
RTVSPost2010PropOp52
 70
     0
102
RTVSPost2010Prop53
 90
        2
102
RTVSPost2010PropOp53
 70
     1
102
RTVSPost2010Prop54
  1
strokes_ogs.tif
102
RTVSPost2010PropOp54
 70
     1
102
RTVSPost2010Prop55
280
     0
102
RTVSPost2010PropOp55
 70
     1
102
RTVSPost2010Prop56
140
1.0
102
RTVSPost2010PropOp56
 70
     1
102
RTVSPost2010Prop57
140
1.0
102
RTVSPost2010PropOp57
 70
     1
  0
XRECORD
  5
88D
102
{ACAD_REACTORS
330
88C
102
}
330
88C
100
AcDbXrecord
280
     1
102
RTVSPost2010Prop28
280
     0
102
RTVSPost2010PropOp28
 70
     1
102
RTVSPost2010Prop29
280
     1
102
RTVSPost2010PropOp29
 70
     1
102
RTVSPost2010Prop30
280
     1
102
RTVSPost2010PropOp30
 70
     1
102
RTVSPost2010Prop31
280
     0
102
RTVSPost2010PropOp31
 70
     1
102
RTVSPost2010Prop32
280
     0
102
RTVSPost2010PropOp32
 70
     1
102
RTVSPost2010Prop33
280
     0
102
RTVSPost2010PropOp33
 70
     1
102
RTVSPost2010Prop34
280
     0
102
RTVSPost2010PropOp34
 70
     1
102
RTVSPost2010Prop35
280
     0
102
RTVSPost2010PropOp35
 70
     1
102
RTVSPost2010Prop36
280
     0
102
RTVSPost2010PropOp36
 70
     1
102
RTVSPost2010Prop37
 90
       50
102
RTVSPost2010PropOp37
 70
     1
102
RTVSPost2010Prop38
140
0.0
102
RTVSPost2010PropOp38
 70
     1
102
RTVSPost2010Prop39
140
1.0
102
RTVSPost2010PropOp39
 70
     1
102
RTVSPost2010Prop40
 90
        0
102
RTVSPost2010PropOp40
 70
     1
102
RTVSPost2010Prop41ColorIndex
 90
       18
102
RTVSPost2010Prop41ColorRGB
 90
        0
102
RTVSPost2010PropOp41
 70
     1
102
RTVSPost2010Prop42
 90
       50
102
RTVSPost2010PropOp42
 70
     1
102
RTVSPost2010Prop43
 90
        3
102
RTVSPost2010PropOp43
 70
     1
102
RTVSPost2010Prop44ColorIndex
 90
        5
102
RTVSPost2010Prop44ColorRGB
 90
      255
102
RTVSPost2010PropOp44
 70
     1
102
RTVSPost2010Prop45
280
     0
102
RTVSPost2010PropOp45
 70
     1
102
RTVSPost2010Prop46
 90
       50
102
RTVSPost2010PropOp46
 70
     1
102
RTVSPost2010Prop47
 90
       50
102
RTVSPost2010PropOp47
 70
     1
102
RTVSPost2010Prop48
 90
       50
102
RTVSPost2010PropOp48
 70
     1
102
RTVSPost2010Prop49
280
     0
102
RTVSPost2010PropOp49
 70
     1
102
RTVSPost2010Prop50
 90
       50
102
RTVSPost2010PropOp50
 70
     1
102
RTVSPost2010Prop51ColorIndex
 90
      256
102
RTVSPost2010Prop51ColorRGB
 90
-16777216
102
RTVSPost2010PropOp51
 70
     0
102
RTVSPost2010Prop52
140
1.0
102
RTVSPost2010PropOp52
 70
     0
102
RTVSPost2010Prop53
 90
        2
102
RTVSPost2010PropOp53
 70
     1
102
RTVSPost2010Prop54
  1
strokes_ogs.tif
102
RTVSPost2010PropOp54
 70
     1
102
RTVSPost2010Prop55
280
     0
102
RTVSPost2010PropOp55
 70
     1
102
RTVSPost2010Prop56
140
1.0
102
RTVSPost2010PropOp56
 70
     1
102
RTVSPost2010Prop57
140
1.0
102
RTVSPost2010PropOp57
 70
     1
  0
XRECORD
  5
88F
102
{ACAD_REACTORS
330
88E
102
}
330
88E
100
AcDbXrecord
280
     1
102
RTVSPost2010Prop28
280
     0
102
RTVSPost2010PropOp28
 70
     1
102
RTVSPost2010Prop29
280
     1
102
RTVSPost2010PropOp29
 70
     1
102
RTVSPost2010Prop30
280
     1
102
RTVSPost2010PropOp30
 70
     1
102
RTVSPost2010Prop31
280
     0
102
RTVSPost2010PropOp31
 70
     1
102
RTVSPost2010Prop32
280
     0
102
RTVSPost2010PropOp32
 70
     1
102
RTVSPost2010Prop33
280
     0
102
RTVSPost2010PropOp33
 70
     1
102
RTVSPost2010Prop34
280
     0
102
RTVSPost2010PropOp34
 70
     1
102
RTVSPost2010Prop35
280
     0
102
RTVSPost2010PropOp35
 70
     1
102
RTVSPost2010Prop36
280
     0
102
RTVSPost2010PropOp36
 70
     1
102
RTVSPost2010Prop37
 90
       50
102
RTVSPost2010PropOp37
 70
     1
102
RTVSPost2010Prop38
140
0.0
102
RTVSPost2010PropOp38
 70
     1
102
RTVSPost2010Prop39
140
1.0
102
RTVSPost2010PropOp39
 70
     1
102
RTVSPost2010Prop40
 90
        0
102
RTVSPost2010PropOp40
 70
     1
102
RTVSPost2010Prop41ColorIndex
 90
       18
102
RTVSPost2010Prop41ColorRGB
 90
        0
102
RTVSPost2010PropOp41
 70
     1
102
RTVSPost2010Prop42
 90
       50
102
RTVSPost2010PropOp42
 70
     1
102
RTVSPost2010Prop43
 90
        3
102
RTVSPost2010PropOp43
 70
     1
102
RTVSPost2010Prop44ColorIndex
 90
        5
102
RTVSPost2010Prop44ColorRGB
 90
      255
102
RTVSPost2010PropOp44
 70
     1
102
RTVSPost2010Prop45
280
     0
102
RTVSPost2010PropOp45
 70
     1
102
RTVSPost2010Prop46
 90
       50
102
RTVSPost2010PropOp46
 70
     1
102
RTVSPost2010Prop47
 90
       50
102
RTVSPost2010PropOp47
 70
     1
102
RTVSPost2010Prop48
 90
       50
102
RTVSPost2010PropOp48
 70
     1
102
RTVSPost2010Prop49
280
     0
102
RTVSPost2010PropOp49
 70
     1
102
RTVSPost2010Prop50
 90
       50
102
RTVSPost2010PropOp50
 70
     1
102
RTVSPost2010Prop51ColorIndex
 90
      256
102
RTVSPost2010Prop51ColorRGB
 90
-16777216
102
RTVSPost2010PropOp51
 70
     0
102
RTVSPost2010Prop52
140
1.0
102
RTVSPost2010PropOp52
 70
     0
102
RTVSPost2010Prop53
 90
        2
102
RTVSPost2010PropOp53
 70
     1
102
RTVSPost2010Prop54
  1
strokes_ogs.tif
102
RTVSPost2010PropOp54
 70
     1
102
RTVSPost2010Prop55
280
     0
102
RTVSPost2010PropOp55
 70
     1
102
RTVSPost2010Prop56
140
1.0
102
RTVSPost2010PropOp56
 70
     1
102
RTVSPost2010Prop57
140
1.0
102
RTVSPost2010PropOp57
 70
     1
  0
XRECORD
  5
891
102
{ACAD_REACTORS
330
890
102
}
330
890
100
AcDbXrecord
280
     1
102
RTVSPost2010Prop28
280
     0
102
RTVSPost2010PropOp28
 70
     1
102
RTVSPost2010Prop29
280
     1
102
RTVSPost2010PropOp29
 70
     1
102
RTVSPost2010Prop30
280
     1
102
RTVSPost2010PropOp30
 70
     1
102
RTVSPost2010Prop31
280
     0
102
RTVSPost2010PropOp31
 70
     1
102
RTVSPost2010Prop32
280
     0
102
RTVSPost2010PropOp32
 70
     1
102
RTVSPost2010Prop33
280
     0
102
RTVSPost2010PropOp33
 70
     1
102
RTVSPost2010Prop34
280
     0
102
RTVSPost2010PropOp34
 70
     1
102
RTVSPost2010Prop35
280
     0
102
RTVSPost2010PropOp35
 70
     1
102
RTVSPost2010Prop36
280
     0
102
RTVSPost2010PropOp36
 70
     1
102
RTVSPost2010Prop37
 90
       50
102
RTVSPost2010PropOp37
 70
     1
102
RTVSPost2010Prop38
140
0.0
102
RTVSPost2010PropOp38
 70
     1
102
RTVSPost2010Prop39
140
1.0
102
RTVSPost2010PropOp39
 70
     1
102
RTVSPost2010Prop40
 90
        0
102
RTVSPost2010PropOp40
 70
     1
102
RTVSPost2010Prop41ColorIndex
 90
       18
102
RTVSPost2010Prop41ColorRGB
 90
        0
102
RTVSPost2010PropOp41
 70
     1
102
RTVSPost2010Prop42
 90
       50
102
RTVSPost2010PropOp42
 70
     1
102
RTVSPost2010Prop43
 90
        3
102
RTVSPost2010PropOp43
 70
     1
102
RTVSPost2010Prop44ColorIndex
 90
        5
102
RTVSPost2010Prop44ColorRGB
 90
      255
102
RTVSPost2010PropOp44
 70
     1
102
RTVSPost2010Prop45
280
     0
102
RTVSPost2010PropOp45
 70
     1
102
RTVSPost2010Prop46
 90
       50
102
RTVSPost2010PropOp46
 70
     1
102
RTVSPost2010Prop47
 90
       50
102
RTVSPost2010PropOp47
 70
     1
102
RTVSPost2010Prop48
 90
       50
102
RTVSPost2010PropOp48
 70
     1
102
RTVSPost2010Prop49
280
     0
102
RTVSPost2010PropOp49
 70
     1
102
RTVSPost2010Prop50
 90
       50
102
RTVSPost2010PropOp50
 70
     1
102
RTVSPost2010Prop51ColorIndex
 90
      256
102
RTVSPost2010Prop51ColorRGB
 90
-16777216
102
RTVSPost2010PropOp51
 70
     0
102
RTVSPost2010Prop52
140
1.0
102
RTVSPost2010PropOp52
 70
     0
102
RTVSPost2010Prop53
 90
        2
102
RTVSPost2010PropOp53
 70
     1
102
RTVSPost2010Prop54
  1
strokes_ogs.tif
102
RTVSPost2010PropOp54
 70
     1
102
RTVSPost2010Prop55
280
     0
102
RTVSPost2010PropOp55
 70
     1
102
RTVSPost2010Prop56
140
1.0
102
RTVSPost2010PropOp56
 70
     1
102
RTVSPost2010Prop57
140
1.0
102
RTVSPost2010PropOp57
 70
     1
  0
XRECORD
  5
893
102
{ACAD_REACTORS
330
892
102
}
330
892
100
AcDbXrecord
280
     1
102
RTVSPost2010Prop28
280
     0
102
RTVSPost2010PropOp28
 70
     1
102
RTVSPost2010Prop29
280
     1
102
RTVSPost2010PropOp29
 70
     1
102
RTVSPost2010Prop30
280
     1
102
RTVSPost2010PropOp30
 70
     1
102
RTVSPost2010Prop31
280
     0
102
RTVSPost2010PropOp31
 70
     1
102
RTVSPost2010Prop32
280
     0
102
RTVSPost2010PropOp32
 70
     1
102
RTVSPost2010Prop33
280
     0
102
RTVSPost2010PropOp33
 70
     1
102
RTVSPost2010Prop34
280
     0
102
RTVSPost2010PropOp34
 70
     1
102
RTVSPost2010Prop35
280
     0
102
RTVSPost2010PropOp35
 70
     1
102
RTVSPost2010Prop36
280
     0
102
RTVSPost2010PropOp36
 70
     1
102
RTVSPost2010Prop37
 90
       50
102
RTVSPost2010PropOp37
 70
     1
102
RTVSPost2010Prop38
140
0.0
102
RTVSPost2010PropOp38
 70
     1
102
RTVSPost2010Prop39
140
1.0
102
RTVSPost2010PropOp39
 70
     1
102
RTVSPost2010Prop40
 90
        0
102
RTVSPost2010PropOp40
 70
     1
102
RTVSPost2010Prop41ColorIndex
 90
       18
102
RTVSPost2010Prop41ColorRGB
 90
        0
102
RTVSPost2010PropOp41
 70
     1
102
RTVSPost2010Prop42
 90
       50
102
RTVSPost2010PropOp42
 70
     1
102
RTVSPost2010Prop43
 90
        3
102
RTVSPost2010PropOp43
 70
     1
102
RTVSPost2010Prop44ColorIndex
 90
        5
102
RTVSPost2010Prop44ColorRGB
 90
      255
102
RTVSPost2010PropOp44
 70
     1
102
RTVSPost2010Prop45
280
     0
102
RTVSPost2010PropOp45
 70
     1
102
RTVSPost2010Prop46
 90
       50
102
RTVSPost2010PropOp46
 70
     1
102
RTVSPost2010Prop47
 90
       50
102
RTVSPost2010PropOp47
 70
     1
102
RTVSPost2010Prop48
 90
       50
102
RTVSPost2010PropOp48
 70
     1
102
RTVSPost2010Prop49
280
     0
102
RTVSPost2010PropOp49
 70
     1
102
RTVSPost2010Prop50
 90
       50
102
RTVSPost2010PropOp50
 70
     1
102
RTVSPost2010Prop51ColorIndex
 90
      256
102
RTVSPost2010Prop51ColorRGB
 90
-16777216
102
RTVSPost2010PropOp51
 70
     0
102
RTVSPost2010Prop52
140
1.0
102
RTVSPost2010PropOp52
 70
     0
102
RTVSPost2010Prop53
 90
        2
102
RTVSPost2010PropOp53
 70
     1
102
RTVSPost2010Prop54
  1
strokes_ogs.tif
102
RTVSPost2010PropOp54
 70
     1
102
RTVSPost2010Prop55
280
     0
102
RTVSPost2010PropOp55
 70
     1
102
RTVSPost2010Prop56
140
1.0
102
RTVSPost2010PropOp56
 70
     1
102
RTVSPost2010Prop57
140
1.0
102
RTVSPost2010PropOp57
 70
     1
  0
XRECORD
  5
899
102
{ACAD_REACTORS
330
898
102
}
330
898
100
AcDbXrecord
280
     1
102
RTVSPost2010Prop28
280
     0
102
RTVSPost2010PropOp28
 70
     1
102
RTVSPost2010Prop29
280
     1
102
RTVSPost2010PropOp29
 70
     1
102
RTVSPost2010Prop30
280
     1
102
RTVSPost2010PropOp30
 70
     1
102
RTVSPost2010Prop31
280
     0
102
RTVSPost2010PropOp31
 70
     1
102
RTVSPost2010Prop32
280
     0
102
RTVSPost2010PropOp32
 70
     1
102
RTVSPost2010Prop33
280
     0
102
RTVSPost2010PropOp33
 70
     1
102
RTVSPost2010Prop34
280
     0
102
RTVSPost2010PropOp34
 70
     1
102
RTVSPost2010Prop35
280
     0
102
RTVSPost2010PropOp35
 70
     1
102
RTVSPost2010Prop36
280
     0
102
RTVSPost2010PropOp36
 70
     1
102
RTVSPost2010Prop37
 90
       50
102
RTVSPost2010PropOp37
 70
     1
102
RTVSPost2010Prop38
140
0.0
102
RTVSPost2010PropOp38
 70
     1
102
RTVSPost2010Prop39
140
1.0
102
RTVSPost2010PropOp39
 70
     1
102
RTVSPost2010Prop40
 90
        0
102
RTVSPost2010PropOp40
 70
     1
102
RTVSPost2010Prop41ColorIndex
 90
       18
102
RTVSPost2010Prop41ColorRGB
 90
        0
102
RTVSPost2010PropOp41
 70
     1
102
RTVSPost2010Prop42
 90
       50
102
RTVSPost2010PropOp42
 70
     1
102
RTVSPost2010Prop43
 90
        3
102
RTVSPost2010PropOp43
 70
     1
102
RTVSPost2010Prop44ColorIndex
 90
        5
102
RTVSPost2010Prop44ColorRGB
 90
      255
102
RTVSPost2010PropOp44
 70
     1
102
RTVSPost2010Prop45
280
     0
102
RTVSPost2010PropOp45
 70
     1
102
RTVSPost2010Prop46
 90
       50
102
RTVSPost2010PropOp46
 70
     1
102
RTVSPost2010Prop47
 90
       50
102
RTVSPost2010PropOp47
 70
     1
102
RTVSPost2010Prop48
 90
       50
102
RTVSPost2010PropOp48
 70
     1
102
RTVSPost2010Prop49
280
     0
102
RTVSPost2010PropOp49
 70
     1
102
RTVSPost2010Prop50
 90
       50
102
RTVSPost2010PropOp50
 70
     1
102
RTVSPost2010Prop51ColorIndex
 90
      256
102
RTVSPost2010Prop51ColorRGB
 90
-16777216
102
RTVSPost2010PropOp51
 70
     0
102
RTVSPost2010Prop52
140
1.0
102
RTVSPost2010PropOp52
 70
     0
102
RTVSPost2010Prop53
 90
        2
102
RTVSPost2010PropOp53
 70
     1
102
RTVSPost2010Prop54
  1
strokes_ogs.tif
102
RTVSPost2010PropOp54
 70
     1
102
RTVSPost2010Prop55
280
     0
102
RTVSPost2010PropOp55
 70
     1
102
RTVSPost2010Prop56
140
1.0
102
RTVSPost2010PropOp56
 70
     1
102
RTVSPost2010Prop57
140
1.0
102
RTVSPost2010PropOp57
 70
     1
  0
XRECORD
  5
8AD
102
{ACAD_REACTORS
330
8AC
102
}
330
8AC
100
AcDbXrecord
280
     1
102
RTVSPost2010Prop28
280
     0
102
RTVSPost2010PropOp28
 70
     0
102
RTVSPost2010Prop29
280
     1
102
RTVSPost2010PropOp29
 70
     0
102
RTVSPost2010Prop30
280
     1
102
RTVSPost2010PropOp30
 70
     0
102
RTVSPost2010Prop31
280
     0
102
RTVSPost2010PropOp31
 70
     0
102
RTVSPost2010Prop32
280
     0
102
RTVSPost2010PropOp32
 70
     0
102
RTVSPost2010Prop33
280
     0
102
RTVSPost2010PropOp33
 70
     0
102
RTVSPost2010Prop34
280
     0
102
RTVSPost2010PropOp34
 70
     0
102
RTVSPost2010Prop35
280
     0
102
RTVSPost2010PropOp35
 70
     0
102
RTVSPost2010Prop36
280
     0
102
RTVSPost2010PropOp36
 70
     0
102
RTVSPost2010Prop37
 90
       50
102
RTVSPost2010PropOp37
 70
     0
102
RTVSPost2010Prop38
140
0.0
102
RTVSPost2010PropOp38
 70
     0
102
RTVSPost2010Prop39
140
1.0
102
RTVSPost2010PropOp39
 70
     0
102
RTVSPost2010Prop40
 90
        0
102
RTVSPost2010PropOp40
 70
     0
102
RTVSPost2010Prop41ColorIndex
 90
       18
102
RTVSPost2010Prop41ColorRGB
 90
        0
102
RTVSPost2010PropOp41
 70
     0
102
RTVSPost2010Prop42
 90
       50
102
RTVSPost2010PropOp42
 70
     0
102
RTVSPost2010Prop43
 90
        3
102
RTVSPost2010PropOp43
 70
     0
102
RTVSPost2010Prop44ColorIndex
 90
        5
102
RTVSPost2010Prop44ColorRGB
 90
      255
102
RTVSPost2010PropOp44
 70
     0
102
RTVSPost2010Prop45
280
     0
102
RTVSPost2010PropOp45
 70
     0
102
RTVSPost2010Prop46
 90
       50
102
RTVSPost2010PropOp46
 70
     0
102
RTVSPost2010Prop47
 90
       50
102
RTVSPost2010PropOp47
 70
     0
102
RTVSPost2010Prop48
 90
       50
102
RTVSPost2010PropOp48
 70
     0
102
RTVSPost2010Prop49
280
     0
102
RTVSPost2010PropOp49
 70
     0
102
RTVSPost2010Prop50
 90
       50
102
RTVSPost2010PropOp50
 70
     0
102
RTVSPost2010Prop51ColorIndex
 90
      256
102
RTVSPost2010Prop51ColorRGB
 90
-16777216
102
RTVSPost2010PropOp51
 70
     0
102
RTVSPost2010Prop52
140
1.0
102
RTVSPost2010PropOp52
 70
     0
102
RTVSPost2010Prop53
 90
        2
102
RTVSPost2010PropOp53
 70
     0
102
RTVSPost2010Prop54
  1
strokes_ogs.tif
102
RTVSPost2010PropOp54
 70
     0
102
RTVSPost2010Prop55
280
     0
102
RTVSPost2010PropOp55
 70
     0
102
RTVSPost2010Prop56
140
1.0
102
RTVSPost2010PropOp56
 70
     0
102
RTVSPost2010Prop57
140
1.0
102
RTVSPost2010PropOp57
 70
     0
  0
XRECORD
  5
8A7
102
{ACAD_REACTORS
330
8A6
102
}
330
8A6
100
AcDbXrecord
280
     1
102
RTVSPost2010Prop28
280
     0
102
RTVSPost2010PropOp28
 70
     1
102
RTVSPost2010Prop29
280
     1
102
RTVSPost2010PropOp29
 70
     1
102
RTVSPost2010Prop30
280
     1
102
RTVSPost2010PropOp30
 70
     1
102
RTVSPost2010Prop31
280
     0
102
RTVSPost2010PropOp31
 70
     1
102
RTVSPost2010Prop32
280
     0
102
RTVSPost2010PropOp32
 70
     1
102
RTVSPost2010Prop33
280
     0
102
RTVSPost2010PropOp33
 70
     1
102
RTVSPost2010Prop34
280
     0
102
RTVSPost2010PropOp34
 70
     1
102
RTVSPost2010Prop35
280
     0
102
RTVSPost2010PropOp35
 70
     1
102
RTVSPost2010Prop36
280
     0
102
RTVSPost2010PropOp36
 70
     1
102
RTVSPost2010Prop37
 90
       50
102
RTVSPost2010PropOp37
 70
     1
102
RTVSPost2010Prop38
140
0.0
102
RTVSPost2010PropOp38
 70
     1
102
RTVSPost2010Prop39
140
1.0
102
RTVSPost2010PropOp39
 70
     1
102
RTVSPost2010Prop40
 90
        0
102
RTVSPost2010PropOp40
 70
     1
102
RTVSPost2010Prop41ColorIndex
 90
       18
102
RTVSPost2010Prop41ColorRGB
 90
        0
102
RTVSPost2010PropOp41
 70
     1
102
RTVSPost2010Prop42
 90
       50
102
RTVSPost2010PropOp42
 70
     1
102
RTVSPost2010Prop43
 90
        3
102
RTVSPost2010PropOp43
 70
     1
102
RTVSPost2010Prop44ColorIndex
 90
        5
102
RTVSPost2010Prop44ColorRGB
 90
      255
102
RTVSPost2010PropOp44
 70
     1
102
RTVSPost2010Prop45
280
     0
102
RTVSPost2010PropOp45
 70
     1
102
RTVSPost2010Prop46
 90
       50
102
RTVSPost2010PropOp46
 70
     1
102
RTVSPost2010Prop47
 90
       50
102
RTVSPost2010PropOp47
 70
     1
102
RTVSPost2010Prop48
 90
       50
102
RTVSPost2010PropOp48
 70
     1
102
RTVSPost2010Prop49
280
     0
102
RTVSPost2010PropOp49
 70
     1
102
RTVSPost2010Prop50
 90
       50
102
RTVSPost2010PropOp50
 70
     1
102
RTVSPost2010Prop51ColorIndex
 90
      256
102
RTVSPost2010Prop51ColorRGB
 90
-16777216
102
RTVSPost2010PropOp51
 70
     0
102
RTVSPost2010Prop52
140
1.0
102
RTVSPost2010PropOp52
 70
     0
102
RTVSPost2010Prop53
 90
        2
102
RTVSPost2010PropOp53
 70
     1
102
RTVSPost2010Prop54
  1
strokes_ogs.tif
102
RTVSPost2010PropOp54
 70
     1
102
RTVSPost2010Prop55
280
     0
102
RTVSPost2010PropOp55
 70
     1
102
RTVSPost2010Prop56
140
1.0
102
RTVSPost2010PropOp56
 70
     1
102
RTVSPost2010Prop57
140
1.0
102
RTVSPost2010PropOp57
 70
     1
  0
XRECORD
  5
8AF
102
{ACAD_REACTORS
330
8AE
102
}
330
8AE
100
AcDbXrecord
280
     1
102
RTVSPost2010Prop28
280
     0
102
RTVSPost2010PropOp28
 70
     0
102
RTVSPost2010Prop29
280
     1
102
RTVSPost2010PropOp29
 70
     0
102
RTVSPost2010Prop30
280
     1
102
RTVSPost2010PropOp30
 70
     0
102
RTVSPost2010Prop31
280
     0
102
RTVSPost2010PropOp31
 70
     0
102
RTVSPost2010Prop32
280
     0
102
RTVSPost2010PropOp32
 70
     0
102
RTVSPost2010Prop33
280
     0
102
RTVSPost2010PropOp33
 70
     0
102
RTVSPost2010Prop34
280
     0
102
RTVSPost2010PropOp34
 70
     0
102
RTVSPost2010Prop35
280
     0
102
RTVSPost2010PropOp35
 70
     0
102
RTVSPost2010Prop36
280
     0
102
RTVSPost2010PropOp36
 70
     0
102
RTVSPost2010Prop37
 90
       50
102
RTVSPost2010PropOp37
 70
     0
102
RTVSPost2010Prop38
140
0.0
102
RTVSPost2010PropOp38
 70
     0
102
RTVSPost2010Prop39
140
1.0
102
RTVSPost2010PropOp39
 70
     0
102
RTVSPost2010Prop40
 90
        0
102
RTVSPost2010PropOp40
 70
     0
102
RTVSPost2010Prop41ColorIndex
 90
       18
102
RTVSPost2010Prop41ColorRGB
 90
        0
102
RTVSPost2010PropOp41
 70
     0
102
RTVSPost2010Prop42
 90
       50
102
RTVSPost2010PropOp42
 70
     0
102
RTVSPost2010Prop43
 90
        3
102
RTVSPost2010PropOp43
 70
     0
102
RTVSPost2010Prop44ColorIndex
 90
        5
102
RTVSPost2010Prop44ColorRGB
 90
      255
102
RTVSPost2010PropOp44
 70
     0
102
RTVSPost2010Prop45
280
     0
102
RTVSPost2010PropOp45
 70
     0
102
RTVSPost2010Prop46
 90
       50
102
RTVSPost2010PropOp46
 70
     0
102
RTVSPost2010Prop47
 90
       50
102
RTVSPost2010PropOp47
 70
     0
102
RTVSPost2010Prop48
 90
       50
102
RTVSPost2010PropOp48
 70
     0
102
RTVSPost2010Prop49
280
     0
102
RTVSPost2010PropOp49
 70
     0
102
RTVSPost2010Prop50
 90
       50
102
RTVSPost2010PropOp50
 70
     0
102
RTVSPost2010Prop51ColorIndex
 90
      256
102
RTVSPost2010Prop51ColorRGB
 90
-16777216
102
RTVSPost2010PropOp51
 70
     0
102
RTVSPost2010Prop52
140
1.0
102
RTVSPost2010PropOp52
 70
     0
102
RTVSPost2010Prop53
 90
        2
102
RTVSPost2010PropOp53
 70
     0
102
RTVSPost2010Prop54
  1
strokes_ogs.tif
102
RTVSPost2010PropOp54
 70
     0
102
RTVSPost2010Prop55
280
     0
102
RTVSPost2010PropOp55
 70
     0
102
RTVSPost2010Prop56
140
1.0
102
RTVSPost2010PropOp56
 70
     0
102
RTVSPost2010Prop57
140
1.0
102
RTVSPost2010PropOp57
 70
     0
  0
XRECORD
  5
89D
102
{ACAD_REACTORS
330
89C
102
}
330
89C
100
AcDbXrecord
280
     1
102
RTVSPost2010Prop28
280
     0
102
RTVSPost2010PropOp28
 70
     1
102
RTVSPost2010Prop29
280
     1
102
RTVSPost2010PropOp29
 70
     1
102
RTVSPost2010Prop30
280
     1
102
RTVSPost2010PropOp30
 70
     1
102
RTVSPost2010Prop31
280
     0
102
RTVSPost2010PropOp31
 70
     1
102
RTVSPost2010Prop32
280
     0
102
RTVSPost2010PropOp32
 70
     1
102
RTVSPost2010Prop33
280
     0
102
RTVSPost2010PropOp33
 70
     1
102
RTVSPost2010Prop34
280
     0
102
RTVSPost2010PropOp34
 70
     1
102
RTVSPost2010Prop35
280
     0
102
RTVSPost2010PropOp35
 70
     1
102
RTVSPost2010Prop36
280
     0
102
RTVSPost2010PropOp36
 70
     1
102
RTVSPost2010Prop37
 90
       50
102
RTVSPost2010PropOp37
 70
     1
102
RTVSPost2010Prop38
140
0.0
102
RTVSPost2010PropOp38
 70
     1
102
RTVSPost2010Prop39
140
1.0
102
RTVSPost2010PropOp39
 70
     1
102
RTVSPost2010Prop40
 90
        0
102
RTVSPost2010PropOp40
 70
     1
102
RTVSPost2010Prop41ColorIndex
 90
       18
102
RTVSPost2010Prop41ColorRGB
 90
        0
102
RTVSPost2010PropOp41
 70
     1
102
RTVSPost2010Prop42
 90
       50
102
RTVSPost2010PropOp42
 70
     1
102
RTVSPost2010Prop43
 90
        3
102
RTVSPost2010PropOp43
 70
     1
102
RTVSPost2010Prop44ColorIndex
 90
        5
102
RTVSPost2010Prop44ColorRGB
 90
      255
102
RTVSPost2010PropOp44
 70
     1
102
RTVSPost2010Prop45
280
     0
102
RTVSPost2010PropOp45
 70
     1
102
RTVSPost2010Prop46
 90
       50
102
RTVSPost2010PropOp46
 70
     1
102
RTVSPost2010Prop47
 90
       50
102
RTVSPost2010PropOp47
 70
     1
102
RTVSPost2010Prop48
 90
       50
102
RTVSPost2010PropOp48
 70
     1
102
RTVSPost2010Prop49
280
     0
102
RTVSPost2010PropOp49
 70
     1
102
RTVSPost2010Prop50
 90
       50
102
RTVSPost2010PropOp50
 70
     1
102
RTVSPost2010Prop51ColorIndex
 90
      256
102
RTVSPost2010Prop51ColorRGB
 90
-16777216
102
RTVSPost2010PropOp51
 70
     0
102
RTVSPost2010Prop52
140
1.0
102
RTVSPost2010PropOp52
 70
     0
102
RTVSPost2010Prop53
 90
        2
102
RTVSPost2010PropOp53
 70
     1
102
RTVSPost2010Prop54
  1
strokes_ogs.tif
102
RTVSPost2010PropOp54
 70
     1
102
RTVSPost2010Prop55
280
     0
102
RTVSPost2010PropOp55
 70
     1
102
RTVSPost2010Prop56
140
1.0
102
RTVSPost2010PropOp56
 70
     1
102
RTVSPost2010Prop57
140
1.0
102
RTVSPost2010PropOp57
 70
     1
  0
XRECORD
  5
8BB
102
{ACAD_REACTORS
330
8BA
102
}
330
8BA
100
AcDbXrecord
280
     1
102
RTVSPost2010Prop28
280
     0
102
RTVSPost2010PropOp28
 70
     1
102
RTVSPost2010Prop29
280
     1
102
RTVSPost2010PropOp29
 70
     1
102
RTVSPost2010Prop30
280
     1
102
RTVSPost2010PropOp30
 70
     1
102
RTVSPost2010Prop31
280
     0
102
RTVSPost2010PropOp31
 70
     1
102
RTVSPost2010Prop32
280
     0
102
RTVSPost2010PropOp32
 70
     1
102
RTVSPost2010Prop33
280
     0
102
RTVSPost2010PropOp33
 70
     1
102
RTVSPost2010Prop34
280
     0
102
RTVSPost2010PropOp34
 70
     1
102
RTVSPost2010Prop35
280
     0
102
RTVSPost2010PropOp35
 70
     1
102
RTVSPost2010Prop36
280
     0
102
RTVSPost2010PropOp36
 70
     1
102
RTVSPost2010Prop37
 90
       50
102
RTVSPost2010PropOp37
 70
     1
102
RTVSPost2010Prop38
140
0.0
102
RTVSPost2010PropOp38
 70
     1
102
RTVSPost2010Prop39
140
1.0
102
RTVSPost2010PropOp39
 70
     1
102
RTVSPost2010Prop40
 90
        0
102
RTVSPost2010PropOp40
 70
     1
102
RTVSPost2010Prop41ColorIndex
 90
       18
102
RTVSPost2010Prop41ColorRGB
 90
        0
102
RTVSPost2010PropOp41
 70
     1
102
RTVSPost2010Prop42
 90
       50
102
RTVSPost2010PropOp42
 70
     1
102
RTVSPost2010Prop43
 90
        3
102
RTVSPost2010PropOp43
 70
     1
102
RTVSPost2010Prop44ColorIndex
 90
        5
102
RTVSPost2010Prop44ColorRGB
 90
      255
102
RTVSPost2010PropOp44
 70
     1
102
RTVSPost2010Prop45
280
     0
102
RTVSPost2010PropOp45
 70
     1
102
RTVSPost2010Prop46
 90
       50
102
RTVSPost2010PropOp46
 70
     1
102
RTVSPost2010Prop47
 90
       50
102
RTVSPost2010PropOp47
 70
     1
102
RTVSPost2010Prop48
 90
       50
102
RTVSPost2010PropOp48
 70
     1
102
RTVSPost2010Prop49
280
     0
102
RTVSPost2010PropOp49
 70
     1
102
RTVSPost2010Prop50
 90
       50
102
RTVSPost2010PropOp50
 70
     1
102
RTVSPost2010Prop51ColorIndex
 90
      256
102
RTVSPost2010Prop51ColorRGB
 90
-16777216
102
RTVSPost2010PropOp51
 70
     0
102
RTVSPost2010Prop52
140
1.0
102
RTVSPost2010PropOp52
 70
     0
102
RTVSPost2010Prop53
 90
        2
102
RTVSPost2010PropOp53
 70
     1
102
RTVSPost2010Prop54
  1
strokes_ogs.tif
102
RTVSPost2010PropOp54
 70
     1
102
RTVSPost2010Prop55
280
     0
102
RTVSPost2010PropOp55
 70
     1
102
RTVSPost2010Prop56
140
1.0
102
RTVSPost2010PropOp56
 70
     1
102
RTVSPost2010Prop57
140
1.0
102
RTVSPost2010PropOp57
 70
     1
  0
XRECORD
  5
8B9
102
{ACAD_REACTORS
330
8B8
102
}
330
8B8
100
AcDbXrecord
280
     1
102
RTVSPost2010Prop28
280
     0
102
RTVSPost2010PropOp28
 70
     1
102
RTVSPost2010Prop29
280
     1
102
RTVSPost2010PropOp29
 70
     1
102
RTVSPost2010Prop30
280
     1
102
RTVSPost2010PropOp30
 70
     1
102
RTVSPost2010Prop31
280
     0
102
RTVSPost2010PropOp31
 70
     1
102
RTVSPost2010Prop32
280
     0
102
RTVSPost2010PropOp32
 70
     1
102
RTVSPost2010Prop33
280
     0
102
RTVSPost2010PropOp33
 70
     1
102
RTVSPost2010Prop34
280
     0
102
RTVSPost2010PropOp34
 70
     1
102
RTVSPost2010Prop35
280
     0
102
RTVSPost2010PropOp35
 70
     1
102
RTVSPost2010Prop36
280
     0
102
RTVSPost2010PropOp36
 70
     1
102
RTVSPost2010Prop37
 90
       50
102
RTVSPost2010PropOp37
 70
     1
102
RTVSPost2010Prop38
140
0.0
102
RTVSPost2010PropOp38
 70
     1
102
RTVSPost2010Prop39
140
1.0
102
RTVSPost2010PropOp39
 70
     1
102
RTVSPost2010Prop40
 90
        0
102
RTVSPost2010PropOp40
 70
     1
102
RTVSPost2010Prop41ColorIndex
 90
       18
102
RTVSPost2010Prop41ColorRGB
 90
        0
102
RTVSPost2010PropOp41
 70
     1
102
RTVSPost2010Prop42
 90
       50
102
RTVSPost2010PropOp42
 70
     1
102
RTVSPost2010Prop43
 90
        3
102
RTVSPost2010PropOp43
 70
     1
102
RTVSPost2010Prop44ColorIndex
 90
        5
102
RTVSPost2010Prop44ColorRGB
 90
      255
102
RTVSPost2010PropOp44
 70
     1
102
RTVSPost2010Prop45
280
     0
102
RTVSPost2010PropOp45
 70
     1
102
RTVSPost2010Prop46
 90
       50
102
RTVSPost2010PropOp46
 70
     1
102
RTVSPost2010Prop47
 90
       50
102
RTVSPost2010PropOp47
 70
     1
102
RTVSPost2010Prop48
 90
       50
102
RTVSPost2010PropOp48
 70
     1
102
RTVSPost2010Prop49
280
     0
102
RTVSPost2010PropOp49
 70
     1
102
RTVSPost2010Prop50
 90
       50
102
RTVSPost2010PropOp50
 70
     1
102
RTVSPost2010Prop51ColorIndex
 90
      256
102
RTVSPost2010Prop51ColorRGB
 90
-16777216
102
RTVSPost2010PropOp51
 70
     0
102
RTVSPost2010Prop52
140
1.0
102
RTVSPost2010PropOp52
 70
     0
102
RTVSPost2010Prop53
 90
        2
102
RTVSPost2010PropOp53
 70
     1
102
RTVSPost2010Prop54
  1
strokes_ogs.tif
102
RTVSPost2010PropOp54
 70
     1
102
RTVSPost2010Prop55
280
     0
102
RTVSPost2010PropOp55
 70
     1
102
RTVSPost2010Prop56
140
1.0
102
RTVSPost2010PropOp56
 70
     1
102
RTVSPost2010Prop57
140
1.0
102
RTVSPost2010PropOp57
 70
     1
  0
XRECORD
  5
8B3
102
{ACAD_REACTORS
330
8B2
102
}
330
8B2
100
AcDbXrecord
280
     1
102
RTVSPost2010Prop28
280
     0
102
RTVSPost2010PropOp28
 70
     1
102
RTVSPost2010Prop29
280
     1
102
RTVSPost2010PropOp29
 70
     1
102
RTVSPost2010Prop30
280
     1
102
RTVSPost2010PropOp30
 70
     1
102
RTVSPost2010Prop31
280
     0
102
RTVSPost2010PropOp31
 70
     1
102
RTVSPost2010Prop32
280
     0
102
RTVSPost2010PropOp32
 70
     1
102
RTVSPost2010Prop33
280
     0
102
RTVSPost2010PropOp33
 70
     1
102
RTVSPost2010Prop34
280
     0
102
RTVSPost2010PropOp34
 70
     1
102
RTVSPost2010Prop35
280
     0
102
RTVSPost2010PropOp35
 70
     1
102
RTVSPost2010Prop36
280
     0
102
RTVSPost2010PropOp36
 70
     1
102
RTVSPost2010Prop37
 90
       50
102
RTVSPost2010PropOp37
 70
     1
102
RTVSPost2010Prop38
140
0.0
102
RTVSPost2010PropOp38
 70
     1
102
RTVSPost2010Prop39
140
1.0
102
RTVSPost2010PropOp39
 70
     1
102
RTVSPost2010Prop40
 90
        0
102
RTVSPost2010PropOp40
 70
     1
102
RTVSPost2010Prop41ColorIndex
 90
       18
102
RTVSPost2010Prop41ColorRGB
 90
        0
102
RTVSPost2010PropOp41
 70
     1
102
RTVSPost2010Prop42
 90
       50
102
RTVSPost2010PropOp42
 70
     1
102
RTVSPost2010Prop43
 90
        3
102
RTVSPost2010PropOp43
 70
     1
102
RTVSPost2010Prop44ColorIndex
 90
        5
102
RTVSPost2010Prop44ColorRGB
 90
      255
102
RTVSPost2010PropOp44
 70
     1
102
RTVSPost2010Prop45
280
     0
102
RTVSPost2010PropOp45
 70
     1
102
RTVSPost2010Prop46
 90
       50
102
RTVSPost2010PropOp46
 70
     1
102
RTVSPost2010Prop47
 90
       50
102
RTVSPost2010PropOp47
 70
     1
102
RTVSPost2010Prop48
 90
       50
102
RTVSPost2010PropOp48
 70
     1
102
RTVSPost2010Prop49
280
     0
102
RTVSPost2010PropOp49
 70
     1
102
RTVSPost2010Prop50
 90
       50
102
RTVSPost2010PropOp50
 70
     1
102
RTVSPost2010Prop51ColorIndex
 90
      256
102
RTVSPost2010Prop51ColorRGB
 90
-16777216
102
RTVSPost2010PropOp51
 70
     0
102
RTVSPost2010Prop52
140
1.0
102
RTVSPost2010PropOp52
 70
     0
102
RTVSPost2010Prop53
 90
        2
102
RTVSPost2010PropOp53
 70
     1
102
RTVSPost2010Prop54
  1
strokes_ogs.tif
102
RTVSPost2010PropOp54
 70
     1
102
RTVSPost2010Prop55
280
     0
102
RTVSPost2010PropOp55
 70
     1
102
RTVSPost2010Prop56
140
1.0
102
RTVSPost2010PropOp56
 70
     1
102
RTVSPost2010Prop57
140
1.0
102
RTVSPost2010PropOp57
 70
     1
  0
XRECORD
  5
8B5
102
{ACAD_REACTORS
330
8B4
102
}
330
8B4
100
AcDbXrecord
280
     1
102
RTVSPost2010Prop28
280
     0
102
RTVSPost2010PropOp28
 70
     1
102
RTVSPost2010Prop29
280
     1
102
RTVSPost2010PropOp29
 70
     1
102
RTVSPost2010Prop30
280
     1
102
RTVSPost2010PropOp30
 70
     1
102
RTVSPost2010Prop31
280
     0
102
RTVSPost2010PropOp31
 70
     1
102
RTVSPost2010Prop32
280
     0
102
RTVSPost2010PropOp32
 70
     1
102
RTVSPost2010Prop33
280
     0
102
RTVSPost2010PropOp33
 70
     1
102
RTVSPost2010Prop34
280
     0
102
RTVSPost2010PropOp34
 70
     1
102
RTVSPost2010Prop35
280
     0
102
RTVSPost2010PropOp35
 70
     1
102
RTVSPost2010Prop36
280
     0
102
RTVSPost2010PropOp36
 70
     1
102
RTVSPost2010Prop37
 90
       50
102
RTVSPost2010PropOp37
 70
     1
102
RTVSPost2010Prop38
140
0.0
102
RTVSPost2010PropOp38
 70
     1
102
RTVSPost2010Prop39
140
1.0
102
RTVSPost2010PropOp39
 70
     1
102
RTVSPost2010Prop40
 90
        0
102
RTVSPost2010PropOp40
 70
     1
102
RTVSPost2010Prop41ColorIndex
 90
       18
102
RTVSPost2010Prop41ColorRGB
 90
        0
102
RTVSPost2010PropOp41
 70
     1
102
RTVSPost2010Prop42
 90
       50
102
RTVSPost2010PropOp42
 70
     1
102
RTVSPost2010Prop43
 90
        3
102
RTVSPost2010PropOp43
 70
     1
102
RTVSPost2010Prop44ColorIndex
 90
        5
102
RTVSPost2010Prop44ColorRGB
 90
      255
102
RTVSPost2010PropOp44
 70
     1
102
RTVSPost2010Prop45
280
     0
102
RTVSPost2010PropOp45
 70
     1
102
RTVSPost2010Prop46
 90
       50
102
RTVSPost2010PropOp46
 70
     1
102
RTVSPost2010Prop47
 90
       50
102
RTVSPost2010PropOp47
 70
     1
102
RTVSPost2010Prop48
 90
       50
102
RTVSPost2010PropOp48
 70
     1
102
RTVSPost2010Prop49
280
     0
102
RTVSPost2010PropOp49
 70
     1
102
RTVSPost2010Prop50
 90
       50
102
RTVSPost2010PropOp50
 70
     1
102
RTVSPost2010Prop51ColorIndex
 90
      256
102
RTVSPost2010Prop51ColorRGB
 90
-16777216
102
RTVSPost2010PropOp51
 70
     0
102
RTVSPost2010Prop52
140
1.0
102
RTVSPost2010PropOp52
 70
     0
102
RTVSPost2010Prop53
 90
        2
102
RTVSPost2010PropOp53
 70
     1
102
RTVSPost2010Prop54
  1
strokes_ogs.tif
102
RTVSPost2010PropOp54
 70
     1
102
RTVSPost2010Prop55
280
     0
102
RTVSPost2010PropOp55
 70
     1
102
RTVSPost2010Prop56
140
1.0
102
RTVSPost2010PropOp56
 70
     1
102
RTVSPost2010Prop57
140
1.0
102
RTVSPost2010PropOp57
 70
     1
  0
XRECORD
  5
8A5
102
{ACAD_REACTORS
330
8A4
102
}
330
8A4
100
AcDbXrecord
280
     1
102
RTVSPost2010Prop28
280
     0
102
RTVSPost2010PropOp28
 70
     1
102
RTVSPost2010Prop29
280
     1
102
RTVSPost2010PropOp29
 70
     1
102
RTVSPost2010Prop30
280
     1
102
RTVSPost2010PropOp30
 70
     1
102
RTVSPost2010Prop31
280
     0
102
RTVSPost2010PropOp31
 70
     1
102
RTVSPost2010Prop32
280
     0
102
RTVSPost2010PropOp32
 70
     1
102
RTVSPost2010Prop33
280
     0
102
RTVSPost2010PropOp33
 70
     1
102
RTVSPost2010Prop34
280
     0
102
RTVSPost2010PropOp34
 70
     1
102
RTVSPost2010Prop35
280
     0
102
RTVSPost2010PropOp35
 70
     1
102
RTVSPost2010Prop36
280
     0
102
RTVSPost2010PropOp36
 70
     1
102
RTVSPost2010Prop37
 90
       50
102
RTVSPost2010PropOp37
 70
     1
102
RTVSPost2010Prop38
140
0.0
102
RTVSPost2010PropOp38
 70
     1
102
RTVSPost2010Prop39
140
1.0
102
RTVSPost2010PropOp39
 70
     1
102
RTVSPost2010Prop40
 90
        0
102
RTVSPost2010PropOp40
 70
     1
102
RTVSPost2010Prop41ColorIndex
 90
       18
102
RTVSPost2010Prop41ColorRGB
 90
        0
102
RTVSPost2010PropOp41
 70
     1
102
RTVSPost2010Prop42
 90
       50
102
RTVSPost2010PropOp42
 70
     1
102
RTVSPost2010Prop43
 90
        3
102
RTVSPost2010PropOp43
 70
     1
102
RTVSPost2010Prop44ColorIndex
 90
        5
102
RTVSPost2010Prop44ColorRGB
 90
      255
102
RTVSPost2010PropOp44
 70
     1
102
RTVSPost2010Prop45
280
     0
102
RTVSPost2010PropOp45
 70
     1
102
RTVSPost2010Prop46
 90
       50
102
RTVSPost2010PropOp46
 70
     1
102
RTVSPost2010Prop47
 90
       50
102
RTVSPost2010PropOp47
 70
     1
102
RTVSPost2010Prop48
 90
       50
102
RTVSPost2010PropOp48
 70
     1
102
RTVSPost2010Prop49
280
     0
102
RTVSPost2010PropOp49
 70
     1
102
RTVSPost2010Prop50
 90
       50
102
RTVSPost2010PropOp50
 70
     1
102
RTVSPost2010Prop51ColorIndex
 90
      256
102
RTVSPost2010Prop51ColorRGB
 90
-16777216
102
RTVSPost2010PropOp51
 70
     0
102
RTVSPost2010Prop52
140
1.0
102
RTVSPost2010PropOp52
 70
     0
102
RTVSPost2010Prop53
 90
        2
102
RTVSPost2010PropOp53
 70
     1
102
RTVSPost2010Prop54
  1
strokes_ogs.tif
102
RTVSPost2010PropOp54
 70
     1
102
RTVSPost2010Prop55
280
     0
102
RTVSPost2010PropOp55
 70
     1
102
RTVSPost2010Prop56
140
1.0
102
RTVSPost2010PropOp56
 70
     1
102
RTVSPost2010Prop57
140
1.0
102
RTVSPost2010PropOp57
 70
     1
  0
XRECORD
  5
897
102
{ACAD_REACTORS
330
896
102
}
330
896
100
AcDbXrecord
280
     1
102
RTVSPost2010Prop28
280
     0
102
RTVSPost2010PropOp28
 70
     1
102
RTVSPost2010Prop29
280
     1
102
RTVSPost2010PropOp29
 70
     1
102
RTVSPost2010Prop30
280
     1
102
RTVSPost2010PropOp30
 70
     1
102
RTVSPost2010Prop31
280
     0
102
RTVSPost2010PropOp31
 70
     1
102
RTVSPost2010Prop32
280
     0
102
RTVSPost2010PropOp32
 70
     1
102
RTVSPost2010Prop33
280
     0
102
RTVSPost2010PropOp33
 70
     1
102
RTVSPost2010Prop34
280
     0
102
RTVSPost2010PropOp34
 70
     1
102
RTVSPost2010Prop35
280
     0
102
RTVSPost2010PropOp35
 70
     1
102
RTVSPost2010Prop36
280
     0
102
RTVSPost2010PropOp36
 70
     1
102
RTVSPost2010Prop37
 90
       50
102
RTVSPost2010PropOp37
 70
     1
102
RTVSPost2010Prop38
140
0.0
102
RTVSPost2010PropOp38
 70
     1
102
RTVSPost2010Prop39
140
1.0
102
RTVSPost2010PropOp39
 70
     1
102
RTVSPost2010Prop40
 90
        0
102
RTVSPost2010PropOp40
 70
     1
102
RTVSPost2010Prop41ColorIndex
 90
       18
102
RTVSPost2010Prop41ColorRGB
 90
        0
102
RTVSPost2010PropOp41
 70
     1
102
RTVSPost2010Prop42
 90
       50
102
RTVSPost2010PropOp42
 70
     1
102
RTVSPost2010Prop43
 90
        3
102
RTVSPost2010PropOp43
 70
     1
102
RTVSPost2010Prop44ColorIndex
 90
        5
102
RTVSPost2010Prop44ColorRGB
 90
      255
102
RTVSPost2010PropOp44
 70
     1
102
RTVSPost2010Prop45
280
     0
102
RTVSPost2010PropOp45
 70
     1
102
RTVSPost2010Prop46
 90
       50
102
RTVSPost2010PropOp46
 70
     1
102
RTVSPost2010Prop47
 90
       50
102
RTVSPost2010PropOp47
 70
     1
102
RTVSPost2010Prop48
 90
       50
102
RTVSPost2010PropOp48
 70
     1
102
RTVSPost2010Prop49
280
     0
102
RTVSPost2010PropOp49
 70
     1
102
RTVSPost2010Prop50
 90
       50
102
RTVSPost2010PropOp50
 70
     1
102
RTVSPost2010Prop51ColorIndex
 90
      256
102
RTVSPost2010Prop51ColorRGB
 90
-16777216
102
RTVSPost2010PropOp51
 70
     0
102
RTVSPost2010Prop52
140
1.0
102
RTVSPost2010PropOp52
 70
     0
102
RTVSPost2010Prop53
 90
        2
102
RTVSPost2010PropOp53
 70
     1
102
RTVSPost2010Prop54
  1
strokes_ogs.tif
102
RTVSPost2010PropOp54
 70
     1
102
RTVSPost2010Prop55
280
     0
102
RTVSPost2010PropOp55
 70
     1
102
RTVSPost2010Prop56
140
1.0
102
RTVSPost2010PropOp56
 70
     1
102
RTVSPost2010Prop57
140
1.0
102
RTVSPost2010PropOp57
 70
     1
  0
XRECORD
  5
8B7
102
{ACAD_REACTORS
330
8B6
102
}
330
8B6
100
AcDbXrecord
280
     1
102
RTVSPost2010Prop28
280
     0
102
RTVSPost2010PropOp28
 70
     1
102
RTVSPost2010Prop29
280
     1
102
RTVSPost2010PropOp29
 70
     1
102
RTVSPost2010Prop30
280
     1
102
RTVSPost2010PropOp30
 70
     1
102
RTVSPost2010Prop31
280
     0
102
RTVSPost2010PropOp31
 70
     1
102
RTVSPost2010Prop32
280
     0
102
RTVSPost2010PropOp32
 70
     1
102
RTVSPost2010Prop33
280
     0
102
RTVSPost2010PropOp33
 70
     1
102
RTVSPost2010Prop34
280
     0
102
RTVSPost2010PropOp34
 70
     1
102
RTVSPost2010Prop35
280
     0
102
RTVSPost2010PropOp35
 70
     1
102
RTVSPost2010Prop36
280
     0
102
RTVSPost2010PropOp36
 70
     1
102
RTVSPost2010Prop37
 90
       50
102
RTVSPost2010PropOp37
 70
     1
102
RTVSPost2010Prop38
140
0.0
102
RTVSPost2010PropOp38
 70
     1
102
RTVSPost2010Prop39
140
1.0
102
RTVSPost2010PropOp39
 70
     1
102
RTVSPost2010Prop40
 90
        0
102
RTVSPost2010PropOp40
 70
     1
102
RTVSPost2010Prop41ColorIndex
 90
       18
102
RTVSPost2010Prop41ColorRGB
 90
        0
102
RTVSPost2010PropOp41
 70
     1
102
RTVSPost2010Prop42
 90
       50
102
RTVSPost2010PropOp42
 70
     1
102
RTVSPost2010Prop43
 90
        3
102
RTVSPost2010PropOp43
 70
     1
102
RTVSPost2010Prop44ColorIndex
 90
        5
102
RTVSPost2010Prop44ColorRGB
 90
      255
102
RTVSPost2010PropOp44
 70
     1
102
RTVSPost2010Prop45
280
     0
102
RTVSPost2010PropOp45
 70
     1
102
RTVSPost2010Prop46
 90
       50
102
RTVSPost2010PropOp46
 70
     1
102
RTVSPost2010Prop47
 90
       50
102
RTVSPost2010PropOp47
 70
     1
102
RTVSPost2010Prop48
 90
       50
102
RTVSPost2010PropOp48
 70
     1
102
RTVSPost2010Prop49
280
     0
102
RTVSPost2010PropOp49
 70
     1
102
RTVSPost2010Prop50
 90
       50
102
RTVSPost2010PropOp50
 70
     1
102
RTVSPost2010Prop51ColorIndex
 90
      256
102
RTVSPost2010Prop51ColorRGB
 90
-16777216
102
RTVSPost2010PropOp51
 70
     0
102
RTVSPost2010Prop52
140
1.0
102
RTVSPost2010PropOp52
 70
     0
102
RTVSPost2010Prop53
 90
        2
102
RTVSPost2010PropOp53
 70
     1
102
RTVSPost2010Prop54
  1
strokes_ogs.tif
102
RTVSPost2010PropOp54
 70
     1
102
RTVSPost2010Prop55
280
     0
102
RTVSPost2010PropOp55
 70
     1
102
RTVSPost2010Prop56
140
1.0
102
RTVSPost2010PropOp56
 70
     1
102
RTVSPost2010Prop57
140
1.0
102
RTVSPost2010PropOp57
 70
     1
  0
ENDSEC
  0
EOF
