  0
SECTION
  2
HEADER
  9
$ACADVER
  1
AC1024
  9
$ACADMAINTVER
 70
6
  9
$DWGCODEPAGE
  3
ANSI_1252
  9
$LASTSAVEDBY
  1
ezdxf
  9
$INSBASE
 10
0.0
 20
0.0
 30
0.0
  9
$EXTMIN
 10
1e+20
 20
1e+20
 30
1e+20
  9
$EXTMAX
 10
-1e+20
 20
-1e+20
 30
-1e+20
  9
$LIMMIN
 10
0.0
 20
0.0
  9
$LIMMAX
 10
420.0
 20
297.0
  9
$ORTHOMODE
 70
0
  9
$REGENMODE
 70
1
  9
$FILLMODE
 70
1
  9
$QTEXTMODE
 70
0
  9
$MIRRTEXT
 70
1
  9
$LTSCALE
 40
1.0
  9
$ATTMODE
 70
1
  9
$TEXTSIZE
 40
2.5
  9
$TRACEWID
 40
1.0
  9
$TEXTSTYLE
  7
Standard
  9
$CLAYER
  8
0
  9
$CELTYPE
  6
ByLayer
  9
$CECOLOR
 62
256
  9
$CELTSCALE
 40
1.0
  9
$DISPSILH
 70
0
  9
$DIMSCALE
 40
1.0
  9
$DIMASZ
 40
2.5
  9
$DIMEXO
 40
0.625
  9
$DIMDLI
 40
3.75
  9
$DIMRND
 40
0.0
  9
$DIMDLE
 40
0.0
  9
$DIMEXE
 40
1.25
  9
$DIMTP
 40
0.0
  9
$DIMTM
 40
0.0
  9
$DIMTXT
 40
2.5
  9
$DIMCEN
 40
2.5
  9
$DIMTSZ
 40
0.0
  9
$DIMTOL
 70
0
  9
$DIMLIM
 70
0
  9
$DIMTIH
 70
0
  9
$DIMTOH
 70
0
  9
$DIMSE1
 70
0
  9
$DIMSE2
 70
0
  9
$DIMTAD
 70
1
  9
$DIMZIN
 70
8
  9
$DIMBLK
  1

  9
$DIMASO
 70
1
  9
$DIMSHO
 70
1
  9
$DIMPOST
  1

  9
$DIMAPOST
  1

  9
$DIMALT
 70
0
  9
$DIMALTD
 70
3
  9
$DIMALTF
 40
0.03937007874
  9
$DIMLFAC
 40
1.0
  9
$DIMTOFL
 70
1
  9
$DIMTVP
 40
0.0
  9
$DIMTIX
 70
0
  9
$DIMSOXD
 70
0
  9
$DIMSAH
 70
0
  9
$DIMBLK1
  1

  9
$DIMBLK2
  1

  9
$DIMSTYLE
  2
ISO-25
  9
$DIMCLRD
 70
0
  9
$DIMCLRE
 70
0
  9
$DIMCLRT
 70
0
  9
$DIMTFAC
 40
1.0
  9
$DIMGAP
 40
0.625
  9
$DIMJUST
 70
0
  9
$DIMSD1
 70
0
  9
$DIMSD2
 70
0
  9
$DIMTOLJ
 70
0
  9
$DIMTZIN
 70
8
  9
$DIMALTZ
 70
0
  9
$DIMALTTZ
 70
0
  9
$DIMUPT
 70
0
  9
$DIMDEC
 70
2
  9
$DIMTDEC
 70
2
  9
$DIMALTU
 70
2
  9
$DIMALTTD
 70
3
  9
$DIMTXSTY
  7
Standard
  9
$DIMAUNIT
 70
0
  9
$DIMADEC
 70
0
  9
$DIMALTRND
 40
0.0
  9
$DIMAZIN
 70
0
  9
$DIMDSEP
 70
44
  9
$DIMATFIT
 70
3
  9
$DIMFRAC
 70
0
  9
$DIMLDRBLK
  1

  9
$DIMLUNIT
 70
2
  9
$DIMLWD
 70
-2
  9
$DIMLWE
 70
-2
  9
$DIMTMOVE
 70
0
  9
$DIMFXL
 40
1.0
  9
$DIMFXLON
 70
0
  9
$DIMJOGANG
 40
0.785398163397
  9
$DIMTFILL
 70
0
  9
$DIMTFILLCLR
 70
0
  9
$DIMARCSYM
 70
0
  9
$DIMLTYPE
  6

  9
$DIMLTEX1
  6

  9
$DIMLTEX2
  6

  9
$DIMTXTDIRECTION
 70
0
  9
$LUNITS
 70
2
  9
$LUPREC
 70
4
  9
$SKETCHINC
 40
1.0
  9
$FILLETRAD
 40
10.0
  9
$AUNITS
 70
0
  9
$AUPREC
 70
2
  9
$MENU
  1
.
  9
$ELEVATION
 40
0.0
  9
$PELEVATION
 40
0.0
  9
$THICKNESS
 40
0.0
  9
$LIMCHECK
 70
0
  9
$CHAMFERA
 40
0.0
  9
$CHAMFERB
 40
0.0
  9
$CHAMFERC
 40
0.0
  9
$CHAMFERD
 40
0.0
  9
$SKPOLY
 70
0
  9
$TDCREATE
 40
2461274.3563657408
  9
$TDUCREATE
 40
2458532.153996898
  9
$TDUPDATE
 40
2461274.3563657408
  9
$TDUUPDATE
 40
2458532.1544311
  9
$TDINDWG
 40
0.0
  9
$TDUSRTIMER
 40
0.0
  9
$USRTIMER
 70
1
  9
$ANGBASE
 50
0.0
  9
$ANGDIR
 70
0
  9
$PDMODE
 70
0
  9
$PDSIZE
 40
0.0
  9
$PLINEWID
 40
0.0
  9
$SPLFRAME
 70
0
  9
$SPLINETYPE
 70
6
  9
$SPLINESEGS
 70
8
  9
$HANDSEED
  5
67A
  9
$SURFTAB1
 70
6
  9
$SURFTAB2
 70
6
  9
$SURFTYPE
 70
6
  9
$SURFU
 70
6
  9
$SURFV
 70
6
  9
$UCSBASE
  2

  9
$UCSNAME
  2

  9
$UCSORG
 10
0.0
 20
0.0
 30
0.0
  9
$UCSXDIR
 10
1.0
 20
0.0
 30
0.0
  9
$UCSYDIR
 10
0.0
 20
1.0
 30
0.0
  9
$UCSORTHOREF
  2

  9
$UCSORTHOVIEW
 70
0
  9
$UCSORGTOP
 10
0.0
 20
0.0
 30
0.0
  9
$UCSORGBOTTOM
 10
0.0
 20
0.0
 30
0.0
  9
$UCSORGLEFT
 10
0.0
 20
0.0
 30
0.0
  9
$UCSORGRIGHT
 10
0.0
 20
0.0
 30
0.0
  9
$UCSORGFRONT
 10
0.0
 20
0.0
 30
0.0
  9
$UCSORGBACK
 10
0.0
 20
0.0
 30
0.0
  9
$PUCSBASE
  2

  9
$PUCSNAME
  2

  9
$PUCSORG
 10
0.0
 20
0.0
 30
0.0
  9
$PUCSXDIR
 10
1.0
 20
0.0
 30
0.0
  9
$PUCSYDIR
 10
0.0
 20
1.0
 30
0.0
  9
$PUCSORTHOREF
  2

  9
$PUCSORTHOVIEW
 70
0
  9
$PUCSORGTOP
 10
0.0
 20
0.0
 30
0.0
  9
$PUCSORGBOTTOM
 10
0.0
 20
0.0
 30
0.0
  9
$PUCSORGLEFT
 10
0.0
 20
0.0
 30
0.0
  9
$PUCSORGRIGHT
 10
0.0
 20
0.0
 30
0.0
  9
$PUCSORGFRONT
 10
0.0
 20
0.0
 30
0.0
  9
$PUCSORGBACK
 10
0.0
 20
0.0
 30
0.0
  9
$USERI1
 70
0
  9
$USERI2
 70
0
  9
$USERI3
 70
0
  9
$USERI4
 70
0
  9
$USERI5
 70
0
  9
$USERR1
 40
0.0
  9
$USERR2
 40
0.0
  9
$USERR3
 40
0.0
  9
$USERR4
 40
0.0
  9
$USERR5
 40
0.0
  9
$WORLDVIEW
 70
1
  9
$SHADEDGE
 70
3
  9
$SHADEDIF
 70
70
  9
$TILEMODE
 70
1
  9
$MAXACTVP
 70
64
  9
$PINSBASE
 10
0.0
 20
0.0
 30
0.0
  9
$PLIMCHECK
 70
0
  9
$PEXTMIN
 10
1e+20
 20
1e+20
 30
1e+20
  9
$PEXTMAX
 10
-1e+20
 20
-1e+20
 30
-1e+20
  9
$PLIMMIN
 10
0.0
 20
0.0
  9
$PLIMMAX
 10
420.0
 20
297.0
  9
$UNITMODE
 70
0
  9
$VISRETAIN
 70
1
  9
$PLINEGEN
 70
0
  9
$PSLTSCALE
 70
1
  9
$TREEDEPTH
 70
3020
  9
$CMLSTYLE
  2
Standard
  9
$CMLJUST
 70
0
  9
$CMLSCALE
 40
20.0
  9
$PROXYGRAPHICS
 70
1
  9
$MEASUREMENT
 70
1
  9
$CELWEIGHT
370
-1
  9
$ENDCAPS
280
0
  9
$JOINSTYLE
280
0
  9
$LWDISPLAY
290
0
  9
$INSUNITS
 70
4
  9
$HYPERLINKBASE
  1

  9
$STYLESHEET
  1

  9
$XEDIT
290
1
  9
$CEPSNTYPE
380
0
  9
$PSTYLEMODE
290
1
  9
$FINGERPRINTGUID
  2
{5EA111DE-6228-4466-AFA8-4D88D7CE8E2F}
  9
$VERSIONGUID
  2
{5B0A4D51-121F-4AF2-9ACE-2640D066610F}
  9
$EXTNAMES
290
1
  9
$PSVPSCALE
 40
0.0
  9
$OLESTARTUP
290
0
  9
$SORTENTS
280
127
  9
$INDEXCTL
280
0
  9
$HIDETEXT
280
1
  9
$XCLIPFRAME
280
1
  9
$HALOGAP
280
0
  9
$OBSCOLOR
 70
257
  9
$OBSLTYPE
280
0
  9
$INTERSECTIONDISPLAY
280
0
  9
$INTERSECTIONCOLOR
 70
257
  9
$DIMASSOC
280
2
  9
$PROJECTNAME
  1

  9
$CAMERADISPLAY
290
0
  9
$LENSLENGTH
 40
50.0
  9
$CAMERAHEIGHT
 40
0.0
  9
$STEPSPERSEC
 40
24.0
  9
$STEPSIZE
 40
100.0
  9
$3DDWFPREC
 40
2.0
  9
$PSOLWIDTH
 40
0.005
  9
$PSOLHEIGHT
 40
0.08
  9
$LOFTANG1
 40
1.570796326795
  9
$LOFTANG2
 40
1.570796326795
  9
$LOFTMAG1
 40
0.0
  9
$LOFTMAG2
 40
0.0
  9
$LOFTPARAM
 70
7
  9
$LOFTNORMALS
280
1
  9
$LATITUDE
 40
37.795
  9
$LONGITUDE
 40
-122.394
  9
$NORTHDIRECTION
 40
0.0
  9
$TIMEZONE
 70
-8000
  9
$LIGHTGLYPHDISPLAY
280
1
  9
$TILEMODELIGHTSYNCH
280
1
  9
$CMATERIAL
347
20
  9
$SOLIDHIST
280
0
  9
$SHOWHIST
280
1
  9
$DWFFRAME
280
2
  9
$DGNFRAME
280
2
  9
$REALWORLDSCALE
290
1
  9
$INTERFERECOLOR
 62
256
  9
$CSHADOW
280
0
  9
$SHADOWPLANELOCATION
 40
0.0
  0
ENDSEC
  0
SECTION
  2
CLASSES
  0
CLASS
  1
ACDBDICTIONARYWDFLT
  2
AcDbDictionaryWithDefault
  3
ObjectDBX Classes
 90
0
 91
0
280
0
281
0
  0
CLASS
  1
SUN
  2
AcDbSun
  3
SCENEOE
 90
1153
 91
0
280
0
281
0
  0
CLASS
  1
VISUALSTYLE
  2
AcDbVisualStyle
  3
ObjectDBX Classes
 90
4095
 91
0
280
0
281
0
  0
CLASS
  1
MATERIAL
  2
AcDbMaterial
  3
ObjectDBX Classes
 90
1153
 91
0
280
0
281
0
  0
CLASS
  1
SCALE
  2
AcDbScale
  3
ObjectDBX Classes
 90
1153
 91
0
280
0
281
0
  0
CLASS
  1
TABLESTYLE
  2
AcDbTableStyle
  3
ObjectDBX Classes
 90
4095
 91
0
280
0
281
0
  0
CLASS
  1
MLEADERSTYLE
  2
AcDbMLeaderStyle
  3
ACDB_MLEADERSTYLE_CLASS
 90
4095
 91
0
280
0
281
0
  0
CLASS
  1
DICTIONARYVAR
  2
AcDbDictionaryVar
  3
ObjectDBX Classes
 90
0
 91
0
280
0
281
0
  0
CLASS
  1
CELLSTYLEMAP
  2
AcDbCellStyleMap
  3
ObjectDBX Classes
 90
1152
 91
0
280
0
281
0
  0
CLASS
  1
MENTALRAYRENDERSETTINGS
  2
AcDbMentalRayRenderSettings
  3
SCENEOE
 90
1024
 91
0
280
0
281
0
  0
CLASS
  1
ACDBDETAILVIEWSTYLE
  2
AcDbDetailViewStyle
  3
ObjectDBX Classes
 90
1025
 91
0
280
0
281
0
  0
CLASS
  1
ACDBSECTIONVIEWSTYLE
  2
AcDbSectionViewStyle
  3
ObjectDBX Classes
 90
1025
 91
0
280
0
281
0
  0
CLASS
  1
RASTERVARIABLES
  2
AcDbRasterVariables
  3
ISM
 90
0
 91
0
280
0
281
0
  0
CLASS
  1
ACDBPLACEHOLDER
  2
AcDbPlaceHolder
  3
ObjectDBX Classes
 90
0
 91
0
280
0
281
0
  0
CLASS
  1
LAYOUT
  2
AcDbLayout
  3
ObjectDBX Classes
 90
0
 91
0
280
0
281
0
  0
ENDSEC
  0
SECTION
  2
TABLES
  0
TABLE
  2
VPORT
  5
8
330
0
100
AcDbSymbolTable
 70
1
  0
VPORT
  5
23
330
8
100
AcDbSymbolTableRecord
100
AcDbViewportTableRecord
  2
*Active
 70
0
 10
0.0
 20
0.0
 11
1.0
 21
1.0
 12
0.0
 22
0.0
 13
0.0
 23
0.0
 14
0.5
 24
0.5
 15
0.5
 25
0.5
 16
0.0
 26
0.0
 36
1.0
 17
0.0
 27
0.0
 37
0.0
 40
1000.0
 41
1.34
 42
50.0
 43
0.0
 44
0.0
 50
0.0
 51
0.0
 71
0
 72
1000
 73
1
 74
3
 75
0
 76
0
 77
0
 78
0
281
0
 65
0
146
0.0
  0
ENDTAB
  0
TABLE
  2
LTYPE
  5
2
330
0
100
AcDbSymbolTable
 70
3
  0
LTYPE
  5
24
330
2
100
AcDbSymbolTableRecord
100
AcDbLinetypeTableRecord
  2
ByBlock
 70
0
  3

 72
65
 73
0
 40
0.0
  0
LTYPE
  5
25
330
2
100
AcDbSymbolTableRecord
100
AcDbLinetypeTableRecord
  2
ByLayer
 70
0
  3

 72
65
 73
0
 40
0.0
  0
LTYPE
  5
26
330
2
100
AcDbSymbolTableRecord
100
AcDbLinetypeTableRecord
  2
Continuous
 70
0
  3

 72
65
 73
0
 40
0.0
  0
ENDTAB
  0
TABLE
  2
LAYER
  5
1
330
0
100
AcDbSymbolTable
 70
5
  0
LAYER
  5
27
330
1
100
AcDbSymbolTableRecord
100
AcDbLayerTableRecord
  2
0
 70
0
 62
7
  6
Continuous
370
-3
390
13
347
21
  0
LAYER
  5
28
330
1
100
AcDbSymbolTableRecord
100
AcDbLayerTableRecord
  2
Defpoints
 70
0
 62
7
  6
Continuous
290
0
370
-3
390
13
347
21
  0
LAYER
  5
2F
330
1
100
AcDbSymbolTableRecord
100
AcDbLayerTableRecord
  2
CUT
 70
0
 62
1
  6
Continuous
370
-3
390
13
347
21
  0
LAYER
  5
30
330
1
100
AcDbSymbolTableRecord
100
AcDbLayerTableRecord
  2
SHEET
 70
0
 62
8
  6
Continuous
370
-3
390
13
347
21
  0
LAYER
  5
31
330
1
100
AcDbSymbolTableRecord
100
AcDbLayerTableRecord
  2
ENGRAVE
 70
0
 62
5
  6
Continuous
370
-3
390
13
347
21
  0
ENDTAB
  0
TABLE
  2
STYLE
  5
5
330
0
100
AcDbSymbolTable
 70
1
  0
STYLE
  5
29
330
5
100
AcDbSymbolTableRecord
100
AcDbTextStyleTableRecord
  2
Standard
 70
0
 40
0.0
 41
1.0
 50
0.0
 71
0
 42
2.5
  3
txt
  4

  0
ENDTAB
  0
TABLE
  2
VIEW
  5
7
330
0
100
AcDbSymbolTable
 70
0
  0
ENDTAB
  0
TABLE
  2
UCS
  5
6
330
0
100
AcDbSymbolTable
 70
0
  0
ENDTAB
  0
TABLE
  2
APPID
  5
3
330
0
100
AcDbSymbolTable
 70
3
  0
APPID
  5
2A
330
3
100
AcDbSymbolTableRecord
100
AcDbRegAppTableRecord
  2
ACAD
 70
0
  0
APPID
  5
677
330
3
100
AcDbSymbolTableRecord
100
AcDbRegAppTableRecord
  2
HATCHBACKGROUNDCOLOR
 70
0
  0
APPID
  5
678
330
3
100
AcDbSymbolTableRecord
100
AcDbRegAppTableRecord
  2
EZDXF
 70
0
  0
ENDTAB
  0
TABLE
  2
DIMSTYLE
  5
4
330
0
100
AcDbSymbolTable
 70
1
100
AcDbDimStyleTable
  0
DIMSTYLE
105
2B
330
4
100
AcDbSymbolTableRecord
100
AcDbDimStyleTableRecord
  2
Standard
 70
0
 40
1.0
 41
2.5
 42
0.625
 43
3.75
 44
1.25
 45
0.0
 46
0.0
 47
0.0
 48
0.0
 49
2.5
140
2.5
141
2.5
142
0.0
143
0.03937007874
144
1.0
145
0.0
146
1.0
147
0.625
148
0.0
 69
0
 70
0
 71
0
 72
0
 73
0
 74
0
 75
0
 76
0
 77
1
 78
8
 79
3
170
0
171
3
172
1
173
0
174
0
175
0
176
0
177
0
178
0
179
2
271
2
272
2
273
2
274
3
275
0
276
0
277
2
278
44
279
0
280
0
281
0
282
0
283
0
284
8
285
0
286
0
288
0
289
3
290
0
371
-2
372
-2
  0
ENDTAB
  0
TABLE
  2
BLOCK_RECORD
  5
9
330
0
100
AcDbSymbolTable
 70
2
  0
BLOCK_RECORD
  5
17
330
9
100
AcDbSymbolTableRecord
100
AcDbBlockTableRecord
  2
*Model_Space
340
1A
 70
0
280
1
281
0
  0
BLOCK_RECORD
  5
1B
330
9
100
AcDbSymbolTableRecord
100
AcDbBlockTableRecord
  2
*Paper_Space
340
1E
 70
0
280
1
281
0
  0
ENDTAB
  0
ENDSEC
  0
SECTION
  2
BLOCKS
  0
BLOCK
  5
18
330
17
100
AcDbEntity
  8
0
100
AcDbBlockBegin
  2
*Model_Space
 70
0
 10
0.0
 20
0.0
 30
0.0
  3
*Model_Space
  1

  0
ENDBLK
  5
19
330
17
100
AcDbEntity
  8
0
100
AcDbBlockEnd
  0
BLOCK
  5
1C
330
1B
100
AcDbEntity
  8
0
100
AcDbBlockBegin
  2
*Paper_Space
 70
0
 10
0.0
 20
0.0
 30
0.0
  3
*Paper_Space
  1

  0
ENDBLK
  5
1D
330
1B
100
AcDbEntity
  8
0
100
AcDbBlockEnd
  0
ENDSEC
  0
SECTION
  2
ENTITIES
  0
LINE
  5
32
330
17
100
AcDbEntity
  8
SHEET
100
AcDbLine
 10
0.0
 20
0.0
 30
0.0
 11
450.0
 21
0.0
 31
0.0
  0
LINE
  5
33
330
17
100
AcDbEntity
  8
SHEET
100
AcDbLine
 10
450.0
 20
0.0
 30
0.0
 11
450.0
 21
450.0
 31
0.0
  0
LINE
  5
34
330
17
100
AcDbEntity
  8
SHEET
100
AcDbLine
 10
450.0
 20
450.0
 30
0.0
 11
0.0
 21
450.0
 31
0.0
  0
LINE
  5
35
330
17
100
AcDbEntity
  8
SHEET
100
AcDbLine
 10
0.0
 20
450.0
 30
0.0
 11
0.0
 21
0.0
 31
0.0
  0
LINE
  5
36
330
17
100
AcDbEntity
  8
CUT
100
AcDbLine
 10
6.5
 20
189.8590722222222
 30
0.0
 11
6.5
 21
6.5
 31
0.0
  0
LINE
  5
37
330
17
100
AcDbEntity
  8
CUT
100
AcDbLine
 10
17.078394444444484
 20
183.8579694444444
 30
0.0
 11
17.078394444444484
 21
189.8590722222222
 31
0.0
  0
LINE
  5
38
330
17
100
AcDbEntity
  8
CUT
100
AcDbLine
 10
93.29109444444452
 20
6.5
 30
0.0
 11
93.29109444444452
 21
189.8590722222222
 31
0.0
  0
LINE
  5
39
330
17
100
AcDbEntity
  8
CUT
100
AcDbLine
 10
34.56982222222223
 20
189.8590722222222
 30
0.0
 11
34.56982222222223
 21
183.8579694444444
 31
0.0
  0
LINE
  5
3A
330
17
100
AcDbEntity
  8
CUT
100
AcDbLine
 10
6.5
 20
6.5
 30
0.0
 11
93.29109444444452
 21
6.5
 31
0.0
  0
LINE
  5
3B
330
17
100
AcDbEntity
  8
CUT
100
AcDbLine
 10
34.56982222222223
 20
183.8579694444444
 30
0.0
 11
17.078394444444484
 21
183.8579694444444
 31
0.0
  0
LINE
  5
3C
330
17
100
AcDbEntity
  8
CUT
100
AcDbLine
 10
93.29109444444452
 20
189.8590722222222
 30
0.0
 11
34.569822222222285
 21
189.8590722222222
 31
0.0
  0
LINE
  5
3D
330
17
100
AcDbEntity
  8
CUT
100
AcDbLine
 10
17.078394444444484
 20
189.8590722222222
 30
0.0
 11
6.5
 21
189.8590722222222
 31
0.0
  0
LINE
  5
3E
330
17
100
AcDbEntity
  8
CUT
100
AcDbLine
 10
56.667116666666686
 20
13.740411111111115
 30
0.0
 11
56.667116666666686
 21
16.7411388888888
 31
0.0
  0
LINE
  5
3F
330
17
100
AcDbEntity
  8
CUT
100
AcDbLine
 10
66.66907222222233
 20
16.7411388888888
 30
0.0
 11
66.66907222222233
 21
13.740411111111115
 31
0.0
  0
LINE
  5
40
330
17
100
AcDbEntity
  8
CUT
100
AcDbLine
 10
66.66907222222233
 20
13.740411111111115
 30
0.0
 11
56.667116666666686
 21
13.740411111111115
 31
0.0
  0
LINE
  5
41
330
17
100
AcDbEntity
  8
CUT
100
AcDbLine
 10
56.667116666666686
 20
16.7411388888888
 30
0.0
 11
66.66907222222233
 21
16.7411388888888
 31
0.0
  0
LINE
  5
42
330
17
100
AcDbEntity
  8
CUT
100
AcDbLine
 10
66.66907222222233
 20
186.8583444444443
 30
0.0
 11
66.66907222222233
 21
183.8579694444444
 31
0.0
  0
LINE
  5
43
330
17
100
AcDbEntity
  8
CUT
100
AcDbLine
 10
56.667116666666686
 20
183.8579694444444
 30
0.0
 11
56.667116666666686
 21
186.8583444444443
 31
0.0
  0
LINE
  5
44
330
17
100
AcDbEntity
  8
CUT
100
AcDbLine
 10
66.66907222222233
 20
183.8579694444444
 30
0.0
 11
56.667116666666686
 21
183.8579694444444
 31
0.0
  0
LINE
  5
45
330
17
100
AcDbEntity
  8
CUT
100
AcDbLine
 10
56.667116666666686
 20
186.8583444444443
 30
0.0
 11
66.66907222222233
 21
186.8583444444443
 31
0.0
  0
LINE
  5
46
330
17
100
AcDbEntity
  8
CUT
100
AcDbLine
 10
26.520844444444492
 20
16.7411388888888
 30
0.0
 11
26.520844444444492
 21
13.740411111111115
 31
0.0
  0
LINE
  5
47
330
17
100
AcDbEntity
  8
CUT
100
AcDbLine
 10
16.519241666666687
 20
13.740411111111115
 30
0.0
 11
16.519241666666687
 21
16.7411388888888
 31
0.0
  0
LINE
  5
48
330
17
100
AcDbEntity
  8
CUT
100
AcDbLine
 10
26.520844444444492
 20
13.740411111111115
 30
0.0
 11
16.519241666666687
 21
13.740411111111115
 31
0.0
  0
LINE
  5
49
330
17
100
AcDbEntity
  8
CUT
100
AcDbLine
 10
16.519241666666687
 20
16.7411388888888
 30
0.0
 11
26.520844444444492
 21
16.7411388888888
 31
0.0
  0
LINE
  5
4A
330
17
100
AcDbEntity
  8
ENGRAVE
100
AcDbLine
 10
44.75366675533047
 20
136.1334818196296
 30
0.0
 11
47.553624030721096
 21
136.1334818196296
 31
0.0
  0
LINE
  5
4B
330
17
100
AcDbEntity
  8
ENGRAVE
100
AcDbLine
 10
47.553624030721096
 20
136.1334818196296
 30
0.0
 11
48.25361334956875
 21
137.5334604573249
 31
0.0
  0
LINE
  5
4C
330
17
100
AcDbEntity
  8
ENGRAVE
100
AcDbLine
 10
48.25361334956875
 20
137.5334604573249
 30
0.0
 11
48.25361334956875
 21
141.73339637041084
 31
0.0
  0
LINE
  5
4D
330
17
100
AcDbEntity
  8
ENGRAVE
100
AcDbLine
 10
48.25361334956875
 20
141.73339637041084
 30
0.0
 11
47.553624030721096
 21
143.13337500810616
 31
0.0
  0
LINE
  5
4E
330
17
100
AcDbEntity
  8
ENGRAVE
100
AcDbLine
 10
47.553624030721096
 20
143.13337500810616
 30
0.0
 11
44.75366675533047
 21
143.13337500810616
 31
0.0
  0
LINE
  5
4F
330
17
100
AcDbEntity
  8
ENGRAVE
100
AcDbLine
 10
44.75366675533047
 20
143.13337500810616
 30
0.0
 11
44.053677436482815
 21
141.73339637041084
 31
0.0
  0
LINE
  5
50
330
17
100
AcDbEntity
  8
ENGRAVE
100
AcDbLine
 10
44.053677436482815
 20
141.73339637041084
 30
0.0
 11
44.053677436482815
 21
137.5334604573249
 31
0.0
  0
LINE
  5
51
330
17
100
AcDbEntity
  8
ENGRAVE
100
AcDbLine
 10
44.053677436482815
 20
137.5334604573249
 30
0.0
 11
44.75366675533047
 21
136.1334818196296
 31
0.0
  0
LINE
  5
52
330
17
100
AcDbEntity
  8
ENGRAVE
100
AcDbLine
 10
53.85352790035
 20
143.13337500810616
 30
0.0
 11
50.35358130611172
 21
143.13337500810616
 31
0.0
  0
LINE
  5
53
330
17
100
AcDbEntity
  8
ENGRAVE
100
AcDbLine
 10
50.35358130611172
 20
143.13337500810616
 30
0.0
 11
50.35358130611172
 21
140.33341773271553
 31
0.0
  0
LINE
  5
54
330
17
100
AcDbEntity
  8
ENGRAVE
100
AcDbLine
 10
50.35358130611172
 20
140.33341773271553
 30
0.0
 11
53.153538581502346
 21
140.33341773271553
 31
0.0
  0
LINE
  5
55
330
17
100
AcDbEntity
  8
ENGRAVE
100
AcDbLine
 10
53.153538581502346
 20
140.33341773271553
 30
0.0
 11
53.85352790035
 21
139.63342841386788
 31
0.0
  0
LINE
  5
56
330
17
100
AcDbEntity
  8
ENGRAVE
100
AcDbLine
 10
53.85352790035
 20
139.63342841386788
 30
0.0
 11
53.85352790035
 21
136.83347113847725
 31
0.0
  0
LINE
  5
57
330
17
100
AcDbEntity
  8
ENGRAVE
100
AcDbLine
 10
53.85352790035
 20
136.83347113847725
 30
0.0
 11
53.153538581502346
 21
136.1334818196296
 31
0.0
  0
LINE
  5
58
330
17
100
AcDbEntity
  8
ENGRAVE
100
AcDbLine
 10
53.153538581502346
 20
136.1334818196296
 30
0.0
 11
50.35358130611172
 21
136.1334818196296
 31
0.0
  0
LINE
  5
59
330
17
100
AcDbEntity
  8
ENGRAVE
100
AcDbLine
 10
50.35358130611172
 20
136.1334818196296
 30
0.0
 11
49.653591987264065
 21
136.83347113847725
 31
0.0
  0
LINE
  5
5A
330
17
100
AcDbEntity
  8
CUT
100
AcDbLine
 10
6.5
 20
376.2181444444444
 30
0.0
 11
6.5
 21
192.8590722222222
 31
0.0
  0
LINE
  5
5B
330
17
100
AcDbEntity
  8
CUT
100
AcDbLine
 10
17.078394444444484
 20
370.2170416666666
 30
0.0
 11
17.078394444444484
 21
376.2181444444444
 31
0.0
  0
LINE
  5
5C
330
17
100
AcDbEntity
  8
CUT
100
AcDbLine
 10
93.29109444444452
 20
192.8590722222222
 30
0.0
 11
93.29109444444452
 21
376.2181444444444
 31
0.0
  0
LINE
  5
5D
330
17
100
AcDbEntity
  8
CUT
100
AcDbLine
 10
34.56982222222223
 20
376.2181444444444
 30
0.0
 11
34.56982222222223
 21
370.2170416666666
 31
0.0
  0
LINE
  5
5E
330
17
100
AcDbEntity
  8
CUT
100
AcDbLine
 10
6.5
 20
192.8590722222222
 30
0.0
 11
93.29109444444452
 21
192.8590722222222
 31
0.0
  0
LINE
  5
5F
330
17
100
AcDbEntity
  8
CUT
100
AcDbLine
 10
34.56982222222223
 20
370.2170416666666
 30
0.0
 11
17.078394444444484
 21
370.2170416666666
 31
0.0
  0
LINE
  5
60
330
17
100
AcDbEntity
  8
CUT
100
AcDbLine
 10
93.29109444444452
 20
376.2181444444444
 30
0.0
 11
34.569822222222285
 21
376.2181444444444
 31
0.0
  0
LINE
  5
61
330
17
100
AcDbEntity
  8
CUT
100
AcDbLine
 10
17.078394444444484
 20
376.2181444444444
 30
0.0
 11
6.5
 21
376.2181444444444
 31
0.0
  0
LINE
  5
62
330
17
100
AcDbEntity
  8
CUT
100
AcDbLine
 10
56.667116666666686
 20
200.09948333333332
 30
0.0
 11
56.667116666666686
 21
203.100211111111
 31
0.0
  0
LINE
  5
63
330
17
100
AcDbEntity
  8
CUT
100
AcDbLine
 10
66.66907222222233
 20
203.100211111111
 30
0.0
 11
66.66907222222233
 21
200.09948333333332
 31
0.0
  0
LINE
  5
64
330
17
100
AcDbEntity
  8
CUT
100
AcDbLine
 10
66.66907222222233
 20
200.09948333333332
 30
0.0
 11
56.667116666666686
 21
200.09948333333332
 31
0.0
  0
LINE
  5
65
330
17
100
AcDbEntity
  8
CUT
100
AcDbLine
 10
56.667116666666686
 20
203.100211111111
 30
0.0
 11
66.66907222222233
 21
203.100211111111
 31
0.0
  0
LINE
  5
66
330
17
100
AcDbEntity
  8
CUT
100
AcDbLine
 10
66.66907222222233
 20
373.2174166666665
 30
0.0
 11
66.66907222222233
 21
370.2170416666666
 31
0.0
  0
LINE
  5
67
330
17
100
AcDbEntity
  8
CUT
100
AcDbLine
 10
56.667116666666686
 20
370.2170416666666
 30
0.0
 11
56.667116666666686
 21
373.2174166666665
 31
0.0
  0
LINE
  5
68
330
17
100
AcDbEntity
  8
CUT
100
AcDbLine
 10
66.66907222222233
 20
370.2170416666666
 30
0.0
 11
56.667116666666686
 21
370.2170416666666
 31
0.0
  0
LINE
  5
69
330
17
100
AcDbEntity
  8
CUT
100
AcDbLine
 10
56.667116666666686
 20
373.2174166666665
 30
0.0
 11
66.66907222222233
 21
373.2174166666665
 31
0.0
  0
LINE
  5
6A
330
17
100
AcDbEntity
  8
CUT
100
AcDbLine
 10
26.520844444444492
 20
203.100211111111
 30
0.0
 11
26.520844444444492
 21
200.09948333333332
 31
0.0
  0
LINE
  5
6B
330
17
100
AcDbEntity
  8
CUT
100
AcDbLine
 10
16.519241666666687
 20
200.09948333333332
 30
0.0
 11
16.519241666666687
 21
203.100211111111
 31
0.0
  0
LINE
  5
6C
330
17
100
AcDbEntity
  8
CUT
100
AcDbLine
 10
26.520844444444492
 20
200.09948333333332
 30
0.0
 11
16.519241666666687
 21
200.09948333333332
 31
0.0
  0
LINE
  5
6D
330
17
100
AcDbEntity
  8
CUT
100
AcDbLine
 10
16.519241666666687
 20
203.100211111111
 30
0.0
 11
26.520844444444492
 21
203.100211111111
 31
0.0
  0
LINE
  5
6E
330
17
100
AcDbEntity
  8
ENGRAVE
100
AcDbLine
 10
44.75366675533047
 20
322.4925540418518
 30
0.0
 11
47.553624030721096
 21
322.4925540418518
 31
0.0
  0
LINE
  5
6F
330
17
100
AcDbEntity
  8
ENGRAVE
100
AcDbLine
 10
47.553624030721096
 20
322.4925540418518
 30
0.0
 11
48.25361334956875
 21
323.8925326795471
 31
0.0
  0
LINE
  5
70
330
17
100
AcDbEntity
  8
ENGRAVE
100
AcDbLine
 10
48.25361334956875
 20
323.8925326795471
 30
0.0
 11
48.25361334956875
 21
328.09246859263305
 31
0.0
  0
LINE
  5
71
330
17
100
AcDbEntity
  8
ENGRAVE
100
AcDbLine
 10
48.25361334956875
 20
328.09246859263305
 30
0.0
 11
47.553624030721096
 21
329.49244723032837
 31
0.0
  0
LINE
  5
72
330
17
100
AcDbEntity
  8
ENGRAVE
100
AcDbLine
 10
47.553624030721096
 20
329.49244723032837
 30
0.0
 11
44.75366675533047
 21
329.49244723032837
 31
0.0
  0
LINE
  5
73
330
17
100
AcDbEntity
  8
ENGRAVE
100
AcDbLine
 10
44.75366675533047
 20
329.49244723032837
 30
0.0
 11
44.053677436482815
 21
328.09246859263305
 31
0.0
  0
LINE
  5
74
330
17
100
AcDbEntity
  8
ENGRAVE
100
AcDbLine
 10
44.053677436482815
 20
328.09246859263305
 30
0.0
 11
44.053677436482815
 21
323.8925326795471
 31
0.0
  0
LINE
  5
75
330
17
100
AcDbEntity
  8
ENGRAVE
100
AcDbLine
 10
44.053677436482815
 20
323.8925326795471
 30
0.0
 11
44.75366675533047
 21
322.4925540418518
 31
0.0
  0
LINE
  5
76
330
17
100
AcDbEntity
  8
ENGRAVE
100
AcDbLine
 10
53.85352790035
 20
329.49244723032837
 30
0.0
 11
50.35358130611172
 21
329.49244723032837
 31
0.0
  0
LINE
  5
77
330
17
100
AcDbEntity
  8
ENGRAVE
100
AcDbLine
 10
50.35358130611172
 20
329.49244723032837
 30
0.0
 11
50.35358130611172
 21
326.69248995493774
 31
0.0
  0
LINE
  5
78
330
17
100
AcDbEntity
  8
ENGRAVE
100
AcDbLine
 10
50.35358130611172
 20
326.69248995493774
 30
0.0
 11
53.153538581502346
 21
326.69248995493774
 31
0.0
  0
LINE
  5
79
330
17
100
AcDbEntity
  8
ENGRAVE
100
AcDbLine
 10
53.153538581502346
 20
326.69248995493774
 30
0.0
 11
53.85352790035
 21
325.9925006360901
 31
0.0
  0
LINE
  5
7A
330
17
100
AcDbEntity
  8
ENGRAVE
100
AcDbLine
 10
53.85352790035
 20
325.9925006360901
 30
0.0
 11
53.85352790035
 21
323.19254336069946
 31
0.0
  0
LINE
  5
7B
330
17
100
AcDbEntity
  8
ENGRAVE
100
AcDbLine
 10
53.85352790035
 20
323.19254336069946
 30
0.0
 11
53.153538581502346
 21
322.4925540418518
 31
0.0
  0
LINE
  5
7C
330
17
100
AcDbEntity
  8
ENGRAVE
100
AcDbLine
 10
53.153538581502346
 20
322.4925540418518
 30
0.0
 11
50.35358130611172
 21
322.4925540418518
 31
0.0
  0
LINE
  5
7D
330
17
100
AcDbEntity
  8
ENGRAVE
100
AcDbLine
 10
50.35358130611172
 20
322.4925540418518
 30
0.0
 11
49.653591987264065
 21
323.19254336069946
 31
0.0
  0
LINE
  5
7E
330
17
100
AcDbEntity
  8
CUT
100
AcDbLine
 10
96.29109444444452
 20
6.5
 30
0.0
 11
279.65016666666673
 21
6.5
 31
0.0
  0
LINE
  5
7F
330
17
100
AcDbEntity
  8
CUT
100
AcDbLine
 10
102.29219722222234
 20
17.078394444444484
 30
0.0
 11
96.29109444444452
 21
17.078394444444484
 31
0.0
  0
LINE
  5
80
330
17
100
AcDbEntity
  8
CUT
100
AcDbLine
 10
279.65016666666673
 20
93.29109444444452
 30
0.0
 11
96.29109444444452
 21
93.29109444444452
 31
0.0
  0
LINE
  5
81
330
17
100
AcDbEntity
  8
CUT
100
AcDbLine
 10
96.29109444444452
 20
34.56982222222223
 30
0.0
 11
102.29219722222234
 21
34.56982222222223
 31
0.0
  0
LINE
  5
82
330
17
100
AcDbEntity
  8
CUT
100
AcDbLine
 10
279.65016666666673
 20
6.5
 30
0.0
 11
279.65016666666673
 21
93.29109444444452
 31
0.0
  0
LINE
  5
83
330
17
100
AcDbEntity
  8
CUT
100
AcDbLine
 10
102.29219722222234
 20
34.56982222222223
 30
0.0
 11
102.29219722222234
 21
17.078394444444484
 31
0.0
  0
LINE
  5
84
330
17
100
AcDbEntity
  8
CUT
100
AcDbLine
 10
96.29109444444452
 20
93.29109444444452
 30
0.0
 11
96.29109444444452
 21
34.569822222222285
 31
0.0
  0
LINE
  5
85
330
17
100
AcDbEntity
  8
CUT
100
AcDbLine
 10
96.29109444444452
 20
17.078394444444484
 30
0.0
 11
96.29109444444452
 21
6.5
 31
0.0
  0
LINE
  5
86
330
17
100
AcDbEntity
  8
CUT
100
AcDbLine
 10
272.40975555555565
 20
56.667116666666686
 30
0.0
 11
269.40902777777796
 21
56.667116666666686
 31
0.0
  0
LINE
  5
87
330
17
100
AcDbEntity
  8
CUT
100
AcDbLine
 10
269.40902777777796
 20
66.66907222222233
 30
0.0
 11
272.40975555555565
 21
66.66907222222233
 31
0.0
  0
LINE
  5
88
330
17
100
AcDbEntity
  8
CUT
100
AcDbLine
 10
272.40975555555565
 20
66.66907222222233
 30
0.0
 11
272.40975555555565
 21
56.667116666666686
 31
0.0
  0
LINE
  5
89
330
17
100
AcDbEntity
  8
CUT
100
AcDbLine
 10
269.40902777777796
 20
56.667116666666686
 30
0.0
 11
269.40902777777796
 21
66.66907222222233
 31
0.0
  0
LINE
  5
8A
330
17
100
AcDbEntity
  8
CUT
100
AcDbLine
 10
99.29182222222244
 20
66.66907222222233
 30
0.0
 11
102.29219722222234
 21
66.66907222222233
 31
0.0
  0
LINE
  5
8B
330
17
100
AcDbEntity
  8
CUT
100
AcDbLine
 10
102.29219722222234
 20
56.667116666666686
 30
0.0
 11
99.29182222222244
 21
56.667116666666686
 31
0.0
  0
LINE
  5
8C
330
17
100
AcDbEntity
  8
CUT
100
AcDbLine
 10
102.29219722222234
 20
66.66907222222233
 30
0.0
 11
102.29219722222234
 21
56.667116666666686
 31
0.0
  0
LINE
  5
8D
330
17
100
AcDbEntity
  8
CUT
100
AcDbLine
 10
99.29182222222244
 20
56.667116666666686
 30
0.0
 11
99.29182222222244
 21
66.66907222222233
 31
0.0
  0
LINE
  5
8E
330
17
100
AcDbEntity
  8
CUT
100
AcDbLine
 10
269.40902777777796
 20
26.520844444444492
 30
0.0
 11
272.40975555555565
 21
26.520844444444492
 31
0.0
  0
LINE
  5
8F
330
17
100
AcDbEntity
  8
CUT
100
AcDbLine
 10
272.40975555555565
 20
16.519241666666687
 30
0.0
 11
269.40902777777796
 21
16.519241666666687
 31
0.0
  0
LINE
  5
90
330
17
100
AcDbEntity
  8
CUT
100
AcDbLine
 10
272.40975555555565
 20
26.520844444444492
 30
0.0
 11
272.40975555555565
 21
16.519241666666687
 31
0.0
  0
LINE
  5
91
330
17
100
AcDbEntity
  8
CUT
100
AcDbLine
 10
269.40902777777796
 20
16.519241666666687
 30
0.0
 11
269.40902777777796
 21
26.520844444444492
 31
0.0
  0
LINE
  5
92
330
17
100
AcDbEntity
  8
ENGRAVE
100
AcDbLine
 10
150.01668484703714
 20
44.75366675533047
 30
0.0
 11
150.01668484703714
 21
47.553624030721096
 31
0.0
  0
LINE
  5
93
330
17
100
AcDbEntity
  8
ENGRAVE
100
AcDbLine
 10
150.01668484703714
 20
47.553624030721096
 30
0.0
 11
148.61670620934183
 21
48.25361334956875
 31
0.0
  0
LINE
  5
94
330
17
100
AcDbEntity
  8
ENGRAVE
100
AcDbLine
 10
148.61670620934183
 20
48.25361334956875
 30
0.0
 11
144.4167702962559
 21
48.25361334956875
 31
0.0
  0
LINE
  5
95
330
17
100
AcDbEntity
  8
ENGRAVE
100
AcDbLine
 10
144.4167702962559
 20
48.25361334956875
 30
0.0
 11
143.01679165856058
 21
47.553624030721096
 31
0.0
  0
LINE
  5
96
330
17
100
AcDbEntity
  8
ENGRAVE
100
AcDbLine
 10
143.01679165856058
 20
47.553624030721096
 30
0.0
 11
143.01679165856058
 21
44.75366675533047
 31
0.0
  0
LINE
  5
97
330
17
100
AcDbEntity
  8
ENGRAVE
100
AcDbLine
 10
143.01679165856058
 20
44.75366675533047
 30
0.0
 11
144.4167702962559
 21
44.053677436482815
 31
0.0
  0
LINE
  5
98
330
17
100
AcDbEntity
  8
ENGRAVE
100
AcDbLine
 10
144.4167702962559
 20
44.053677436482815
 30
0.0
 11
148.61670620934183
 21
44.053677436482815
 31
0.0
  0
LINE
  5
99
330
17
100
AcDbEntity
  8
ENGRAVE
100
AcDbLine
 10
148.61670620934183
 20
44.053677436482815
 30
0.0
 11
150.01668484703714
 21
44.75366675533047
 31
0.0
  0
LINE
  5
9A
330
17
100
AcDbEntity
  8
ENGRAVE
100
AcDbLine
 10
143.01679165856058
 20
53.85352790035
 30
0.0
 11
143.01679165856058
 21
50.35358130611172
 31
0.0
  0
LINE
  5
9B
330
17
100
AcDbEntity
  8
ENGRAVE
100
AcDbLine
 10
143.01679165856058
 20
50.35358130611172
 30
0.0
 11
145.8167489339512
 21
50.35358130611172
 31
0.0
  0
LINE
  5
9C
330
17
100
AcDbEntity
  8
ENGRAVE
100
AcDbLine
 10
145.8167489339512
 20
50.35358130611172
 30
0.0
 11
145.8167489339512
 21
53.153538581502346
 31
0.0
  0
LINE
  5
9D
330
17
100
AcDbEntity
  8
ENGRAVE
100
AcDbLine
 10
145.8167489339512
 20
53.153538581502346
 30
0.0
 11
146.51673825279886
 21
53.85352790035
 31
0.0
  0
LINE
  5
9E
330
17
100
AcDbEntity
  8
ENGRAVE
100
AcDbLine
 10
146.51673825279886
 20
53.85352790035
 30
0.0
 11
149.31669552818948
 21
53.85352790035
 31
0.0
  0
LINE
  5
9F
330
17
100
AcDbEntity
  8
ENGRAVE
100
AcDbLine
 10
149.31669552818948
 20
53.85352790035
 30
0.0
 11
150.01668484703714
 21
53.153538581502346
 31
0.0
  0
LINE
  5
A0
330
17
100
AcDbEntity
  8
ENGRAVE
100
AcDbLine
 10
150.01668484703714
 20
53.153538581502346
 30
0.0
 11
150.01668484703714
 21
50.35358130611172
 31
0.0
  0
LINE
  5
A1
330
17
100
AcDbEntity
  8
ENGRAVE
100
AcDbLine
 10
150.01668484703714
 20
50.35358130611172
 30
0.0
 11
149.31669552818948
 21
49.653591987264065
 31
0.0
  0
LINE
  5
A2
330
17
100
AcDbEntity
  8
CUT
100
AcDbLine
 10
292.6521222222222
 20
9.500727777777797
 30
0.0
 11
302.65407777777784
 21
9.500727777777797
 31
0.0
  0
LINE
  5
A3
330
17
100
AcDbEntity
  8
CUT
100
AcDbLine
 10
334.2470916666666
 20
84.31819166666679
 30
0.0
 11
332.94463611111115
 21
85.18849444444436
 31
0.0
  0
LINE
  5
A4
330
17
100
AcDbEntity
  8
CUT
100
AcDbLine
 10
369.72806944444443
 20
179.6179333333332
 30
0.0
 11
359.72646666666674
 21
179.6179333333332
 31
0.0
  0
LINE
  5
A5
330
17
100
AcDbEntity
  8
CUT
100
AcDbLine
 10
337.13528333333335
 20
106.25603055555564
 30
0.0
 11
338.6716305555555
 21
106.5615361111112
 31
0.0
  0
LINE
  5
A6
330
17
100
AcDbEntity
  8
CUT
100
AcDbLine
 10
340.23478888888894
 20
106.66419444444432
 30
0.0
 11
369.72806944444443
 21
106.66419444444432
 31
0.0
  0
LINE
  5
A7
330
17
100
AcDbEntity
  8
CUT
100
AcDbLine
 10
332.94463611111115
 20
85.18849444444436
 30
0.0
 11
331.76671111111114
 21
86.22142777777776
 31
0.0
  0
LINE
  5
A8
330
17
100
AcDbEntity
  8
CUT
100
AcDbLine
 10
331.76671111111114
 20
86.22142777777776
 30
0.0
 11
330.7341305555555
 21
87.399
 31
0.0
  0
LINE
  5
A9
330
17
100
AcDbEntity
  8
CUT
100
AcDbLine
 10
334.2470916666666
 20
105.05976111111113
 30
0.0
 11
335.65185277777783
 21
105.75261666666665
 31
0.0
  0
LINE
  5
AA
330
17
100
AcDbEntity
  8
CUT
100
AcDbLine
 10
372.7287972222222
 20
29.76393055555559
 30
0.0
 11
369.72806944444443
 21
29.76393055555559
 31
0.0
  0
LINE
  5
AB
330
17
100
AcDbEntity
  8
CUT
100
AcDbLine
 10
328.66755833333343
 20
91.58964722222208
 30
0.0
 11
328.36170000000004
 21
93.12599444444447
 31
0.0
  0
LINE
  5
AC
330
17
100
AcDbEntity
  8
CUT
100
AcDbLine
 10
329.86382777777794
 20
100.67649722222211
 30
0.0
 11
330.7341305555555
 21
101.97895277777786
 31
0.0
  0
LINE
  5
AD
330
17
100
AcDbEntity
  8
CUT
100
AcDbLine
 10
369.72806944444443
 20
82.71375833333326
 30
0.0
 11
340.23478888888894
 21
82.71375833333326
 31
0.0
  0
LINE
  5
AE
330
17
100
AcDbEntity
  8
CUT
100
AcDbLine
 10
335.36821944444443
 20
9.500727777777797
 30
0.0
 11
349.7245111111111
 21
9.500727777777797
 31
0.0
  0
LINE
  5
AF
330
17
100
AcDbEntity
  8
CUT
100
AcDbLine
 10
337.13528333333335
 20
83.12192222222217
 30
0.0
 11
335.65185277777783
 21
83.6253361111111
 31
0.0
  0
LINE
  5
B0
330
17
100
AcDbEntity
  8
CUT
100
AcDbLine
 10
330.7919861111111
 20
6.5
 30
0.0
 11
333.8227
 21
13.471241666666685
 31
0.0
  0
LINE
  5
B1
330
17
100
AcDbEntity
  8
CUT
100
AcDbLine
 10
369.72806944444443
 20
116.66615000000002
 30
0.0
 11
372.7287972222222
 21
116.66615000000002
 31
0.0
  0
LINE
  5
B2
330
17
100
AcDbEntity
  8
CUT
100
AcDbLine
 10
331.76671111111114
 20
103.15687777777782
 30
0.0
 11
332.94463611111115
 21
104.18945833333328
 31
0.0
  0
LINE
  5
B3
330
17
100
AcDbEntity
  8
CUT
100
AcDbLine
 10
332.94463611111115
 20
104.18945833333328
 30
0.0
 11
334.2470916666666
 21
105.05976111111113
 31
0.0
  0
LINE
  5
B4
330
17
100
AcDbEntity
  8
CUT
100
AcDbLine
 10
330.7341305555555
 20
101.97895277777786
 30
0.0
 11
331.76671111111114
 21
103.15687777777782
 31
0.0
  0
LINE
  5
B5
330
17
100
AcDbEntity
  8
CUT
100
AcDbLine
 10
336.5743666666666
 20
12.274972222222175
 30
0.0
 11
335.36821944444443
 21
9.500727777777797
 31
0.0
  0
LINE
  5
B6
330
17
100
AcDbEntity
  8
CUT
100
AcDbLine
 10
369.72806944444443
 20
159.61402222222216
 30
0.0
 11
372.7287972222222
 21
159.61402222222216
 31
0.0
  0
LINE
  5
B7
330
17
100
AcDbEntity
  8
CUT
100
AcDbLine
 10
329.17097222222225
 20
99.27173611111118
 30
0.0
 11
329.86382777777794
 21
100.67649722222211
 31
0.0
  0
LINE
  5
B8
330
17
100
AcDbEntity
  8
CUT
100
AcDbLine
 10
328.2593944444444
 20
94.68915277777785
 30
0.0
 11
328.36170000000004
 21
96.25195833333328
 31
0.0
  0
LINE
  5
B9
330
17
100
AcDbEntity
  8
CUT
100
AcDbLine
 10
349.7245111111111
 20
6.5
 30
0.0
 11
359.72646666666674
 21
6.5
 31
0.0
  0
LINE
  5
BA
330
17
100
AcDbEntity
  8
CUT
100
AcDbLine
 10
359.72646666666674
 20
9.500727777777797
 30
0.0
 11
369.72806944444443
 21
9.500727777777797
 31
0.0
  0
LINE
  5
BB
330
17
100
AcDbEntity
  8
CUT
100
AcDbLine
 10
302.65407777777784
 20
176.61755833333336
 30
0.0
 11
292.6521222222222
 21
176.61755833333336
 31
0.0
  0
LINE
  5
BC
330
17
100
AcDbEntity
  8
CUT
100
AcDbLine
 10
359.72646666666674
 20
176.61755833333336
 30
0.0
 11
349.7245111111111
 21
176.61755833333336
 31
0.0
  0
LINE
  5
BD
330
17
100
AcDbEntity
  8
CUT
100
AcDbLine
 10
335.65185277777783
 20
83.6253361111111
 30
0.0
 11
334.2470916666666
 21
84.31819166666679
 31
0.0
  0
LINE
  5
BE
330
17
100
AcDbEntity
  8
CUT
100
AcDbLine
 10
369.72806944444443
 20
62.71019999999987
 30
0.0
 11
372.7287972222222
 21
62.71019999999987
 31
0.0
  0
LINE
  5
BF
330
17
100
AcDbEntity
  8
CUT
100
AcDbLine
 10
372.7287972222222
 20
169.61597777777774
 30
0.0
 11
369.72806944444443
 21
169.61597777777774
 31
0.0
  0
LINE
  5
C0
330
17
100
AcDbEntity
  8
CUT
100
AcDbLine
 10
338.6716305555555
 20
106.5615361111112
 30
0.0
 11
340.23478888888894
 21
106.66419444444432
 31
0.0
  0
LINE
  5
C1
330
17
100
AcDbEntity
  8
CUT
100
AcDbLine
 10
282.65016666666673
 20
6.5
 30
0.0
 11
292.6521222222222
 21
6.5
 31
0.0
  0
LINE
  5
C2
330
17
100
AcDbEntity
  8
CUT
100
AcDbLine
 10
369.72806944444443
 20
19.761975000000007
 30
0.0
 11
372.7287972222222
 21
19.761975000000007
 31
0.0
  0
LINE
  5
C3
330
17
100
AcDbEntity
  8
CUT
100
AcDbLine
 10
329.86382777777794
 20
88.70145555555558
 30
0.0
 11
329.17097222222225
 21
90.10656944444446
 31
0.0
  0
LINE
  5
C4
330
17
100
AcDbEntity
  8
CUT
100
AcDbLine
 10
340.23478888888894
 20
82.71375833333326
 30
0.0
 11
338.6716305555555
 21
82.81641666666667
 31
0.0
  0
LINE
  5
C5
330
17
100
AcDbEntity
  8
CUT
100
AcDbLine
 10
302.65407777777784
 20
6.5
 30
0.0
 11
330.7919861111111
 21
6.5
 31
0.0
  0
LINE
  5
C6
330
17
100
AcDbEntity
  8
CUT
100
AcDbLine
 10
292.6521222222222
 20
179.6179333333332
 30
0.0
 11
282.65016666666673
 21
179.6179333333332
 31
0.0
  0
LINE
  5
C7
330
17
100
AcDbEntity
  8
CUT
100
AcDbLine
 10
349.7245111111111
 20
179.6179333333332
 30
0.0
 11
302.65407777777784
 21
179.6179333333332
 31
0.0
  0
LINE
  5
C8
330
17
100
AcDbEntity
  8
CUT
100
AcDbLine
 10
329.17097222222225
 20
90.10656944444446
 30
0.0
 11
328.66755833333343
 21
91.58964722222208
 31
0.0
  0
LINE
  5
C9
330
17
100
AcDbEntity
  8
CUT
100
AcDbLine
 10
372.7287972222222
 20
72.71215555555557
 30
0.0
 11
369.72806944444443
 21
72.71215555555557
 31
0.0
  0
LINE
  5
CA
330
17
100
AcDbEntity
  8
CUT
100
AcDbLine
 10
328.36170000000004
 20
96.25195833333328
 30
0.0
 11
328.66755833333343
 21
97.78865833333339
 31
0.0
  0
LINE
  5
CB
330
17
100
AcDbEntity
  8
CUT
100
AcDbLine
 10
338.6716305555555
 20
82.81641666666667
 30
0.0
 11
337.13528333333335
 21
83.12192222222217
 31
0.0
  0
LINE
  5
CC
330
17
100
AcDbEntity
  8
CUT
100
AcDbLine
 10
372.7287972222222
 20
126.6681055555556
 30
0.0
 11
369.72806944444443
 21
126.6681055555556
 31
0.0
  0
LINE
  5
CD
330
17
100
AcDbEntity
  8
CUT
100
AcDbLine
 10
335.65185277777783
 20
105.75261666666665
 30
0.0
 11
337.13528333333335
 21
106.25603055555564
 31
0.0
  0
LINE
  5
CE
330
17
100
AcDbEntity
  8
CUT
100
AcDbLine
 10
333.8227
 20
13.471241666666685
 30
0.0
 11
336.5743666666666
 21
12.274972222222175
 31
0.0
  0
LINE
  5
CF
330
17
100
AcDbEntity
  8
CUT
100
AcDbLine
 10
328.36170000000004
 20
93.12599444444447
 30
0.0
 11
328.2593944444444
 21
94.68915277777785
 31
0.0
  0
LINE
  5
D0
330
17
100
AcDbEntity
  8
CUT
100
AcDbLine
 10
328.66755833333343
 20
97.78865833333339
 30
0.0
 11
329.17097222222225
 21
99.27173611111118
 31
0.0
  0
LINE
  5
D1
330
17
100
AcDbEntity
  8
CUT
100
AcDbLine
 10
330.7341305555555
 20
87.399
 30
0.0
 11
329.86382777777794
 21
88.70145555555558
 31
0.0
  0
LINE
  5
D2
330
17
100
AcDbEntity
  8
CUT
100
AcDbLine
 10
372.7287972222222
 20
62.71019999999987
 30
0.0
 11
372.7287972222222
 21
72.71215555555557
 31
0.0
  0
LINE
  5
D3
330
17
100
AcDbEntity
  8
CUT
100
AcDbLine
 10
372.7287972222222
 20
159.61402222222216
 30
0.0
 11
372.7287972222222
 21
169.61597777777774
 31
0.0
  0
LINE
  5
D4
330
17
100
AcDbEntity
  8
CUT
100
AcDbLine
 10
372.7287972222222
 20
19.761975000000007
 30
0.0
 11
372.7287972222222
 21
29.76393055555559
 31
0.0
  0
LINE
  5
D5
330
17
100
AcDbEntity
  8
CUT
100
AcDbLine
 10
372.7287972222222
 20
116.66615000000002
 30
0.0
 11
372.7287972222222
 21
126.6681055555556
 31
0.0
  0
LINE
  5
D6
330
17
100
AcDbEntity
  8
CUT
100
AcDbLine
 10
292.6521222222222
 20
176.61755833333336
 30
0.0
 11
292.6521222222222
 21
179.6179333333332
 31
0.0
  0
LINE
  5
D7
330
17
100
AcDbEntity
  8
CUT
100
AcDbLine
 10
292.6521222222222
 20
6.5
 30
0.0
 11
292.6521222222222
 21
9.500727777777797
 31
0.0
  0
LINE
  5
D8
330
17
100
AcDbEntity
  8
CUT
100
AcDbLine
 10
369.72806944444443
 20
169.61597777777774
 30
0.0
 11
369.72806944444443
 21
179.6179333333332
 31
0.0
  0
LINE
  5
D9
330
17
100
AcDbEntity
  8
CUT
100
AcDbLine
 10
369.72806944444443
 20
29.76393055555559
 30
0.0
 11
369.72806944444443
 21
62.71019999999987
 31
0.0
  0
LINE
  5
DA
330
17
100
AcDbEntity
  8
CUT
100
AcDbLine
 10
369.72806944444443
 20
72.71215555555557
 30
0.0
 11
369.72806944444443
 21
82.71375833333326
 31
0.0
  0
LINE
  5
DB
330
17
100
AcDbEntity
  8
CUT
100
AcDbLine
 10
369.72806944444443
 20
106.66419444444432
 30
0.0
 11
369.72806944444443
 21
116.66615000000002
 31
0.0
  0
LINE
  5
DC
330
17
100
AcDbEntity
  8
CUT
100
AcDbLine
 10
369.72806944444443
 20
126.6681055555556
 30
0.0
 11
369.72806944444443
 21
159.61402222222216
 31
0.0
  0
LINE
  5
DD
330
17
100
AcDbEntity
  8
CUT
100
AcDbLine
 10
369.72806944444443
 20
9.500727777777797
 30
0.0
 11
369.72806944444443
 21
19.761975000000007
 31
0.0
  0
LINE
  5
DE
330
17
100
AcDbEntity
  8
CUT
100
AcDbLine
 10
282.65016666666673
 20
179.6179333333332
 30
0.0
 11
282.65016666666673
 21
6.5
 31
0.0
  0
LINE
  5
DF
330
17
100
AcDbEntity
  8
CUT
100
AcDbLine
 10
302.65407777777784
 20
179.6179333333332
 30
0.0
 11
302.65407777777784
 21
176.61755833333336
 31
0.0
  0
LINE
  5
E0
330
17
100
AcDbEntity
  8
CUT
100
AcDbLine
 10
302.65407777777784
 20
9.500727777777797
 30
0.0
 11
302.65407777777784
 21
6.5
 31
0.0
  0
LINE
  5
E1
330
17
100
AcDbEntity
  8
CUT
100
AcDbLine
 10
349.7245111111111
 20
9.500727777777797
 30
0.0
 11
349.7245111111111
 21
6.5
 31
0.0
  0
LINE
  5
E2
330
17
100
AcDbEntity
  8
CUT
100
AcDbLine
 10
349.7245111111111
 20
176.61755833333336
 30
0.0
 11
349.7245111111111
 21
179.6179333333332
 31
0.0
  0
LINE
  5
E3
330
17
100
AcDbEntity
  8
CUT
100
AcDbLine
 10
359.72646666666674
 20
6.5
 30
0.0
 11
359.72646666666674
 21
9.500727777777797
 31
0.0
  0
LINE
  5
E4
330
17
100
AcDbEntity
  8
CUT
100
AcDbLine
 10
359.72646666666674
 20
179.6179333333332
 30
0.0
 11
359.72646666666674
 21
176.61755833333336
 31
0.0
  0
LINE
  5
E5
330
17
100
AcDbEntity
  8
CUT
100
AcDbLine
 10
359.2752638888889
 20
123.84023888888896
 30
0.0
 11
333.38948888888893
 21
123.84023888888896
 31
0.0
  0
LINE
  5
E6
330
17
100
AcDbEntity
  8
CUT
100
AcDbLine
 10
356.27488888888894
 20
141.89893333333328
 30
0.0
 11
359.2752638888889
 21
141.89893333333328
 31
0.0
  0
LINE
  5
E7
330
17
100
AcDbEntity
  8
CUT
100
AcDbLine
 10
333.38948888888893
 20
169.95993611111123
 30
0.0
 11
359.2752638888889
 21
169.95993611111123
 31
0.0
  0
LINE
  5
E8
330
17
100
AcDbEntity
  8
CUT
100
AcDbLine
 10
359.2752638888889
 20
151.9012416666667
 30
0.0
 11
356.27488888888894
 21
151.9012416666667
 31
0.0
  0
LINE
  5
E9
330
17
100
AcDbEntity
  8
CUT
100
AcDbLine
 10
322.7098472222222
 20
155.91514722222212
 30
0.0
 11
333.38948888888893
 21
169.95993611111123
 31
0.0
  0
LINE
  5
EA
330
17
100
AcDbEntity
  8
CUT
100
AcDbLine
 10
333.38948888888893
 20
123.84023888888896
 30
0.0
 11
322.7098472222222
 21
137.88502777777785
 31
0.0
  0
LINE
  5
EB
330
17
100
AcDbEntity
  8
CUT
100
AcDbLine
 10
359.2752638888889
 20
169.95993611111123
 30
0.0
 11
359.2752638888889
 21
151.9012416666667
 31
0.0
  0
LINE
  5
EC
330
17
100
AcDbEntity
  8
CUT
100
AcDbLine
 10
359.2752638888889
 20
141.89893333333328
 30
0.0
 11
359.2752638888889
 21
123.84023888888896
 31
0.0
  0
LINE
  5
ED
330
17
100
AcDbEntity
  8
CUT
100
AcDbLine
 10
356.27488888888894
 20
151.9012416666667
 30
0.0
 11
356.27488888888894
 21
141.89893333333328
 31
0.0
  0
LINE
  5
EE
330
17
100
AcDbEntity
  8
CUT
100
AcDbLine
 10
322.7098472222222
 20
137.88502777777785
 30
0.0
 11
322.7098472222222
 21
155.91514722222212
 31
0.0
  0
LINE
  5
EF
330
17
100
AcDbEntity
  8
CUT
100
AcDbLine
 10
311.22657777777795
 20
40.977677777777785
 30
0.0
 11
308.2262027777778
 21
40.977677777777785
 31
0.0
  0
LINE
  5
F0
330
17
100
AcDbEntity
  8
CUT
100
AcDbLine
 10
308.2262027777778
 20
43.97840555555558
 30
0.0
 11
311.22657777777795
 21
43.97840555555558
 31
0.0
  0
LINE
  5
F1
330
17
100
AcDbEntity
  8
CUT
100
AcDbLine
 10
293.3537972222222
 20
58.9813388888889
 30
0.0
 11
308.2262027777778
 21
58.9813388888889
 31
0.0
  0
LINE
  5
F2
330
17
100
AcDbEntity
  8
CUT
100
AcDbLine
 10
293.3537972222222
 20
40.977677777777785
 30
0.0
 11
290.3534222222223
 21
40.977677777777785
 31
0.0
  0
LINE
  5
F3
330
17
100
AcDbEntity
  8
CUT
100
AcDbLine
 10
290.3534222222223
 20
43.97840555555558
 30
0.0
 11
293.3537972222222
 21
43.97840555555558
 31
0.0
  0
LINE
  5
F4
330
17
100
AcDbEntity
  8
CUT
100
AcDbLine
 10
308.2262027777778
 20
25.974744444444468
 30
0.0
 11
293.3537972222222
 21
25.974744444444468
 31
0.0
  0
LINE
  5
F5
330
17
100
AcDbEntity
  8
CUT
100
AcDbLine
 10
293.3537972222222
 20
43.97840555555558
 30
0.0
 11
293.3537972222222
 21
58.9813388888889
 31
0.0
  0
LINE
  5
F6
330
17
100
AcDbEntity
  8
CUT
100
AcDbLine
 10
293.3537972222222
 20
25.974744444444468
 30
0.0
 11
293.3537972222222
 21
40.977677777777785
 31
0.0
  0
LINE
  5
F7
330
17
100
AcDbEntity
  8
CUT
100
AcDbLine
 10
311.22657777777795
 20
43.97840555555558
 30
0.0
 11
311.22657777777795
 21
40.977677777777785
 31
0.0
  0
LINE
  5
F8
330
17
100
AcDbEntity
  8
CUT
100
AcDbLine
 10
308.2262027777778
 20
58.9813388888889
 30
0.0
 11
308.2262027777778
 21
43.97840555555558
 31
0.0
  0
LINE
  5
F9
330
17
100
AcDbEntity
  8
CUT
100
AcDbLine
 10
308.2262027777778
 20
40.977677777777785
 30
0.0
 11
308.2262027777778
 21
25.974744444444468
 31
0.0
  0
LINE
  5
FA
330
17
100
AcDbEntity
  8
CUT
100
AcDbLine
 10
290.3534222222223
 20
40.977677777777785
 30
0.0
 11
290.3534222222223
 21
43.97840555555558
 31
0.0
  0
LINE
  5
FB
330
17
100
AcDbEntity
  8
CUT
100
AcDbLine
 10
308.2262027777778
 20
148.40027500000008
 30
0.0
 11
311.22657777777795
 21
148.40027500000008
 31
0.0
  0
LINE
  5
FC
330
17
100
AcDbEntity
  8
CUT
100
AcDbLine
 10
311.22657777777795
 20
145.3999
 30
0.0
 11
308.2262027777778
 21
145.3999
 31
0.0
  0
LINE
  5
FD
330
17
100
AcDbEntity
  8
CUT
100
AcDbLine
 10
293.3537972222222
 20
163.40320833333328
 30
0.0
 11
308.2262027777778
 21
163.40320833333328
 31
0.0
  0
LINE
  5
FE
330
17
100
AcDbEntity
  8
CUT
100
AcDbLine
 10
308.2262027777778
 20
130.39661388888896
 30
0.0
 11
293.3537972222222
 21
130.39661388888896
 31
0.0
  0
LINE
  5
FF
330
17
100
AcDbEntity
  8
CUT
100
AcDbLine
 10
290.3534222222223
 20
148.40027500000008
 30
0.0
 11
293.3537972222222
 21
148.40027500000008
 31
0.0
  0
LINE
  5
100
330
17
100
AcDbEntity
  8
CUT
100
AcDbLine
 10
293.3537972222222
 20
145.3999
 30
0.0
 11
290.3534222222223
 21
145.3999
 31
0.0
  0
LINE
  5
101
330
17
100
AcDbEntity
  8
CUT
100
AcDbLine
 10
293.3537972222222
 20
148.40027500000008
 30
0.0
 11
293.3537972222222
 21
163.40320833333328
 31
0.0
  0
LINE
  5
102
330
17
100
AcDbEntity
  8
CUT
100
AcDbLine
 10
293.3537972222222
 20
130.39661388888896
 30
0.0
 11
293.3537972222222
 21
145.3999
 31
0.0
  0
LINE
  5
103
330
17
100
AcDbEntity
  8
CUT
100
AcDbLine
 10
311.22657777777795
 20
148.40027500000008
 30
0.0
 11
311.22657777777795
 21
145.3999
 31
0.0
  0
LINE
  5
104
330
17
100
AcDbEntity
  8
CUT
100
AcDbLine
 10
308.2262027777778
 20
163.40320833333328
 30
0.0
 11
308.2262027777778
 21
148.40027500000008
 31
0.0
  0
LINE
  5
105
330
17
100
AcDbEntity
  8
CUT
100
AcDbLine
 10
308.2262027777778
 20
145.3999
 30
0.0
 11
308.2262027777778
 21
130.39661388888896
 31
0.0
  0
LINE
  5
106
330
17
100
AcDbEntity
  8
CUT
100
AcDbLine
 10
290.3534222222223
 20
145.3999
 30
0.0
 11
290.3534222222223
 21
148.40027500000008
 31
0.0
  0
LINE
  5
107
330
17
100
AcDbEntity
  8
CUT
100
AcDbLine
 10
322.7098472222222
 20
51.49327777777779
 30
0.0
 11
333.38948888888893
 21
65.53806666666668
 31
0.0
  0
LINE
  5
108
330
17
100
AcDbEntity
  8
CUT
100
AcDbLine
 10
333.38948888888893
 20
19.418016666666688
 30
0.0
 11
322.7098472222222
 21
33.462805555555576
 31
0.0
  0
LINE
  5
109
330
17
100
AcDbEntity
  8
CUT
100
AcDbLine
 10
356.27488888888894
 20
37.47706388888889
 30
0.0
 11
359.2752638888889
 21
37.47706388888889
 31
0.0
  0
LINE
  5
10A
330
17
100
AcDbEntity
  8
CUT
100
AcDbLine
 10
359.2752638888889
 20
19.418016666666688
 30
0.0
 11
333.38948888888893
 21
19.418016666666688
 31
0.0
  0
LINE
  5
10B
330
17
100
AcDbEntity
  8
CUT
100
AcDbLine
 10
333.38948888888893
 20
65.53806666666668
 30
0.0
 11
359.2752638888889
 21
65.53806666666668
 31
0.0
  0
LINE
  5
10C
330
17
100
AcDbEntity
  8
CUT
100
AcDbLine
 10
359.2752638888889
 20
47.479019444444475
 30
0.0
 11
356.27488888888894
 21
47.479019444444475
 31
0.0
  0
LINE
  5
10D
330
17
100
AcDbEntity
  8
CUT
100
AcDbLine
 10
359.2752638888889
 20
65.53806666666668
 30
0.0
 11
359.2752638888889
 21
47.479019444444475
 31
0.0
  0
LINE
  5
10E
330
17
100
AcDbEntity
  8
CUT
100
AcDbLine
 10
359.2752638888889
 20
37.47706388888889
 30
0.0
 11
359.2752638888889
 21
19.418016666666688
 31
0.0
  0
LINE
  5
10F
330
17
100
AcDbEntity
  8
CUT
100
AcDbLine
 10
356.27488888888894
 20
47.479019444444475
 30
0.0
 11
356.27488888888894
 21
37.47706388888889
 31
0.0
  0
LINE
  5
110
330
17
100
AcDbEntity
  8
CUT
100
AcDbLine
 10
322.7098472222222
 20
33.462805555555576
 30
0.0
 11
322.7098472222222
 21
51.49327777777779
 31
0.0
  0
CIRCLE
  5
111
330
17
100
AcDbEntity
  8
CUT
100
AcDbCircle
 10
320.32864958007315
 20
94.68915277777785
 30
0.0
 40
2.499999999999993
  0
LINE
  5
112
330
17
100
AcDbEntity
  8
ENGRAVE
100
AcDbLine
 10
306.781484450211
 20
105.97117826326689
 30
0.0
 11
306.781484450211
 21
108.77113553865752
 31
0.0
  0
LINE
  5
113
330
17
100
AcDbEntity
  8
ENGRAVE
100
AcDbLine
 10
306.781484450211
 20
108.77113553865752
 30
0.0
 11
305.3815058125157
 21
109.47112485750517
 31
0.0
  0
LINE
  5
114
330
17
100
AcDbEntity
  8
ENGRAVE
100
AcDbLine
 10
305.3815058125157
 20
109.47112485750517
 30
0.0
 11
301.18156989942975
 21
109.47112485750517
 31
0.0
  0
LINE
  5
115
330
17
100
AcDbEntity
  8
ENGRAVE
100
AcDbLine
 10
301.18156989942975
 20
109.47112485750517
 30
0.0
 11
299.78159126173443
 21
108.77113553865752
 31
0.0
  0
LINE
  5
116
330
17
100
AcDbEntity
  8
ENGRAVE
100
AcDbLine
 10
299.78159126173443
 20
108.77113553865752
 30
0.0
 11
299.78159126173443
 21
105.97117826326689
 31
0.0
  0
LINE
  5
117
330
17
100
AcDbEntity
  8
ENGRAVE
100
AcDbLine
 10
299.78159126173443
 20
105.97117826326689
 30
0.0
 11
301.18156989942975
 21
105.27118894441924
 31
0.0
  0
LINE
  5
118
330
17
100
AcDbEntity
  8
ENGRAVE
100
AcDbLine
 10
301.18156989942975
 20
105.27118894441924
 30
0.0
 11
305.3815058125157
 21
105.27118894441924
 31
0.0
  0
LINE
  5
119
330
17
100
AcDbEntity
  8
ENGRAVE
100
AcDbLine
 10
305.3815058125157
 20
105.27118894441924
 30
0.0
 11
306.781484450211
 21
105.97117826326689
 31
0.0
  0
LINE
  5
11A
330
17
100
AcDbEntity
  8
ENGRAVE
100
AcDbLine
 10
299.78159126173443
 20
114.37105008943877
 30
0.0
 11
299.78159126173443
 21
112.2710821328958
 31
0.0
  0
LINE
  5
11B
330
17
100
AcDbEntity
  8
ENGRAVE
100
AcDbLine
 10
299.78159126173443
 20
112.2710821328958
 30
0.0
 11
301.8815592182774
 21
110.87110349520049
 31
0.0
  0
LINE
  5
11C
330
17
100
AcDbEntity
  8
ENGRAVE
100
AcDbLine
 10
301.8815592182774
 20
110.87110349520049
 30
0.0
 11
305.3815058125157
 21
110.87110349520049
 31
0.0
  0
LINE
  5
11D
330
17
100
AcDbEntity
  8
ENGRAVE
100
AcDbLine
 10
305.3815058125157
 20
110.87110349520049
 30
0.0
 11
306.781484450211
 21
111.57109281404814
 31
0.0
  0
LINE
  5
11E
330
17
100
AcDbEntity
  8
ENGRAVE
100
AcDbLine
 10
306.781484450211
 20
111.57109281404814
 30
0.0
 11
306.781484450211
 21
114.37105008943877
 31
0.0
  0
LINE
  5
11F
330
17
100
AcDbEntity
  8
ENGRAVE
100
AcDbLine
 10
306.781484450211
 20
114.37105008943877
 30
0.0
 11
305.3815058125157
 21
115.07103940828642
 31
0.0
  0
LINE
  5
120
330
17
100
AcDbEntity
  8
ENGRAVE
100
AcDbLine
 10
305.3815058125157
 20
115.07103940828642
 30
0.0
 11
304.3315218342442
 21
115.07103940828642
 31
0.0
  0
LINE
  5
121
330
17
100
AcDbEntity
  8
ENGRAVE
100
AcDbLine
 10
304.3315218342442
 20
115.07103940828642
 30
0.0
 11
303.2815378559727
 21
114.37105008943877
 31
0.0
  0
LINE
  5
122
330
17
100
AcDbEntity
  8
ENGRAVE
100
AcDbLine
 10
303.2815378559727
 20
114.37105008943877
 30
0.0
 11
303.2815378559727
 21
111.57109281404814
 31
0.0
  0
LINE
  5
123
330
17
100
AcDbEntity
  8
ENGRAVE
100
AcDbLine
 10
303.2815378559727
 20
111.57109281404814
 30
0.0
 11
304.3315218342442
 21
110.87110349520049
 31
0.0
  0
LINE
  5
124
330
17
100
AcDbEntity
  8
CUT
100
AcDbLine
 10
99.29182222222232
 20
176.36776944444455
 30
0.0
 11
99.29182222222232
 21
166.3658138888889
 31
0.0
  0
LINE
  5
125
330
17
100
AcDbEntity
  8
CUT
100
AcDbLine
 10
174.10928611111132
 20
134.77280000000013
 30
0.0
 11
174.97958888888888
 21
136.0752555555556
 31
0.0
  0
LINE
  5
126
330
17
100
AcDbEntity
  8
CUT
100
AcDbLine
 10
269.40902777777774
 20
99.29182222222232
 30
0.0
 11
269.40902777777774
 21
109.29342500000004
 31
0.0
  0
LINE
  5
127
330
17
100
AcDbEntity
  8
CUT
100
AcDbLine
 10
196.04712500000016
 20
131.8846083333334
 30
0.0
 11
196.35263055555572
 21
130.34826111111124
 31
0.0
  0
LINE
  5
128
330
17
100
AcDbEntity
  8
CUT
100
AcDbLine
 10
196.45528888888884
 20
128.7851027777778
 30
0.0
 11
196.45528888888884
 21
99.29182222222232
 31
0.0
  0
LINE
  5
129
330
17
100
AcDbEntity
  8
CUT
100
AcDbLine
 10
174.97958888888888
 20
136.0752555555556
 30
0.0
 11
176.0125222222223
 21
137.25318055555562
 31
0.0
  0
LINE
  5
12A
330
17
100
AcDbEntity
  8
CUT
100
AcDbLine
 10
176.0125222222223
 20
137.25318055555562
 30
0.0
 11
177.19009444444453
 21
138.28576111111124
 31
0.0
  0
LINE
  5
12B
330
17
100
AcDbEntity
  8
CUT
100
AcDbLine
 10
194.85085555555565
 20
134.77280000000013
 30
0.0
 11
195.54371111111118
 21
133.36803888888892
 31
0.0
  0
LINE
  5
12C
330
17
100
AcDbEntity
  8
CUT
100
AcDbLine
 10
119.55502500000011
 20
96.29109444444452
 30
0.0
 11
119.55502500000011
 21
99.29182222222232
 31
0.0
  0
LINE
  5
12D
330
17
100
AcDbEntity
  8
CUT
100
AcDbLine
 10
181.3807416666666
 20
140.35233333333332
 30
0.0
 11
182.917088888889
 21
140.6581916666667
 31
0.0
  0
LINE
  5
12E
330
17
100
AcDbEntity
  8
CUT
100
AcDbLine
 10
190.46759166666664
 20
139.1560638888888
 30
0.0
 11
191.7700472222224
 21
138.28576111111124
 31
0.0
  0
LINE
  5
12F
330
17
100
AcDbEntity
  8
CUT
100
AcDbLine
 10
172.50485277777778
 20
99.29182222222232
 30
0.0
 11
172.50485277777778
 21
128.7851027777778
 31
0.0
  0
LINE
  5
130
330
17
100
AcDbEntity
  8
CUT
100
AcDbLine
 10
99.29182222222232
 20
133.65167222222232
 30
0.0
 11
99.29182222222232
 21
119.29538055555565
 31
0.0
  0
LINE
  5
131
330
17
100
AcDbEntity
  8
CUT
100
AcDbLine
 10
172.9130166666667
 20
131.8846083333334
 30
0.0
 11
173.41643055555562
 21
133.36803888888892
 31
0.0
  0
LINE
  5
132
330
17
100
AcDbEntity
  8
CUT
100
AcDbLine
 10
96.29109444444452
 20
138.22790555555565
 30
0.0
 11
103.26233611111121
 21
135.19719166666675
 31
0.0
  0
LINE
  5
133
330
17
100
AcDbEntity
  8
CUT
100
AcDbLine
 10
206.45724444444454
 20
99.29182222222232
 30
0.0
 11
206.45724444444454
 21
96.29109444444452
 31
0.0
  0
LINE
  5
134
330
17
100
AcDbEntity
  8
CUT
100
AcDbLine
 10
192.94797222222235
 20
137.25318055555562
 30
0.0
 11
193.9805527777778
 21
136.0752555555556
 31
0.0
  0
LINE
  5
135
330
17
100
AcDbEntity
  8
CUT
100
AcDbLine
 10
193.9805527777778
 20
136.0752555555556
 30
0.0
 11
194.85085555555565
 21
134.77280000000013
 31
0.0
  0
LINE
  5
136
330
17
100
AcDbEntity
  8
CUT
100
AcDbLine
 10
191.7700472222224
 20
138.28576111111124
 30
0.0
 11
192.94797222222235
 21
137.25318055555562
 31
0.0
  0
LINE
  5
137
330
17
100
AcDbEntity
  8
CUT
100
AcDbLine
 10
102.0660666666667
 20
132.44552500000015
 30
0.0
 11
99.29182222222232
 21
133.65167222222232
 31
0.0
  0
LINE
  5
138
330
17
100
AcDbEntity
  8
CUT
100
AcDbLine
 10
249.4051166666667
 20
99.29182222222232
 30
0.0
 11
249.4051166666667
 21
96.29109444444452
 31
0.0
  0
LINE
  5
139
330
17
100
AcDbEntity
  8
CUT
100
AcDbLine
 10
189.0628305555557
 20
139.8489194444445
 30
0.0
 11
190.46759166666664
 21
139.1560638888888
 31
0.0
  0
LINE
  5
13A
330
17
100
AcDbEntity
  8
CUT
100
AcDbLine
 10
184.48024722222237
 20
140.76049722222234
 30
0.0
 11
186.0430527777778
 21
140.6581916666667
 31
0.0
  0
LINE
  5
13B
330
17
100
AcDbEntity
  8
CUT
100
AcDbLine
 10
96.29109444444452
 20
119.29538055555565
 30
0.0
 11
96.29109444444452
 21
109.29342500000004
 31
0.0
  0
LINE
  5
13C
330
17
100
AcDbEntity
  8
CUT
100
AcDbLine
 10
99.29182222222232
 20
109.29342500000004
 30
0.0
 11
99.29182222222232
 21
99.29182222222232
 31
0.0
  0
LINE
  5
13D
330
17
100
AcDbEntity
  8
CUT
100
AcDbLine
 10
266.4086527777779
 20
166.3658138888889
 30
0.0
 11
266.4086527777779
 21
176.36776944444455
 31
0.0
  0
LINE
  5
13E
330
17
100
AcDbEntity
  8
CUT
100
AcDbLine
 10
266.4086527777779
 20
109.29342500000004
 30
0.0
 11
266.4086527777779
 21
119.29538055555565
 31
0.0
  0
LINE
  5
13F
330
17
100
AcDbEntity
  8
CUT
100
AcDbLine
 10
173.41643055555562
 20
133.36803888888892
 30
0.0
 11
174.10928611111132
 21
134.77280000000013
 31
0.0
  0
LINE
  5
140
330
17
100
AcDbEntity
  8
CUT
100
AcDbLine
 10
152.5012944444444
 20
99.29182222222232
 30
0.0
 11
152.5012944444444
 21
96.29109444444452
 31
0.0
  0
LINE
  5
141
330
17
100
AcDbEntity
  8
CUT
100
AcDbLine
 10
259.40707222222227
 20
96.29109444444452
 30
0.0
 11
259.40707222222227
 21
99.29182222222232
 31
0.0
  0
LINE
  5
142
330
17
100
AcDbEntity
  8
CUT
100
AcDbLine
 10
196.35263055555572
 20
130.34826111111124
 30
0.0
 11
196.45528888888884
 21
128.7851027777778
 31
0.0
  0
LINE
  5
143
330
17
100
AcDbEntity
  8
CUT
100
AcDbLine
 10
96.29109444444452
 20
186.36972500000002
 30
0.0
 11
96.29109444444452
 21
176.36776944444455
 31
0.0
  0
LINE
  5
144
330
17
100
AcDbEntity
  8
CUT
100
AcDbLine
 10
109.55306944444453
 20
99.29182222222232
 30
0.0
 11
109.55306944444453
 21
96.29109444444452
 31
0.0
  0
LINE
  5
145
330
17
100
AcDbEntity
  8
CUT
100
AcDbLine
 10
178.4925500000001
 20
139.1560638888888
 30
0.0
 11
179.89766388888899
 21
139.8489194444445
 31
0.0
  0
LINE
  5
146
330
17
100
AcDbEntity
  8
CUT
100
AcDbLine
 10
172.50485277777778
 20
128.7851027777778
 30
0.0
 11
172.6075111111112
 21
130.34826111111124
 31
0.0
  0
LINE
  5
147
330
17
100
AcDbEntity
  8
CUT
100
AcDbLine
 10
96.29109444444452
 20
166.3658138888889
 30
0.0
 11
96.29109444444452
 21
138.22790555555565
 31
0.0
  0
LINE
  5
148
330
17
100
AcDbEntity
  8
CUT
100
AcDbLine
 10
269.40902777777774
 20
176.36776944444455
 30
0.0
 11
269.40902777777774
 21
186.36972500000002
 31
0.0
  0
LINE
  5
149
330
17
100
AcDbEntity
  8
CUT
100
AcDbLine
 10
269.40902777777774
 20
119.29538055555565
 30
0.0
 11
269.40902777777774
 21
166.3658138888889
 31
0.0
  0
LINE
  5
14A
330
17
100
AcDbEntity
  8
CUT
100
AcDbLine
 10
179.89766388888899
 20
139.8489194444445
 30
0.0
 11
181.3807416666666
 21
140.35233333333332
 31
0.0
  0
LINE
  5
14B
330
17
100
AcDbEntity
  8
CUT
100
AcDbLine
 10
162.5032500000001
 20
96.29109444444452
 30
0.0
 11
162.5032500000001
 21
99.29182222222232
 31
0.0
  0
LINE
  5
14C
330
17
100
AcDbEntity
  8
CUT
100
AcDbLine
 10
186.0430527777778
 20
140.6581916666667
 30
0.0
 11
187.5797527777779
 21
140.35233333333332
 31
0.0
  0
LINE
  5
14D
330
17
100
AcDbEntity
  8
CUT
100
AcDbLine
 10
172.6075111111112
 20
130.34826111111124
 30
0.0
 11
172.9130166666667
 21
131.8846083333334
 31
0.0
  0
LINE
  5
14E
330
17
100
AcDbEntity
  8
CUT
100
AcDbLine
 10
216.45920000000012
 20
96.29109444444452
 30
0.0
 11
216.45920000000012
 21
99.29182222222232
 31
0.0
  0
LINE
  5
14F
330
17
100
AcDbEntity
  8
CUT
100
AcDbLine
 10
195.54371111111118
 20
133.36803888888892
 30
0.0
 11
196.04712500000016
 21
131.8846083333334
 31
0.0
  0
LINE
  5
150
330
17
100
AcDbEntity
  8
CUT
100
AcDbLine
 10
103.26233611111121
 20
135.19719166666675
 30
0.0
 11
102.0660666666667
 21
132.44552500000015
 31
0.0
  0
LINE
  5
151
330
17
100
AcDbEntity
  8
CUT
100
AcDbLine
 10
182.917088888889
 20
140.6581916666667
 30
0.0
 11
184.48024722222237
 21
140.76049722222234
 31
0.0
  0
LINE
  5
152
330
17
100
AcDbEntity
  8
CUT
100
AcDbLine
 10
187.5797527777779
 20
140.35233333333332
 30
0.0
 11
189.0628305555557
 21
139.8489194444445
 31
0.0
  0
LINE
  5
153
330
17
100
AcDbEntity
  8
CUT
100
AcDbLine
 10
177.19009444444453
 20
138.28576111111124
 30
0.0
 11
178.4925500000001
 21
139.1560638888888
 31
0.0
  0
LINE
  5
154
330
17
100
AcDbEntity
  8
CUT
100
AcDbLine
 10
152.5012944444444
 20
96.29109444444452
 30
0.0
 11
162.5032500000001
 21
96.29109444444452
 31
0.0
  0
LINE
  5
155
330
17
100
AcDbEntity
  8
CUT
100
AcDbLine
 10
249.4051166666667
 20
96.29109444444452
 30
0.0
 11
259.40707222222227
 21
96.29109444444452
 31
0.0
  0
LINE
  5
156
330
17
100
AcDbEntity
  8
CUT
100
AcDbLine
 10
109.55306944444453
 20
96.29109444444452
 30
0.0
 11
119.55502500000011
 21
96.29109444444452
 31
0.0
  0
LINE
  5
157
330
17
100
AcDbEntity
  8
CUT
100
AcDbLine
 10
206.45724444444454
 20
96.29109444444452
 30
0.0
 11
216.45920000000012
 21
96.29109444444452
 31
0.0
  0
LINE
  5
158
330
17
100
AcDbEntity
  8
CUT
100
AcDbLine
 10
266.4086527777779
 20
176.36776944444455
 30
0.0
 11
269.40902777777774
 21
176.36776944444455
 31
0.0
  0
LINE
  5
159
330
17
100
AcDbEntity
  8
CUT
100
AcDbLine
 10
96.29109444444452
 20
176.36776944444455
 30
0.0
 11
99.29182222222232
 21
176.36776944444455
 31
0.0
  0
LINE
  5
15A
330
17
100
AcDbEntity
  8
CUT
100
AcDbLine
 10
259.40707222222227
 20
99.29182222222232
 30
0.0
 11
269.40902777777774
 21
99.29182222222232
 31
0.0
  0
LINE
  5
15B
330
17
100
AcDbEntity
  8
CUT
100
AcDbLine
 10
119.55502500000011
 20
99.29182222222232
 30
0.0
 11
152.5012944444444
 21
99.29182222222232
 31
0.0
  0
LINE
  5
15C
330
17
100
AcDbEntity
  8
CUT
100
AcDbLine
 10
162.5032500000001
 20
99.29182222222232
 30
0.0
 11
172.50485277777778
 21
99.29182222222232
 31
0.0
  0
LINE
  5
15D
330
17
100
AcDbEntity
  8
CUT
100
AcDbLine
 10
196.45528888888884
 20
99.29182222222232
 30
0.0
 11
206.45724444444454
 21
99.29182222222232
 31
0.0
  0
LINE
  5
15E
330
17
100
AcDbEntity
  8
CUT
100
AcDbLine
 10
216.45920000000012
 20
99.29182222222232
 30
0.0
 11
249.4051166666667
 21
99.29182222222232
 31
0.0
  0
LINE
  5
15F
330
17
100
AcDbEntity
  8
CUT
100
AcDbLine
 10
99.29182222222232
 20
99.29182222222232
 30
0.0
 11
109.55306944444453
 21
99.29182222222232
 31
0.0
  0
LINE
  5
160
330
17
100
AcDbEntity
  8
CUT
100
AcDbLine
 10
269.40902777777774
 20
186.36972500000002
 30
0.0
 11
96.29109444444452
 21
186.36972500000002
 31
0.0
  0
LINE
  5
161
330
17
100
AcDbEntity
  8
CUT
100
AcDbLine
 10
269.40902777777774
 20
166.3658138888889
 30
0.0
 11
266.4086527777779
 21
166.3658138888889
 31
0.0
  0
LINE
  5
162
330
17
100
AcDbEntity
  8
CUT
100
AcDbLine
 10
99.29182222222232
 20
166.3658138888889
 30
0.0
 11
96.29109444444452
 21
166.3658138888889
 31
0.0
  0
LINE
  5
163
330
17
100
AcDbEntity
  8
CUT
100
AcDbLine
 10
99.29182222222232
 20
119.29538055555565
 30
0.0
 11
96.29109444444452
 21
119.29538055555565
 31
0.0
  0
LINE
  5
164
330
17
100
AcDbEntity
  8
CUT
100
AcDbLine
 10
266.4086527777779
 20
119.29538055555565
 30
0.0
 11
269.40902777777774
 21
119.29538055555565
 31
0.0
  0
LINE
  5
165
330
17
100
AcDbEntity
  8
CUT
100
AcDbLine
 10
96.29109444444452
 20
109.29342500000004
 30
0.0
 11
99.29182222222232
 21
109.29342500000004
 31
0.0
  0
LINE
  5
166
330
17
100
AcDbEntity
  8
CUT
100
AcDbLine
 10
269.40902777777774
 20
109.29342500000004
 30
0.0
 11
266.4086527777779
 21
109.29342500000004
 31
0.0
  0
LINE
  5
167
330
17
100
AcDbEntity
  8
CUT
100
AcDbLine
 10
213.6313333333335
 20
109.74462777777785
 30
0.0
 11
213.6313333333335
 21
135.63040277777782
 31
0.0
  0
LINE
  5
168
330
17
100
AcDbEntity
  8
CUT
100
AcDbLine
 10
231.6900277777778
 20
112.74500277777781
 30
0.0
 11
231.6900277777778
 21
109.74462777777785
 31
0.0
  0
LINE
  5
169
330
17
100
AcDbEntity
  8
CUT
100
AcDbLine
 10
259.75103055555576
 20
135.63040277777782
 30
0.0
 11
259.75103055555576
 21
109.74462777777785
 31
0.0
  0
LINE
  5
16A
330
17
100
AcDbEntity
  8
CUT
100
AcDbLine
 10
241.69233611111122
 20
109.74462777777785
 30
0.0
 11
241.69233611111122
 21
112.74500277777781
 31
0.0
  0
LINE
  5
16B
330
17
100
AcDbEntity
  8
CUT
100
AcDbLine
 10
245.70624166666664
 20
146.31004444444454
 30
0.0
 11
259.75103055555576
 21
135.63040277777782
 31
0.0
  0
LINE
  5
16C
330
17
100
AcDbEntity
  8
CUT
100
AcDbLine
 10
213.6313333333335
 20
135.63040277777782
 30
0.0
 11
227.67612222222238
 21
146.31004444444454
 31
0.0
  0
LINE
  5
16D
330
17
100
AcDbEntity
  8
CUT
100
AcDbLine
 10
259.75103055555576
 20
109.74462777777785
 30
0.0
 11
241.69233611111122
 21
109.74462777777785
 31
0.0
  0
LINE
  5
16E
330
17
100
AcDbEntity
  8
CUT
100
AcDbLine
 10
231.6900277777778
 20
109.74462777777785
 30
0.0
 11
213.6313333333335
 21
109.74462777777785
 31
0.0
  0
LINE
  5
16F
330
17
100
AcDbEntity
  8
CUT
100
AcDbLine
 10
241.69233611111122
 20
112.74500277777781
 30
0.0
 11
231.6900277777778
 21
112.74500277777781
 31
0.0
  0
LINE
  5
170
330
17
100
AcDbEntity
  8
CUT
100
AcDbLine
 10
227.67612222222238
 20
146.31004444444454
 30
0.0
 11
245.70624166666664
 21
146.31004444444454
 31
0.0
  0
LINE
  5
171
330
17
100
AcDbEntity
  8
CUT
100
AcDbLine
 10
130.7687722222223
 20
157.7933138888888
 30
0.0
 11
130.7687722222223
 21
160.79368888888894
 31
0.0
  0
LINE
  5
172
330
17
100
AcDbEntity
  8
CUT
100
AcDbLine
 10
133.7695000000001
 20
160.79368888888894
 30
0.0
 11
133.7695000000001
 21
157.7933138888888
 31
0.0
  0
LINE
  5
173
330
17
100
AcDbEntity
  8
CUT
100
AcDbLine
 10
148.77243333333342
 20
175.66609444444452
 30
0.0
 11
148.77243333333342
 21
160.79368888888894
 31
0.0
  0
LINE
  5
174
330
17
100
AcDbEntity
  8
CUT
100
AcDbLine
 10
130.7687722222223
 20
175.66609444444452
 30
0.0
 11
130.7687722222223
 21
178.66646944444443
 31
0.0
  0
LINE
  5
175
330
17
100
AcDbEntity
  8
CUT
100
AcDbLine
 10
133.7695000000001
 20
178.66646944444443
 30
0.0
 11
133.7695000000001
 21
175.66609444444452
 31
0.0
  0
LINE
  5
176
330
17
100
AcDbEntity
  8
CUT
100
AcDbLine
 10
115.765838888889
 20
160.79368888888894
 30
0.0
 11
115.765838888889
 21
175.66609444444452
 31
0.0
  0
LINE
  5
177
330
17
100
AcDbEntity
  8
CUT
100
AcDbLine
 10
133.7695000000001
 20
175.66609444444452
 30
0.0
 11
148.77243333333342
 21
175.66609444444452
 31
0.0
  0
LINE
  5
178
330
17
100
AcDbEntity
  8
CUT
100
AcDbLine
 10
115.765838888889
 20
175.66609444444452
 30
0.0
 11
130.7687722222223
 21
175.66609444444452
 31
0.0
  0
LINE
  5
179
330
17
100
AcDbEntity
  8
CUT
100
AcDbLine
 10
133.7695000000001
 20
157.7933138888888
 30
0.0
 11
130.7687722222223
 21
157.7933138888888
 31
0.0
  0
LINE
  5
17A
330
17
100
AcDbEntity
  8
CUT
100
AcDbLine
 10
148.77243333333342
 20
160.79368888888894
 30
0.0
 11
133.7695000000001
 21
160.79368888888894
 31
0.0
  0
LINE
  5
17B
330
17
100
AcDbEntity
  8
CUT
100
AcDbLine
 10
130.7687722222223
 20
160.79368888888894
 30
0.0
 11
115.765838888889
 21
160.79368888888894
 31
0.0
  0
LINE
  5
17C
330
17
100
AcDbEntity
  8
CUT
100
AcDbLine
 10
130.7687722222223
 20
178.66646944444443
 30
0.0
 11
133.7695000000001
 21
178.66646944444443
 31
0.0
  0
LINE
  5
17D
330
17
100
AcDbEntity
  8
CUT
100
AcDbLine
 10
238.1913694444446
 20
160.79368888888894
 30
0.0
 11
238.1913694444446
 21
157.7933138888888
 31
0.0
  0
LINE
  5
17E
330
17
100
AcDbEntity
  8
CUT
100
AcDbLine
 10
235.19099444444453
 20
157.7933138888888
 30
0.0
 11
235.19099444444453
 21
160.79368888888894
 31
0.0
  0
LINE
  5
17F
330
17
100
AcDbEntity
  8
CUT
100
AcDbLine
 10
253.1943027777778
 20
175.66609444444452
 30
0.0
 11
253.1943027777778
 21
160.79368888888894
 31
0.0
  0
LINE
  5
180
330
17
100
AcDbEntity
  8
CUT
100
AcDbLine
 10
220.1877083333335
 20
160.79368888888894
 30
0.0
 11
220.1877083333335
 21
175.66609444444452
 31
0.0
  0
LINE
  5
181
330
17
100
AcDbEntity
  8
CUT
100
AcDbLine
 10
238.1913694444446
 20
178.66646944444443
 30
0.0
 11
238.1913694444446
 21
175.66609444444452
 31
0.0
  0
LINE
  5
182
330
17
100
AcDbEntity
  8
CUT
100
AcDbLine
 10
235.19099444444453
 20
175.66609444444452
 30
0.0
 11
235.19099444444453
 21
178.66646944444443
 31
0.0
  0
LINE
  5
183
330
17
100
AcDbEntity
  8
CUT
100
AcDbLine
 10
238.1913694444446
 20
175.66609444444452
 30
0.0
 11
253.1943027777778
 21
175.66609444444452
 31
0.0
  0
LINE
  5
184
330
17
100
AcDbEntity
  8
CUT
100
AcDbLine
 10
220.1877083333335
 20
175.66609444444452
 30
0.0
 11
235.19099444444453
 21
175.66609444444452
 31
0.0
  0
LINE
  5
185
330
17
100
AcDbEntity
  8
CUT
100
AcDbLine
 10
238.1913694444446
 20
157.7933138888888
 30
0.0
 11
235.19099444444453
 21
157.7933138888888
 31
0.0
  0
LINE
  5
186
330
17
100
AcDbEntity
  8
CUT
100
AcDbLine
 10
253.1943027777778
 20
160.79368888888894
 30
0.0
 11
238.1913694444446
 21
160.79368888888894
 31
0.0
  0
LINE
  5
187
330
17
100
AcDbEntity
  8
CUT
100
AcDbLine
 10
235.19099444444453
 20
160.79368888888894
 30
0.0
 11
220.1877083333335
 21
160.79368888888894
 31
0.0
  0
LINE
  5
188
330
17
100
AcDbEntity
  8
CUT
100
AcDbLine
 10
235.19099444444453
 20
178.66646944444443
 30
0.0
 11
238.1913694444446
 21
178.66646944444443
 31
0.0
  0
LINE
  5
189
330
17
100
AcDbEntity
  8
CUT
100
AcDbLine
 10
141.28437222222232
 20
146.31004444444454
 30
0.0
 11
155.3291611111112
 21
135.63040277777782
 31
0.0
  0
LINE
  5
18A
330
17
100
AcDbEntity
  8
CUT
100
AcDbLine
 10
109.20911111111121
 20
135.63040277777782
 30
0.0
 11
123.2539000000001
 21
146.31004444444454
 31
0.0
  0
LINE
  5
18B
330
17
100
AcDbEntity
  8
CUT
100
AcDbLine
 10
127.26815833333342
 20
112.74500277777781
 30
0.0
 11
127.26815833333342
 21
109.74462777777785
 31
0.0
  0
LINE
  5
18C
330
17
100
AcDbEntity
  8
CUT
100
AcDbLine
 10
109.20911111111121
 20
109.74462777777785
 30
0.0
 11
109.20911111111121
 21
135.63040277777782
 31
0.0
  0
LINE
  5
18D
330
17
100
AcDbEntity
  8
CUT
100
AcDbLine
 10
155.3291611111112
 20
135.63040277777782
 30
0.0
 11
155.3291611111112
 21
109.74462777777785
 31
0.0
  0
LINE
  5
18E
330
17
100
AcDbEntity
  8
CUT
100
AcDbLine
 10
137.270113888889
 20
109.74462777777785
 30
0.0
 11
137.270113888889
 21
112.74500277777781
 31
0.0
  0
LINE
  5
18F
330
17
100
AcDbEntity
  8
CUT
100
AcDbLine
 10
155.3291611111112
 20
109.74462777777785
 30
0.0
 11
137.270113888889
 21
109.74462777777785
 31
0.0
  0
LINE
  5
190
330
17
100
AcDbEntity
  8
CUT
100
AcDbLine
 10
127.26815833333342
 20
109.74462777777785
 30
0.0
 11
109.20911111111121
 21
109.74462777777785
 31
0.0
  0
LINE
  5
191
330
17
100
AcDbEntity
  8
CUT
100
AcDbLine
 10
137.270113888889
 20
112.74500277777781
 30
0.0
 11
127.26815833333342
 21
112.74500277777781
 31
0.0
  0
LINE
  5
192
330
17
100
AcDbEntity
  8
CUT
100
AcDbLine
 10
123.2539000000001
 20
146.31004444444454
 30
0.0
 11
141.28437222222232
 21
146.31004444444454
 31
0.0
  0
CIRCLE
  5
193
330
17
100
AcDbEntity
  8
CUT
100
AcDbCircle
 10
184.48024722222237
 20
148.6912420865936
 30
0.0
 40
2.499999999999993
  0
LINE
  5
194
330
17
100
AcDbEntity
  8
ENGRAVE
100
AcDbLine
 10
195.76227270771142
 20
162.23840721645576
 30
0.0
 11
198.56222998310204
 21
162.23840721645576
 31
0.0
  0
LINE
  5
195
330
17
100
AcDbEntity
  8
ENGRAVE
100
AcDbLine
 10
198.56222998310204
 20
162.23840721645576
 30
0.0
 11
199.2622193019497
 21
163.63838585415107
 31
0.0
  0
LINE
  5
196
330
17
100
AcDbEntity
  8
ENGRAVE
100
AcDbLine
 10
199.2622193019497
 20
163.63838585415107
 30
0.0
 11
199.2622193019497
 21
167.838321767237
 31
0.0
  0
LINE
  5
197
330
17
100
AcDbEntity
  8
ENGRAVE
100
AcDbLine
 10
199.2622193019497
 20
167.838321767237
 30
0.0
 11
198.56222998310204
 21
169.23830040493232
 31
0.0
  0
LINE
  5
198
330
17
100
AcDbEntity
  8
ENGRAVE
100
AcDbLine
 10
198.56222998310204
 20
169.23830040493232
 30
0.0
 11
195.76227270771142
 21
169.23830040493232
 31
0.0
  0
LINE
  5
199
330
17
100
AcDbEntity
  8
ENGRAVE
100
AcDbLine
 10
195.76227270771142
 20
169.23830040493232
 30
0.0
 11
195.06228338886376
 21
167.838321767237
 31
0.0
  0
LINE
  5
19A
330
17
100
AcDbEntity
  8
ENGRAVE
100
AcDbLine
 10
195.06228338886376
 20
167.838321767237
 30
0.0
 11
195.06228338886376
 21
163.63838585415107
 31
0.0
  0
LINE
  5
19B
330
17
100
AcDbEntity
  8
ENGRAVE
100
AcDbLine
 10
195.06228338886376
 20
163.63838585415107
 30
0.0
 11
195.76227270771142
 21
162.23840721645576
 31
0.0
  0
LINE
  5
19C
330
17
100
AcDbEntity
  8
ENGRAVE
100
AcDbLine
 10
204.1621445338833
 20
169.23830040493232
 30
0.0
 11
202.06217657734032
 21
169.23830040493232
 31
0.0
  0
LINE
  5
19D
330
17
100
AcDbEntity
  8
ENGRAVE
100
AcDbLine
 10
202.06217657734032
 20
169.23830040493232
 30
0.0
 11
200.662197939645
 21
167.13833244838935
 31
0.0
  0
LINE
  5
19E
330
17
100
AcDbEntity
  8
ENGRAVE
100
AcDbLine
 10
200.662197939645
 20
167.13833244838935
 30
0.0
 11
200.662197939645
 21
163.63838585415107
 31
0.0
  0
LINE
  5
19F
330
17
100
AcDbEntity
  8
ENGRAVE
100
AcDbLine
 10
200.662197939645
 20
163.63838585415107
 30
0.0
 11
201.36218725849267
 21
162.23840721645576
 31
0.0
  0
LINE
  5
1A0
330
17
100
AcDbEntity
  8
ENGRAVE
100
AcDbLine
 10
201.36218725849267
 20
162.23840721645576
 30
0.0
 11
204.1621445338833
 21
162.23840721645576
 31
0.0
  0
LINE
  5
1A1
330
17
100
AcDbEntity
  8
ENGRAVE
100
AcDbLine
 10
204.1621445338833
 20
162.23840721645576
 30
0.0
 11
204.86213385273095
 21
163.63838585415107
 31
0.0
  0
LINE
  5
1A2
330
17
100
AcDbEntity
  8
ENGRAVE
100
AcDbLine
 10
204.86213385273095
 20
163.63838585415107
 30
0.0
 11
204.86213385273095
 21
164.68836983242255
 31
0.0
  0
LINE
  5
1A3
330
17
100
AcDbEntity
  8
ENGRAVE
100
AcDbLine
 10
204.86213385273095
 20
164.68836983242255
 30
0.0
 11
204.1621445338833
 21
165.73835381069404
 31
0.0
  0
LINE
  5
1A4
330
17
100
AcDbEntity
  8
ENGRAVE
100
AcDbLine
 10
204.1621445338833
 20
165.73835381069404
 30
0.0
 11
201.36218725849267
 21
165.73835381069404
 31
0.0
  0
LINE
  5
1A5
330
17
100
AcDbEntity
  8
ENGRAVE
100
AcDbLine
 10
201.36218725849267
 20
165.73835381069404
 30
0.0
 11
200.662197939645
 21
164.68836983242255
 31
0.0
  0
LINE
  5
1A6
330
17
100
AcDbEntity
  8
CUT
100
AcDbLine
 10
282.4109833333332
 20
185.618661111111
 30
0.0
 11
292.41293888888885
 21
185.618661111111
 31
0.0
  0
LINE
  5
1A7
330
17
100
AcDbEntity
  8
CUT
100
AcDbLine
 10
324.0059527777776
 20
260.436125
 30
0.0
 11
322.70349722222215
 21
261.30642777777757
 31
0.0
  0
LINE
  5
1A8
330
17
100
AcDbEntity
  8
CUT
100
AcDbLine
 10
359.48693055555543
 20
355.7358666666664
 30
0.0
 11
349.4853277777777
 21
355.7358666666664
 31
0.0
  0
LINE
  5
1A9
330
17
100
AcDbEntity
  8
CUT
100
AcDbLine
 10
326.89414444444435
 20
282.37396388888885
 30
0.0
 11
328.4304916666665
 21
282.6794694444444
 31
0.0
  0
LINE
  5
1AA
330
17
100
AcDbEntity
  8
CUT
100
AcDbLine
 10
329.99364999999995
 20
282.78212777777753
 30
0.0
 11
359.48693055555543
 21
282.78212777777753
 31
0.0
  0
LINE
  5
1AB
330
17
100
AcDbEntity
  8
CUT
100
AcDbLine
 10
322.70349722222215
 20
261.30642777777757
 30
0.0
 11
321.52557222222214
 21
262.339361111111
 31
0.0
  0
LINE
  5
1AC
330
17
100
AcDbEntity
  8
CUT
100
AcDbLine
 10
321.52557222222214
 20
262.339361111111
 30
0.0
 11
320.4929916666665
 21
263.5169333333332
 31
0.0
  0
LINE
  5
1AD
330
17
100
AcDbEntity
  8
CUT
100
AcDbLine
 10
324.0059527777776
 20
281.17769444444434
 30
0.0
 11
325.41071388888884
 21
281.87054999999987
 31
0.0
  0
LINE
  5
1AE
330
17
100
AcDbEntity
  8
CUT
100
AcDbLine
 10
362.48765833333323
 20
205.8818638888888
 30
0.0
 11
359.48693055555543
 21
205.8818638888888
 31
0.0
  0
LINE
  5
1AF
330
17
100
AcDbEntity
  8
CUT
100
AcDbLine
 10
318.42641944444443
 20
267.7075805555553
 30
0.0
 11
318.12056111111104
 21
269.2439277777777
 31
0.0
  0
LINE
  5
1B0
330
17
100
AcDbEntity
  8
CUT
100
AcDbLine
 10
319.62268888888894
 20
276.7944305555553
 30
0.0
 11
320.4929916666665
 21
278.0968861111111
 31
0.0
  0
LINE
  5
1B1
330
17
100
AcDbEntity
  8
CUT
100
AcDbLine
 10
359.48693055555543
 20
258.8316916666665
 30
0.0
 11
329.99364999999995
 21
258.8316916666665
 31
0.0
  0
LINE
  5
1B2
330
17
100
AcDbEntity
  8
CUT
100
AcDbLine
 10
325.12708055555544
 20
185.618661111111
 30
0.0
 11
339.4833722222221
 21
185.618661111111
 31
0.0
  0
LINE
  5
1B3
330
17
100
AcDbEntity
  8
CUT
100
AcDbLine
 10
326.89414444444435
 20
259.2398555555554
 30
0.0
 11
325.41071388888884
 21
259.7432694444443
 31
0.0
  0
LINE
  5
1B4
330
17
100
AcDbEntity
  8
CUT
100
AcDbLine
 10
320.5508472222221
 20
182.6179333333332
 30
0.0
 11
323.581561111111
 21
189.5891749999999
 31
0.0
  0
LINE
  5
1B5
330
17
100
AcDbEntity
  8
CUT
100
AcDbLine
 10
359.48693055555543
 20
292.78408333333323
 30
0.0
 11
362.48765833333323
 21
292.78408333333323
 31
0.0
  0
LINE
  5
1B6
330
17
100
AcDbEntity
  8
CUT
100
AcDbLine
 10
321.52557222222214
 20
279.27481111111103
 30
0.0
 11
322.70349722222215
 21
280.3073916666665
 31
0.0
  0
LINE
  5
1B7
330
17
100
AcDbEntity
  8
CUT
100
AcDbLine
 10
322.70349722222215
 20
280.3073916666665
 30
0.0
 11
324.0059527777776
 21
281.17769444444434
 31
0.0
  0
LINE
  5
1B8
330
17
100
AcDbEntity
  8
CUT
100
AcDbLine
 10
320.4929916666665
 20
278.0968861111111
 30
0.0
 11
321.52557222222214
 21
279.27481111111103
 31
0.0
  0
LINE
  5
1B9
330
17
100
AcDbEntity
  8
CUT
100
AcDbLine
 10
326.3332277777776
 20
188.3929055555554
 30
0.0
 11
325.12708055555544
 21
185.618661111111
 31
0.0
  0
LINE
  5
1BA
330
17
100
AcDbEntity
  8
CUT
100
AcDbLine
 10
359.48693055555543
 20
335.7319555555554
 30
0.0
 11
362.48765833333323
 21
335.7319555555554
 31
0.0
  0
LINE
  5
1BB
330
17
100
AcDbEntity
  8
CUT
100
AcDbLine
 10
318.92983333333325
 20
275.3896694444444
 30
0.0
 11
319.62268888888894
 21
276.7944305555553
 31
0.0
  0
LINE
  5
1BC
330
17
100
AcDbEntity
  8
CUT
100
AcDbLine
 10
318.0182555555554
 20
270.80708611111106
 30
0.0
 11
318.12056111111104
 21
272.3698916666665
 31
0.0
  0
LINE
  5
1BD
330
17
100
AcDbEntity
  8
CUT
100
AcDbLine
 10
339.4833722222221
 20
182.6179333333332
 30
0.0
 11
349.4853277777777
 21
182.6179333333332
 31
0.0
  0
LINE
  5
1BE
330
17
100
AcDbEntity
  8
CUT
100
AcDbLine
 10
349.4853277777777
 20
185.618661111111
 30
0.0
 11
359.48693055555543
 21
185.618661111111
 31
0.0
  0
LINE
  5
1BF
330
17
100
AcDbEntity
  8
CUT
100
AcDbLine
 10
292.41293888888885
 20
352.7354916666666
 30
0.0
 11
282.4109833333332
 21
352.7354916666666
 31
0.0
  0
LINE
  5
1C0
330
17
100
AcDbEntity
  8
CUT
100
AcDbLine
 10
349.4853277777777
 20
352.7354916666666
 30
0.0
 11
339.4833722222221
 21
352.7354916666666
 31
0.0
  0
LINE
  5
1C1
330
17
100
AcDbEntity
  8
CUT
100
AcDbLine
 10
325.41071388888884
 20
259.7432694444443
 30
0.0
 11
324.0059527777776
 21
260.436125
 31
0.0
  0
LINE
  5
1C2
330
17
100
AcDbEntity
  8
CUT
100
AcDbLine
 10
359.48693055555543
 20
238.82813333333308
 30
0.0
 11
362.48765833333323
 21
238.82813333333308
 31
0.0
  0
LINE
  5
1C3
330
17
100
AcDbEntity
  8
CUT
100
AcDbLine
 10
362.48765833333323
 20
345.73391111111096
 30
0.0
 11
359.48693055555543
 21
345.73391111111096
 31
0.0
  0
LINE
  5
1C4
330
17
100
AcDbEntity
  8
CUT
100
AcDbLine
 10
328.4304916666665
 20
282.6794694444444
 30
0.0
 11
329.99364999999995
 21
282.78212777777753
 31
0.0
  0
LINE
  5
1C5
330
17
100
AcDbEntity
  8
CUT
100
AcDbLine
 10
272.40902777777774
 20
182.6179333333332
 30
0.0
 11
282.4109833333332
 21
182.6179333333332
 31
0.0
  0
LINE
  5
1C6
330
17
100
AcDbEntity
  8
CUT
100
AcDbLine
 10
359.48693055555543
 20
195.87990833333322
 30
0.0
 11
362.48765833333323
 21
195.87990833333322
 31
0.0
  0
LINE
  5
1C7
330
17
100
AcDbEntity
  8
CUT
100
AcDbLine
 10
319.62268888888894
 20
264.8193888888888
 30
0.0
 11
318.92983333333325
 21
266.2245027777777
 31
0.0
  0
LINE
  5
1C8
330
17
100
AcDbEntity
  8
CUT
100
AcDbLine
 10
329.99364999999995
 20
258.8316916666665
 30
0.0
 11
328.4304916666665
 21
258.9343499999999
 31
0.0
  0
LINE
  5
1C9
330
17
100
AcDbEntity
  8
CUT
100
AcDbLine
 10
292.41293888888885
 20
182.6179333333332
 30
0.0
 11
320.5508472222221
 21
182.6179333333332
 31
0.0
  0
LINE
  5
1CA
330
17
100
AcDbEntity
  8
CUT
100
AcDbLine
 10
282.4109833333332
 20
355.7358666666664
 30
0.0
 11
272.40902777777774
 21
355.7358666666664
 31
0.0
  0
LINE
  5
1CB
330
17
100
AcDbEntity
  8
CUT
100
AcDbLine
 10
339.4833722222221
 20
355.7358666666664
 30
0.0
 11
292.41293888888885
 21
355.7358666666664
 31
0.0
  0
LINE
  5
1CC
330
17
100
AcDbEntity
  8
CUT
100
AcDbLine
 10
318.92983333333325
 20
266.2245027777777
 30
0.0
 11
318.42641944444443
 21
267.7075805555553
 31
0.0
  0
LINE
  5
1CD
330
17
100
AcDbEntity
  8
CUT
100
AcDbLine
 10
362.48765833333323
 20
248.83008888888878
 30
0.0
 11
359.48693055555543
 21
248.83008888888878
 31
0.0
  0
LINE
  5
1CE
330
17
100
AcDbEntity
  8
CUT
100
AcDbLine
 10
318.12056111111104
 20
272.3698916666665
 30
0.0
 11
318.42641944444443
 21
273.9065916666666
 31
0.0
  0
LINE
  5
1CF
330
17
100
AcDbEntity
  8
CUT
100
AcDbLine
 10
328.4304916666665
 20
258.9343499999999
 30
0.0
 11
326.89414444444435
 21
259.2398555555554
 31
0.0
  0
LINE
  5
1D0
330
17
100
AcDbEntity
  8
CUT
100
AcDbLine
 10
362.48765833333323
 20
302.7860388888888
 30
0.0
 11
359.48693055555543
 21
302.7860388888888
 31
0.0
  0
LINE
  5
1D1
330
17
100
AcDbEntity
  8
CUT
100
AcDbLine
 10
325.41071388888884
 20
281.87054999999987
 30
0.0
 11
326.89414444444435
 21
282.37396388888885
 31
0.0
  0
LINE
  5
1D2
330
17
100
AcDbEntity
  8
CUT
100
AcDbLine
 10
323.581561111111
 20
189.5891749999999
 30
0.0
 11
326.3332277777776
 21
188.3929055555554
 31
0.0
  0
LINE
  5
1D3
330
17
100
AcDbEntity
  8
CUT
100
AcDbLine
 10
318.12056111111104
 20
269.2439277777777
 30
0.0
 11
318.0182555555554
 21
270.80708611111106
 31
0.0
  0
LINE
  5
1D4
330
17
100
AcDbEntity
  8
CUT
100
AcDbLine
 10
318.42641944444443
 20
273.9065916666666
 30
0.0
 11
318.92983333333325
 21
275.3896694444444
 31
0.0
  0
LINE
  5
1D5
330
17
100
AcDbEntity
  8
CUT
100
AcDbLine
 10
320.4929916666665
 20
263.5169333333332
 30
0.0
 11
319.62268888888894
 21
264.8193888888888
 31
0.0
  0
LINE
  5
1D6
330
17
100
AcDbEntity
  8
CUT
100
AcDbLine
 10
362.48765833333323
 20
238.82813333333308
 30
0.0
 11
362.48765833333323
 21
248.83008888888878
 31
0.0
  0
LINE
  5
1D7
330
17
100
AcDbEntity
  8
CUT
100
AcDbLine
 10
362.48765833333323
 20
335.7319555555554
 30
0.0
 11
362.48765833333323
 21
345.73391111111096
 31
0.0
  0
LINE
  5
1D8
330
17
100
AcDbEntity
  8
CUT
100
AcDbLine
 10
362.48765833333323
 20
195.87990833333322
 30
0.0
 11
362.48765833333323
 21
205.8818638888888
 31
0.0
  0
LINE
  5
1D9
330
17
100
AcDbEntity
  8
CUT
100
AcDbLine
 10
362.48765833333323
 20
292.78408333333323
 30
0.0
 11
362.48765833333323
 21
302.7860388888888
 31
0.0
  0
LINE
  5
1DA
330
17
100
AcDbEntity
  8
CUT
100
AcDbLine
 10
282.4109833333332
 20
352.7354916666666
 30
0.0
 11
282.4109833333332
 21
355.7358666666664
 31
0.0
  0
LINE
  5
1DB
330
17
100
AcDbEntity
  8
CUT
100
AcDbLine
 10
282.4109833333332
 20
182.6179333333332
 30
0.0
 11
282.4109833333332
 21
185.618661111111
 31
0.0
  0
LINE
  5
1DC
330
17
100
AcDbEntity
  8
CUT
100
AcDbLine
 10
359.48693055555543
 20
345.73391111111096
 30
0.0
 11
359.48693055555543
 21
355.7358666666664
 31
0.0
  0
LINE
  5
1DD
330
17
100
AcDbEntity
  8
CUT
100
AcDbLine
 10
359.48693055555543
 20
205.8818638888888
 30
0.0
 11
359.48693055555543
 21
238.82813333333308
 31
0.0
  0
LINE
  5
1DE
330
17
100
AcDbEntity
  8
CUT
100
AcDbLine
 10
359.48693055555543
 20
248.83008888888878
 30
0.0
 11
359.48693055555543
 21
258.8316916666665
 31
0.0
  0
LINE
  5
1DF
330
17
100
AcDbEntity
  8
CUT
100
AcDbLine
 10
359.48693055555543
 20
282.78212777777753
 30
0.0
 11
359.48693055555543
 21
292.78408333333323
 31
0.0
  0
LINE
  5
1E0
330
17
100
AcDbEntity
  8
CUT
100
AcDbLine
 10
359.48693055555543
 20
302.7860388888888
 30
0.0
 11
359.48693055555543
 21
335.7319555555554
 31
0.0
  0
LINE
  5
1E1
330
17
100
AcDbEntity
  8
CUT
100
AcDbLine
 10
359.48693055555543
 20
185.618661111111
 30
0.0
 11
359.48693055555543
 21
195.87990833333322
 31
0.0
  0
LINE
  5
1E2
330
17
100
AcDbEntity
  8
CUT
100
AcDbLine
 10
272.40902777777774
 20
355.7358666666664
 30
0.0
 11
272.40902777777774
 21
182.6179333333332
 31
0.0
  0
LINE
  5
1E3
330
17
100
AcDbEntity
  8
CUT
100
AcDbLine
 10
292.41293888888885
 20
355.7358666666664
 30
0.0
 11
292.41293888888885
 21
352.7354916666666
 31
0.0
  0
LINE
  5
1E4
330
17
100
AcDbEntity
  8
CUT
100
AcDbLine
 10
292.41293888888885
 20
185.618661111111
 30
0.0
 11
292.41293888888885
 21
182.6179333333332
 31
0.0
  0
LINE
  5
1E5
330
17
100
AcDbEntity
  8
CUT
100
AcDbLine
 10
339.4833722222221
 20
185.618661111111
 30
0.0
 11
339.4833722222221
 21
182.6179333333332
 31
0.0
  0
LINE
  5
1E6
330
17
100
AcDbEntity
  8
CUT
100
AcDbLine
 10
339.4833722222221
 20
352.7354916666666
 30
0.0
 11
339.4833722222221
 21
355.7358666666664
 31
0.0
  0
LINE
  5
1E7
330
17
100
AcDbEntity
  8
CUT
100
AcDbLine
 10
349.4853277777777
 20
182.6179333333332
 30
0.0
 11
349.4853277777777
 21
185.618661111111
 31
0.0
  0
LINE
  5
1E8
330
17
100
AcDbEntity
  8
CUT
100
AcDbLine
 10
349.4853277777777
 20
355.7358666666664
 30
0.0
 11
349.4853277777777
 21
352.7354916666666
 31
0.0
  0
LINE
  5
1E9
330
17
100
AcDbEntity
  8
CUT
100
AcDbLine
 10
349.0341249999999
 20
299.9581722222222
 30
0.0
 11
323.14834999999994
 21
299.9581722222222
 31
0.0
  0
LINE
  5
1EA
330
17
100
AcDbEntity
  8
CUT
100
AcDbLine
 10
346.03374999999994
 20
318.0168666666665
 30
0.0
 11
349.0341249999999
 21
318.0168666666665
 31
0.0
  0
LINE
  5
1EB
330
17
100
AcDbEntity
  8
CUT
100
AcDbLine
 10
323.14834999999994
 20
346.07786944444445
 30
0.0
 11
349.0341249999999
 21
346.07786944444445
 31
0.0
  0
LINE
  5
1EC
330
17
100
AcDbEntity
  8
CUT
100
AcDbLine
 10
349.0341249999999
 20
328.0191749999999
 30
0.0
 11
346.03374999999994
 21
328.0191749999999
 31
0.0
  0
LINE
  5
1ED
330
17
100
AcDbEntity
  8
CUT
100
AcDbLine
 10
312.4687083333332
 20
332.03308055555533
 30
0.0
 11
323.14834999999994
 21
346.07786944444445
 31
0.0
  0
LINE
  5
1EE
330
17
100
AcDbEntity
  8
CUT
100
AcDbLine
 10
323.14834999999994
 20
299.9581722222222
 30
0.0
 11
312.4687083333332
 21
314.00296111111106
 31
0.0
  0
LINE
  5
1EF
330
17
100
AcDbEntity
  8
CUT
100
AcDbLine
 10
349.0341249999999
 20
346.07786944444445
 30
0.0
 11
349.0341249999999
 21
328.0191749999999
 31
0.0
  0
LINE
  5
1F0
330
17
100
AcDbEntity
  8
CUT
100
AcDbLine
 10
349.0341249999999
 20
318.0168666666665
 30
0.0
 11
349.0341249999999
 21
299.9581722222222
 31
0.0
  0
LINE
  5
1F1
330
17
100
AcDbEntity
  8
CUT
100
AcDbLine
 10
346.03374999999994
 20
328.0191749999999
 30
0.0
 11
346.03374999999994
 21
318.0168666666665
 31
0.0
  0
LINE
  5
1F2
330
17
100
AcDbEntity
  8
CUT
100
AcDbLine
 10
312.4687083333332
 20
314.00296111111106
 30
0.0
 11
312.4687083333332
 21
332.03308055555533
 31
0.0
  0
LINE
  5
1F3
330
17
100
AcDbEntity
  8
CUT
100
AcDbLine
 10
300.98543888888895
 20
217.095611111111
 30
0.0
 11
297.9850638888888
 21
217.095611111111
 31
0.0
  0
LINE
  5
1F4
330
17
100
AcDbEntity
  8
CUT
100
AcDbLine
 10
297.9850638888888
 20
220.0963388888888
 30
0.0
 11
300.98543888888895
 21
220.0963388888888
 31
0.0
  0
LINE
  5
1F5
330
17
100
AcDbEntity
  8
CUT
100
AcDbLine
 10
283.11265833333323
 20
235.0992722222221
 30
0.0
 11
297.9850638888888
 21
235.0992722222221
 31
0.0
  0
LINE
  5
1F6
330
17
100
AcDbEntity
  8
CUT
100
AcDbLine
 10
283.11265833333323
 20
217.095611111111
 30
0.0
 11
280.1122833333333
 21
217.095611111111
 31
0.0
  0
LINE
  5
1F7
330
17
100
AcDbEntity
  8
CUT
100
AcDbLine
 10
280.1122833333333
 20
220.0963388888888
 30
0.0
 11
283.11265833333323
 21
220.0963388888888
 31
0.0
  0
LINE
  5
1F8
330
17
100
AcDbEntity
  8
CUT
100
AcDbLine
 10
297.9850638888888
 20
202.09267777777768
 30
0.0
 11
283.11265833333323
 21
202.09267777777768
 31
0.0
  0
LINE
  5
1F9
330
17
100
AcDbEntity
  8
CUT
100
AcDbLine
 10
283.11265833333323
 20
220.0963388888888
 30
0.0
 11
283.11265833333323
 21
235.0992722222221
 31
0.0
  0
LINE
  5
1FA
330
17
100
AcDbEntity
  8
CUT
100
AcDbLine
 10
283.11265833333323
 20
202.09267777777768
 30
0.0
 11
283.11265833333323
 21
217.095611111111
 31
0.0
  0
LINE
  5
1FB
330
17
100
AcDbEntity
  8
CUT
100
AcDbLine
 10
300.98543888888895
 20
220.0963388888888
 30
0.0
 11
300.98543888888895
 21
217.095611111111
 31
0.0
  0
LINE
  5
1FC
330
17
100
AcDbEntity
  8
CUT
100
AcDbLine
 10
297.9850638888888
 20
235.0992722222221
 30
0.0
 11
297.9850638888888
 21
220.0963388888888
 31
0.0
  0
LINE
  5
1FD
330
17
100
AcDbEntity
  8
CUT
100
AcDbLine
 10
297.9850638888888
 20
217.095611111111
 30
0.0
 11
297.9850638888888
 21
202.09267777777768
 31
0.0
  0
LINE
  5
1FE
330
17
100
AcDbEntity
  8
CUT
100
AcDbLine
 10
280.1122833333333
 20
217.095611111111
 30
0.0
 11
280.1122833333333
 21
220.0963388888888
 31
0.0
  0
LINE
  5
1FF
330
17
100
AcDbEntity
  8
CUT
100
AcDbLine
 10
297.9850638888888
 20
324.5182083333333
 30
0.0
 11
300.98543888888895
 21
324.5182083333333
 31
0.0
  0
LINE
  5
200
330
17
100
AcDbEntity
  8
CUT
100
AcDbLine
 10
300.98543888888895
 20
321.5178333333332
 30
0.0
 11
297.9850638888888
 21
321.5178333333332
 31
0.0
  0
LINE
  5
201
330
17
100
AcDbEntity
  8
CUT
100
AcDbLine
 10
283.11265833333323
 20
339.5211416666665
 30
0.0
 11
297.9850638888888
 21
339.5211416666665
 31
0.0
  0
LINE
  5
202
330
17
100
AcDbEntity
  8
CUT
100
AcDbLine
 10
297.9850638888888
 20
306.5145472222222
 30
0.0
 11
283.11265833333323
 21
306.5145472222222
 31
0.0
  0
LINE
  5
203
330
17
100
AcDbEntity
  8
CUT
100
AcDbLine
 10
280.1122833333333
 20
324.5182083333333
 30
0.0
 11
283.11265833333323
 21
324.5182083333333
 31
0.0
  0
LINE
  5
204
330
17
100
AcDbEntity
  8
CUT
100
AcDbLine
 10
283.11265833333323
 20
321.5178333333332
 30
0.0
 11
280.1122833333333
 21
321.5178333333332
 31
0.0
  0
LINE
  5
205
330
17
100
AcDbEntity
  8
CUT
100
AcDbLine
 10
283.11265833333323
 20
324.5182083333333
 30
0.0
 11
283.11265833333323
 21
339.5211416666665
 31
0.0
  0
LINE
  5
206
330
17
100
AcDbEntity
  8
CUT
100
AcDbLine
 10
283.11265833333323
 20
306.5145472222222
 30
0.0
 11
283.11265833333323
 21
321.5178333333332
 31
0.0
  0
LINE
  5
207
330
17
100
AcDbEntity
  8
CUT
100
AcDbLine
 10
300.98543888888895
 20
324.5182083333333
 30
0.0
 11
300.98543888888895
 21
321.5178333333332
 31
0.0
  0
LINE
  5
208
330
17
100
AcDbEntity
  8
CUT
100
AcDbLine
 10
297.9850638888888
 20
339.5211416666665
 30
0.0
 11
297.9850638888888
 21
324.5182083333333
 31
0.0
  0
LINE
  5
209
330
17
100
AcDbEntity
  8
CUT
100
AcDbLine
 10
297.9850638888888
 20
321.5178333333332
 30
0.0
 11
297.9850638888888
 21
306.5145472222222
 31
0.0
  0
LINE
  5
20A
330
17
100
AcDbEntity
  8
CUT
100
AcDbLine
 10
280.1122833333333
 20
321.5178333333332
 30
0.0
 11
280.1122833333333
 21
324.5182083333333
 31
0.0
  0
LINE
  5
20B
330
17
100
AcDbEntity
  8
CUT
100
AcDbLine
 10
312.4687083333332
 20
227.611211111111
 30
0.0
 11
323.14834999999994
 21
241.6559999999999
 31
0.0
  0
LINE
  5
20C
330
17
100
AcDbEntity
  8
CUT
100
AcDbLine
 10
323.14834999999994
 20
195.5359499999999
 30
0.0
 11
312.4687083333332
 21
209.5807388888888
 31
0.0
  0
LINE
  5
20D
330
17
100
AcDbEntity
  8
CUT
100
AcDbLine
 10
346.03374999999994
 20
213.5949972222221
 30
0.0
 11
349.0341249999999
 21
213.5949972222221
 31
0.0
  0
LINE
  5
20E
330
17
100
AcDbEntity
  8
CUT
100
AcDbLine
 10
349.0341249999999
 20
195.5359499999999
 30
0.0
 11
323.14834999999994
 21
195.5359499999999
 31
0.0
  0
LINE
  5
20F
330
17
100
AcDbEntity
  8
CUT
100
AcDbLine
 10
323.14834999999994
 20
241.6559999999999
 30
0.0
 11
349.0341249999999
 21
241.6559999999999
 31
0.0
  0
LINE
  5
210
330
17
100
AcDbEntity
  8
CUT
100
AcDbLine
 10
349.0341249999999
 20
223.5969527777777
 30
0.0
 11
346.03374999999994
 21
223.5969527777777
 31
0.0
  0
LINE
  5
211
330
17
100
AcDbEntity
  8
CUT
100
AcDbLine
 10
349.0341249999999
 20
241.6559999999999
 30
0.0
 11
349.0341249999999
 21
223.5969527777777
 31
0.0
  0
LINE
  5
212
330
17
100
AcDbEntity
  8
CUT
100
AcDbLine
 10
349.0341249999999
 20
213.5949972222221
 30
0.0
 11
349.0341249999999
 21
195.5359499999999
 31
0.0
  0
LINE
  5
213
330
17
100
AcDbEntity
  8
CUT
100
AcDbLine
 10
346.03374999999994
 20
223.5969527777777
 30
0.0
 11
346.03374999999994
 21
213.5949972222221
 31
0.0
  0
LINE
  5
214
330
17
100
AcDbEntity
  8
CUT
100
AcDbLine
 10
312.4687083333332
 20
209.5807388888888
 30
0.0
 11
312.4687083333332
 21
227.611211111111
 31
0.0
  0
CIRCLE
  5
215
330
17
100
AcDbEntity
  8
CUT
100
AcDbCircle
 10
310.08751069118415
 20
270.80708611111106
 30
0.0
 40
2.499999999999993
  0
LINE
  5
216
330
17
100
AcDbEntity
  8
ENGRAVE
100
AcDbLine
 10
296.540345561322
 20
282.0891115966001
 30
0.0
 11
296.540345561322
 21
284.88906887199073
 31
0.0
  0
LINE
  5
217
330
17
100
AcDbEntity
  8
ENGRAVE
100
AcDbLine
 10
296.540345561322
 20
284.88906887199073
 30
0.0
 11
295.1403669236267
 21
285.5890581908384
 31
0.0
  0
LINE
  5
218
330
17
100
AcDbEntity
  8
ENGRAVE
100
AcDbLine
 10
295.1403669236267
 20
285.5890581908384
 30
0.0
 11
290.94043101054075
 21
285.5890581908384
 31
0.0
  0
LINE
  5
219
330
17
100
AcDbEntity
  8
ENGRAVE
100
AcDbLine
 10
290.94043101054075
 20
285.5890581908384
 30
0.0
 11
289.54045237284544
 21
284.88906887199073
 31
0.0
  0
LINE
  5
21A
330
17
100
AcDbEntity
  8
ENGRAVE
100
AcDbLine
 10
289.54045237284544
 20
284.88906887199073
 30
0.0
 11
289.54045237284544
 21
282.0891115966001
 31
0.0
  0
LINE
  5
21B
330
17
100
AcDbEntity
  8
ENGRAVE
100
AcDbLine
 10
289.54045237284544
 20
282.0891115966001
 30
0.0
 11
290.94043101054075
 21
281.38912227775245
 31
0.0
  0
LINE
  5
21C
330
17
100
AcDbEntity
  8
ENGRAVE
100
AcDbLine
 10
290.94043101054075
 20
281.38912227775245
 30
0.0
 11
295.1403669236267
 21
281.38912227775245
 31
0.0
  0
LINE
  5
21D
330
17
100
AcDbEntity
  8
ENGRAVE
100
AcDbLine
 10
295.1403669236267
 20
281.38912227775245
 30
0.0
 11
296.540345561322
 21
282.0891115966001
 31
0.0
  0
LINE
  5
21E
330
17
100
AcDbEntity
  8
ENGRAVE
100
AcDbLine
 10
289.54045237284544
 20
290.488983422772
 30
0.0
 11
289.54045237284544
 21
288.389015466229
 31
0.0
  0
LINE
  5
21F
330
17
100
AcDbEntity
  8
ENGRAVE
100
AcDbLine
 10
289.54045237284544
 20
288.389015466229
 30
0.0
 11
291.6404203293884
 21
286.9890368285337
 31
0.0
  0
LINE
  5
220
330
17
100
AcDbEntity
  8
ENGRAVE
100
AcDbLine
 10
291.6404203293884
 20
286.9890368285337
 30
0.0
 11
295.1403669236267
 21
286.9890368285337
 31
0.0
  0
LINE
  5
221
330
17
100
AcDbEntity
  8
ENGRAVE
100
AcDbLine
 10
295.1403669236267
 20
286.9890368285337
 30
0.0
 11
296.540345561322
 21
287.68902614738136
 31
0.0
  0
LINE
  5
222
330
17
100
AcDbEntity
  8
ENGRAVE
100
AcDbLine
 10
296.540345561322
 20
287.68902614738136
 30
0.0
 11
296.540345561322
 21
290.488983422772
 31
0.0
  0
LINE
  5
223
330
17
100
AcDbEntity
  8
ENGRAVE
100
AcDbLine
 10
296.540345561322
 20
290.488983422772
 30
0.0
 11
295.1403669236267
 21
291.18897274161964
 31
0.0
  0
LINE
  5
224
330
17
100
AcDbEntity
  8
ENGRAVE
100
AcDbLine
 10
295.1403669236267
 20
291.18897274161964
 30
0.0
 11
294.0903829453552
 21
291.18897274161964
 31
0.0
  0
LINE
  5
225
330
17
100
AcDbEntity
  8
ENGRAVE
100
AcDbLine
 10
294.0903829453552
 20
291.18897274161964
 30
0.0
 11
293.0403989670837
 21
290.488983422772
 31
0.0
  0
LINE
  5
226
330
17
100
AcDbEntity
  8
ENGRAVE
100
AcDbLine
 10
293.0403989670837
 20
290.488983422772
 30
0.0
 11
293.0403989670837
 21
287.68902614738136
 31
0.0
  0
LINE
  5
227
330
17
100
AcDbEntity
  8
ENGRAVE
100
AcDbLine
 10
293.0403989670837
 20
287.68902614738136
 30
0.0
 11
294.0903829453552
 21
286.9890368285337
 31
0.0
  0
LINE
  5
228
330
17
100
AcDbEntity
  8
CUT
100
AcDbLine
 10
99.29182222222232
 20
269.44640000000004
 30
0.0
 11
99.29182222222232
 21
259.4444444444444
 31
0.0
  0
LINE
  5
229
330
17
100
AcDbEntity
  8
CUT
100
AcDbLine
 10
174.10928611111132
 20
227.85143055555562
 30
0.0
 11
174.97958888888888
 21
229.1538861111111
 31
0.0
  0
LINE
  5
22A
330
17
100
AcDbEntity
  8
CUT
100
AcDbLine
 10
269.40902777777774
 20
192.3704527777778
 30
0.0
 11
269.40902777777774
 21
202.37205555555553
 31
0.0
  0
LINE
  5
22B
330
17
100
AcDbEntity
  8
CUT
100
AcDbLine
 10
196.04712500000016
 20
224.9632388888889
 30
0.0
 11
196.35263055555572
 21
223.42689166666673
 31
0.0
  0
LINE
  5
22C
330
17
100
AcDbEntity
  8
CUT
100
AcDbLine
 10
196.45528888888884
 20
221.8637333333333
 30
0.0
 11
196.45528888888884
 21
192.3704527777778
 31
0.0
  0
LINE
  5
22D
330
17
100
AcDbEntity
  8
CUT
100
AcDbLine
 10
174.97958888888888
 20
229.1538861111111
 30
0.0
 11
176.0125222222223
 21
230.3318111111111
 31
0.0
  0
LINE
  5
22E
330
17
100
AcDbEntity
  8
CUT
100
AcDbLine
 10
176.0125222222223
 20
230.3318111111111
 30
0.0
 11
177.19009444444453
 21
231.36439166666673
 31
0.0
  0
LINE
  5
22F
330
17
100
AcDbEntity
  8
CUT
100
AcDbLine
 10
194.85085555555565
 20
227.85143055555562
 30
0.0
 11
195.54371111111118
 21
226.4466694444444
 31
0.0
  0
LINE
  5
230
330
17
100
AcDbEntity
  8
CUT
100
AcDbLine
 10
119.55502500000011
 20
189.36972500000002
 30
0.0
 11
119.55502500000011
 21
192.3704527777778
 31
0.0
  0
LINE
  5
231
330
17
100
AcDbEntity
  8
CUT
100
AcDbLine
 10
181.3807416666666
 20
233.4309638888888
 30
0.0
 11
182.917088888889
 21
233.7368222222222
 31
0.0
  0
LINE
  5
232
330
17
100
AcDbEntity
  8
CUT
100
AcDbLine
 10
190.46759166666664
 20
232.2346944444443
 30
0.0
 11
191.7700472222224
 21
231.36439166666673
 31
0.0
  0
LINE
  5
233
330
17
100
AcDbEntity
  8
CUT
100
AcDbLine
 10
172.50485277777778
 20
192.3704527777778
 30
0.0
 11
172.50485277777778
 21
221.8637333333333
 31
0.0
  0
LINE
  5
234
330
17
100
AcDbEntity
  8
CUT
100
AcDbLine
 10
99.29182222222232
 20
226.7303027777778
 30
0.0
 11
99.29182222222232
 21
212.37401111111114
 31
0.0
  0
LINE
  5
235
330
17
100
AcDbEntity
  8
CUT
100
AcDbLine
 10
172.9130166666667
 20
224.9632388888889
 30
0.0
 11
173.41643055555562
 21
226.4466694444444
 31
0.0
  0
LINE
  5
236
330
17
100
AcDbEntity
  8
CUT
100
AcDbLine
 10
96.29109444444452
 20
231.30653611111114
 30
0.0
 11
103.26233611111121
 21
228.27582222222225
 31
0.0
  0
LINE
  5
237
330
17
100
AcDbEntity
  8
CUT
100
AcDbLine
 10
206.45724444444454
 20
192.3704527777778
 30
0.0
 11
206.45724444444454
 21
189.36972500000002
 31
0.0
  0
LINE
  5
238
330
17
100
AcDbEntity
  8
CUT
100
AcDbLine
 10
192.94797222222235
 20
230.3318111111111
 30
0.0
 11
193.9805527777778
 21
229.1538861111111
 31
0.0
  0
LINE
  5
239
330
17
100
AcDbEntity
  8
CUT
100
AcDbLine
 10
193.9805527777778
 20
229.1538861111111
 30
0.0
 11
194.85085555555565
 21
227.85143055555562
 31
0.0
  0
LINE
  5
23A
330
17
100
AcDbEntity
  8
CUT
100
AcDbLine
 10
191.7700472222224
 20
231.36439166666673
 30
0.0
 11
192.94797222222235
 21
230.3318111111111
 31
0.0
  0
LINE
  5
23B
330
17
100
AcDbEntity
  8
CUT
100
AcDbLine
 10
102.0660666666667
 20
225.52415555555564
 30
0.0
 11
99.29182222222232
 21
226.7303027777778
 31
0.0
  0
LINE
  5
23C
330
17
100
AcDbEntity
  8
CUT
100
AcDbLine
 10
249.4051166666667
 20
192.3704527777778
 30
0.0
 11
249.4051166666667
 21
189.36972500000002
 31
0.0
  0
LINE
  5
23D
330
17
100
AcDbEntity
  8
CUT
100
AcDbLine
 10
189.0628305555557
 20
232.92755
 30
0.0
 11
190.46759166666664
 21
232.2346944444443
 31
0.0
  0
LINE
  5
23E
330
17
100
AcDbEntity
  8
CUT
100
AcDbLine
 10
184.48024722222237
 20
233.83912777777783
 30
0.0
 11
186.0430527777778
 21
233.7368222222222
 31
0.0
  0
LINE
  5
23F
330
17
100
AcDbEntity
  8
CUT
100
AcDbLine
 10
96.29109444444452
 20
212.37401111111114
 30
0.0
 11
96.29109444444452
 21
202.37205555555553
 31
0.0
  0
LINE
  5
240
330
17
100
AcDbEntity
  8
CUT
100
AcDbLine
 10
99.29182222222232
 20
202.37205555555553
 30
0.0
 11
99.29182222222232
 21
192.3704527777778
 31
0.0
  0
LINE
  5
241
330
17
100
AcDbEntity
  8
CUT
100
AcDbLine
 10
266.4086527777779
 20
259.4444444444444
 30
0.0
 11
266.4086527777779
 21
269.44640000000004
 31
0.0
  0
LINE
  5
242
330
17
100
AcDbEntity
  8
CUT
100
AcDbLine
 10
266.4086527777779
 20
202.37205555555553
 30
0.0
 11
266.4086527777779
 21
212.37401111111114
 31
0.0
  0
LINE
  5
243
330
17
100
AcDbEntity
  8
CUT
100
AcDbLine
 10
173.41643055555562
 20
226.4466694444444
 30
0.0
 11
174.10928611111132
 21
227.85143055555562
 31
0.0
  0
LINE
  5
244
330
17
100
AcDbEntity
  8
CUT
100
AcDbLine
 10
152.5012944444444
 20
192.3704527777778
 30
0.0
 11
152.5012944444444
 21
189.36972500000002
 31
0.0
  0
LINE
  5
245
330
17
100
AcDbEntity
  8
CUT
100
AcDbLine
 10
259.40707222222227
 20
189.36972500000002
 30
0.0
 11
259.40707222222227
 21
192.3704527777778
 31
0.0
  0
LINE
  5
246
330
17
100
AcDbEntity
  8
CUT
100
AcDbLine
 10
196.35263055555572
 20
223.42689166666673
 30
0.0
 11
196.45528888888884
 21
221.8637333333333
 31
0.0
  0
LINE
  5
247
330
17
100
AcDbEntity
  8
CUT
100
AcDbLine
 10
96.29109444444452
 20
279.4483555555555
 30
0.0
 11
96.29109444444452
 21
269.44640000000004
 31
0.0
  0
LINE
  5
248
330
17
100
AcDbEntity
  8
CUT
100
AcDbLine
 10
109.55306944444453
 20
192.3704527777778
 30
0.0
 11
109.55306944444453
 21
189.36972500000002
 31
0.0
  0
LINE
  5
249
330
17
100
AcDbEntity
  8
CUT
100
AcDbLine
 10
178.4925500000001
 20
232.2346944444443
 30
0.0
 11
179.89766388888899
 21
232.92755
 31
0.0
  0
LINE
  5
24A
330
17
100
AcDbEntity
  8
CUT
100
AcDbLine
 10
172.50485277777778
 20
221.8637333333333
 30
0.0
 11
172.6075111111112
 21
223.42689166666673
 31
0.0
  0
LINE
  5
24B
330
17
100
AcDbEntity
  8
CUT
100
AcDbLine
 10
96.29109444444452
 20
259.4444444444444
 30
0.0
 11
96.29109444444452
 21
231.30653611111114
 31
0.0
  0
LINE
  5
24C
330
17
100
AcDbEntity
  8
CUT
100
AcDbLine
 10
269.40902777777774
 20
269.44640000000004
 30
0.0
 11
269.40902777777774
 21
279.4483555555555
 31
0.0
  0
LINE
  5
24D
330
17
100
AcDbEntity
  8
CUT
100
AcDbLine
 10
269.40902777777774
 20
212.37401111111114
 30
0.0
 11
269.40902777777774
 21
259.4444444444444
 31
0.0
  0
LINE
  5
24E
330
17
100
AcDbEntity
  8
CUT
100
AcDbLine
 10
179.89766388888899
 20
232.92755
 30
0.0
 11
181.3807416666666
 21
233.4309638888888
 31
0.0
  0
LINE
  5
24F
330
17
100
AcDbEntity
  8
CUT
100
AcDbLine
 10
162.5032500000001
 20
189.36972500000002
 30
0.0
 11
162.5032500000001
 21
192.3704527777778
 31
0.0
  0
LINE
  5
250
330
17
100
AcDbEntity
  8
CUT
100
AcDbLine
 10
186.0430527777778
 20
233.7368222222222
 30
0.0
 11
187.5797527777779
 21
233.4309638888888
 31
0.0
  0
LINE
  5
251
330
17
100
AcDbEntity
  8
CUT
100
AcDbLine
 10
172.6075111111112
 20
223.42689166666673
 30
0.0
 11
172.9130166666667
 21
224.9632388888889
 31
0.0
  0
LINE
  5
252
330
17
100
AcDbEntity
  8
CUT
100
AcDbLine
 10
216.45920000000012
 20
189.36972500000002
 30
0.0
 11
216.45920000000012
 21
192.3704527777778
 31
0.0
  0
LINE
  5
253
330
17
100
AcDbEntity
  8
CUT
100
AcDbLine
 10
195.54371111111118
 20
226.4466694444444
 30
0.0
 11
196.04712500000016
 21
224.9632388888889
 31
0.0
  0
LINE
  5
254
330
17
100
AcDbEntity
  8
CUT
100
AcDbLine
 10
103.26233611111121
 20
228.27582222222225
 30
0.0
 11
102.0660666666667
 21
225.52415555555564
 31
0.0
  0
LINE
  5
255
330
17
100
AcDbEntity
  8
CUT
100
AcDbLine
 10
182.917088888889
 20
233.7368222222222
 30
0.0
 11
184.48024722222237
 21
233.83912777777783
 31
0.0
  0
LINE
  5
256
330
17
100
AcDbEntity
  8
CUT
100
AcDbLine
 10
187.5797527777779
 20
233.4309638888888
 30
0.0
 11
189.0628305555557
 21
232.92755
 31
0.0
  0
LINE
  5
257
330
17
100
AcDbEntity
  8
CUT
100
AcDbLine
 10
177.19009444444453
 20
231.36439166666673
 30
0.0
 11
178.4925500000001
 21
232.2346944444443
 31
0.0
  0
LINE
  5
258
330
17
100
AcDbEntity
  8
CUT
100
AcDbLine
 10
152.5012944444444
 20
189.36972500000002
 30
0.0
 11
162.5032500000001
 21
189.36972500000002
 31
0.0
  0
LINE
  5
259
330
17
100
AcDbEntity
  8
CUT
100
AcDbLine
 10
249.4051166666667
 20
189.36972500000002
 30
0.0
 11
259.40707222222227
 21
189.36972500000002
 31
0.0
  0
LINE
  5
25A
330
17
100
AcDbEntity
  8
CUT
100
AcDbLine
 10
109.55306944444453
 20
189.36972500000002
 30
0.0
 11
119.55502500000011
 21
189.36972500000002
 31
0.0
  0
LINE
  5
25B
330
17
100
AcDbEntity
  8
CUT
100
AcDbLine
 10
206.45724444444454
 20
189.36972500000002
 30
0.0
 11
216.45920000000012
 21
189.36972500000002
 31
0.0
  0
LINE
  5
25C
330
17
100
AcDbEntity
  8
CUT
100
AcDbLine
 10
266.4086527777779
 20
269.44640000000004
 30
0.0
 11
269.40902777777774
 21
269.44640000000004
 31
0.0
  0
LINE
  5
25D
330
17
100
AcDbEntity
  8
CUT
100
AcDbLine
 10
96.29109444444452
 20
269.44640000000004
 30
0.0
 11
99.29182222222232
 21
269.44640000000004
 31
0.0
  0
LINE
  5
25E
330
17
100
AcDbEntity
  8
CUT
100
AcDbLine
 10
259.40707222222227
 20
192.3704527777778
 30
0.0
 11
269.40902777777774
 21
192.3704527777778
 31
0.0
  0
LINE
  5
25F
330
17
100
AcDbEntity
  8
CUT
100
AcDbLine
 10
119.55502500000011
 20
192.3704527777778
 30
0.0
 11
152.5012944444444
 21
192.3704527777778
 31
0.0
  0
LINE
  5
260
330
17
100
AcDbEntity
  8
CUT
100
AcDbLine
 10
162.5032500000001
 20
192.3704527777778
 30
0.0
 11
172.50485277777778
 21
192.3704527777778
 31
0.0
  0
LINE
  5
261
330
17
100
AcDbEntity
  8
CUT
100
AcDbLine
 10
196.45528888888884
 20
192.3704527777778
 30
0.0
 11
206.45724444444454
 21
192.3704527777778
 31
0.0
  0
LINE
  5
262
330
17
100
AcDbEntity
  8
CUT
100
AcDbLine
 10
216.45920000000012
 20
192.3704527777778
 30
0.0
 11
249.4051166666667
 21
192.3704527777778
 31
0.0
  0
LINE
  5
263
330
17
100
AcDbEntity
  8
CUT
100
AcDbLine
 10
99.29182222222232
 20
192.3704527777778
 30
0.0
 11
109.55306944444453
 21
192.3704527777778
 31
0.0
  0
LINE
  5
264
330
17
100
AcDbEntity
  8
CUT
100
AcDbLine
 10
269.40902777777774
 20
279.4483555555555
 30
0.0
 11
96.29109444444452
 21
279.4483555555555
 31
0.0
  0
LINE
  5
265
330
17
100
AcDbEntity
  8
CUT
100
AcDbLine
 10
269.40902777777774
 20
259.4444444444444
 30
0.0
 11
266.4086527777779
 21
259.4444444444444
 31
0.0
  0
LINE
  5
266
330
17
100
AcDbEntity
  8
CUT
100
AcDbLine
 10
99.29182222222232
 20
259.4444444444444
 30
0.0
 11
96.29109444444452
 21
259.4444444444444
 31
0.0
  0
LINE
  5
267
330
17
100
AcDbEntity
  8
CUT
100
AcDbLine
 10
99.29182222222232
 20
212.37401111111114
 30
0.0
 11
96.29109444444452
 21
212.37401111111114
 31
0.0
  0
LINE
  5
268
330
17
100
AcDbEntity
  8
CUT
100
AcDbLine
 10
266.4086527777779
 20
212.37401111111114
 30
0.0
 11
269.40902777777774
 21
212.37401111111114
 31
0.0
  0
LINE
  5
269
330
17
100
AcDbEntity
  8
CUT
100
AcDbLine
 10
96.29109444444452
 20
202.37205555555553
 30
0.0
 11
99.29182222222232
 21
202.37205555555553
 31
0.0
  0
LINE
  5
26A
330
17
100
AcDbEntity
  8
CUT
100
AcDbLine
 10
269.40902777777774
 20
202.37205555555553
 30
0.0
 11
266.4086527777779
 21
202.37205555555553
 31
0.0
  0
LINE
  5
26B
330
17
100
AcDbEntity
  8
CUT
100
AcDbLine
 10
213.6313333333335
 20
202.82325833333334
 30
0.0
 11
213.6313333333335
 21
228.7090333333333
 31
0.0
  0
LINE
  5
26C
330
17
100
AcDbEntity
  8
CUT
100
AcDbLine
 10
231.6900277777778
 20
205.8236333333333
 30
0.0
 11
231.6900277777778
 21
202.82325833333334
 31
0.0
  0
LINE
  5
26D
330
17
100
AcDbEntity
  8
CUT
100
AcDbLine
 10
259.75103055555576
 20
228.7090333333333
 30
0.0
 11
259.75103055555576
 21
202.82325833333334
 31
0.0
  0
LINE
  5
26E
330
17
100
AcDbEntity
  8
CUT
100
AcDbLine
 10
241.69233611111122
 20
202.82325833333334
 30
0.0
 11
241.69233611111122
 21
205.8236333333333
 31
0.0
  0
LINE
  5
26F
330
17
100
AcDbEntity
  8
CUT
100
AcDbLine
 10
245.70624166666664
 20
239.38867500000003
 30
0.0
 11
259.75103055555576
 21
228.7090333333333
 31
0.0
  0
LINE
  5
270
330
17
100
AcDbEntity
  8
CUT
100
AcDbLine
 10
213.6313333333335
 20
228.7090333333333
 30
0.0
 11
227.67612222222238
 21
239.38867500000003
 31
0.0
  0
LINE
  5
271
330
17
100
AcDbEntity
  8
CUT
100
AcDbLine
 10
259.75103055555576
 20
202.82325833333334
 30
0.0
 11
241.69233611111122
 21
202.82325833333334
 31
0.0
  0
LINE
  5
272
330
17
100
AcDbEntity
  8
CUT
100
AcDbLine
 10
231.6900277777778
 20
202.82325833333334
 30
0.0
 11
213.6313333333335
 21
202.82325833333334
 31
0.0
  0
LINE
  5
273
330
17
100
AcDbEntity
  8
CUT
100
AcDbLine
 10
241.69233611111122
 20
205.8236333333333
 30
0.0
 11
231.6900277777778
 21
205.8236333333333
 31
0.0
  0
LINE
  5
274
330
17
100
AcDbEntity
  8
CUT
100
AcDbLine
 10
227.67612222222238
 20
239.38867500000003
 30
0.0
 11
245.70624166666664
 21
239.38867500000003
 31
0.0
  0
LINE
  5
275
330
17
100
AcDbEntity
  8
CUT
100
AcDbLine
 10
130.7687722222223
 20
250.8719444444443
 30
0.0
 11
130.7687722222223
 21
253.87231944444443
 31
0.0
  0
LINE
  5
276
330
17
100
AcDbEntity
  8
CUT
100
AcDbLine
 10
133.7695000000001
 20
253.87231944444443
 30
0.0
 11
133.7695000000001
 21
250.8719444444443
 31
0.0
  0
LINE
  5
277
330
17
100
AcDbEntity
  8
CUT
100
AcDbLine
 10
148.77243333333342
 20
268.744725
 30
0.0
 11
148.77243333333342
 21
253.87231944444443
 31
0.0
  0
LINE
  5
278
330
17
100
AcDbEntity
  8
CUT
100
AcDbLine
 10
130.7687722222223
 20
268.744725
 30
0.0
 11
130.7687722222223
 21
271.7450999999999
 31
0.0
  0
LINE
  5
279
330
17
100
AcDbEntity
  8
CUT
100
AcDbLine
 10
133.7695000000001
 20
271.7450999999999
 30
0.0
 11
133.7695000000001
 21
268.744725
 31
0.0
  0
LINE
  5
27A
330
17
100
AcDbEntity
  8
CUT
100
AcDbLine
 10
115.765838888889
 20
253.87231944444443
 30
0.0
 11
115.765838888889
 21
268.744725
 31
0.0
  0
LINE
  5
27B
330
17
100
AcDbEntity
  8
CUT
100
AcDbLine
 10
133.7695000000001
 20
268.744725
 30
0.0
 11
148.77243333333342
 21
268.744725
 31
0.0
  0
LINE
  5
27C
330
17
100
AcDbEntity
  8
CUT
100
AcDbLine
 10
115.765838888889
 20
268.744725
 30
0.0
 11
130.7687722222223
 21
268.744725
 31
0.0
  0
LINE
  5
27D
330
17
100
AcDbEntity
  8
CUT
100
AcDbLine
 10
133.7695000000001
 20
250.8719444444443
 30
0.0
 11
130.7687722222223
 21
250.8719444444443
 31
0.0
  0
LINE
  5
27E
330
17
100
AcDbEntity
  8
CUT
100
AcDbLine
 10
148.77243333333342
 20
253.87231944444443
 30
0.0
 11
133.7695000000001
 21
253.87231944444443
 31
0.0
  0
LINE
  5
27F
330
17
100
AcDbEntity
  8
CUT
100
AcDbLine
 10
130.7687722222223
 20
253.87231944444443
 30
0.0
 11
115.765838888889
 21
253.87231944444443
 31
0.0
  0
LINE
  5
280
330
17
100
AcDbEntity
  8
CUT
100
AcDbLine
 10
130.7687722222223
 20
271.7450999999999
 30
0.0
 11
133.7695000000001
 21
271.7450999999999
 31
0.0
  0
LINE
  5
281
330
17
100
AcDbEntity
  8
CUT
100
AcDbLine
 10
238.1913694444446
 20
253.87231944444443
 30
0.0
 11
238.1913694444446
 21
250.8719444444443
 31
0.0
  0
LINE
  5
282
330
17
100
AcDbEntity
  8
CUT
100
AcDbLine
 10
235.19099444444453
 20
250.8719444444443
 30
0.0
 11
235.19099444444453
 21
253.87231944444443
 31
0.0
  0
LINE
  5
283
330
17
100
AcDbEntity
  8
CUT
100
AcDbLine
 10
253.1943027777778
 20
268.744725
 30
0.0
 11
253.1943027777778
 21
253.87231944444443
 31
0.0
  0
LINE
  5
284
330
17
100
AcDbEntity
  8
CUT
100
AcDbLine
 10
220.1877083333335
 20
253.87231944444443
 30
0.0
 11
220.1877083333335
 21
268.744725
 31
0.0
  0
LINE
  5
285
330
17
100
AcDbEntity
  8
CUT
100
AcDbLine
 10
238.1913694444446
 20
271.7450999999999
 30
0.0
 11
238.1913694444446
 21
268.744725
 31
0.0
  0
LINE
  5
286
330
17
100
AcDbEntity
  8
CUT
100
AcDbLine
 10
235.19099444444453
 20
268.744725
 30
0.0
 11
235.19099444444453
 21
271.7450999999999
 31
0.0
  0
LINE
  5
287
330
17
100
AcDbEntity
  8
CUT
100
AcDbLine
 10
238.1913694444446
 20
268.744725
 30
0.0
 11
253.1943027777778
 21
268.744725
 31
0.0
  0
LINE
  5
288
330
17
100
AcDbEntity
  8
CUT
100
AcDbLine
 10
220.1877083333335
 20
268.744725
 30
0.0
 11
235.19099444444453
 21
268.744725
 31
0.0
  0
LINE
  5
289
330
17
100
AcDbEntity
  8
CUT
100
AcDbLine
 10
238.1913694444446
 20
250.8719444444443
 30
0.0
 11
235.19099444444453
 21
250.8719444444443
 31
0.0
  0
LINE
  5
28A
330
17
100
AcDbEntity
  8
CUT
100
AcDbLine
 10
253.1943027777778
 20
253.87231944444443
 30
0.0
 11
238.1913694444446
 21
253.87231944444443
 31
0.0
  0
LINE
  5
28B
330
17
100
AcDbEntity
  8
CUT
100
AcDbLine
 10
235.19099444444453
 20
253.87231944444443
 30
0.0
 11
220.1877083333335
 21
253.87231944444443
 31
0.0
  0
LINE
  5
28C
330
17
100
AcDbEntity
  8
CUT
100
AcDbLine
 10
235.19099444444453
 20
271.7450999999999
 30
0.0
 11
238.1913694444446
 21
271.7450999999999
 31
0.0
  0
LINE
  5
28D
330
17
100
AcDbEntity
  8
CUT
100
AcDbLine
 10
141.28437222222232
 20
239.38867500000003
 30
0.0
 11
155.3291611111112
 21
228.7090333333333
 31
0.0
  0
LINE
  5
28E
330
17
100
AcDbEntity
  8
CUT
100
AcDbLine
 10
109.20911111111121
 20
228.7090333333333
 30
0.0
 11
123.2539000000001
 21
239.38867500000003
 31
0.0
  0
LINE
  5
28F
330
17
100
AcDbEntity
  8
CUT
100
AcDbLine
 10
127.26815833333342
 20
205.8236333333333
 30
0.0
 11
127.26815833333342
 21
202.82325833333334
 31
0.0
  0
LINE
  5
290
330
17
100
AcDbEntity
  8
CUT
100
AcDbLine
 10
109.20911111111121
 20
202.82325833333334
 30
0.0
 11
109.20911111111121
 21
228.7090333333333
 31
0.0
  0
LINE
  5
291
330
17
100
AcDbEntity
  8
CUT
100
AcDbLine
 10
155.3291611111112
 20
228.7090333333333
 30
0.0
 11
155.3291611111112
 21
202.82325833333334
 31
0.0
  0
LINE
  5
292
330
17
100
AcDbEntity
  8
CUT
100
AcDbLine
 10
137.270113888889
 20
202.82325833333334
 30
0.0
 11
137.270113888889
 21
205.8236333333333
 31
0.0
  0
LINE
  5
293
330
17
100
AcDbEntity
  8
CUT
100
AcDbLine
 10
155.3291611111112
 20
202.82325833333334
 30
0.0
 11
137.270113888889
 21
202.82325833333334
 31
0.0
  0
LINE
  5
294
330
17
100
AcDbEntity
  8
CUT
100
AcDbLine
 10
127.26815833333342
 20
202.82325833333334
 30
0.0
 11
109.20911111111121
 21
202.82325833333334
 31
0.0
  0
LINE
  5
295
330
17
100
AcDbEntity
  8
CUT
100
AcDbLine
 10
137.270113888889
 20
205.8236333333333
 30
0.0
 11
127.26815833333342
 21
205.8236333333333
 31
0.0
  0
LINE
  5
296
330
17
100
AcDbEntity
  8
CUT
100
AcDbLine
 10
123.2539000000001
 20
239.38867500000003
 30
0.0
 11
141.28437222222232
 21
239.38867500000003
 31
0.0
  0
CIRCLE
  5
297
330
17
100
AcDbEntity
  8
CUT
100
AcDbCircle
 10
184.48024722222237
 20
241.7698726421491
 30
0.0
 40
2.499999999999993
  0
LINE
  5
298
330
17
100
AcDbEntity
  8
ENGRAVE
100
AcDbLine
 10
195.76227270771142
 20
255.31703777201125
 30
0.0
 11
198.56222998310204
 21
255.31703777201125
 31
0.0
  0
LINE
  5
299
330
17
100
AcDbEntity
  8
ENGRAVE
100
AcDbLine
 10
198.56222998310204
 20
255.31703777201125
 30
0.0
 11
199.2622193019497
 21
256.71701640970656
 31
0.0
  0
LINE
  5
29A
330
17
100
AcDbEntity
  8
ENGRAVE
100
AcDbLine
 10
199.2622193019497
 20
256.71701640970656
 30
0.0
 11
199.2622193019497
 21
260.9169523227925
 31
0.0
  0
LINE
  5
29B
330
17
100
AcDbEntity
  8
ENGRAVE
100
AcDbLine
 10
199.2622193019497
 20
260.9169523227925
 30
0.0
 11
198.56222998310204
 21
262.3169309604878
 31
0.0
  0
LINE
  5
29C
330
17
100
AcDbEntity
  8
ENGRAVE
100
AcDbLine
 10
198.56222998310204
 20
262.3169309604878
 30
0.0
 11
195.76227270771142
 21
262.3169309604878
 31
0.0
  0
LINE
  5
29D
330
17
100
AcDbEntity
  8
ENGRAVE
100
AcDbLine
 10
195.76227270771142
 20
262.3169309604878
 30
0.0
 11
195.06228338886376
 21
260.9169523227925
 31
0.0
  0
LINE
  5
29E
330
17
100
AcDbEntity
  8
ENGRAVE
100
AcDbLine
 10
195.06228338886376
 20
260.9169523227925
 30
0.0
 11
195.06228338886376
 21
256.71701640970656
 31
0.0
  0
LINE
  5
29F
330
17
100
AcDbEntity
  8
ENGRAVE
100
AcDbLine
 10
195.06228338886376
 20
256.71701640970656
 30
0.0
 11
195.76227270771142
 21
255.31703777201125
 31
0.0
  0
LINE
  5
2A0
330
17
100
AcDbEntity
  8
ENGRAVE
100
AcDbLine
 10
204.1621445338833
 20
262.3169309604878
 30
0.0
 11
202.06217657734032
 21
262.3169309604878
 31
0.0
  0
LINE
  5
2A1
330
17
100
AcDbEntity
  8
ENGRAVE
100
AcDbLine
 10
202.06217657734032
 20
262.3169309604878
 30
0.0
 11
200.662197939645
 21
260.21696300394484
 31
0.0
  0
LINE
  5
2A2
330
17
100
AcDbEntity
  8
ENGRAVE
100
AcDbLine
 10
200.662197939645
 20
260.21696300394484
 30
0.0
 11
200.662197939645
 21
256.71701640970656
 31
0.0
  0
LINE
  5
2A3
330
17
100
AcDbEntity
  8
ENGRAVE
100
AcDbLine
 10
200.662197939645
 20
256.71701640970656
 30
0.0
 11
201.36218725849267
 21
255.31703777201125
 31
0.0
  0
LINE
  5
2A4
330
17
100
AcDbEntity
  8
ENGRAVE
100
AcDbLine
 10
201.36218725849267
 20
255.31703777201125
 30
0.0
 11
204.1621445338833
 21
255.31703777201125
 31
0.0
  0
LINE
  5
2A5
330
17
100
AcDbEntity
  8
ENGRAVE
100
AcDbLine
 10
204.1621445338833
 20
255.31703777201125
 30
0.0
 11
204.86213385273095
 21
256.71701640970656
 31
0.0
  0
LINE
  5
2A6
330
17
100
AcDbEntity
  8
ENGRAVE
100
AcDbLine
 10
204.86213385273095
 20
256.71701640970656
 30
0.0
 11
204.86213385273095
 21
257.76700038797804
 31
0.0
  0
LINE
  5
2A7
330
17
100
AcDbEntity
  8
ENGRAVE
100
AcDbLine
 10
204.86213385273095
 20
257.76700038797804
 30
0.0
 11
204.1621445338833
 21
258.8169843662495
 31
0.0
  0
LINE
  5
2A8
330
17
100
AcDbEntity
  8
ENGRAVE
100
AcDbLine
 10
204.1621445338833
 20
258.8169843662495
 30
0.0
 11
201.36218725849267
 21
258.8169843662495
 31
0.0
  0
LINE
  5
2A9
330
17
100
AcDbEntity
  8
ENGRAVE
100
AcDbLine
 10
201.36218725849267
 20
258.8169843662495
 30
0.0
 11
200.662197939645
 21
257.76700038797804
 31
0.0
  0
LINE
  5
2AA
330
17
100
AcDbEntity
  8
CUT
100
AcDbLine
 10
99.29182222222232
 20
362.52503055555553
 30
0.0
 11
99.29182222222232
 21
352.5230749999999
 31
0.0
  0
LINE
  5
2AB
330
17
100
AcDbEntity
  8
CUT
100
AcDbLine
 10
174.10928611111132
 20
320.9300611111111
 30
0.0
 11
174.97958888888888
 21
322.2325166666666
 31
0.0
  0
LINE
  5
2AC
330
17
100
AcDbEntity
  8
CUT
100
AcDbLine
 10
269.40902777777774
 20
285.4490833333333
 30
0.0
 11
269.40902777777774
 21
295.45068611111105
 31
0.0
  0
LINE
  5
2AD
330
17
100
AcDbEntity
  8
CUT
100
AcDbLine
 10
196.04712500000016
 20
318.0418694444444
 30
0.0
 11
196.35263055555572
 21
316.5055222222222
 31
0.0
  0
LINE
  5
2AE
330
17
100
AcDbEntity
  8
CUT
100
AcDbLine
 10
196.45528888888884
 20
314.9423638888888
 30
0.0
 11
196.45528888888884
 21
285.4490833333333
 31
0.0
  0
LINE
  5
2AF
330
17
100
AcDbEntity
  8
CUT
100
AcDbLine
 10
174.97958888888888
 20
322.2325166666666
 30
0.0
 11
176.0125222222223
 21
323.4104416666666
 31
0.0
  0
LINE
  5
2B0
330
17
100
AcDbEntity
  8
CUT
100
AcDbLine
 10
176.0125222222223
 20
323.4104416666666
 30
0.0
 11
177.19009444444453
 21
324.4430222222222
 31
0.0
  0
LINE
  5
2B1
330
17
100
AcDbEntity
  8
CUT
100
AcDbLine
 10
194.85085555555565
 20
320.9300611111111
 30
0.0
 11
195.54371111111118
 21
319.5252999999999
 31
0.0
  0
LINE
  5
2B2
330
17
100
AcDbEntity
  8
CUT
100
AcDbLine
 10
119.55502500000011
 20
282.4483555555555
 30
0.0
 11
119.55502500000011
 21
285.4490833333333
 31
0.0
  0
LINE
  5
2B3
330
17
100
AcDbEntity
  8
CUT
100
AcDbLine
 10
181.3807416666666
 20
326.5095944444443
 30
0.0
 11
182.917088888889
 21
326.8154527777777
 31
0.0
  0
LINE
  5
2B4
330
17
100
AcDbEntity
  8
CUT
100
AcDbLine
 10
190.46759166666664
 20
325.3133249999998
 30
0.0
 11
191.7700472222224
 21
324.4430222222222
 31
0.0
  0
LINE
  5
2B5
330
17
100
AcDbEntity
  8
CUT
100
AcDbLine
 10
172.50485277777778
 20
285.4490833333333
 30
0.0
 11
172.50485277777778
 21
314.9423638888888
 31
0.0
  0
LINE
  5
2B6
330
17
100
AcDbEntity
  8
CUT
100
AcDbLine
 10
99.29182222222232
 20
319.8089333333333
 30
0.0
 11
99.29182222222232
 21
305.45264166666664
 31
0.0
  0
LINE
  5
2B7
330
17
100
AcDbEntity
  8
CUT
100
AcDbLine
 10
172.9130166666667
 20
318.0418694444444
 30
0.0
 11
173.41643055555562
 21
319.5252999999999
 31
0.0
  0
LINE
  5
2B8
330
17
100
AcDbEntity
  8
CUT
100
AcDbLine
 10
96.29109444444452
 20
324.38516666666663
 30
0.0
 11
103.26233611111121
 21
321.35445277777774
 31
0.0
  0
LINE
  5
2B9
330
17
100
AcDbEntity
  8
CUT
100
AcDbLine
 10
206.45724444444454
 20
285.4490833333333
 30
0.0
 11
206.45724444444454
 21
282.4483555555555
 31
0.0
  0
LINE
  5
2BA
330
17
100
AcDbEntity
  8
CUT
100
AcDbLine
 10
192.94797222222235
 20
323.4104416666666
 30
0.0
 11
193.9805527777778
 21
322.2325166666666
 31
0.0
  0
LINE
  5
2BB
330
17
100
AcDbEntity
  8
CUT
100
AcDbLine
 10
193.9805527777778
 20
322.2325166666666
 30
0.0
 11
194.85085555555565
 21
320.9300611111111
 31
0.0
  0
LINE
  5
2BC
330
17
100
AcDbEntity
  8
CUT
100
AcDbLine
 10
191.7700472222224
 20
324.4430222222222
 30
0.0
 11
192.94797222222235
 21
323.4104416666666
 31
0.0
  0
LINE
  5
2BD
330
17
100
AcDbEntity
  8
CUT
100
AcDbLine
 10
102.0660666666667
 20
318.60278611111113
 30
0.0
 11
99.29182222222232
 21
319.8089333333333
 31
0.0
  0
LINE
  5
2BE
330
17
100
AcDbEntity
  8
CUT
100
AcDbLine
 10
249.4051166666667
 20
285.4490833333333
 30
0.0
 11
249.4051166666667
 21
282.4483555555555
 31
0.0
  0
LINE
  5
2BF
330
17
100
AcDbEntity
  8
CUT
100
AcDbLine
 10
189.0628305555557
 20
326.0061805555555
 30
0.0
 11
190.46759166666664
 21
325.3133249999998
 31
0.0
  0
LINE
  5
2C0
330
17
100
AcDbEntity
  8
CUT
100
AcDbLine
 10
184.48024722222237
 20
326.9177583333333
 30
0.0
 11
186.0430527777778
 21
326.8154527777777
 31
0.0
  0
LINE
  5
2C1
330
17
100
AcDbEntity
  8
CUT
100
AcDbLine
 10
96.29109444444452
 20
305.45264166666664
 30
0.0
 11
96.29109444444452
 21
295.45068611111105
 31
0.0
  0
LINE
  5
2C2
330
17
100
AcDbEntity
  8
CUT
100
AcDbLine
 10
99.29182222222232
 20
295.45068611111105
 30
0.0
 11
99.29182222222232
 21
285.4490833333333
 31
0.0
  0
LINE
  5
2C3
330
17
100
AcDbEntity
  8
CUT
100
AcDbLine
 10
266.4086527777779
 20
352.5230749999999
 30
0.0
 11
266.4086527777779
 21
362.52503055555553
 31
0.0
  0
LINE
  5
2C4
330
17
100
AcDbEntity
  8
CUT
100
AcDbLine
 10
266.4086527777779
 20
295.45068611111105
 30
0.0
 11
266.4086527777779
 21
305.45264166666664
 31
0.0
  0
LINE
  5
2C5
330
17
100
AcDbEntity
  8
CUT
100
AcDbLine
 10
173.41643055555562
 20
319.5252999999999
 30
0.0
 11
174.10928611111132
 21
320.9300611111111
 31
0.0
  0
LINE
  5
2C6
330
17
100
AcDbEntity
  8
CUT
100
AcDbLine
 10
152.5012944444444
 20
285.4490833333333
 30
0.0
 11
152.5012944444444
 21
282.4483555555555
 31
0.0
  0
LINE
  5
2C7
330
17
100
AcDbEntity
  8
CUT
100
AcDbLine
 10
259.40707222222227
 20
282.4483555555555
 30
0.0
 11
259.40707222222227
 21
285.4490833333333
 31
0.0
  0
LINE
  5
2C8
330
17
100
AcDbEntity
  8
CUT
100
AcDbLine
 10
196.35263055555572
 20
316.5055222222222
 30
0.0
 11
196.45528888888884
 21
314.9423638888888
 31
0.0
  0
LINE
  5
2C9
330
17
100
AcDbEntity
  8
CUT
100
AcDbLine
 10
96.29109444444452
 20
372.526986111111
 30
0.0
 11
96.29109444444452
 21
362.52503055555553
 31
0.0
  0
LINE
  5
2CA
330
17
100
AcDbEntity
  8
CUT
100
AcDbLine
 10
109.55306944444453
 20
285.4490833333333
 30
0.0
 11
109.55306944444453
 21
282.4483555555555
 31
0.0
  0
LINE
  5
2CB
330
17
100
AcDbEntity
  8
CUT
100
AcDbLine
 10
178.4925500000001
 20
325.3133249999998
 30
0.0
 11
179.89766388888899
 21
326.0061805555555
 31
0.0
  0
LINE
  5
2CC
330
17
100
AcDbEntity
  8
CUT
100
AcDbLine
 10
172.50485277777778
 20
314.9423638888888
 30
0.0
 11
172.6075111111112
 21
316.5055222222222
 31
0.0
  0
LINE
  5
2CD
330
17
100
AcDbEntity
  8
CUT
100
AcDbLine
 10
96.29109444444452
 20
352.5230749999999
 30
0.0
 11
96.29109444444452
 21
324.38516666666663
 31
0.0
  0
LINE
  5
2CE
330
17
100
AcDbEntity
  8
CUT
100
AcDbLine
 10
269.40902777777774
 20
362.52503055555553
 30
0.0
 11
269.40902777777774
 21
372.526986111111
 31
0.0
  0
LINE
  5
2CF
330
17
100
AcDbEntity
  8
CUT
100
AcDbLine
 10
269.40902777777774
 20
305.45264166666664
 30
0.0
 11
269.40902777777774
 21
352.5230749999999
 31
0.0
  0
LINE
  5
2D0
330
17
100
AcDbEntity
  8
CUT
100
AcDbLine
 10
179.89766388888899
 20
326.0061805555555
 30
0.0
 11
181.3807416666666
 21
326.5095944444443
 31
0.0
  0
LINE
  5
2D1
330
17
100
AcDbEntity
  8
CUT
100
AcDbLine
 10
162.5032500000001
 20
282.4483555555555
 30
0.0
 11
162.5032500000001
 21
285.4490833333333
 31
0.0
  0
LINE
  5
2D2
330
17
100
AcDbEntity
  8
CUT
100
AcDbLine
 10
186.0430527777778
 20
326.8154527777777
 30
0.0
 11
187.5797527777779
 21
326.5095944444443
 31
0.0
  0
LINE
  5
2D3
330
17
100
AcDbEntity
  8
CUT
100
AcDbLine
 10
172.6075111111112
 20
316.5055222222222
 30
0.0
 11
172.9130166666667
 21
318.0418694444444
 31
0.0
  0
LINE
  5
2D4
330
17
100
AcDbEntity
  8
CUT
100
AcDbLine
 10
216.45920000000012
 20
282.4483555555555
 30
0.0
 11
216.45920000000012
 21
285.4490833333333
 31
0.0
  0
LINE
  5
2D5
330
17
100
AcDbEntity
  8
CUT
100
AcDbLine
 10
195.54371111111118
 20
319.5252999999999
 30
0.0
 11
196.04712500000016
 21
318.0418694444444
 31
0.0
  0
LINE
  5
2D6
330
17
100
AcDbEntity
  8
CUT
100
AcDbLine
 10
103.26233611111121
 20
321.35445277777774
 30
0.0
 11
102.0660666666667
 21
318.60278611111113
 31
0.0
  0
LINE
  5
2D7
330
17
100
AcDbEntity
  8
CUT
100
AcDbLine
 10
182.917088888889
 20
326.8154527777777
 30
0.0
 11
184.48024722222237
 21
326.9177583333333
 31
0.0
  0
LINE
  5
2D8
330
17
100
AcDbEntity
  8
CUT
100
AcDbLine
 10
187.5797527777779
 20
326.5095944444443
 30
0.0
 11
189.0628305555557
 21
326.0061805555555
 31
0.0
  0
LINE
  5
2D9
330
17
100
AcDbEntity
  8
CUT
100
AcDbLine
 10
177.19009444444453
 20
324.4430222222222
 30
0.0
 11
178.4925500000001
 21
325.3133249999998
 31
0.0
  0
LINE
  5
2DA
330
17
100
AcDbEntity
  8
CUT
100
AcDbLine
 10
152.5012944444444
 20
282.4483555555555
 30
0.0
 11
162.5032500000001
 21
282.4483555555555
 31
0.0
  0
LINE
  5
2DB
330
17
100
AcDbEntity
  8
CUT
100
AcDbLine
 10
249.4051166666667
 20
282.4483555555555
 30
0.0
 11
259.40707222222227
 21
282.4483555555555
 31
0.0
  0
LINE
  5
2DC
330
17
100
AcDbEntity
  8
CUT
100
AcDbLine
 10
109.55306944444453
 20
282.4483555555555
 30
0.0
 11
119.55502500000011
 21
282.4483555555555
 31
0.0
  0
LINE
  5
2DD
330
17
100
AcDbEntity
  8
CUT
100
AcDbLine
 10
206.45724444444454
 20
282.4483555555555
 30
0.0
 11
216.45920000000012
 21
282.4483555555555
 31
0.0
  0
LINE
  5
2DE
330
17
100
AcDbEntity
  8
CUT
100
AcDbLine
 10
266.4086527777779
 20
362.52503055555553
 30
0.0
 11
269.40902777777774
 21
362.52503055555553
 31
0.0
  0
LINE
  5
2DF
330
17
100
AcDbEntity
  8
CUT
100
AcDbLine
 10
96.29109444444452
 20
362.52503055555553
 30
0.0
 11
99.29182222222232
 21
362.52503055555553
 31
0.0
  0
LINE
  5
2E0
330
17
100
AcDbEntity
  8
CUT
100
AcDbLine
 10
259.40707222222227
 20
285.4490833333333
 30
0.0
 11
269.40902777777774
 21
285.4490833333333
 31
0.0
  0
LINE
  5
2E1
330
17
100
AcDbEntity
  8
CUT
100
AcDbLine
 10
119.55502500000011
 20
285.4490833333333
 30
0.0
 11
152.5012944444444
 21
285.4490833333333
 31
0.0
  0
LINE
  5
2E2
330
17
100
AcDbEntity
  8
CUT
100
AcDbLine
 10
162.5032500000001
 20
285.4490833333333
 30
0.0
 11
172.50485277777778
 21
285.4490833333333
 31
0.0
  0
LINE
  5
2E3
330
17
100
AcDbEntity
  8
CUT
100
AcDbLine
 10
196.45528888888884
 20
285.4490833333333
 30
0.0
 11
206.45724444444454
 21
285.4490833333333
 31
0.0
  0
LINE
  5
2E4
330
17
100
AcDbEntity
  8
CUT
100
AcDbLine
 10
216.45920000000012
 20
285.4490833333333
 30
0.0
 11
249.4051166666667
 21
285.4490833333333
 31
0.0
  0
LINE
  5
2E5
330
17
100
AcDbEntity
  8
CUT
100
AcDbLine
 10
99.29182222222232
 20
285.4490833333333
 30
0.0
 11
109.55306944444453
 21
285.4490833333333
 31
0.0
  0
LINE
  5
2E6
330
17
100
AcDbEntity
  8
CUT
100
AcDbLine
 10
269.40902777777774
 20
372.526986111111
 30
0.0
 11
96.29109444444452
 21
372.526986111111
 31
0.0
  0
LINE
  5
2E7
330
17
100
AcDbEntity
  8
CUT
100
AcDbLine
 10
269.40902777777774
 20
352.5230749999999
 30
0.0
 11
266.4086527777779
 21
352.5230749999999
 31
0.0
  0
LINE
  5
2E8
330
17
100
AcDbEntity
  8
CUT
100
AcDbLine
 10
99.29182222222232
 20
352.5230749999999
 30
0.0
 11
96.29109444444452
 21
352.5230749999999
 31
0.0
  0
LINE
  5
2E9
330
17
100
AcDbEntity
  8
CUT
100
AcDbLine
 10
99.29182222222232
 20
305.45264166666664
 30
0.0
 11
96.29109444444452
 21
305.45264166666664
 31
0.0
  0
LINE
  5
2EA
330
17
100
AcDbEntity
  8
CUT
100
AcDbLine
 10
266.4086527777779
 20
305.45264166666664
 30
0.0
 11
269.40902777777774
 21
305.45264166666664
 31
0.0
  0
LINE
  5
2EB
330
17
100
AcDbEntity
  8
CUT
100
AcDbLine
 10
96.29109444444452
 20
295.45068611111105
 30
0.0
 11
99.29182222222232
 21
295.45068611111105
 31
0.0
  0
LINE
  5
2EC
330
17
100
AcDbEntity
  8
CUT
100
AcDbLine
 10
269.40902777777774
 20
295.45068611111105
 30
0.0
 11
266.4086527777779
 21
295.45068611111105
 31
0.0
  0
LINE
  5
2ED
330
17
100
AcDbEntity
  8
CUT
100
AcDbLine
 10
213.6313333333335
 20
295.90188888888883
 30
0.0
 11
213.6313333333335
 21
321.7876638888888
 31
0.0
  0
LINE
  5
2EE
330
17
100
AcDbEntity
  8
CUT
100
AcDbLine
 10
231.6900277777778
 20
298.9022638888888
 30
0.0
 11
231.6900277777778
 21
295.90188888888883
 31
0.0
  0
LINE
  5
2EF
330
17
100
AcDbEntity
  8
CUT
100
AcDbLine
 10
259.75103055555576
 20
321.7876638888888
 30
0.0
 11
259.75103055555576
 21
295.90188888888883
 31
0.0
  0
LINE
  5
2F0
330
17
100
AcDbEntity
  8
CUT
100
AcDbLine
 10
241.69233611111122
 20
295.90188888888883
 30
0.0
 11
241.69233611111122
 21
298.9022638888888
 31
0.0
  0
LINE
  5
2F1
330
17
100
AcDbEntity
  8
CUT
100
AcDbLine
 10
245.70624166666664
 20
332.4673055555555
 30
0.0
 11
259.75103055555576
 21
321.7876638888888
 31
0.0
  0
LINE
  5
2F2
330
17
100
AcDbEntity
  8
CUT
100
AcDbLine
 10
213.6313333333335
 20
321.7876638888888
 30
0.0
 11
227.67612222222238
 21
332.4673055555555
 31
0.0
  0
LINE
  5
2F3
330
17
100
AcDbEntity
  8
CUT
100
AcDbLine
 10
259.75103055555576
 20
295.90188888888883
 30
0.0
 11
241.69233611111122
 21
295.90188888888883
 31
0.0
  0
LINE
  5
2F4
330
17
100
AcDbEntity
  8
CUT
100
AcDbLine
 10
231.6900277777778
 20
295.90188888888883
 30
0.0
 11
213.6313333333335
 21
295.90188888888883
 31
0.0
  0
LINE
  5
2F5
330
17
100
AcDbEntity
  8
CUT
100
AcDbLine
 10
241.69233611111122
 20
298.9022638888888
 30
0.0
 11
231.6900277777778
 21
298.9022638888888
 31
0.0
  0
LINE
  5
2F6
330
17
100
AcDbEntity
  8
CUT
100
AcDbLine
 10
227.67612222222238
 20
332.4673055555555
 30
0.0
 11
245.70624166666664
 21
332.4673055555555
 31
0.0
  0
LINE
  5
2F7
330
17
100
AcDbEntity
  8
CUT
100
AcDbLine
 10
130.7687722222223
 20
343.9505749999998
 30
0.0
 11
130.7687722222223
 21
346.9509499999999
 31
0.0
  0
LINE
  5
2F8
330
17
100
AcDbEntity
  8
CUT
100
AcDbLine
 10
133.7695000000001
 20
346.9509499999999
 30
0.0
 11
133.7695000000001
 21
343.9505749999998
 31
0.0
  0
LINE
  5
2F9
330
17
100
AcDbEntity
  8
CUT
100
AcDbLine
 10
148.77243333333342
 20
361.8233555555555
 30
0.0
 11
148.77243333333342
 21
346.9509499999999
 31
0.0
  0
LINE
  5
2FA
330
17
100
AcDbEntity
  8
CUT
100
AcDbLine
 10
130.7687722222223
 20
361.8233555555555
 30
0.0
 11
130.7687722222223
 21
364.8237305555554
 31
0.0
  0
LINE
  5
2FB
330
17
100
AcDbEntity
  8
CUT
100
AcDbLine
 10
133.7695000000001
 20
364.8237305555554
 30
0.0
 11
133.7695000000001
 21
361.8233555555555
 31
0.0
  0
LINE
  5
2FC
330
17
100
AcDbEntity
  8
CUT
100
AcDbLine
 10
115.765838888889
 20
346.9509499999999
 30
0.0
 11
115.765838888889
 21
361.8233555555555
 31
0.0
  0
LINE
  5
2FD
330
17
100
AcDbEntity
  8
CUT
100
AcDbLine
 10
133.7695000000001
 20
361.8233555555555
 30
0.0
 11
148.77243333333342
 21
361.8233555555555
 31
0.0
  0
LINE
  5
2FE
330
17
100
AcDbEntity
  8
CUT
100
AcDbLine
 10
115.765838888889
 20
361.8233555555555
 30
0.0
 11
130.7687722222223
 21
361.8233555555555
 31
0.0
  0
LINE
  5
2FF
330
17
100
AcDbEntity
  8
CUT
100
AcDbLine
 10
133.7695000000001
 20
343.9505749999998
 30
0.0
 11
130.7687722222223
 21
343.9505749999998
 31
0.0
  0
LINE
  5
300
330
17
100
AcDbEntity
  8
CUT
100
AcDbLine
 10
148.77243333333342
 20
346.9509499999999
 30
0.0
 11
133.7695000000001
 21
346.9509499999999
 31
0.0
  0
LINE
  5
301
330
17
100
AcDbEntity
  8
CUT
100
AcDbLine
 10
130.7687722222223
 20
346.9509499999999
 30
0.0
 11
115.765838888889
 21
346.9509499999999
 31
0.0
  0
LINE
  5
302
330
17
100
AcDbEntity
  8
CUT
100
AcDbLine
 10
130.7687722222223
 20
364.8237305555554
 30
0.0
 11
133.7695000000001
 21
364.8237305555554
 31
0.0
  0
LINE
  5
303
330
17
100
AcDbEntity
  8
CUT
100
AcDbLine
 10
238.1913694444446
 20
346.9509499999999
 30
0.0
 11
238.1913694444446
 21
343.9505749999998
 31
0.0
  0
LINE
  5
304
330
17
100
AcDbEntity
  8
CUT
100
AcDbLine
 10
235.19099444444453
 20
343.9505749999998
 30
0.0
 11
235.19099444444453
 21
346.9509499999999
 31
0.0
  0
LINE
  5
305
330
17
100
AcDbEntity
  8
CUT
100
AcDbLine
 10
253.1943027777778
 20
361.8233555555555
 30
0.0
 11
253.1943027777778
 21
346.9509499999999
 31
0.0
  0
LINE
  5
306
330
17
100
AcDbEntity
  8
CUT
100
AcDbLine
 10
220.1877083333335
 20
346.9509499999999
 30
0.0
 11
220.1877083333335
 21
361.8233555555555
 31
0.0
  0
LINE
  5
307
330
17
100
AcDbEntity
  8
CUT
100
AcDbLine
 10
238.1913694444446
 20
364.8237305555554
 30
0.0
 11
238.1913694444446
 21
361.8233555555555
 31
0.0
  0
LINE
  5
308
330
17
100
AcDbEntity
  8
CUT
100
AcDbLine
 10
235.19099444444453
 20
361.8233555555555
 30
0.0
 11
235.19099444444453
 21
364.8237305555554
 31
0.0
  0
LINE
  5
309
330
17
100
AcDbEntity
  8
CUT
100
AcDbLine
 10
238.1913694444446
 20
361.8233555555555
 30
0.0
 11
253.1943027777778
 21
361.8233555555555
 31
0.0
  0
LINE
  5
30A
330
17
100
AcDbEntity
  8
CUT
100
AcDbLine
 10
220.1877083333335
 20
361.8233555555555
 30
0.0
 11
235.19099444444453
 21
361.8233555555555
 31
0.0
  0
LINE
  5
30B
330
17
100
AcDbEntity
  8
CUT
100
AcDbLine
 10
238.1913694444446
 20
343.9505749999998
 30
0.0
 11
235.19099444444453
 21
343.9505749999998
 31
0.0
  0
LINE
  5
30C
330
17
100
AcDbEntity
  8
CUT
100
AcDbLine
 10
253.1943027777778
 20
346.9509499999999
 30
0.0
 11
238.1913694444446
 21
346.9509499999999
 31
0.0
  0
LINE
  5
30D
330
17
100
AcDbEntity
  8
CUT
100
AcDbLine
 10
235.19099444444453
 20
346.9509499999999
 30
0.0
 11
220.1877083333335
 21
346.9509499999999
 31
0.0
  0
LINE
  5
30E
330
17
100
AcDbEntity
  8
CUT
100
AcDbLine
 10
235.19099444444453
 20
364.8237305555554
 30
0.0
 11
238.1913694444446
 21
364.8237305555554
 31
0.0
  0
LINE
  5
30F
330
17
100
AcDbEntity
  8
CUT
100
AcDbLine
 10
141.28437222222232
 20
332.4673055555555
 30
0.0
 11
155.3291611111112
 21
321.7876638888888
 31
0.0
  0
LINE
  5
310
330
17
100
AcDbEntity
  8
CUT
100
AcDbLine
 10
109.20911111111121
 20
321.7876638888888
 30
0.0
 11
123.2539000000001
 21
332.4673055555555
 31
0.0
  0
LINE
  5
311
330
17
100
AcDbEntity
  8
CUT
100
AcDbLine
 10
127.26815833333342
 20
298.9022638888888
 30
0.0
 11
127.26815833333342
 21
295.90188888888883
 31
0.0
  0
LINE
  5
312
330
17
100
AcDbEntity
  8
CUT
100
AcDbLine
 10
109.20911111111121
 20
295.90188888888883
 30
0.0
 11
109.20911111111121
 21
321.7876638888888
 31
0.0
  0
LINE
  5
313
330
17
100
AcDbEntity
  8
CUT
100
AcDbLine
 10
155.3291611111112
 20
321.7876638888888
 30
0.0
 11
155.3291611111112
 21
295.90188888888883
 31
0.0
  0
LINE
  5
314
330
17
100
AcDbEntity
  8
CUT
100
AcDbLine
 10
137.270113888889
 20
295.90188888888883
 30
0.0
 11
137.270113888889
 21
298.9022638888888
 31
0.0
  0
LINE
  5
315
330
17
100
AcDbEntity
  8
CUT
100
AcDbLine
 10
155.3291611111112
 20
295.90188888888883
 30
0.0
 11
137.270113888889
 21
295.90188888888883
 31
0.0
  0
LINE
  5
316
330
17
100
AcDbEntity
  8
CUT
100
AcDbLine
 10
127.26815833333342
 20
295.90188888888883
 30
0.0
 11
109.20911111111121
 21
295.90188888888883
 31
0.0
  0
LINE
  5
317
330
17
100
AcDbEntity
  8
CUT
100
AcDbLine
 10
137.270113888889
 20
298.9022638888888
 30
0.0
 11
127.26815833333342
 21
298.9022638888888
 31
0.0
  0
LINE
  5
318
330
17
100
AcDbEntity
  8
CUT
100
AcDbLine
 10
123.2539000000001
 20
332.4673055555555
 30
0.0
 11
141.28437222222232
 21
332.4673055555555
 31
0.0
  0
CIRCLE
  5
319
330
17
100
AcDbEntity
  8
CUT
100
AcDbCircle
 10
184.48024722222237
 20
334.8485031977046
 30
0.0
 40
2.499999999999993
  0
LINE
  5
31A
330
17
100
AcDbEntity
  8
ENGRAVE
100
AcDbLine
 10
195.76227270771142
 20
348.39566832756674
 30
0.0
 11
198.56222998310204
 21
348.39566832756674
 31
0.0
  0
LINE
  5
31B
330
17
100
AcDbEntity
  8
ENGRAVE
100
AcDbLine
 10
198.56222998310204
 20
348.39566832756674
 30
0.0
 11
199.2622193019497
 21
349.79564696526205
 31
0.0
  0
LINE
  5
31C
330
17
100
AcDbEntity
  8
ENGRAVE
100
AcDbLine
 10
199.2622193019497
 20
349.79564696526205
 30
0.0
 11
199.2622193019497
 21
353.995582878348
 31
0.0
  0
LINE
  5
31D
330
17
100
AcDbEntity
  8
ENGRAVE
100
AcDbLine
 10
199.2622193019497
 20
353.995582878348
 30
0.0
 11
198.56222998310204
 21
355.3955615160433
 31
0.0
  0
LINE
  5
31E
330
17
100
AcDbEntity
  8
ENGRAVE
100
AcDbLine
 10
198.56222998310204
 20
355.3955615160433
 30
0.0
 11
195.76227270771142
 21
355.3955615160433
 31
0.0
  0
LINE
  5
31F
330
17
100
AcDbEntity
  8
ENGRAVE
100
AcDbLine
 10
195.76227270771142
 20
355.3955615160433
 30
0.0
 11
195.06228338886376
 21
353.995582878348
 31
0.0
  0
LINE
  5
320
330
17
100
AcDbEntity
  8
ENGRAVE
100
AcDbLine
 10
195.06228338886376
 20
353.995582878348
 30
0.0
 11
195.06228338886376
 21
349.79564696526205
 31
0.0
  0
LINE
  5
321
330
17
100
AcDbEntity
  8
ENGRAVE
100
AcDbLine
 10
195.06228338886376
 20
349.79564696526205
 30
0.0
 11
195.76227270771142
 21
348.39566832756674
 31
0.0
  0
LINE
  5
322
330
17
100
AcDbEntity
  8
ENGRAVE
100
AcDbLine
 10
204.1621445338833
 20
355.3955615160433
 30
0.0
 11
202.06217657734032
 21
355.3955615160433
 31
0.0
  0
LINE
  5
323
330
17
100
AcDbEntity
  8
ENGRAVE
100
AcDbLine
 10
202.06217657734032
 20
355.3955615160433
 30
0.0
 11
200.662197939645
 21
353.29559355950033
 31
0.0
  0
LINE
  5
324
330
17
100
AcDbEntity
  8
ENGRAVE
100
AcDbLine
 10
200.662197939645
 20
353.29559355950033
 30
0.0
 11
200.662197939645
 21
349.79564696526205
 31
0.0
  0
LINE
  5
325
330
17
100
AcDbEntity
  8
ENGRAVE
100
AcDbLine
 10
200.662197939645
 20
349.79564696526205
 30
0.0
 11
201.36218725849267
 21
348.39566832756674
 31
0.0
  0
LINE
  5
326
330
17
100
AcDbEntity
  8
ENGRAVE
100
AcDbLine
 10
201.36218725849267
 20
348.39566832756674
 30
0.0
 11
204.1621445338833
 21
348.39566832756674
 31
0.0
  0
LINE
  5
327
330
17
100
AcDbEntity
  8
ENGRAVE
100
AcDbLine
 10
204.1621445338833
 20
348.39566832756674
 30
0.0
 11
204.86213385273095
 21
349.79564696526205
 31
0.0
  0
LINE
  5
328
330
17
100
AcDbEntity
  8
ENGRAVE
100
AcDbLine
 10
204.86213385273095
 20
349.79564696526205
 30
0.0
 11
204.86213385273095
 21
350.84563094353354
 31
0.0
  0
LINE
  5
329
330
17
100
AcDbEntity
  8
ENGRAVE
100
AcDbLine
 10
204.86213385273095
 20
350.84563094353354
 30
0.0
 11
204.1621445338833
 21
351.895614921805
 31
0.0
  0
LINE
  5
32A
330
17
100
AcDbEntity
  8
ENGRAVE
100
AcDbLine
 10
204.1621445338833
 20
351.895614921805
 30
0.0
 11
201.36218725849267
 21
351.895614921805
 31
0.0
  0
LINE
  5
32B
330
17
100
AcDbEntity
  8
ENGRAVE
100
AcDbLine
 10
201.36218725849267
 20
351.895614921805
 30
0.0
 11
200.662197939645
 21
350.84563094353354
 31
0.0
  0
LINE
  5
32C
330
17
100
AcDbEntity
  8
CUT
100
AcDbLine
 10
411.1540361111111
 20
288.6721055555554
 30
0.0
 11
419.5332138888887
 21
288.6721055555554
 31
0.0
  0
LINE
  5
32D
330
17
100
AcDbEntity
  8
CUT
100
AcDbLine
 10
385.4912166666666
 20
288.6721055555554
 30
0.0
 11
401.1520805555554
 21
288.6721055555554
 31
0.0
  0
LINE
  5
32E
330
17
100
AcDbEntity
  8
CUT
100
AcDbLine
 10
365.48765833333323
 20
288.6721055555554
 30
0.0
 11
375.4896138888887
 21
288.6721055555554
 31
0.0
  0
LINE
  5
32F
330
17
100
AcDbEntity
  8
CUT
100
AcDbLine
 10
419.5332138888887
 20
291.6728333333333
 30
0.0
 11
429.5351694444444
 21
291.6728333333333
 31
0.0
  0
LINE
  5
330
330
17
100
AcDbEntity
  8
CUT
100
AcDbLine
 10
375.4896138888887
 20
291.6728333333333
 30
0.0
 11
385.4912166666666
 21
291.6728333333333
 31
0.0
  0
LINE
  5
331
330
17
100
AcDbEntity
  8
CUT
100
AcDbLine
 10
401.1520805555554
 20
291.6728333333333
 30
0.0
 11
411.1540361111111
 21
291.6728333333333
 31
0.0
  0
LINE
  5
332
330
17
100
AcDbEntity
  8
CUT
100
AcDbLine
 10
439.5367722222222
 20
182.6179333333332
 30
0.0
 11
365.48765833333323
 21
182.6179333333332
 31
0.0
  0
LINE
  5
333
330
17
100
AcDbEntity
  8
CUT
100
AcDbLine
 10
439.5367722222222
 20
191.6197638888887
 30
0.0
 11
404.42409444444434
 21
191.6197638888887
 31
0.0
  0
LINE
  5
334
330
17
100
AcDbEntity
  8
CUT
100
AcDbLine
 10
429.5351694444444
 20
288.6721055555554
 30
0.0
 11
439.5367722222222
 21
288.6721055555554
 31
0.0
  0
LINE
  5
335
330
17
100
AcDbEntity
  8
CUT
100
AcDbLine
 10
404.42409444444434
 20
188.6193888888888
 30
0.0
 11
439.5367722222222
 21
188.6193888888888
 31
0.0
  0
LINE
  5
336
330
17
100
AcDbEntity
  8
CUT
100
AcDbLine
 10
404.42409444444434
 20
191.6197638888887
 30
0.0
 11
404.42409444444434
 21
188.6193888888888
 31
0.0
  0
LINE
  5
337
330
17
100
AcDbEntity
  8
CUT
100
AcDbLine
 10
439.5367722222222
 20
288.6721055555554
 30
0.0
 11
439.5367722222222
 21
191.6197638888887
 31
0.0
  0
LINE
  5
338
330
17
100
AcDbEntity
  8
CUT
100
AcDbLine
 10
439.5367722222222
 20
188.6193888888888
 30
0.0
 11
439.5367722222222
 21
182.6179333333332
 31
0.0
  0
LINE
  5
339
330
17
100
AcDbEntity
  8
CUT
100
AcDbLine
 10
401.1520805555554
 20
288.6721055555554
 30
0.0
 11
401.1520805555554
 21
291.6728333333333
 31
0.0
  0
LINE
  5
33A
330
17
100
AcDbEntity
  8
CUT
100
AcDbLine
 10
411.1540361111111
 20
291.6728333333333
 30
0.0
 11
411.1540361111111
 21
288.6721055555554
 31
0.0
  0
LINE
  5
33B
330
17
100
AcDbEntity
  8
CUT
100
AcDbLine
 10
375.4896138888887
 20
288.6721055555554
 30
0.0
 11
375.4896138888887
 21
291.6728333333333
 31
0.0
  0
LINE
  5
33C
330
17
100
AcDbEntity
  8
CUT
100
AcDbLine
 10
385.4912166666666
 20
291.6728333333333
 30
0.0
 11
385.4912166666666
 21
288.6721055555554
 31
0.0
  0
LINE
  5
33D
330
17
100
AcDbEntity
  8
CUT
100
AcDbLine
 10
419.5332138888887
 20
288.6721055555554
 30
0.0
 11
419.5332138888887
 21
291.6728333333333
 31
0.0
  0
LINE
  5
33E
330
17
100
AcDbEntity
  8
CUT
100
AcDbLine
 10
429.5351694444444
 20
291.6728333333333
 30
0.0
 11
429.5351694444444
 21
288.6721055555554
 31
0.0
  0
LINE
  5
33F
330
17
100
AcDbEntity
  8
CUT
100
AcDbLine
 10
365.48765833333323
 20
182.6179333333332
 30
0.0
 11
365.48765833333323
 21
288.6721055555553
 31
0.0
  0
LINE
  5
340
330
17
100
AcDbEntity
  8
CUT
100
AcDbLine
 10
422.4637388888888
 20
233.1117222222221
 30
0.0
 11
419.7124249999999
 21
234.3083444444443
 31
0.0
  0
LINE
  5
341
330
17
100
AcDbEntity
  8
CUT
100
AcDbLine
 10
419.2735694444443
 20
225.77394444444428
 30
0.0
 11
422.4637388888888
 21
233.1117222222221
 31
0.0
  0
LINE
  5
342
330
17
100
AcDbEntity
  8
CUT
100
AcDbLine
 10
419.7124249999999
 20
234.3083444444443
 30
0.0
 11
416.5219027777775
 21
226.97021388888868
 31
0.0
  0
LINE
  5
343
330
17
100
AcDbEntity
  8
CUT
100
AcDbLine
 10
416.5219027777775
 20
226.97021388888868
 30
0.0
 11
419.2735694444443
 21
225.77394444444428
 31
0.0
  0
LINE
  5
344
330
17
100
AcDbEntity
  8
CUT
100
AcDbLine
 10
410.8047861111111
 20
206.2956722222221
 30
0.0
 11
408.0531194444443
 21
207.49229444444427
 31
0.0
  0
LINE
  5
345
330
17
100
AcDbEntity
  8
CUT
100
AcDbLine
 10
408.0531194444443
 20
207.49229444444427
 30
0.0
 11
404.86259722222223
 21
200.15416388888872
 31
0.0
  0
LINE
  5
346
330
17
100
AcDbEntity
  8
CUT
100
AcDbLine
 10
404.86259722222223
 20
200.15416388888872
 30
0.0
 11
407.61426388888873
 21
198.95789444444426
 31
0.0
  0
LINE
  5
347
330
17
100
AcDbEntity
  8
CUT
100
AcDbLine
 10
407.61426388888873
 20
198.95789444444426
 30
0.0
 11
410.8047861111111
 21
206.2956722222221
 31
0.0
  0
LINE
  5
348
330
17
100
AcDbEntity
  8
CUT
100
AcDbLine
 10
410.4689416666666
 20
277.76915555555547
 30
0.0
 11
407.2784194444443
 21
285.10728611111085
 31
0.0
  0
LINE
  5
349
330
17
100
AcDbEntity
  8
CUT
100
AcDbLine
 10
404.52675277777763
 20
283.91066388888873
 30
0.0
 11
407.7172749999999
 21
276.57288611111096
 31
0.0
  0
LINE
  5
34A
330
17
100
AcDbEntity
  8
CUT
100
AcDbLine
 10
407.7172749999999
 20
276.57288611111096
 30
0.0
 11
410.4689416666666
 21
277.76915555555547
 31
0.0
  0
LINE
  5
34B
330
17
100
AcDbEntity
  8
CUT
100
AcDbLine
 10
407.2784194444443
 20
285.10728611111085
 30
0.0
 11
404.52675277777763
 21
283.91066388888873
 31
0.0
  0
LINE
  5
34C
330
17
100
AcDbEntity
  8
CUT
100
AcDbLine
 10
419.2735694444443
 20
257.5186527777775
 30
0.0
 11
416.5219027777775
 21
256.3220305555553
 31
0.0
  0
LINE
  5
34D
330
17
100
AcDbEntity
  8
CUT
100
AcDbLine
 10
422.4637388888888
 20
250.18052222222207
 30
0.0
 11
419.2735694444443
 21
257.5186527777775
 31
0.0
  0
LINE
  5
34E
330
17
100
AcDbEntity
  8
CUT
100
AcDbLine
 10
419.7124249999999
 20
248.9842527777776
 30
0.0
 11
422.4637388888888
 21
250.18052222222207
 31
0.0
  0
LINE
  5
34F
330
17
100
AcDbEntity
  8
CUT
100
AcDbLine
 10
416.5219027777775
 20
256.3220305555553
 30
0.0
 11
419.7124249999999
 21
248.9842527777776
 31
0.0
  0
LINE
  5
350
330
17
100
AcDbEntity
  8
CUT
100
AcDbLine
 10
427.3560611111111
 20
250.628197222222
 30
0.0
 11
433.3236499999998
 21
250.628197222222
 31
0.0
  0
LINE
  5
351
330
17
100
AcDbEntity
  8
CUT
100
AcDbLine
 10
433.3236499999998
 20
284.67125277777757
 30
0.0
 11
427.3560611111111
 21
284.67125277777757
 31
0.0
  0
LINE
  5
352
330
17
100
AcDbEntity
  8
CUT
100
AcDbLine
 10
436.3243777777776
 20
269.1500888888887
 30
0.0
 11
433.3236499999998
 21
269.1500888888887
 31
0.0
  0
LINE
  5
353
330
17
100
AcDbEntity
  8
CUT
100
AcDbLine
 10
424.3556861111111
 20
266.149361111111
 30
0.0
 11
427.3560611111111
 21
266.149361111111
 31
0.0
  0
LINE
  5
354
330
17
100
AcDbEntity
  8
CUT
100
AcDbLine
 10
433.3236499999998
 20
266.149361111111
 30
0.0
 11
436.3243777777776
 21
266.149361111111
 31
0.0
  0
LINE
  5
355
330
17
100
AcDbEntity
  8
CUT
100
AcDbLine
 10
427.3560611111111
 20
269.1500888888887
 30
0.0
 11
424.3556861111111
 21
269.1500888888887
 31
0.0
  0
LINE
  5
356
330
17
100
AcDbEntity
  8
CUT
100
AcDbLine
 10
433.3236499999998
 20
269.1500888888887
 30
0.0
 11
433.3236499999998
 21
284.67125277777757
 31
0.0
  0
LINE
  5
357
330
17
100
AcDbEntity
  8
CUT
100
AcDbLine
 10
433.3236499999998
 20
250.628197222222
 30
0.0
 11
433.3236499999998
 21
266.149361111111
 31
0.0
  0
LINE
  5
358
330
17
100
AcDbEntity
  8
CUT
100
AcDbLine
 10
427.3560611111111
 20
284.67125277777757
 30
0.0
 11
427.3560611111111
 21
269.1500888888887
 31
0.0
  0
LINE
  5
359
330
17
100
AcDbEntity
  8
CUT
100
AcDbLine
 10
427.3560611111111
 20
266.149361111111
 30
0.0
 11
427.3560611111111
 21
250.628197222222
 31
0.0
  0
LINE
  5
35A
330
17
100
AcDbEntity
  8
CUT
100
AcDbLine
 10
436.3243777777776
 20
266.149361111111
 30
0.0
 11
436.3243777777776
 21
269.1500888888887
 31
0.0
  0
LINE
  5
35B
330
17
100
AcDbEntity
  8
CUT
100
AcDbLine
 10
424.3556861111111
 20
269.1500888888887
 30
0.0
 11
424.3556861111111
 21
266.149361111111
 31
0.0
  0
CIRCLE
  5
35C
330
17
100
AcDbEntity
  8
CUT
100
AcDbCircle
 10
396.1711675773403
 20
240.2575169541309
 30
0.0
 40
18.02775637731996
  0
CIRCLE
  5
35D
330
17
100
AcDbEntity
  8
CUT
100
AcDbCircle
 10
386.1711675773403
 20
210.2575169541309
 30
0.0
 40
2.500000000000006
  0
CIRCLE
  5
35E
330
17
100
AcDbEntity
  8
CUT
100
AcDbCircle
 10
386.1711675773403
 20
270.2575169541309
 30
0.0
 40
2.49999999999999
  0
LINE
  5
35F
330
17
100
AcDbEntity
  8
ENGRAVE
100
AcDbLine
 10
428.2721396089407
 20
206.94600961247318
 30
0.0
 11
428.2721396089407
 21
209.7459668878638
 31
0.0
  0
LINE
  5
360
330
17
100
AcDbEntity
  8
ENGRAVE
100
AcDbLine
 10
428.2721396089407
 20
209.7459668878638
 30
0.0
 11
426.87216097124536
 21
210.44595620671146
 31
0.0
  0
LINE
  5
361
330
17
100
AcDbEntity
  8
ENGRAVE
100
AcDbLine
 10
426.87216097124536
 20
210.44595620671146
 30
0.0
 11
422.6722250581594
 21
210.44595620671146
 31
0.0
  0
LINE
  5
362
330
17
100
AcDbEntity
  8
ENGRAVE
100
AcDbLine
 10
422.6722250581594
 20
210.44595620671146
 30
0.0
 11
421.2722464204641
 21
209.7459668878638
 31
0.0
  0
LINE
  5
363
330
17
100
AcDbEntity
  8
ENGRAVE
100
AcDbLine
 10
421.2722464204641
 20
209.7459668878638
 30
0.0
 11
421.2722464204641
 21
206.94600961247318
 31
0.0
  0
LINE
  5
364
330
17
100
AcDbEntity
  8
ENGRAVE
100
AcDbLine
 10
421.2722464204641
 20
206.94600961247318
 30
0.0
 11
422.6722250581594
 21
206.24602029362552
 31
0.0
  0
LINE
  5
365
330
17
100
AcDbEntity
  8
ENGRAVE
100
AcDbLine
 10
422.6722250581594
 20
206.24602029362552
 30
0.0
 11
426.87216097124536
 21
206.24602029362552
 31
0.0
  0
LINE
  5
366
330
17
100
AcDbEntity
  8
ENGRAVE
100
AcDbLine
 10
426.87216097124536
 20
206.24602029362552
 30
0.0
 11
428.2721396089407
 21
206.94600961247318
 31
0.0
  0
LINE
  5
367
330
17
100
AcDbEntity
  8
ENGRAVE
100
AcDbLine
 10
424.7721930147024
 20
213.24591348210208
 30
0.0
 11
424.21220155962425
 21
212.54592416325443
 31
0.0
  0
LINE
  5
368
330
17
100
AcDbEntity
  8
ENGRAVE
100
AcDbLine
 10
424.21220155962425
 20
212.54592416325443
 30
0.0
 11
421.97223573931177
 21
212.54592416325443
 31
0.0
  0
LINE
  5
369
330
17
100
AcDbEntity
  8
ENGRAVE
100
AcDbLine
 10
421.97223573931177
 20
212.54592416325443
 30
0.0
 11
421.2722464204641
 21
213.24591348210208
 31
0.0
  0
LINE
  5
36A
330
17
100
AcDbEntity
  8
ENGRAVE
100
AcDbLine
 10
421.2722464204641
 20
213.24591348210208
 30
0.0
 11
421.2722464204641
 21
214.6458921197974
 31
0.0
  0
LINE
  5
36B
330
17
100
AcDbEntity
  8
ENGRAVE
100
AcDbLine
 10
421.2722464204641
 20
214.6458921197974
 30
0.0
 11
421.97223573931177
 21
215.34588143864505
 31
0.0
  0
LINE
  5
36C
330
17
100
AcDbEntity
  8
ENGRAVE
100
AcDbLine
 10
421.97223573931177
 20
215.34588143864505
 30
0.0
 11
424.21220155962425
 21
215.34588143864505
 31
0.0
  0
LINE
  5
36D
330
17
100
AcDbEntity
  8
ENGRAVE
100
AcDbLine
 10
424.21220155962425
 20
215.34588143864505
 30
0.0
 11
424.7721930147024
 21
214.6458921197974
 31
0.0
  0
LINE
  5
36E
330
17
100
AcDbEntity
  8
ENGRAVE
100
AcDbLine
 10
424.7721930147024
 20
214.6458921197974
 30
0.0
 11
424.7721930147024
 21
213.24591348210208
 31
0.0
  0
LINE
  5
36F
330
17
100
AcDbEntity
  8
ENGRAVE
100
AcDbLine
 10
424.7721930147024
 20
213.24591348210208
 30
0.0
 11
425.47218233355005
 21
212.33592736760014
 31
0.0
  0
LINE
  5
370
330
17
100
AcDbEntity
  8
ENGRAVE
100
AcDbLine
 10
425.47218233355005
 20
212.33592736760014
 30
0.0
 11
427.572150290093
 21
212.33592736760014
 31
0.0
  0
LINE
  5
371
330
17
100
AcDbEntity
  8
ENGRAVE
100
AcDbLine
 10
427.572150290093
 20
212.33592736760014
 30
0.0
 11
428.2721396089407
 21
213.24591348210208
 31
0.0
  0
LINE
  5
372
330
17
100
AcDbEntity
  8
ENGRAVE
100
AcDbLine
 10
428.2721396089407
 20
213.24591348210208
 30
0.0
 11
428.2721396089407
 21
214.6458921197974
 31
0.0
  0
LINE
  5
373
330
17
100
AcDbEntity
  8
ENGRAVE
100
AcDbLine
 10
428.2721396089407
 20
214.6458921197974
 30
0.0
 11
427.572150290093
 21
215.55587823429934
 31
0.0
  0
LINE
  5
374
330
17
100
AcDbEntity
  8
ENGRAVE
100
AcDbLine
 10
427.572150290093
 20
215.55587823429934
 30
0.0
 11
425.47218233355005
 21
215.55587823429934
 31
0.0
  0
LINE
  5
375
330
17
100
AcDbEntity
  8
ENGRAVE
100
AcDbLine
 10
425.47218233355005
 20
215.55587823429934
 30
0.0
 11
424.7721930147024
 21
214.6458921197974
 31
0.0
  0
LINE
  5
376
330
17
100
AcDbEntity
  8
CUT
100
AcDbLine
 10
411.1540361111111
 20
400.7270055555555
 30
0.0
 11
419.5332138888887
 21
400.7270055555555
 31
0.0
  0
LINE
  5
377
330
17
100
AcDbEntity
  8
CUT
100
AcDbLine
 10
385.4912166666666
 20
400.7270055555555
 30
0.0
 11
401.1520805555554
 21
400.7270055555555
 31
0.0
  0
LINE
  5
378
330
17
100
AcDbEntity
  8
CUT
100
AcDbLine
 10
365.48765833333323
 20
400.7270055555555
 30
0.0
 11
375.4896138888887
 21
400.7270055555555
 31
0.0
  0
LINE
  5
379
330
17
100
AcDbEntity
  8
CUT
100
AcDbLine
 10
419.5332138888887
 20
403.7277333333334
 30
0.0
 11
429.5351694444444
 21
403.7277333333334
 31
0.0
  0
LINE
  5
37A
330
17
100
AcDbEntity
  8
CUT
100
AcDbLine
 10
375.4896138888887
 20
403.7277333333334
 30
0.0
 11
385.4912166666666
 21
403.7277333333334
 31
0.0
  0
LINE
  5
37B
330
17
100
AcDbEntity
  8
CUT
100
AcDbLine
 10
401.1520805555554
 20
403.7277333333334
 30
0.0
 11
411.1540361111111
 21
403.7277333333334
 31
0.0
  0
LINE
  5
37C
330
17
100
AcDbEntity
  8
CUT
100
AcDbLine
 10
439.5367722222222
 20
294.6728333333333
 30
0.0
 11
365.48765833333323
 21
294.6728333333333
 31
0.0
  0
LINE
  5
37D
330
17
100
AcDbEntity
  8
CUT
100
AcDbLine
 10
439.5367722222222
 20
303.6746638888888
 30
0.0
 11
404.42409444444434
 21
303.6746638888888
 31
0.0
  0
LINE
  5
37E
330
17
100
AcDbEntity
  8
CUT
100
AcDbLine
 10
429.5351694444444
 20
400.7270055555555
 30
0.0
 11
439.5367722222222
 21
400.7270055555555
 31
0.0
  0
LINE
  5
37F
330
17
100
AcDbEntity
  8
CUT
100
AcDbLine
 10
404.42409444444434
 20
300.6742888888889
 30
0.0
 11
439.5367722222222
 21
300.6742888888889
 31
0.0
  0
LINE
  5
380
330
17
100
AcDbEntity
  8
CUT
100
AcDbLine
 10
404.42409444444434
 20
303.6746638888888
 30
0.0
 11
404.42409444444434
 21
300.6742888888889
 31
0.0
  0
LINE
  5
381
330
17
100
AcDbEntity
  8
CUT
100
AcDbLine
 10
439.5367722222222
 20
400.7270055555555
 30
0.0
 11
439.5367722222222
 21
303.6746638888888
 31
0.0
  0
LINE
  5
382
330
17
100
AcDbEntity
  8
CUT
100
AcDbLine
 10
439.5367722222222
 20
300.6742888888889
 30
0.0
 11
439.5367722222222
 21
294.6728333333333
 31
0.0
  0
LINE
  5
383
330
17
100
AcDbEntity
  8
CUT
100
AcDbLine
 10
401.1520805555554
 20
400.7270055555555
 30
0.0
 11
401.1520805555554
 21
403.7277333333334
 31
0.0
  0
LINE
  5
384
330
17
100
AcDbEntity
  8
CUT
100
AcDbLine
 10
411.1540361111111
 20
403.7277333333334
 30
0.0
 11
411.1540361111111
 21
400.7270055555555
 31
0.0
  0
LINE
  5
385
330
17
100
AcDbEntity
  8
CUT
100
AcDbLine
 10
375.4896138888887
 20
400.7270055555555
 30
0.0
 11
375.4896138888887
 21
403.7277333333334
 31
0.0
  0
LINE
  5
386
330
17
100
AcDbEntity
  8
CUT
100
AcDbLine
 10
385.4912166666666
 20
403.7277333333334
 30
0.0
 11
385.4912166666666
 21
400.7270055555555
 31
0.0
  0
LINE
  5
387
330
17
100
AcDbEntity
  8
CUT
100
AcDbLine
 10
419.5332138888887
 20
400.7270055555555
 30
0.0
 11
419.5332138888887
 21
403.7277333333334
 31
0.0
  0
LINE
  5
388
330
17
100
AcDbEntity
  8
CUT
100
AcDbLine
 10
429.5351694444444
 20
403.7277333333334
 30
0.0
 11
429.5351694444444
 21
400.7270055555555
 31
0.0
  0
LINE
  5
389
330
17
100
AcDbEntity
  8
CUT
100
AcDbLine
 10
365.48765833333323
 20
294.6728333333333
 30
0.0
 11
365.48765833333323
 21
400.72700555555537
 31
0.0
  0
LINE
  5
38A
330
17
100
AcDbEntity
  8
CUT
100
AcDbLine
 10
422.4637388888888
 20
345.1666222222222
 30
0.0
 11
419.7124249999999
 21
346.3632444444444
 31
0.0
  0
LINE
  5
38B
330
17
100
AcDbEntity
  8
CUT
100
AcDbLine
 10
419.2735694444443
 20
337.82884444444437
 30
0.0
 11
422.4637388888888
 21
345.1666222222222
 31
0.0
  0
LINE
  5
38C
330
17
100
AcDbEntity
  8
CUT
100
AcDbLine
 10
419.7124249999999
 20
346.3632444444444
 30
0.0
 11
416.5219027777775
 21
339.02511388888877
 31
0.0
  0
LINE
  5
38D
330
17
100
AcDbEntity
  8
CUT
100
AcDbLine
 10
416.5219027777775
 20
339.02511388888877
 30
0.0
 11
419.2735694444443
 21
337.82884444444437
 31
0.0
  0
LINE
  5
38E
330
17
100
AcDbEntity
  8
CUT
100
AcDbLine
 10
410.8047861111111
 20
318.3505722222222
 30
0.0
 11
408.0531194444443
 21
319.54719444444436
 31
0.0
  0
LINE
  5
38F
330
17
100
AcDbEntity
  8
CUT
100
AcDbLine
 10
408.0531194444443
 20
319.54719444444436
 30
0.0
 11
404.86259722222223
 21
312.2090638888888
 31
0.0
  0
LINE
  5
390
330
17
100
AcDbEntity
  8
CUT
100
AcDbLine
 10
404.86259722222223
 20
312.2090638888888
 30
0.0
 11
407.61426388888873
 21
311.01279444444435
 31
0.0
  0
LINE
  5
391
330
17
100
AcDbEntity
  8
CUT
100
AcDbLine
 10
407.61426388888873
 20
311.01279444444435
 30
0.0
 11
410.8047861111111
 21
318.3505722222222
 31
0.0
  0
LINE
  5
392
330
17
100
AcDbEntity
  8
CUT
100
AcDbLine
 10
410.4689416666666
 20
389.82405555555556
 30
0.0
 11
407.2784194444443
 21
397.16218611111094
 31
0.0
  0
LINE
  5
393
330
17
100
AcDbEntity
  8
CUT
100
AcDbLine
 10
404.52675277777763
 20
395.9655638888888
 30
0.0
 11
407.7172749999999
 21
388.62778611111105
 31
0.0
  0
LINE
  5
394
330
17
100
AcDbEntity
  8
CUT
100
AcDbLine
 10
407.7172749999999
 20
388.62778611111105
 30
0.0
 11
410.4689416666666
 21
389.82405555555556
 31
0.0
  0
LINE
  5
395
330
17
100
AcDbEntity
  8
CUT
100
AcDbLine
 10
407.2784194444443
 20
397.16218611111094
 30
0.0
 11
404.52675277777763
 21
395.9655638888888
 31
0.0
  0
LINE
  5
396
330
17
100
AcDbEntity
  8
CUT
100
AcDbLine
 10
419.2735694444443
 20
369.5735527777776
 30
0.0
 11
416.5219027777775
 21
368.37693055555536
 31
0.0
  0
LINE
  5
397
330
17
100
AcDbEntity
  8
CUT
100
AcDbLine
 10
422.4637388888888
 20
362.23542222222216
 30
0.0
 11
419.2735694444443
 21
369.5735527777776
 31
0.0
  0
LINE
  5
398
330
17
100
AcDbEntity
  8
CUT
100
AcDbLine
 10
419.7124249999999
 20
361.0391527777777
 30
0.0
 11
422.4637388888888
 21
362.23542222222216
 31
0.0
  0
LINE
  5
399
330
17
100
AcDbEntity
  8
CUT
100
AcDbLine
 10
416.5219027777775
 20
368.37693055555536
 30
0.0
 11
419.7124249999999
 21
361.0391527777777
 31
0.0
  0
LINE
  5
39A
330
17
100
AcDbEntity
  8
CUT
100
AcDbLine
 10
427.3560611111111
 20
362.6830972222221
 30
0.0
 11
433.3236499999998
 21
362.6830972222221
 31
0.0
  0
LINE
  5
39B
330
17
100
AcDbEntity
  8
CUT
100
AcDbLine
 10
433.3236499999998
 20
396.72615277777766
 30
0.0
 11
427.3560611111111
 21
396.72615277777766
 31
0.0
  0
LINE
  5
39C
330
17
100
AcDbEntity
  8
CUT
100
AcDbLine
 10
436.3243777777776
 20
381.2049888888888
 30
0.0
 11
433.3236499999998
 21
381.2049888888888
 31
0.0
  0
LINE
  5
39D
330
17
100
AcDbEntity
  8
CUT
100
AcDbLine
 10
424.3556861111111
 20
378.20426111111107
 30
0.0
 11
427.3560611111111
 21
378.20426111111107
 31
0.0
  0
LINE
  5
39E
330
17
100
AcDbEntity
  8
CUT
100
AcDbLine
 10
433.3236499999998
 20
378.20426111111107
 30
0.0
 11
436.3243777777776
 21
378.20426111111107
 31
0.0
  0
LINE
  5
39F
330
17
100
AcDbEntity
  8
CUT
100
AcDbLine
 10
427.3560611111111
 20
381.2049888888888
 30
0.0
 11
424.3556861111111
 21
381.2049888888888
 31
0.0
  0
LINE
  5
3A0
330
17
100
AcDbEntity
  8
CUT
100
AcDbLine
 10
433.3236499999998
 20
381.2049888888888
 30
0.0
 11
433.3236499999998
 21
396.72615277777766
 31
0.0
  0
LINE
  5
3A1
330
17
100
AcDbEntity
  8
CUT
100
AcDbLine
 10
433.3236499999998
 20
362.6830972222221
 30
0.0
 11
433.3236499999998
 21
378.20426111111107
 31
0.0
  0
LINE
  5
3A2
330
17
100
AcDbEntity
  8
CUT
100
AcDbLine
 10
427.3560611111111
 20
396.72615277777766
 30
0.0
 11
427.3560611111111
 21
381.2049888888888
 31
0.0
  0
LINE
  5
3A3
330
17
100
AcDbEntity
  8
CUT
100
AcDbLine
 10
427.3560611111111
 20
378.20426111111107
 30
0.0
 11
427.3560611111111
 21
362.6830972222221
 31
0.0
  0
LINE
  5
3A4
330
17
100
AcDbEntity
  8
CUT
100
AcDbLine
 10
436.3243777777776
 20
378.20426111111107
 30
0.0
 11
436.3243777777776
 21
381.2049888888888
 31
0.0
  0
LINE
  5
3A5
330
17
100
AcDbEntity
  8
CUT
100
AcDbLine
 10
424.3556861111111
 20
381.2049888888888
 30
0.0
 11
424.3556861111111
 21
378.20426111111107
 31
0.0
  0
CIRCLE
  5
3A6
330
17
100
AcDbEntity
  8
CUT
100
AcDbCircle
 10
396.1711675773403
 20
352.312416954131
 30
0.0
 40
18.02775637731996
  0
CIRCLE
  5
3A7
330
17
100
AcDbEntity
  8
CUT
100
AcDbCircle
 10
386.1711675773403
 20
322.312416954131
 30
0.0
 40
2.500000000000006
  0
CIRCLE
  5
3A8
330
17
100
AcDbEntity
  8
CUT
100
AcDbCircle
 10
386.1711675773403
 20
382.312416954131
 30
0.0
 40
2.49999999999999
  0
LINE
  5
3A9
330
17
100
AcDbEntity
  8
ENGRAVE
100
AcDbLine
 10
428.2721396089407
 20
319.00090961247327
 30
0.0
 11
428.2721396089407
 21
321.8008668878639
 31
0.0
  0
LINE
  5
3AA
330
17
100
AcDbEntity
  8
ENGRAVE
100
AcDbLine
 10
428.2721396089407
 20
321.8008668878639
 30
0.0
 11
426.87216097124536
 21
322.50085620671155
 31
0.0
  0
LINE
  5
3AB
330
17
100
AcDbEntity
  8
ENGRAVE
100
AcDbLine
 10
426.87216097124536
 20
322.50085620671155
 30
0.0
 11
422.6722250581594
 21
322.50085620671155
 31
0.0
  0
LINE
  5
3AC
330
17
100
AcDbEntity
  8
ENGRAVE
100
AcDbLine
 10
422.6722250581594
 20
322.50085620671155
 30
0.0
 11
421.2722464204641
 21
321.8008668878639
 31
0.0
  0
LINE
  5
3AD
330
17
100
AcDbEntity
  8
ENGRAVE
100
AcDbLine
 10
421.2722464204641
 20
321.8008668878639
 30
0.0
 11
421.2722464204641
 21
319.00090961247327
 31
0.0
  0
LINE
  5
3AE
330
17
100
AcDbEntity
  8
ENGRAVE
100
AcDbLine
 10
421.2722464204641
 20
319.00090961247327
 30
0.0
 11
422.6722250581594
 21
318.3009202936256
 31
0.0
  0
LINE
  5
3AF
330
17
100
AcDbEntity
  8
ENGRAVE
100
AcDbLine
 10
422.6722250581594
 20
318.3009202936256
 30
0.0
 11
426.87216097124536
 21
318.3009202936256
 31
0.0
  0
LINE
  5
3B0
330
17
100
AcDbEntity
  8
ENGRAVE
100
AcDbLine
 10
426.87216097124536
 20
318.3009202936256
 30
0.0
 11
428.2721396089407
 21
319.00090961247327
 31
0.0
  0
LINE
  5
3B1
330
17
100
AcDbEntity
  8
ENGRAVE
100
AcDbLine
 10
424.7721930147024
 20
325.30081348210217
 30
0.0
 11
424.21220155962425
 21
324.6008241632545
 31
0.0
  0
LINE
  5
3B2
330
17
100
AcDbEntity
  8
ENGRAVE
100
AcDbLine
 10
424.21220155962425
 20
324.6008241632545
 30
0.0
 11
421.97223573931177
 21
324.6008241632545
 31
0.0
  0
LINE
  5
3B3
330
17
100
AcDbEntity
  8
ENGRAVE
100
AcDbLine
 10
421.97223573931177
 20
324.6008241632545
 30
0.0
 11
421.2722464204641
 21
325.30081348210217
 31
0.0
  0
LINE
  5
3B4
330
17
100
AcDbEntity
  8
ENGRAVE
100
AcDbLine
 10
421.2722464204641
 20
325.30081348210217
 30
0.0
 11
421.2722464204641
 21
326.7007921197975
 31
0.0
  0
LINE
  5
3B5
330
17
100
AcDbEntity
  8
ENGRAVE
100
AcDbLine
 10
421.2722464204641
 20
326.7007921197975
 30
0.0
 11
421.97223573931177
 21
327.40078143864514
 31
0.0
  0
LINE
  5
3B6
330
17
100
AcDbEntity
  8
ENGRAVE
100
AcDbLine
 10
421.97223573931177
 20
327.40078143864514
 30
0.0
 11
424.21220155962425
 21
327.40078143864514
 31
0.0
  0
LINE
  5
3B7
330
17
100
AcDbEntity
  8
ENGRAVE
100
AcDbLine
 10
424.21220155962425
 20
327.40078143864514
 30
0.0
 11
424.7721930147024
 21
326.7007921197975
 31
0.0
  0
LINE
  5
3B8
330
17
100
AcDbEntity
  8
ENGRAVE
100
AcDbLine
 10
424.7721930147024
 20
326.7007921197975
 30
0.0
 11
424.7721930147024
 21
325.30081348210217
 31
0.0
  0
LINE
  5
3B9
330
17
100
AcDbEntity
  8
ENGRAVE
100
AcDbLine
 10
424.7721930147024
 20
325.30081348210217
 30
0.0
 11
425.47218233355005
 21
324.3908273676002
 31
0.0
  0
LINE
  5
3BA
330
17
100
AcDbEntity
  8
ENGRAVE
100
AcDbLine
 10
425.47218233355005
 20
324.3908273676002
 30
0.0
 11
427.572150290093
 21
324.3908273676002
 31
0.0
  0
LINE
  5
3BB
330
17
100
AcDbEntity
  8
ENGRAVE
100
AcDbLine
 10
427.572150290093
 20
324.3908273676002
 30
0.0
 11
428.2721396089407
 21
325.30081348210217
 31
0.0
  0
LINE
  5
3BC
330
17
100
AcDbEntity
  8
ENGRAVE
100
AcDbLine
 10
428.2721396089407
 20
325.30081348210217
 30
0.0
 11
428.2721396089407
 21
326.7007921197975
 31
0.0
  0
LINE
  5
3BD
330
17
100
AcDbEntity
  8
ENGRAVE
100
AcDbLine
 10
428.2721396089407
 20
326.7007921197975
 30
0.0
 11
427.572150290093
 21
327.61077823429946
 31
0.0
  0
LINE
  5
3BE
330
17
100
AcDbEntity
  8
ENGRAVE
100
AcDbLine
 10
427.572150290093
 20
327.61077823429946
 30
0.0
 11
425.47218233355005
 21
327.61077823429946
 31
0.0
  0
LINE
  5
3BF
330
17
100
AcDbEntity
  8
ENGRAVE
100
AcDbLine
 10
425.47218233355005
 20
327.61077823429946
 30
0.0
 11
424.7721930147024
 21
326.7007921197975
 31
0.0
  0
LINE
  5
3C0
330
17
100
AcDbEntity
  8
CUT
100
AcDbLine
 10
113.50526111111111
 20
389.22010000000006
 30
0.0
 11
113.50526111111111
 21
399.22205555555576
 31
0.0
  0
LINE
  5
3C1
330
17
100
AcDbEntity
  8
CUT
100
AcDbLine
 10
110.50453333333343
 20
379.2181444444444
 30
0.0
 11
110.50453333333343
 21
389.22010000000006
 31
0.0
  0
LINE
  5
3C2
330
17
100
AcDbEntity
  8
CUT
100
AcDbLine
 10
6.5
 20
436.46656944444453
 30
0.0
 11
6.5
 21
379.2181444444444
 31
0.0
  0
LINE
  5
3C3
330
17
100
AcDbEntity
  8
CUT
100
AcDbLine
 10
110.50453333333343
 20
426.46461388888895
 30
0.0
 11
110.50453333333343
 21
436.46656944444453
 31
0.0
  0
LINE
  5
3C4
330
17
100
AcDbEntity
  8
CUT
100
AcDbLine
 10
110.50453333333343
 20
399.22205555555576
 30
0.0
 11
110.50453333333343
 21
416.4626583333334
 31
0.0
  0
LINE
  5
3C5
330
17
100
AcDbEntity
  8
CUT
100
AcDbLine
 10
113.50526111111111
 20
416.4626583333334
 30
0.0
 11
113.50526111111111
 21
426.46461388888895
 31
0.0
  0
LINE
  5
3C6
330
17
100
AcDbEntity
  8
CUT
100
AcDbLine
 10
110.50453333333343
 20
436.46656944444453
 30
0.0
 11
6.5
 21
436.46656944444453
 31
0.0
  0
LINE
  5
3C7
330
17
100
AcDbEntity
  8
CUT
100
AcDbLine
 10
110.50453333333343
 20
389.22010000000006
 30
0.0
 11
113.50526111111111
 21
389.22010000000006
 31
0.0
  0
LINE
  5
3C8
330
17
100
AcDbEntity
  8
CUT
100
AcDbLine
 10
113.50526111111111
 20
399.22205555555576
 30
0.0
 11
110.50453333333343
 21
399.22205555555576
 31
0.0
  0
LINE
  5
3C9
330
17
100
AcDbEntity
  8
CUT
100
AcDbLine
 10
113.50526111111111
 20
426.46461388888895
 30
0.0
 11
110.50453333333343
 21
426.46461388888895
 31
0.0
  0
LINE
  5
3CA
330
17
100
AcDbEntity
  8
CUT
100
AcDbLine
 10
6.5
 20
379.2181444444444
 30
0.0
 11
110.50453333333343
 21
379.2181444444444
 31
0.0
  0
LINE
  5
3CB
330
17
100
AcDbEntity
  8
CUT
100
AcDbLine
 10
110.50453333333343
 20
416.4626583333334
 30
0.0
 11
113.50526111111111
 21
416.4626583333334
 31
0.0
  0
LINE
  5
3CC
330
17
100
AcDbEntity
  8
CUT
100
AcDbLine
 10
13.452191666666693
 20
398.2219305555557
 30
0.0
 11
13.452191666666693
 21
390.220225
 31
0.0
  0
LINE
  5
3CD
330
17
100
AcDbEntity
  8
CUT
100
AcDbLine
 10
10.45181666666673
 20
390.220225
 30
0.0
 11
10.45181666666673
 21
398.2219305555557
 31
0.0
  0
LINE
  5
3CE
330
17
100
AcDbEntity
  8
CUT
100
AcDbLine
 10
10.45181666666673
 20
398.2219305555557
 30
0.0
 11
13.452191666666693
 21
398.2219305555557
 31
0.0
  0
LINE
  5
3CF
330
17
100
AcDbEntity
  8
CUT
100
AcDbLine
 10
13.452191666666693
 20
390.220225
 30
0.0
 11
10.45181666666673
 21
390.220225
 31
0.0
  0
LINE
  5
3D0
330
17
100
AcDbEntity
  8
CUT
100
AcDbLine
 10
13.452191666666693
 20
428.4652166666667
 30
0.0
 11
13.452191666666693
 21
420.46351111111136
 31
0.0
  0
LINE
  5
3D1
330
17
100
AcDbEntity
  8
CUT
100
AcDbLine
 10
10.45181666666673
 20
420.46351111111136
 30
0.0
 11
10.45181666666673
 21
428.4652166666667
 31
0.0
  0
LINE
  5
3D2
330
17
100
AcDbEntity
  8
CUT
100
AcDbLine
 10
13.452191666666693
 20
420.46351111111136
 30
0.0
 11
10.45181666666673
 21
420.46351111111136
 31
0.0
  0
LINE
  5
3D3
330
17
100
AcDbEntity
  8
CUT
100
AcDbLine
 10
10.45181666666673
 20
428.4652166666667
 30
0.0
 11
13.452191666666693
 21
428.4652166666667
 31
0.0
  0
LINE
  5
3D4
330
17
100
AcDbEntity
  8
ENGRAVE
100
AcDbLine
 10
78.3035024696153
 20
409.31978803707835
 30
0.0
 11
79.70348110731061
 21
410.71976667477367
 31
0.0
  0
LINE
  5
3D5
330
17
100
AcDbEntity
  8
ENGRAVE
100
AcDbLine
 10
79.70348110731061
 20
410.71976667477367
 30
0.0
 11
79.70348110731061
 21
403.7198734862971
 31
0.0
  0
LINE
  5
3D6
330
17
100
AcDbEntity
  8
ENGRAVE
100
AcDbLine
 10
78.3035024696153
 20
403.7198734862971
 30
0.0
 11
81.10345974500592
 21
403.7198734862971
 31
0.0
  0
LINE
  5
3D7
330
17
100
AcDbEntity
  8
ENGRAVE
100
AcDbLine
 10
83.90341702039655
 20
403.7198734862971
 30
0.0
 11
86.70337429578717
 21
403.7198734862971
 31
0.0
  0
LINE
  5
3D8
330
17
100
AcDbEntity
  8
ENGRAVE
100
AcDbLine
 10
86.70337429578717
 20
403.7198734862971
 30
0.0
 11
87.40336361463483
 21
405.1198521239924
 31
0.0
  0
LINE
  5
3D9
330
17
100
AcDbEntity
  8
ENGRAVE
100
AcDbLine
 10
87.40336361463483
 20
405.1198521239924
 30
0.0
 11
87.40336361463483
 21
409.31978803707835
 31
0.0
  0
LINE
  5
3DA
330
17
100
AcDbEntity
  8
ENGRAVE
100
AcDbLine
 10
87.40336361463483
 20
409.31978803707835
 30
0.0
 11
86.70337429578717
 21
410.71976667477367
 31
0.0
  0
LINE
  5
3DB
330
17
100
AcDbEntity
  8
ENGRAVE
100
AcDbLine
 10
86.70337429578717
 20
410.71976667477367
 30
0.0
 11
83.90341702039655
 21
410.71976667477367
 31
0.0
  0
LINE
  5
3DC
330
17
100
AcDbEntity
  8
ENGRAVE
100
AcDbLine
 10
83.90341702039655
 20
410.71976667477367
 30
0.0
 11
83.20342770154889
 21
409.31978803707835
 31
0.0
  0
LINE
  5
3DD
330
17
100
AcDbEntity
  8
ENGRAVE
100
AcDbLine
 10
83.20342770154889
 20
409.31978803707835
 30
0.0
 11
83.20342770154889
 21
405.1198521239924
 31
0.0
  0
LINE
  5
3DE
330
17
100
AcDbEntity
  8
ENGRAVE
100
AcDbLine
 10
83.20342770154889
 20
405.1198521239924
 30
0.0
 11
83.90341702039655
 21
403.7198734862971
 31
0.0
  0
LINE
  5
3DF
330
17
100
AcDbEntity
  8
CUT
100
AcDbLine
 10
386.09658333333334
 20
72.41511666666673
 30
0.0
 11
380.28492222222224
 21
66.39884444444442
 31
0.0
  0
LINE
  5
3E0
330
17
100
AcDbEntity
  8
CUT
100
AcDbLine
 10
378.72564444444447
 20
68.00786388888883
 30
0.0
 11
378.2197611111111
 21
68.8019666666666
 31
0.0
  0
LINE
  5
3E1
330
17
100
AcDbEntity
  8
CUT
100
AcDbLine
 10
377.7798472222222
 20
73.3739666666666
 30
0.0
 11
378.12486388888897
 21
74.25026666666673
 31
0.0
  0
LINE
  5
3E2
330
17
100
AcDbEntity
  8
CUT
100
AcDbLine
 10
378.12486388888897
 20
74.25026666666673
 30
0.0
 11
378.60287777777785
 21
75.06130277777771
 31
0.0
  0
LINE
  5
3E3
330
17
100
AcDbEntity
  8
CUT
100
AcDbLine
 10
379.3493555555555
 20
67.30230833333331
 30
0.0
 11
378.72564444444447
 21
68.00786388888883
 31
0.0
  0
LINE
  5
3E4
330
17
100
AcDbEntity
  8
CUT
100
AcDbLine
 10
380.28492222222224
 20
66.39884444444442
 30
0.0
 11
379.3493555555555
 21
67.30230833333331
 31
0.0
  0
LINE
  5
3E5
330
17
100
AcDbEntity
  8
CUT
100
AcDbLine
 10
379.2018944444444
 20
75.78802499999995
 30
0.0
 11
382.253775
 21
78.94644444444441
 31
0.0
  0
LINE
  5
3E6
330
17
100
AcDbEntity
  8
CUT
100
AcDbLine
 10
382.32750555555555
 20
86.09866111111114
 30
0.0
 11
382.54763888888897
 21
87.0144722222222
 31
0.0
  0
LINE
  5
3E7
330
17
100
AcDbEntity
  8
CUT
100
AcDbLine
 10
378.60287777777785
 20
75.06130277777771
 30
0.0
 11
379.2018944444444
 21
75.78802499999995
 31
0.0
  0
LINE
  5
3E8
330
17
100
AcDbEntity
  8
CUT
100
AcDbLine
 10
388.25487777777784
 20
22.93909166666674
 30
0.0
 11
387.58883333333335
 21
22.643463888888903
 31
0.0
  0
LINE
  5
3E9
330
17
100
AcDbEntity
  8
CUT
100
AcDbLine
 10
391.25560555555563
 20
85.15991944444443
 30
0.0
 11
401.7299305555556
 21
75.04295833333333
 31
0.0
  0
LINE
  5
3EA
330
17
100
AcDbEntity
  8
CUT
100
AcDbLine
 10
380.6966138888889
 20
26.042125
 30
0.0
 11
380.56608611111113
 21
26.697938888888814
 31
0.0
  0
LINE
  5
3EB
330
17
100
AcDbEntity
  8
CUT
100
AcDbLine
 10
377.84405277777785
 20
69.66556666666673
 30
0.0
 11
377.60839722222227
 21
70.5771444444444
 31
0.0
  0
LINE
  5
3EC
330
17
100
AcDbEntity
  8
CUT
100
AcDbLine
 10
385.53037500000005
 20
90.5069722222222
 30
0.0
 11
386.40032500000007
 21
90.86751111111113
 31
0.0
  0
LINE
  5
3ED
330
17
100
AcDbEntity
  8
CUT
100
AcDbLine
 10
381.5785583333333
 20
24.25354166666665
 30
0.0
 11
381.20708333333334
 21
24.809872222222225
 31
0.0
  0
LINE
  5
3EE
330
17
100
AcDbEntity
  8
CUT
100
AcDbLine
 10
378.2197611111111
 20
68.8019666666666
 30
0.0
 11
377.84405277777785
 21
69.66556666666673
 31
0.0
  0
LINE
  5
3EF
330
17
100
AcDbEntity
  8
CUT
100
AcDbLine
 10
386.9555972222222
 20
22.428622222222202
 30
0.0
 11
386.3001361111111
 21
22.298094444444416
 31
0.0
  0
LINE
  5
3F0
330
17
100
AcDbEntity
  8
CUT
100
AcDbLine
 10
383.39995000000005
 20
88.68734444444453
 30
0.0
 11
384.01131388888894
 21
89.40348333333333
 31
0.0
  0
LINE
  5
3F1
330
17
100
AcDbEntity
  8
CUT
100
AcDbLine
 10
391.25560555555563
 20
39.039869444444435
 30
0.0
 11
388.25487777777784
 21
39.039869444444435
 31
0.0
  0
LINE
  5
3F2
330
17
100
AcDbEntity
  8
CUT
100
AcDbLine
 10
384.96593055555553
 20
22.298094444444416
 30
0.0
 11
384.31046944444444
 21
22.428622222222202
 31
0.0
  0
LINE
  5
3F3
330
17
100
AcDbEntity
  8
CUT
100
AcDbLine
 10
380.52234166666676
 20
27.36504166666674
 30
0.0
 11
380.79398055555555
 21
44.91115000000002
 31
0.0
  0
LINE
  5
3F4
330
17
100
AcDbEntity
  8
CUT
100
AcDbLine
 10
382.52188611111114
 20
23.310566666666716
 30
0.0
 11
382.01953055555555
 21
23.75118611111111
 31
0.0
  0
LINE
  5
3F5
330
17
100
AcDbEntity
  8
CUT
100
AcDbLine
 10
384.31046944444444
 20
22.428622222222202
 30
0.0
 11
383.67723333333333
 21
22.643463888888903
 31
0.0
  0
LINE
  5
3F6
330
17
100
AcDbEntity
  8
CUT
100
AcDbLine
 10
386.3001361111111
 20
22.298094444444416
 30
0.0
 11
385.63303333333334
 21
22.254350000000045
 31
0.0
  0
LINE
  5
3F7
330
17
100
AcDbEntity
  8
CUT
100
AcDbLine
 10
387.3161361111111
 20
91.08693888888882
 30
0.0
 11
388.25487777777784
 21
91.16102222222224
 31
0.0
  0
LINE
  5
3F8
330
17
100
AcDbEntity
  8
CUT
100
AcDbLine
 10
382.01953055555555
 20
23.75118611111111
 30
0.0
 11
381.5785583333333
 21
24.25354166666665
 31
0.0
  0
LINE
  5
3F9
330
17
100
AcDbEntity
  8
CUT
100
AcDbLine
 10
382.54763888888897
 20
87.0144722222222
 30
0.0
 11
382.907825
 21
87.88442222222221
 31
0.0
  0
LINE
  5
3FA
330
17
100
AcDbEntity
  8
CUT
100
AcDbLine
 10
382.907825
 20
87.88442222222221
 30
0.0
 11
383.39995000000005
 21
88.68734444444453
 31
0.0
  0
LINE
  5
3FB
330
17
100
AcDbEntity
  8
CUT
100
AcDbLine
 10
386.40032500000007
 20
90.86751111111113
 30
0.0
 11
387.3161361111111
 21
91.08693888888882
 31
0.0
  0
LINE
  5
3FC
330
17
100
AcDbEntity
  8
CUT
100
AcDbLine
 10
377.51808611111113
 20
72.45462777777772
 30
0.0
 11
377.7798472222222
 21
73.3739666666666
 31
0.0
  0
LINE
  5
3FD
330
17
100
AcDbEntity
  8
CUT
100
AcDbLine
 10
383.0775111111111
 20
22.93909166666674
 30
0.0
 11
382.52188611111114
 21
23.310566666666716
 31
0.0
  0
LINE
  5
3FE
330
17
100
AcDbEntity
  8
CUT
100
AcDbLine
 10
387.58883333333335
 20
22.643463888888903
 30
0.0
 11
386.9555972222222
 21
22.428622222222202
 31
0.0
  0
LINE
  5
3FF
330
17
100
AcDbEntity
  8
CUT
100
AcDbLine
 10
388.25487777777784
 20
85.15991944444443
 30
0.0
 11
391.25560555555563
 21
85.15991944444443
 31
0.0
  0
LINE
  5
400
330
17
100
AcDbEntity
  8
CUT
100
AcDbLine
 10
385.63303333333334
 20
22.254350000000045
 30
0.0
 11
384.96593055555553
 21
22.298094444444416
 31
0.0
  0
LINE
  5
401
330
17
100
AcDbEntity
  8
CUT
100
AcDbLine
 10
381.20708333333334
 20
24.809872222222225
 30
0.0
 11
380.91145555555556
 21
25.40924166666673
 31
0.0
  0
LINE
  5
402
330
17
100
AcDbEntity
  8
CUT
100
AcDbLine
 10
380.91145555555556
 20
25.40924166666673
 30
0.0
 11
380.6966138888889
 21
26.042125
 31
0.0
  0
LINE
  5
403
330
17
100
AcDbEntity
  8
CUT
100
AcDbLine
 10
384.72745277777784
 20
90.01484722222222
 30
0.0
 11
385.53037500000005
 21
90.5069722222222
 31
0.0
  0
LINE
  5
404
330
17
100
AcDbEntity
  8
CUT
100
AcDbLine
 10
383.67723333333333
 20
22.643463888888903
 30
0.0
 11
383.0775111111111
 21
22.93909166666674
 31
0.0
  0
LINE
  5
405
330
17
100
AcDbEntity
  8
CUT
100
AcDbLine
 10
384.01131388888894
 20
89.40348333333333
 30
0.0
 11
384.72745277777784
 21
90.01484722222222
 31
0.0
  0
LINE
  5
406
330
17
100
AcDbEntity
  8
CUT
100
AcDbLine
 10
401.7299305555556
 20
49.15683055555553
 30
0.0
 11
391.25560555555563
 21
39.039869444444435
 31
0.0
  0
LINE
  5
407
330
17
100
AcDbEntity
  8
CUT
100
AcDbLine
 10
377.8049751205807
 20
54.53474115211611
 30
0.0
 11
378.2197611111111
 21
55.3978222222222
 31
0.0
  0
LINE
  5
408
330
17
100
AcDbEntity
  8
CUT
100
AcDbLine
 10
388.25487777777784
 20
53.86923611111115
 30
0.0
 11
382.44286388888895
 21
59.88550833333335
 31
0.0
  0
LINE
  5
409
330
17
100
AcDbEntity
  8
CUT
100
AcDbLine
 10
378.72564444444447
 20
56.19227777777775
 30
0.0
 11
379.3493555555555
 21
56.8974805555556
 31
0.0
  0
LINE
  5
40A
330
17
100
AcDbEntity
  8
CUT
100
AcDbLine
 10
386.09658333333334
 20
51.78467222222224
 30
0.0
 11
388.25487777777784
 21
53.86923611111115
 31
0.0
  0
LINE
  5
40B
330
17
100
AcDbEntity
  8
CUT
100
AcDbLine
 10
385.2545027777778
 20
63.60025833333333
 30
0.0
 11
382.44286388888895
 21
63.60025833333333
 31
0.0
  0
LINE
  5
40C
330
17
100
AcDbEntity
  8
CUT
100
AcDbLine
 10
388.25487777777784
 20
70.33055277777771
 30
0.0
 11
386.09658333333334
 21
72.41511666666673
 31
0.0
  0
LINE
  5
40D
330
17
100
AcDbEntity
  8
CUT
100
AcDbLine
 10
382.44286388888895
 20
60.59953055555553
 30
0.0
 11
385.2545027777778
 21
60.59953055555553
 31
0.0
  0
LINE
  5
40E
330
17
100
AcDbEntity
  8
CUT
100
AcDbLine
 10
380.28492222222224
 20
57.800591666666605
 30
0.0
 11
386.09658333333334
 21
51.78467222222224
 31
0.0
  0
LINE
  5
40F
330
17
100
AcDbEntity
  8
CUT
100
AcDbLine
 10
379.3493555555555
 20
56.8974805555556
 30
0.0
 11
380.28492222222224
 21
57.800591666666605
 31
0.0
  0
LINE
  5
410
330
17
100
AcDbEntity
  8
CUT
100
AcDbLine
 10
377.7798472222222
 20
50.8258222222222
 30
0.0
 11
377.57558888888894
 21
51.745161111111145
 31
0.0
  0
LINE
  5
411
330
17
100
AcDbEntity
  8
CUT
100
AcDbLine
 10
378.2197611111111
 20
55.3978222222222
 30
0.0
 11
378.72564444444447
 21
56.19227777777775
 31
0.0
  0
LINE
  5
412
330
17
100
AcDbEntity
  8
CUT
100
AcDbLine
 10
378.12486388888897
 20
49.94952222222224
 30
0.0
 11
377.7798472222222
 21
50.8258222222222
 31
0.0
  0
LINE
  5
413
330
17
100
AcDbEntity
  8
CUT
100
AcDbLine
 10
379.2018944444444
 20
48.41176388888891
 30
0.0
 11
378.60287777777785
 21
49.13848611111115
 31
0.0
  0
LINE
  5
414
330
17
100
AcDbEntity
  8
CUT
100
AcDbLine
 10
378.60287777777785
 20
49.13848611111115
 30
0.0
 11
378.12486388888897
 21
49.94952222222224
 31
0.0
  0
LINE
  5
415
330
17
100
AcDbEntity
  8
CUT
100
AcDbLine
 10
382.44286388888895
 20
64.31428055555551
 30
0.0
 11
388.25487777777784
 21
70.33055277777771
 31
0.0
  0
LINE
  5
416
330
17
100
AcDbEntity
  8
CUT
100
AcDbLine
 10
377.5502334568034
 20
53.622644444444404
 30
0.0
 11
377.8049751205807
 21
54.53474115211611
 31
0.0
  0
LINE
  5
417
330
17
100
AcDbEntity
  8
CUT
100
AcDbLine
 10
380.79398055555555
 20
46.763233333333346
 30
0.0
 11
379.2018944444444
 21
48.41176388888891
 31
0.0
  0
LINE
  5
418
330
17
100
AcDbEntity
  8
CUT
100
AcDbLine
 10
382.253775
 20
78.94644444444441
 30
0.0
 11
382.253775
 21
85.15991944444443
 31
0.0
  0
LINE
  5
419
330
17
100
AcDbEntity
  8
CUT
100
AcDbLine
 10
382.253775
 20
85.15991944444443
 30
0.0
 11
382.32750555555555
 21
86.09866111111114
 31
0.0
  0
LINE
  5
41A
330
17
100
AcDbEntity
  8
CUT
100
AcDbLine
 10
377.60839722222227
 20
70.5771444444444
 30
0.0
 11
377.51808611111113
 21
71.514475
 31
0.0
  0
LINE
  5
41B
330
17
100
AcDbEntity
  8
CUT
100
AcDbLine
 10
388.25487777777784
 20
39.039869444444435
 30
0.0
 11
388.25487777777784
 21
22.98354166666661
 31
0.0
  0
LINE
  5
41C
330
17
100
AcDbEntity
  8
CUT
100
AcDbLine
 10
388.25487777777784
 20
22.98354166666661
 30
0.0
 11
388.25487777777784
 21
22.93909166666674
 31
0.0
  0
LINE
  5
41D
330
17
100
AcDbEntity
  8
CUT
100
AcDbLine
 10
388.25487777777784
 20
91.16102222222224
 30
0.0
 11
388.25487777777784
 21
85.15991944444443
 31
0.0
  0
LINE
  5
41E
330
17
100
AcDbEntity
  8
CUT
100
AcDbLine
 10
377.51808611111113
 20
71.514475
 30
0.0
 11
377.51808611111113
 21
72.45462777777772
 31
0.0
  0
LINE
  5
41F
330
17
100
AcDbEntity
  8
CUT
100
AcDbLine
 10
377.51808611111113
 20
52.6853138888888
 30
0.0
 11
377.5502334568034
 21
53.622644444444404
 31
0.0
  0
LINE
  5
420
330
17
100
AcDbEntity
  8
CUT
100
AcDbLine
 10
401.7299305555556
 20
75.04295833333333
 30
0.0
 11
401.7299305555556
 21
49.15683055555553
 31
0.0
  0
LINE
  5
421
330
17
100
AcDbEntity
  8
CUT
100
AcDbLine
 10
380.56608611111113
 20
26.697938888888814
 30
0.0
 11
380.52234166666676
 21
27.36504166666674
 31
0.0
  0
LINE
  5
422
330
17
100
AcDbEntity
  8
CUT
100
AcDbLine
 10
380.79398055555555
 20
44.91115000000002
 30
0.0
 11
380.79398055555555
 21
46.763233333333346
 31
0.0
  0
LINE
  5
423
330
17
100
AcDbEntity
  8
CUT
100
AcDbLine
 10
377.57558888888894
 20
51.745161111111145
 30
0.0
 11
377.51808611111113
 21
52.6853138888888
 31
0.0
  0
LINE
  5
424
330
17
100
AcDbEntity
  8
CUT
100
AcDbLine
 10
382.44286388888895
 20
59.88550833333335
 30
0.0
 11
382.44286388888895
 21
60.59953055555553
 31
0.0
  0
LINE
  5
425
330
17
100
AcDbEntity
  8
CUT
100
AcDbLine
 10
382.44286388888895
 20
63.60025833333333
 30
0.0
 11
382.44286388888895
 21
64.31428055555551
 31
0.0
  0
LINE
  5
426
330
17
100
AcDbEntity
  8
CUT
100
AcDbLine
 10
385.2545027777778
 20
60.59953055555553
 30
0.0
 11
385.2545027777778
 21
63.60025833333333
 31
0.0
  0
LINE
  5
427
330
17
100
AcDbEntity
  8
CUT
100
AcDbLine
 10
411.39357222222225
 20
106.55271666666664
 30
0.0
 11
414.5840944444444
 21
99.21458611111115
 31
0.0
  0
LINE
  5
428
330
17
100
AcDbEntity
  8
CUT
100
AcDbLine
 10
429.9539166666666
 20
63.86413611111112
 30
0.0
 11
432.4917999999999
 21
58.02636944444441
 31
0.0
  0
LINE
  5
429
330
17
100
AcDbEntity
  8
CUT
100
AcDbLine
 10
429.14323333333334
 20
55.02599444444445
 30
0.0
 11
432.4917999999999
 21
55.02599444444445
 31
0.0
  0
LINE
  5
42A
330
17
100
AcDbEntity
  8
CUT
100
AcDbLine
 10
412.69814444444455
 20
9.50037500000002
 30
0.0
 11
400.0870444444445
 21
9.50037500000002
 31
0.0
  0
LINE
  5
42B
330
17
100
AcDbEntity
  8
CUT
100
AcDbLine
 10
432.4917999999999
 20
58.02636944444441
 30
0.0
 11
429.14323333333334
 21
58.02636944444441
 31
0.0
  0
LINE
  5
42C
330
17
100
AcDbEntity
  8
CUT
100
AcDbLine
 10
420.52628333333337
 20
93.07307777777771
 30
0.0
 11
417.7742638888889
 21
91.87680833333332
 31
0.0
  0
LINE
  5
42D
330
17
100
AcDbEntity
  8
CUT
100
AcDbLine
 10
432.70523055555554
 20
47.99160555555551
 30
0.0
 11
429.5150611111111
 21
40.653827777777735
 31
0.0
  0
LINE
  5
42E
330
17
100
AcDbEntity
  8
CUT
100
AcDbLine
 10
419.0788361111112
 20
24.176283333333345
 30
0.0
 11
421.8305027777777
 21
22.980013888888948
 31
0.0
  0
LINE
  5
42F
330
17
100
AcDbEntity
  8
CUT
100
AcDbLine
 10
417.33576111111114
 20
100.41120833333332
 30
0.0
 11
420.52628333333337
 21
93.07307777777771
 31
0.0
  0
LINE
  5
430
330
17
100
AcDbEntity
  8
CUT
100
AcDbLine
 10
429.9539166666666
 20
49.18822777777774
 30
0.0
 11
432.70523055555554
 21
47.99160555555551
 31
0.0
  0
LINE
  5
431
330
17
100
AcDbEntity
  8
CUT
100
AcDbLine
 10
429.5150611111111
 20
72.39853611111101
 30
0.0
 11
432.70523055555554
 21
65.0607583333333
 31
0.0
  0
LINE
  5
432
330
17
100
AcDbEntity
  8
CUT
100
AcDbLine
 10
406.31145555555554
 20
95.4627944444444
 30
0.0
 11
375.7287972222222
 21
95.4627944444444
 31
0.0
  0
LINE
  5
433
330
17
100
AcDbEntity
  8
CUT
100
AcDbLine
 10
432.70523055555554
 20
65.0607583333333
 30
0.0
 11
429.9539166666666
 21
63.86413611111112
 31
0.0
  0
LINE
  5
434
330
17
100
AcDbEntity
  8
CUT
100
AcDbLine
 10
385.73075277777775
 20
9.50037500000002
 30
0.0
 11
375.7287972222222
 21
9.50037500000002
 31
0.0
  0
LINE
  5
435
330
17
100
AcDbEntity
  8
CUT
100
AcDbLine
 10
375.7287972222222
 20
17.474916666666616
 30
0.0
 11
406.31145555555554
 21
17.474916666666616
 31
0.0
  0
LINE
  5
436
330
17
100
AcDbEntity
  8
CUT
100
AcDbLine
 10
432.4917999999999
 20
55.02599444444445
 30
0.0
 11
429.9539166666666
 21
49.18822777777774
 31
0.0
  0
LINE
  5
437
330
17
100
AcDbEntity
  8
CUT
100
AcDbLine
 10
415.88831388888894
 20
16.83815277777785
 30
0.0
 11
412.69814444444455
 21
9.50037500000002
 31
0.0
  0
LINE
  5
438
330
17
100
AcDbEntity
  8
CUT
100
AcDbLine
 10
414.5840944444444
 20
99.21458611111115
 30
0.0
 11
417.33576111111114
 21
100.41120833333332
 31
0.0
  0
LINE
  5
439
330
17
100
AcDbEntity
  8
CUT
100
AcDbLine
 10
417.7742638888889
 20
91.87680833333332
 30
0.0
 11
426.7630416666666
 21
71.20226666666673
 31
0.0
  0
LINE
  5
43A
330
17
100
AcDbEntity
  8
CUT
100
AcDbLine
 10
400.0870444444445
 20
6.5
 30
0.0
 11
385.73075277777775
 21
6.5
 31
0.0
  0
LINE
  5
43B
330
17
100
AcDbEntity
  8
CUT
100
AcDbLine
 10
385.73075277777775
 20
109.5530916666666
 30
0.0
 11
400.0870444444445
 21
109.5530916666666
 31
0.0
  0
LINE
  5
43C
330
17
100
AcDbEntity
  8
CUT
100
AcDbLine
 10
375.7287972222222
 20
106.55271666666664
 30
0.0
 11
385.73075277777775
 21
106.55271666666664
 31
0.0
  0
LINE
  5
43D
330
17
100
AcDbEntity
  8
CUT
100
AcDbLine
 10
400.0870444444445
 20
106.55271666666664
 30
0.0
 11
411.39357222222225
 21
106.55271666666664
 31
0.0
  0
LINE
  5
43E
330
17
100
AcDbEntity
  8
CUT
100
AcDbLine
 10
421.8305027777777
 20
22.980013888888948
 30
0.0
 11
418.64033333333333
 21
15.64188333333334
 31
0.0
  0
LINE
  5
43F
330
17
100
AcDbEntity
  8
CUT
100
AcDbLine
 10
426.7630416666666
 20
71.20226666666673
 30
0.0
 11
429.5150611111111
 21
72.39853611111101
 31
0.0
  0
LINE
  5
440
330
17
100
AcDbEntity
  8
CUT
100
AcDbLine
 10
426.7630416666666
 20
41.850097222222246
 30
0.0
 11
419.0788361111112
 21
24.176283333333345
 31
0.0
  0
LINE
  5
441
330
17
100
AcDbEntity
  8
CUT
100
AcDbLine
 10
418.64033333333333
 20
15.64188333333334
 30
0.0
 11
415.88831388888894
 21
16.83815277777785
 31
0.0
  0
LINE
  5
442
330
17
100
AcDbEntity
  8
CUT
100
AcDbLine
 10
429.5150611111111
 20
40.653827777777735
 30
0.0
 11
426.7630416666666
 21
41.850097222222246
 31
0.0
  0
LINE
  5
443
330
17
100
AcDbEntity
  8
CUT
100
AcDbLine
 10
375.7287972222222
 20
95.4627944444444
 30
0.0
 11
375.7287972222222
 21
106.55271666666664
 31
0.0
  0
LINE
  5
444
330
17
100
AcDbEntity
  8
CUT
100
AcDbLine
 10
375.7287972222222
 20
9.50037500000002
 30
0.0
 11
375.7287972222222
 21
17.474916666666616
 31
0.0
  0
LINE
  5
445
330
17
100
AcDbEntity
  8
CUT
100
AcDbLine
 10
385.73075277777775
 20
6.5
 30
0.0
 11
385.73075277777775
 21
9.50037500000002
 31
0.0
  0
LINE
  5
446
330
17
100
AcDbEntity
  8
CUT
100
AcDbLine
 10
385.73075277777775
 20
106.55271666666664
 30
0.0
 11
385.73075277777775
 21
109.5530916666666
 31
0.0
  0
LINE
  5
447
330
17
100
AcDbEntity
  8
CUT
100
AcDbLine
 10
400.0870444444445
 20
9.50037500000002
 30
0.0
 11
400.0870444444445
 21
6.5
 31
0.0
  0
LINE
  5
448
330
17
100
AcDbEntity
  8
CUT
100
AcDbLine
 10
400.0870444444445
 20
109.5530916666666
 30
0.0
 11
400.0870444444445
 21
106.55271666666664
 31
0.0
  0
LINE
  5
449
330
17
100
AcDbEntity
  8
CUT
100
AcDbLine
 10
406.31145555555554
 20
17.474916666666616
 30
0.0
 11
406.31145555555554
 21
95.4627944444444
 31
0.0
  0
LINE
  5
44A
330
17
100
AcDbEntity
  8
CUT
100
AcDbLine
 10
429.14323333333334
 20
58.02636944444441
 30
0.0
 11
429.14323333333334
 21
55.02599444444445
 31
0.0
  0
LINE
  5
44B
330
17
100
AcDbEntity
  8
CUT
100
AcDbLine
 10
387.12069722222225
 20
28.852352777777696
 30
0.0
 11
386.9136166666667
 21
29.034033333333298
 31
0.0
  0
LINE
  5
44C
330
17
100
AcDbEntity
  8
CUT
100
AcDbLine
 10
386.9136166666667
 20
29.034033333333298
 30
0.0
 11
386.68501666666674
 21
29.186786111111132
 31
0.0
  0
LINE
  5
44D
330
17
100
AcDbEntity
  8
CUT
100
AcDbLine
 10
385.3585722222222
 20
29.450311111111148
 30
0.0
 11
385.0886972222222
 21
29.396688888888946
 31
0.0
  0
LINE
  5
44E
330
17
100
AcDbEntity
  8
CUT
100
AcDbLine
 10
383.81128888888895
 20
26.313058333333345
 30
0.0
 11
383.9640416666666
 21
26.084458333333316
 31
0.0
  0
LINE
  5
44F
330
17
100
AcDbEntity
  8
CUT
100
AcDbLine
 10
383.81128888888895
 20
28.416672222222246
 30
0.0
 11
383.6895805555555
 21
28.1700805555555
 31
0.0
  0
LINE
  5
450
330
17
100
AcDbEntity
  8
CUT
100
AcDbLine
 10
386.1773694444444
 20
29.396688888888946
 30
0.0
 11
385.90784722222224
 21
29.450311111111148
 31
0.0
  0
LINE
  5
451
330
17
100
AcDbEntity
  8
CUT
100
AcDbLine
 10
385.3585722222222
 20
25.279419444444443
 30
0.0
 11
385.63303333333334
 21
25.26142777777784
 31
0.0
  0
LINE
  5
452
330
17
100
AcDbEntity
  8
CUT
100
AcDbLine
 10
386.1773694444444
 20
25.333041666666645
 30
0.0
 11
386.4380722222222
 21
25.421236111111
 31
0.0
  0
LINE
  5
453
330
17
100
AcDbEntity
  8
CUT
100
AcDbLine
 10
386.4380722222222
 20
29.30849444444442
 30
0.0
 11
386.1773694444444
 21
29.396688888888946
 31
0.0
  0
LINE
  5
454
330
17
100
AcDbEntity
  8
CUT
100
AcDbLine
 10
385.0886972222222
 20
29.396688888888946
 30
0.0
 11
384.82799444444447
 21
29.30849444444442
 31
0.0
  0
LINE
  5
455
330
17
100
AcDbEntity
  8
CUT
100
AcDbLine
 10
383.9640416666666
 20
28.645624999999995
 30
0.0
 11
383.81128888888895
 21
28.416672222222246
 31
0.0
  0
LINE
  5
456
330
17
100
AcDbEntity
  8
CUT
100
AcDbLine
 10
384.1457222222223
 20
28.852352777777696
 30
0.0
 11
383.9640416666666
 21
28.645624999999995
 31
0.0
  0
LINE
  5
457
330
17
100
AcDbEntity
  8
CUT
100
AcDbLine
 10
383.9640416666666
 20
26.084458333333316
 30
0.0
 11
384.1457222222223
 21
25.877377777777838
 31
0.0
  0
LINE
  5
458
330
17
100
AcDbEntity
  8
CUT
100
AcDbLine
 10
386.68501666666674
 20
29.186786111111132
 30
0.0
 11
386.4380722222222
 21
29.30849444444442
 31
0.0
  0
LINE
  5
459
330
17
100
AcDbEntity
  8
CUT
100
AcDbLine
 10
385.63303333333334
 20
25.26142777777784
 30
0.0
 11
385.90784722222224
 21
25.279419444444443
 31
0.0
  0
LINE
  5
45A
330
17
100
AcDbEntity
  8
CUT
100
AcDbLine
 10
387.57648611111114
 20
28.1700805555555
 30
0.0
 11
387.45477777777785
 21
28.416672222222246
 31
0.0
  0
LINE
  5
45B
330
17
100
AcDbEntity
  8
CUT
100
AcDbLine
 10
383.6895805555555
 20
26.560002777777697
 30
0.0
 11
383.81128888888895
 21
26.313058333333345
 31
0.0
  0
LINE
  5
45C
330
17
100
AcDbEntity
  8
CUT
100
AcDbLine
 10
386.4380722222222
 20
25.421236111111
 30
0.0
 11
386.68501666666674
 21
25.543297222222236
 31
0.0
  0
LINE
  5
45D
330
17
100
AcDbEntity
  8
CUT
100
AcDbLine
 10
387.45477777777785
 20
28.416672222222246
 30
0.0
 11
387.30202500000007
 21
28.645624999999995
 31
0.0
  0
LINE
  5
45E
330
17
100
AcDbEntity
  8
CUT
100
AcDbLine
 10
384.1457222222223
 20
25.877377777777838
 30
0.0
 11
384.35245000000003
 21
25.696050000000014
 31
0.0
  0
LINE
  5
45F
330
17
100
AcDbEntity
  8
CUT
100
AcDbLine
 10
387.30202500000007
 20
26.084458333333316
 30
0.0
 11
387.45477777777785
 21
26.313058333333345
 31
0.0
  0
LINE
  5
460
330
17
100
AcDbEntity
  8
CUT
100
AcDbLine
 10
384.5814027777777
 20
29.186786111111132
 30
0.0
 11
384.35245000000003
 21
29.034033333333298
 31
0.0
  0
LINE
  5
461
330
17
100
AcDbEntity
  8
CUT
100
AcDbLine
 10
384.35245000000003
 20
29.034033333333298
 30
0.0
 11
384.1457222222223
 21
28.852352777777696
 31
0.0
  0
LINE
  5
462
330
17
100
AcDbEntity
  8
CUT
100
AcDbLine
 10
386.9136166666667
 20
25.696050000000014
 30
0.0
 11
387.12069722222225
 21
25.877377777777838
 31
0.0
  0
LINE
  5
463
330
17
100
AcDbEntity
  8
CUT
100
AcDbLine
 10
385.90784722222224
 20
29.450311111111148
 30
0.0
 11
385.63303333333334
 21
29.46865555555553
 31
0.0
  0
LINE
  5
464
330
17
100
AcDbEntity
  8
CUT
100
AcDbLine
 10
387.12069722222225
 20
25.877377777777838
 30
0.0
 11
387.30202500000007
 21
26.084458333333316
 31
0.0
  0
LINE
  5
465
330
17
100
AcDbEntity
  8
CUT
100
AcDbLine
 10
384.35245000000003
 20
25.696050000000014
 30
0.0
 11
384.5814027777777
 21
25.543297222222236
 31
0.0
  0
LINE
  5
466
330
17
100
AcDbEntity
  8
CUT
100
AcDbLine
 10
385.63303333333334
 20
29.46865555555553
 30
0.0
 11
385.3585722222222
 21
29.450311111111148
 31
0.0
  0
LINE
  5
467
330
17
100
AcDbEntity
  8
CUT
100
AcDbLine
 10
384.82799444444447
 20
29.30849444444442
 30
0.0
 11
384.5814027777777
 21
29.186786111111132
 31
0.0
  0
LINE
  5
468
330
17
100
AcDbEntity
  8
CUT
100
AcDbLine
 10
386.68501666666674
 20
25.543297222222236
 30
0.0
 11
386.9136166666667
 21
25.696050000000014
 31
0.0
  0
LINE
  5
469
330
17
100
AcDbEntity
  8
CUT
100
AcDbLine
 10
384.82799444444447
 20
25.421236111111
 30
0.0
 11
385.0886972222222
 21
25.333041666666645
 31
0.0
  0
LINE
  5
46A
330
17
100
AcDbEntity
  8
CUT
100
AcDbLine
 10
385.0886972222222
 20
25.333041666666645
 30
0.0
 11
385.3585722222222
 21
25.279419444444443
 31
0.0
  0
LINE
  5
46B
330
17
100
AcDbEntity
  8
CUT
100
AcDbLine
 10
384.5814027777777
 20
25.543297222222236
 30
0.0
 11
384.82799444444447
 21
25.421236111111
 31
0.0
  0
LINE
  5
46C
330
17
100
AcDbEntity
  8
CUT
100
AcDbLine
 10
385.90784722222224
 20
25.279419444444443
 30
0.0
 11
386.1773694444444
 21
25.333041666666645
 31
0.0
  0
LINE
  5
46D
330
17
100
AcDbEntity
  8
CUT
100
AcDbLine
 10
387.45477777777785
 20
26.313058333333345
 30
0.0
 11
387.57648611111114
 21
26.560002777777697
 31
0.0
  0
LINE
  5
46E
330
17
100
AcDbEntity
  8
CUT
100
AcDbLine
 10
387.30202500000007
 20
28.645624999999995
 30
0.0
 11
387.12069722222225
 21
28.852352777777696
 31
0.0
  0
LINE
  5
46F
330
17
100
AcDbEntity
  8
CUT
100
AcDbLine
 10
387.6650333333333
 20
26.82070555555555
 30
0.0
 11
387.71865555555564
 21
27.09022777777784
 31
0.0
  0
LINE
  5
470
330
17
100
AcDbEntity
  8
CUT
100
AcDbLine
 10
387.6849751205807
 20
27.90474115211623
 30
0.0
 11
387.57648611111114
 21
28.1700805555555
 31
0.0
  0
LINE
  5
471
330
17
100
AcDbEntity
  8
CUT
100
AcDbLine
 10
383.6895805555555
 20
28.1700805555555
 30
0.0
 11
383.60103333333336
 21
27.90937777777782
 31
0.0
  0
LINE
  5
472
330
17
100
AcDbEntity
  8
CUT
100
AcDbLine
 10
383.60103333333336
 20
26.82070555555555
 30
0.0
 11
383.6895805555555
 21
26.560002777777697
 31
0.0
  0
LINE
  5
473
330
17
100
AcDbEntity
  8
CUT
100
AcDbLine
 10
383.60103333333336
 20
27.90937777777782
 30
0.0
 11
383.54741111111116
 21
27.63950277777775
 31
0.0
  0
LINE
  5
474
330
17
100
AcDbEntity
  8
CUT
100
AcDbLine
 10
387.73664722222225
 20
27.36504166666674
 30
0.0
 11
387.73664722222225
 21
27.63950277777775
 31
0.0
  0
LINE
  5
475
330
17
100
AcDbEntity
  8
CUT
100
AcDbLine
 10
383.52941944444444
 20
27.09022777777784
 30
0.0
 11
383.60103333333336
 21
26.82070555555555
 31
0.0
  0
LINE
  5
476
330
17
100
AcDbEntity
  8
CUT
100
AcDbLine
 10
383.54741111111116
 20
27.63950277777775
 30
0.0
 11
383.52941944444444
 21
27.36504166666674
 31
0.0
  0
LINE
  5
477
330
17
100
AcDbEntity
  8
CUT
100
AcDbLine
 10
383.52941944444444
 20
27.36504166666674
 30
0.0
 11
383.52941944444444
 21
27.09022777777784
 31
0.0
  0
LINE
  5
478
330
17
100
AcDbEntity
  8
CUT
100
AcDbLine
 10
387.57648611111114
 20
26.560002777777697
 30
0.0
 11
387.6650333333333
 21
26.82070555555555
 31
0.0
  0
LINE
  5
479
330
17
100
AcDbEntity
  8
CUT
100
AcDbLine
 10
387.71865555555564
 20
27.09022777777784
 30
0.0
 11
387.73664722222225
 21
27.36504166666674
 31
0.0
  0
LINE
  5
47A
330
17
100
AcDbEntity
  8
CUT
100
AcDbLine
 10
387.73664722222225
 20
27.63950277777775
 30
0.0
 11
387.6849751205807
 21
27.90474115211623
 31
0.0
  0
LINE
  5
47B
330
17
100
AcDbEntity
  8
CUT
100
AcDbLine
 10
388.25487777777784
 20
57.09891666666664
 30
0.0
 11
391.25560555555563
 21
57.09891666666664
 31
0.0
  0
LINE
  5
47C
330
17
100
AcDbEntity
  8
CUT
100
AcDbLine
 10
391.25560555555563
 20
67.10087222222222
 30
0.0
 11
388.25487777777784
 21
67.10087222222222
 31
0.0
  0
LINE
  5
47D
330
17
100
AcDbEntity
  8
CUT
100
AcDbLine
 10
388.25487777777784
 20
67.10087222222222
 30
0.0
 11
388.25487777777784
 21
57.09891666666664
 31
0.0
  0
LINE
  5
47E
330
17
100
AcDbEntity
  8
CUT
100
AcDbLine
 10
391.25560555555563
 20
57.09891666666664
 30
0.0
 11
391.25560555555563
 21
67.10087222222222
 31
0.0
  0
LINE
  5
47F
330
17
100
AcDbEntity
  8
CUT
100
AcDbLine
 10
413.44815000000006
 20
55.025641666666615
 30
0.0
 11
416.44887777777785
 21
55.025641666666615
 31
0.0
  0
LINE
  5
480
330
17
100
AcDbEntity
  8
CUT
100
AcDbLine
 10
416.44887777777785
 20
58.02636944444441
 30
0.0
 11
413.44815000000006
 21
58.02636944444441
 31
0.0
  0
LINE
  5
481
330
17
100
AcDbEntity
  8
CUT
100
AcDbLine
 10
416.44887777777785
 20
49.52477777777773
 30
0.0
 11
422.87754722222223
 21
49.52477777777773
 31
0.0
  0
LINE
  5
482
330
17
100
AcDbEntity
  8
CUT
100
AcDbLine
 10
422.87754722222223
 20
63.527586111111134
 30
0.0
 11
416.44887777777785
 21
63.527586111111134
 31
0.0
  0
LINE
  5
483
330
17
100
AcDbEntity
  8
CUT
100
AcDbLine
 10
413.44815000000006
 20
58.02636944444441
 30
0.0
 11
413.44815000000006
 21
55.025641666666615
 31
0.0
  0
LINE
  5
484
330
17
100
AcDbEntity
  8
CUT
100
AcDbLine
 10
422.87754722222223
 20
49.52477777777773
 30
0.0
 11
422.87754722222223
 21
63.527586111111134
 31
0.0
  0
LINE
  5
485
330
17
100
AcDbEntity
  8
CUT
100
AcDbLine
 10
416.44887777777785
 20
55.025641666666615
 30
0.0
 11
416.44887777777785
 21
49.52477777777773
 31
0.0
  0
LINE
  5
486
330
17
100
AcDbEntity
  8
CUT
100
AcDbLine
 10
416.44887777777785
 20
63.527586111111134
 30
0.0
 11
416.44887777777785
 21
58.02636944444441
 31
0.0
  0
LINE
  5
487
330
17
100
AcDbEntity
  8
ENGRAVE
100
AcDbLine
 10
413.4098505238759
 20
69.70606238188623
 30
0.0
 11
412.0098718861806
 21
71.10604101958154
 31
0.0
  0
LINE
  5
488
330
17
100
AcDbEntity
  8
ENGRAVE
100
AcDbLine
 10
412.0098718861806
 20
71.10604101958154
 30
0.0
 11
419.00976507465714
 21
71.10604101958154
 31
0.0
  0
LINE
  5
489
330
17
100
AcDbEntity
  8
ENGRAVE
100
AcDbLine
 10
419.00976507465714
 20
69.70606238188623
 30
0.0
 11
419.00976507465714
 21
72.50601965727685
 31
0.0
  0
LINE
  5
48A
330
17
100
AcDbEntity
  8
ENGRAVE
100
AcDbLine
 10
413.4098505238759
 20
75.30597693266748
 30
0.0
 11
412.0098718861806
 21
76.70595557036279
 31
0.0
  0
LINE
  5
48B
330
17
100
AcDbEntity
  8
ENGRAVE
100
AcDbLine
 10
412.0098718861806
 20
76.70595557036279
 30
0.0
 11
419.00976507465714
 21
76.70595557036279
 31
0.0
  0
LINE
  5
48C
330
17
100
AcDbEntity
  8
ENGRAVE
100
AcDbLine
 10
419.00976507465714
 20
75.30597693266748
 30
0.0
 11
419.00976507465714
 21
78.1059342080581
 31
0.0
  0
LINE
  5
48D
330
17
100
AcDbEntity
  8
CUT
100
AcDbLine
 10
182.42037777777784
 20
422.1356333333332
 30
0.0
 11
176.40410555555553
 21
427.9472944444443
 31
0.0
  0
LINE
  5
48E
330
17
100
AcDbEntity
  8
CUT
100
AcDbLine
 10
178.01312499999995
 20
429.5065722222221
 30
0.0
 11
178.8072277777777
 21
430.01245555555545
 31
0.0
  0
LINE
  5
48F
330
17
100
AcDbEntity
  8
CUT
100
AcDbLine
 10
183.37922777777771
 20
430.45236944444434
 30
0.0
 11
184.25552777777784
 21
430.1073527777776
 31
0.0
  0
LINE
  5
490
330
17
100
AcDbEntity
  8
CUT
100
AcDbLine
 10
184.25552777777784
 20
430.1073527777776
 30
0.0
 11
185.06656388888882
 21
429.6293388888887
 31
0.0
  0
LINE
  5
491
330
17
100
AcDbEntity
  8
CUT
100
AcDbLine
 10
177.30756944444443
 20
428.882861111111
 30
0.0
 11
178.01312499999995
 21
429.5065722222221
 31
0.0
  0
LINE
  5
492
330
17
100
AcDbEntity
  8
CUT
100
AcDbLine
 10
176.40410555555553
 20
427.9472944444443
 30
0.0
 11
177.30756944444443
 21
428.882861111111
 31
0.0
  0
LINE
  5
493
330
17
100
AcDbEntity
  8
CUT
100
AcDbLine
 10
185.79328611111106
 20
429.03032222222214
 30
0.0
 11
188.95170555555552
 21
425.9784416666665
 31
0.0
  0
LINE
  5
494
330
17
100
AcDbEntity
  8
CUT
100
AcDbLine
 10
196.10392222222225
 20
425.904711111111
 30
0.0
 11
197.0197333333333
 21
425.6845777777776
 31
0.0
  0
LINE
  5
495
330
17
100
AcDbEntity
  8
CUT
100
AcDbLine
 10
185.06656388888882
 20
429.6293388888887
 30
0.0
 11
185.79328611111106
 21
429.03032222222214
 31
0.0
  0
LINE
  5
496
330
17
100
AcDbEntity
  8
CUT
100
AcDbLine
 10
132.94435277777785
 20
419.9773388888887
 30
0.0
 11
132.648725
 21
420.6433833333332
 31
0.0
  0
LINE
  5
497
330
17
100
AcDbEntity
  8
CUT
100
AcDbLine
 10
195.16518055555554
 20
416.9766111111109
 30
0.0
 11
185.04821944444444
 21
406.50228611111095
 31
0.0
  0
LINE
  5
498
330
17
100
AcDbEntity
  8
CUT
100
AcDbLine
 10
136.0473861111111
 20
427.5356027777776
 30
0.0
 11
136.70319999999992
 21
427.6661305555554
 31
0.0
  0
LINE
  5
499
330
17
100
AcDbEntity
  8
CUT
100
AcDbLine
 10
179.67082777777784
 20
430.3881638888887
 30
0.0
 11
180.5824055555555
 21
430.6238194444443
 31
0.0
  0
LINE
  5
49A
330
17
100
AcDbEntity
  8
CUT
100
AcDbLine
 10
200.5122333333333
 20
422.7018416666665
 30
0.0
 11
200.87277222222224
 21
421.8318916666665
 31
0.0
  0
LINE
  5
49B
330
17
100
AcDbEntity
  8
CUT
100
AcDbLine
 10
134.25880277777776
 20
426.6536583333332
 30
0.0
 11
134.81513333333334
 21
427.0251333333332
 31
0.0
  0
LINE
  5
49C
330
17
100
AcDbEntity
  8
CUT
100
AcDbLine
 10
178.8072277777777
 20
430.01245555555545
 30
0.0
 11
179.67082777777784
 21
430.3881638888887
 31
0.0
  0
LINE
  5
49D
330
17
100
AcDbEntity
  8
CUT
100
AcDbLine
 10
132.4338833333333
 20
421.27661944444435
 30
0.0
 11
132.30335555555553
 21
421.93208055555544
 31
0.0
  0
LINE
  5
49E
330
17
100
AcDbEntity
  8
CUT
100
AcDbLine
 10
198.69260555555564
 20
424.8322666666665
 30
0.0
 11
199.40874444444444
 21
424.2209027777776
 31
0.0
  0
LINE
  5
49F
330
17
100
AcDbEntity
  8
CUT
100
AcDbLine
 10
149.04513055555555
 20
416.9766111111109
 30
0.0
 11
149.04513055555555
 21
419.9773388888887
 31
0.0
  0
LINE
  5
4A0
330
17
100
AcDbEntity
  8
CUT
100
AcDbLine
 10
132.30335555555553
 20
423.266286111111
 30
0.0
 11
132.4338833333333
 21
423.9217472222221
 31
0.0
  0
LINE
  5
4A1
330
17
100
AcDbEntity
  8
CUT
100
AcDbLine
 10
137.37030277777785
 20
427.7098749999998
 30
0.0
 11
154.91641111111113
 21
427.438236111111
 31
0.0
  0
LINE
  5
4A2
330
17
100
AcDbEntity
  8
CUT
100
AcDbLine
 10
133.31582777777783
 20
425.7103305555554
 30
0.0
 11
133.75644722222222
 21
426.212686111111
 31
0.0
  0
LINE
  5
4A3
330
17
100
AcDbEntity
  8
CUT
100
AcDbLine
 10
132.4338833333333
 20
423.9217472222221
 30
0.0
 11
132.648725
 21
424.5549833333332
 31
0.0
  0
LINE
  5
4A4
330
17
100
AcDbEntity
  8
CUT
100
AcDbLine
 10
132.30335555555553
 20
421.93208055555544
 30
0.0
 11
132.25961111111116
 21
422.5991833333332
 31
0.0
  0
LINE
  5
4A5
330
17
100
AcDbEntity
  8
CUT
100
AcDbLine
 10
201.09219999999993
 20
420.9160805555554
 30
0.0
 11
201.16628333333335
 21
419.9773388888887
 31
0.0
  0
LINE
  5
4A6
330
17
100
AcDbEntity
  8
CUT
100
AcDbLine
 10
133.75644722222222
 20
426.212686111111
 30
0.0
 11
134.25880277777776
 21
426.6536583333332
 31
0.0
  0
LINE
  5
4A7
330
17
100
AcDbEntity
  8
CUT
100
AcDbLine
 10
197.0197333333333
 20
425.6845777777776
 30
0.0
 11
197.88968333333332
 21
425.32439166666654
 31
0.0
  0
LINE
  5
4A8
330
17
100
AcDbEntity
  8
CUT
100
AcDbLine
 10
197.88968333333332
 20
425.32439166666654
 30
0.0
 11
198.69260555555564
 21
424.8322666666665
 31
0.0
  0
LINE
  5
4A9
330
17
100
AcDbEntity
  8
CUT
100
AcDbLine
 10
200.87277222222224
 20
421.8318916666665
 30
0.0
 11
201.09219999999993
 21
420.9160805555554
 31
0.0
  0
LINE
  5
4AA
330
17
100
AcDbEntity
  8
CUT
100
AcDbLine
 10
182.45988888888883
 20
430.7141305555554
 30
0.0
 11
183.37922777777771
 21
430.45236944444434
 31
0.0
  0
LINE
  5
4AB
330
17
100
AcDbEntity
  8
CUT
100
AcDbLine
 10
132.94435277777785
 20
425.15470555555544
 30
0.0
 11
133.31582777777783
 21
425.7103305555554
 31
0.0
  0
LINE
  5
4AC
330
17
100
AcDbEntity
  8
CUT
100
AcDbLine
 10
132.648725
 20
420.6433833333332
 30
0.0
 11
132.4338833333333
 21
421.27661944444435
 31
0.0
  0
LINE
  5
4AD
330
17
100
AcDbEntity
  8
CUT
100
AcDbLine
 10
195.16518055555554
 20
419.9773388888887
 30
0.0
 11
195.16518055555554
 21
416.9766111111109
 31
0.0
  0
LINE
  5
4AE
330
17
100
AcDbEntity
  8
CUT
100
AcDbLine
 10
132.25961111111116
 20
422.5991833333332
 30
0.0
 11
132.30335555555553
 21
423.266286111111
 31
0.0
  0
LINE
  5
4AF
330
17
100
AcDbEntity
  8
CUT
100
AcDbLine
 10
134.81513333333334
 20
427.0251333333332
 30
0.0
 11
135.41450277777784
 21
427.320761111111
 31
0.0
  0
LINE
  5
4B0
330
17
100
AcDbEntity
  8
CUT
100
AcDbLine
 10
135.41450277777784
 20
427.320761111111
 30
0.0
 11
136.0473861111111
 21
427.5356027777776
 31
0.0
  0
LINE
  5
4B1
330
17
100
AcDbEntity
  8
CUT
100
AcDbLine
 10
200.02010833333333
 20
423.5047638888887
 30
0.0
 11
200.5122333333333
 21
422.7018416666665
 31
0.0
  0
LINE
  5
4B2
330
17
100
AcDbEntity
  8
CUT
100
AcDbLine
 10
132.648725
 20
424.5549833333332
 30
0.0
 11
132.94435277777785
 21
425.15470555555544
 31
0.0
  0
LINE
  5
4B3
330
17
100
AcDbEntity
  8
CUT
100
AcDbLine
 10
199.40874444444444
 20
424.2209027777776
 30
0.0
 11
200.02010833333333
 21
423.5047638888887
 31
0.0
  0
LINE
  5
4B4
330
17
100
AcDbEntity
  8
CUT
100
AcDbLine
 10
159.16209166666664
 20
406.50228611111095
 30
0.0
 11
149.04513055555555
 21
416.9766111111109
 31
0.0
  0
LINE
  5
4B5
330
17
100
AcDbEntity
  8
CUT
100
AcDbLine
 10
164.54000226322722
 20
430.42724154608584
 30
0.0
 11
165.4030833333333
 21
430.01245555555545
 31
0.0
  0
LINE
  5
4B6
330
17
100
AcDbEntity
  8
CUT
100
AcDbLine
 10
163.87449722222226
 20
419.9773388888887
 30
0.0
 11
169.89076944444446
 21
425.7893527777776
 31
0.0
  0
LINE
  5
4B7
330
17
100
AcDbEntity
  8
CUT
100
AcDbLine
 10
166.19753888888886
 20
429.5065722222221
 30
0.0
 11
166.9027416666667
 21
428.882861111111
 31
0.0
  0
LINE
  5
4B8
330
17
100
AcDbEntity
  8
CUT
100
AcDbLine
 10
161.78993333333335
 20
422.1356333333332
 30
0.0
 11
163.87449722222226
 21
419.9773388888887
 31
0.0
  0
LINE
  5
4B9
330
17
100
AcDbEntity
  8
CUT
100
AcDbLine
 10
173.60551944444444
 20
422.97771388888873
 30
0.0
 11
173.60551944444444
 21
425.7893527777776
 31
0.0
  0
LINE
  5
4BA
330
17
100
AcDbEntity
  8
CUT
100
AcDbLine
 10
180.33581388888882
 20
419.9773388888887
 30
0.0
 11
182.42037777777784
 21
422.1356333333332
 31
0.0
  0
LINE
  5
4BB
330
17
100
AcDbEntity
  8
CUT
100
AcDbLine
 10
170.60479166666664
 20
425.7893527777776
 30
0.0
 11
170.60479166666664
 21
422.97771388888873
 31
0.0
  0
LINE
  5
4BC
330
17
100
AcDbEntity
  8
CUT
100
AcDbLine
 10
167.80585277777772
 20
427.9472944444443
 30
0.0
 11
161.78993333333335
 21
422.1356333333332
 31
0.0
  0
LINE
  5
4BD
330
17
100
AcDbEntity
  8
CUT
100
AcDbLine
 10
166.9027416666667
 20
428.882861111111
 30
0.0
 11
167.80585277777772
 21
427.9472944444443
 31
0.0
  0
LINE
  5
4BE
330
17
100
AcDbEntity
  8
CUT
100
AcDbLine
 10
160.8310833333333
 20
430.45236944444434
 30
0.0
 11
161.75042222222226
 21
430.6566277777776
 31
0.0
  0
LINE
  5
4BF
330
17
100
AcDbEntity
  8
CUT
100
AcDbLine
 10
165.4030833333333
 20
430.01245555555545
 30
0.0
 11
166.19753888888886
 21
429.5065722222221
 31
0.0
  0
LINE
  5
4C0
330
17
100
AcDbEntity
  8
CUT
100
AcDbLine
 10
159.95478333333335
 20
430.1073527777776
 30
0.0
 11
160.8310833333333
 21
430.45236944444434
 31
0.0
  0
LINE
  5
4C1
330
17
100
AcDbEntity
  8
CUT
100
AcDbLine
 10
158.41702500000002
 20
429.03032222222214
 30
0.0
 11
159.14374722222226
 21
429.6293388888887
 31
0.0
  0
LINE
  5
4C2
330
17
100
AcDbEntity
  8
CUT
100
AcDbLine
 10
159.14374722222226
 20
429.6293388888887
 30
0.0
 11
159.95478333333335
 21
430.1073527777776
 31
0.0
  0
LINE
  5
4C3
330
17
100
AcDbEntity
  8
CUT
100
AcDbLine
 10
174.31954166666662
 20
425.7893527777776
 30
0.0
 11
180.33581388888882
 21
419.9773388888887
 31
0.0
  0
LINE
  5
4C4
330
17
100
AcDbEntity
  8
CUT
100
AcDbLine
 10
163.62790555555551
 20
430.6819832098631
 30
0.0
 11
164.54000226322722
 21
430.42724154608584
 31
0.0
  0
LINE
  5
4C5
330
17
100
AcDbEntity
  8
CUT
100
AcDbLine
 10
156.76849444444446
 20
427.438236111111
 30
0.0
 11
158.41702500000002
 21
429.03032222222214
 31
0.0
  0
LINE
  5
4C6
330
17
100
AcDbEntity
  8
CUT
100
AcDbLine
 10
188.95170555555552
 20
425.9784416666665
 30
0.0
 11
195.16518055555554
 21
425.9784416666665
 31
0.0
  0
LINE
  5
4C7
330
17
100
AcDbEntity
  8
CUT
100
AcDbLine
 10
195.16518055555554
 20
425.9784416666665
 30
0.0
 11
196.10392222222225
 21
425.904711111111
 31
0.0
  0
LINE
  5
4C8
330
17
100
AcDbEntity
  8
CUT
100
AcDbLine
 10
180.5824055555555
 20
430.6238194444443
 30
0.0
 11
181.51973611111111
 21
430.7141305555554
 31
0.0
  0
LINE
  5
4C9
330
17
100
AcDbEntity
  8
CUT
100
AcDbLine
 10
149.04513055555555
 20
419.9773388888887
 30
0.0
 11
132.98880277777772
 21
419.9773388888887
 31
0.0
  0
LINE
  5
4CA
330
17
100
AcDbEntity
  8
CUT
100
AcDbLine
 10
132.98880277777772
 20
419.9773388888887
 30
0.0
 11
132.94435277777785
 21
419.9773388888887
 31
0.0
  0
LINE
  5
4CB
330
17
100
AcDbEntity
  8
CUT
100
AcDbLine
 10
201.16628333333335
 20
419.9773388888887
 30
0.0
 11
195.16518055555554
 21
419.9773388888887
 31
0.0
  0
LINE
  5
4CC
330
17
100
AcDbEntity
  8
CUT
100
AcDbLine
 10
181.51973611111111
 20
430.7141305555554
 30
0.0
 11
182.45988888888883
 21
430.7141305555554
 31
0.0
  0
LINE
  5
4CD
330
17
100
AcDbEntity
  8
CUT
100
AcDbLine
 10
162.6905749999999
 20
430.7141305555554
 30
0.0
 11
163.62790555555551
 21
430.6819832098631
 31
0.0
  0
LINE
  5
4CE
330
17
100
AcDbEntity
  8
CUT
100
AcDbLine
 10
185.04821944444444
 20
406.50228611111095
 30
0.0
 11
159.16209166666664
 21
406.50228611111095
 31
0.0
  0
LINE
  5
4CF
330
17
100
AcDbEntity
  8
CUT
100
AcDbLine
 10
136.70319999999992
 20
427.6661305555554
 30
0.0
 11
137.37030277777785
 21
427.7098749999998
 31
0.0
  0
LINE
  5
4D0
330
17
100
AcDbEntity
  8
CUT
100
AcDbLine
 10
154.91641111111113
 20
427.438236111111
 30
0.0
 11
156.76849444444446
 21
427.438236111111
 31
0.0
  0
LINE
  5
4D1
330
17
100
AcDbEntity
  8
CUT
100
AcDbLine
 10
161.75042222222226
 20
430.6566277777776
 30
0.0
 11
162.6905749999999
 21
430.7141305555554
 31
0.0
  0
LINE
  5
4D2
330
17
100
AcDbEntity
  8
CUT
100
AcDbLine
 10
169.89076944444446
 20
425.7893527777776
 30
0.0
 11
170.60479166666664
 21
425.7893527777776
 31
0.0
  0
LINE
  5
4D3
330
17
100
AcDbEntity
  8
CUT
100
AcDbLine
 10
173.60551944444444
 20
425.7893527777776
 30
0.0
 11
174.31954166666662
 21
425.7893527777776
 31
0.0
  0
LINE
  5
4D4
330
17
100
AcDbEntity
  8
CUT
100
AcDbLine
 10
170.60479166666664
 20
422.97771388888873
 30
0.0
 11
173.60551944444444
 21
422.97771388888873
 31
0.0
  0
LINE
  5
4D5
330
17
100
AcDbEntity
  8
CUT
100
AcDbLine
 10
216.55797777777775
 20
396.8386444444443
 30
0.0
 11
209.21984722222226
 21
393.6481222222221
 31
0.0
  0
LINE
  5
4D6
330
17
100
AcDbEntity
  8
CUT
100
AcDbLine
 10
173.86939722222223
 20
378.27829999999994
 30
0.0
 11
168.03163055555552
 21
375.74041666666665
 31
0.0
  0
LINE
  5
4D7
330
17
100
AcDbEntity
  8
CUT
100
AcDbLine
 10
165.03125555555556
 20
379.0889833333332
 30
0.0
 11
165.03125555555556
 21
375.74041666666665
 31
0.0
  0
LINE
  5
4D8
330
17
100
AcDbEntity
  8
CUT
100
AcDbLine
 10
119.50563611111113
 20
395.534072222222
 30
0.0
 11
119.50563611111113
 21
408.1451722222221
 31
0.0
  0
LINE
  5
4D9
330
17
100
AcDbEntity
  8
CUT
100
AcDbLine
 10
168.03163055555552
 20
375.74041666666665
 30
0.0
 11
168.03163055555552
 21
379.0889833333332
 31
0.0
  0
LINE
  5
4DA
330
17
100
AcDbEntity
  8
CUT
100
AcDbLine
 10
203.07833888888882
 20
387.7059333333332
 30
0.0
 11
201.88206944444443
 21
390.4579527777776
 31
0.0
  0
LINE
  5
4DB
330
17
100
AcDbEntity
  8
CUT
100
AcDbLine
 10
157.99686666666662
 20
375.526986111111
 30
0.0
 11
150.65908888888885
 21
378.71715555555545
 31
0.0
  0
LINE
  5
4DC
330
17
100
AcDbEntity
  8
CUT
100
AcDbLine
 10
134.18154444444446
 20
389.1533805555554
 30
0.0
 11
132.98527500000006
 21
386.4017138888888
 31
0.0
  0
LINE
  5
4DD
330
17
100
AcDbEntity
  8
CUT
100
AcDbLine
 10
210.41646944444443
 20
390.8964555555554
 30
0.0
 11
203.07833888888882
 21
387.7059333333332
 31
0.0
  0
LINE
  5
4DE
330
17
100
AcDbEntity
  8
CUT
100
AcDbLine
 10
159.19348888888885
 20
378.27829999999994
 30
0.0
 11
157.99686666666662
 21
375.526986111111
 31
0.0
  0
LINE
  5
4DF
330
17
100
AcDbEntity
  8
CUT
100
AcDbLine
 10
182.40379722222212
 20
378.71715555555545
 30
0.0
 11
175.0660194444444
 21
375.526986111111
 31
0.0
  0
LINE
  5
4E0
330
17
100
AcDbEntity
  8
CUT
100
AcDbLine
 10
205.4680555555555
 20
401.920761111111
 30
0.0
 11
205.4680555555555
 21
432.5034194444443
 31
0.0
  0
LINE
  5
4E1
330
17
100
AcDbEntity
  8
CUT
100
AcDbLine
 10
175.0660194444444
 20
375.526986111111
 30
0.0
 11
173.86939722222223
 21
378.27829999999994
 31
0.0
  0
LINE
  5
4E2
330
17
100
AcDbEntity
  8
CUT
100
AcDbLine
 10
119.50563611111113
 20
422.5014638888888
 30
0.0
 11
119.50563611111113
 21
432.5034194444443
 31
0.0
  0
LINE
  5
4E3
330
17
100
AcDbEntity
  8
CUT
100
AcDbLine
 10
127.48017777777773
 20
432.5034194444443
 30
0.0
 11
127.48017777777773
 21
401.920761111111
 31
0.0
  0
LINE
  5
4E4
330
17
100
AcDbEntity
  8
CUT
100
AcDbLine
 10
165.03125555555556
 20
375.74041666666665
 30
0.0
 11
159.19348888888885
 21
378.27829999999994
 31
0.0
  0
LINE
  5
4E5
330
17
100
AcDbEntity
  8
CUT
100
AcDbLine
 10
126.84341388888896
 20
392.3439027777776
 30
0.0
 11
119.50563611111113
 21
395.534072222222
 31
0.0
  0
LINE
  5
4E6
330
17
100
AcDbEntity
  8
CUT
100
AcDbLine
 10
209.21984722222226
 20
393.6481222222221
 30
0.0
 11
210.41646944444443
 21
390.8964555555554
 31
0.0
  0
LINE
  5
4E7
330
17
100
AcDbEntity
  8
CUT
100
AcDbLine
 10
201.88206944444443
 20
390.4579527777776
 30
0.0
 11
181.20752777777784
 21
381.46917499999995
 31
0.0
  0
LINE
  5
4E8
330
17
100
AcDbEntity
  8
CUT
100
AcDbLine
 10
116.50526111111111
 20
408.1451722222221
 30
0.0
 11
116.50526111111111
 21
422.5014638888888
 31
0.0
  0
LINE
  5
4E9
330
17
100
AcDbEntity
  8
CUT
100
AcDbLine
 10
219.5583527777777
 20
422.5014638888888
 30
0.0
 11
219.5583527777777
 21
408.1451722222221
 31
0.0
  0
LINE
  5
4EA
330
17
100
AcDbEntity
  8
CUT
100
AcDbLine
 10
216.55797777777775
 20
432.5034194444443
 30
0.0
 11
216.55797777777775
 21
422.5014638888888
 31
0.0
  0
LINE
  5
4EB
330
17
100
AcDbEntity
  8
CUT
100
AcDbLine
 10
216.55797777777775
 20
408.1451722222221
 30
0.0
 11
216.55797777777775
 21
396.8386444444443
 31
0.0
  0
LINE
  5
4EC
330
17
100
AcDbEntity
  8
CUT
100
AcDbLine
 10
132.98527500000006
 20
386.4017138888888
 30
0.0
 11
125.64714444444445
 21
389.5918833333332
 31
0.0
  0
LINE
  5
4ED
330
17
100
AcDbEntity
  8
CUT
100
AcDbLine
 10
181.20752777777784
 20
381.46917499999995
 30
0.0
 11
182.40379722222212
 21
378.71715555555545
 31
0.0
  0
LINE
  5
4EE
330
17
100
AcDbEntity
  8
CUT
100
AcDbLine
 10
151.85535833333336
 20
381.46917499999995
 30
0.0
 11
134.18154444444446
 21
389.1533805555554
 31
0.0
  0
LINE
  5
4EF
330
17
100
AcDbEntity
  8
CUT
100
AcDbLine
 10
125.64714444444445
 20
389.5918833333332
 30
0.0
 11
126.84341388888896
 21
392.3439027777776
 31
0.0
  0
LINE
  5
4F0
330
17
100
AcDbEntity
  8
CUT
100
AcDbLine
 10
150.65908888888885
 20
378.71715555555545
 30
0.0
 11
151.85535833333336
 21
381.46917499999995
 31
0.0
  0
LINE
  5
4F1
330
17
100
AcDbEntity
  8
CUT
100
AcDbLine
 10
205.4680555555555
 20
432.5034194444443
 30
0.0
 11
216.55797777777775
 21
432.5034194444443
 31
0.0
  0
LINE
  5
4F2
330
17
100
AcDbEntity
  8
CUT
100
AcDbLine
 10
119.50563611111113
 20
432.5034194444443
 30
0.0
 11
127.48017777777773
 21
432.5034194444443
 31
0.0
  0
LINE
  5
4F3
330
17
100
AcDbEntity
  8
CUT
100
AcDbLine
 10
116.50526111111111
 20
422.5014638888888
 30
0.0
 11
119.50563611111113
 21
422.5014638888888
 31
0.0
  0
LINE
  5
4F4
330
17
100
AcDbEntity
  8
CUT
100
AcDbLine
 10
216.55797777777775
 20
422.5014638888888
 30
0.0
 11
219.5583527777777
 21
422.5014638888888
 31
0.0
  0
LINE
  5
4F5
330
17
100
AcDbEntity
  8
CUT
100
AcDbLine
 10
119.50563611111113
 20
408.1451722222221
 30
0.0
 11
116.50526111111111
 21
408.1451722222221
 31
0.0
  0
LINE
  5
4F6
330
17
100
AcDbEntity
  8
CUT
100
AcDbLine
 10
219.5583527777777
 20
408.1451722222221
 30
0.0
 11
216.55797777777775
 21
408.1451722222221
 31
0.0
  0
LINE
  5
4F7
330
17
100
AcDbEntity
  8
CUT
100
AcDbLine
 10
127.48017777777773
 20
401.920761111111
 30
0.0
 11
205.4680555555555
 21
401.920761111111
 31
0.0
  0
LINE
  5
4F8
330
17
100
AcDbEntity
  8
CUT
100
AcDbLine
 10
168.03163055555552
 20
379.0889833333332
 30
0.0
 11
165.03125555555556
 21
379.0889833333332
 31
0.0
  0
LINE
  5
4F9
330
17
100
AcDbEntity
  8
CUT
100
AcDbLine
 10
138.8576138888888
 20
421.1115194444443
 30
0.0
 11
139.0392944444444
 21
421.31859999999983
 31
0.0
  0
LINE
  5
4FA
330
17
100
AcDbEntity
  8
CUT
100
AcDbLine
 10
139.0392944444444
 20
421.31859999999983
 30
0.0
 11
139.19204722222224
 21
421.5471999999998
 31
0.0
  0
LINE
  5
4FB
330
17
100
AcDbEntity
  8
CUT
100
AcDbLine
 10
139.45557222222226
 20
422.8736444444443
 30
0.0
 11
139.40195000000006
 21
423.14351944444434
 31
0.0
  0
LINE
  5
4FC
330
17
100
AcDbEntity
  8
CUT
100
AcDbLine
 10
136.31831944444446
 20
424.4209277777776
 30
0.0
 11
136.08971944444443
 21
424.2681749999999
 31
0.0
  0
LINE
  5
4FD
330
17
100
AcDbEntity
  8
CUT
100
AcDbLine
 10
138.42193333333336
 20
424.4209277777776
 30
0.0
 11
138.1753416666666
 21
424.54263611111105
 31
0.0
  0
LINE
  5
4FE
330
17
100
AcDbEntity
  8
CUT
100
AcDbLine
 10
139.40195000000006
 20
422.0548472222221
 30
0.0
 11
139.45557222222226
 21
422.3243694444443
 31
0.0
  0
LINE
  5
4FF
330
17
100
AcDbEntity
  8
CUT
100
AcDbLine
 10
135.28468055555555
 20
422.8736444444443
 30
0.0
 11
135.26668888888895
 21
422.5991833333332
 31
0.0
  0
LINE
  5
500
330
17
100
AcDbEntity
  8
CUT
100
AcDbLine
 10
135.33830277777776
 20
422.0548472222221
 30
0.0
 11
135.4264972222221
 21
421.7941444444443
 31
0.0
  0
LINE
  5
501
330
17
100
AcDbEntity
  8
CUT
100
AcDbLine
 10
139.31375555555553
 20
421.7941444444443
 30
0.0
 11
139.40195000000006
 21
422.0548472222221
 31
0.0
  0
LINE
  5
502
330
17
100
AcDbEntity
  8
CUT
100
AcDbLine
 10
139.40195000000006
 20
423.14351944444434
 30
0.0
 11
139.31375555555553
 21
423.4042222222221
 31
0.0
  0
LINE
  5
503
330
17
100
AcDbEntity
  8
CUT
100
AcDbLine
 10
138.6508861111111
 20
424.2681749999999
 30
0.0
 11
138.42193333333336
 21
424.4209277777776
 31
0.0
  0
LINE
  5
504
330
17
100
AcDbEntity
  8
CUT
100
AcDbLine
 10
138.8576138888888
 20
424.08649444444427
 30
0.0
 11
138.6508861111111
 21
424.2681749999999
 31
0.0
  0
LINE
  5
505
330
17
100
AcDbEntity
  8
CUT
100
AcDbLine
 10
136.08971944444443
 20
424.2681749999999
 30
0.0
 11
135.88263888888895
 21
424.08649444444427
 31
0.0
  0
LINE
  5
506
330
17
100
AcDbEntity
  8
CUT
100
AcDbLine
 10
139.19204722222224
 20
421.5471999999998
 30
0.0
 11
139.31375555555553
 21
421.7941444444443
 31
0.0
  0
LINE
  5
507
330
17
100
AcDbEntity
  8
CUT
100
AcDbLine
 10
135.26668888888895
 20
422.5991833333332
 30
0.0
 11
135.28468055555555
 21
422.3243694444443
 31
0.0
  0
LINE
  5
508
330
17
100
AcDbEntity
  8
CUT
100
AcDbLine
 10
138.1753416666666
 20
420.6557305555554
 30
0.0
 11
138.42193333333336
 21
420.7774388888887
 31
0.0
  0
LINE
  5
509
330
17
100
AcDbEntity
  8
CUT
100
AcDbLine
 10
136.5652638888888
 20
424.54263611111105
 30
0.0
 11
136.31831944444446
 21
424.4209277777776
 31
0.0
  0
LINE
  5
50A
330
17
100
AcDbEntity
  8
CUT
100
AcDbLine
 10
135.4264972222221
 20
421.7941444444443
 30
0.0
 11
135.54855833333335
 21
421.5471999999998
 31
0.0
  0
LINE
  5
50B
330
17
100
AcDbEntity
  8
CUT
100
AcDbLine
 10
138.42193333333336
 20
420.7774388888887
 30
0.0
 11
138.6508861111111
 21
420.9301916666665
 31
0.0
  0
LINE
  5
50C
330
17
100
AcDbEntity
  8
CUT
100
AcDbLine
 10
135.88263888888895
 20
424.08649444444427
 30
0.0
 11
135.70131111111112
 21
423.8797666666665
 31
0.0
  0
LINE
  5
50D
330
17
100
AcDbEntity
  8
CUT
100
AcDbLine
 10
136.08971944444443
 20
420.9301916666665
 30
0.0
 11
136.31831944444446
 21
420.7774388888887
 31
0.0
  0
LINE
  5
50E
330
17
100
AcDbEntity
  8
CUT
100
AcDbLine
 10
139.19204722222224
 20
423.6508138888888
 30
0.0
 11
139.0392944444444
 21
423.8797666666665
 31
0.0
  0
LINE
  5
50F
330
17
100
AcDbEntity
  8
CUT
100
AcDbLine
 10
139.0392944444444
 20
423.8797666666665
 30
0.0
 11
138.8576138888888
 21
424.08649444444427
 31
0.0
  0
LINE
  5
510
330
17
100
AcDbEntity
  8
CUT
100
AcDbLine
 10
135.70131111111112
 20
421.31859999999983
 30
0.0
 11
135.88263888888895
 21
421.1115194444443
 31
0.0
  0
LINE
  5
511
330
17
100
AcDbEntity
  8
CUT
100
AcDbLine
 10
139.45557222222226
 20
422.3243694444443
 30
0.0
 11
139.47391666666664
 21
422.5991833333332
 31
0.0
  0
LINE
  5
512
330
17
100
AcDbEntity
  8
CUT
100
AcDbLine
 10
135.88263888888895
 20
421.1115194444443
 30
0.0
 11
136.08971944444443
 21
420.9301916666665
 31
0.0
  0
LINE
  5
513
330
17
100
AcDbEntity
  8
CUT
100
AcDbLine
 10
135.70131111111112
 20
423.8797666666665
 30
0.0
 11
135.54855833333335
 21
423.6508138888888
 31
0.0
  0
LINE
  5
514
330
17
100
AcDbEntity
  8
CUT
100
AcDbLine
 10
139.47391666666664
 20
422.5991833333332
 30
0.0
 11
139.45557222222226
 21
422.8736444444443
 31
0.0
  0
LINE
  5
515
330
17
100
AcDbEntity
  8
CUT
100
AcDbLine
 10
139.31375555555553
 20
423.4042222222221
 30
0.0
 11
139.19204722222224
 21
423.6508138888888
 31
0.0
  0
LINE
  5
516
330
17
100
AcDbEntity
  8
CUT
100
AcDbLine
 10
135.54855833333335
 20
421.5471999999998
 30
0.0
 11
135.70131111111112
 21
421.31859999999983
 31
0.0
  0
LINE
  5
517
330
17
100
AcDbEntity
  8
CUT
100
AcDbLine
 10
135.4264972222221
 20
423.4042222222221
 30
0.0
 11
135.33830277777776
 21
423.14351944444434
 31
0.0
  0
LINE
  5
518
330
17
100
AcDbEntity
  8
CUT
100
AcDbLine
 10
135.33830277777776
 20
423.14351944444434
 30
0.0
 11
135.28468055555555
 21
422.8736444444443
 31
0.0
  0
LINE
  5
519
330
17
100
AcDbEntity
  8
CUT
100
AcDbLine
 10
135.54855833333335
 20
423.6508138888888
 30
0.0
 11
135.4264972222221
 21
423.4042222222221
 31
0.0
  0
LINE
  5
51A
330
17
100
AcDbEntity
  8
CUT
100
AcDbLine
 10
135.28468055555555
 20
422.3243694444443
 30
0.0
 11
135.33830277777776
 21
422.0548472222221
 31
0.0
  0
LINE
  5
51B
330
17
100
AcDbEntity
  8
CUT
100
AcDbLine
 10
136.31831944444446
 20
420.7774388888887
 30
0.0
 11
136.5652638888888
 21
420.6557305555554
 31
0.0
  0
LINE
  5
51C
330
17
100
AcDbEntity
  8
CUT
100
AcDbLine
 10
138.6508861111111
 20
420.9301916666665
 30
0.0
 11
138.8576138888888
 21
421.1115194444443
 31
0.0
  0
LINE
  5
51D
330
17
100
AcDbEntity
  8
CUT
100
AcDbLine
 10
136.82596666666666
 20
420.5671833333332
 30
0.0
 11
137.09548888888895
 21
420.5135611111109
 31
0.0
  0
LINE
  5
51E
330
17
100
AcDbEntity
  8
CUT
100
AcDbLine
 10
137.91000226322734
 20
420.54724154608584
 30
0.0
 11
138.1753416666666
 21
420.6557305555554
 31
0.0
  0
LINE
  5
51F
330
17
100
AcDbEntity
  8
CUT
100
AcDbLine
 10
138.1753416666666
 20
424.54263611111105
 30
0.0
 11
137.91463888888893
 21
424.6311833333332
 31
0.0
  0
LINE
  5
520
330
17
100
AcDbEntity
  8
CUT
100
AcDbLine
 10
136.82596666666666
 20
424.6311833333332
 30
0.0
 11
136.5652638888888
 21
424.54263611111105
 31
0.0
  0
LINE
  5
521
330
17
100
AcDbEntity
  8
CUT
100
AcDbLine
 10
137.91463888888893
 20
424.6311833333332
 30
0.0
 11
137.64476388888886
 21
424.6848055555554
 31
0.0
  0
LINE
  5
522
330
17
100
AcDbEntity
  8
CUT
100
AcDbLine
 10
137.37030277777785
 20
420.4955694444443
 30
0.0
 11
137.64476388888886
 21
420.4955694444443
 31
0.0
  0
LINE
  5
523
330
17
100
AcDbEntity
  8
CUT
100
AcDbLine
 10
137.09548888888895
 20
424.7027972222221
 30
0.0
 11
136.82596666666666
 21
424.6311833333332
 31
0.0
  0
LINE
  5
524
330
17
100
AcDbEntity
  8
CUT
100
AcDbLine
 10
137.64476388888886
 20
424.6848055555554
 30
0.0
 11
137.37030277777785
 21
424.7027972222221
 31
0.0
  0
LINE
  5
525
330
17
100
AcDbEntity
  8
CUT
100
AcDbLine
 10
137.37030277777785
 20
424.7027972222221
 30
0.0
 11
137.09548888888895
 21
424.7027972222221
 31
0.0
  0
LINE
  5
526
330
17
100
AcDbEntity
  8
CUT
100
AcDbLine
 10
136.5652638888888
 20
420.6557305555554
 30
0.0
 11
136.82596666666666
 21
420.5671833333332
 31
0.0
  0
LINE
  5
527
330
17
100
AcDbEntity
  8
CUT
100
AcDbLine
 10
137.09548888888895
 20
420.5135611111109
 30
0.0
 11
137.37030277777785
 21
420.4955694444443
 31
0.0
  0
LINE
  5
528
330
17
100
AcDbEntity
  8
CUT
100
AcDbLine
 10
137.64476388888886
 20
420.4955694444443
 30
0.0
 11
137.91000226322734
 21
420.54724154608584
 31
0.0
  0
LINE
  5
529
330
17
100
AcDbEntity
  8
CUT
100
AcDbLine
 10
167.10417777777775
 20
419.9773388888887
 30
0.0
 11
167.10417777777775
 21
416.9766111111109
 31
0.0
  0
LINE
  5
52A
330
17
100
AcDbEntity
  8
CUT
100
AcDbLine
 10
177.10613333333333
 20
416.9766111111109
 30
0.0
 11
177.10613333333333
 21
419.9773388888887
 31
0.0
  0
LINE
  5
52B
330
17
100
AcDbEntity
  8
CUT
100
AcDbLine
 10
177.10613333333333
 20
419.9773388888887
 30
0.0
 11
167.10417777777775
 21
419.9773388888887
 31
0.0
  0
LINE
  5
52C
330
17
100
AcDbEntity
  8
CUT
100
AcDbLine
 10
167.10417777777775
 20
416.9766111111109
 30
0.0
 11
177.10613333333333
 21
416.9766111111109
 31
0.0
  0
LINE
  5
52D
330
17
100
AcDbEntity
  8
CUT
100
AcDbLine
 10
165.03090277777773
 20
394.7840666666665
 30
0.0
 11
165.03090277777773
 21
391.7833388888887
 31
0.0
  0
LINE
  5
52E
330
17
100
AcDbEntity
  8
CUT
100
AcDbLine
 10
168.03163055555552
 20
391.7833388888887
 30
0.0
 11
168.03163055555552
 21
394.7840666666665
 31
0.0
  0
LINE
  5
52F
330
17
100
AcDbEntity
  8
CUT
100
AcDbLine
 10
159.53003888888884
 20
391.7833388888887
 30
0.0
 11
159.53003888888884
 21
385.3546694444443
 31
0.0
  0
LINE
  5
530
330
17
100
AcDbEntity
  8
CUT
100
AcDbLine
 10
173.53284722222224
 20
385.3546694444443
 30
0.0
 11
173.53284722222224
 21
391.7833388888887
 31
0.0
  0
LINE
  5
531
330
17
100
AcDbEntity
  8
CUT
100
AcDbLine
 10
168.03163055555552
 20
394.7840666666665
 30
0.0
 11
165.03090277777773
 21
394.7840666666665
 31
0.0
  0
LINE
  5
532
330
17
100
AcDbEntity
  8
CUT
100
AcDbLine
 10
159.53003888888884
 20
385.3546694444443
 30
0.0
 11
173.53284722222224
 21
385.3546694444443
 31
0.0
  0
LINE
  5
533
330
17
100
AcDbEntity
  8
CUT
100
AcDbLine
 10
165.03090277777773
 20
391.7833388888887
 30
0.0
 11
159.53003888888884
 21
391.7833388888887
 31
0.0
  0
LINE
  5
534
330
17
100
AcDbEntity
  8
CUT
100
AcDbLine
 10
173.53284722222224
 20
391.7833388888887
 30
0.0
 11
168.03163055555552
 21
391.7833388888887
 31
0.0
  0
LINE
  5
535
330
17
100
AcDbEntity
  8
ENGRAVE
100
AcDbLine
 10
179.71132349299734
 20
394.82236614279066
 30
0.0
 11
181.11130213069265
 21
396.22234478048597
 31
0.0
  0
LINE
  5
536
330
17
100
AcDbEntity
  8
ENGRAVE
100
AcDbLine
 10
181.11130213069265
 20
396.22234478048597
 30
0.0
 11
181.11130213069265
 21
389.2224515920094
 31
0.0
  0
LINE
  5
537
330
17
100
AcDbEntity
  8
ENGRAVE
100
AcDbLine
 10
179.71132349299734
 20
389.2224515920094
 30
0.0
 11
182.51128076838796
 21
389.2224515920094
 31
0.0
  0
LINE
  5
538
330
17
100
AcDbEntity
  8
ENGRAVE
100
AcDbLine
 10
185.3112380437786
 20
394.82236614279066
 30
0.0
 11
186.7112166814739
 21
396.22234478048597
 31
0.0
  0
LINE
  5
539
330
17
100
AcDbEntity
  8
ENGRAVE
100
AcDbLine
 10
186.7112166814739
 20
396.22234478048597
 30
0.0
 11
186.7112166814739
 21
389.2224515920094
 31
0.0
  0
LINE
  5
53A
330
17
100
AcDbEntity
  8
ENGRAVE
100
AcDbLine
 10
185.3112380437786
 20
389.2224515920094
 30
0.0
 11
188.1111953191692
 21
389.2224515920094
 31
0.0
  0
LINE
  5
53B
330
17
100
AcDbEntity
  8
CUT
100
AcDbLine
 10
288.47346944444445
 20
422.1356333333332
 30
0.0
 11
282.45719722222213
 21
427.9472944444443
 31
0.0
  0
LINE
  5
53C
330
17
100
AcDbEntity
  8
CUT
100
AcDbLine
 10
284.06621666666655
 20
429.5065722222221
 30
0.0
 11
284.8603194444443
 21
430.01245555555545
 31
0.0
  0
LINE
  5
53D
330
17
100
AcDbEntity
  8
CUT
100
AcDbLine
 10
289.4323194444443
 20
430.45236944444434
 30
0.0
 11
290.30861944444445
 21
430.1073527777776
 31
0.0
  0
LINE
  5
53E
330
17
100
AcDbEntity
  8
CUT
100
AcDbLine
 10
290.30861944444445
 20
430.1073527777776
 30
0.0
 11
291.1196555555554
 21
429.6293388888887
 31
0.0
  0
LINE
  5
53F
330
17
100
AcDbEntity
  8
CUT
100
AcDbLine
 10
283.360661111111
 20
428.882861111111
 30
0.0
 11
284.06621666666655
 21
429.5065722222221
 31
0.0
  0
LINE
  5
540
330
17
100
AcDbEntity
  8
CUT
100
AcDbLine
 10
282.45719722222213
 20
427.9472944444443
 30
0.0
 11
283.360661111111
 21
428.882861111111
 31
0.0
  0
LINE
  5
541
330
17
100
AcDbEntity
  8
CUT
100
AcDbLine
 10
291.84637777777766
 20
429.03032222222214
 30
0.0
 11
295.0047972222221
 21
425.9784416666665
 31
0.0
  0
LINE
  5
542
330
17
100
AcDbEntity
  8
CUT
100
AcDbLine
 10
302.15701388888886
 20
425.904711111111
 30
0.0
 11
303.0728249999999
 21
425.6845777777776
 31
0.0
  0
LINE
  5
543
330
17
100
AcDbEntity
  8
CUT
100
AcDbLine
 10
291.1196555555554
 20
429.6293388888887
 30
0.0
 11
291.84637777777766
 21
429.03032222222214
 31
0.0
  0
LINE
  5
544
330
17
100
AcDbEntity
  8
CUT
100
AcDbLine
 10
238.99744444444445
 20
419.9773388888887
 30
0.0
 11
238.70181666666662
 21
420.6433833333332
 31
0.0
  0
LINE
  5
545
330
17
100
AcDbEntity
  8
CUT
100
AcDbLine
 10
301.21827222222214
 20
416.9766111111109
 30
0.0
 11
291.10131111111104
 21
406.50228611111095
 31
0.0
  0
LINE
  5
546
330
17
100
AcDbEntity
  8
CUT
100
AcDbLine
 10
242.1004777777777
 20
427.5356027777776
 30
0.0
 11
242.75629166666653
 21
427.6661305555554
 31
0.0
  0
LINE
  5
547
330
17
100
AcDbEntity
  8
CUT
100
AcDbLine
 10
285.72391944444445
 20
430.3881638888887
 30
0.0
 11
286.6354972222221
 21
430.6238194444443
 31
0.0
  0
LINE
  5
548
330
17
100
AcDbEntity
  8
CUT
100
AcDbLine
 10
306.5653249999999
 20
422.7018416666665
 30
0.0
 11
306.92586388888884
 21
421.8318916666665
 31
0.0
  0
LINE
  5
549
330
17
100
AcDbEntity
  8
CUT
100
AcDbLine
 10
240.31189444444436
 20
426.6536583333332
 30
0.0
 11
240.86822499999994
 21
427.0251333333332
 31
0.0
  0
LINE
  5
54A
330
17
100
AcDbEntity
  8
CUT
100
AcDbLine
 10
284.8603194444443
 20
430.01245555555545
 30
0.0
 11
285.72391944444445
 21
430.3881638888887
 31
0.0
  0
LINE
  5
54B
330
17
100
AcDbEntity
  8
CUT
100
AcDbLine
 10
238.48697499999992
 20
421.27661944444435
 30
0.0
 11
238.35644722222213
 21
421.93208055555544
 31
0.0
  0
LINE
  5
54C
330
17
100
AcDbEntity
  8
CUT
100
AcDbLine
 10
304.74569722222225
 20
424.8322666666665
 30
0.0
 11
305.46183611111104
 21
424.2209027777776
 31
0.0
  0
LINE
  5
54D
330
17
100
AcDbEntity
  8
CUT
100
AcDbLine
 10
255.09822222222215
 20
416.9766111111109
 30
0.0
 11
255.09822222222215
 21
419.9773388888887
 31
0.0
  0
LINE
  5
54E
330
17
100
AcDbEntity
  8
CUT
100
AcDbLine
 10
238.35644722222213
 20
423.266286111111
 30
0.0
 11
238.48697499999992
 21
423.9217472222221
 31
0.0
  0
LINE
  5
54F
330
17
100
AcDbEntity
  8
CUT
100
AcDbLine
 10
243.42339444444445
 20
427.7098749999998
 30
0.0
 11
260.96950277777773
 21
427.438236111111
 31
0.0
  0
LINE
  5
550
330
17
100
AcDbEntity
  8
CUT
100
AcDbLine
 10
239.36891944444443
 20
425.7103305555554
 30
0.0
 11
239.80953888888882
 21
426.212686111111
 31
0.0
  0
LINE
  5
551
330
17
100
AcDbEntity
  8
CUT
100
AcDbLine
 10
238.48697499999992
 20
423.9217472222221
 30
0.0
 11
238.70181666666662
 21
424.5549833333332
 31
0.0
  0
LINE
  5
552
330
17
100
AcDbEntity
  8
CUT
100
AcDbLine
 10
238.35644722222213
 20
421.93208055555544
 30
0.0
 11
238.31270277777776
 21
422.5991833333332
 31
0.0
  0
LINE
  5
553
330
17
100
AcDbEntity
  8
CUT
100
AcDbLine
 10
307.14529166666654
 20
420.9160805555554
 30
0.0
 11
307.21937499999996
 21
419.9773388888887
 31
0.0
  0
LINE
  5
554
330
17
100
AcDbEntity
  8
CUT
100
AcDbLine
 10
239.80953888888882
 20
426.212686111111
 30
0.0
 11
240.31189444444436
 21
426.6536583333332
 31
0.0
  0
LINE
  5
555
330
17
100
AcDbEntity
  8
CUT
100
AcDbLine
 10
303.0728249999999
 20
425.6845777777776
 30
0.0
 11
303.9427749999999
 21
425.32439166666654
 31
0.0
  0
LINE
  5
556
330
17
100
AcDbEntity
  8
CUT
100
AcDbLine
 10
303.9427749999999
 20
425.32439166666654
 30
0.0
 11
304.74569722222225
 21
424.8322666666665
 31
0.0
  0
LINE
  5
557
330
17
100
AcDbEntity
  8
CUT
100
AcDbLine
 10
306.92586388888884
 20
421.8318916666665
 30
0.0
 11
307.14529166666654
 21
420.9160805555554
 31
0.0
  0
LINE
  5
558
330
17
100
AcDbEntity
  8
CUT
100
AcDbLine
 10
288.51298055555543
 20
430.7141305555554
 30
0.0
 11
289.4323194444443
 21
430.45236944444434
 31
0.0
  0
LINE
  5
559
330
17
100
AcDbEntity
  8
CUT
100
AcDbLine
 10
238.99744444444445
 20
425.15470555555544
 30
0.0
 11
239.36891944444443
 21
425.7103305555554
 31
0.0
  0
LINE
  5
55A
330
17
100
AcDbEntity
  8
CUT
100
AcDbLine
 10
238.70181666666662
 20
420.6433833333332
 30
0.0
 11
238.48697499999992
 21
421.27661944444435
 31
0.0
  0
LINE
  5
55B
330
17
100
AcDbEntity
  8
CUT
100
AcDbLine
 10
301.21827222222214
 20
419.9773388888887
 30
0.0
 11
301.21827222222214
 21
416.9766111111109
 31
0.0
  0
LINE
  5
55C
330
17
100
AcDbEntity
  8
CUT
100
AcDbLine
 10
238.31270277777776
 20
422.5991833333332
 30
0.0
 11
238.35644722222213
 21
423.266286111111
 31
0.0
  0
LINE
  5
55D
330
17
100
AcDbEntity
  8
CUT
100
AcDbLine
 10
240.86822499999994
 20
427.0251333333332
 30
0.0
 11
241.46759444444444
 21
427.320761111111
 31
0.0
  0
LINE
  5
55E
330
17
100
AcDbEntity
  8
CUT
100
AcDbLine
 10
241.46759444444444
 20
427.320761111111
 30
0.0
 11
242.1004777777777
 21
427.5356027777776
 31
0.0
  0
LINE
  5
55F
330
17
100
AcDbEntity
  8
CUT
100
AcDbLine
 10
306.07319999999993
 20
423.5047638888887
 30
0.0
 11
306.5653249999999
 21
422.7018416666665
 31
0.0
  0
LINE
  5
560
330
17
100
AcDbEntity
  8
CUT
100
AcDbLine
 10
238.70181666666662
 20
424.5549833333332
 30
0.0
 11
238.99744444444445
 21
425.15470555555544
 31
0.0
  0
LINE
  5
561
330
17
100
AcDbEntity
  8
CUT
100
AcDbLine
 10
305.46183611111104
 20
424.2209027777776
 30
0.0
 11
306.07319999999993
 21
423.5047638888887
 31
0.0
  0
LINE
  5
562
330
17
100
AcDbEntity
  8
CUT
100
AcDbLine
 10
265.21518333333324
 20
406.50228611111095
 30
0.0
 11
255.09822222222215
 21
416.9766111111109
 31
0.0
  0
LINE
  5
563
330
17
100
AcDbEntity
  8
CUT
100
AcDbLine
 10
270.5930939298938
 20
430.42724154608584
 30
0.0
 11
271.4561749999999
 21
430.01245555555545
 31
0.0
  0
LINE
  5
564
330
17
100
AcDbEntity
  8
CUT
100
AcDbLine
 10
269.92758888888886
 20
419.9773388888887
 30
0.0
 11
275.94386111111106
 21
425.7893527777776
 31
0.0
  0
LINE
  5
565
330
17
100
AcDbEntity
  8
CUT
100
AcDbLine
 10
272.25063055555546
 20
429.5065722222221
 30
0.0
 11
272.9558333333333
 21
428.882861111111
 31
0.0
  0
LINE
  5
566
330
17
100
AcDbEntity
  8
CUT
100
AcDbLine
 10
267.84302499999995
 20
422.1356333333332
 30
0.0
 11
269.92758888888886
 21
419.9773388888887
 31
0.0
  0
LINE
  5
567
330
17
100
AcDbEntity
  8
CUT
100
AcDbLine
 10
279.65861111111104
 20
422.97771388888873
 30
0.0
 11
279.65861111111104
 21
425.7893527777776
 31
0.0
  0
LINE
  5
568
330
17
100
AcDbEntity
  8
CUT
100
AcDbLine
 10
286.3889055555554
 20
419.9773388888887
 30
0.0
 11
288.47346944444445
 21
422.1356333333332
 31
0.0
  0
LINE
  5
569
330
17
100
AcDbEntity
  8
CUT
100
AcDbLine
 10
276.65788333333325
 20
425.7893527777776
 30
0.0
 11
276.65788333333325
 21
422.97771388888873
 31
0.0
  0
LINE
  5
56A
330
17
100
AcDbEntity
  8
CUT
100
AcDbLine
 10
273.8589444444443
 20
427.9472944444443
 30
0.0
 11
267.84302499999995
 21
422.1356333333332
 31
0.0
  0
LINE
  5
56B
330
17
100
AcDbEntity
  8
CUT
100
AcDbLine
 10
272.9558333333333
 20
428.882861111111
 30
0.0
 11
273.8589444444443
 21
427.9472944444443
 31
0.0
  0
LINE
  5
56C
330
17
100
AcDbEntity
  8
CUT
100
AcDbLine
 10
266.8841749999999
 20
430.45236944444434
 30
0.0
 11
267.80351388888886
 21
430.6566277777776
 31
0.0
  0
LINE
  5
56D
330
17
100
AcDbEntity
  8
CUT
100
AcDbLine
 10
271.4561749999999
 20
430.01245555555545
 30
0.0
 11
272.25063055555546
 21
429.5065722222221
 31
0.0
  0
LINE
  5
56E
330
17
100
AcDbEntity
  8
CUT
100
AcDbLine
 10
266.00787499999996
 20
430.1073527777776
 30
0.0
 11
266.8841749999999
 21
430.45236944444434
 31
0.0
  0
LINE
  5
56F
330
17
100
AcDbEntity
  8
CUT
100
AcDbLine
 10
264.4701166666666
 20
429.03032222222214
 30
0.0
 11
265.19683888888886
 21
429.6293388888887
 31
0.0
  0
LINE
  5
570
330
17
100
AcDbEntity
  8
CUT
100
AcDbLine
 10
265.19683888888886
 20
429.6293388888887
 30
0.0
 11
266.00787499999996
 21
430.1073527777776
 31
0.0
  0
LINE
  5
571
330
17
100
AcDbEntity
  8
CUT
100
AcDbLine
 10
280.3726333333332
 20
425.7893527777776
 30
0.0
 11
286.3889055555554
 21
419.9773388888887
 31
0.0
  0
LINE
  5
572
330
17
100
AcDbEntity
  8
CUT
100
AcDbLine
 10
269.6809972222221
 20
430.6819832098631
 30
0.0
 11
270.5930939298938
 21
430.42724154608584
 31
0.0
  0
LINE
  5
573
330
17
100
AcDbEntity
  8
CUT
100
AcDbLine
 10
262.82158611111106
 20
427.438236111111
 30
0.0
 11
264.4701166666666
 21
429.03032222222214
 31
0.0
  0
LINE
  5
574
330
17
100
AcDbEntity
  8
CUT
100
AcDbLine
 10
295.0047972222221
 20
425.9784416666665
 30
0.0
 11
301.21827222222214
 21
425.9784416666665
 31
0.0
  0
LINE
  5
575
330
17
100
AcDbEntity
  8
CUT
100
AcDbLine
 10
301.21827222222214
 20
425.9784416666665
 30
0.0
 11
302.15701388888886
 21
425.904711111111
 31
0.0
  0
LINE
  5
576
330
17
100
AcDbEntity
  8
CUT
100
AcDbLine
 10
286.6354972222221
 20
430.6238194444443
 30
0.0
 11
287.5728277777777
 21
430.7141305555554
 31
0.0
  0
LINE
  5
577
330
17
100
AcDbEntity
  8
CUT
100
AcDbLine
 10
255.09822222222215
 20
419.9773388888887
 30
0.0
 11
239.04189444444432
 21
419.9773388888887
 31
0.0
  0
LINE
  5
578
330
17
100
AcDbEntity
  8
CUT
100
AcDbLine
 10
239.04189444444432
 20
419.9773388888887
 30
0.0
 11
238.99744444444445
 21
419.9773388888887
 31
0.0
  0
LINE
  5
579
330
17
100
AcDbEntity
  8
CUT
100
AcDbLine
 10
307.21937499999996
 20
419.9773388888887
 30
0.0
 11
301.21827222222214
 21
419.9773388888887
 31
0.0
  0
LINE
  5
57A
330
17
100
AcDbEntity
  8
CUT
100
AcDbLine
 10
287.5728277777777
 20
430.7141305555554
 30
0.0
 11
288.51298055555543
 21
430.7141305555554
 31
0.0
  0
LINE
  5
57B
330
17
100
AcDbEntity
  8
CUT
100
AcDbLine
 10
268.7436666666665
 20
430.7141305555554
 30
0.0
 11
269.6809972222221
 21
430.6819832098631
 31
0.0
  0
LINE
  5
57C
330
17
100
AcDbEntity
  8
CUT
100
AcDbLine
 10
291.10131111111104
 20
406.50228611111095
 30
0.0
 11
265.21518333333324
 21
406.50228611111095
 31
0.0
  0
LINE
  5
57D
330
17
100
AcDbEntity
  8
CUT
100
AcDbLine
 10
242.75629166666653
 20
427.6661305555554
 30
0.0
 11
243.42339444444445
 21
427.7098749999998
 31
0.0
  0
LINE
  5
57E
330
17
100
AcDbEntity
  8
CUT
100
AcDbLine
 10
260.96950277777773
 20
427.438236111111
 30
0.0
 11
262.82158611111106
 21
427.438236111111
 31
0.0
  0
LINE
  5
57F
330
17
100
AcDbEntity
  8
CUT
100
AcDbLine
 10
267.80351388888886
 20
430.6566277777776
 30
0.0
 11
268.7436666666665
 21
430.7141305555554
 31
0.0
  0
LINE
  5
580
330
17
100
AcDbEntity
  8
CUT
100
AcDbLine
 10
275.94386111111106
 20
425.7893527777776
 30
0.0
 11
276.65788333333325
 21
425.7893527777776
 31
0.0
  0
LINE
  5
581
330
17
100
AcDbEntity
  8
CUT
100
AcDbLine
 10
279.65861111111104
 20
425.7893527777776
 30
0.0
 11
280.3726333333332
 21
425.7893527777776
 31
0.0
  0
LINE
  5
582
330
17
100
AcDbEntity
  8
CUT
100
AcDbLine
 10
276.65788333333325
 20
422.97771388888873
 30
0.0
 11
279.65861111111104
 21
422.97771388888873
 31
0.0
  0
LINE
  5
583
330
17
100
AcDbEntity
  8
CUT
100
AcDbLine
 10
322.61106944444435
 20
396.8386444444443
 30
0.0
 11
315.27293888888886
 21
393.6481222222221
 31
0.0
  0
LINE
  5
584
330
17
100
AcDbEntity
  8
CUT
100
AcDbLine
 10
279.92248888888884
 20
378.27829999999994
 30
0.0
 11
274.0847222222221
 21
375.74041666666665
 31
0.0
  0
LINE
  5
585
330
17
100
AcDbEntity
  8
CUT
100
AcDbLine
 10
271.08434722222216
 20
379.0889833333332
 30
0.0
 11
271.08434722222216
 21
375.74041666666665
 31
0.0
  0
LINE
  5
586
330
17
100
AcDbEntity
  8
CUT
100
AcDbLine
 10
225.55872777777773
 20
395.534072222222
 30
0.0
 11
225.55872777777773
 21
408.1451722222221
 31
0.0
  0
LINE
  5
587
330
17
100
AcDbEntity
  8
CUT
100
AcDbLine
 10
274.0847222222221
 20
375.74041666666665
 30
0.0
 11
274.0847222222221
 21
379.0889833333332
 31
0.0
  0
LINE
  5
588
330
17
100
AcDbEntity
  8
CUT
100
AcDbLine
 10
309.1314305555554
 20
387.7059333333332
 30
0.0
 11
307.93516111111103
 21
390.4579527777776
 31
0.0
  0
LINE
  5
589
330
17
100
AcDbEntity
  8
CUT
100
AcDbLine
 10
264.0499583333332
 20
375.526986111111
 30
0.0
 11
256.71218055555545
 21
378.71715555555545
 31
0.0
  0
LINE
  5
58A
330
17
100
AcDbEntity
  8
CUT
100
AcDbLine
 10
240.23463611111106
 20
389.1533805555554
 30
0.0
 11
239.03836666666666
 21
386.4017138888888
 31
0.0
  0
LINE
  5
58B
330
17
100
AcDbEntity
  8
CUT
100
AcDbLine
 10
316.46956111111103
 20
390.8964555555554
 30
0.0
 11
309.1314305555554
 21
387.7059333333332
 31
0.0
  0
LINE
  5
58C
330
17
100
AcDbEntity
  8
CUT
100
AcDbLine
 10
265.24658055555545
 20
378.27829999999994
 30
0.0
 11
264.0499583333332
 21
375.526986111111
 31
0.0
  0
LINE
  5
58D
330
17
100
AcDbEntity
  8
CUT
100
AcDbLine
 10
288.4568888888887
 20
378.71715555555545
 30
0.0
 11
281.119111111111
 21
375.526986111111
 31
0.0
  0
LINE
  5
58E
330
17
100
AcDbEntity
  8
CUT
100
AcDbLine
 10
311.5211472222221
 20
401.920761111111
 30
0.0
 11
311.5211472222221
 21
432.5034194444443
 31
0.0
  0
LINE
  5
58F
330
17
100
AcDbEntity
  8
CUT
100
AcDbLine
 10
281.119111111111
 20
375.526986111111
 30
0.0
 11
279.92248888888884
 21
378.27829999999994
 31
0.0
  0
LINE
  5
590
330
17
100
AcDbEntity
  8
CUT
100
AcDbLine
 10
225.55872777777773
 20
422.5014638888888
 30
0.0
 11
225.55872777777773
 21
432.5034194444443
 31
0.0
  0
LINE
  5
591
330
17
100
AcDbEntity
  8
CUT
100
AcDbLine
 10
233.53326944444433
 20
432.5034194444443
 30
0.0
 11
233.53326944444433
 21
401.920761111111
 31
0.0
  0
LINE
  5
592
330
17
100
AcDbEntity
  8
CUT
100
AcDbLine
 10
271.08434722222216
 20
375.74041666666665
 30
0.0
 11
265.24658055555545
 21
378.27829999999994
 31
0.0
  0
LINE
  5
593
330
17
100
AcDbEntity
  8
CUT
100
AcDbLine
 10
232.89650555555556
 20
392.3439027777776
 30
0.0
 11
225.55872777777773
 21
395.534072222222
 31
0.0
  0
LINE
  5
594
330
17
100
AcDbEntity
  8
CUT
100
AcDbLine
 10
315.27293888888886
 20
393.6481222222221
 30
0.0
 11
316.46956111111103
 21
390.8964555555554
 31
0.0
  0
LINE
  5
595
330
17
100
AcDbEntity
  8
CUT
100
AcDbLine
 10
307.93516111111103
 20
390.4579527777776
 30
0.0
 11
287.26061944444444
 21
381.46917499999995
 31
0.0
  0
LINE
  5
596
330
17
100
AcDbEntity
  8
CUT
100
AcDbLine
 10
222.5583527777777
 20
408.1451722222221
 30
0.0
 11
222.5583527777777
 21
422.5014638888888
 31
0.0
  0
LINE
  5
597
330
17
100
AcDbEntity
  8
CUT
100
AcDbLine
 10
325.6114444444443
 20
422.5014638888888
 30
0.0
 11
325.6114444444443
 21
408.1451722222221
 31
0.0
  0
LINE
  5
598
330
17
100
AcDbEntity
  8
CUT
100
AcDbLine
 10
322.61106944444435
 20
432.5034194444443
 30
0.0
 11
322.61106944444435
 21
422.5014638888888
 31
0.0
  0
LINE
  5
599
330
17
100
AcDbEntity
  8
CUT
100
AcDbLine
 10
322.61106944444435
 20
408.1451722222221
 30
0.0
 11
322.61106944444435
 21
396.8386444444443
 31
0.0
  0
LINE
  5
59A
330
17
100
AcDbEntity
  8
CUT
100
AcDbLine
 10
239.03836666666666
 20
386.4017138888888
 30
0.0
 11
231.70023611111105
 21
389.5918833333332
 31
0.0
  0
LINE
  5
59B
330
17
100
AcDbEntity
  8
CUT
100
AcDbLine
 10
287.26061944444444
 20
381.46917499999995
 30
0.0
 11
288.4568888888887
 21
378.71715555555545
 31
0.0
  0
LINE
  5
59C
330
17
100
AcDbEntity
  8
CUT
100
AcDbLine
 10
257.90844999999996
 20
381.46917499999995
 30
0.0
 11
240.23463611111106
 21
389.1533805555554
 31
0.0
  0
LINE
  5
59D
330
17
100
AcDbEntity
  8
CUT
100
AcDbLine
 10
231.70023611111105
 20
389.5918833333332
 30
0.0
 11
232.89650555555556
 21
392.3439027777776
 31
0.0
  0
LINE
  5
59E
330
17
100
AcDbEntity
  8
CUT
100
AcDbLine
 10
256.71218055555545
 20
378.71715555555545
 30
0.0
 11
257.90844999999996
 21
381.46917499999995
 31
0.0
  0
LINE
  5
59F
330
17
100
AcDbEntity
  8
CUT
100
AcDbLine
 10
311.5211472222221
 20
432.5034194444443
 30
0.0
 11
322.61106944444435
 21
432.5034194444443
 31
0.0
  0
LINE
  5
5A0
330
17
100
AcDbEntity
  8
CUT
100
AcDbLine
 10
225.55872777777773
 20
432.5034194444443
 30
0.0
 11
233.53326944444433
 21
432.5034194444443
 31
0.0
  0
LINE
  5
5A1
330
17
100
AcDbEntity
  8
CUT
100
AcDbLine
 10
222.5583527777777
 20
422.5014638888888
 30
0.0
 11
225.55872777777773
 21
422.5014638888888
 31
0.0
  0
LINE
  5
5A2
330
17
100
AcDbEntity
  8
CUT
100
AcDbLine
 10
322.61106944444435
 20
422.5014638888888
 30
0.0
 11
325.6114444444443
 21
422.5014638888888
 31
0.0
  0
LINE
  5
5A3
330
17
100
AcDbEntity
  8
CUT
100
AcDbLine
 10
225.55872777777773
 20
408.1451722222221
 30
0.0
 11
222.5583527777777
 21
408.1451722222221
 31
0.0
  0
LINE
  5
5A4
330
17
100
AcDbEntity
  8
CUT
100
AcDbLine
 10
325.6114444444443
 20
408.1451722222221
 30
0.0
 11
322.61106944444435
 21
408.1451722222221
 31
0.0
  0
LINE
  5
5A5
330
17
100
AcDbEntity
  8
CUT
100
AcDbLine
 10
233.53326944444433
 20
401.920761111111
 30
0.0
 11
311.5211472222221
 21
401.920761111111
 31
0.0
  0
LINE
  5
5A6
330
17
100
AcDbEntity
  8
CUT
100
AcDbLine
 10
274.0847222222221
 20
379.0889833333332
 30
0.0
 11
271.08434722222216
 21
379.0889833333332
 31
0.0
  0
LINE
  5
5A7
330
17
100
AcDbEntity
  8
CUT
100
AcDbLine
 10
244.9107055555554
 20
421.1115194444443
 30
0.0
 11
245.092386111111
 21
421.31859999999983
 31
0.0
  0
LINE
  5
5A8
330
17
100
AcDbEntity
  8
CUT
100
AcDbLine
 10
245.092386111111
 20
421.31859999999983
 30
0.0
 11
245.24513888888885
 21
421.5471999999998
 31
0.0
  0
LINE
  5
5A9
330
17
100
AcDbEntity
  8
CUT
100
AcDbLine
 10
245.50866388888886
 20
422.8736444444443
 30
0.0
 11
245.45504166666666
 21
423.14351944444434
 31
0.0
  0
LINE
  5
5AA
330
17
100
AcDbEntity
  8
CUT
100
AcDbLine
 10
242.37141111111106
 20
424.4209277777776
 30
0.0
 11
242.14281111111103
 21
424.2681749999999
 31
0.0
  0
LINE
  5
5AB
330
17
100
AcDbEntity
  8
CUT
100
AcDbLine
 10
244.47502499999996
 20
424.4209277777776
 30
0.0
 11
244.22843333333321
 21
424.54263611111105
 31
0.0
  0
LINE
  5
5AC
330
17
100
AcDbEntity
  8
CUT
100
AcDbLine
 10
245.45504166666666
 20
422.0548472222221
 30
0.0
 11
245.50866388888886
 21
422.3243694444443
 31
0.0
  0
LINE
  5
5AD
330
17
100
AcDbEntity
  8
CUT
100
AcDbLine
 10
241.33777222222216
 20
422.8736444444443
 30
0.0
 11
241.31978055555555
 21
422.5991833333332
 31
0.0
  0
LINE
  5
5AE
330
17
100
AcDbEntity
  8
CUT
100
AcDbLine
 10
241.39139444444436
 20
422.0548472222221
 30
0.0
 11
241.4795888888887
 21
421.7941444444443
 31
0.0
  0
LINE
  5
5AF
330
17
100
AcDbEntity
  8
CUT
100
AcDbLine
 10
245.36684722222213
 20
421.7941444444443
 30
0.0
 11
245.45504166666666
 21
422.0548472222221
 31
0.0
  0
LINE
  5
5B0
330
17
100
AcDbEntity
  8
CUT
100
AcDbLine
 10
245.45504166666666
 20
423.14351944444434
 30
0.0
 11
245.36684722222213
 21
423.4042222222221
 31
0.0
  0
LINE
  5
5B1
330
17
100
AcDbEntity
  8
CUT
100
AcDbLine
 10
244.7039777777777
 20
424.2681749999999
 30
0.0
 11
244.47502499999996
 21
424.4209277777776
 31
0.0
  0
LINE
  5
5B2
330
17
100
AcDbEntity
  8
CUT
100
AcDbLine
 10
244.9107055555554
 20
424.08649444444427
 30
0.0
 11
244.7039777777777
 21
424.2681749999999
 31
0.0
  0
LINE
  5
5B3
330
17
100
AcDbEntity
  8
CUT
100
AcDbLine
 10
242.14281111111103
 20
424.2681749999999
 30
0.0
 11
241.93573055555555
 21
424.08649444444427
 31
0.0
  0
LINE
  5
5B4
330
17
100
AcDbEntity
  8
CUT
100
AcDbLine
 10
245.24513888888885
 20
421.5471999999998
 30
0.0
 11
245.36684722222213
 21
421.7941444444443
 31
0.0
  0
LINE
  5
5B5
330
17
100
AcDbEntity
  8
CUT
100
AcDbLine
 10
241.31978055555555
 20
422.5991833333332
 30
0.0
 11
241.33777222222216
 21
422.3243694444443
 31
0.0
  0
LINE
  5
5B6
330
17
100
AcDbEntity
  8
CUT
100
AcDbLine
 10
244.22843333333321
 20
420.6557305555554
 30
0.0
 11
244.47502499999996
 21
420.7774388888887
 31
0.0
  0
LINE
  5
5B7
330
17
100
AcDbEntity
  8
CUT
100
AcDbLine
 10
242.6183555555554
 20
424.54263611111105
 30
0.0
 11
242.37141111111106
 21
424.4209277777776
 31
0.0
  0
LINE
  5
5B8
330
17
100
AcDbEntity
  8
CUT
100
AcDbLine
 10
241.4795888888887
 20
421.7941444444443
 30
0.0
 11
241.60164999999995
 21
421.5471999999998
 31
0.0
  0
LINE
  5
5B9
330
17
100
AcDbEntity
  8
CUT
100
AcDbLine
 10
244.47502499999996
 20
420.7774388888887
 30
0.0
 11
244.7039777777777
 21
420.9301916666665
 31
0.0
  0
LINE
  5
5BA
330
17
100
AcDbEntity
  8
CUT
100
AcDbLine
 10
241.93573055555555
 20
424.08649444444427
 30
0.0
 11
241.75440277777773
 21
423.8797666666665
 31
0.0
  0
LINE
  5
5BB
330
17
100
AcDbEntity
  8
CUT
100
AcDbLine
 10
242.14281111111103
 20
420.9301916666665
 30
0.0
 11
242.37141111111106
 21
420.7774388888887
 31
0.0
  0
LINE
  5
5BC
330
17
100
AcDbEntity
  8
CUT
100
AcDbLine
 10
245.24513888888885
 20
423.6508138888888
 30
0.0
 11
245.092386111111
 21
423.8797666666665
 31
0.0
  0
LINE
  5
5BD
330
17
100
AcDbEntity
  8
CUT
100
AcDbLine
 10
245.092386111111
 20
423.8797666666665
 30
0.0
 11
244.9107055555554
 21
424.08649444444427
 31
0.0
  0
LINE
  5
5BE
330
17
100
AcDbEntity
  8
CUT
100
AcDbLine
 10
241.75440277777773
 20
421.31859999999983
 30
0.0
 11
241.93573055555555
 21
421.1115194444443
 31
0.0
  0
LINE
  5
5BF
330
17
100
AcDbEntity
  8
CUT
100
AcDbLine
 10
245.50866388888886
 20
422.3243694444443
 30
0.0
 11
245.52700833333324
 21
422.5991833333332
 31
0.0
  0
LINE
  5
5C0
330
17
100
AcDbEntity
  8
CUT
100
AcDbLine
 10
241.93573055555555
 20
421.1115194444443
 30
0.0
 11
242.14281111111103
 21
420.9301916666665
 31
0.0
  0
LINE
  5
5C1
330
17
100
AcDbEntity
  8
CUT
100
AcDbLine
 10
241.75440277777773
 20
423.8797666666665
 30
0.0
 11
241.60164999999995
 21
423.6508138888888
 31
0.0
  0
LINE
  5
5C2
330
17
100
AcDbEntity
  8
CUT
100
AcDbLine
 10
245.52700833333324
 20
422.5991833333332
 30
0.0
 11
245.50866388888886
 21
422.8736444444443
 31
0.0
  0
LINE
  5
5C3
330
17
100
AcDbEntity
  8
CUT
100
AcDbLine
 10
245.36684722222213
 20
423.4042222222221
 30
0.0
 11
245.24513888888885
 21
423.6508138888888
 31
0.0
  0
LINE
  5
5C4
330
17
100
AcDbEntity
  8
CUT
100
AcDbLine
 10
241.60164999999995
 20
421.5471999999998
 30
0.0
 11
241.75440277777773
 21
421.31859999999983
 31
0.0
  0
LINE
  5
5C5
330
17
100
AcDbEntity
  8
CUT
100
AcDbLine
 10
241.4795888888887
 20
423.4042222222221
 30
0.0
 11
241.39139444444436
 21
423.14351944444434
 31
0.0
  0
LINE
  5
5C6
330
17
100
AcDbEntity
  8
CUT
100
AcDbLine
 10
241.39139444444436
 20
423.14351944444434
 30
0.0
 11
241.33777222222216
 21
422.8736444444443
 31
0.0
  0
LINE
  5
5C7
330
17
100
AcDbEntity
  8
CUT
100
AcDbLine
 10
241.60164999999995
 20
423.6508138888888
 30
0.0
 11
241.4795888888887
 21
423.4042222222221
 31
0.0
  0
LINE
  5
5C8
330
17
100
AcDbEntity
  8
CUT
100
AcDbLine
 10
241.33777222222216
 20
422.3243694444443
 30
0.0
 11
241.39139444444436
 21
422.0548472222221
 31
0.0
  0
LINE
  5
5C9
330
17
100
AcDbEntity
  8
CUT
100
AcDbLine
 10
242.37141111111106
 20
420.7774388888887
 30
0.0
 11
242.6183555555554
 21
420.6557305555554
 31
0.0
  0
LINE
  5
5CA
330
17
100
AcDbEntity
  8
CUT
100
AcDbLine
 10
244.7039777777777
 20
420.9301916666665
 30
0.0
 11
244.9107055555554
 21
421.1115194444443
 31
0.0
  0
LINE
  5
5CB
330
17
100
AcDbEntity
  8
CUT
100
AcDbLine
 10
242.87905833333326
 20
420.5671833333332
 30
0.0
 11
243.14858055555555
 21
420.5135611111109
 31
0.0
  0
LINE
  5
5CC
330
17
100
AcDbEntity
  8
CUT
100
AcDbLine
 10
243.96309392989394
 20
420.54724154608584
 30
0.0
 11
244.22843333333321
 21
420.6557305555554
 31
0.0
  0
LINE
  5
5CD
330
17
100
AcDbEntity
  8
CUT
100
AcDbLine
 10
244.22843333333321
 20
424.54263611111105
 30
0.0
 11
243.96773055555553
 21
424.6311833333332
 31
0.0
  0
LINE
  5
5CE
330
17
100
AcDbEntity
  8
CUT
100
AcDbLine
 10
242.87905833333326
 20
424.6311833333332
 30
0.0
 11
242.6183555555554
 21
424.54263611111105
 31
0.0
  0
LINE
  5
5CF
330
17
100
AcDbEntity
  8
CUT
100
AcDbLine
 10
243.96773055555553
 20
424.6311833333332
 30
0.0
 11
243.69785555555546
 21
424.6848055555554
 31
0.0
  0
LINE
  5
5D0
330
17
100
AcDbEntity
  8
CUT
100
AcDbLine
 10
243.42339444444445
 20
420.4955694444443
 30
0.0
 11
243.69785555555546
 21
420.4955694444443
 31
0.0
  0
LINE
  5
5D1
330
17
100
AcDbEntity
  8
CUT
100
AcDbLine
 10
243.14858055555555
 20
424.7027972222221
 30
0.0
 11
242.87905833333326
 21
424.6311833333332
 31
0.0
  0
LINE
  5
5D2
330
17
100
AcDbEntity
  8
CUT
100
AcDbLine
 10
243.69785555555546
 20
424.6848055555554
 30
0.0
 11
243.42339444444445
 21
424.7027972222221
 31
0.0
  0
LINE
  5
5D3
330
17
100
AcDbEntity
  8
CUT
100
AcDbLine
 10
243.42339444444445
 20
424.7027972222221
 30
0.0
 11
243.14858055555555
 21
424.7027972222221
 31
0.0
  0
LINE
  5
5D4
330
17
100
AcDbEntity
  8
CUT
100
AcDbLine
 10
242.6183555555554
 20
420.6557305555554
 30
0.0
 11
242.87905833333326
 21
420.5671833333332
 31
0.0
  0
LINE
  5
5D5
330
17
100
AcDbEntity
  8
CUT
100
AcDbLine
 10
243.14858055555555
 20
420.5135611111109
 30
0.0
 11
243.42339444444445
 21
420.4955694444443
 31
0.0
  0
LINE
  5
5D6
330
17
100
AcDbEntity
  8
CUT
100
AcDbLine
 10
243.69785555555546
 20
420.4955694444443
 30
0.0
 11
243.96309392989394
 21
420.54724154608584
 31
0.0
  0
LINE
  5
5D7
330
17
100
AcDbEntity
  8
CUT
100
AcDbLine
 10
273.15726944444435
 20
419.9773388888887
 30
0.0
 11
273.15726944444435
 21
416.9766111111109
 31
0.0
  0
LINE
  5
5D8
330
17
100
AcDbEntity
  8
CUT
100
AcDbLine
 10
283.15922499999994
 20
416.9766111111109
 30
0.0
 11
283.15922499999994
 21
419.9773388888887
 31
0.0
  0
LINE
  5
5D9
330
17
100
AcDbEntity
  8
CUT
100
AcDbLine
 10
283.15922499999994
 20
419.9773388888887
 30
0.0
 11
273.15726944444435
 21
419.9773388888887
 31
0.0
  0
LINE
  5
5DA
330
17
100
AcDbEntity
  8
CUT
100
AcDbLine
 10
273.15726944444435
 20
416.9766111111109
 30
0.0
 11
283.15922499999994
 21
416.9766111111109
 31
0.0
  0
LINE
  5
5DB
330
17
100
AcDbEntity
  8
CUT
100
AcDbLine
 10
271.08399444444433
 20
394.7840666666665
 30
0.0
 11
271.08399444444433
 21
391.7833388888887
 31
0.0
  0
LINE
  5
5DC
330
17
100
AcDbEntity
  8
CUT
100
AcDbLine
 10
274.0847222222221
 20
391.7833388888887
 30
0.0
 11
274.0847222222221
 21
394.7840666666665
 31
0.0
  0
LINE
  5
5DD
330
17
100
AcDbEntity
  8
CUT
100
AcDbLine
 10
265.58313055555544
 20
391.7833388888887
 30
0.0
 11
265.58313055555544
 21
385.3546694444443
 31
0.0
  0
LINE
  5
5DE
330
17
100
AcDbEntity
  8
CUT
100
AcDbLine
 10
279.58593888888885
 20
385.3546694444443
 30
0.0
 11
279.58593888888885
 21
391.7833388888887
 31
0.0
  0
LINE
  5
5DF
330
17
100
AcDbEntity
  8
CUT
100
AcDbLine
 10
274.0847222222221
 20
394.7840666666665
 30
0.0
 11
271.08399444444433
 21
394.7840666666665
 31
0.0
  0
LINE
  5
5E0
330
17
100
AcDbEntity
  8
CUT
100
AcDbLine
 10
265.58313055555544
 20
385.3546694444443
 30
0.0
 11
279.58593888888885
 21
385.3546694444443
 31
0.0
  0
LINE
  5
5E1
330
17
100
AcDbEntity
  8
CUT
100
AcDbLine
 10
271.08399444444433
 20
391.7833388888887
 30
0.0
 11
265.58313055555544
 21
391.7833388888887
 31
0.0
  0
LINE
  5
5E2
330
17
100
AcDbEntity
  8
CUT
100
AcDbLine
 10
279.58593888888885
 20
391.7833388888887
 30
0.0
 11
274.0847222222221
 21
391.7833388888887
 31
0.0
  0
LINE
  5
5E3
330
17
100
AcDbEntity
  8
ENGRAVE
100
AcDbLine
 10
285.76441515966394
 20
394.82236614279066
 30
0.0
 11
287.16439379735925
 21
396.22234478048597
 31
0.0
  0
LINE
  5
5E4
330
17
100
AcDbEntity
  8
ENGRAVE
100
AcDbLine
 10
287.16439379735925
 20
396.22234478048597
 30
0.0
 11
287.16439379735925
 21
389.2224515920094
 31
0.0
  0
LINE
  5
5E5
330
17
100
AcDbEntity
  8
ENGRAVE
100
AcDbLine
 10
285.76441515966394
 20
389.2224515920094
 30
0.0
 11
288.56437243505457
 21
389.2224515920094
 31
0.0
  0
LINE
  5
5E6
330
17
100
AcDbEntity
  8
ENGRAVE
100
AcDbLine
 10
291.3643297104452
 20
394.82236614279066
 30
0.0
 11
292.7643083481405
 21
396.22234478048597
 31
0.0
  0
LINE
  5
5E7
330
17
100
AcDbEntity
  8
ENGRAVE
100
AcDbLine
 10
292.7643083481405
 20
396.22234478048597
 30
0.0
 11
292.7643083481405
 21
389.2224515920094
 31
0.0
  0
LINE
  5
5E8
330
17
100
AcDbEntity
  8
ENGRAVE
100
AcDbLine
 10
291.3643297104452
 20
389.2224515920094
 30
0.0
 11
294.1642869858358
 21
389.2224515920094
 31
0.0
  0
LINE
  5
5E9
330
17
100
AcDbEntity
  8
CUT
100
AcDbLine
 10
399.33315833333324
 20
173.0255527777777
 30
0.0
 11
420.5728499999999
 21
173.0255527777777
 31
0.0
  0
LINE
  5
5EA
330
17
100
AcDbEntity
  8
CUT
100
AcDbLine
 10
375.7287972222222
 20
152.26211111111098
 30
0.0
 11
383.33009999999996
 21
152.26211111111098
 31
0.0
  0
LINE
  5
5EB
330
17
100
AcDbEntity
  8
CUT
100
AcDbLine
 10
391.33180555555555
 20
176.02592777777778
 30
0.0
 11
399.33315833333324
 21
176.02592777777778
 31
0.0
  0
LINE
  5
5EC
330
17
100
AcDbEntity
  8
CUT
100
AcDbLine
 10
383.33009999999996
 20
173.0255527777777
 30
0.0
 11
391.33180555555555
 21
173.0255527777777
 31
0.0
  0
LINE
  5
5ED
330
17
100
AcDbEntity
  8
CUT
100
AcDbLine
 10
420.5728499999999
 20
176.02592777777778
 30
0.0
 11
428.57455555555566
 21
176.02592777777778
 31
0.0
  0
LINE
  5
5EE
330
17
100
AcDbEntity
  8
CUT
100
AcDbLine
 10
436.57590833333336
 20
112.5530916666666
 30
0.0
 11
375.7287972222222
 21
112.5530916666666
 31
0.0
  0
LINE
  5
5EF
330
17
100
AcDbEntity
  8
CUT
100
AcDbLine
 10
428.57455555555566
 20
173.0255527777777
 30
0.0
 11
436.57590833333336
 21
173.0255527777777
 31
0.0
  0
LINE
  5
5F0
330
17
100
AcDbEntity
  8
CUT
100
AcDbLine
 10
436.57590833333336
 20
173.0255527777777
 30
0.0
 11
436.57590833333336
 21
112.5530916666666
 31
0.0
  0
LINE
  5
5F1
330
17
100
AcDbEntity
  8
CUT
100
AcDbLine
 10
383.33009999999996
 20
152.26211111111098
 30
0.0
 11
383.33009999999996
 21
173.0255527777777
 31
0.0
  0
LINE
  5
5F2
330
17
100
AcDbEntity
  8
CUT
100
AcDbLine
 10
375.7287972222222
 20
112.5530916666666
 30
0.0
 11
375.7287972222222
 21
152.26211111111098
 31
0.0
  0
LINE
  5
5F3
330
17
100
AcDbEntity
  8
CUT
100
AcDbLine
 10
420.5728499999999
 20
173.0255527777777
 30
0.0
 11
420.5728499999999
 21
176.02592777777778
 31
0.0
  0
LINE
  5
5F4
330
17
100
AcDbEntity
  8
CUT
100
AcDbLine
 10
428.57455555555566
 20
176.02592777777778
 30
0.0
 11
428.57455555555566
 21
173.0255527777777
 31
0.0
  0
LINE
  5
5F5
330
17
100
AcDbEntity
  8
CUT
100
AcDbLine
 10
391.33180555555555
 20
173.0255527777777
 30
0.0
 11
391.33180555555555
 21
176.02592777777778
 31
0.0
  0
LINE
  5
5F6
330
17
100
AcDbEntity
  8
CUT
100
AcDbLine
 10
399.33315833333324
 20
176.02592777777778
 30
0.0
 11
399.33315833333324
 21
173.0255527777777
 31
0.0
  0
LINE
  5
5F7
330
17
100
AcDbEntity
  8
CUT
100
AcDbLine
 10
390.0272333333332
 20
118.93484166666661
 30
0.0
 11
398.02893888888883
 21
118.93484166666661
 31
0.0
  0
LINE
  5
5F8
330
17
100
AcDbEntity
  8
CUT
100
AcDbLine
 10
398.02893888888883
 20
121.93556944444441
 30
0.0
 11
390.0272333333332
 21
121.93556944444441
 31
0.0
  0
LINE
  5
5F9
330
17
100
AcDbEntity
  8
CUT
100
AcDbLine
 10
398.02893888888883
 20
118.93484166666661
 30
0.0
 11
398.02893888888883
 21
121.93556944444441
 31
0.0
  0
LINE
  5
5FA
330
17
100
AcDbEntity
  8
CUT
100
AcDbLine
 10
390.0272333333332
 20
121.93556944444441
 30
0.0
 11
390.0272333333332
 21
118.93484166666661
 31
0.0
  0
LINE
  5
5FB
330
17
100
AcDbEntity
  8
CUT
100
AcDbLine
 10
428.57455555555566
 20
121.93556944444441
 30
0.0
 11
420.5728499999999
 21
121.93556944444441
 31
0.0
  0
LINE
  5
5FC
330
17
100
AcDbEntity
  8
CUT
100
AcDbLine
 10
420.5728499999999
 20
118.93484166666661
 30
0.0
 11
428.57455555555566
 21
118.93484166666661
 31
0.0
  0
LINE
  5
5FD
330
17
100
AcDbEntity
  8
CUT
100
AcDbLine
 10
420.5728499999999
 20
121.93556944444441
 30
0.0
 11
420.5728499999999
 21
118.93484166666661
 31
0.0
  0
LINE
  5
5FE
330
17
100
AcDbEntity
  8
CUT
100
AcDbLine
 10
428.57455555555566
 20
118.93484166666661
 30
0.0
 11
428.57455555555566
 21
121.93556944444441
 31
0.0
  0
LINE
  5
5FF
330
17
100
AcDbEntity
  8
ENGRAVE
100
AcDbLine
 10
407.1305865696536
 20
141.84587111204468
 30
0.0
 11
405.7306079319583
 21
143.24584974974
 31
0.0
  0
LINE
  5
600
330
17
100
AcDbEntity
  8
ENGRAVE
100
AcDbLine
 10
405.7306079319583
 20
143.24584974974
 30
0.0
 11
412.73050112043484
 21
143.24584974974
 31
0.0
  0
LINE
  5
601
330
17
100
AcDbEntity
  8
ENGRAVE
100
AcDbLine
 10
412.73050112043484
 20
141.84587111204468
 30
0.0
 11
412.73050112043484
 21
144.6458283874353
 31
0.0
  0
LINE
  5
602
330
17
100
AcDbEntity
  8
ENGRAVE
100
AcDbLine
 10
407.1305865696536
 20
146.74579634397827
 30
0.0
 11
405.7306079319583
 21
147.44578566282593
 31
0.0
  0
LINE
  5
603
330
17
100
AcDbEntity
  8
ENGRAVE
100
AcDbLine
 10
405.7306079319583
 20
147.44578566282593
 30
0.0
 11
405.7306079319583
 21
150.24574293821655
 31
0.0
  0
LINE
  5
604
330
17
100
AcDbEntity
  8
ENGRAVE
100
AcDbLine
 10
405.7306079319583
 20
150.24574293821655
 30
0.0
 11
407.1305865696536
 21
150.9457322570642
 31
0.0
  0
LINE
  5
605
330
17
100
AcDbEntity
  8
ENGRAVE
100
AcDbLine
 10
407.1305865696536
 20
150.9457322570642
 30
0.0
 11
408.1105716160403
 21
150.9457322570642
 31
0.0
  0
LINE
  5
606
330
17
100
AcDbEntity
  8
ENGRAVE
100
AcDbLine
 10
408.1105716160403
 20
150.9457322570642
 30
0.0
 11
412.73050112043484
 21
146.74579634397827
 31
0.0
  0
LINE
  5
607
330
17
100
AcDbEntity
  8
ENGRAVE
100
AcDbLine
 10
412.73050112043484
 20
146.74579634397827
 30
0.0
 11
412.73050112043484
 21
150.9457322570642
 31
0.0
  0
LINE
  5
608
330
17
100
AcDbEntity
  8
CUT
100
AcDbLine
 10
431.6652416666665
 20
409.7284611111111
 30
0.0
 11
427.6643888888887
 21
409.7284611111111
 31
0.0
  0
LINE
  5
609
330
17
100
AcDbEntity
  8
CUT
100
AcDbLine
 10
427.6643888888887
 20
439.3109944444445
 30
0.0
 11
332.6122972222221
 21
439.3109944444445
 31
0.0
  0
LINE
  5
60A
330
17
100
AcDbEntity
  8
CUT
100
AcDbLine
 10
332.6122972222221
 20
409.7284611111111
 30
0.0
 11
328.6114444444443
 21
409.7284611111111
 31
0.0
  0
LINE
  5
60B
330
17
100
AcDbEntity
  8
CUT
100
AcDbLine
 10
328.6114444444443
 20
406.7277333333334
 30
0.0
 11
431.6652416666665
 21
406.7277333333334
 31
0.0
  0
LINE
  5
60C
330
17
100
AcDbEntity
  8
CUT
100
AcDbLine
 10
431.6652416666665
 20
406.7277333333334
 30
0.0
 11
431.6652416666665
 21
409.7284611111111
 31
0.0
  0
LINE
  5
60D
330
17
100
AcDbEntity
  8
CUT
100
AcDbLine
 10
328.6114444444443
 20
409.7284611111111
 30
0.0
 11
328.6114444444443
 21
406.7277333333334
 31
0.0
  0
LINE
  5
60E
330
17
100
AcDbEntity
  8
CUT
100
AcDbLine
 10
332.6122972222221
 20
439.3109944444445
 30
0.0
 11
332.6122972222221
 21
409.7284611111111
 31
0.0
  0
LINE
  5
60F
330
17
100
AcDbEntity
  8
CUT
100
AcDbLine
 10
427.6643888888887
 20
409.7284611111111
 30
0.0
 11
427.6643888888887
 21
439.3109944444445
 31
0.0
  0
LINE
  5
610
330
17
100
AcDbEntity
  8
CUT
100
AcDbLine
 10
332.6122972222221
 20
424.0194888888889
 30
0.0
 11
427.6643888888887
 21
424.0194888888889
 31
0.0
  0
LINE
  5
611
330
17
100
AcDbEntity
  8
CUT
100
AcDbLine
 10
332.6122972222221
 20
413.8256222222222
 30
0.0
 11
427.6643888888887
 21
413.8256222222222
 31
0.0
  0
LINE
  5
612
330
17
100
AcDbEntity
  8
CUT
100
AcDbLine
 10
332.6122972222221
 20
418.92255555555556
 30
0.0
 11
427.6643888888887
 21
418.92255555555556
 31
0.0
  0
LINE
  5
613
330
17
100
AcDbEntity
  8
CUT
100
AcDbLine
 10
332.6122972222221
 20
429.11677499999996
 30
0.0
 11
427.6643888888887
 21
429.11677499999996
 31
0.0
  0
LINE
  5
614
330
17
100
AcDbEntity
  8
CUT
100
AcDbLine
 10
332.6122972222221
 20
408.72833611111105
 30
0.0
 11
427.6643888888887
 21
408.72833611111105
 31
0.0
  0
LINE
  5
615
330
17
100
AcDbEntity
  8
CUT
100
AcDbLine
 10
332.6122972222221
 20
434.21406111111105
 30
0.0
 11
427.6643888888887
 21
434.21406111111105
 31
0.0
  0
LINE
  5
616
330
17
100
AcDbEntity
  8
ENGRAVE
100
AcDbLine
 10
334.989289262757
 20
417.30918152193107
 30
0.0
 11
335.60257966803044
 21
417.9224719272045
 31
0.0
  0
LINE
  5
617
330
17
100
AcDbEntity
  8
ENGRAVE
100
AcDbLine
 10
335.60257966803044
 20
417.9224719272045
 30
0.0
 11
335.60257966803044
 21
414.85601990083734
 31
0.0
  0
LINE
  5
618
330
17
100
AcDbEntity
  8
ENGRAVE
100
AcDbLine
 10
334.989289262757
 20
414.85601990083734
 30
0.0
 11
336.21587007330385
 21
414.85601990083734
 31
0.0
  0
LINE
  5
619
330
17
100
AcDbEntity
  8
ENGRAVE
100
AcDbLine
 10
338.97567689703436
 20
417.9224719272045
 30
0.0
 11
337.44245088385077
 21
417.9224719272045
 31
0.0
  0
LINE
  5
61A
330
17
100
AcDbEntity
  8
ENGRAVE
100
AcDbLine
 10
337.44245088385077
 20
417.9224719272045
 30
0.0
 11
337.44245088385077
 21
416.69589111665766
 31
0.0
  0
LINE
  5
61B
330
17
100
AcDbEntity
  8
ENGRAVE
100
AcDbLine
 10
337.44245088385077
 20
416.69589111665766
 30
0.0
 11
338.66903169439763
 21
416.69589111665766
 31
0.0
  0
LINE
  5
61C
330
17
100
AcDbEntity
  8
ENGRAVE
100
AcDbLine
 10
338.66903169439763
 20
416.69589111665766
 30
0.0
 11
338.97567689703436
 21
416.38924591402093
 31
0.0
  0
LINE
  5
61D
330
17
100
AcDbEntity
  8
ENGRAVE
100
AcDbLine
 10
338.97567689703436
 20
416.38924591402093
 30
0.0
 11
338.97567689703436
 21
415.16266510347407
 31
0.0
  0
LINE
  5
61E
330
17
100
AcDbEntity
  8
ENGRAVE
100
AcDbLine
 10
338.97567689703436
 20
415.16266510347407
 30
0.0
 11
338.66903169439763
 21
414.85601990083734
 31
0.0
  0
LINE
  5
61F
330
17
100
AcDbEntity
  8
ENGRAVE
100
AcDbLine
 10
338.66903169439763
 20
414.85601990083734
 30
0.0
 11
337.44245088385077
 21
414.85601990083734
 31
0.0
  0
LINE
  5
620
330
17
100
AcDbEntity
  8
ENGRAVE
100
AcDbLine
 10
337.44245088385077
 20
414.85601990083734
 30
0.0
 11
337.13580568121404
 21
415.16266510347407
 31
0.0
  0
LINE
  5
621
330
17
100
AcDbEntity
  8
CUT
100
AcDbLine
 10
330.791611111111
 20
371.31451111111085
 30
0.0
 11
333.791986111111
 21
371.31451111111085
 31
0.0
  0
LINE
  5
622
330
17
100
AcDbEntity
  8
CUT
100
AcDbLine
 10
333.791986111111
 20
373.3147611111109
 30
0.0
 11
330.791611111111
 21
373.3147611111109
 31
0.0
  0
LINE
  5
623
330
17
100
AcDbEntity
  8
CUT
100
AcDbLine
 10
328.6114444444443
 20
362.29045555555547
 30
0.0
 11
330.791611111111
 21
364.35279444444416
 31
0.0
  0
LINE
  5
624
330
17
100
AcDbEntity
  8
CUT
100
AcDbLine
 10
333.791986111111
 20
380.2764777777776
 30
0.0
 11
330.791611111111
 21
380.2764777777776
 31
0.0
  0
LINE
  5
625
330
17
100
AcDbEntity
  8
CUT
100
AcDbLine
 10
330.791611111111
 20
385.2379444444442
 30
0.0
 11
333.791986111111
 21
385.2379444444442
 31
0.0
  0
LINE
  5
626
330
17
100
AcDbEntity
  8
CUT
100
AcDbLine
 10
347.5432638888888
 20
370.21137499999975
 30
0.0
 11
351.90747777777773
 21
370.21137499999975
 31
0.0
  0
LINE
  5
627
330
17
100
AcDbEntity
  8
CUT
100
AcDbLine
 10
351.90747777777773
 20
358.7358666666664
 30
0.0
 11
336.1044444444444
 21
358.7358666666664
 31
0.0
  0
LINE
  5
628
330
17
100
AcDbEntity
  8
CUT
100
AcDbLine
 10
336.1044444444444
 20
358.7358666666664
 30
0.0
 11
333.5408083333332
 21
361.44625833333305
 31
0.0
  0
LINE
  5
629
330
17
100
AcDbEntity
  8
CUT
100
AcDbLine
 10
343.54241111111105
 20
400.6917277777774
 30
0.0
 11
351.90747777777773
 21
400.6917277777774
 31
0.0
  0
LINE
  5
62A
330
17
100
AcDbEntity
  8
CUT
100
AcDbLine
 10
330.791611111111
 20
364.35279444444416
 30
0.0
 11
333.791986111111
 21
364.35279444444416
 31
0.0
  0
LINE
  5
62B
330
17
100
AcDbEntity
  8
CUT
100
AcDbLine
 10
330.791611111111
 20
378.27622777777754
 30
0.0
 11
333.791986111111
 21
378.27622777777754
 31
0.0
  0
LINE
  5
62C
330
17
100
AcDbEntity
  8
CUT
100
AcDbLine
 10
333.791986111111
 20
387.23819444444416
 30
0.0
 11
343.54241111111105
 21
387.23819444444416
 31
0.0
  0
LINE
  5
62D
330
17
100
AcDbEntity
  8
CUT
100
AcDbLine
 10
333.791986111111
 20
366.3530444444441
 30
0.0
 11
330.791611111111
 21
366.3530444444441
 31
0.0
  0
LINE
  5
62E
330
17
100
AcDbEntity
  8
CUT
100
AcDbLine
 10
333.5408083333332
 20
361.44625833333305
 30
0.0
 11
331.3609944444443
 21
359.38427222222197
 31
0.0
  0
LINE
  5
62F
330
17
100
AcDbEntity
  8
CUT
100
AcDbLine
 10
331.3609944444443
 20
359.38427222222197
 30
0.0
 11
328.6114444444443
 21
362.29045555555547
 31
0.0
  0
LINE
  5
630
330
17
100
AcDbEntity
  8
CUT
100
AcDbLine
 10
351.90747777777773
 20
373.2117499999997
 30
0.0
 11
347.5432638888888
 21
373.2117499999997
 31
0.0
  0
LINE
  5
631
330
17
100
AcDbEntity
  8
CUT
100
AcDbLine
 10
330.791611111111
 20
366.3530444444441
 30
0.0
 11
330.791611111111
 21
371.31451111111085
 31
0.0
  0
LINE
  5
632
330
17
100
AcDbEntity
  8
CUT
100
AcDbLine
 10
330.791611111111
 20
380.2764777777776
 30
0.0
 11
330.791611111111
 21
385.2379444444442
 31
0.0
  0
LINE
  5
633
330
17
100
AcDbEntity
  8
CUT
100
AcDbLine
 10
330.791611111111
 20
373.3147611111109
 30
0.0
 11
330.791611111111
 21
378.27622777777754
 31
0.0
  0
LINE
  5
634
330
17
100
AcDbEntity
  8
CUT
100
AcDbLine
 10
333.791986111111
 20
364.35279444444416
 30
0.0
 11
333.791986111111
 21
366.3530444444441
 31
0.0
  0
LINE
  5
635
330
17
100
AcDbEntity
  8
CUT
100
AcDbLine
 10
333.791986111111
 20
371.31451111111085
 30
0.0
 11
333.791986111111
 21
373.3147611111109
 31
0.0
  0
LINE
  5
636
330
17
100
AcDbEntity
  8
CUT
100
AcDbLine
 10
333.791986111111
 20
385.2379444444442
 30
0.0
 11
333.791986111111
 21
387.23819444444416
 31
0.0
  0
LINE
  5
637
330
17
100
AcDbEntity
  8
CUT
100
AcDbLine
 10
333.791986111111
 20
378.27622777777754
 30
0.0
 11
333.791986111111
 21
380.2764777777776
 31
0.0
  0
LINE
  5
638
330
17
100
AcDbEntity
  8
CUT
100
AcDbLine
 10
351.90747777777773
 20
370.21137499999975
 30
0.0
 11
351.90747777777773
 21
358.7358666666664
 31
0.0
  0
LINE
  5
639
330
17
100
AcDbEntity
  8
CUT
100
AcDbLine
 10
351.90747777777773
 20
400.6917277777774
 30
0.0
 11
351.90747777777773
 21
373.2117499999997
 31
0.0
  0
LINE
  5
63A
330
17
100
AcDbEntity
  8
CUT
100
AcDbLine
 10
343.54241111111105
 20
387.23819444444416
 30
0.0
 11
343.54241111111105
 21
400.6917277777774
 31
0.0
  0
LINE
  5
63B
330
17
100
AcDbEntity
  8
CUT
100
AcDbLine
 10
347.5432638888888
 20
373.2117499999997
 30
0.0
 11
347.5432638888888
 21
370.21137499999975
 31
0.0
  0
LINE
  5
63C
330
17
100
AcDbEntity
  8
ENGRAVE
100
AcDbLine
 10
339.6746357760027
 20
374.2431603646254
 30
0.0
 11
338.27465713830736
 21
374.94314968347305
 31
0.0
  0
LINE
  5
63D
330
17
100
AcDbEntity
  8
ENGRAVE
100
AcDbLine
 10
338.27465713830736
 20
374.94314968347305
 30
0.0
 11
338.27465713830736
 21
377.7431069588637
 31
0.0
  0
LINE
  5
63E
330
17
100
AcDbEntity
  8
ENGRAVE
100
AcDbLine
 10
338.27465713830736
 20
377.7431069588637
 30
0.0
 11
339.6746357760027
 21
378.44309627771133
 31
0.0
  0
LINE
  5
63F
330
17
100
AcDbEntity
  8
ENGRAVE
100
AcDbLine
 10
339.6746357760027
 20
378.44309627771133
 30
0.0
 11
340.6546208223894
 21
378.44309627771133
 31
0.0
  0
LINE
  5
640
330
17
100
AcDbEntity
  8
ENGRAVE
100
AcDbLine
 10
340.6546208223894
 20
378.44309627771133
 30
0.0
 11
345.2745503267839
 21
374.2431603646254
 31
0.0
  0
LINE
  5
641
330
17
100
AcDbEntity
  8
ENGRAVE
100
AcDbLine
 10
345.2745503267839
 20
374.2431603646254
 30
0.0
 11
345.2745503267839
 21
378.44309627771133
 31
0.0
  0
LINE
  5
642
330
17
100
AcDbEntity
  8
ENGRAVE
100
AcDbLine
 10
339.6746357760027
 20
380.5430642342543
 30
0.0
 11
338.27465713830736
 21
381.9430428719496
 31
0.0
  0
LINE
  5
643
330
17
100
AcDbEntity
  8
ENGRAVE
100
AcDbLine
 10
338.27465713830736
 20
381.9430428719496
 30
0.0
 11
345.2745503267839
 21
381.9430428719496
 31
0.0
  0
LINE
  5
644
330
17
100
AcDbEntity
  8
ENGRAVE
100
AcDbLine
 10
345.2745503267839
 20
380.5430642342543
 30
0.0
 11
345.2745503267839
 21
383.3430215096449
 31
0.0
  0
LINE
  5
645
330
17
100
AcDbEntity
  8
CUT
100
AcDbLine
 10
277.4100055555556
 20
358.7358666666664
 30
0.0
 11
311.11227777777776
 21
358.7358666666664
 31
0.0
  0
LINE
  5
646
330
17
100
AcDbEntity
  8
CUT
100
AcDbLine
 10
276.4095277777777
 20
364.7369694444441
 30
0.0
 11
272.40902777777774
 21
364.7369694444441
 31
0.0
  0
LINE
  5
647
330
17
100
AcDbEntity
  8
CUT
100
AcDbLine
 10
273.2518138888888
 20
360.95836666666645
 30
0.0
 11
273.87376111111104
 21
360.20059999999984
 31
0.0
  0
LINE
  5
648
330
17
100
AcDbEntity
  8
CUT
100
AcDbLine
 10
275.49618611111106
 20
359.1165138888886
 30
0.0
 11
276.43422222222216
 21
358.83182222222206
 31
0.0
  0
LINE
  5
649
330
17
100
AcDbEntity
  8
CUT
100
AcDbLine
 10
312.08770833333335
 20
358.83182222222206
 30
0.0
 11
313.0260972222221
 21
359.1165138888886
 31
0.0
  0
LINE
  5
64A
330
17
100
AcDbEntity
  8
CUT
100
AcDbLine
 10
313.0260972222221
 20
359.1165138888886
 30
0.0
 11
313.89075555555553
 21
359.5786527777776
 31
0.0
  0
LINE
  5
64B
330
17
100
AcDbEntity
  8
CUT
100
AcDbLine
 10
313.89075555555553
 20
359.5786527777776
 30
0.0
 11
314.64852222222214
 21
360.20059999999984
 31
0.0
  0
LINE
  5
64C
330
17
100
AcDbEntity
  8
CUT
100
AcDbLine
 10
273.87376111111104
 20
360.20059999999984
 30
0.0
 11
274.63152777777776
 21
359.5786527777776
 31
0.0
  0
LINE
  5
64D
330
17
100
AcDbEntity
  8
CUT
100
AcDbLine
 10
314.64852222222214
 20
360.20059999999984
 30
0.0
 11
315.27011666666664
 21
360.95836666666645
 31
0.0
  0
LINE
  5
64E
330
17
100
AcDbEntity
  8
CUT
100
AcDbLine
 10
279.4102555555555
 20
367.73734444444426
 30
0.0
 11
276.4095277777777
 21
367.73734444444426
 31
0.0
  0
LINE
  5
64F
330
17
100
AcDbEntity
  8
CUT
100
AcDbLine
 10
272.789675
 20
361.82302499999963
 30
0.0
 11
273.2518138888888
 21
360.95836666666645
 31
0.0
  0
LINE
  5
650
330
17
100
AcDbEntity
  8
CUT
100
AcDbLine
 10
276.43422222222216
 20
358.83182222222206
 30
0.0
 11
277.4100055555556
 21
358.7358666666664
 31
0.0
  0
LINE
  5
651
330
17
100
AcDbEntity
  8
CUT
100
AcDbLine
 10
272.50498333333326
 20
362.76106111111096
 30
0.0
 11
272.789675
 21
361.82302499999963
 31
0.0
  0
LINE
  5
652
330
17
100
AcDbEntity
  8
CUT
100
AcDbLine
 10
274.63152777777776
 20
359.5786527777776
 30
0.0
 11
275.49618611111106
 21
359.1165138888886
 31
0.0
  0
LINE
  5
653
330
17
100
AcDbEntity
  8
CUT
100
AcDbLine
 10
316.1129027777778
 20
364.7369694444441
 30
0.0
 11
312.1124027777778
 21
364.7369694444441
 31
0.0
  0
LINE
  5
654
330
17
100
AcDbEntity
  8
CUT
100
AcDbLine
 10
312.1124027777778
 20
367.73734444444426
 30
0.0
 11
309.1120277777777
 21
367.73734444444426
 31
0.0
  0
LINE
  5
655
330
17
100
AcDbEntity
  8
CUT
100
AcDbLine
 10
309.1120277777777
 20
370.73807222222206
 30
0.0
 11
279.4102555555555
 21
370.73807222222206
 31
0.0
  0
LINE
  5
656
330
17
100
AcDbEntity
  8
CUT
100
AcDbLine
 10
311.11227777777776
 20
358.7358666666664
 30
0.0
 11
312.08770833333335
 21
358.83182222222206
 31
0.0
  0
LINE
  5
657
330
17
100
AcDbEntity
  8
CUT
100
AcDbLine
 10
315.27011666666664
 20
360.95836666666645
 30
0.0
 11
315.73260833333336
 21
361.82302499999963
 31
0.0
  0
LINE
  5
658
330
17
100
AcDbEntity
  8
CUT
100
AcDbLine
 10
315.73260833333336
 20
361.82302499999963
 30
0.0
 11
316.01694722222226
 21
362.76106111111096
 31
0.0
  0
LINE
  5
659
330
17
100
AcDbEntity
  8
CUT
100
AcDbLine
 10
272.40902777777774
 20
363.73649166666655
 30
0.0
 11
272.50498333333326
 21
362.76106111111096
 31
0.0
  0
LINE
  5
65A
330
17
100
AcDbEntity
  8
CUT
100
AcDbLine
 10
272.40902777777774
 20
364.7369694444441
 30
0.0
 11
272.40902777777774
 21
363.73649166666655
 31
0.0
  0
LINE
  5
65B
330
17
100
AcDbEntity
  8
CUT
100
AcDbLine
 10
276.4095277777777
 20
367.73734444444426
 30
0.0
 11
276.4095277777777
 21
364.7369694444441
 31
0.0
  0
LINE
  5
65C
330
17
100
AcDbEntity
  8
CUT
100
AcDbLine
 10
309.1120277777777
 20
367.73734444444426
 30
0.0
 11
309.1120277777777
 21
370.73807222222206
 31
0.0
  0
LINE
  5
65D
330
17
100
AcDbEntity
  8
CUT
100
AcDbLine
 10
312.1124027777778
 20
364.7369694444441
 30
0.0
 11
312.1124027777778
 21
367.73734444444426
 31
0.0
  0
LINE
  5
65E
330
17
100
AcDbEntity
  8
CUT
100
AcDbLine
 10
316.1129027777778
 20
363.73649166666655
 30
0.0
 11
316.1129027777778
 21
364.7369694444441
 31
0.0
  0
LINE
  5
65F
330
17
100
AcDbEntity
  8
CUT
100
AcDbLine
 10
316.01694722222226
 20
362.76106111111096
 30
0.0
 11
316.1129027777778
 21
363.73649166666655
 31
0.0
  0
LINE
  5
660
330
17
100
AcDbEntity
  8
CUT
100
AcDbLine
 10
279.4102555555555
 20
370.73807222222206
 30
0.0
 11
279.4102555555555
 21
367.73734444444426
 31
0.0
  0
LINE
  5
661
330
17
100
AcDbEntity
  8
ENGRAVE
100
AcDbLine
 10
280.42608181635035
 20
367.30136145817767
 30
0.0
 11
281.126071135198
 21
368.0013507770253
 31
0.0
  0
LINE
  5
662
330
17
100
AcDbEntity
  8
ENGRAVE
100
AcDbLine
 10
281.126071135198
 20
368.0013507770253
 30
0.0
 11
283.92602841058863
 21
368.0013507770253
 31
0.0
  0
LINE
  5
663
330
17
100
AcDbEntity
  8
ENGRAVE
100
AcDbLine
 10
283.92602841058863
 20
368.0013507770253
 30
0.0
 11
284.6260177294363
 21
367.30136145817767
 31
0.0
  0
LINE
  5
664
330
17
100
AcDbEntity
  8
ENGRAVE
100
AcDbLine
 10
284.6260177294363
 20
367.30136145817767
 30
0.0
 11
284.6260177294363
 21
365.6213870929433
 31
0.0
  0
LINE
  5
665
330
17
100
AcDbEntity
  8
ENGRAVE
100
AcDbLine
 10
284.6260177294363
 20
365.6213870929433
 30
0.0
 11
283.92602841058863
 21
364.9213977740956
 31
0.0
  0
LINE
  5
666
330
17
100
AcDbEntity
  8
ENGRAVE
100
AcDbLine
 10
283.92602841058863
 20
364.9213977740956
 30
0.0
 11
281.82606045404566
 21
364.9213977740956
 31
0.0
  0
LINE
  5
667
330
17
100
AcDbEntity
  8
ENGRAVE
100
AcDbLine
 10
283.92602841058863
 20
364.9213977740956
 30
0.0
 11
284.6260177294363
 21
364.22140845524797
 31
0.0
  0
LINE
  5
668
330
17
100
AcDbEntity
  8
ENGRAVE
100
AcDbLine
 10
284.6260177294363
 20
364.22140845524797
 30
0.0
 11
284.6260177294363
 21
361.7014469073964
 31
0.0
  0
LINE
  5
669
330
17
100
AcDbEntity
  8
ENGRAVE
100
AcDbLine
 10
284.6260177294363
 20
361.7014469073964
 30
0.0
 11
283.92602841058863
 21
361.00145758854876
 31
0.0
  0
LINE
  5
66A
330
17
100
AcDbEntity
  8
ENGRAVE
100
AcDbLine
 10
283.92602841058863
 20
361.00145758854876
 30
0.0
 11
281.126071135198
 21
361.00145758854876
 31
0.0
  0
LINE
  5
66B
330
17
100
AcDbEntity
  8
ENGRAVE
100
AcDbLine
 10
281.126071135198
 20
361.00145758854876
 30
0.0
 11
280.42608181635035
 21
361.7014469073964
 31
0.0
  0
LINE
  5
66C
330
17
100
AcDbEntity
  8
ENGRAVE
100
AcDbLine
 10
286.0259963671316
 20
367.30136145817767
 30
0.0
 11
286.72598568597925
 21
368.0013507770253
 31
0.0
  0
LINE
  5
66D
330
17
100
AcDbEntity
  8
ENGRAVE
100
AcDbLine
 10
286.72598568597925
 20
368.0013507770253
 30
0.0
 11
289.5259429613699
 21
368.0013507770253
 31
0.0
  0
LINE
  5
66E
330
17
100
AcDbEntity
  8
ENGRAVE
100
AcDbLine
 10
289.5259429613699
 20
368.0013507770253
 30
0.0
 11
290.22593228021753
 21
367.30136145817767
 31
0.0
  0
LINE
  5
66F
330
17
100
AcDbEntity
  8
ENGRAVE
100
AcDbLine
 10
290.22593228021753
 20
367.30136145817767
 30
0.0
 11
290.22593228021753
 21
365.6213870929433
 31
0.0
  0
LINE
  5
670
330
17
100
AcDbEntity
  8
ENGRAVE
100
AcDbLine
 10
290.22593228021753
 20
365.6213870929433
 30
0.0
 11
289.5259429613699
 21
364.9213977740956
 31
0.0
  0
LINE
  5
671
330
17
100
AcDbEntity
  8
ENGRAVE
100
AcDbLine
 10
289.5259429613699
 20
364.9213977740956
 30
0.0
 11
287.4259750048269
 21
364.9213977740956
 31
0.0
  0
LINE
  5
672
330
17
100
AcDbEntity
  8
ENGRAVE
100
AcDbLine
 10
289.5259429613699
 20
364.9213977740956
 30
0.0
 11
290.22593228021753
 21
364.22140845524797
 31
0.0
  0
LINE
  5
673
330
17
100
AcDbEntity
  8
ENGRAVE
100
AcDbLine
 10
290.22593228021753
 20
364.22140845524797
 30
0.0
 11
290.22593228021753
 21
361.7014469073964
 31
0.0
  0
LINE
  5
674
330
17
100
AcDbEntity
  8
ENGRAVE
100
AcDbLine
 10
290.22593228021753
 20
361.7014469073964
 30
0.0
 11
289.5259429613699
 21
361.00145758854876
 31
0.0
  0
LINE
  5
675
330
17
100
AcDbEntity
  8
ENGRAVE
100
AcDbLine
 10
289.5259429613699
 20
361.00145758854876
 30
0.0
 11
286.72598568597925
 21
361.00145758854876
 31
0.0
  0
LINE
  5
676
330
17
100
AcDbEntity
  8
ENGRAVE
100
AcDbLine
 10
286.72598568597925
 20
361.00145758854876
 30
0.0
 11
286.0259963671316
 21
361.7014469073964
 31
0.0
  0
ENDSEC
  0
SECTION
  2
OBJECTS
  0
DICTIONARY
  5
A
330
0
100
AcDbDictionary
281
1
  3
ACAD_COLOR
350
B
  3
ACAD_GROUP
350
C
  3
ACAD_LAYOUT
350
D
  3
ACAD_MATERIAL
350
E
  3
ACAD_MLEADERSTYLE
350
F
  3
ACAD_MLINESTYLE
350
10
  3
ACAD_PLOTSETTINGS
350
11
  3
ACAD_PLOTSTYLENAME
350
12
  3
ACAD_SCALELIST
350
14
  3
ACAD_TABLESTYLE
350
15
  3
ACAD_VISUALSTYLE
350
16
  3
EZDXF_META
350
2D
  0
DICTIONARY
  5
B
330
A
100
AcDbDictionary
281
1
  0
DICTIONARY
  5
C
330
A
100
AcDbDictionary
281
1
  0
DICTIONARY
  5
D
330
A
100
AcDbDictionary
281
1
  3
Model
350
1A
  3
Layout1
350
1E
  0
DICTIONARY
  5
E
330
A
100
AcDbDictionary
281
1
  3
ByBlock
350
1F
  3
ByLayer
350
20
  3
Global
350
21
  0
DICTIONARY
  5
F
330
A
100
AcDbDictionary
281
1
  3
Standard
350
2C
  0
DICTIONARY
  5
10
330
A
100
AcDbDictionary
281
1
  3
Standard
350
22
  0
DICTIONARY
  5
11
330
A
100
AcDbDictionary
281
1
  0
ACDBDICTIONARYWDFLT
  5
12
330
A
100
AcDbDictionary
281
1
  3
Normal
350
13
100
AcDbDictionaryWithDefault
340
13
  0
ACDBPLACEHOLDER
  5
13
330
12
  0
DICTIONARY
  5
14
330
A
100
AcDbDictionary
281
1
  0
DICTIONARY
  5
15
330
A
100
AcDbDictionary
281
1
  0
DICTIONARY
  5
16
330
A
100
AcDbDictionary
281
1
  0
LAYOUT
  5
1A
330
D
100
AcDbPlotSettings
  1

  4
A3
  6

 40
7.5
 41
20.0
 42
7.5
 43
20.0
 44
420.0
 45
297.0
 46
0.0
 47
0.0
 48
0.0
 49
0.0
140
0.0
141
0.0
142
1.0
143
1.0
 70
1024
 72
1
 73
0
 74
5
  7

 75
16
 76
0
 77
2
 78
300
147
1.0
148
0.0
149
0.0
100
AcDbLayout
  1
Model
 70
1
 71
0
 10
0.0
 20
0.0
 11
420.0
 21
297.0
 12
0.0
 22
0.0
 32
0.0
 14
1e+20
 24
1e+20
 34
1e+20
 15
-1e+20
 25
-1e+20
 35
-1e+20
146
0.0
 13
0.0
 23
0.0
 33
0.0
 16
1.0
 26
0.0
 36
0.0
 17
0.0
 27
1.0
 37
0.0
 76
1
330
17
  0
LAYOUT
  5
1E
330
D
100
AcDbPlotSettings
  1

  4
A3
  6

 40
7.5
 41
20.0
 42
7.5
 43
20.0
 44
420.0
 45
297.0
 46
0.0
 47
0.0
 48
0.0
 49
0.0
140
0.0
141
0.0
142
1.0
143
1.0
 70
0
 72
1
 73
0
 74
5
  7

 75
16
 76
0
 77
2
 78
300
147
1.0
148
0.0
149
0.0
100
AcDbLayout
  1
Layout1
 70
1
 71
1
 10
0.0
 20
0.0
 11
420.0
 21
297.0
 12
0.0
 22
0.0
 32
0.0
 14
1e+20
 24
1e+20
 34
1e+20
 15
-1e+20
 25
-1e+20
 35
-1e+20
146
0.0
 13
0.0
 23
0.0
 33
0.0
 16
1.0
 26
0.0
 36
0.0
 17
0.0
 27
1.0
 37
0.0
 76
1
330
1B
  0
MATERIAL
  5
1F
102
{ACAD_REACTORS
330
E
102
}
330
E
100
AcDbMaterial
  1
ByBlock
  2

 70
0
 40
1.0
 71
1
 41
1.0
 91
-1023410177
 42
1.0
 72
1
  3

 73
1
 74
1
 75
1
 44
0.5
 73
0
 45
1.0
 46
1.0
 77
1
  4

 78
1
 79
1
170
1
 48
1.0
171
1
  6

172
1
173
1
174
1
140
1.0
141
1.0
175
1
  7

176
1
177
1
178
1
143
1.0
179
1
  8

270
1
271
1
272
1
145
1.0
146
1.0
273
1
  9

274
1
275
1
276
1
 42
1.0
 72
1
  3

 73
1
 74
1
 75
1
 94
63
  0
MATERIAL
  5
20
102
{ACAD_REACTORS
330
E
102
}
330
E
100
AcDbMaterial
  1
ByLayer
  2

 70
0
 40
1.0
 71
1
 41
1.0
 91
-1023410177
 42
1.0
 72
1
  3

 73
1
 74
1
 75
1
 44
0.5
 73
0
 45
1.0
 46
1.0
 77
1
  4

 78
1
 79
1
170
1
 48
1.0
171
1
  6

172
1
173
1
174
1
140
1.0
141
1.0
175
1
  7

176
1
177
1
178
1
143
1.0
179
1
  8

270
1
271
1
272
1
145
1.0
146
1.0
273
1
  9

274
1
275
1
276
1
 42
1.0
 72
1
  3

 73
1
 74
1
 75
1
 94
63
  0
MATERIAL
  5
21
102
{ACAD_REACTORS
330
E
102
}
330
E
100
AcDbMaterial
  1
Global
  2

 70
0
 40
1.0
 71
1
 41
1.0
 91
-1023410177
 42
1.0
 72
1
  3

 73
1
 74
1
 75
1
 44
0.5
 73
0
 45
1.0
 46
1.0
 77
1
  4

 78
1
 79
1
170
1
 48
1.0
171
1
  6

172
1
173
1
174
1
140
1.0
141
1.0
175
1
  7

176
1
177
1
178
1
143
1.0
179
1
  8

270
1
271
1
272
1
145
1.0
146
1.0
273
1
  9

274
1
275
1
276
1
 42
1.0
 72
1
  3

 73
1
 74
1
 75
1
 94
63
  0
MLINESTYLE
  5
22
102
{ACAD_REACTORS
330
10
102
}
330
10
100
AcDbMlineStyle
  2
Standard
 70
0
  3

 62
256
 51
90.0
 52
90.0
 71
2
 49
0.5
 62
256
  6
BYLAYER
 49
-0.5
 62
256
  6
BYLAYER
  0
MLEADERSTYLE
  5
2C
102
{ACAD_REACTORS
330
F
102
}
330
F
100
AcDbMLeaderStyle
179
2
170
2
171
1
172
0
 90
2
 40
0.0
 41
0.0
173
1
 91
-1056964608
 92
-2
290
1
 42
2.0
291
1
 43
8.0
  3
Standard
 44
4.0
300

342
29
174
1
175
1
176
0
178
1
 93
-1056964608
 45
4.0
292
0
297
0
 46
4.0
 94
-1056964608
 47
1.0
 49
1.0
140
1.0
294
1
141
0.0
177
0
142
1.0
295
0
296
0
143
3.75
271
0
272
9
273
9
  0
DICTIONARY
  5
2D
330
A
100
AcDbDictionary
280
1
281
1
  3
CREATED_BY_EZDXF
350
2E
  3
WRITTEN_BY_EZDXF
350
679
  0
DICTIONARYVAR
  5
2E
330
2D
100
DictionaryVariables
280
0
  1
1.4.4 @ 2026-08-21T00:33:10.180487+00:00
  0
DICTIONARYVAR
  5
679
330
2D
100
DictionaryVariables
280
0
  1
1.4.4 @ 2026-08-21T00:33:10.195678+00:00
  0
ENDSEC
  0
EOF
