  0
SECTION
  2
HEADER
  9
$ACADVER
  1
AC1024
  9
$ACADMAINTVER
 70
6
  9
$DWGCODEPAGE
  3
ANSI_1252
  9
$LASTSAVEDBY
  1
ezdxf
  9
$INSBASE
 10
0.0
 20
0.0
 30
0.0
  9
$EXTMIN
 10
1e+20
 20
1e+20
 30
1e+20
  9
$EXTMAX
 10
-1e+20
 20
-1e+20
 30
-1e+20
  9
$LIMMIN
 10
0.0
 20
0.0
  9
$LIMMAX
 10
420.0
 20
297.0
  9
$ORTHOMODE
 70
0
  9
$REGENMODE
 70
1
  9
$FILLMODE
 70
1
  9
$QTEXTMODE
 70
0
  9
$MIRRTEXT
 70
1
  9
$LTSCALE
 40
1.0
  9
$ATTMODE
 70
1
  9
$TEXTSIZE
 40
2.5
  9
$TRACEWID
 40
1.0
  9
$TEXTSTYLE
  7
Standard
  9
$CLAYER
  8
0
  9
$CELTYPE
  6
ByLayer
  9
$CECOLOR
 62
256
  9
$CELTSCALE
 40
1.0
  9
$DISPSILH
 70
0
  9
$DIMSCALE
 40
1.0
  9
$DIMASZ
 40
2.5
  9
$DIMEXO
 40
0.625
  9
$DIMDLI
 40
3.75
  9
$DIMRND
 40
0.0
  9
$DIMDLE
 40
0.0
  9
$DIMEXE
 40
1.25
  9
$DIMTP
 40
0.0
  9
$DIMTM
 40
0.0
  9
$DIMTXT
 40
2.5
  9
$DIMCEN
 40
2.5
  9
$DIMTSZ
 40
0.0
  9
$DIMTOL
 70
0
  9
$DIMLIM
 70
0
  9
$DIMTIH
 70
0
  9
$DIMTOH
 70
0
  9
$DIMSE1
 70
0
  9
$DIMSE2
 70
0
  9
$DIMTAD
 70
1
  9
$DIMZIN
 70
8
  9
$DIMBLK
  1

  9
$DIMASO
 70
1
  9
$DIMSHO
 70
1
  9
$DIMPOST
  1

  9
$DIMAPOST
  1

  9
$DIMALT
 70
0
  9
$DIMALTD
 70
3
  9
$DIMALTF
 40
0.03937007874
  9
$DIMLFAC
 40
1.0
  9
$DIMTOFL
 70
1
  9
$DIMTVP
 40
0.0
  9
$DIMTIX
 70
0
  9
$DIMSOXD
 70
0
  9
$DIMSAH
 70
0
  9
$DIMBLK1
  1

  9
$DIMBLK2
  1

  9
$DIMSTYLE
  2
ISO-25
  9
$DIMCLRD
 70
0
  9
$DIMCLRE
 70
0
  9
$DIMCLRT
 70
0
  9
$DIMTFAC
 40
1.0
  9
$DIMGAP
 40
0.625
  9
$DIMJUST
 70
0
  9
$DIMSD1
 70
0
  9
$DIMSD2
 70
0
  9
$DIMTOLJ
 70
0
  9
$DIMTZIN
 70
8
  9
$DIMALTZ
 70
0
  9
$DIMALTTZ
 70
0
  9
$DIMUPT
 70
0
  9
$DIMDEC
 70
2
  9
$DIMTDEC
 70
2
  9
$DIMALTU
 70
2
  9
$DIMALTTD
 70
3
  9
$DIMTXSTY
  7
Standard
  9
$DIMAUNIT
 70
0
  9
$DIMADEC
 70
0
  9
$DIMALTRND
 40
0.0
  9
$DIMAZIN
 70
0
  9
$DIMDSEP
 70
44
  9
$DIMATFIT
 70
3
  9
$DIMFRAC
 70
0
  9
$DIMLDRBLK
  1

  9
$DIMLUNIT
 70
2
  9
$DIMLWD
 70
-2
  9
$DIMLWE
 70
-2
  9
$DIMTMOVE
 70
0
  9
$DIMFXL
 40
1.0
  9
$DIMFXLON
 70
0
  9
$DIMJOGANG
 40
0.785398163397
  9
$DIMTFILL
 70
0
  9
$DIMTFILLCLR
 70
0
  9
$DIMARCSYM
 70
0
  9
$DIMLTYPE
  6

  9
$DIMLTEX1
  6

  9
$DIMLTEX2
  6

  9
$DIMTXTDIRECTION
 70
0
  9
$LUNITS
 70
2
  9
$LUPREC
 70
4
  9
$SKETCHINC
 40
1.0
  9
$FILLETRAD
 40
10.0
  9
$AUNITS
 70
0
  9
$AUPREC
 70
2
  9
$MENU
  1
.
  9
$ELEVATION
 40
0.0
  9
$PELEVATION
 40
0.0
  9
$THICKNESS
 40
0.0
  9
$LIMCHECK
 70
0
  9
$CHAMFERA
 40
0.0
  9
$CHAMFERB
 40
0.0
  9
$CHAMFERC
 40
0.0
  9
$CHAMFERD
 40
0.0
  9
$SKPOLY
 70
0
  9
$TDCREATE
 40
2461274.3563657408
  9
$TDUCREATE
 40
2458532.153996898
  9
$TDUPDATE
 40
2461274.3563657408
  9
$TDUUPDATE
 40
2458532.1544311
  9
$TDINDWG
 40
0.0
  9
$TDUSRTIMER
 40
0.0
  9
$USRTIMER
 70
1
  9
$ANGBASE
 50
0.0
  9
$ANGDIR
 70
0
  9
$PDMODE
 70
0
  9
$PDSIZE
 40
0.0
  9
$PLINEWID
 40
0.0
  9
$SPLFRAME
 70
0
  9
$SPLINETYPE
 70
6
  9
$SPLINESEGS
 70
8
  9
$HANDSEED
  5
5A5
  9
$SURFTAB1
 70
6
  9
$SURFTAB2
 70
6
  9
$SURFTYPE
 70
6
  9
$SURFU
 70
6
  9
$SURFV
 70
6
  9
$UCSBASE
  2

  9
$UCSNAME
  2

  9
$UCSORG
 10
0.0
 20
0.0
 30
0.0
  9
$UCSXDIR
 10
1.0
 20
0.0
 30
0.0
  9
$UCSYDIR
 10
0.0
 20
1.0
 30
0.0
  9
$UCSORTHOREF
  2

  9
$UCSORTHOVIEW
 70
0
  9
$UCSORGTOP
 10
0.0
 20
0.0
 30
0.0
  9
$UCSORGBOTTOM
 10
0.0
 20
0.0
 30
0.0
  9
$UCSORGLEFT
 10
0.0
 20
0.0
 30
0.0
  9
$UCSORGRIGHT
 10
0.0
 20
0.0
 30
0.0
  9
$UCSORGFRONT
 10
0.0
 20
0.0
 30
0.0
  9
$UCSORGBACK
 10
0.0
 20
0.0
 30
0.0
  9
$PUCSBASE
  2

  9
$PUCSNAME
  2

  9
$PUCSORG
 10
0.0
 20
0.0
 30
0.0
  9
$PUCSXDIR
 10
1.0
 20
0.0
 30
0.0
  9
$PUCSYDIR
 10
0.0
 20
1.0
 30
0.0
  9
$PUCSORTHOREF
  2

  9
$PUCSORTHOVIEW
 70
0
  9
$PUCSORGTOP
 10
0.0
 20
0.0
 30
0.0
  9
$PUCSORGBOTTOM
 10
0.0
 20
0.0
 30
0.0
  9
$PUCSORGLEFT
 10
0.0
 20
0.0
 30
0.0
  9
$PUCSORGRIGHT
 10
0.0
 20
0.0
 30
0.0
  9
$PUCSORGFRONT
 10
0.0
 20
0.0
 30
0.0
  9
$PUCSORGBACK
 10
0.0
 20
0.0
 30
0.0
  9
$USERI1
 70
0
  9
$USERI2
 70
0
  9
$USERI3
 70
0
  9
$USERI4
 70
0
  9
$USERI5
 70
0
  9
$USERR1
 40
0.0
  9
$USERR2
 40
0.0
  9
$USERR3
 40
0.0
  9
$USERR4
 40
0.0
  9
$USERR5
 40
0.0
  9
$WORLDVIEW
 70
1
  9
$SHADEDGE
 70
3
  9
$SHADEDIF
 70
70
  9
$TILEMODE
 70
1
  9
$MAXACTVP
 70
64
  9
$PINSBASE
 10
0.0
 20
0.0
 30
0.0
  9
$PLIMCHECK
 70
0
  9
$PEXTMIN
 10
1e+20
 20
1e+20
 30
1e+20
  9
$PEXTMAX
 10
-1e+20
 20
-1e+20
 30
-1e+20
  9
$PLIMMIN
 10
0.0
 20
0.0
  9
$PLIMMAX
 10
420.0
 20
297.0
  9
$UNITMODE
 70
0
  9
$VISRETAIN
 70
1
  9
$PLINEGEN
 70
0
  9
$PSLTSCALE
 70
1
  9
$TREEDEPTH
 70
3020
  9
$CMLSTYLE
  2
Standard
  9
$CMLJUST
 70
0
  9
$CMLSCALE
 40
20.0
  9
$PROXYGRAPHICS
 70
1
  9
$MEASUREMENT
 70
1
  9
$CELWEIGHT
370
-1
  9
$ENDCAPS
280
0
  9
$JOINSTYLE
280
0
  9
$LWDISPLAY
290
0
  9
$INSUNITS
 70
4
  9
$HYPERLINKBASE
  1

  9
$STYLESHEET
  1

  9
$XEDIT
290
1
  9
$CEPSNTYPE
380
0
  9
$PSTYLEMODE
290
1
  9
$FINGERPRINTGUID
  2
{32357BD0-2D81-44AF-A76E-3C83889A0DAA}
  9
$VERSIONGUID
  2
{84312C77-2F27-4644-B9D4-80C316DC8239}
  9
$EXTNAMES
290
1
  9
$PSVPSCALE
 40
0.0
  9
$OLESTARTUP
290
0
  9
$SORTENTS
280
127
  9
$INDEXCTL
280
0
  9
$HIDETEXT
280
1
  9
$XCLIPFRAME
280
1
  9
$HALOGAP
280
0
  9
$OBSCOLOR
 70
257
  9
$OBSLTYPE
280
0
  9
$INTERSECTIONDISPLAY
280
0
  9
$INTERSECTIONCOLOR
 70
257
  9
$DIMASSOC
280
2
  9
$PROJECTNAME
  1

  9
$CAMERADISPLAY
290
0
  9
$LENSLENGTH
 40
50.0
  9
$CAMERAHEIGHT
 40
0.0
  9
$STEPSPERSEC
 40
24.0
  9
$STEPSIZE
 40
100.0
  9
$3DDWFPREC
 40
2.0
  9
$PSOLWIDTH
 40
0.005
  9
$PSOLHEIGHT
 40
0.08
  9
$LOFTANG1
 40
1.570796326795
  9
$LOFTANG2
 40
1.570796326795
  9
$LOFTMAG1
 40
0.0
  9
$LOFTMAG2
 40
0.0
  9
$LOFTPARAM
 70
7
  9
$LOFTNORMALS
280
1
  9
$LATITUDE
 40
37.795
  9
$LONGITUDE
 40
-122.394
  9
$NORTHDIRECTION
 40
0.0
  9
$TIMEZONE
 70
-8000
  9
$LIGHTGLYPHDISPLAY
280
1
  9
$TILEMODELIGHTSYNCH
280
1
  9
$CMATERIAL
347
20
  9
$SOLIDHIST
280
0
  9
$SHOWHIST
280
1
  9
$DWFFRAME
280
2
  9
$DGNFRAME
280
2
  9
$REALWORLDSCALE
290
1
  9
$INTERFERECOLOR
 62
256
  9
$CSHADOW
280
0
  9
$SHADOWPLANELOCATION
 40
0.0
  0
ENDSEC
  0
SECTION
  2
CLASSES
  0
CLASS
  1
ACDBDICTIONARYWDFLT
  2
AcDbDictionaryWithDefault
  3
ObjectDBX Classes
 90
0
 91
0
280
0
281
0
  0
CLASS
  1
SUN
  2
AcDbSun
  3
SCENEOE
 90
1153
 91
0
280
0
281
0
  0
CLASS
  1
VISUALSTYLE
  2
AcDbVisualStyle
  3
ObjectDBX Classes
 90
4095
 91
0
280
0
281
0
  0
CLASS
  1
MATERIAL
  2
AcDbMaterial
  3
ObjectDBX Classes
 90
1153
 91
0
280
0
281
0
  0
CLASS
  1
SCALE
  2
AcDbScale
  3
ObjectDBX Classes
 90
1153
 91
0
280
0
281
0
  0
CLASS
  1
TABLESTYLE
  2
AcDbTableStyle
  3
ObjectDBX Classes
 90
4095
 91
0
280
0
281
0
  0
CLASS
  1
MLEADERSTYLE
  2
AcDbMLeaderStyle
  3
ACDB_MLEADERSTYLE_CLASS
 90
4095
 91
0
280
0
281
0
  0
CLASS
  1
DICTIONARYVAR
  2
AcDbDictionaryVar
  3
ObjectDBX Classes
 90
0
 91
0
280
0
281
0
  0
CLASS
  1
CELLSTYLEMAP
  2
AcDbCellStyleMap
  3
ObjectDBX Classes
 90
1152
 91
0
280
0
281
0
  0
CLASS
  1
MENTALRAYRENDERSETTINGS
  2
AcDbMentalRayRenderSettings
  3
SCENEOE
 90
1024
 91
0
280
0
281
0
  0
CLASS
  1
ACDBDETAILVIEWSTYLE
  2
AcDbDetailViewStyle
  3
ObjectDBX Classes
 90
1025
 91
0
280
0
281
0
  0
CLASS
  1
ACDBSECTIONVIEWSTYLE
  2
AcDbSectionViewStyle
  3
ObjectDBX Classes
 90
1025
 91
0
280
0
281
0
  0
CLASS
  1
RASTERVARIABLES
  2
AcDbRasterVariables
  3
ISM
 90
0
 91
0
280
0
281
0
  0
CLASS
  1
ACDBPLACEHOLDER
  2
AcDbPlaceHolder
  3
ObjectDBX Classes
 90
0
 91
0
280
0
281
0
  0
CLASS
  1
LAYOUT
  2
AcDbLayout
  3
ObjectDBX Classes
 90
0
 91
0
280
0
281
0
  0
ENDSEC
  0
SECTION
  2
TABLES
  0
TABLE
  2
VPORT
  5
8
330
0
100
AcDbSymbolTable
 70
1
  0
VPORT
  5
23
330
8
100
AcDbSymbolTableRecord
100
AcDbViewportTableRecord
  2
*Active
 70
0
 10
0.0
 20
0.0
 11
1.0
 21
1.0
 12
0.0
 22
0.0
 13
0.0
 23
0.0
 14
0.5
 24
0.5
 15
0.5
 25
0.5
 16
0.0
 26
0.0
 36
1.0
 17
0.0
 27
0.0
 37
0.0
 40
1000.0
 41
1.34
 42
50.0
 43
0.0
 44
0.0
 50
0.0
 51
0.0
 71
0
 72
1000
 73
1
 74
3
 75
0
 76
0
 77
0
 78
0
281
0
 65
0
146
0.0
  0
ENDTAB
  0
TABLE
  2
LTYPE
  5
2
330
0
100
AcDbSymbolTable
 70
3
  0
LTYPE
  5
24
330
2
100
AcDbSymbolTableRecord
100
AcDbLinetypeTableRecord
  2
ByBlock
 70
0
  3

 72
65
 73
0
 40
0.0
  0
LTYPE
  5
25
330
2
100
AcDbSymbolTableRecord
100
AcDbLinetypeTableRecord
  2
ByLayer
 70
0
  3

 72
65
 73
0
 40
0.0
  0
LTYPE
  5
26
330
2
100
AcDbSymbolTableRecord
100
AcDbLinetypeTableRecord
  2
Continuous
 70
0
  3

 72
65
 73
0
 40
0.0
  0
ENDTAB
  0
TABLE
  2
LAYER
  5
1
330
0
100
AcDbSymbolTable
 70
5
  0
LAYER
  5
27
330
1
100
AcDbSymbolTableRecord
100
AcDbLayerTableRecord
  2
0
 70
0
 62
7
  6
Continuous
370
-3
390
13
347
21
  0
LAYER
  5
28
330
1
100
AcDbSymbolTableRecord
100
AcDbLayerTableRecord
  2
Defpoints
 70
0
 62
7
  6
Continuous
290
0
370
-3
390
13
347
21
  0
LAYER
  5
2F
330
1
100
AcDbSymbolTableRecord
100
AcDbLayerTableRecord
  2
CUT
 70
0
 62
1
  6
Continuous
370
-3
390
13
347
21
  0
LAYER
  5
30
330
1
100
AcDbSymbolTableRecord
100
AcDbLayerTableRecord
  2
SHEET
 70
0
 62
8
  6
Continuous
370
-3
390
13
347
21
  0
LAYER
  5
31
330
1
100
AcDbSymbolTableRecord
100
AcDbLayerTableRecord
  2
ENGRAVE
 70
0
 62
5
  6
Continuous
370
-3
390
13
347
21
  0
ENDTAB
  0
TABLE
  2
STYLE
  5
5
330
0
100
AcDbSymbolTable
 70
1
  0
STYLE
  5
29
330
5
100
AcDbSymbolTableRecord
100
AcDbTextStyleTableRecord
  2
Standard
 70
0
 40
0.0
 41
1.0
 50
0.0
 71
0
 42
2.5
  3
txt
  4

  0
ENDTAB
  0
TABLE
  2
VIEW
  5
7
330
0
100
AcDbSymbolTable
 70
0
  0
ENDTAB
  0
TABLE
  2
UCS
  5
6
330
0
100
AcDbSymbolTable
 70
0
  0
ENDTAB
  0
TABLE
  2
APPID
  5
3
330
0
100
AcDbSymbolTable
 70
3
  0
APPID
  5
2A
330
3
100
AcDbSymbolTableRecord
100
AcDbRegAppTableRecord
  2
ACAD
 70
0
  0
APPID
  5
5A2
330
3
100
AcDbSymbolTableRecord
100
AcDbRegAppTableRecord
  2
HATCHBACKGROUNDCOLOR
 70
0
  0
APPID
  5
5A3
330
3
100
AcDbSymbolTableRecord
100
AcDbRegAppTableRecord
  2
EZDXF
 70
0
  0
ENDTAB
  0
TABLE
  2
DIMSTYLE
  5
4
330
0
100
AcDbSymbolTable
 70
1
100
AcDbDimStyleTable
  0
DIMSTYLE
105
2B
330
4
100
AcDbSymbolTableRecord
100
AcDbDimStyleTableRecord
  2
Standard
 70
0
 40
1.0
 41
2.5
 42
0.625
 43
3.75
 44
1.25
 45
0.0
 46
0.0
 47
0.0
 48
0.0
 49
2.5
140
2.5
141
2.5
142
0.0
143
0.03937007874
144
1.0
145
0.0
146
1.0
147
0.625
148
0.0
 69
0
 70
0
 71
0
 72
0
 73
0
 74
0
 75
0
 76
0
 77
1
 78
8
 79
3
170
0
171
3
172
1
173
0
174
0
175
0
176
0
177
0
178
0
179
2
271
2
272
2
273
2
274
3
275
0
276
0
277
2
278
44
279
0
280
0
281
0
282
0
283
0
284
8
285
0
286
0
288
0
289
3
290
0
371
-2
372
-2
  0
ENDTAB
  0
TABLE
  2
BLOCK_RECORD
  5
9
330
0
100
AcDbSymbolTable
 70
2
  0
BLOCK_RECORD
  5
17
330
9
100
AcDbSymbolTableRecord
100
AcDbBlockTableRecord
  2
*Model_Space
340
1A
 70
0
280
1
281
0
  0
BLOCK_RECORD
  5
1B
330
9
100
AcDbSymbolTableRecord
100
AcDbBlockTableRecord
  2
*Paper_Space
340
1E
 70
0
280
1
281
0
  0
ENDTAB
  0
ENDSEC
  0
SECTION
  2
BLOCKS
  0
BLOCK
  5
18
330
17
100
AcDbEntity
  8
0
100
AcDbBlockBegin
  2
*Model_Space
 70
0
 10
0.0
 20
0.0
 30
0.0
  3
*Model_Space
  1

  0
ENDBLK
  5
19
330
17
100
AcDbEntity
  8
0
100
AcDbBlockEnd
  0
BLOCK
  5
1C
330
1B
100
AcDbEntity
  8
0
100
AcDbBlockBegin
  2
*Paper_Space
 70
0
 10
0.0
 20
0.0
 30
0.0
  3
*Paper_Space
  1

  0
ENDBLK
  5
1D
330
1B
100
AcDbEntity
  8
0
100
AcDbBlockEnd
  0
ENDSEC
  0
SECTION
  2
ENTITIES
  0
LINE
  5
32
330
17
100
AcDbEntity
  8
SHEET
100
AcDbLine
 10
0.0
 20
0.0
 30
0.0
 11
450.0
 21
0.0
 31
0.0
  0
LINE
  5
33
330
17
100
AcDbEntity
  8
SHEET
100
AcDbLine
 10
450.0
 20
0.0
 30
0.0
 11
450.0
 21
450.0
 31
0.0
  0
LINE
  5
34
330
17
100
AcDbEntity
  8
SHEET
100
AcDbLine
 10
450.0
 20
450.0
 30
0.0
 11
0.0
 21
450.0
 31
0.0
  0
LINE
  5
35
330
17
100
AcDbEntity
  8
SHEET
100
AcDbLine
 10
0.0
 20
450.0
 30
0.0
 11
0.0
 21
0.0
 31
0.0
  0
LINE
  5
36
330
17
100
AcDbEntity
  8
CUT
100
AcDbLine
 10
44.49275555555562
 20
13.141747222222328
 30
0.0
 11
43.51732500000003
 21
13.793680555555628
 31
0.0
  0
LINE
  5
37
330
17
100
AcDbEntity
  8
CUT
100
AcDbLine
 10
43.51732500000003
 20
13.793680555555628
 30
0.0
 11
42.63538055555563
 21
14.566969444444519
 31
0.0
  0
LINE
  5
38
330
17
100
AcDbEntity
  8
CUT
100
AcDbLine
 10
40.691222222222336
 20
17.476680555555646
 30
0.0
 11
40.31410277777792
 21
18.58757777777781
 31
0.0
  0
LINE
  5
39
330
17
100
AcDbEntity
  8
CUT
100
AcDbLine
 10
42.63538055555563
 20
14.566969444444519
 30
0.0
 11
41.86173888888891
 21
15.44926666666671
 31
0.0
  0
LINE
  5
3A
330
17
100
AcDbEntity
  8
CUT
100
AcDbLine
 10
46.65563611111122
 20
12.246044444444408
 30
0.0
 11
45.5447388888889
 21
12.623163888888838
 31
0.0
  0
LINE
  5
3B
330
17
100
AcDbEntity
  8
CUT
100
AcDbLine
 10
41.86173888888891
 20
15.44926666666671
 30
0.0
 11
41.210158333333425
 21
16.424344444444536
 31
0.0
  0
LINE
  5
3C
330
17
100
AcDbEntity
  8
CUT
100
AcDbLine
 10
45.5447388888889
 20
12.623163888888838
 30
0.0
 11
44.49275555555562
 21
13.141747222222328
 31
0.0
  0
LINE
  5
3D
330
17
100
AcDbEntity
  8
CUT
100
AcDbLine
 10
41.210158333333425
 20
16.424344444444536
 30
0.0
 11
40.691222222222336
 21
17.476680555555646
 31
0.0
  0
LINE
  5
3E
330
17
100
AcDbEntity
  8
CUT
100
AcDbLine
 10
40.31410277777792
 20
18.58757777777781
 30
0.0
 11
40.08550277777783
 21
19.737986111111127
 31
0.0
  0
LINE
  5
3F
330
17
100
AcDbEntity
  8
CUT
100
AcDbLine
 10
35.58123611111114
 20
19.144966666666647
 30
0.0
 11
35.92590000000001
 21
17.411416666666728
 31
0.0
  0
LINE
  5
40
330
17
100
AcDbEntity
  8
CUT
100
AcDbLine
 10
35.92590000000001
 20
17.411416666666728
 30
0.0
 11
36.49422500000003
 21
15.738191666666728
 31
0.0
  0
LINE
  5
41
330
17
100
AcDbEntity
  8
CUT
100
AcDbLine
 10
40.002247222222195
 20
21.00692777777782
 30
0.0
 11
40.002247222222195
 21
53.40286388888889
 31
0.0
  0
LINE
  5
42
330
17
100
AcDbEntity
  8
CUT
100
AcDbLine
 10
35.468700000000126
 20
53.40286388888889
 30
0.0
 11
35.468700000000126
 21
20.85805555555561
 31
0.0
  0
LINE
  5
43
330
17
100
AcDbEntity
  8
CUT
100
AcDbLine
 10
35.468700000000126
 20
20.85805555555561
 30
0.0
 11
35.58123611111114
 21
19.144966666666647
 31
0.0
  0
LINE
  5
44
330
17
100
AcDbEntity
  8
CUT
100
AcDbLine
 10
40.08550277777783
 20
19.737986111111127
 30
0.0
 11
40.002247222222195
 21
21.00692777777782
 31
0.0
  0
LINE
  5
45
330
17
100
AcDbEntity
  8
CUT
100
AcDbLine
 10
56.7433166666666
 20
16.424344444444536
 30
0.0
 11
56.09173611111123
 21
15.44926666666671
 31
0.0
  0
LINE
  5
46
330
17
100
AcDbEntity
  8
CUT
100
AcDbLine
 10
39.42298611111113
 20
11.354575000000029
 30
0.0
 11
40.7515472222222
 21
10.189350000000008
 31
0.0
  0
LINE
  5
47
330
17
100
AcDbEntity
  8
CUT
100
AcDbLine
 10
58.5304888888889
 20
11.354575000000029
 30
0.0
 11
59.69571388888892
 21
12.683488888888839
 31
0.0
  0
LINE
  5
48
330
17
100
AcDbEntity
  8
CUT
100
AcDbLine
 10
48.97691388888893
 20
7.397466666666707
 30
0.0
 11
50.74009722222223
 21
7.512824999999995
 31
0.0
  0
LINE
  5
49
330
17
100
AcDbEntity
  8
CUT
100
AcDbLine
 10
60.677494444444505
 20
14.152808333333319
 30
0.0
 11
61.45960277777783
 21
15.738191666666728
 31
0.0
  0
LINE
  5
4A
330
17
100
AcDbEntity
  8
CUT
100
AcDbLine
 10
57.95122777777783
 20
53.40286388888889
 30
0.0
 11
57.95122777777783
 21
21.00692777777781
 31
0.0
  0
LINE
  5
4B
330
17
100
AcDbEntity
  8
CUT
100
AcDbLine
 10
62.37223888888889
 20
19.144966666666647
 30
0.0
 11
62.48442222222229
 21
20.85805555555561
 31
0.0
  0
LINE
  5
4C
330
17
100
AcDbEntity
  8
CUT
100
AcDbLine
 10
40.7515472222222
 20
10.189350000000008
 30
0.0
 11
42.2212194444445
 21
9.207569444444502
 31
0.0
  0
LINE
  5
4D
330
17
100
AcDbEntity
  8
CUT
100
AcDbLine
 10
51.29783888888892
 20
12.246044444444408
 30
0.0
 11
50.14707777777784
 21
12.017091666666724
 31
0.0
  0
LINE
  5
4E
330
17
100
AcDbEntity
  8
CUT
100
AcDbLine
 10
45.47982777777793
 20
7.857841666666721
 30
0.0
 11
47.21302500000013
 21
7.512824999999995
 31
0.0
  0
LINE
  5
4F
330
17
100
AcDbEntity
  8
CUT
100
AcDbLine
 10
56.09173611111123
 20
15.44926666666671
 30
0.0
 11
55.31809444444451
 21
14.566969444444519
 31
0.0
  0
LINE
  5
50
330
17
100
AcDbEntity
  8
CUT
100
AcDbLine
 10
57.2622527777778
 20
17.476680555555646
 30
0.0
 11
56.7433166666666
 21
16.424344444444536
 31
0.0
  0
LINE
  5
51
330
17
100
AcDbEntity
  8
CUT
100
AcDbLine
 10
62.02757500000001
 20
17.411416666666728
 30
0.0
 11
62.37223888888889
 21
19.144966666666647
 31
0.0
  0
LINE
  5
52
330
17
100
AcDbEntity
  8
CUT
100
AcDbLine
 10
57.95122777777783
 20
21.00692777777782
 30
0.0
 11
57.86797222222219
 21
19.737986111111127
 31
0.0
  0
LINE
  5
53
330
17
100
AcDbEntity
  8
CUT
100
AcDbLine
 10
53.46071944444452
 20
13.141747222222328
 30
0.0
 11
52.40873611111124
 21
12.623163888888838
 31
0.0
  0
LINE
  5
54
330
17
100
AcDbEntity
  8
CUT
100
AcDbLine
 10
42.2212194444445
 20
9.207569444444502
 30
0.0
 11
43.8058972222222
 21
8.425813888888904
 31
0.0
  0
LINE
  5
55
330
17
100
AcDbEntity
  8
CUT
100
AcDbLine
 10
54.14722499999999
 20
8.425813888888904
 30
0.0
 11
55.73225555555564
 21
9.207569444444502
 31
0.0
  0
LINE
  5
56
330
17
100
AcDbEntity
  8
CUT
100
AcDbLine
 10
61.45960277777783
 20
15.738191666666728
 30
0.0
 11
62.02757500000001
 21
17.411416666666728
 31
0.0
  0
LINE
  5
57
330
17
100
AcDbEntity
  8
CUT
100
AcDbLine
 10
38.25740833333339
 20
12.683488888888839
 30
0.0
 11
39.42298611111113
 21
11.354575000000029
 31
0.0
  0
LINE
  5
58
330
17
100
AcDbEntity
  8
CUT
100
AcDbLine
 10
47.21302500000013
 20
7.512824999999995
 30
0.0
 11
48.97691388888893
 21
7.397466666666707
 31
0.0
  0
LINE
  5
59
330
17
100
AcDbEntity
  8
CUT
100
AcDbLine
 10
57.86797222222219
 20
19.737986111111127
 30
0.0
 11
57.639019444444386
 21
18.58757777777781
 31
0.0
  0
LINE
  5
5A
330
17
100
AcDbEntity
  8
CUT
100
AcDbLine
 10
54.43615
 20
13.793680555555628
 30
0.0
 11
53.46071944444452
 21
13.141747222222328
 31
0.0
  0
LINE
  5
5B
330
17
100
AcDbEntity
  8
CUT
100
AcDbLine
 10
57.20157499999999
 20
10.189350000000008
 30
0.0
 11
58.5304888888889
 21
11.354575000000029
 31
0.0
  0
LINE
  5
5C
330
17
100
AcDbEntity
  8
CUT
100
AcDbLine
 10
62.48442222222229
 20
20.85805555555561
 30
0.0
 11
62.48442222222229
 21
53.40286388888889
 31
0.0
  0
LINE
  5
5D
330
17
100
AcDbEntity
  8
CUT
100
AcDbLine
 10
52.40873611111124
 20
12.623163888888838
 30
0.0
 11
51.29783888888892
 21
12.246044444444408
 31
0.0
  0
LINE
  5
5E
330
17
100
AcDbEntity
  8
CUT
100
AcDbLine
 10
55.31809444444451
 20
14.566969444444519
 30
0.0
 11
54.43615
 21
13.793680555555628
 31
0.0
  0
LINE
  5
5F
330
17
100
AcDbEntity
  8
CUT
100
AcDbLine
 10
43.8058972222222
 20
8.425813888888904
 30
0.0
 11
45.47982777777793
 21
7.857841666666721
 31
0.0
  0
LINE
  5
60
330
17
100
AcDbEntity
  8
CUT
100
AcDbLine
 10
57.639019444444386
 20
18.58757777777781
 30
0.0
 11
57.2622527777778
 21
17.476680555555646
 31
0.0
  0
LINE
  5
61
330
17
100
AcDbEntity
  8
CUT
100
AcDbLine
 10
36.49422500000003
 20
15.738191666666728
 30
0.0
 11
37.2756277777778
 21
14.152808333333319
 31
0.0
  0
LINE
  5
62
330
17
100
AcDbEntity
  8
CUT
100
AcDbLine
 10
52.473647222222326
 20
7.857841666666721
 30
0.0
 11
54.14722499999999
 21
8.425813888888904
 31
0.0
  0
LINE
  5
63
330
17
100
AcDbEntity
  8
CUT
100
AcDbLine
 10
59.69571388888892
 20
12.683488888888839
 30
0.0
 11
60.677494444444505
 21
14.152808333333319
 31
0.0
  0
LINE
  5
64
330
17
100
AcDbEntity
  8
CUT
100
AcDbLine
 10
55.73225555555564
 20
9.207569444444502
 30
0.0
 11
57.20157499999999
 21
10.189350000000008
 31
0.0
  0
LINE
  5
65
330
17
100
AcDbEntity
  8
CUT
100
AcDbLine
 10
37.2756277777778
 20
14.152808333333319
 30
0.0
 11
38.25740833333339
 21
12.683488888888839
 31
0.0
  0
LINE
  5
66
330
17
100
AcDbEntity
  8
CUT
100
AcDbLine
 10
50.74009722222223
 20
7.512824999999995
 30
0.0
 11
52.473647222222326
 21
7.857841666666721
 31
0.0
  0
LINE
  5
67
330
17
100
AcDbEntity
  8
CUT
100
AcDbLine
 10
47.806044444444524
 20
11.940538888888847
 30
0.0
 11
46.65563611111122
 21
12.246044444444408
 31
0.0
  0
LINE
  5
68
330
17
100
AcDbEntity
  8
CUT
100
AcDbLine
 10
40.002247222222195
 20
53.40286388888889
 30
0.0
 11
35.468700000000126
 21
53.40286388888889
 31
0.0
  0
LINE
  5
69
330
17
100
AcDbEntity
  8
CUT
100
AcDbLine
 10
62.48442222222229
 20
53.40286388888889
 30
0.0
 11
57.95122777777783
 21
53.40286388888889
 31
0.0
  0
LINE
  5
6A
330
17
100
AcDbEntity
  8
CUT
100
AcDbLine
 10
50.14707777777784
 20
12.017091666666724
 30
0.0
 11
48.97691388888893
 21
11.940538888888847
 31
0.0
  0
LINE
  5
6B
330
17
100
AcDbEntity
  8
CUT
100
AcDbLine
 10
48.97691388888893
 20
11.940538888888847
 30
0.0
 11
47.806044444444524
 21
11.940538888888847
 31
0.0
  0
LINE
  5
6C
330
17
100
AcDbEntity
  8
CUT
100
AcDbLine
 10
44.86246666666682
 20
164.2209472222223
 30
0.0
 11
44.86246666666682
 21
161.22021944444458
 31
0.0
  0
LINE
  5
6D
330
17
100
AcDbEntity
  8
CUT
100
AcDbLine
 10
105.38678611111112
 20
88.86126388888893
 30
0.0
 11
105.38678611111112
 21
141.2163083333334
 31
0.0
  0
LINE
  5
6E
330
17
100
AcDbEntity
  8
CUT
100
AcDbLine
 10
95.3848305555556
 20
161.22021944444458
 30
0.0
 11
95.3848305555556
 21
164.2209472222223
 31
0.0
  0
LINE
  5
6F
330
17
100
AcDbEntity
  8
CUT
100
AcDbLine
 10
54.86442222222223
 20
161.22021944444458
 30
0.0
 11
54.86442222222223
 21
164.2209472222223
 31
0.0
  0
LINE
  5
70
330
17
100
AcDbEntity
  8
CUT
100
AcDbLine
 10
108.38751388888892
 20
16.50195555555561
 30
0.0
 11
108.38751388888892
 21
26.50391111111111
 31
0.0
  0
LINE
  5
71
330
17
100
AcDbEntity
  8
CUT
100
AcDbLine
 10
108.38751388888892
 20
141.2163083333334
 30
0.0
 11
108.38751388888892
 21
151.218263888889
 31
0.0
  0
LINE
  5
72
330
17
100
AcDbEntity
  8
CUT
100
AcDbLine
 10
105.38678611111112
 20
6.5
 30
0.0
 11
105.38678611111112
 21
16.50195555555561
 31
0.0
  0
LINE
  5
73
330
17
100
AcDbEntity
  8
CUT
100
AcDbLine
 10
108.38751388888892
 20
78.85930833333332
 30
0.0
 11
108.38751388888892
 21
88.86126388888893
 31
0.0
  0
LINE
  5
74
330
17
100
AcDbEntity
  8
CUT
100
AcDbLine
 10
85.38287500000013
 20
164.2209472222223
 30
0.0
 11
85.38287500000013
 21
161.22021944444458
 31
0.0
  0
LINE
  5
75
330
17
100
AcDbEntity
  8
CUT
100
AcDbLine
 10
81.02889166666682
 20
6.5
 30
0.0
 11
81.02889166666682
 21
9.500727777777824
 31
0.0
  0
LINE
  5
76
330
17
100
AcDbEntity
  8
CUT
100
AcDbLine
 10
105.38678611111112
 20
151.218263888889
 30
0.0
 11
105.38678611111112
 21
161.22021944444458
 31
0.0
  0
LINE
  5
77
330
17
100
AcDbEntity
  8
CUT
100
AcDbLine
 10
95.3848305555556
 20
9.500727777777824
 30
0.0
 11
95.3848305555556
 21
6.5
 31
0.0
  0
LINE
  5
78
330
17
100
AcDbEntity
  8
CUT
100
AcDbLine
 10
105.38678611111112
 20
26.50391111111111
 30
0.0
 11
105.38678611111112
 21
78.85930833333332
 31
0.0
  0
LINE
  5
79
330
17
100
AcDbEntity
  8
CUT
100
AcDbLine
 10
59.72040833333341
 20
60.5907111111111
 30
0.0
 11
59.72040833333341
 21
63.59108611111113
 31
0.0
  0
LINE
  5
7A
330
17
100
AcDbEntity
  8
CUT
100
AcDbLine
 10
11.159488888888916
 20
93.21736388888891
 30
0.0
 11
13.827194444444501
 21
94.59143333333341
 31
0.0
  0
LINE
  5
7B
330
17
100
AcDbEntity
  8
CUT
100
AcDbLine
 10
25.00601666666671
 20
66.33040555555564
 30
0.0
 11
27.673722222222295
 21
67.70412222222232
 31
0.0
  0
LINE
  5
7C
330
17
100
AcDbEntity
  8
CUT
100
AcDbLine
 10
13.827194444444501
 20
123.0457833333334
 30
0.0
 11
11.159488888888916
 21
124.4198527777779
 31
0.0
  0
LINE
  5
7D
330
17
100
AcDbEntity
  8
CUT
100
AcDbLine
 10
24.010477777777794
 20
74.81788611111112
 30
0.0
 11
21.342772222222322
 21
73.44381666666675
 31
0.0
  0
LINE
  5
7E
330
17
100
AcDbEntity
  8
CUT
100
AcDbLine
 10
26.15960000000001
 20
146.9926916666668
 30
0.0
 11
13.827194444444501
 21
123.0457833333334
 31
0.0
  0
LINE
  5
7F
330
17
100
AcDbEntity
  8
CUT
100
AcDbLine
 10
7.495891666666694
 20
117.3060888888889
 30
0.0
 11
10.163597222222336
 21
115.9323722222223
 31
0.0
  0
LINE
  5
80
330
17
100
AcDbEntity
  8
CUT
100
AcDbLine
 10
51.341230555555626
 20
63.59108611111113
 30
0.0
 11
51.341230555555626
 21
60.5907111111111
 31
0.0
  0
LINE
  5
81
330
17
100
AcDbEntity
  8
CUT
100
AcDbLine
 10
27.673722222222295
 20
67.70412222222232
 30
0.0
 11
31.337319444444404
 21
60.5907111111111
 31
0.0
  0
LINE
  5
82
330
17
100
AcDbEntity
  8
CUT
100
AcDbLine
 10
7.495891666666694
 20
100.33112777777784
 30
0.0
 11
11.159488888888916
 21
93.21736388888891
 31
0.0
  0
LINE
  5
83
330
17
100
AcDbEntity
  8
CUT
100
AcDbLine
 10
33.48679444444451
 20
161.22021944444458
 30
0.0
 11
29.82319722222229
 21
154.1068083333334
 31
0.0
  0
LINE
  5
84
330
17
100
AcDbEntity
  8
CUT
100
AcDbLine
 10
10.163597222222336
 20
101.70484444444453
 30
0.0
 11
7.495891666666694
 21
100.33112777777784
 31
0.0
  0
LINE
  5
85
330
17
100
AcDbEntity
  8
CUT
100
AcDbLine
 10
21.342772222222322
 20
73.44381666666675
 30
0.0
 11
25.00601666666671
 21
66.33040555555564
 31
0.0
  0
LINE
  5
86
330
17
100
AcDbEntity
  8
CUT
100
AcDbLine
 10
41.33927499999999
 20
60.5907111111111
 30
0.0
 11
41.33927499999999
 21
63.59108611111113
 31
0.0
  0
LINE
  5
87
330
17
100
AcDbEntity
  8
CUT
100
AcDbLine
 10
27.155491666666705
 20
155.48052500000009
 30
0.0
 11
23.492247222222318
 21
148.36676111111117
 31
0.0
  0
LINE
  5
88
330
17
100
AcDbEntity
  8
CUT
100
AcDbLine
 10
11.159488888888916
 20
124.4198527777779
 30
0.0
 11
7.495891666666694
 21
117.3060888888889
 31
0.0
  0
LINE
  5
89
330
17
100
AcDbEntity
  8
CUT
100
AcDbLine
 10
13.827194444444501
 20
94.59143333333341
 30
0.0
 11
24.010477777777794
 21
74.81788611111112
 31
0.0
  0
LINE
  5
8A
330
17
100
AcDbEntity
  8
CUT
100
AcDbLine
 10
10.163597222222336
 20
115.9323722222223
 30
0.0
 11
6.5
 21
108.8186083333333
 31
0.0
  0
LINE
  5
8B
330
17
100
AcDbEntity
  8
CUT
100
AcDbLine
 10
6.5
 20
108.8186083333333
 30
0.0
 11
10.163597222222336
 21
101.70484444444453
 31
0.0
  0
LINE
  5
8C
330
17
100
AcDbEntity
  8
CUT
100
AcDbLine
 10
23.492247222222318
 20
148.36676111111117
 30
0.0
 11
26.15960000000001
 21
146.9926916666668
 31
0.0
  0
LINE
  5
8D
330
17
100
AcDbEntity
  8
CUT
100
AcDbLine
 10
29.82319722222229
 20
154.1068083333334
 30
0.0
 11
27.155491666666705
 21
155.48052500000009
 31
0.0
  0
LINE
  5
8E
330
17
100
AcDbEntity
  8
CUT
100
AcDbLine
 10
69.72236388888894
 20
63.59108611111113
 30
0.0
 11
69.72236388888894
 21
6.5
 31
0.0
  0
LINE
  5
8F
330
17
100
AcDbEntity
  8
CUT
100
AcDbLine
 10
95.3848305555556
 20
164.2209472222223
 30
0.0
 11
85.38287500000013
 21
164.2209472222223
 31
0.0
  0
LINE
  5
90
330
17
100
AcDbEntity
  8
CUT
100
AcDbLine
 10
54.86442222222223
 20
164.2209472222223
 30
0.0
 11
44.86246666666682
 21
164.2209472222223
 31
0.0
  0
LINE
  5
91
330
17
100
AcDbEntity
  8
CUT
100
AcDbLine
 10
105.38678611111112
 20
161.22021944444458
 30
0.0
 11
95.3848305555556
 21
161.22021944444458
 31
0.0
  0
LINE
  5
92
330
17
100
AcDbEntity
  8
CUT
100
AcDbLine
 10
85.38287500000013
 20
161.22021944444458
 30
0.0
 11
54.86442222222223
 21
161.22021944444458
 31
0.0
  0
LINE
  5
93
330
17
100
AcDbEntity
  8
CUT
100
AcDbLine
 10
44.86246666666682
 20
161.22021944444458
 30
0.0
 11
33.48679444444451
 21
161.22021944444458
 31
0.0
  0
LINE
  5
94
330
17
100
AcDbEntity
  8
CUT
100
AcDbLine
 10
105.38678611111112
 20
141.2163083333334
 30
0.0
 11
108.38751388888892
 21
141.2163083333334
 31
0.0
  0
LINE
  5
95
330
17
100
AcDbEntity
  8
CUT
100
AcDbLine
 10
108.38751388888892
 20
26.50391111111111
 30
0.0
 11
105.38678611111112
 21
26.50391111111111
 31
0.0
  0
LINE
  5
96
330
17
100
AcDbEntity
  8
CUT
100
AcDbLine
 10
81.02889166666682
 20
9.500727777777824
 30
0.0
 11
95.3848305555556
 21
9.500727777777824
 31
0.0
  0
LINE
  5
97
330
17
100
AcDbEntity
  8
CUT
100
AcDbLine
 10
108.38751388888892
 20
88.86126388888893
 30
0.0
 11
105.38678611111112
 21
88.86126388888893
 31
0.0
  0
LINE
  5
98
330
17
100
AcDbEntity
  8
CUT
100
AcDbLine
 10
105.38678611111112
 20
78.85930833333332
 30
0.0
 11
108.38751388888892
 21
78.85930833333332
 31
0.0
  0
LINE
  5
99
330
17
100
AcDbEntity
  8
CUT
100
AcDbLine
 10
69.72236388888894
 20
6.5
 30
0.0
 11
81.02889166666682
 21
6.5
 31
0.0
  0
LINE
  5
9A
330
17
100
AcDbEntity
  8
CUT
100
AcDbLine
 10
95.3848305555556
 20
6.5
 30
0.0
 11
105.38678611111112
 21
6.5
 31
0.0
  0
LINE
  5
9B
330
17
100
AcDbEntity
  8
CUT
100
AcDbLine
 10
108.38751388888892
 20
151.218263888889
 30
0.0
 11
105.38678611111112
 21
151.218263888889
 31
0.0
  0
LINE
  5
9C
330
17
100
AcDbEntity
  8
CUT
100
AcDbLine
 10
105.38678611111112
 20
16.50195555555561
 30
0.0
 11
108.38751388888892
 21
16.50195555555561
 31
0.0
  0
LINE
  5
9D
330
17
100
AcDbEntity
  8
CUT
100
AcDbLine
 10
31.337319444444404
 20
60.5907111111111
 30
0.0
 11
41.33927499999999
 21
60.5907111111111
 31
0.0
  0
LINE
  5
9E
330
17
100
AcDbEntity
  8
CUT
100
AcDbLine
 10
51.341230555555626
 20
60.5907111111111
 30
0.0
 11
59.72040833333341
 21
60.5907111111111
 31
0.0
  0
LINE
  5
9F
330
17
100
AcDbEntity
  8
CUT
100
AcDbLine
 10
59.72040833333341
 20
63.59108611111113
 30
0.0
 11
69.72236388888894
 21
63.59108611111113
 31
0.0
  0
LINE
  5
A0
330
17
100
AcDbEntity
  8
CUT
100
AcDbLine
 10
41.33927499999999
 20
63.59108611111113
 30
0.0
 11
51.341230555555626
 21
63.59108611111113
 31
0.0
  0
LINE
  5
A1
330
17
100
AcDbEntity
  8
CUT
100
AcDbLine
 10
72.80387777777781
 20
11.122094444444503
 30
0.0
 11
72.6207861111111
 21
11.33093888888883
 31
0.0
  0
LINE
  5
A2
330
17
100
AcDbEntity
  8
CUT
100
AcDbLine
 10
72.6207861111111
 20
11.33093888888883
 30
0.0
 11
72.46662222222233
 21
11.561655555555628
 31
0.0
  0
LINE
  5
A3
330
17
100
AcDbEntity
  8
CUT
100
AcDbLine
 10
73.49214722222229
 20
10.662424999999999
 30
0.0
 11
73.2430861111111
 21
10.785191666666716
 31
0.0
  0
LINE
  5
A4
330
17
100
AcDbEntity
  8
CUT
100
AcDbLine
 10
73.01236944444452
 20
10.939355555555636
 30
0.0
 11
72.80387777777781
 21
11.122094444444503
 31
0.0
  0
LINE
  5
A5
330
17
100
AcDbEntity
  8
CUT
100
AcDbLine
 10
73.2430861111111
 20
10.785191666666716
 30
0.0
 11
73.01236944444452
 21
10.939355555555636
 31
0.0
  0
LINE
  5
A6
330
17
100
AcDbEntity
  8
CUT
100
AcDbLine
 10
72.1826361111111
 20
12.622458333333308
 30
0.0
 11
72.20062777777781
 21
12.899741666666738
 31
0.0
  0
LINE
  5
A7
330
17
100
AcDbEntity
  8
CUT
100
AcDbLine
 10
72.80387777777781
 20
14.122822222222219
 30
0.0
 11
73.01236944444452
 21
14.305913888888908
 31
0.0
  0
LINE
  5
A8
330
17
100
AcDbEntity
  8
CUT
100
AcDbLine
 10
72.34385555555559
 20
11.810716666666716
 30
0.0
 11
72.25460277777779
 21
12.073536111111112
 31
0.0
  0
LINE
  5
A9
330
17
100
AcDbEntity
  8
CUT
100
AcDbLine
 10
73.01236944444452
 20
14.305913888888908
 30
0.0
 11
73.2430861111111
 21
14.460077777777828
 31
0.0
  0
LINE
  5
AA
330
17
100
AcDbEntity
  8
CUT
100
AcDbLine
 10
73.2430861111111
 20
14.460077777777828
 30
0.0
 11
73.49214722222229
 21
14.582844444444518
 31
0.0
  0
LINE
  5
AB
330
17
100
AcDbEntity
  8
CUT
100
AcDbLine
 10
72.25460277777779
 20
12.073536111111112
 30
0.0
 11
72.20062777777781
 21
12.345527777777809
 31
0.0
  0
LINE
  5
AC
330
17
100
AcDbEntity
  8
CUT
100
AcDbLine
 10
72.25460277777779
 20
13.171733333333428
 30
0.0
 11
72.34385555555559
 21
13.434552777777798
 31
0.0
  0
LINE
  5
AD
330
17
100
AcDbEntity
  8
CUT
100
AcDbLine
 10
72.34385555555559
 20
13.434552777777798
 30
0.0
 11
72.46662222222233
 21
13.683261111111118
 31
0.0
  0
LINE
  5
AE
330
17
100
AcDbEntity
  8
CUT
100
AcDbLine
 10
72.46662222222233
 20
11.561655555555628
 30
0.0
 11
72.34385555555559
 21
11.810716666666716
 31
0.0
  0
LINE
  5
AF
330
17
100
AcDbEntity
  8
CUT
100
AcDbLine
 10
72.20062777777781
 20
12.899741666666738
 30
0.0
 11
72.25460277777779
 21
13.171733333333428
 31
0.0
  0
LINE
  5
B0
330
17
100
AcDbEntity
  8
CUT
100
AcDbLine
 10
72.46662222222233
 20
13.683261111111118
 30
0.0
 11
72.6207861111111
 21
13.914330555555628
 31
0.0
  0
LINE
  5
B1
330
17
100
AcDbEntity
  8
CUT
100
AcDbLine
 10
72.6207861111111
 20
13.914330555555628
 30
0.0
 11
72.80387777777781
 21
14.122822222222219
 31
0.0
  0
LINE
  5
B2
330
17
100
AcDbEntity
  8
CUT
100
AcDbLine
 10
72.20062777777781
 20
12.345527777777809
 30
0.0
 11
72.1826361111111
 21
12.622458333333308
 31
0.0
  0
LINE
  5
B3
330
17
100
AcDbEntity
  8
CUT
100
AcDbLine
 10
73.49214722222229
 20
14.582844444444518
 30
0.0
 11
73.75496666666669
 21
14.582844444444518
 31
0.0
  0
LINE
  5
B4
330
17
100
AcDbEntity
  8
CUT
100
AcDbLine
 10
76.3535277777778
 20
12.073536111111112
 30
0.0
 11
76.264275
 21
11.810716666666716
 31
0.0
  0
LINE
  5
B5
330
17
100
AcDbEntity
  8
CUT
100
AcDbLine
 10
76.42584722222233
 20
12.622458333333308
 30
0.0
 11
76.40785555555573
 21
12.345527777777809
 31
0.0
  0
LINE
  5
B6
330
17
100
AcDbEntity
  8
CUT
100
AcDbLine
 10
75.80425277777783
 20
11.122094444444503
 30
0.0
 11
75.59576111111113
 21
10.939355555555636
 31
0.0
  0
LINE
  5
B7
330
17
100
AcDbEntity
  8
CUT
100
AcDbLine
 10
75.59576111111113
 20
10.939355555555636
 30
0.0
 11
75.3650444444445
 21
10.785191666666716
 31
0.0
  0
LINE
  5
B8
330
17
100
AcDbEntity
  8
CUT
100
AcDbLine
 10
75.3650444444445
 20
10.785191666666716
 30
0.0
 11
75.1159833333333
 21
10.662424999999999
 31
0.0
  0
LINE
  5
B9
330
17
100
AcDbEntity
  8
CUT
100
AcDbLine
 10
76.14150833333343
 20
13.683261111111118
 30
0.0
 11
76.264275
 21
13.434552777777798
 31
0.0
  0
LINE
  5
BA
330
17
100
AcDbEntity
  8
CUT
100
AcDbLine
 10
76.40785555555573
 20
12.345527777777809
 30
0.0
 11
76.3535277777778
 21
12.073536111111112
 31
0.0
  0
LINE
  5
BB
330
17
100
AcDbEntity
  8
CUT
100
AcDbLine
 10
76.40785555555573
 20
12.899741666666738
 30
0.0
 11
76.42584722222233
 21
12.622458333333308
 31
0.0
  0
LINE
  5
BC
330
17
100
AcDbEntity
  8
CUT
100
AcDbLine
 10
76.3535277777778
 20
13.171733333333428
 30
0.0
 11
76.40785555555573
 21
12.899741666666738
 31
0.0
  0
LINE
  5
BD
330
17
100
AcDbEntity
  8
CUT
100
AcDbLine
 10
75.98734444444449
 20
11.33093888888883
 30
0.0
 11
75.80425277777783
 21
11.122094444444503
 31
0.0
  0
LINE
  5
BE
330
17
100
AcDbEntity
  8
CUT
100
AcDbLine
 10
76.14150833333343
 20
11.561655555555628
 30
0.0
 11
75.98734444444449
 21
11.33093888888883
 31
0.0
  0
LINE
  5
BF
330
17
100
AcDbEntity
  8
CUT
100
AcDbLine
 10
76.264275
 20
13.434552777777798
 30
0.0
 11
76.3535277777778
 21
13.171733333333428
 31
0.0
  0
LINE
  5
C0
330
17
100
AcDbEntity
  8
CUT
100
AcDbLine
 10
76.264275
 20
11.810716666666716
 30
0.0
 11
76.14150833333343
 21
11.561655555555628
 31
0.0
  0
LINE
  5
C1
330
17
100
AcDbEntity
  8
CUT
100
AcDbLine
 10
75.59576111111113
 20
14.305913888888908
 30
0.0
 11
75.80425277777783
 21
14.122822222222219
 31
0.0
  0
LINE
  5
C2
330
17
100
AcDbEntity
  8
CUT
100
AcDbLine
 10
75.1159833333333
 20
14.582844444444518
 30
0.0
 11
75.3650444444445
 21
14.460077777777828
 31
0.0
  0
LINE
  5
C3
330
17
100
AcDbEntity
  8
CUT
100
AcDbLine
 10
75.98734444444449
 20
13.914330555555628
 30
0.0
 11
76.14150833333343
 21
13.683261111111118
 31
0.0
  0
LINE
  5
C4
330
17
100
AcDbEntity
  8
CUT
100
AcDbLine
 10
75.3650444444445
 20
14.460077777777828
 30
0.0
 11
75.59576111111113
 21
14.305913888888908
 31
0.0
  0
LINE
  5
C5
330
17
100
AcDbEntity
  8
CUT
100
AcDbLine
 10
75.80425277777783
 20
14.122822222222219
 30
0.0
 11
75.98734444444449
 21
13.914330555555628
 31
0.0
  0
LINE
  5
C6
330
17
100
AcDbEntity
  8
CUT
100
AcDbLine
 10
75.1159833333333
 20
10.662424999999999
 30
0.0
 11
74.85351666666674
 21
10.662424999999999
 31
0.0
  0
LINE
  5
C7
330
17
100
AcDbEntity
  8
CUT
100
AcDbLine
 10
95.3848305555556
 20
63.59108611111113
 30
0.0
 11
95.3848305555556
 21
60.5907111111111
 31
0.0
  0
LINE
  5
C8
330
17
100
AcDbEntity
  8
CUT
100
AcDbLine
 10
85.38287500000013
 20
60.5907111111111
 30
0.0
 11
85.38287500000013
 21
63.59108611111113
 31
0.0
  0
LINE
  5
C9
330
17
100
AcDbEntity
  8
CUT
100
AcDbLine
 10
95.3848305555556
 20
60.5907111111111
 30
0.0
 11
85.38287500000013
 21
60.5907111111111
 31
0.0
  0
LINE
  5
CA
330
17
100
AcDbEntity
  8
CUT
100
AcDbLine
 10
85.38287500000013
 20
63.59108611111113
 30
0.0
 11
95.3848305555556
 21
63.59108611111113
 31
0.0
  0
LINE
  5
CB
330
17
100
AcDbEntity
  8
CUT
100
AcDbLine
 10
74.30424166666683
 20
10.500852777777814
 30
0.0
 11
74.02731111111109
 21
10.500852777777814
 31
0.0
  0
LINE
  5
CC
330
17
100
AcDbEntity
  8
CUT
100
AcDbLine
 10
74.85351666666674
 20
10.573172222222228
 30
0.0
 11
74.58117222222234
 21
10.573172222222228
 31
0.0
  0
LINE
  5
CD
330
17
100
AcDbEntity
  8
CUT
100
AcDbLine
 10
73.75496666666669
 20
10.573172222222228
 30
0.0
 11
73.49214722222229
 21
10.573172222222228
 31
0.0
  0
LINE
  5
CE
330
17
100
AcDbEntity
  8
CUT
100
AcDbLine
 10
74.02731111111109
 20
10.519197222222216
 30
0.0
 11
73.75496666666669
 21
10.519197222222216
 31
0.0
  0
LINE
  5
CF
330
17
100
AcDbEntity
  8
CUT
100
AcDbLine
 10
74.58117222222234
 20
10.519197222222216
 30
0.0
 11
74.30424166666683
 21
10.519197222222216
 31
0.0
  0
LINE
  5
D0
330
17
100
AcDbEntity
  8
CUT
100
AcDbLine
 10
74.58117222222234
 20
14.726072222222328
 30
0.0
 11
74.85351666666674
 21
14.726072222222328
 31
0.0
  0
LINE
  5
D1
330
17
100
AcDbEntity
  8
CUT
100
AcDbLine
 10
74.02731111111109
 20
14.726072222222328
 30
0.0
 11
74.30424166666683
 21
14.726072222222328
 31
0.0
  0
LINE
  5
D2
330
17
100
AcDbEntity
  8
CUT
100
AcDbLine
 10
74.30424166666683
 20
14.744416666666728
 30
0.0
 11
74.58117222222234
 21
14.744416666666728
 31
0.0
  0
LINE
  5
D3
330
17
100
AcDbEntity
  8
CUT
100
AcDbLine
 10
73.75496666666669
 20
14.672097222222318
 30
0.0
 11
74.02731111111109
 21
14.672097222222318
 31
0.0
  0
LINE
  5
D4
330
17
100
AcDbEntity
  8
CUT
100
AcDbLine
 10
74.85351666666674
 20
14.672097222222318
 30
0.0
 11
75.1159833333333
 21
14.672097222222318
 31
0.0
  0
LINE
  5
D5
330
17
100
AcDbEntity
  8
ENGRAVE
100
AcDbLine
 10
54.59062808648213
 20
106.33111475258102
 30
0.0
 11
57.39058536187275
 21
106.33111475258102
 31
0.0
  0
LINE
  5
D6
330
17
100
AcDbEntity
  8
ENGRAVE
100
AcDbLine
 10
57.39058536187275
 20
106.33111475258102
 30
0.0
 11
58.09057468072041
 21
107.73109339027633
 31
0.0
  0
LINE
  5
D7
330
17
100
AcDbEntity
  8
ENGRAVE
100
AcDbLine
 10
58.09057468072041
 20
107.73109339027633
 30
0.0
 11
58.09057468072041
 21
111.93102930336227
 31
0.0
  0
LINE
  5
D8
330
17
100
AcDbEntity
  8
ENGRAVE
100
AcDbLine
 10
58.09057468072041
 20
111.93102930336227
 30
0.0
 11
57.39058536187275
 21
113.33100794105758
 31
0.0
  0
LINE
  5
D9
330
17
100
AcDbEntity
  8
ENGRAVE
100
AcDbLine
 10
57.39058536187275
 20
113.33100794105758
 30
0.0
 11
54.59062808648213
 21
113.33100794105758
 31
0.0
  0
LINE
  5
DA
330
17
100
AcDbEntity
  8
ENGRAVE
100
AcDbLine
 10
54.59062808648213
 20
113.33100794105758
 30
0.0
 11
53.89063876763447
 21
111.93102930336227
 31
0.0
  0
LINE
  5
DB
330
17
100
AcDbEntity
  8
ENGRAVE
100
AcDbLine
 10
53.89063876763447
 20
111.93102930336227
 30
0.0
 11
53.89063876763447
 21
107.73109339027633
 31
0.0
  0
LINE
  5
DC
330
17
100
AcDbEntity
  8
ENGRAVE
100
AcDbLine
 10
53.89063876763447
 20
107.73109339027633
 30
0.0
 11
54.59062808648213
 21
106.33111475258102
 31
0.0
  0
LINE
  5
DD
330
17
100
AcDbEntity
  8
ENGRAVE
100
AcDbLine
 10
62.640505253230174
 20
106.33111475258102
 30
0.0
 11
62.640505253230174
 21
113.33100794105758
 31
0.0
  0
LINE
  5
DE
330
17
100
AcDbEntity
  8
ENGRAVE
100
AcDbLine
 10
62.640505253230174
 20
113.33100794105758
 30
0.0
 11
59.49055331841572
 21
108.78107736854781
 31
0.0
  0
LINE
  5
DF
330
17
100
AcDbEntity
  8
ENGRAVE
100
AcDbLine
 10
59.49055331841572
 20
108.78107736854781
 30
0.0
 11
63.69048923150166
 21
108.78107736854781
 31
0.0
  0
LINE
  5
E0
330
17
100
AcDbEntity
  8
CUT
100
AcDbLine
 10
44.49275555555562
 20
173.86269444444463
 30
0.0
 11
43.51732500000003
 21
174.51462777777792
 31
0.0
  0
LINE
  5
E1
330
17
100
AcDbEntity
  8
CUT
100
AcDbLine
 10
43.51732500000003
 20
174.51462777777792
 30
0.0
 11
42.63538055555563
 21
175.2879166666668
 31
0.0
  0
LINE
  5
E2
330
17
100
AcDbEntity
  8
CUT
100
AcDbLine
 10
40.691222222222336
 20
178.19762777777794
 30
0.0
 11
40.31410277777792
 21
179.3085250000001
 31
0.0
  0
LINE
  5
E3
330
17
100
AcDbEntity
  8
CUT
100
AcDbLine
 10
42.63538055555563
 20
175.2879166666668
 30
0.0
 11
41.86173888888891
 21
176.170213888889
 31
0.0
  0
LINE
  5
E4
330
17
100
AcDbEntity
  8
CUT
100
AcDbLine
 10
46.65563611111122
 20
172.9669916666667
 30
0.0
 11
45.5447388888889
 21
173.34411111111112
 31
0.0
  0
LINE
  5
E5
330
17
100
AcDbEntity
  8
CUT
100
AcDbLine
 10
41.86173888888891
 20
176.170213888889
 30
0.0
 11
41.210158333333425
 21
177.14529166666682
 31
0.0
  0
LINE
  5
E6
330
17
100
AcDbEntity
  8
CUT
100
AcDbLine
 10
45.5447388888889
 20
173.34411111111112
 30
0.0
 11
44.49275555555562
 21
173.86269444444463
 31
0.0
  0
LINE
  5
E7
330
17
100
AcDbEntity
  8
CUT
100
AcDbLine
 10
41.210158333333425
 20
177.14529166666682
 30
0.0
 11
40.691222222222336
 21
178.19762777777794
 31
0.0
  0
LINE
  5
E8
330
17
100
AcDbEntity
  8
CUT
100
AcDbLine
 10
40.31410277777792
 20
179.3085250000001
 30
0.0
 11
40.08550277777783
 21
180.45893333333342
 31
0.0
  0
LINE
  5
E9
330
17
100
AcDbEntity
  8
CUT
100
AcDbLine
 10
35.58123611111114
 20
179.86591388888894
 30
0.0
 11
35.92590000000001
 21
178.13236388888902
 31
0.0
  0
LINE
  5
EA
330
17
100
AcDbEntity
  8
CUT
100
AcDbLine
 10
35.92590000000001
 20
178.13236388888902
 30
0.0
 11
36.49422500000003
 21
176.45913888888902
 31
0.0
  0
LINE
  5
EB
330
17
100
AcDbEntity
  8
CUT
100
AcDbLine
 10
40.002247222222195
 20
181.72787500000013
 30
0.0
 11
40.002247222222195
 21
214.1238111111112
 31
0.0
  0
LINE
  5
EC
330
17
100
AcDbEntity
  8
CUT
100
AcDbLine
 10
35.468700000000126
 20
214.1238111111112
 30
0.0
 11
35.468700000000126
 21
181.5790027777779
 31
0.0
  0
LINE
  5
ED
330
17
100
AcDbEntity
  8
CUT
100
AcDbLine
 10
35.468700000000126
 20
181.5790027777779
 30
0.0
 11
35.58123611111114
 21
179.86591388888894
 31
0.0
  0
LINE
  5
EE
330
17
100
AcDbEntity
  8
CUT
100
AcDbLine
 10
40.08550277777783
 20
180.45893333333342
 30
0.0
 11
40.002247222222195
 21
181.72787500000013
 31
0.0
  0
LINE
  5
EF
330
17
100
AcDbEntity
  8
CUT
100
AcDbLine
 10
56.7433166666666
 20
177.14529166666682
 30
0.0
 11
56.09173611111123
 21
176.170213888889
 31
0.0
  0
LINE
  5
F0
330
17
100
AcDbEntity
  8
CUT
100
AcDbLine
 10
39.42298611111113
 20
172.07552222222233
 30
0.0
 11
40.7515472222222
 21
170.9102972222223
 31
0.0
  0
LINE
  5
F1
330
17
100
AcDbEntity
  8
CUT
100
AcDbLine
 10
58.5304888888889
 20
172.07552222222233
 30
0.0
 11
59.69571388888892
 21
173.40443611111112
 31
0.0
  0
LINE
  5
F2
330
17
100
AcDbEntity
  8
CUT
100
AcDbLine
 10
48.97691388888893
 20
168.118413888889
 30
0.0
 11
50.74009722222223
 21
168.23377222222229
 31
0.0
  0
LINE
  5
F3
330
17
100
AcDbEntity
  8
CUT
100
AcDbLine
 10
60.677494444444505
 20
174.87375555555562
 30
0.0
 11
61.45960277777783
 21
176.45913888888902
 31
0.0
  0
LINE
  5
F4
330
17
100
AcDbEntity
  8
CUT
100
AcDbLine
 10
57.95122777777783
 20
214.1238111111112
 30
0.0
 11
57.95122777777783
 21
181.7278750000001
 31
0.0
  0
LINE
  5
F5
330
17
100
AcDbEntity
  8
CUT
100
AcDbLine
 10
62.37223888888889
 20
179.86591388888894
 30
0.0
 11
62.48442222222229
 21
181.5790027777779
 31
0.0
  0
LINE
  5
F6
330
17
100
AcDbEntity
  8
CUT
100
AcDbLine
 10
40.7515472222222
 20
170.9102972222223
 30
0.0
 11
42.2212194444445
 21
169.92851666666678
 31
0.0
  0
LINE
  5
F7
330
17
100
AcDbEntity
  8
CUT
100
AcDbLine
 10
51.29783888888892
 20
172.9669916666667
 30
0.0
 11
50.14707777777784
 21
172.738038888889
 31
0.0
  0
LINE
  5
F8
330
17
100
AcDbEntity
  8
CUT
100
AcDbLine
 10
45.47982777777793
 20
168.57878888888902
 30
0.0
 11
47.21302500000013
 21
168.23377222222229
 31
0.0
  0
LINE
  5
F9
330
17
100
AcDbEntity
  8
CUT
100
AcDbLine
 10
56.09173611111123
 20
176.170213888889
 30
0.0
 11
55.31809444444451
 21
175.2879166666668
 31
0.0
  0
LINE
  5
FA
330
17
100
AcDbEntity
  8
CUT
100
AcDbLine
 10
57.2622527777778
 20
178.19762777777794
 30
0.0
 11
56.7433166666666
 21
177.14529166666682
 31
0.0
  0
LINE
  5
FB
330
17
100
AcDbEntity
  8
CUT
100
AcDbLine
 10
62.02757500000001
 20
178.13236388888902
 30
0.0
 11
62.37223888888889
 21
179.86591388888894
 31
0.0
  0
LINE
  5
FC
330
17
100
AcDbEntity
  8
CUT
100
AcDbLine
 10
57.95122777777783
 20
181.72787500000013
 30
0.0
 11
57.86797222222219
 21
180.45893333333342
 31
0.0
  0
LINE
  5
FD
330
17
100
AcDbEntity
  8
CUT
100
AcDbLine
 10
53.46071944444452
 20
173.86269444444463
 30
0.0
 11
52.40873611111124
 21
173.34411111111112
 31
0.0
  0
LINE
  5
FE
330
17
100
AcDbEntity
  8
CUT
100
AcDbLine
 10
42.2212194444445
 20
169.92851666666678
 30
0.0
 11
43.8058972222222
 21
169.1467611111112
 31
0.0
  0
LINE
  5
FF
330
17
100
AcDbEntity
  8
CUT
100
AcDbLine
 10
54.14722499999999
 20
169.1467611111112
 30
0.0
 11
55.73225555555564
 21
169.92851666666678
 31
0.0
  0
LINE
  5
100
330
17
100
AcDbEntity
  8
CUT
100
AcDbLine
 10
61.45960277777783
 20
176.45913888888902
 30
0.0
 11
62.02757500000001
 21
178.13236388888902
 31
0.0
  0
LINE
  5
101
330
17
100
AcDbEntity
  8
CUT
100
AcDbLine
 10
38.25740833333339
 20
173.40443611111112
 30
0.0
 11
39.42298611111113
 21
172.07552222222233
 31
0.0
  0
LINE
  5
102
330
17
100
AcDbEntity
  8
CUT
100
AcDbLine
 10
47.21302500000013
 20
168.23377222222229
 30
0.0
 11
48.97691388888893
 21
168.118413888889
 31
0.0
  0
LINE
  5
103
330
17
100
AcDbEntity
  8
CUT
100
AcDbLine
 10
57.86797222222219
 20
180.45893333333342
 30
0.0
 11
57.639019444444386
 21
179.3085250000001
 31
0.0
  0
LINE
  5
104
330
17
100
AcDbEntity
  8
CUT
100
AcDbLine
 10
54.43615
 20
174.51462777777792
 30
0.0
 11
53.46071944444452
 21
173.86269444444463
 31
0.0
  0
LINE
  5
105
330
17
100
AcDbEntity
  8
CUT
100
AcDbLine
 10
57.20157499999999
 20
170.9102972222223
 30
0.0
 11
58.5304888888889
 21
172.07552222222233
 31
0.0
  0
LINE
  5
106
330
17
100
AcDbEntity
  8
CUT
100
AcDbLine
 10
62.48442222222229
 20
181.5790027777779
 30
0.0
 11
62.48442222222229
 21
214.1238111111112
 31
0.0
  0
LINE
  5
107
330
17
100
AcDbEntity
  8
CUT
100
AcDbLine
 10
52.40873611111124
 20
173.34411111111112
 30
0.0
 11
51.29783888888892
 21
172.9669916666667
 31
0.0
  0
LINE
  5
108
330
17
100
AcDbEntity
  8
CUT
100
AcDbLine
 10
55.31809444444451
 20
175.2879166666668
 30
0.0
 11
54.43615
 21
174.51462777777792
 31
0.0
  0
LINE
  5
109
330
17
100
AcDbEntity
  8
CUT
100
AcDbLine
 10
43.8058972222222
 20
169.1467611111112
 30
0.0
 11
45.47982777777793
 21
168.57878888888902
 31
0.0
  0
LINE
  5
10A
330
17
100
AcDbEntity
  8
CUT
100
AcDbLine
 10
57.639019444444386
 20
179.3085250000001
 30
0.0
 11
57.2622527777778
 21
178.19762777777794
 31
0.0
  0
LINE
  5
10B
330
17
100
AcDbEntity
  8
CUT
100
AcDbLine
 10
36.49422500000003
 20
176.45913888888902
 30
0.0
 11
37.2756277777778
 21
174.87375555555562
 31
0.0
  0
LINE
  5
10C
330
17
100
AcDbEntity
  8
CUT
100
AcDbLine
 10
52.473647222222326
 20
168.57878888888902
 30
0.0
 11
54.14722499999999
 21
169.1467611111112
 31
0.0
  0
LINE
  5
10D
330
17
100
AcDbEntity
  8
CUT
100
AcDbLine
 10
59.69571388888892
 20
173.40443611111112
 30
0.0
 11
60.677494444444505
 21
174.87375555555562
 31
0.0
  0
LINE
  5
10E
330
17
100
AcDbEntity
  8
CUT
100
AcDbLine
 10
55.73225555555564
 20
169.92851666666678
 30
0.0
 11
57.20157499999999
 21
170.9102972222223
 31
0.0
  0
LINE
  5
10F
330
17
100
AcDbEntity
  8
CUT
100
AcDbLine
 10
37.2756277777778
 20
174.87375555555562
 30
0.0
 11
38.25740833333339
 21
173.40443611111112
 31
0.0
  0
LINE
  5
110
330
17
100
AcDbEntity
  8
CUT
100
AcDbLine
 10
50.74009722222223
 20
168.23377222222229
 30
0.0
 11
52.473647222222326
 21
168.57878888888902
 31
0.0
  0
LINE
  5
111
330
17
100
AcDbEntity
  8
CUT
100
AcDbLine
 10
47.806044444444524
 20
172.66148611111115
 30
0.0
 11
46.65563611111122
 21
172.9669916666667
 31
0.0
  0
LINE
  5
112
330
17
100
AcDbEntity
  8
CUT
100
AcDbLine
 10
40.002247222222195
 20
214.1238111111112
 30
0.0
 11
35.468700000000126
 21
214.1238111111112
 31
0.0
  0
LINE
  5
113
330
17
100
AcDbEntity
  8
CUT
100
AcDbLine
 10
62.48442222222229
 20
214.1238111111112
 30
0.0
 11
57.95122777777783
 21
214.1238111111112
 31
0.0
  0
LINE
  5
114
330
17
100
AcDbEntity
  8
CUT
100
AcDbLine
 10
50.14707777777784
 20
172.738038888889
 30
0.0
 11
48.97691388888893
 21
172.66148611111115
 31
0.0
  0
LINE
  5
115
330
17
100
AcDbEntity
  8
CUT
100
AcDbLine
 10
48.97691388888893
 20
172.66148611111115
 30
0.0
 11
47.806044444444524
 21
172.66148611111115
 31
0.0
  0
LINE
  5
116
330
17
100
AcDbEntity
  8
CUT
100
AcDbLine
 10
44.86246666666682
 20
324.9418944444446
 30
0.0
 11
44.86246666666682
 21
321.94116666666685
 31
0.0
  0
LINE
  5
117
330
17
100
AcDbEntity
  8
CUT
100
AcDbLine
 10
105.38678611111112
 20
249.58221111111123
 30
0.0
 11
105.38678611111112
 21
301.9372555555557
 31
0.0
  0
LINE
  5
118
330
17
100
AcDbEntity
  8
CUT
100
AcDbLine
 10
95.3848305555556
 20
321.94116666666685
 30
0.0
 11
95.3848305555556
 21
324.9418944444446
 31
0.0
  0
LINE
  5
119
330
17
100
AcDbEntity
  8
CUT
100
AcDbLine
 10
54.86442222222223
 20
321.94116666666685
 30
0.0
 11
54.86442222222223
 21
324.9418944444446
 31
0.0
  0
LINE
  5
11A
330
17
100
AcDbEntity
  8
CUT
100
AcDbLine
 10
108.38751388888892
 20
177.2229027777779
 30
0.0
 11
108.38751388888892
 21
187.2248583333334
 31
0.0
  0
LINE
  5
11B
330
17
100
AcDbEntity
  8
CUT
100
AcDbLine
 10
108.38751388888892
 20
301.9372555555557
 30
0.0
 11
108.38751388888892
 21
311.93921111111126
 31
0.0
  0
LINE
  5
11C
330
17
100
AcDbEntity
  8
CUT
100
AcDbLine
 10
105.38678611111112
 20
167.2209472222223
 30
0.0
 11
105.38678611111112
 21
177.2229027777779
 31
0.0
  0
LINE
  5
11D
330
17
100
AcDbEntity
  8
CUT
100
AcDbLine
 10
108.38751388888892
 20
239.5802555555556
 30
0.0
 11
108.38751388888892
 21
249.58221111111123
 31
0.0
  0
LINE
  5
11E
330
17
100
AcDbEntity
  8
CUT
100
AcDbLine
 10
85.38287500000013
 20
324.9418944444446
 30
0.0
 11
85.38287500000013
 21
321.94116666666685
 31
0.0
  0
LINE
  5
11F
330
17
100
AcDbEntity
  8
CUT
100
AcDbLine
 10
81.02889166666682
 20
167.2209472222223
 30
0.0
 11
81.02889166666682
 21
170.22167500000012
 31
0.0
  0
LINE
  5
120
330
17
100
AcDbEntity
  8
CUT
100
AcDbLine
 10
105.38678611111112
 20
311.93921111111126
 30
0.0
 11
105.38678611111112
 21
321.94116666666685
 31
0.0
  0
LINE
  5
121
330
17
100
AcDbEntity
  8
CUT
100
AcDbLine
 10
95.3848305555556
 20
170.22167500000012
 30
0.0
 11
95.3848305555556
 21
167.2209472222223
 31
0.0
  0
LINE
  5
122
330
17
100
AcDbEntity
  8
CUT
100
AcDbLine
 10
105.38678611111112
 20
187.2248583333334
 30
0.0
 11
105.38678611111112
 21
239.5802555555556
 31
0.0
  0
LINE
  5
123
330
17
100
AcDbEntity
  8
CUT
100
AcDbLine
 10
59.72040833333341
 20
221.31165833333338
 30
0.0
 11
59.72040833333341
 21
224.31203333333343
 31
0.0
  0
LINE
  5
124
330
17
100
AcDbEntity
  8
CUT
100
AcDbLine
 10
11.159488888888916
 20
253.9383111111112
 30
0.0
 11
13.827194444444501
 21
255.3123805555557
 31
0.0
  0
LINE
  5
125
330
17
100
AcDbEntity
  8
CUT
100
AcDbLine
 10
25.00601666666671
 20
227.05135277777794
 30
0.0
 11
27.673722222222295
 21
228.4250694444446
 31
0.0
  0
LINE
  5
126
330
17
100
AcDbEntity
  8
CUT
100
AcDbLine
 10
13.827194444444501
 20
283.7667305555557
 30
0.0
 11
11.159488888888916
 21
285.1408000000002
 31
0.0
  0
LINE
  5
127
330
17
100
AcDbEntity
  8
CUT
100
AcDbLine
 10
24.010477777777794
 20
235.5388333333334
 30
0.0
 11
21.342772222222322
 21
234.16476388888904
 31
0.0
  0
LINE
  5
128
330
17
100
AcDbEntity
  8
CUT
100
AcDbLine
 10
26.15960000000001
 20
307.7136388888891
 30
0.0
 11
13.827194444444501
 21
283.7667305555557
 31
0.0
  0
LINE
  5
129
330
17
100
AcDbEntity
  8
CUT
100
AcDbLine
 10
7.495891666666694
 20
278.0270361111112
 30
0.0
 11
10.163597222222336
 21
276.6533194444446
 31
0.0
  0
LINE
  5
12A
330
17
100
AcDbEntity
  8
CUT
100
AcDbLine
 10
51.341230555555626
 20
224.31203333333343
 30
0.0
 11
51.341230555555626
 21
221.31165833333338
 31
0.0
  0
LINE
  5
12B
330
17
100
AcDbEntity
  8
CUT
100
AcDbLine
 10
27.673722222222295
 20
228.4250694444446
 30
0.0
 11
31.337319444444404
 21
221.31165833333338
 31
0.0
  0
LINE
  5
12C
330
17
100
AcDbEntity
  8
CUT
100
AcDbLine
 10
7.495891666666694
 20
261.0520750000001
 30
0.0
 11
11.159488888888916
 21
253.9383111111112
 31
0.0
  0
LINE
  5
12D
330
17
100
AcDbEntity
  8
CUT
100
AcDbLine
 10
33.48679444444451
 20
321.94116666666685
 30
0.0
 11
29.82319722222229
 21
314.82775555555565
 31
0.0
  0
LINE
  5
12E
330
17
100
AcDbEntity
  8
CUT
100
AcDbLine
 10
10.163597222222336
 20
262.42579166666684
 30
0.0
 11
7.495891666666694
 21
261.0520750000001
 31
0.0
  0
LINE
  5
12F
330
17
100
AcDbEntity
  8
CUT
100
AcDbLine
 10
21.342772222222322
 20
234.16476388888904
 30
0.0
 11
25.00601666666671
 21
227.05135277777794
 31
0.0
  0
LINE
  5
130
330
17
100
AcDbEntity
  8
CUT
100
AcDbLine
 10
41.33927499999999
 20
221.31165833333338
 30
0.0
 11
41.33927499999999
 21
224.31203333333343
 31
0.0
  0
LINE
  5
131
330
17
100
AcDbEntity
  8
CUT
100
AcDbLine
 10
27.155491666666705
 20
316.2014722222224
 30
0.0
 11
23.492247222222318
 21
309.08770833333347
 31
0.0
  0
LINE
  5
132
330
17
100
AcDbEntity
  8
CUT
100
AcDbLine
 10
11.159488888888916
 20
285.1408000000002
 30
0.0
 11
7.495891666666694
 21
278.0270361111112
 31
0.0
  0
LINE
  5
133
330
17
100
AcDbEntity
  8
CUT
100
AcDbLine
 10
13.827194444444501
 20
255.3123805555557
 30
0.0
 11
24.010477777777794
 21
235.5388333333334
 31
0.0
  0
LINE
  5
134
330
17
100
AcDbEntity
  8
CUT
100
AcDbLine
 10
10.163597222222336
 20
276.6533194444446
 30
0.0
 11
6.5
 21
269.5395555555556
 31
0.0
  0
LINE
  5
135
330
17
100
AcDbEntity
  8
CUT
100
AcDbLine
 10
6.5
 20
269.5395555555556
 30
0.0
 11
10.163597222222336
 21
262.42579166666684
 31
0.0
  0
LINE
  5
136
330
17
100
AcDbEntity
  8
CUT
100
AcDbLine
 10
23.492247222222318
 20
309.08770833333347
 30
0.0
 11
26.15960000000001
 21
307.7136388888891
 31
0.0
  0
LINE
  5
137
330
17
100
AcDbEntity
  8
CUT
100
AcDbLine
 10
29.82319722222229
 20
314.82775555555565
 30
0.0
 11
27.155491666666705
 21
316.2014722222224
 31
0.0
  0
LINE
  5
138
330
17
100
AcDbEntity
  8
CUT
100
AcDbLine
 10
69.72236388888894
 20
224.31203333333343
 30
0.0
 11
69.72236388888894
 21
167.2209472222223
 31
0.0
  0
LINE
  5
139
330
17
100
AcDbEntity
  8
CUT
100
AcDbLine
 10
95.3848305555556
 20
324.9418944444446
 30
0.0
 11
85.38287500000013
 21
324.9418944444446
 31
0.0
  0
LINE
  5
13A
330
17
100
AcDbEntity
  8
CUT
100
AcDbLine
 10
54.86442222222223
 20
324.9418944444446
 30
0.0
 11
44.86246666666682
 21
324.9418944444446
 31
0.0
  0
LINE
  5
13B
330
17
100
AcDbEntity
  8
CUT
100
AcDbLine
 10
105.38678611111112
 20
321.94116666666685
 30
0.0
 11
95.3848305555556
 21
321.94116666666685
 31
0.0
  0
LINE
  5
13C
330
17
100
AcDbEntity
  8
CUT
100
AcDbLine
 10
85.38287500000013
 20
321.94116666666685
 30
0.0
 11
54.86442222222223
 21
321.94116666666685
 31
0.0
  0
LINE
  5
13D
330
17
100
AcDbEntity
  8
CUT
100
AcDbLine
 10
44.86246666666682
 20
321.94116666666685
 30
0.0
 11
33.48679444444451
 21
321.94116666666685
 31
0.0
  0
LINE
  5
13E
330
17
100
AcDbEntity
  8
CUT
100
AcDbLine
 10
105.38678611111112
 20
301.9372555555557
 30
0.0
 11
108.38751388888892
 21
301.9372555555557
 31
0.0
  0
LINE
  5
13F
330
17
100
AcDbEntity
  8
CUT
100
AcDbLine
 10
108.38751388888892
 20
187.2248583333334
 30
0.0
 11
105.38678611111112
 21
187.2248583333334
 31
0.0
  0
LINE
  5
140
330
17
100
AcDbEntity
  8
CUT
100
AcDbLine
 10
81.02889166666682
 20
170.22167500000012
 30
0.0
 11
95.3848305555556
 21
170.22167500000012
 31
0.0
  0
LINE
  5
141
330
17
100
AcDbEntity
  8
CUT
100
AcDbLine
 10
108.38751388888892
 20
249.58221111111123
 30
0.0
 11
105.38678611111112
 21
249.58221111111123
 31
0.0
  0
LINE
  5
142
330
17
100
AcDbEntity
  8
CUT
100
AcDbLine
 10
105.38678611111112
 20
239.5802555555556
 30
0.0
 11
108.38751388888892
 21
239.5802555555556
 31
0.0
  0
LINE
  5
143
330
17
100
AcDbEntity
  8
CUT
100
AcDbLine
 10
69.72236388888894
 20
167.2209472222223
 30
0.0
 11
81.02889166666682
 21
167.2209472222223
 31
0.0
  0
LINE
  5
144
330
17
100
AcDbEntity
  8
CUT
100
AcDbLine
 10
95.3848305555556
 20
167.2209472222223
 30
0.0
 11
105.38678611111112
 21
167.2209472222223
 31
0.0
  0
LINE
  5
145
330
17
100
AcDbEntity
  8
CUT
100
AcDbLine
 10
108.38751388888892
 20
311.93921111111126
 30
0.0
 11
105.38678611111112
 21
311.93921111111126
 31
0.0
  0
LINE
  5
146
330
17
100
AcDbEntity
  8
CUT
100
AcDbLine
 10
105.38678611111112
 20
177.2229027777779
 30
0.0
 11
108.38751388888892
 21
177.2229027777779
 31
0.0
  0
LINE
  5
147
330
17
100
AcDbEntity
  8
CUT
100
AcDbLine
 10
31.337319444444404
 20
221.31165833333338
 30
0.0
 11
41.33927499999999
 21
221.31165833333338
 31
0.0
  0
LINE
  5
148
330
17
100
AcDbEntity
  8
CUT
100
AcDbLine
 10
51.341230555555626
 20
221.31165833333338
 30
0.0
 11
59.72040833333341
 21
221.31165833333338
 31
0.0
  0
LINE
  5
149
330
17
100
AcDbEntity
  8
CUT
100
AcDbLine
 10
59.72040833333341
 20
224.31203333333343
 30
0.0
 11
69.72236388888894
 21
224.31203333333343
 31
0.0
  0
LINE
  5
14A
330
17
100
AcDbEntity
  8
CUT
100
AcDbLine
 10
41.33927499999999
 20
224.31203333333343
 30
0.0
 11
51.341230555555626
 21
224.31203333333343
 31
0.0
  0
LINE
  5
14B
330
17
100
AcDbEntity
  8
CUT
100
AcDbLine
 10
72.80387777777781
 20
171.8430416666668
 30
0.0
 11
72.6207861111111
 21
172.05188611111112
 31
0.0
  0
LINE
  5
14C
330
17
100
AcDbEntity
  8
CUT
100
AcDbLine
 10
72.6207861111111
 20
172.05188611111112
 30
0.0
 11
72.46662222222233
 21
172.28260277777792
 31
0.0
  0
LINE
  5
14D
330
17
100
AcDbEntity
  8
CUT
100
AcDbLine
 10
73.49214722222229
 20
171.3833722222223
 30
0.0
 11
73.2430861111111
 21
171.506138888889
 31
0.0
  0
LINE
  5
14E
330
17
100
AcDbEntity
  8
CUT
100
AcDbLine
 10
73.01236944444452
 20
171.66030277777793
 30
0.0
 11
72.80387777777781
 21
171.8430416666668
 31
0.0
  0
LINE
  5
14F
330
17
100
AcDbEntity
  8
CUT
100
AcDbLine
 10
73.2430861111111
 20
171.506138888889
 30
0.0
 11
73.01236944444452
 21
171.66030277777793
 31
0.0
  0
LINE
  5
150
330
17
100
AcDbEntity
  8
CUT
100
AcDbLine
 10
72.1826361111111
 20
173.3434055555556
 30
0.0
 11
72.20062777777781
 21
173.62068888888902
 31
0.0
  0
LINE
  5
151
330
17
100
AcDbEntity
  8
CUT
100
AcDbLine
 10
72.80387777777781
 20
174.84376944444452
 30
0.0
 11
73.01236944444452
 21
175.0268611111112
 31
0.0
  0
LINE
  5
152
330
17
100
AcDbEntity
  8
CUT
100
AcDbLine
 10
72.34385555555559
 20
172.531663888889
 30
0.0
 11
72.25460277777779
 21
172.7944833333334
 31
0.0
  0
LINE
  5
153
330
17
100
AcDbEntity
  8
CUT
100
AcDbLine
 10
73.01236944444452
 20
175.0268611111112
 30
0.0
 11
73.2430861111111
 21
175.18102500000012
 31
0.0
  0
LINE
  5
154
330
17
100
AcDbEntity
  8
CUT
100
AcDbLine
 10
73.2430861111111
 20
175.18102500000012
 30
0.0
 11
73.49214722222229
 21
175.30379166666683
 31
0.0
  0
LINE
  5
155
330
17
100
AcDbEntity
  8
CUT
100
AcDbLine
 10
72.25460277777779
 20
172.7944833333334
 30
0.0
 11
72.20062777777781
 21
173.0664750000001
 31
0.0
  0
LINE
  5
156
330
17
100
AcDbEntity
  8
CUT
100
AcDbLine
 10
72.25460277777779
 20
173.89268055555573
 30
0.0
 11
72.34385555555559
 21
174.1555000000001
 31
0.0
  0
LINE
  5
157
330
17
100
AcDbEntity
  8
CUT
100
AcDbLine
 10
72.34385555555559
 20
174.1555000000001
 30
0.0
 11
72.46662222222233
 21
174.4042083333334
 31
0.0
  0
LINE
  5
158
330
17
100
AcDbEntity
  8
CUT
100
AcDbLine
 10
72.46662222222233
 20
172.28260277777792
 30
0.0
 11
72.34385555555559
 21
172.531663888889
 31
0.0
  0
LINE
  5
159
330
17
100
AcDbEntity
  8
CUT
100
AcDbLine
 10
72.20062777777781
 20
173.62068888888902
 30
0.0
 11
72.25460277777779
 21
173.89268055555573
 31
0.0
  0
LINE
  5
15A
330
17
100
AcDbEntity
  8
CUT
100
AcDbLine
 10
72.46662222222233
 20
174.4042083333334
 30
0.0
 11
72.6207861111111
 21
174.63527777777793
 31
0.0
  0
LINE
  5
15B
330
17
100
AcDbEntity
  8
CUT
100
AcDbLine
 10
72.6207861111111
 20
174.63527777777793
 30
0.0
 11
72.80387777777781
 21
174.84376944444452
 31
0.0
  0
LINE
  5
15C
330
17
100
AcDbEntity
  8
CUT
100
AcDbLine
 10
72.20062777777781
 20
173.0664750000001
 30
0.0
 11
72.1826361111111
 21
173.3434055555556
 31
0.0
  0
LINE
  5
15D
330
17
100
AcDbEntity
  8
CUT
100
AcDbLine
 10
73.49214722222229
 20
175.30379166666683
 30
0.0
 11
73.75496666666669
 21
175.30379166666683
 31
0.0
  0
LINE
  5
15E
330
17
100
AcDbEntity
  8
CUT
100
AcDbLine
 10
76.3535277777778
 20
172.7944833333334
 30
0.0
 11
76.264275
 21
172.531663888889
 31
0.0
  0
LINE
  5
15F
330
17
100
AcDbEntity
  8
CUT
100
AcDbLine
 10
76.42584722222233
 20
173.3434055555556
 30
0.0
 11
76.40785555555573
 21
173.0664750000001
 31
0.0
  0
LINE
  5
160
330
17
100
AcDbEntity
  8
CUT
100
AcDbLine
 10
75.80425277777783
 20
171.8430416666668
 30
0.0
 11
75.59576111111113
 21
171.66030277777793
 31
0.0
  0
LINE
  5
161
330
17
100
AcDbEntity
  8
CUT
100
AcDbLine
 10
75.59576111111113
 20
171.66030277777793
 30
0.0
 11
75.3650444444445
 21
171.506138888889
 31
0.0
  0
LINE
  5
162
330
17
100
AcDbEntity
  8
CUT
100
AcDbLine
 10
75.3650444444445
 20
171.506138888889
 30
0.0
 11
75.1159833333333
 21
171.3833722222223
 31
0.0
  0
LINE
  5
163
330
17
100
AcDbEntity
  8
CUT
100
AcDbLine
 10
76.14150833333343
 20
174.4042083333334
 30
0.0
 11
76.264275
 21
174.1555000000001
 31
0.0
  0
LINE
  5
164
330
17
100
AcDbEntity
  8
CUT
100
AcDbLine
 10
76.40785555555573
 20
173.0664750000001
 30
0.0
 11
76.3535277777778
 21
172.7944833333334
 31
0.0
  0
LINE
  5
165
330
17
100
AcDbEntity
  8
CUT
100
AcDbLine
 10
76.40785555555573
 20
173.62068888888902
 30
0.0
 11
76.42584722222233
 21
173.3434055555556
 31
0.0
  0
LINE
  5
166
330
17
100
AcDbEntity
  8
CUT
100
AcDbLine
 10
76.3535277777778
 20
173.89268055555573
 30
0.0
 11
76.40785555555573
 21
173.62068888888902
 31
0.0
  0
LINE
  5
167
330
17
100
AcDbEntity
  8
CUT
100
AcDbLine
 10
75.98734444444449
 20
172.05188611111112
 30
0.0
 11
75.80425277777783
 21
171.8430416666668
 31
0.0
  0
LINE
  5
168
330
17
100
AcDbEntity
  8
CUT
100
AcDbLine
 10
76.14150833333343
 20
172.28260277777792
 30
0.0
 11
75.98734444444449
 21
172.05188611111112
 31
0.0
  0
LINE
  5
169
330
17
100
AcDbEntity
  8
CUT
100
AcDbLine
 10
76.264275
 20
174.1555000000001
 30
0.0
 11
76.3535277777778
 21
173.89268055555573
 31
0.0
  0
LINE
  5
16A
330
17
100
AcDbEntity
  8
CUT
100
AcDbLine
 10
76.264275
 20
172.531663888889
 30
0.0
 11
76.14150833333343
 21
172.28260277777792
 31
0.0
  0
LINE
  5
16B
330
17
100
AcDbEntity
  8
CUT
100
AcDbLine
 10
75.59576111111113
 20
175.0268611111112
 30
0.0
 11
75.80425277777783
 21
174.84376944444452
 31
0.0
  0
LINE
  5
16C
330
17
100
AcDbEntity
  8
CUT
100
AcDbLine
 10
75.1159833333333
 20
175.30379166666683
 30
0.0
 11
75.3650444444445
 21
175.18102500000012
 31
0.0
  0
LINE
  5
16D
330
17
100
AcDbEntity
  8
CUT
100
AcDbLine
 10
75.98734444444449
 20
174.63527777777793
 30
0.0
 11
76.14150833333343
 21
174.4042083333334
 31
0.0
  0
LINE
  5
16E
330
17
100
AcDbEntity
  8
CUT
100
AcDbLine
 10
75.3650444444445
 20
175.18102500000012
 30
0.0
 11
75.59576111111113
 21
175.0268611111112
 31
0.0
  0
LINE
  5
16F
330
17
100
AcDbEntity
  8
CUT
100
AcDbLine
 10
75.80425277777783
 20
174.84376944444452
 30
0.0
 11
75.98734444444449
 21
174.63527777777793
 31
0.0
  0
LINE
  5
170
330
17
100
AcDbEntity
  8
CUT
100
AcDbLine
 10
75.1159833333333
 20
171.3833722222223
 30
0.0
 11
74.85351666666674
 21
171.3833722222223
 31
0.0
  0
LINE
  5
171
330
17
100
AcDbEntity
  8
CUT
100
AcDbLine
 10
95.3848305555556
 20
224.31203333333343
 30
0.0
 11
95.3848305555556
 21
221.31165833333338
 31
0.0
  0
LINE
  5
172
330
17
100
AcDbEntity
  8
CUT
100
AcDbLine
 10
85.38287500000013
 20
221.31165833333338
 30
0.0
 11
85.38287500000013
 21
224.31203333333343
 31
0.0
  0
LINE
  5
173
330
17
100
AcDbEntity
  8
CUT
100
AcDbLine
 10
95.3848305555556
 20
221.31165833333338
 30
0.0
 11
85.38287500000013
 21
221.31165833333338
 31
0.0
  0
LINE
  5
174
330
17
100
AcDbEntity
  8
CUT
100
AcDbLine
 10
85.38287500000013
 20
224.31203333333343
 30
0.0
 11
95.3848305555556
 21
224.31203333333343
 31
0.0
  0
LINE
  5
175
330
17
100
AcDbEntity
  8
CUT
100
AcDbLine
 10
74.30424166666683
 20
171.22180000000012
 30
0.0
 11
74.02731111111109
 21
171.22180000000012
 31
0.0
  0
LINE
  5
176
330
17
100
AcDbEntity
  8
CUT
100
AcDbLine
 10
74.85351666666674
 20
171.29411944444453
 30
0.0
 11
74.58117222222234
 21
171.29411944444453
 31
0.0
  0
LINE
  5
177
330
17
100
AcDbEntity
  8
CUT
100
AcDbLine
 10
73.75496666666669
 20
171.29411944444453
 30
0.0
 11
73.49214722222229
 21
171.29411944444453
 31
0.0
  0
LINE
  5
178
330
17
100
AcDbEntity
  8
CUT
100
AcDbLine
 10
74.02731111111109
 20
171.2401444444445
 30
0.0
 11
73.75496666666669
 21
171.2401444444445
 31
0.0
  0
LINE
  5
179
330
17
100
AcDbEntity
  8
CUT
100
AcDbLine
 10
74.58117222222234
 20
171.2401444444445
 30
0.0
 11
74.30424166666683
 21
171.2401444444445
 31
0.0
  0
LINE
  5
17A
330
17
100
AcDbEntity
  8
CUT
100
AcDbLine
 10
74.58117222222234
 20
175.4470194444446
 30
0.0
 11
74.85351666666674
 21
175.4470194444446
 31
0.0
  0
LINE
  5
17B
330
17
100
AcDbEntity
  8
CUT
100
AcDbLine
 10
74.02731111111109
 20
175.4470194444446
 30
0.0
 11
74.30424166666683
 21
175.4470194444446
 31
0.0
  0
LINE
  5
17C
330
17
100
AcDbEntity
  8
CUT
100
AcDbLine
 10
74.30424166666683
 20
175.46536388888902
 30
0.0
 11
74.58117222222234
 21
175.46536388888902
 31
0.0
  0
LINE
  5
17D
330
17
100
AcDbEntity
  8
CUT
100
AcDbLine
 10
73.75496666666669
 20
175.3930444444446
 30
0.0
 11
74.02731111111109
 21
175.3930444444446
 31
0.0
  0
LINE
  5
17E
330
17
100
AcDbEntity
  8
CUT
100
AcDbLine
 10
74.85351666666674
 20
175.3930444444446
 30
0.0
 11
75.1159833333333
 21
175.3930444444446
 31
0.0
  0
LINE
  5
17F
330
17
100
AcDbEntity
  8
ENGRAVE
100
AcDbLine
 10
54.59062808648213
 20
267.05206197480334
 30
0.0
 11
57.39058536187275
 21
267.05206197480334
 31
0.0
  0
LINE
  5
180
330
17
100
AcDbEntity
  8
ENGRAVE
100
AcDbLine
 10
57.39058536187275
 20
267.05206197480334
 30
0.0
 11
58.09057468072041
 21
268.45204061249865
 31
0.0
  0
LINE
  5
181
330
17
100
AcDbEntity
  8
ENGRAVE
100
AcDbLine
 10
58.09057468072041
 20
268.45204061249865
 30
0.0
 11
58.09057468072041
 21
272.6519765255846
 31
0.0
  0
LINE
  5
182
330
17
100
AcDbEntity
  8
ENGRAVE
100
AcDbLine
 10
58.09057468072041
 20
272.6519765255846
 30
0.0
 11
57.39058536187275
 21
274.0519551632799
 31
0.0
  0
LINE
  5
183
330
17
100
AcDbEntity
  8
ENGRAVE
100
AcDbLine
 10
57.39058536187275
 20
274.0519551632799
 30
0.0
 11
54.59062808648213
 21
274.0519551632799
 31
0.0
  0
LINE
  5
184
330
17
100
AcDbEntity
  8
ENGRAVE
100
AcDbLine
 10
54.59062808648213
 20
274.0519551632799
 30
0.0
 11
53.89063876763447
 21
272.6519765255846
 31
0.0
  0
LINE
  5
185
330
17
100
AcDbEntity
  8
ENGRAVE
100
AcDbLine
 10
53.89063876763447
 20
272.6519765255846
 30
0.0
 11
53.89063876763447
 21
268.45204061249865
 31
0.0
  0
LINE
  5
186
330
17
100
AcDbEntity
  8
ENGRAVE
100
AcDbLine
 10
53.89063876763447
 20
268.45204061249865
 30
0.0
 11
54.59062808648213
 21
267.05206197480334
 31
0.0
  0
LINE
  5
187
330
17
100
AcDbEntity
  8
ENGRAVE
100
AcDbLine
 10
62.640505253230174
 20
267.05206197480334
 30
0.0
 11
62.640505253230174
 21
274.0519551632799
 31
0.0
  0
LINE
  5
188
330
17
100
AcDbEntity
  8
ENGRAVE
100
AcDbLine
 10
62.640505253230174
 20
274.0519551632799
 30
0.0
 11
59.49055331841572
 21
269.50202459077013
 31
0.0
  0
LINE
  5
189
330
17
100
AcDbEntity
  8
ENGRAVE
100
AcDbLine
 10
59.49055331841572
 20
269.50202459077013
 30
0.0
 11
63.69048923150166
 21
269.50202459077013
 31
0.0
  0
LINE
  5
18A
330
17
100
AcDbEntity
  8
CUT
100
AcDbLine
 10
6.5
 20
327.9418944444446
 30
0.0
 11
189.8590722222222
 21
327.9418944444446
 31
0.0
  0
LINE
  5
18B
330
17
100
AcDbEntity
  8
CUT
100
AcDbLine
 10
12.501102777777817
 20
338.52028888888907
 30
0.0
 11
6.5
 21
338.52028888888907
 31
0.0
  0
LINE
  5
18C
330
17
100
AcDbEntity
  8
CUT
100
AcDbLine
 10
189.8590722222222
 20
414.7329888888891
 30
0.0
 11
6.5
 21
414.7329888888891
 31
0.0
  0
LINE
  5
18D
330
17
100
AcDbEntity
  8
CUT
100
AcDbLine
 10
6.5
 20
356.0117166666668
 30
0.0
 11
12.501102777777817
 21
356.0117166666668
 31
0.0
  0
LINE
  5
18E
330
17
100
AcDbEntity
  8
CUT
100
AcDbLine
 10
189.8590722222222
 20
327.9418944444446
 30
0.0
 11
189.8590722222222
 21
414.7329888888891
 31
0.0
  0
LINE
  5
18F
330
17
100
AcDbEntity
  8
CUT
100
AcDbLine
 10
12.501102777777817
 20
356.0117166666668
 30
0.0
 11
12.501102777777817
 21
338.52028888888907
 31
0.0
  0
LINE
  5
190
330
17
100
AcDbEntity
  8
CUT
100
AcDbLine
 10
6.5
 20
414.7329888888891
 30
0.0
 11
6.5
 21
356.01171666666687
 31
0.0
  0
LINE
  5
191
330
17
100
AcDbEntity
  8
CUT
100
AcDbLine
 10
6.5
 20
338.52028888888907
 30
0.0
 11
6.5
 21
327.9418944444446
 31
0.0
  0
LINE
  5
192
330
17
100
AcDbEntity
  8
CUT
100
AcDbLine
 10
182.6186611111111
 20
378.1090111111113
 30
0.0
 11
179.6179333333334
 21
378.1090111111113
 31
0.0
  0
LINE
  5
193
330
17
100
AcDbEntity
  8
CUT
100
AcDbLine
 10
179.6179333333334
 20
388.1109666666669
 30
0.0
 11
182.6186611111111
 21
388.1109666666669
 31
0.0
  0
LINE
  5
194
330
17
100
AcDbEntity
  8
CUT
100
AcDbLine
 10
182.6186611111111
 20
388.1109666666669
 30
0.0
 11
182.6186611111111
 21
378.1090111111113
 31
0.0
  0
LINE
  5
195
330
17
100
AcDbEntity
  8
CUT
100
AcDbLine
 10
179.6179333333334
 20
378.1090111111113
 30
0.0
 11
179.6179333333334
 21
388.1109666666669
 31
0.0
  0
LINE
  5
196
330
17
100
AcDbEntity
  8
CUT
100
AcDbLine
 10
9.50072777777791
 20
388.1109666666669
 30
0.0
 11
12.501102777777817
 21
388.1109666666669
 31
0.0
  0
LINE
  5
197
330
17
100
AcDbEntity
  8
CUT
100
AcDbLine
 10
12.501102777777817
 20
378.1090111111113
 30
0.0
 11
9.50072777777791
 21
378.1090111111113
 31
0.0
  0
LINE
  5
198
330
17
100
AcDbEntity
  8
CUT
100
AcDbLine
 10
12.501102777777817
 20
388.1109666666669
 30
0.0
 11
12.501102777777817
 21
378.1090111111113
 31
0.0
  0
LINE
  5
199
330
17
100
AcDbEntity
  8
CUT
100
AcDbLine
 10
9.50072777777791
 20
378.1090111111113
 30
0.0
 11
9.50072777777791
 21
388.1109666666669
 31
0.0
  0
LINE
  5
19A
330
17
100
AcDbEntity
  8
CUT
100
AcDbLine
 10
179.6179333333334
 20
347.9627388888891
 30
0.0
 11
182.6186611111111
 21
347.9627388888891
 31
0.0
  0
LINE
  5
19B
330
17
100
AcDbEntity
  8
CUT
100
AcDbLine
 10
182.6186611111111
 20
337.9611361111113
 30
0.0
 11
179.6179333333334
 21
337.9611361111113
 31
0.0
  0
LINE
  5
19C
330
17
100
AcDbEntity
  8
CUT
100
AcDbLine
 10
182.6186611111111
 20
347.9627388888891
 30
0.0
 11
182.6186611111111
 21
337.9611361111113
 31
0.0
  0
LINE
  5
19D
330
17
100
AcDbEntity
  8
CUT
100
AcDbLine
 10
179.6179333333334
 20
337.9611361111113
 30
0.0
 11
179.6179333333334
 21
347.9627388888891
 31
0.0
  0
LINE
  5
19E
330
17
100
AcDbEntity
  8
ENGRAVE
100
AcDbLine
 10
60.225590402592616
 20
366.19556119977506
 30
0.0
 11
60.225590402592616
 21
368.9955184751657
 31
0.0
  0
LINE
  5
19F
330
17
100
AcDbEntity
  8
ENGRAVE
100
AcDbLine
 10
60.225590402592616
 20
368.9955184751657
 30
0.0
 11
58.8256117648973
 21
369.69550779401334
 31
0.0
  0
LINE
  5
1A0
330
17
100
AcDbEntity
  8
ENGRAVE
100
AcDbLine
 10
58.8256117648973
 20
369.69550779401334
 30
0.0
 11
54.625675851811366
 21
369.69550779401334
 31
0.0
  0
LINE
  5
1A1
330
17
100
AcDbEntity
  8
ENGRAVE
100
AcDbLine
 10
54.625675851811366
 20
369.69550779401334
 30
0.0
 11
53.22569721411605
 21
368.9955184751657
 31
0.0
  0
LINE
  5
1A2
330
17
100
AcDbEntity
  8
ENGRAVE
100
AcDbLine
 10
53.22569721411605
 20
368.9955184751657
 30
0.0
 11
53.22569721411605
 21
366.19556119977506
 31
0.0
  0
LINE
  5
1A3
330
17
100
AcDbEntity
  8
ENGRAVE
100
AcDbLine
 10
53.22569721411605
 20
366.19556119977506
 30
0.0
 11
54.625675851811366
 21
365.4955718809274
 31
0.0
  0
LINE
  5
1A4
330
17
100
AcDbEntity
  8
ENGRAVE
100
AcDbLine
 10
54.625675851811366
 20
365.4955718809274
 30
0.0
 11
58.8256117648973
 21
365.4955718809274
 31
0.0
  0
LINE
  5
1A5
330
17
100
AcDbEntity
  8
ENGRAVE
100
AcDbLine
 10
58.8256117648973
 20
365.4955718809274
 30
0.0
 11
60.225590402592616
 21
366.19556119977506
 31
0.0
  0
LINE
  5
1A6
330
17
100
AcDbEntity
  8
ENGRAVE
100
AcDbLine
 10
53.22569721411605
 20
375.2954223447946
 30
0.0
 11
53.22569721411605
 21
371.7954757505563
 31
0.0
  0
LINE
  5
1A7
330
17
100
AcDbEntity
  8
ENGRAVE
100
AcDbLine
 10
53.22569721411605
 20
371.7954757505563
 30
0.0
 11
56.02565448950668
 21
371.7954757505563
 31
0.0
  0
LINE
  5
1A8
330
17
100
AcDbEntity
  8
ENGRAVE
100
AcDbLine
 10
56.02565448950668
 20
371.7954757505563
 30
0.0
 11
56.02565448950668
 21
374.59543302594693
 31
0.0
  0
LINE
  5
1A9
330
17
100
AcDbEntity
  8
ENGRAVE
100
AcDbLine
 10
56.02565448950668
 20
374.59543302594693
 30
0.0
 11
56.725643808354334
 21
375.2954223447946
 31
0.0
  0
LINE
  5
1AA
330
17
100
AcDbEntity
  8
ENGRAVE
100
AcDbLine
 10
56.725643808354334
 20
375.2954223447946
 30
0.0
 11
59.52560108374496
 21
375.2954223447946
 31
0.0
  0
LINE
  5
1AB
330
17
100
AcDbEntity
  8
ENGRAVE
100
AcDbLine
 10
59.52560108374496
 20
375.2954223447946
 30
0.0
 11
60.225590402592616
 21
374.59543302594693
 31
0.0
  0
LINE
  5
1AC
330
17
100
AcDbEntity
  8
ENGRAVE
100
AcDbLine
 10
60.225590402592616
 20
374.59543302594693
 30
0.0
 11
60.225590402592616
 21
371.7954757505563
 31
0.0
  0
LINE
  5
1AD
330
17
100
AcDbEntity
  8
ENGRAVE
100
AcDbLine
 10
60.225590402592616
 20
371.7954757505563
 30
0.0
 11
59.52560108374496
 21
371.09548643170865
 31
0.0
  0
LINE
  5
1AE
330
17
100
AcDbEntity
  8
CUT
100
AcDbLine
 10
192.8590722222222
 20
6.5
 30
0.0
 11
376.2181444444444
 21
6.5
 31
0.0
  0
LINE
  5
1AF
330
17
100
AcDbEntity
  8
CUT
100
AcDbLine
 10
198.86017500000003
 20
17.078394444444484
 30
0.0
 11
192.8590722222222
 21
17.078394444444484
 31
0.0
  0
LINE
  5
1B0
330
17
100
AcDbEntity
  8
CUT
100
AcDbLine
 10
376.2181444444444
 20
93.29109444444452
 30
0.0
 11
192.8590722222222
 21
93.29109444444452
 31
0.0
  0
LINE
  5
1B1
330
17
100
AcDbEntity
  8
CUT
100
AcDbLine
 10
192.8590722222222
 20
34.56982222222223
 30
0.0
 11
198.86017500000003
 21
34.56982222222223
 31
0.0
  0
LINE
  5
1B2
330
17
100
AcDbEntity
  8
CUT
100
AcDbLine
 10
376.2181444444444
 20
6.5
 30
0.0
 11
376.2181444444444
 21
93.29109444444452
 31
0.0
  0
LINE
  5
1B3
330
17
100
AcDbEntity
  8
CUT
100
AcDbLine
 10
198.86017500000003
 20
34.56982222222223
 30
0.0
 11
198.86017500000003
 21
17.078394444444484
 31
0.0
  0
LINE
  5
1B4
330
17
100
AcDbEntity
  8
CUT
100
AcDbLine
 10
192.8590722222222
 20
93.29109444444452
 30
0.0
 11
192.8590722222222
 21
34.569822222222285
 31
0.0
  0
LINE
  5
1B5
330
17
100
AcDbEntity
  8
CUT
100
AcDbLine
 10
192.8590722222222
 20
17.078394444444484
 30
0.0
 11
192.8590722222222
 21
6.5
 31
0.0
  0
LINE
  5
1B6
330
17
100
AcDbEntity
  8
CUT
100
AcDbLine
 10
368.9777333333333
 20
56.667116666666686
 30
0.0
 11
365.9770055555556
 21
56.667116666666686
 31
0.0
  0
LINE
  5
1B7
330
17
100
AcDbEntity
  8
CUT
100
AcDbLine
 10
365.9770055555556
 20
66.66907222222233
 30
0.0
 11
368.9777333333333
 21
66.66907222222233
 31
0.0
  0
LINE
  5
1B8
330
17
100
AcDbEntity
  8
CUT
100
AcDbLine
 10
368.9777333333333
 20
66.66907222222233
 30
0.0
 11
368.9777333333333
 21
56.667116666666686
 31
0.0
  0
LINE
  5
1B9
330
17
100
AcDbEntity
  8
CUT
100
AcDbLine
 10
365.9770055555556
 20
56.667116666666686
 30
0.0
 11
365.9770055555556
 21
66.66907222222233
 31
0.0
  0
LINE
  5
1BA
330
17
100
AcDbEntity
  8
CUT
100
AcDbLine
 10
195.85980000000012
 20
66.66907222222233
 30
0.0
 11
198.86017500000003
 21
66.66907222222233
 31
0.0
  0
LINE
  5
1BB
330
17
100
AcDbEntity
  8
CUT
100
AcDbLine
 10
198.86017500000003
 20
56.667116666666686
 30
0.0
 11
195.85980000000012
 21
56.667116666666686
 31
0.0
  0
LINE
  5
1BC
330
17
100
AcDbEntity
  8
CUT
100
AcDbLine
 10
198.86017500000003
 20
66.66907222222233
 30
0.0
 11
198.86017500000003
 21
56.667116666666686
 31
0.0
  0
LINE
  5
1BD
330
17
100
AcDbEntity
  8
CUT
100
AcDbLine
 10
195.85980000000012
 20
56.667116666666686
 30
0.0
 11
195.85980000000012
 21
66.66907222222233
 31
0.0
  0
LINE
  5
1BE
330
17
100
AcDbEntity
  8
CUT
100
AcDbLine
 10
365.9770055555556
 20
26.520844444444492
 30
0.0
 11
368.9777333333333
 21
26.520844444444492
 31
0.0
  0
LINE
  5
1BF
330
17
100
AcDbEntity
  8
CUT
100
AcDbLine
 10
368.9777333333333
 20
16.519241666666687
 30
0.0
 11
365.9770055555556
 21
16.519241666666687
 31
0.0
  0
LINE
  5
1C0
330
17
100
AcDbEntity
  8
CUT
100
AcDbLine
 10
368.9777333333333
 20
26.520844444444492
 30
0.0
 11
368.9777333333333
 21
16.519241666666687
 31
0.0
  0
LINE
  5
1C1
330
17
100
AcDbEntity
  8
CUT
100
AcDbLine
 10
365.9770055555556
 20
16.519241666666687
 30
0.0
 11
365.9770055555556
 21
26.520844444444492
 31
0.0
  0
LINE
  5
1C2
330
17
100
AcDbEntity
  8
ENGRAVE
100
AcDbLine
 10
246.58466262481483
 20
44.75366675533047
 30
0.0
 11
246.58466262481483
 21
47.553624030721096
 31
0.0
  0
LINE
  5
1C3
330
17
100
AcDbEntity
  8
ENGRAVE
100
AcDbLine
 10
246.58466262481483
 20
47.553624030721096
 30
0.0
 11
245.1846839871195
 21
48.25361334956875
 31
0.0
  0
LINE
  5
1C4
330
17
100
AcDbEntity
  8
ENGRAVE
100
AcDbLine
 10
245.1846839871195
 20
48.25361334956875
 30
0.0
 11
240.98474807403358
 21
48.25361334956875
 31
0.0
  0
LINE
  5
1C5
330
17
100
AcDbEntity
  8
ENGRAVE
100
AcDbLine
 10
240.98474807403358
 20
48.25361334956875
 30
0.0
 11
239.58476943633826
 21
47.553624030721096
 31
0.0
  0
LINE
  5
1C6
330
17
100
AcDbEntity
  8
ENGRAVE
100
AcDbLine
 10
239.58476943633826
 20
47.553624030721096
 30
0.0
 11
239.58476943633826
 21
44.75366675533047
 31
0.0
  0
LINE
  5
1C7
330
17
100
AcDbEntity
  8
ENGRAVE
100
AcDbLine
 10
239.58476943633826
 20
44.75366675533047
 30
0.0
 11
240.98474807403358
 21
44.053677436482815
 31
0.0
  0
LINE
  5
1C8
330
17
100
AcDbEntity
  8
ENGRAVE
100
AcDbLine
 10
240.98474807403358
 20
44.053677436482815
 30
0.0
 11
245.1846839871195
 21
44.053677436482815
 31
0.0
  0
LINE
  5
1C9
330
17
100
AcDbEntity
  8
ENGRAVE
100
AcDbLine
 10
245.1846839871195
 20
44.053677436482815
 30
0.0
 11
246.58466262481483
 21
44.75366675533047
 31
0.0
  0
LINE
  5
1CA
330
17
100
AcDbEntity
  8
ENGRAVE
100
AcDbLine
 10
239.58476943633826
 20
53.85352790035
 30
0.0
 11
239.58476943633826
 21
50.35358130611172
 31
0.0
  0
LINE
  5
1CB
330
17
100
AcDbEntity
  8
ENGRAVE
100
AcDbLine
 10
239.58476943633826
 20
50.35358130611172
 30
0.0
 11
242.3847267117289
 21
50.35358130611172
 31
0.0
  0
LINE
  5
1CC
330
17
100
AcDbEntity
  8
ENGRAVE
100
AcDbLine
 10
242.3847267117289
 20
50.35358130611172
 30
0.0
 11
242.3847267117289
 21
53.153538581502346
 31
0.0
  0
LINE
  5
1CD
330
17
100
AcDbEntity
  8
ENGRAVE
100
AcDbLine
 10
242.3847267117289
 20
53.153538581502346
 30
0.0
 11
243.08471603057654
 21
53.85352790035
 31
0.0
  0
LINE
  5
1CE
330
17
100
AcDbEntity
  8
ENGRAVE
100
AcDbLine
 10
243.08471603057654
 20
53.85352790035
 30
0.0
 11
245.88467330596717
 21
53.85352790035
 31
0.0
  0
LINE
  5
1CF
330
17
100
AcDbEntity
  8
ENGRAVE
100
AcDbLine
 10
245.88467330596717
 20
53.85352790035
 30
0.0
 11
246.58466262481483
 21
53.153538581502346
 31
0.0
  0
LINE
  5
1D0
330
17
100
AcDbEntity
  8
ENGRAVE
100
AcDbLine
 10
246.58466262481483
 20
53.153538581502346
 30
0.0
 11
246.58466262481483
 21
50.35358130611172
 31
0.0
  0
LINE
  5
1D1
330
17
100
AcDbEntity
  8
ENGRAVE
100
AcDbLine
 10
246.58466262481483
 20
50.35358130611172
 30
0.0
 11
245.88467330596717
 21
49.653591987264065
 31
0.0
  0
LINE
  5
1D2
330
17
100
AcDbEntity
  8
CUT
100
AcDbLine
 10
111.38751388888892
 20
279.65016666666673
 30
0.0
 11
111.38751388888892
 21
96.29109444444452
 31
0.0
  0
LINE
  5
1D3
330
17
100
AcDbEntity
  8
CUT
100
AcDbLine
 10
121.9659083333334
 20
273.6490638888889
 30
0.0
 11
121.9659083333334
 21
279.65016666666673
 31
0.0
  0
LINE
  5
1D4
330
17
100
AcDbEntity
  8
CUT
100
AcDbLine
 10
198.17860833333344
 20
96.29109444444452
 30
0.0
 11
198.17860833333344
 21
279.65016666666673
 31
0.0
  0
LINE
  5
1D5
330
17
100
AcDbEntity
  8
CUT
100
AcDbLine
 10
139.45733611111115
 20
279.65016666666673
 30
0.0
 11
139.45733611111115
 21
273.6490638888889
 31
0.0
  0
LINE
  5
1D6
330
17
100
AcDbEntity
  8
CUT
100
AcDbLine
 10
111.38751388888892
 20
96.29109444444452
 30
0.0
 11
198.17860833333344
 21
96.29109444444452
 31
0.0
  0
LINE
  5
1D7
330
17
100
AcDbEntity
  8
CUT
100
AcDbLine
 10
139.45733611111115
 20
273.6490638888889
 30
0.0
 11
121.9659083333334
 21
273.6490638888889
 31
0.0
  0
LINE
  5
1D8
330
17
100
AcDbEntity
  8
CUT
100
AcDbLine
 10
198.17860833333344
 20
279.65016666666673
 30
0.0
 11
139.4573361111112
 21
279.65016666666673
 31
0.0
  0
LINE
  5
1D9
330
17
100
AcDbEntity
  8
CUT
100
AcDbLine
 10
121.9659083333334
 20
279.65016666666673
 30
0.0
 11
111.38751388888892
 21
279.65016666666673
 31
0.0
  0
LINE
  5
1DA
330
17
100
AcDbEntity
  8
CUT
100
AcDbLine
 10
161.5546305555556
 20
103.53150555555564
 30
0.0
 11
161.5546305555556
 21
106.53223333333332
 31
0.0
  0
LINE
  5
1DB
330
17
100
AcDbEntity
  8
CUT
100
AcDbLine
 10
171.55658611111124
 20
106.53223333333332
 30
0.0
 11
171.55658611111124
 21
103.53150555555564
 31
0.0
  0
LINE
  5
1DC
330
17
100
AcDbEntity
  8
CUT
100
AcDbLine
 10
171.55658611111124
 20
103.53150555555564
 30
0.0
 11
161.5546305555556
 21
103.53150555555564
 31
0.0
  0
LINE
  5
1DD
330
17
100
AcDbEntity
  8
CUT
100
AcDbLine
 10
161.5546305555556
 20
106.53223333333332
 30
0.0
 11
171.55658611111124
 21
106.53223333333332
 31
0.0
  0
LINE
  5
1DE
330
17
100
AcDbEntity
  8
CUT
100
AcDbLine
 10
171.55658611111124
 20
276.6494388888888
 30
0.0
 11
171.55658611111124
 21
273.6490638888889
 31
0.0
  0
LINE
  5
1DF
330
17
100
AcDbEntity
  8
CUT
100
AcDbLine
 10
161.5546305555556
 20
273.6490638888889
 30
0.0
 11
161.5546305555556
 21
276.6494388888888
 31
0.0
  0
LINE
  5
1E0
330
17
100
AcDbEntity
  8
CUT
100
AcDbLine
 10
171.55658611111124
 20
273.6490638888889
 30
0.0
 11
161.5546305555556
 21
273.6490638888889
 31
0.0
  0
LINE
  5
1E1
330
17
100
AcDbEntity
  8
CUT
100
AcDbLine
 10
161.5546305555556
 20
276.6494388888888
 30
0.0
 11
171.55658611111124
 21
276.6494388888888
 31
0.0
  0
LINE
  5
1E2
330
17
100
AcDbEntity
  8
CUT
100
AcDbLine
 10
131.4083583333334
 20
106.53223333333332
 30
0.0
 11
131.4083583333334
 21
103.53150555555564
 31
0.0
  0
LINE
  5
1E3
330
17
100
AcDbEntity
  8
CUT
100
AcDbLine
 10
121.4067555555556
 20
103.53150555555564
 30
0.0
 11
121.4067555555556
 21
106.53223333333332
 31
0.0
  0
LINE
  5
1E4
330
17
100
AcDbEntity
  8
CUT
100
AcDbLine
 10
131.4083583333334
 20
103.53150555555564
 30
0.0
 11
121.4067555555556
 21
103.53150555555564
 31
0.0
  0
LINE
  5
1E5
330
17
100
AcDbEntity
  8
CUT
100
AcDbLine
 10
121.4067555555556
 20
106.53223333333332
 30
0.0
 11
131.4083583333334
 21
106.53223333333332
 31
0.0
  0
LINE
  5
1E6
330
17
100
AcDbEntity
  8
ENGRAVE
100
AcDbLine
 10
149.6411806442194
 20
225.92457626407412
 30
0.0
 11
152.44113791961001
 21
225.92457626407412
 31
0.0
  0
LINE
  5
1E7
330
17
100
AcDbEntity
  8
ENGRAVE
100
AcDbLine
 10
152.44113791961001
 20
225.92457626407412
 30
0.0
 11
153.14112723845767
 21
227.32455490176943
 31
0.0
  0
LINE
  5
1E8
330
17
100
AcDbEntity
  8
ENGRAVE
100
AcDbLine
 10
153.14112723845767
 20
227.32455490176943
 30
0.0
 11
153.14112723845767
 21
231.52449081485537
 31
0.0
  0
LINE
  5
1E9
330
17
100
AcDbEntity
  8
ENGRAVE
100
AcDbLine
 10
153.14112723845767
 20
231.52449081485537
 30
0.0
 11
152.44113791961001
 21
232.92446945255068
 31
0.0
  0
LINE
  5
1EA
330
17
100
AcDbEntity
  8
ENGRAVE
100
AcDbLine
 10
152.44113791961001
 20
232.92446945255068
 30
0.0
 11
149.6411806442194
 21
232.92446945255068
 31
0.0
  0
LINE
  5
1EB
330
17
100
AcDbEntity
  8
ENGRAVE
100
AcDbLine
 10
149.6411806442194
 20
232.92446945255068
 30
0.0
 11
148.94119132537173
 21
231.52449081485537
 31
0.0
  0
LINE
  5
1EC
330
17
100
AcDbEntity
  8
ENGRAVE
100
AcDbLine
 10
148.94119132537173
 20
231.52449081485537
 30
0.0
 11
148.94119132537173
 21
227.32455490176943
 31
0.0
  0
LINE
  5
1ED
330
17
100
AcDbEntity
  8
ENGRAVE
100
AcDbLine
 10
148.94119132537173
 20
227.32455490176943
 30
0.0
 11
149.6411806442194
 21
225.92457626407412
 31
0.0
  0
LINE
  5
1EE
330
17
100
AcDbEntity
  8
ENGRAVE
100
AcDbLine
 10
158.74104178923892
 20
232.92446945255068
 30
0.0
 11
155.24109519500064
 21
232.92446945255068
 31
0.0
  0
LINE
  5
1EF
330
17
100
AcDbEntity
  8
ENGRAVE
100
AcDbLine
 10
155.24109519500064
 20
232.92446945255068
 30
0.0
 11
155.24109519500064
 21
230.12451217716006
 31
0.0
  0
LINE
  5
1F0
330
17
100
AcDbEntity
  8
ENGRAVE
100
AcDbLine
 10
155.24109519500064
 20
230.12451217716006
 30
0.0
 11
158.04105247039126
 21
230.12451217716006
 31
0.0
  0
LINE
  5
1F1
330
17
100
AcDbEntity
  8
ENGRAVE
100
AcDbLine
 10
158.04105247039126
 20
230.12451217716006
 30
0.0
 11
158.74104178923892
 21
229.4245228583124
 31
0.0
  0
LINE
  5
1F2
330
17
100
AcDbEntity
  8
ENGRAVE
100
AcDbLine
 10
158.74104178923892
 20
229.4245228583124
 30
0.0
 11
158.74104178923892
 21
226.62456558292178
 31
0.0
  0
LINE
  5
1F3
330
17
100
AcDbEntity
  8
ENGRAVE
100
AcDbLine
 10
158.74104178923892
 20
226.62456558292178
 30
0.0
 11
158.04105247039126
 21
225.92457626407412
 31
0.0
  0
LINE
  5
1F4
330
17
100
AcDbEntity
  8
ENGRAVE
100
AcDbLine
 10
158.04105247039126
 20
225.92457626407412
 30
0.0
 11
155.24109519500064
 21
225.92457626407412
 31
0.0
  0
LINE
  5
1F5
330
17
100
AcDbEntity
  8
ENGRAVE
100
AcDbLine
 10
155.24109519500064
 20
225.92457626407412
 30
0.0
 11
154.54110587615298
 21
226.62456558292178
 31
0.0
  0
LINE
  5
1F6
330
17
100
AcDbEntity
  8
CUT
100
AcDbLine
 10
201.17860833333344
 20
96.29109444444452
 30
0.0
 11
384.53768055555565
 21
96.29109444444452
 31
0.0
  0
LINE
  5
1F7
330
17
100
AcDbEntity
  8
CUT
100
AcDbLine
 10
207.17971111111126
 20
106.86948888888901
 30
0.0
 11
201.17860833333344
 21
106.86948888888901
 31
0.0
  0
LINE
  5
1F8
330
17
100
AcDbEntity
  8
CUT
100
AcDbLine
 10
384.53768055555565
 20
183.08218888888905
 30
0.0
 11
201.17860833333344
 21
183.08218888888905
 31
0.0
  0
LINE
  5
1F9
330
17
100
AcDbEntity
  8
CUT
100
AcDbLine
 10
201.17860833333344
 20
124.36091666666675
 30
0.0
 11
207.17971111111126
 21
124.36091666666675
 31
0.0
  0
LINE
  5
1FA
330
17
100
AcDbEntity
  8
CUT
100
AcDbLine
 10
384.53768055555565
 20
96.29109444444452
 30
0.0
 11
384.53768055555565
 21
183.08218888888905
 31
0.0
  0
LINE
  5
1FB
330
17
100
AcDbEntity
  8
CUT
100
AcDbLine
 10
207.17971111111126
 20
124.36091666666675
 30
0.0
 11
207.17971111111126
 21
106.86948888888901
 31
0.0
  0
LINE
  5
1FC
330
17
100
AcDbEntity
  8
CUT
100
AcDbLine
 10
201.17860833333344
 20
183.08218888888905
 30
0.0
 11
201.17860833333344
 21
124.36091666666681
 31
0.0
  0
LINE
  5
1FD
330
17
100
AcDbEntity
  8
CUT
100
AcDbLine
 10
201.17860833333344
 20
106.86948888888901
 30
0.0
 11
201.17860833333344
 21
96.29109444444452
 31
0.0
  0
LINE
  5
1FE
330
17
100
AcDbEntity
  8
CUT
100
AcDbLine
 10
377.2972694444445
 20
146.4582111111112
 30
0.0
 11
374.2965416666668
 21
146.4582111111112
 31
0.0
  0
LINE
  5
1FF
330
17
100
AcDbEntity
  8
CUT
100
AcDbLine
 10
374.2965416666668
 20
156.46016666666685
 30
0.0
 11
377.2972694444445
 21
156.46016666666685
 31
0.0
  0
LINE
  5
200
330
17
100
AcDbEntity
  8
CUT
100
AcDbLine
 10
377.2972694444445
 20
156.46016666666685
 30
0.0
 11
377.2972694444445
 21
146.4582111111112
 31
0.0
  0
LINE
  5
201
330
17
100
AcDbEntity
  8
CUT
100
AcDbLine
 10
374.2965416666668
 20
146.4582111111112
 30
0.0
 11
374.2965416666668
 21
156.46016666666685
 31
0.0
  0
LINE
  5
202
330
17
100
AcDbEntity
  8
CUT
100
AcDbLine
 10
204.17933611111135
 20
156.46016666666685
 30
0.0
 11
207.17971111111126
 21
156.46016666666685
 31
0.0
  0
LINE
  5
203
330
17
100
AcDbEntity
  8
CUT
100
AcDbLine
 10
207.17971111111126
 20
146.4582111111112
 30
0.0
 11
204.17933611111135
 21
146.4582111111112
 31
0.0
  0
LINE
  5
204
330
17
100
AcDbEntity
  8
CUT
100
AcDbLine
 10
207.17971111111126
 20
156.46016666666685
 30
0.0
 11
207.17971111111126
 21
146.4582111111112
 31
0.0
  0
LINE
  5
205
330
17
100
AcDbEntity
  8
CUT
100
AcDbLine
 10
204.17933611111135
 20
146.4582111111112
 30
0.0
 11
204.17933611111135
 21
156.46016666666685
 31
0.0
  0
LINE
  5
206
330
17
100
AcDbEntity
  8
CUT
100
AcDbLine
 10
374.2965416666668
 20
116.31193888888902
 30
0.0
 11
377.2972694444445
 21
116.31193888888902
 31
0.0
  0
LINE
  5
207
330
17
100
AcDbEntity
  8
CUT
100
AcDbLine
 10
377.2972694444445
 20
106.31033611111121
 30
0.0
 11
374.2965416666668
 21
106.31033611111121
 31
0.0
  0
LINE
  5
208
330
17
100
AcDbEntity
  8
CUT
100
AcDbLine
 10
377.2972694444445
 20
116.31193888888902
 30
0.0
 11
377.2972694444445
 21
106.31033611111121
 31
0.0
  0
LINE
  5
209
330
17
100
AcDbEntity
  8
CUT
100
AcDbLine
 10
374.2965416666668
 20
106.31033611111121
 30
0.0
 11
374.2965416666668
 21
116.31193888888902
 31
0.0
  0
LINE
  5
20A
330
17
100
AcDbEntity
  8
ENGRAVE
100
AcDbLine
 10
254.90419873592606
 20
134.544761199775
 30
0.0
 11
254.90419873592606
 21
137.34471847516562
 31
0.0
  0
LINE
  5
20B
330
17
100
AcDbEntity
  8
ENGRAVE
100
AcDbLine
 10
254.90419873592606
 20
137.34471847516562
 30
0.0
 11
253.50422009823075
 21
138.04470779401328
 31
0.0
  0
LINE
  5
20C
330
17
100
AcDbEntity
  8
ENGRAVE
100
AcDbLine
 10
253.50422009823075
 20
138.04470779401328
 30
0.0
 11
249.3042841851448
 21
138.04470779401328
 31
0.0
  0
LINE
  5
20D
330
17
100
AcDbEntity
  8
ENGRAVE
100
AcDbLine
 10
249.3042841851448
 20
138.04470779401328
 30
0.0
 11
247.9043055474495
 21
137.34471847516562
 31
0.0
  0
LINE
  5
20E
330
17
100
AcDbEntity
  8
ENGRAVE
100
AcDbLine
 10
247.9043055474495
 20
137.34471847516562
 30
0.0
 11
247.9043055474495
 21
134.544761199775
 31
0.0
  0
LINE
  5
20F
330
17
100
AcDbEntity
  8
ENGRAVE
100
AcDbLine
 10
247.9043055474495
 20
134.544761199775
 30
0.0
 11
249.3042841851448
 21
133.84477188092734
 31
0.0
  0
LINE
  5
210
330
17
100
AcDbEntity
  8
ENGRAVE
100
AcDbLine
 10
249.3042841851448
 20
133.84477188092734
 30
0.0
 11
253.50422009823075
 21
133.84477188092734
 31
0.0
  0
LINE
  5
211
330
17
100
AcDbEntity
  8
ENGRAVE
100
AcDbLine
 10
253.50422009823075
 20
133.84477188092734
 30
0.0
 11
254.90419873592606
 21
134.544761199775
 31
0.0
  0
LINE
  5
212
330
17
100
AcDbEntity
  8
ENGRAVE
100
AcDbLine
 10
247.9043055474495
 20
143.64462234479453
 30
0.0
 11
247.9043055474495
 21
140.14467575055625
 31
0.0
  0
LINE
  5
213
330
17
100
AcDbEntity
  8
ENGRAVE
100
AcDbLine
 10
247.9043055474495
 20
140.14467575055625
 30
0.0
 11
250.70426282284012
 21
140.14467575055625
 31
0.0
  0
LINE
  5
214
330
17
100
AcDbEntity
  8
ENGRAVE
100
AcDbLine
 10
250.70426282284012
 20
140.14467575055625
 30
0.0
 11
250.70426282284012
 21
142.94463302594687
 31
0.0
  0
LINE
  5
215
330
17
100
AcDbEntity
  8
ENGRAVE
100
AcDbLine
 10
250.70426282284012
 20
142.94463302594687
 30
0.0
 11
251.40425214168778
 21
143.64462234479453
 31
0.0
  0
LINE
  5
216
330
17
100
AcDbEntity
  8
ENGRAVE
100
AcDbLine
 10
251.40425214168778
 20
143.64462234479453
 30
0.0
 11
254.2042094170784
 21
143.64462234479453
 31
0.0
  0
LINE
  5
217
330
17
100
AcDbEntity
  8
ENGRAVE
100
AcDbLine
 10
254.2042094170784
 20
143.64462234479453
 30
0.0
 11
254.90419873592606
 21
142.94463302594687
 31
0.0
  0
LINE
  5
218
330
17
100
AcDbEntity
  8
ENGRAVE
100
AcDbLine
 10
254.90419873592606
 20
142.94463302594687
 30
0.0
 11
254.90419873592606
 21
140.14467575055625
 31
0.0
  0
LINE
  5
219
330
17
100
AcDbEntity
  8
ENGRAVE
100
AcDbLine
 10
254.90419873592606
 20
140.14467575055625
 30
0.0
 11
254.2042094170784
 21
139.4446864317086
 31
0.0
  0
LINE
  5
21A
330
17
100
AcDbEntity
  8
CUT
100
AcDbLine
 10
201.17860833333344
 20
186.08218888888905
 30
0.0
 11
384.53768055555565
 21
186.08218888888905
 31
0.0
  0
LINE
  5
21B
330
17
100
AcDbEntity
  8
CUT
100
AcDbLine
 10
207.17971111111126
 20
196.66058333333353
 30
0.0
 11
201.17860833333344
 21
196.66058333333353
 31
0.0
  0
LINE
  5
21C
330
17
100
AcDbEntity
  8
CUT
100
AcDbLine
 10
384.53768055555565
 20
272.8732833333336
 30
0.0
 11
201.17860833333344
 21
272.8732833333336
 31
0.0
  0
LINE
  5
21D
330
17
100
AcDbEntity
  8
CUT
100
AcDbLine
 10
201.17860833333344
 20
214.15201111111128
 30
0.0
 11
207.17971111111126
 21
214.15201111111128
 31
0.0
  0
LINE
  5
21E
330
17
100
AcDbEntity
  8
CUT
100
AcDbLine
 10
384.53768055555565
 20
186.08218888888905
 30
0.0
 11
384.53768055555565
 21
272.8732833333336
 31
0.0
  0
LINE
  5
21F
330
17
100
AcDbEntity
  8
CUT
100
AcDbLine
 10
207.17971111111126
 20
214.15201111111128
 30
0.0
 11
207.17971111111126
 21
196.66058333333353
 31
0.0
  0
LINE
  5
220
330
17
100
AcDbEntity
  8
CUT
100
AcDbLine
 10
201.17860833333344
 20
272.8732833333336
 30
0.0
 11
201.17860833333344
 21
214.15201111111134
 31
0.0
  0
LINE
  5
221
330
17
100
AcDbEntity
  8
CUT
100
AcDbLine
 10
201.17860833333344
 20
196.66058333333353
 30
0.0
 11
201.17860833333344
 21
186.08218888888905
 31
0.0
  0
LINE
  5
222
330
17
100
AcDbEntity
  8
CUT
100
AcDbLine
 10
377.2972694444445
 20
236.24930555555574
 30
0.0
 11
374.2965416666668
 21
236.24930555555574
 31
0.0
  0
LINE
  5
223
330
17
100
AcDbEntity
  8
CUT
100
AcDbLine
 10
374.2965416666668
 20
246.25126111111138
 30
0.0
 11
377.2972694444445
 21
246.25126111111138
 31
0.0
  0
LINE
  5
224
330
17
100
AcDbEntity
  8
CUT
100
AcDbLine
 10
377.2972694444445
 20
246.25126111111138
 30
0.0
 11
377.2972694444445
 21
236.24930555555574
 31
0.0
  0
LINE
  5
225
330
17
100
AcDbEntity
  8
CUT
100
AcDbLine
 10
374.2965416666668
 20
236.24930555555574
 30
0.0
 11
374.2965416666668
 21
246.25126111111138
 31
0.0
  0
LINE
  5
226
330
17
100
AcDbEntity
  8
CUT
100
AcDbLine
 10
204.17933611111135
 20
246.25126111111138
 30
0.0
 11
207.17971111111126
 21
246.25126111111138
 31
0.0
  0
LINE
  5
227
330
17
100
AcDbEntity
  8
CUT
100
AcDbLine
 10
207.17971111111126
 20
236.24930555555574
 30
0.0
 11
204.17933611111135
 21
236.24930555555574
 31
0.0
  0
LINE
  5
228
330
17
100
AcDbEntity
  8
CUT
100
AcDbLine
 10
207.17971111111126
 20
246.25126111111138
 30
0.0
 11
207.17971111111126
 21
236.24930555555574
 31
0.0
  0
LINE
  5
229
330
17
100
AcDbEntity
  8
CUT
100
AcDbLine
 10
204.17933611111135
 20
236.24930555555574
 30
0.0
 11
204.17933611111135
 21
246.25126111111138
 31
0.0
  0
LINE
  5
22A
330
17
100
AcDbEntity
  8
CUT
100
AcDbLine
 10
374.2965416666668
 20
206.10303333333354
 30
0.0
 11
377.2972694444445
 21
206.10303333333354
 31
0.0
  0
LINE
  5
22B
330
17
100
AcDbEntity
  8
CUT
100
AcDbLine
 10
377.2972694444445
 20
196.10143055555574
 30
0.0
 11
374.2965416666668
 21
196.10143055555574
 31
0.0
  0
LINE
  5
22C
330
17
100
AcDbEntity
  8
CUT
100
AcDbLine
 10
377.2972694444445
 20
206.10303333333354
 30
0.0
 11
377.2972694444445
 21
196.10143055555574
 31
0.0
  0
LINE
  5
22D
330
17
100
AcDbEntity
  8
CUT
100
AcDbLine
 10
374.2965416666668
 20
196.10143055555574
 30
0.0
 11
374.2965416666668
 21
206.10303333333354
 31
0.0
  0
LINE
  5
22E
330
17
100
AcDbEntity
  8
ENGRAVE
100
AcDbLine
 10
254.90419873592606
 20
224.33585564421952
 30
0.0
 11
254.90419873592606
 21
227.13581291961015
 31
0.0
  0
LINE
  5
22F
330
17
100
AcDbEntity
  8
ENGRAVE
100
AcDbLine
 10
254.90419873592606
 20
227.13581291961015
 30
0.0
 11
253.50422009823075
 21
227.8358022384578
 31
0.0
  0
LINE
  5
230
330
17
100
AcDbEntity
  8
ENGRAVE
100
AcDbLine
 10
253.50422009823075
 20
227.8358022384578
 30
0.0
 11
249.3042841851448
 21
227.8358022384578
 31
0.0
  0
LINE
  5
231
330
17
100
AcDbEntity
  8
ENGRAVE
100
AcDbLine
 10
249.3042841851448
 20
227.8358022384578
 30
0.0
 11
247.9043055474495
 21
227.13581291961015
 31
0.0
  0
LINE
  5
232
330
17
100
AcDbEntity
  8
ENGRAVE
100
AcDbLine
 10
247.9043055474495
 20
227.13581291961015
 30
0.0
 11
247.9043055474495
 21
224.33585564421952
 31
0.0
  0
LINE
  5
233
330
17
100
AcDbEntity
  8
ENGRAVE
100
AcDbLine
 10
247.9043055474495
 20
224.33585564421952
 30
0.0
 11
249.3042841851448
 21
223.63586632537186
 31
0.0
  0
LINE
  5
234
330
17
100
AcDbEntity
  8
ENGRAVE
100
AcDbLine
 10
249.3042841851448
 20
223.63586632537186
 30
0.0
 11
253.50422009823075
 21
223.63586632537186
 31
0.0
  0
LINE
  5
235
330
17
100
AcDbEntity
  8
ENGRAVE
100
AcDbLine
 10
253.50422009823075
 20
223.63586632537186
 30
0.0
 11
254.90419873592606
 21
224.33585564421952
 31
0.0
  0
LINE
  5
236
330
17
100
AcDbEntity
  8
ENGRAVE
100
AcDbLine
 10
247.9043055474495
 20
233.43571678923905
 30
0.0
 11
247.9043055474495
 21
229.93577019500077
 31
0.0
  0
LINE
  5
237
330
17
100
AcDbEntity
  8
ENGRAVE
100
AcDbLine
 10
247.9043055474495
 20
229.93577019500077
 30
0.0
 11
250.70426282284012
 21
229.93577019500077
 31
0.0
  0
LINE
  5
238
330
17
100
AcDbEntity
  8
ENGRAVE
100
AcDbLine
 10
250.70426282284012
 20
229.93577019500077
 30
0.0
 11
250.70426282284012
 21
232.7357274703914
 31
0.0
  0
LINE
  5
239
330
17
100
AcDbEntity
  8
ENGRAVE
100
AcDbLine
 10
250.70426282284012
 20
232.7357274703914
 30
0.0
 11
251.40425214168778
 21
233.43571678923905
 31
0.0
  0
LINE
  5
23A
330
17
100
AcDbEntity
  8
ENGRAVE
100
AcDbLine
 10
251.40425214168778
 20
233.43571678923905
 30
0.0
 11
254.2042094170784
 21
233.43571678923905
 31
0.0
  0
LINE
  5
23B
330
17
100
AcDbEntity
  8
ENGRAVE
100
AcDbLine
 10
254.2042094170784
 20
233.43571678923905
 30
0.0
 11
254.90419873592606
 21
232.7357274703914
 31
0.0
  0
LINE
  5
23C
330
17
100
AcDbEntity
  8
ENGRAVE
100
AcDbLine
 10
254.90419873592606
 20
232.7357274703914
 30
0.0
 11
254.90419873592606
 21
229.93577019500077
 31
0.0
  0
LINE
  5
23D
330
17
100
AcDbEntity
  8
ENGRAVE
100
AcDbLine
 10
254.90419873592606
 20
229.93577019500077
 30
0.0
 11
254.2042094170784
 21
229.23578087615311
 31
0.0
  0
LINE
  5
23E
330
17
100
AcDbEntity
  8
CUT
100
AcDbLine
 10
201.17860833333344
 20
275.8732833333336
 30
0.0
 11
384.53768055555565
 21
275.8732833333336
 31
0.0
  0
LINE
  5
23F
330
17
100
AcDbEntity
  8
CUT
100
AcDbLine
 10
207.17971111111126
 20
286.45167777777806
 30
0.0
 11
201.17860833333344
 21
286.45167777777806
 31
0.0
  0
LINE
  5
240
330
17
100
AcDbEntity
  8
CUT
100
AcDbLine
 10
384.53768055555565
 20
362.6643777777781
 30
0.0
 11
201.17860833333344
 21
362.6643777777781
 31
0.0
  0
LINE
  5
241
330
17
100
AcDbEntity
  8
CUT
100
AcDbLine
 10
201.17860833333344
 20
303.9431055555558
 30
0.0
 11
207.17971111111126
 21
303.9431055555558
 31
0.0
  0
LINE
  5
242
330
17
100
AcDbEntity
  8
CUT
100
AcDbLine
 10
384.53768055555565
 20
275.8732833333336
 30
0.0
 11
384.53768055555565
 21
362.6643777777781
 31
0.0
  0
LINE
  5
243
330
17
100
AcDbEntity
  8
CUT
100
AcDbLine
 10
207.17971111111126
 20
303.9431055555558
 30
0.0
 11
207.17971111111126
 21
286.45167777777806
 31
0.0
  0
LINE
  5
244
330
17
100
AcDbEntity
  8
CUT
100
AcDbLine
 10
201.17860833333344
 20
362.6643777777781
 30
0.0
 11
201.17860833333344
 21
303.94310555555586
 31
0.0
  0
LINE
  5
245
330
17
100
AcDbEntity
  8
CUT
100
AcDbLine
 10
201.17860833333344
 20
286.45167777777806
 30
0.0
 11
201.17860833333344
 21
275.8732833333336
 31
0.0
  0
LINE
  5
246
330
17
100
AcDbEntity
  8
CUT
100
AcDbLine
 10
377.2972694444445
 20
326.04040000000026
 30
0.0
 11
374.2965416666668
 21
326.04040000000026
 31
0.0
  0
LINE
  5
247
330
17
100
AcDbEntity
  8
CUT
100
AcDbLine
 10
374.2965416666668
 20
336.0423555555559
 30
0.0
 11
377.2972694444445
 21
336.0423555555559
 31
0.0
  0
LINE
  5
248
330
17
100
AcDbEntity
  8
CUT
100
AcDbLine
 10
377.2972694444445
 20
336.0423555555559
 30
0.0
 11
377.2972694444445
 21
326.04040000000026
 31
0.0
  0
LINE
  5
249
330
17
100
AcDbEntity
  8
CUT
100
AcDbLine
 10
374.2965416666668
 20
326.04040000000026
 30
0.0
 11
374.2965416666668
 21
336.0423555555559
 31
0.0
  0
LINE
  5
24A
330
17
100
AcDbEntity
  8
CUT
100
AcDbLine
 10
204.17933611111135
 20
336.0423555555559
 30
0.0
 11
207.17971111111126
 21
336.0423555555559
 31
0.0
  0
LINE
  5
24B
330
17
100
AcDbEntity
  8
CUT
100
AcDbLine
 10
207.17971111111126
 20
326.04040000000026
 30
0.0
 11
204.17933611111135
 21
326.04040000000026
 31
0.0
  0
LINE
  5
24C
330
17
100
AcDbEntity
  8
CUT
100
AcDbLine
 10
207.17971111111126
 20
336.0423555555559
 30
0.0
 11
207.17971111111126
 21
326.04040000000026
 31
0.0
  0
LINE
  5
24D
330
17
100
AcDbEntity
  8
CUT
100
AcDbLine
 10
204.17933611111135
 20
326.04040000000026
 30
0.0
 11
204.17933611111135
 21
336.0423555555559
 31
0.0
  0
LINE
  5
24E
330
17
100
AcDbEntity
  8
CUT
100
AcDbLine
 10
374.2965416666668
 20
295.89412777777807
 30
0.0
 11
377.2972694444445
 21
295.89412777777807
 31
0.0
  0
LINE
  5
24F
330
17
100
AcDbEntity
  8
CUT
100
AcDbLine
 10
377.2972694444445
 20
285.89252500000026
 30
0.0
 11
374.2965416666668
 21
285.89252500000026
 31
0.0
  0
LINE
  5
250
330
17
100
AcDbEntity
  8
CUT
100
AcDbLine
 10
377.2972694444445
 20
295.89412777777807
 30
0.0
 11
377.2972694444445
 21
285.89252500000026
 31
0.0
  0
LINE
  5
251
330
17
100
AcDbEntity
  8
CUT
100
AcDbLine
 10
374.2965416666668
 20
285.89252500000026
 30
0.0
 11
374.2965416666668
 21
295.89412777777807
 31
0.0
  0
LINE
  5
252
330
17
100
AcDbEntity
  8
ENGRAVE
100
AcDbLine
 10
254.90419873592606
 20
314.12695008866405
 30
0.0
 11
254.90419873592606
 21
316.92690736405467
 31
0.0
  0
LINE
  5
253
330
17
100
AcDbEntity
  8
ENGRAVE
100
AcDbLine
 10
254.90419873592606
 20
316.92690736405467
 30
0.0
 11
253.50422009823075
 21
317.6268966829023
 31
0.0
  0
LINE
  5
254
330
17
100
AcDbEntity
  8
ENGRAVE
100
AcDbLine
 10
253.50422009823075
 20
317.6268966829023
 30
0.0
 11
249.3042841851448
 21
317.6268966829023
 31
0.0
  0
LINE
  5
255
330
17
100
AcDbEntity
  8
ENGRAVE
100
AcDbLine
 10
249.3042841851448
 20
317.6268966829023
 30
0.0
 11
247.9043055474495
 21
316.92690736405467
 31
0.0
  0
LINE
  5
256
330
17
100
AcDbEntity
  8
ENGRAVE
100
AcDbLine
 10
247.9043055474495
 20
316.92690736405467
 30
0.0
 11
247.9043055474495
 21
314.12695008866405
 31
0.0
  0
LINE
  5
257
330
17
100
AcDbEntity
  8
ENGRAVE
100
AcDbLine
 10
247.9043055474495
 20
314.12695008866405
 30
0.0
 11
249.3042841851448
 21
313.4269607698164
 31
0.0
  0
LINE
  5
258
330
17
100
AcDbEntity
  8
ENGRAVE
100
AcDbLine
 10
249.3042841851448
 20
313.4269607698164
 30
0.0
 11
253.50422009823075
 21
313.4269607698164
 31
0.0
  0
LINE
  5
259
330
17
100
AcDbEntity
  8
ENGRAVE
100
AcDbLine
 10
253.50422009823075
 20
313.4269607698164
 30
0.0
 11
254.90419873592606
 21
314.12695008866405
 31
0.0
  0
LINE
  5
25A
330
17
100
AcDbEntity
  8
ENGRAVE
100
AcDbLine
 10
247.9043055474495
 20
323.2268112336836
 30
0.0
 11
247.9043055474495
 21
319.7268646394453
 31
0.0
  0
LINE
  5
25B
330
17
100
AcDbEntity
  8
ENGRAVE
100
AcDbLine
 10
247.9043055474495
 20
319.7268646394453
 30
0.0
 11
250.70426282284012
 21
319.7268646394453
 31
0.0
  0
LINE
  5
25C
330
17
100
AcDbEntity
  8
ENGRAVE
100
AcDbLine
 10
250.70426282284012
 20
319.7268646394453
 30
0.0
 11
250.70426282284012
 21
322.5268219148359
 31
0.0
  0
LINE
  5
25D
330
17
100
AcDbEntity
  8
ENGRAVE
100
AcDbLine
 10
250.70426282284012
 20
322.5268219148359
 30
0.0
 11
251.40425214168778
 21
323.2268112336836
 31
0.0
  0
LINE
  5
25E
330
17
100
AcDbEntity
  8
ENGRAVE
100
AcDbLine
 10
251.40425214168778
 20
323.2268112336836
 30
0.0
 11
254.2042094170784
 21
323.2268112336836
 31
0.0
  0
LINE
  5
25F
330
17
100
AcDbEntity
  8
ENGRAVE
100
AcDbLine
 10
254.2042094170784
 20
323.2268112336836
 30
0.0
 11
254.90419873592606
 21
322.5268219148359
 31
0.0
  0
LINE
  5
260
330
17
100
AcDbEntity
  8
ENGRAVE
100
AcDbLine
 10
254.90419873592606
 20
322.5268219148359
 30
0.0
 11
254.90419873592606
 21
319.7268646394453
 31
0.0
  0
LINE
  5
261
330
17
100
AcDbEntity
  8
ENGRAVE
100
AcDbLine
 10
254.90419873592606
 20
319.7268646394453
 30
0.0
 11
254.2042094170784
 21
319.02687532059764
 31
0.0
  0
LINE
  5
262
330
17
100
AcDbEntity
  8
CUT
100
AcDbLine
 10
298.9132444444444
 20
394.0471138888892
 30
0.0
 11
298.9132444444444
 21
385.6679361111116
 31
0.0
  0
LINE
  5
263
330
17
100
AcDbEntity
  8
CUT
100
AcDbLine
 10
298.9132444444444
 20
419.7099333333337
 30
0.0
 11
298.9132444444444
 21
404.0490694444449
 31
0.0
  0
LINE
  5
264
330
17
100
AcDbEntity
  8
CUT
100
AcDbLine
 10
298.9132444444444
 20
439.7134916666671
 30
0.0
 11
298.9132444444444
 21
429.7115361111116
 31
0.0
  0
LINE
  5
265
330
17
100
AcDbEntity
  8
CUT
100
AcDbLine
 10
301.9139722222223
 20
385.6679361111116
 30
0.0
 11
301.9139722222223
 21
375.6659805555559
 31
0.0
  0
LINE
  5
266
330
17
100
AcDbEntity
  8
CUT
100
AcDbLine
 10
301.9139722222223
 20
429.7115361111116
 30
0.0
 11
301.9139722222223
 21
419.7099333333337
 31
0.0
  0
LINE
  5
267
330
17
100
AcDbEntity
  8
CUT
100
AcDbLine
 10
301.9139722222223
 20
404.0490694444449
 30
0.0
 11
301.9139722222223
 21
394.0471138888892
 31
0.0
  0
LINE
  5
268
330
17
100
AcDbEntity
  8
CUT
100
AcDbLine
 10
192.8590722222222
 20
365.6643777777781
 30
0.0
 11
192.8590722222222
 21
439.7134916666671
 31
0.0
  0
LINE
  5
269
330
17
100
AcDbEntity
  8
CUT
100
AcDbLine
 10
201.8609027777777
 20
365.6643777777781
 30
0.0
 11
201.8609027777777
 21
400.777055555556
 31
0.0
  0
LINE
  5
26A
330
17
100
AcDbEntity
  8
CUT
100
AcDbLine
 10
298.9132444444444
 20
375.6659805555559
 30
0.0
 11
298.9132444444444
 21
365.6643777777781
 31
0.0
  0
LINE
  5
26B
330
17
100
AcDbEntity
  8
CUT
100
AcDbLine
 10
198.8605277777778
 20
400.777055555556
 30
0.0
 11
198.8605277777778
 21
365.6643777777781
 31
0.0
  0
LINE
  5
26C
330
17
100
AcDbEntity
  8
CUT
100
AcDbLine
 10
201.8609027777777
 20
400.777055555556
 30
0.0
 11
198.8605277777778
 21
400.777055555556
 31
0.0
  0
LINE
  5
26D
330
17
100
AcDbEntity
  8
CUT
100
AcDbLine
 10
298.9132444444444
 20
365.6643777777781
 30
0.0
 11
201.8609027777777
 21
365.6643777777781
 31
0.0
  0
LINE
  5
26E
330
17
100
AcDbEntity
  8
CUT
100
AcDbLine
 10
198.8605277777778
 20
365.6643777777781
 30
0.0
 11
192.8590722222222
 21
365.6643777777781
 31
0.0
  0
LINE
  5
26F
330
17
100
AcDbEntity
  8
CUT
100
AcDbLine
 10
298.9132444444444
 20
404.0490694444449
 30
0.0
 11
301.9139722222223
 21
404.0490694444449
 31
0.0
  0
LINE
  5
270
330
17
100
AcDbEntity
  8
CUT
100
AcDbLine
 10
301.9139722222223
 20
394.0471138888892
 30
0.0
 11
298.9132444444444
 21
394.0471138888892
 31
0.0
  0
LINE
  5
271
330
17
100
AcDbEntity
  8
CUT
100
AcDbLine
 10
298.9132444444444
 20
429.7115361111116
 30
0.0
 11
301.9139722222223
 21
429.7115361111116
 31
0.0
  0
LINE
  5
272
330
17
100
AcDbEntity
  8
CUT
100
AcDbLine
 10
301.9139722222223
 20
419.7099333333337
 30
0.0
 11
298.9132444444444
 21
419.7099333333337
 31
0.0
  0
LINE
  5
273
330
17
100
AcDbEntity
  8
CUT
100
AcDbLine
 10
298.9132444444444
 20
385.6679361111116
 30
0.0
 11
301.9139722222223
 21
385.6679361111116
 31
0.0
  0
LINE
  5
274
330
17
100
AcDbEntity
  8
CUT
100
AcDbLine
 10
301.9139722222223
 20
375.6659805555559
 30
0.0
 11
298.9132444444444
 21
375.6659805555559
 31
0.0
  0
LINE
  5
275
330
17
100
AcDbEntity
  8
CUT
100
AcDbLine
 10
192.8590722222222
 20
439.7134916666671
 30
0.0
 11
298.9132444444443
 21
439.7134916666671
 31
0.0
  0
LINE
  5
276
330
17
100
AcDbEntity
  8
CUT
100
AcDbLine
 10
243.3528611111111
 20
382.7374111111115
 30
0.0
 11
244.54948333333328
 21
385.48872500000044
 31
0.0
  0
LINE
  5
277
330
17
100
AcDbEntity
  8
CUT
100
AcDbLine
 10
236.01508333333328
 20
385.927580555556
 30
0.0
 11
243.3528611111111
 21
382.7374111111115
 31
0.0
  0
LINE
  5
278
330
17
100
AcDbEntity
  8
CUT
100
AcDbLine
 10
244.54948333333328
 20
385.48872500000044
 30
0.0
 11
237.21135277777768
 21
388.67924722222284
 31
0.0
  0
LINE
  5
279
330
17
100
AcDbEntity
  8
CUT
100
AcDbLine
 10
237.21135277777768
 20
388.67924722222284
 30
0.0
 11
236.01508333333328
 21
385.927580555556
 31
0.0
  0
LINE
  5
27A
330
17
100
AcDbEntity
  8
CUT
100
AcDbLine
 10
216.5368111111111
 20
394.3963638888892
 30
0.0
 11
217.73343333333327
 21
397.14803055555603
 31
0.0
  0
LINE
  5
27B
330
17
100
AcDbEntity
  8
CUT
100
AcDbLine
 10
217.73343333333327
 20
397.14803055555603
 30
0.0
 11
210.39530277777772
 21
400.3385527777781
 31
0.0
  0
LINE
  5
27C
330
17
100
AcDbEntity
  8
CUT
100
AcDbLine
 10
210.39530277777772
 20
400.3385527777781
 30
0.0
 11
209.19903333333326
 21
397.5868861111116
 31
0.0
  0
LINE
  5
27D
330
17
100
AcDbEntity
  8
CUT
100
AcDbLine
 10
209.19903333333326
 20
397.5868861111116
 30
0.0
 11
216.5368111111111
 21
394.3963638888892
 31
0.0
  0
LINE
  5
27E
330
17
100
AcDbEntity
  8
CUT
100
AcDbLine
 10
288.01029444444447
 20
394.73220833333374
 30
0.0
 11
295.34842499999985
 21
397.92273055555603
 31
0.0
  0
LINE
  5
27F
330
17
100
AcDbEntity
  8
CUT
100
AcDbLine
 10
294.15180277777773
 20
400.6743972222227
 30
0.0
 11
286.81402499999996
 21
397.4838750000004
 31
0.0
  0
LINE
  5
280
330
17
100
AcDbEntity
  8
CUT
100
AcDbLine
 10
286.81402499999996
 20
397.4838750000004
 30
0.0
 11
288.01029444444447
 21
394.73220833333374
 31
0.0
  0
LINE
  5
281
330
17
100
AcDbEntity
  8
CUT
100
AcDbLine
 10
295.34842499999985
 20
397.92273055555603
 30
0.0
 11
294.15180277777773
 21
400.6743972222227
 31
0.0
  0
LINE
  5
282
330
17
100
AcDbEntity
  8
CUT
100
AcDbLine
 10
267.7597916666665
 20
385.927580555556
 30
0.0
 11
266.56316944444427
 21
388.67924722222284
 31
0.0
  0
LINE
  5
283
330
17
100
AcDbEntity
  8
CUT
100
AcDbLine
 10
260.42166111111106
 20
382.7374111111115
 30
0.0
 11
267.7597916666665
 21
385.927580555556
 31
0.0
  0
LINE
  5
284
330
17
100
AcDbEntity
  8
CUT
100
AcDbLine
 10
259.2253916666666
 20
385.48872500000044
 30
0.0
 11
260.42166111111106
 21
382.7374111111115
 31
0.0
  0
LINE
  5
285
330
17
100
AcDbEntity
  8
CUT
100
AcDbLine
 10
266.56316944444427
 20
388.67924722222284
 30
0.0
 11
259.2253916666666
 21
385.48872500000044
 31
0.0
  0
LINE
  5
286
330
17
100
AcDbEntity
  8
CUT
100
AcDbLine
 10
260.869336111111
 20
377.8450888888892
 30
0.0
 11
260.869336111111
 21
371.8775000000005
 31
0.0
  0
LINE
  5
287
330
17
100
AcDbEntity
  8
CUT
100
AcDbLine
 10
294.91239166666657
 20
371.8775000000005
 30
0.0
 11
294.91239166666657
 21
377.8450888888892
 31
0.0
  0
LINE
  5
288
330
17
100
AcDbEntity
  8
CUT
100
AcDbLine
 10
279.3912277777777
 20
368.8767722222227
 30
0.0
 11
279.3912277777777
 21
371.8775000000005
 31
0.0
  0
LINE
  5
289
330
17
100
AcDbEntity
  8
CUT
100
AcDbLine
 10
276.3905
 20
380.84546388888924
 30
0.0
 11
276.3905
 21
377.8450888888892
 31
0.0
  0
LINE
  5
28A
330
17
100
AcDbEntity
  8
CUT
100
AcDbLine
 10
276.3905
 20
371.8775000000005
 30
0.0
 11
276.3905
 21
368.8767722222227
 31
0.0
  0
LINE
  5
28B
330
17
100
AcDbEntity
  8
CUT
100
AcDbLine
 10
279.3912277777777
 20
377.8450888888892
 30
0.0
 11
279.3912277777777
 21
380.84546388888924
 31
0.0
  0
LINE
  5
28C
330
17
100
AcDbEntity
  8
CUT
100
AcDbLine
 10
279.3912277777777
 20
371.8775000000005
 30
0.0
 11
294.91239166666657
 21
371.8775000000005
 31
0.0
  0
LINE
  5
28D
330
17
100
AcDbEntity
  8
CUT
100
AcDbLine
 10
260.869336111111
 20
371.8775000000005
 30
0.0
 11
276.3905
 21
371.8775000000005
 31
0.0
  0
LINE
  5
28E
330
17
100
AcDbEntity
  8
CUT
100
AcDbLine
 10
294.91239166666657
 20
377.8450888888892
 30
0.0
 11
279.3912277777777
 21
377.8450888888892
 31
0.0
  0
LINE
  5
28F
330
17
100
AcDbEntity
  8
CUT
100
AcDbLine
 10
276.3905
 20
377.8450888888892
 30
0.0
 11
260.869336111111
 21
377.8450888888892
 31
0.0
  0
LINE
  5
290
330
17
100
AcDbEntity
  8
CUT
100
AcDbLine
 10
276.3905
 20
368.8767722222227
 30
0.0
 11
279.3912277777777
 21
368.8767722222227
 31
0.0
  0
LINE
  5
291
330
17
100
AcDbEntity
  8
CUT
100
AcDbLine
 10
279.3912277777777
 20
380.84546388888924
 30
0.0
 11
276.3905
 21
380.84546388888924
 31
0.0
  0
CIRCLE
  5
292
330
17
100
AcDbEntity
  8
CUT
100
AcDbCircle
 10
250.4986558430199
 20
409.02998242266
 30
0.0
 40
18.02775637731996
  0
CIRCLE
  5
293
330
17
100
AcDbEntity
  8
CUT
100
AcDbCircle
 10
220.4986558430199
 20
419.02998242266
 30
0.0
 40
2.500000000000006
  0
CIRCLE
  5
294
330
17
100
AcDbEntity
  8
CUT
100
AcDbCircle
 10
280.4986558430199
 20
419.02998242266
 30
0.0
 40
2.49999999999999
  0
LINE
  5
295
330
17
100
AcDbEntity
  8
ENGRAVE
100
AcDbLine
 10
217.18714850136217
 20
376.92901039105965
 30
0.0
 11
219.9871057767528
 21
376.92901039105965
 31
0.0
  0
LINE
  5
296
330
17
100
AcDbEntity
  8
ENGRAVE
100
AcDbLine
 10
219.9871057767528
 20
376.92901039105965
 30
0.0
 11
220.68709509560045
 21
378.32898902875496
 31
0.0
  0
LINE
  5
297
330
17
100
AcDbEntity
  8
ENGRAVE
100
AcDbLine
 10
220.68709509560045
 20
378.32898902875496
 30
0.0
 11
220.68709509560045
 21
382.5289249418409
 31
0.0
  0
LINE
  5
298
330
17
100
AcDbEntity
  8
ENGRAVE
100
AcDbLine
 10
220.68709509560045
 20
382.5289249418409
 30
0.0
 11
219.9871057767528
 21
383.9289035795362
 31
0.0
  0
LINE
  5
299
330
17
100
AcDbEntity
  8
ENGRAVE
100
AcDbLine
 10
219.9871057767528
 20
383.9289035795362
 30
0.0
 11
217.18714850136217
 21
383.9289035795362
 31
0.0
  0
LINE
  5
29A
330
17
100
AcDbEntity
  8
ENGRAVE
100
AcDbLine
 10
217.18714850136217
 20
383.9289035795362
 30
0.0
 11
216.48715918251452
 21
382.5289249418409
 31
0.0
  0
LINE
  5
29B
330
17
100
AcDbEntity
  8
ENGRAVE
100
AcDbLine
 10
216.48715918251452
 20
382.5289249418409
 30
0.0
 11
216.48715918251452
 21
378.32898902875496
 31
0.0
  0
LINE
  5
29C
330
17
100
AcDbEntity
  8
ENGRAVE
100
AcDbLine
 10
216.48715918251452
 20
378.32898902875496
 30
0.0
 11
217.18714850136217
 21
376.92901039105965
 31
0.0
  0
LINE
  5
29D
330
17
100
AcDbEntity
  8
ENGRAVE
100
AcDbLine
 10
223.48705237099108
 20
380.42895698529793
 30
0.0
 11
222.78706305214342
 21
380.9889484403761
 31
0.0
  0
LINE
  5
29E
330
17
100
AcDbEntity
  8
ENGRAVE
100
AcDbLine
 10
222.78706305214342
 20
380.9889484403761
 30
0.0
 11
222.78706305214342
 21
383.22891426068855
 31
0.0
  0
LINE
  5
29F
330
17
100
AcDbEntity
  8
ENGRAVE
100
AcDbLine
 10
222.78706305214342
 20
383.22891426068855
 30
0.0
 11
223.48705237099108
 21
383.9289035795362
 31
0.0
  0
LINE
  5
2A0
330
17
100
AcDbEntity
  8
ENGRAVE
100
AcDbLine
 10
223.48705237099108
 20
383.9289035795362
 30
0.0
 11
224.8870310086864
 21
383.9289035795362
 31
0.0
  0
LINE
  5
2A1
330
17
100
AcDbEntity
  8
ENGRAVE
100
AcDbLine
 10
224.8870310086864
 20
383.9289035795362
 30
0.0
 11
225.58702032753405
 21
383.22891426068855
 31
0.0
  0
LINE
  5
2A2
330
17
100
AcDbEntity
  8
ENGRAVE
100
AcDbLine
 10
225.58702032753405
 20
383.22891426068855
 30
0.0
 11
225.58702032753405
 21
380.9889484403761
 31
0.0
  0
LINE
  5
2A3
330
17
100
AcDbEntity
  8
ENGRAVE
100
AcDbLine
 10
225.58702032753405
 20
380.9889484403761
 30
0.0
 11
224.8870310086864
 21
380.42895698529793
 31
0.0
  0
LINE
  5
2A4
330
17
100
AcDbEntity
  8
ENGRAVE
100
AcDbLine
 10
224.8870310086864
 20
380.42895698529793
 30
0.0
 11
223.48705237099108
 21
380.42895698529793
 31
0.0
  0
LINE
  5
2A5
330
17
100
AcDbEntity
  8
ENGRAVE
100
AcDbLine
 10
223.48705237099108
 20
380.42895698529793
 30
0.0
 11
222.57706625648913
 21
379.7289676664503
 31
0.0
  0
LINE
  5
2A6
330
17
100
AcDbEntity
  8
ENGRAVE
100
AcDbLine
 10
222.57706625648913
 20
379.7289676664503
 30
0.0
 11
222.57706625648913
 21
377.6289997099073
 31
0.0
  0
LINE
  5
2A7
330
17
100
AcDbEntity
  8
ENGRAVE
100
AcDbLine
 10
222.57706625648913
 20
377.6289997099073
 30
0.0
 11
223.48705237099108
 21
376.92901039105965
 31
0.0
  0
LINE
  5
2A8
330
17
100
AcDbEntity
  8
ENGRAVE
100
AcDbLine
 10
223.48705237099108
 20
376.92901039105965
 30
0.0
 11
224.8870310086864
 21
376.92901039105965
 31
0.0
  0
LINE
  5
2A9
330
17
100
AcDbEntity
  8
ENGRAVE
100
AcDbLine
 10
224.8870310086864
 20
376.92901039105965
 30
0.0
 11
225.79701712318834
 21
377.6289997099073
 31
0.0
  0
LINE
  5
2AA
330
17
100
AcDbEntity
  8
ENGRAVE
100
AcDbLine
 10
225.79701712318834
 20
377.6289997099073
 30
0.0
 11
225.79701712318834
 21
379.7289676664503
 31
0.0
  0
LINE
  5
2AB
330
17
100
AcDbEntity
  8
ENGRAVE
100
AcDbLine
 10
225.79701712318834
 20
379.7289676664503
 30
0.0
 11
224.8870310086864
 21
380.42895698529793
 31
0.0
  0
LINE
  5
2AC
330
17
100
AcDbEntity
  8
CUT
100
AcDbLine
 10
410.9681444444445
 20
394.0471138888892
 30
0.0
 11
410.9681444444445
 21
385.6679361111116
 31
0.0
  0
LINE
  5
2AD
330
17
100
AcDbEntity
  8
CUT
100
AcDbLine
 10
410.9681444444445
 20
419.7099333333337
 30
0.0
 11
410.9681444444445
 21
404.0490694444449
 31
0.0
  0
LINE
  5
2AE
330
17
100
AcDbEntity
  8
CUT
100
AcDbLine
 10
410.9681444444445
 20
439.7134916666671
 30
0.0
 11
410.9681444444445
 21
429.7115361111116
 31
0.0
  0
LINE
  5
2AF
330
17
100
AcDbEntity
  8
CUT
100
AcDbLine
 10
413.9688722222224
 20
385.6679361111116
 30
0.0
 11
413.9688722222224
 21
375.6659805555559
 31
0.0
  0
LINE
  5
2B0
330
17
100
AcDbEntity
  8
CUT
100
AcDbLine
 10
413.9688722222224
 20
429.7115361111116
 30
0.0
 11
413.9688722222224
 21
419.7099333333337
 31
0.0
  0
LINE
  5
2B1
330
17
100
AcDbEntity
  8
CUT
100
AcDbLine
 10
413.9688722222224
 20
404.0490694444449
 30
0.0
 11
413.9688722222224
 21
394.0471138888892
 31
0.0
  0
LINE
  5
2B2
330
17
100
AcDbEntity
  8
CUT
100
AcDbLine
 10
304.9139722222223
 20
365.6643777777781
 30
0.0
 11
304.9139722222223
 21
439.7134916666671
 31
0.0
  0
LINE
  5
2B3
330
17
100
AcDbEntity
  8
CUT
100
AcDbLine
 10
313.9158027777778
 20
365.6643777777781
 30
0.0
 11
313.9158027777778
 21
400.777055555556
 31
0.0
  0
LINE
  5
2B4
330
17
100
AcDbEntity
  8
CUT
100
AcDbLine
 10
410.9681444444445
 20
375.6659805555559
 30
0.0
 11
410.9681444444445
 21
365.6643777777781
 31
0.0
  0
LINE
  5
2B5
330
17
100
AcDbEntity
  8
CUT
100
AcDbLine
 10
310.9154277777779
 20
400.777055555556
 30
0.0
 11
310.9154277777779
 21
365.6643777777781
 31
0.0
  0
LINE
  5
2B6
330
17
100
AcDbEntity
  8
CUT
100
AcDbLine
 10
313.9158027777778
 20
400.777055555556
 30
0.0
 11
310.9154277777779
 21
400.777055555556
 31
0.0
  0
LINE
  5
2B7
330
17
100
AcDbEntity
  8
CUT
100
AcDbLine
 10
410.9681444444445
 20
365.6643777777781
 30
0.0
 11
313.9158027777778
 21
365.6643777777781
 31
0.0
  0
LINE
  5
2B8
330
17
100
AcDbEntity
  8
CUT
100
AcDbLine
 10
310.9154277777779
 20
365.6643777777781
 30
0.0
 11
304.9139722222223
 21
365.6643777777781
 31
0.0
  0
LINE
  5
2B9
330
17
100
AcDbEntity
  8
CUT
100
AcDbLine
 10
410.9681444444445
 20
404.0490694444449
 30
0.0
 11
413.9688722222224
 21
404.0490694444449
 31
0.0
  0
LINE
  5
2BA
330
17
100
AcDbEntity
  8
CUT
100
AcDbLine
 10
413.9688722222224
 20
394.0471138888892
 30
0.0
 11
410.9681444444445
 21
394.0471138888892
 31
0.0
  0
LINE
  5
2BB
330
17
100
AcDbEntity
  8
CUT
100
AcDbLine
 10
410.9681444444445
 20
429.7115361111116
 30
0.0
 11
413.9688722222224
 21
429.7115361111116
 31
0.0
  0
LINE
  5
2BC
330
17
100
AcDbEntity
  8
CUT
100
AcDbLine
 10
413.9688722222224
 20
419.7099333333337
 30
0.0
 11
410.9681444444445
 21
419.7099333333337
 31
0.0
  0
LINE
  5
2BD
330
17
100
AcDbEntity
  8
CUT
100
AcDbLine
 10
410.9681444444445
 20
385.6679361111116
 30
0.0
 11
413.9688722222224
 21
385.6679361111116
 31
0.0
  0
LINE
  5
2BE
330
17
100
AcDbEntity
  8
CUT
100
AcDbLine
 10
413.9688722222224
 20
375.6659805555559
 30
0.0
 11
410.9681444444445
 21
375.6659805555559
 31
0.0
  0
LINE
  5
2BF
330
17
100
AcDbEntity
  8
CUT
100
AcDbLine
 10
304.9139722222223
 20
439.7134916666671
 30
0.0
 11
410.96814444444436
 21
439.7134916666671
 31
0.0
  0
LINE
  5
2C0
330
17
100
AcDbEntity
  8
CUT
100
AcDbLine
 10
355.4077611111112
 20
382.7374111111115
 30
0.0
 11
356.6043833333334
 21
385.48872500000044
 31
0.0
  0
LINE
  5
2C1
330
17
100
AcDbEntity
  8
CUT
100
AcDbLine
 10
348.06998333333337
 20
385.927580555556
 30
0.0
 11
355.4077611111112
 21
382.7374111111115
 31
0.0
  0
LINE
  5
2C2
330
17
100
AcDbEntity
  8
CUT
100
AcDbLine
 10
356.6043833333334
 20
385.48872500000044
 30
0.0
 11
349.26625277777777
 21
388.67924722222284
 31
0.0
  0
LINE
  5
2C3
330
17
100
AcDbEntity
  8
CUT
100
AcDbLine
 10
349.26625277777777
 20
388.67924722222284
 30
0.0
 11
348.06998333333337
 21
385.927580555556
 31
0.0
  0
LINE
  5
2C4
330
17
100
AcDbEntity
  8
CUT
100
AcDbLine
 10
328.5917111111112
 20
394.3963638888892
 30
0.0
 11
329.78833333333336
 21
397.14803055555603
 31
0.0
  0
LINE
  5
2C5
330
17
100
AcDbEntity
  8
CUT
100
AcDbLine
 10
329.78833333333336
 20
397.14803055555603
 30
0.0
 11
322.4502027777778
 21
400.3385527777781
 31
0.0
  0
LINE
  5
2C6
330
17
100
AcDbEntity
  8
CUT
100
AcDbLine
 10
322.4502027777778
 20
400.3385527777781
 30
0.0
 11
321.25393333333335
 21
397.5868861111116
 31
0.0
  0
LINE
  5
2C7
330
17
100
AcDbEntity
  8
CUT
100
AcDbLine
 10
321.25393333333335
 20
397.5868861111116
 30
0.0
 11
328.5917111111112
 21
394.3963638888892
 31
0.0
  0
LINE
  5
2C8
330
17
100
AcDbEntity
  8
CUT
100
AcDbLine
 10
400.06519444444456
 20
394.73220833333374
 30
0.0
 11
407.40332499999994
 21
397.92273055555603
 31
0.0
  0
LINE
  5
2C9
330
17
100
AcDbEntity
  8
CUT
100
AcDbLine
 10
406.2067027777778
 20
400.6743972222227
 30
0.0
 11
398.86892500000005
 21
397.4838750000004
 31
0.0
  0
LINE
  5
2CA
330
17
100
AcDbEntity
  8
CUT
100
AcDbLine
 10
398.86892500000005
 20
397.4838750000004
 30
0.0
 11
400.06519444444456
 21
394.73220833333374
 31
0.0
  0
LINE
  5
2CB
330
17
100
AcDbEntity
  8
CUT
100
AcDbLine
 10
407.40332499999994
 20
397.92273055555603
 30
0.0
 11
406.2067027777778
 21
400.6743972222227
 31
0.0
  0
LINE
  5
2CC
330
17
100
AcDbEntity
  8
CUT
100
AcDbLine
 10
379.8146916666666
 20
385.927580555556
 30
0.0
 11
378.61806944444436
 21
388.67924722222284
 31
0.0
  0
LINE
  5
2CD
330
17
100
AcDbEntity
  8
CUT
100
AcDbLine
 10
372.47656111111115
 20
382.7374111111115
 30
0.0
 11
379.8146916666666
 21
385.927580555556
 31
0.0
  0
LINE
  5
2CE
330
17
100
AcDbEntity
  8
CUT
100
AcDbLine
 10
371.2802916666667
 20
385.48872500000044
 30
0.0
 11
372.47656111111115
 21
382.7374111111115
 31
0.0
  0
LINE
  5
2CF
330
17
100
AcDbEntity
  8
CUT
100
AcDbLine
 10
378.61806944444436
 20
388.67924722222284
 30
0.0
 11
371.2802916666667
 21
385.48872500000044
 31
0.0
  0
LINE
  5
2D0
330
17
100
AcDbEntity
  8
CUT
100
AcDbLine
 10
372.9242361111111
 20
377.8450888888892
 30
0.0
 11
372.9242361111111
 21
371.8775000000005
 31
0.0
  0
LINE
  5
2D1
330
17
100
AcDbEntity
  8
CUT
100
AcDbLine
 10
406.96729166666665
 20
371.8775000000005
 30
0.0
 11
406.96729166666665
 21
377.8450888888892
 31
0.0
  0
LINE
  5
2D2
330
17
100
AcDbEntity
  8
CUT
100
AcDbLine
 10
391.4461277777778
 20
368.8767722222227
 30
0.0
 11
391.4461277777778
 21
371.8775000000005
 31
0.0
  0
LINE
  5
2D3
330
17
100
AcDbEntity
  8
CUT
100
AcDbLine
 10
388.44540000000006
 20
380.84546388888924
 30
0.0
 11
388.44540000000006
 21
377.8450888888892
 31
0.0
  0
LINE
  5
2D4
330
17
100
AcDbEntity
  8
CUT
100
AcDbLine
 10
388.44540000000006
 20
371.8775000000005
 30
0.0
 11
388.44540000000006
 21
368.8767722222227
 31
0.0
  0
LINE
  5
2D5
330
17
100
AcDbEntity
  8
CUT
100
AcDbLine
 10
391.4461277777778
 20
377.8450888888892
 30
0.0
 11
391.4461277777778
 21
380.84546388888924
 31
0.0
  0
LINE
  5
2D6
330
17
100
AcDbEntity
  8
CUT
100
AcDbLine
 10
391.4461277777778
 20
371.8775000000005
 30
0.0
 11
406.96729166666665
 21
371.8775000000005
 31
0.0
  0
LINE
  5
2D7
330
17
100
AcDbEntity
  8
CUT
100
AcDbLine
 10
372.9242361111111
 20
371.8775000000005
 30
0.0
 11
388.44540000000006
 21
371.8775000000005
 31
0.0
  0
LINE
  5
2D8
330
17
100
AcDbEntity
  8
CUT
100
AcDbLine
 10
406.96729166666665
 20
377.8450888888892
 30
0.0
 11
391.4461277777778
 21
377.8450888888892
 31
0.0
  0
LINE
  5
2D9
330
17
100
AcDbEntity
  8
CUT
100
AcDbLine
 10
388.44540000000006
 20
377.8450888888892
 30
0.0
 11
372.9242361111111
 21
377.8450888888892
 31
0.0
  0
LINE
  5
2DA
330
17
100
AcDbEntity
  8
CUT
100
AcDbLine
 10
388.44540000000006
 20
368.8767722222227
 30
0.0
 11
391.4461277777778
 21
368.8767722222227
 31
0.0
  0
LINE
  5
2DB
330
17
100
AcDbEntity
  8
CUT
100
AcDbLine
 10
391.4461277777778
 20
380.84546388888924
 30
0.0
 11
388.44540000000006
 21
380.84546388888924
 31
0.0
  0
CIRCLE
  5
2DC
330
17
100
AcDbEntity
  8
CUT
100
AcDbCircle
 10
362.55355584302
 20
409.02998242266
 30
0.0
 40
18.02775637731996
  0
CIRCLE
  5
2DD
330
17
100
AcDbEntity
  8
CUT
100
AcDbCircle
 10
332.55355584302
 20
419.02998242266
 30
0.0
 40
2.500000000000006
  0
CIRCLE
  5
2DE
330
17
100
AcDbEntity
  8
CUT
100
AcDbCircle
 10
392.55355584302
 20
419.02998242266
 30
0.0
 40
2.49999999999999
  0
LINE
  5
2DF
330
17
100
AcDbEntity
  8
ENGRAVE
100
AcDbLine
 10
329.24204850136226
 20
376.92901039105965
 30
0.0
 11
332.0420057767529
 21
376.92901039105965
 31
0.0
  0
LINE
  5
2E0
330
17
100
AcDbEntity
  8
ENGRAVE
100
AcDbLine
 10
332.0420057767529
 20
376.92901039105965
 30
0.0
 11
332.74199509560054
 21
378.32898902875496
 31
0.0
  0
LINE
  5
2E1
330
17
100
AcDbEntity
  8
ENGRAVE
100
AcDbLine
 10
332.74199509560054
 20
378.32898902875496
 30
0.0
 11
332.74199509560054
 21
382.5289249418409
 31
0.0
  0
LINE
  5
2E2
330
17
100
AcDbEntity
  8
ENGRAVE
100
AcDbLine
 10
332.74199509560054
 20
382.5289249418409
 30
0.0
 11
332.0420057767529
 21
383.9289035795362
 31
0.0
  0
LINE
  5
2E3
330
17
100
AcDbEntity
  8
ENGRAVE
100
AcDbLine
 10
332.0420057767529
 20
383.9289035795362
 30
0.0
 11
329.24204850136226
 21
383.9289035795362
 31
0.0
  0
LINE
  5
2E4
330
17
100
AcDbEntity
  8
ENGRAVE
100
AcDbLine
 10
329.24204850136226
 20
383.9289035795362
 30
0.0
 11
328.5420591825146
 21
382.5289249418409
 31
0.0
  0
LINE
  5
2E5
330
17
100
AcDbEntity
  8
ENGRAVE
100
AcDbLine
 10
328.5420591825146
 20
382.5289249418409
 30
0.0
 11
328.5420591825146
 21
378.32898902875496
 31
0.0
  0
LINE
  5
2E6
330
17
100
AcDbEntity
  8
ENGRAVE
100
AcDbLine
 10
328.5420591825146
 20
378.32898902875496
 30
0.0
 11
329.24204850136226
 21
376.92901039105965
 31
0.0
  0
LINE
  5
2E7
330
17
100
AcDbEntity
  8
ENGRAVE
100
AcDbLine
 10
335.54195237099117
 20
380.42895698529793
 30
0.0
 11
334.8419630521435
 21
380.9889484403761
 31
0.0
  0
LINE
  5
2E8
330
17
100
AcDbEntity
  8
ENGRAVE
100
AcDbLine
 10
334.8419630521435
 20
380.9889484403761
 30
0.0
 11
334.8419630521435
 21
383.22891426068855
 31
0.0
  0
LINE
  5
2E9
330
17
100
AcDbEntity
  8
ENGRAVE
100
AcDbLine
 10
334.8419630521435
 20
383.22891426068855
 30
0.0
 11
335.54195237099117
 21
383.9289035795362
 31
0.0
  0
LINE
  5
2EA
330
17
100
AcDbEntity
  8
ENGRAVE
100
AcDbLine
 10
335.54195237099117
 20
383.9289035795362
 30
0.0
 11
336.9419310086865
 21
383.9289035795362
 31
0.0
  0
LINE
  5
2EB
330
17
100
AcDbEntity
  8
ENGRAVE
100
AcDbLine
 10
336.9419310086865
 20
383.9289035795362
 30
0.0
 11
337.64192032753414
 21
383.22891426068855
 31
0.0
  0
LINE
  5
2EC
330
17
100
AcDbEntity
  8
ENGRAVE
100
AcDbLine
 10
337.64192032753414
 20
383.22891426068855
 30
0.0
 11
337.64192032753414
 21
380.9889484403761
 31
0.0
  0
LINE
  5
2ED
330
17
100
AcDbEntity
  8
ENGRAVE
100
AcDbLine
 10
337.64192032753414
 20
380.9889484403761
 30
0.0
 11
336.9419310086865
 21
380.42895698529793
 31
0.0
  0
LINE
  5
2EE
330
17
100
AcDbEntity
  8
ENGRAVE
100
AcDbLine
 10
336.9419310086865
 20
380.42895698529793
 30
0.0
 11
335.54195237099117
 21
380.42895698529793
 31
0.0
  0
LINE
  5
2EF
330
17
100
AcDbEntity
  8
ENGRAVE
100
AcDbLine
 10
335.54195237099117
 20
380.42895698529793
 30
0.0
 11
334.6319662564892
 21
379.7289676664503
 31
0.0
  0
LINE
  5
2F0
330
17
100
AcDbEntity
  8
ENGRAVE
100
AcDbLine
 10
334.6319662564892
 20
379.7289676664503
 30
0.0
 11
334.6319662564892
 21
377.6289997099073
 31
0.0
  0
LINE
  5
2F1
330
17
100
AcDbEntity
  8
ENGRAVE
100
AcDbLine
 10
334.6319662564892
 20
377.6289997099073
 30
0.0
 11
335.54195237099117
 21
376.92901039105965
 31
0.0
  0
LINE
  5
2F2
330
17
100
AcDbEntity
  8
ENGRAVE
100
AcDbLine
 10
335.54195237099117
 20
376.92901039105965
 30
0.0
 11
336.9419310086865
 21
376.92901039105965
 31
0.0
  0
LINE
  5
2F3
330
17
100
AcDbEntity
  8
ENGRAVE
100
AcDbLine
 10
336.9419310086865
 20
376.92901039105965
 30
0.0
 11
337.85191712318846
 21
377.6289997099073
 31
0.0
  0
LINE
  5
2F4
330
17
100
AcDbEntity
  8
ENGRAVE
100
AcDbLine
 10
337.85191712318846
 20
377.6289997099073
 30
0.0
 11
337.85191712318846
 21
379.7289676664503
 31
0.0
  0
LINE
  5
2F5
330
17
100
AcDbEntity
  8
ENGRAVE
100
AcDbLine
 10
337.85191712318846
 20
379.7289676664503
 30
0.0
 11
336.9419310086865
 21
380.42895698529793
 31
0.0
  0
LINE
  5
2F6
330
17
100
AcDbEntity
  8
CUT
100
AcDbLine
 10
439.6906055555555
 20
43.742750000000086
 30
0.0
 11
439.6906055555555
 21
22.50305833333343
 31
0.0
  0
LINE
  5
2F7
330
17
100
AcDbEntity
  8
CUT
100
AcDbLine
 10
418.9271638888888
 20
67.34711111111113
 30
0.0
 11
418.9271638888888
 21
59.745808333333386
 31
0.0
  0
LINE
  5
2F8
330
17
100
AcDbEntity
  8
CUT
100
AcDbLine
 10
442.6909805555556
 20
51.74410277777779
 30
0.0
 11
442.6909805555556
 21
43.742750000000086
 31
0.0
  0
LINE
  5
2F9
330
17
100
AcDbEntity
  8
CUT
100
AcDbLine
 10
439.6906055555555
 20
59.745808333333386
 30
0.0
 11
439.6906055555555
 21
51.74410277777779
 31
0.0
  0
LINE
  5
2FA
330
17
100
AcDbEntity
  8
CUT
100
AcDbLine
 10
442.6909805555556
 20
22.50305833333343
 30
0.0
 11
442.6909805555556
 21
14.50135277777772
 31
0.0
  0
LINE
  5
2FB
330
17
100
AcDbEntity
  8
CUT
100
AcDbLine
 10
379.2181444444444
 20
6.5
 30
0.0
 11
379.2181444444444
 21
67.34711111111113
 31
0.0
  0
LINE
  5
2FC
330
17
100
AcDbEntity
  8
CUT
100
AcDbLine
 10
439.6906055555555
 20
14.50135277777772
 30
0.0
 11
439.6906055555555
 21
6.5
 31
0.0
  0
LINE
  5
2FD
330
17
100
AcDbEntity
  8
CUT
100
AcDbLine
 10
439.6906055555555
 20
6.5
 30
0.0
 11
379.2181444444444
 21
6.5
 31
0.0
  0
LINE
  5
2FE
330
17
100
AcDbEntity
  8
CUT
100
AcDbLine
 10
418.9271638888888
 20
59.745808333333386
 30
0.0
 11
439.6906055555555
 21
59.745808333333386
 31
0.0
  0
LINE
  5
2FF
330
17
100
AcDbEntity
  8
CUT
100
AcDbLine
 10
379.2181444444444
 20
67.34711111111113
 30
0.0
 11
418.9271638888888
 21
67.34711111111113
 31
0.0
  0
LINE
  5
300
330
17
100
AcDbEntity
  8
CUT
100
AcDbLine
 10
439.6906055555555
 20
22.50305833333343
 30
0.0
 11
442.6909805555556
 21
22.50305833333343
 31
0.0
  0
LINE
  5
301
330
17
100
AcDbEntity
  8
CUT
100
AcDbLine
 10
442.6909805555556
 20
14.50135277777772
 30
0.0
 11
439.6906055555555
 21
14.50135277777772
 31
0.0
  0
LINE
  5
302
330
17
100
AcDbEntity
  8
CUT
100
AcDbLine
 10
439.6906055555555
 20
51.74410277777779
 30
0.0
 11
442.6909805555556
 21
51.74410277777779
 31
0.0
  0
LINE
  5
303
330
17
100
AcDbEntity
  8
CUT
100
AcDbLine
 10
442.6909805555556
 20
43.742750000000086
 30
0.0
 11
439.6906055555555
 21
43.742750000000086
 31
0.0
  0
LINE
  5
304
330
17
100
AcDbEntity
  8
CUT
100
AcDbLine
 10
385.59989444444443
 20
53.04867500000015
 30
0.0
 11
385.59989444444443
 21
45.04696944444452
 31
0.0
  0
LINE
  5
305
330
17
100
AcDbEntity
  8
CUT
100
AcDbLine
 10
388.6006222222222
 20
45.04696944444452
 30
0.0
 11
388.6006222222222
 21
53.04867500000015
 31
0.0
  0
LINE
  5
306
330
17
100
AcDbEntity
  8
CUT
100
AcDbLine
 10
385.59989444444443
 20
45.04696944444452
 30
0.0
 11
388.6006222222222
 21
45.04696944444452
 31
0.0
  0
LINE
  5
307
330
17
100
AcDbEntity
  8
CUT
100
AcDbLine
 10
388.6006222222222
 20
53.04867500000015
 30
0.0
 11
385.59989444444443
 21
53.04867500000015
 31
0.0
  0
LINE
  5
308
330
17
100
AcDbEntity
  8
CUT
100
AcDbLine
 10
388.6006222222222
 20
14.50135277777772
 30
0.0
 11
388.6006222222222
 21
22.50305833333343
 31
0.0
  0
LINE
  5
309
330
17
100
AcDbEntity
  8
CUT
100
AcDbLine
 10
385.59989444444443
 20
22.50305833333343
 30
0.0
 11
385.59989444444443
 21
14.50135277777772
 31
0.0
  0
LINE
  5
30A
330
17
100
AcDbEntity
  8
CUT
100
AcDbLine
 10
388.6006222222222
 20
22.50305833333343
 30
0.0
 11
385.59989444444443
 21
22.50305833333343
 31
0.0
  0
LINE
  5
30B
330
17
100
AcDbEntity
  8
CUT
100
AcDbLine
 10
385.59989444444443
 20
14.50135277777772
 30
0.0
 11
388.6006222222222
 21
14.50135277777772
 31
0.0
  0
LINE
  5
30C
330
17
100
AcDbEntity
  8
ENGRAVE
100
AcDbLine
 10
408.5109238898225
 20
35.94532176367977
 30
0.0
 11
409.9109025275178
 21
37.345300401375084
 31
0.0
  0
LINE
  5
30D
330
17
100
AcDbEntity
  8
ENGRAVE
100
AcDbLine
 10
409.9109025275178
 20
37.345300401375084
 30
0.0
 11
409.9109025275178
 21
30.34540721289852
 31
0.0
  0
LINE
  5
30E
330
17
100
AcDbEntity
  8
ENGRAVE
100
AcDbLine
 10
408.5109238898225
 20
30.34540721289852
 30
0.0
 11
411.3108811652131
 21
30.34540721289852
 31
0.0
  0
LINE
  5
30F
330
17
100
AcDbEntity
  8
ENGRAVE
100
AcDbLine
 10
413.4108491217561
 20
35.94532176367977
 30
0.0
 11
414.11083844060374
 21
37.345300401375084
 31
0.0
  0
LINE
  5
310
330
17
100
AcDbEntity
  8
ENGRAVE
100
AcDbLine
 10
414.11083844060374
 20
37.345300401375084
 30
0.0
 11
416.91079571599437
 21
37.345300401375084
 31
0.0
  0
LINE
  5
311
330
17
100
AcDbEntity
  8
ENGRAVE
100
AcDbLine
 10
416.91079571599437
 20
37.345300401375084
 30
0.0
 11
417.610785034842
 21
35.94532176367977
 31
0.0
  0
LINE
  5
312
330
17
100
AcDbEntity
  8
ENGRAVE
100
AcDbLine
 10
417.610785034842
 20
35.94532176367977
 30
0.0
 11
417.610785034842
 21
34.965336717293056
 31
0.0
  0
LINE
  5
313
330
17
100
AcDbEntity
  8
ENGRAVE
100
AcDbLine
 10
417.610785034842
 20
34.965336717293056
 30
0.0
 11
413.4108491217561
 21
30.34540721289852
 31
0.0
  0
LINE
  5
314
330
17
100
AcDbEntity
  8
ENGRAVE
100
AcDbLine
 10
413.4108491217561
 20
30.34540721289852
 30
0.0
 11
417.610785034842
 21
30.34540721289852
 31
0.0
  0
LINE
  5
315
330
17
100
AcDbEntity
  8
CUT
100
AcDbLine
 10
171.85997500000002
 20
43.742750000000086
 30
0.0
 11
171.85997500000002
 21
22.50305833333343
 31
0.0
  0
LINE
  5
316
330
17
100
AcDbEntity
  8
CUT
100
AcDbLine
 10
151.0965333333333
 20
67.34711111111113
 30
0.0
 11
151.0965333333333
 21
59.745808333333386
 31
0.0
  0
LINE
  5
317
330
17
100
AcDbEntity
  8
CUT
100
AcDbLine
 10
174.8603500000001
 20
51.74410277777779
 30
0.0
 11
174.8603500000001
 21
43.742750000000086
 31
0.0
  0
LINE
  5
318
330
17
100
AcDbEntity
  8
CUT
100
AcDbLine
 10
171.85997500000002
 20
59.745808333333386
 30
0.0
 11
171.85997500000002
 21
51.74410277777779
 31
0.0
  0
LINE
  5
319
330
17
100
AcDbEntity
  8
CUT
100
AcDbLine
 10
174.8603500000001
 20
22.50305833333343
 30
0.0
 11
174.8603500000001
 21
14.50135277777772
 31
0.0
  0
LINE
  5
31A
330
17
100
AcDbEntity
  8
CUT
100
AcDbLine
 10
111.38751388888892
 20
6.5
 30
0.0
 11
111.38751388888892
 21
67.34711111111113
 31
0.0
  0
LINE
  5
31B
330
17
100
AcDbEntity
  8
CUT
100
AcDbLine
 10
171.85997500000002
 20
14.50135277777772
 30
0.0
 11
171.85997500000002
 21
6.5
 31
0.0
  0
LINE
  5
31C
330
17
100
AcDbEntity
  8
CUT
100
AcDbLine
 10
171.85997500000002
 20
6.5
 30
0.0
 11
111.38751388888892
 21
6.5
 31
0.0
  0
LINE
  5
31D
330
17
100
AcDbEntity
  8
CUT
100
AcDbLine
 10
151.0965333333333
 20
59.745808333333386
 30
0.0
 11
171.85997500000002
 21
59.745808333333386
 31
0.0
  0
LINE
  5
31E
330
17
100
AcDbEntity
  8
CUT
100
AcDbLine
 10
111.38751388888892
 20
67.34711111111113
 30
0.0
 11
151.0965333333333
 21
67.34711111111113
 31
0.0
  0
LINE
  5
31F
330
17
100
AcDbEntity
  8
CUT
100
AcDbLine
 10
171.85997500000002
 20
22.50305833333343
 30
0.0
 11
174.8603500000001
 21
22.50305833333343
 31
0.0
  0
LINE
  5
320
330
17
100
AcDbEntity
  8
CUT
100
AcDbLine
 10
174.8603500000001
 20
14.50135277777772
 30
0.0
 11
171.85997500000002
 21
14.50135277777772
 31
0.0
  0
LINE
  5
321
330
17
100
AcDbEntity
  8
CUT
100
AcDbLine
 10
171.85997500000002
 20
51.74410277777779
 30
0.0
 11
174.8603500000001
 21
51.74410277777779
 31
0.0
  0
LINE
  5
322
330
17
100
AcDbEntity
  8
CUT
100
AcDbLine
 10
174.8603500000001
 20
43.742750000000086
 30
0.0
 11
171.85997500000002
 21
43.742750000000086
 31
0.0
  0
LINE
  5
323
330
17
100
AcDbEntity
  8
CUT
100
AcDbLine
 10
117.76926388888893
 20
53.04867500000015
 30
0.0
 11
117.76926388888893
 21
45.04696944444452
 31
0.0
  0
LINE
  5
324
330
17
100
AcDbEntity
  8
CUT
100
AcDbLine
 10
120.76999166666673
 20
45.04696944444452
 30
0.0
 11
120.76999166666673
 21
53.04867500000015
 31
0.0
  0
LINE
  5
325
330
17
100
AcDbEntity
  8
CUT
100
AcDbLine
 10
117.76926388888893
 20
45.04696944444452
 30
0.0
 11
120.76999166666673
 21
45.04696944444452
 31
0.0
  0
LINE
  5
326
330
17
100
AcDbEntity
  8
CUT
100
AcDbLine
 10
120.76999166666673
 20
53.04867500000015
 30
0.0
 11
117.76926388888893
 21
53.04867500000015
 31
0.0
  0
LINE
  5
327
330
17
100
AcDbEntity
  8
CUT
100
AcDbLine
 10
120.76999166666673
 20
14.50135277777772
 30
0.0
 11
120.76999166666673
 21
22.50305833333343
 31
0.0
  0
LINE
  5
328
330
17
100
AcDbEntity
  8
CUT
100
AcDbLine
 10
117.76926388888893
 20
22.50305833333343
 30
0.0
 11
117.76926388888893
 21
14.50135277777772
 31
0.0
  0
LINE
  5
329
330
17
100
AcDbEntity
  8
CUT
100
AcDbLine
 10
120.76999166666673
 20
22.50305833333343
 30
0.0
 11
117.76926388888893
 21
22.50305833333343
 31
0.0
  0
LINE
  5
32A
330
17
100
AcDbEntity
  8
CUT
100
AcDbLine
 10
117.76926388888893
 20
14.50135277777772
 30
0.0
 11
120.76999166666673
 21
14.50135277777772
 31
0.0
  0
LINE
  5
32B
330
17
100
AcDbEntity
  8
ENGRAVE
100
AcDbLine
 10
140.680293334267
 20
35.94532176367977
 30
0.0
 11
142.0802719719623
 21
37.345300401375084
 31
0.0
  0
LINE
  5
32C
330
17
100
AcDbEntity
  8
ENGRAVE
100
AcDbLine
 10
142.0802719719623
 20
37.345300401375084
 30
0.0
 11
142.0802719719623
 21
30.34540721289852
 31
0.0
  0
LINE
  5
32D
330
17
100
AcDbEntity
  8
ENGRAVE
100
AcDbLine
 10
140.680293334267
 20
30.34540721289852
 30
0.0
 11
143.48025060965762
 21
30.34540721289852
 31
0.0
  0
LINE
  5
32E
330
17
100
AcDbEntity
  8
ENGRAVE
100
AcDbLine
 10
145.58021856620059
 20
35.94532176367977
 30
0.0
 11
146.28020788504824
 21
37.345300401375084
 31
0.0
  0
LINE
  5
32F
330
17
100
AcDbEntity
  8
ENGRAVE
100
AcDbLine
 10
146.28020788504824
 20
37.345300401375084
 30
0.0
 11
149.08016516043887
 21
37.345300401375084
 31
0.0
  0
LINE
  5
330
330
17
100
AcDbEntity
  8
ENGRAVE
100
AcDbLine
 10
149.08016516043887
 20
37.345300401375084
 30
0.0
 11
149.78015447928652
 21
35.94532176367977
 31
0.0
  0
LINE
  5
331
330
17
100
AcDbEntity
  8
ENGRAVE
100
AcDbLine
 10
149.78015447928652
 20
35.94532176367977
 30
0.0
 11
149.78015447928652
 21
34.965336717293056
 31
0.0
  0
LINE
  5
332
330
17
100
AcDbEntity
  8
ENGRAVE
100
AcDbLine
 10
149.78015447928652
 20
34.965336717293056
 30
0.0
 11
145.58021856620059
 21
30.34540721289852
 31
0.0
  0
LINE
  5
333
330
17
100
AcDbEntity
  8
ENGRAVE
100
AcDbLine
 10
145.58021856620059
 20
30.34540721289852
 30
0.0
 11
149.78015447928652
 21
30.34540721289852
 31
0.0
  0
LINE
  5
334
330
17
100
AcDbEntity
  8
CUT
100
AcDbLine
 10
107.2790861111112
 20
430.9074750000002
 30
0.0
 11
107.2790861111112
 21
431.907952777778
 31
0.0
  0
LINE
  5
335
330
17
100
AcDbEntity
  8
CUT
100
AcDbLine
 10
36.5541972222223
 20
434.68643055555583
 30
0.0
 11
35.93225000000011
 21
435.4441972222225
 31
0.0
  0
LINE
  5
336
330
17
100
AcDbEntity
  8
CUT
100
AcDbLine
 10
89.49802777777782
 20
436.0657916666669
 30
0.0
 11
88.74026111111121
 21
435.4441972222225
 31
0.0
  0
LINE
  5
337
330
17
100
AcDbEntity
  8
CUT
100
AcDbLine
 10
136.9790944444446
 20
420.73336388888913
 30
0.0
 11
136.9790944444446
 21
427.90710000000024
 31
0.0
  0
LINE
  5
338
330
17
100
AcDbEntity
  8
CUT
100
AcDbLine
 10
90.3626861111112
 20
436.5282833333336
 30
0.0
 11
89.49802777777782
 21
436.0657916666669
 31
0.0
  0
LINE
  5
339
330
17
100
AcDbEntity
  8
CUT
100
AcDbLine
 10
116.9751833333334
 20
420.73336388888913
 30
0.0
 11
116.9751833333334
 21
417.7329888888891
 31
0.0
  0
LINE
  5
33A
330
17
100
AcDbEntity
  8
CUT
100
AcDbLine
 10
37.016336111111215
 20
433.82177222222253
 30
0.0
 11
36.5541972222223
 21
434.68643055555583
 31
0.0
  0
LINE
  5
33B
330
17
100
AcDbEntity
  8
CUT
100
AcDbLine
 10
106.8984388888889
 20
433.82177222222253
 30
0.0
 11
106.4363
 21
434.68643055555583
 31
0.0
  0
LINE
  5
33C
330
17
100
AcDbEntity
  8
CUT
100
AcDbLine
 10
27.39538055555562
 20
427.90710000000024
 30
0.0
 11
27.39538055555562
 21
430.9074750000002
 31
0.0
  0
LINE
  5
33D
330
17
100
AcDbEntity
  8
CUT
100
AcDbLine
 10
35.17448333333344
 20
436.0657916666669
 30
0.0
 11
34.309825000000004
 21
436.5282833333336
 31
0.0
  0
LINE
  5
33E
330
17
100
AcDbEntity
  8
CUT
100
AcDbLine
 10
126.9771388888889
 20
417.7329888888891
 30
0.0
 11
126.9771388888889
 21
420.73336388888913
 31
0.0
  0
LINE
  5
33F
330
17
100
AcDbEntity
  8
CUT
100
AcDbLine
 10
87.3714833333333
 20
432.8833833333336
 30
0.0
 11
87.275175
 21
431.907952777778
 31
0.0
  0
LINE
  5
340
330
17
100
AcDbEntity
  8
CUT
100
AcDbLine
 10
37.39733611111123
 20
430.9074750000002
 30
0.0
 11
37.39733611111123
 21
431.907952777778
 31
0.0
  0
LINE
  5
341
330
17
100
AcDbEntity
  8
CUT
100
AcDbLine
 10
107.2790861111112
 20
431.907952777778
 30
0.0
 11
107.1834833333333
 21
432.8833833333336
 31
0.0
  0
LINE
  5
342
330
17
100
AcDbEntity
  8
CUT
100
AcDbLine
 10
26.50426388888888
 20
417.7329888888891
 30
0.0
 11
26.50426388888888
 21
420.73336388888913
 31
0.0
  0
LINE
  5
343
330
17
100
AcDbEntity
  8
CUT
100
AcDbLine
 10
106.4363
 20
434.68643055555583
 30
0.0
 11
105.8147055555556
 21
435.4441972222225
 31
0.0
  0
LINE
  5
344
330
17
100
AcDbEntity
  8
CUT
100
AcDbLine
 10
70.081138888889
 20
420.73336388888913
 30
0.0
 11
70.081138888889
 21
417.7329888888891
 31
0.0
  0
LINE
  5
345
330
17
100
AcDbEntity
  8
CUT
100
AcDbLine
 10
88.74026111111121
 20
435.4441972222225
 30
0.0
 11
88.11831388888902
 21
434.68643055555583
 31
0.0
  0
LINE
  5
346
330
17
100
AcDbEntity
  8
CUT
100
AcDbLine
 10
105.8147055555556
 20
435.4441972222225
 30
0.0
 11
105.0565861111111
 21
436.0657916666669
 31
0.0
  0
LINE
  5
347
330
17
100
AcDbEntity
  8
CUT
100
AcDbLine
 10
104.1922805555556
 20
436.5282833333336
 30
0.0
 11
103.2538916666667
 21
436.81297500000016
 31
0.0
  0
LINE
  5
348
330
17
100
AcDbEntity
  8
CUT
100
AcDbLine
 10
88.11831388888902
 20
434.68643055555583
 30
0.0
 11
87.65617500000003
 21
433.82177222222253
 31
0.0
  0
LINE
  5
349
330
17
100
AcDbEntity
  8
CUT
100
AcDbLine
 10
97.27748333333341
 20
427.90710000000024
 30
0.0
 11
97.27748333333341
 21
430.9074750000002
 31
0.0
  0
LINE
  5
34A
330
17
100
AcDbEntity
  8
CUT
100
AcDbLine
 10
87.65617500000003
 20
433.82177222222253
 30
0.0
 11
87.3714833333333
 21
432.8833833333336
 31
0.0
  0
LINE
  5
34B
330
17
100
AcDbEntity
  8
CUT
100
AcDbLine
 10
107.1834833333333
 20
432.8833833333336
 30
0.0
 11
106.8984388888889
 21
433.82177222222253
 31
0.0
  0
LINE
  5
34C
330
17
100
AcDbEntity
  8
CUT
100
AcDbLine
 10
37.39733611111123
 20
431.907952777778
 30
0.0
 11
37.301027777777946
 21
432.8833833333336
 31
0.0
  0
LINE
  5
34D
330
17
100
AcDbEntity
  8
CUT
100
AcDbLine
 10
35.932249999999996
 20
435.4441972222225
 30
0.0
 11
35.17448333333344
 21
436.0657916666669
 31
0.0
  0
LINE
  5
34E
330
17
100
AcDbEntity
  8
CUT
100
AcDbLine
 10
91.30072222222232
 20
436.81297500000016
 30
0.0
 11
90.3626861111112
 21
436.5282833333336
 31
0.0
  0
LINE
  5
34F
330
17
100
AcDbEntity
  8
CUT
100
AcDbLine
 10
6.5
 20
436.9089305555558
 30
0.0
 11
6.5
 21
420.73336388888913
 31
0.0
  0
LINE
  5
350
330
17
100
AcDbEntity
  8
CUT
100
AcDbLine
 10
37.30102777777782
 20
432.8833833333336
 30
0.0
 11
37.0163361111111
 21
433.82177222222253
 31
0.0
  0
LINE
  5
351
330
17
100
AcDbEntity
  8
CUT
100
AcDbLine
 10
105.0565861111111
 20
436.0657916666669
 30
0.0
 11
104.1922805555556
 21
436.5282833333336
 31
0.0
  0
LINE
  5
352
330
17
100
AcDbEntity
  8
CUT
100
AcDbLine
 10
87.275175
 20
431.907952777778
 30
0.0
 11
87.275175
 21
427.90710000000024
 31
0.0
  0
LINE
  5
353
330
17
100
AcDbEntity
  8
CUT
100
AcDbLine
 10
80.0830944444445
 20
417.7329888888891
 30
0.0
 11
80.0830944444445
 21
420.73336388888913
 31
0.0
  0
LINE
  5
354
330
17
100
AcDbEntity
  8
CUT
100
AcDbLine
 10
16.50230833333338
 20
420.73336388888913
 30
0.0
 11
16.50230833333338
 21
417.7329888888891
 31
0.0
  0
LINE
  5
355
330
17
100
AcDbEntity
  8
CUT
100
AcDbLine
 10
34.309825000000004
 20
436.5282833333336
 30
0.0
 11
33.371788888888915
 21
436.81297500000016
 31
0.0
  0
LINE
  5
356
330
17
100
AcDbEntity
  8
CUT
100
AcDbLine
 10
87.275175
 20
427.90710000000024
 30
0.0
 11
27.39538055555562
 21
427.90710000000024
 31
0.0
  0
LINE
  5
357
330
17
100
AcDbEntity
  8
CUT
100
AcDbLine
 10
136.9790944444446
 20
427.90710000000024
 30
0.0
 11
97.27748333333341
 21
427.90710000000024
 31
0.0
  0
LINE
  5
358
330
17
100
AcDbEntity
  8
CUT
100
AcDbLine
 10
6.5
 20
420.73336388888913
 30
0.0
 11
16.50230833333338
 21
420.73336388888913
 31
0.0
  0
LINE
  5
359
330
17
100
AcDbEntity
  8
CUT
100
AcDbLine
 10
80.0830944444445
 20
420.73336388888913
 30
0.0
 11
116.9751833333334
 21
420.73336388888913
 31
0.0
  0
LINE
  5
35A
330
17
100
AcDbEntity
  8
CUT
100
AcDbLine
 10
126.9771388888889
 20
420.73336388888913
 30
0.0
 11
136.9790944444446
 21
420.73336388888913
 31
0.0
  0
LINE
  5
35B
330
17
100
AcDbEntity
  8
CUT
100
AcDbLine
 10
26.50426388888888
 20
420.73336388888913
 30
0.0
 11
70.081138888889
 21
420.73336388888913
 31
0.0
  0
LINE
  5
35C
330
17
100
AcDbEntity
  8
CUT
100
AcDbLine
 10
32.396005555555604
 20
436.9089305555558
 30
0.0
 11
6.5
 21
436.9089305555558
 31
0.0
  0
LINE
  5
35D
330
17
100
AcDbEntity
  8
CUT
100
AcDbLine
 10
92.2765055555556
 20
436.9089305555558
 30
0.0
 11
91.30072222222232
 21
436.81297500000016
 31
0.0
  0
LINE
  5
35E
330
17
100
AcDbEntity
  8
CUT
100
AcDbLine
 10
102.2784611111111
 20
436.9089305555558
 30
0.0
 11
92.2765055555556
 21
436.9089305555558
 31
0.0
  0
LINE
  5
35F
330
17
100
AcDbEntity
  8
CUT
100
AcDbLine
 10
27.39538055555562
 20
430.9074750000002
 30
0.0
 11
37.39733611111123
 21
430.9074750000002
 31
0.0
  0
LINE
  5
360
330
17
100
AcDbEntity
  8
CUT
100
AcDbLine
 10
97.27748333333341
 20
430.9074750000002
 30
0.0
 11
107.2790861111112
 21
430.9074750000002
 31
0.0
  0
LINE
  5
361
330
17
100
AcDbEntity
  8
CUT
100
AcDbLine
 10
103.2538916666667
 20
436.81297500000016
 30
0.0
 11
102.2784611111111
 21
436.9089305555558
 31
0.0
  0
LINE
  5
362
330
17
100
AcDbEntity
  8
CUT
100
AcDbLine
 10
33.371788888888915
 20
436.81297500000016
 30
0.0
 11
32.396005555555604
 21
436.9089305555558
 31
0.0
  0
LINE
  5
363
330
17
100
AcDbEntity
  8
CUT
100
AcDbLine
 10
16.50230833333338
 20
417.7329888888891
 30
0.0
 11
26.50426388888888
 21
417.7329888888891
 31
0.0
  0
LINE
  5
364
330
17
100
AcDbEntity
  8
CUT
100
AcDbLine
 10
70.081138888889
 20
417.7329888888891
 30
0.0
 11
80.0830944444445
 21
417.7329888888891
 31
0.0
  0
LINE
  5
365
330
17
100
AcDbEntity
  8
CUT
100
AcDbLine
 10
116.9751833333334
 20
417.7329888888891
 30
0.0
 11
126.9771388888889
 21
417.7329888888891
 31
0.0
  0
LINE
  5
366
330
17
100
AcDbEntity
  8
ENGRAVE
100
AcDbLine
 10
14.312226451442278
 20
430.01037168553125
 30
0.0
 11
15.71220508913759
 21
431.41035032322657
 31
0.0
  0
LINE
  5
367
330
17
100
AcDbEntity
  8
ENGRAVE
100
AcDbLine
 10
15.71220508913759
 20
431.41035032322657
 30
0.0
 11
15.71220508913759
 21
424.41045713475
 31
0.0
  0
LINE
  5
368
330
17
100
AcDbEntity
  8
ENGRAVE
100
AcDbLine
 10
14.312226451442278
 20
424.41045713475
 30
0.0
 11
17.112183726832903
 21
424.41045713475
 31
0.0
  0
LINE
  5
369
330
17
100
AcDbEntity
  8
ENGRAVE
100
AcDbLine
 10
22.712098277614153
 20
431.41035032322657
 30
0.0
 11
20.612130321071184
 21
431.41035032322657
 31
0.0
  0
LINE
  5
36A
330
17
100
AcDbEntity
  8
ENGRAVE
100
AcDbLine
 10
20.612130321071184
 20
431.41035032322657
 30
0.0
 11
19.212151683375872
 21
429.3103823666836
 31
0.0
  0
LINE
  5
36B
330
17
100
AcDbEntity
  8
ENGRAVE
100
AcDbLine
 10
19.212151683375872
 20
429.3103823666836
 30
0.0
 11
19.212151683375872
 21
425.8104357724453
 31
0.0
  0
LINE
  5
36C
330
17
100
AcDbEntity
  8
ENGRAVE
100
AcDbLine
 10
19.212151683375872
 20
425.8104357724453
 30
0.0
 11
19.912141002223528
 21
424.41045713475
 31
0.0
  0
LINE
  5
36D
330
17
100
AcDbEntity
  8
ENGRAVE
100
AcDbLine
 10
19.912141002223528
 20
424.41045713475
 30
0.0
 11
22.712098277614153
 21
424.41045713475
 31
0.0
  0
LINE
  5
36E
330
17
100
AcDbEntity
  8
ENGRAVE
100
AcDbLine
 10
22.712098277614153
 20
424.41045713475
 30
0.0
 11
23.41208759646181
 21
425.8104357724453
 31
0.0
  0
LINE
  5
36F
330
17
100
AcDbEntity
  8
ENGRAVE
100
AcDbLine
 10
23.41208759646181
 20
425.8104357724453
 30
0.0
 11
23.41208759646181
 21
426.8604197507168
 31
0.0
  0
LINE
  5
370
330
17
100
AcDbEntity
  8
ENGRAVE
100
AcDbLine
 10
23.41208759646181
 20
426.8604197507168
 30
0.0
 11
22.712098277614153
 21
427.9104037289883
 31
0.0
  0
LINE
  5
371
330
17
100
AcDbEntity
  8
ENGRAVE
100
AcDbLine
 10
22.712098277614153
 20
427.9104037289883
 30
0.0
 11
19.912141002223528
 21
427.9104037289883
 31
0.0
  0
LINE
  5
372
330
17
100
AcDbEntity
  8
ENGRAVE
100
AcDbLine
 10
19.912141002223528
 20
427.9104037289883
 30
0.0
 11
19.212151683375872
 21
426.8604197507168
 31
0.0
  0
LINE
  5
373
330
17
100
AcDbEntity
  8
CUT
100
AcDbLine
 10
422.970327777778
 20
171.12619722222234
 30
0.0
 11
421.9698500000002
 21
171.12619722222234
 31
0.0
  0
LINE
  5
374
330
17
100
AcDbEntity
  8
CUT
100
AcDbLine
 10
419.1913722222224
 20
100.40130833333343
 30
0.0
 11
418.4336055555557
 21
99.77936111111124
 31
0.0
  0
LINE
  5
375
330
17
100
AcDbEntity
  8
CUT
100
AcDbLine
 10
417.81201111111125
 20
153.34513888888895
 30
0.0
 11
418.4336055555557
 21
152.58737222222234
 31
0.0
  0
LINE
  5
376
330
17
100
AcDbEntity
  8
CUT
100
AcDbLine
 10
433.1444388888891
 20
200.82620555555573
 30
0.0
 11
425.970702777778
 21
200.82620555555573
 31
0.0
  0
LINE
  5
377
330
17
100
AcDbEntity
  8
CUT
100
AcDbLine
 10
417.3495194444446
 20
154.20979722222233
 30
0.0
 11
417.81201111111125
 21
153.34513888888895
 31
0.0
  0
LINE
  5
378
330
17
100
AcDbEntity
  8
CUT
100
AcDbLine
 10
433.1444388888891
 20
180.82229444444454
 30
0.0
 11
436.1448138888891
 21
180.82229444444454
 31
0.0
  0
LINE
  5
379
330
17
100
AcDbEntity
  8
CUT
100
AcDbLine
 10
420.0560305555557
 20
100.86344722222235
 30
0.0
 11
419.1913722222224
 21
100.40130833333343
 31
0.0
  0
LINE
  5
37A
330
17
100
AcDbEntity
  8
CUT
100
AcDbLine
 10
420.0560305555557
 20
170.74555000000004
 30
0.0
 11
419.1913722222224
 21
170.28341111111115
 31
0.0
  0
LINE
  5
37B
330
17
100
AcDbEntity
  8
CUT
100
AcDbLine
 10
425.970702777778
 20
91.24249166666675
 30
0.0
 11
422.970327777778
 21
91.24249166666675
 31
0.0
  0
LINE
  5
37C
330
17
100
AcDbEntity
  8
CUT
100
AcDbLine
 10
417.81201111111125
 20
99.02159444444457
 30
0.0
 11
417.3495194444446
 21
98.15693611111114
 31
0.0
  0
LINE
  5
37D
330
17
100
AcDbEntity
  8
CUT
100
AcDbLine
 10
436.1448138888891
 20
190.82425000000003
 30
0.0
 11
433.1444388888891
 21
190.82425000000003
 31
0.0
  0
LINE
  5
37E
330
17
100
AcDbEntity
  8
CUT
100
AcDbLine
 10
420.9944194444446
 20
151.21859444444442
 30
0.0
 11
421.9698500000002
 21
151.12228611111112
 31
0.0
  0
LINE
  5
37F
330
17
100
AcDbEntity
  8
CUT
100
AcDbLine
 10
422.970327777778
 20
101.24444722222236
 30
0.0
 11
421.9698500000002
 21
101.24444722222236
 31
0.0
  0
LINE
  5
380
330
17
100
AcDbEntity
  8
CUT
100
AcDbLine
 10
421.9698500000002
 20
171.12619722222234
 30
0.0
 11
420.9944194444446
 21
171.03059444444443
 31
0.0
  0
LINE
  5
381
330
17
100
AcDbEntity
  8
CUT
100
AcDbLine
 10
436.1448138888891
 20
90.35137500000002
 30
0.0
 11
433.1444388888891
 21
90.35137500000002
 31
0.0
  0
LINE
  5
382
330
17
100
AcDbEntity
  8
CUT
100
AcDbLine
 10
419.1913722222224
 20
170.28341111111115
 30
0.0
 11
418.4336055555557
 21
169.66181666666674
 31
0.0
  0
LINE
  5
383
330
17
100
AcDbEntity
  8
CUT
100
AcDbLine
 10
433.1444388888891
 20
133.92825000000013
 30
0.0
 11
436.1448138888891
 21
133.92825000000013
 31
0.0
  0
LINE
  5
384
330
17
100
AcDbEntity
  8
CUT
100
AcDbLine
 10
418.4336055555557
 20
152.58737222222234
 30
0.0
 11
419.1913722222224
 21
151.96542500000015
 31
0.0
  0
LINE
  5
385
330
17
100
AcDbEntity
  8
CUT
100
AcDbLine
 10
418.4336055555557
 20
169.66181666666674
 30
0.0
 11
417.81201111111125
 21
168.90369722222223
 31
0.0
  0
LINE
  5
386
330
17
100
AcDbEntity
  8
CUT
100
AcDbLine
 10
417.3495194444446
 20
168.03939166666675
 30
0.0
 11
417.06482777777796
 21
167.10100277777784
 31
0.0
  0
LINE
  5
387
330
17
100
AcDbEntity
  8
CUT
100
AcDbLine
 10
419.1913722222224
 20
151.96542500000015
 30
0.0
 11
420.0560305555557
 21
151.50328611111115
 31
0.0
  0
LINE
  5
388
330
17
100
AcDbEntity
  8
CUT
100
AcDbLine
 10
425.970702777778
 20
161.12459444444454
 30
0.0
 11
422.970327777778
 21
161.12459444444454
 31
0.0
  0
LINE
  5
389
330
17
100
AcDbEntity
  8
CUT
100
AcDbLine
 10
420.0560305555557
 20
151.50328611111115
 30
0.0
 11
420.9944194444446
 21
151.21859444444442
 31
0.0
  0
LINE
  5
38A
330
17
100
AcDbEntity
  8
CUT
100
AcDbLine
 10
420.9944194444446
 20
171.03059444444443
 30
0.0
 11
420.0560305555557
 21
170.74555000000004
 31
0.0
  0
LINE
  5
38B
330
17
100
AcDbEntity
  8
CUT
100
AcDbLine
 10
421.9698500000002
 20
101.24444722222236
 30
0.0
 11
420.9944194444446
 21
101.14813888888908
 31
0.0
  0
LINE
  5
38C
330
17
100
AcDbEntity
  8
CUT
100
AcDbLine
 10
418.4336055555557
 20
99.77936111111113
 30
0.0
 11
417.81201111111125
 21
99.02159444444457
 31
0.0
  0
LINE
  5
38D
330
17
100
AcDbEntity
  8
CUT
100
AcDbLine
 10
417.06482777777796
 20
155.14783333333344
 30
0.0
 11
417.3495194444446
 21
154.20979722222233
 31
0.0
  0
LINE
  5
38E
330
17
100
AcDbEntity
  8
CUT
100
AcDbLine
 10
416.9688722222224
 20
70.34711111111113
 30
0.0
 11
433.1444388888891
 21
70.34711111111113
 31
0.0
  0
LINE
  5
38F
330
17
100
AcDbEntity
  8
CUT
100
AcDbLine
 10
420.9944194444446
 20
101.14813888888895
 30
0.0
 11
420.0560305555557
 21
100.86344722222223
 31
0.0
  0
LINE
  5
390
330
17
100
AcDbEntity
  8
CUT
100
AcDbLine
 10
417.81201111111125
 20
168.90369722222223
 30
0.0
 11
417.3495194444446
 21
168.03939166666675
 31
0.0
  0
LINE
  5
391
330
17
100
AcDbEntity
  8
CUT
100
AcDbLine
 10
421.9698500000002
 20
151.12228611111112
 30
0.0
 11
425.970702777778
 21
151.12228611111112
 31
0.0
  0
LINE
  5
392
330
17
100
AcDbEntity
  8
CUT
100
AcDbLine
 10
436.1448138888891
 20
143.93020555555563
 30
0.0
 11
433.1444388888891
 21
143.93020555555563
 31
0.0
  0
LINE
  5
393
330
17
100
AcDbEntity
  8
CUT
100
AcDbLine
 10
433.1444388888891
 20
80.34941944444452
 30
0.0
 11
436.1448138888891
 21
80.34941944444452
 31
0.0
  0
LINE
  5
394
330
17
100
AcDbEntity
  8
CUT
100
AcDbLine
 10
417.3495194444446
 20
98.15693611111114
 30
0.0
 11
417.06482777777796
 21
97.21890000000005
 31
0.0
  0
LINE
  5
395
330
17
100
AcDbEntity
  8
CUT
100
AcDbLine
 10
425.970702777778
 20
151.12228611111112
 30
0.0
 11
425.970702777778
 21
91.24249166666675
 31
0.0
  0
LINE
  5
396
330
17
100
AcDbEntity
  8
CUT
100
AcDbLine
 10
425.970702777778
 20
200.82620555555573
 30
0.0
 11
425.970702777778
 21
161.12459444444454
 31
0.0
  0
LINE
  5
397
330
17
100
AcDbEntity
  8
CUT
100
AcDbLine
 10
433.1444388888891
 20
70.34711111111113
 30
0.0
 11
433.1444388888891
 21
80.34941944444452
 31
0.0
  0
LINE
  5
398
330
17
100
AcDbEntity
  8
CUT
100
AcDbLine
 10
433.1444388888891
 20
143.93020555555563
 30
0.0
 11
433.1444388888891
 21
180.82229444444454
 31
0.0
  0
LINE
  5
399
330
17
100
AcDbEntity
  8
CUT
100
AcDbLine
 10
433.1444388888891
 20
190.82425000000003
 30
0.0
 11
433.1444388888891
 21
200.82620555555573
 31
0.0
  0
LINE
  5
39A
330
17
100
AcDbEntity
  8
CUT
100
AcDbLine
 10
433.1444388888891
 20
90.35137500000002
 30
0.0
 11
433.1444388888891
 21
133.92825000000013
 31
0.0
  0
LINE
  5
39B
330
17
100
AcDbEntity
  8
CUT
100
AcDbLine
 10
416.9688722222224
 20
96.24311666666674
 30
0.0
 11
416.9688722222224
 21
70.34711111111113
 31
0.0
  0
LINE
  5
39C
330
17
100
AcDbEntity
  8
CUT
100
AcDbLine
 10
416.9688722222224
 20
156.12361666666675
 30
0.0
 11
417.06482777777796
 21
155.14783333333344
 31
0.0
  0
LINE
  5
39D
330
17
100
AcDbEntity
  8
CUT
100
AcDbLine
 10
416.9688722222224
 20
166.12557222222222
 30
0.0
 11
416.9688722222224
 21
156.12361666666675
 31
0.0
  0
LINE
  5
39E
330
17
100
AcDbEntity
  8
CUT
100
AcDbLine
 10
422.970327777778
 20
91.24249166666675
 30
0.0
 11
422.970327777778
 21
101.24444722222236
 31
0.0
  0
LINE
  5
39F
330
17
100
AcDbEntity
  8
CUT
100
AcDbLine
 10
422.970327777778
 20
161.12459444444454
 30
0.0
 11
422.970327777778
 21
171.12619722222234
 31
0.0
  0
LINE
  5
3A0
330
17
100
AcDbEntity
  8
CUT
100
AcDbLine
 10
417.06482777777796
 20
167.10100277777784
 30
0.0
 11
416.9688722222224
 21
166.12557222222222
 31
0.0
  0
LINE
  5
3A1
330
17
100
AcDbEntity
  8
CUT
100
AcDbLine
 10
417.06482777777796
 20
97.21890000000005
 30
0.0
 11
416.9688722222224
 21
96.24311666666674
 31
0.0
  0
LINE
  5
3A2
330
17
100
AcDbEntity
  8
CUT
100
AcDbLine
 10
436.1448138888891
 20
80.34941944444452
 30
0.0
 11
436.1448138888891
 21
90.35137500000002
 31
0.0
  0
LINE
  5
3A3
330
17
100
AcDbEntity
  8
CUT
100
AcDbLine
 10
436.1448138888891
 20
133.92825000000013
 30
0.0
 11
436.1448138888891
 21
143.93020555555563
 31
0.0
  0
LINE
  5
3A4
330
17
100
AcDbEntity
  8
CUT
100
AcDbLine
 10
436.1448138888891
 20
180.82229444444454
 30
0.0
 11
436.1448138888891
 21
190.82425000000003
 31
0.0
  0
LINE
  5
3A5
330
17
100
AcDbEntity
  8
ENGRAVE
100
AcDbLine
 10
423.8674310922469
 20
78.15933756255342
 30
0.0
 11
422.46745245455156
 21
79.55931620024873
 31
0.0
  0
LINE
  5
3A6
330
17
100
AcDbEntity
  8
ENGRAVE
100
AcDbLine
 10
422.46745245455156
 20
79.55931620024873
 30
0.0
 11
429.4673456430281
 21
79.55931620024873
 31
0.0
  0
LINE
  5
3A7
330
17
100
AcDbEntity
  8
ENGRAVE
100
AcDbLine
 10
429.4673456430281
 20
78.15933756255342
 30
0.0
 11
429.4673456430281
 21
80.95929483794404
 31
0.0
  0
LINE
  5
3A8
330
17
100
AcDbEntity
  8
ENGRAVE
100
AcDbLine
 10
422.46745245455156
 20
86.5592093887253
 30
0.0
 11
422.46745245455156
 21
84.45924143218232
 31
0.0
  0
LINE
  5
3A9
330
17
100
AcDbEntity
  8
ENGRAVE
100
AcDbLine
 10
422.46745245455156
 20
84.45924143218232
 30
0.0
 11
424.56742041109453
 21
83.05926279448701
 31
0.0
  0
LINE
  5
3AA
330
17
100
AcDbEntity
  8
ENGRAVE
100
AcDbLine
 10
424.56742041109453
 20
83.05926279448701
 30
0.0
 11
428.0673670053328
 21
83.05926279448701
 31
0.0
  0
LINE
  5
3AB
330
17
100
AcDbEntity
  8
ENGRAVE
100
AcDbLine
 10
428.0673670053328
 20
83.05926279448701
 30
0.0
 11
429.4673456430281
 21
83.75925211333467
 31
0.0
  0
LINE
  5
3AC
330
17
100
AcDbEntity
  8
ENGRAVE
100
AcDbLine
 10
429.4673456430281
 20
83.75925211333467
 30
0.0
 11
429.4673456430281
 21
86.5592093887253
 31
0.0
  0
LINE
  5
3AD
330
17
100
AcDbEntity
  8
ENGRAVE
100
AcDbLine
 10
429.4673456430281
 20
86.5592093887253
 30
0.0
 11
428.0673670053328
 21
87.25919870757295
 31
0.0
  0
LINE
  5
3AE
330
17
100
AcDbEntity
  8
ENGRAVE
100
AcDbLine
 10
428.0673670053328
 20
87.25919870757295
 30
0.0
 11
427.0173830270613
 21
87.25919870757295
 31
0.0
  0
LINE
  5
3AF
330
17
100
AcDbEntity
  8
ENGRAVE
100
AcDbLine
 10
427.0173830270613
 20
87.25919870757295
 30
0.0
 11
425.96739904878984
 21
86.5592093887253
 31
0.0
  0
LINE
  5
3B0
330
17
100
AcDbEntity
  8
ENGRAVE
100
AcDbLine
 10
425.96739904878984
 20
86.5592093887253
 30
0.0
 11
425.96739904878984
 21
83.75925211333467
 31
0.0
  0
LINE
  5
3B1
330
17
100
AcDbEntity
  8
ENGRAVE
100
AcDbLine
 10
425.96739904878984
 20
83.75925211333467
 30
0.0
 11
427.0173830270613
 21
83.05926279448701
 31
0.0
  0
LINE
  5
3B2
330
17
100
AcDbEntity
  8
CUT
100
AcDbLine
 10
393.53913611111125
 20
171.12619722222234
 30
0.0
 11
392.53865833333344
 21
171.12619722222234
 31
0.0
  0
LINE
  5
3B3
330
17
100
AcDbEntity
  8
CUT
100
AcDbLine
 10
389.7601805555556
 20
100.40130833333343
 30
0.0
 11
389.00241388888895
 21
99.77936111111124
 31
0.0
  0
LINE
  5
3B4
330
17
100
AcDbEntity
  8
CUT
100
AcDbLine
 10
388.38081944444457
 20
153.34513888888895
 30
0.0
 11
389.00241388888895
 21
152.58737222222234
 31
0.0
  0
LINE
  5
3B5
330
17
100
AcDbEntity
  8
CUT
100
AcDbLine
 10
403.7132472222223
 20
200.82620555555573
 30
0.0
 11
396.5395111111112
 21
200.82620555555573
 31
0.0
  0
LINE
  5
3B6
330
17
100
AcDbEntity
  8
CUT
100
AcDbLine
 10
387.91832777777785
 20
154.20979722222233
 30
0.0
 11
388.38081944444457
 21
153.34513888888895
 31
0.0
  0
LINE
  5
3B7
330
17
100
AcDbEntity
  8
CUT
100
AcDbLine
 10
403.7132472222223
 20
180.82229444444454
 30
0.0
 11
406.71362222222234
 21
180.82229444444454
 31
0.0
  0
LINE
  5
3B8
330
17
100
AcDbEntity
  8
CUT
100
AcDbLine
 10
390.6248388888889
 20
100.86344722222235
 30
0.0
 11
389.7601805555556
 21
100.40130833333343
 31
0.0
  0
LINE
  5
3B9
330
17
100
AcDbEntity
  8
CUT
100
AcDbLine
 10
390.6248388888889
 20
170.74555000000004
 30
0.0
 11
389.7601805555556
 21
170.28341111111115
 31
0.0
  0
LINE
  5
3BA
330
17
100
AcDbEntity
  8
CUT
100
AcDbLine
 10
396.5395111111112
 20
91.24249166666675
 30
0.0
 11
393.53913611111125
 21
91.24249166666675
 31
0.0
  0
LINE
  5
3BB
330
17
100
AcDbEntity
  8
CUT
100
AcDbLine
 10
388.38081944444457
 20
99.02159444444457
 30
0.0
 11
387.91832777777785
 21
98.15693611111114
 31
0.0
  0
LINE
  5
3BC
330
17
100
AcDbEntity
  8
CUT
100
AcDbLine
 10
406.71362222222234
 20
190.82425000000003
 30
0.0
 11
403.7132472222223
 21
190.82425000000003
 31
0.0
  0
LINE
  5
3BD
330
17
100
AcDbEntity
  8
CUT
100
AcDbLine
 10
391.56322777777785
 20
151.21859444444442
 30
0.0
 11
392.53865833333344
 21
151.12228611111112
 31
0.0
  0
LINE
  5
3BE
330
17
100
AcDbEntity
  8
CUT
100
AcDbLine
 10
393.53913611111125
 20
101.24444722222236
 30
0.0
 11
392.53865833333344
 21
101.24444722222236
 31
0.0
  0
LINE
  5
3BF
330
17
100
AcDbEntity
  8
CUT
100
AcDbLine
 10
392.53865833333344
 20
171.12619722222234
 30
0.0
 11
391.56322777777785
 21
171.03059444444443
 31
0.0
  0
LINE
  5
3C0
330
17
100
AcDbEntity
  8
CUT
100
AcDbLine
 10
406.71362222222234
 20
90.35137500000002
 30
0.0
 11
403.7132472222223
 21
90.35137500000002
 31
0.0
  0
LINE
  5
3C1
330
17
100
AcDbEntity
  8
CUT
100
AcDbLine
 10
389.7601805555556
 20
170.28341111111115
 30
0.0
 11
389.00241388888895
 21
169.66181666666674
 31
0.0
  0
LINE
  5
3C2
330
17
100
AcDbEntity
  8
CUT
100
AcDbLine
 10
403.7132472222223
 20
133.92825000000013
 30
0.0
 11
406.71362222222234
 21
133.92825000000013
 31
0.0
  0
LINE
  5
3C3
330
17
100
AcDbEntity
  8
CUT
100
AcDbLine
 10
389.00241388888895
 20
152.58737222222234
 30
0.0
 11
389.7601805555556
 21
151.96542500000015
 31
0.0
  0
LINE
  5
3C4
330
17
100
AcDbEntity
  8
CUT
100
AcDbLine
 10
389.00241388888895
 20
169.66181666666674
 30
0.0
 11
388.38081944444457
 21
168.90369722222223
 31
0.0
  0
LINE
  5
3C5
330
17
100
AcDbEntity
  8
CUT
100
AcDbLine
 10
387.91832777777785
 20
168.03939166666675
 30
0.0
 11
387.6336361111113
 21
167.10100277777784
 31
0.0
  0
LINE
  5
3C6
330
17
100
AcDbEntity
  8
CUT
100
AcDbLine
 10
389.7601805555556
 20
151.96542500000015
 30
0.0
 11
390.6248388888889
 21
151.50328611111115
 31
0.0
  0
LINE
  5
3C7
330
17
100
AcDbEntity
  8
CUT
100
AcDbLine
 10
396.5395111111112
 20
161.12459444444454
 30
0.0
 11
393.53913611111125
 21
161.12459444444454
 31
0.0
  0
LINE
  5
3C8
330
17
100
AcDbEntity
  8
CUT
100
AcDbLine
 10
390.6248388888889
 20
151.50328611111115
 30
0.0
 11
391.56322777777785
 21
151.21859444444442
 31
0.0
  0
LINE
  5
3C9
330
17
100
AcDbEntity
  8
CUT
100
AcDbLine
 10
391.56322777777785
 20
171.03059444444443
 30
0.0
 11
390.6248388888889
 21
170.74555000000004
 31
0.0
  0
LINE
  5
3CA
330
17
100
AcDbEntity
  8
CUT
100
AcDbLine
 10
392.53865833333344
 20
101.24444722222236
 30
0.0
 11
391.56322777777785
 21
101.14813888888908
 31
0.0
  0
LINE
  5
3CB
330
17
100
AcDbEntity
  8
CUT
100
AcDbLine
 10
389.00241388888895
 20
99.77936111111113
 30
0.0
 11
388.38081944444457
 21
99.02159444444457
 31
0.0
  0
LINE
  5
3CC
330
17
100
AcDbEntity
  8
CUT
100
AcDbLine
 10
387.6336361111113
 20
155.14783333333344
 30
0.0
 11
387.91832777777785
 21
154.20979722222233
 31
0.0
  0
LINE
  5
3CD
330
17
100
AcDbEntity
  8
CUT
100
AcDbLine
 10
387.53768055555565
 20
70.34711111111113
 30
0.0
 11
403.7132472222223
 21
70.34711111111113
 31
0.0
  0
LINE
  5
3CE
330
17
100
AcDbEntity
  8
CUT
100
AcDbLine
 10
391.56322777777785
 20
101.14813888888895
 30
0.0
 11
390.6248388888889
 21
100.86344722222223
 31
0.0
  0
LINE
  5
3CF
330
17
100
AcDbEntity
  8
CUT
100
AcDbLine
 10
388.38081944444457
 20
168.90369722222223
 30
0.0
 11
387.91832777777785
 21
168.03939166666675
 31
0.0
  0
LINE
  5
3D0
330
17
100
AcDbEntity
  8
CUT
100
AcDbLine
 10
392.53865833333344
 20
151.12228611111112
 30
0.0
 11
396.5395111111112
 21
151.12228611111112
 31
0.0
  0
LINE
  5
3D1
330
17
100
AcDbEntity
  8
CUT
100
AcDbLine
 10
406.71362222222234
 20
143.93020555555563
 30
0.0
 11
403.7132472222223
 21
143.93020555555563
 31
0.0
  0
LINE
  5
3D2
330
17
100
AcDbEntity
  8
CUT
100
AcDbLine
 10
403.7132472222223
 20
80.34941944444452
 30
0.0
 11
406.71362222222234
 21
80.34941944444452
 31
0.0
  0
LINE
  5
3D3
330
17
100
AcDbEntity
  8
CUT
100
AcDbLine
 10
387.91832777777785
 20
98.15693611111114
 30
0.0
 11
387.6336361111113
 21
97.21890000000005
 31
0.0
  0
LINE
  5
3D4
330
17
100
AcDbEntity
  8
CUT
100
AcDbLine
 10
396.5395111111112
 20
151.12228611111112
 30
0.0
 11
396.5395111111112
 21
91.24249166666675
 31
0.0
  0
LINE
  5
3D5
330
17
100
AcDbEntity
  8
CUT
100
AcDbLine
 10
396.5395111111112
 20
200.82620555555573
 30
0.0
 11
396.5395111111112
 21
161.12459444444454
 31
0.0
  0
LINE
  5
3D6
330
17
100
AcDbEntity
  8
CUT
100
AcDbLine
 10
403.7132472222223
 20
70.34711111111113
 30
0.0
 11
403.7132472222223
 21
80.34941944444452
 31
0.0
  0
LINE
  5
3D7
330
17
100
AcDbEntity
  8
CUT
100
AcDbLine
 10
403.7132472222223
 20
143.93020555555563
 30
0.0
 11
403.7132472222223
 21
180.82229444444454
 31
0.0
  0
LINE
  5
3D8
330
17
100
AcDbEntity
  8
CUT
100
AcDbLine
 10
403.7132472222223
 20
190.82425000000003
 30
0.0
 11
403.7132472222223
 21
200.82620555555573
 31
0.0
  0
LINE
  5
3D9
330
17
100
AcDbEntity
  8
CUT
100
AcDbLine
 10
403.7132472222223
 20
90.35137500000002
 30
0.0
 11
403.7132472222223
 21
133.92825000000013
 31
0.0
  0
LINE
  5
3DA
330
17
100
AcDbEntity
  8
CUT
100
AcDbLine
 10
387.53768055555565
 20
96.24311666666674
 30
0.0
 11
387.53768055555565
 21
70.34711111111113
 31
0.0
  0
LINE
  5
3DB
330
17
100
AcDbEntity
  8
CUT
100
AcDbLine
 10
387.53768055555565
 20
156.12361666666675
 30
0.0
 11
387.6336361111113
 21
155.14783333333344
 31
0.0
  0
LINE
  5
3DC
330
17
100
AcDbEntity
  8
CUT
100
AcDbLine
 10
387.53768055555565
 20
166.12557222222222
 30
0.0
 11
387.53768055555565
 21
156.12361666666675
 31
0.0
  0
LINE
  5
3DD
330
17
100
AcDbEntity
  8
CUT
100
AcDbLine
 10
393.53913611111125
 20
91.24249166666675
 30
0.0
 11
393.53913611111125
 21
101.24444722222236
 31
0.0
  0
LINE
  5
3DE
330
17
100
AcDbEntity
  8
CUT
100
AcDbLine
 10
393.53913611111125
 20
161.12459444444454
 30
0.0
 11
393.53913611111125
 21
171.12619722222234
 31
0.0
  0
LINE
  5
3DF
330
17
100
AcDbEntity
  8
CUT
100
AcDbLine
 10
387.6336361111113
 20
167.10100277777784
 30
0.0
 11
387.53768055555565
 21
166.12557222222222
 31
0.0
  0
LINE
  5
3E0
330
17
100
AcDbEntity
  8
CUT
100
AcDbLine
 10
387.6336361111113
 20
97.21890000000005
 30
0.0
 11
387.53768055555565
 21
96.24311666666674
 31
0.0
  0
LINE
  5
3E1
330
17
100
AcDbEntity
  8
CUT
100
AcDbLine
 10
406.71362222222234
 20
80.34941944444452
 30
0.0
 11
406.71362222222234
 21
90.35137500000002
 31
0.0
  0
LINE
  5
3E2
330
17
100
AcDbEntity
  8
CUT
100
AcDbLine
 10
406.71362222222234
 20
133.92825000000013
 30
0.0
 11
406.71362222222234
 21
143.93020555555563
 31
0.0
  0
LINE
  5
3E3
330
17
100
AcDbEntity
  8
CUT
100
AcDbLine
 10
406.71362222222234
 20
180.82229444444454
 30
0.0
 11
406.71362222222234
 21
190.82425000000003
 31
0.0
  0
LINE
  5
3E4
330
17
100
AcDbEntity
  8
ENGRAVE
100
AcDbLine
 10
394.4362394255802
 20
78.15933756255342
 30
0.0
 11
393.0362607878849
 21
79.55931620024873
 31
0.0
  0
LINE
  5
3E5
330
17
100
AcDbEntity
  8
ENGRAVE
100
AcDbLine
 10
393.0362607878849
 20
79.55931620024873
 30
0.0
 11
400.03615397636145
 21
79.55931620024873
 31
0.0
  0
LINE
  5
3E6
330
17
100
AcDbEntity
  8
ENGRAVE
100
AcDbLine
 10
400.03615397636145
 20
78.15933756255342
 30
0.0
 11
400.03615397636145
 21
80.95929483794404
 31
0.0
  0
LINE
  5
3E7
330
17
100
AcDbEntity
  8
ENGRAVE
100
AcDbLine
 10
393.0362607878849
 20
86.5592093887253
 30
0.0
 11
393.0362607878849
 21
84.45924143218232
 31
0.0
  0
LINE
  5
3E8
330
17
100
AcDbEntity
  8
ENGRAVE
100
AcDbLine
 10
393.0362607878849
 20
84.45924143218232
 30
0.0
 11
395.13622874442785
 21
83.05926279448701
 31
0.0
  0
LINE
  5
3E9
330
17
100
AcDbEntity
  8
ENGRAVE
100
AcDbLine
 10
395.13622874442785
 20
83.05926279448701
 30
0.0
 11
398.63617533866613
 21
83.05926279448701
 31
0.0
  0
LINE
  5
3EA
330
17
100
AcDbEntity
  8
ENGRAVE
100
AcDbLine
 10
398.63617533866613
 20
83.05926279448701
 30
0.0
 11
400.03615397636145
 21
83.75925211333467
 31
0.0
  0
LINE
  5
3EB
330
17
100
AcDbEntity
  8
ENGRAVE
100
AcDbLine
 10
400.03615397636145
 20
83.75925211333467
 30
0.0
 11
400.03615397636145
 21
86.5592093887253
 31
0.0
  0
LINE
  5
3EC
330
17
100
AcDbEntity
  8
ENGRAVE
100
AcDbLine
 10
400.03615397636145
 20
86.5592093887253
 30
0.0
 11
398.63617533866613
 21
87.25919870757295
 31
0.0
  0
LINE
  5
3ED
330
17
100
AcDbEntity
  8
ENGRAVE
100
AcDbLine
 10
398.63617533866613
 20
87.25919870757295
 30
0.0
 11
397.58619136039465
 21
87.25919870757295
 31
0.0
  0
LINE
  5
3EE
330
17
100
AcDbEntity
  8
ENGRAVE
100
AcDbLine
 10
397.58619136039465
 20
87.25919870757295
 30
0.0
 11
396.53620738212317
 21
86.5592093887253
 31
0.0
  0
LINE
  5
3EF
330
17
100
AcDbEntity
  8
ENGRAVE
100
AcDbLine
 10
396.53620738212317
 20
86.5592093887253
 30
0.0
 11
396.53620738212317
 21
83.75925211333467
 31
0.0
  0
LINE
  5
3F0
330
17
100
AcDbEntity
  8
ENGRAVE
100
AcDbLine
 10
396.53620738212317
 20
83.75925211333467
 30
0.0
 11
397.58619136039465
 21
83.05926279448701
 31
0.0
  0
LINE
  5
3F1
330
17
100
AcDbEntity
  8
CUT
100
AcDbLine
 10
422.970327777778
 20
304.6052916666669
 30
0.0
 11
421.9698500000002
 21
304.6052916666669
 31
0.0
  0
LINE
  5
3F2
330
17
100
AcDbEntity
  8
CUT
100
AcDbLine
 10
419.1913722222224
 20
233.88040277777804
 30
0.0
 11
418.4336055555557
 21
233.25845555555586
 31
0.0
  0
LINE
  5
3F3
330
17
100
AcDbEntity
  8
CUT
100
AcDbLine
 10
417.81201111111125
 20
286.82423333333355
 30
0.0
 11
418.4336055555557
 21
286.06646666666694
 31
0.0
  0
LINE
  5
3F4
330
17
100
AcDbEntity
  8
CUT
100
AcDbLine
 10
433.1444388888891
 20
334.30530000000033
 30
0.0
 11
425.970702777778
 21
334.30530000000033
 31
0.0
  0
LINE
  5
3F5
330
17
100
AcDbEntity
  8
CUT
100
AcDbLine
 10
417.3495194444446
 20
287.6888916666669
 30
0.0
 11
417.81201111111125
 21
286.82423333333355
 31
0.0
  0
LINE
  5
3F6
330
17
100
AcDbEntity
  8
CUT
100
AcDbLine
 10
433.1444388888891
 20
314.30138888888916
 30
0.0
 11
436.1448138888891
 21
314.30138888888916
 31
0.0
  0
LINE
  5
3F7
330
17
100
AcDbEntity
  8
CUT
100
AcDbLine
 10
420.0560305555557
 20
234.34254166666693
 30
0.0
 11
419.1913722222224
 21
233.88040277777804
 31
0.0
  0
LINE
  5
3F8
330
17
100
AcDbEntity
  8
CUT
100
AcDbLine
 10
420.0560305555557
 20
304.2246444444446
 30
0.0
 11
419.1913722222224
 21
303.7625055555557
 31
0.0
  0
LINE
  5
3F9
330
17
100
AcDbEntity
  8
CUT
100
AcDbLine
 10
425.970702777778
 20
224.72158611111135
 30
0.0
 11
422.970327777778
 21
224.72158611111135
 31
0.0
  0
LINE
  5
3FA
330
17
100
AcDbEntity
  8
CUT
100
AcDbLine
 10
417.81201111111125
 20
232.50068888888916
 30
0.0
 11
417.3495194444446
 21
231.63603055555575
 31
0.0
  0
LINE
  5
3FB
330
17
100
AcDbEntity
  8
CUT
100
AcDbLine
 10
436.1448138888891
 20
324.30334444444463
 30
0.0
 11
433.1444388888891
 21
324.30334444444463
 31
0.0
  0
LINE
  5
3FC
330
17
100
AcDbEntity
  8
CUT
100
AcDbLine
 10
420.9944194444446
 20
284.69768888888905
 30
0.0
 11
421.9698500000002
 21
284.60138055555575
 31
0.0
  0
LINE
  5
3FD
330
17
100
AcDbEntity
  8
CUT
100
AcDbLine
 10
422.970327777778
 20
234.72354166666696
 30
0.0
 11
421.9698500000002
 21
234.72354166666696
 31
0.0
  0
LINE
  5
3FE
330
17
100
AcDbEntity
  8
CUT
100
AcDbLine
 10
421.9698500000002
 20
304.6052916666669
 30
0.0
 11
420.9944194444446
 21
304.50968888888906
 31
0.0
  0
LINE
  5
3FF
330
17
100
AcDbEntity
  8
CUT
100
AcDbLine
 10
436.1448138888891
 20
223.83046944444462
 30
0.0
 11
433.1444388888891
 21
223.83046944444462
 31
0.0
  0
LINE
  5
400
330
17
100
AcDbEntity
  8
CUT
100
AcDbLine
 10
419.1913722222224
 20
303.7625055555557
 30
0.0
 11
418.4336055555557
 21
303.14091111111134
 31
0.0
  0
LINE
  5
401
330
17
100
AcDbEntity
  8
CUT
100
AcDbLine
 10
433.1444388888891
 20
267.40734444444473
 30
0.0
 11
436.1448138888891
 21
267.40734444444473
 31
0.0
  0
LINE
  5
402
330
17
100
AcDbEntity
  8
CUT
100
AcDbLine
 10
418.4336055555557
 20
286.06646666666694
 30
0.0
 11
419.1913722222224
 21
285.4445194444447
 31
0.0
  0
LINE
  5
403
330
17
100
AcDbEntity
  8
CUT
100
AcDbLine
 10
418.4336055555557
 20
303.14091111111134
 30
0.0
 11
417.81201111111125
 21
302.38279166666683
 31
0.0
  0
LINE
  5
404
330
17
100
AcDbEntity
  8
CUT
100
AcDbLine
 10
417.3495194444446
 20
301.5184861111113
 30
0.0
 11
417.06482777777796
 21
300.58009722222243
 31
0.0
  0
LINE
  5
405
330
17
100
AcDbEntity
  8
CUT
100
AcDbLine
 10
419.1913722222224
 20
285.4445194444447
 30
0.0
 11
420.0560305555557
 21
284.9823805555558
 31
0.0
  0
LINE
  5
406
330
17
100
AcDbEntity
  8
CUT
100
AcDbLine
 10
425.970702777778
 20
294.6036888888891
 30
0.0
 11
422.970327777778
 21
294.6036888888891
 31
0.0
  0
LINE
  5
407
330
17
100
AcDbEntity
  8
CUT
100
AcDbLine
 10
420.0560305555557
 20
284.9823805555558
 30
0.0
 11
420.9944194444446
 21
284.69768888888905
 31
0.0
  0
LINE
  5
408
330
17
100
AcDbEntity
  8
CUT
100
AcDbLine
 10
420.9944194444446
 20
304.50968888888906
 30
0.0
 11
420.0560305555557
 21
304.2246444444446
 31
0.0
  0
LINE
  5
409
330
17
100
AcDbEntity
  8
CUT
100
AcDbLine
 10
421.9698500000002
 20
234.72354166666696
 30
0.0
 11
420.9944194444446
 21
234.62723333333366
 31
0.0
  0
LINE
  5
40A
330
17
100
AcDbEntity
  8
CUT
100
AcDbLine
 10
418.4336055555557
 20
233.2584555555557
 30
0.0
 11
417.81201111111125
 21
232.50068888888916
 31
0.0
  0
LINE
  5
40B
330
17
100
AcDbEntity
  8
CUT
100
AcDbLine
 10
417.06482777777796
 20
288.62692777777806
 30
0.0
 11
417.3495194444446
 21
287.6888916666669
 31
0.0
  0
LINE
  5
40C
330
17
100
AcDbEntity
  8
CUT
100
AcDbLine
 10
416.9688722222224
 20
203.82620555555573
 30
0.0
 11
433.1444388888891
 21
203.82620555555573
 31
0.0
  0
LINE
  5
40D
330
17
100
AcDbEntity
  8
CUT
100
AcDbLine
 10
420.9944194444446
 20
234.62723333333355
 30
0.0
 11
420.0560305555557
 21
234.34254166666682
 31
0.0
  0
LINE
  5
40E
330
17
100
AcDbEntity
  8
CUT
100
AcDbLine
 10
417.81201111111125
 20
302.38279166666683
 30
0.0
 11
417.3495194444446
 21
301.5184861111113
 31
0.0
  0
LINE
  5
40F
330
17
100
AcDbEntity
  8
CUT
100
AcDbLine
 10
421.9698500000002
 20
284.60138055555575
 30
0.0
 11
425.970702777778
 21
284.60138055555575
 31
0.0
  0
LINE
  5
410
330
17
100
AcDbEntity
  8
CUT
100
AcDbLine
 10
436.1448138888891
 20
277.40930000000026
 30
0.0
 11
433.1444388888891
 21
277.40930000000026
 31
0.0
  0
LINE
  5
411
330
17
100
AcDbEntity
  8
CUT
100
AcDbLine
 10
433.1444388888891
 20
213.82851388888912
 30
0.0
 11
436.1448138888891
 21
213.82851388888912
 31
0.0
  0
LINE
  5
412
330
17
100
AcDbEntity
  8
CUT
100
AcDbLine
 10
417.3495194444446
 20
231.63603055555575
 30
0.0
 11
417.06482777777796
 21
230.69799444444465
 31
0.0
  0
LINE
  5
413
330
17
100
AcDbEntity
  8
CUT
100
AcDbLine
 10
425.970702777778
 20
284.60138055555575
 30
0.0
 11
425.970702777778
 21
224.72158611111135
 31
0.0
  0
LINE
  5
414
330
17
100
AcDbEntity
  8
CUT
100
AcDbLine
 10
425.970702777778
 20
334.30530000000033
 30
0.0
 11
425.970702777778
 21
294.6036888888891
 31
0.0
  0
LINE
  5
415
330
17
100
AcDbEntity
  8
CUT
100
AcDbLine
 10
433.1444388888891
 20
203.82620555555573
 30
0.0
 11
433.1444388888891
 21
213.82851388888912
 31
0.0
  0
LINE
  5
416
330
17
100
AcDbEntity
  8
CUT
100
AcDbLine
 10
433.1444388888891
 20
277.40930000000026
 30
0.0
 11
433.1444388888891
 21
314.30138888888916
 31
0.0
  0
LINE
  5
417
330
17
100
AcDbEntity
  8
CUT
100
AcDbLine
 10
433.1444388888891
 20
324.30334444444463
 30
0.0
 11
433.1444388888891
 21
334.30530000000033
 31
0.0
  0
LINE
  5
418
330
17
100
AcDbEntity
  8
CUT
100
AcDbLine
 10
433.1444388888891
 20
223.83046944444462
 30
0.0
 11
433.1444388888891
 21
267.40734444444473
 31
0.0
  0
LINE
  5
419
330
17
100
AcDbEntity
  8
CUT
100
AcDbLine
 10
416.9688722222224
 20
229.72221111111133
 30
0.0
 11
416.9688722222224
 21
203.82620555555573
 31
0.0
  0
LINE
  5
41A
330
17
100
AcDbEntity
  8
CUT
100
AcDbLine
 10
416.9688722222224
 20
289.6027111111113
 30
0.0
 11
417.06482777777796
 21
288.62692777777806
 31
0.0
  0
LINE
  5
41B
330
17
100
AcDbEntity
  8
CUT
100
AcDbLine
 10
416.9688722222224
 20
299.60466666666684
 30
0.0
 11
416.9688722222224
 21
289.6027111111113
 31
0.0
  0
LINE
  5
41C
330
17
100
AcDbEntity
  8
CUT
100
AcDbLine
 10
422.970327777778
 20
224.72158611111135
 30
0.0
 11
422.970327777778
 21
234.72354166666696
 31
0.0
  0
LINE
  5
41D
330
17
100
AcDbEntity
  8
CUT
100
AcDbLine
 10
422.970327777778
 20
294.6036888888891
 30
0.0
 11
422.970327777778
 21
304.6052916666669
 31
0.0
  0
LINE
  5
41E
330
17
100
AcDbEntity
  8
CUT
100
AcDbLine
 10
417.06482777777796
 20
300.58009722222243
 30
0.0
 11
416.9688722222224
 21
299.60466666666684
 31
0.0
  0
LINE
  5
41F
330
17
100
AcDbEntity
  8
CUT
100
AcDbLine
 10
417.06482777777796
 20
230.69799444444465
 30
0.0
 11
416.9688722222224
 21
229.72221111111133
 31
0.0
  0
LINE
  5
420
330
17
100
AcDbEntity
  8
CUT
100
AcDbLine
 10
436.1448138888891
 20
213.82851388888912
 30
0.0
 11
436.1448138888891
 21
223.83046944444462
 31
0.0
  0
LINE
  5
421
330
17
100
AcDbEntity
  8
CUT
100
AcDbLine
 10
436.1448138888891
 20
267.40734444444473
 30
0.0
 11
436.1448138888891
 21
277.40930000000026
 31
0.0
  0
LINE
  5
422
330
17
100
AcDbEntity
  8
CUT
100
AcDbLine
 10
436.1448138888891
 20
314.30138888888916
 30
0.0
 11
436.1448138888891
 21
324.30334444444463
 31
0.0
  0
LINE
  5
423
330
17
100
AcDbEntity
  8
ENGRAVE
100
AcDbLine
 10
423.8674310922469
 20
211.63843200699802
 30
0.0
 11
422.46745245455156
 21
213.03841064469333
 31
0.0
  0
LINE
  5
424
330
17
100
AcDbEntity
  8
ENGRAVE
100
AcDbLine
 10
422.46745245455156
 20
213.03841064469333
 30
0.0
 11
429.4673456430281
 21
213.03841064469333
 31
0.0
  0
LINE
  5
425
330
17
100
AcDbEntity
  8
ENGRAVE
100
AcDbLine
 10
429.4673456430281
 20
211.63843200699802
 30
0.0
 11
429.4673456430281
 21
214.43838928238864
 31
0.0
  0
LINE
  5
426
330
17
100
AcDbEntity
  8
ENGRAVE
100
AcDbLine
 10
422.46745245455156
 20
220.0383038331699
 30
0.0
 11
422.46745245455156
 21
217.93833587662692
 31
0.0
  0
LINE
  5
427
330
17
100
AcDbEntity
  8
ENGRAVE
100
AcDbLine
 10
422.46745245455156
 20
217.93833587662692
 30
0.0
 11
424.56742041109453
 21
216.5383572389316
 31
0.0
  0
LINE
  5
428
330
17
100
AcDbEntity
  8
ENGRAVE
100
AcDbLine
 10
424.56742041109453
 20
216.5383572389316
 30
0.0
 11
428.0673670053328
 21
216.5383572389316
 31
0.0
  0
LINE
  5
429
330
17
100
AcDbEntity
  8
ENGRAVE
100
AcDbLine
 10
428.0673670053328
 20
216.5383572389316
 30
0.0
 11
429.4673456430281
 21
217.23834655777927
 31
0.0
  0
LINE
  5
42A
330
17
100
AcDbEntity
  8
ENGRAVE
100
AcDbLine
 10
429.4673456430281
 20
217.23834655777927
 30
0.0
 11
429.4673456430281
 21
220.0383038331699
 31
0.0
  0
LINE
  5
42B
330
17
100
AcDbEntity
  8
ENGRAVE
100
AcDbLine
 10
429.4673456430281
 20
220.0383038331699
 30
0.0
 11
428.0673670053328
 21
220.73829315201755
 31
0.0
  0
LINE
  5
42C
330
17
100
AcDbEntity
  8
ENGRAVE
100
AcDbLine
 10
428.0673670053328
 20
220.73829315201755
 30
0.0
 11
427.0173830270613
 21
220.73829315201755
 31
0.0
  0
LINE
  5
42D
330
17
100
AcDbEntity
  8
ENGRAVE
100
AcDbLine
 10
427.0173830270613
 20
220.73829315201755
 30
0.0
 11
425.96739904878984
 21
220.0383038331699
 31
0.0
  0
LINE
  5
42E
330
17
100
AcDbEntity
  8
ENGRAVE
100
AcDbLine
 10
425.96739904878984
 20
220.0383038331699
 30
0.0
 11
425.96739904878984
 21
217.23834655777927
 31
0.0
  0
LINE
  5
42F
330
17
100
AcDbEntity
  8
ENGRAVE
100
AcDbLine
 10
425.96739904878984
 20
217.23834655777927
 30
0.0
 11
427.0173830270613
 21
216.5383572389316
 31
0.0
  0
LINE
  5
430
330
17
100
AcDbEntity
  8
CUT
100
AcDbLine
 10
393.53913611111125
 20
304.6052916666669
 30
0.0
 11
392.53865833333344
 21
304.6052916666669
 31
0.0
  0
LINE
  5
431
330
17
100
AcDbEntity
  8
CUT
100
AcDbLine
 10
389.7601805555556
 20
233.88040277777804
 30
0.0
 11
389.00241388888895
 21
233.25845555555586
 31
0.0
  0
LINE
  5
432
330
17
100
AcDbEntity
  8
CUT
100
AcDbLine
 10
388.38081944444457
 20
286.82423333333355
 30
0.0
 11
389.00241388888895
 21
286.06646666666694
 31
0.0
  0
LINE
  5
433
330
17
100
AcDbEntity
  8
CUT
100
AcDbLine
 10
403.7132472222223
 20
334.30530000000033
 30
0.0
 11
396.5395111111112
 21
334.30530000000033
 31
0.0
  0
LINE
  5
434
330
17
100
AcDbEntity
  8
CUT
100
AcDbLine
 10
387.91832777777785
 20
287.6888916666669
 30
0.0
 11
388.38081944444457
 21
286.82423333333355
 31
0.0
  0
LINE
  5
435
330
17
100
AcDbEntity
  8
CUT
100
AcDbLine
 10
403.7132472222223
 20
314.30138888888916
 30
0.0
 11
406.71362222222234
 21
314.30138888888916
 31
0.0
  0
LINE
  5
436
330
17
100
AcDbEntity
  8
CUT
100
AcDbLine
 10
390.6248388888889
 20
234.34254166666693
 30
0.0
 11
389.7601805555556
 21
233.88040277777804
 31
0.0
  0
LINE
  5
437
330
17
100
AcDbEntity
  8
CUT
100
AcDbLine
 10
390.6248388888889
 20
304.2246444444446
 30
0.0
 11
389.7601805555556
 21
303.7625055555557
 31
0.0
  0
LINE
  5
438
330
17
100
AcDbEntity
  8
CUT
100
AcDbLine
 10
396.5395111111112
 20
224.72158611111135
 30
0.0
 11
393.53913611111125
 21
224.72158611111135
 31
0.0
  0
LINE
  5
439
330
17
100
AcDbEntity
  8
CUT
100
AcDbLine
 10
388.38081944444457
 20
232.50068888888916
 30
0.0
 11
387.91832777777785
 21
231.63603055555575
 31
0.0
  0
LINE
  5
43A
330
17
100
AcDbEntity
  8
CUT
100
AcDbLine
 10
406.71362222222234
 20
324.30334444444463
 30
0.0
 11
403.7132472222223
 21
324.30334444444463
 31
0.0
  0
LINE
  5
43B
330
17
100
AcDbEntity
  8
CUT
100
AcDbLine
 10
391.56322777777785
 20
284.69768888888905
 30
0.0
 11
392.53865833333344
 21
284.60138055555575
 31
0.0
  0
LINE
  5
43C
330
17
100
AcDbEntity
  8
CUT
100
AcDbLine
 10
393.53913611111125
 20
234.72354166666696
 30
0.0
 11
392.53865833333344
 21
234.72354166666696
 31
0.0
  0
LINE
  5
43D
330
17
100
AcDbEntity
  8
CUT
100
AcDbLine
 10
392.53865833333344
 20
304.6052916666669
 30
0.0
 11
391.56322777777785
 21
304.50968888888906
 31
0.0
  0
LINE
  5
43E
330
17
100
AcDbEntity
  8
CUT
100
AcDbLine
 10
406.71362222222234
 20
223.83046944444462
 30
0.0
 11
403.7132472222223
 21
223.83046944444462
 31
0.0
  0
LINE
  5
43F
330
17
100
AcDbEntity
  8
CUT
100
AcDbLine
 10
389.7601805555556
 20
303.7625055555557
 30
0.0
 11
389.00241388888895
 21
303.14091111111134
 31
0.0
  0
LINE
  5
440
330
17
100
AcDbEntity
  8
CUT
100
AcDbLine
 10
403.7132472222223
 20
267.40734444444473
 30
0.0
 11
406.71362222222234
 21
267.40734444444473
 31
0.0
  0
LINE
  5
441
330
17
100
AcDbEntity
  8
CUT
100
AcDbLine
 10
389.00241388888895
 20
286.06646666666694
 30
0.0
 11
389.7601805555556
 21
285.4445194444447
 31
0.0
  0
LINE
  5
442
330
17
100
AcDbEntity
  8
CUT
100
AcDbLine
 10
389.00241388888895
 20
303.14091111111134
 30
0.0
 11
388.38081944444457
 21
302.38279166666683
 31
0.0
  0
LINE
  5
443
330
17
100
AcDbEntity
  8
CUT
100
AcDbLine
 10
387.91832777777785
 20
301.5184861111113
 30
0.0
 11
387.6336361111113
 21
300.58009722222243
 31
0.0
  0
LINE
  5
444
330
17
100
AcDbEntity
  8
CUT
100
AcDbLine
 10
389.7601805555556
 20
285.4445194444447
 30
0.0
 11
390.6248388888889
 21
284.9823805555558
 31
0.0
  0
LINE
  5
445
330
17
100
AcDbEntity
  8
CUT
100
AcDbLine
 10
396.5395111111112
 20
294.6036888888891
 30
0.0
 11
393.53913611111125
 21
294.6036888888891
 31
0.0
  0
LINE
  5
446
330
17
100
AcDbEntity
  8
CUT
100
AcDbLine
 10
390.6248388888889
 20
284.9823805555558
 30
0.0
 11
391.56322777777785
 21
284.69768888888905
 31
0.0
  0
LINE
  5
447
330
17
100
AcDbEntity
  8
CUT
100
AcDbLine
 10
391.56322777777785
 20
304.50968888888906
 30
0.0
 11
390.6248388888889
 21
304.2246444444446
 31
0.0
  0
LINE
  5
448
330
17
100
AcDbEntity
  8
CUT
100
AcDbLine
 10
392.53865833333344
 20
234.72354166666696
 30
0.0
 11
391.56322777777785
 21
234.62723333333366
 31
0.0
  0
LINE
  5
449
330
17
100
AcDbEntity
  8
CUT
100
AcDbLine
 10
389.00241388888895
 20
233.2584555555557
 30
0.0
 11
388.38081944444457
 21
232.50068888888916
 31
0.0
  0
LINE
  5
44A
330
17
100
AcDbEntity
  8
CUT
100
AcDbLine
 10
387.6336361111113
 20
288.62692777777806
 30
0.0
 11
387.91832777777785
 21
287.6888916666669
 31
0.0
  0
LINE
  5
44B
330
17
100
AcDbEntity
  8
CUT
100
AcDbLine
 10
387.53768055555565
 20
203.82620555555573
 30
0.0
 11
403.7132472222223
 21
203.82620555555573
 31
0.0
  0
LINE
  5
44C
330
17
100
AcDbEntity
  8
CUT
100
AcDbLine
 10
391.56322777777785
 20
234.62723333333355
 30
0.0
 11
390.6248388888889
 21
234.34254166666682
 31
0.0
  0
LINE
  5
44D
330
17
100
AcDbEntity
  8
CUT
100
AcDbLine
 10
388.38081944444457
 20
302.38279166666683
 30
0.0
 11
387.91832777777785
 21
301.5184861111113
 31
0.0
  0
LINE
  5
44E
330
17
100
AcDbEntity
  8
CUT
100
AcDbLine
 10
392.53865833333344
 20
284.60138055555575
 30
0.0
 11
396.5395111111112
 21
284.60138055555575
 31
0.0
  0
LINE
  5
44F
330
17
100
AcDbEntity
  8
CUT
100
AcDbLine
 10
406.71362222222234
 20
277.40930000000026
 30
0.0
 11
403.7132472222223
 21
277.40930000000026
 31
0.0
  0
LINE
  5
450
330
17
100
AcDbEntity
  8
CUT
100
AcDbLine
 10
403.7132472222223
 20
213.82851388888912
 30
0.0
 11
406.71362222222234
 21
213.82851388888912
 31
0.0
  0
LINE
  5
451
330
17
100
AcDbEntity
  8
CUT
100
AcDbLine
 10
387.91832777777785
 20
231.63603055555575
 30
0.0
 11
387.6336361111113
 21
230.69799444444465
 31
0.0
  0
LINE
  5
452
330
17
100
AcDbEntity
  8
CUT
100
AcDbLine
 10
396.5395111111112
 20
284.60138055555575
 30
0.0
 11
396.5395111111112
 21
224.72158611111135
 31
0.0
  0
LINE
  5
453
330
17
100
AcDbEntity
  8
CUT
100
AcDbLine
 10
396.5395111111112
 20
334.30530000000033
 30
0.0
 11
396.5395111111112
 21
294.6036888888891
 31
0.0
  0
LINE
  5
454
330
17
100
AcDbEntity
  8
CUT
100
AcDbLine
 10
403.7132472222223
 20
203.82620555555573
 30
0.0
 11
403.7132472222223
 21
213.82851388888912
 31
0.0
  0
LINE
  5
455
330
17
100
AcDbEntity
  8
CUT
100
AcDbLine
 10
403.7132472222223
 20
277.40930000000026
 30
0.0
 11
403.7132472222223
 21
314.30138888888916
 31
0.0
  0
LINE
  5
456
330
17
100
AcDbEntity
  8
CUT
100
AcDbLine
 10
403.7132472222223
 20
324.30334444444463
 30
0.0
 11
403.7132472222223
 21
334.30530000000033
 31
0.0
  0
LINE
  5
457
330
17
100
AcDbEntity
  8
CUT
100
AcDbLine
 10
403.7132472222223
 20
223.83046944444462
 30
0.0
 11
403.7132472222223
 21
267.40734444444473
 31
0.0
  0
LINE
  5
458
330
17
100
AcDbEntity
  8
CUT
100
AcDbLine
 10
387.53768055555565
 20
229.72221111111133
 30
0.0
 11
387.53768055555565
 21
203.82620555555573
 31
0.0
  0
LINE
  5
459
330
17
100
AcDbEntity
  8
CUT
100
AcDbLine
 10
387.53768055555565
 20
289.6027111111113
 30
0.0
 11
387.6336361111113
 21
288.62692777777806
 31
0.0
  0
LINE
  5
45A
330
17
100
AcDbEntity
  8
CUT
100
AcDbLine
 10
387.53768055555565
 20
299.60466666666684
 30
0.0
 11
387.53768055555565
 21
289.6027111111113
 31
0.0
  0
LINE
  5
45B
330
17
100
AcDbEntity
  8
CUT
100
AcDbLine
 10
393.53913611111125
 20
224.72158611111135
 30
0.0
 11
393.53913611111125
 21
234.72354166666696
 31
0.0
  0
LINE
  5
45C
330
17
100
AcDbEntity
  8
CUT
100
AcDbLine
 10
393.53913611111125
 20
294.6036888888891
 30
0.0
 11
393.53913611111125
 21
304.6052916666669
 31
0.0
  0
LINE
  5
45D
330
17
100
AcDbEntity
  8
CUT
100
AcDbLine
 10
387.6336361111113
 20
300.58009722222243
 30
0.0
 11
387.53768055555565
 21
299.60466666666684
 31
0.0
  0
LINE
  5
45E
330
17
100
AcDbEntity
  8
CUT
100
AcDbLine
 10
387.6336361111113
 20
230.69799444444465
 30
0.0
 11
387.53768055555565
 21
229.72221111111133
 31
0.0
  0
LINE
  5
45F
330
17
100
AcDbEntity
  8
CUT
100
AcDbLine
 10
406.71362222222234
 20
213.82851388888912
 30
0.0
 11
406.71362222222234
 21
223.83046944444462
 31
0.0
  0
LINE
  5
460
330
17
100
AcDbEntity
  8
CUT
100
AcDbLine
 10
406.71362222222234
 20
267.40734444444473
 30
0.0
 11
406.71362222222234
 21
277.40930000000026
 31
0.0
  0
LINE
  5
461
330
17
100
AcDbEntity
  8
CUT
100
AcDbLine
 10
406.71362222222234
 20
314.30138888888916
 30
0.0
 11
406.71362222222234
 21
324.30334444444463
 31
0.0
  0
LINE
  5
462
330
17
100
AcDbEntity
  8
ENGRAVE
100
AcDbLine
 10
394.4362394255802
 20
211.63843200699802
 30
0.0
 11
393.0362607878849
 21
213.03841064469333
 31
0.0
  0
LINE
  5
463
330
17
100
AcDbEntity
  8
ENGRAVE
100
AcDbLine
 10
393.0362607878849
 20
213.03841064469333
 30
0.0
 11
400.03615397636145
 21
213.03841064469333
 31
0.0
  0
LINE
  5
464
330
17
100
AcDbEntity
  8
ENGRAVE
100
AcDbLine
 10
400.03615397636145
 20
211.63843200699802
 30
0.0
 11
400.03615397636145
 21
214.43838928238864
 31
0.0
  0
LINE
  5
465
330
17
100
AcDbEntity
  8
ENGRAVE
100
AcDbLine
 10
393.0362607878849
 20
220.0383038331699
 30
0.0
 11
393.0362607878849
 21
217.93833587662692
 31
0.0
  0
LINE
  5
466
330
17
100
AcDbEntity
  8
ENGRAVE
100
AcDbLine
 10
393.0362607878849
 20
217.93833587662692
 30
0.0
 11
395.13622874442785
 21
216.5383572389316
 31
0.0
  0
LINE
  5
467
330
17
100
AcDbEntity
  8
ENGRAVE
100
AcDbLine
 10
395.13622874442785
 20
216.5383572389316
 30
0.0
 11
398.63617533866613
 21
216.5383572389316
 31
0.0
  0
LINE
  5
468
330
17
100
AcDbEntity
  8
ENGRAVE
100
AcDbLine
 10
398.63617533866613
 20
216.5383572389316
 30
0.0
 11
400.03615397636145
 21
217.23834655777927
 31
0.0
  0
LINE
  5
469
330
17
100
AcDbEntity
  8
ENGRAVE
100
AcDbLine
 10
400.03615397636145
 20
217.23834655777927
 30
0.0
 11
400.03615397636145
 21
220.0383038331699
 31
0.0
  0
LINE
  5
46A
330
17
100
AcDbEntity
  8
ENGRAVE
100
AcDbLine
 10
400.03615397636145
 20
220.0383038331699
 30
0.0
 11
398.63617533866613
 21
220.73829315201755
 31
0.0
  0
LINE
  5
46B
330
17
100
AcDbEntity
  8
ENGRAVE
100
AcDbLine
 10
398.63617533866613
 20
220.73829315201755
 30
0.0
 11
397.58619136039465
 21
220.73829315201755
 31
0.0
  0
LINE
  5
46C
330
17
100
AcDbEntity
  8
ENGRAVE
100
AcDbLine
 10
397.58619136039465
 20
220.73829315201755
 30
0.0
 11
396.53620738212317
 21
220.0383038331699
 31
0.0
  0
LINE
  5
46D
330
17
100
AcDbEntity
  8
ENGRAVE
100
AcDbLine
 10
396.53620738212317
 20
220.0383038331699
 30
0.0
 11
396.53620738212317
 21
217.23834655777927
 31
0.0
  0
LINE
  5
46E
330
17
100
AcDbEntity
  8
ENGRAVE
100
AcDbLine
 10
396.53620738212317
 20
217.23834655777927
 30
0.0
 11
397.58619136039465
 21
216.5383572389316
 31
0.0
  0
LINE
  5
46F
330
17
100
AcDbEntity
  8
CUT
100
AcDbLine
 10
436.7695833333335
 20
394.2884361111114
 30
0.0
 11
436.6330583333335
 21
394.7385805555558
 31
0.0
  0
LINE
  5
470
330
17
100
AcDbEntity
  8
CUT
100
AcDbLine
 10
436.6330583333335
 20
394.7385805555558
 30
0.0
 11
436.5868444444446
 21
395.2067166666669
 31
0.0
  0
LINE
  5
471
330
17
100
AcDbEntity
  8
CUT
100
AcDbLine
 10
437.2899305555558
 20
393.50950277777815
 30
0.0
 11
436.9914805555558
 21
393.873216666667
 31
0.0
  0
LINE
  5
472
330
17
100
AcDbEntity
  8
CUT
100
AcDbLine
 10
440.6956472222225
 20
392.10333055555594
 30
0.0
 11
440.33193333333355
 21
392.401780555556
 31
0.0
  0
LINE
  5
473
330
17
100
AcDbEntity
  8
CUT
100
AcDbLine
 10
441.21599444444456
 20
391.3243972222225
 30
0.0
 11
440.9940972222226
 21
391.739616666667
 31
0.0
  0
LINE
  5
474
330
17
100
AcDbEntity
  8
CUT
100
AcDbLine
 10
438.0688638888891
 20
392.98915555555584
 30
0.0
 11
437.6536444444445
 21
393.21105277777815
 31
0.0
  0
LINE
  5
475
330
17
100
AcDbEntity
  8
CUT
100
AcDbLine
 10
440.33193333333355
 20
392.401780555556
 30
0.0
 11
439.9167138888891
 21
392.62367777777814
 31
0.0
  0
LINE
  5
476
330
17
100
AcDbEntity
  8
CUT
100
AcDbLine
 10
438.5190083333336
 20
392.85263055555583
 30
0.0
 11
438.0688638888891
 21
392.98915555555584
 31
0.0
  0
LINE
  5
477
330
17
100
AcDbEntity
  8
CUT
100
AcDbLine
 10
441.3987333333335
 20
337.30530000000033
 30
0.0
 11
441.3987333333335
 21
390.4057638888892
 31
0.0
  0
LINE
  5
478
330
17
100
AcDbEntity
  8
CUT
100
AcDbLine
 10
437.6536444444445
 20
393.21105277777815
 30
0.0
 11
437.2899305555558
 21
393.50950277777815
 31
0.0
  0
LINE
  5
479
330
17
100
AcDbEntity
  8
CUT
100
AcDbLine
 10
436.9914805555558
 20
393.873216666667
 30
0.0
 11
436.7695833333335
 21
394.2884361111114
 31
0.0
  0
LINE
  5
47A
330
17
100
AcDbEntity
  8
CUT
100
AcDbLine
 10
441.3525194444447
 20
390.8742527777781
 30
0.0
 11
441.21599444444456
 21
391.3243972222225
 31
0.0
  0
LINE
  5
47B
330
17
100
AcDbEntity
  8
CUT
100
AcDbLine
 10
439.9167138888891
 20
392.62367777777814
 30
0.0
 11
439.4665694444447
 21
392.7602027777781
 31
0.0
  0
LINE
  5
47C
330
17
100
AcDbEntity
  8
CUT
100
AcDbLine
 10
440.9940972222226
 20
391.739616666667
 30
0.0
 11
440.6956472222225
 21
392.10333055555594
 31
0.0
  0
LINE
  5
47D
330
17
100
AcDbEntity
  8
CUT
100
AcDbLine
 10
441.3987333333335
 20
390.4057638888892
 30
0.0
 11
441.3525194444447
 21
390.8742527777781
 31
0.0
  0
LINE
  5
47E
330
17
100
AcDbEntity
  8
CUT
100
AcDbLine
 10
422.11166666666696
 20
373.64423333333366
 30
0.0
 11
422.11166666666696
 21
371.64398333333367
 31
0.0
  0
LINE
  5
47F
330
17
100
AcDbEntity
  8
CUT
100
AcDbLine
 10
419.11093888888905
 20
357.72055000000034
 30
0.0
 11
419.11093888888905
 21
352.75908333333365
 31
0.0
  0
LINE
  5
480
330
17
100
AcDbEntity
  8
CUT
100
AcDbLine
 10
436.5868444444446
 20
421.9811388888893
 30
0.0
 11
436.5409833333335
 21
422.4496277777781
 31
0.0
  0
LINE
  5
481
330
17
100
AcDbEntity
  8
CUT
100
AcDbLine
 10
422.11166666666696
 20
352.75908333333365
 30
0.0
 11
422.11166666666696
 21
350.75883333333377
 31
0.0
  0
LINE
  5
482
330
17
100
AcDbEntity
  8
CUT
100
AcDbLine
 10
429.5856166666669
 20
384.32352222222255
 30
0.0
 11
423.9196527777779
 21
378.54678611111143
 31
0.0
  0
LINE
  5
483
330
17
100
AcDbEntity
  8
CUT
100
AcDbLine
 10
436.40410555555576
 20
422.90012500000046
 30
0.0
 11
436.18220833333356
 21
423.314991666667
 31
0.0
  0
LINE
  5
484
330
17
100
AcDbEntity
  8
CUT
100
AcDbLine
 10
432.58599166666687
 20
347.75810555555586
 30
0.0
 11
432.58599166666687
 21
337.30530000000033
 31
0.0
  0
LINE
  5
485
330
17
100
AcDbEntity
  8
CUT
100
AcDbLine
 10
435.88375833333356
 20
423.6790583333337
 30
0.0
 11
435.5200444444445
 21
423.97750833333373
 31
0.0
  0
LINE
  5
486
330
17
100
AcDbEntity
  8
CUT
100
AcDbLine
 10
436.5409833333335
 20
422.4496277777781
 30
0.0
 11
436.40410555555576
 21
422.90012500000046
 31
0.0
  0
LINE
  5
487
330
17
100
AcDbEntity
  8
CUT
100
AcDbLine
 10
421.77758611111136
 20
380.64793055555583
 30
0.0
 11
416.9688722222224
 21
375.7453777777781
 31
0.0
  0
LINE
  5
488
330
17
100
AcDbEntity
  8
CUT
100
AcDbLine
 10
432.58599166666687
 20
395.8071444444447
 30
0.0
 11
432.58599166666687
 21
384.32352222222255
 31
0.0
  0
LINE
  5
489
330
17
100
AcDbEntity
  8
CUT
100
AcDbLine
 10
432.58599166666687
 20
424.3835555555559
 30
0.0
 11
432.58599166666687
 21
416.68030000000044
 31
0.0
  0
LINE
  5
48A
330
17
100
AcDbEntity
  8
CUT
100
AcDbLine
 10
422.11166666666696
 20
366.68251666666697
 30
0.0
 11
422.11166666666696
 21
364.68226666666703
 31
0.0
  0
LINE
  5
48B
330
17
100
AcDbEntity
  8
CUT
100
AcDbLine
 10
419.11093888888905
 20
371.64398333333367
 30
0.0
 11
419.11093888888905
 21
366.68251666666697
 31
0.0
  0
LINE
  5
48C
330
17
100
AcDbEntity
  8
CUT
100
AcDbLine
 10
423.9196527777779
 20
378.54678611111143
 30
0.0
 11
421.77758611111136
 21
380.64793055555583
 31
0.0
  0
LINE
  5
48D
330
17
100
AcDbEntity
  8
CUT
100
AcDbLine
 10
429.5856166666669
 20
416.68030000000044
 30
0.0
 11
429.5856166666669
 21
413.67957222222265
 31
0.0
  0
LINE
  5
48E
330
17
100
AcDbEntity
  8
CUT
100
AcDbLine
 10
429.5856166666669
 20
398.80751944444484
 30
0.0
 11
429.5856166666669
 21
395.8071444444447
 31
0.0
  0
LINE
  5
48F
330
17
100
AcDbEntity
  8
CUT
100
AcDbLine
 10
426.5848888888891
 20
413.67957222222265
 30
0.0
 11
426.5848888888891
 21
398.80751944444484
 31
0.0
  0
LINE
  5
490
330
17
100
AcDbEntity
  8
CUT
100
AcDbLine
 10
435.58671944444455
 20
350.75883333333377
 30
0.0
 11
435.58671944444455
 21
347.75810555555586
 31
0.0
  0
LINE
  5
491
330
17
100
AcDbEntity
  8
CUT
100
AcDbLine
 10
416.9688722222224
 20
375.7453777777781
 30
0.0
 11
419.11093888888905
 21
373.64423333333366
 31
0.0
  0
LINE
  5
492
330
17
100
AcDbEntity
  8
CUT
100
AcDbLine
 10
436.18220833333356
 20
423.314991666667
 30
0.0
 11
435.88375833333356
 21
423.6790583333337
 31
0.0
  0
LINE
  5
493
330
17
100
AcDbEntity
  8
CUT
100
AcDbLine
 10
419.11093888888905
 20
364.68226666666703
 30
0.0
 11
419.11093888888905
 21
359.72080000000034
 31
0.0
  0
LINE
  5
494
330
17
100
AcDbEntity
  8
CUT
100
AcDbLine
 10
435.5200444444445
 20
423.97750833333373
 30
0.0
 11
435.105177777778
 21
424.1994055555559
 31
0.0
  0
LINE
  5
495
330
17
100
AcDbEntity
  8
CUT
100
AcDbLine
 10
436.5868444444446
 20
395.2067166666669
 30
0.0
 11
436.5868444444446
 21
421.9811388888893
 31
0.0
  0
LINE
  5
496
330
17
100
AcDbEntity
  8
CUT
100
AcDbLine
 10
435.105177777778
 20
424.1994055555559
 30
0.0
 11
434.6546805555557
 21
424.33593055555593
 31
0.0
  0
LINE
  5
497
330
17
100
AcDbEntity
  8
CUT
100
AcDbLine
 10
422.11166666666696
 20
359.72080000000034
 30
0.0
 11
422.11166666666696
 21
357.72055000000034
 31
0.0
  0
LINE
  5
498
330
17
100
AcDbEntity
  8
CUT
100
AcDbLine
 10
438.98749722222266
 20
392.806416666667
 30
0.0
 11
438.5190083333336
 21
392.85263055555583
 31
0.0
  0
LINE
  5
499
330
17
100
AcDbEntity
  8
CUT
100
AcDbLine
 10
438.99808055555576
 20
392.806416666667
 30
0.0
 11
438.98749722222266
 21
392.806416666667
 31
0.0
  0
LINE
  5
49A
330
17
100
AcDbEntity
  8
CUT
100
AcDbLine
 10
439.4665694444447
 20
392.7602027777781
 30
0.0
 11
438.98749722222266
 21
392.806416666667
 31
0.0
  0
LINE
  5
49B
330
17
100
AcDbEntity
  8
CUT
100
AcDbLine
 10
432.58599166666687
 20
337.30530000000033
 30
0.0
 11
441.3987333333335
 21
337.30530000000033
 31
0.0
  0
LINE
  5
49C
330
17
100
AcDbEntity
  8
CUT
100
AcDbLine
 10
435.58671944444455
 20
347.75810555555586
 30
0.0
 11
432.58599166666687
 21
347.75810555555586
 31
0.0
  0
LINE
  5
49D
330
17
100
AcDbEntity
  8
CUT
100
AcDbLine
 10
419.11093888888905
 20
352.75908333333365
 30
0.0
 11
422.11166666666696
 21
352.75908333333365
 31
0.0
  0
LINE
  5
49E
330
17
100
AcDbEntity
  8
CUT
100
AcDbLine
 10
422.11166666666696
 20
350.75883333333377
 30
0.0
 11
435.58671944444455
 21
350.75883333333377
 31
0.0
  0
LINE
  5
49F
330
17
100
AcDbEntity
  8
CUT
100
AcDbLine
 10
432.58599166666687
 20
384.32352222222255
 30
0.0
 11
429.5856166666669
 21
384.32352222222255
 31
0.0
  0
LINE
  5
4A0
330
17
100
AcDbEntity
  8
CUT
100
AcDbLine
 10
429.5856166666669
 20
395.8071444444447
 30
0.0
 11
432.58599166666687
 21
395.8071444444447
 31
0.0
  0
LINE
  5
4A1
330
17
100
AcDbEntity
  8
CUT
100
AcDbLine
 10
419.11093888888905
 20
359.72080000000034
 30
0.0
 11
422.11166666666696
 21
359.72080000000034
 31
0.0
  0
LINE
  5
4A2
330
17
100
AcDbEntity
  8
CUT
100
AcDbLine
 10
422.11166666666696
 20
357.72055000000034
 30
0.0
 11
419.11093888888905
 21
357.72055000000034
 31
0.0
  0
LINE
  5
4A3
330
17
100
AcDbEntity
  8
CUT
100
AcDbLine
 10
426.5848888888891
 20
398.80751944444484
 30
0.0
 11
429.5856166666669
 21
398.80751944444484
 31
0.0
  0
LINE
  5
4A4
330
17
100
AcDbEntity
  8
CUT
100
AcDbLine
 10
434.6546805555557
 20
424.33593055555593
 30
0.0
 11
434.1865444444447
 21
424.3824972222226
 31
0.0
  0
LINE
  5
4A5
330
17
100
AcDbEntity
  8
CUT
100
AcDbLine
 10
432.58599166666687
 20
416.68030000000044
 30
0.0
 11
429.5856166666669
 21
416.68030000000044
 31
0.0
  0
LINE
  5
4A6
330
17
100
AcDbEntity
  8
CUT
100
AcDbLine
 10
419.11093888888905
 20
366.68251666666697
 30
0.0
 11
422.11166666666696
 21
366.68251666666697
 31
0.0
  0
LINE
  5
4A7
330
17
100
AcDbEntity
  8
CUT
100
AcDbLine
 10
419.11093888888905
 20
373.64423333333366
 30
0.0
 11
422.11166666666696
 21
373.64423333333366
 31
0.0
  0
LINE
  5
4A8
330
17
100
AcDbEntity
  8
CUT
100
AcDbLine
 10
422.11166666666696
 20
364.68226666666703
 30
0.0
 11
419.11093888888905
 21
364.68226666666703
 31
0.0
  0
LINE
  5
4A9
330
17
100
AcDbEntity
  8
CUT
100
AcDbLine
 10
434.1865444444447
 20
424.3824972222226
 30
0.0
 11
432.58599166666687
 21
424.3824972222226
 31
0.0
  0
LINE
  5
4AA
330
17
100
AcDbEntity
  8
CUT
100
AcDbLine
 10
422.11166666666696
 20
371.64398333333367
 30
0.0
 11
419.11093888888905
 21
371.64398333333367
 31
0.0
  0
LINE
  5
4AB
330
17
100
AcDbEntity
  8
CUT
100
AcDbLine
 10
429.5856166666669
 20
413.67957222222265
 30
0.0
 11
426.5848888888891
 21
413.67957222222265
 31
0.0
  0
LINE
  5
4AC
330
17
100
AcDbEntity
  8
ENGRAVE
100
AcDbLine
 10
427.5527218445157
 20
373.2211118430452
 30
0.0
 11
428.952700482211
 21
374.6210904807405
 31
0.0
  0
LINE
  5
4AD
330
17
100
AcDbEntity
  8
ENGRAVE
100
AcDbLine
 10
428.952700482211
 20
374.6210904807405
 30
0.0
 11
428.952700482211
 21
367.62119729226396
 31
0.0
  0
LINE
  5
4AE
330
17
100
AcDbEntity
  8
ENGRAVE
100
AcDbLine
 10
427.5527218445157
 20
367.62119729226396
 30
0.0
 11
430.3526791199063
 21
367.62119729226396
 31
0.0
  0
LINE
  5
4AF
330
17
100
AcDbEntity
  8
ENGRAVE
100
AcDbLine
 10
432.4526470764493
 20
374.6210904807405
 30
0.0
 11
436.65258298953523
 21
374.6210904807405
 31
0.0
  0
LINE
  5
4B0
330
17
100
AcDbEntity
  8
ENGRAVE
100
AcDbLine
 10
436.65258298953523
 20
374.6210904807405
 30
0.0
 11
433.8526257141446
 21
367.62119729226396
 31
0.0
  0
LINE
  5
4B1
330
17
100
AcDbEntity
  8
CUT
100
AcDbLine
 10
188.28742500000013
 20
86.52232499999994
 30
0.0
 11
188.28742500000013
 21
76.34821388888884
 31
0.0
  0
LINE
  5
4B2
330
17
100
AcDbEntity
  8
CUT
100
AcDbLine
 10
146.1354194444446
 20
75.34808888888884
 30
0.0
 11
146.1354194444446
 21
76.34821388888884
 31
0.0
  0
LINE
  5
4B3
330
17
100
AcDbEntity
  8
CUT
100
AcDbLine
 10
146.5160666666668
 20
73.43426944444445
 30
0.0
 11
146.2313750000002
 21
74.37230555555556
 31
0.0
  0
LINE
  5
4B4
330
17
100
AcDbEntity
  8
CUT
100
AcDbLine
 10
163.9164777777779
 20
71.18989722222224
 30
0.0
 11
163.05217222222242
 21
70.72775833333336
 31
0.0
  0
LINE
  5
4B5
330
17
100
AcDbEntity
  8
CUT
100
AcDbLine
 10
147.6001527777779
 20
71.81184444444443
 30
0.0
 11
146.9782055555556
 21
72.56961111111116
 31
0.0
  0
LINE
  5
4B6
330
17
100
AcDbEntity
  8
CUT
100
AcDbLine
 10
166.04302222222242
 20
74.37230555555556
 30
0.0
 11
165.7586833333334
 21
73.43426944444445
 31
0.0
  0
LINE
  5
4B7
330
17
100
AcDbEntity
  8
CUT
100
AcDbLine
 10
149.2225777777779
 20
70.72775833333336
 30
0.0
 11
148.3579194444446
 21
71.18989722222224
 31
0.0
  0
LINE
  5
4B8
330
17
100
AcDbEntity
  8
CUT
100
AcDbLine
 10
150.16061388888892
 20
70.44306666666665
 30
0.0
 11
149.2225777777779
 21
70.72775833333336
 31
0.0
  0
LINE
  5
4B9
330
17
100
AcDbEntity
  8
CUT
100
AcDbLine
 10
165.2965444444446
 20
72.56961111111116
 30
0.0
 11
164.67459722222242
 21
71.81184444444443
 31
0.0
  0
LINE
  5
4BA
330
17
100
AcDbEntity
  8
CUT
100
AcDbLine
 10
156.1373750000001
 20
76.34821388888884
 30
0.0
 11
156.1373750000001
 21
79.34858888888886
 31
0.0
  0
LINE
  5
4BB
330
17
100
AcDbEntity
  8
CUT
100
AcDbLine
 10
165.7586833333334
 20
73.43426944444445
 30
0.0
 11
165.2965444444446
 21
72.56961111111116
 31
0.0
  0
LINE
  5
4BC
330
17
100
AcDbEntity
  8
CUT
100
AcDbLine
 10
121.38946944444461
 20
86.52232499999994
 30
0.0
 11
121.38946944444461
 21
89.52270000000004
 31
0.0
  0
LINE
  5
4BD
330
17
100
AcDbEntity
  8
CUT
100
AcDbLine
 10
111.38751388888892
 20
79.34858888888886
 30
0.0
 11
111.38751388888892
 21
86.52232499999994
 31
0.0
  0
LINE
  5
4BE
330
17
100
AcDbEntity
  8
CUT
100
AcDbLine
 10
166.1393305555556
 20
76.34821388888884
 30
0.0
 11
166.1393305555556
 21
75.34808888888884
 31
0.0
  0
LINE
  5
4BF
330
17
100
AcDbEntity
  8
CUT
100
AcDbLine
 10
163.05217222222242
 20
70.72775833333336
 30
0.0
 11
162.1137833333334
 21
70.44306666666665
 31
0.0
  0
LINE
  5
4C0
330
17
100
AcDbEntity
  8
CUT
100
AcDbLine
 10
164.67459722222242
 20
71.81184444444443
 30
0.0
 11
163.9164777777779
 21
71.18989722222224
 31
0.0
  0
LINE
  5
4C1
330
17
100
AcDbEntity
  8
CUT
100
AcDbLine
 10
146.9782055555556
 20
72.56961111111116
 30
0.0
 11
146.5160666666668
 21
73.43426944444445
 31
0.0
  0
LINE
  5
4C2
330
17
100
AcDbEntity
  8
CUT
100
AcDbLine
 10
166.1393305555556
 20
75.34808888888884
 30
0.0
 11
166.04302222222242
 21
74.37230555555556
 31
0.0
  0
LINE
  5
4C3
330
17
100
AcDbEntity
  8
CUT
100
AcDbLine
 10
131.3914250000001
 20
89.52270000000004
 30
0.0
 11
131.3914250000001
 21
86.52232499999994
 31
0.0
  0
LINE
  5
4C4
330
17
100
AcDbEntity
  8
CUT
100
AcDbLine
 10
148.3579194444446
 20
71.18989722222224
 30
0.0
 11
147.6001527777779
 21
71.81184444444443
 31
0.0
  0
LINE
  5
4C5
330
17
100
AcDbEntity
  8
CUT
100
AcDbLine
 10
178.2854694444446
 20
89.52270000000004
 30
0.0
 11
178.2854694444446
 21
86.52232499999994
 31
0.0
  0
LINE
  5
4C6
330
17
100
AcDbEntity
  8
CUT
100
AcDbLine
 10
168.28351388888902
 20
86.52232499999994
 30
0.0
 11
168.28351388888902
 21
89.52270000000004
 31
0.0
  0
LINE
  5
4C7
330
17
100
AcDbEntity
  8
CUT
100
AcDbLine
 10
146.2313750000002
 20
74.37230555555556
 30
0.0
 11
146.1354194444446
 21
75.34808888888884
 31
0.0
  0
LINE
  5
4C8
330
17
100
AcDbEntity
  8
CUT
100
AcDbLine
 10
131.3914250000001
 20
86.52232499999994
 30
0.0
 11
168.28351388888902
 21
86.52232499999994
 31
0.0
  0
LINE
  5
4C9
330
17
100
AcDbEntity
  8
CUT
100
AcDbLine
 10
178.2854694444446
 20
86.52232499999994
 30
0.0
 11
188.28742500000013
 21
86.52232499999994
 31
0.0
  0
LINE
  5
4CA
330
17
100
AcDbEntity
  8
CUT
100
AcDbLine
 10
111.38751388888892
 20
86.52232499999994
 30
0.0
 11
121.38946944444461
 21
86.52232499999994
 31
0.0
  0
LINE
  5
4CB
330
17
100
AcDbEntity
  8
CUT
100
AcDbLine
 10
188.28742500000013
 20
76.34821388888884
 30
0.0
 11
166.1393305555556
 21
76.34821388888884
 31
0.0
  0
LINE
  5
4CC
330
17
100
AcDbEntity
  8
CUT
100
AcDbLine
 10
146.1354194444446
 20
76.34821388888884
 30
0.0
 11
156.1373750000001
 21
76.34821388888884
 31
0.0
  0
LINE
  5
4CD
330
17
100
AcDbEntity
  8
CUT
100
AcDbLine
 10
156.1373750000001
 20
79.34858888888886
 30
0.0
 11
111.38751388888892
 21
79.34858888888886
 31
0.0
  0
LINE
  5
4CE
330
17
100
AcDbEntity
  8
CUT
100
AcDbLine
 10
161.13835277777792
 20
70.34711111111113
 30
0.0
 11
151.13639722222243
 21
70.34711111111113
 31
0.0
  0
LINE
  5
4CF
330
17
100
AcDbEntity
  8
CUT
100
AcDbLine
 10
151.13639722222243
 20
70.34711111111113
 30
0.0
 11
150.16061388888892
 21
70.44306666666665
 31
0.0
  0
LINE
  5
4D0
330
17
100
AcDbEntity
  8
CUT
100
AcDbLine
 10
162.1137833333334
 20
70.44306666666665
 30
0.0
 11
161.13835277777792
 21
70.34711111111113
 31
0.0
  0
LINE
  5
4D1
330
17
100
AcDbEntity
  8
CUT
100
AcDbLine
 10
168.28351388888902
 20
89.52270000000004
 30
0.0
 11
178.2854694444446
 21
89.52270000000004
 31
0.0
  0
LINE
  5
4D2
330
17
100
AcDbEntity
  8
CUT
100
AcDbLine
 10
121.38946944444461
 20
89.52270000000004
 30
0.0
 11
131.3914250000001
 21
89.52270000000004
 31
0.0
  0
LINE
  5
4D3
330
17
100
AcDbEntity
  8
ENGRAVE
100
AcDbLine
 10
171.27729758258806
 20
78.91722138733064
 30
0.0
 11
169.87731894489275
 21
80.31720002502595
 31
0.0
  0
LINE
  5
4D4
330
17
100
AcDbEntity
  8
ENGRAVE
100
AcDbLine
 10
169.87731894489275
 20
80.31720002502595
 30
0.0
 11
176.8772121333693
 21
80.31720002502595
 31
0.0
  0
LINE
  5
4D5
330
17
100
AcDbEntity
  8
ENGRAVE
100
AcDbLine
 10
176.8772121333693
 20
78.91722138733064
 30
0.0
 11
176.8772121333693
 21
81.71717866272127
 31
0.0
  0
LINE
  5
4D6
330
17
100
AcDbEntity
  8
ENGRAVE
100
AcDbLine
 10
176.8772121333693
 20
84.51713593811189
 30
0.0
 11
176.8772121333693
 21
86.61710389465486
 31
0.0
  0
LINE
  5
4D7
330
17
100
AcDbEntity
  8
ENGRAVE
100
AcDbLine
 10
176.8772121333693
 20
86.61710389465486
 30
0.0
 11
174.77724417682634
 21
88.01708253235017
 31
0.0
  0
LINE
  5
4D8
330
17
100
AcDbEntity
  8
ENGRAVE
100
AcDbLine
 10
174.77724417682634
 20
88.01708253235017
 30
0.0
 11
171.27729758258806
 21
88.01708253235017
 31
0.0
  0
LINE
  5
4D9
330
17
100
AcDbEntity
  8
ENGRAVE
100
AcDbLine
 10
171.27729758258806
 20
88.01708253235017
 30
0.0
 11
169.87731894489275
 21
87.31709321350252
 31
0.0
  0
LINE
  5
4DA
330
17
100
AcDbEntity
  8
ENGRAVE
100
AcDbLine
 10
169.87731894489275
 20
87.31709321350252
 30
0.0
 11
169.87731894489275
 21
84.51713593811189
 31
0.0
  0
LINE
  5
4DB
330
17
100
AcDbEntity
  8
ENGRAVE
100
AcDbLine
 10
169.87731894489275
 20
84.51713593811189
 30
0.0
 11
171.27729758258806
 21
83.81714661926424
 31
0.0
  0
LINE
  5
4DC
330
17
100
AcDbEntity
  8
ENGRAVE
100
AcDbLine
 10
171.27729758258806
 20
83.81714661926424
 30
0.0
 11
172.32728156085955
 21
83.81714661926424
 31
0.0
  0
LINE
  5
4DD
330
17
100
AcDbEntity
  8
ENGRAVE
100
AcDbLine
 10
172.32728156085955
 20
83.81714661926424
 30
0.0
 11
173.37726553913103
 21
84.51713593811189
 31
0.0
  0
LINE
  5
4DE
330
17
100
AcDbEntity
  8
ENGRAVE
100
AcDbLine
 10
173.37726553913103
 20
84.51713593811189
 30
0.0
 11
173.37726553913103
 21
87.31709321350252
 31
0.0
  0
LINE
  5
4DF
330
17
100
AcDbEntity
  8
ENGRAVE
100
AcDbLine
 10
173.37726553913103
 20
87.31709321350252
 30
0.0
 11
172.32728156085955
 21
88.01708253235017
 31
0.0
  0
LINE
  5
4E0
330
17
100
AcDbEntity
  8
CUT
100
AcDbLine
 10
188.28742500000013
 20
298.8253805555555
 30
0.0
 11
188.28742500000013
 21
288.65126944444444
 31
0.0
  0
LINE
  5
4E1
330
17
100
AcDbEntity
  8
CUT
100
AcDbLine
 10
146.1354194444446
 20
287.6511444444444
 30
0.0
 11
146.1354194444446
 21
288.65126944444444
 31
0.0
  0
LINE
  5
4E2
330
17
100
AcDbEntity
  8
CUT
100
AcDbLine
 10
146.5160666666668
 20
285.73732500000006
 30
0.0
 11
146.2313750000002
 21
286.67536111111116
 31
0.0
  0
LINE
  5
4E3
330
17
100
AcDbEntity
  8
CUT
100
AcDbLine
 10
163.9164777777779
 20
283.4929527777779
 30
0.0
 11
163.05217222222242
 21
283.03081388888893
 31
0.0
  0
LINE
  5
4E4
330
17
100
AcDbEntity
  8
CUT
100
AcDbLine
 10
147.6001527777779
 20
284.11490000000003
 30
0.0
 11
146.9782055555556
 21
284.87266666666676
 31
0.0
  0
LINE
  5
4E5
330
17
100
AcDbEntity
  8
CUT
100
AcDbLine
 10
166.04302222222242
 20
286.67536111111116
 30
0.0
 11
165.7586833333334
 21
285.73732500000006
 31
0.0
  0
LINE
  5
4E6
330
17
100
AcDbEntity
  8
CUT
100
AcDbLine
 10
149.2225777777779
 20
283.03081388888893
 30
0.0
 11
148.3579194444446
 21
283.4929527777779
 31
0.0
  0
LINE
  5
4E7
330
17
100
AcDbEntity
  8
CUT
100
AcDbLine
 10
150.16061388888892
 20
282.74612222222225
 30
0.0
 11
149.2225777777779
 21
283.03081388888893
 31
0.0
  0
LINE
  5
4E8
330
17
100
AcDbEntity
  8
CUT
100
AcDbLine
 10
165.2965444444446
 20
284.87266666666676
 30
0.0
 11
164.67459722222242
 21
284.11490000000003
 31
0.0
  0
LINE
  5
4E9
330
17
100
AcDbEntity
  8
CUT
100
AcDbLine
 10
156.1373750000001
 20
288.65126944444444
 30
0.0
 11
156.1373750000001
 21
291.65164444444446
 31
0.0
  0
LINE
  5
4EA
330
17
100
AcDbEntity
  8
CUT
100
AcDbLine
 10
165.7586833333334
 20
285.73732500000006
 30
0.0
 11
165.2965444444446
 21
284.87266666666676
 31
0.0
  0
LINE
  5
4EB
330
17
100
AcDbEntity
  8
CUT
100
AcDbLine
 10
121.38946944444461
 20
298.8253805555555
 30
0.0
 11
121.38946944444461
 21
301.82575555555565
 31
0.0
  0
LINE
  5
4EC
330
17
100
AcDbEntity
  8
CUT
100
AcDbLine
 10
111.38751388888892
 20
291.65164444444446
 30
0.0
 11
111.38751388888892
 21
298.8253805555555
 31
0.0
  0
LINE
  5
4ED
330
17
100
AcDbEntity
  8
CUT
100
AcDbLine
 10
166.1393305555556
 20
288.65126944444444
 30
0.0
 11
166.1393305555556
 21
287.6511444444444
 31
0.0
  0
LINE
  5
4EE
330
17
100
AcDbEntity
  8
CUT
100
AcDbLine
 10
163.05217222222242
 20
283.03081388888893
 30
0.0
 11
162.1137833333334
 21
282.74612222222225
 31
0.0
  0
LINE
  5
4EF
330
17
100
AcDbEntity
  8
CUT
100
AcDbLine
 10
164.67459722222242
 20
284.11490000000003
 30
0.0
 11
163.9164777777779
 21
283.4929527777779
 31
0.0
  0
LINE
  5
4F0
330
17
100
AcDbEntity
  8
CUT
100
AcDbLine
 10
146.9782055555556
 20
284.87266666666676
 30
0.0
 11
146.5160666666668
 21
285.73732500000006
 31
0.0
  0
LINE
  5
4F1
330
17
100
AcDbEntity
  8
CUT
100
AcDbLine
 10
166.1393305555556
 20
287.6511444444444
 30
0.0
 11
166.04302222222242
 21
286.67536111111116
 31
0.0
  0
LINE
  5
4F2
330
17
100
AcDbEntity
  8
CUT
100
AcDbLine
 10
131.3914250000001
 20
301.82575555555565
 30
0.0
 11
131.3914250000001
 21
298.8253805555555
 31
0.0
  0
LINE
  5
4F3
330
17
100
AcDbEntity
  8
CUT
100
AcDbLine
 10
148.3579194444446
 20
283.4929527777779
 30
0.0
 11
147.6001527777779
 21
284.11490000000003
 31
0.0
  0
LINE
  5
4F4
330
17
100
AcDbEntity
  8
CUT
100
AcDbLine
 10
178.2854694444446
 20
301.82575555555565
 30
0.0
 11
178.2854694444446
 21
298.8253805555555
 31
0.0
  0
LINE
  5
4F5
330
17
100
AcDbEntity
  8
CUT
100
AcDbLine
 10
168.28351388888902
 20
298.8253805555555
 30
0.0
 11
168.28351388888902
 21
301.82575555555565
 31
0.0
  0
LINE
  5
4F6
330
17
100
AcDbEntity
  8
CUT
100
AcDbLine
 10
146.2313750000002
 20
286.67536111111116
 30
0.0
 11
146.1354194444446
 21
287.6511444444444
 31
0.0
  0
LINE
  5
4F7
330
17
100
AcDbEntity
  8
CUT
100
AcDbLine
 10
131.3914250000001
 20
298.8253805555555
 30
0.0
 11
168.28351388888902
 21
298.8253805555555
 31
0.0
  0
LINE
  5
4F8
330
17
100
AcDbEntity
  8
CUT
100
AcDbLine
 10
178.2854694444446
 20
298.8253805555555
 30
0.0
 11
188.28742500000013
 21
298.8253805555555
 31
0.0
  0
LINE
  5
4F9
330
17
100
AcDbEntity
  8
CUT
100
AcDbLine
 10
111.38751388888892
 20
298.8253805555555
 30
0.0
 11
121.38946944444461
 21
298.8253805555555
 31
0.0
  0
LINE
  5
4FA
330
17
100
AcDbEntity
  8
CUT
100
AcDbLine
 10
188.28742500000013
 20
288.65126944444444
 30
0.0
 11
166.1393305555556
 21
288.65126944444444
 31
0.0
  0
LINE
  5
4FB
330
17
100
AcDbEntity
  8
CUT
100
AcDbLine
 10
146.1354194444446
 20
288.65126944444444
 30
0.0
 11
156.1373750000001
 21
288.65126944444444
 31
0.0
  0
LINE
  5
4FC
330
17
100
AcDbEntity
  8
CUT
100
AcDbLine
 10
156.1373750000001
 20
291.65164444444446
 30
0.0
 11
111.38751388888892
 21
291.65164444444446
 31
0.0
  0
LINE
  5
4FD
330
17
100
AcDbEntity
  8
CUT
100
AcDbLine
 10
161.13835277777792
 20
282.65016666666673
 30
0.0
 11
151.13639722222243
 21
282.65016666666673
 31
0.0
  0
LINE
  5
4FE
330
17
100
AcDbEntity
  8
CUT
100
AcDbLine
 10
151.13639722222243
 20
282.65016666666673
 30
0.0
 11
150.16061388888892
 21
282.74612222222225
 31
0.0
  0
LINE
  5
4FF
330
17
100
AcDbEntity
  8
CUT
100
AcDbLine
 10
162.1137833333334
 20
282.74612222222225
 30
0.0
 11
161.13835277777792
 21
282.65016666666673
 31
0.0
  0
LINE
  5
500
330
17
100
AcDbEntity
  8
CUT
100
AcDbLine
 10
168.28351388888902
 20
301.82575555555565
 30
0.0
 11
178.2854694444446
 21
301.82575555555565
 31
0.0
  0
LINE
  5
501
330
17
100
AcDbEntity
  8
CUT
100
AcDbLine
 10
121.38946944444461
 20
301.82575555555565
 30
0.0
 11
131.3914250000001
 21
301.82575555555565
 31
0.0
  0
LINE
  5
502
330
17
100
AcDbEntity
  8
ENGRAVE
100
AcDbLine
 10
171.27729758258806
 20
291.22027694288624
 30
0.0
 11
169.87731894489275
 21
292.62025558058156
 31
0.0
  0
LINE
  5
503
330
17
100
AcDbEntity
  8
ENGRAVE
100
AcDbLine
 10
169.87731894489275
 20
292.62025558058156
 30
0.0
 11
176.8772121333693
 21
292.62025558058156
 31
0.0
  0
LINE
  5
504
330
17
100
AcDbEntity
  8
ENGRAVE
100
AcDbLine
 10
176.8772121333693
 20
291.22027694288624
 30
0.0
 11
176.8772121333693
 21
294.02023421827687
 31
0.0
  0
LINE
  5
505
330
17
100
AcDbEntity
  8
ENGRAVE
100
AcDbLine
 10
176.8772121333693
 20
296.8201914936675
 30
0.0
 11
176.8772121333693
 21
298.92015945021046
 31
0.0
  0
LINE
  5
506
330
17
100
AcDbEntity
  8
ENGRAVE
100
AcDbLine
 10
176.8772121333693
 20
298.92015945021046
 30
0.0
 11
174.77724417682634
 21
300.3201380879058
 31
0.0
  0
LINE
  5
507
330
17
100
AcDbEntity
  8
ENGRAVE
100
AcDbLine
 10
174.77724417682634
 20
300.3201380879058
 30
0.0
 11
171.27729758258806
 21
300.3201380879058
 31
0.0
  0
LINE
  5
508
330
17
100
AcDbEntity
  8
ENGRAVE
100
AcDbLine
 10
171.27729758258806
 20
300.3201380879058
 30
0.0
 11
169.87731894489275
 21
299.6201487690581
 31
0.0
  0
LINE
  5
509
330
17
100
AcDbEntity
  8
ENGRAVE
100
AcDbLine
 10
169.87731894489275
 20
299.6201487690581
 30
0.0
 11
169.87731894489275
 21
296.8201914936675
 31
0.0
  0
LINE
  5
50A
330
17
100
AcDbEntity
  8
ENGRAVE
100
AcDbLine
 10
169.87731894489275
 20
296.8201914936675
 30
0.0
 11
171.27729758258806
 21
296.12020217481984
 31
0.0
  0
LINE
  5
50B
330
17
100
AcDbEntity
  8
ENGRAVE
100
AcDbLine
 10
171.27729758258806
 20
296.12020217481984
 30
0.0
 11
172.32728156085955
 21
296.12020217481984
 31
0.0
  0
LINE
  5
50C
330
17
100
AcDbEntity
  8
ENGRAVE
100
AcDbLine
 10
172.32728156085955
 20
296.12020217481984
 30
0.0
 11
173.37726553913103
 21
296.8201914936675
 31
0.0
  0
LINE
  5
50D
330
17
100
AcDbEntity
  8
ENGRAVE
100
AcDbLine
 10
173.37726553913103
 20
296.8201914936675
 30
0.0
 11
173.37726553913103
 21
299.6201487690581
 31
0.0
  0
LINE
  5
50E
330
17
100
AcDbEntity
  8
ENGRAVE
100
AcDbLine
 10
173.37726553913103
 20
299.6201487690581
 30
0.0
 11
172.32728156085955
 21
300.3201380879058
 31
0.0
  0
LINE
  5
50F
330
17
100
AcDbEntity
  8
CUT
100
AcDbLine
 10
188.28742500000013
 20
321.0009694444444
 30
0.0
 11
188.28742500000013
 21
310.82685833333335
 31
0.0
  0
LINE
  5
510
330
17
100
AcDbEntity
  8
CUT
100
AcDbLine
 10
146.1354194444446
 20
309.8267333333333
 30
0.0
 11
146.1354194444446
 21
310.82685833333335
 31
0.0
  0
LINE
  5
511
330
17
100
AcDbEntity
  8
CUT
100
AcDbLine
 10
146.5160666666668
 20
307.91291388888897
 30
0.0
 11
146.2313750000002
 21
308.85095000000007
 31
0.0
  0
LINE
  5
512
330
17
100
AcDbEntity
  8
CUT
100
AcDbLine
 10
163.9164777777779
 20
305.6685416666668
 30
0.0
 11
163.05217222222242
 21
305.20640277777784
 31
0.0
  0
LINE
  5
513
330
17
100
AcDbEntity
  8
CUT
100
AcDbLine
 10
147.6001527777779
 20
306.29048888888894
 30
0.0
 11
146.9782055555556
 21
307.04825555555567
 31
0.0
  0
LINE
  5
514
330
17
100
AcDbEntity
  8
CUT
100
AcDbLine
 10
166.04302222222242
 20
308.85095000000007
 30
0.0
 11
165.7586833333334
 21
307.91291388888897
 31
0.0
  0
LINE
  5
515
330
17
100
AcDbEntity
  8
CUT
100
AcDbLine
 10
149.2225777777779
 20
305.20640277777784
 30
0.0
 11
148.3579194444446
 21
305.6685416666668
 31
0.0
  0
LINE
  5
516
330
17
100
AcDbEntity
  8
CUT
100
AcDbLine
 10
150.16061388888892
 20
304.92171111111116
 30
0.0
 11
149.2225777777779
 21
305.20640277777784
 31
0.0
  0
LINE
  5
517
330
17
100
AcDbEntity
  8
CUT
100
AcDbLine
 10
165.2965444444446
 20
307.04825555555567
 30
0.0
 11
164.67459722222242
 21
306.29048888888894
 31
0.0
  0
LINE
  5
518
330
17
100
AcDbEntity
  8
CUT
100
AcDbLine
 10
156.1373750000001
 20
310.82685833333335
 30
0.0
 11
156.1373750000001
 21
313.82723333333337
 31
0.0
  0
LINE
  5
519
330
17
100
AcDbEntity
  8
CUT
100
AcDbLine
 10
165.7586833333334
 20
307.91291388888897
 30
0.0
 11
165.2965444444446
 21
307.04825555555567
 31
0.0
  0
LINE
  5
51A
330
17
100
AcDbEntity
  8
CUT
100
AcDbLine
 10
121.38946944444461
 20
321.0009694444444
 30
0.0
 11
121.38946944444461
 21
324.00134444444456
 31
0.0
  0
LINE
  5
51B
330
17
100
AcDbEntity
  8
CUT
100
AcDbLine
 10
111.38751388888892
 20
313.82723333333337
 30
0.0
 11
111.38751388888892
 21
321.0009694444444
 31
0.0
  0
LINE
  5
51C
330
17
100
AcDbEntity
  8
CUT
100
AcDbLine
 10
166.1393305555556
 20
310.82685833333335
 30
0.0
 11
166.1393305555556
 21
309.8267333333333
 31
0.0
  0
LINE
  5
51D
330
17
100
AcDbEntity
  8
CUT
100
AcDbLine
 10
163.05217222222242
 20
305.20640277777784
 30
0.0
 11
162.1137833333334
 21
304.92171111111116
 31
0.0
  0
LINE
  5
51E
330
17
100
AcDbEntity
  8
CUT
100
AcDbLine
 10
164.67459722222242
 20
306.29048888888894
 30
0.0
 11
163.9164777777779
 21
305.6685416666668
 31
0.0
  0
LINE
  5
51F
330
17
100
AcDbEntity
  8
CUT
100
AcDbLine
 10
146.9782055555556
 20
307.04825555555567
 30
0.0
 11
146.5160666666668
 21
307.91291388888897
 31
0.0
  0
LINE
  5
520
330
17
100
AcDbEntity
  8
CUT
100
AcDbLine
 10
166.1393305555556
 20
309.8267333333333
 30
0.0
 11
166.04302222222242
 21
308.85095000000007
 31
0.0
  0
LINE
  5
521
330
17
100
AcDbEntity
  8
CUT
100
AcDbLine
 10
131.3914250000001
 20
324.00134444444456
 30
0.0
 11
131.3914250000001
 21
321.0009694444444
 31
0.0
  0
LINE
  5
522
330
17
100
AcDbEntity
  8
CUT
100
AcDbLine
 10
148.3579194444446
 20
305.6685416666668
 30
0.0
 11
147.6001527777779
 21
306.29048888888894
 31
0.0
  0
LINE
  5
523
330
17
100
AcDbEntity
  8
CUT
100
AcDbLine
 10
178.2854694444446
 20
324.00134444444456
 30
0.0
 11
178.2854694444446
 21
321.0009694444444
 31
0.0
  0
LINE
  5
524
330
17
100
AcDbEntity
  8
CUT
100
AcDbLine
 10
168.28351388888902
 20
321.0009694444444
 30
0.0
 11
168.28351388888902
 21
324.00134444444456
 31
0.0
  0
LINE
  5
525
330
17
100
AcDbEntity
  8
CUT
100
AcDbLine
 10
146.2313750000002
 20
308.85095000000007
 30
0.0
 11
146.1354194444446
 21
309.8267333333333
 31
0.0
  0
LINE
  5
526
330
17
100
AcDbEntity
  8
CUT
100
AcDbLine
 10
131.3914250000001
 20
321.0009694444444
 30
0.0
 11
168.28351388888902
 21
321.0009694444444
 31
0.0
  0
LINE
  5
527
330
17
100
AcDbEntity
  8
CUT
100
AcDbLine
 10
178.2854694444446
 20
321.0009694444444
 30
0.0
 11
188.28742500000013
 21
321.0009694444444
 31
0.0
  0
LINE
  5
528
330
17
100
AcDbEntity
  8
CUT
100
AcDbLine
 10
111.38751388888892
 20
321.0009694444444
 30
0.0
 11
121.38946944444461
 21
321.0009694444444
 31
0.0
  0
LINE
  5
529
330
17
100
AcDbEntity
  8
CUT
100
AcDbLine
 10
188.28742500000013
 20
310.82685833333335
 30
0.0
 11
166.1393305555556
 21
310.82685833333335
 31
0.0
  0
LINE
  5
52A
330
17
100
AcDbEntity
  8
CUT
100
AcDbLine
 10
146.1354194444446
 20
310.82685833333335
 30
0.0
 11
156.1373750000001
 21
310.82685833333335
 31
0.0
  0
LINE
  5
52B
330
17
100
AcDbEntity
  8
CUT
100
AcDbLine
 10
156.1373750000001
 20
313.82723333333337
 30
0.0
 11
111.38751388888892
 21
313.82723333333337
 31
0.0
  0
LINE
  5
52C
330
17
100
AcDbEntity
  8
CUT
100
AcDbLine
 10
161.13835277777792
 20
304.82575555555565
 30
0.0
 11
151.13639722222243
 21
304.82575555555565
 31
0.0
  0
LINE
  5
52D
330
17
100
AcDbEntity
  8
CUT
100
AcDbLine
 10
151.13639722222243
 20
304.82575555555565
 30
0.0
 11
150.16061388888892
 21
304.92171111111116
 31
0.0
  0
LINE
  5
52E
330
17
100
AcDbEntity
  8
CUT
100
AcDbLine
 10
162.1137833333334
 20
304.92171111111116
 30
0.0
 11
161.13835277777792
 21
304.82575555555565
 31
0.0
  0
LINE
  5
52F
330
17
100
AcDbEntity
  8
CUT
100
AcDbLine
 10
168.28351388888902
 20
324.00134444444456
 30
0.0
 11
178.2854694444446
 21
324.00134444444456
 31
0.0
  0
LINE
  5
530
330
17
100
AcDbEntity
  8
CUT
100
AcDbLine
 10
121.38946944444461
 20
324.00134444444456
 30
0.0
 11
131.3914250000001
 21
324.00134444444456
 31
0.0
  0
LINE
  5
531
330
17
100
AcDbEntity
  8
ENGRAVE
100
AcDbLine
 10
171.27729758258806
 20
313.39586583177515
 30
0.0
 11
169.87731894489275
 21
314.79584446947047
 31
0.0
  0
LINE
  5
532
330
17
100
AcDbEntity
  8
ENGRAVE
100
AcDbLine
 10
169.87731894489275
 20
314.79584446947047
 30
0.0
 11
176.8772121333693
 21
314.79584446947047
 31
0.0
  0
LINE
  5
533
330
17
100
AcDbEntity
  8
ENGRAVE
100
AcDbLine
 10
176.8772121333693
 20
313.39586583177515
 30
0.0
 11
176.8772121333693
 21
316.1958231071658
 31
0.0
  0
LINE
  5
534
330
17
100
AcDbEntity
  8
ENGRAVE
100
AcDbLine
 10
176.8772121333693
 20
318.9957803825564
 30
0.0
 11
176.8772121333693
 21
321.0957483390994
 31
0.0
  0
LINE
  5
535
330
17
100
AcDbEntity
  8
ENGRAVE
100
AcDbLine
 10
176.8772121333693
 20
321.0957483390994
 30
0.0
 11
174.77724417682634
 21
322.4957269767947
 31
0.0
  0
LINE
  5
536
330
17
100
AcDbEntity
  8
ENGRAVE
100
AcDbLine
 10
174.77724417682634
 20
322.4957269767947
 30
0.0
 11
171.27729758258806
 21
322.4957269767947
 31
0.0
  0
LINE
  5
537
330
17
100
AcDbEntity
  8
ENGRAVE
100
AcDbLine
 10
171.27729758258806
 20
322.4957269767947
 30
0.0
 11
169.87731894489275
 21
321.79573765794703
 31
0.0
  0
LINE
  5
538
330
17
100
AcDbEntity
  8
ENGRAVE
100
AcDbLine
 10
169.87731894489275
 20
321.79573765794703
 30
0.0
 11
169.87731894489275
 21
318.9957803825564
 31
0.0
  0
LINE
  5
539
330
17
100
AcDbEntity
  8
ENGRAVE
100
AcDbLine
 10
169.87731894489275
 20
318.9957803825564
 30
0.0
 11
171.27729758258806
 21
318.29579106370875
 31
0.0
  0
LINE
  5
53A
330
17
100
AcDbEntity
  8
ENGRAVE
100
AcDbLine
 10
171.27729758258806
 20
318.29579106370875
 30
0.0
 11
172.32728156085955
 21
318.29579106370875
 31
0.0
  0
LINE
  5
53B
330
17
100
AcDbEntity
  8
ENGRAVE
100
AcDbLine
 10
172.32728156085955
 20
318.29579106370875
 30
0.0
 11
173.37726553913103
 21
318.9957803825564
 31
0.0
  0
LINE
  5
53C
330
17
100
AcDbEntity
  8
ENGRAVE
100
AcDbLine
 10
173.37726553913103
 20
318.9957803825564
 30
0.0
 11
173.37726553913103
 21
321.79573765794703
 31
0.0
  0
LINE
  5
53D
330
17
100
AcDbEntity
  8
ENGRAVE
100
AcDbLine
 10
173.37726553913103
 20
321.79573765794703
 30
0.0
 11
172.32728156085955
 21
322.4957269767947
 31
0.0
  0
LINE
  5
53E
330
17
100
AcDbEntity
  8
CUT
100
AcDbLine
 10
152.55773888888902
 20
438.8488555555558
 30
0.0
 11
152.55773888888902
 21
435.84848055555585
 31
0.0
  0
LINE
  5
53F
330
17
100
AcDbEntity
  8
CUT
100
AcDbLine
 10
154.55798888888907
 20
435.84848055555585
 30
0.0
 11
154.55798888888907
 21
438.8488555555558
 31
0.0
  0
LINE
  5
540
330
17
100
AcDbEntity
  8
CUT
100
AcDbLine
 10
143.53368333333364
 20
441.0290222222225
 30
0.0
 11
145.59602222222233
 21
438.8488555555558
 31
0.0
  0
LINE
  5
541
330
17
100
AcDbEntity
  8
CUT
100
AcDbLine
 10
161.51970555555576
 20
435.84848055555585
 30
0.0
 11
161.51970555555576
 21
438.8488555555558
 31
0.0
  0
LINE
  5
542
330
17
100
AcDbEntity
  8
CUT
100
AcDbLine
 10
166.4811722222224
 20
438.8488555555558
 30
0.0
 11
166.4811722222224
 21
435.84848055555585
 31
0.0
  0
LINE
  5
543
330
17
100
AcDbEntity
  8
CUT
100
AcDbLine
 10
151.45460277777792
 20
422.097202777778
 30
0.0
 11
151.45460277777792
 21
417.7329888888891
 31
0.0
  0
LINE
  5
544
330
17
100
AcDbEntity
  8
CUT
100
AcDbLine
 10
139.9790944444446
 20
417.7329888888891
 30
0.0
 11
139.9790944444446
 21
433.5360222222224
 31
0.0
  0
LINE
  5
545
330
17
100
AcDbEntity
  8
CUT
100
AcDbLine
 10
139.9790944444446
 20
433.5360222222224
 30
0.0
 11
142.68948611111122
 21
436.09965833333365
 31
0.0
  0
LINE
  5
546
330
17
100
AcDbEntity
  8
CUT
100
AcDbLine
 10
181.93495555555555
 20
426.0980555555558
 30
0.0
 11
181.93495555555555
 21
417.7329888888891
 31
0.0
  0
LINE
  5
547
330
17
100
AcDbEntity
  8
CUT
100
AcDbLine
 10
145.59602222222233
 20
438.8488555555558
 30
0.0
 11
145.59602222222233
 21
435.84848055555585
 31
0.0
  0
LINE
  5
548
330
17
100
AcDbEntity
  8
CUT
100
AcDbLine
 10
159.5194555555557
 20
438.8488555555558
 30
0.0
 11
159.5194555555557
 21
435.84848055555585
 31
0.0
  0
LINE
  5
549
330
17
100
AcDbEntity
  8
CUT
100
AcDbLine
 10
168.48142222222233
 20
435.84848055555585
 30
0.0
 11
168.48142222222233
 21
426.0980555555558
 31
0.0
  0
LINE
  5
54A
330
17
100
AcDbEntity
  8
CUT
100
AcDbLine
 10
147.59627222222227
 20
435.84848055555585
 30
0.0
 11
147.59627222222227
 21
438.8488555555558
 31
0.0
  0
LINE
  5
54B
330
17
100
AcDbEntity
  8
CUT
100
AcDbLine
 10
142.68948611111122
 20
436.09965833333365
 30
0.0
 11
140.62750000000014
 21
438.2794722222225
 31
0.0
  0
LINE
  5
54C
330
17
100
AcDbEntity
  8
CUT
100
AcDbLine
 10
140.62750000000014
 20
438.2794722222225
 30
0.0
 11
143.53368333333364
 21
441.0290222222225
 31
0.0
  0
LINE
  5
54D
330
17
100
AcDbEntity
  8
CUT
100
AcDbLine
 10
154.45497777777788
 20
417.7329888888891
 30
0.0
 11
154.45497777777788
 21
422.097202777778
 31
0.0
  0
LINE
  5
54E
330
17
100
AcDbEntity
  8
CUT
100
AcDbLine
 10
147.59627222222227
 20
438.8488555555558
 30
0.0
 11
152.55773888888902
 21
438.8488555555558
 31
0.0
  0
LINE
  5
54F
330
17
100
AcDbEntity
  8
CUT
100
AcDbLine
 10
161.51970555555576
 20
438.8488555555558
 30
0.0
 11
166.4811722222224
 21
438.8488555555558
 31
0.0
  0
LINE
  5
550
330
17
100
AcDbEntity
  8
CUT
100
AcDbLine
 10
154.55798888888907
 20
438.8488555555558
 30
0.0
 11
159.5194555555557
 21
438.8488555555558
 31
0.0
  0
LINE
  5
551
330
17
100
AcDbEntity
  8
CUT
100
AcDbLine
 10
145.59602222222233
 20
435.84848055555585
 30
0.0
 11
147.59627222222227
 21
435.84848055555585
 31
0.0
  0
LINE
  5
552
330
17
100
AcDbEntity
  8
CUT
100
AcDbLine
 10
152.55773888888902
 20
435.84848055555585
 30
0.0
 11
154.55798888888907
 21
435.84848055555585
 31
0.0
  0
LINE
  5
553
330
17
100
AcDbEntity
  8
CUT
100
AcDbLine
 10
166.4811722222224
 20
435.84848055555585
 30
0.0
 11
168.48142222222233
 21
435.84848055555585
 31
0.0
  0
LINE
  5
554
330
17
100
AcDbEntity
  8
CUT
100
AcDbLine
 10
159.5194555555557
 20
435.84848055555585
 30
0.0
 11
161.51970555555576
 21
435.84848055555585
 31
0.0
  0
LINE
  5
555
330
17
100
AcDbEntity
  8
CUT
100
AcDbLine
 10
151.45460277777792
 20
417.7329888888891
 30
0.0
 11
139.9790944444446
 21
417.7329888888891
 31
0.0
  0
LINE
  5
556
330
17
100
AcDbEntity
  8
CUT
100
AcDbLine
 10
181.93495555555555
 20
417.7329888888891
 30
0.0
 11
154.45497777777788
 21
417.7329888888891
 31
0.0
  0
LINE
  5
557
330
17
100
AcDbEntity
  8
CUT
100
AcDbLine
 10
168.48142222222233
 20
426.0980555555558
 30
0.0
 11
181.93495555555555
 21
426.0980555555558
 31
0.0
  0
LINE
  5
558
330
17
100
AcDbEntity
  8
CUT
100
AcDbLine
 10
154.45497777777788
 20
422.097202777778
 30
0.0
 11
151.45460277777792
 21
422.097202777778
 31
0.0
  0
LINE
  5
559
330
17
100
AcDbEntity
  8
ENGRAVE
100
AcDbLine
 10
155.48638814240357
 20
429.96583089066417
 30
0.0
 11
156.18637746125123
 21
431.3658095283595
 31
0.0
  0
LINE
  5
55A
330
17
100
AcDbEntity
  8
ENGRAVE
100
AcDbLine
 10
156.18637746125123
 20
431.3658095283595
 30
0.0
 11
158.98633473664185
 21
431.3658095283595
 31
0.0
  0
LINE
  5
55B
330
17
100
AcDbEntity
  8
ENGRAVE
100
AcDbLine
 10
158.98633473664185
 20
431.3658095283595
 30
0.0
 11
159.6863240554895
 21
429.96583089066417
 31
0.0
  0
LINE
  5
55C
330
17
100
AcDbEntity
  8
ENGRAVE
100
AcDbLine
 10
159.6863240554895
 20
429.96583089066417
 30
0.0
 11
159.6863240554895
 21
428.98584584427743
 31
0.0
  0
LINE
  5
55D
330
17
100
AcDbEntity
  8
ENGRAVE
100
AcDbLine
 10
159.6863240554895
 20
428.98584584427743
 30
0.0
 11
155.48638814240357
 21
424.3659163398829
 31
0.0
  0
LINE
  5
55E
330
17
100
AcDbEntity
  8
ENGRAVE
100
AcDbLine
 10
155.48638814240357
 20
424.3659163398829
 30
0.0
 11
159.6863240554895
 21
424.3659163398829
 31
0.0
  0
LINE
  5
55F
330
17
100
AcDbEntity
  8
ENGRAVE
100
AcDbLine
 10
161.78629201203248
 20
429.96583089066417
 30
0.0
 11
163.1862706497278
 21
431.3658095283595
 31
0.0
  0
LINE
  5
560
330
17
100
AcDbEntity
  8
ENGRAVE
100
AcDbLine
 10
163.1862706497278
 20
431.3658095283595
 30
0.0
 11
163.1862706497278
 21
424.3659163398829
 31
0.0
  0
LINE
  5
561
330
17
100
AcDbEntity
  8
ENGRAVE
100
AcDbLine
 10
161.78629201203248
 20
424.3659163398829
 30
0.0
 11
164.5862492874231
 21
424.3659163398829
 31
0.0
  0
LINE
  5
562
330
17
100
AcDbEntity
  8
CUT
100
AcDbLine
 10
387.53768055555565
 20
337.30530000000033
 30
0.0
 11
410.42308055555566
 21
337.30530000000033
 31
0.0
  0
LINE
  5
563
330
17
100
AcDbEntity
  8
CUT
100
AcDbLine
 10
410.42308055555566
 20
360.6443722222226
 30
0.0
 11
387.53768055555565
 21
360.6443722222226
 31
0.0
  0
LINE
  5
564
330
17
100
AcDbEntity
  8
CUT
100
AcDbLine
 10
387.53768055555565
 20
360.6443722222226
 30
0.0
 11
387.53768055555565
 21
337.30530000000033
 31
0.0
  0
LINE
  5
565
330
17
100
AcDbEntity
  8
CUT
100
AcDbLine
 10
410.42308055555566
 20
337.30530000000033
 30
0.0
 11
410.42308055555566
 21
360.6443722222226
 31
0.0
  0
LINE
  5
566
330
17
100
AcDbEntity
  8
CUT
100
AcDbLine
 10
394.49939722222234
 20
339.3059027777782
 30
0.0
 11
389.53793055555565
 21
339.3059027777782
 31
0.0
  0
LINE
  5
567
330
17
100
AcDbEntity
  8
CUT
100
AcDbLine
 10
389.53793055555565
 20
358.64376944444484
 30
0.0
 11
394.49939722222234
 21
358.64376944444484
 31
0.0
  0
LINE
  5
568
330
17
100
AcDbEntity
  8
CUT
100
AcDbLine
 10
389.53793055555565
 20
339.3059027777782
 30
0.0
 11
389.53793055555565
 21
358.64376944444484
 31
0.0
  0
LINE
  5
569
330
17
100
AcDbEntity
  8
CUT
100
AcDbLine
 10
394.49939722222234
 20
358.64376944444484
 30
0.0
 11
394.49939722222234
 21
339.3059027777782
 31
0.0
  0
LINE
  5
56A
330
17
100
AcDbEntity
  8
CUT
100
AcDbLine
 10
403.4613638888891
 20
358.64376944444484
 30
0.0
 11
408.42283055555566
 21
358.64376944444484
 31
0.0
  0
LINE
  5
56B
330
17
100
AcDbEntity
  8
CUT
100
AcDbLine
 10
408.42283055555566
 20
339.3059027777782
 30
0.0
 11
403.4613638888891
 21
339.3059027777782
 31
0.0
  0
LINE
  5
56C
330
17
100
AcDbEntity
  8
CUT
100
AcDbLine
 10
403.4613638888891
 20
339.3059027777782
 30
0.0
 11
403.4613638888891
 21
358.64376944444484
 31
0.0
  0
LINE
  5
56D
330
17
100
AcDbEntity
  8
CUT
100
AcDbLine
 10
408.42283055555566
 20
358.64376944444484
 30
0.0
 11
408.42283055555566
 21
339.3059027777782
 31
0.0
  0
LINE
  5
56E
330
17
100
AcDbEntity
  8
CUT
100
AcDbLine
 10
401.4611138888889
 20
339.3059027777782
 30
0.0
 11
396.4996472222224
 21
339.3059027777782
 31
0.0
  0
LINE
  5
56F
330
17
100
AcDbEntity
  8
CUT
100
AcDbLine
 10
396.4996472222224
 20
358.64376944444484
 30
0.0
 11
401.4611138888889
 21
358.64376944444484
 31
0.0
  0
LINE
  5
570
330
17
100
AcDbEntity
  8
CUT
100
AcDbLine
 10
396.4996472222224
 20
339.3059027777782
 30
0.0
 11
396.4996472222224
 21
358.64376944444484
 31
0.0
  0
LINE
  5
571
330
17
100
AcDbEntity
  8
CUT
100
AcDbLine
 10
401.4611138888889
 20
358.64376944444484
 30
0.0
 11
401.4611138888889
 21
339.3059027777782
 31
0.0
  0
LINE
  5
572
330
17
100
AcDbEntity
  8
CUT
100
AcDbLine
 10
180.8610777777779
 20
43.543430555555716
 30
0.0
 11
186.82866666666678
 21
43.543430555555716
 31
0.0
  0
LINE
  5
573
330
17
100
AcDbEntity
  8
CUT
100
AcDbLine
 10
186.82866666666678
 20
9.500375000000105
 30
0.0
 11
180.8610777777779
 21
9.500375000000105
 31
0.0
  0
LINE
  5
574
330
17
100
AcDbEntity
  8
CUT
100
AcDbLine
 10
180.8610777777779
 20
9.500375000000105
 30
0.0
 11
180.8610777777779
 21
43.543430555555716
 31
0.0
  0
LINE
  5
575
330
17
100
AcDbEntity
  8
CUT
100
AcDbLine
 10
186.82866666666678
 20
43.543430555555716
 30
0.0
 11
186.82866666666678
 21
9.500375000000105
 31
0.0
  0
LINE
  5
576
330
17
100
AcDbEntity
  8
CUT
100
AcDbLine
 10
189.8290416666668
 20
46.54415833333351
 30
0.0
 11
177.8603500000001
 21
46.54415833333351
 31
0.0
  0
LINE
  5
577
330
17
100
AcDbEntity
  8
CUT
100
AcDbLine
 10
177.8603500000001
 20
6.5
 30
0.0
 11
189.8290416666668
 21
6.5
 31
0.0
  0
LINE
  5
578
330
17
100
AcDbEntity
  8
CUT
100
AcDbLine
 10
189.8290416666668
 20
6.5
 30
0.0
 11
189.8290416666668
 21
46.5441583333334
 31
0.0
  0
LINE
  5
579
330
17
100
AcDbEntity
  8
CUT
100
AcDbLine
 10
177.8603500000001
 20
46.54415833333351
 30
0.0
 11
177.8603500000001
 21
6.5
 31
0.0
  0
LINE
  5
57A
330
17
100
AcDbEntity
  8
ENGRAVE
100
AcDbLine
 10
178.54647205691205
 20
43.07173179541023
 30
0.0
 11
178.36085499148237
 21
43.25734886083992
 31
0.0
  0
LINE
  5
57B
330
17
100
AcDbEntity
  8
ENGRAVE
100
AcDbLine
 10
178.36085499148237
 20
43.25734886083992
 30
0.0
 11
178.36085499148237
 21
43.99981712255867
 31
0.0
  0
LINE
  5
57C
330
17
100
AcDbEntity
  8
ENGRAVE
100
AcDbLine
 10
178.36085499148237
 20
43.99981712255867
 30
0.0
 11
178.54647205691205
 21
44.185434187988356
 31
0.0
  0
LINE
  5
57D
330
17
100
AcDbEntity
  8
ENGRAVE
100
AcDbLine
 10
178.54647205691205
 20
44.185434187988356
 30
0.0
 11
178.99195301394332
 21
44.185434187988356
 31
0.0
  0
LINE
  5
57E
330
17
100
AcDbEntity
  8
ENGRAVE
100
AcDbLine
 10
178.99195301394332
 20
44.185434187988356
 30
0.0
 11
179.177570079373
 21
43.99981712255867
 31
0.0
  0
LINE
  5
57F
330
17
100
AcDbEntity
  8
ENGRAVE
100
AcDbLine
 10
179.177570079373
 20
43.99981712255867
 30
0.0
 11
179.177570079373
 21
43.44296592626961
 31
0.0
  0
LINE
  5
580
330
17
100
AcDbEntity
  8
ENGRAVE
100
AcDbLine
 10
179.177570079373
 20
43.99981712255867
 30
0.0
 11
179.36318714480268
 21
44.185434187988356
 31
0.0
  0
LINE
  5
581
330
17
100
AcDbEntity
  8
ENGRAVE
100
AcDbLine
 10
179.36318714480268
 20
44.185434187988356
 30
0.0
 11
180.03140858034956
 21
44.185434187988356
 31
0.0
  0
LINE
  5
582
330
17
100
AcDbEntity
  8
ENGRAVE
100
AcDbLine
 10
180.03140858034956
 20
44.185434187988356
 30
0.0
 11
180.21702564577924
 21
43.99981712255867
 31
0.0
  0
LINE
  5
583
330
17
100
AcDbEntity
  8
ENGRAVE
100
AcDbLine
 10
180.21702564577924
 20
43.99981712255867
 30
0.0
 11
180.21702564577924
 21
43.25734886083992
 31
0.0
  0
LINE
  5
584
330
17
100
AcDbEntity
  8
ENGRAVE
100
AcDbLine
 10
180.21702564577924
 20
43.25734886083992
 30
0.0
 11
180.03140858034956
 21
43.07173179541023
 31
0.0
  0
LINE
  5
585
330
17
100
AcDbEntity
  8
ENGRAVE
100
AcDbLine
 10
178.36085499148237
 20
45.67037071142586
 30
0.0
 11
178.36085499148237
 21
44.74228538427742
 31
0.0
  0
LINE
  5
586
330
17
100
AcDbEntity
  8
ENGRAVE
100
AcDbLine
 10
178.36085499148237
 20
44.74228538427742
 30
0.0
 11
179.10332325320113
 21
44.74228538427742
 31
0.0
  0
LINE
  5
587
330
17
100
AcDbEntity
  8
ENGRAVE
100
AcDbLine
 10
179.10332325320113
 20
44.74228538427742
 30
0.0
 11
179.10332325320113
 21
45.48475364599617
 31
0.0
  0
LINE
  5
588
330
17
100
AcDbEntity
  8
ENGRAVE
100
AcDbLine
 10
179.10332325320113
 20
45.48475364599617
 30
0.0
 11
179.2889403186308
 21
45.67037071142586
 31
0.0
  0
LINE
  5
589
330
17
100
AcDbEntity
  8
ENGRAVE
100
AcDbLine
 10
179.2889403186308
 20
45.67037071142586
 30
0.0
 11
180.03140858034956
 21
45.67037071142586
 31
0.0
  0
LINE
  5
58A
330
17
100
AcDbEntity
  8
ENGRAVE
100
AcDbLine
 10
180.03140858034956
 20
45.67037071142586
 30
0.0
 11
180.21702564577924
 21
45.48475364599617
 31
0.0
  0
LINE
  5
58B
330
17
100
AcDbEntity
  8
ENGRAVE
100
AcDbLine
 10
180.21702564577924
 20
45.48475364599617
 30
0.0
 11
180.21702564577924
 21
44.74228538427742
 31
0.0
  0
LINE
  5
58C
330
17
100
AcDbEntity
  8
ENGRAVE
100
AcDbLine
 10
180.21702564577924
 20
44.74228538427742
 30
0.0
 11
180.03140858034956
 21
44.556668318847734
 31
0.0
  0
LINE
  5
58D
330
17
100
AcDbEntity
  8
CUT
100
AcDbLine
 10
428.4115722222223
 20
434.2507277777783
 30
0.0
 11
431.4119472222223
 21
434.2507277777783
 31
0.0
  0
LINE
  5
58E
330
17
100
AcDbEntity
  8
CUT
100
AcDbLine
 10
420.8963472222224
 20
442.3427444444448
 30
0.0
 11
416.9688722222224
 21
427.3835555555559
 31
0.0
  0
LINE
  5
58F
330
17
100
AcDbEntity
  8
CUT
100
AcDbLine
 10
416.9688722222224
 20
427.3835555555559
 30
0.0
 11
428.4115722222223
 21
427.3835555555559
 31
0.0
  0
LINE
  5
590
330
17
100
AcDbEntity
  8
CUT
100
AcDbLine
 10
442.8546472222224
 20
427.3835555555559
 30
0.0
 11
438.92681944444456
 21
442.3427444444448
 31
0.0
  0
LINE
  5
591
330
17
100
AcDbEntity
  8
CUT
100
AcDbLine
 10
431.4119472222223
 20
427.3835555555559
 30
0.0
 11
442.8546472222224
 21
427.3835555555559
 31
0.0
  0
LINE
  5
592
330
17
100
AcDbEntity
  8
CUT
100
AcDbLine
 10
438.92681944444456
 20
442.3427444444448
 30
0.0
 11
420.8963472222224
 21
442.3427444444448
 31
0.0
  0
LINE
  5
593
330
17
100
AcDbEntity
  8
CUT
100
AcDbLine
 10
428.4115722222223
 20
427.3835555555559
 30
0.0
 11
428.4115722222223
 21
434.2507277777783
 31
0.0
  0
LINE
  5
594
330
17
100
AcDbEntity
  8
CUT
100
AcDbLine
 10
431.4119472222223
 20
434.2507277777783
 30
0.0
 11
431.4119472222223
 21
427.3835555555559
 31
0.0
  0
LINE
  5
595
330
17
100
AcDbEntity
  8
ENGRAVE
100
AcDbLine
 10
421.1391787648712
 20
428.4220412619305
 30
0.0
 11
420.5267001271759
 21
429.0345198996258
 31
0.0
  0
LINE
  5
596
330
17
100
AcDbEntity
  8
ENGRAVE
100
AcDbLine
 10
420.5267001271759
 20
429.0345198996258
 30
0.0
 11
420.5267001271759
 21
431.48443445040704
 31
0.0
  0
LINE
  5
597
330
17
100
AcDbEntity
  8
ENGRAVE
100
AcDbLine
 10
420.5267001271759
 20
431.48443445040704
 30
0.0
 11
421.1391787648712
 21
432.0969130881024
 31
0.0
  0
LINE
  5
598
330
17
100
AcDbEntity
  8
ENGRAVE
100
AcDbLine
 10
421.1391787648712
 20
432.0969130881024
 30
0.0
 11
422.60912749534
 21
432.0969130881024
 31
0.0
  0
LINE
  5
599
330
17
100
AcDbEntity
  8
ENGRAVE
100
AcDbLine
 10
422.60912749534
 20
432.0969130881024
 30
0.0
 11
423.22160613303527
 21
431.48443445040704
 31
0.0
  0
LINE
  5
59A
330
17
100
AcDbEntity
  8
ENGRAVE
100
AcDbLine
 10
423.22160613303527
 20
431.48443445040704
 30
0.0
 11
423.22160613303527
 21
429.6469985373211
 31
0.0
  0
LINE
  5
59B
330
17
100
AcDbEntity
  8
ENGRAVE
100
AcDbLine
 10
423.22160613303527
 20
431.48443445040704
 30
0.0
 11
423.8340847707306
 21
432.0969130881024
 31
0.0
  0
LINE
  5
59C
330
17
100
AcDbEntity
  8
ENGRAVE
100
AcDbLine
 10
423.8340847707306
 20
432.0969130881024
 30
0.0
 11
426.03900786643374
 21
432.0969130881024
 31
0.0
  0
LINE
  5
59D
330
17
100
AcDbEntity
  8
ENGRAVE
100
AcDbLine
 10
426.03900786643374
 20
432.0969130881024
 30
0.0
 11
426.651486504129
 21
431.48443445040704
 31
0.0
  0
LINE
  5
59E
330
17
100
AcDbEntity
  8
ENGRAVE
100
AcDbLine
 10
426.651486504129
 20
431.48443445040704
 30
0.0
 11
426.651486504129
 21
429.0345198996258
 31
0.0
  0
LINE
  5
59F
330
17
100
AcDbEntity
  8
ENGRAVE
100
AcDbLine
 10
426.651486504129
 20
429.0345198996258
 30
0.0
 11
426.03900786643374
 21
428.4220412619305
 31
0.0
  0
LINE
  5
5A0
330
17
100
AcDbEntity
  8
ENGRAVE
100
AcDbLine
 10
420.5267001271759
 20
433.32187036349296
 30
0.0
 11
420.5267001271759
 21
436.9967421896649
 31
0.0
  0
LINE
  5
5A1
330
17
100
AcDbEntity
  8
ENGRAVE
100
AcDbLine
 10
420.5267001271759
 20
436.9967421896649
 30
0.0
 11
426.651486504129
 21
434.5468276388836
 31
0.0
  0
ENDSEC
  0
SECTION
  2
OBJECTS
  0
DICTIONARY
  5
A
330
0
100
AcDbDictionary
281
1
  3
ACAD_COLOR
350
B
  3
ACAD_GROUP
350
C
  3
ACAD_LAYOUT
350
D
  3
ACAD_MATERIAL
350
E
  3
ACAD_MLEADERSTYLE
350
F
  3
ACAD_MLINESTYLE
350
10
  3
ACAD_PLOTSETTINGS
350
11
  3
ACAD_PLOTSTYLENAME
350
12
  3
ACAD_SCALELIST
350
14
  3
ACAD_TABLESTYLE
350
15
  3
ACAD_VISUALSTYLE
350
16
  3
EZDXF_META
350
2D
  0
DICTIONARY
  5
B
330
A
100
AcDbDictionary
281
1
  0
DICTIONARY
  5
C
330
A
100
AcDbDictionary
281
1
  0
DICTIONARY
  5
D
330
A
100
AcDbDictionary
281
1
  3
Model
350
1A
  3
Layout1
350
1E
  0
DICTIONARY
  5
E
330
A
100
AcDbDictionary
281
1
  3
ByBlock
350
1F
  3
ByLayer
350
20
  3
Global
350
21
  0
DICTIONARY
  5
F
330
A
100
AcDbDictionary
281
1
  3
Standard
350
2C
  0
DICTIONARY
  5
10
330
A
100
AcDbDictionary
281
1
  3
Standard
350
22
  0
DICTIONARY
  5
11
330
A
100
AcDbDictionary
281
1
  0
ACDBDICTIONARYWDFLT
  5
12
330
A
100
AcDbDictionary
281
1
  3
Normal
350
13
100
AcDbDictionaryWithDefault
340
13
  0
ACDBPLACEHOLDER
  5
13
330
12
  0
DICTIONARY
  5
14
330
A
100
AcDbDictionary
281
1
  0
DICTIONARY
  5
15
330
A
100
AcDbDictionary
281
1
  0
DICTIONARY
  5
16
330
A
100
AcDbDictionary
281
1
  0
LAYOUT
  5
1A
330
D
100
AcDbPlotSettings
  1

  4
A3
  6

 40
7.5
 41
20.0
 42
7.5
 43
20.0
 44
420.0
 45
297.0
 46
0.0
 47
0.0
 48
0.0
 49
0.0
140
0.0
141
0.0
142
1.0
143
1.0
 70
1024
 72
1
 73
0
 74
5
  7

 75
16
 76
0
 77
2
 78
300
147
1.0
148
0.0
149
0.0
100
AcDbLayout
  1
Model
 70
1
 71
0
 10
0.0
 20
0.0
 11
420.0
 21
297.0
 12
0.0
 22
0.0
 32
0.0
 14
1e+20
 24
1e+20
 34
1e+20
 15
-1e+20
 25
-1e+20
 35
-1e+20
146
0.0
 13
0.0
 23
0.0
 33
0.0
 16
1.0
 26
0.0
 36
0.0
 17
0.0
 27
1.0
 37
0.0
 76
1
330
17
  0
LAYOUT
  5
1E
330
D
100
AcDbPlotSettings
  1

  4
A3
  6

 40
7.5
 41
20.0
 42
7.5
 43
20.0
 44
420.0
 45
297.0
 46
0.0
 47
0.0
 48
0.0
 49
0.0
140
0.0
141
0.0
142
1.0
143
1.0
 70
0
 72
1
 73
0
 74
5
  7

 75
16
 76
0
 77
2
 78
300
147
1.0
148
0.0
149
0.0
100
AcDbLayout
  1
Layout1
 70
1
 71
1
 10
0.0
 20
0.0
 11
420.0
 21
297.0
 12
0.0
 22
0.0
 32
0.0
 14
1e+20
 24
1e+20
 34
1e+20
 15
-1e+20
 25
-1e+20
 35
-1e+20
146
0.0
 13
0.0
 23
0.0
 33
0.0
 16
1.0
 26
0.0
 36
0.0
 17
0.0
 27
1.0
 37
0.0
 76
1
330
1B
  0
MATERIAL
  5
1F
102
{ACAD_REACTORS
330
E
102
}
330
E
100
AcDbMaterial
  1
ByBlock
  2

 70
0
 40
1.0
 71
1
 41
1.0
 91
-1023410177
 42
1.0
 72
1
  3

 73
1
 74
1
 75
1
 44
0.5
 73
0
 45
1.0
 46
1.0
 77
1
  4

 78
1
 79
1
170
1
 48
1.0
171
1
  6

172
1
173
1
174
1
140
1.0
141
1.0
175
1
  7

176
1
177
1
178
1
143
1.0
179
1
  8

270
1
271
1
272
1
145
1.0
146
1.0
273
1
  9

274
1
275
1
276
1
 42
1.0
 72
1
  3

 73
1
 74
1
 75
1
 94
63
  0
MATERIAL
  5
20
102
{ACAD_REACTORS
330
E
102
}
330
E
100
AcDbMaterial
  1
ByLayer
  2

 70
0
 40
1.0
 71
1
 41
1.0
 91
-1023410177
 42
1.0
 72
1
  3

 73
1
 74
1
 75
1
 44
0.5
 73
0
 45
1.0
 46
1.0
 77
1
  4

 78
1
 79
1
170
1
 48
1.0
171
1
  6

172
1
173
1
174
1
140
1.0
141
1.0
175
1
  7

176
1
177
1
178
1
143
1.0
179
1
  8

270
1
271
1
272
1
145
1.0
146
1.0
273
1
  9

274
1
275
1
276
1
 42
1.0
 72
1
  3

 73
1
 74
1
 75
1
 94
63
  0
MATERIAL
  5
21
102
{ACAD_REACTORS
330
E
102
}
330
E
100
AcDbMaterial
  1
Global
  2

 70
0
 40
1.0
 71
1
 41
1.0
 91
-1023410177
 42
1.0
 72
1
  3

 73
1
 74
1
 75
1
 44
0.5
 73
0
 45
1.0
 46
1.0
 77
1
  4

 78
1
 79
1
170
1
 48
1.0
171
1
  6

172
1
173
1
174
1
140
1.0
141
1.0
175
1
  7

176
1
177
1
178
1
143
1.0
179
1
  8

270
1
271
1
272
1
145
1.0
146
1.0
273
1
  9

274
1
275
1
276
1
 42
1.0
 72
1
  3

 73
1
 74
1
 75
1
 94
63
  0
MLINESTYLE
  5
22
102
{ACAD_REACTORS
330
10
102
}
330
10
100
AcDbMlineStyle
  2
Standard
 70
0
  3

 62
256
 51
90.0
 52
90.0
 71
2
 49
0.5
 62
256
  6
BYLAYER
 49
-0.5
 62
256
  6
BYLAYER
  0
MLEADERSTYLE
  5
2C
102
{ACAD_REACTORS
330
F
102
}
330
F
100
AcDbMLeaderStyle
179
2
170
2
171
1
172
0
 90
2
 40
0.0
 41
0.0
173
1
 91
-1056964608
 92
-2
290
1
 42
2.0
291
1
 43
8.0
  3
Standard
 44
4.0
300

342
29
174
1
175
1
176
0
178
1
 93
-1056964608
 45
4.0
292
0
297
0
 46
4.0
 94
-1056964608
 47
1.0
 49
1.0
140
1.0
294
1
141
0.0
177
0
142
1.0
295
0
296
0
143
3.75
271
0
272
9
273
9
  0
DICTIONARY
  5
2D
330
A
100
AcDbDictionary
280
1
281
1
  3
CREATED_BY_EZDXF
350
2E
  3
WRITTEN_BY_EZDXF
350
5A4
  0
DICTIONARYVAR
  5
2E
330
2D
100
DictionaryVariables
280
0
  1
1.4.4 @ 2026-08-21T00:33:10.118247+00:00
  0
DICTIONARYVAR
  5
5A4
330
2D
100
DictionaryVariables
280
0
  1
1.4.4 @ 2026-08-21T00:33:10.131129+00:00
  0
ENDSEC
  0
EOF
