  0
SECTION
  2
HEADER
  9
$ACADVER
  1
AC1024
  9
$ACADMAINTVER
 70
6
  9
$DWGCODEPAGE
  3
ANSI_1252
  9
$LASTSAVEDBY
  1
ezdxf
  9
$INSBASE
 10
0.0
 20
0.0
 30
0.0
  9
$EXTMIN
 10
1e+20
 20
1e+20
 30
1e+20
  9
$EXTMAX
 10
-1e+20
 20
-1e+20
 30
-1e+20
  9
$LIMMIN
 10
0.0
 20
0.0
  9
$LIMMAX
 10
420.0
 20
297.0
  9
$ORTHOMODE
 70
0
  9
$REGENMODE
 70
1
  9
$FILLMODE
 70
1
  9
$QTEXTMODE
 70
0
  9
$MIRRTEXT
 70
1
  9
$LTSCALE
 40
1.0
  9
$ATTMODE
 70
1
  9
$TEXTSIZE
 40
2.5
  9
$TRACEWID
 40
1.0
  9
$TEXTSTYLE
  7
Standard
  9
$CLAYER
  8
0
  9
$CELTYPE
  6
ByLayer
  9
$CECOLOR
 62
256
  9
$CELTSCALE
 40
1.0
  9
$DISPSILH
 70
0
  9
$DIMSCALE
 40
1.0
  9
$DIMASZ
 40
2.5
  9
$DIMEXO
 40
0.625
  9
$DIMDLI
 40
3.75
  9
$DIMRND
 40
0.0
  9
$DIMDLE
 40
0.0
  9
$DIMEXE
 40
1.25
  9
$DIMTP
 40
0.0
  9
$DIMTM
 40
0.0
  9
$DIMTXT
 40
2.5
  9
$DIMCEN
 40
2.5
  9
$DIMTSZ
 40
0.0
  9
$DIMTOL
 70
0
  9
$DIMLIM
 70
0
  9
$DIMTIH
 70
0
  9
$DIMTOH
 70
0
  9
$DIMSE1
 70
0
  9
$DIMSE2
 70
0
  9
$DIMTAD
 70
1
  9
$DIMZIN
 70
8
  9
$DIMBLK
  1

  9
$DIMASO
 70
1
  9
$DIMSHO
 70
1
  9
$DIMPOST
  1

  9
$DIMAPOST
  1

  9
$DIMALT
 70
0
  9
$DIMALTD
 70
3
  9
$DIMALTF
 40
0.03937007874
  9
$DIMLFAC
 40
1.0
  9
$DIMTOFL
 70
1
  9
$DIMTVP
 40
0.0
  9
$DIMTIX
 70
0
  9
$DIMSOXD
 70
0
  9
$DIMSAH
 70
0
  9
$DIMBLK1
  1

  9
$DIMBLK2
  1

  9
$DIMSTYLE
  2
ISO-25
  9
$DIMCLRD
 70
0
  9
$DIMCLRE
 70
0
  9
$DIMCLRT
 70
0
  9
$DIMTFAC
 40
1.0
  9
$DIMGAP
 40
0.625
  9
$DIMJUST
 70
0
  9
$DIMSD1
 70
0
  9
$DIMSD2
 70
0
  9
$DIMTOLJ
 70
0
  9
$DIMTZIN
 70
8
  9
$DIMALTZ
 70
0
  9
$DIMALTTZ
 70
0
  9
$DIMUPT
 70
0
  9
$DIMDEC
 70
2
  9
$DIMTDEC
 70
2
  9
$DIMALTU
 70
2
  9
$DIMALTTD
 70
3
  9
$DIMTXSTY
  7
Standard
  9
$DIMAUNIT
 70
0
  9
$DIMADEC
 70
0
  9
$DIMALTRND
 40
0.0
  9
$DIMAZIN
 70
0
  9
$DIMDSEP
 70
44
  9
$DIMATFIT
 70
3
  9
$DIMFRAC
 70
0
  9
$DIMLDRBLK
  1

  9
$DIMLUNIT
 70
2
  9
$DIMLWD
 70
-2
  9
$DIMLWE
 70
-2
  9
$DIMTMOVE
 70
0
  9
$DIMFXL
 40
1.0
  9
$DIMFXLON
 70
0
  9
$DIMJOGANG
 40
0.785398163397
  9
$DIMTFILL
 70
0
  9
$DIMTFILLCLR
 70
0
  9
$DIMARCSYM
 70
0
  9
$DIMLTYPE
  6

  9
$DIMLTEX1
  6

  9
$DIMLTEX2
  6

  9
$DIMTXTDIRECTION
 70
0
  9
$LUNITS
 70
2
  9
$LUPREC
 70
4
  9
$SKETCHINC
 40
1.0
  9
$FILLETRAD
 40
10.0
  9
$AUNITS
 70
0
  9
$AUPREC
 70
2
  9
$MENU
  1
.
  9
$ELEVATION
 40
0.0
  9
$PELEVATION
 40
0.0
  9
$THICKNESS
 40
0.0
  9
$LIMCHECK
 70
0
  9
$CHAMFERA
 40
0.0
  9
$CHAMFERB
 40
0.0
  9
$CHAMFERC
 40
0.0
  9
$CHAMFERD
 40
0.0
  9
$SKPOLY
 70
0
  9
$TDCREATE
 40
2461274.3563541668
  9
$TDUCREATE
 40
2458532.153996898
  9
$TDUPDATE
 40
2461274.3563541668
  9
$TDUUPDATE
 40
2458532.1544311
  9
$TDINDWG
 40
0.0
  9
$TDUSRTIMER
 40
0.0
  9
$USRTIMER
 70
1
  9
$ANGBASE
 50
0.0
  9
$ANGDIR
 70
0
  9
$PDMODE
 70
0
  9
$PDSIZE
 40
0.0
  9
$PLINEWID
 40
0.0
  9
$SPLFRAME
 70
0
  9
$SPLINETYPE
 70
6
  9
$SPLINESEGS
 70
8
  9
$HANDSEED
  5
529
  9
$SURFTAB1
 70
6
  9
$SURFTAB2
 70
6
  9
$SURFTYPE
 70
6
  9
$SURFU
 70
6
  9
$SURFV
 70
6
  9
$UCSBASE
  2

  9
$UCSNAME
  2

  9
$UCSORG
 10
0.0
 20
0.0
 30
0.0
  9
$UCSXDIR
 10
1.0
 20
0.0
 30
0.0
  9
$UCSYDIR
 10
0.0
 20
1.0
 30
0.0
  9
$UCSORTHOREF
  2

  9
$UCSORTHOVIEW
 70
0
  9
$UCSORGTOP
 10
0.0
 20
0.0
 30
0.0
  9
$UCSORGBOTTOM
 10
0.0
 20
0.0
 30
0.0
  9
$UCSORGLEFT
 10
0.0
 20
0.0
 30
0.0
  9
$UCSORGRIGHT
 10
0.0
 20
0.0
 30
0.0
  9
$UCSORGFRONT
 10
0.0
 20
0.0
 30
0.0
  9
$UCSORGBACK
 10
0.0
 20
0.0
 30
0.0
  9
$PUCSBASE
  2

  9
$PUCSNAME
  2

  9
$PUCSORG
 10
0.0
 20
0.0
 30
0.0
  9
$PUCSXDIR
 10
1.0
 20
0.0
 30
0.0
  9
$PUCSYDIR
 10
0.0
 20
1.0
 30
0.0
  9
$PUCSORTHOREF
  2

  9
$PUCSORTHOVIEW
 70
0
  9
$PUCSORGTOP
 10
0.0
 20
0.0
 30
0.0
  9
$PUCSORGBOTTOM
 10
0.0
 20
0.0
 30
0.0
  9
$PUCSORGLEFT
 10
0.0
 20
0.0
 30
0.0
  9
$PUCSORGRIGHT
 10
0.0
 20
0.0
 30
0.0
  9
$PUCSORGFRONT
 10
0.0
 20
0.0
 30
0.0
  9
$PUCSORGBACK
 10
0.0
 20
0.0
 30
0.0
  9
$USERI1
 70
0
  9
$USERI2
 70
0
  9
$USERI3
 70
0
  9
$USERI4
 70
0
  9
$USERI5
 70
0
  9
$USERR1
 40
0.0
  9
$USERR2
 40
0.0
  9
$USERR3
 40
0.0
  9
$USERR4
 40
0.0
  9
$USERR5
 40
0.0
  9
$WORLDVIEW
 70
1
  9
$SHADEDGE
 70
3
  9
$SHADEDIF
 70
70
  9
$TILEMODE
 70
1
  9
$MAXACTVP
 70
64
  9
$PINSBASE
 10
0.0
 20
0.0
 30
0.0
  9
$PLIMCHECK
 70
0
  9
$PEXTMIN
 10
1e+20
 20
1e+20
 30
1e+20
  9
$PEXTMAX
 10
-1e+20
 20
-1e+20
 30
-1e+20
  9
$PLIMMIN
 10
0.0
 20
0.0
  9
$PLIMMAX
 10
420.0
 20
297.0
  9
$UNITMODE
 70
0
  9
$VISRETAIN
 70
1
  9
$PLINEGEN
 70
0
  9
$PSLTSCALE
 70
1
  9
$TREEDEPTH
 70
3020
  9
$CMLSTYLE
  2
Standard
  9
$CMLJUST
 70
0
  9
$CMLSCALE
 40
20.0
  9
$PROXYGRAPHICS
 70
1
  9
$MEASUREMENT
 70
1
  9
$CELWEIGHT
370
-1
  9
$ENDCAPS
280
0
  9
$JOINSTYLE
280
0
  9
$LWDISPLAY
290
0
  9
$INSUNITS
 70
4
  9
$HYPERLINKBASE
  1

  9
$STYLESHEET
  1

  9
$XEDIT
290
1
  9
$CEPSNTYPE
380
0
  9
$PSTYLEMODE
290
1
  9
$FINGERPRINTGUID
  2
{0AB57EAD-4F8D-4B81-8556-B9F2BD678A3C}
  9
$VERSIONGUID
  2
{5E5723F9-3A36-44FB-AF33-C1C052BC383C}
  9
$EXTNAMES
290
1
  9
$PSVPSCALE
 40
0.0
  9
$OLESTARTUP
290
0
  9
$SORTENTS
280
127
  9
$INDEXCTL
280
0
  9
$HIDETEXT
280
1
  9
$XCLIPFRAME
280
1
  9
$HALOGAP
280
0
  9
$OBSCOLOR
 70
257
  9
$OBSLTYPE
280
0
  9
$INTERSECTIONDISPLAY
280
0
  9
$INTERSECTIONCOLOR
 70
257
  9
$DIMASSOC
280
2
  9
$PROJECTNAME
  1

  9
$CAMERADISPLAY
290
0
  9
$LENSLENGTH
 40
50.0
  9
$CAMERAHEIGHT
 40
0.0
  9
$STEPSPERSEC
 40
24.0
  9
$STEPSIZE
 40
100.0
  9
$3DDWFPREC
 40
2.0
  9
$PSOLWIDTH
 40
0.005
  9
$PSOLHEIGHT
 40
0.08
  9
$LOFTANG1
 40
1.570796326795
  9
$LOFTANG2
 40
1.570796326795
  9
$LOFTMAG1
 40
0.0
  9
$LOFTMAG2
 40
0.0
  9
$LOFTPARAM
 70
7
  9
$LOFTNORMALS
280
1
  9
$LATITUDE
 40
37.795
  9
$LONGITUDE
 40
-122.394
  9
$NORTHDIRECTION
 40
0.0
  9
$TIMEZONE
 70
-8000
  9
$LIGHTGLYPHDISPLAY
280
1
  9
$TILEMODELIGHTSYNCH
280
1
  9
$CMATERIAL
347
20
  9
$SOLIDHIST
280
0
  9
$SHOWHIST
280
1
  9
$DWFFRAME
280
2
  9
$DGNFRAME
280
2
  9
$REALWORLDSCALE
290
1
  9
$INTERFERECOLOR
 62
256
  9
$CSHADOW
280
0
  9
$SHADOWPLANELOCATION
 40
0.0
  0
ENDSEC
  0
SECTION
  2
CLASSES
  0
CLASS
  1
ACDBDICTIONARYWDFLT
  2
AcDbDictionaryWithDefault
  3
ObjectDBX Classes
 90
0
 91
0
280
0
281
0
  0
CLASS
  1
SUN
  2
AcDbSun
  3
SCENEOE
 90
1153
 91
0
280
0
281
0
  0
CLASS
  1
VISUALSTYLE
  2
AcDbVisualStyle
  3
ObjectDBX Classes
 90
4095
 91
0
280
0
281
0
  0
CLASS
  1
MATERIAL
  2
AcDbMaterial
  3
ObjectDBX Classes
 90
1153
 91
0
280
0
281
0
  0
CLASS
  1
SCALE
  2
AcDbScale
  3
ObjectDBX Classes
 90
1153
 91
0
280
0
281
0
  0
CLASS
  1
TABLESTYLE
  2
AcDbTableStyle
  3
ObjectDBX Classes
 90
4095
 91
0
280
0
281
0
  0
CLASS
  1
MLEADERSTYLE
  2
AcDbMLeaderStyle
  3
ACDB_MLEADERSTYLE_CLASS
 90
4095
 91
0
280
0
281
0
  0
CLASS
  1
DICTIONARYVAR
  2
AcDbDictionaryVar
  3
ObjectDBX Classes
 90
0
 91
0
280
0
281
0
  0
CLASS
  1
CELLSTYLEMAP
  2
AcDbCellStyleMap
  3
ObjectDBX Classes
 90
1152
 91
0
280
0
281
0
  0
CLASS
  1
MENTALRAYRENDERSETTINGS
  2
AcDbMentalRayRenderSettings
  3
SCENEOE
 90
1024
 91
0
280
0
281
0
  0
CLASS
  1
ACDBDETAILVIEWSTYLE
  2
AcDbDetailViewStyle
  3
ObjectDBX Classes
 90
1025
 91
0
280
0
281
0
  0
CLASS
  1
ACDBSECTIONVIEWSTYLE
  2
AcDbSectionViewStyle
  3
ObjectDBX Classes
 90
1025
 91
0
280
0
281
0
  0
CLASS
  1
RASTERVARIABLES
  2
AcDbRasterVariables
  3
ISM
 90
0
 91
0
280
0
281
0
  0
CLASS
  1
ACDBPLACEHOLDER
  2
AcDbPlaceHolder
  3
ObjectDBX Classes
 90
0
 91
0
280
0
281
0
  0
CLASS
  1
LAYOUT
  2
AcDbLayout
  3
ObjectDBX Classes
 90
0
 91
0
280
0
281
0
  0
ENDSEC
  0
SECTION
  2
TABLES
  0
TABLE
  2
VPORT
  5
8
330
0
100
AcDbSymbolTable
 70
1
  0
VPORT
  5
23
330
8
100
AcDbSymbolTableRecord
100
AcDbViewportTableRecord
  2
*Active
 70
0
 10
0.0
 20
0.0
 11
1.0
 21
1.0
 12
0.0
 22
0.0
 13
0.0
 23
0.0
 14
0.5
 24
0.5
 15
0.5
 25
0.5
 16
0.0
 26
0.0
 36
1.0
 17
0.0
 27
0.0
 37
0.0
 40
1000.0
 41
1.34
 42
50.0
 43
0.0
 44
0.0
 50
0.0
 51
0.0
 71
0
 72
1000
 73
1
 74
3
 75
0
 76
0
 77
0
 78
0
281
0
 65
0
146
0.0
  0
ENDTAB
  0
TABLE
  2
LTYPE
  5
2
330
0
100
AcDbSymbolTable
 70
3
  0
LTYPE
  5
24
330
2
100
AcDbSymbolTableRecord
100
AcDbLinetypeTableRecord
  2
ByBlock
 70
0
  3

 72
65
 73
0
 40
0.0
  0
LTYPE
  5
25
330
2
100
AcDbSymbolTableRecord
100
AcDbLinetypeTableRecord
  2
ByLayer
 70
0
  3

 72
65
 73
0
 40
0.0
  0
LTYPE
  5
26
330
2
100
AcDbSymbolTableRecord
100
AcDbLinetypeTableRecord
  2
Continuous
 70
0
  3

 72
65
 73
0
 40
0.0
  0
ENDTAB
  0
TABLE
  2
LAYER
  5
1
330
0
100
AcDbSymbolTable
 70
5
  0
LAYER
  5
27
330
1
100
AcDbSymbolTableRecord
100
AcDbLayerTableRecord
  2
0
 70
0
 62
7
  6
Continuous
370
-3
390
13
347
21
  0
LAYER
  5
28
330
1
100
AcDbSymbolTableRecord
100
AcDbLayerTableRecord
  2
Defpoints
 70
0
 62
7
  6
Continuous
290
0
370
-3
390
13
347
21
  0
LAYER
  5
2F
330
1
100
AcDbSymbolTableRecord
100
AcDbLayerTableRecord
  2
CUT
 70
0
 62
1
  6
Continuous
370
-3
390
13
347
21
  0
LAYER
  5
30
330
1
100
AcDbSymbolTableRecord
100
AcDbLayerTableRecord
  2
SHEET
 70
0
 62
8
  6
Continuous
370
-3
390
13
347
21
  0
LAYER
  5
31
330
1
100
AcDbSymbolTableRecord
100
AcDbLayerTableRecord
  2
ENGRAVE
 70
0
 62
5
  6
Continuous
370
-3
390
13
347
21
  0
ENDTAB
  0
TABLE
  2
STYLE
  5
5
330
0
100
AcDbSymbolTable
 70
1
  0
STYLE
  5
29
330
5
100
AcDbSymbolTableRecord
100
AcDbTextStyleTableRecord
  2
Standard
 70
0
 40
0.0
 41
1.0
 50
0.0
 71
0
 42
2.5
  3
txt
  4

  0
ENDTAB
  0
TABLE
  2
VIEW
  5
7
330
0
100
AcDbSymbolTable
 70
0
  0
ENDTAB
  0
TABLE
  2
UCS
  5
6
330
0
100
AcDbSymbolTable
 70
0
  0
ENDTAB
  0
TABLE
  2
APPID
  5
3
330
0
100
AcDbSymbolTable
 70
3
  0
APPID
  5
2A
330
3
100
AcDbSymbolTableRecord
100
AcDbRegAppTableRecord
  2
ACAD
 70
0
  0
APPID
  5
526
330
3
100
AcDbSymbolTableRecord
100
AcDbRegAppTableRecord
  2
HATCHBACKGROUNDCOLOR
 70
0
  0
APPID
  5
527
330
3
100
AcDbSymbolTableRecord
100
AcDbRegAppTableRecord
  2
EZDXF
 70
0
  0
ENDTAB
  0
TABLE
  2
DIMSTYLE
  5
4
330
0
100
AcDbSymbolTable
 70
1
100
AcDbDimStyleTable
  0
DIMSTYLE
105
2B
330
4
100
AcDbSymbolTableRecord
100
AcDbDimStyleTableRecord
  2
Standard
 70
0
 40
1.0
 41
2.5
 42
0.625
 43
3.75
 44
1.25
 45
0.0
 46
0.0
 47
0.0
 48
0.0
 49
2.5
140
2.5
141
2.5
142
0.0
143
0.03937007874
144
1.0
145
0.0
146
1.0
147
0.625
148
0.0
 69
0
 70
0
 71
0
 72
0
 73
0
 74
0
 75
0
 76
0
 77
1
 78
8
 79
3
170
0
171
3
172
1
173
0
174
0
175
0
176
0
177
0
178
0
179
2
271
2
272
2
273
2
274
3
275
0
276
0
277
2
278
44
279
0
280
0
281
0
282
0
283
0
284
8
285
0
286
0
288
0
289
3
290
0
371
-2
372
-2
  0
ENDTAB
  0
TABLE
  2
BLOCK_RECORD
  5
9
330
0
100
AcDbSymbolTable
 70
2
  0
BLOCK_RECORD
  5
17
330
9
100
AcDbSymbolTableRecord
100
AcDbBlockTableRecord
  2
*Model_Space
340
1A
 70
0
280
1
281
0
  0
BLOCK_RECORD
  5
1B
330
9
100
AcDbSymbolTableRecord
100
AcDbBlockTableRecord
  2
*Paper_Space
340
1E
 70
0
280
1
281
0
  0
ENDTAB
  0
ENDSEC
  0
SECTION
  2
BLOCKS
  0
BLOCK
  5
18
330
17
100
AcDbEntity
  8
0
100
AcDbBlockBegin
  2
*Model_Space
 70
0
 10
0.0
 20
0.0
 30
0.0
  3
*Model_Space
  1

  0
ENDBLK
  5
19
330
17
100
AcDbEntity
  8
0
100
AcDbBlockEnd
  0
BLOCK
  5
1C
330
1B
100
AcDbEntity
  8
0
100
AcDbBlockBegin
  2
*Paper_Space
 70
0
 10
0.0
 20
0.0
 30
0.0
  3
*Paper_Space
  1

  0
ENDBLK
  5
1D
330
1B
100
AcDbEntity
  8
0
100
AcDbBlockEnd
  0
ENDSEC
  0
SECTION
  2
ENTITIES
  0
LINE
  5
32
330
17
100
AcDbEntity
  8
SHEET
100
AcDbLine
 10
0.0
 20
0.0
 30
0.0
 11
450.0
 21
0.0
 31
0.0
  0
LINE
  5
33
330
17
100
AcDbEntity
  8
SHEET
100
AcDbLine
 10
450.0
 20
0.0
 30
0.0
 11
450.0
 21
450.0
 31
0.0
  0
LINE
  5
34
330
17
100
AcDbEntity
  8
SHEET
100
AcDbLine
 10
450.0
 20
450.0
 30
0.0
 11
0.0
 21
450.0
 31
0.0
  0
LINE
  5
35
330
17
100
AcDbEntity
  8
SHEET
100
AcDbLine
 10
0.0
 20
450.0
 30
0.0
 11
0.0
 21
0.0
 31
0.0
  0
LINE
  5
36
330
17
100
AcDbEntity
  8
CUT
100
AcDbLine
 10
179.6179333333334
 20
34.12673333333343
 30
0.0
 11
179.6179333333334
 21
44.12868888888899
 31
0.0
  0
LINE
  5
37
330
17
100
AcDbEntity
  8
CUT
100
AcDbLine
 10
176.6172055555556
 20
44.12868888888899
 30
0.0
 11
176.6172055555556
 21
34.12673333333343
 31
0.0
  0
LINE
  5
38
330
17
100
AcDbEntity
  8
CUT
100
AcDbLine
 10
179.6179333333334
 20
44.12868888888899
 30
0.0
 11
176.6172055555556
 21
44.12868888888899
 31
0.0
  0
LINE
  5
39
330
17
100
AcDbEntity
  8
CUT
100
AcDbLine
 10
176.6172055555556
 20
34.12673333333343
 30
0.0
 11
179.6179333333334
 21
34.12673333333343
 31
0.0
  0
LINE
  5
3A
330
17
100
AcDbEntity
  8
CUT
100
AcDbLine
 10
176.6172055555556
 20
84.6490972222223
 30
0.0
 11
176.6172055555556
 21
74.64714166666683
 31
0.0
  0
LINE
  5
3B
330
17
100
AcDbEntity
  8
CUT
100
AcDbLine
 10
179.6179333333334
 20
74.64714166666683
 30
0.0
 11
179.6179333333334
 21
84.6490972222223
 31
0.0
  0
LINE
  5
3C
330
17
100
AcDbEntity
  8
CUT
100
AcDbLine
 10
179.6179333333334
 20
84.6490972222223
 30
0.0
 11
176.6172055555556
 21
84.6490972222223
 31
0.0
  0
LINE
  5
3D
330
17
100
AcDbEntity
  8
CUT
100
AcDbLine
 10
176.6172055555556
 20
74.64714166666683
 30
0.0
 11
179.6179333333334
 21
74.64714166666683
 31
0.0
  0
LINE
  5
3E
330
17
100
AcDbEntity
  8
CUT
100
AcDbLine
 10
187.95407222222232
 20
12.128569444444622
 30
0.0
 11
188.0500277777778
 21
11.152786111111194
 31
0.0
  0
LINE
  5
3F
330
17
100
AcDbEntity
  8
CUT
100
AcDbLine
 10
214.9338111111111
 20
7.507886111111301
 30
0.0
 11
215.79846944444452
 21
7.9700250000000965
 31
0.0
  0
LINE
  5
40
330
17
100
AcDbEntity
  8
CUT
100
AcDbLine
 10
190.1765722222222
 20
7.9700250000000965
 30
0.0
 11
191.04123055555561
 21
7.507886111111301
 31
0.0
  0
LINE
  5
41
330
17
100
AcDbEntity
  8
CUT
100
AcDbLine
 10
188.79650555555563
 20
9.350091666666831
 30
0.0
 11
189.41845277777782
 21
8.591972222222292
 31
0.0
  0
LINE
  5
42
330
17
100
AcDbEntity
  8
CUT
100
AcDbLine
 10
191.9545722222223
 20
16.129069444444642
 30
0.0
 11
191.9545722222223
 21
13.128341666666817
 31
0.0
  0
LINE
  5
43
330
17
100
AcDbEntity
  8
CUT
100
AcDbLine
 10
189.41845277777782
 20
8.591972222222292
 30
0.0
 11
190.1765722222222
 21
7.9700250000000965
 31
0.0
  0
LINE
  5
44
330
17
100
AcDbEntity
  8
CUT
100
AcDbLine
 10
217.92466111111122
 20
11.152786111111194
 30
0.0
 11
218.0209694444444
 21
12.128569444444622
 31
0.0
  0
LINE
  5
45
330
17
100
AcDbEntity
  8
CUT
100
AcDbLine
 10
194.95530000000002
 20
19.129797222222294
 30
0.0
 11
194.95530000000002
 21
16.129069444444642
 31
0.0
  0
LINE
  5
46
330
17
100
AcDbEntity
  8
CUT
100
AcDbLine
 10
188.3343666666667
 20
10.214397222222415
 30
0.0
 11
188.79650555555563
 21
9.350091666666831
 31
0.0
  0
LINE
  5
47
330
17
100
AcDbEntity
  8
CUT
100
AcDbLine
 10
215.79846944444452
 20
7.9700250000000965
 30
0.0
 11
216.55623611111122
 21
8.591972222222292
 31
0.0
  0
LINE
  5
48
330
17
100
AcDbEntity
  8
CUT
100
AcDbLine
 10
214.02011666666672
 20
13.128341666666817
 30
0.0
 11
214.02011666666672
 21
16.129069444444642
 31
0.0
  0
LINE
  5
49
330
17
100
AcDbEntity
  8
CUT
100
AcDbLine
 10
213.99542222222232
 20
7.223547222222287
 30
0.0
 11
214.9338111111111
 21
7.507886111111301
 31
0.0
  0
LINE
  5
4A
330
17
100
AcDbEntity
  8
CUT
100
AcDbLine
 10
217.63996944444452
 20
10.214397222222415
 30
0.0
 11
217.92466111111122
 21
11.152786111111194
 31
0.0
  0
LINE
  5
4B
330
17
100
AcDbEntity
  8
CUT
100
AcDbLine
 10
216.55623611111122
 20
8.591972222222292
 30
0.0
 11
217.1781833333334
 21
9.350091666666831
 31
0.0
  0
LINE
  5
4C
330
17
100
AcDbEntity
  8
CUT
100
AcDbLine
 10
188.0500277777778
 20
11.152786111111194
 30
0.0
 11
188.3343666666667
 21
10.214397222222415
 31
0.0
  0
LINE
  5
4D
330
17
100
AcDbEntity
  8
CUT
100
AcDbLine
 10
191.04123055555561
 20
7.507886111111301
 30
0.0
 11
191.97926666666672
 21
7.223547222222287
 31
0.0
  0
LINE
  5
4E
330
17
100
AcDbEntity
  8
CUT
100
AcDbLine
 10
218.0209694444444
 20
12.128569444444622
 30
0.0
 11
218.0209694444444
 21
13.128341666666817
 31
0.0
  0
LINE
  5
4F
330
17
100
AcDbEntity
  8
CUT
100
AcDbLine
 10
211.01938888888893
 20
16.129069444444642
 30
0.0
 11
211.01938888888893
 21
19.129797222222294
 31
0.0
  0
LINE
  5
50
330
17
100
AcDbEntity
  8
CUT
100
AcDbLine
 10
217.1781833333334
 20
9.350091666666831
 30
0.0
 11
217.63996944444452
 21
10.214397222222415
 31
0.0
  0
LINE
  5
51
330
17
100
AcDbEntity
  8
CUT
100
AcDbLine
 10
187.95407222222232
 20
13.128341666666817
 30
0.0
 11
187.95407222222232
 21
12.128569444444622
 31
0.0
  0
LINE
  5
52
330
17
100
AcDbEntity
  8
CUT
100
AcDbLine
 10
214.02011666666672
 20
16.129069444444642
 30
0.0
 11
211.01938888888893
 21
16.129069444444642
 31
0.0
  0
LINE
  5
53
330
17
100
AcDbEntity
  8
CUT
100
AcDbLine
 10
194.95530000000002
 20
16.129069444444642
 30
0.0
 11
191.9545722222223
 21
16.129069444444642
 31
0.0
  0
LINE
  5
54
330
17
100
AcDbEntity
  8
CUT
100
AcDbLine
 10
191.9545722222223
 20
13.128341666666817
 30
0.0
 11
187.95407222222232
 21
13.128341666666817
 31
0.0
  0
LINE
  5
55
330
17
100
AcDbEntity
  8
CUT
100
AcDbLine
 10
218.0209694444444
 20
13.128341666666817
 30
0.0
 11
214.02011666666672
 21
13.128341666666817
 31
0.0
  0
LINE
  5
56
330
17
100
AcDbEntity
  8
CUT
100
AcDbLine
 10
211.01938888888893
 20
19.129797222222294
 30
0.0
 11
194.95530000000002
 21
19.129797222222294
 31
0.0
  0
LINE
  5
57
330
17
100
AcDbEntity
  8
CUT
100
AcDbLine
 10
192.95469722222222
 20
7.127238888888993
 30
0.0
 11
213.01963888888892
 21
7.127238888888993
 31
0.0
  0
LINE
  5
58
330
17
100
AcDbEntity
  8
CUT
100
AcDbLine
 10
213.01963888888892
 20
7.127238888888993
 30
0.0
 11
213.99542222222232
 21
7.223547222222287
 31
0.0
  0
LINE
  5
59
330
17
100
AcDbEntity
  8
CUT
100
AcDbLine
 10
191.97926666666672
 20
7.223547222222287
 30
0.0
 11
192.95469722222222
 21
7.127238888888993
 31
0.0
  0
LINE
  5
5A
330
17
100
AcDbEntity
  8
CUT
100
AcDbLine
 10
9.500375000000009
 20
17.57475277777792
 30
0.0
 11
9.500375000000009
 21
27.57635555555581
 31
0.0
  0
LINE
  5
5B
330
17
100
AcDbEntity
  8
CUT
100
AcDbLine
 10
187.61364166666672
 20
97.65142777777791
 30
0.0
 11
187.61364166666672
 21
94.6510527777779
 31
0.0
  0
LINE
  5
5C
330
17
100
AcDbEntity
  8
CUT
100
AcDbLine
 10
256.6663638888889
 20
94.6510527777779
 30
0.0
 11
256.6663638888889
 21
97.65142777777791
 31
0.0
  0
LINE
  5
5D
330
17
100
AcDbEntity
  8
CUT
100
AcDbLine
 10
6.500000000000009
 20
6.5
 30
0.0
 11
6.500000000000009
 21
17.57475277777792
 31
0.0
  0
LINE
  5
5E
330
17
100
AcDbEntity
  8
CUT
100
AcDbLine
 10
266.6683194444444
 20
97.65142777777791
 30
0.0
 11
266.6683194444444
 21
94.6510527777779
 31
0.0
  0
LINE
  5
5F
330
17
100
AcDbEntity
  8
CUT
100
AcDbLine
 10
279.67065
 20
34.12673333333343
 30
0.0
 11
279.67065
 21
24.33221111111122
 31
0.0
  0
LINE
  5
60
330
17
100
AcDbEntity
  8
CUT
100
AcDbLine
 10
279.67065
 20
94.6510527777779
 30
0.0
 11
279.67065
 21
84.6490972222223
 31
0.0
  0
LINE
  5
61
330
17
100
AcDbEntity
  8
CUT
100
AcDbLine
 10
276.6702749999999
 20
84.6490972222223
 30
0.0
 11
276.6702749999999
 21
74.64714166666683
 31
0.0
  0
LINE
  5
62
330
17
100
AcDbEntity
  8
CUT
100
AcDbLine
 10
29.504286111111114
 20
97.65142777777791
 30
0.0
 11
29.504286111111114
 21
94.6510527777779
 31
0.0
  0
LINE
  5
63
330
17
100
AcDbEntity
  8
CUT
100
AcDbLine
 10
276.6702749999999
 20
44.12868888888899
 30
0.0
 11
276.6702749999999
 21
34.12673333333343
 31
0.0
  0
LINE
  5
64
330
17
100
AcDbEntity
  8
CUT
100
AcDbLine
 10
9.500375000000009
 20
74.64714166666683
 30
0.0
 11
9.500375000000009
 21
84.6490972222223
 31
0.0
  0
LINE
  5
65
330
17
100
AcDbEntity
  8
CUT
100
AcDbLine
 10
279.67065
 20
74.64714166666683
 30
0.0
 11
279.67065
 21
44.12868888888899
 31
0.0
  0
LINE
  5
66
330
17
100
AcDbEntity
  8
CUT
100
AcDbLine
 10
177.6116861111111
 20
94.6510527777779
 30
0.0
 11
177.6116861111111
 21
97.65142777777791
 31
0.0
  0
LINE
  5
67
330
17
100
AcDbEntity
  8
CUT
100
AcDbLine
 10
6.500000000000009
 20
84.6490972222223
 30
0.0
 11
6.500000000000009
 21
94.6510527777779
 31
0.0
  0
LINE
  5
68
330
17
100
AcDbEntity
  8
CUT
100
AcDbLine
 10
98.55700833333341
 20
94.6510527777779
 30
0.0
 11
98.55700833333341
 21
97.65142777777791
 31
0.0
  0
LINE
  5
69
330
17
100
AcDbEntity
  8
CUT
100
AcDbLine
 10
19.502330555555503
 20
94.6510527777779
 30
0.0
 11
19.502330555555503
 21
97.65142777777791
 31
0.0
  0
LINE
  5
6A
330
17
100
AcDbEntity
  8
CUT
100
AcDbLine
 10
179.6179333333334
 20
24.33221111111122
 30
0.0
 11
179.6179333333334
 21
6.5
 31
0.0
  0
LINE
  5
6B
330
17
100
AcDbEntity
  8
CUT
100
AcDbLine
 10
6.500000000000009
 20
27.57635555555581
 30
0.0
 11
6.500000000000009
 21
74.64714166666683
 31
0.0
  0
LINE
  5
6C
330
17
100
AcDbEntity
  8
CUT
100
AcDbLine
 10
108.55896388888891
 20
97.65142777777791
 30
0.0
 11
108.55896388888891
 21
94.6510527777779
 31
0.0
  0
LINE
  5
6D
330
17
100
AcDbEntity
  8
CUT
100
AcDbLine
 10
279.67065
 20
44.12868888888899
 30
0.0
 11
276.6702749999999
 21
44.12868888888899
 31
0.0
  0
LINE
  5
6E
330
17
100
AcDbEntity
  8
CUT
100
AcDbLine
 10
279.67065
 20
84.6490972222223
 30
0.0
 11
276.6702749999999
 21
84.6490972222223
 31
0.0
  0
LINE
  5
6F
330
17
100
AcDbEntity
  8
CUT
100
AcDbLine
 10
9.500375000000009
 20
84.6490972222223
 30
0.0
 11
6.500000000000009
 21
84.6490972222223
 31
0.0
  0
LINE
  5
70
330
17
100
AcDbEntity
  8
CUT
100
AcDbLine
 10
276.6702749999999
 20
74.64714166666683
 30
0.0
 11
279.67065
 21
74.64714166666683
 31
0.0
  0
LINE
  5
71
330
17
100
AcDbEntity
  8
CUT
100
AcDbLine
 10
6.500000000000009
 20
74.64714166666683
 30
0.0
 11
9.500375000000009
 21
74.64714166666683
 31
0.0
  0
LINE
  5
72
330
17
100
AcDbEntity
  8
CUT
100
AcDbLine
 10
276.6702749999999
 20
34.12673333333343
 30
0.0
 11
279.67065
 21
34.12673333333343
 31
0.0
  0
LINE
  5
73
330
17
100
AcDbEntity
  8
CUT
100
AcDbLine
 10
187.61364166666672
 20
94.6510527777779
 30
0.0
 11
256.6663638888889
 21
94.6510527777779
 31
0.0
  0
LINE
  5
74
330
17
100
AcDbEntity
  8
CUT
100
AcDbLine
 10
6.500000000000009
 20
94.6510527777779
 30
0.0
 11
19.502330555555503
 21
94.6510527777779
 31
0.0
  0
LINE
  5
75
330
17
100
AcDbEntity
  8
CUT
100
AcDbLine
 10
29.504286111111114
 20
94.6510527777779
 30
0.0
 11
98.55700833333341
 21
94.6510527777779
 31
0.0
  0
LINE
  5
76
330
17
100
AcDbEntity
  8
CUT
100
AcDbLine
 10
266.6683194444444
 20
94.6510527777779
 30
0.0
 11
279.67065
 21
94.6510527777779
 31
0.0
  0
LINE
  5
77
330
17
100
AcDbEntity
  8
CUT
100
AcDbLine
 10
108.55896388888891
 20
94.6510527777779
 30
0.0
 11
177.6116861111111
 21
94.6510527777779
 31
0.0
  0
LINE
  5
78
330
17
100
AcDbEntity
  8
CUT
100
AcDbLine
 10
177.6116861111111
 20
97.65142777777791
 30
0.0
 11
187.61364166666672
 21
97.65142777777791
 31
0.0
  0
LINE
  5
79
330
17
100
AcDbEntity
  8
CUT
100
AcDbLine
 10
19.502330555555503
 20
97.65142777777791
 30
0.0
 11
29.504286111111114
 21
97.65142777777791
 31
0.0
  0
LINE
  5
7A
330
17
100
AcDbEntity
  8
CUT
100
AcDbLine
 10
256.6663638888889
 20
97.65142777777791
 30
0.0
 11
266.6683194444444
 21
97.65142777777791
 31
0.0
  0
LINE
  5
7B
330
17
100
AcDbEntity
  8
CUT
100
AcDbLine
 10
98.55700833333341
 20
97.65142777777791
 30
0.0
 11
108.55896388888891
 21
97.65142777777791
 31
0.0
  0
LINE
  5
7C
330
17
100
AcDbEntity
  8
CUT
100
AcDbLine
 10
279.67065
 20
24.33221111111122
 30
0.0
 11
179.61793333333353
 21
24.33221111111122
 31
0.0
  0
LINE
  5
7D
330
17
100
AcDbEntity
  8
CUT
100
AcDbLine
 10
179.6179333333334
 20
6.5
 30
0.0
 11
6.5
 21
6.5
 31
0.0
  0
LINE
  5
7E
330
17
100
AcDbEntity
  8
CUT
100
AcDbLine
 10
6.500000000000009
 20
17.57475277777792
 30
0.0
 11
9.500375000000009
 21
17.57475277777792
 31
0.0
  0
LINE
  5
7F
330
17
100
AcDbEntity
  8
CUT
100
AcDbLine
 10
9.500375000000009
 20
27.57635555555581
 30
0.0
 11
6.500000000000009
 21
27.57635555555581
 31
0.0
  0
CIRCLE
  5
80
330
17
100
AcDbEntity
  8
CUT
100
AcDbCircle
 10
86.68945442802023
 20
67.0511859123819
 30
0.0
 40
11.18033988749893
  0
LINE
  5
81
330
17
100
AcDbEntity
  8
ENGRAVE
100
AcDbLine
 10
131.13780422922002
 20
46.61242816649598
 30
0.0
 11
133.93776150461065
 21
46.61242816649598
 31
0.0
  0
LINE
  5
82
330
17
100
AcDbEntity
  8
ENGRAVE
100
AcDbLine
 10
133.93776150461065
 20
46.61242816649598
 30
0.0
 11
134.6377508234583
 21
48.01240680419129
 31
0.0
  0
LINE
  5
83
330
17
100
AcDbEntity
  8
ENGRAVE
100
AcDbLine
 10
134.6377508234583
 20
48.01240680419129
 30
0.0
 11
134.6377508234583
 21
52.21234271727723
 31
0.0
  0
LINE
  5
84
330
17
100
AcDbEntity
  8
ENGRAVE
100
AcDbLine
 10
134.6377508234583
 20
52.21234271727723
 30
0.0
 11
133.93776150461065
 21
53.61232135497254
 31
0.0
  0
LINE
  5
85
330
17
100
AcDbEntity
  8
ENGRAVE
100
AcDbLine
 10
133.93776150461065
 20
53.61232135497254
 30
0.0
 11
131.13780422922002
 21
53.61232135497254
 31
0.0
  0
LINE
  5
86
330
17
100
AcDbEntity
  8
ENGRAVE
100
AcDbLine
 10
131.13780422922002
 20
53.61232135497254
 30
0.0
 11
130.43781491037237
 21
52.21234271727723
 31
0.0
  0
LINE
  5
87
330
17
100
AcDbEntity
  8
ENGRAVE
100
AcDbLine
 10
130.43781491037237
 20
52.21234271727723
 30
0.0
 11
130.43781491037237
 21
48.01240680419129
 31
0.0
  0
LINE
  5
88
330
17
100
AcDbEntity
  8
ENGRAVE
100
AcDbLine
 10
130.43781491037237
 20
48.01240680419129
 30
0.0
 11
131.13780422922002
 21
46.61242816649598
 31
0.0
  0
LINE
  5
89
330
17
100
AcDbEntity
  8
ENGRAVE
100
AcDbLine
 10
136.73771878000127
 20
52.21234271727723
 30
0.0
 11
138.1376974176966
 21
53.61232135497254
 31
0.0
  0
LINE
  5
8A
330
17
100
AcDbEntity
  8
ENGRAVE
100
AcDbLine
 10
138.1376974176966
 20
53.61232135497254
 30
0.0
 11
138.1376974176966
 21
46.61242816649598
 31
0.0
  0
LINE
  5
8B
330
17
100
AcDbEntity
  8
ENGRAVE
100
AcDbLine
 10
136.73771878000127
 20
46.61242816649598
 30
0.0
 11
139.5376760553919
 21
46.61242816649598
 31
0.0
  0
LINE
  5
8C
330
17
100
AcDbEntity
  8
CUT
100
AcDbLine
 10
70.02469444444448
 20
273.7693611111113
 30
0.0
 11
60.022738888888924
 21
273.7693611111113
 31
0.0
  0
LINE
  5
8D
330
17
100
AcDbEntity
  8
CUT
100
AcDbLine
 10
60.022738888888924
 20
270.7686333333335
 30
0.0
 11
70.02469444444448
 21
270.7686333333335
 31
0.0
  0
LINE
  5
8E
330
17
100
AcDbEntity
  8
CUT
100
AcDbLine
 10
60.022738888888924
 20
273.7693611111113
 30
0.0
 11
60.022738888888924
 21
270.7686333333335
 31
0.0
  0
LINE
  5
8F
330
17
100
AcDbEntity
  8
CUT
100
AcDbLine
 10
70.02469444444448
 20
270.7686333333335
 30
0.0
 11
70.02469444444448
 21
273.7693611111113
 31
0.0
  0
LINE
  5
90
330
17
100
AcDbEntity
  8
CUT
100
AcDbLine
 10
19.502330555555616
 20
270.7686333333335
 30
0.0
 11
29.504286111111085
 21
270.7686333333335
 31
0.0
  0
LINE
  5
91
330
17
100
AcDbEntity
  8
CUT
100
AcDbLine
 10
29.504286111111085
 20
273.7693611111113
 30
0.0
 11
19.502330555555616
 21
273.7693611111113
 31
0.0
  0
LINE
  5
92
330
17
100
AcDbEntity
  8
CUT
100
AcDbLine
 10
19.502330555555616
 20
273.7693611111113
 30
0.0
 11
19.502330555555616
 21
270.7686333333335
 31
0.0
  0
LINE
  5
93
330
17
100
AcDbEntity
  8
CUT
100
AcDbLine
 10
29.504286111111085
 20
270.7686333333335
 30
0.0
 11
29.504286111111085
 21
273.7693611111113
 31
0.0
  0
LINE
  5
94
330
17
100
AcDbEntity
  8
CUT
100
AcDbLine
 10
92.02285833333329
 20
282.10550000000023
 30
0.0
 11
92.99864166666671
 21
282.20145555555575
 31
0.0
  0
LINE
  5
95
330
17
100
AcDbEntity
  8
CUT
100
AcDbLine
 10
96.64354166666661
 20
309.085238888889
 30
0.0
 11
96.18140277777782
 21
309.94989722222243
 31
0.0
  0
LINE
  5
96
330
17
100
AcDbEntity
  8
CUT
100
AcDbLine
 10
96.18140277777782
 20
284.3280000000001
 30
0.0
 11
96.64354166666661
 21
285.1926583333335
 31
0.0
  0
LINE
  5
97
330
17
100
AcDbEntity
  8
CUT
100
AcDbLine
 10
94.80133611111108
 20
282.94793333333354
 30
0.0
 11
95.55945555555562
 21
283.56988055555576
 31
0.0
  0
LINE
  5
98
330
17
100
AcDbEntity
  8
CUT
100
AcDbLine
 10
88.02235833333327
 20
286.1060000000002
 30
0.0
 11
91.0230861111111
 21
286.1060000000002
 31
0.0
  0
LINE
  5
99
330
17
100
AcDbEntity
  8
CUT
100
AcDbLine
 10
95.55945555555562
 20
283.56988055555576
 30
0.0
 11
96.18140277777782
 21
284.3280000000001
 31
0.0
  0
LINE
  5
9A
330
17
100
AcDbEntity
  8
CUT
100
AcDbLine
 10
92.99864166666671
 20
312.0760888888891
 30
0.0
 11
92.02285833333329
 21
312.17239722222234
 31
0.0
  0
LINE
  5
9B
330
17
100
AcDbEntity
  8
CUT
100
AcDbLine
 10
85.02163055555562
 20
289.1067277777779
 30
0.0
 11
88.02235833333327
 21
289.1067277777779
 31
0.0
  0
LINE
  5
9C
330
17
100
AcDbEntity
  8
CUT
100
AcDbLine
 10
93.9370305555555
 20
282.48579444444465
 30
0.0
 11
94.80133611111108
 21
282.94793333333354
 31
0.0
  0
LINE
  5
9D
330
17
100
AcDbEntity
  8
CUT
100
AcDbLine
 10
96.18140277777782
 20
309.94989722222243
 30
0.0
 11
95.55945555555562
 21
310.7076638888891
 31
0.0
  0
LINE
  5
9E
330
17
100
AcDbEntity
  8
CUT
100
AcDbLine
 10
91.0230861111111
 20
308.17154444444463
 30
0.0
 11
88.02235833333327
 21
308.17154444444463
 31
0.0
  0
LINE
  5
9F
330
17
100
AcDbEntity
  8
CUT
100
AcDbLine
 10
96.92788055555562
 20
308.1468500000002
 30
0.0
 11
96.64354166666661
 21
309.085238888889
 31
0.0
  0
LINE
  5
A0
330
17
100
AcDbEntity
  8
CUT
100
AcDbLine
 10
93.9370305555555
 20
311.79139722222243
 30
0.0
 11
92.99864166666671
 21
312.0760888888891
 31
0.0
  0
LINE
  5
A1
330
17
100
AcDbEntity
  8
CUT
100
AcDbLine
 10
95.55945555555562
 20
310.7076638888891
 30
0.0
 11
94.80133611111108
 21
311.3296111111113
 31
0.0
  0
LINE
  5
A2
330
17
100
AcDbEntity
  8
CUT
100
AcDbLine
 10
92.99864166666671
 20
282.20145555555575
 30
0.0
 11
93.9370305555555
 21
282.48579444444465
 31
0.0
  0
LINE
  5
A3
330
17
100
AcDbEntity
  8
CUT
100
AcDbLine
 10
96.64354166666661
 20
285.1926583333335
 30
0.0
 11
96.92788055555562
 21
286.13069444444466
 31
0.0
  0
LINE
  5
A4
330
17
100
AcDbEntity
  8
CUT
100
AcDbLine
 10
92.02285833333329
 20
312.17239722222234
 30
0.0
 11
91.0230861111111
 21
312.17239722222234
 31
0.0
  0
LINE
  5
A5
330
17
100
AcDbEntity
  8
CUT
100
AcDbLine
 10
88.02235833333327
 20
305.17081666666684
 30
0.0
 11
85.02163055555562
 21
305.17081666666684
 31
0.0
  0
LINE
  5
A6
330
17
100
AcDbEntity
  8
CUT
100
AcDbLine
 10
94.80133611111108
 20
311.3296111111113
 30
0.0
 11
93.9370305555555
 21
311.79139722222243
 31
0.0
  0
LINE
  5
A7
330
17
100
AcDbEntity
  8
CUT
100
AcDbLine
 10
91.0230861111111
 20
282.10550000000023
 30
0.0
 11
92.02285833333329
 21
282.10550000000023
 31
0.0
  0
LINE
  5
A8
330
17
100
AcDbEntity
  8
CUT
100
AcDbLine
 10
88.02235833333327
 20
308.17154444444463
 30
0.0
 11
88.02235833333327
 21
305.17081666666684
 31
0.0
  0
LINE
  5
A9
330
17
100
AcDbEntity
  8
CUT
100
AcDbLine
 10
88.02235833333327
 20
289.1067277777779
 30
0.0
 11
88.02235833333327
 21
286.1060000000002
 31
0.0
  0
LINE
  5
AA
330
17
100
AcDbEntity
  8
CUT
100
AcDbLine
 10
91.0230861111111
 20
286.1060000000002
 30
0.0
 11
91.0230861111111
 21
282.10550000000023
 31
0.0
  0
LINE
  5
AB
330
17
100
AcDbEntity
  8
CUT
100
AcDbLine
 10
91.0230861111111
 20
312.17239722222234
 30
0.0
 11
91.0230861111111
 21
308.17154444444463
 31
0.0
  0
LINE
  5
AC
330
17
100
AcDbEntity
  8
CUT
100
AcDbLine
 10
85.02163055555562
 20
305.17081666666684
 30
0.0
 11
85.02163055555562
 21
289.1067277777779
 31
0.0
  0
LINE
  5
AD
330
17
100
AcDbEntity
  8
CUT
100
AcDbLine
 10
97.02418888888892
 20
287.10612500000013
 30
0.0
 11
97.02418888888892
 21
307.17106666666683
 31
0.0
  0
LINE
  5
AE
330
17
100
AcDbEntity
  8
CUT
100
AcDbLine
 10
97.02418888888892
 20
307.17106666666683
 30
0.0
 11
96.92788055555562
 21
308.1468500000002
 31
0.0
  0
LINE
  5
AF
330
17
100
AcDbEntity
  8
CUT
100
AcDbLine
 10
96.92788055555562
 20
286.13069444444466
 30
0.0
 11
97.02418888888892
 21
287.10612500000013
 31
0.0
  0
LINE
  5
B0
330
17
100
AcDbEntity
  8
CUT
100
AcDbLine
 10
86.576675
 20
103.65180277777792
 30
0.0
 11
76.5750722222221
 21
103.65180277777792
 31
0.0
  0
LINE
  5
B1
330
17
100
AcDbEntity
  8
CUT
100
AcDbLine
 10
6.5
 20
281.76506944444463
 30
0.0
 11
9.500375000000005
 21
281.76506944444463
 31
0.0
  0
LINE
  5
B2
330
17
100
AcDbEntity
  8
CUT
100
AcDbLine
 10
9.500375000000005
 20
350.81779166666684
 30
0.0
 11
6.5
 21
350.81779166666684
 31
0.0
  0
LINE
  5
B3
330
17
100
AcDbEntity
  8
CUT
100
AcDbLine
 10
97.65142777777791
 20
100.65142777777793
 30
0.0
 11
86.576675
 21
100.65142777777793
 31
0.0
  0
LINE
  5
B4
330
17
100
AcDbEntity
  8
CUT
100
AcDbLine
 10
6.5
 20
360.8197472222223
 30
0.0
 11
9.500375000000005
 21
360.8197472222223
 31
0.0
  0
LINE
  5
B5
330
17
100
AcDbEntity
  8
CUT
100
AcDbLine
 10
70.02469444444448
 20
373.82207777777796
 30
0.0
 11
79.81921666666669
 21
373.82207777777796
 31
0.0
  0
LINE
  5
B6
330
17
100
AcDbEntity
  8
CUT
100
AcDbLine
 10
9.500375000000005
 20
373.82207777777796
 30
0.0
 11
19.502330555555616
 21
373.82207777777796
 31
0.0
  0
LINE
  5
B7
330
17
100
AcDbEntity
  8
CUT
100
AcDbLine
 10
19.502330555555616
 20
370.8217027777778
 30
0.0
 11
29.504286111111085
 21
370.8217027777778
 31
0.0
  0
LINE
  5
B8
330
17
100
AcDbEntity
  8
CUT
100
AcDbLine
 10
6.5
 20
123.65571388888903
 30
0.0
 11
9.500375000000005
 21
123.65571388888903
 31
0.0
  0
LINE
  5
B9
330
17
100
AcDbEntity
  8
CUT
100
AcDbLine
 10
60.022738888888924
 20
370.8217027777778
 30
0.0
 11
70.02469444444448
 21
370.8217027777778
 31
0.0
  0
LINE
  5
BA
330
17
100
AcDbEntity
  8
CUT
100
AcDbLine
 10
29.504286111111085
 20
103.65180277777792
 30
0.0
 11
19.502330555555616
 21
103.65180277777792
 31
0.0
  0
LINE
  5
BB
330
17
100
AcDbEntity
  8
CUT
100
AcDbLine
 10
29.504286111111085
 20
373.82207777777796
 30
0.0
 11
60.022738888888924
 21
373.82207777777796
 31
0.0
  0
LINE
  5
BC
330
17
100
AcDbEntity
  8
CUT
100
AcDbLine
 10
9.500375000000005
 20
271.76311388888905
 30
0.0
 11
6.5
 21
271.76311388888905
 31
0.0
  0
LINE
  5
BD
330
17
100
AcDbEntity
  8
CUT
100
AcDbLine
 10
19.502330555555616
 20
100.65142777777793
 30
0.0
 11
9.500375000000005
 21
100.65142777777793
 31
0.0
  0
LINE
  5
BE
330
17
100
AcDbEntity
  8
CUT
100
AcDbLine
 10
9.500375000000005
 20
192.70843611111133
 30
0.0
 11
6.5
 21
192.70843611111133
 31
0.0
  0
LINE
  5
BF
330
17
100
AcDbEntity
  8
CUT
100
AcDbLine
 10
9.500375000000005
 20
113.65375833333341
 30
0.0
 11
6.5
 21
113.65375833333341
 31
0.0
  0
LINE
  5
C0
330
17
100
AcDbEntity
  8
CUT
100
AcDbLine
 10
79.81921666666669
 20
273.7693611111113
 30
0.0
 11
97.65142777777791
 21
273.7693611111113
 31
0.0
  0
LINE
  5
C1
330
17
100
AcDbEntity
  8
CUT
100
AcDbLine
 10
76.5750722222221
 20
100.65142777777793
 30
0.0
 11
29.504286111111085
 21
100.65142777777793
 31
0.0
  0
LINE
  5
C2
330
17
100
AcDbEntity
  8
CUT
100
AcDbLine
 10
6.5
 20
202.71039166666682
 30
0.0
 11
9.500375000000005
 21
202.71039166666682
 31
0.0
  0
LINE
  5
C3
330
17
100
AcDbEntity
  8
CUT
100
AcDbLine
 10
60.022738888888924
 20
373.82207777777796
 30
0.0
 11
60.022738888888924
 21
370.8217027777778
 31
0.0
  0
LINE
  5
C4
330
17
100
AcDbEntity
  8
CUT
100
AcDbLine
 10
19.502330555555616
 20
373.82207777777796
 30
0.0
 11
19.502330555555616
 21
370.8217027777778
 31
0.0
  0
LINE
  5
C5
330
17
100
AcDbEntity
  8
CUT
100
AcDbLine
 10
19.502330555555616
 20
103.65180277777792
 30
0.0
 11
19.502330555555616
 21
100.65142777777793
 31
0.0
  0
LINE
  5
C6
330
17
100
AcDbEntity
  8
CUT
100
AcDbLine
 10
29.504286111111085
 20
370.8217027777778
 30
0.0
 11
29.504286111111085
 21
373.82207777777796
 31
0.0
  0
LINE
  5
C7
330
17
100
AcDbEntity
  8
CUT
100
AcDbLine
 10
29.504286111111085
 20
100.65142777777793
 30
0.0
 11
29.504286111111085
 21
103.65180277777792
 31
0.0
  0
LINE
  5
C8
330
17
100
AcDbEntity
  8
CUT
100
AcDbLine
 10
70.02469444444448
 20
370.8217027777778
 30
0.0
 11
70.02469444444448
 21
373.82207777777796
 31
0.0
  0
LINE
  5
C9
330
17
100
AcDbEntity
  8
CUT
100
AcDbLine
 10
9.500375000000005
 20
281.76506944444463
 30
0.0
 11
9.500375000000005
 21
350.81779166666684
 31
0.0
  0
LINE
  5
CA
330
17
100
AcDbEntity
  8
CUT
100
AcDbLine
 10
9.500375000000005
 20
100.65142777777793
 30
0.0
 11
9.500375000000005
 21
113.65375833333341
 31
0.0
  0
LINE
  5
CB
330
17
100
AcDbEntity
  8
CUT
100
AcDbLine
 10
9.500375000000005
 20
123.65571388888903
 30
0.0
 11
9.500375000000005
 21
192.70843611111133
 31
0.0
  0
LINE
  5
CC
330
17
100
AcDbEntity
  8
CUT
100
AcDbLine
 10
9.500375000000005
 20
360.8197472222223
 30
0.0
 11
9.500375000000005
 21
373.82207777777796
 31
0.0
  0
LINE
  5
CD
330
17
100
AcDbEntity
  8
CUT
100
AcDbLine
 10
9.500375000000005
 20
202.71039166666682
 30
0.0
 11
9.500375000000005
 21
271.76311388888905
 31
0.0
  0
LINE
  5
CE
330
17
100
AcDbEntity
  8
CUT
100
AcDbLine
 10
6.5
 20
271.76311388888905
 30
0.0
 11
6.5
 21
281.76506944444463
 31
0.0
  0
LINE
  5
CF
330
17
100
AcDbEntity
  8
CUT
100
AcDbLine
 10
6.5
 20
113.65375833333341
 30
0.0
 11
6.5
 21
123.65571388888903
 31
0.0
  0
LINE
  5
D0
330
17
100
AcDbEntity
  8
CUT
100
AcDbLine
 10
6.5
 20
350.81779166666684
 30
0.0
 11
6.5
 21
360.8197472222223
 31
0.0
  0
LINE
  5
D1
330
17
100
AcDbEntity
  8
CUT
100
AcDbLine
 10
6.5
 20
192.70843611111133
 30
0.0
 11
6.5
 21
202.71039166666682
 31
0.0
  0
LINE
  5
D2
330
17
100
AcDbEntity
  8
CUT
100
AcDbLine
 10
79.81921666666669
 20
373.82207777777796
 30
0.0
 11
79.81921666666669
 21
273.76936111111144
 31
0.0
  0
LINE
  5
D3
330
17
100
AcDbEntity
  8
CUT
100
AcDbLine
 10
97.65142777777791
 20
273.7693611111113
 30
0.0
 11
97.65142777777791
 21
100.65142777777791
 31
0.0
  0
LINE
  5
D4
330
17
100
AcDbEntity
  8
CUT
100
AcDbLine
 10
86.576675
 20
100.65142777777793
 30
0.0
 11
86.576675
 21
103.65180277777792
 31
0.0
  0
LINE
  5
D5
330
17
100
AcDbEntity
  8
CUT
100
AcDbLine
 10
76.5750722222221
 20
103.65180277777792
 30
0.0
 11
76.5750722222221
 21
100.65142777777793
 31
0.0
  0
CIRCLE
  5
D6
330
17
100
AcDbEntity
  8
CUT
100
AcDbCircle
 10
37.100241865396015
 20
180.84088220579815
 30
0.0
 40
11.18033988749893
  0
LINE
  5
D7
330
17
100
AcDbEntity
  8
ENGRAVE
100
AcDbLine
 10
57.53899961128193
 20
225.28923200699793
 30
0.0
 11
57.53899961128193
 21
228.08918928238856
 31
0.0
  0
LINE
  5
D8
330
17
100
AcDbEntity
  8
ENGRAVE
100
AcDbLine
 10
57.53899961128193
 20
228.08918928238856
 30
0.0
 11
56.13902097358662
 21
228.78917860123622
 31
0.0
  0
LINE
  5
D9
330
17
100
AcDbEntity
  8
ENGRAVE
100
AcDbLine
 10
56.13902097358662
 20
228.78917860123622
 30
0.0
 11
51.93908506050068
 21
228.78917860123622
 31
0.0
  0
LINE
  5
DA
330
17
100
AcDbEntity
  8
ENGRAVE
100
AcDbLine
 10
51.93908506050068
 20
228.78917860123622
 30
0.0
 11
50.53910642280537
 21
228.08918928238856
 31
0.0
  0
LINE
  5
DB
330
17
100
AcDbEntity
  8
ENGRAVE
100
AcDbLine
 10
50.53910642280537
 20
228.08918928238856
 30
0.0
 11
50.53910642280537
 21
225.28923200699793
 31
0.0
  0
LINE
  5
DC
330
17
100
AcDbEntity
  8
ENGRAVE
100
AcDbLine
 10
50.53910642280537
 20
225.28923200699793
 30
0.0
 11
51.93908506050068
 21
224.58924268815028
 31
0.0
  0
LINE
  5
DD
330
17
100
AcDbEntity
  8
ENGRAVE
100
AcDbLine
 10
51.93908506050068
 20
224.58924268815028
 30
0.0
 11
56.13902097358662
 21
224.58924268815028
 31
0.0
  0
LINE
  5
DE
330
17
100
AcDbEntity
  8
ENGRAVE
100
AcDbLine
 10
56.13902097358662
 20
224.58924268815028
 30
0.0
 11
57.53899961128193
 21
225.28923200699793
 31
0.0
  0
LINE
  5
DF
330
17
100
AcDbEntity
  8
ENGRAVE
100
AcDbLine
 10
51.93908506050068
 20
230.88914655777918
 30
0.0
 11
50.53910642280537
 21
232.2891251954745
 31
0.0
  0
LINE
  5
E0
330
17
100
AcDbEntity
  8
ENGRAVE
100
AcDbLine
 10
50.53910642280537
 20
232.2891251954745
 30
0.0
 11
57.53899961128193
 21
232.2891251954745
 31
0.0
  0
LINE
  5
E1
330
17
100
AcDbEntity
  8
ENGRAVE
100
AcDbLine
 10
57.53899961128193
 20
230.88914655777918
 30
0.0
 11
57.53899961128193
 21
233.6891038331698
 31
0.0
  0
LINE
  5
E2
330
17
100
AcDbEntity
  8
CUT
100
AcDbLine
 10
273.7693611111113
 20
128.27816111111133
 30
0.0
 11
273.7693611111113
 21
138.2801166666669
 31
0.0
  0
LINE
  5
E3
330
17
100
AcDbEntity
  8
CUT
100
AcDbLine
 10
270.7686333333335
 20
138.2801166666669
 30
0.0
 11
270.7686333333335
 21
128.27816111111133
 31
0.0
  0
LINE
  5
E4
330
17
100
AcDbEntity
  8
CUT
100
AcDbLine
 10
273.7693611111113
 20
138.2801166666669
 30
0.0
 11
270.7686333333335
 21
138.2801166666669
 31
0.0
  0
LINE
  5
E5
330
17
100
AcDbEntity
  8
CUT
100
AcDbLine
 10
270.7686333333335
 20
128.27816111111133
 30
0.0
 11
273.7693611111113
 21
128.27816111111133
 31
0.0
  0
LINE
  5
E6
330
17
100
AcDbEntity
  8
CUT
100
AcDbLine
 10
270.7686333333335
 20
178.80052500000022
 30
0.0
 11
270.7686333333335
 21
168.79856944444475
 31
0.0
  0
LINE
  5
E7
330
17
100
AcDbEntity
  8
CUT
100
AcDbLine
 10
273.7693611111113
 20
168.79856944444475
 30
0.0
 11
273.7693611111113
 21
178.80052500000022
 31
0.0
  0
LINE
  5
E8
330
17
100
AcDbEntity
  8
CUT
100
AcDbLine
 10
273.7693611111113
 20
178.80052500000022
 30
0.0
 11
270.7686333333335
 21
178.80052500000022
 31
0.0
  0
LINE
  5
E9
330
17
100
AcDbEntity
  8
CUT
100
AcDbLine
 10
270.7686333333335
 20
168.79856944444475
 30
0.0
 11
273.7693611111113
 21
168.79856944444475
 31
0.0
  0
LINE
  5
EA
330
17
100
AcDbEntity
  8
CUT
100
AcDbLine
 10
282.10550000000023
 20
106.27999722222253
 30
0.0
 11
282.20145555555575
 21
105.30421388888911
 31
0.0
  0
LINE
  5
EB
330
17
100
AcDbEntity
  8
CUT
100
AcDbLine
 10
309.085238888889
 20
101.65931388888922
 30
0.0
 11
309.94989722222243
 21
102.121452777778
 31
0.0
  0
LINE
  5
EC
330
17
100
AcDbEntity
  8
CUT
100
AcDbLine
 10
284.3280000000001
 20
102.121452777778
 30
0.0
 11
285.1926583333335
 21
101.65931388888922
 31
0.0
  0
LINE
  5
ED
330
17
100
AcDbEntity
  8
CUT
100
AcDbLine
 10
282.94793333333354
 20
103.50151944444474
 30
0.0
 11
283.56988055555576
 21
102.74340000000021
 31
0.0
  0
LINE
  5
EE
330
17
100
AcDbEntity
  8
CUT
100
AcDbLine
 10
286.1060000000002
 20
110.28049722222255
 30
0.0
 11
286.1060000000002
 21
107.27976944444472
 31
0.0
  0
LINE
  5
EF
330
17
100
AcDbEntity
  8
CUT
100
AcDbLine
 10
283.56988055555576
 20
102.74340000000021
 30
0.0
 11
284.3280000000001
 21
102.121452777778
 31
0.0
  0
LINE
  5
F0
330
17
100
AcDbEntity
  8
CUT
100
AcDbLine
 10
312.0760888888891
 20
105.30421388888911
 30
0.0
 11
312.17239722222234
 21
106.27999722222253
 31
0.0
  0
LINE
  5
F1
330
17
100
AcDbEntity
  8
CUT
100
AcDbLine
 10
289.1067277777779
 20
113.2812250000002
 30
0.0
 11
289.1067277777779
 21
110.28049722222255
 31
0.0
  0
LINE
  5
F2
330
17
100
AcDbEntity
  8
CUT
100
AcDbLine
 10
282.48579444444465
 20
104.36582500000033
 30
0.0
 11
282.94793333333354
 21
103.50151944444474
 31
0.0
  0
LINE
  5
F3
330
17
100
AcDbEntity
  8
CUT
100
AcDbLine
 10
309.94989722222243
 20
102.121452777778
 30
0.0
 11
310.7076638888891
 21
102.74340000000021
 31
0.0
  0
LINE
  5
F4
330
17
100
AcDbEntity
  8
CUT
100
AcDbLine
 10
308.17154444444463
 20
107.27976944444472
 30
0.0
 11
308.17154444444463
 21
110.28049722222255
 31
0.0
  0
LINE
  5
F5
330
17
100
AcDbEntity
  8
CUT
100
AcDbLine
 10
308.1468500000002
 20
101.3749750000002
 30
0.0
 11
309.085238888889
 21
101.65931388888922
 31
0.0
  0
LINE
  5
F6
330
17
100
AcDbEntity
  8
CUT
100
AcDbLine
 10
311.79139722222243
 20
104.36582500000033
 30
0.0
 11
312.0760888888891
 21
105.30421388888911
 31
0.0
  0
LINE
  5
F7
330
17
100
AcDbEntity
  8
CUT
100
AcDbLine
 10
310.7076638888891
 20
102.74340000000021
 30
0.0
 11
311.3296111111113
 21
103.50151944444474
 31
0.0
  0
LINE
  5
F8
330
17
100
AcDbEntity
  8
CUT
100
AcDbLine
 10
282.20145555555575
 20
105.30421388888911
 30
0.0
 11
282.48579444444465
 21
104.36582500000033
 31
0.0
  0
LINE
  5
F9
330
17
100
AcDbEntity
  8
CUT
100
AcDbLine
 10
285.1926583333335
 20
101.65931388888922
 30
0.0
 11
286.13069444444466
 21
101.3749750000002
 31
0.0
  0
LINE
  5
FA
330
17
100
AcDbEntity
  8
CUT
100
AcDbLine
 10
312.17239722222234
 20
106.27999722222253
 30
0.0
 11
312.17239722222234
 21
107.27976944444472
 31
0.0
  0
LINE
  5
FB
330
17
100
AcDbEntity
  8
CUT
100
AcDbLine
 10
305.17081666666684
 20
110.28049722222255
 30
0.0
 11
305.17081666666684
 21
113.2812250000002
 31
0.0
  0
LINE
  5
FC
330
17
100
AcDbEntity
  8
CUT
100
AcDbLine
 10
311.3296111111113
 20
103.50151944444474
 30
0.0
 11
311.79139722222243
 21
104.36582500000033
 31
0.0
  0
LINE
  5
FD
330
17
100
AcDbEntity
  8
CUT
100
AcDbLine
 10
282.10550000000023
 20
107.27976944444472
 30
0.0
 11
282.10550000000023
 21
106.27999722222253
 31
0.0
  0
LINE
  5
FE
330
17
100
AcDbEntity
  8
CUT
100
AcDbLine
 10
308.17154444444463
 20
110.28049722222255
 30
0.0
 11
305.17081666666684
 21
110.28049722222255
 31
0.0
  0
LINE
  5
FF
330
17
100
AcDbEntity
  8
CUT
100
AcDbLine
 10
289.1067277777779
 20
110.28049722222255
 30
0.0
 11
286.1060000000002
 21
110.28049722222255
 31
0.0
  0
LINE
  5
100
330
17
100
AcDbEntity
  8
CUT
100
AcDbLine
 10
286.1060000000002
 20
107.27976944444472
 30
0.0
 11
282.10550000000023
 21
107.27976944444472
 31
0.0
  0
LINE
  5
101
330
17
100
AcDbEntity
  8
CUT
100
AcDbLine
 10
312.17239722222234
 20
107.27976944444472
 30
0.0
 11
308.17154444444463
 21
107.27976944444472
 31
0.0
  0
LINE
  5
102
330
17
100
AcDbEntity
  8
CUT
100
AcDbLine
 10
305.17081666666684
 20
113.2812250000002
 30
0.0
 11
289.1067277777779
 21
113.2812250000002
 31
0.0
  0
LINE
  5
103
330
17
100
AcDbEntity
  8
CUT
100
AcDbLine
 10
287.10612500000013
 20
101.27866666666691
 30
0.0
 11
307.17106666666683
 21
101.27866666666691
 31
0.0
  0
LINE
  5
104
330
17
100
AcDbEntity
  8
CUT
100
AcDbLine
 10
307.17106666666683
 20
101.27866666666691
 30
0.0
 11
308.1468500000002
 21
101.3749750000002
 31
0.0
  0
LINE
  5
105
330
17
100
AcDbEntity
  8
CUT
100
AcDbLine
 10
286.13069444444466
 20
101.3749750000002
 30
0.0
 11
287.10612500000013
 21
101.27866666666691
 31
0.0
  0
LINE
  5
106
330
17
100
AcDbEntity
  8
CUT
100
AcDbLine
 10
103.65180277777792
 20
111.72618055555583
 30
0.0
 11
103.65180277777792
 21
121.72778333333372
 31
0.0
  0
LINE
  5
107
330
17
100
AcDbEntity
  8
CUT
100
AcDbLine
 10
281.76506944444463
 20
191.80285555555582
 30
0.0
 11
281.76506944444463
 21
188.8024805555558
 31
0.0
  0
LINE
  5
108
330
17
100
AcDbEntity
  8
CUT
100
AcDbLine
 10
350.81779166666684
 20
188.8024805555558
 30
0.0
 11
350.81779166666684
 21
191.80285555555582
 31
0.0
  0
LINE
  5
109
330
17
100
AcDbEntity
  8
CUT
100
AcDbLine
 10
100.65142777777793
 20
100.65142777777791
 30
0.0
 11
100.65142777777793
 21
111.72618055555583
 31
0.0
  0
LINE
  5
10A
330
17
100
AcDbEntity
  8
CUT
100
AcDbLine
 10
360.8197472222223
 20
191.80285555555582
 30
0.0
 11
360.8197472222223
 21
188.8024805555558
 31
0.0
  0
LINE
  5
10B
330
17
100
AcDbEntity
  8
CUT
100
AcDbLine
 10
373.82207777777796
 20
128.27816111111133
 30
0.0
 11
373.82207777777796
 21
118.48363888888913
 31
0.0
  0
LINE
  5
10C
330
17
100
AcDbEntity
  8
CUT
100
AcDbLine
 10
373.82207777777796
 20
188.8024805555558
 30
0.0
 11
373.82207777777796
 21
178.80052500000022
 31
0.0
  0
LINE
  5
10D
330
17
100
AcDbEntity
  8
CUT
100
AcDbLine
 10
370.8217027777778
 20
178.80052500000022
 30
0.0
 11
370.8217027777778
 21
168.79856944444475
 31
0.0
  0
LINE
  5
10E
330
17
100
AcDbEntity
  8
CUT
100
AcDbLine
 10
123.65571388888903
 20
191.80285555555582
 30
0.0
 11
123.65571388888903
 21
188.8024805555558
 31
0.0
  0
LINE
  5
10F
330
17
100
AcDbEntity
  8
CUT
100
AcDbLine
 10
370.8217027777778
 20
138.2801166666669
 30
0.0
 11
370.8217027777778
 21
128.27816111111133
 31
0.0
  0
LINE
  5
110
330
17
100
AcDbEntity
  8
CUT
100
AcDbLine
 10
103.65180277777792
 20
168.79856944444475
 30
0.0
 11
103.65180277777792
 21
178.80052500000022
 31
0.0
  0
LINE
  5
111
330
17
100
AcDbEntity
  8
CUT
100
AcDbLine
 10
373.82207777777796
 20
168.79856944444475
 30
0.0
 11
373.82207777777796
 21
138.2801166666669
 31
0.0
  0
LINE
  5
112
330
17
100
AcDbEntity
  8
CUT
100
AcDbLine
 10
271.76311388888905
 20
188.8024805555558
 30
0.0
 11
271.76311388888905
 21
191.80285555555582
 31
0.0
  0
LINE
  5
113
330
17
100
AcDbEntity
  8
CUT
100
AcDbLine
 10
100.65142777777793
 20
178.80052500000022
 30
0.0
 11
100.65142777777793
 21
188.8024805555558
 31
0.0
  0
LINE
  5
114
330
17
100
AcDbEntity
  8
CUT
100
AcDbLine
 10
192.70843611111133
 20
188.8024805555558
 30
0.0
 11
192.70843611111133
 21
191.80285555555582
 31
0.0
  0
LINE
  5
115
330
17
100
AcDbEntity
  8
CUT
100
AcDbLine
 10
113.65375833333341
 20
188.8024805555558
 30
0.0
 11
113.65375833333341
 21
191.80285555555582
 31
0.0
  0
LINE
  5
116
330
17
100
AcDbEntity
  8
CUT
100
AcDbLine
 10
273.7693611111113
 20
118.48363888888913
 30
0.0
 11
273.7693611111113
 21
100.65142777777791
 31
0.0
  0
LINE
  5
117
330
17
100
AcDbEntity
  8
CUT
100
AcDbLine
 10
100.65142777777793
 20
121.72778333333372
 30
0.0
 11
100.65142777777793
 21
168.79856944444475
 31
0.0
  0
LINE
  5
118
330
17
100
AcDbEntity
  8
CUT
100
AcDbLine
 10
202.71039166666682
 20
191.80285555555582
 30
0.0
 11
202.71039166666682
 21
188.8024805555558
 31
0.0
  0
LINE
  5
119
330
17
100
AcDbEntity
  8
CUT
100
AcDbLine
 10
373.82207777777796
 20
138.2801166666669
 30
0.0
 11
370.8217027777778
 21
138.2801166666669
 31
0.0
  0
LINE
  5
11A
330
17
100
AcDbEntity
  8
CUT
100
AcDbLine
 10
373.82207777777796
 20
178.80052500000022
 30
0.0
 11
370.8217027777778
 21
178.80052500000022
 31
0.0
  0
LINE
  5
11B
330
17
100
AcDbEntity
  8
CUT
100
AcDbLine
 10
103.65180277777792
 20
178.80052500000022
 30
0.0
 11
100.65142777777793
 21
178.80052500000022
 31
0.0
  0
LINE
  5
11C
330
17
100
AcDbEntity
  8
CUT
100
AcDbLine
 10
370.8217027777778
 20
168.79856944444475
 30
0.0
 11
373.82207777777796
 21
168.79856944444475
 31
0.0
  0
LINE
  5
11D
330
17
100
AcDbEntity
  8
CUT
100
AcDbLine
 10
100.65142777777793
 20
168.79856944444475
 30
0.0
 11
103.65180277777792
 21
168.79856944444475
 31
0.0
  0
LINE
  5
11E
330
17
100
AcDbEntity
  8
CUT
100
AcDbLine
 10
370.8217027777778
 20
128.27816111111133
 30
0.0
 11
373.82207777777796
 21
128.27816111111133
 31
0.0
  0
LINE
  5
11F
330
17
100
AcDbEntity
  8
CUT
100
AcDbLine
 10
281.76506944444463
 20
188.8024805555558
 30
0.0
 11
350.81779166666684
 21
188.8024805555558
 31
0.0
  0
LINE
  5
120
330
17
100
AcDbEntity
  8
CUT
100
AcDbLine
 10
100.65142777777793
 20
188.8024805555558
 30
0.0
 11
113.65375833333341
 21
188.8024805555558
 31
0.0
  0
LINE
  5
121
330
17
100
AcDbEntity
  8
CUT
100
AcDbLine
 10
123.65571388888903
 20
188.8024805555558
 30
0.0
 11
192.70843611111133
 21
188.8024805555558
 31
0.0
  0
LINE
  5
122
330
17
100
AcDbEntity
  8
CUT
100
AcDbLine
 10
360.8197472222223
 20
188.8024805555558
 30
0.0
 11
373.82207777777796
 21
188.8024805555558
 31
0.0
  0
LINE
  5
123
330
17
100
AcDbEntity
  8
CUT
100
AcDbLine
 10
202.71039166666682
 20
188.8024805555558
 30
0.0
 11
271.76311388888905
 21
188.8024805555558
 31
0.0
  0
LINE
  5
124
330
17
100
AcDbEntity
  8
CUT
100
AcDbLine
 10
271.76311388888905
 20
191.80285555555582
 30
0.0
 11
281.76506944444463
 21
191.80285555555582
 31
0.0
  0
LINE
  5
125
330
17
100
AcDbEntity
  8
CUT
100
AcDbLine
 10
113.65375833333341
 20
191.80285555555582
 30
0.0
 11
123.65571388888903
 21
191.80285555555582
 31
0.0
  0
LINE
  5
126
330
17
100
AcDbEntity
  8
CUT
100
AcDbLine
 10
350.81779166666684
 20
191.80285555555582
 30
0.0
 11
360.8197472222223
 21
191.80285555555582
 31
0.0
  0
LINE
  5
127
330
17
100
AcDbEntity
  8
CUT
100
AcDbLine
 10
192.70843611111133
 20
191.80285555555582
 30
0.0
 11
202.71039166666682
 21
191.80285555555582
 31
0.0
  0
LINE
  5
128
330
17
100
AcDbEntity
  8
CUT
100
AcDbLine
 10
373.82207777777796
 20
118.48363888888913
 30
0.0
 11
273.76936111111144
 21
118.48363888888913
 31
0.0
  0
LINE
  5
129
330
17
100
AcDbEntity
  8
CUT
100
AcDbLine
 10
273.7693611111113
 20
100.65142777777791
 30
0.0
 11
100.65142777777791
 21
100.65142777777791
 31
0.0
  0
LINE
  5
12A
330
17
100
AcDbEntity
  8
CUT
100
AcDbLine
 10
100.65142777777793
 20
111.72618055555583
 30
0.0
 11
103.65180277777792
 21
111.72618055555583
 31
0.0
  0
LINE
  5
12B
330
17
100
AcDbEntity
  8
CUT
100
AcDbLine
 10
103.65180277777792
 20
121.72778333333372
 30
0.0
 11
100.65142777777793
 21
121.72778333333372
 31
0.0
  0
CIRCLE
  5
12C
330
17
100
AcDbEntity
  8
CUT
100
AcDbCircle
 10
180.84088220579815
 20
161.2026136901598
 30
0.0
 40
11.18033988749893
  0
LINE
  5
12D
330
17
100
AcDbEntity
  8
ENGRAVE
100
AcDbLine
 10
225.28923200699793
 20
140.7638559442739
 30
0.0
 11
228.08918928238856
 21
140.7638559442739
 31
0.0
  0
LINE
  5
12E
330
17
100
AcDbEntity
  8
ENGRAVE
100
AcDbLine
 10
228.08918928238856
 20
140.7638559442739
 30
0.0
 11
228.78917860123622
 21
142.1638345819692
 31
0.0
  0
LINE
  5
12F
330
17
100
AcDbEntity
  8
ENGRAVE
100
AcDbLine
 10
228.78917860123622
 20
142.1638345819692
 30
0.0
 11
228.78917860123622
 21
146.36377049505515
 31
0.0
  0
LINE
  5
130
330
17
100
AcDbEntity
  8
ENGRAVE
100
AcDbLine
 10
228.78917860123622
 20
146.36377049505515
 30
0.0
 11
228.08918928238856
 21
147.76374913275046
 31
0.0
  0
LINE
  5
131
330
17
100
AcDbEntity
  8
ENGRAVE
100
AcDbLine
 10
228.08918928238856
 20
147.76374913275046
 30
0.0
 11
225.28923200699793
 21
147.76374913275046
 31
0.0
  0
LINE
  5
132
330
17
100
AcDbEntity
  8
ENGRAVE
100
AcDbLine
 10
225.28923200699793
 20
147.76374913275046
 30
0.0
 11
224.58924268815028
 21
146.36377049505515
 31
0.0
  0
LINE
  5
133
330
17
100
AcDbEntity
  8
ENGRAVE
100
AcDbLine
 10
224.58924268815028
 20
146.36377049505515
 30
0.0
 11
224.58924268815028
 21
142.1638345819692
 31
0.0
  0
LINE
  5
134
330
17
100
AcDbEntity
  8
ENGRAVE
100
AcDbLine
 10
224.58924268815028
 20
142.1638345819692
 30
0.0
 11
225.28923200699793
 21
140.7638559442739
 31
0.0
  0
LINE
  5
135
330
17
100
AcDbEntity
  8
ENGRAVE
100
AcDbLine
 10
230.88914655777918
 20
146.36377049505515
 30
0.0
 11
232.2891251954745
 21
147.76374913275046
 31
0.0
  0
LINE
  5
136
330
17
100
AcDbEntity
  8
ENGRAVE
100
AcDbLine
 10
232.2891251954745
 20
147.76374913275046
 30
0.0
 11
232.2891251954745
 21
140.7638559442739
 31
0.0
  0
LINE
  5
137
330
17
100
AcDbEntity
  8
ENGRAVE
100
AcDbLine
 10
230.88914655777918
 20
140.7638559442739
 30
0.0
 11
233.6891038331698
 21
140.7638559442739
 31
0.0
  0
LINE
  5
138
330
17
100
AcDbEntity
  8
CUT
100
AcDbLine
 10
273.7693611111113
 20
222.42958888888924
 30
0.0
 11
273.7693611111113
 21
232.4315444444448
 31
0.0
  0
LINE
  5
139
330
17
100
AcDbEntity
  8
CUT
100
AcDbLine
 10
270.7686333333335
 20
232.4315444444448
 30
0.0
 11
270.7686333333335
 21
222.42958888888924
 31
0.0
  0
LINE
  5
13A
330
17
100
AcDbEntity
  8
CUT
100
AcDbLine
 10
273.7693611111113
 20
232.4315444444448
 30
0.0
 11
270.7686333333335
 21
232.4315444444448
 31
0.0
  0
LINE
  5
13B
330
17
100
AcDbEntity
  8
CUT
100
AcDbLine
 10
270.7686333333335
 20
222.42958888888924
 30
0.0
 11
273.7693611111113
 21
222.42958888888924
 31
0.0
  0
LINE
  5
13C
330
17
100
AcDbEntity
  8
CUT
100
AcDbLine
 10
270.7686333333335
 20
272.9519527777781
 30
0.0
 11
270.7686333333335
 21
262.94999722222263
 31
0.0
  0
LINE
  5
13D
330
17
100
AcDbEntity
  8
CUT
100
AcDbLine
 10
273.7693611111113
 20
262.94999722222263
 30
0.0
 11
273.7693611111113
 21
272.9519527777781
 31
0.0
  0
LINE
  5
13E
330
17
100
AcDbEntity
  8
CUT
100
AcDbLine
 10
273.7693611111113
 20
272.9519527777781
 30
0.0
 11
270.7686333333335
 21
272.9519527777781
 31
0.0
  0
LINE
  5
13F
330
17
100
AcDbEntity
  8
CUT
100
AcDbLine
 10
270.7686333333335
 20
262.94999722222263
 30
0.0
 11
273.7693611111113
 21
262.94999722222263
 31
0.0
  0
LINE
  5
140
330
17
100
AcDbEntity
  8
CUT
100
AcDbLine
 10
282.10550000000023
 20
200.43142500000044
 30
0.0
 11
282.20145555555575
 21
199.45564166666702
 31
0.0
  0
LINE
  5
141
330
17
100
AcDbEntity
  8
CUT
100
AcDbLine
 10
309.085238888889
 20
195.81074166666713
 30
0.0
 11
309.94989722222243
 21
196.27288055555593
 31
0.0
  0
LINE
  5
142
330
17
100
AcDbEntity
  8
CUT
100
AcDbLine
 10
284.3280000000001
 20
196.27288055555593
 30
0.0
 11
285.1926583333335
 21
195.81074166666713
 31
0.0
  0
LINE
  5
143
330
17
100
AcDbEntity
  8
CUT
100
AcDbLine
 10
282.94793333333354
 20
197.65294722222265
 30
0.0
 11
283.56988055555576
 21
196.89482777777812
 31
0.0
  0
LINE
  5
144
330
17
100
AcDbEntity
  8
CUT
100
AcDbLine
 10
286.1060000000002
 20
204.43192500000046
 30
0.0
 11
286.1060000000002
 21
201.43119722222264
 31
0.0
  0
LINE
  5
145
330
17
100
AcDbEntity
  8
CUT
100
AcDbLine
 10
283.56988055555576
 20
196.89482777777812
 30
0.0
 11
284.3280000000001
 21
196.27288055555593
 31
0.0
  0
LINE
  5
146
330
17
100
AcDbEntity
  8
CUT
100
AcDbLine
 10
312.0760888888891
 20
199.45564166666702
 30
0.0
 11
312.17239722222234
 21
200.43142500000044
 31
0.0
  0
LINE
  5
147
330
17
100
AcDbEntity
  8
CUT
100
AcDbLine
 10
289.1067277777779
 20
207.43265277777812
 30
0.0
 11
289.1067277777779
 21
204.43192500000046
 31
0.0
  0
LINE
  5
148
330
17
100
AcDbEntity
  8
CUT
100
AcDbLine
 10
282.48579444444465
 20
198.51725277777822
 30
0.0
 11
282.94793333333354
 21
197.65294722222265
 31
0.0
  0
LINE
  5
149
330
17
100
AcDbEntity
  8
CUT
100
AcDbLine
 10
309.94989722222243
 20
196.27288055555593
 30
0.0
 11
310.7076638888891
 21
196.89482777777812
 31
0.0
  0
LINE
  5
14A
330
17
100
AcDbEntity
  8
CUT
100
AcDbLine
 10
308.17154444444463
 20
201.43119722222264
 30
0.0
 11
308.17154444444463
 21
204.43192500000046
 31
0.0
  0
LINE
  5
14B
330
17
100
AcDbEntity
  8
CUT
100
AcDbLine
 10
308.1468500000002
 20
195.52640277777812
 30
0.0
 11
309.085238888889
 21
195.81074166666713
 31
0.0
  0
LINE
  5
14C
330
17
100
AcDbEntity
  8
CUT
100
AcDbLine
 10
311.79139722222243
 20
198.51725277777822
 30
0.0
 11
312.0760888888891
 21
199.45564166666702
 31
0.0
  0
LINE
  5
14D
330
17
100
AcDbEntity
  8
CUT
100
AcDbLine
 10
310.7076638888891
 20
196.89482777777812
 30
0.0
 11
311.3296111111113
 21
197.65294722222265
 31
0.0
  0
LINE
  5
14E
330
17
100
AcDbEntity
  8
CUT
100
AcDbLine
 10
282.20145555555575
 20
199.45564166666702
 30
0.0
 11
282.48579444444465
 21
198.51725277777822
 31
0.0
  0
LINE
  5
14F
330
17
100
AcDbEntity
  8
CUT
100
AcDbLine
 10
285.1926583333335
 20
195.81074166666713
 30
0.0
 11
286.13069444444466
 21
195.52640277777812
 31
0.0
  0
LINE
  5
150
330
17
100
AcDbEntity
  8
CUT
100
AcDbLine
 10
312.17239722222234
 20
200.43142500000044
 30
0.0
 11
312.17239722222234
 21
201.43119722222264
 31
0.0
  0
LINE
  5
151
330
17
100
AcDbEntity
  8
CUT
100
AcDbLine
 10
305.17081666666684
 20
204.43192500000046
 30
0.0
 11
305.17081666666684
 21
207.43265277777812
 31
0.0
  0
LINE
  5
152
330
17
100
AcDbEntity
  8
CUT
100
AcDbLine
 10
311.3296111111113
 20
197.65294722222265
 30
0.0
 11
311.79139722222243
 21
198.51725277777822
 31
0.0
  0
LINE
  5
153
330
17
100
AcDbEntity
  8
CUT
100
AcDbLine
 10
282.10550000000023
 20
201.43119722222264
 30
0.0
 11
282.10550000000023
 21
200.43142500000044
 31
0.0
  0
LINE
  5
154
330
17
100
AcDbEntity
  8
CUT
100
AcDbLine
 10
308.17154444444463
 20
204.43192500000046
 30
0.0
 11
305.17081666666684
 21
204.43192500000046
 31
0.0
  0
LINE
  5
155
330
17
100
AcDbEntity
  8
CUT
100
AcDbLine
 10
289.1067277777779
 20
204.43192500000046
 30
0.0
 11
286.1060000000002
 21
204.43192500000046
 31
0.0
  0
LINE
  5
156
330
17
100
AcDbEntity
  8
CUT
100
AcDbLine
 10
286.1060000000002
 20
201.43119722222264
 30
0.0
 11
282.10550000000023
 21
201.43119722222264
 31
0.0
  0
LINE
  5
157
330
17
100
AcDbEntity
  8
CUT
100
AcDbLine
 10
312.17239722222234
 20
201.43119722222264
 30
0.0
 11
308.17154444444463
 21
201.43119722222264
 31
0.0
  0
LINE
  5
158
330
17
100
AcDbEntity
  8
CUT
100
AcDbLine
 10
305.17081666666684
 20
207.43265277777812
 30
0.0
 11
289.1067277777779
 21
207.43265277777812
 31
0.0
  0
LINE
  5
159
330
17
100
AcDbEntity
  8
CUT
100
AcDbLine
 10
287.10612500000013
 20
195.43009444444482
 30
0.0
 11
307.17106666666683
 21
195.43009444444482
 31
0.0
  0
LINE
  5
15A
330
17
100
AcDbEntity
  8
CUT
100
AcDbLine
 10
307.17106666666683
 20
195.43009444444482
 30
0.0
 11
308.1468500000002
 21
195.52640277777812
 31
0.0
  0
LINE
  5
15B
330
17
100
AcDbEntity
  8
CUT
100
AcDbLine
 10
286.13069444444466
 20
195.52640277777812
 30
0.0
 11
287.10612500000013
 21
195.43009444444482
 31
0.0
  0
LINE
  5
15C
330
17
100
AcDbEntity
  8
CUT
100
AcDbLine
 10
103.65180277777792
 20
205.87760833333374
 30
0.0
 11
103.65180277777792
 21
215.87921111111163
 31
0.0
  0
LINE
  5
15D
330
17
100
AcDbEntity
  8
CUT
100
AcDbLine
 10
281.76506944444463
 20
285.9542833333337
 30
0.0
 11
281.76506944444463
 21
282.95390833333374
 31
0.0
  0
LINE
  5
15E
330
17
100
AcDbEntity
  8
CUT
100
AcDbLine
 10
350.81779166666684
 20
282.95390833333374
 30
0.0
 11
350.81779166666684
 21
285.9542833333337
 31
0.0
  0
LINE
  5
15F
330
17
100
AcDbEntity
  8
CUT
100
AcDbLine
 10
100.65142777777793
 20
194.80285555555582
 30
0.0
 11
100.65142777777793
 21
205.87760833333374
 31
0.0
  0
LINE
  5
160
330
17
100
AcDbEntity
  8
CUT
100
AcDbLine
 10
360.8197472222223
 20
285.9542833333337
 30
0.0
 11
360.8197472222223
 21
282.95390833333374
 31
0.0
  0
LINE
  5
161
330
17
100
AcDbEntity
  8
CUT
100
AcDbLine
 10
373.82207777777796
 20
222.42958888888924
 30
0.0
 11
373.82207777777796
 21
212.63506666666706
 31
0.0
  0
LINE
  5
162
330
17
100
AcDbEntity
  8
CUT
100
AcDbLine
 10
373.82207777777796
 20
282.95390833333374
 30
0.0
 11
373.82207777777796
 21
272.9519527777781
 31
0.0
  0
LINE
  5
163
330
17
100
AcDbEntity
  8
CUT
100
AcDbLine
 10
370.8217027777778
 20
272.9519527777781
 30
0.0
 11
370.8217027777778
 21
262.94999722222263
 31
0.0
  0
LINE
  5
164
330
17
100
AcDbEntity
  8
CUT
100
AcDbLine
 10
123.65571388888903
 20
285.9542833333337
 30
0.0
 11
123.65571388888903
 21
282.95390833333374
 31
0.0
  0
LINE
  5
165
330
17
100
AcDbEntity
  8
CUT
100
AcDbLine
 10
370.8217027777778
 20
232.4315444444448
 30
0.0
 11
370.8217027777778
 21
222.42958888888924
 31
0.0
  0
LINE
  5
166
330
17
100
AcDbEntity
  8
CUT
100
AcDbLine
 10
103.65180277777792
 20
262.94999722222263
 30
0.0
 11
103.65180277777792
 21
272.9519527777781
 31
0.0
  0
LINE
  5
167
330
17
100
AcDbEntity
  8
CUT
100
AcDbLine
 10
373.82207777777796
 20
262.94999722222263
 30
0.0
 11
373.82207777777796
 21
232.4315444444448
 31
0.0
  0
LINE
  5
168
330
17
100
AcDbEntity
  8
CUT
100
AcDbLine
 10
271.76311388888905
 20
282.95390833333374
 30
0.0
 11
271.76311388888905
 21
285.9542833333337
 31
0.0
  0
LINE
  5
169
330
17
100
AcDbEntity
  8
CUT
100
AcDbLine
 10
100.65142777777793
 20
272.9519527777781
 30
0.0
 11
100.65142777777793
 21
282.95390833333374
 31
0.0
  0
LINE
  5
16A
330
17
100
AcDbEntity
  8
CUT
100
AcDbLine
 10
192.70843611111133
 20
282.95390833333374
 30
0.0
 11
192.70843611111133
 21
285.9542833333337
 31
0.0
  0
LINE
  5
16B
330
17
100
AcDbEntity
  8
CUT
100
AcDbLine
 10
113.65375833333341
 20
282.95390833333374
 30
0.0
 11
113.65375833333341
 21
285.9542833333337
 31
0.0
  0
LINE
  5
16C
330
17
100
AcDbEntity
  8
CUT
100
AcDbLine
 10
273.7693611111113
 20
212.63506666666706
 30
0.0
 11
273.7693611111113
 21
194.80285555555582
 31
0.0
  0
LINE
  5
16D
330
17
100
AcDbEntity
  8
CUT
100
AcDbLine
 10
100.65142777777793
 20
215.87921111111163
 30
0.0
 11
100.65142777777793
 21
262.94999722222263
 31
0.0
  0
LINE
  5
16E
330
17
100
AcDbEntity
  8
CUT
100
AcDbLine
 10
202.71039166666682
 20
285.9542833333337
 30
0.0
 11
202.71039166666682
 21
282.95390833333374
 31
0.0
  0
LINE
  5
16F
330
17
100
AcDbEntity
  8
CUT
100
AcDbLine
 10
373.82207777777796
 20
232.4315444444448
 30
0.0
 11
370.8217027777778
 21
232.4315444444448
 31
0.0
  0
LINE
  5
170
330
17
100
AcDbEntity
  8
CUT
100
AcDbLine
 10
373.82207777777796
 20
272.9519527777781
 30
0.0
 11
370.8217027777778
 21
272.9519527777781
 31
0.0
  0
LINE
  5
171
330
17
100
AcDbEntity
  8
CUT
100
AcDbLine
 10
103.65180277777792
 20
272.9519527777781
 30
0.0
 11
100.65142777777793
 21
272.9519527777781
 31
0.0
  0
LINE
  5
172
330
17
100
AcDbEntity
  8
CUT
100
AcDbLine
 10
370.8217027777778
 20
262.94999722222263
 30
0.0
 11
373.82207777777796
 21
262.94999722222263
 31
0.0
  0
LINE
  5
173
330
17
100
AcDbEntity
  8
CUT
100
AcDbLine
 10
100.65142777777793
 20
262.94999722222263
 30
0.0
 11
103.65180277777792
 21
262.94999722222263
 31
0.0
  0
LINE
  5
174
330
17
100
AcDbEntity
  8
CUT
100
AcDbLine
 10
370.8217027777778
 20
222.42958888888924
 30
0.0
 11
373.82207777777796
 21
222.42958888888924
 31
0.0
  0
LINE
  5
175
330
17
100
AcDbEntity
  8
CUT
100
AcDbLine
 10
281.76506944444463
 20
282.95390833333374
 30
0.0
 11
350.81779166666684
 21
282.95390833333374
 31
0.0
  0
LINE
  5
176
330
17
100
AcDbEntity
  8
CUT
100
AcDbLine
 10
100.65142777777793
 20
282.95390833333374
 30
0.0
 11
113.65375833333341
 21
282.95390833333374
 31
0.0
  0
LINE
  5
177
330
17
100
AcDbEntity
  8
CUT
100
AcDbLine
 10
123.65571388888903
 20
282.95390833333374
 30
0.0
 11
192.70843611111133
 21
282.95390833333374
 31
0.0
  0
LINE
  5
178
330
17
100
AcDbEntity
  8
CUT
100
AcDbLine
 10
360.8197472222223
 20
282.95390833333374
 30
0.0
 11
373.82207777777796
 21
282.95390833333374
 31
0.0
  0
LINE
  5
179
330
17
100
AcDbEntity
  8
CUT
100
AcDbLine
 10
202.71039166666682
 20
282.95390833333374
 30
0.0
 11
271.76311388888905
 21
282.95390833333374
 31
0.0
  0
LINE
  5
17A
330
17
100
AcDbEntity
  8
CUT
100
AcDbLine
 10
271.76311388888905
 20
285.9542833333337
 30
0.0
 11
281.76506944444463
 21
285.9542833333337
 31
0.0
  0
LINE
  5
17B
330
17
100
AcDbEntity
  8
CUT
100
AcDbLine
 10
113.65375833333341
 20
285.9542833333337
 30
0.0
 11
123.65571388888903
 21
285.9542833333337
 31
0.0
  0
LINE
  5
17C
330
17
100
AcDbEntity
  8
CUT
100
AcDbLine
 10
350.81779166666684
 20
285.9542833333337
 30
0.0
 11
360.8197472222223
 21
285.9542833333337
 31
0.0
  0
LINE
  5
17D
330
17
100
AcDbEntity
  8
CUT
100
AcDbLine
 10
192.70843611111133
 20
285.9542833333337
 30
0.0
 11
202.71039166666682
 21
285.9542833333337
 31
0.0
  0
LINE
  5
17E
330
17
100
AcDbEntity
  8
CUT
100
AcDbLine
 10
373.82207777777796
 20
212.63506666666706
 30
0.0
 11
273.76936111111144
 21
212.63506666666706
 31
0.0
  0
LINE
  5
17F
330
17
100
AcDbEntity
  8
CUT
100
AcDbLine
 10
273.7693611111113
 20
194.80285555555582
 30
0.0
 11
100.65142777777791
 21
194.80285555555582
 31
0.0
  0
LINE
  5
180
330
17
100
AcDbEntity
  8
CUT
100
AcDbLine
 10
100.65142777777793
 20
205.87760833333374
 30
0.0
 11
103.65180277777792
 21
205.87760833333374
 31
0.0
  0
LINE
  5
181
330
17
100
AcDbEntity
  8
CUT
100
AcDbLine
 10
103.65180277777792
 20
215.87921111111163
 30
0.0
 11
100.65142777777793
 21
215.87921111111163
 31
0.0
  0
CIRCLE
  5
182
330
17
100
AcDbEntity
  8
CUT
100
AcDbCircle
 10
180.84088220579815
 20
255.35404146793772
 30
0.0
 40
11.18033988749893
  0
LINE
  5
183
330
17
100
AcDbEntity
  8
ENGRAVE
100
AcDbLine
 10
225.28923200699793
 20
234.9152837220518
 30
0.0
 11
228.08918928238856
 21
234.9152837220518
 31
0.0
  0
LINE
  5
184
330
17
100
AcDbEntity
  8
ENGRAVE
100
AcDbLine
 10
228.08918928238856
 20
234.9152837220518
 30
0.0
 11
228.78917860123622
 21
236.31526235974712
 31
0.0
  0
LINE
  5
185
330
17
100
AcDbEntity
  8
ENGRAVE
100
AcDbLine
 10
228.78917860123622
 20
236.31526235974712
 30
0.0
 11
228.78917860123622
 21
240.51519827283306
 31
0.0
  0
LINE
  5
186
330
17
100
AcDbEntity
  8
ENGRAVE
100
AcDbLine
 10
228.78917860123622
 20
240.51519827283306
 30
0.0
 11
228.08918928238856
 21
241.91517691052837
 31
0.0
  0
LINE
  5
187
330
17
100
AcDbEntity
  8
ENGRAVE
100
AcDbLine
 10
228.08918928238856
 20
241.91517691052837
 30
0.0
 11
225.28923200699793
 21
241.91517691052837
 31
0.0
  0
LINE
  5
188
330
17
100
AcDbEntity
  8
ENGRAVE
100
AcDbLine
 10
225.28923200699793
 20
241.91517691052837
 30
0.0
 11
224.58924268815028
 21
240.51519827283306
 31
0.0
  0
LINE
  5
189
330
17
100
AcDbEntity
  8
ENGRAVE
100
AcDbLine
 10
224.58924268815028
 20
240.51519827283306
 30
0.0
 11
224.58924268815028
 21
236.31526235974712
 31
0.0
  0
LINE
  5
18A
330
17
100
AcDbEntity
  8
ENGRAVE
100
AcDbLine
 10
224.58924268815028
 20
236.31526235974712
 30
0.0
 11
225.28923200699793
 21
234.9152837220518
 31
0.0
  0
LINE
  5
18B
330
17
100
AcDbEntity
  8
ENGRAVE
100
AcDbLine
 10
230.88914655777918
 20
240.51519827283306
 30
0.0
 11
232.2891251954745
 21
241.91517691052837
 31
0.0
  0
LINE
  5
18C
330
17
100
AcDbEntity
  8
ENGRAVE
100
AcDbLine
 10
232.2891251954745
 20
241.91517691052837
 30
0.0
 11
232.2891251954745
 21
234.9152837220518
 31
0.0
  0
LINE
  5
18D
330
17
100
AcDbEntity
  8
ENGRAVE
100
AcDbLine
 10
230.88914655777918
 20
234.9152837220518
 30
0.0
 11
233.6891038331698
 21
234.9152837220518
 31
0.0
  0
LINE
  5
18E
330
17
100
AcDbEntity
  8
CUT
100
AcDbLine
 10
273.7693611111113
 20
316.58101666666715
 30
0.0
 11
273.7693611111113
 21
326.5829722222227
 31
0.0
  0
LINE
  5
18F
330
17
100
AcDbEntity
  8
CUT
100
AcDbLine
 10
270.7686333333335
 20
326.5829722222227
 30
0.0
 11
270.7686333333335
 21
316.58101666666715
 31
0.0
  0
LINE
  5
190
330
17
100
AcDbEntity
  8
CUT
100
AcDbLine
 10
273.7693611111113
 20
326.5829722222227
 30
0.0
 11
270.7686333333335
 21
326.5829722222227
 31
0.0
  0
LINE
  5
191
330
17
100
AcDbEntity
  8
CUT
100
AcDbLine
 10
270.7686333333335
 20
316.58101666666715
 30
0.0
 11
273.7693611111113
 21
316.58101666666715
 31
0.0
  0
LINE
  5
192
330
17
100
AcDbEntity
  8
CUT
100
AcDbLine
 10
270.7686333333335
 20
367.103380555556
 30
0.0
 11
270.7686333333335
 21
357.1014250000005
 31
0.0
  0
LINE
  5
193
330
17
100
AcDbEntity
  8
CUT
100
AcDbLine
 10
273.7693611111113
 20
357.1014250000005
 30
0.0
 11
273.7693611111113
 21
367.103380555556
 31
0.0
  0
LINE
  5
194
330
17
100
AcDbEntity
  8
CUT
100
AcDbLine
 10
273.7693611111113
 20
367.103380555556
 30
0.0
 11
270.7686333333335
 21
367.103380555556
 31
0.0
  0
LINE
  5
195
330
17
100
AcDbEntity
  8
CUT
100
AcDbLine
 10
270.7686333333335
 20
357.1014250000005
 30
0.0
 11
273.7693611111113
 21
357.1014250000005
 31
0.0
  0
LINE
  5
196
330
17
100
AcDbEntity
  8
CUT
100
AcDbLine
 10
282.10550000000023
 20
294.5828527777783
 30
0.0
 11
282.20145555555575
 21
293.6070694444449
 31
0.0
  0
LINE
  5
197
330
17
100
AcDbEntity
  8
CUT
100
AcDbLine
 10
309.085238888889
 20
289.962169444445
 30
0.0
 11
309.94989722222243
 21
290.4243083333338
 31
0.0
  0
LINE
  5
198
330
17
100
AcDbEntity
  8
CUT
100
AcDbLine
 10
284.3280000000001
 20
290.4243083333338
 30
0.0
 11
285.1926583333335
 21
289.962169444445
 31
0.0
  0
LINE
  5
199
330
17
100
AcDbEntity
  8
CUT
100
AcDbLine
 10
282.94793333333354
 20
291.80437500000056
 30
0.0
 11
283.56988055555576
 21
291.046255555556
 31
0.0
  0
LINE
  5
19A
330
17
100
AcDbEntity
  8
CUT
100
AcDbLine
 10
286.1060000000002
 20
298.5833527777784
 30
0.0
 11
286.1060000000002
 21
295.5826250000005
 31
0.0
  0
LINE
  5
19B
330
17
100
AcDbEntity
  8
CUT
100
AcDbLine
 10
283.56988055555576
 20
291.046255555556
 30
0.0
 11
284.3280000000001
 21
290.4243083333338
 31
0.0
  0
LINE
  5
19C
330
17
100
AcDbEntity
  8
CUT
100
AcDbLine
 10
312.0760888888891
 20
293.6070694444449
 30
0.0
 11
312.17239722222234
 21
294.5828527777783
 31
0.0
  0
LINE
  5
19D
330
17
100
AcDbEntity
  8
CUT
100
AcDbLine
 10
289.1067277777779
 20
301.584080555556
 30
0.0
 11
289.1067277777779
 21
298.5833527777784
 31
0.0
  0
LINE
  5
19E
330
17
100
AcDbEntity
  8
CUT
100
AcDbLine
 10
282.48579444444465
 20
292.66868055555614
 30
0.0
 11
282.94793333333354
 21
291.80437500000056
 31
0.0
  0
LINE
  5
19F
330
17
100
AcDbEntity
  8
CUT
100
AcDbLine
 10
309.94989722222243
 20
290.4243083333338
 30
0.0
 11
310.7076638888891
 21
291.046255555556
 31
0.0
  0
LINE
  5
1A0
330
17
100
AcDbEntity
  8
CUT
100
AcDbLine
 10
308.17154444444463
 20
295.5826250000005
 30
0.0
 11
308.17154444444463
 21
298.5833527777784
 31
0.0
  0
LINE
  5
1A1
330
17
100
AcDbEntity
  8
CUT
100
AcDbLine
 10
308.1468500000002
 20
289.677830555556
 30
0.0
 11
309.085238888889
 21
289.962169444445
 31
0.0
  0
LINE
  5
1A2
330
17
100
AcDbEntity
  8
CUT
100
AcDbLine
 10
311.79139722222243
 20
292.66868055555614
 30
0.0
 11
312.0760888888891
 21
293.6070694444449
 31
0.0
  0
LINE
  5
1A3
330
17
100
AcDbEntity
  8
CUT
100
AcDbLine
 10
310.7076638888891
 20
291.046255555556
 30
0.0
 11
311.3296111111113
 21
291.80437500000056
 31
0.0
  0
LINE
  5
1A4
330
17
100
AcDbEntity
  8
CUT
100
AcDbLine
 10
282.20145555555575
 20
293.6070694444449
 30
0.0
 11
282.48579444444465
 21
292.66868055555614
 31
0.0
  0
LINE
  5
1A5
330
17
100
AcDbEntity
  8
CUT
100
AcDbLine
 10
285.1926583333335
 20
289.962169444445
 30
0.0
 11
286.13069444444466
 21
289.677830555556
 31
0.0
  0
LINE
  5
1A6
330
17
100
AcDbEntity
  8
CUT
100
AcDbLine
 10
312.17239722222234
 20
294.5828527777783
 30
0.0
 11
312.17239722222234
 21
295.5826250000005
 31
0.0
  0
LINE
  5
1A7
330
17
100
AcDbEntity
  8
CUT
100
AcDbLine
 10
305.17081666666684
 20
298.5833527777784
 30
0.0
 11
305.17081666666684
 21
301.584080555556
 31
0.0
  0
LINE
  5
1A8
330
17
100
AcDbEntity
  8
CUT
100
AcDbLine
 10
311.3296111111113
 20
291.80437500000056
 30
0.0
 11
311.79139722222243
 21
292.66868055555614
 31
0.0
  0
LINE
  5
1A9
330
17
100
AcDbEntity
  8
CUT
100
AcDbLine
 10
282.10550000000023
 20
295.5826250000005
 30
0.0
 11
282.10550000000023
 21
294.5828527777783
 31
0.0
  0
LINE
  5
1AA
330
17
100
AcDbEntity
  8
CUT
100
AcDbLine
 10
308.17154444444463
 20
298.5833527777784
 30
0.0
 11
305.17081666666684
 21
298.5833527777784
 31
0.0
  0
LINE
  5
1AB
330
17
100
AcDbEntity
  8
CUT
100
AcDbLine
 10
289.1067277777779
 20
298.5833527777784
 30
0.0
 11
286.1060000000002
 21
298.5833527777784
 31
0.0
  0
LINE
  5
1AC
330
17
100
AcDbEntity
  8
CUT
100
AcDbLine
 10
286.1060000000002
 20
295.5826250000005
 30
0.0
 11
282.10550000000023
 21
295.5826250000005
 31
0.0
  0
LINE
  5
1AD
330
17
100
AcDbEntity
  8
CUT
100
AcDbLine
 10
312.17239722222234
 20
295.5826250000005
 30
0.0
 11
308.17154444444463
 21
295.5826250000005
 31
0.0
  0
LINE
  5
1AE
330
17
100
AcDbEntity
  8
CUT
100
AcDbLine
 10
305.17081666666684
 20
301.584080555556
 30
0.0
 11
289.1067277777779
 21
301.584080555556
 31
0.0
  0
LINE
  5
1AF
330
17
100
AcDbEntity
  8
CUT
100
AcDbLine
 10
287.10612500000013
 20
289.5815222222227
 30
0.0
 11
307.17106666666683
 21
289.5815222222227
 31
0.0
  0
LINE
  5
1B0
330
17
100
AcDbEntity
  8
CUT
100
AcDbLine
 10
307.17106666666683
 20
289.5815222222227
 30
0.0
 11
308.1468500000002
 21
289.677830555556
 31
0.0
  0
LINE
  5
1B1
330
17
100
AcDbEntity
  8
CUT
100
AcDbLine
 10
286.13069444444466
 20
289.677830555556
 30
0.0
 11
287.10612500000013
 21
289.5815222222227
 31
0.0
  0
LINE
  5
1B2
330
17
100
AcDbEntity
  8
CUT
100
AcDbLine
 10
103.65180277777792
 20
300.0290361111116
 30
0.0
 11
103.65180277777792
 21
310.03063888888954
 31
0.0
  0
LINE
  5
1B3
330
17
100
AcDbEntity
  8
CUT
100
AcDbLine
 10
281.76506944444463
 20
380.10571111111165
 30
0.0
 11
281.76506944444463
 21
377.1053361111116
 31
0.0
  0
LINE
  5
1B4
330
17
100
AcDbEntity
  8
CUT
100
AcDbLine
 10
350.81779166666684
 20
377.1053361111116
 30
0.0
 11
350.81779166666684
 21
380.10571111111165
 31
0.0
  0
LINE
  5
1B5
330
17
100
AcDbEntity
  8
CUT
100
AcDbLine
 10
100.65142777777793
 20
288.9542833333337
 30
0.0
 11
100.65142777777793
 21
300.0290361111116
 31
0.0
  0
LINE
  5
1B6
330
17
100
AcDbEntity
  8
CUT
100
AcDbLine
 10
360.8197472222223
 20
380.10571111111165
 30
0.0
 11
360.8197472222223
 21
377.1053361111116
 31
0.0
  0
LINE
  5
1B7
330
17
100
AcDbEntity
  8
CUT
100
AcDbLine
 10
373.82207777777796
 20
316.58101666666715
 30
0.0
 11
373.82207777777796
 21
306.78649444444494
 31
0.0
  0
LINE
  5
1B8
330
17
100
AcDbEntity
  8
CUT
100
AcDbLine
 10
373.82207777777796
 20
377.1053361111116
 30
0.0
 11
373.82207777777796
 21
367.103380555556
 31
0.0
  0
LINE
  5
1B9
330
17
100
AcDbEntity
  8
CUT
100
AcDbLine
 10
370.8217027777778
 20
367.103380555556
 30
0.0
 11
370.8217027777778
 21
357.1014250000005
 31
0.0
  0
LINE
  5
1BA
330
17
100
AcDbEntity
  8
CUT
100
AcDbLine
 10
123.65571388888903
 20
380.10571111111165
 30
0.0
 11
123.65571388888903
 21
377.1053361111116
 31
0.0
  0
LINE
  5
1BB
330
17
100
AcDbEntity
  8
CUT
100
AcDbLine
 10
370.8217027777778
 20
326.5829722222227
 30
0.0
 11
370.8217027777778
 21
316.58101666666715
 31
0.0
  0
LINE
  5
1BC
330
17
100
AcDbEntity
  8
CUT
100
AcDbLine
 10
103.65180277777792
 20
357.1014250000005
 30
0.0
 11
103.65180277777792
 21
367.103380555556
 31
0.0
  0
LINE
  5
1BD
330
17
100
AcDbEntity
  8
CUT
100
AcDbLine
 10
373.82207777777796
 20
357.1014250000005
 30
0.0
 11
373.82207777777796
 21
326.5829722222227
 31
0.0
  0
LINE
  5
1BE
330
17
100
AcDbEntity
  8
CUT
100
AcDbLine
 10
271.76311388888905
 20
377.1053361111116
 30
0.0
 11
271.76311388888905
 21
380.10571111111165
 31
0.0
  0
LINE
  5
1BF
330
17
100
AcDbEntity
  8
CUT
100
AcDbLine
 10
100.65142777777793
 20
367.103380555556
 30
0.0
 11
100.65142777777793
 21
377.1053361111116
 31
0.0
  0
LINE
  5
1C0
330
17
100
AcDbEntity
  8
CUT
100
AcDbLine
 10
192.70843611111133
 20
377.1053361111116
 30
0.0
 11
192.70843611111133
 21
380.10571111111165
 31
0.0
  0
LINE
  5
1C1
330
17
100
AcDbEntity
  8
CUT
100
AcDbLine
 10
113.65375833333341
 20
377.1053361111116
 30
0.0
 11
113.65375833333341
 21
380.10571111111165
 31
0.0
  0
LINE
  5
1C2
330
17
100
AcDbEntity
  8
CUT
100
AcDbLine
 10
273.7693611111113
 20
306.78649444444494
 30
0.0
 11
273.7693611111113
 21
288.9542833333337
 31
0.0
  0
LINE
  5
1C3
330
17
100
AcDbEntity
  8
CUT
100
AcDbLine
 10
100.65142777777793
 20
310.03063888888954
 30
0.0
 11
100.65142777777793
 21
357.1014250000005
 31
0.0
  0
LINE
  5
1C4
330
17
100
AcDbEntity
  8
CUT
100
AcDbLine
 10
202.71039166666682
 20
380.10571111111165
 30
0.0
 11
202.71039166666682
 21
377.1053361111116
 31
0.0
  0
LINE
  5
1C5
330
17
100
AcDbEntity
  8
CUT
100
AcDbLine
 10
373.82207777777796
 20
326.5829722222227
 30
0.0
 11
370.8217027777778
 21
326.5829722222227
 31
0.0
  0
LINE
  5
1C6
330
17
100
AcDbEntity
  8
CUT
100
AcDbLine
 10
373.82207777777796
 20
367.103380555556
 30
0.0
 11
370.8217027777778
 21
367.103380555556
 31
0.0
  0
LINE
  5
1C7
330
17
100
AcDbEntity
  8
CUT
100
AcDbLine
 10
103.65180277777792
 20
367.103380555556
 30
0.0
 11
100.65142777777793
 21
367.103380555556
 31
0.0
  0
LINE
  5
1C8
330
17
100
AcDbEntity
  8
CUT
100
AcDbLine
 10
370.8217027777778
 20
357.1014250000005
 30
0.0
 11
373.82207777777796
 21
357.1014250000005
 31
0.0
  0
LINE
  5
1C9
330
17
100
AcDbEntity
  8
CUT
100
AcDbLine
 10
100.65142777777793
 20
357.1014250000005
 30
0.0
 11
103.65180277777792
 21
357.1014250000005
 31
0.0
  0
LINE
  5
1CA
330
17
100
AcDbEntity
  8
CUT
100
AcDbLine
 10
370.8217027777778
 20
316.58101666666715
 30
0.0
 11
373.82207777777796
 21
316.58101666666715
 31
0.0
  0
LINE
  5
1CB
330
17
100
AcDbEntity
  8
CUT
100
AcDbLine
 10
281.76506944444463
 20
377.1053361111116
 30
0.0
 11
350.81779166666684
 21
377.1053361111116
 31
0.0
  0
LINE
  5
1CC
330
17
100
AcDbEntity
  8
CUT
100
AcDbLine
 10
100.65142777777793
 20
377.1053361111116
 30
0.0
 11
113.65375833333341
 21
377.1053361111116
 31
0.0
  0
LINE
  5
1CD
330
17
100
AcDbEntity
  8
CUT
100
AcDbLine
 10
123.65571388888903
 20
377.1053361111116
 30
0.0
 11
192.70843611111133
 21
377.1053361111116
 31
0.0
  0
LINE
  5
1CE
330
17
100
AcDbEntity
  8
CUT
100
AcDbLine
 10
360.8197472222223
 20
377.1053361111116
 30
0.0
 11
373.82207777777796
 21
377.1053361111116
 31
0.0
  0
LINE
  5
1CF
330
17
100
AcDbEntity
  8
CUT
100
AcDbLine
 10
202.71039166666682
 20
377.1053361111116
 30
0.0
 11
271.76311388888905
 21
377.1053361111116
 31
0.0
  0
LINE
  5
1D0
330
17
100
AcDbEntity
  8
CUT
100
AcDbLine
 10
271.76311388888905
 20
380.10571111111165
 30
0.0
 11
281.76506944444463
 21
380.10571111111165
 31
0.0
  0
LINE
  5
1D1
330
17
100
AcDbEntity
  8
CUT
100
AcDbLine
 10
113.65375833333341
 20
380.10571111111165
 30
0.0
 11
123.65571388888903
 21
380.10571111111165
 31
0.0
  0
LINE
  5
1D2
330
17
100
AcDbEntity
  8
CUT
100
AcDbLine
 10
350.81779166666684
 20
380.10571111111165
 30
0.0
 11
360.8197472222223
 21
380.10571111111165
 31
0.0
  0
LINE
  5
1D3
330
17
100
AcDbEntity
  8
CUT
100
AcDbLine
 10
192.70843611111133
 20
380.10571111111165
 30
0.0
 11
202.71039166666682
 21
380.10571111111165
 31
0.0
  0
LINE
  5
1D4
330
17
100
AcDbEntity
  8
CUT
100
AcDbLine
 10
373.82207777777796
 20
306.78649444444494
 30
0.0
 11
273.76936111111144
 21
306.78649444444494
 31
0.0
  0
LINE
  5
1D5
330
17
100
AcDbEntity
  8
CUT
100
AcDbLine
 10
273.7693611111113
 20
288.9542833333337
 30
0.0
 11
100.65142777777791
 21
288.9542833333337
 31
0.0
  0
LINE
  5
1D6
330
17
100
AcDbEntity
  8
CUT
100
AcDbLine
 10
100.65142777777793
 20
300.0290361111116
 30
0.0
 11
103.65180277777792
 21
300.0290361111116
 31
0.0
  0
LINE
  5
1D7
330
17
100
AcDbEntity
  8
CUT
100
AcDbLine
 10
103.65180277777792
 20
310.03063888888954
 30
0.0
 11
100.65142777777793
 21
310.03063888888954
 31
0.0
  0
CIRCLE
  5
1D8
330
17
100
AcDbEntity
  8
CUT
100
AcDbCircle
 10
180.84088220579815
 20
349.50546924571563
 30
0.0
 40
11.18033988749893
  0
LINE
  5
1D9
330
17
100
AcDbEntity
  8
ENGRAVE
100
AcDbLine
 10
225.28923200699793
 20
329.0667114998297
 30
0.0
 11
228.08918928238856
 21
329.0667114998297
 31
0.0
  0
LINE
  5
1DA
330
17
100
AcDbEntity
  8
ENGRAVE
100
AcDbLine
 10
228.08918928238856
 20
329.0667114998297
 30
0.0
 11
228.78917860123622
 21
330.466690137525
 31
0.0
  0
LINE
  5
1DB
330
17
100
AcDbEntity
  8
ENGRAVE
100
AcDbLine
 10
228.78917860123622
 20
330.466690137525
 30
0.0
 11
228.78917860123622
 21
334.66662605061094
 31
0.0
  0
LINE
  5
1DC
330
17
100
AcDbEntity
  8
ENGRAVE
100
AcDbLine
 10
228.78917860123622
 20
334.66662605061094
 30
0.0
 11
228.08918928238856
 21
336.06660468830626
 31
0.0
  0
LINE
  5
1DD
330
17
100
AcDbEntity
  8
ENGRAVE
100
AcDbLine
 10
228.08918928238856
 20
336.06660468830626
 30
0.0
 11
225.28923200699793
 21
336.06660468830626
 31
0.0
  0
LINE
  5
1DE
330
17
100
AcDbEntity
  8
ENGRAVE
100
AcDbLine
 10
225.28923200699793
 20
336.06660468830626
 30
0.0
 11
224.58924268815028
 21
334.66662605061094
 31
0.0
  0
LINE
  5
1DF
330
17
100
AcDbEntity
  8
ENGRAVE
100
AcDbLine
 10
224.58924268815028
 20
334.66662605061094
 30
0.0
 11
224.58924268815028
 21
330.466690137525
 31
0.0
  0
LINE
  5
1E0
330
17
100
AcDbEntity
  8
ENGRAVE
100
AcDbLine
 10
224.58924268815028
 20
330.466690137525
 30
0.0
 11
225.28923200699793
 21
329.0667114998297
 31
0.0
  0
LINE
  5
1E1
330
17
100
AcDbEntity
  8
ENGRAVE
100
AcDbLine
 10
230.88914655777918
 20
334.66662605061094
 30
0.0
 11
232.2891251954745
 21
336.06660468830626
 31
0.0
  0
LINE
  5
1E2
330
17
100
AcDbEntity
  8
ENGRAVE
100
AcDbLine
 10
232.2891251954745
 20
336.06660468830626
 30
0.0
 11
232.2891251954745
 21
329.0667114998297
 31
0.0
  0
LINE
  5
1E3
330
17
100
AcDbEntity
  8
ENGRAVE
100
AcDbLine
 10
230.88914655777918
 20
329.0667114998297
 30
0.0
 11
233.6891038331698
 21
329.0667114998297
 31
0.0
  0
LINE
  5
1E4
330
17
100
AcDbEntity
  8
CUT
100
AcDbLine
 10
286.62281944444464
 20
49.439405555555595
 30
0.0
 11
286.62281944444464
 21
57.440758333333406
 31
0.0
  0
LINE
  5
1E5
330
17
100
AcDbEntity
  8
CUT
100
AcDbLine
 10
289.6231944444445
 20
57.440758333333406
 30
0.0
 11
289.6231944444445
 21
49.439405555555595
 31
0.0
  0
LINE
  5
1E6
330
17
100
AcDbEntity
  8
CUT
100
AcDbLine
 10
289.6231944444445
 20
49.439405555555595
 30
0.0
 11
286.62281944444464
 21
49.439405555555595
 31
0.0
  0
LINE
  5
1E7
330
17
100
AcDbEntity
  8
CUT
100
AcDbLine
 10
286.62281944444464
 20
57.440758333333406
 30
0.0
 11
289.6231944444445
 21
57.440758333333406
 31
0.0
  0
LINE
  5
1E8
330
17
100
AcDbEntity
  8
CUT
100
AcDbLine
 10
389.6762638888889
 20
16.501955555555597
 30
0.0
 11
389.6762638888889
 21
26.503911111111094
 31
0.0
  0
LINE
  5
1E9
330
17
100
AcDbEntity
  8
CUT
100
AcDbLine
 10
386.67553611111134
 20
26.503911111111094
 30
0.0
 11
386.67553611111134
 21
48.4392805555556
 31
0.0
  0
LINE
  5
1EA
330
17
100
AcDbEntity
  8
CUT
100
AcDbLine
 10
389.6762638888889
 20
48.4392805555556
 30
0.0
 11
389.6762638888889
 21
58.44123611111121
 31
0.0
  0
LINE
  5
1EB
330
17
100
AcDbEntity
  8
CUT
100
AcDbLine
 10
282.67065
 20
75.7082972222222
 30
0.0
 11
282.67065
 21
6.5
 31
0.0
  0
LINE
  5
1EC
330
17
100
AcDbEntity
  8
CUT
100
AcDbLine
 10
386.67553611111134
 20
6.5
 30
0.0
 11
386.67553611111134
 21
16.501955555555597
 31
0.0
  0
LINE
  5
1ED
330
17
100
AcDbEntity
  8
CUT
100
AcDbLine
 10
386.67553611111134
 20
58.44123611111121
 30
0.0
 11
386.67553611111134
 21
75.7082972222222
 31
0.0
  0
LINE
  5
1EE
330
17
100
AcDbEntity
  8
CUT
100
AcDbLine
 10
389.6762638888889
 20
58.44123611111121
 30
0.0
 11
386.67553611111134
 21
58.44123611111121
 31
0.0
  0
LINE
  5
1EF
330
17
100
AcDbEntity
  8
CUT
100
AcDbLine
 10
389.6762638888889
 20
26.503911111111094
 30
0.0
 11
386.67553611111134
 21
26.503911111111094
 31
0.0
  0
LINE
  5
1F0
330
17
100
AcDbEntity
  8
CUT
100
AcDbLine
 10
386.67553611111134
 20
75.7082972222222
 30
0.0
 11
282.67065
 21
75.7082972222222
 31
0.0
  0
LINE
  5
1F1
330
17
100
AcDbEntity
  8
CUT
100
AcDbLine
 10
282.67065
 20
6.5
 30
0.0
 11
386.67553611111134
 21
6.5
 31
0.0
  0
LINE
  5
1F2
330
17
100
AcDbEntity
  8
CUT
100
AcDbLine
 10
386.67553611111134
 20
16.501955555555597
 30
0.0
 11
389.6762638888889
 21
16.501955555555597
 31
0.0
  0
LINE
  5
1F3
330
17
100
AcDbEntity
  8
CUT
100
AcDbLine
 10
386.67553611111134
 20
48.4392805555556
 30
0.0
 11
389.6762638888889
 21
48.4392805555556
 31
0.0
  0
LINE
  5
1F4
330
17
100
AcDbEntity
  8
CUT
100
AcDbLine
 10
289.6231944444445
 20
22.5030583333333
 30
0.0
 11
289.6231944444445
 21
14.501352777777797
 31
0.0
  0
LINE
  5
1F5
330
17
100
AcDbEntity
  8
CUT
100
AcDbLine
 10
286.62281944444464
 20
14.501352777777797
 30
0.0
 11
286.62281944444464
 21
22.5030583333333
 31
0.0
  0
LINE
  5
1F6
330
17
100
AcDbEntity
  8
CUT
100
AcDbLine
 10
286.62281944444464
 20
22.5030583333333
 30
0.0
 11
289.6231944444445
 21
22.5030583333333
 31
0.0
  0
LINE
  5
1F7
330
17
100
AcDbEntity
  8
CUT
100
AcDbLine
 10
289.6231944444445
 20
14.501352777777797
 30
0.0
 11
286.62281944444464
 21
14.501352777777797
 31
0.0
  0
LINE
  5
1F8
330
17
100
AcDbEntity
  8
ENGRAVE
100
AcDbLine
 10
346.97462565779165
 20
37.0021825315753
 30
0.0
 11
349.7745829331823
 21
37.0021825315753
 31
0.0
  0
LINE
  5
1F9
330
17
100
AcDbEntity
  8
ENGRAVE
100
AcDbLine
 10
349.7745829331823
 20
37.0021825315753
 30
0.0
 11
350.47457225202993
 21
38.40216116927061
 31
0.0
  0
LINE
  5
1FA
330
17
100
AcDbEntity
  8
ENGRAVE
100
AcDbLine
 10
350.47457225202993
 20
38.40216116927061
 30
0.0
 11
350.47457225202993
 21
42.60209708235655
 31
0.0
  0
LINE
  5
1FB
330
17
100
AcDbEntity
  8
ENGRAVE
100
AcDbLine
 10
350.47457225202993
 20
42.60209708235655
 30
0.0
 11
349.7745829331823
 21
44.00207572005186
 31
0.0
  0
LINE
  5
1FC
330
17
100
AcDbEntity
  8
ENGRAVE
100
AcDbLine
 10
349.7745829331823
 20
44.00207572005186
 30
0.0
 11
346.97462565779165
 21
44.00207572005186
 31
0.0
  0
LINE
  5
1FD
330
17
100
AcDbEntity
  8
ENGRAVE
100
AcDbLine
 10
346.97462565779165
 20
44.00207572005186
 30
0.0
 11
346.274636338944
 21
42.60209708235655
 31
0.0
  0
LINE
  5
1FE
330
17
100
AcDbEntity
  8
ENGRAVE
100
AcDbLine
 10
346.274636338944
 20
42.60209708235655
 30
0.0
 11
346.274636338944
 21
38.40216116927061
 31
0.0
  0
LINE
  5
1FF
330
17
100
AcDbEntity
  8
ENGRAVE
100
AcDbLine
 10
346.274636338944
 20
38.40216116927061
 30
0.0
 11
346.97462565779165
 21
37.0021825315753
 31
0.0
  0
LINE
  5
200
330
17
100
AcDbEntity
  8
ENGRAVE
100
AcDbLine
 10
352.5745402085729
 20
37.0021825315753
 30
0.0
 11
354.67450816511587
 21
37.0021825315753
 31
0.0
  0
LINE
  5
201
330
17
100
AcDbEntity
  8
ENGRAVE
100
AcDbLine
 10
354.67450816511587
 20
37.0021825315753
 30
0.0
 11
356.0744868028112
 21
39.10215048811827
 31
0.0
  0
LINE
  5
202
330
17
100
AcDbEntity
  8
ENGRAVE
100
AcDbLine
 10
356.0744868028112
 20
39.10215048811827
 30
0.0
 11
356.0744868028112
 21
42.60209708235655
 31
0.0
  0
LINE
  5
203
330
17
100
AcDbEntity
  8
ENGRAVE
100
AcDbLine
 10
356.0744868028112
 20
42.60209708235655
 30
0.0
 11
355.3744974839635
 21
44.00207572005186
 31
0.0
  0
LINE
  5
204
330
17
100
AcDbEntity
  8
ENGRAVE
100
AcDbLine
 10
355.3744974839635
 20
44.00207572005186
 30
0.0
 11
352.5745402085729
 21
44.00207572005186
 31
0.0
  0
LINE
  5
205
330
17
100
AcDbEntity
  8
ENGRAVE
100
AcDbLine
 10
352.5745402085729
 20
44.00207572005186
 30
0.0
 11
351.87455088972524
 21
42.60209708235655
 31
0.0
  0
LINE
  5
206
330
17
100
AcDbEntity
  8
ENGRAVE
100
AcDbLine
 10
351.87455088972524
 20
42.60209708235655
 30
0.0
 11
351.87455088972524
 21
41.552113104085066
 31
0.0
  0
LINE
  5
207
330
17
100
AcDbEntity
  8
ENGRAVE
100
AcDbLine
 10
351.87455088972524
 20
41.552113104085066
 30
0.0
 11
352.5745402085729
 21
40.50212912581358
 31
0.0
  0
LINE
  5
208
330
17
100
AcDbEntity
  8
ENGRAVE
100
AcDbLine
 10
352.5745402085729
 20
40.50212912581358
 30
0.0
 11
355.3744974839635
 21
40.50212912581358
 31
0.0
  0
LINE
  5
209
330
17
100
AcDbEntity
  8
ENGRAVE
100
AcDbLine
 10
355.3744974839635
 20
40.50212912581358
 30
0.0
 11
356.0744868028112
 21
41.552113104085066
 31
0.0
  0
LINE
  5
20A
330
17
100
AcDbEntity
  8
CUT
100
AcDbLine
 10
113.50526111111111
 20
393.1076666666673
 30
0.0
 11
113.50526111111111
 21
403.109622222223
 31
0.0
  0
LINE
  5
20B
330
17
100
AcDbEntity
  8
CUT
100
AcDbLine
 10
110.50453333333343
 20
383.10571111111165
 30
0.0
 11
110.50453333333343
 21
393.1076666666673
 31
0.0
  0
LINE
  5
20C
330
17
100
AcDbEntity
  8
CUT
100
AcDbLine
 10
6.5
 20
440.35413611111176
 30
0.0
 11
6.5
 21
383.10571111111165
 31
0.0
  0
LINE
  5
20D
330
17
100
AcDbEntity
  8
CUT
100
AcDbLine
 10
110.50453333333343
 20
430.3521805555562
 30
0.0
 11
110.50453333333343
 21
440.35413611111176
 31
0.0
  0
LINE
  5
20E
330
17
100
AcDbEntity
  8
CUT
100
AcDbLine
 10
110.50453333333343
 20
403.109622222223
 30
0.0
 11
110.50453333333343
 21
420.35022500000065
 31
0.0
  0
LINE
  5
20F
330
17
100
AcDbEntity
  8
CUT
100
AcDbLine
 10
113.50526111111111
 20
420.35022500000065
 30
0.0
 11
113.50526111111111
 21
430.3521805555562
 31
0.0
  0
LINE
  5
210
330
17
100
AcDbEntity
  8
CUT
100
AcDbLine
 10
110.50453333333343
 20
440.35413611111176
 30
0.0
 11
6.5
 21
440.35413611111176
 31
0.0
  0
LINE
  5
211
330
17
100
AcDbEntity
  8
CUT
100
AcDbLine
 10
110.50453333333343
 20
393.1076666666673
 30
0.0
 11
113.50526111111111
 21
393.1076666666673
 31
0.0
  0
LINE
  5
212
330
17
100
AcDbEntity
  8
CUT
100
AcDbLine
 10
113.50526111111111
 20
403.109622222223
 30
0.0
 11
110.50453333333343
 21
403.109622222223
 31
0.0
  0
LINE
  5
213
330
17
100
AcDbEntity
  8
CUT
100
AcDbLine
 10
113.50526111111111
 20
430.3521805555562
 30
0.0
 11
110.50453333333343
 21
430.3521805555562
 31
0.0
  0
LINE
  5
214
330
17
100
AcDbEntity
  8
CUT
100
AcDbLine
 10
6.5
 20
383.10571111111165
 30
0.0
 11
110.50453333333343
 21
383.10571111111165
 31
0.0
  0
LINE
  5
215
330
17
100
AcDbEntity
  8
CUT
100
AcDbLine
 10
110.50453333333343
 20
420.35022500000065
 30
0.0
 11
113.50526111111111
 21
420.35022500000065
 31
0.0
  0
LINE
  5
216
330
17
100
AcDbEntity
  8
CUT
100
AcDbLine
 10
13.452191666666693
 20
402.1094972222229
 30
0.0
 11
13.452191666666693
 21
394.10779166666725
 31
0.0
  0
LINE
  5
217
330
17
100
AcDbEntity
  8
CUT
100
AcDbLine
 10
10.45181666666673
 20
394.10779166666725
 30
0.0
 11
10.45181666666673
 21
402.1094972222229
 31
0.0
  0
LINE
  5
218
330
17
100
AcDbEntity
  8
CUT
100
AcDbLine
 10
10.45181666666673
 20
402.1094972222229
 30
0.0
 11
13.452191666666693
 21
402.1094972222229
 31
0.0
  0
LINE
  5
219
330
17
100
AcDbEntity
  8
CUT
100
AcDbLine
 10
13.452191666666693
 20
394.10779166666725
 30
0.0
 11
10.45181666666673
 21
394.10779166666725
 31
0.0
  0
LINE
  5
21A
330
17
100
AcDbEntity
  8
CUT
100
AcDbLine
 10
13.452191666666693
 20
432.35278333333395
 30
0.0
 11
13.452191666666693
 21
424.3510777777786
 31
0.0
  0
LINE
  5
21B
330
17
100
AcDbEntity
  8
CUT
100
AcDbLine
 10
10.45181666666673
 20
424.3510777777786
 30
0.0
 11
10.45181666666673
 21
432.35278333333395
 31
0.0
  0
LINE
  5
21C
330
17
100
AcDbEntity
  8
CUT
100
AcDbLine
 10
13.452191666666693
 20
424.3510777777786
 30
0.0
 11
10.45181666666673
 21
424.3510777777786
 31
0.0
  0
LINE
  5
21D
330
17
100
AcDbEntity
  8
CUT
100
AcDbLine
 10
10.45181666666673
 20
432.35278333333395
 30
0.0
 11
13.452191666666693
 21
432.35278333333395
 31
0.0
  0
LINE
  5
21E
330
17
100
AcDbEntity
  8
ENGRAVE
100
AcDbLine
 10
78.3035024696153
 20
413.2073547037456
 30
0.0
 11
79.70348110731061
 21
414.6073333414409
 31
0.0
  0
LINE
  5
21F
330
17
100
AcDbEntity
  8
ENGRAVE
100
AcDbLine
 10
79.70348110731061
 20
414.6073333414409
 30
0.0
 11
79.70348110731061
 21
407.60744015296433
 31
0.0
  0
LINE
  5
220
330
17
100
AcDbEntity
  8
ENGRAVE
100
AcDbLine
 10
78.3035024696153
 20
407.60744015296433
 30
0.0
 11
81.10345974500592
 21
407.60744015296433
 31
0.0
  0
LINE
  5
221
330
17
100
AcDbEntity
  8
ENGRAVE
100
AcDbLine
 10
83.90341702039655
 20
407.60744015296433
 30
0.0
 11
86.70337429578717
 21
407.60744015296433
 31
0.0
  0
LINE
  5
222
330
17
100
AcDbEntity
  8
ENGRAVE
100
AcDbLine
 10
86.70337429578717
 20
407.60744015296433
 30
0.0
 11
87.40336361463483
 21
409.00741879065964
 31
0.0
  0
LINE
  5
223
330
17
100
AcDbEntity
  8
ENGRAVE
100
AcDbLine
 10
87.40336361463483
 20
409.00741879065964
 30
0.0
 11
87.40336361463483
 21
413.2073547037456
 31
0.0
  0
LINE
  5
224
330
17
100
AcDbEntity
  8
ENGRAVE
100
AcDbLine
 10
87.40336361463483
 20
413.2073547037456
 30
0.0
 11
86.70337429578717
 21
414.6073333414409
 31
0.0
  0
LINE
  5
225
330
17
100
AcDbEntity
  8
ENGRAVE
100
AcDbLine
 10
86.70337429578717
 20
414.6073333414409
 30
0.0
 11
83.90341702039655
 21
414.6073333414409
 31
0.0
  0
LINE
  5
226
330
17
100
AcDbEntity
  8
ENGRAVE
100
AcDbLine
 10
83.90341702039655
 20
414.6073333414409
 30
0.0
 11
83.20342770154889
 21
413.2073547037456
 31
0.0
  0
LINE
  5
227
330
17
100
AcDbEntity
  8
ENGRAVE
100
AcDbLine
 10
83.20342770154889
 20
413.2073547037456
 30
0.0
 11
83.20342770154889
 21
409.00741879065964
 31
0.0
  0
LINE
  5
228
330
17
100
AcDbEntity
  8
ENGRAVE
100
AcDbLine
 10
83.20342770154889
 20
409.00741879065964
 30
0.0
 11
83.90341702039655
 21
407.60744015296433
 31
0.0
  0
LINE
  5
229
330
17
100
AcDbEntity
  8
CUT
100
AcDbLine
 10
223.51052222222222
 20
393.1076666666673
 30
0.0
 11
223.51052222222222
 21
403.109622222223
 31
0.0
  0
LINE
  5
22A
330
17
100
AcDbEntity
  8
CUT
100
AcDbLine
 10
220.50979444444454
 20
383.10571111111165
 30
0.0
 11
220.50979444444454
 21
393.1076666666673
 31
0.0
  0
LINE
  5
22B
330
17
100
AcDbEntity
  8
CUT
100
AcDbLine
 10
116.50526111111111
 20
440.35413611111176
 30
0.0
 11
116.50526111111111
 21
383.10571111111165
 31
0.0
  0
LINE
  5
22C
330
17
100
AcDbEntity
  8
CUT
100
AcDbLine
 10
220.50979444444454
 20
430.3521805555562
 30
0.0
 11
220.50979444444454
 21
440.35413611111176
 31
0.0
  0
LINE
  5
22D
330
17
100
AcDbEntity
  8
CUT
100
AcDbLine
 10
220.50979444444454
 20
403.109622222223
 30
0.0
 11
220.50979444444454
 21
420.35022500000065
 31
0.0
  0
LINE
  5
22E
330
17
100
AcDbEntity
  8
CUT
100
AcDbLine
 10
223.51052222222222
 20
420.35022500000065
 30
0.0
 11
223.51052222222222
 21
430.3521805555562
 31
0.0
  0
LINE
  5
22F
330
17
100
AcDbEntity
  8
CUT
100
AcDbLine
 10
220.50979444444454
 20
440.35413611111176
 30
0.0
 11
116.50526111111111
 21
440.35413611111176
 31
0.0
  0
LINE
  5
230
330
17
100
AcDbEntity
  8
CUT
100
AcDbLine
 10
220.50979444444454
 20
393.1076666666673
 30
0.0
 11
223.51052222222222
 21
393.1076666666673
 31
0.0
  0
LINE
  5
231
330
17
100
AcDbEntity
  8
CUT
100
AcDbLine
 10
223.51052222222222
 20
403.109622222223
 30
0.0
 11
220.50979444444454
 21
403.109622222223
 31
0.0
  0
LINE
  5
232
330
17
100
AcDbEntity
  8
CUT
100
AcDbLine
 10
223.51052222222222
 20
430.3521805555562
 30
0.0
 11
220.50979444444454
 21
430.3521805555562
 31
0.0
  0
LINE
  5
233
330
17
100
AcDbEntity
  8
CUT
100
AcDbLine
 10
116.50526111111111
 20
383.10571111111165
 30
0.0
 11
220.50979444444454
 21
383.10571111111165
 31
0.0
  0
LINE
  5
234
330
17
100
AcDbEntity
  8
CUT
100
AcDbLine
 10
220.50979444444454
 20
420.35022500000065
 30
0.0
 11
223.51052222222222
 21
420.35022500000065
 31
0.0
  0
LINE
  5
235
330
17
100
AcDbEntity
  8
CUT
100
AcDbLine
 10
123.4574527777778
 20
402.1094972222229
 30
0.0
 11
123.4574527777778
 21
394.10779166666725
 31
0.0
  0
LINE
  5
236
330
17
100
AcDbEntity
  8
CUT
100
AcDbLine
 10
120.45707777777784
 20
394.10779166666725
 30
0.0
 11
120.45707777777784
 21
402.1094972222229
 31
0.0
  0
LINE
  5
237
330
17
100
AcDbEntity
  8
CUT
100
AcDbLine
 10
120.45707777777784
 20
402.1094972222229
 30
0.0
 11
123.4574527777778
 21
402.1094972222229
 31
0.0
  0
LINE
  5
238
330
17
100
AcDbEntity
  8
CUT
100
AcDbLine
 10
123.4574527777778
 20
394.10779166666725
 30
0.0
 11
120.45707777777784
 21
394.10779166666725
 31
0.0
  0
LINE
  5
239
330
17
100
AcDbEntity
  8
CUT
100
AcDbLine
 10
123.4574527777778
 20
432.35278333333395
 30
0.0
 11
123.4574527777778
 21
424.3510777777786
 31
0.0
  0
LINE
  5
23A
330
17
100
AcDbEntity
  8
CUT
100
AcDbLine
 10
120.45707777777784
 20
424.3510777777786
 30
0.0
 11
120.45707777777784
 21
432.35278333333395
 31
0.0
  0
LINE
  5
23B
330
17
100
AcDbEntity
  8
CUT
100
AcDbLine
 10
123.4574527777778
 20
424.3510777777786
 30
0.0
 11
120.45707777777784
 21
424.3510777777786
 31
0.0
  0
LINE
  5
23C
330
17
100
AcDbEntity
  8
CUT
100
AcDbLine
 10
120.45707777777784
 20
432.35278333333395
 30
0.0
 11
123.4574527777778
 21
432.35278333333395
 31
0.0
  0
LINE
  5
23D
330
17
100
AcDbEntity
  8
ENGRAVE
100
AcDbLine
 10
188.3087635807264
 20
413.2073547037456
 30
0.0
 11
189.70874221842172
 21
414.6073333414409
 31
0.0
  0
LINE
  5
23E
330
17
100
AcDbEntity
  8
ENGRAVE
100
AcDbLine
 10
189.70874221842172
 20
414.6073333414409
 30
0.0
 11
189.70874221842172
 21
407.60744015296433
 31
0.0
  0
LINE
  5
23F
330
17
100
AcDbEntity
  8
ENGRAVE
100
AcDbLine
 10
188.3087635807264
 20
407.60744015296433
 30
0.0
 11
191.10872085611703
 21
407.60744015296433
 31
0.0
  0
LINE
  5
240
330
17
100
AcDbEntity
  8
ENGRAVE
100
AcDbLine
 10
193.90867813150766
 20
407.60744015296433
 30
0.0
 11
196.70863540689828
 21
407.60744015296433
 31
0.0
  0
LINE
  5
241
330
17
100
AcDbEntity
  8
ENGRAVE
100
AcDbLine
 10
196.70863540689828
 20
407.60744015296433
 30
0.0
 11
197.40862472574594
 21
409.00741879065964
 31
0.0
  0
LINE
  5
242
330
17
100
AcDbEntity
  8
ENGRAVE
100
AcDbLine
 10
197.40862472574594
 20
409.00741879065964
 30
0.0
 11
197.40862472574594
 21
413.2073547037456
 31
0.0
  0
LINE
  5
243
330
17
100
AcDbEntity
  8
ENGRAVE
100
AcDbLine
 10
197.40862472574594
 20
413.2073547037456
 30
0.0
 11
196.70863540689828
 21
414.6073333414409
 31
0.0
  0
LINE
  5
244
330
17
100
AcDbEntity
  8
ENGRAVE
100
AcDbLine
 10
196.70863540689828
 20
414.6073333414409
 30
0.0
 11
193.90867813150766
 21
414.6073333414409
 31
0.0
  0
LINE
  5
245
330
17
100
AcDbEntity
  8
ENGRAVE
100
AcDbLine
 10
193.90867813150766
 20
414.6073333414409
 30
0.0
 11
193.20868881266
 21
413.2073547037456
 31
0.0
  0
LINE
  5
246
330
17
100
AcDbEntity
  8
ENGRAVE
100
AcDbLine
 10
193.20868881266
 20
413.2073547037456
 30
0.0
 11
193.20868881266
 21
409.00741879065964
 31
0.0
  0
LINE
  5
247
330
17
100
AcDbEntity
  8
ENGRAVE
100
AcDbLine
 10
193.20868881266
 20
409.00741879065964
 30
0.0
 11
193.90867813150766
 21
407.60744015296433
 31
0.0
  0
LINE
  5
248
330
17
100
AcDbEntity
  8
CUT
100
AcDbLine
 10
333.51578333333333
 20
393.1076666666673
 30
0.0
 11
333.51578333333333
 21
403.109622222223
 31
0.0
  0
LINE
  5
249
330
17
100
AcDbEntity
  8
CUT
100
AcDbLine
 10
330.51505555555565
 20
383.10571111111165
 30
0.0
 11
330.51505555555565
 21
393.1076666666673
 31
0.0
  0
LINE
  5
24A
330
17
100
AcDbEntity
  8
CUT
100
AcDbLine
 10
226.51052222222222
 20
440.35413611111176
 30
0.0
 11
226.51052222222222
 21
383.10571111111165
 31
0.0
  0
LINE
  5
24B
330
17
100
AcDbEntity
  8
CUT
100
AcDbLine
 10
330.51505555555565
 20
430.3521805555562
 30
0.0
 11
330.51505555555565
 21
440.35413611111176
 31
0.0
  0
LINE
  5
24C
330
17
100
AcDbEntity
  8
CUT
100
AcDbLine
 10
330.51505555555565
 20
403.109622222223
 30
0.0
 11
330.51505555555565
 21
420.35022500000065
 31
0.0
  0
LINE
  5
24D
330
17
100
AcDbEntity
  8
CUT
100
AcDbLine
 10
333.51578333333333
 20
420.35022500000065
 30
0.0
 11
333.51578333333333
 21
430.3521805555562
 31
0.0
  0
LINE
  5
24E
330
17
100
AcDbEntity
  8
CUT
100
AcDbLine
 10
330.51505555555565
 20
440.35413611111176
 30
0.0
 11
226.51052222222222
 21
440.35413611111176
 31
0.0
  0
LINE
  5
24F
330
17
100
AcDbEntity
  8
CUT
100
AcDbLine
 10
330.51505555555565
 20
393.1076666666673
 30
0.0
 11
333.51578333333333
 21
393.1076666666673
 31
0.0
  0
LINE
  5
250
330
17
100
AcDbEntity
  8
CUT
100
AcDbLine
 10
333.51578333333333
 20
403.109622222223
 30
0.0
 11
330.51505555555565
 21
403.109622222223
 31
0.0
  0
LINE
  5
251
330
17
100
AcDbEntity
  8
CUT
100
AcDbLine
 10
333.51578333333333
 20
430.3521805555562
 30
0.0
 11
330.51505555555565
 21
430.3521805555562
 31
0.0
  0
LINE
  5
252
330
17
100
AcDbEntity
  8
CUT
100
AcDbLine
 10
226.51052222222222
 20
383.10571111111165
 30
0.0
 11
330.51505555555565
 21
383.10571111111165
 31
0.0
  0
LINE
  5
253
330
17
100
AcDbEntity
  8
CUT
100
AcDbLine
 10
330.51505555555565
 20
420.35022500000065
 30
0.0
 11
333.51578333333333
 21
420.35022500000065
 31
0.0
  0
LINE
  5
254
330
17
100
AcDbEntity
  8
CUT
100
AcDbLine
 10
233.4627138888889
 20
402.1094972222229
 30
0.0
 11
233.4627138888889
 21
394.10779166666725
 31
0.0
  0
LINE
  5
255
330
17
100
AcDbEntity
  8
CUT
100
AcDbLine
 10
230.46233888888895
 20
394.10779166666725
 30
0.0
 11
230.46233888888895
 21
402.1094972222229
 31
0.0
  0
LINE
  5
256
330
17
100
AcDbEntity
  8
CUT
100
AcDbLine
 10
230.46233888888895
 20
402.1094972222229
 30
0.0
 11
233.4627138888889
 21
402.1094972222229
 31
0.0
  0
LINE
  5
257
330
17
100
AcDbEntity
  8
CUT
100
AcDbLine
 10
233.4627138888889
 20
394.10779166666725
 30
0.0
 11
230.46233888888895
 21
394.10779166666725
 31
0.0
  0
LINE
  5
258
330
17
100
AcDbEntity
  8
CUT
100
AcDbLine
 10
233.4627138888889
 20
432.35278333333395
 30
0.0
 11
233.4627138888889
 21
424.3510777777786
 31
0.0
  0
LINE
  5
259
330
17
100
AcDbEntity
  8
CUT
100
AcDbLine
 10
230.46233888888895
 20
424.3510777777786
 30
0.0
 11
230.46233888888895
 21
432.35278333333395
 31
0.0
  0
LINE
  5
25A
330
17
100
AcDbEntity
  8
CUT
100
AcDbLine
 10
233.4627138888889
 20
424.3510777777786
 30
0.0
 11
230.46233888888895
 21
424.3510777777786
 31
0.0
  0
LINE
  5
25B
330
17
100
AcDbEntity
  8
CUT
100
AcDbLine
 10
230.46233888888895
 20
432.35278333333395
 30
0.0
 11
233.4627138888889
 21
432.35278333333395
 31
0.0
  0
LINE
  5
25C
330
17
100
AcDbEntity
  8
ENGRAVE
100
AcDbLine
 10
298.3140246918375
 20
413.2073547037456
 30
0.0
 11
299.71400332953283
 21
414.6073333414409
 31
0.0
  0
LINE
  5
25D
330
17
100
AcDbEntity
  8
ENGRAVE
100
AcDbLine
 10
299.71400332953283
 20
414.6073333414409
 30
0.0
 11
299.71400332953283
 21
407.60744015296433
 31
0.0
  0
LINE
  5
25E
330
17
100
AcDbEntity
  8
ENGRAVE
100
AcDbLine
 10
298.3140246918375
 20
407.60744015296433
 30
0.0
 11
301.11398196722814
 21
407.60744015296433
 31
0.0
  0
LINE
  5
25F
330
17
100
AcDbEntity
  8
ENGRAVE
100
AcDbLine
 10
303.91393924261877
 20
407.60744015296433
 30
0.0
 11
306.7138965180094
 21
407.60744015296433
 31
0.0
  0
LINE
  5
260
330
17
100
AcDbEntity
  8
ENGRAVE
100
AcDbLine
 10
306.7138965180094
 20
407.60744015296433
 30
0.0
 11
307.41388583685705
 21
409.00741879065964
 31
0.0
  0
LINE
  5
261
330
17
100
AcDbEntity
  8
ENGRAVE
100
AcDbLine
 10
307.41388583685705
 20
409.00741879065964
 30
0.0
 11
307.41388583685705
 21
413.2073547037456
 31
0.0
  0
LINE
  5
262
330
17
100
AcDbEntity
  8
ENGRAVE
100
AcDbLine
 10
307.41388583685705
 20
413.2073547037456
 30
0.0
 11
306.7138965180094
 21
414.6073333414409
 31
0.0
  0
LINE
  5
263
330
17
100
AcDbEntity
  8
ENGRAVE
100
AcDbLine
 10
306.7138965180094
 20
414.6073333414409
 30
0.0
 11
303.91393924261877
 21
414.6073333414409
 31
0.0
  0
LINE
  5
264
330
17
100
AcDbEntity
  8
ENGRAVE
100
AcDbLine
 10
303.91393924261877
 20
414.6073333414409
 30
0.0
 11
303.2139499237711
 21
413.2073547037456
 31
0.0
  0
LINE
  5
265
330
17
100
AcDbEntity
  8
ENGRAVE
100
AcDbLine
 10
303.2139499237711
 20
413.2073547037456
 30
0.0
 11
303.2139499237711
 21
409.00741879065964
 31
0.0
  0
LINE
  5
266
330
17
100
AcDbEntity
  8
ENGRAVE
100
AcDbLine
 10
303.2139499237711
 20
409.00741879065964
 30
0.0
 11
303.91393924261877
 21
407.60744015296433
 31
0.0
  0
LINE
  5
267
330
17
100
AcDbEntity
  8
CUT
100
AcDbLine
 10
424.06854722222243
 20
185.7135583333333
 30
0.0
 11
414.06659166666674
 21
185.7135583333333
 31
0.0
  0
LINE
  5
268
330
17
100
AcDbEntity
  8
CUT
100
AcDbLine
 10
434.0705027777781
 20
182.71283055555563
 30
0.0
 11
424.06854722222243
 21
182.71283055555563
 31
0.0
  0
LINE
  5
269
330
17
100
AcDbEntity
  8
CUT
100
AcDbLine
 10
376.82207777777796
 20
78.7082972222222
 30
0.0
 11
434.0705027777781
 21
78.7082972222222
 31
0.0
  0
LINE
  5
26A
330
17
100
AcDbEntity
  8
CUT
100
AcDbLine
 10
386.82403333333355
 20
182.71283055555563
 30
0.0
 11
376.82207777777796
 21
182.71283055555563
 31
0.0
  0
LINE
  5
26B
330
17
100
AcDbEntity
  8
CUT
100
AcDbLine
 10
414.06659166666674
 20
182.71283055555563
 30
0.0
 11
396.82598888888907
 21
182.71283055555563
 31
0.0
  0
LINE
  5
26C
330
17
100
AcDbEntity
  8
CUT
100
AcDbLine
 10
396.82598888888907
 20
185.7135583333333
 30
0.0
 11
386.82403333333355
 21
185.7135583333333
 31
0.0
  0
LINE
  5
26D
330
17
100
AcDbEntity
  8
CUT
100
AcDbLine
 10
376.82207777777796
 20
182.71283055555563
 30
0.0
 11
376.82207777777796
 21
78.7082972222222
 31
0.0
  0
LINE
  5
26E
330
17
100
AcDbEntity
  8
CUT
100
AcDbLine
 10
424.06854722222243
 20
182.71283055555563
 30
0.0
 11
424.06854722222243
 21
185.7135583333333
 31
0.0
  0
LINE
  5
26F
330
17
100
AcDbEntity
  8
CUT
100
AcDbLine
 10
414.06659166666674
 20
185.7135583333333
 30
0.0
 11
414.06659166666674
 21
182.71283055555563
 31
0.0
  0
LINE
  5
270
330
17
100
AcDbEntity
  8
CUT
100
AcDbLine
 10
386.82403333333355
 20
185.7135583333333
 30
0.0
 11
386.82403333333355
 21
182.71283055555563
 31
0.0
  0
LINE
  5
271
330
17
100
AcDbEntity
  8
CUT
100
AcDbLine
 10
434.0705027777781
 20
78.7082972222222
 30
0.0
 11
434.0705027777781
 21
182.71283055555563
 31
0.0
  0
LINE
  5
272
330
17
100
AcDbEntity
  8
CUT
100
AcDbLine
 10
396.82598888888907
 20
182.71283055555563
 30
0.0
 11
396.82598888888907
 21
185.7135583333333
 31
0.0
  0
LINE
  5
273
330
17
100
AcDbEntity
  8
CUT
100
AcDbLine
 10
415.0667166666668
 20
85.66048888888889
 30
0.0
 11
423.06842222222247
 21
85.66048888888889
 31
0.0
  0
LINE
  5
274
330
17
100
AcDbEntity
  8
CUT
100
AcDbLine
 10
423.06842222222247
 20
82.66011388888893
 30
0.0
 11
415.0667166666668
 21
82.66011388888893
 31
0.0
  0
LINE
  5
275
330
17
100
AcDbEntity
  8
CUT
100
AcDbLine
 10
415.0667166666668
 20
82.66011388888893
 30
0.0
 11
415.0667166666668
 21
85.66048888888889
 31
0.0
  0
LINE
  5
276
330
17
100
AcDbEntity
  8
CUT
100
AcDbLine
 10
423.06842222222247
 20
85.66048888888889
 30
0.0
 11
423.06842222222247
 21
82.66011388888893
 31
0.0
  0
LINE
  5
277
330
17
100
AcDbEntity
  8
CUT
100
AcDbLine
 10
384.8234305555558
 20
85.66048888888889
 30
0.0
 11
392.82513611111114
 21
85.66048888888889
 31
0.0
  0
LINE
  5
278
330
17
100
AcDbEntity
  8
CUT
100
AcDbLine
 10
392.82513611111114
 20
82.66011388888893
 30
0.0
 11
384.8234305555558
 21
82.66011388888893
 31
0.0
  0
LINE
  5
279
330
17
100
AcDbEntity
  8
CUT
100
AcDbLine
 10
392.82513611111114
 20
85.66048888888889
 30
0.0
 11
392.82513611111114
 21
82.66011388888893
 31
0.0
  0
LINE
  5
27A
330
17
100
AcDbEntity
  8
CUT
100
AcDbLine
 10
384.8234305555558
 20
82.66011388888893
 30
0.0
 11
384.8234305555558
 21
85.66048888888889
 31
0.0
  0
LINE
  5
27B
330
17
100
AcDbEntity
  8
ENGRAVE
100
AcDbLine
 10
403.96885918514414
 20
150.5117996918375
 30
0.0
 11
402.5688805474488
 21
151.9117783295328
 31
0.0
  0
LINE
  5
27C
330
17
100
AcDbEntity
  8
ENGRAVE
100
AcDbLine
 10
402.5688805474488
 20
151.9117783295328
 30
0.0
 11
409.5687737359254
 21
151.9117783295328
 31
0.0
  0
LINE
  5
27D
330
17
100
AcDbEntity
  8
ENGRAVE
100
AcDbLine
 10
409.5687737359254
 20
150.5117996918375
 30
0.0
 11
409.5687737359254
 21
153.31175696722812
 31
0.0
  0
LINE
  5
27E
330
17
100
AcDbEntity
  8
ENGRAVE
100
AcDbLine
 10
409.5687737359254
 20
156.11171424261875
 30
0.0
 11
409.5687737359254
 21
158.91167151800937
 31
0.0
  0
LINE
  5
27F
330
17
100
AcDbEntity
  8
ENGRAVE
100
AcDbLine
 10
409.5687737359254
 20
158.91167151800937
 30
0.0
 11
408.1687950982301
 21
159.61166083685703
 31
0.0
  0
LINE
  5
280
330
17
100
AcDbEntity
  8
ENGRAVE
100
AcDbLine
 10
408.1687950982301
 20
159.61166083685703
 30
0.0
 11
403.96885918514414
 21
159.61166083685703
 31
0.0
  0
LINE
  5
281
330
17
100
AcDbEntity
  8
ENGRAVE
100
AcDbLine
 10
403.96885918514414
 20
159.61166083685703
 30
0.0
 11
402.5688805474488
 21
158.91167151800937
 31
0.0
  0
LINE
  5
282
330
17
100
AcDbEntity
  8
ENGRAVE
100
AcDbLine
 10
402.5688805474488
 20
158.91167151800937
 30
0.0
 11
402.5688805474488
 21
156.11171424261875
 31
0.0
  0
LINE
  5
283
330
17
100
AcDbEntity
  8
ENGRAVE
100
AcDbLine
 10
402.5688805474488
 20
156.11171424261875
 30
0.0
 11
403.96885918514414
 21
155.4117249237711
 31
0.0
  0
LINE
  5
284
330
17
100
AcDbEntity
  8
ENGRAVE
100
AcDbLine
 10
403.96885918514414
 20
155.4117249237711
 30
0.0
 11
408.1687950982301
 21
155.4117249237711
 31
0.0
  0
LINE
  5
285
330
17
100
AcDbEntity
  8
ENGRAVE
100
AcDbLine
 10
408.1687950982301
 20
155.4117249237711
 30
0.0
 11
409.5687737359254
 21
156.11171424261875
 31
0.0
  0
LINE
  5
286
330
17
100
AcDbEntity
  8
CUT
100
AcDbLine
 10
402.43090000000007
 20
429.71435833333385
 30
0.0
 11
396.41462777777775
 21
435.52601944444496
 31
0.0
  0
LINE
  5
287
330
17
100
AcDbEntity
  8
CUT
100
AcDbLine
 10
398.02364722222217
 20
437.0852972222227
 30
0.0
 11
398.81774999999993
 21
437.5911805555561
 31
0.0
  0
LINE
  5
288
330
17
100
AcDbEntity
  8
CUT
100
AcDbLine
 10
403.38974999999994
 20
438.031094444445
 30
0.0
 11
404.26605000000006
 21
437.6860777777782
 31
0.0
  0
LINE
  5
289
330
17
100
AcDbEntity
  8
CUT
100
AcDbLine
 10
404.26605000000006
 20
437.6860777777782
 30
0.0
 11
405.07708611111104
 21
437.20806388888934
 31
0.0
  0
LINE
  5
28A
330
17
100
AcDbEntity
  8
CUT
100
AcDbLine
 10
397.31809166666665
 20
436.46158611111167
 30
0.0
 11
398.02364722222217
 21
437.0852972222227
 31
0.0
  0
LINE
  5
28B
330
17
100
AcDbEntity
  8
CUT
100
AcDbLine
 10
396.41462777777775
 20
435.52601944444496
 30
0.0
 11
397.31809166666665
 21
436.46158611111167
 31
0.0
  0
LINE
  5
28C
330
17
100
AcDbEntity
  8
CUT
100
AcDbLine
 10
405.8038083333333
 20
436.6090472222228
 30
0.0
 11
408.96222777777774
 21
433.5571666666672
 31
0.0
  0
LINE
  5
28D
330
17
100
AcDbEntity
  8
CUT
100
AcDbLine
 10
416.1144444444445
 20
433.48343611111164
 30
0.0
 11
417.0302555555555
 21
433.2633027777782
 31
0.0
  0
LINE
  5
28E
330
17
100
AcDbEntity
  8
CUT
100
AcDbLine
 10
405.07708611111104
 20
437.20806388888934
 30
0.0
 11
405.8038083333333
 21
436.6090472222228
 31
0.0
  0
LINE
  5
28F
330
17
100
AcDbEntity
  8
CUT
100
AcDbLine
 10
352.9548750000001
 20
427.55606388888935
 30
0.0
 11
352.65924722222223
 21
428.22210833333384
 31
0.0
  0
LINE
  5
290
330
17
100
AcDbEntity
  8
CUT
100
AcDbLine
 10
415.17570277777776
 20
424.55533611111156
 30
0.0
 11
405.05874166666666
 21
414.0810111111116
 31
0.0
  0
LINE
  5
291
330
17
100
AcDbEntity
  8
CUT
100
AcDbLine
 10
356.05790833333333
 20
435.11432777777827
 30
0.0
 11
356.71372222222215
 21
435.24485555555606
 31
0.0
  0
LINE
  5
292
330
17
100
AcDbEntity
  8
CUT
100
AcDbLine
 10
399.68135000000007
 20
437.96688888888934
 30
0.0
 11
400.59292777777773
 21
438.2025444444449
 31
0.0
  0
LINE
  5
293
330
17
100
AcDbEntity
  8
CUT
100
AcDbLine
 10
420.52275555555553
 20
430.28056666666714
 30
0.0
 11
420.88329444444446
 21
429.4106166666671
 31
0.0
  0
LINE
  5
294
330
17
100
AcDbEntity
  8
CUT
100
AcDbLine
 10
354.269325
 20
434.23238333333387
 30
0.0
 11
354.82565555555556
 21
434.60385833333385
 31
0.0
  0
LINE
  5
295
330
17
100
AcDbEntity
  8
CUT
100
AcDbLine
 10
398.81774999999993
 20
437.5911805555561
 30
0.0
 11
399.68135000000007
 21
437.96688888888934
 31
0.0
  0
LINE
  5
296
330
17
100
AcDbEntity
  8
CUT
100
AcDbLine
 10
352.44440555555553
 20
428.855344444445
 30
0.0
 11
352.31387777777775
 21
429.5108055555561
 31
0.0
  0
LINE
  5
297
330
17
100
AcDbEntity
  8
CUT
100
AcDbLine
 10
418.70312777777787
 20
432.41099166666714
 30
0.0
 11
419.41926666666666
 21
431.79962777777826
 31
0.0
  0
LINE
  5
298
330
17
100
AcDbEntity
  8
CUT
100
AcDbLine
 10
369.05565277777777
 20
424.55533611111156
 30
0.0
 11
369.05565277777777
 21
427.55606388888935
 31
0.0
  0
LINE
  5
299
330
17
100
AcDbEntity
  8
CUT
100
AcDbLine
 10
352.31387777777775
 20
430.84501111111166
 30
0.0
 11
352.44440555555553
 21
431.50047222222275
 31
0.0
  0
LINE
  5
29A
330
17
100
AcDbEntity
  8
CUT
100
AcDbLine
 10
357.3808250000001
 20
435.28860000000043
 30
0.0
 11
374.92693333333335
 21
435.01696111111164
 31
0.0
  0
LINE
  5
29B
330
17
100
AcDbEntity
  8
CUT
100
AcDbLine
 10
353.32635000000005
 20
433.28905555555605
 30
0.0
 11
353.76696944444444
 21
433.79141111111164
 31
0.0
  0
LINE
  5
29C
330
17
100
AcDbEntity
  8
CUT
100
AcDbLine
 10
352.44440555555553
 20
431.50047222222275
 30
0.0
 11
352.65924722222223
 21
432.13370833333386
 31
0.0
  0
LINE
  5
29D
330
17
100
AcDbEntity
  8
CUT
100
AcDbLine
 10
352.31387777777775
 20
429.5108055555561
 30
0.0
 11
352.2701333333334
 21
430.17790833333385
 31
0.0
  0
LINE
  5
29E
330
17
100
AcDbEntity
  8
CUT
100
AcDbLine
 10
421.10272222222216
 20
428.49480555555607
 30
0.0
 11
421.1768055555556
 21
427.55606388888935
 31
0.0
  0
LINE
  5
29F
330
17
100
AcDbEntity
  8
CUT
100
AcDbLine
 10
353.76696944444444
 20
433.79141111111164
 30
0.0
 11
354.269325
 21
434.23238333333387
 31
0.0
  0
LINE
  5
2A0
330
17
100
AcDbEntity
  8
CUT
100
AcDbLine
 10
417.0302555555555
 20
433.2633027777782
 30
0.0
 11
417.90020555555554
 21
432.9031166666672
 31
0.0
  0
LINE
  5
2A1
330
17
100
AcDbEntity
  8
CUT
100
AcDbLine
 10
417.90020555555554
 20
432.9031166666672
 30
0.0
 11
418.70312777777787
 21
432.41099166666714
 31
0.0
  0
LINE
  5
2A2
330
17
100
AcDbEntity
  8
CUT
100
AcDbLine
 10
420.88329444444446
 20
429.4106166666671
 30
0.0
 11
421.10272222222216
 21
428.49480555555607
 31
0.0
  0
LINE
  5
2A3
330
17
100
AcDbEntity
  8
CUT
100
AcDbLine
 10
402.47041111111105
 20
438.29285555555606
 30
0.0
 11
403.38974999999994
 21
438.031094444445
 31
0.0
  0
LINE
  5
2A4
330
17
100
AcDbEntity
  8
CUT
100
AcDbLine
 10
352.9548750000001
 20
432.7334305555561
 30
0.0
 11
353.32635000000005
 21
433.28905555555605
 31
0.0
  0
LINE
  5
2A5
330
17
100
AcDbEntity
  8
CUT
100
AcDbLine
 10
352.65924722222223
 20
428.22210833333384
 30
0.0
 11
352.44440555555553
 21
428.855344444445
 31
0.0
  0
LINE
  5
2A6
330
17
100
AcDbEntity
  8
CUT
100
AcDbLine
 10
415.17570277777776
 20
427.55606388888935
 30
0.0
 11
415.17570277777776
 21
424.55533611111156
 31
0.0
  0
LINE
  5
2A7
330
17
100
AcDbEntity
  8
CUT
100
AcDbLine
 10
352.2701333333334
 20
430.17790833333385
 30
0.0
 11
352.31387777777775
 21
430.84501111111166
 31
0.0
  0
LINE
  5
2A8
330
17
100
AcDbEntity
  8
CUT
100
AcDbLine
 10
354.82565555555556
 20
434.60385833333385
 30
0.0
 11
355.42502500000006
 21
434.8994861111116
 31
0.0
  0
LINE
  5
2A9
330
17
100
AcDbEntity
  8
CUT
100
AcDbLine
 10
355.42502500000006
 20
434.8994861111116
 30
0.0
 11
356.05790833333333
 21
435.11432777777827
 31
0.0
  0
LINE
  5
2AA
330
17
100
AcDbEntity
  8
CUT
100
AcDbLine
 10
420.03063055555555
 20
431.08348888888935
 30
0.0
 11
420.52275555555553
 21
430.28056666666714
 31
0.0
  0
LINE
  5
2AB
330
17
100
AcDbEntity
  8
CUT
100
AcDbLine
 10
352.65924722222223
 20
432.13370833333386
 30
0.0
 11
352.9548750000001
 21
432.7334305555561
 31
0.0
  0
LINE
  5
2AC
330
17
100
AcDbEntity
  8
CUT
100
AcDbLine
 10
419.41926666666666
 20
431.79962777777826
 30
0.0
 11
420.03063055555555
 21
431.08348888888935
 31
0.0
  0
LINE
  5
2AD
330
17
100
AcDbEntity
  8
CUT
100
AcDbLine
 10
379.17261388888886
 20
414.0810111111116
 30
0.0
 11
369.05565277777777
 21
424.55533611111156
 31
0.0
  0
LINE
  5
2AE
330
17
100
AcDbEntity
  8
CUT
100
AcDbLine
 10
384.55052448544944
 20
438.0059665460865
 30
0.0
 11
385.41360555555553
 21
437.5911805555561
 31
0.0
  0
LINE
  5
2AF
330
17
100
AcDbEntity
  8
CUT
100
AcDbLine
 10
383.8850194444445
 20
427.55606388888935
 30
0.0
 11
389.9012916666667
 21
433.36807777777824
 31
0.0
  0
LINE
  5
2B0
330
17
100
AcDbEntity
  8
CUT
100
AcDbLine
 10
386.2080611111111
 20
437.0852972222227
 30
0.0
 11
386.91326388888893
 21
436.46158611111167
 31
0.0
  0
LINE
  5
2B1
330
17
100
AcDbEntity
  8
CUT
100
AcDbLine
 10
381.8004555555556
 20
429.71435833333385
 30
0.0
 11
383.8850194444445
 21
427.55606388888935
 31
0.0
  0
LINE
  5
2B2
330
17
100
AcDbEntity
  8
CUT
100
AcDbLine
 10
393.61604166666666
 20
430.5564388888894
 30
0.0
 11
393.61604166666666
 21
433.36807777777824
 31
0.0
  0
LINE
  5
2B3
330
17
100
AcDbEntity
  8
CUT
100
AcDbLine
 10
400.34633611111104
 20
427.55606388888935
 30
0.0
 11
402.43090000000007
 21
429.71435833333385
 31
0.0
  0
LINE
  5
2B4
330
17
100
AcDbEntity
  8
CUT
100
AcDbLine
 10
390.61531388888886
 20
433.36807777777824
 30
0.0
 11
390.61531388888886
 21
430.5564388888894
 31
0.0
  0
LINE
  5
2B5
330
17
100
AcDbEntity
  8
CUT
100
AcDbLine
 10
387.81637499999994
 20
435.52601944444496
 30
0.0
 11
381.8004555555556
 21
429.71435833333385
 31
0.0
  0
LINE
  5
2B6
330
17
100
AcDbEntity
  8
CUT
100
AcDbLine
 10
386.91326388888893
 20
436.46158611111167
 30
0.0
 11
387.81637499999994
 21
435.52601944444496
 31
0.0
  0
LINE
  5
2B7
330
17
100
AcDbEntity
  8
CUT
100
AcDbLine
 10
380.84160555555553
 20
438.031094444445
 30
0.0
 11
381.7609444444445
 21
438.23535277777825
 31
0.0
  0
LINE
  5
2B8
330
17
100
AcDbEntity
  8
CUT
100
AcDbLine
 10
385.41360555555553
 20
437.5911805555561
 30
0.0
 11
386.2080611111111
 21
437.0852972222227
 31
0.0
  0
LINE
  5
2B9
330
17
100
AcDbEntity
  8
CUT
100
AcDbLine
 10
379.9653055555556
 20
437.6860777777782
 30
0.0
 11
380.84160555555553
 21
438.031094444445
 31
0.0
  0
LINE
  5
2BA
330
17
100
AcDbEntity
  8
CUT
100
AcDbLine
 10
378.42754722222224
 20
436.6090472222228
 30
0.0
 11
379.1542694444445
 21
437.20806388888934
 31
0.0
  0
LINE
  5
2BB
330
17
100
AcDbEntity
  8
CUT
100
AcDbLine
 10
379.1542694444445
 20
437.20806388888934
 30
0.0
 11
379.9653055555556
 21
437.6860777777782
 31
0.0
  0
LINE
  5
2BC
330
17
100
AcDbEntity
  8
CUT
100
AcDbLine
 10
394.33006388888884
 20
433.36807777777824
 30
0.0
 11
400.34633611111104
 21
427.55606388888935
 31
0.0
  0
LINE
  5
2BD
330
17
100
AcDbEntity
  8
CUT
100
AcDbLine
 10
383.63842777777774
 20
438.26070820986376
 30
0.0
 11
384.55052448544944
 21
438.0059665460865
 31
0.0
  0
LINE
  5
2BE
330
17
100
AcDbEntity
  8
CUT
100
AcDbLine
 10
376.7790166666667
 20
435.01696111111164
 30
0.0
 11
378.42754722222224
 21
436.6090472222228
 31
0.0
  0
LINE
  5
2BF
330
17
100
AcDbEntity
  8
CUT
100
AcDbLine
 10
408.96222777777774
 20
433.5571666666672
 30
0.0
 11
415.17570277777776
 21
433.5571666666672
 31
0.0
  0
LINE
  5
2C0
330
17
100
AcDbEntity
  8
CUT
100
AcDbLine
 10
415.17570277777776
 20
433.5571666666672
 30
0.0
 11
416.1144444444445
 21
433.48343611111164
 31
0.0
  0
LINE
  5
2C1
330
17
100
AcDbEntity
  8
CUT
100
AcDbLine
 10
400.59292777777773
 20
438.2025444444449
 30
0.0
 11
401.53025833333334
 21
438.29285555555606
 31
0.0
  0
LINE
  5
2C2
330
17
100
AcDbEntity
  8
CUT
100
AcDbLine
 10
369.05565277777777
 20
427.55606388888935
 30
0.0
 11
352.99932499999994
 21
427.55606388888935
 31
0.0
  0
LINE
  5
2C3
330
17
100
AcDbEntity
  8
CUT
100
AcDbLine
 10
352.99932499999994
 20
427.55606388888935
 30
0.0
 11
352.9548750000001
 21
427.55606388888935
 31
0.0
  0
LINE
  5
2C4
330
17
100
AcDbEntity
  8
CUT
100
AcDbLine
 10
421.1768055555556
 20
427.55606388888935
 30
0.0
 11
415.17570277777776
 21
427.55606388888935
 31
0.0
  0
LINE
  5
2C5
330
17
100
AcDbEntity
  8
CUT
100
AcDbLine
 10
401.53025833333334
 20
438.29285555555606
 30
0.0
 11
402.47041111111105
 21
438.29285555555606
 31
0.0
  0
LINE
  5
2C6
330
17
100
AcDbEntity
  8
CUT
100
AcDbLine
 10
382.70109722222213
 20
438.29285555555606
 30
0.0
 11
383.63842777777774
 21
438.26070820986376
 31
0.0
  0
LINE
  5
2C7
330
17
100
AcDbEntity
  8
CUT
100
AcDbLine
 10
405.05874166666666
 20
414.0810111111116
 30
0.0
 11
379.17261388888886
 21
414.0810111111116
 31
0.0
  0
LINE
  5
2C8
330
17
100
AcDbEntity
  8
CUT
100
AcDbLine
 10
356.71372222222215
 20
435.24485555555606
 30
0.0
 11
357.3808250000001
 21
435.28860000000043
 31
0.0
  0
LINE
  5
2C9
330
17
100
AcDbEntity
  8
CUT
100
AcDbLine
 10
374.92693333333335
 20
435.01696111111164
 30
0.0
 11
376.7790166666667
 21
435.01696111111164
 31
0.0
  0
LINE
  5
2CA
330
17
100
AcDbEntity
  8
CUT
100
AcDbLine
 10
381.7609444444445
 20
438.23535277777825
 30
0.0
 11
382.70109722222213
 21
438.29285555555606
 31
0.0
  0
LINE
  5
2CB
330
17
100
AcDbEntity
  8
CUT
100
AcDbLine
 10
389.9012916666667
 20
433.36807777777824
 30
0.0
 11
390.61531388888886
 21
433.36807777777824
 31
0.0
  0
LINE
  5
2CC
330
17
100
AcDbEntity
  8
CUT
100
AcDbLine
 10
393.61604166666666
 20
433.36807777777824
 30
0.0
 11
394.33006388888884
 21
433.36807777777824
 31
0.0
  0
LINE
  5
2CD
330
17
100
AcDbEntity
  8
CUT
100
AcDbLine
 10
390.61531388888886
 20
430.5564388888894
 30
0.0
 11
393.61604166666666
 21
430.5564388888894
 31
0.0
  0
LINE
  5
2CE
330
17
100
AcDbEntity
  8
CUT
100
AcDbLine
 10
436.5685
 20
404.41736944444494
 30
0.0
 11
429.2303694444445
 21
401.2268472222228
 31
0.0
  0
LINE
  5
2CF
330
17
100
AcDbEntity
  8
CUT
100
AcDbLine
 10
393.87991944444445
 20
385.8570250000006
 30
0.0
 11
388.04215277777774
 21
383.3191416666673
 31
0.0
  0
LINE
  5
2D0
330
17
100
AcDbEntity
  8
CUT
100
AcDbLine
 10
385.0417777777778
 20
386.66770833333385
 30
0.0
 11
385.0417777777778
 21
383.3191416666673
 31
0.0
  0
LINE
  5
2D1
330
17
100
AcDbEntity
  8
CUT
100
AcDbLine
 10
339.51615833333335
 20
403.11279722222264
 30
0.0
 11
339.51615833333335
 21
415.7238972222227
 31
0.0
  0
LINE
  5
2D2
330
17
100
AcDbEntity
  8
CUT
100
AcDbLine
 10
388.04215277777774
 20
383.3191416666673
 30
0.0
 11
388.04215277777774
 21
386.66770833333385
 31
0.0
  0
LINE
  5
2D3
330
17
100
AcDbEntity
  8
CUT
100
AcDbLine
 10
423.08886111111104
 20
395.2846583333338
 30
0.0
 11
421.89259166666665
 21
398.03667777777827
 31
0.0
  0
LINE
  5
2D4
330
17
100
AcDbEntity
  8
CUT
100
AcDbLine
 10
378.00738888888884
 20
383.10571111111165
 30
0.0
 11
370.66961111111107
 21
386.2958805555561
 31
0.0
  0
LINE
  5
2D5
330
17
100
AcDbEntity
  8
CUT
100
AcDbLine
 10
354.1920666666667
 20
396.732105555556
 30
0.0
 11
352.9957972222223
 21
393.98043888888947
 31
0.0
  0
LINE
  5
2D6
330
17
100
AcDbEntity
  8
CUT
100
AcDbLine
 10
430.42699166666665
 20
398.47518055555605
 30
0.0
 11
423.08886111111104
 21
395.2846583333338
 31
0.0
  0
LINE
  5
2D7
330
17
100
AcDbEntity
  8
CUT
100
AcDbLine
 10
379.2040111111111
 20
385.8570250000006
 30
0.0
 11
378.00738888888884
 21
383.10571111111165
 31
0.0
  0
LINE
  5
2D8
330
17
100
AcDbEntity
  8
CUT
100
AcDbLine
 10
402.41431944444435
 20
386.2958805555561
 30
0.0
 11
395.0765416666666
 21
383.10571111111165
 31
0.0
  0
LINE
  5
2D9
330
17
100
AcDbEntity
  8
CUT
100
AcDbLine
 10
425.47857777777773
 20
409.49948611111165
 30
0.0
 11
425.47857777777773
 21
440.08214444444496
 31
0.0
  0
LINE
  5
2DA
330
17
100
AcDbEntity
  8
CUT
100
AcDbLine
 10
395.0765416666666
 20
383.10571111111165
 30
0.0
 11
393.87991944444445
 21
385.8570250000006
 31
0.0
  0
LINE
  5
2DB
330
17
100
AcDbEntity
  8
CUT
100
AcDbLine
 10
339.51615833333335
 20
430.08018888888944
 30
0.0
 11
339.51615833333335
 21
440.08214444444496
 31
0.0
  0
LINE
  5
2DC
330
17
100
AcDbEntity
  8
CUT
100
AcDbLine
 10
347.49069999999995
 20
440.08214444444496
 30
0.0
 11
347.49069999999995
 21
409.49948611111165
 31
0.0
  0
LINE
  5
2DD
330
17
100
AcDbEntity
  8
CUT
100
AcDbLine
 10
385.0417777777778
 20
383.3191416666673
 30
0.0
 11
379.2040111111111
 21
385.8570250000006
 31
0.0
  0
LINE
  5
2DE
330
17
100
AcDbEntity
  8
CUT
100
AcDbLine
 10
346.8539361111112
 20
399.92262777777825
 30
0.0
 11
339.51615833333335
 21
403.11279722222264
 31
0.0
  0
LINE
  5
2DF
330
17
100
AcDbEntity
  8
CUT
100
AcDbLine
 10
429.2303694444445
 20
401.2268472222228
 30
0.0
 11
430.42699166666665
 21
398.47518055555605
 31
0.0
  0
LINE
  5
2E0
330
17
100
AcDbEntity
  8
CUT
100
AcDbLine
 10
421.89259166666665
 20
398.03667777777827
 30
0.0
 11
401.21805000000006
 21
389.0479000000006
 31
0.0
  0
LINE
  5
2E1
330
17
100
AcDbEntity
  8
CUT
100
AcDbLine
 10
336.51578333333333
 20
415.7238972222227
 30
0.0
 11
336.51578333333333
 21
430.08018888888944
 31
0.0
  0
LINE
  5
2E2
330
17
100
AcDbEntity
  8
CUT
100
AcDbLine
 10
439.56887499999993
 20
430.08018888888944
 30
0.0
 11
439.56887499999993
 21
415.7238972222227
 31
0.0
  0
LINE
  5
2E3
330
17
100
AcDbEntity
  8
CUT
100
AcDbLine
 10
436.5685
 20
440.08214444444496
 30
0.0
 11
436.5685
 21
430.08018888888944
 31
0.0
  0
LINE
  5
2E4
330
17
100
AcDbEntity
  8
CUT
100
AcDbLine
 10
436.5685
 20
415.7238972222227
 30
0.0
 11
436.5685
 21
404.41736944444494
 31
0.0
  0
LINE
  5
2E5
330
17
100
AcDbEntity
  8
CUT
100
AcDbLine
 10
352.9957972222223
 20
393.98043888888947
 30
0.0
 11
345.65766666666667
 21
397.17060833333386
 31
0.0
  0
LINE
  5
2E6
330
17
100
AcDbEntity
  8
CUT
100
AcDbLine
 10
401.21805000000006
 20
389.0479000000006
 30
0.0
 11
402.41431944444435
 21
386.2958805555561
 31
0.0
  0
LINE
  5
2E7
330
17
100
AcDbEntity
  8
CUT
100
AcDbLine
 10
371.8658805555556
 20
389.0479000000006
 30
0.0
 11
354.1920666666667
 21
396.732105555556
 31
0.0
  0
LINE
  5
2E8
330
17
100
AcDbEntity
  8
CUT
100
AcDbLine
 10
345.65766666666667
 20
397.17060833333386
 30
0.0
 11
346.8539361111112
 21
399.92262777777825
 31
0.0
  0
LINE
  5
2E9
330
17
100
AcDbEntity
  8
CUT
100
AcDbLine
 10
370.66961111111107
 20
386.2958805555561
 30
0.0
 11
371.8658805555556
 21
389.0479000000006
 31
0.0
  0
LINE
  5
2EA
330
17
100
AcDbEntity
  8
CUT
100
AcDbLine
 10
425.47857777777773
 20
440.08214444444496
 30
0.0
 11
436.5685
 21
440.08214444444496
 31
0.0
  0
LINE
  5
2EB
330
17
100
AcDbEntity
  8
CUT
100
AcDbLine
 10
339.51615833333335
 20
440.08214444444496
 30
0.0
 11
347.49069999999995
 21
440.08214444444496
 31
0.0
  0
LINE
  5
2EC
330
17
100
AcDbEntity
  8
CUT
100
AcDbLine
 10
336.51578333333333
 20
430.08018888888944
 30
0.0
 11
339.51615833333335
 21
430.08018888888944
 31
0.0
  0
LINE
  5
2ED
330
17
100
AcDbEntity
  8
CUT
100
AcDbLine
 10
436.5685
 20
430.08018888888944
 30
0.0
 11
439.56887499999993
 21
430.08018888888944
 31
0.0
  0
LINE
  5
2EE
330
17
100
AcDbEntity
  8
CUT
100
AcDbLine
 10
339.51615833333335
 20
415.7238972222227
 30
0.0
 11
336.51578333333333
 21
415.7238972222227
 31
0.0
  0
LINE
  5
2EF
330
17
100
AcDbEntity
  8
CUT
100
AcDbLine
 10
439.56887499999993
 20
415.7238972222227
 30
0.0
 11
436.5685
 21
415.7238972222227
 31
0.0
  0
LINE
  5
2F0
330
17
100
AcDbEntity
  8
CUT
100
AcDbLine
 10
347.49069999999995
 20
409.49948611111165
 30
0.0
 11
425.47857777777773
 21
409.49948611111165
 31
0.0
  0
LINE
  5
2F1
330
17
100
AcDbEntity
  8
CUT
100
AcDbLine
 10
388.04215277777774
 20
386.66770833333385
 30
0.0
 11
385.0417777777778
 21
386.66770833333385
 31
0.0
  0
LINE
  5
2F2
330
17
100
AcDbEntity
  8
CUT
100
AcDbLine
 10
358.868136111111
 20
428.69024444444494
 30
0.0
 11
359.04981666666663
 21
428.8973250000005
 31
0.0
  0
LINE
  5
2F3
330
17
100
AcDbEntity
  8
CUT
100
AcDbLine
 10
359.04981666666663
 20
428.8973250000005
 30
0.0
 11
359.20256944444446
 21
429.12592500000045
 31
0.0
  0
LINE
  5
2F4
330
17
100
AcDbEntity
  8
CUT
100
AcDbLine
 10
359.4660944444445
 20
430.45236944444497
 30
0.0
 11
359.4124722222223
 21
430.722244444445
 31
0.0
  0
LINE
  5
2F5
330
17
100
AcDbEntity
  8
CUT
100
AcDbLine
 10
356.3288416666667
 20
431.99965277777824
 30
0.0
 11
356.10024166666665
 21
431.8469000000006
 31
0.0
  0
LINE
  5
2F6
330
17
100
AcDbEntity
  8
CUT
100
AcDbLine
 10
358.4324555555556
 20
431.99965277777824
 30
0.0
 11
358.18586388888883
 21
432.1213611111117
 31
0.0
  0
LINE
  5
2F7
330
17
100
AcDbEntity
  8
CUT
100
AcDbLine
 10
359.4124722222223
 20
429.63357222222277
 30
0.0
 11
359.4660944444445
 21
429.90309444444495
 31
0.0
  0
LINE
  5
2F8
330
17
100
AcDbEntity
  8
CUT
100
AcDbLine
 10
355.2952027777778
 20
430.45236944444497
 30
0.0
 11
355.27721111111117
 21
430.17790833333385
 31
0.0
  0
LINE
  5
2F9
330
17
100
AcDbEntity
  8
CUT
100
AcDbLine
 10
355.348825
 20
429.63357222222277
 30
0.0
 11
355.43701944444433
 21
429.372869444445
 31
0.0
  0
LINE
  5
2FA
330
17
100
AcDbEntity
  8
CUT
100
AcDbLine
 10
359.32427777777775
 20
429.372869444445
 30
0.0
 11
359.4124722222223
 21
429.63357222222277
 31
0.0
  0
LINE
  5
2FB
330
17
100
AcDbEntity
  8
CUT
100
AcDbLine
 10
359.4124722222223
 20
430.722244444445
 30
0.0
 11
359.32427777777775
 21
430.9829472222227
 31
0.0
  0
LINE
  5
2FC
330
17
100
AcDbEntity
  8
CUT
100
AcDbLine
 10
358.6614083333333
 20
431.8469000000006
 30
0.0
 11
358.4324555555556
 21
431.99965277777824
 31
0.0
  0
LINE
  5
2FD
330
17
100
AcDbEntity
  8
CUT
100
AcDbLine
 10
358.868136111111
 20
431.6652194444449
 30
0.0
 11
358.6614083333333
 21
431.8469000000006
 31
0.0
  0
LINE
  5
2FE
330
17
100
AcDbEntity
  8
CUT
100
AcDbLine
 10
356.10024166666665
 20
431.8469000000006
 30
0.0
 11
355.89316111111117
 21
431.6652194444449
 31
0.0
  0
LINE
  5
2FF
330
17
100
AcDbEntity
  8
CUT
100
AcDbLine
 10
359.20256944444446
 20
429.12592500000045
 30
0.0
 11
359.32427777777775
 21
429.372869444445
 31
0.0
  0
LINE
  5
300
330
17
100
AcDbEntity
  8
CUT
100
AcDbLine
 10
355.27721111111117
 20
430.17790833333385
 30
0.0
 11
355.2952027777778
 21
429.90309444444495
 31
0.0
  0
LINE
  5
301
330
17
100
AcDbEntity
  8
CUT
100
AcDbLine
 10
358.18586388888883
 20
428.23445555555605
 30
0.0
 11
358.4324555555556
 21
428.35616388888934
 31
0.0
  0
LINE
  5
302
330
17
100
AcDbEntity
  8
CUT
100
AcDbLine
 10
356.57578611111103
 20
432.1213611111117
 30
0.0
 11
356.3288416666667
 21
431.99965277777824
 31
0.0
  0
LINE
  5
303
330
17
100
AcDbEntity
  8
CUT
100
AcDbLine
 10
355.43701944444433
 20
429.372869444445
 30
0.0
 11
355.55908055555557
 21
429.12592500000045
 31
0.0
  0
LINE
  5
304
330
17
100
AcDbEntity
  8
CUT
100
AcDbLine
 10
358.4324555555556
 20
428.35616388888934
 30
0.0
 11
358.6614083333333
 21
428.5089166666671
 31
0.0
  0
LINE
  5
305
330
17
100
AcDbEntity
  8
CUT
100
AcDbLine
 10
355.89316111111117
 20
431.6652194444449
 30
0.0
 11
355.71183333333335
 21
431.45849166666716
 31
0.0
  0
LINE
  5
306
330
17
100
AcDbEntity
  8
CUT
100
AcDbLine
 10
356.10024166666665
 20
428.5089166666671
 30
0.0
 11
356.3288416666667
 21
428.35616388888934
 31
0.0
  0
LINE
  5
307
330
17
100
AcDbEntity
  8
CUT
100
AcDbLine
 10
359.20256944444446
 20
431.22953888888946
 30
0.0
 11
359.04981666666663
 21
431.45849166666716
 31
0.0
  0
LINE
  5
308
330
17
100
AcDbEntity
  8
CUT
100
AcDbLine
 10
359.04981666666663
 20
431.45849166666716
 30
0.0
 11
358.868136111111
 21
431.6652194444449
 31
0.0
  0
LINE
  5
309
330
17
100
AcDbEntity
  8
CUT
100
AcDbLine
 10
355.71183333333335
 20
428.8973250000005
 30
0.0
 11
355.89316111111117
 21
428.69024444444494
 31
0.0
  0
LINE
  5
30A
330
17
100
AcDbEntity
  8
CUT
100
AcDbLine
 10
359.4660944444445
 20
429.90309444444495
 30
0.0
 11
359.48443888888886
 21
430.17790833333385
 31
0.0
  0
LINE
  5
30B
330
17
100
AcDbEntity
  8
CUT
100
AcDbLine
 10
355.89316111111117
 20
428.69024444444494
 30
0.0
 11
356.10024166666665
 21
428.5089166666671
 31
0.0
  0
LINE
  5
30C
330
17
100
AcDbEntity
  8
CUT
100
AcDbLine
 10
355.71183333333335
 20
431.45849166666716
 30
0.0
 11
355.55908055555557
 21
431.22953888888946
 31
0.0
  0
LINE
  5
30D
330
17
100
AcDbEntity
  8
CUT
100
AcDbLine
 10
359.48443888888886
 20
430.17790833333385
 30
0.0
 11
359.4660944444445
 21
430.45236944444497
 31
0.0
  0
LINE
  5
30E
330
17
100
AcDbEntity
  8
CUT
100
AcDbLine
 10
359.32427777777775
 20
430.9829472222227
 30
0.0
 11
359.20256944444446
 21
431.22953888888946
 31
0.0
  0
LINE
  5
30F
330
17
100
AcDbEntity
  8
CUT
100
AcDbLine
 10
355.55908055555557
 20
429.12592500000045
 30
0.0
 11
355.71183333333335
 21
428.8973250000005
 31
0.0
  0
LINE
  5
310
330
17
100
AcDbEntity
  8
CUT
100
AcDbLine
 10
355.43701944444433
 20
430.9829472222227
 30
0.0
 11
355.348825
 21
430.722244444445
 31
0.0
  0
LINE
  5
311
330
17
100
AcDbEntity
  8
CUT
100
AcDbLine
 10
355.348825
 20
430.722244444445
 30
0.0
 11
355.2952027777778
 21
430.45236944444497
 31
0.0
  0
LINE
  5
312
330
17
100
AcDbEntity
  8
CUT
100
AcDbLine
 10
355.55908055555557
 20
431.22953888888946
 30
0.0
 11
355.43701944444433
 21
430.9829472222227
 31
0.0
  0
LINE
  5
313
330
17
100
AcDbEntity
  8
CUT
100
AcDbLine
 10
355.2952027777778
 20
429.90309444444495
 30
0.0
 11
355.348825
 21
429.63357222222277
 31
0.0
  0
LINE
  5
314
330
17
100
AcDbEntity
  8
CUT
100
AcDbLine
 10
356.3288416666667
 20
428.35616388888934
 30
0.0
 11
356.57578611111103
 21
428.23445555555605
 31
0.0
  0
LINE
  5
315
330
17
100
AcDbEntity
  8
CUT
100
AcDbLine
 10
358.6614083333333
 20
428.5089166666671
 30
0.0
 11
358.868136111111
 21
428.69024444444494
 31
0.0
  0
LINE
  5
316
330
17
100
AcDbEntity
  8
CUT
100
AcDbLine
 10
356.8364888888889
 20
428.14590833333386
 30
0.0
 11
357.1060111111112
 21
428.09228611111155
 31
0.0
  0
LINE
  5
317
330
17
100
AcDbEntity
  8
CUT
100
AcDbLine
 10
357.92052448544956
 20
428.1259665460865
 30
0.0
 11
358.18586388888883
 21
428.23445555555605
 31
0.0
  0
LINE
  5
318
330
17
100
AcDbEntity
  8
CUT
100
AcDbLine
 10
358.18586388888883
 20
432.1213611111117
 30
0.0
 11
357.92516111111115
 21
432.20990833333383
 31
0.0
  0
LINE
  5
319
330
17
100
AcDbEntity
  8
CUT
100
AcDbLine
 10
356.8364888888889
 20
432.20990833333383
 30
0.0
 11
356.57578611111103
 21
432.1213611111117
 31
0.0
  0
LINE
  5
31A
330
17
100
AcDbEntity
  8
CUT
100
AcDbLine
 10
357.92516111111115
 20
432.20990833333383
 30
0.0
 11
357.6552861111111
 21
432.26353055555603
 31
0.0
  0
LINE
  5
31B
330
17
100
AcDbEntity
  8
CUT
100
AcDbLine
 10
357.3808250000001
 20
428.07429444444494
 30
0.0
 11
357.6552861111111
 21
428.07429444444494
 31
0.0
  0
LINE
  5
31C
330
17
100
AcDbEntity
  8
CUT
100
AcDbLine
 10
357.1060111111112
 20
432.28152222222275
 30
0.0
 11
356.8364888888889
 21
432.20990833333383
 31
0.0
  0
LINE
  5
31D
330
17
100
AcDbEntity
  8
CUT
100
AcDbLine
 10
357.6552861111111
 20
432.26353055555603
 30
0.0
 11
357.3808250000001
 21
432.28152222222275
 31
0.0
  0
LINE
  5
31E
330
17
100
AcDbEntity
  8
CUT
100
AcDbLine
 10
357.3808250000001
 20
432.28152222222275
 30
0.0
 11
357.1060111111112
 21
432.28152222222275
 31
0.0
  0
LINE
  5
31F
330
17
100
AcDbEntity
  8
CUT
100
AcDbLine
 10
356.57578611111103
 20
428.23445555555605
 30
0.0
 11
356.8364888888889
 21
428.14590833333386
 31
0.0
  0
LINE
  5
320
330
17
100
AcDbEntity
  8
CUT
100
AcDbLine
 10
357.1060111111112
 20
428.09228611111155
 30
0.0
 11
357.3808250000001
 21
428.07429444444494
 31
0.0
  0
LINE
  5
321
330
17
100
AcDbEntity
  8
CUT
100
AcDbLine
 10
357.6552861111111
 20
428.07429444444494
 30
0.0
 11
357.92052448544956
 21
428.1259665460865
 31
0.0
  0
LINE
  5
322
330
17
100
AcDbEntity
  8
CUT
100
AcDbLine
 10
387.11469999999997
 20
427.55606388888935
 30
0.0
 11
387.11469999999997
 21
424.55533611111156
 31
0.0
  0
LINE
  5
323
330
17
100
AcDbEntity
  8
CUT
100
AcDbLine
 10
397.11665555555555
 20
424.55533611111156
 30
0.0
 11
397.11665555555555
 21
427.55606388888935
 31
0.0
  0
LINE
  5
324
330
17
100
AcDbEntity
  8
CUT
100
AcDbLine
 10
397.11665555555555
 20
427.55606388888935
 30
0.0
 11
387.11469999999997
 21
427.55606388888935
 31
0.0
  0
LINE
  5
325
330
17
100
AcDbEntity
  8
CUT
100
AcDbLine
 10
387.11469999999997
 20
424.55533611111156
 30
0.0
 11
397.11665555555555
 21
424.55533611111156
 31
0.0
  0
LINE
  5
326
330
17
100
AcDbEntity
  8
CUT
100
AcDbLine
 10
385.04142499999995
 20
402.36279166666714
 30
0.0
 11
385.04142499999995
 21
399.36206388888934
 31
0.0
  0
LINE
  5
327
330
17
100
AcDbEntity
  8
CUT
100
AcDbLine
 10
388.04215277777774
 20
399.36206388888934
 30
0.0
 11
388.04215277777774
 21
402.36279166666714
 31
0.0
  0
LINE
  5
328
330
17
100
AcDbEntity
  8
CUT
100
AcDbLine
 10
379.54056111111106
 20
399.36206388888934
 30
0.0
 11
379.54056111111106
 21
392.93339444444496
 31
0.0
  0
LINE
  5
329
330
17
100
AcDbEntity
  8
CUT
100
AcDbLine
 10
393.54336944444447
 20
392.93339444444496
 30
0.0
 11
393.54336944444447
 21
399.36206388888934
 31
0.0
  0
LINE
  5
32A
330
17
100
AcDbEntity
  8
CUT
100
AcDbLine
 10
388.04215277777774
 20
402.36279166666714
 30
0.0
 11
385.04142499999995
 21
402.36279166666714
 31
0.0
  0
LINE
  5
32B
330
17
100
AcDbEntity
  8
CUT
100
AcDbLine
 10
379.54056111111106
 20
392.93339444444496
 30
0.0
 11
393.54336944444447
 21
392.93339444444496
 31
0.0
  0
LINE
  5
32C
330
17
100
AcDbEntity
  8
CUT
100
AcDbLine
 10
385.04142499999995
 20
399.36206388888934
 30
0.0
 11
379.54056111111106
 21
399.36206388888934
 31
0.0
  0
LINE
  5
32D
330
17
100
AcDbEntity
  8
CUT
100
AcDbLine
 10
393.54336944444447
 20
399.36206388888934
 30
0.0
 11
388.04215277777774
 21
399.36206388888934
 31
0.0
  0
LINE
  5
32E
330
17
100
AcDbEntity
  8
ENGRAVE
100
AcDbLine
 10
399.72184571521956
 20
402.4010911427913
 30
0.0
 11
401.12182435291487
 21
403.8010697804866
 31
0.0
  0
LINE
  5
32F
330
17
100
AcDbEntity
  8
ENGRAVE
100
AcDbLine
 10
401.12182435291487
 20
403.8010697804866
 30
0.0
 11
401.12182435291487
 21
396.80117659201005
 31
0.0
  0
LINE
  5
330
330
17
100
AcDbEntity
  8
ENGRAVE
100
AcDbLine
 10
399.72184571521956
 20
396.80117659201005
 30
0.0
 11
402.5218029906102
 21
396.80117659201005
 31
0.0
  0
LINE
  5
331
330
17
100
AcDbEntity
  8
ENGRAVE
100
AcDbLine
 10
405.3217602660008
 20
402.4010911427913
 30
0.0
 11
406.7217389036961
 21
403.8010697804866
 31
0.0
  0
LINE
  5
332
330
17
100
AcDbEntity
  8
ENGRAVE
100
AcDbLine
 10
406.7217389036961
 20
403.8010697804866
 30
0.0
 11
406.7217389036961
 21
396.80117659201005
 31
0.0
  0
LINE
  5
333
330
17
100
AcDbEntity
  8
ENGRAVE
100
AcDbLine
 10
405.3217602660008
 20
396.80117659201005
 30
0.0
 11
408.12171754139143
 21
396.80117659201005
 31
0.0
  0
LINE
  5
334
330
17
100
AcDbEntity
  8
CUT
100
AcDbLine
 10
387.1898638888891
 20
254.62867500000004
 30
0.0
 11
381.378202777778
 21
248.61240277777773
 31
0.0
  0
LINE
  5
335
330
17
100
AcDbEntity
  8
CUT
100
AcDbLine
 10
379.81892500000015
 20
250.22142222222215
 30
0.0
 11
379.3130416666669
 21
251.0155249999999
 31
0.0
  0
LINE
  5
336
330
17
100
AcDbEntity
  8
CUT
100
AcDbLine
 10
378.873127777778
 20
255.5875249999999
 30
0.0
 11
379.21814444444465
 21
256.46382500000004
 31
0.0
  0
LINE
  5
337
330
17
100
AcDbEntity
  8
CUT
100
AcDbLine
 10
379.21814444444465
 20
256.46382500000004
 30
0.0
 11
379.6961583333335
 21
257.274861111111
 31
0.0
  0
LINE
  5
338
330
17
100
AcDbEntity
  8
CUT
100
AcDbLine
 10
380.44263611111126
 20
249.51586666666662
 30
0.0
 11
379.81892500000015
 21
250.22142222222215
 31
0.0
  0
LINE
  5
339
330
17
100
AcDbEntity
  8
CUT
100
AcDbLine
 10
381.378202777778
 20
248.61240277777773
 30
0.0
 11
380.44263611111126
 21
249.51586666666662
 31
0.0
  0
LINE
  5
33A
330
17
100
AcDbEntity
  8
CUT
100
AcDbLine
 10
380.2951750000002
 20
258.00158333333326
 30
0.0
 11
383.34705555555576
 21
261.1600027777777
 31
0.0
  0
LINE
  5
33B
330
17
100
AcDbEntity
  8
CUT
100
AcDbLine
 10
383.4207861111113
 20
268.31221944444445
 30
0.0
 11
383.64091944444465
 21
269.2280305555555
 31
0.0
  0
LINE
  5
33C
330
17
100
AcDbEntity
  8
CUT
100
AcDbLine
 10
379.6961583333335
 20
257.274861111111
 30
0.0
 11
380.2951750000002
 21
258.00158333333326
 31
0.0
  0
LINE
  5
33D
330
17
100
AcDbEntity
  8
CUT
100
AcDbLine
 10
389.3481583333336
 20
205.15265000000005
 30
0.0
 11
388.68211388888903
 21
204.8570222222222
 31
0.0
  0
LINE
  5
33E
330
17
100
AcDbEntity
  8
CUT
100
AcDbLine
 10
392.34888611111137
 20
267.37347777777774
 30
0.0
 11
402.8232111111114
 21
257.25651666666664
 31
0.0
  0
LINE
  5
33F
330
17
100
AcDbEntity
  8
CUT
100
AcDbLine
 10
381.78989444444466
 20
208.2556833333333
 30
0.0
 11
381.65936666666687
 21
208.91149722222212
 31
0.0
  0
LINE
  5
340
330
17
100
AcDbEntity
  8
CUT
100
AcDbLine
 10
378.9373333333335
 20
251.87912500000004
 30
0.0
 11
378.70167777777795
 21
252.7907027777777
 31
0.0
  0
LINE
  5
341
330
17
100
AcDbEntity
  8
CUT
100
AcDbLine
 10
386.62365555555573
 20
272.7205305555555
 30
0.0
 11
387.49360555555575
 21
273.08106944444444
 31
0.0
  0
LINE
  5
342
330
17
100
AcDbEntity
  8
CUT
100
AcDbLine
 10
382.67183888888906
 20
206.46709999999996
 30
0.0
 11
382.3003638888891
 21
207.02343055555554
 31
0.0
  0
LINE
  5
343
330
17
100
AcDbEntity
  8
CUT
100
AcDbLine
 10
379.3130416666669
 20
251.0155249999999
 30
0.0
 11
378.9373333333335
 21
251.87912500000004
 31
0.0
  0
LINE
  5
344
330
17
100
AcDbEntity
  8
CUT
100
AcDbLine
 10
388.048877777778
 20
204.6421805555555
 30
0.0
 11
387.3934166666669
 21
204.51165277777773
 31
0.0
  0
LINE
  5
345
330
17
100
AcDbEntity
  8
CUT
100
AcDbLine
 10
384.4932305555558
 20
270.90090277777784
 30
0.0
 11
385.1045944444447
 21
271.61704166666664
 31
0.0
  0
LINE
  5
346
330
17
100
AcDbEntity
  8
CUT
100
AcDbLine
 10
392.34888611111137
 20
221.25342777777774
 30
0.0
 11
389.3481583333336
 21
221.25342777777774
 31
0.0
  0
LINE
  5
347
330
17
100
AcDbEntity
  8
CUT
100
AcDbLine
 10
386.05921111111127
 20
204.51165277777773
 30
0.0
 11
385.4037500000002
 21
204.6421805555555
 31
0.0
  0
LINE
  5
348
330
17
100
AcDbEntity
  8
CUT
100
AcDbLine
 10
381.61562222222244
 20
209.57860000000005
 30
0.0
 11
381.88726111111123
 21
227.12470833333333
 31
0.0
  0
LINE
  5
349
330
17
100
AcDbEntity
  8
CUT
100
AcDbLine
 10
383.6151666666669
 20
205.52412500000003
 30
0.0
 11
383.1128111111112
 21
205.96474444444442
 31
0.0
  0
LINE
  5
34A
330
17
100
AcDbEntity
  8
CUT
100
AcDbLine
 10
385.4037500000002
 20
204.6421805555555
 30
0.0
 11
384.77051388888907
 21
204.8570222222222
 31
0.0
  0
LINE
  5
34B
330
17
100
AcDbEntity
  8
CUT
100
AcDbLine
 10
387.3934166666669
 20
204.51165277777773
 30
0.0
 11
386.7263138888891
 21
204.46790833333336
 31
0.0
  0
LINE
  5
34C
330
17
100
AcDbEntity
  8
CUT
100
AcDbLine
 10
388.40941666666686
 20
273.30049722222213
 30
0.0
 11
389.3481583333336
 21
273.37458055555555
 31
0.0
  0
LINE
  5
34D
330
17
100
AcDbEntity
  8
CUT
100
AcDbLine
 10
383.1128111111112
 20
205.96474444444442
 30
0.0
 11
382.67183888888906
 21
206.46709999999996
 31
0.0
  0
LINE
  5
34E
330
17
100
AcDbEntity
  8
CUT
100
AcDbLine
 10
383.64091944444465
 20
269.2280305555555
 30
0.0
 11
384.0011055555558
 21
270.0979805555555
 31
0.0
  0
LINE
  5
34F
330
17
100
AcDbEntity
  8
CUT
100
AcDbLine
 10
384.0011055555558
 20
270.0979805555555
 30
0.0
 11
384.4932305555558
 21
270.90090277777784
 31
0.0
  0
LINE
  5
350
330
17
100
AcDbEntity
  8
CUT
100
AcDbLine
 10
387.49360555555575
 20
273.08106944444444
 30
0.0
 11
388.40941666666686
 21
273.30049722222213
 31
0.0
  0
LINE
  5
351
330
17
100
AcDbEntity
  8
CUT
100
AcDbLine
 10
378.61136666666687
 20
254.66818611111103
 30
0.0
 11
378.873127777778
 21
255.5875249999999
 31
0.0
  0
LINE
  5
352
330
17
100
AcDbEntity
  8
CUT
100
AcDbLine
 10
384.1707916666669
 20
205.15265000000005
 30
0.0
 11
383.6151666666669
 21
205.52412500000003
 31
0.0
  0
LINE
  5
353
330
17
100
AcDbEntity
  8
CUT
100
AcDbLine
 10
388.68211388888903
 20
204.8570222222222
 30
0.0
 11
388.048877777778
 21
204.6421805555555
 31
0.0
  0
LINE
  5
354
330
17
100
AcDbEntity
  8
CUT
100
AcDbLine
 10
389.3481583333336
 20
267.37347777777774
 30
0.0
 11
392.34888611111137
 21
267.37347777777774
 31
0.0
  0
LINE
  5
355
330
17
100
AcDbEntity
  8
CUT
100
AcDbLine
 10
386.7263138888891
 20
204.46790833333336
 30
0.0
 11
386.05921111111127
 21
204.51165277777773
 31
0.0
  0
LINE
  5
356
330
17
100
AcDbEntity
  8
CUT
100
AcDbLine
 10
382.3003638888891
 20
207.02343055555554
 30
0.0
 11
382.00473611111124
 21
207.62280000000004
 31
0.0
  0
LINE
  5
357
330
17
100
AcDbEntity
  8
CUT
100
AcDbLine
 10
382.00473611111124
 20
207.62280000000004
 30
0.0
 11
381.78989444444466
 21
208.2556833333333
 31
0.0
  0
LINE
  5
358
330
17
100
AcDbEntity
  8
CUT
100
AcDbLine
 10
385.8207333333336
 20
272.2284055555555
 30
0.0
 11
386.62365555555573
 21
272.7205305555555
 31
0.0
  0
LINE
  5
359
330
17
100
AcDbEntity
  8
CUT
100
AcDbLine
 10
384.77051388888907
 20
204.8570222222222
 30
0.0
 11
384.1707916666669
 21
205.15265000000005
 31
0.0
  0
LINE
  5
35A
330
17
100
AcDbEntity
  8
CUT
100
AcDbLine
 10
385.1045944444447
 20
271.61704166666664
 30
0.0
 11
385.8207333333336
 21
272.2284055555555
 31
0.0
  0
LINE
  5
35B
330
17
100
AcDbEntity
  8
CUT
100
AcDbLine
 10
402.8232111111114
 20
231.37038888888884
 30
0.0
 11
392.34888611111137
 21
221.25342777777774
 31
0.0
  0
LINE
  5
35C
330
17
100
AcDbEntity
  8
CUT
100
AcDbLine
 10
378.8982556761365
 20
236.74829948544942
 30
0.0
 11
379.3130416666669
 21
237.6113805555555
 31
0.0
  0
LINE
  5
35D
330
17
100
AcDbEntity
  8
CUT
100
AcDbLine
 10
389.3481583333336
 20
236.08279444444446
 30
0.0
 11
383.53614444444463
 21
242.09906666666666
 31
0.0
  0
LINE
  5
35E
330
17
100
AcDbEntity
  8
CUT
100
AcDbLine
 10
379.81892500000015
 20
238.40583611111106
 30
0.0
 11
380.44263611111126
 21
239.1110388888889
 31
0.0
  0
LINE
  5
35F
330
17
100
AcDbEntity
  8
CUT
100
AcDbLine
 10
387.1898638888891
 20
233.99823055555555
 30
0.0
 11
389.3481583333336
 21
236.08279444444446
 31
0.0
  0
LINE
  5
360
330
17
100
AcDbEntity
  8
CUT
100
AcDbLine
 10
386.3477833333336
 20
245.81381666666664
 30
0.0
 11
383.53614444444463
 21
245.81381666666664
 31
0.0
  0
LINE
  5
361
330
17
100
AcDbEntity
  8
CUT
100
AcDbLine
 10
389.3481583333336
 20
252.54411111111102
 30
0.0
 11
387.1898638888891
 21
254.62867500000004
 31
0.0
  0
LINE
  5
362
330
17
100
AcDbEntity
  8
CUT
100
AcDbLine
 10
383.53614444444463
 20
242.81308888888884
 30
0.0
 11
386.3477833333336
 21
242.81308888888884
 31
0.0
  0
LINE
  5
363
330
17
100
AcDbEntity
  8
CUT
100
AcDbLine
 10
381.378202777778
 20
240.01414999999992
 30
0.0
 11
387.1898638888891
 21
233.99823055555555
 31
0.0
  0
LINE
  5
364
330
17
100
AcDbEntity
  8
CUT
100
AcDbLine
 10
380.44263611111126
 20
239.1110388888889
 30
0.0
 11
381.378202777778
 21
240.01414999999992
 31
0.0
  0
LINE
  5
365
330
17
100
AcDbEntity
  8
CUT
100
AcDbLine
 10
378.873127777778
 20
233.0393805555555
 30
0.0
 11
378.6688694444447
 21
233.95871944444445
 31
0.0
  0
LINE
  5
366
330
17
100
AcDbEntity
  8
CUT
100
AcDbLine
 10
379.3130416666669
 20
237.6113805555555
 30
0.0
 11
379.81892500000015
 21
238.40583611111106
 31
0.0
  0
LINE
  5
367
330
17
100
AcDbEntity
  8
CUT
100
AcDbLine
 10
379.21814444444465
 20
232.16308055555555
 30
0.0
 11
378.873127777778
 21
233.0393805555555
 31
0.0
  0
LINE
  5
368
330
17
100
AcDbEntity
  8
CUT
100
AcDbLine
 10
380.2951750000002
 20
230.62532222222222
 30
0.0
 11
379.6961583333335
 21
231.35204444444446
 31
0.0
  0
LINE
  5
369
330
17
100
AcDbEntity
  8
CUT
100
AcDbLine
 10
379.6961583333335
 20
231.35204444444446
 30
0.0
 11
379.21814444444465
 21
232.16308055555555
 31
0.0
  0
LINE
  5
36A
330
17
100
AcDbEntity
  8
CUT
100
AcDbLine
 10
383.53614444444463
 20
246.52783888888882
 30
0.0
 11
389.3481583333336
 21
252.54411111111102
 31
0.0
  0
LINE
  5
36B
330
17
100
AcDbEntity
  8
CUT
100
AcDbLine
 10
378.64351401235916
 20
235.83620277777771
 30
0.0
 11
378.8982556761365
 21
236.74829948544942
 31
0.0
  0
LINE
  5
36C
330
17
100
AcDbEntity
  8
CUT
100
AcDbLine
 10
381.88726111111123
 20
228.97679166666666
 30
0.0
 11
380.2951750000002
 21
230.62532222222222
 31
0.0
  0
LINE
  5
36D
330
17
100
AcDbEntity
  8
CUT
100
AcDbLine
 10
383.34705555555576
 20
261.1600027777777
 30
0.0
 11
383.34705555555576
 21
267.37347777777774
 31
0.0
  0
LINE
  5
36E
330
17
100
AcDbEntity
  8
CUT
100
AcDbLine
 10
383.34705555555576
 20
267.37347777777774
 30
0.0
 11
383.4207861111113
 21
268.31221944444445
 31
0.0
  0
LINE
  5
36F
330
17
100
AcDbEntity
  8
CUT
100
AcDbLine
 10
378.70167777777795
 20
252.7907027777777
 30
0.0
 11
378.61136666666687
 21
253.72803333333331
 31
0.0
  0
LINE
  5
370
330
17
100
AcDbEntity
  8
CUT
100
AcDbLine
 10
389.3481583333336
 20
221.25342777777774
 30
0.0
 11
389.3481583333336
 21
205.19709999999992
 31
0.0
  0
LINE
  5
371
330
17
100
AcDbEntity
  8
CUT
100
AcDbLine
 10
389.3481583333336
 20
205.19709999999992
 30
0.0
 11
389.3481583333336
 21
205.15265000000005
 31
0.0
  0
LINE
  5
372
330
17
100
AcDbEntity
  8
CUT
100
AcDbLine
 10
389.3481583333336
 20
273.37458055555555
 30
0.0
 11
389.3481583333336
 21
267.37347777777774
 31
0.0
  0
LINE
  5
373
330
17
100
AcDbEntity
  8
CUT
100
AcDbLine
 10
378.61136666666687
 20
253.72803333333331
 30
0.0
 11
378.61136666666687
 21
254.66818611111103
 31
0.0
  0
LINE
  5
374
330
17
100
AcDbEntity
  8
CUT
100
AcDbLine
 10
378.61136666666687
 20
234.8988722222221
 30
0.0
 11
378.64351401235916
 21
235.83620277777771
 31
0.0
  0
LINE
  5
375
330
17
100
AcDbEntity
  8
CUT
100
AcDbLine
 10
402.8232111111114
 20
257.25651666666664
 30
0.0
 11
402.8232111111114
 21
231.37038888888884
 31
0.0
  0
LINE
  5
376
330
17
100
AcDbEntity
  8
CUT
100
AcDbLine
 10
381.65936666666687
 20
208.91149722222212
 30
0.0
 11
381.61562222222244
 21
209.57860000000005
 31
0.0
  0
LINE
  5
377
330
17
100
AcDbEntity
  8
CUT
100
AcDbLine
 10
381.88726111111123
 20
227.12470833333333
 30
0.0
 11
381.88726111111123
 21
228.97679166666666
 31
0.0
  0
LINE
  5
378
330
17
100
AcDbEntity
  8
CUT
100
AcDbLine
 10
378.6688694444447
 20
233.95871944444445
 30
0.0
 11
378.61136666666687
 21
234.8988722222221
 31
0.0
  0
LINE
  5
379
330
17
100
AcDbEntity
  8
CUT
100
AcDbLine
 10
383.53614444444463
 20
242.09906666666666
 30
0.0
 11
383.53614444444463
 21
242.81308888888884
 31
0.0
  0
LINE
  5
37A
330
17
100
AcDbEntity
  8
CUT
100
AcDbLine
 10
383.53614444444463
 20
245.81381666666664
 30
0.0
 11
383.53614444444463
 21
246.52783888888882
 31
0.0
  0
LINE
  5
37B
330
17
100
AcDbEntity
  8
CUT
100
AcDbLine
 10
386.3477833333336
 20
242.81308888888884
 30
0.0
 11
386.3477833333336
 21
245.81381666666664
 31
0.0
  0
LINE
  5
37C
330
17
100
AcDbEntity
  8
CUT
100
AcDbLine
 10
412.486852777778
 20
288.76627499999995
 30
0.0
 11
415.6773750000002
 21
281.42814444444446
 31
0.0
  0
LINE
  5
37D
330
17
100
AcDbEntity
  8
CUT
100
AcDbLine
 10
431.0471972222224
 20
246.07769444444443
 30
0.0
 11
433.5850805555557
 21
240.23992777777772
 31
0.0
  0
LINE
  5
37E
330
17
100
AcDbEntity
  8
CUT
100
AcDbLine
 10
430.2365138888891
 20
237.23955277777776
 30
0.0
 11
433.5850805555557
 21
237.23955277777776
 31
0.0
  0
LINE
  5
37F
330
17
100
AcDbEntity
  8
CUT
100
AcDbLine
 10
413.79142500000023
 20
191.71393333333333
 30
0.0
 11
401.18032500000015
 21
191.71393333333333
 31
0.0
  0
LINE
  5
380
330
17
100
AcDbEntity
  8
CUT
100
AcDbLine
 10
433.5850805555557
 20
240.23992777777772
 30
0.0
 11
430.2365138888891
 21
240.23992777777772
 31
0.0
  0
LINE
  5
381
330
17
100
AcDbEntity
  8
CUT
100
AcDbLine
 10
421.61956388888905
 20
275.286636111111
 30
0.0
 11
418.86754444444466
 21
274.0903666666666
 31
0.0
  0
LINE
  5
382
330
17
100
AcDbEntity
  8
CUT
100
AcDbLine
 10
433.7985111111113
 20
230.20516388888882
 30
0.0
 11
430.6083416666669
 21
222.86738611111105
 31
0.0
  0
LINE
  5
383
330
17
100
AcDbEntity
  8
CUT
100
AcDbLine
 10
420.17211666666685
 20
206.38984166666665
 30
0.0
 11
422.92378333333346
 21
205.19357222222226
 31
0.0
  0
LINE
  5
384
330
17
100
AcDbEntity
  8
CUT
100
AcDbLine
 10
418.4290416666669
 20
282.62476666666663
 30
0.0
 11
421.61956388888905
 21
275.286636111111
 31
0.0
  0
LINE
  5
385
330
17
100
AcDbEntity
  8
CUT
100
AcDbLine
 10
431.0471972222224
 20
231.40178611111105
 30
0.0
 11
433.7985111111113
 21
230.20516388888882
 31
0.0
  0
LINE
  5
386
330
17
100
AcDbEntity
  8
CUT
100
AcDbLine
 10
430.6083416666669
 20
254.61209444444432
 30
0.0
 11
433.7985111111113
 21
247.2743166666666
 31
0.0
  0
LINE
  5
387
330
17
100
AcDbEntity
  8
CUT
100
AcDbLine
 10
407.4047361111113
 20
277.6763527777777
 30
0.0
 11
376.82207777777796
 21
277.6763527777777
 31
0.0
  0
LINE
  5
388
330
17
100
AcDbEntity
  8
CUT
100
AcDbLine
 10
433.7985111111113
 20
247.2743166666666
 30
0.0
 11
431.0471972222224
 21
246.07769444444443
 31
0.0
  0
LINE
  5
389
330
17
100
AcDbEntity
  8
CUT
100
AcDbLine
 10
386.82403333333343
 20
191.71393333333333
 30
0.0
 11
376.82207777777796
 21
191.71393333333333
 31
0.0
  0
LINE
  5
38A
330
17
100
AcDbEntity
  8
CUT
100
AcDbLine
 10
376.82207777777796
 20
199.68847499999993
 30
0.0
 11
407.4047361111113
 21
199.68847499999993
 31
0.0
  0
LINE
  5
38B
330
17
100
AcDbEntity
  8
CUT
100
AcDbLine
 10
433.5850805555557
 20
237.23955277777776
 30
0.0
 11
431.0471972222224
 21
231.40178611111105
 31
0.0
  0
LINE
  5
38C
330
17
100
AcDbEntity
  8
CUT
100
AcDbLine
 10
416.9815944444447
 20
199.05171111111116
 30
0.0
 11
413.79142500000023
 21
191.71393333333333
 31
0.0
  0
LINE
  5
38D
330
17
100
AcDbEntity
  8
CUT
100
AcDbLine
 10
415.6773750000002
 20
281.42814444444446
 30
0.0
 11
418.4290416666669
 21
282.62476666666663
 31
0.0
  0
LINE
  5
38E
330
17
100
AcDbEntity
  8
CUT
100
AcDbLine
 10
418.86754444444466
 20
274.0903666666666
 30
0.0
 11
427.8563222222224
 21
253.41582500000004
 31
0.0
  0
LINE
  5
38F
330
17
100
AcDbEntity
  8
CUT
100
AcDbLine
 10
401.18032500000015
 20
188.7135583333333
 30
0.0
 11
386.82403333333343
 21
188.7135583333333
 31
0.0
  0
LINE
  5
390
330
17
100
AcDbEntity
  8
CUT
100
AcDbLine
 10
386.82403333333343
 20
291.7666499999999
 30
0.0
 11
401.18032500000015
 21
291.7666499999999
 31
0.0
  0
LINE
  5
391
330
17
100
AcDbEntity
  8
CUT
100
AcDbLine
 10
376.82207777777796
 20
288.76627499999995
 30
0.0
 11
386.82403333333343
 21
288.76627499999995
 31
0.0
  0
LINE
  5
392
330
17
100
AcDbEntity
  8
CUT
100
AcDbLine
 10
401.18032500000015
 20
288.76627499999995
 30
0.0
 11
412.486852777778
 21
288.76627499999995
 31
0.0
  0
LINE
  5
393
330
17
100
AcDbEntity
  8
CUT
100
AcDbLine
 10
422.92378333333346
 20
205.19357222222226
 30
0.0
 11
419.73361388888907
 21
197.85544166666665
 31
0.0
  0
LINE
  5
394
330
17
100
AcDbEntity
  8
CUT
100
AcDbLine
 10
427.8563222222224
 20
253.41582500000004
 30
0.0
 11
430.6083416666669
 21
254.61209444444432
 31
0.0
  0
LINE
  5
395
330
17
100
AcDbEntity
  8
CUT
100
AcDbLine
 10
427.8563222222224
 20
224.06365555555556
 30
0.0
 11
420.17211666666685
 21
206.38984166666665
 31
0.0
  0
LINE
  5
396
330
17
100
AcDbEntity
  8
CUT
100
AcDbLine
 10
419.73361388888907
 20
197.85544166666665
 30
0.0
 11
416.9815944444447
 21
199.05171111111116
 31
0.0
  0
LINE
  5
397
330
17
100
AcDbEntity
  8
CUT
100
AcDbLine
 10
430.6083416666669
 20
222.86738611111105
 30
0.0
 11
427.8563222222224
 21
224.06365555555556
 31
0.0
  0
LINE
  5
398
330
17
100
AcDbEntity
  8
CUT
100
AcDbLine
 10
376.82207777777796
 20
277.6763527777777
 30
0.0
 11
376.82207777777796
 21
288.76627499999995
 31
0.0
  0
LINE
  5
399
330
17
100
AcDbEntity
  8
CUT
100
AcDbLine
 10
376.82207777777796
 20
191.71393333333333
 30
0.0
 11
376.82207777777796
 21
199.68847499999993
 31
0.0
  0
LINE
  5
39A
330
17
100
AcDbEntity
  8
CUT
100
AcDbLine
 10
386.82403333333343
 20
188.7135583333333
 30
0.0
 11
386.82403333333343
 21
191.71393333333333
 31
0.0
  0
LINE
  5
39B
330
17
100
AcDbEntity
  8
CUT
100
AcDbLine
 10
386.82403333333343
 20
288.76627499999995
 30
0.0
 11
386.82403333333343
 21
291.7666499999999
 31
0.0
  0
LINE
  5
39C
330
17
100
AcDbEntity
  8
CUT
100
AcDbLine
 10
401.18032500000015
 20
191.71393333333333
 30
0.0
 11
401.18032500000015
 21
188.7135583333333
 31
0.0
  0
LINE
  5
39D
330
17
100
AcDbEntity
  8
CUT
100
AcDbLine
 10
401.18032500000015
 20
291.7666499999999
 30
0.0
 11
401.18032500000015
 21
288.76627499999995
 31
0.0
  0
LINE
  5
39E
330
17
100
AcDbEntity
  8
CUT
100
AcDbLine
 10
407.4047361111113
 20
199.68847499999993
 30
0.0
 11
407.4047361111113
 21
277.6763527777777
 31
0.0
  0
LINE
  5
39F
330
17
100
AcDbEntity
  8
CUT
100
AcDbLine
 10
430.2365138888891
 20
240.23992777777772
 30
0.0
 11
430.2365138888891
 21
237.23955277777776
 31
0.0
  0
LINE
  5
3A0
330
17
100
AcDbEntity
  8
CUT
100
AcDbLine
 10
388.2139777777779
 20
211.065911111111
 30
0.0
 11
388.0068972222225
 21
211.2475916666666
 31
0.0
  0
LINE
  5
3A1
330
17
100
AcDbEntity
  8
CUT
100
AcDbLine
 10
388.0068972222225
 20
211.2475916666666
 30
0.0
 11
387.7782972222225
 21
211.40034444444444
 31
0.0
  0
LINE
  5
3A2
330
17
100
AcDbEntity
  8
CUT
100
AcDbLine
 10
386.45185277777796
 20
211.66386944444446
 30
0.0
 11
386.181977777778
 21
211.61024722222226
 31
0.0
  0
LINE
  5
3A3
330
17
100
AcDbEntity
  8
CUT
100
AcDbLine
 10
384.90456944444463
 20
208.52661666666665
 30
0.0
 11
385.0573222222224
 21
208.29801666666663
 31
0.0
  0
LINE
  5
3A4
330
17
100
AcDbEntity
  8
CUT
100
AcDbLine
 10
384.90456944444463
 20
210.63023055555556
 30
0.0
 11
384.7828611111113
 21
210.3836388888888
 31
0.0
  0
LINE
  5
3A5
330
17
100
AcDbEntity
  8
CUT
100
AcDbLine
 10
387.27065000000016
 20
211.61024722222226
 30
0.0
 11
387.001127777778
 21
211.66386944444446
 31
0.0
  0
LINE
  5
3A6
330
17
100
AcDbEntity
  8
CUT
100
AcDbLine
 10
386.45185277777796
 20
207.49297777777775
 30
0.0
 11
386.7263138888891
 21
207.47498611111115
 31
0.0
  0
LINE
  5
3A7
330
17
100
AcDbEntity
  8
CUT
100
AcDbLine
 10
387.27065000000016
 20
207.54659999999996
 30
0.0
 11
387.531352777778
 21
207.6347944444443
 31
0.0
  0
LINE
  5
3A8
330
17
100
AcDbEntity
  8
CUT
100
AcDbLine
 10
387.531352777778
 20
211.52205277777773
 30
0.0
 11
387.27065000000016
 21
211.61024722222226
 31
0.0
  0
LINE
  5
3A9
330
17
100
AcDbEntity
  8
CUT
100
AcDbLine
 10
386.181977777778
 20
211.61024722222226
 30
0.0
 11
385.92127500000015
 21
211.52205277777773
 31
0.0
  0
LINE
  5
3AA
330
17
100
AcDbEntity
  8
CUT
100
AcDbLine
 10
385.0573222222224
 20
210.8591833333333
 30
0.0
 11
384.90456944444463
 21
210.63023055555556
 31
0.0
  0
LINE
  5
3AB
330
17
100
AcDbEntity
  8
CUT
100
AcDbLine
 10
385.23900277777796
 20
211.065911111111
 30
0.0
 11
385.0573222222224
 21
210.8591833333333
 31
0.0
  0
LINE
  5
3AC
330
17
100
AcDbEntity
  8
CUT
100
AcDbLine
 10
385.0573222222224
 20
208.29801666666663
 30
0.0
 11
385.23900277777796
 21
208.09093611111115
 31
0.0
  0
LINE
  5
3AD
330
17
100
AcDbEntity
  8
CUT
100
AcDbLine
 10
387.7782972222225
 20
211.40034444444444
 30
0.0
 11
387.531352777778
 21
211.52205277777773
 31
0.0
  0
LINE
  5
3AE
330
17
100
AcDbEntity
  8
CUT
100
AcDbLine
 10
386.7263138888891
 20
207.47498611111115
 30
0.0
 11
387.001127777778
 21
207.49297777777775
 31
0.0
  0
LINE
  5
3AF
330
17
100
AcDbEntity
  8
CUT
100
AcDbLine
 10
388.6697666666669
 20
210.3836388888888
 30
0.0
 11
388.54805833333353
 21
210.63023055555556
 31
0.0
  0
LINE
  5
3B0
330
17
100
AcDbEntity
  8
CUT
100
AcDbLine
 10
384.7828611111113
 20
208.773561111111
 30
0.0
 11
384.90456944444463
 21
208.52661666666665
 31
0.0
  0
LINE
  5
3B1
330
17
100
AcDbEntity
  8
CUT
100
AcDbLine
 10
387.531352777778
 20
207.6347944444443
 30
0.0
 11
387.7782972222225
 21
207.75685555555555
 31
0.0
  0
LINE
  5
3B2
330
17
100
AcDbEntity
  8
CUT
100
AcDbLine
 10
388.54805833333353
 20
210.63023055555556
 30
0.0
 11
388.39530555555575
 21
210.8591833333333
 31
0.0
  0
LINE
  5
3B3
330
17
100
AcDbEntity
  8
CUT
100
AcDbLine
 10
385.23900277777796
 20
208.09093611111115
 30
0.0
 11
385.44573055555577
 21
207.90960833333332
 31
0.0
  0
LINE
  5
3B4
330
17
100
AcDbEntity
  8
CUT
100
AcDbLine
 10
388.39530555555575
 20
208.29801666666663
 30
0.0
 11
388.54805833333353
 21
208.52661666666665
 31
0.0
  0
LINE
  5
3B5
330
17
100
AcDbEntity
  8
CUT
100
AcDbLine
 10
385.67468333333346
 20
211.40034444444444
 30
0.0
 11
385.44573055555577
 21
211.2475916666666
 31
0.0
  0
LINE
  5
3B6
330
17
100
AcDbEntity
  8
CUT
100
AcDbLine
 10
385.44573055555577
 20
211.2475916666666
 30
0.0
 11
385.23900277777796
 21
211.065911111111
 31
0.0
  0
LINE
  5
3B7
330
17
100
AcDbEntity
  8
CUT
100
AcDbLine
 10
388.0068972222225
 20
207.90960833333332
 30
0.0
 11
388.2139777777779
 21
208.09093611111115
 31
0.0
  0
LINE
  5
3B8
330
17
100
AcDbEntity
  8
CUT
100
AcDbLine
 10
387.001127777778
 20
211.66386944444446
 30
0.0
 11
386.7263138888891
 21
211.68221388888884
 31
0.0
  0
LINE
  5
3B9
330
17
100
AcDbEntity
  8
CUT
100
AcDbLine
 10
388.2139777777779
 20
208.09093611111115
 30
0.0
 11
388.39530555555575
 21
208.29801666666663
 31
0.0
  0
LINE
  5
3BA
330
17
100
AcDbEntity
  8
CUT
100
AcDbLine
 10
385.44573055555577
 20
207.90960833333332
 30
0.0
 11
385.67468333333346
 21
207.75685555555555
 31
0.0
  0
LINE
  5
3BB
330
17
100
AcDbEntity
  8
CUT
100
AcDbLine
 10
386.7263138888891
 20
211.68221388888884
 30
0.0
 11
386.45185277777796
 21
211.66386944444446
 31
0.0
  0
LINE
  5
3BC
330
17
100
AcDbEntity
  8
CUT
100
AcDbLine
 10
385.92127500000015
 20
211.52205277777773
 30
0.0
 11
385.67468333333346
 21
211.40034444444444
 31
0.0
  0
LINE
  5
3BD
330
17
100
AcDbEntity
  8
CUT
100
AcDbLine
 10
387.7782972222225
 20
207.75685555555555
 30
0.0
 11
388.0068972222225
 21
207.90960833333332
 31
0.0
  0
LINE
  5
3BE
330
17
100
AcDbEntity
  8
CUT
100
AcDbLine
 10
385.92127500000015
 20
207.6347944444443
 30
0.0
 11
386.181977777778
 21
207.54659999999996
 31
0.0
  0
LINE
  5
3BF
330
17
100
AcDbEntity
  8
CUT
100
AcDbLine
 10
386.181977777778
 20
207.54659999999996
 30
0.0
 11
386.45185277777796
 21
207.49297777777775
 31
0.0
  0
LINE
  5
3C0
330
17
100
AcDbEntity
  8
CUT
100
AcDbLine
 10
385.67468333333346
 20
207.75685555555555
 30
0.0
 11
385.92127500000015
 21
207.6347944444443
 31
0.0
  0
LINE
  5
3C1
330
17
100
AcDbEntity
  8
CUT
100
AcDbLine
 10
387.001127777778
 20
207.49297777777775
 30
0.0
 11
387.27065000000016
 21
207.54659999999996
 31
0.0
  0
LINE
  5
3C2
330
17
100
AcDbEntity
  8
CUT
100
AcDbLine
 10
388.54805833333353
 20
208.52661666666665
 30
0.0
 11
388.6697666666669
 21
208.773561111111
 31
0.0
  0
LINE
  5
3C3
330
17
100
AcDbEntity
  8
CUT
100
AcDbLine
 10
388.39530555555575
 20
210.8591833333333
 30
0.0
 11
388.2139777777779
 21
211.065911111111
 31
0.0
  0
LINE
  5
3C4
330
17
100
AcDbEntity
  8
CUT
100
AcDbLine
 10
388.75831388888906
 20
209.03426388888886
 30
0.0
 11
388.8119361111114
 21
209.30378611111115
 31
0.0
  0
LINE
  5
3C5
330
17
100
AcDbEntity
  8
CUT
100
AcDbLine
 10
388.7782556761365
 20
210.11829948544954
 30
0.0
 11
388.6697666666669
 21
210.3836388888888
 31
0.0
  0
LINE
  5
3C6
330
17
100
AcDbEntity
  8
CUT
100
AcDbLine
 10
384.7828611111113
 20
210.3836388888888
 30
0.0
 11
384.69431388888904
 21
210.12293611111113
 31
0.0
  0
LINE
  5
3C7
330
17
100
AcDbEntity
  8
CUT
100
AcDbLine
 10
384.69431388888904
 20
209.03426388888886
 30
0.0
 11
384.7828611111113
 21
208.773561111111
 31
0.0
  0
LINE
  5
3C8
330
17
100
AcDbEntity
  8
CUT
100
AcDbLine
 10
384.69431388888904
 20
210.12293611111113
 30
0.0
 11
384.64069166666684
 21
209.85306111111106
 31
0.0
  0
LINE
  5
3C9
330
17
100
AcDbEntity
  8
CUT
100
AcDbLine
 10
388.829927777778
 20
209.57860000000005
 30
0.0
 11
388.829927777778
 21
209.85306111111106
 31
0.0
  0
LINE
  5
3CA
330
17
100
AcDbEntity
  8
CUT
100
AcDbLine
 10
384.6227000000002
 20
209.30378611111115
 30
0.0
 11
384.69431388888904
 21
209.03426388888886
 31
0.0
  0
LINE
  5
3CB
330
17
100
AcDbEntity
  8
CUT
100
AcDbLine
 10
384.64069166666684
 20
209.85306111111106
 30
0.0
 11
384.6227000000002
 21
209.57860000000005
 31
0.0
  0
LINE
  5
3CC
330
17
100
AcDbEntity
  8
CUT
100
AcDbLine
 10
384.6227000000002
 20
209.57860000000005
 30
0.0
 11
384.6227000000002
 21
209.30378611111115
 31
0.0
  0
LINE
  5
3CD
330
17
100
AcDbEntity
  8
CUT
100
AcDbLine
 10
388.6697666666669
 20
208.773561111111
 30
0.0
 11
388.75831388888906
 21
209.03426388888886
 31
0.0
  0
LINE
  5
3CE
330
17
100
AcDbEntity
  8
CUT
100
AcDbLine
 10
388.8119361111114
 20
209.30378611111115
 30
0.0
 11
388.829927777778
 21
209.57860000000005
 31
0.0
  0
LINE
  5
3CF
330
17
100
AcDbEntity
  8
CUT
100
AcDbLine
 10
388.829927777778
 20
209.85306111111106
 30
0.0
 11
388.7782556761365
 21
210.11829948544954
 31
0.0
  0
LINE
  5
3D0
330
17
100
AcDbEntity
  8
CUT
100
AcDbLine
 10
389.3481583333336
 20
239.31247499999995
 30
0.0
 11
392.34888611111137
 21
239.31247499999995
 31
0.0
  0
LINE
  5
3D1
330
17
100
AcDbEntity
  8
CUT
100
AcDbLine
 10
392.34888611111137
 20
249.31443055555553
 30
0.0
 11
389.3481583333336
 21
249.31443055555553
 31
0.0
  0
LINE
  5
3D2
330
17
100
AcDbEntity
  8
CUT
100
AcDbLine
 10
389.3481583333336
 20
249.31443055555553
 30
0.0
 11
389.3481583333336
 21
239.31247499999995
 31
0.0
  0
LINE
  5
3D3
330
17
100
AcDbEntity
  8
CUT
100
AcDbLine
 10
392.34888611111137
 20
239.31247499999995
 30
0.0
 11
392.34888611111137
 21
249.31443055555553
 31
0.0
  0
LINE
  5
3D4
330
17
100
AcDbEntity
  8
CUT
100
AcDbLine
 10
414.54143055555573
 20
237.23919999999993
 30
0.0
 11
417.54215833333353
 21
237.23919999999993
 31
0.0
  0
LINE
  5
3D5
330
17
100
AcDbEntity
  8
CUT
100
AcDbLine
 10
417.54215833333353
 20
240.23992777777772
 30
0.0
 11
414.54143055555573
 21
240.23992777777772
 31
0.0
  0
LINE
  5
3D6
330
17
100
AcDbEntity
  8
CUT
100
AcDbLine
 10
417.54215833333353
 20
231.73833611111104
 30
0.0
 11
423.97082777777797
 21
231.73833611111104
 31
0.0
  0
LINE
  5
3D7
330
17
100
AcDbEntity
  8
CUT
100
AcDbLine
 10
423.97082777777797
 20
245.74114444444444
 30
0.0
 11
417.54215833333353
 21
245.74114444444444
 31
0.0
  0
LINE
  5
3D8
330
17
100
AcDbEntity
  8
CUT
100
AcDbLine
 10
414.54143055555573
 20
240.23992777777772
 30
0.0
 11
414.54143055555573
 21
237.23919999999993
 31
0.0
  0
LINE
  5
3D9
330
17
100
AcDbEntity
  8
CUT
100
AcDbLine
 10
423.97082777777797
 20
231.73833611111104
 30
0.0
 11
423.97082777777797
 21
245.74114444444444
 31
0.0
  0
LINE
  5
3DA
330
17
100
AcDbEntity
  8
CUT
100
AcDbLine
 10
417.54215833333353
 20
237.23919999999993
 30
0.0
 11
417.54215833333353
 21
231.73833611111104
 31
0.0
  0
LINE
  5
3DB
330
17
100
AcDbEntity
  8
CUT
100
AcDbLine
 10
417.54215833333353
 20
245.74114444444444
 30
0.0
 11
417.54215833333353
 21
240.23992777777772
 31
0.0
  0
LINE
  5
3DC
330
17
100
AcDbEntity
  8
ENGRAVE
100
AcDbLine
 10
414.50313107943157
 20
251.91962071521954
 30
0.0
 11
413.10315244173626
 21
253.31959935291485
 31
0.0
  0
LINE
  5
3DD
330
17
100
AcDbEntity
  8
ENGRAVE
100
AcDbLine
 10
413.10315244173626
 20
253.31959935291485
 30
0.0
 11
420.1030456302128
 21
253.31959935291485
 31
0.0
  0
LINE
  5
3DE
330
17
100
AcDbEntity
  8
ENGRAVE
100
AcDbLine
 10
420.1030456302128
 20
251.91962071521954
 30
0.0
 11
420.1030456302128
 21
254.71957799061016
 31
0.0
  0
LINE
  5
3DF
330
17
100
AcDbEntity
  8
ENGRAVE
100
AcDbLine
 10
414.50313107943157
 20
257.5195352660008
 30
0.0
 11
413.10315244173626
 21
258.9195139036961
 31
0.0
  0
LINE
  5
3E0
330
17
100
AcDbEntity
  8
ENGRAVE
100
AcDbLine
 10
413.10315244173626
 20
258.9195139036961
 30
0.0
 11
420.1030456302128
 21
258.9195139036961
 31
0.0
  0
LINE
  5
3E1
330
17
100
AcDbEntity
  8
ENGRAVE
100
AcDbLine
 10
420.1030456302128
 20
257.5195352660008
 30
0.0
 11
420.1030456302128
 21
260.3194925413914
 31
0.0
  0
LINE
  5
3E2
330
17
100
AcDbEntity
  8
CUT
100
AcDbLine
 10
437.29453888888906
 20
332.0094
 30
0.0
 11
437.29453888888906
 21
310.76970833333337
 31
0.0
  0
LINE
  5
3E3
330
17
100
AcDbEntity
  8
CUT
100
AcDbLine
 10
416.53109722222234
 20
355.61376111111105
 30
0.0
 11
416.53109722222234
 21
348.0124583333333
 31
0.0
  0
LINE
  5
3E4
330
17
100
AcDbEntity
  8
CUT
100
AcDbLine
 10
440.29491388888914
 20
340.0107527777777
 30
0.0
 11
440.29491388888914
 21
332.0094
 31
0.0
  0
LINE
  5
3E5
330
17
100
AcDbEntity
  8
CUT
100
AcDbLine
 10
437.29453888888906
 20
348.0124583333333
 30
0.0
 11
437.29453888888906
 21
340.0107527777777
 31
0.0
  0
LINE
  5
3E6
330
17
100
AcDbEntity
  8
CUT
100
AcDbLine
 10
440.29491388888914
 20
310.76970833333337
 30
0.0
 11
440.29491388888914
 21
302.7680027777776
 31
0.0
  0
LINE
  5
3E7
330
17
100
AcDbEntity
  8
CUT
100
AcDbLine
 10
376.82207777777796
 20
294.7666499999999
 30
0.0
 11
376.82207777777796
 21
355.61376111111105
 31
0.0
  0
LINE
  5
3E8
330
17
100
AcDbEntity
  8
CUT
100
AcDbLine
 10
437.29453888888906
 20
302.7680027777776
 30
0.0
 11
437.29453888888906
 21
294.7666499999999
 31
0.0
  0
LINE
  5
3E9
330
17
100
AcDbEntity
  8
CUT
100
AcDbLine
 10
437.29453888888906
 20
294.7666499999999
 30
0.0
 11
376.82207777777796
 21
294.7666499999999
 31
0.0
  0
LINE
  5
3EA
330
17
100
AcDbEntity
  8
CUT
100
AcDbLine
 10
416.53109722222234
 20
348.0124583333333
 30
0.0
 11
437.29453888888906
 21
348.0124583333333
 31
0.0
  0
LINE
  5
3EB
330
17
100
AcDbEntity
  8
CUT
100
AcDbLine
 10
376.82207777777796
 20
355.61376111111105
 30
0.0
 11
416.53109722222234
 21
355.61376111111105
 31
0.0
  0
LINE
  5
3EC
330
17
100
AcDbEntity
  8
CUT
100
AcDbLine
 10
437.29453888888906
 20
310.76970833333337
 30
0.0
 11
440.29491388888914
 21
310.76970833333337
 31
0.0
  0
LINE
  5
3ED
330
17
100
AcDbEntity
  8
CUT
100
AcDbLine
 10
440.29491388888914
 20
302.7680027777776
 30
0.0
 11
437.29453888888906
 21
302.7680027777776
 31
0.0
  0
LINE
  5
3EE
330
17
100
AcDbEntity
  8
CUT
100
AcDbLine
 10
437.29453888888906
 20
340.0107527777777
 30
0.0
 11
440.29491388888914
 21
340.0107527777777
 31
0.0
  0
LINE
  5
3EF
330
17
100
AcDbEntity
  8
CUT
100
AcDbLine
 10
440.29491388888914
 20
332.0094
 30
0.0
 11
437.29453888888906
 21
332.0094
 31
0.0
  0
LINE
  5
3F0
330
17
100
AcDbEntity
  8
CUT
100
AcDbLine
 10
383.203827777778
 20
341.3153250000001
 30
0.0
 11
383.203827777778
 21
333.31361944444444
 31
0.0
  0
LINE
  5
3F1
330
17
100
AcDbEntity
  8
CUT
100
AcDbLine
 10
386.20455555555577
 20
333.31361944444444
 30
0.0
 11
386.20455555555577
 21
341.3153250000001
 31
0.0
  0
LINE
  5
3F2
330
17
100
AcDbEntity
  8
CUT
100
AcDbLine
 10
383.203827777778
 20
333.31361944444444
 30
0.0
 11
386.20455555555577
 21
333.31361944444444
 31
0.0
  0
LINE
  5
3F3
330
17
100
AcDbEntity
  8
CUT
100
AcDbLine
 10
386.20455555555577
 20
341.3153250000001
 30
0.0
 11
383.203827777778
 21
341.3153250000001
 31
0.0
  0
LINE
  5
3F4
330
17
100
AcDbEntity
  8
CUT
100
AcDbLine
 10
386.20455555555577
 20
302.7680027777776
 30
0.0
 11
386.20455555555577
 21
310.76970833333337
 31
0.0
  0
LINE
  5
3F5
330
17
100
AcDbEntity
  8
CUT
100
AcDbLine
 10
383.203827777778
 20
310.76970833333337
 30
0.0
 11
383.203827777778
 21
302.7680027777776
 31
0.0
  0
LINE
  5
3F6
330
17
100
AcDbEntity
  8
CUT
100
AcDbLine
 10
386.20455555555577
 20
310.76970833333337
 30
0.0
 11
383.203827777778
 21
310.76970833333337
 31
0.0
  0
LINE
  5
3F7
330
17
100
AcDbEntity
  8
CUT
100
AcDbLine
 10
383.203827777778
 20
302.7680027777776
 30
0.0
 11
386.20455555555577
 21
302.7680027777776
 31
0.0
  0
LINE
  5
3F8
330
17
100
AcDbEntity
  8
ENGRAVE
100
AcDbLine
 10
406.11485722315604
 20
324.2119717636797
 30
0.0
 11
407.51483586085135
 21
325.611950401375
 31
0.0
  0
LINE
  5
3F9
330
17
100
AcDbEntity
  8
ENGRAVE
100
AcDbLine
 10
407.51483586085135
 20
325.611950401375
 30
0.0
 11
407.51483586085135
 21
318.61205721289843
 31
0.0
  0
LINE
  5
3FA
330
17
100
AcDbEntity
  8
ENGRAVE
100
AcDbLine
 10
406.11485722315604
 20
318.61205721289843
 30
0.0
 11
408.91481449854666
 21
318.61205721289843
 31
0.0
  0
LINE
  5
3FB
330
17
100
AcDbEntity
  8
ENGRAVE
100
AcDbLine
 10
411.01478245508963
 20
324.2119717636797
 30
0.0
 11
411.7147717739373
 21
325.611950401375
 31
0.0
  0
LINE
  5
3FC
330
17
100
AcDbEntity
  8
ENGRAVE
100
AcDbLine
 10
411.7147717739373
 20
325.611950401375
 30
0.0
 11
414.5147290493279
 21
325.611950401375
 31
0.0
  0
LINE
  5
3FD
330
17
100
AcDbEntity
  8
ENGRAVE
100
AcDbLine
 10
414.5147290493279
 20
325.611950401375
 30
0.0
 11
415.21471836817557
 21
324.2119717636797
 31
0.0
  0
LINE
  5
3FE
330
17
100
AcDbEntity
  8
ENGRAVE
100
AcDbLine
 10
415.21471836817557
 20
324.2119717636797
 30
0.0
 11
415.21471836817557
 21
323.23198671729295
 31
0.0
  0
LINE
  5
3FF
330
17
100
AcDbEntity
  8
ENGRAVE
100
AcDbLine
 10
415.21471836817557
 20
323.23198671729295
 30
0.0
 11
411.01478245508963
 21
318.61205721289843
 31
0.0
  0
LINE
  5
400
330
17
100
AcDbEntity
  8
ENGRAVE
100
AcDbLine
 10
411.01478245508963
 20
318.61205721289843
 30
0.0
 11
415.21471836817557
 21
318.61205721289843
 31
0.0
  0
LINE
  5
401
330
17
100
AcDbEntity
  8
CUT
100
AcDbLine
 10
403.4130555555556
 20
30.559797222222212
 30
0.0
 11
403.4130555555556
 21
40.561752777777805
 31
0.0
  0
LINE
  5
402
330
17
100
AcDbEntity
  8
CUT
100
AcDbLine
 10
406.41378333333336
 20
40.561752777777805
 30
0.0
 11
406.41378333333336
 21
30.559797222222212
 31
0.0
  0
LINE
  5
403
330
17
100
AcDbEntity
  8
CUT
100
AcDbLine
 10
403.4130555555556
 20
40.561752777777805
 30
0.0
 11
406.41378333333336
 21
40.561752777777805
 31
0.0
  0
LINE
  5
404
330
17
100
AcDbEntity
  8
CUT
100
AcDbLine
 10
406.41378333333336
 20
30.559797222222212
 30
0.0
 11
403.4130555555556
 21
30.559797222222212
 31
0.0
  0
LINE
  5
405
330
17
100
AcDbEntity
  8
CUT
100
AcDbLine
 10
397.41160000000013
 20
12.501102777777795
 30
0.0
 11
397.48603611111133
 21
11.562361111111109
 31
0.0
  0
LINE
  5
406
330
17
100
AcDbEntity
  8
CUT
100
AcDbLine
 10
397.48603611111133
 20
11.562361111111109
 30
0.0
 11
397.70581666666675
 21
10.646549999999998
 31
0.0
  0
LINE
  5
407
330
17
100
AcDbEntity
  8
CUT
100
AcDbLine
 10
397.41160000000013
 20
18.714225000000113
 30
0.0
 11
397.41160000000013
 21
12.501102777777795
 31
0.0
  0
LINE
  5
408
330
17
100
AcDbEntity
  8
CUT
100
AcDbLine
 10
393.37758611111116
 20
42.26284722222222
 30
0.0
 11
393.88346944444464
 21
41.46874444444431
 31
0.0
  0
LINE
  5
409
330
17
100
AcDbEntity
  8
CUT
100
AcDbLine
 10
393.37758611111116
 20
28.85870277777771
 30
0.0
 11
393.0022305555556
 21
27.995455555555512
 31
0.0
  0
LINE
  5
40A
330
17
100
AcDbEntity
  8
CUT
100
AcDbLine
 10
392.6762638888889
 20
44.975708333333316
 30
0.0
 11
392.76657500000016
 21
44.03837777777782
 31
0.0
  0
LINE
  5
40B
330
17
100
AcDbEntity
  8
CUT
100
AcDbLine
 10
392.73376666666695
 20
45.915508333333285
 30
0.0
 11
392.6762638888889
 21
44.975708333333316
 31
0.0
  0
LINE
  5
40C
330
17
100
AcDbEntity
  8
CUT
100
AcDbLine
 10
394.50753333333336
 20
30.358361111111112
 30
0.0
 11
393.88346944444464
 21
29.65315833333328
 31
0.0
  0
LINE
  5
40D
330
17
100
AcDbEntity
  8
CUT
100
AcDbLine
 10
395.44310000000024
 20
31.261825000000012
 30
0.0
 11
394.50753333333336
 21
30.358361111111112
 31
0.0
  0
LINE
  5
40E
330
17
100
AcDbEntity
  8
CUT
100
AcDbLine
 10
393.76105555555574
 20
22.5993666666667
 30
0.0
 11
394.3600722222224
 21
21.872644444444422
 31
0.0
  0
LINE
  5
40F
330
17
100
AcDbEntity
  8
CUT
100
AcDbLine
 10
393.28304166666686
 20
47.71114722222218
 30
0.0
 11
392.9376722222223
 21
46.83484722222219
 31
0.0
  0
LINE
  5
410
330
17
100
AcDbEntity
  8
CUT
100
AcDbLine
 10
399.16949166666683
 20
8.257538888888911
 30
0.0
 11
399.8856305555556
 21
7.645822222222203
 31
0.0
  0
LINE
  5
411
330
17
100
AcDbEntity
  8
CUT
100
AcDbLine
 10
392.76657500000016
 20
27.083525000000023
 30
0.0
 11
392.6762638888889
 21
26.1461944444444
 31
0.0
  0
LINE
  5
412
330
17
100
AcDbEntity
  8
CUT
100
AcDbLine
 10
397.70581666666675
 20
60.475352777777815
 30
0.0
 11
397.48603611111133
 21
59.55954166666671
 31
0.0
  0
LINE
  5
413
330
17
100
AcDbEntity
  8
CUT
100
AcDbLine
 10
416.8881083333333
 20
22.61806388888889
 30
0.0
 11
416.8881083333333
 21
48.503838888888886
 31
0.0
  0
LINE
  5
414
330
17
100
AcDbEntity
  8
CUT
100
AcDbLine
 10
393.76105555555574
 20
48.522536111111116
 30
0.0
 11
393.28304166666686
 21
47.71114722222218
 31
0.0
  0
LINE
  5
415
330
17
100
AcDbEntity
  8
CUT
100
AcDbLine
 10
398.5581277777778
 20
8.973677777777711
 30
0.0
 11
399.16949166666683
 21
8.257538888888911
 31
0.0
  0
LINE
  5
416
330
17
100
AcDbEntity
  8
CUT
100
AcDbLine
 10
400.4123277777778
 20
37.061491666666726
 30
0.0
 11
400.4123277777778
 21
34.06076388888892
 31
0.0
  0
LINE
  5
417
330
17
100
AcDbEntity
  8
CUT
100
AcDbLine
 10
392.6762638888889
 20
26.1461944444444
 30
0.0
 11
392.73376666666695
 21
25.206394444444502
 31
0.0
  0
LINE
  5
418
330
17
100
AcDbEntity
  8
CUT
100
AcDbLine
 10
392.73376666666695
 20
25.206394444444502
 30
0.0
 11
392.9376722222223
 21
24.2870555555556
 31
0.0
  0
LINE
  5
419
330
17
100
AcDbEntity
  8
CUT
100
AcDbLine
 10
397.41160000000013
 20
52.40767777777782
 30
0.0
 11
394.3600722222224
 21
49.248905555555595
 31
0.0
  0
LINE
  5
41A
330
17
100
AcDbEntity
  8
CUT
100
AcDbLine
 10
416.8881083333333
 20
48.503838888888886
 30
0.0
 11
406.41378333333336
 21
58.62079999999999
 31
0.0
  0
LINE
  5
41B
330
17
100
AcDbEntity
  8
CUT
100
AcDbLine
 10
394.3600722222224
 20
21.872644444444422
 30
0.0
 11
397.41160000000013
 21
18.714225000000113
 31
0.0
  0
LINE
  5
41C
330
17
100
AcDbEntity
  8
CUT
100
AcDbLine
 10
393.88346944444464
 20
41.46874444444431
 30
0.0
 11
394.50753333333336
 21
40.7635416666667
 31
0.0
  0
LINE
  5
41D
330
17
100
AcDbEntity
  8
CUT
100
AcDbLine
 10
403.4130555555556
 20
27.3301166666667
 30
0.0
 11
401.255113888889
 21
25.24555277777781
 31
0.0
  0
LINE
  5
41E
330
17
100
AcDbEntity
  8
CUT
100
AcDbLine
 10
400.68855277777794
 20
7.153697222222221
 30
0.0
 11
401.55850277777796
 21
6.793511111111116
 31
0.0
  0
LINE
  5
41F
330
17
100
AcDbEntity
  8
CUT
100
AcDbLine
 10
393.88346944444464
 20
29.65315833333328
 30
0.0
 11
393.37758611111116
 21
28.85870277777771
 31
0.0
  0
LINE
  5
420
330
17
100
AcDbEntity
  8
CUT
100
AcDbLine
 10
402.474313888889
 20
64.6222555555555
 30
0.0
 11
401.55850277777796
 21
64.32839166666673
 31
0.0
  0
LINE
  5
421
330
17
100
AcDbEntity
  8
CUT
100
AcDbLine
 10
393.0022305555556
 20
43.12644722222221
 30
0.0
 11
393.37758611111116
 21
42.26284722222222
 31
0.0
  0
LINE
  5
422
330
17
100
AcDbEntity
  8
CUT
100
AcDbLine
 10
397.6013944444446
 20
37.775513888888895
 30
0.0
 11
397.6013944444446
 21
37.061491666666726
 31
0.0
  0
LINE
  5
423
330
17
100
AcDbEntity
  8
CUT
100
AcDbLine
 10
394.50753333333336
 20
40.7635416666667
 30
0.0
 11
395.44310000000024
 21
39.859725
 31
0.0
  0
LINE
  5
424
330
17
100
AcDbEntity
  8
CUT
100
AcDbLine
 10
398.5581277777778
 20
62.14822500000013
 30
0.0
 11
398.06600277777784
 21
61.34530277777782
 31
0.0
  0
LINE
  5
425
330
17
100
AcDbEntity
  8
CUT
100
AcDbLine
 10
398.06600277777784
 20
9.776247222222223
 30
0.0
 11
398.5581277777778
 21
8.973677777777711
 31
0.0
  0
LINE
  5
426
330
17
100
AcDbEntity
  8
CUT
100
AcDbLine
 10
397.6013944444446
 20
34.06076388888892
 30
0.0
 11
397.6013944444446
 21
33.3463888888889
 31
0.0
  0
LINE
  5
427
330
17
100
AcDbEntity
  8
CUT
100
AcDbLine
 10
397.41160000000013
 20
58.62079999999999
 30
0.0
 11
397.41160000000013
 21
52.40767777777782
 31
0.0
  0
LINE
  5
428
330
17
100
AcDbEntity
  8
CUT
100
AcDbLine
 10
403.4130555555556
 20
43.79178611111108
 30
0.0
 11
397.6013944444446
 21
37.775513888888895
 31
0.0
  0
LINE
  5
429
330
17
100
AcDbEntity
  8
CUT
100
AcDbLine
 10
397.48603611111133
 20
59.55954166666671
 30
0.0
 11
397.41160000000013
 21
58.62079999999999
 31
0.0
  0
LINE
  5
42A
330
17
100
AcDbEntity
  8
CUT
100
AcDbLine
 10
399.8856305555556
 20
7.645822222222203
 30
0.0
 11
400.68855277777794
 21
7.153697222222221
 31
0.0
  0
LINE
  5
42B
330
17
100
AcDbEntity
  8
CUT
100
AcDbLine
 10
399.8856305555556
 20
63.476080555555605
 30
0.0
 11
399.16949166666683
 21
62.86436388888893
 31
0.0
  0
LINE
  5
42C
330
17
100
AcDbEntity
  8
CUT
100
AcDbLine
 10
403.4130555555556
 20
6.5
 30
0.0
 11
403.4130555555556
 21
12.501102777777795
 31
0.0
  0
LINE
  5
42D
330
17
100
AcDbEntity
  8
CUT
100
AcDbLine
 10
403.4130555555556
 20
58.62079999999999
 30
0.0
 11
403.4130555555556
 21
64.6222555555555
 31
0.0
  0
LINE
  5
42E
330
17
100
AcDbEntity
  8
CUT
100
AcDbLine
 10
393.0022305555556
 20
27.995455555555512
 30
0.0
 11
392.76657500000016
 21
27.083525000000023
 31
0.0
  0
LINE
  5
42F
330
17
100
AcDbEntity
  8
CUT
100
AcDbLine
 10
395.44310000000024
 20
39.859725
 30
0.0
 11
401.255113888889
 21
45.876349999999995
 31
0.0
  0
LINE
  5
430
330
17
100
AcDbEntity
  8
CUT
100
AcDbLine
 10
397.70581666666675
 20
10.646549999999998
 30
0.0
 11
398.06600277777784
 21
9.776247222222223
 31
0.0
  0
LINE
  5
431
330
17
100
AcDbEntity
  8
CUT
100
AcDbLine
 10
397.6013944444446
 20
33.3463888888889
 30
0.0
 11
403.4130555555556
 21
27.3301166666667
 31
0.0
  0
LINE
  5
432
330
17
100
AcDbEntity
  8
CUT
100
AcDbLine
 10
392.9376722222223
 20
24.2870555555556
 30
0.0
 11
393.28304166666686
 21
23.410755555555493
 31
0.0
  0
LINE
  5
433
330
17
100
AcDbEntity
  8
CUT
100
AcDbLine
 10
401.255113888889
 20
25.24555277777781
 30
0.0
 11
395.44310000000024
 21
31.261825000000012
 31
0.0
  0
LINE
  5
434
330
17
100
AcDbEntity
  8
CUT
100
AcDbLine
 10
401.55850277777796
 20
6.793511111111116
 30
0.0
 11
402.474313888889
 21
6.573730555555623
 31
0.0
  0
LINE
  5
435
330
17
100
AcDbEntity
  8
CUT
100
AcDbLine
 10
401.55850277777796
 20
64.32839166666673
 30
0.0
 11
400.68855277777794
 21
63.96785277777782
 31
0.0
  0
LINE
  5
436
330
17
100
AcDbEntity
  8
CUT
100
AcDbLine
 10
394.3600722222224
 20
49.248905555555595
 30
0.0
 11
393.76105555555574
 21
48.522536111111116
 31
0.0
  0
LINE
  5
437
330
17
100
AcDbEntity
  8
CUT
100
AcDbLine
 10
398.06600277777784
 20
61.34530277777782
 30
0.0
 11
397.70581666666675
 21
60.475352777777815
 31
0.0
  0
LINE
  5
438
330
17
100
AcDbEntity
  8
CUT
100
AcDbLine
 10
400.68855277777794
 20
63.96785277777782
 30
0.0
 11
399.8856305555556
 21
63.476080555555605
 31
0.0
  0
LINE
  5
439
330
17
100
AcDbEntity
  8
CUT
100
AcDbLine
 10
392.76657500000016
 20
44.03837777777782
 30
0.0
 11
393.0022305555556
 21
43.12644722222221
 31
0.0
  0
LINE
  5
43A
330
17
100
AcDbEntity
  8
CUT
100
AcDbLine
 10
399.16949166666683
 20
62.86436388888893
 30
0.0
 11
398.5581277777778
 21
62.14822500000013
 31
0.0
  0
LINE
  5
43B
330
17
100
AcDbEntity
  8
CUT
100
AcDbLine
 10
392.9376722222223
 20
46.83484722222219
 30
0.0
 11
392.73376666666695
 21
45.915508333333285
 31
0.0
  0
LINE
  5
43C
330
17
100
AcDbEntity
  8
CUT
100
AcDbLine
 10
401.255113888889
 20
45.876349999999995
 30
0.0
 11
403.4130555555556
 21
43.79178611111108
 31
0.0
  0
LINE
  5
43D
330
17
100
AcDbEntity
  8
CUT
100
AcDbLine
 10
393.28304166666686
 20
23.410755555555493
 30
0.0
 11
393.76105555555574
 21
22.5993666666667
 31
0.0
  0
LINE
  5
43E
330
17
100
AcDbEntity
  8
CUT
100
AcDbLine
 10
406.41378333333336
 20
12.501102777777795
 30
0.0
 11
416.8881083333333
 21
22.61806388888889
 31
0.0
  0
LINE
  5
43F
330
17
100
AcDbEntity
  8
CUT
100
AcDbLine
 10
400.4123277777778
 20
34.06076388888892
 30
0.0
 11
397.6013944444446
 21
34.06076388888892
 31
0.0
  0
LINE
  5
440
330
17
100
AcDbEntity
  8
CUT
100
AcDbLine
 10
403.4130555555556
 20
12.501102777777795
 30
0.0
 11
406.41378333333336
 21
12.501102777777795
 31
0.0
  0
LINE
  5
441
330
17
100
AcDbEntity
  8
CUT
100
AcDbLine
 10
406.41378333333336
 20
58.62079999999999
 30
0.0
 11
403.4130555555556
 21
58.62079999999999
 31
0.0
  0
LINE
  5
442
330
17
100
AcDbEntity
  8
CUT
100
AcDbLine
 10
397.6013944444446
 20
37.061491666666726
 30
0.0
 11
400.4123277777778
 21
37.061491666666726
 31
0.0
  0
LINE
  5
443
330
17
100
AcDbEntity
  8
CUT
100
AcDbLine
 10
402.474313888889
 20
6.573730555555623
 30
0.0
 11
403.4130555555556
 21
6.573730555555623
 31
0.0
  0
LINE
  5
444
330
17
100
AcDbEntity
  8
CUT
100
AcDbLine
 10
403.4130555555556
 20
64.6222555555555
 30
0.0
 11
402.474313888889
 21
64.6222555555555
 31
0.0
  0
LINE
  5
445
330
17
100
AcDbEntity
  8
ENGRAVE
100
AcDbLine
 10
404.7993744981533
 20
27.280174683794627
 30
0.0
 11
405.49390574815334
 21
28.669237183794625
 31
0.0
  0
LINE
  5
446
330
17
100
AcDbEntity
  8
ENGRAVE
100
AcDbLine
 10
405.49390574815334
 20
28.669237183794625
 30
0.0
 11
408.2720307481533
 21
28.669237183794625
 31
0.0
  0
LINE
  5
447
330
17
100
AcDbEntity
  8
ENGRAVE
100
AcDbLine
 10
408.2720307481533
 20
28.669237183794625
 30
0.0
 11
408.96656199815334
 21
27.280174683794627
 31
0.0
  0
LINE
  5
448
330
17
100
AcDbEntity
  8
ENGRAVE
100
AcDbLine
 10
408.96656199815334
 20
27.280174683794627
 30
0.0
 11
408.96656199815334
 21
26.307830933794627
 31
0.0
  0
LINE
  5
449
330
17
100
AcDbEntity
  8
ENGRAVE
100
AcDbLine
 10
408.96656199815334
 20
26.307830933794627
 30
0.0
 11
404.7993744981533
 21
21.723924683794625
 31
0.0
  0
LINE
  5
44A
330
17
100
AcDbEntity
  8
ENGRAVE
100
AcDbLine
 10
404.7993744981533
 20
21.723924683794625
 30
0.0
 11
408.96656199815334
 21
21.723924683794625
 31
0.0
  0
LINE
  5
44B
330
17
100
AcDbEntity
  8
ENGRAVE
100
AcDbLine
 10
411.0501557481534
 20
21.723924683794625
 30
0.0
 11
413.82828074815336
 21
21.723924683794625
 31
0.0
  0
LINE
  5
44C
330
17
100
AcDbEntity
  8
ENGRAVE
100
AcDbLine
 10
413.82828074815336
 20
21.723924683794625
 30
0.0
 11
414.5228119981534
 21
23.112987183794626
 31
0.0
  0
LINE
  5
44D
330
17
100
AcDbEntity
  8
ENGRAVE
100
AcDbLine
 10
414.5228119981534
 20
23.112987183794626
 30
0.0
 11
414.5228119981534
 21
27.280174683794627
 31
0.0
  0
LINE
  5
44E
330
17
100
AcDbEntity
  8
ENGRAVE
100
AcDbLine
 10
414.5228119981534
 20
27.280174683794627
 30
0.0
 11
413.82828074815336
 21
28.669237183794625
 31
0.0
  0
LINE
  5
44F
330
17
100
AcDbEntity
  8
ENGRAVE
100
AcDbLine
 10
413.82828074815336
 20
28.669237183794625
 30
0.0
 11
411.0501557481534
 21
28.669237183794625
 31
0.0
  0
LINE
  5
450
330
17
100
AcDbEntity
  8
ENGRAVE
100
AcDbLine
 10
411.0501557481534
 20
28.669237183794625
 30
0.0
 11
410.35562449815336
 21
27.280174683794627
 31
0.0
  0
LINE
  5
451
330
17
100
AcDbEntity
  8
ENGRAVE
100
AcDbLine
 10
410.35562449815336
 20
27.280174683794627
 30
0.0
 11
410.35562449815336
 21
23.112987183794626
 31
0.0
  0
LINE
  5
452
330
17
100
AcDbEntity
  8
ENGRAVE
100
AcDbLine
 10
410.35562449815336
 20
23.112987183794626
 30
0.0
 11
411.0501557481534
 21
21.723924683794625
 31
0.0
  0
LINE
  5
453
330
17
100
AcDbEntity
  8
CUT
100
AcDbLine
 10
422.068275
 20
19.07864444444442
 30
0.0
 11
425.06865000000005
 21
19.07864444444442
 31
0.0
  0
LINE
  5
454
330
17
100
AcDbEntity
  8
CUT
100
AcDbLine
 10
425.06865000000005
 20
21.078894444444472
 30
0.0
 11
422.068275
 21
21.078894444444472
 31
0.0
  0
LINE
  5
455
330
17
100
AcDbEntity
  8
CUT
100
AcDbLine
 10
419.8881083333333
 20
10.054588888889043
 30
0.0
 11
422.068275
 21
12.116927777777732
 31
0.0
  0
LINE
  5
456
330
17
100
AcDbEntity
  8
CUT
100
AcDbLine
 10
425.06865000000005
 20
28.04061111111116
 30
0.0
 11
422.068275
 21
28.04061111111116
 31
0.0
  0
LINE
  5
457
330
17
100
AcDbEntity
  8
CUT
100
AcDbLine
 10
422.068275
 20
33.0020777777778
 30
0.0
 11
425.06865000000005
 21
33.0020777777778
 31
0.0
  0
LINE
  5
458
330
17
100
AcDbEntity
  8
CUT
100
AcDbLine
 10
438.8199277777778
 20
17.975508333333323
 30
0.0
 11
443.18414166666673
 21
17.975508333333323
 31
0.0
  0
LINE
  5
459
330
17
100
AcDbEntity
  8
CUT
100
AcDbLine
 10
443.18414166666673
 20
6.5
 30
0.0
 11
427.38110833333343
 21
6.5
 31
0.0
  0
LINE
  5
45A
330
17
100
AcDbEntity
  8
CUT
100
AcDbLine
 10
427.38110833333343
 20
6.5
 30
0.0
 11
424.81747222222225
 21
9.210391666666624
 31
0.0
  0
LINE
  5
45B
330
17
100
AcDbEntity
  8
CUT
100
AcDbLine
 10
434.819075
 20
48.45586111111095
 30
0.0
 11
443.18414166666673
 21
48.45586111111095
 31
0.0
  0
LINE
  5
45C
330
17
100
AcDbEntity
  8
CUT
100
AcDbLine
 10
422.068275
 20
12.116927777777732
 30
0.0
 11
425.06865000000005
 21
12.116927777777732
 31
0.0
  0
LINE
  5
45D
330
17
100
AcDbEntity
  8
CUT
100
AcDbLine
 10
422.068275
 20
26.04036111111111
 30
0.0
 11
425.06865000000005
 21
26.04036111111111
 31
0.0
  0
LINE
  5
45E
330
17
100
AcDbEntity
  8
CUT
100
AcDbLine
 10
425.06865000000005
 20
35.00232777777774
 30
0.0
 11
434.819075
 21
35.00232777777774
 31
0.0
  0
LINE
  5
45F
330
17
100
AcDbEntity
  8
CUT
100
AcDbLine
 10
425.06865000000005
 20
14.11717777777767
 30
0.0
 11
422.068275
 21
14.11717777777767
 31
0.0
  0
LINE
  5
460
330
17
100
AcDbEntity
  8
CUT
100
AcDbLine
 10
424.81747222222225
 20
9.210391666666624
 30
0.0
 11
422.6376583333333
 21
7.1484055555555415
 31
0.0
  0
LINE
  5
461
330
17
100
AcDbEntity
  8
CUT
100
AcDbLine
 10
422.6376583333333
 20
7.1484055555555415
 30
0.0
 11
419.8881083333333
 21
10.054588888889043
 31
0.0
  0
LINE
  5
462
330
17
100
AcDbEntity
  8
CUT
100
AcDbLine
 10
443.18414166666673
 20
20.975883333333286
 30
0.0
 11
438.8199277777778
 21
20.975883333333286
 31
0.0
  0
LINE
  5
463
330
17
100
AcDbEntity
  8
CUT
100
AcDbLine
 10
422.068275
 20
14.11717777777767
 30
0.0
 11
422.068275
 21
19.07864444444442
 31
0.0
  0
LINE
  5
464
330
17
100
AcDbEntity
  8
CUT
100
AcDbLine
 10
422.068275
 20
28.04061111111116
 30
0.0
 11
422.068275
 21
33.0020777777778
 31
0.0
  0
LINE
  5
465
330
17
100
AcDbEntity
  8
CUT
100
AcDbLine
 10
422.068275
 20
21.078894444444472
 30
0.0
 11
422.068275
 21
26.04036111111111
 31
0.0
  0
LINE
  5
466
330
17
100
AcDbEntity
  8
CUT
100
AcDbLine
 10
425.06865000000005
 20
12.116927777777732
 30
0.0
 11
425.06865000000005
 21
14.11717777777767
 31
0.0
  0
LINE
  5
467
330
17
100
AcDbEntity
  8
CUT
100
AcDbLine
 10
425.06865000000005
 20
19.07864444444442
 30
0.0
 11
425.06865000000005
 21
21.078894444444472
 31
0.0
  0
LINE
  5
468
330
17
100
AcDbEntity
  8
CUT
100
AcDbLine
 10
425.06865000000005
 20
33.0020777777778
 30
0.0
 11
425.06865000000005
 21
35.00232777777774
 31
0.0
  0
LINE
  5
469
330
17
100
AcDbEntity
  8
CUT
100
AcDbLine
 10
425.06865000000005
 20
26.04036111111111
 30
0.0
 11
425.06865000000005
 21
28.04061111111116
 31
0.0
  0
LINE
  5
46A
330
17
100
AcDbEntity
  8
CUT
100
AcDbLine
 10
443.18414166666673
 20
17.975508333333323
 30
0.0
 11
443.18414166666673
 21
6.5
 31
0.0
  0
LINE
  5
46B
330
17
100
AcDbEntity
  8
CUT
100
AcDbLine
 10
443.18414166666673
 20
48.45586111111095
 30
0.0
 11
443.18414166666673
 21
20.975883333333286
 31
0.0
  0
LINE
  5
46C
330
17
100
AcDbEntity
  8
CUT
100
AcDbLine
 10
434.819075
 20
35.00232777777774
 30
0.0
 11
434.819075
 21
48.45586111111095
 31
0.0
  0
LINE
  5
46D
330
17
100
AcDbEntity
  8
CUT
100
AcDbLine
 10
438.8199277777778
 20
20.975883333333286
 30
0.0
 11
438.8199277777778
 21
17.975508333333323
 31
0.0
  0
LINE
  5
46E
330
17
100
AcDbEntity
  8
ENGRAVE
100
AcDbLine
 10
430.9512996648917
 20
22.00729369795897
 30
0.0
 11
429.55132102719637
 21
22.707283016806628
 31
0.0
  0
LINE
  5
46F
330
17
100
AcDbEntity
  8
ENGRAVE
100
AcDbLine
 10
429.55132102719637
 20
22.707283016806628
 30
0.0
 11
429.55132102719637
 21
25.507240292197253
 31
0.0
  0
LINE
  5
470
330
17
100
AcDbEntity
  8
ENGRAVE
100
AcDbLine
 10
429.55132102719637
 20
25.507240292197253
 30
0.0
 11
430.9512996648917
 21
26.20722961104491
 31
0.0
  0
LINE
  5
471
330
17
100
AcDbEntity
  8
ENGRAVE
100
AcDbLine
 10
430.9512996648917
 20
26.20722961104491
 30
0.0
 11
431.9312847112784
 21
26.20722961104491
 31
0.0
  0
LINE
  5
472
330
17
100
AcDbEntity
  8
ENGRAVE
100
AcDbLine
 10
431.9312847112784
 20
26.20722961104491
 30
0.0
 11
436.5512142156729
 21
22.00729369795897
 31
0.0
  0
LINE
  5
473
330
17
100
AcDbEntity
  8
ENGRAVE
100
AcDbLine
 10
436.5512142156729
 20
22.00729369795897
 30
0.0
 11
436.5512142156729
 21
26.20722961104491
 31
0.0
  0
LINE
  5
474
330
17
100
AcDbEntity
  8
ENGRAVE
100
AcDbLine
 10
430.9512996648917
 20
28.307197567587878
 30
0.0
 11
429.55132102719637
 21
29.70717620528319
 31
0.0
  0
LINE
  5
475
330
17
100
AcDbEntity
  8
ENGRAVE
100
AcDbLine
 10
429.55132102719637
 20
29.70717620528319
 30
0.0
 11
436.5512142156729
 21
29.70717620528319
 31
0.0
  0
LINE
  5
476
330
17
100
AcDbEntity
  8
ENGRAVE
100
AcDbLine
 10
436.5512142156729
 20
28.307197567587878
 30
0.0
 11
436.5512142156729
 21
31.107154842978503
 31
0.0
  0
LINE
  5
477
330
17
100
AcDbEntity
  8
CUT
100
AcDbLine
 10
376.82207777777796
 20
379.48726944444456
 30
0.0
 11
376.82207777777796
 21
358.61376111111105
 31
0.0
  0
LINE
  5
478
330
17
100
AcDbEntity
  8
CUT
100
AcDbLine
 10
415.82942222222243
 20
358.61376111111105
 30
0.0
 11
415.82942222222243
 21
379.48726944444456
 31
0.0
  0
LINE
  5
479
330
17
100
AcDbEntity
  8
CUT
100
AcDbLine
 10
376.82207777777796
 20
358.61376111111105
 30
0.0
 11
415.82942222222243
 21
358.61376111111105
 31
0.0
  0
LINE
  5
47A
330
17
100
AcDbEntity
  8
CUT
100
AcDbLine
 10
415.82942222222243
 20
379.48726944444456
 30
0.0
 11
376.82207777777796
 21
379.48726944444456
 31
0.0
  0
LINE
  5
47B
330
17
100
AcDbEntity
  8
CUT
100
AcDbLine
 10
412.82904722222247
 20
376.48689444444454
 30
0.0
 11
412.82904722222247
 21
361.61448888888896
 31
0.0
  0
LINE
  5
47C
330
17
100
AcDbEntity
  8
CUT
100
AcDbLine
 10
379.82280555555576
 20
361.61448888888896
 30
0.0
 11
379.82280555555576
 21
376.48689444444454
 31
0.0
  0
LINE
  5
47D
330
17
100
AcDbEntity
  8
CUT
100
AcDbLine
 10
412.82904722222247
 20
361.61448888888896
 30
0.0
 11
379.82280555555576
 21
361.61448888888896
 31
0.0
  0
LINE
  5
47E
330
17
100
AcDbEntity
  8
CUT
100
AcDbLine
 10
379.82280555555576
 20
376.48689444444454
 30
0.0
 11
412.82904722222247
 21
376.48689444444454
 31
0.0
  0
LINE
  5
47F
330
17
100
AcDbEntity
  8
ENGRAVE
100
AcDbLine
 10
413.69477483754486
 20
376.29375355454084
 30
0.0
 11
413.3287531090292
 21
376.47676441879867
 31
0.0
  0
LINE
  5
480
330
17
100
AcDbEntity
  8
ENGRAVE
100
AcDbLine
 10
413.3287531090292
 20
376.47676441879867
 30
0.0
 11
413.3287531090292
 21
377.2088078758299
 31
0.0
  0
LINE
  5
481
330
17
100
AcDbEntity
  8
ENGRAVE
100
AcDbLine
 10
413.3287531090292
 20
377.2088078758299
 30
0.0
 11
413.69477483754486
 21
377.39181874008773
 31
0.0
  0
LINE
  5
482
330
17
100
AcDbEntity
  8
ENGRAVE
100
AcDbLine
 10
413.69477483754486
 20
377.39181874008773
 30
0.0
 11
413.9509900475058
 21
377.39181874008773
 31
0.0
  0
LINE
  5
483
330
17
100
AcDbEntity
  8
ENGRAVE
100
AcDbLine
 10
413.9509900475058
 20
377.39181874008773
 30
0.0
 11
415.15886175160733
 21
376.29375355454084
 31
0.0
  0
LINE
  5
484
330
17
100
AcDbEntity
  8
ENGRAVE
100
AcDbLine
 10
415.15886175160733
 20
376.29375355454084
 30
0.0
 11
415.15886175160733
 21
377.39181874008773
 31
0.0
  0
LINE
  5
485
330
17
100
AcDbEntity
  8
ENGRAVE
100
AcDbLine
 10
413.3287531090292
 20
378.67289478989244
 30
0.0
 11
413.3287531090292
 21
378.12386219711897
 31
0.0
  0
LINE
  5
486
330
17
100
AcDbEntity
  8
ENGRAVE
100
AcDbLine
 10
413.3287531090292
 20
378.12386219711897
 30
0.0
 11
413.8777857018026
 21
377.7578404686034
 31
0.0
  0
LINE
  5
487
330
17
100
AcDbEntity
  8
ENGRAVE
100
AcDbLine
 10
413.8777857018026
 20
377.7578404686034
 30
0.0
 11
414.7928400230917
 21
377.7578404686034
 31
0.0
  0
LINE
  5
488
330
17
100
AcDbEntity
  8
ENGRAVE
100
AcDbLine
 10
414.7928400230917
 20
377.7578404686034
 30
0.0
 11
415.15886175160733
 21
377.9408513328612
 31
0.0
  0
LINE
  5
489
330
17
100
AcDbEntity
  8
ENGRAVE
100
AcDbLine
 10
415.15886175160733
 20
377.9408513328612
 30
0.0
 11
415.15886175160733
 21
378.67289478989244
 31
0.0
  0
LINE
  5
48A
330
17
100
AcDbEntity
  8
ENGRAVE
100
AcDbLine
 10
415.15886175160733
 20
378.67289478989244
 30
0.0
 11
414.7928400230917
 21
378.85590565415026
 31
0.0
  0
LINE
  5
48B
330
17
100
AcDbEntity
  8
ENGRAVE
100
AcDbLine
 10
414.7928400230917
 20
378.85590565415026
 30
0.0
 11
414.518323726705
 21
378.85590565415026
 31
0.0
  0
LINE
  5
48C
330
17
100
AcDbEntity
  8
ENGRAVE
100
AcDbLine
 10
414.518323726705
 20
378.85590565415026
 30
0.0
 11
414.24380743031827
 21
378.67289478989244
 31
0.0
  0
LINE
  5
48D
330
17
100
AcDbEntity
  8
ENGRAVE
100
AcDbLine
 10
414.24380743031827
 20
378.67289478989244
 30
0.0
 11
414.24380743031827
 21
377.9408513328612
 31
0.0
  0
LINE
  5
48E
330
17
100
AcDbEntity
  8
ENGRAVE
100
AcDbLine
 10
414.24380743031827
 20
377.9408513328612
 30
0.0
 11
414.518323726705
 21
377.7578404686034
 31
0.0
  0
LINE
  5
48F
330
17
100
AcDbEntity
  8
CUT
100
AcDbLine
 10
419.8881083333333
 20
74.34126111111095
 30
0.0
 11
419.8881083333333
 21
51.45586111111095
 31
0.0
  0
LINE
  5
490
330
17
100
AcDbEntity
  8
CUT
100
AcDbLine
 10
443.2271805555556
 20
51.45586111111095
 30
0.0
 11
443.2271805555556
 21
74.34126111111095
 31
0.0
  0
LINE
  5
491
330
17
100
AcDbEntity
  8
CUT
100
AcDbLine
 10
443.2271805555556
 20
74.34126111111095
 30
0.0
 11
419.8881083333333
 21
74.34126111111095
 31
0.0
  0
LINE
  5
492
330
17
100
AcDbEntity
  8
CUT
100
AcDbLine
 10
419.8881083333333
 20
51.45586111111095
 30
0.0
 11
443.2271805555556
 21
51.45586111111095
 31
0.0
  0
LINE
  5
493
330
17
100
AcDbEntity
  8
CUT
100
AcDbLine
 10
441.22693055555555
 20
72.34065833333315
 30
0.0
 11
441.22693055555555
 21
67.37954444444435
 31
0.0
  0
LINE
  5
494
330
17
100
AcDbEntity
  8
CUT
100
AcDbLine
 10
421.8887111111112
 20
67.37954444444435
 30
0.0
 11
421.8887111111112
 21
72.34065833333315
 31
0.0
  0
LINE
  5
495
330
17
100
AcDbEntity
  8
CUT
100
AcDbLine
 10
441.22693055555555
 20
67.37954444444435
 30
0.0
 11
421.8887111111112
 21
67.37954444444435
 31
0.0
  0
LINE
  5
496
330
17
100
AcDbEntity
  8
CUT
100
AcDbLine
 10
421.8887111111112
 20
72.34065833333315
 30
0.0
 11
441.22693055555555
 21
72.34065833333315
 31
0.0
  0
LINE
  5
497
330
17
100
AcDbEntity
  8
CUT
100
AcDbLine
 10
441.22693055555555
 20
58.41722499999983
 30
0.0
 11
441.22693055555555
 21
53.45611111111094
 31
0.0
  0
LINE
  5
498
330
17
100
AcDbEntity
  8
CUT
100
AcDbLine
 10
421.8887111111112
 20
53.45611111111094
 30
0.0
 11
421.8887111111112
 21
58.41722499999983
 31
0.0
  0
LINE
  5
499
330
17
100
AcDbEntity
  8
CUT
100
AcDbLine
 10
441.22693055555555
 20
53.45611111111094
 30
0.0
 11
421.8887111111112
 21
53.45611111111094
 31
0.0
  0
LINE
  5
49A
330
17
100
AcDbEntity
  8
CUT
100
AcDbLine
 10
421.8887111111112
 20
58.41722499999983
 30
0.0
 11
441.22693055555555
 21
58.41722499999983
 31
0.0
  0
LINE
  5
49B
330
17
100
AcDbEntity
  8
CUT
100
AcDbLine
 10
441.22693055555555
 20
65.37929444444435
 30
0.0
 11
441.22693055555555
 21
60.41782777777763
 31
0.0
  0
LINE
  5
49C
330
17
100
AcDbEntity
  8
CUT
100
AcDbLine
 10
421.8887111111112
 20
60.41782777777763
 30
0.0
 11
421.8887111111112
 21
65.37929444444435
 31
0.0
  0
LINE
  5
49D
330
17
100
AcDbEntity
  8
CUT
100
AcDbLine
 10
421.8887111111112
 20
65.37929444444435
 30
0.0
 11
441.22693055555555
 21
65.37929444444435
 31
0.0
  0
LINE
  5
49E
330
17
100
AcDbEntity
  8
CUT
100
AcDbLine
 10
441.22693055555555
 20
60.41782777777763
 30
0.0
 11
421.8887111111112
 21
60.41782777777763
 31
0.0
  0
LINE
  5
49F
330
17
100
AcDbEntity
  8
CUT
100
AcDbLine
 10
421.8301500000001
 20
364.61486388888886
 30
0.0
 11
421.8301500000001
 21
361.6144888888889
 31
0.0
  0
LINE
  5
4A0
330
17
100
AcDbEntity
  8
CUT
100
AcDbLine
 10
419.56355277777783
 20
378.1551805555555
 30
0.0
 11
419.56355277777783
 21
364.61486388888886
 31
0.0
  0
LINE
  5
4A1
330
17
100
AcDbEntity
  8
CUT
100
AcDbLine
 10
418.82942222222243
 20
361.6144888888889
 30
0.0
 11
418.82942222222243
 21
358.61376111111105
 31
0.0
  0
LINE
  5
4A2
330
17
100
AcDbEntity
  8
CUT
100
AcDbLine
 10
442.77985833333344
 20
358.61376111111105
 30
0.0
 11
442.77985833333344
 21
361.6144888888889
 31
0.0
  0
LINE
  5
4A3
330
17
100
AcDbEntity
  8
CUT
100
AcDbLine
 10
442.04572777777787
 20
364.61486388888886
 30
0.0
 11
442.04572777777787
 21
378.1551805555555
 31
0.0
  0
LINE
  5
4A4
330
17
100
AcDbEntity
  8
CUT
100
AcDbLine
 10
439.77913055555587
 20
361.6144888888889
 30
0.0
 11
439.77913055555587
 21
364.61486388888886
 31
0.0
  0
LINE
  5
4A5
330
17
100
AcDbEntity
  8
CUT
100
AcDbLine
 10
421.8301500000001
 20
361.6144888888889
 30
0.0
 11
418.82942222222243
 21
361.6144888888889
 31
0.0
  0
LINE
  5
4A6
330
17
100
AcDbEntity
  8
CUT
100
AcDbLine
 10
442.77985833333344
 20
361.6144888888889
 30
0.0
 11
439.77913055555587
 21
361.6144888888889
 31
0.0
  0
LINE
  5
4A7
330
17
100
AcDbEntity
  8
CUT
100
AcDbLine
 10
442.04572777777787
 20
378.1551805555555
 30
0.0
 11
419.56355277777783
 21
378.1551805555555
 31
0.0
  0
LINE
  5
4A8
330
17
100
AcDbEntity
  8
CUT
100
AcDbLine
 10
439.77913055555587
 20
364.61486388888886
 30
0.0
 11
442.04572777777787
 21
364.61486388888886
 31
0.0
  0
LINE
  5
4A9
330
17
100
AcDbEntity
  8
CUT
100
AcDbLine
 10
419.56355277777783
 20
364.61486388888886
 30
0.0
 11
421.8301500000001
 21
364.61486388888886
 31
0.0
  0
LINE
  5
4AA
330
17
100
AcDbEntity
  8
CUT
100
AcDbLine
 10
418.82942222222243
 20
358.61376111111105
 30
0.0
 11
442.77985833333344
 21
358.61376111111105
 31
0.0
  0
LINE
  5
4AB
330
17
100
AcDbEntity
  8
ENGRAVE
100
AcDbLine
 10
425.9044819738648
 20
371.1937312424741
 30
0.0
 11
426.60447129271245
 21
371.89372056132174
 31
0.0
  0
LINE
  5
4AC
330
17
100
AcDbEntity
  8
ENGRAVE
100
AcDbLine
 10
426.60447129271245
 20
371.89372056132174
 30
0.0
 11
429.40442856810307
 21
371.89372056132174
 31
0.0
  0
LINE
  5
4AD
330
17
100
AcDbEntity
  8
ENGRAVE
100
AcDbLine
 10
429.40442856810307
 20
371.89372056132174
 30
0.0
 11
430.1044178869507
 21
371.1937312424741
 31
0.0
  0
LINE
  5
4AE
330
17
100
AcDbEntity
  8
ENGRAVE
100
AcDbLine
 10
430.1044178869507
 20
371.1937312424741
 30
0.0
 11
430.1044178869507
 21
369.5137568772397
 31
0.0
  0
LINE
  5
4AF
330
17
100
AcDbEntity
  8
ENGRAVE
100
AcDbLine
 10
430.1044178869507
 20
369.5137568772397
 30
0.0
 11
429.40442856810307
 21
368.81376755839204
 31
0.0
  0
LINE
  5
4B0
330
17
100
AcDbEntity
  8
ENGRAVE
100
AcDbLine
 10
429.40442856810307
 20
368.81376755839204
 30
0.0
 11
427.3044606115601
 21
368.81376755839204
 31
0.0
  0
LINE
  5
4B1
330
17
100
AcDbEntity
  8
ENGRAVE
100
AcDbLine
 10
429.40442856810307
 20
368.81376755839204
 30
0.0
 11
430.1044178869507
 21
368.1137782395444
 31
0.0
  0
LINE
  5
4B2
330
17
100
AcDbEntity
  8
ENGRAVE
100
AcDbLine
 10
430.1044178869507
 20
368.1137782395444
 30
0.0
 11
430.1044178869507
 21
365.59381669169284
 31
0.0
  0
LINE
  5
4B3
330
17
100
AcDbEntity
  8
ENGRAVE
100
AcDbLine
 10
430.1044178869507
 20
365.59381669169284
 30
0.0
 11
429.40442856810307
 21
364.8938273728452
 31
0.0
  0
LINE
  5
4B4
330
17
100
AcDbEntity
  8
ENGRAVE
100
AcDbLine
 10
429.40442856810307
 20
364.8938273728452
 30
0.0
 11
426.60447129271245
 21
364.8938273728452
 31
0.0
  0
LINE
  5
4B5
330
17
100
AcDbEntity
  8
ENGRAVE
100
AcDbLine
 10
426.60447129271245
 20
364.8938273728452
 30
0.0
 11
425.9044819738648
 21
365.59381669169284
 31
0.0
  0
LINE
  5
4B6
330
17
100
AcDbEntity
  8
ENGRAVE
100
AcDbLine
 10
435.0043431188843
 20
371.89372056132174
 30
0.0
 11
432.90437516234135
 21
371.89372056132174
 31
0.0
  0
LINE
  5
4B7
330
17
100
AcDbEntity
  8
ENGRAVE
100
AcDbLine
 10
432.90437516234135
 20
371.89372056132174
 30
0.0
 11
431.50439652464604
 21
369.7937526047788
 31
0.0
  0
LINE
  5
4B8
330
17
100
AcDbEntity
  8
ENGRAVE
100
AcDbLine
 10
431.50439652464604
 20
369.7937526047788
 30
0.0
 11
431.50439652464604
 21
366.2938060105405
 31
0.0
  0
LINE
  5
4B9
330
17
100
AcDbEntity
  8
ENGRAVE
100
AcDbLine
 10
431.50439652464604
 20
366.2938060105405
 30
0.0
 11
432.2043858434937
 21
364.8938273728452
 31
0.0
  0
LINE
  5
4BA
330
17
100
AcDbEntity
  8
ENGRAVE
100
AcDbLine
 10
432.2043858434937
 20
364.8938273728452
 30
0.0
 11
435.0043431188843
 21
364.8938273728452
 31
0.0
  0
LINE
  5
4BB
330
17
100
AcDbEntity
  8
ENGRAVE
100
AcDbLine
 10
435.0043431188843
 20
364.8938273728452
 30
0.0
 11
435.704332437732
 21
366.2938060105405
 31
0.0
  0
LINE
  5
4BC
330
17
100
AcDbEntity
  8
ENGRAVE
100
AcDbLine
 10
435.704332437732
 20
366.2938060105405
 30
0.0
 11
435.704332437732
 21
367.343789988812
 31
0.0
  0
LINE
  5
4BD
330
17
100
AcDbEntity
  8
ENGRAVE
100
AcDbLine
 10
435.704332437732
 20
367.343789988812
 30
0.0
 11
435.0043431188843
 21
368.39377396708346
 31
0.0
  0
LINE
  5
4BE
330
17
100
AcDbEntity
  8
ENGRAVE
100
AcDbLine
 10
435.0043431188843
 20
368.39377396708346
 30
0.0
 11
432.2043858434937
 21
368.39377396708346
 31
0.0
  0
LINE
  5
4BF
330
17
100
AcDbEntity
  8
ENGRAVE
100
AcDbLine
 10
432.2043858434937
 20
368.39377396708346
 30
0.0
 11
431.50439652464604
 21
367.343789988812
 31
0.0
  0
LINE
  5
4C0
330
17
100
AcDbEntity
  8
CUT
100
AcDbLine
 10
297.11372500000004
 20
78.7082972222222
 30
0.0
 11
308.5567777777777
 21
78.7082972222222
 31
0.0
  0
LINE
  5
4C1
330
17
100
AcDbEntity
  8
CUT
100
AcDbLine
 10
282.67065
 20
78.7082972222222
 30
0.0
 11
294.11335
 21
78.7082972222222
 31
0.0
  0
LINE
  5
4C2
330
17
100
AcDbEntity
  8
CUT
100
AcDbLine
 10
308.5567777777777
 20
78.7082972222222
 30
0.0
 11
304.62895000000003
 21
93.66713333333325
 31
0.0
  0
LINE
  5
4C3
330
17
100
AcDbEntity
  8
CUT
100
AcDbLine
 10
304.62895000000003
 20
93.66713333333325
 30
0.0
 11
286.5984777777778
 21
93.66713333333325
 31
0.0
  0
LINE
  5
4C4
330
17
100
AcDbEntity
  8
CUT
100
AcDbLine
 10
286.5984777777778
 20
93.66713333333325
 30
0.0
 11
282.67065
 21
78.7082972222222
 31
0.0
  0
LINE
  5
4C5
330
17
100
AcDbEntity
  8
CUT
100
AcDbLine
 10
294.11335
 20
85.57546944444425
 30
0.0
 11
297.11372500000004
 21
85.57546944444425
 31
0.0
  0
LINE
  5
4C6
330
17
100
AcDbEntity
  8
CUT
100
AcDbLine
 10
294.11335
 20
78.7082972222222
 30
0.0
 11
294.11335
 21
85.57546944444425
 31
0.0
  0
LINE
  5
4C7
330
17
100
AcDbEntity
  8
CUT
100
AcDbLine
 10
297.11372500000004
 20
85.57546944444425
 30
0.0
 11
297.11372500000004
 21
78.7082972222222
 31
0.0
  0
LINE
  5
4C8
330
17
100
AcDbEntity
  8
ENGRAVE
100
AcDbLine
 10
286.84118432042663
 20
79.74673570637431
 30
0.0
 11
286.22870568273134
 21
80.35921434406961
 31
0.0
  0
LINE
  5
4C9
330
17
100
AcDbEntity
  8
ENGRAVE
100
AcDbLine
 10
286.22870568273134
 20
80.35921434406961
 30
0.0
 11
286.22870568273134
 21
82.80912889485087
 31
0.0
  0
LINE
  5
4CA
330
17
100
AcDbEntity
  8
ENGRAVE
100
AcDbLine
 10
286.22870568273134
 20
82.80912889485087
 30
0.0
 11
286.84118432042663
 21
83.42160753254618
 31
0.0
  0
LINE
  5
4CB
330
17
100
AcDbEntity
  8
ENGRAVE
100
AcDbLine
 10
286.84118432042663
 20
83.42160753254618
 30
0.0
 11
288.3111330508954
 21
83.42160753254618
 31
0.0
  0
LINE
  5
4CC
330
17
100
AcDbEntity
  8
ENGRAVE
100
AcDbLine
 10
288.3111330508954
 20
83.42160753254618
 30
0.0
 11
288.9236116885907
 21
82.80912889485087
 31
0.0
  0
LINE
  5
4CD
330
17
100
AcDbEntity
  8
ENGRAVE
100
AcDbLine
 10
288.9236116885907
 20
82.80912889485087
 30
0.0
 11
288.9236116885907
 21
80.97169298176493
 31
0.0
  0
LINE
  5
4CE
330
17
100
AcDbEntity
  8
ENGRAVE
100
AcDbLine
 10
288.9236116885907
 20
82.80912889485087
 30
0.0
 11
289.53609032628606
 21
83.42160753254618
 31
0.0
  0
LINE
  5
4CF
330
17
100
AcDbEntity
  8
ENGRAVE
100
AcDbLine
 10
289.53609032628606
 20
83.42160753254618
 30
0.0
 11
291.7410134219892
 21
83.42160753254618
 31
0.0
  0
LINE
  5
4D0
330
17
100
AcDbEntity
  8
ENGRAVE
100
AcDbLine
 10
291.7410134219892
 20
83.42160753254618
 30
0.0
 11
292.35349205968447
 21
82.80912889485087
 31
0.0
  0
LINE
  5
4D1
330
17
100
AcDbEntity
  8
ENGRAVE
100
AcDbLine
 10
292.35349205968447
 20
82.80912889485087
 30
0.0
 11
292.35349205968447
 21
80.35921434406961
 31
0.0
  0
LINE
  5
4D2
330
17
100
AcDbEntity
  8
ENGRAVE
100
AcDbLine
 10
292.35349205968447
 20
80.35921434406961
 30
0.0
 11
291.7410134219892
 21
79.74673570637431
 31
0.0
  0
LINE
  5
4D3
330
17
100
AcDbEntity
  8
ENGRAVE
100
AcDbLine
 10
289.2910988712079
 20
85.87152208332743
 30
0.0
 11
288.80111596105166
 21
85.25904344563212
 31
0.0
  0
LINE
  5
4D4
330
17
100
AcDbEntity
  8
ENGRAVE
100
AcDbLine
 10
288.80111596105166
 20
85.25904344563212
 30
0.0
 11
286.84118432042663
 21
85.25904344563212
 31
0.0
  0
LINE
  5
4D5
330
17
100
AcDbEntity
  8
ENGRAVE
100
AcDbLine
 10
286.84118432042663
 20
85.25904344563212
 30
0.0
 11
286.22870568273134
 21
85.87152208332743
 31
0.0
  0
LINE
  5
4D6
330
17
100
AcDbEntity
  8
ENGRAVE
100
AcDbLine
 10
286.22870568273134
 20
85.87152208332743
 30
0.0
 11
286.22870568273134
 21
87.09647935871806
 31
0.0
  0
LINE
  5
4D7
330
17
100
AcDbEntity
  8
ENGRAVE
100
AcDbLine
 10
286.22870568273134
 20
87.09647935871806
 30
0.0
 11
286.84118432042663
 21
87.70895799641337
 31
0.0
  0
LINE
  5
4D8
330
17
100
AcDbEntity
  8
ENGRAVE
100
AcDbLine
 10
286.84118432042663
 20
87.70895799641337
 30
0.0
 11
288.80111596105166
 21
87.70895799641337
 31
0.0
  0
LINE
  5
4D9
330
17
100
AcDbEntity
  8
ENGRAVE
100
AcDbLine
 10
288.80111596105166
 20
87.70895799641337
 30
0.0
 11
289.2910988712079
 21
87.09647935871806
 31
0.0
  0
LINE
  5
4DA
330
17
100
AcDbEntity
  8
ENGRAVE
100
AcDbLine
 10
289.2910988712079
 20
87.09647935871806
 30
0.0
 11
289.2910988712079
 21
85.87152208332743
 31
0.0
  0
LINE
  5
4DB
330
17
100
AcDbEntity
  8
ENGRAVE
100
AcDbLine
 10
289.2910988712079
 20
85.87152208332743
 30
0.0
 11
289.9035775089032
 21
85.07529985432353
 31
0.0
  0
LINE
  5
4DC
330
17
100
AcDbEntity
  8
ENGRAVE
100
AcDbLine
 10
289.9035775089032
 20
85.07529985432353
 30
0.0
 11
291.7410134219892
 21
85.07529985432353
 31
0.0
  0
LINE
  5
4DD
330
17
100
AcDbEntity
  8
ENGRAVE
100
AcDbLine
 10
291.7410134219892
 20
85.07529985432353
 30
0.0
 11
292.35349205968447
 21
85.87152208332743
 31
0.0
  0
LINE
  5
4DE
330
17
100
AcDbEntity
  8
ENGRAVE
100
AcDbLine
 10
292.35349205968447
 20
85.87152208332743
 30
0.0
 11
292.35349205968447
 21
87.09647935871806
 31
0.0
  0
LINE
  5
4DF
330
17
100
AcDbEntity
  8
ENGRAVE
100
AcDbLine
 10
292.35349205968447
 20
87.09647935871806
 30
0.0
 11
291.7410134219892
 21
87.89270158772196
 31
0.0
  0
LINE
  5
4E0
330
17
100
AcDbEntity
  8
ENGRAVE
100
AcDbLine
 10
291.7410134219892
 20
87.89270158772196
 30
0.0
 11
289.9035775089032
 21
87.89270158772196
 31
0.0
  0
LINE
  5
4E1
330
17
100
AcDbEntity
  8
ENGRAVE
100
AcDbLine
 10
289.9035775089032
 20
87.89270158772196
 30
0.0
 11
289.2910988712079
 21
87.09647935871806
 31
0.0
  0
LINE
  5
4E2
330
17
100
AcDbEntity
  8
CUT
100
AcDbLine
 10
325.99985277777773
 20
78.7082972222222
 30
0.0
 11
337.4429055555554
 21
78.7082972222222
 31
0.0
  0
LINE
  5
4E3
330
17
100
AcDbEntity
  8
CUT
100
AcDbLine
 10
311.5567777777777
 20
78.7082972222222
 30
0.0
 11
322.9994777777777
 21
78.7082972222222
 31
0.0
  0
LINE
  5
4E4
330
17
100
AcDbEntity
  8
CUT
100
AcDbLine
 10
337.4429055555554
 20
78.7082972222222
 30
0.0
 11
333.5150777777777
 21
93.66713333333325
 31
0.0
  0
LINE
  5
4E5
330
17
100
AcDbEntity
  8
CUT
100
AcDbLine
 10
333.5150777777777
 20
93.66713333333325
 30
0.0
 11
315.4846055555555
 21
93.66713333333325
 31
0.0
  0
LINE
  5
4E6
330
17
100
AcDbEntity
  8
CUT
100
AcDbLine
 10
315.4846055555555
 20
93.66713333333325
 30
0.0
 11
311.5567777777777
 21
78.7082972222222
 31
0.0
  0
LINE
  5
4E7
330
17
100
AcDbEntity
  8
CUT
100
AcDbLine
 10
322.9994777777777
 20
85.57546944444425
 30
0.0
 11
325.99985277777773
 21
85.57546944444425
 31
0.0
  0
LINE
  5
4E8
330
17
100
AcDbEntity
  8
CUT
100
AcDbLine
 10
322.9994777777777
 20
78.7082972222222
 30
0.0
 11
322.9994777777777
 21
85.57546944444425
 31
0.0
  0
LINE
  5
4E9
330
17
100
AcDbEntity
  8
CUT
100
AcDbLine
 10
325.99985277777773
 20
85.57546944444425
 30
0.0
 11
325.99985277777773
 21
78.7082972222222
 31
0.0
  0
LINE
  5
4EA
330
17
100
AcDbEntity
  8
ENGRAVE
100
AcDbLine
 10
315.7273120982043
 20
79.74673570637431
 30
0.0
 11
315.11483346050903
 21
80.35921434406961
 31
0.0
  0
LINE
  5
4EB
330
17
100
AcDbEntity
  8
ENGRAVE
100
AcDbLine
 10
315.11483346050903
 20
80.35921434406961
 30
0.0
 11
315.11483346050903
 21
82.80912889485087
 31
0.0
  0
LINE
  5
4EC
330
17
100
AcDbEntity
  8
ENGRAVE
100
AcDbLine
 10
315.11483346050903
 20
82.80912889485087
 30
0.0
 11
315.7273120982043
 21
83.42160753254618
 31
0.0
  0
LINE
  5
4ED
330
17
100
AcDbEntity
  8
ENGRAVE
100
AcDbLine
 10
315.7273120982043
 20
83.42160753254618
 30
0.0
 11
317.1972608286731
 21
83.42160753254618
 31
0.0
  0
LINE
  5
4EE
330
17
100
AcDbEntity
  8
ENGRAVE
100
AcDbLine
 10
317.1972608286731
 20
83.42160753254618
 30
0.0
 11
317.8097394663684
 21
82.80912889485087
 31
0.0
  0
LINE
  5
4EF
330
17
100
AcDbEntity
  8
ENGRAVE
100
AcDbLine
 10
317.8097394663684
 20
82.80912889485087
 30
0.0
 11
317.8097394663684
 21
80.97169298176493
 31
0.0
  0
LINE
  5
4F0
330
17
100
AcDbEntity
  8
ENGRAVE
100
AcDbLine
 10
317.8097394663684
 20
82.80912889485087
 30
0.0
 11
318.42221810406375
 21
83.42160753254618
 31
0.0
  0
LINE
  5
4F1
330
17
100
AcDbEntity
  8
ENGRAVE
100
AcDbLine
 10
318.42221810406375
 20
83.42160753254618
 30
0.0
 11
320.62714119976687
 21
83.42160753254618
 31
0.0
  0
LINE
  5
4F2
330
17
100
AcDbEntity
  8
ENGRAVE
100
AcDbLine
 10
320.62714119976687
 20
83.42160753254618
 30
0.0
 11
321.23961983746216
 21
82.80912889485087
 31
0.0
  0
LINE
  5
4F3
330
17
100
AcDbEntity
  8
ENGRAVE
100
AcDbLine
 10
321.23961983746216
 20
82.80912889485087
 30
0.0
 11
321.23961983746216
 21
80.35921434406961
 31
0.0
  0
LINE
  5
4F4
330
17
100
AcDbEntity
  8
ENGRAVE
100
AcDbLine
 10
321.23961983746216
 20
80.35921434406961
 30
0.0
 11
320.62714119976687
 21
79.74673570637431
 31
0.0
  0
LINE
  5
4F5
330
17
100
AcDbEntity
  8
ENGRAVE
100
AcDbLine
 10
318.1772266489856
 20
85.87152208332743
 30
0.0
 11
317.68724373882935
 21
85.25904344563212
 31
0.0
  0
LINE
  5
4F6
330
17
100
AcDbEntity
  8
ENGRAVE
100
AcDbLine
 10
317.68724373882935
 20
85.25904344563212
 30
0.0
 11
315.7273120982043
 21
85.25904344563212
 31
0.0
  0
LINE
  5
4F7
330
17
100
AcDbEntity
  8
ENGRAVE
100
AcDbLine
 10
315.7273120982043
 20
85.25904344563212
 30
0.0
 11
315.11483346050903
 21
85.87152208332743
 31
0.0
  0
LINE
  5
4F8
330
17
100
AcDbEntity
  8
ENGRAVE
100
AcDbLine
 10
315.11483346050903
 20
85.87152208332743
 30
0.0
 11
315.11483346050903
 21
87.09647935871806
 31
0.0
  0
LINE
  5
4F9
330
17
100
AcDbEntity
  8
ENGRAVE
100
AcDbLine
 10
315.11483346050903
 20
87.09647935871806
 30
0.0
 11
315.7273120982043
 21
87.70895799641337
 31
0.0
  0
LINE
  5
4FA
330
17
100
AcDbEntity
  8
ENGRAVE
100
AcDbLine
 10
315.7273120982043
 20
87.70895799641337
 30
0.0
 11
317.68724373882935
 21
87.70895799641337
 31
0.0
  0
LINE
  5
4FB
330
17
100
AcDbEntity
  8
ENGRAVE
100
AcDbLine
 10
317.68724373882935
 20
87.70895799641337
 30
0.0
 11
318.1772266489856
 21
87.09647935871806
 31
0.0
  0
LINE
  5
4FC
330
17
100
AcDbEntity
  8
ENGRAVE
100
AcDbLine
 10
318.1772266489856
 20
87.09647935871806
 30
0.0
 11
318.1772266489856
 21
85.87152208332743
 31
0.0
  0
LINE
  5
4FD
330
17
100
AcDbEntity
  8
ENGRAVE
100
AcDbLine
 10
318.1772266489856
 20
85.87152208332743
 30
0.0
 11
318.7897052866809
 21
85.07529985432353
 31
0.0
  0
LINE
  5
4FE
330
17
100
AcDbEntity
  8
ENGRAVE
100
AcDbLine
 10
318.7897052866809
 20
85.07529985432353
 30
0.0
 11
320.62714119976687
 21
85.07529985432353
 31
0.0
  0
LINE
  5
4FF
330
17
100
AcDbEntity
  8
ENGRAVE
100
AcDbLine
 10
320.62714119976687
 20
85.07529985432353
 30
0.0
 11
321.23961983746216
 21
85.87152208332743
 31
0.0
  0
LINE
  5
500
330
17
100
AcDbEntity
  8
ENGRAVE
100
AcDbLine
 10
321.23961983746216
 20
85.87152208332743
 30
0.0
 11
321.23961983746216
 21
87.09647935871806
 31
0.0
  0
LINE
  5
501
330
17
100
AcDbEntity
  8
ENGRAVE
100
AcDbLine
 10
321.23961983746216
 20
87.09647935871806
 30
0.0
 11
320.62714119976687
 21
87.89270158772196
 31
0.0
  0
LINE
  5
502
330
17
100
AcDbEntity
  8
ENGRAVE
100
AcDbLine
 10
320.62714119976687
 20
87.89270158772196
 30
0.0
 11
318.7897052866809
 21
87.89270158772196
 31
0.0
  0
LINE
  5
503
330
17
100
AcDbEntity
  8
ENGRAVE
100
AcDbLine
 10
318.7897052866809
 20
87.89270158772196
 30
0.0
 11
318.1772266489856
 21
87.09647935871806
 31
0.0
  0
LINE
  5
504
330
17
100
AcDbEntity
  8
CUT
100
AcDbLine
 10
354.8859805555554
 20
78.7082972222222
 30
0.0
 11
366.3290333333331
 21
78.7082972222222
 31
0.0
  0
LINE
  5
505
330
17
100
AcDbEntity
  8
CUT
100
AcDbLine
 10
340.4429055555554
 20
78.7082972222222
 30
0.0
 11
351.8856055555554
 21
78.7082972222222
 31
0.0
  0
LINE
  5
506
330
17
100
AcDbEntity
  8
CUT
100
AcDbLine
 10
366.3290333333331
 20
78.7082972222222
 30
0.0
 11
362.4012055555554
 21
93.66713333333325
 31
0.0
  0
LINE
  5
507
330
17
100
AcDbEntity
  8
CUT
100
AcDbLine
 10
362.4012055555554
 20
93.66713333333325
 30
0.0
 11
344.3707333333332
 21
93.66713333333325
 31
0.0
  0
LINE
  5
508
330
17
100
AcDbEntity
  8
CUT
100
AcDbLine
 10
344.3707333333332
 20
93.66713333333325
 30
0.0
 11
340.4429055555554
 21
78.7082972222222
 31
0.0
  0
LINE
  5
509
330
17
100
AcDbEntity
  8
CUT
100
AcDbLine
 10
351.8856055555554
 20
85.57546944444425
 30
0.0
 11
354.8859805555554
 21
85.57546944444425
 31
0.0
  0
LINE
  5
50A
330
17
100
AcDbEntity
  8
CUT
100
AcDbLine
 10
351.8856055555554
 20
78.7082972222222
 30
0.0
 11
351.8856055555554
 21
85.57546944444425
 31
0.0
  0
LINE
  5
50B
330
17
100
AcDbEntity
  8
CUT
100
AcDbLine
 10
354.8859805555554
 20
85.57546944444425
 30
0.0
 11
354.8859805555554
 21
78.7082972222222
 31
0.0
  0
LINE
  5
50C
330
17
100
AcDbEntity
  8
ENGRAVE
100
AcDbLine
 10
344.613439875982
 20
79.74673570637431
 30
0.0
 11
344.0009612382867
 21
80.35921434406961
 31
0.0
  0
LINE
  5
50D
330
17
100
AcDbEntity
  8
ENGRAVE
100
AcDbLine
 10
344.0009612382867
 20
80.35921434406961
 30
0.0
 11
344.0009612382867
 21
82.80912889485087
 31
0.0
  0
LINE
  5
50E
330
17
100
AcDbEntity
  8
ENGRAVE
100
AcDbLine
 10
344.0009612382867
 20
82.80912889485087
 30
0.0
 11
344.613439875982
 21
83.42160753254618
 31
0.0
  0
LINE
  5
50F
330
17
100
AcDbEntity
  8
ENGRAVE
100
AcDbLine
 10
344.613439875982
 20
83.42160753254618
 30
0.0
 11
346.0833886064508
 21
83.42160753254618
 31
0.0
  0
LINE
  5
510
330
17
100
AcDbEntity
  8
ENGRAVE
100
AcDbLine
 10
346.0833886064508
 20
83.42160753254618
 30
0.0
 11
346.6958672441461
 21
82.80912889485087
 31
0.0
  0
LINE
  5
511
330
17
100
AcDbEntity
  8
ENGRAVE
100
AcDbLine
 10
346.6958672441461
 20
82.80912889485087
 30
0.0
 11
346.6958672441461
 21
80.97169298176493
 31
0.0
  0
LINE
  5
512
330
17
100
AcDbEntity
  8
ENGRAVE
100
AcDbLine
 10
346.6958672441461
 20
82.80912889485087
 30
0.0
 11
347.30834588184143
 21
83.42160753254618
 31
0.0
  0
LINE
  5
513
330
17
100
AcDbEntity
  8
ENGRAVE
100
AcDbLine
 10
347.30834588184143
 20
83.42160753254618
 30
0.0
 11
349.51326897754456
 21
83.42160753254618
 31
0.0
  0
LINE
  5
514
330
17
100
AcDbEntity
  8
ENGRAVE
100
AcDbLine
 10
349.51326897754456
 20
83.42160753254618
 30
0.0
 11
350.12574761523985
 21
82.80912889485087
 31
0.0
  0
LINE
  5
515
330
17
100
AcDbEntity
  8
ENGRAVE
100
AcDbLine
 10
350.12574761523985
 20
82.80912889485087
 30
0.0
 11
350.12574761523985
 21
80.35921434406961
 31
0.0
  0
LINE
  5
516
330
17
100
AcDbEntity
  8
ENGRAVE
100
AcDbLine
 10
350.12574761523985
 20
80.35921434406961
 30
0.0
 11
349.51326897754456
 21
79.74673570637431
 31
0.0
  0
LINE
  5
517
330
17
100
AcDbEntity
  8
ENGRAVE
100
AcDbLine
 10
347.0633544267633
 20
85.87152208332743
 30
0.0
 11
346.57337151660704
 21
85.25904344563212
 31
0.0
  0
LINE
  5
518
330
17
100
AcDbEntity
  8
ENGRAVE
100
AcDbLine
 10
346.57337151660704
 20
85.25904344563212
 30
0.0
 11
344.613439875982
 21
85.25904344563212
 31
0.0
  0
LINE
  5
519
330
17
100
AcDbEntity
  8
ENGRAVE
100
AcDbLine
 10
344.613439875982
 20
85.25904344563212
 30
0.0
 11
344.0009612382867
 21
85.87152208332743
 31
0.0
  0
LINE
  5
51A
330
17
100
AcDbEntity
  8
ENGRAVE
100
AcDbLine
 10
344.0009612382867
 20
85.87152208332743
 30
0.0
 11
344.0009612382867
 21
87.09647935871806
 31
0.0
  0
LINE
  5
51B
330
17
100
AcDbEntity
  8
ENGRAVE
100
AcDbLine
 10
344.0009612382867
 20
87.09647935871806
 30
0.0
 11
344.613439875982
 21
87.70895799641337
 31
0.0
  0
LINE
  5
51C
330
17
100
AcDbEntity
  8
ENGRAVE
100
AcDbLine
 10
344.613439875982
 20
87.70895799641337
 30
0.0
 11
346.57337151660704
 21
87.70895799641337
 31
0.0
  0
LINE
  5
51D
330
17
100
AcDbEntity
  8
ENGRAVE
100
AcDbLine
 10
346.57337151660704
 20
87.70895799641337
 30
0.0
 11
347.0633544267633
 21
87.09647935871806
 31
0.0
  0
LINE
  5
51E
330
17
100
AcDbEntity
  8
ENGRAVE
100
AcDbLine
 10
347.0633544267633
 20
87.09647935871806
 30
0.0
 11
347.0633544267633
 21
85.87152208332743
 31
0.0
  0
LINE
  5
51F
330
17
100
AcDbEntity
  8
ENGRAVE
100
AcDbLine
 10
347.0633544267633
 20
85.87152208332743
 30
0.0
 11
347.6758330644586
 21
85.07529985432353
 31
0.0
  0
LINE
  5
520
330
17
100
AcDbEntity
  8
ENGRAVE
100
AcDbLine
 10
347.6758330644586
 20
85.07529985432353
 30
0.0
 11
349.51326897754456
 21
85.07529985432353
 31
0.0
  0
LINE
  5
521
330
17
100
AcDbEntity
  8
ENGRAVE
100
AcDbLine
 10
349.51326897754456
 20
85.07529985432353
 30
0.0
 11
350.12574761523985
 21
85.87152208332743
 31
0.0
  0
LINE
  5
522
330
17
100
AcDbEntity
  8
ENGRAVE
100
AcDbLine
 10
350.12574761523985
 20
85.87152208332743
 30
0.0
 11
350.12574761523985
 21
87.09647935871806
 31
0.0
  0
LINE
  5
523
330
17
100
AcDbEntity
  8
ENGRAVE
100
AcDbLine
 10
350.12574761523985
 20
87.09647935871806
 30
0.0
 11
349.51326897754456
 21
87.89270158772196
 31
0.0
  0
LINE
  5
524
330
17
100
AcDbEntity
  8
ENGRAVE
100
AcDbLine
 10
349.51326897754456
 20
87.89270158772196
 30
0.0
 11
347.6758330644586
 21
87.89270158772196
 31
0.0
  0
LINE
  5
525
330
17
100
AcDbEntity
  8
ENGRAVE
100
AcDbLine
 10
347.6758330644586
 20
87.89270158772196
 30
0.0
 11
347.0633544267633
 21
87.09647935871806
 31
0.0
  0
ENDSEC
  0
SECTION
  2
OBJECTS
  0
DICTIONARY
  5
A
330
0
100
AcDbDictionary
281
1
  3
ACAD_COLOR
350
B
  3
ACAD_GROUP
350
C
  3
ACAD_LAYOUT
350
D
  3
ACAD_MATERIAL
350
E
  3
ACAD_MLEADERSTYLE
350
F
  3
ACAD_MLINESTYLE
350
10
  3
ACAD_PLOTSETTINGS
350
11
  3
ACAD_PLOTSTYLENAME
350
12
  3
ACAD_SCALELIST
350
14
  3
ACAD_TABLESTYLE
350
15
  3
ACAD_VISUALSTYLE
350
16
  3
EZDXF_META
350
2D
  0
DICTIONARY
  5
B
330
A
100
AcDbDictionary
281
1
  0
DICTIONARY
  5
C
330
A
100
AcDbDictionary
281
1
  0
DICTIONARY
  5
D
330
A
100
AcDbDictionary
281
1
  3
Model
350
1A
  3
Layout1
350
1E
  0
DICTIONARY
  5
E
330
A
100
AcDbDictionary
281
1
  3
ByBlock
350
1F
  3
ByLayer
350
20
  3
Global
350
21
  0
DICTIONARY
  5
F
330
A
100
AcDbDictionary
281
1
  3
Standard
350
2C
  0
DICTIONARY
  5
10
330
A
100
AcDbDictionary
281
1
  3
Standard
350
22
  0
DICTIONARY
  5
11
330
A
100
AcDbDictionary
281
1
  0
ACDBDICTIONARYWDFLT
  5
12
330
A
100
AcDbDictionary
281
1
  3
Normal
350
13
100
AcDbDictionaryWithDefault
340
13
  0
ACDBPLACEHOLDER
  5
13
330
12
  0
DICTIONARY
  5
14
330
A
100
AcDbDictionary
281
1
  0
DICTIONARY
  5
15
330
A
100
AcDbDictionary
281
1
  0
DICTIONARY
  5
16
330
A
100
AcDbDictionary
281
1
  0
LAYOUT
  5
1A
330
D
100
AcDbPlotSettings
  1

  4
A3
  6

 40
7.5
 41
20.0
 42
7.5
 43
20.0
 44
420.0
 45
297.0
 46
0.0
 47
0.0
 48
0.0
 49
0.0
140
0.0
141
0.0
142
1.0
143
1.0
 70
1024
 72
1
 73
0
 74
5
  7

 75
16
 76
0
 77
2
 78
300
147
1.0
148
0.0
149
0.0
100
AcDbLayout
  1
Model
 70
1
 71
0
 10
0.0
 20
0.0
 11
420.0
 21
297.0
 12
0.0
 22
0.0
 32
0.0
 14
1e+20
 24
1e+20
 34
1e+20
 15
-1e+20
 25
-1e+20
 35
-1e+20
146
0.0
 13
0.0
 23
0.0
 33
0.0
 16
1.0
 26
0.0
 36
0.0
 17
0.0
 27
1.0
 37
0.0
 76
1
330
17
  0
LAYOUT
  5
1E
330
D
100
AcDbPlotSettings
  1

  4
A3
  6

 40
7.5
 41
20.0
 42
7.5
 43
20.0
 44
420.0
 45
297.0
 46
0.0
 47
0.0
 48
0.0
 49
0.0
140
0.0
141
0.0
142
1.0
143
1.0
 70
0
 72
1
 73
0
 74
5
  7

 75
16
 76
0
 77
2
 78
300
147
1.0
148
0.0
149
0.0
100
AcDbLayout
  1
Layout1
 70
1
 71
1
 10
0.0
 20
0.0
 11
420.0
 21
297.0
 12
0.0
 22
0.0
 32
0.0
 14
1e+20
 24
1e+20
 34
1e+20
 15
-1e+20
 25
-1e+20
 35
-1e+20
146
0.0
 13
0.0
 23
0.0
 33
0.0
 16
1.0
 26
0.0
 36
0.0
 17
0.0
 27
1.0
 37
0.0
 76
1
330
1B
  0
MATERIAL
  5
1F
102
{ACAD_REACTORS
330
E
102
}
330
E
100
AcDbMaterial
  1
ByBlock
  2

 70
0
 40
1.0
 71
1
 41
1.0
 91
-1023410177
 42
1.0
 72
1
  3

 73
1
 74
1
 75
1
 44
0.5
 73
0
 45
1.0
 46
1.0
 77
1
  4

 78
1
 79
1
170
1
 48
1.0
171
1
  6

172
1
173
1
174
1
140
1.0
141
1.0
175
1
  7

176
1
177
1
178
1
143
1.0
179
1
  8

270
1
271
1
272
1
145
1.0
146
1.0
273
1
  9

274
1
275
1
276
1
 42
1.0
 72
1
  3

 73
1
 74
1
 75
1
 94
63
  0
MATERIAL
  5
20
102
{ACAD_REACTORS
330
E
102
}
330
E
100
AcDbMaterial
  1
ByLayer
  2

 70
0
 40
1.0
 71
1
 41
1.0
 91
-1023410177
 42
1.0
 72
1
  3

 73
1
 74
1
 75
1
 44
0.5
 73
0
 45
1.0
 46
1.0
 77
1
  4

 78
1
 79
1
170
1
 48
1.0
171
1
  6

172
1
173
1
174
1
140
1.0
141
1.0
175
1
  7

176
1
177
1
178
1
143
1.0
179
1
  8

270
1
271
1
272
1
145
1.0
146
1.0
273
1
  9

274
1
275
1
276
1
 42
1.0
 72
1
  3

 73
1
 74
1
 75
1
 94
63
  0
MATERIAL
  5
21
102
{ACAD_REACTORS
330
E
102
}
330
E
100
AcDbMaterial
  1
Global
  2

 70
0
 40
1.0
 71
1
 41
1.0
 91
-1023410177
 42
1.0
 72
1
  3

 73
1
 74
1
 75
1
 44
0.5
 73
0
 45
1.0
 46
1.0
 77
1
  4

 78
1
 79
1
170
1
 48
1.0
171
1
  6

172
1
173
1
174
1
140
1.0
141
1.0
175
1
  7

176
1
177
1
178
1
143
1.0
179
1
  8

270
1
271
1
272
1
145
1.0
146
1.0
273
1
  9

274
1
275
1
276
1
 42
1.0
 72
1
  3

 73
1
 74
1
 75
1
 94
63
  0
MLINESTYLE
  5
22
102
{ACAD_REACTORS
330
10
102
}
330
10
100
AcDbMlineStyle
  2
Standard
 70
0
  3

 62
256
 51
90.0
 52
90.0
 71
2
 49
0.5
 62
256
  6
BYLAYER
 49
-0.5
 62
256
  6
BYLAYER
  0
MLEADERSTYLE
  5
2C
102
{ACAD_REACTORS
330
F
102
}
330
F
100
AcDbMLeaderStyle
179
2
170
2
171
1
172
0
 90
2
 40
0.0
 41
0.0
173
1
 91
-1056964608
 92
-2
290
1
 42
2.0
291
1
 43
8.0
  3
Standard
 44
4.0
300

342
29
174
1
175
1
176
0
178
1
 93
-1056964608
 45
4.0
292
0
297
0
 46
4.0
 94
-1056964608
 47
1.0
 49
1.0
140
1.0
294
1
141
0.0
177
0
142
1.0
295
0
296
0
143
3.75
271
0
272
9
273
9
  0
DICTIONARY
  5
2D
330
A
100
AcDbDictionary
280
1
281
1
  3
CREATED_BY_EZDXF
350
2E
  3
WRITTEN_BY_EZDXF
350
528
  0
DICTIONARYVAR
  5
2E
330
2D
100
DictionaryVariables
280
0
  1
1.4.4 @ 2026-08-21T00:33:09.840238+00:00
  0
DICTIONARYVAR
  5
528
330
2D
100
DictionaryVariables
280
0
  1
1.4.4 @ 2026-08-21T00:33:09.852958+00:00
  0
ENDSEC
  0
EOF
