  0
SECTION
  2
HEADER
  9
$ACADVER
  1
AC1024
  9
$ACADMAINTVER
 70
6
  9
$DWGCODEPAGE
  3
ANSI_1252
  9
$LASTSAVEDBY
  1
ezdxf
  9
$INSBASE
 10
0.0
 20
0.0
 30
0.0
  9
$EXTMIN
 10
1e+20
 20
1e+20
 30
1e+20
  9
$EXTMAX
 10
-1e+20
 20
-1e+20
 30
-1e+20
  9
$LIMMIN
 10
0.0
 20
0.0
  9
$LIMMAX
 10
420.0
 20
297.0
  9
$ORTHOMODE
 70
0
  9
$REGENMODE
 70
1
  9
$FILLMODE
 70
1
  9
$QTEXTMODE
 70
0
  9
$MIRRTEXT
 70
1
  9
$LTSCALE
 40
1.0
  9
$ATTMODE
 70
1
  9
$TEXTSIZE
 40
2.5
  9
$TRACEWID
 40
1.0
  9
$TEXTSTYLE
  7
Standard
  9
$CLAYER
  8
0
  9
$CELTYPE
  6
ByLayer
  9
$CECOLOR
 62
256
  9
$CELTSCALE
 40
1.0
  9
$DISPSILH
 70
0
  9
$DIMSCALE
 40
1.0
  9
$DIMASZ
 40
2.5
  9
$DIMEXO
 40
0.625
  9
$DIMDLI
 40
3.75
  9
$DIMRND
 40
0.0
  9
$DIMDLE
 40
0.0
  9
$DIMEXE
 40
1.25
  9
$DIMTP
 40
0.0
  9
$DIMTM
 40
0.0
  9
$DIMTXT
 40
2.5
  9
$DIMCEN
 40
2.5
  9
$DIMTSZ
 40
0.0
  9
$DIMTOL
 70
0
  9
$DIMLIM
 70
0
  9
$DIMTIH
 70
0
  9
$DIMTOH
 70
0
  9
$DIMSE1
 70
0
  9
$DIMSE2
 70
0
  9
$DIMTAD
 70
1
  9
$DIMZIN
 70
8
  9
$DIMBLK
  1

  9
$DIMASO
 70
1
  9
$DIMSHO
 70
1
  9
$DIMPOST
  1

  9
$DIMAPOST
  1

  9
$DIMALT
 70
0
  9
$DIMALTD
 70
3
  9
$DIMALTF
 40
0.03937007874
  9
$DIMLFAC
 40
1.0
  9
$DIMTOFL
 70
1
  9
$DIMTVP
 40
0.0
  9
$DIMTIX
 70
0
  9
$DIMSOXD
 70
0
  9
$DIMSAH
 70
0
  9
$DIMBLK1
  1

  9
$DIMBLK2
  1

  9
$DIMSTYLE
  2
ISO-25
  9
$DIMCLRD
 70
0
  9
$DIMCLRE
 70
0
  9
$DIMCLRT
 70
0
  9
$DIMTFAC
 40
1.0
  9
$DIMGAP
 40
0.625
  9
$DIMJUST
 70
0
  9
$DIMSD1
 70
0
  9
$DIMSD2
 70
0
  9
$DIMTOLJ
 70
0
  9
$DIMTZIN
 70
8
  9
$DIMALTZ
 70
0
  9
$DIMALTTZ
 70
0
  9
$DIMUPT
 70
0
  9
$DIMDEC
 70
2
  9
$DIMTDEC
 70
2
  9
$DIMALTU
 70
2
  9
$DIMALTTD
 70
3
  9
$DIMTXSTY
  7
Standard
  9
$DIMAUNIT
 70
0
  9
$DIMADEC
 70
0
  9
$DIMALTRND
 40
0.0
  9
$DIMAZIN
 70
0
  9
$DIMDSEP
 70
44
  9
$DIMATFIT
 70
3
  9
$DIMFRAC
 70
0
  9
$DIMLDRBLK
  1

  9
$DIMLUNIT
 70
2
  9
$DIMLWD
 70
-2
  9
$DIMLWE
 70
-2
  9
$DIMTMOVE
 70
0
  9
$DIMFXL
 40
1.0
  9
$DIMFXLON
 70
0
  9
$DIMJOGANG
 40
0.785398163397
  9
$DIMTFILL
 70
0
  9
$DIMTFILLCLR
 70
0
  9
$DIMARCSYM
 70
0
  9
$DIMLTYPE
  6

  9
$DIMLTEX1
  6

  9
$DIMLTEX2
  6

  9
$DIMTXTDIRECTION
 70
0
  9
$LUNITS
 70
2
  9
$LUPREC
 70
4
  9
$SKETCHINC
 40
1.0
  9
$FILLETRAD
 40
10.0
  9
$AUNITS
 70
0
  9
$AUPREC
 70
2
  9
$MENU
  1
.
  9
$ELEVATION
 40
0.0
  9
$PELEVATION
 40
0.0
  9
$THICKNESS
 40
0.0
  9
$LIMCHECK
 70
0
  9
$CHAMFERA
 40
0.0
  9
$CHAMFERB
 40
0.0
  9
$CHAMFERC
 40
0.0
  9
$CHAMFERD
 40
0.0
  9
$SKPOLY
 70
0
  9
$TDCREATE
 40
2461274.3563310187
  9
$TDUCREATE
 40
2458532.153996898
  9
$TDUPDATE
 40
2461274.3563310187
  9
$TDUUPDATE
 40
2458532.1544311
  9
$TDINDWG
 40
0.0
  9
$TDUSRTIMER
 40
0.0
  9
$USRTIMER
 70
1
  9
$ANGBASE
 50
0.0
  9
$ANGDIR
 70
0
  9
$PDMODE
 70
0
  9
$PDSIZE
 40
0.0
  9
$PLINEWID
 40
0.0
  9
$SPLFRAME
 70
0
  9
$SPLINETYPE
 70
6
  9
$SPLINESEGS
 70
8
  9
$HANDSEED
  5
B3B
  9
$SURFTAB1
 70
6
  9
$SURFTAB2
 70
6
  9
$SURFTYPE
 70
6
  9
$SURFU
 70
6
  9
$SURFV
 70
6
  9
$UCSBASE
  2

  9
$UCSNAME
  2

  9
$UCSORG
 10
0.0
 20
0.0
 30
0.0
  9
$UCSXDIR
 10
1.0
 20
0.0
 30
0.0
  9
$UCSYDIR
 10
0.0
 20
1.0
 30
0.0
  9
$UCSORTHOREF
  2

  9
$UCSORTHOVIEW
 70
0
  9
$UCSORGTOP
 10
0.0
 20
0.0
 30
0.0
  9
$UCSORGBOTTOM
 10
0.0
 20
0.0
 30
0.0
  9
$UCSORGLEFT
 10
0.0
 20
0.0
 30
0.0
  9
$UCSORGRIGHT
 10
0.0
 20
0.0
 30
0.0
  9
$UCSORGFRONT
 10
0.0
 20
0.0
 30
0.0
  9
$UCSORGBACK
 10
0.0
 20
0.0
 30
0.0
  9
$PUCSBASE
  2

  9
$PUCSNAME
  2

  9
$PUCSORG
 10
0.0
 20
0.0
 30
0.0
  9
$PUCSXDIR
 10
1.0
 20
0.0
 30
0.0
  9
$PUCSYDIR
 10
0.0
 20
1.0
 30
0.0
  9
$PUCSORTHOREF
  2

  9
$PUCSORTHOVIEW
 70
0
  9
$PUCSORGTOP
 10
0.0
 20
0.0
 30
0.0
  9
$PUCSORGBOTTOM
 10
0.0
 20
0.0
 30
0.0
  9
$PUCSORGLEFT
 10
0.0
 20
0.0
 30
0.0
  9
$PUCSORGRIGHT
 10
0.0
 20
0.0
 30
0.0
  9
$PUCSORGFRONT
 10
0.0
 20
0.0
 30
0.0
  9
$PUCSORGBACK
 10
0.0
 20
0.0
 30
0.0
  9
$USERI1
 70
0
  9
$USERI2
 70
0
  9
$USERI3
 70
0
  9
$USERI4
 70
0
  9
$USERI5
 70
0
  9
$USERR1
 40
0.0
  9
$USERR2
 40
0.0
  9
$USERR3
 40
0.0
  9
$USERR4
 40
0.0
  9
$USERR5
 40
0.0
  9
$WORLDVIEW
 70
1
  9
$SHADEDGE
 70
3
  9
$SHADEDIF
 70
70
  9
$TILEMODE
 70
1
  9
$MAXACTVP
 70
64
  9
$PINSBASE
 10
0.0
 20
0.0
 30
0.0
  9
$PLIMCHECK
 70
0
  9
$PEXTMIN
 10
1e+20
 20
1e+20
 30
1e+20
  9
$PEXTMAX
 10
-1e+20
 20
-1e+20
 30
-1e+20
  9
$PLIMMIN
 10
0.0
 20
0.0
  9
$PLIMMAX
 10
420.0
 20
297.0
  9
$UNITMODE
 70
0
  9
$VISRETAIN
 70
1
  9
$PLINEGEN
 70
0
  9
$PSLTSCALE
 70
1
  9
$TREEDEPTH
 70
3020
  9
$CMLSTYLE
  2
Standard
  9
$CMLJUST
 70
0
  9
$CMLSCALE
 40
20.0
  9
$PROXYGRAPHICS
 70
1
  9
$MEASUREMENT
 70
1
  9
$CELWEIGHT
370
-1
  9
$ENDCAPS
280
0
  9
$JOINSTYLE
280
0
  9
$LWDISPLAY
290
0
  9
$INSUNITS
 70
4
  9
$HYPERLINKBASE
  1

  9
$STYLESHEET
  1

  9
$XEDIT
290
1
  9
$CEPSNTYPE
380
0
  9
$PSTYLEMODE
290
1
  9
$FINGERPRINTGUID
  2
{2C2A40CC-C053-4EE1-AEFD-E32FA75022A5}
  9
$VERSIONGUID
  2
{31D622A5-E636-4236-A71C-879FC8EBDD81}
  9
$EXTNAMES
290
1
  9
$PSVPSCALE
 40
0.0
  9
$OLESTARTUP
290
0
  9
$SORTENTS
280
127
  9
$INDEXCTL
280
0
  9
$HIDETEXT
280
1
  9
$XCLIPFRAME
280
1
  9
$HALOGAP
280
0
  9
$OBSCOLOR
 70
257
  9
$OBSLTYPE
280
0
  9
$INTERSECTIONDISPLAY
280
0
  9
$INTERSECTIONCOLOR
 70
257
  9
$DIMASSOC
280
2
  9
$PROJECTNAME
  1

  9
$CAMERADISPLAY
290
0
  9
$LENSLENGTH
 40
50.0
  9
$CAMERAHEIGHT
 40
0.0
  9
$STEPSPERSEC
 40
24.0
  9
$STEPSIZE
 40
100.0
  9
$3DDWFPREC
 40
2.0
  9
$PSOLWIDTH
 40
0.005
  9
$PSOLHEIGHT
 40
0.08
  9
$LOFTANG1
 40
1.570796326795
  9
$LOFTANG2
 40
1.570796326795
  9
$LOFTMAG1
 40
0.0
  9
$LOFTMAG2
 40
0.0
  9
$LOFTPARAM
 70
7
  9
$LOFTNORMALS
280
1
  9
$LATITUDE
 40
37.795
  9
$LONGITUDE
 40
-122.394
  9
$NORTHDIRECTION
 40
0.0
  9
$TIMEZONE
 70
-8000
  9
$LIGHTGLYPHDISPLAY
280
1
  9
$TILEMODELIGHTSYNCH
280
1
  9
$CMATERIAL
347
20
  9
$SOLIDHIST
280
0
  9
$SHOWHIST
280
1
  9
$DWFFRAME
280
2
  9
$DGNFRAME
280
2
  9
$REALWORLDSCALE
290
1
  9
$INTERFERECOLOR
 62
256
  9
$CSHADOW
280
0
  9
$SHADOWPLANELOCATION
 40
0.0
  0
ENDSEC
  0
SECTION
  2
CLASSES
  0
CLASS
  1
ACDBDICTIONARYWDFLT
  2
AcDbDictionaryWithDefault
  3
ObjectDBX Classes
 90
0
 91
0
280
0
281
0
  0
CLASS
  1
SUN
  2
AcDbSun
  3
SCENEOE
 90
1153
 91
0
280
0
281
0
  0
CLASS
  1
VISUALSTYLE
  2
AcDbVisualStyle
  3
ObjectDBX Classes
 90
4095
 91
0
280
0
281
0
  0
CLASS
  1
MATERIAL
  2
AcDbMaterial
  3
ObjectDBX Classes
 90
1153
 91
0
280
0
281
0
  0
CLASS
  1
SCALE
  2
AcDbScale
  3
ObjectDBX Classes
 90
1153
 91
0
280
0
281
0
  0
CLASS
  1
TABLESTYLE
  2
AcDbTableStyle
  3
ObjectDBX Classes
 90
4095
 91
0
280
0
281
0
  0
CLASS
  1
MLEADERSTYLE
  2
AcDbMLeaderStyle
  3
ACDB_MLEADERSTYLE_CLASS
 90
4095
 91
0
280
0
281
0
  0
CLASS
  1
DICTIONARYVAR
  2
AcDbDictionaryVar
  3
ObjectDBX Classes
 90
0
 91
0
280
0
281
0
  0
CLASS
  1
CELLSTYLEMAP
  2
AcDbCellStyleMap
  3
ObjectDBX Classes
 90
1152
 91
0
280
0
281
0
  0
CLASS
  1
MENTALRAYRENDERSETTINGS
  2
AcDbMentalRayRenderSettings
  3
SCENEOE
 90
1024
 91
0
280
0
281
0
  0
CLASS
  1
ACDBDETAILVIEWSTYLE
  2
AcDbDetailViewStyle
  3
ObjectDBX Classes
 90
1025
 91
0
280
0
281
0
  0
CLASS
  1
ACDBSECTIONVIEWSTYLE
  2
AcDbSectionViewStyle
  3
ObjectDBX Classes
 90
1025
 91
0
280
0
281
0
  0
CLASS
  1
RASTERVARIABLES
  2
AcDbRasterVariables
  3
ISM
 90
0
 91
0
280
0
281
0
  0
CLASS
  1
ACDBPLACEHOLDER
  2
AcDbPlaceHolder
  3
ObjectDBX Classes
 90
0
 91
0
280
0
281
0
  0
CLASS
  1
LAYOUT
  2
AcDbLayout
  3
ObjectDBX Classes
 90
0
 91
0
280
0
281
0
  0
ENDSEC
  0
SECTION
  2
TABLES
  0
TABLE
  2
VPORT
  5
8
330
0
100
AcDbSymbolTable
 70
1
  0
VPORT
  5
23
330
8
100
AcDbSymbolTableRecord
100
AcDbViewportTableRecord
  2
*Active
 70
0
 10
0.0
 20
0.0
 11
1.0
 21
1.0
 12
0.0
 22
0.0
 13
0.0
 23
0.0
 14
0.5
 24
0.5
 15
0.5
 25
0.5
 16
0.0
 26
0.0
 36
1.0
 17
0.0
 27
0.0
 37
0.0
 40
1000.0
 41
1.34
 42
50.0
 43
0.0
 44
0.0
 50
0.0
 51
0.0
 71
0
 72
1000
 73
1
 74
3
 75
0
 76
0
 77
0
 78
0
281
0
 65
0
146
0.0
  0
ENDTAB
  0
TABLE
  2
LTYPE
  5
2
330
0
100
AcDbSymbolTable
 70
3
  0
LTYPE
  5
24
330
2
100
AcDbSymbolTableRecord
100
AcDbLinetypeTableRecord
  2
ByBlock
 70
0
  3

 72
65
 73
0
 40
0.0
  0
LTYPE
  5
25
330
2
100
AcDbSymbolTableRecord
100
AcDbLinetypeTableRecord
  2
ByLayer
 70
0
  3

 72
65
 73
0
 40
0.0
  0
LTYPE
  5
26
330
2
100
AcDbSymbolTableRecord
100
AcDbLinetypeTableRecord
  2
Continuous
 70
0
  3

 72
65
 73
0
 40
0.0
  0
ENDTAB
  0
TABLE
  2
LAYER
  5
1
330
0
100
AcDbSymbolTable
 70
5
  0
LAYER
  5
27
330
1
100
AcDbSymbolTableRecord
100
AcDbLayerTableRecord
  2
0
 70
0
 62
7
  6
Continuous
370
-3
390
13
347
21
  0
LAYER
  5
28
330
1
100
AcDbSymbolTableRecord
100
AcDbLayerTableRecord
  2
Defpoints
 70
0
 62
7
  6
Continuous
290
0
370
-3
390
13
347
21
  0
LAYER
  5
2F
330
1
100
AcDbSymbolTableRecord
100
AcDbLayerTableRecord
  2
CUT
 70
0
 62
1
  6
Continuous
370
-3
390
13
347
21
  0
LAYER
  5
30
330
1
100
AcDbSymbolTableRecord
100
AcDbLayerTableRecord
  2
SHEET
 70
0
 62
8
  6
Continuous
370
-3
390
13
347
21
  0
LAYER
  5
31
330
1
100
AcDbSymbolTableRecord
100
AcDbLayerTableRecord
  2
ENGRAVE
 70
0
 62
5
  6
Continuous
370
-3
390
13
347
21
  0
ENDTAB
  0
TABLE
  2
STYLE
  5
5
330
0
100
AcDbSymbolTable
 70
1
  0
STYLE
  5
29
330
5
100
AcDbSymbolTableRecord
100
AcDbTextStyleTableRecord
  2
Standard
 70
0
 40
0.0
 41
1.0
 50
0.0
 71
0
 42
2.5
  3
txt
  4

  0
ENDTAB
  0
TABLE
  2
VIEW
  5
7
330
0
100
AcDbSymbolTable
 70
0
  0
ENDTAB
  0
TABLE
  2
UCS
  5
6
330
0
100
AcDbSymbolTable
 70
0
  0
ENDTAB
  0
TABLE
  2
APPID
  5
3
330
0
100
AcDbSymbolTable
 70
3
  0
APPID
  5
2A
330
3
100
AcDbSymbolTableRecord
100
AcDbRegAppTableRecord
  2
ACAD
 70
0
  0
APPID
  5
B38
330
3
100
AcDbSymbolTableRecord
100
AcDbRegAppTableRecord
  2
HATCHBACKGROUNDCOLOR
 70
0
  0
APPID
  5
B39
330
3
100
AcDbSymbolTableRecord
100
AcDbRegAppTableRecord
  2
EZDXF
 70
0
  0
ENDTAB
  0
TABLE
  2
DIMSTYLE
  5
4
330
0
100
AcDbSymbolTable
 70
1
100
AcDbDimStyleTable
  0
DIMSTYLE
105
2B
330
4
100
AcDbSymbolTableRecord
100
AcDbDimStyleTableRecord
  2
Standard
 70
0
 40
1.0
 41
2.5
 42
0.625
 43
3.75
 44
1.25
 45
0.0
 46
0.0
 47
0.0
 48
0.0
 49
2.5
140
2.5
141
2.5
142
0.0
143
0.03937007874
144
1.0
145
0.0
146
1.0
147
0.625
148
0.0
 69
0
 70
0
 71
0
 72
0
 73
0
 74
0
 75
0
 76
0
 77
1
 78
8
 79
3
170
0
171
3
172
1
173
0
174
0
175
0
176
0
177
0
178
0
179
2
271
2
272
2
273
2
274
3
275
0
276
0
277
2
278
44
279
0
280
0
281
0
282
0
283
0
284
8
285
0
286
0
288
0
289
3
290
0
371
-2
372
-2
  0
ENDTAB
  0
TABLE
  2
BLOCK_RECORD
  5
9
330
0
100
AcDbSymbolTable
 70
2
  0
BLOCK_RECORD
  5
17
330
9
100
AcDbSymbolTableRecord
100
AcDbBlockTableRecord
  2
*Model_Space
340
1A
 70
0
280
1
281
0
  0
BLOCK_RECORD
  5
1B
330
9
100
AcDbSymbolTableRecord
100
AcDbBlockTableRecord
  2
*Paper_Space
340
1E
 70
0
280
1
281
0
  0
ENDTAB
  0
ENDSEC
  0
SECTION
  2
BLOCKS
  0
BLOCK
  5
18
330
17
100
AcDbEntity
  8
0
100
AcDbBlockBegin
  2
*Model_Space
 70
0
 10
0.0
 20
0.0
 30
0.0
  3
*Model_Space
  1

  0
ENDBLK
  5
19
330
17
100
AcDbEntity
  8
0
100
AcDbBlockEnd
  0
BLOCK
  5
1C
330
1B
100
AcDbEntity
  8
0
100
AcDbBlockBegin
  2
*Paper_Space
 70
0
 10
0.0
 20
0.0
 30
0.0
  3
*Paper_Space
  1

  0
ENDBLK
  5
1D
330
1B
100
AcDbEntity
  8
0
100
AcDbBlockEnd
  0
ENDSEC
  0
SECTION
  2
ENTITIES
  0
LINE
  5
32
330
17
100
AcDbEntity
  8
SHEET
100
AcDbLine
 10
0.0
 20
0.0
 30
0.0
 11
450.0
 21
0.0
 31
0.0
  0
LINE
  5
33
330
17
100
AcDbEntity
  8
SHEET
100
AcDbLine
 10
450.0
 20
0.0
 30
0.0
 11
450.0
 21
450.0
 31
0.0
  0
LINE
  5
34
330
17
100
AcDbEntity
  8
SHEET
100
AcDbLine
 10
450.0
 20
450.0
 30
0.0
 11
0.0
 21
450.0
 31
0.0
  0
LINE
  5
35
330
17
100
AcDbEntity
  8
SHEET
100
AcDbLine
 10
0.0
 20
450.0
 30
0.0
 11
0.0
 21
0.0
 31
0.0
  0
LINE
  5
36
330
17
100
AcDbEntity
  8
CUT
100
AcDbLine
 10
9.500727777777797
 20
86.57667500000002
 30
0.0
 11
9.500727777777797
 21
76.57471944444438
 31
0.0
  0
LINE
  5
37
330
17
100
AcDbEntity
  8
CUT
100
AcDbLine
 10
84.31819166666679
 20
44.98170555555561
 30
0.0
 11
85.18849444444436
 21
46.284161111111075
 31
0.0
  0
LINE
  5
38
330
17
100
AcDbEntity
  8
CUT
100
AcDbLine
 10
179.6179333333332
 20
9.500727777777797
 30
0.0
 11
179.6179333333332
 21
19.502330555555517
 31
0.0
  0
LINE
  5
39
330
17
100
AcDbEntity
  8
CUT
100
AcDbLine
 10
106.25603055555564
 20
42.09351388888888
 30
0.0
 11
106.5615361111112
 21
40.55716666666672
 31
0.0
  0
LINE
  5
3A
330
17
100
AcDbEntity
  8
CUT
100
AcDbLine
 10
106.66419444444432
 20
38.994008333333284
 30
0.0
 11
106.66419444444432
 21
9.500727777777797
 31
0.0
  0
LINE
  5
3B
330
17
100
AcDbEntity
  8
CUT
100
AcDbLine
 10
85.18849444444436
 20
46.284161111111075
 30
0.0
 11
86.22142777777776
 21
47.46208611111109
 31
0.0
  0
LINE
  5
3C
330
17
100
AcDbEntity
  8
CUT
100
AcDbLine
 10
86.22142777777776
 20
47.46208611111109
 30
0.0
 11
87.399
 21
48.49466666666672
 31
0.0
  0
LINE
  5
3D
330
17
100
AcDbEntity
  8
CUT
100
AcDbLine
 10
105.05976111111113
 20
44.98170555555561
 30
0.0
 11
105.75261666666665
 21
43.57694444444439
 31
0.0
  0
LINE
  5
3E
330
17
100
AcDbEntity
  8
CUT
100
AcDbLine
 10
29.76393055555559
 20
6.5
 30
0.0
 11
29.76393055555559
 21
9.500727777777797
 31
0.0
  0
LINE
  5
3F
330
17
100
AcDbEntity
  8
CUT
100
AcDbLine
 10
91.58964722222208
 20
50.561238888888795
 30
0.0
 11
93.12599444444447
 21
50.867097222222185
 31
0.0
  0
LINE
  5
40
330
17
100
AcDbEntity
  8
CUT
100
AcDbLine
 10
100.67649722222211
 20
49.364969444444284
 30
0.0
 11
101.97895277777786
 21
48.49466666666672
 31
0.0
  0
LINE
  5
41
330
17
100
AcDbEntity
  8
CUT
100
AcDbLine
 10
82.71375833333326
 20
9.500727777777797
 30
0.0
 11
82.71375833333326
 21
38.994008333333284
 31
0.0
  0
LINE
  5
42
330
17
100
AcDbEntity
  8
CUT
100
AcDbLine
 10
9.500727777777797
 20
43.86057777777779
 30
0.0
 11
9.500727777777797
 21
29.504286111111128
 31
0.0
  0
LINE
  5
43
330
17
100
AcDbEntity
  8
CUT
100
AcDbLine
 10
83.12192222222217
 20
42.09351388888888
 30
0.0
 11
83.6253361111111
 21
43.57694444444439
 31
0.0
  0
LINE
  5
44
330
17
100
AcDbEntity
  8
CUT
100
AcDbLine
 10
6.5
 20
48.436811111111126
 30
0.0
 11
13.471241666666685
 21
45.40609722222223
 31
0.0
  0
LINE
  5
45
330
17
100
AcDbEntity
  8
CUT
100
AcDbLine
 10
116.66615000000002
 20
9.500727777777797
 30
0.0
 11
116.66615000000002
 21
6.5
 31
0.0
  0
LINE
  5
46
330
17
100
AcDbEntity
  8
CUT
100
AcDbLine
 10
103.15687777777782
 20
47.46208611111109
 30
0.0
 11
104.18945833333328
 21
46.284161111111075
 31
0.0
  0
LINE
  5
47
330
17
100
AcDbEntity
  8
CUT
100
AcDbLine
 10
104.18945833333328
 20
46.284161111111075
 30
0.0
 11
105.05976111111113
 21
44.98170555555561
 31
0.0
  0
LINE
  5
48
330
17
100
AcDbEntity
  8
CUT
100
AcDbLine
 10
101.97895277777786
 20
48.49466666666672
 30
0.0
 11
103.15687777777782
 21
47.46208611111109
 31
0.0
  0
LINE
  5
49
330
17
100
AcDbEntity
  8
CUT
100
AcDbLine
 10
12.274972222222175
 20
42.65443055555562
 30
0.0
 11
9.500727777777797
 21
43.86057777777779
 31
0.0
  0
LINE
  5
4A
330
17
100
AcDbEntity
  8
CUT
100
AcDbLine
 10
159.61402222222216
 20
9.500727777777797
 30
0.0
 11
159.61402222222216
 21
6.5
 31
0.0
  0
LINE
  5
4B
330
17
100
AcDbEntity
  8
CUT
100
AcDbLine
 10
99.27173611111118
 20
50.05782499999998
 30
0.0
 11
100.67649722222211
 21
49.364969444444284
 31
0.0
  0
LINE
  5
4C
330
17
100
AcDbEntity
  8
CUT
100
AcDbLine
 10
94.68915277777785
 20
50.969402777777816
 30
0.0
 11
96.25195833333328
 21
50.867097222222185
 31
0.0
  0
LINE
  5
4D
330
17
100
AcDbEntity
  8
CUT
100
AcDbLine
 10
6.5
 20
29.504286111111128
 30
0.0
 11
6.5
 21
19.502330555555517
 31
0.0
  0
LINE
  5
4E
330
17
100
AcDbEntity
  8
CUT
100
AcDbLine
 10
9.500727777777797
 20
19.502330555555517
 30
0.0
 11
9.500727777777797
 21
9.500727777777797
 31
0.0
  0
LINE
  5
4F
330
17
100
AcDbEntity
  8
CUT
100
AcDbLine
 10
176.61755833333336
 20
76.57471944444438
 30
0.0
 11
176.61755833333336
 21
86.57667500000002
 31
0.0
  0
LINE
  5
50
330
17
100
AcDbEntity
  8
CUT
100
AcDbLine
 10
176.61755833333336
 20
19.502330555555517
 30
0.0
 11
176.61755833333336
 21
29.504286111111128
 31
0.0
  0
LINE
  5
51
330
17
100
AcDbEntity
  8
CUT
100
AcDbLine
 10
83.6253361111111
 20
43.57694444444439
 30
0.0
 11
84.31819166666679
 21
44.98170555555561
 31
0.0
  0
LINE
  5
52
330
17
100
AcDbEntity
  8
CUT
100
AcDbLine
 10
62.71019999999987
 20
9.500727777777797
 30
0.0
 11
62.71019999999987
 21
6.5
 31
0.0
  0
LINE
  5
53
330
17
100
AcDbEntity
  8
CUT
100
AcDbLine
 10
169.61597777777774
 20
6.5
 30
0.0
 11
169.61597777777774
 21
9.500727777777797
 31
0.0
  0
LINE
  5
54
330
17
100
AcDbEntity
  8
CUT
100
AcDbLine
 10
106.5615361111112
 20
40.55716666666672
 30
0.0
 11
106.66419444444432
 21
38.994008333333284
 31
0.0
  0
LINE
  5
55
330
17
100
AcDbEntity
  8
CUT
100
AcDbLine
 10
6.5
 20
96.57863055555549
 30
0.0
 11
6.5
 21
86.57667500000002
 31
0.0
  0
LINE
  5
56
330
17
100
AcDbEntity
  8
CUT
100
AcDbLine
 10
19.761975000000007
 20
9.500727777777797
 30
0.0
 11
19.761975000000007
 21
6.5
 31
0.0
  0
LINE
  5
57
330
17
100
AcDbEntity
  8
CUT
100
AcDbLine
 10
88.70145555555558
 20
49.364969444444284
 30
0.0
 11
90.10656944444446
 21
50.05782499999998
 31
0.0
  0
LINE
  5
58
330
17
100
AcDbEntity
  8
CUT
100
AcDbLine
 10
82.71375833333326
 20
38.994008333333284
 30
0.0
 11
82.81641666666667
 21
40.55716666666672
 31
0.0
  0
LINE
  5
59
330
17
100
AcDbEntity
  8
CUT
100
AcDbLine
 10
6.5
 20
76.57471944444438
 30
0.0
 11
6.5
 21
48.436811111111126
 31
0.0
  0
LINE
  5
5A
330
17
100
AcDbEntity
  8
CUT
100
AcDbLine
 10
179.6179333333332
 20
86.57667500000002
 30
0.0
 11
179.6179333333332
 21
96.57863055555549
 31
0.0
  0
LINE
  5
5B
330
17
100
AcDbEntity
  8
CUT
100
AcDbLine
 10
179.6179333333332
 20
29.504286111111128
 30
0.0
 11
179.6179333333332
 21
76.57471944444438
 31
0.0
  0
LINE
  5
5C
330
17
100
AcDbEntity
  8
CUT
100
AcDbLine
 10
90.10656944444446
 20
50.05782499999998
 30
0.0
 11
91.58964722222208
 21
50.561238888888795
 31
0.0
  0
LINE
  5
5D
330
17
100
AcDbEntity
  8
CUT
100
AcDbLine
 10
72.71215555555557
 20
6.5
 30
0.0
 11
72.71215555555557
 21
9.500727777777797
 31
0.0
  0
LINE
  5
5E
330
17
100
AcDbEntity
  8
CUT
100
AcDbLine
 10
96.25195833333328
 20
50.867097222222185
 30
0.0
 11
97.78865833333339
 21
50.561238888888795
 31
0.0
  0
LINE
  5
5F
330
17
100
AcDbEntity
  8
CUT
100
AcDbLine
 10
82.81641666666667
 20
40.55716666666672
 30
0.0
 11
83.12192222222217
 21
42.09351388888888
 31
0.0
  0
LINE
  5
60
330
17
100
AcDbEntity
  8
CUT
100
AcDbLine
 10
126.6681055555556
 20
6.5
 30
0.0
 11
126.6681055555556
 21
9.500727777777797
 31
0.0
  0
LINE
  5
61
330
17
100
AcDbEntity
  8
CUT
100
AcDbLine
 10
105.75261666666665
 20
43.57694444444439
 30
0.0
 11
106.25603055555564
 21
42.09351388888888
 31
0.0
  0
LINE
  5
62
330
17
100
AcDbEntity
  8
CUT
100
AcDbLine
 10
13.471241666666685
 20
45.40609722222223
 30
0.0
 11
12.274972222222175
 21
42.65443055555562
 31
0.0
  0
LINE
  5
63
330
17
100
AcDbEntity
  8
CUT
100
AcDbLine
 10
93.12599444444447
 20
50.867097222222185
 30
0.0
 11
94.68915277777785
 21
50.969402777777816
 31
0.0
  0
LINE
  5
64
330
17
100
AcDbEntity
  8
CUT
100
AcDbLine
 10
97.78865833333339
 20
50.561238888888795
 30
0.0
 11
99.27173611111118
 21
50.05782499999998
 31
0.0
  0
LINE
  5
65
330
17
100
AcDbEntity
  8
CUT
100
AcDbLine
 10
87.399
 20
48.49466666666672
 30
0.0
 11
88.70145555555558
 21
49.364969444444284
 31
0.0
  0
LINE
  5
66
330
17
100
AcDbEntity
  8
CUT
100
AcDbLine
 10
62.71019999999987
 20
6.5
 30
0.0
 11
72.71215555555557
 21
6.5
 31
0.0
  0
LINE
  5
67
330
17
100
AcDbEntity
  8
CUT
100
AcDbLine
 10
159.61402222222216
 20
6.5
 30
0.0
 11
169.61597777777774
 21
6.5
 31
0.0
  0
LINE
  5
68
330
17
100
AcDbEntity
  8
CUT
100
AcDbLine
 10
19.761975000000007
 20
6.5
 30
0.0
 11
29.76393055555559
 21
6.5
 31
0.0
  0
LINE
  5
69
330
17
100
AcDbEntity
  8
CUT
100
AcDbLine
 10
116.66615000000002
 20
6.5
 30
0.0
 11
126.6681055555556
 21
6.5
 31
0.0
  0
LINE
  5
6A
330
17
100
AcDbEntity
  8
CUT
100
AcDbLine
 10
176.61755833333336
 20
86.57667500000002
 30
0.0
 11
179.6179333333332
 21
86.57667500000002
 31
0.0
  0
LINE
  5
6B
330
17
100
AcDbEntity
  8
CUT
100
AcDbLine
 10
6.5
 20
86.57667500000002
 30
0.0
 11
9.500727777777797
 21
86.57667500000002
 31
0.0
  0
LINE
  5
6C
330
17
100
AcDbEntity
  8
CUT
100
AcDbLine
 10
169.61597777777774
 20
9.500727777777797
 30
0.0
 11
179.6179333333332
 21
9.500727777777797
 31
0.0
  0
LINE
  5
6D
330
17
100
AcDbEntity
  8
CUT
100
AcDbLine
 10
29.76393055555559
 20
9.500727777777797
 30
0.0
 11
62.71019999999987
 21
9.500727777777797
 31
0.0
  0
LINE
  5
6E
330
17
100
AcDbEntity
  8
CUT
100
AcDbLine
 10
72.71215555555557
 20
9.500727777777797
 30
0.0
 11
82.71375833333326
 21
9.500727777777797
 31
0.0
  0
LINE
  5
6F
330
17
100
AcDbEntity
  8
CUT
100
AcDbLine
 10
106.66419444444432
 20
9.500727777777797
 30
0.0
 11
116.66615000000002
 21
9.500727777777797
 31
0.0
  0
LINE
  5
70
330
17
100
AcDbEntity
  8
CUT
100
AcDbLine
 10
126.6681055555556
 20
9.500727777777797
 30
0.0
 11
159.61402222222216
 21
9.500727777777797
 31
0.0
  0
LINE
  5
71
330
17
100
AcDbEntity
  8
CUT
100
AcDbLine
 10
9.500727777777797
 20
9.500727777777797
 30
0.0
 11
19.761975000000007
 21
9.500727777777797
 31
0.0
  0
LINE
  5
72
330
17
100
AcDbEntity
  8
CUT
100
AcDbLine
 10
179.6179333333332
 20
96.57863055555549
 30
0.0
 11
6.5
 21
96.57863055555549
 31
0.0
  0
LINE
  5
73
330
17
100
AcDbEntity
  8
CUT
100
AcDbLine
 10
179.6179333333332
 20
76.57471944444438
 30
0.0
 11
176.61755833333336
 21
76.57471944444438
 31
0.0
  0
LINE
  5
74
330
17
100
AcDbEntity
  8
CUT
100
AcDbLine
 10
9.500727777777797
 20
76.57471944444438
 30
0.0
 11
6.5
 21
76.57471944444438
 31
0.0
  0
LINE
  5
75
330
17
100
AcDbEntity
  8
CUT
100
AcDbLine
 10
9.500727777777797
 20
29.504286111111128
 30
0.0
 11
6.5
 21
29.504286111111128
 31
0.0
  0
LINE
  5
76
330
17
100
AcDbEntity
  8
CUT
100
AcDbLine
 10
176.61755833333336
 20
29.504286111111128
 30
0.0
 11
179.6179333333332
 21
29.504286111111128
 31
0.0
  0
LINE
  5
77
330
17
100
AcDbEntity
  8
CUT
100
AcDbLine
 10
6.5
 20
19.502330555555517
 30
0.0
 11
9.500727777777797
 21
19.502330555555517
 31
0.0
  0
LINE
  5
78
330
17
100
AcDbEntity
  8
CUT
100
AcDbLine
 10
179.6179333333332
 20
19.502330555555517
 30
0.0
 11
176.61755833333336
 21
19.502330555555517
 31
0.0
  0
LINE
  5
79
330
17
100
AcDbEntity
  8
CUT
100
AcDbLine
 10
123.84023888888896
 20
19.953533333333326
 30
0.0
 11
123.84023888888896
 21
45.83930833333329
 31
0.0
  0
LINE
  5
7A
330
17
100
AcDbEntity
  8
CUT
100
AcDbLine
 10
141.89893333333328
 20
22.95390833333329
 30
0.0
 11
141.89893333333328
 21
19.953533333333326
 31
0.0
  0
LINE
  5
7B
330
17
100
AcDbEntity
  8
CUT
100
AcDbLine
 10
169.95993611111123
 20
45.83930833333329
 30
0.0
 11
169.95993611111123
 21
19.953533333333326
 31
0.0
  0
LINE
  5
7C
330
17
100
AcDbEntity
  8
CUT
100
AcDbLine
 10
151.9012416666667
 20
19.953533333333326
 30
0.0
 11
151.9012416666667
 21
22.95390833333329
 31
0.0
  0
LINE
  5
7D
330
17
100
AcDbEntity
  8
CUT
100
AcDbLine
 10
155.91514722222212
 20
56.51895000000002
 30
0.0
 11
169.95993611111123
 21
45.83930833333329
 31
0.0
  0
LINE
  5
7E
330
17
100
AcDbEntity
  8
CUT
100
AcDbLine
 10
123.84023888888896
 20
45.83930833333329
 30
0.0
 11
137.88502777777785
 21
56.51895000000002
 31
0.0
  0
LINE
  5
7F
330
17
100
AcDbEntity
  8
CUT
100
AcDbLine
 10
169.95993611111123
 20
19.953533333333326
 30
0.0
 11
151.9012416666667
 21
19.953533333333326
 31
0.0
  0
LINE
  5
80
330
17
100
AcDbEntity
  8
CUT
100
AcDbLine
 10
141.89893333333328
 20
19.953533333333326
 30
0.0
 11
123.84023888888896
 21
19.953533333333326
 31
0.0
  0
LINE
  5
81
330
17
100
AcDbEntity
  8
CUT
100
AcDbLine
 10
151.9012416666667
 20
22.95390833333329
 30
0.0
 11
141.89893333333328
 21
22.95390833333329
 31
0.0
  0
LINE
  5
82
330
17
100
AcDbEntity
  8
CUT
100
AcDbLine
 10
137.88502777777785
 20
56.51895000000002
 30
0.0
 11
155.91514722222212
 21
56.51895000000002
 31
0.0
  0
LINE
  5
83
330
17
100
AcDbEntity
  8
CUT
100
AcDbLine
 10
40.977677777777785
 20
68.00221944444428
 30
0.0
 11
40.977677777777785
 21
71.00259444444441
 31
0.0
  0
LINE
  5
84
330
17
100
AcDbEntity
  8
CUT
100
AcDbLine
 10
43.97840555555558
 20
71.00259444444441
 30
0.0
 11
43.97840555555558
 21
68.00221944444428
 31
0.0
  0
LINE
  5
85
330
17
100
AcDbEntity
  8
CUT
100
AcDbLine
 10
58.9813388888889
 20
85.875
 30
0.0
 11
58.9813388888889
 21
71.00259444444441
 31
0.0
  0
LINE
  5
86
330
17
100
AcDbEntity
  8
CUT
100
AcDbLine
 10
40.977677777777785
 20
85.875
 30
0.0
 11
40.977677777777785
 21
88.8753749999999
 31
0.0
  0
LINE
  5
87
330
17
100
AcDbEntity
  8
CUT
100
AcDbLine
 10
43.97840555555558
 20
88.8753749999999
 30
0.0
 11
43.97840555555558
 21
85.875
 31
0.0
  0
LINE
  5
88
330
17
100
AcDbEntity
  8
CUT
100
AcDbLine
 10
25.974744444444468
 20
71.00259444444441
 30
0.0
 11
25.974744444444468
 21
85.875
 31
0.0
  0
LINE
  5
89
330
17
100
AcDbEntity
  8
CUT
100
AcDbLine
 10
43.97840555555558
 20
85.875
 30
0.0
 11
58.9813388888889
 21
85.875
 31
0.0
  0
LINE
  5
8A
330
17
100
AcDbEntity
  8
CUT
100
AcDbLine
 10
25.974744444444468
 20
85.875
 30
0.0
 11
40.977677777777785
 21
85.875
 31
0.0
  0
LINE
  5
8B
330
17
100
AcDbEntity
  8
CUT
100
AcDbLine
 10
43.97840555555558
 20
68.00221944444428
 30
0.0
 11
40.977677777777785
 21
68.00221944444428
 31
0.0
  0
LINE
  5
8C
330
17
100
AcDbEntity
  8
CUT
100
AcDbLine
 10
58.9813388888889
 20
71.00259444444441
 30
0.0
 11
43.97840555555558
 21
71.00259444444441
 31
0.0
  0
LINE
  5
8D
330
17
100
AcDbEntity
  8
CUT
100
AcDbLine
 10
40.977677777777785
 20
71.00259444444441
 30
0.0
 11
25.974744444444468
 21
71.00259444444441
 31
0.0
  0
LINE
  5
8E
330
17
100
AcDbEntity
  8
CUT
100
AcDbLine
 10
40.977677777777785
 20
88.8753749999999
 30
0.0
 11
43.97840555555558
 21
88.8753749999999
 31
0.0
  0
LINE
  5
8F
330
17
100
AcDbEntity
  8
CUT
100
AcDbLine
 10
148.40027500000008
 20
71.00259444444441
 30
0.0
 11
148.40027500000008
 21
68.00221944444428
 31
0.0
  0
LINE
  5
90
330
17
100
AcDbEntity
  8
CUT
100
AcDbLine
 10
145.3999
 20
68.00221944444428
 30
0.0
 11
145.3999
 21
71.00259444444441
 31
0.0
  0
LINE
  5
91
330
17
100
AcDbEntity
  8
CUT
100
AcDbLine
 10
163.40320833333328
 20
85.875
 30
0.0
 11
163.40320833333328
 21
71.00259444444441
 31
0.0
  0
LINE
  5
92
330
17
100
AcDbEntity
  8
CUT
100
AcDbLine
 10
130.39661388888896
 20
71.00259444444441
 30
0.0
 11
130.39661388888896
 21
85.875
 31
0.0
  0
LINE
  5
93
330
17
100
AcDbEntity
  8
CUT
100
AcDbLine
 10
148.40027500000008
 20
88.8753749999999
 30
0.0
 11
148.40027500000008
 21
85.875
 31
0.0
  0
LINE
  5
94
330
17
100
AcDbEntity
  8
CUT
100
AcDbLine
 10
145.3999
 20
85.875
 30
0.0
 11
145.3999
 21
88.8753749999999
 31
0.0
  0
LINE
  5
95
330
17
100
AcDbEntity
  8
CUT
100
AcDbLine
 10
148.40027500000008
 20
85.875
 30
0.0
 11
163.40320833333328
 21
85.875
 31
0.0
  0
LINE
  5
96
330
17
100
AcDbEntity
  8
CUT
100
AcDbLine
 10
130.39661388888896
 20
85.875
 30
0.0
 11
145.3999
 21
85.875
 31
0.0
  0
LINE
  5
97
330
17
100
AcDbEntity
  8
CUT
100
AcDbLine
 10
148.40027500000008
 20
68.00221944444428
 30
0.0
 11
145.3999
 21
68.00221944444428
 31
0.0
  0
LINE
  5
98
330
17
100
AcDbEntity
  8
CUT
100
AcDbLine
 10
163.40320833333328
 20
71.00259444444441
 30
0.0
 11
148.40027500000008
 21
71.00259444444441
 31
0.0
  0
LINE
  5
99
330
17
100
AcDbEntity
  8
CUT
100
AcDbLine
 10
145.3999
 20
71.00259444444441
 30
0.0
 11
130.39661388888896
 21
71.00259444444441
 31
0.0
  0
LINE
  5
9A
330
17
100
AcDbEntity
  8
CUT
100
AcDbLine
 10
145.3999
 20
88.8753749999999
 30
0.0
 11
148.40027500000008
 21
88.8753749999999
 31
0.0
  0
LINE
  5
9B
330
17
100
AcDbEntity
  8
CUT
100
AcDbLine
 10
51.49327777777779
 20
56.51895000000002
 30
0.0
 11
65.53806666666668
 21
45.83930833333329
 31
0.0
  0
LINE
  5
9C
330
17
100
AcDbEntity
  8
CUT
100
AcDbLine
 10
19.418016666666688
 20
45.83930833333329
 30
0.0
 11
33.462805555555576
 21
56.51895000000002
 31
0.0
  0
LINE
  5
9D
330
17
100
AcDbEntity
  8
CUT
100
AcDbLine
 10
37.47706388888889
 20
22.95390833333329
 30
0.0
 11
37.47706388888889
 21
19.953533333333326
 31
0.0
  0
LINE
  5
9E
330
17
100
AcDbEntity
  8
CUT
100
AcDbLine
 10
19.418016666666688
 20
19.953533333333326
 30
0.0
 11
19.418016666666688
 21
45.83930833333329
 31
0.0
  0
LINE
  5
9F
330
17
100
AcDbEntity
  8
CUT
100
AcDbLine
 10
65.53806666666668
 20
45.83930833333329
 30
0.0
 11
65.53806666666668
 21
19.953533333333326
 31
0.0
  0
LINE
  5
A0
330
17
100
AcDbEntity
  8
CUT
100
AcDbLine
 10
47.479019444444475
 20
19.953533333333326
 30
0.0
 11
47.479019444444475
 21
22.95390833333329
 31
0.0
  0
LINE
  5
A1
330
17
100
AcDbEntity
  8
CUT
100
AcDbLine
 10
65.53806666666668
 20
19.953533333333326
 30
0.0
 11
47.479019444444475
 21
19.953533333333326
 31
0.0
  0
LINE
  5
A2
330
17
100
AcDbEntity
  8
CUT
100
AcDbLine
 10
37.47706388888889
 20
19.953533333333326
 30
0.0
 11
19.418016666666688
 21
19.953533333333326
 31
0.0
  0
LINE
  5
A3
330
17
100
AcDbEntity
  8
CUT
100
AcDbLine
 10
47.479019444444475
 20
22.95390833333329
 30
0.0
 11
37.47706388888889
 21
22.95390833333329
 31
0.0
  0
LINE
  5
A4
330
17
100
AcDbEntity
  8
CUT
100
AcDbLine
 10
33.462805555555576
 20
56.51895000000002
 30
0.0
 11
51.49327777777779
 21
56.51895000000002
 31
0.0
  0
CIRCLE
  5
A5
330
17
100
AcDbEntity
  8
CUT
100
AcDbCircle
 10
94.68915277777785
 20
58.90014764214908
 30
0.0
 40
2.499999999999993
  0
LINE
  5
A6
330
17
100
AcDbEntity
  8
ENGRAVE
100
AcDbLine
 10
105.97117826326689
 20
72.44731277201123
 30
0.0
 11
108.77113553865752
 21
72.44731277201123
 31
0.0
  0
LINE
  5
A7
330
17
100
AcDbEntity
  8
ENGRAVE
100
AcDbLine
 10
108.77113553865752
 20
72.44731277201123
 30
0.0
 11
109.47112485750517
 21
73.84729140970654
 31
0.0
  0
LINE
  5
A8
330
17
100
AcDbEntity
  8
ENGRAVE
100
AcDbLine
 10
109.47112485750517
 20
73.84729140970654
 30
0.0
 11
109.47112485750517
 21
78.04722732279248
 31
0.0
  0
LINE
  5
A9
330
17
100
AcDbEntity
  8
ENGRAVE
100
AcDbLine
 10
109.47112485750517
 20
78.04722732279248
 30
0.0
 11
108.77113553865752
 21
79.44720596048779
 31
0.0
  0
LINE
  5
AA
330
17
100
AcDbEntity
  8
ENGRAVE
100
AcDbLine
 10
108.77113553865752
 20
79.44720596048779
 30
0.0
 11
105.97117826326689
 21
79.44720596048779
 31
0.0
  0
LINE
  5
AB
330
17
100
AcDbEntity
  8
ENGRAVE
100
AcDbLine
 10
105.97117826326689
 20
79.44720596048779
 30
0.0
 11
105.27118894441924
 21
78.04722732279248
 31
0.0
  0
LINE
  5
AC
330
17
100
AcDbEntity
  8
ENGRAVE
100
AcDbLine
 10
105.27118894441924
 20
78.04722732279248
 30
0.0
 11
105.27118894441924
 21
73.84729140970654
 31
0.0
  0
LINE
  5
AD
330
17
100
AcDbEntity
  8
ENGRAVE
100
AcDbLine
 10
105.27118894441924
 20
73.84729140970654
 30
0.0
 11
105.97117826326689
 21
72.44731277201123
 31
0.0
  0
LINE
  5
AE
330
17
100
AcDbEntity
  8
ENGRAVE
100
AcDbLine
 10
114.37105008943877
 20
79.44720596048779
 30
0.0
 11
112.2710821328958
 21
79.44720596048779
 31
0.0
  0
LINE
  5
AF
330
17
100
AcDbEntity
  8
ENGRAVE
100
AcDbLine
 10
112.2710821328958
 20
79.44720596048779
 30
0.0
 11
110.87110349520049
 21
77.34723800394482
 31
0.0
  0
LINE
  5
B0
330
17
100
AcDbEntity
  8
ENGRAVE
100
AcDbLine
 10
110.87110349520049
 20
77.34723800394482
 30
0.0
 11
110.87110349520049
 21
73.84729140970654
 31
0.0
  0
LINE
  5
B1
330
17
100
AcDbEntity
  8
ENGRAVE
100
AcDbLine
 10
110.87110349520049
 20
73.84729140970654
 30
0.0
 11
111.57109281404814
 21
72.44731277201123
 31
0.0
  0
LINE
  5
B2
330
17
100
AcDbEntity
  8
ENGRAVE
100
AcDbLine
 10
111.57109281404814
 20
72.44731277201123
 30
0.0
 11
114.37105008943877
 21
72.44731277201123
 31
0.0
  0
LINE
  5
B3
330
17
100
AcDbEntity
  8
ENGRAVE
100
AcDbLine
 10
114.37105008943877
 20
72.44731277201123
 30
0.0
 11
115.07103940828642
 21
73.84729140970654
 31
0.0
  0
LINE
  5
B4
330
17
100
AcDbEntity
  8
ENGRAVE
100
AcDbLine
 10
115.07103940828642
 20
73.84729140970654
 30
0.0
 11
115.07103940828642
 21
74.89727538797803
 31
0.0
  0
LINE
  5
B5
330
17
100
AcDbEntity
  8
ENGRAVE
100
AcDbLine
 10
115.07103940828642
 20
74.89727538797803
 30
0.0
 11
114.37105008943877
 21
75.94725936624951
 31
0.0
  0
LINE
  5
B6
330
17
100
AcDbEntity
  8
ENGRAVE
100
AcDbLine
 10
114.37105008943877
 20
75.94725936624951
 30
0.0
 11
111.57109281404814
 21
75.94725936624951
 31
0.0
  0
LINE
  5
B7
330
17
100
AcDbEntity
  8
ENGRAVE
100
AcDbLine
 10
111.57109281404814
 20
75.94725936624951
 30
0.0
 11
110.87110349520049
 21
74.89727538797803
 31
0.0
  0
LINE
  5
B8
330
17
100
AcDbEntity
  8
CUT
100
AcDbLine
 10
185.618661111111
 20
86.57667500000002
 30
0.0
 11
185.618661111111
 21
76.57471944444438
 31
0.0
  0
LINE
  5
B9
330
17
100
AcDbEntity
  8
CUT
100
AcDbLine
 10
260.436125
 20
44.98170555555561
 30
0.0
 11
261.30642777777757
 21
46.284161111111075
 31
0.0
  0
LINE
  5
BA
330
17
100
AcDbEntity
  8
CUT
100
AcDbLine
 10
355.7358666666664
 20
9.500727777777797
 30
0.0
 11
355.7358666666664
 21
19.502330555555517
 31
0.0
  0
LINE
  5
BB
330
17
100
AcDbEntity
  8
CUT
100
AcDbLine
 10
282.37396388888885
 20
42.09351388888888
 30
0.0
 11
282.6794694444444
 21
40.55716666666672
 31
0.0
  0
LINE
  5
BC
330
17
100
AcDbEntity
  8
CUT
100
AcDbLine
 10
282.78212777777753
 20
38.994008333333284
 30
0.0
 11
282.78212777777753
 21
9.500727777777797
 31
0.0
  0
LINE
  5
BD
330
17
100
AcDbEntity
  8
CUT
100
AcDbLine
 10
261.30642777777757
 20
46.284161111111075
 30
0.0
 11
262.339361111111
 21
47.46208611111109
 31
0.0
  0
LINE
  5
BE
330
17
100
AcDbEntity
  8
CUT
100
AcDbLine
 10
262.339361111111
 20
47.46208611111109
 30
0.0
 11
263.5169333333332
 21
48.49466666666672
 31
0.0
  0
LINE
  5
BF
330
17
100
AcDbEntity
  8
CUT
100
AcDbLine
 10
281.17769444444434
 20
44.98170555555561
 30
0.0
 11
281.87054999999987
 21
43.57694444444439
 31
0.0
  0
LINE
  5
C0
330
17
100
AcDbEntity
  8
CUT
100
AcDbLine
 10
205.8818638888888
 20
6.5
 30
0.0
 11
205.8818638888888
 21
9.500727777777797
 31
0.0
  0
LINE
  5
C1
330
17
100
AcDbEntity
  8
CUT
100
AcDbLine
 10
267.7075805555553
 20
50.561238888888795
 30
0.0
 11
269.2439277777777
 21
50.867097222222185
 31
0.0
  0
LINE
  5
C2
330
17
100
AcDbEntity
  8
CUT
100
AcDbLine
 10
276.7944305555553
 20
49.364969444444284
 30
0.0
 11
278.0968861111111
 21
48.49466666666672
 31
0.0
  0
LINE
  5
C3
330
17
100
AcDbEntity
  8
CUT
100
AcDbLine
 10
258.8316916666665
 20
9.500727777777797
 30
0.0
 11
258.8316916666665
 21
38.994008333333284
 31
0.0
  0
LINE
  5
C4
330
17
100
AcDbEntity
  8
CUT
100
AcDbLine
 10
185.618661111111
 20
43.86057777777779
 30
0.0
 11
185.618661111111
 21
29.504286111111128
 31
0.0
  0
LINE
  5
C5
330
17
100
AcDbEntity
  8
CUT
100
AcDbLine
 10
259.2398555555554
 20
42.09351388888888
 30
0.0
 11
259.7432694444443
 21
43.57694444444439
 31
0.0
  0
LINE
  5
C6
330
17
100
AcDbEntity
  8
CUT
100
AcDbLine
 10
182.6179333333332
 20
48.436811111111126
 30
0.0
 11
189.5891749999999
 21
45.40609722222223
 31
0.0
  0
LINE
  5
C7
330
17
100
AcDbEntity
  8
CUT
100
AcDbLine
 10
292.78408333333323
 20
9.500727777777797
 30
0.0
 11
292.78408333333323
 21
6.5
 31
0.0
  0
LINE
  5
C8
330
17
100
AcDbEntity
  8
CUT
100
AcDbLine
 10
279.27481111111103
 20
47.46208611111109
 30
0.0
 11
280.3073916666665
 21
46.284161111111075
 31
0.0
  0
LINE
  5
C9
330
17
100
AcDbEntity
  8
CUT
100
AcDbLine
 10
280.3073916666665
 20
46.284161111111075
 30
0.0
 11
281.17769444444434
 21
44.98170555555561
 31
0.0
  0
LINE
  5
CA
330
17
100
AcDbEntity
  8
CUT
100
AcDbLine
 10
278.0968861111111
 20
48.49466666666672
 30
0.0
 11
279.27481111111103
 21
47.46208611111109
 31
0.0
  0
LINE
  5
CB
330
17
100
AcDbEntity
  8
CUT
100
AcDbLine
 10
188.3929055555554
 20
42.65443055555562
 30
0.0
 11
185.618661111111
 21
43.86057777777779
 31
0.0
  0
LINE
  5
CC
330
17
100
AcDbEntity
  8
CUT
100
AcDbLine
 10
335.7319555555554
 20
9.500727777777797
 30
0.0
 11
335.7319555555554
 21
6.5
 31
0.0
  0
LINE
  5
CD
330
17
100
AcDbEntity
  8
CUT
100
AcDbLine
 10
275.3896694444444
 20
50.05782499999998
 30
0.0
 11
276.7944305555553
 21
49.364969444444284
 31
0.0
  0
LINE
  5
CE
330
17
100
AcDbEntity
  8
CUT
100
AcDbLine
 10
270.80708611111106
 20
50.969402777777816
 30
0.0
 11
272.3698916666665
 21
50.867097222222185
 31
0.0
  0
LINE
  5
CF
330
17
100
AcDbEntity
  8
CUT
100
AcDbLine
 10
182.6179333333332
 20
29.504286111111128
 30
0.0
 11
182.6179333333332
 21
19.502330555555517
 31
0.0
  0
LINE
  5
D0
330
17
100
AcDbEntity
  8
CUT
100
AcDbLine
 10
185.618661111111
 20
19.502330555555517
 30
0.0
 11
185.618661111111
 21
9.500727777777797
 31
0.0
  0
LINE
  5
D1
330
17
100
AcDbEntity
  8
CUT
100
AcDbLine
 10
352.7354916666666
 20
76.57471944444438
 30
0.0
 11
352.7354916666666
 21
86.57667500000002
 31
0.0
  0
LINE
  5
D2
330
17
100
AcDbEntity
  8
CUT
100
AcDbLine
 10
352.7354916666666
 20
19.502330555555517
 30
0.0
 11
352.7354916666666
 21
29.504286111111128
 31
0.0
  0
LINE
  5
D3
330
17
100
AcDbEntity
  8
CUT
100
AcDbLine
 10
259.7432694444443
 20
43.57694444444439
 30
0.0
 11
260.436125
 21
44.98170555555561
 31
0.0
  0
LINE
  5
D4
330
17
100
AcDbEntity
  8
CUT
100
AcDbLine
 10
238.82813333333308
 20
9.500727777777797
 30
0.0
 11
238.82813333333308
 21
6.5
 31
0.0
  0
LINE
  5
D5
330
17
100
AcDbEntity
  8
CUT
100
AcDbLine
 10
345.73391111111096
 20
6.5
 30
0.0
 11
345.73391111111096
 21
9.500727777777797
 31
0.0
  0
LINE
  5
D6
330
17
100
AcDbEntity
  8
CUT
100
AcDbLine
 10
282.6794694444444
 20
40.55716666666672
 30
0.0
 11
282.78212777777753
 21
38.994008333333284
 31
0.0
  0
LINE
  5
D7
330
17
100
AcDbEntity
  8
CUT
100
AcDbLine
 10
182.6179333333332
 20
96.57863055555549
 30
0.0
 11
182.6179333333332
 21
86.57667500000002
 31
0.0
  0
LINE
  5
D8
330
17
100
AcDbEntity
  8
CUT
100
AcDbLine
 10
195.87990833333322
 20
9.500727777777797
 30
0.0
 11
195.87990833333322
 21
6.5
 31
0.0
  0
LINE
  5
D9
330
17
100
AcDbEntity
  8
CUT
100
AcDbLine
 10
264.8193888888888
 20
49.364969444444284
 30
0.0
 11
266.2245027777777
 21
50.05782499999998
 31
0.0
  0
LINE
  5
DA
330
17
100
AcDbEntity
  8
CUT
100
AcDbLine
 10
258.8316916666665
 20
38.994008333333284
 30
0.0
 11
258.9343499999999
 21
40.55716666666672
 31
0.0
  0
LINE
  5
DB
330
17
100
AcDbEntity
  8
CUT
100
AcDbLine
 10
182.6179333333332
 20
76.57471944444438
 30
0.0
 11
182.6179333333332
 21
48.436811111111126
 31
0.0
  0
LINE
  5
DC
330
17
100
AcDbEntity
  8
CUT
100
AcDbLine
 10
355.7358666666664
 20
86.57667500000002
 30
0.0
 11
355.7358666666664
 21
96.57863055555549
 31
0.0
  0
LINE
  5
DD
330
17
100
AcDbEntity
  8
CUT
100
AcDbLine
 10
355.7358666666664
 20
29.504286111111128
 30
0.0
 11
355.7358666666664
 21
76.57471944444438
 31
0.0
  0
LINE
  5
DE
330
17
100
AcDbEntity
  8
CUT
100
AcDbLine
 10
266.2245027777777
 20
50.05782499999998
 30
0.0
 11
267.7075805555553
 21
50.561238888888795
 31
0.0
  0
LINE
  5
DF
330
17
100
AcDbEntity
  8
CUT
100
AcDbLine
 10
248.83008888888878
 20
6.5
 30
0.0
 11
248.83008888888878
 21
9.500727777777797
 31
0.0
  0
LINE
  5
E0
330
17
100
AcDbEntity
  8
CUT
100
AcDbLine
 10
272.3698916666665
 20
50.867097222222185
 30
0.0
 11
273.9065916666666
 21
50.561238888888795
 31
0.0
  0
LINE
  5
E1
330
17
100
AcDbEntity
  8
CUT
100
AcDbLine
 10
258.9343499999999
 20
40.55716666666672
 30
0.0
 11
259.2398555555554
 21
42.09351388888888
 31
0.0
  0
LINE
  5
E2
330
17
100
AcDbEntity
  8
CUT
100
AcDbLine
 10
302.7860388888888
 20
6.5
 30
0.0
 11
302.7860388888888
 21
9.500727777777797
 31
0.0
  0
LINE
  5
E3
330
17
100
AcDbEntity
  8
CUT
100
AcDbLine
 10
281.87054999999987
 20
43.57694444444439
 30
0.0
 11
282.37396388888885
 21
42.09351388888888
 31
0.0
  0
LINE
  5
E4
330
17
100
AcDbEntity
  8
CUT
100
AcDbLine
 10
189.5891749999999
 20
45.40609722222223
 30
0.0
 11
188.3929055555554
 21
42.65443055555562
 31
0.0
  0
LINE
  5
E5
330
17
100
AcDbEntity
  8
CUT
100
AcDbLine
 10
269.2439277777777
 20
50.867097222222185
 30
0.0
 11
270.80708611111106
 21
50.969402777777816
 31
0.0
  0
LINE
  5
E6
330
17
100
AcDbEntity
  8
CUT
100
AcDbLine
 10
273.9065916666666
 20
50.561238888888795
 30
0.0
 11
275.3896694444444
 21
50.05782499999998
 31
0.0
  0
LINE
  5
E7
330
17
100
AcDbEntity
  8
CUT
100
AcDbLine
 10
263.5169333333332
 20
48.49466666666672
 30
0.0
 11
264.8193888888888
 21
49.364969444444284
 31
0.0
  0
LINE
  5
E8
330
17
100
AcDbEntity
  8
CUT
100
AcDbLine
 10
238.82813333333308
 20
6.5
 30
0.0
 11
248.83008888888878
 21
6.5
 31
0.0
  0
LINE
  5
E9
330
17
100
AcDbEntity
  8
CUT
100
AcDbLine
 10
335.7319555555554
 20
6.5
 30
0.0
 11
345.73391111111096
 21
6.5
 31
0.0
  0
LINE
  5
EA
330
17
100
AcDbEntity
  8
CUT
100
AcDbLine
 10
195.87990833333322
 20
6.5
 30
0.0
 11
205.8818638888888
 21
6.5
 31
0.0
  0
LINE
  5
EB
330
17
100
AcDbEntity
  8
CUT
100
AcDbLine
 10
292.78408333333323
 20
6.5
 30
0.0
 11
302.7860388888888
 21
6.5
 31
0.0
  0
LINE
  5
EC
330
17
100
AcDbEntity
  8
CUT
100
AcDbLine
 10
352.7354916666666
 20
86.57667500000002
 30
0.0
 11
355.7358666666664
 21
86.57667500000002
 31
0.0
  0
LINE
  5
ED
330
17
100
AcDbEntity
  8
CUT
100
AcDbLine
 10
182.6179333333332
 20
86.57667500000002
 30
0.0
 11
185.618661111111
 21
86.57667500000002
 31
0.0
  0
LINE
  5
EE
330
17
100
AcDbEntity
  8
CUT
100
AcDbLine
 10
345.73391111111096
 20
9.500727777777797
 30
0.0
 11
355.7358666666664
 21
9.500727777777797
 31
0.0
  0
LINE
  5
EF
330
17
100
AcDbEntity
  8
CUT
100
AcDbLine
 10
205.8818638888888
 20
9.500727777777797
 30
0.0
 11
238.82813333333308
 21
9.500727777777797
 31
0.0
  0
LINE
  5
F0
330
17
100
AcDbEntity
  8
CUT
100
AcDbLine
 10
248.83008888888878
 20
9.500727777777797
 30
0.0
 11
258.8316916666665
 21
9.500727777777797
 31
0.0
  0
LINE
  5
F1
330
17
100
AcDbEntity
  8
CUT
100
AcDbLine
 10
282.78212777777753
 20
9.500727777777797
 30
0.0
 11
292.78408333333323
 21
9.500727777777797
 31
0.0
  0
LINE
  5
F2
330
17
100
AcDbEntity
  8
CUT
100
AcDbLine
 10
302.7860388888888
 20
9.500727777777797
 30
0.0
 11
335.7319555555554
 21
9.500727777777797
 31
0.0
  0
LINE
  5
F3
330
17
100
AcDbEntity
  8
CUT
100
AcDbLine
 10
185.618661111111
 20
9.500727777777797
 30
0.0
 11
195.87990833333322
 21
9.500727777777797
 31
0.0
  0
LINE
  5
F4
330
17
100
AcDbEntity
  8
CUT
100
AcDbLine
 10
355.7358666666664
 20
96.57863055555549
 30
0.0
 11
182.6179333333332
 21
96.57863055555549
 31
0.0
  0
LINE
  5
F5
330
17
100
AcDbEntity
  8
CUT
100
AcDbLine
 10
355.7358666666664
 20
76.57471944444438
 30
0.0
 11
352.7354916666666
 21
76.57471944444438
 31
0.0
  0
LINE
  5
F6
330
17
100
AcDbEntity
  8
CUT
100
AcDbLine
 10
185.618661111111
 20
76.57471944444438
 30
0.0
 11
182.6179333333332
 21
76.57471944444438
 31
0.0
  0
LINE
  5
F7
330
17
100
AcDbEntity
  8
CUT
100
AcDbLine
 10
185.618661111111
 20
29.504286111111128
 30
0.0
 11
182.6179333333332
 21
29.504286111111128
 31
0.0
  0
LINE
  5
F8
330
17
100
AcDbEntity
  8
CUT
100
AcDbLine
 10
352.7354916666666
 20
29.504286111111128
 30
0.0
 11
355.7358666666664
 21
29.504286111111128
 31
0.0
  0
LINE
  5
F9
330
17
100
AcDbEntity
  8
CUT
100
AcDbLine
 10
182.6179333333332
 20
19.502330555555517
 30
0.0
 11
185.618661111111
 21
19.502330555555517
 31
0.0
  0
LINE
  5
FA
330
17
100
AcDbEntity
  8
CUT
100
AcDbLine
 10
355.7358666666664
 20
19.502330555555517
 30
0.0
 11
352.7354916666666
 21
19.502330555555517
 31
0.0
  0
LINE
  5
FB
330
17
100
AcDbEntity
  8
CUT
100
AcDbLine
 10
299.9581722222222
 20
19.953533333333326
 30
0.0
 11
299.9581722222222
 21
45.83930833333329
 31
0.0
  0
LINE
  5
FC
330
17
100
AcDbEntity
  8
CUT
100
AcDbLine
 10
318.0168666666665
 20
22.95390833333329
 30
0.0
 11
318.0168666666665
 21
19.953533333333326
 31
0.0
  0
LINE
  5
FD
330
17
100
AcDbEntity
  8
CUT
100
AcDbLine
 10
346.07786944444445
 20
45.83930833333329
 30
0.0
 11
346.07786944444445
 21
19.953533333333326
 31
0.0
  0
LINE
  5
FE
330
17
100
AcDbEntity
  8
CUT
100
AcDbLine
 10
328.0191749999999
 20
19.953533333333326
 30
0.0
 11
328.0191749999999
 21
22.95390833333329
 31
0.0
  0
LINE
  5
FF
330
17
100
AcDbEntity
  8
CUT
100
AcDbLine
 10
332.03308055555533
 20
56.51895000000002
 30
0.0
 11
346.07786944444445
 21
45.83930833333329
 31
0.0
  0
LINE
  5
100
330
17
100
AcDbEntity
  8
CUT
100
AcDbLine
 10
299.9581722222222
 20
45.83930833333329
 30
0.0
 11
314.00296111111106
 21
56.51895000000002
 31
0.0
  0
LINE
  5
101
330
17
100
AcDbEntity
  8
CUT
100
AcDbLine
 10
346.07786944444445
 20
19.953533333333326
 30
0.0
 11
328.0191749999999
 21
19.953533333333326
 31
0.0
  0
LINE
  5
102
330
17
100
AcDbEntity
  8
CUT
100
AcDbLine
 10
318.0168666666665
 20
19.953533333333326
 30
0.0
 11
299.9581722222222
 21
19.953533333333326
 31
0.0
  0
LINE
  5
103
330
17
100
AcDbEntity
  8
CUT
100
AcDbLine
 10
328.0191749999999
 20
22.95390833333329
 30
0.0
 11
318.0168666666665
 21
22.95390833333329
 31
0.0
  0
LINE
  5
104
330
17
100
AcDbEntity
  8
CUT
100
AcDbLine
 10
314.00296111111106
 20
56.51895000000002
 30
0.0
 11
332.03308055555533
 21
56.51895000000002
 31
0.0
  0
LINE
  5
105
330
17
100
AcDbEntity
  8
CUT
100
AcDbLine
 10
217.095611111111
 20
68.00221944444428
 30
0.0
 11
217.095611111111
 21
71.00259444444441
 31
0.0
  0
LINE
  5
106
330
17
100
AcDbEntity
  8
CUT
100
AcDbLine
 10
220.0963388888888
 20
71.00259444444441
 30
0.0
 11
220.0963388888888
 21
68.00221944444428
 31
0.0
  0
LINE
  5
107
330
17
100
AcDbEntity
  8
CUT
100
AcDbLine
 10
235.0992722222221
 20
85.875
 30
0.0
 11
235.0992722222221
 21
71.00259444444441
 31
0.0
  0
LINE
  5
108
330
17
100
AcDbEntity
  8
CUT
100
AcDbLine
 10
217.095611111111
 20
85.875
 30
0.0
 11
217.095611111111
 21
88.8753749999999
 31
0.0
  0
LINE
  5
109
330
17
100
AcDbEntity
  8
CUT
100
AcDbLine
 10
220.0963388888888
 20
88.8753749999999
 30
0.0
 11
220.0963388888888
 21
85.875
 31
0.0
  0
LINE
  5
10A
330
17
100
AcDbEntity
  8
CUT
100
AcDbLine
 10
202.09267777777768
 20
71.00259444444441
 30
0.0
 11
202.09267777777768
 21
85.875
 31
0.0
  0
LINE
  5
10B
330
17
100
AcDbEntity
  8
CUT
100
AcDbLine
 10
220.0963388888888
 20
85.875
 30
0.0
 11
235.0992722222221
 21
85.875
 31
0.0
  0
LINE
  5
10C
330
17
100
AcDbEntity
  8
CUT
100
AcDbLine
 10
202.09267777777768
 20
85.875
 30
0.0
 11
217.095611111111
 21
85.875
 31
0.0
  0
LINE
  5
10D
330
17
100
AcDbEntity
  8
CUT
100
AcDbLine
 10
220.0963388888888
 20
68.00221944444428
 30
0.0
 11
217.095611111111
 21
68.00221944444428
 31
0.0
  0
LINE
  5
10E
330
17
100
AcDbEntity
  8
CUT
100
AcDbLine
 10
235.0992722222221
 20
71.00259444444441
 30
0.0
 11
220.0963388888888
 21
71.00259444444441
 31
0.0
  0
LINE
  5
10F
330
17
100
AcDbEntity
  8
CUT
100
AcDbLine
 10
217.095611111111
 20
71.00259444444441
 30
0.0
 11
202.09267777777768
 21
71.00259444444441
 31
0.0
  0
LINE
  5
110
330
17
100
AcDbEntity
  8
CUT
100
AcDbLine
 10
217.095611111111
 20
88.8753749999999
 30
0.0
 11
220.0963388888888
 21
88.8753749999999
 31
0.0
  0
LINE
  5
111
330
17
100
AcDbEntity
  8
CUT
100
AcDbLine
 10
324.5182083333333
 20
71.00259444444441
 30
0.0
 11
324.5182083333333
 21
68.00221944444428
 31
0.0
  0
LINE
  5
112
330
17
100
AcDbEntity
  8
CUT
100
AcDbLine
 10
321.5178333333332
 20
68.00221944444428
 30
0.0
 11
321.5178333333332
 21
71.00259444444441
 31
0.0
  0
LINE
  5
113
330
17
100
AcDbEntity
  8
CUT
100
AcDbLine
 10
339.5211416666665
 20
85.875
 30
0.0
 11
339.5211416666665
 21
71.00259444444441
 31
0.0
  0
LINE
  5
114
330
17
100
AcDbEntity
  8
CUT
100
AcDbLine
 10
306.5145472222222
 20
71.00259444444441
 30
0.0
 11
306.5145472222222
 21
85.875
 31
0.0
  0
LINE
  5
115
330
17
100
AcDbEntity
  8
CUT
100
AcDbLine
 10
324.5182083333333
 20
88.8753749999999
 30
0.0
 11
324.5182083333333
 21
85.875
 31
0.0
  0
LINE
  5
116
330
17
100
AcDbEntity
  8
CUT
100
AcDbLine
 10
321.5178333333332
 20
85.875
 30
0.0
 11
321.5178333333332
 21
88.8753749999999
 31
0.0
  0
LINE
  5
117
330
17
100
AcDbEntity
  8
CUT
100
AcDbLine
 10
324.5182083333333
 20
85.875
 30
0.0
 11
339.5211416666665
 21
85.875
 31
0.0
  0
LINE
  5
118
330
17
100
AcDbEntity
  8
CUT
100
AcDbLine
 10
306.5145472222222
 20
85.875
 30
0.0
 11
321.5178333333332
 21
85.875
 31
0.0
  0
LINE
  5
119
330
17
100
AcDbEntity
  8
CUT
100
AcDbLine
 10
324.5182083333333
 20
68.00221944444428
 30
0.0
 11
321.5178333333332
 21
68.00221944444428
 31
0.0
  0
LINE
  5
11A
330
17
100
AcDbEntity
  8
CUT
100
AcDbLine
 10
339.5211416666665
 20
71.00259444444441
 30
0.0
 11
324.5182083333333
 21
71.00259444444441
 31
0.0
  0
LINE
  5
11B
330
17
100
AcDbEntity
  8
CUT
100
AcDbLine
 10
321.5178333333332
 20
71.00259444444441
 30
0.0
 11
306.5145472222222
 21
71.00259444444441
 31
0.0
  0
LINE
  5
11C
330
17
100
AcDbEntity
  8
CUT
100
AcDbLine
 10
321.5178333333332
 20
88.8753749999999
 30
0.0
 11
324.5182083333333
 21
88.8753749999999
 31
0.0
  0
LINE
  5
11D
330
17
100
AcDbEntity
  8
CUT
100
AcDbLine
 10
227.611211111111
 20
56.51895000000002
 30
0.0
 11
241.6559999999999
 21
45.83930833333329
 31
0.0
  0
LINE
  5
11E
330
17
100
AcDbEntity
  8
CUT
100
AcDbLine
 10
195.5359499999999
 20
45.83930833333329
 30
0.0
 11
209.5807388888888
 21
56.51895000000002
 31
0.0
  0
LINE
  5
11F
330
17
100
AcDbEntity
  8
CUT
100
AcDbLine
 10
213.5949972222221
 20
22.95390833333329
 30
0.0
 11
213.5949972222221
 21
19.953533333333326
 31
0.0
  0
LINE
  5
120
330
17
100
AcDbEntity
  8
CUT
100
AcDbLine
 10
195.5359499999999
 20
19.953533333333326
 30
0.0
 11
195.5359499999999
 21
45.83930833333329
 31
0.0
  0
LINE
  5
121
330
17
100
AcDbEntity
  8
CUT
100
AcDbLine
 10
241.6559999999999
 20
45.83930833333329
 30
0.0
 11
241.6559999999999
 21
19.953533333333326
 31
0.0
  0
LINE
  5
122
330
17
100
AcDbEntity
  8
CUT
100
AcDbLine
 10
223.5969527777777
 20
19.953533333333326
 30
0.0
 11
223.5969527777777
 21
22.95390833333329
 31
0.0
  0
LINE
  5
123
330
17
100
AcDbEntity
  8
CUT
100
AcDbLine
 10
241.6559999999999
 20
19.953533333333326
 30
0.0
 11
223.5969527777777
 21
19.953533333333326
 31
0.0
  0
LINE
  5
124
330
17
100
AcDbEntity
  8
CUT
100
AcDbLine
 10
213.5949972222221
 20
19.953533333333326
 30
0.0
 11
195.5359499999999
 21
19.953533333333326
 31
0.0
  0
LINE
  5
125
330
17
100
AcDbEntity
  8
CUT
100
AcDbLine
 10
223.5969527777777
 20
22.95390833333329
 30
0.0
 11
213.5949972222221
 21
22.95390833333329
 31
0.0
  0
LINE
  5
126
330
17
100
AcDbEntity
  8
CUT
100
AcDbLine
 10
209.5807388888888
 20
56.51895000000002
 30
0.0
 11
227.611211111111
 21
56.51895000000002
 31
0.0
  0
CIRCLE
  5
127
330
17
100
AcDbEntity
  8
CUT
100
AcDbCircle
 10
270.80708611111106
 20
58.90014764214908
 30
0.0
 40
2.499999999999993
  0
LINE
  5
128
330
17
100
AcDbEntity
  8
ENGRAVE
100
AcDbLine
 10
282.0891115966001
 20
72.44731277201123
 30
0.0
 11
284.88906887199073
 21
72.44731277201123
 31
0.0
  0
LINE
  5
129
330
17
100
AcDbEntity
  8
ENGRAVE
100
AcDbLine
 10
284.88906887199073
 20
72.44731277201123
 30
0.0
 11
285.5890581908384
 21
73.84729140970654
 31
0.0
  0
LINE
  5
12A
330
17
100
AcDbEntity
  8
ENGRAVE
100
AcDbLine
 10
285.5890581908384
 20
73.84729140970654
 30
0.0
 11
285.5890581908384
 21
78.04722732279248
 31
0.0
  0
LINE
  5
12B
330
17
100
AcDbEntity
  8
ENGRAVE
100
AcDbLine
 10
285.5890581908384
 20
78.04722732279248
 30
0.0
 11
284.88906887199073
 21
79.44720596048779
 31
0.0
  0
LINE
  5
12C
330
17
100
AcDbEntity
  8
ENGRAVE
100
AcDbLine
 10
284.88906887199073
 20
79.44720596048779
 30
0.0
 11
282.0891115966001
 21
79.44720596048779
 31
0.0
  0
LINE
  5
12D
330
17
100
AcDbEntity
  8
ENGRAVE
100
AcDbLine
 10
282.0891115966001
 20
79.44720596048779
 30
0.0
 11
281.38912227775245
 21
78.04722732279248
 31
0.0
  0
LINE
  5
12E
330
17
100
AcDbEntity
  8
ENGRAVE
100
AcDbLine
 10
281.38912227775245
 20
78.04722732279248
 30
0.0
 11
281.38912227775245
 21
73.84729140970654
 31
0.0
  0
LINE
  5
12F
330
17
100
AcDbEntity
  8
ENGRAVE
100
AcDbLine
 10
281.38912227775245
 20
73.84729140970654
 30
0.0
 11
282.0891115966001
 21
72.44731277201123
 31
0.0
  0
LINE
  5
130
330
17
100
AcDbEntity
  8
ENGRAVE
100
AcDbLine
 10
290.488983422772
 20
79.44720596048779
 30
0.0
 11
288.389015466229
 21
79.44720596048779
 31
0.0
  0
LINE
  5
131
330
17
100
AcDbEntity
  8
ENGRAVE
100
AcDbLine
 10
288.389015466229
 20
79.44720596048779
 30
0.0
 11
286.9890368285337
 21
77.34723800394482
 31
0.0
  0
LINE
  5
132
330
17
100
AcDbEntity
  8
ENGRAVE
100
AcDbLine
 10
286.9890368285337
 20
77.34723800394482
 30
0.0
 11
286.9890368285337
 21
73.84729140970654
 31
0.0
  0
LINE
  5
133
330
17
100
AcDbEntity
  8
ENGRAVE
100
AcDbLine
 10
286.9890368285337
 20
73.84729140970654
 30
0.0
 11
287.68902614738136
 21
72.44731277201123
 31
0.0
  0
LINE
  5
134
330
17
100
AcDbEntity
  8
ENGRAVE
100
AcDbLine
 10
287.68902614738136
 20
72.44731277201123
 30
0.0
 11
290.488983422772
 21
72.44731277201123
 31
0.0
  0
LINE
  5
135
330
17
100
AcDbEntity
  8
ENGRAVE
100
AcDbLine
 10
290.488983422772
 20
72.44731277201123
 30
0.0
 11
291.18897274161964
 21
73.84729140970654
 31
0.0
  0
LINE
  5
136
330
17
100
AcDbEntity
  8
ENGRAVE
100
AcDbLine
 10
291.18897274161964
 20
73.84729140970654
 30
0.0
 11
291.18897274161964
 21
74.89727538797803
 31
0.0
  0
LINE
  5
137
330
17
100
AcDbEntity
  8
ENGRAVE
100
AcDbLine
 10
291.18897274161964
 20
74.89727538797803
 30
0.0
 11
290.488983422772
 21
75.94725936624951
 31
0.0
  0
LINE
  5
138
330
17
100
AcDbEntity
  8
ENGRAVE
100
AcDbLine
 10
290.488983422772
 20
75.94725936624951
 30
0.0
 11
287.68902614738136
 21
75.94725936624951
 31
0.0
  0
LINE
  5
139
330
17
100
AcDbEntity
  8
ENGRAVE
100
AcDbLine
 10
287.68902614738136
 20
75.94725936624951
 30
0.0
 11
286.9890368285337
 21
74.89727538797803
 31
0.0
  0
LINE
  5
13A
330
17
100
AcDbEntity
  8
CUT
100
AcDbLine
 10
431.73723055555536
 20
183.85796944444445
 30
0.0
 11
421.73527499999983
 21
183.85796944444445
 31
0.0
  0
LINE
  5
13B
330
17
100
AcDbEntity
  8
CUT
100
AcDbLine
 10
421.73527499999983
 20
186.85869722222213
 30
0.0
 11
431.73723055555536
 21
186.85869722222213
 31
0.0
  0
LINE
  5
13C
330
17
100
AcDbEntity
  8
CUT
100
AcDbLine
 10
421.73527499999983
 20
183.85796944444445
 30
0.0
 11
421.73527499999983
 21
186.85869722222213
 31
0.0
  0
LINE
  5
13D
330
17
100
AcDbEntity
  8
CUT
100
AcDbLine
 10
431.73723055555536
 20
186.85869722222213
 30
0.0
 11
431.73723055555536
 21
183.85796944444445
 31
0.0
  0
LINE
  5
13E
330
17
100
AcDbEntity
  8
CUT
100
AcDbLine
 10
431.73723055555536
 20
13.740763888888841
 30
0.0
 11
421.73527499999983
 21
13.740763888888841
 31
0.0
  0
LINE
  5
13F
330
17
100
AcDbEntity
  8
CUT
100
AcDbLine
 10
421.73527499999983
 20
16.74149166666655
 30
0.0
 11
431.73723055555536
 21
16.74149166666655
 31
0.0
  0
LINE
  5
140
330
17
100
AcDbEntity
  8
CUT
100
AcDbLine
 10
421.73527499999983
 20
13.740763888888841
 30
0.0
 11
421.73527499999983
 21
16.74149166666655
 31
0.0
  0
LINE
  5
141
330
17
100
AcDbEntity
  8
CUT
100
AcDbLine
 10
431.73723055555536
 20
16.74149166666655
 30
0.0
 11
431.73723055555536
 21
13.740763888888841
 31
0.0
  0
LINE
  5
142
330
17
100
AcDbEntity
  8
CUT
100
AcDbLine
 10
397.1209111111109
 20
13.740763888888841
 30
0.0
 11
387.1189555555553
 21
13.740763888888841
 31
0.0
  0
LINE
  5
143
330
17
100
AcDbEntity
  8
CUT
100
AcDbLine
 10
387.1189555555553
 20
16.74149166666655
 30
0.0
 11
397.1209111111109
 21
16.74149166666655
 31
0.0
  0
LINE
  5
144
330
17
100
AcDbEntity
  8
CUT
100
AcDbLine
 10
387.1189555555553
 20
13.740763888888841
 30
0.0
 11
387.1189555555553
 21
16.74149166666655
 31
0.0
  0
LINE
  5
145
330
17
100
AcDbEntity
  8
CUT
100
AcDbLine
 10
397.1209111111109
 20
16.74149166666655
 30
0.0
 11
397.1209111111109
 21
13.740763888888841
 31
0.0
  0
LINE
  5
146
330
17
100
AcDbEntity
  8
CUT
100
AcDbLine
 10
397.1209111111109
 20
183.85796944444445
 30
0.0
 11
387.1189555555553
 21
183.85796944444445
 31
0.0
  0
LINE
  5
147
330
17
100
AcDbEntity
  8
CUT
100
AcDbLine
 10
387.1189555555553
 20
186.85869722222213
 30
0.0
 11
397.1209111111109
 21
186.85869722222213
 31
0.0
  0
LINE
  5
148
330
17
100
AcDbEntity
  8
CUT
100
AcDbLine
 10
387.1189555555553
 20
183.85796944444445
 30
0.0
 11
387.1189555555553
 21
186.85869722222213
 31
0.0
  0
LINE
  5
149
330
17
100
AcDbEntity
  8
CUT
100
AcDbLine
 10
397.1209111111109
 20
186.85869722222213
 30
0.0
 11
397.1209111111109
 21
183.85796944444445
 31
0.0
  0
LINE
  5
14A
330
17
100
AcDbEntity
  8
CUT
100
AcDbLine
 10
441.7568249999998
 20
189.85942500000004
 30
0.0
 11
358.7358666666664
 21
189.85942500000004
 31
0.0
  0
LINE
  5
14B
330
17
100
AcDbEntity
  8
CUT
100
AcDbLine
 10
358.7358666666664
 20
6.5
 30
0.0
 11
441.7568249999998
 21
6.5
 31
0.0
  0
LINE
  5
14C
330
17
100
AcDbEntity
  8
CUT
100
AcDbLine
 10
358.7358666666664
 20
189.85942500000004
 30
0.0
 11
358.7358666666664
 21
6.500000000000057
 31
0.0
  0
LINE
  5
14D
330
17
100
AcDbEntity
  8
CUT
100
AcDbLine
 10
441.7568249999998
 20
6.5
 30
0.0
 11
441.7568249999998
 21
189.85942499999993
 31
0.0
  0
LINE
  5
14E
330
17
100
AcDbEntity
  8
ENGRAVE
100
AcDbLine
 10
402.8034174684245
 20
138.02422486414068
 30
0.0
 11
402.8034174684245
 21
140.8241821395313
 31
0.0
  0
LINE
  5
14F
330
17
100
AcDbEntity
  8
ENGRAVE
100
AcDbLine
 10
402.8034174684245
 20
140.8241821395313
 30
0.0
 11
401.4034388307292
 21
141.52417145837896
 31
0.0
  0
LINE
  5
150
330
17
100
AcDbEntity
  8
ENGRAVE
100
AcDbLine
 10
401.4034388307292
 20
141.52417145837896
 30
0.0
 11
397.2035029176433
 21
141.52417145837896
 31
0.0
  0
LINE
  5
151
330
17
100
AcDbEntity
  8
ENGRAVE
100
AcDbLine
 10
397.2035029176433
 20
141.52417145837896
 30
0.0
 11
395.80352427994796
 21
140.8241821395313
 31
0.0
  0
LINE
  5
152
330
17
100
AcDbEntity
  8
ENGRAVE
100
AcDbLine
 10
395.80352427994796
 20
140.8241821395313
 30
0.0
 11
395.80352427994796
 21
138.02422486414068
 31
0.0
  0
LINE
  5
153
330
17
100
AcDbEntity
  8
ENGRAVE
100
AcDbLine
 10
395.80352427994796
 20
138.02422486414068
 30
0.0
 11
397.2035029176433
 21
137.32423554529302
 31
0.0
  0
LINE
  5
154
330
17
100
AcDbEntity
  8
ENGRAVE
100
AcDbLine
 10
397.2035029176433
 20
137.32423554529302
 30
0.0
 11
401.4034388307292
 21
137.32423554529302
 31
0.0
  0
LINE
  5
155
330
17
100
AcDbEntity
  8
ENGRAVE
100
AcDbLine
 10
401.4034388307292
 20
137.32423554529302
 30
0.0
 11
402.8034174684245
 21
138.02422486414068
 31
0.0
  0
LINE
  5
156
330
17
100
AcDbEntity
  8
ENGRAVE
100
AcDbLine
 10
395.80352427994796
 20
142.92415009607427
 30
0.0
 11
395.80352427994796
 21
147.1240860091602
 31
0.0
  0
LINE
  5
157
330
17
100
AcDbEntity
  8
ENGRAVE
100
AcDbLine
 10
395.80352427994796
 20
147.1240860091602
 30
0.0
 11
402.8034174684245
 21
144.32412873376958
 31
0.0
  0
LINE
  5
158
330
17
100
AcDbEntity
  8
CUT
100
AcDbLine
 10
79.5013638888889
 20
370.2173944444445
 30
0.0
 11
69.4994083333334
 21
370.2173944444445
 31
0.0
  0
LINE
  5
159
330
17
100
AcDbEntity
  8
CUT
100
AcDbLine
 10
69.4994083333334
 20
373.2181222222222
 30
0.0
 11
79.5013638888889
 21
373.2181222222222
 31
0.0
  0
LINE
  5
15A
330
17
100
AcDbEntity
  8
CUT
100
AcDbLine
 10
69.4994083333334
 20
370.2173944444445
 30
0.0
 11
69.4994083333334
 21
373.2181222222222
 31
0.0
  0
LINE
  5
15B
330
17
100
AcDbEntity
  8
CUT
100
AcDbLine
 10
79.5013638888889
 20
373.2181222222222
 30
0.0
 11
79.5013638888889
 21
370.2173944444445
 31
0.0
  0
LINE
  5
15C
330
17
100
AcDbEntity
  8
CUT
100
AcDbLine
 10
79.5013638888889
 20
200.10018888888888
 30
0.0
 11
69.4994083333334
 21
200.10018888888888
 31
0.0
  0
LINE
  5
15D
330
17
100
AcDbEntity
  8
CUT
100
AcDbLine
 10
69.4994083333334
 20
203.1009166666666
 30
0.0
 11
79.5013638888889
 21
203.1009166666666
 31
0.0
  0
LINE
  5
15E
330
17
100
AcDbEntity
  8
CUT
100
AcDbLine
 10
69.4994083333334
 20
200.10018888888888
 30
0.0
 11
69.4994083333334
 21
203.1009166666666
 31
0.0
  0
LINE
  5
15F
330
17
100
AcDbEntity
  8
CUT
100
AcDbLine
 10
79.5013638888889
 20
203.1009166666666
 30
0.0
 11
79.5013638888889
 21
200.10018888888888
 31
0.0
  0
LINE
  5
160
330
17
100
AcDbEntity
  8
CUT
100
AcDbLine
 10
44.8850444444445
 20
200.10018888888888
 30
0.0
 11
34.88308888888892
 21
200.10018888888888
 31
0.0
  0
LINE
  5
161
330
17
100
AcDbEntity
  8
CUT
100
AcDbLine
 10
34.88308888888892
 20
203.1009166666666
 30
0.0
 11
44.8850444444445
 21
203.1009166666666
 31
0.0
  0
LINE
  5
162
330
17
100
AcDbEntity
  8
CUT
100
AcDbLine
 10
34.88308888888892
 20
200.10018888888888
 30
0.0
 11
34.88308888888892
 21
203.1009166666666
 31
0.0
  0
LINE
  5
163
330
17
100
AcDbEntity
  8
CUT
100
AcDbLine
 10
44.8850444444445
 20
203.1009166666666
 30
0.0
 11
44.8850444444445
 21
200.10018888888888
 31
0.0
  0
LINE
  5
164
330
17
100
AcDbEntity
  8
CUT
100
AcDbLine
 10
44.8850444444445
 20
370.2173944444445
 30
0.0
 11
34.88308888888892
 21
370.2173944444445
 31
0.0
  0
LINE
  5
165
330
17
100
AcDbEntity
  8
CUT
100
AcDbLine
 10
34.88308888888892
 20
373.2181222222222
 30
0.0
 11
44.8850444444445
 21
373.2181222222222
 31
0.0
  0
LINE
  5
166
330
17
100
AcDbEntity
  8
CUT
100
AcDbLine
 10
34.88308888888892
 20
370.2173944444445
 30
0.0
 11
34.88308888888892
 21
373.2181222222222
 31
0.0
  0
LINE
  5
167
330
17
100
AcDbEntity
  8
CUT
100
AcDbLine
 10
44.8850444444445
 20
373.2181222222222
 30
0.0
 11
44.8850444444445
 21
370.2173944444445
 31
0.0
  0
LINE
  5
168
330
17
100
AcDbEntity
  8
CUT
100
AcDbLine
 10
89.52095833333341
 20
376.2188500000001
 30
0.0
 11
6.5
 21
376.2188500000001
 31
0.0
  0
LINE
  5
169
330
17
100
AcDbEntity
  8
CUT
100
AcDbLine
 10
6.5
 20
192.85942500000004
 30
0.0
 11
89.52095833333341
 21
192.85942500000004
 31
0.0
  0
LINE
  5
16A
330
17
100
AcDbEntity
  8
CUT
100
AcDbLine
 10
6.5
 20
376.2188500000001
 30
0.0
 11
6.5
 21
192.8594250000001
 31
0.0
  0
LINE
  5
16B
330
17
100
AcDbEntity
  8
CUT
100
AcDbLine
 10
89.52095833333341
 20
192.85942500000004
 30
0.0
 11
89.52095833333341
 21
376.21885
 31
0.0
  0
LINE
  5
16C
330
17
100
AcDbEntity
  8
ENGRAVE
100
AcDbLine
 10
50.56755080175813
 20
324.3836498641407
 30
0.0
 11
50.56755080175813
 21
327.1836071395313
 31
0.0
  0
LINE
  5
16D
330
17
100
AcDbEntity
  8
ENGRAVE
100
AcDbLine
 10
50.56755080175813
 20
327.1836071395313
 30
0.0
 11
49.16757216406282
 21
327.883596458379
 31
0.0
  0
LINE
  5
16E
330
17
100
AcDbEntity
  8
ENGRAVE
100
AcDbLine
 10
49.16757216406282
 20
327.883596458379
 30
0.0
 11
44.96763625097688
 21
327.883596458379
 31
0.0
  0
LINE
  5
16F
330
17
100
AcDbEntity
  8
ENGRAVE
100
AcDbLine
 10
44.96763625097688
 20
327.883596458379
 30
0.0
 11
43.56765761328157
 21
327.1836071395313
 31
0.0
  0
LINE
  5
170
330
17
100
AcDbEntity
  8
ENGRAVE
100
AcDbLine
 10
43.56765761328157
 20
327.1836071395313
 30
0.0
 11
43.56765761328157
 21
324.3836498641407
 31
0.0
  0
LINE
  5
171
330
17
100
AcDbEntity
  8
ENGRAVE
100
AcDbLine
 10
43.56765761328157
 20
324.3836498641407
 30
0.0
 11
44.96763625097688
 21
323.68366054529304
 31
0.0
  0
LINE
  5
172
330
17
100
AcDbEntity
  8
ENGRAVE
100
AcDbLine
 10
44.96763625097688
 20
323.68366054529304
 30
0.0
 11
49.16757216406282
 21
323.68366054529304
 31
0.0
  0
LINE
  5
173
330
17
100
AcDbEntity
  8
ENGRAVE
100
AcDbLine
 10
49.16757216406282
 20
323.68366054529304
 30
0.0
 11
50.56755080175813
 21
324.3836498641407
 31
0.0
  0
LINE
  5
174
330
17
100
AcDbEntity
  8
ENGRAVE
100
AcDbLine
 10
43.56765761328157
 20
329.2835750960743
 30
0.0
 11
43.56765761328157
 21
333.4835110091602
 31
0.0
  0
LINE
  5
175
330
17
100
AcDbEntity
  8
ENGRAVE
100
AcDbLine
 10
43.56765761328157
 20
333.4835110091602
 30
0.0
 11
50.56755080175813
 21
330.6835537337696
 31
0.0
  0
LINE
  5
176
330
17
100
AcDbEntity
  8
CUT
100
AcDbLine
 10
10.452169444444621
 20
142.5180361111111
 30
0.0
 11
10.452169444444621
 21
150.5193888888889
 31
0.0
  0
LINE
  5
177
330
17
100
AcDbEntity
  8
CUT
100
AcDbLine
 10
13.452544444444499
 20
150.5193888888889
 30
0.0
 11
13.452544444444499
 21
142.5180361111111
 31
0.0
  0
LINE
  5
178
330
17
100
AcDbEntity
  8
CUT
100
AcDbLine
 10
13.452544444444499
 20
142.5180361111111
 30
0.0
 11
10.452169444444621
 21
142.5180361111111
 31
0.0
  0
LINE
  5
179
330
17
100
AcDbEntity
  8
CUT
100
AcDbLine
 10
10.452169444444621
 20
150.5193888888889
 30
0.0
 11
13.452544444444499
 21
150.5193888888889
 31
0.0
  0
LINE
  5
17A
330
17
100
AcDbEntity
  8
CUT
100
AcDbLine
 10
113.50561388888892
 20
109.58058611111109
 30
0.0
 11
113.50561388888892
 21
119.58254166666659
 31
0.0
  0
LINE
  5
17B
330
17
100
AcDbEntity
  8
CUT
100
AcDbLine
 10
110.50488611111129
 20
119.58254166666659
 30
0.0
 11
110.50488611111129
 21
141.5179111111111
 31
0.0
  0
LINE
  5
17C
330
17
100
AcDbEntity
  8
CUT
100
AcDbLine
 10
113.50561388888892
 20
141.5179111111111
 30
0.0
 11
113.50561388888892
 21
151.5198666666667
 31
0.0
  0
LINE
  5
17D
330
17
100
AcDbEntity
  8
CUT
100
AcDbLine
 10
6.5
 20
168.7869277777777
 30
0.0
 11
6.5
 21
99.57863055555549
 31
0.0
  0
LINE
  5
17E
330
17
100
AcDbEntity
  8
CUT
100
AcDbLine
 10
110.50488611111129
 20
99.57863055555549
 30
0.0
 11
110.50488611111129
 21
109.58058611111109
 31
0.0
  0
LINE
  5
17F
330
17
100
AcDbEntity
  8
CUT
100
AcDbLine
 10
110.50488611111129
 20
151.5198666666667
 30
0.0
 11
110.50488611111129
 21
168.7869277777777
 31
0.0
  0
LINE
  5
180
330
17
100
AcDbEntity
  8
CUT
100
AcDbLine
 10
113.50561388888892
 20
151.5198666666667
 30
0.0
 11
110.50488611111129
 21
151.5198666666667
 31
0.0
  0
LINE
  5
181
330
17
100
AcDbEntity
  8
CUT
100
AcDbLine
 10
113.50561388888892
 20
119.58254166666659
 30
0.0
 11
110.50488611111129
 21
119.58254166666659
 31
0.0
  0
LINE
  5
182
330
17
100
AcDbEntity
  8
CUT
100
AcDbLine
 10
110.50488611111129
 20
168.7869277777777
 30
0.0
 11
6.5
 21
168.7869277777777
 31
0.0
  0
LINE
  5
183
330
17
100
AcDbEntity
  8
CUT
100
AcDbLine
 10
6.5
 20
99.57863055555549
 30
0.0
 11
110.50488611111129
 21
99.57863055555549
 31
0.0
  0
LINE
  5
184
330
17
100
AcDbEntity
  8
CUT
100
AcDbLine
 10
110.50488611111129
 20
109.58058611111109
 30
0.0
 11
113.50561388888892
 21
109.58058611111109
 31
0.0
  0
LINE
  5
185
330
17
100
AcDbEntity
  8
CUT
100
AcDbLine
 10
110.50488611111129
 20
141.5179111111111
 30
0.0
 11
113.50561388888892
 21
141.5179111111111
 31
0.0
  0
LINE
  5
186
330
17
100
AcDbEntity
  8
CUT
100
AcDbLine
 10
13.452544444444499
 20
115.58168888888879
 30
0.0
 11
13.452544444444499
 21
107.57998333333329
 31
0.0
  0
LINE
  5
187
330
17
100
AcDbEntity
  8
CUT
100
AcDbLine
 10
10.452169444444621
 20
107.57998333333329
 30
0.0
 11
10.452169444444621
 21
115.58168888888879
 31
0.0
  0
LINE
  5
188
330
17
100
AcDbEntity
  8
CUT
100
AcDbLine
 10
10.452169444444621
 20
115.58168888888879
 30
0.0
 11
13.452544444444499
 21
115.58168888888879
 31
0.0
  0
LINE
  5
189
330
17
100
AcDbEntity
  8
CUT
100
AcDbLine
 10
13.452544444444499
 20
107.57998333333329
 30
0.0
 11
10.452169444444621
 21
107.57998333333329
 31
0.0
  0
LINE
  5
18A
330
17
100
AcDbEntity
  8
ENGRAVE
100
AcDbLine
 10
70.80397565779165
 20
130.0808130871308
 30
0.0
 11
73.60393293318228
 21
130.0808130871308
 31
0.0
  0
LINE
  5
18B
330
17
100
AcDbEntity
  8
ENGRAVE
100
AcDbLine
 10
73.60393293318228
 20
130.0808130871308
 30
0.0
 11
74.30392225202993
 21
131.4807917248261
 31
0.0
  0
LINE
  5
18C
330
17
100
AcDbEntity
  8
ENGRAVE
100
AcDbLine
 10
74.30392225202993
 20
131.4807917248261
 30
0.0
 11
74.30392225202993
 21
135.68072763791204
 31
0.0
  0
LINE
  5
18D
330
17
100
AcDbEntity
  8
ENGRAVE
100
AcDbLine
 10
74.30392225202993
 20
135.68072763791204
 30
0.0
 11
73.60393293318228
 21
137.08070627560735
 31
0.0
  0
LINE
  5
18E
330
17
100
AcDbEntity
  8
ENGRAVE
100
AcDbLine
 10
73.60393293318228
 20
137.08070627560735
 30
0.0
 11
70.80397565779165
 21
137.08070627560735
 31
0.0
  0
LINE
  5
18F
330
17
100
AcDbEntity
  8
ENGRAVE
100
AcDbLine
 10
70.80397565779165
 20
137.08070627560735
 30
0.0
 11
70.103986338944
 21
135.68072763791204
 31
0.0
  0
LINE
  5
190
330
17
100
AcDbEntity
  8
ENGRAVE
100
AcDbLine
 10
70.103986338944
 20
135.68072763791204
 30
0.0
 11
70.103986338944
 21
131.4807917248261
 31
0.0
  0
LINE
  5
191
330
17
100
AcDbEntity
  8
ENGRAVE
100
AcDbLine
 10
70.103986338944
 20
131.4807917248261
 30
0.0
 11
70.80397565779165
 21
130.0808130871308
 31
0.0
  0
LINE
  5
192
330
17
100
AcDbEntity
  8
ENGRAVE
100
AcDbLine
 10
76.4038902085729
 20
130.0808130871308
 30
0.0
 11
78.50385816511587
 21
130.0808130871308
 31
0.0
  0
LINE
  5
193
330
17
100
AcDbEntity
  8
ENGRAVE
100
AcDbLine
 10
78.50385816511587
 20
130.0808130871308
 30
0.0
 11
79.90383680281118
 21
132.18078104367376
 31
0.0
  0
LINE
  5
194
330
17
100
AcDbEntity
  8
ENGRAVE
100
AcDbLine
 10
79.90383680281118
 20
132.18078104367376
 30
0.0
 11
79.90383680281118
 21
135.68072763791204
 31
0.0
  0
LINE
  5
195
330
17
100
AcDbEntity
  8
ENGRAVE
100
AcDbLine
 10
79.90383680281118
 20
135.68072763791204
 30
0.0
 11
79.20384748396353
 21
137.08070627560735
 31
0.0
  0
LINE
  5
196
330
17
100
AcDbEntity
  8
ENGRAVE
100
AcDbLine
 10
79.20384748396353
 20
137.08070627560735
 30
0.0
 11
76.4038902085729
 21
137.08070627560735
 31
0.0
  0
LINE
  5
197
330
17
100
AcDbEntity
  8
ENGRAVE
100
AcDbLine
 10
76.4038902085729
 20
137.08070627560735
 30
0.0
 11
75.70390088972525
 21
135.68072763791204
 31
0.0
  0
LINE
  5
198
330
17
100
AcDbEntity
  8
ENGRAVE
100
AcDbLine
 10
75.70390088972525
 20
135.68072763791204
 30
0.0
 11
75.70390088972525
 21
134.63074365964056
 31
0.0
  0
LINE
  5
199
330
17
100
AcDbEntity
  8
ENGRAVE
100
AcDbLine
 10
75.70390088972525
 20
134.63074365964056
 30
0.0
 11
76.4038902085729
 21
133.58075968136907
 31
0.0
  0
LINE
  5
19A
330
17
100
AcDbEntity
  8
ENGRAVE
100
AcDbLine
 10
76.4038902085729
 20
133.58075968136907
 30
0.0
 11
79.20384748396353
 21
133.58075968136907
 31
0.0
  0
LINE
  5
19B
330
17
100
AcDbEntity
  8
ENGRAVE
100
AcDbLine
 10
79.20384748396353
 20
133.58075968136907
 30
0.0
 11
79.90383680281118
 21
134.63074365964056
 31
0.0
  0
LINE
  5
19C
330
17
100
AcDbEntity
  8
CUT
100
AcDbLine
 10
113.50526111111111
 20
389.2208055555557
 30
0.0
 11
113.50526111111111
 21
399.2227611111114
 31
0.0
  0
LINE
  5
19D
330
17
100
AcDbEntity
  8
CUT
100
AcDbLine
 10
110.50453333333343
 20
379.2188500000001
 30
0.0
 11
110.50453333333343
 21
389.2208055555557
 31
0.0
  0
LINE
  5
19E
330
17
100
AcDbEntity
  8
CUT
100
AcDbLine
 10
6.5
 20
436.4672750000002
 30
0.0
 11
6.5
 21
379.2188500000001
 31
0.0
  0
LINE
  5
19F
330
17
100
AcDbEntity
  8
CUT
100
AcDbLine
 10
110.50453333333343
 20
426.4653194444446
 30
0.0
 11
110.50453333333343
 21
436.4672750000002
 31
0.0
  0
LINE
  5
1A0
330
17
100
AcDbEntity
  8
CUT
100
AcDbLine
 10
110.50453333333343
 20
399.2227611111114
 30
0.0
 11
110.50453333333343
 21
416.4633638888891
 31
0.0
  0
LINE
  5
1A1
330
17
100
AcDbEntity
  8
CUT
100
AcDbLine
 10
113.50526111111111
 20
416.4633638888891
 30
0.0
 11
113.50526111111111
 21
426.4653194444446
 31
0.0
  0
LINE
  5
1A2
330
17
100
AcDbEntity
  8
CUT
100
AcDbLine
 10
110.50453333333343
 20
436.4672750000002
 30
0.0
 11
6.5
 21
436.4672750000002
 31
0.0
  0
LINE
  5
1A3
330
17
100
AcDbEntity
  8
CUT
100
AcDbLine
 10
110.50453333333343
 20
389.2208055555557
 30
0.0
 11
113.50526111111111
 21
389.2208055555557
 31
0.0
  0
LINE
  5
1A4
330
17
100
AcDbEntity
  8
CUT
100
AcDbLine
 10
113.50526111111111
 20
399.2227611111114
 30
0.0
 11
110.50453333333343
 21
399.2227611111114
 31
0.0
  0
LINE
  5
1A5
330
17
100
AcDbEntity
  8
CUT
100
AcDbLine
 10
113.50526111111111
 20
426.4653194444446
 30
0.0
 11
110.50453333333343
 21
426.4653194444446
 31
0.0
  0
LINE
  5
1A6
330
17
100
AcDbEntity
  8
CUT
100
AcDbLine
 10
6.5
 20
379.2188500000001
 30
0.0
 11
110.50453333333343
 21
379.2188500000001
 31
0.0
  0
LINE
  5
1A7
330
17
100
AcDbEntity
  8
CUT
100
AcDbLine
 10
110.50453333333343
 20
416.4633638888891
 30
0.0
 11
113.50526111111111
 21
416.4633638888891
 31
0.0
  0
LINE
  5
1A8
330
17
100
AcDbEntity
  8
CUT
100
AcDbLine
 10
13.452191666666693
 20
398.22263611111134
 30
0.0
 11
13.452191666666693
 21
390.2209305555557
 31
0.0
  0
LINE
  5
1A9
330
17
100
AcDbEntity
  8
CUT
100
AcDbLine
 10
10.45181666666673
 20
390.2209305555557
 30
0.0
 11
10.45181666666673
 21
398.22263611111134
 31
0.0
  0
LINE
  5
1AA
330
17
100
AcDbEntity
  8
CUT
100
AcDbLine
 10
10.45181666666673
 20
398.22263611111134
 30
0.0
 11
13.452191666666693
 21
398.22263611111134
 31
0.0
  0
LINE
  5
1AB
330
17
100
AcDbEntity
  8
CUT
100
AcDbLine
 10
13.452191666666693
 20
390.2209305555557
 30
0.0
 11
10.45181666666673
 21
390.2209305555557
 31
0.0
  0
LINE
  5
1AC
330
17
100
AcDbEntity
  8
CUT
100
AcDbLine
 10
13.452191666666693
 20
428.4659222222224
 30
0.0
 11
13.452191666666693
 21
420.464216666667
 31
0.0
  0
LINE
  5
1AD
330
17
100
AcDbEntity
  8
CUT
100
AcDbLine
 10
10.45181666666673
 20
420.464216666667
 30
0.0
 11
10.45181666666673
 21
428.4659222222224
 31
0.0
  0
LINE
  5
1AE
330
17
100
AcDbEntity
  8
CUT
100
AcDbLine
 10
13.452191666666693
 20
420.464216666667
 30
0.0
 11
10.45181666666673
 21
420.464216666667
 31
0.0
  0
LINE
  5
1AF
330
17
100
AcDbEntity
  8
CUT
100
AcDbLine
 10
10.45181666666673
 20
428.4659222222224
 30
0.0
 11
13.452191666666693
 21
428.4659222222224
 31
0.0
  0
LINE
  5
1B0
330
17
100
AcDbEntity
  8
ENGRAVE
100
AcDbLine
 10
78.3035024696153
 20
409.320493592634
 30
0.0
 11
79.70348110731061
 21
410.72047223032934
 31
0.0
  0
LINE
  5
1B1
330
17
100
AcDbEntity
  8
ENGRAVE
100
AcDbLine
 10
79.70348110731061
 20
410.72047223032934
 30
0.0
 11
79.70348110731061
 21
403.7205790418528
 31
0.0
  0
LINE
  5
1B2
330
17
100
AcDbEntity
  8
ENGRAVE
100
AcDbLine
 10
78.3035024696153
 20
403.7205790418528
 30
0.0
 11
81.10345974500592
 21
403.7205790418528
 31
0.0
  0
LINE
  5
1B3
330
17
100
AcDbEntity
  8
ENGRAVE
100
AcDbLine
 10
83.90341702039655
 20
403.7205790418528
 30
0.0
 11
86.70337429578717
 21
403.7205790418528
 31
0.0
  0
LINE
  5
1B4
330
17
100
AcDbEntity
  8
ENGRAVE
100
AcDbLine
 10
86.70337429578717
 20
403.7205790418528
 30
0.0
 11
87.40336361463483
 21
405.1205576795481
 31
0.0
  0
LINE
  5
1B5
330
17
100
AcDbEntity
  8
ENGRAVE
100
AcDbLine
 10
87.40336361463483
 20
405.1205576795481
 30
0.0
 11
87.40336361463483
 21
409.320493592634
 31
0.0
  0
LINE
  5
1B6
330
17
100
AcDbEntity
  8
ENGRAVE
100
AcDbLine
 10
87.40336361463483
 20
409.320493592634
 30
0.0
 11
86.70337429578717
 21
410.72047223032934
 31
0.0
  0
LINE
  5
1B7
330
17
100
AcDbEntity
  8
ENGRAVE
100
AcDbLine
 10
86.70337429578717
 20
410.72047223032934
 30
0.0
 11
83.90341702039655
 21
410.72047223032934
 31
0.0
  0
LINE
  5
1B8
330
17
100
AcDbEntity
  8
ENGRAVE
100
AcDbLine
 10
83.90341702039655
 20
410.72047223032934
 30
0.0
 11
83.20342770154889
 21
409.320493592634
 31
0.0
  0
LINE
  5
1B9
330
17
100
AcDbEntity
  8
ENGRAVE
100
AcDbLine
 10
83.20342770154889
 20
409.320493592634
 30
0.0
 11
83.20342770154889
 21
405.1205576795481
 31
0.0
  0
LINE
  5
1BA
330
17
100
AcDbEntity
  8
ENGRAVE
100
AcDbLine
 10
83.20342770154889
 20
405.1205576795481
 30
0.0
 11
83.90341702039655
 21
403.7205790418528
 31
0.0
  0
LINE
  5
1BB
330
17
100
AcDbEntity
  8
CUT
100
AcDbLine
 10
139.76742777777787
 20
299.86468611111115
 30
0.0
 11
129.76547222222217
 21
299.86468611111115
 31
0.0
  0
LINE
  5
1BC
330
17
100
AcDbEntity
  8
CUT
100
AcDbLine
 10
149.7693833333335
 20
296.86395833333347
 30
0.0
 11
139.76742777777787
 21
296.86395833333347
 31
0.0
  0
LINE
  5
1BD
330
17
100
AcDbEntity
  8
CUT
100
AcDbLine
 10
92.52095833333341
 20
192.85942500000004
 30
0.0
 11
149.7693833333335
 21
192.85942500000004
 31
0.0
  0
LINE
  5
1BE
330
17
100
AcDbEntity
  8
CUT
100
AcDbLine
 10
102.522913888889
 20
296.86395833333347
 30
0.0
 11
92.52095833333341
 21
296.86395833333347
 31
0.0
  0
LINE
  5
1BF
330
17
100
AcDbEntity
  8
CUT
100
AcDbLine
 10
129.76547222222217
 20
296.86395833333347
 30
0.0
 11
112.52486944444452
 21
296.86395833333347
 31
0.0
  0
LINE
  5
1C0
330
17
100
AcDbEntity
  8
CUT
100
AcDbLine
 10
112.52486944444452
 20
299.86468611111115
 30
0.0
 11
102.522913888889
 21
299.86468611111115
 31
0.0
  0
LINE
  5
1C1
330
17
100
AcDbEntity
  8
CUT
100
AcDbLine
 10
92.52095833333341
 20
296.86395833333347
 30
0.0
 11
92.52095833333341
 21
192.85942500000004
 31
0.0
  0
LINE
  5
1C2
330
17
100
AcDbEntity
  8
CUT
100
AcDbLine
 10
139.76742777777787
 20
296.86395833333347
 30
0.0
 11
139.76742777777787
 21
299.86468611111115
 31
0.0
  0
LINE
  5
1C3
330
17
100
AcDbEntity
  8
CUT
100
AcDbLine
 10
129.76547222222217
 20
299.86468611111115
 30
0.0
 11
129.76547222222217
 21
296.86395833333347
 31
0.0
  0
LINE
  5
1C4
330
17
100
AcDbEntity
  8
CUT
100
AcDbLine
 10
102.522913888889
 20
299.86468611111115
 30
0.0
 11
102.522913888889
 21
296.86395833333347
 31
0.0
  0
LINE
  5
1C5
330
17
100
AcDbEntity
  8
CUT
100
AcDbLine
 10
149.7693833333335
 20
192.85942500000004
 30
0.0
 11
149.7693833333335
 21
296.86395833333347
 31
0.0
  0
LINE
  5
1C6
330
17
100
AcDbEntity
  8
CUT
100
AcDbLine
 10
112.52486944444452
 20
296.86395833333347
 30
0.0
 11
112.52486944444452
 21
299.86468611111115
 31
0.0
  0
LINE
  5
1C7
330
17
100
AcDbEntity
  8
CUT
100
AcDbLine
 10
130.76559722222225
 20
199.81161666666674
 30
0.0
 11
138.7673027777779
 21
199.81161666666674
 31
0.0
  0
LINE
  5
1C8
330
17
100
AcDbEntity
  8
CUT
100
AcDbLine
 10
138.7673027777779
 20
196.81124166666677
 30
0.0
 11
130.76559722222225
 21
196.81124166666677
 31
0.0
  0
LINE
  5
1C9
330
17
100
AcDbEntity
  8
CUT
100
AcDbLine
 10
130.76559722222225
 20
196.81124166666677
 30
0.0
 11
130.76559722222225
 21
199.81161666666674
 31
0.0
  0
LINE
  5
1CA
330
17
100
AcDbEntity
  8
CUT
100
AcDbLine
 10
138.7673027777779
 20
199.81161666666674
 30
0.0
 11
138.7673027777779
 21
196.81124166666677
 31
0.0
  0
LINE
  5
1CB
330
17
100
AcDbEntity
  8
CUT
100
AcDbLine
 10
100.52231111111122
 20
199.81161666666674
 30
0.0
 11
108.52401666666658
 21
199.81161666666674
 31
0.0
  0
LINE
  5
1CC
330
17
100
AcDbEntity
  8
CUT
100
AcDbLine
 10
108.52401666666658
 20
196.81124166666677
 30
0.0
 11
100.52231111111122
 21
196.81124166666677
 31
0.0
  0
LINE
  5
1CD
330
17
100
AcDbEntity
  8
CUT
100
AcDbLine
 10
108.52401666666658
 20
199.81161666666674
 30
0.0
 11
108.52401666666658
 21
196.81124166666677
 31
0.0
  0
LINE
  5
1CE
330
17
100
AcDbEntity
  8
CUT
100
AcDbLine
 10
100.52231111111122
 20
196.81124166666677
 30
0.0
 11
100.52231111111122
 21
199.81161666666674
 31
0.0
  0
LINE
  5
1CF
330
17
100
AcDbEntity
  8
ENGRAVE
100
AcDbLine
 10
119.66773974069959
 20
264.66292746961534
 30
0.0
 11
118.26776110300428
 21
266.06290610731065
 31
0.0
  0
LINE
  5
1D0
330
17
100
AcDbEntity
  8
ENGRAVE
100
AcDbLine
 10
118.26776110300428
 20
266.06290610731065
 30
0.0
 11
125.26765429148084
 21
266.06290610731065
 31
0.0
  0
LINE
  5
1D1
330
17
100
AcDbEntity
  8
ENGRAVE
100
AcDbLine
 10
125.26765429148084
 20
264.66292746961534
 30
0.0
 11
125.26765429148084
 21
267.46288474500597
 31
0.0
  0
LINE
  5
1D2
330
17
100
AcDbEntity
  8
ENGRAVE
100
AcDbLine
 10
125.26765429148084
 20
270.2628420203966
 30
0.0
 11
125.26765429148084
 21
273.0627992957872
 31
0.0
  0
LINE
  5
1D3
330
17
100
AcDbEntity
  8
ENGRAVE
100
AcDbLine
 10
125.26765429148084
 20
273.0627992957872
 30
0.0
 11
123.86767565378553
 21
273.76278861463487
 31
0.0
  0
LINE
  5
1D4
330
17
100
AcDbEntity
  8
ENGRAVE
100
AcDbLine
 10
123.86767565378553
 20
273.76278861463487
 30
0.0
 11
119.66773974069959
 21
273.76278861463487
 31
0.0
  0
LINE
  5
1D5
330
17
100
AcDbEntity
  8
ENGRAVE
100
AcDbLine
 10
119.66773974069959
 20
273.76278861463487
 30
0.0
 11
118.26776110300428
 21
273.0627992957872
 31
0.0
  0
LINE
  5
1D6
330
17
100
AcDbEntity
  8
ENGRAVE
100
AcDbLine
 10
118.26776110300428
 20
273.0627992957872
 30
0.0
 11
118.26776110300428
 21
270.2628420203966
 31
0.0
  0
LINE
  5
1D7
330
17
100
AcDbEntity
  8
ENGRAVE
100
AcDbLine
 10
118.26776110300428
 20
270.2628420203966
 30
0.0
 11
119.66773974069959
 21
269.56285270154893
 31
0.0
  0
LINE
  5
1D8
330
17
100
AcDbEntity
  8
ENGRAVE
100
AcDbLine
 10
119.66773974069959
 20
269.56285270154893
 30
0.0
 11
123.86767565378553
 21
269.56285270154893
 31
0.0
  0
LINE
  5
1D9
330
17
100
AcDbEntity
  8
ENGRAVE
100
AcDbLine
 10
123.86767565378553
 20
269.56285270154893
 30
0.0
 11
125.26765429148084
 21
270.2628420203966
 31
0.0
  0
LINE
  5
1DA
330
17
100
AcDbEntity
  8
CUT
100
AcDbLine
 10
158.43607500000013
 20
349.47333333333336
 30
0.0
 11
152.41980277777782
 21
355.28499444444446
 31
0.0
  0
LINE
  5
1DB
330
17
100
AcDbEntity
  8
CUT
100
AcDbLine
 10
154.02882222222223
 20
356.84427222222223
 30
0.0
 11
154.822925
 21
357.3501555555556
 31
0.0
  0
LINE
  5
1DC
330
17
100
AcDbEntity
  8
CUT
100
AcDbLine
 10
159.394925
 20
357.7900694444445
 30
0.0
 11
160.27122500000013
 21
357.44505277777773
 31
0.0
  0
LINE
  5
1DD
330
17
100
AcDbEntity
  8
CUT
100
AcDbLine
 10
160.27122500000013
 20
357.44505277777773
 30
0.0
 11
161.0822611111111
 21
356.96703888888885
 31
0.0
  0
LINE
  5
1DE
330
17
100
AcDbEntity
  8
CUT
100
AcDbLine
 10
153.3232666666667
 20
356.2205611111112
 30
0.0
 11
154.02882222222223
 21
356.84427222222223
 31
0.0
  0
LINE
  5
1DF
330
17
100
AcDbEntity
  8
CUT
100
AcDbLine
 10
152.41980277777782
 20
355.28499444444446
 30
0.0
 11
153.3232666666667
 21
356.2205611111112
 31
0.0
  0
LINE
  5
1E0
330
17
100
AcDbEntity
  8
CUT
100
AcDbLine
 10
161.80898333333334
 20
356.3680222222223
 30
0.0
 11
164.9674027777778
 21
353.3161416666667
 31
0.0
  0
LINE
  5
1E1
330
17
100
AcDbEntity
  8
CUT
100
AcDbLine
 10
172.11961944444454
 20
353.24241111111115
 30
0.0
 11
173.0354305555556
 21
353.02227777777773
 31
0.0
  0
LINE
  5
1E2
330
17
100
AcDbEntity
  8
CUT
100
AcDbLine
 10
161.0822611111111
 20
356.96703888888885
 30
0.0
 11
161.80898333333334
 21
356.3680222222223
 31
0.0
  0
LINE
  5
1E3
330
17
100
AcDbEntity
  8
CUT
100
AcDbLine
 10
108.96005000000015
 20
347.31503888888886
 30
0.0
 11
108.66442222222231
 21
347.98108333333334
 31
0.0
  0
LINE
  5
1E4
330
17
100
AcDbEntity
  8
CUT
100
AcDbLine
 10
171.18087777777782
 20
344.31431111111107
 30
0.0
 11
161.06391666666673
 21
333.8399861111111
 31
0.0
  0
LINE
  5
1E5
330
17
100
AcDbEntity
  8
CUT
100
AcDbLine
 10
112.06308333333341
 20
354.8733027777778
 30
0.0
 11
112.71889722222222
 21
355.00383055555557
 31
0.0
  0
LINE
  5
1E6
330
17
100
AcDbEntity
  8
CUT
100
AcDbLine
 10
155.68652500000013
 20
357.72586388888885
 30
0.0
 11
156.5981027777778
 21
357.96151944444443
 31
0.0
  0
LINE
  5
1E7
330
17
100
AcDbEntity
  8
CUT
100
AcDbLine
 10
176.5279305555556
 20
350.03954166666665
 30
0.0
 11
176.88846944444452
 21
349.16959166666663
 31
0.0
  0
LINE
  5
1E8
330
17
100
AcDbEntity
  8
CUT
100
AcDbLine
 10
110.27450000000006
 20
353.9913583333334
 30
0.0
 11
110.83083055555564
 21
354.36283333333336
 31
0.0
  0
LINE
  5
1E9
330
17
100
AcDbEntity
  8
CUT
100
AcDbLine
 10
154.822925
 20
357.3501555555556
 30
0.0
 11
155.68652500000013
 21
357.72586388888885
 31
0.0
  0
LINE
  5
1EA
330
17
100
AcDbEntity
  8
CUT
100
AcDbLine
 10
108.44958055555561
 20
348.6143194444445
 30
0.0
 11
108.31905277777783
 21
349.2697805555556
 31
0.0
  0
LINE
  5
1EB
330
17
100
AcDbEntity
  8
CUT
100
AcDbLine
 10
174.70830277777793
 20
352.16996666666665
 30
0.0
 11
175.42444166666672
 21
351.55860277777776
 31
0.0
  0
LINE
  5
1EC
330
17
100
AcDbEntity
  8
CUT
100
AcDbLine
 10
125.06082777777785
 20
344.31431111111107
 30
0.0
 11
125.06082777777785
 21
347.31503888888886
 31
0.0
  0
LINE
  5
1ED
330
17
100
AcDbEntity
  8
CUT
100
AcDbLine
 10
108.31905277777783
 20
350.60398611111117
 30
0.0
 11
108.44958055555561
 21
351.25944722222226
 31
0.0
  0
LINE
  5
1EE
330
17
100
AcDbEntity
  8
CUT
100
AcDbLine
 10
113.38600000000015
 20
355.04757499999994
 30
0.0
 11
130.93210833333342
 21
354.77593611111115
 31
0.0
  0
LINE
  5
1EF
330
17
100
AcDbEntity
  8
CUT
100
AcDbLine
 10
109.33152500000013
 20
353.04803055555556
 30
0.0
 11
109.77214444444452
 21
353.55038611111115
 31
0.0
  0
LINE
  5
1F0
330
17
100
AcDbEntity
  8
CUT
100
AcDbLine
 10
108.44958055555561
 20
351.25944722222226
 30
0.0
 11
108.66442222222231
 21
351.89268333333337
 31
0.0
  0
LINE
  5
1F1
330
17
100
AcDbEntity
  8
CUT
100
AcDbLine
 10
108.31905277777783
 20
349.2697805555556
 30
0.0
 11
108.27530833333346
 21
349.93688333333336
 31
0.0
  0
LINE
  5
1F2
330
17
100
AcDbEntity
  8
CUT
100
AcDbLine
 10
177.10789722222222
 20
348.2537805555556
 30
0.0
 11
177.18198055555564
 21
347.31503888888886
 31
0.0
  0
LINE
  5
1F3
330
17
100
AcDbEntity
  8
CUT
100
AcDbLine
 10
109.77214444444452
 20
353.55038611111115
 30
0.0
 11
110.27450000000006
 21
353.9913583333334
 31
0.0
  0
LINE
  5
1F4
330
17
100
AcDbEntity
  8
CUT
100
AcDbLine
 10
173.0354305555556
 20
353.02227777777773
 30
0.0
 11
173.9053805555556
 21
352.6620916666667
 31
0.0
  0
LINE
  5
1F5
330
17
100
AcDbEntity
  8
CUT
100
AcDbLine
 10
173.9053805555556
 20
352.6620916666667
 30
0.0
 11
174.70830277777793
 21
352.16996666666665
 31
0.0
  0
LINE
  5
1F6
330
17
100
AcDbEntity
  8
CUT
100
AcDbLine
 10
176.88846944444452
 20
349.16959166666663
 30
0.0
 11
177.10789722222222
 21
348.2537805555556
 31
0.0
  0
LINE
  5
1F7
330
17
100
AcDbEntity
  8
CUT
100
AcDbLine
 10
158.4755861111111
 20
358.05183055555557
 30
0.0
 11
159.394925
 21
357.7900694444445
 31
0.0
  0
LINE
  5
1F8
330
17
100
AcDbEntity
  8
CUT
100
AcDbLine
 10
108.96005000000015
 20
352.4924055555556
 30
0.0
 11
109.33152500000013
 21
353.04803055555556
 31
0.0
  0
LINE
  5
1F9
330
17
100
AcDbEntity
  8
CUT
100
AcDbLine
 10
108.66442222222231
 20
347.98108333333334
 30
0.0
 11
108.44958055555561
 21
348.6143194444445
 31
0.0
  0
LINE
  5
1FA
330
17
100
AcDbEntity
  8
CUT
100
AcDbLine
 10
171.18087777777782
 20
347.31503888888886
 30
0.0
 11
171.18087777777782
 21
344.31431111111107
 31
0.0
  0
LINE
  5
1FB
330
17
100
AcDbEntity
  8
CUT
100
AcDbLine
 10
108.27530833333346
 20
349.93688333333336
 30
0.0
 11
108.31905277777783
 21
350.60398611111117
 31
0.0
  0
LINE
  5
1FC
330
17
100
AcDbEntity
  8
CUT
100
AcDbLine
 10
110.83083055555564
 20
354.36283333333336
 30
0.0
 11
111.43020000000014
 21
354.65846111111114
 31
0.0
  0
LINE
  5
1FD
330
17
100
AcDbEntity
  8
CUT
100
AcDbLine
 10
111.43020000000014
 20
354.65846111111114
 30
0.0
 11
112.06308333333341
 21
354.8733027777778
 31
0.0
  0
LINE
  5
1FE
330
17
100
AcDbEntity
  8
CUT
100
AcDbLine
 10
176.0358055555556
 20
350.84246388888886
 30
0.0
 11
176.5279305555556
 21
350.03954166666665
 31
0.0
  0
LINE
  5
1FF
330
17
100
AcDbEntity
  8
CUT
100
AcDbLine
 10
108.66442222222231
 20
351.89268333333337
 30
0.0
 11
108.96005000000015
 21
352.4924055555556
 31
0.0
  0
LINE
  5
200
330
17
100
AcDbEntity
  8
CUT
100
AcDbLine
 10
175.42444166666672
 20
351.55860277777776
 30
0.0
 11
176.0358055555556
 21
350.84246388888886
 31
0.0
  0
LINE
  5
201
330
17
100
AcDbEntity
  8
CUT
100
AcDbLine
 10
135.17778888888893
 20
333.8399861111111
 30
0.0
 11
125.06082777777785
 21
344.31431111111107
 31
0.0
  0
LINE
  5
202
330
17
100
AcDbEntity
  8
CUT
100
AcDbLine
 10
140.5556994854495
 20
357.764941546086
 30
0.0
 11
141.4187805555556
 21
357.3501555555556
 31
0.0
  0
LINE
  5
203
330
17
100
AcDbEntity
  8
CUT
100
AcDbLine
 10
139.89019444444455
 20
347.31503888888886
 30
0.0
 11
145.90646666666674
 21
353.12705277777775
 31
0.0
  0
LINE
  5
204
330
17
100
AcDbEntity
  8
CUT
100
AcDbLine
 10
142.21323611111114
 20
356.84427222222223
 30
0.0
 11
142.918438888889
 21
356.2205611111112
 31
0.0
  0
LINE
  5
205
330
17
100
AcDbEntity
  8
CUT
100
AcDbLine
 10
137.80563055555564
 20
349.47333333333336
 30
0.0
 11
139.89019444444455
 21
347.31503888888886
 31
0.0
  0
LINE
  5
206
330
17
100
AcDbEntity
  8
CUT
100
AcDbLine
 10
149.62121666666673
 20
350.3154138888889
 30
0.0
 11
149.62121666666673
 21
353.12705277777775
 31
0.0
  0
LINE
  5
207
330
17
100
AcDbEntity
  8
CUT
100
AcDbLine
 10
156.3515111111111
 20
347.31503888888886
 30
0.0
 11
158.43607500000013
 21
349.47333333333336
 31
0.0
  0
LINE
  5
208
330
17
100
AcDbEntity
  8
CUT
100
AcDbLine
 10
146.62048888888893
 20
353.12705277777775
 30
0.0
 11
146.62048888888893
 21
350.3154138888889
 31
0.0
  0
LINE
  5
209
330
17
100
AcDbEntity
  8
CUT
100
AcDbLine
 10
143.82155
 20
355.28499444444446
 30
0.0
 11
137.80563055555564
 21
349.47333333333336
 31
0.0
  0
LINE
  5
20A
330
17
100
AcDbEntity
  8
CUT
100
AcDbLine
 10
142.918438888889
 20
356.2205611111112
 30
0.0
 11
143.82155
 21
355.28499444444446
 31
0.0
  0
LINE
  5
20B
330
17
100
AcDbEntity
  8
CUT
100
AcDbLine
 10
136.8467805555556
 20
357.7900694444445
 30
0.0
 11
137.76611944444454
 21
357.99432777777776
 31
0.0
  0
LINE
  5
20C
330
17
100
AcDbEntity
  8
CUT
100
AcDbLine
 10
141.4187805555556
 20
357.3501555555556
 30
0.0
 11
142.21323611111114
 21
356.84427222222223
 31
0.0
  0
LINE
  5
20D
330
17
100
AcDbEntity
  8
CUT
100
AcDbLine
 10
135.97048055555564
 20
357.44505277777773
 30
0.0
 11
136.8467805555556
 21
357.7900694444445
 31
0.0
  0
LINE
  5
20E
330
17
100
AcDbEntity
  8
CUT
100
AcDbLine
 10
134.4327222222223
 20
356.3680222222223
 30
0.0
 11
135.15944444444455
 21
356.96703888888885
 31
0.0
  0
LINE
  5
20F
330
17
100
AcDbEntity
  8
CUT
100
AcDbLine
 10
135.15944444444455
 20
356.96703888888885
 30
0.0
 11
135.97048055555564
 21
357.44505277777773
 31
0.0
  0
LINE
  5
210
330
17
100
AcDbEntity
  8
CUT
100
AcDbLine
 10
150.3352388888889
 20
353.12705277777775
 30
0.0
 11
156.3515111111111
 21
347.31503888888886
 31
0.0
  0
LINE
  5
211
330
17
100
AcDbEntity
  8
CUT
100
AcDbLine
 10
139.6436027777778
 20
358.0196832098633
 30
0.0
 11
140.5556994854495
 21
357.764941546086
 31
0.0
  0
LINE
  5
212
330
17
100
AcDbEntity
  8
CUT
100
AcDbLine
 10
132.78419166666674
 20
354.77593611111115
 30
0.0
 11
134.4327222222223
 21
356.3680222222223
 31
0.0
  0
LINE
  5
213
330
17
100
AcDbEntity
  8
CUT
100
AcDbLine
 10
164.9674027777778
 20
353.3161416666667
 30
0.0
 11
171.18087777777782
 21
353.3161416666667
 31
0.0
  0
LINE
  5
214
330
17
100
AcDbEntity
  8
CUT
100
AcDbLine
 10
171.18087777777782
 20
353.3161416666667
 30
0.0
 11
172.11961944444454
 21
353.24241111111115
 31
0.0
  0
LINE
  5
215
330
17
100
AcDbEntity
  8
CUT
100
AcDbLine
 10
156.5981027777778
 20
357.96151944444443
 30
0.0
 11
157.5354333333334
 21
358.05183055555557
 31
0.0
  0
LINE
  5
216
330
17
100
AcDbEntity
  8
CUT
100
AcDbLine
 10
125.06082777777785
 20
347.31503888888886
 30
0.0
 11
109.00450000000002
 21
347.31503888888886
 31
0.0
  0
LINE
  5
217
330
17
100
AcDbEntity
  8
CUT
100
AcDbLine
 10
109.00450000000002
 20
347.31503888888886
 30
0.0
 11
108.96005000000015
 21
347.31503888888886
 31
0.0
  0
LINE
  5
218
330
17
100
AcDbEntity
  8
CUT
100
AcDbLine
 10
177.18198055555564
 20
347.31503888888886
 30
0.0
 11
171.18087777777782
 21
347.31503888888886
 31
0.0
  0
LINE
  5
219
330
17
100
AcDbEntity
  8
CUT
100
AcDbLine
 10
157.5354333333334
 20
358.05183055555557
 30
0.0
 11
158.4755861111111
 21
358.05183055555557
 31
0.0
  0
LINE
  5
21A
330
17
100
AcDbEntity
  8
CUT
100
AcDbLine
 10
138.7062722222222
 20
358.05183055555557
 30
0.0
 11
139.6436027777778
 21
358.0196832098633
 31
0.0
  0
LINE
  5
21B
330
17
100
AcDbEntity
  8
CUT
100
AcDbLine
 10
161.06391666666673
 20
333.8399861111111
 30
0.0
 11
135.17778888888893
 21
333.8399861111111
 31
0.0
  0
LINE
  5
21C
330
17
100
AcDbEntity
  8
CUT
100
AcDbLine
 10
112.71889722222222
 20
355.00383055555557
 30
0.0
 11
113.38600000000015
 21
355.04757499999994
 31
0.0
  0
LINE
  5
21D
330
17
100
AcDbEntity
  8
CUT
100
AcDbLine
 10
130.93210833333342
 20
354.77593611111115
 30
0.0
 11
132.78419166666674
 21
354.77593611111115
 31
0.0
  0
LINE
  5
21E
330
17
100
AcDbEntity
  8
CUT
100
AcDbLine
 10
137.76611944444454
 20
357.99432777777776
 30
0.0
 11
138.7062722222222
 21
358.05183055555557
 31
0.0
  0
LINE
  5
21F
330
17
100
AcDbEntity
  8
CUT
100
AcDbLine
 10
145.90646666666674
 20
353.12705277777775
 30
0.0
 11
146.62048888888893
 21
353.12705277777775
 31
0.0
  0
LINE
  5
220
330
17
100
AcDbEntity
  8
CUT
100
AcDbLine
 10
149.62121666666673
 20
353.12705277777775
 30
0.0
 11
150.3352388888889
 21
353.12705277777775
 31
0.0
  0
LINE
  5
221
330
17
100
AcDbEntity
  8
CUT
100
AcDbLine
 10
146.62048888888893
 20
350.3154138888889
 30
0.0
 11
149.62121666666673
 21
350.3154138888889
 31
0.0
  0
LINE
  5
222
330
17
100
AcDbEntity
  8
CUT
100
AcDbLine
 10
192.57367500000004
 20
324.17634444444445
 30
0.0
 11
185.23554444444454
 21
320.9858222222223
 31
0.0
  0
LINE
  5
223
330
17
100
AcDbEntity
  8
CUT
100
AcDbLine
 10
149.88509444444452
 20
305.6160000000001
 30
0.0
 11
144.0473277777778
 21
303.0781166666668
 31
0.0
  0
LINE
  5
224
330
17
100
AcDbEntity
  8
CUT
100
AcDbLine
 10
141.04695277777785
 20
306.42668333333336
 30
0.0
 11
141.04695277777785
 21
303.0781166666668
 31
0.0
  0
LINE
  5
225
330
17
100
AcDbEntity
  8
CUT
100
AcDbLine
 10
95.52133333333343
 20
322.87177222222215
 30
0.0
 11
95.52133333333343
 21
335.4828722222222
 31
0.0
  0
LINE
  5
226
330
17
100
AcDbEntity
  8
CUT
100
AcDbLine
 10
144.0473277777778
 20
303.0781166666668
 30
0.0
 11
144.0473277777778
 21
306.42668333333336
 31
0.0
  0
LINE
  5
227
330
17
100
AcDbEntity
  8
CUT
100
AcDbLine
 10
179.0940361111111
 20
315.04363333333333
 30
0.0
 11
177.8977666666667
 21
317.7956527777778
 31
0.0
  0
LINE
  5
228
330
17
100
AcDbEntity
  8
CUT
100
AcDbLine
 10
134.0125638888889
 20
302.86468611111115
 30
0.0
 11
126.67478611111115
 21
306.0548555555556
 31
0.0
  0
LINE
  5
229
330
17
100
AcDbEntity
  8
CUT
100
AcDbLine
 10
110.19724166666676
 20
316.4910805555555
 30
0.0
 11
109.00097222222236
 21
313.739413888889
 31
0.0
  0
LINE
  5
22A
330
17
100
AcDbEntity
  8
CUT
100
AcDbLine
 10
186.43216666666672
 20
318.23415555555556
 30
0.0
 11
179.0940361111111
 21
315.04363333333333
 31
0.0
  0
LINE
  5
22B
330
17
100
AcDbEntity
  8
CUT
100
AcDbLine
 10
135.20918611111114
 20
305.6160000000001
 30
0.0
 11
134.0125638888889
 21
302.86468611111115
 31
0.0
  0
LINE
  5
22C
330
17
100
AcDbEntity
  8
CUT
100
AcDbLine
 10
158.4194944444444
 20
306.0548555555556
 30
0.0
 11
151.0817166666667
 21
302.86468611111115
 31
0.0
  0
LINE
  5
22D
330
17
100
AcDbEntity
  8
CUT
100
AcDbLine
 10
181.4837527777778
 20
329.25846111111116
 30
0.0
 11
181.4837527777778
 21
359.8411194444445
 31
0.0
  0
LINE
  5
22E
330
17
100
AcDbEntity
  8
CUT
100
AcDbLine
 10
151.0817166666667
 20
302.86468611111115
 30
0.0
 11
149.88509444444452
 21
305.6160000000001
 31
0.0
  0
LINE
  5
22F
330
17
100
AcDbEntity
  8
CUT
100
AcDbLine
 10
95.52133333333343
 20
349.83916388888895
 30
0.0
 11
95.52133333333343
 21
359.8411194444445
 31
0.0
  0
LINE
  5
230
330
17
100
AcDbEntity
  8
CUT
100
AcDbLine
 10
103.49587500000003
 20
359.8411194444445
 30
0.0
 11
103.49587500000003
 21
329.25846111111116
 31
0.0
  0
LINE
  5
231
330
17
100
AcDbEntity
  8
CUT
100
AcDbLine
 10
141.04695277777785
 20
303.0781166666668
 30
0.0
 11
135.20918611111114
 21
305.6160000000001
 31
0.0
  0
LINE
  5
232
330
17
100
AcDbEntity
  8
CUT
100
AcDbLine
 10
102.85911111111126
 20
319.68160277777775
 30
0.0
 11
95.52133333333343
 21
322.87177222222215
 31
0.0
  0
LINE
  5
233
330
17
100
AcDbEntity
  8
CUT
100
AcDbLine
 10
185.23554444444454
 20
320.9858222222223
 30
0.0
 11
186.43216666666672
 21
318.23415555555556
 31
0.0
  0
LINE
  5
234
330
17
100
AcDbEntity
  8
CUT
100
AcDbLine
 10
177.8977666666667
 20
317.7956527777778
 30
0.0
 11
157.22322500000013
 21
308.8068750000001
 31
0.0
  0
LINE
  5
235
330
17
100
AcDbEntity
  8
CUT
100
AcDbLine
 10
92.52095833333341
 20
335.4828722222222
 30
0.0
 11
92.52095833333341
 21
349.83916388888895
 31
0.0
  0
LINE
  5
236
330
17
100
AcDbEntity
  8
CUT
100
AcDbLine
 10
195.57405
 20
349.83916388888895
 30
0.0
 11
195.57405
 21
335.4828722222222
 31
0.0
  0
LINE
  5
237
330
17
100
AcDbEntity
  8
CUT
100
AcDbLine
 10
192.57367500000004
 20
359.8411194444445
 30
0.0
 11
192.57367500000004
 21
349.83916388888895
 31
0.0
  0
LINE
  5
238
330
17
100
AcDbEntity
  8
CUT
100
AcDbLine
 10
192.57367500000004
 20
335.4828722222222
 30
0.0
 11
192.57367500000004
 21
324.17634444444445
 31
0.0
  0
LINE
  5
239
330
17
100
AcDbEntity
  8
CUT
100
AcDbLine
 10
109.00097222222236
 20
313.739413888889
 30
0.0
 11
101.66284166666675
 21
316.92958333333337
 31
0.0
  0
LINE
  5
23A
330
17
100
AcDbEntity
  8
CUT
100
AcDbLine
 10
157.22322500000013
 20
308.8068750000001
 30
0.0
 11
158.4194944444444
 21
306.0548555555556
 31
0.0
  0
LINE
  5
23B
330
17
100
AcDbEntity
  8
CUT
100
AcDbLine
 10
127.87105555555566
 20
308.8068750000001
 30
0.0
 11
110.19724166666676
 21
316.4910805555555
 31
0.0
  0
LINE
  5
23C
330
17
100
AcDbEntity
  8
CUT
100
AcDbLine
 10
101.66284166666675
 20
316.92958333333337
 30
0.0
 11
102.85911111111126
 21
319.68160277777775
 31
0.0
  0
LINE
  5
23D
330
17
100
AcDbEntity
  8
CUT
100
AcDbLine
 10
126.67478611111115
 20
306.0548555555556
 30
0.0
 11
127.87105555555566
 21
308.8068750000001
 31
0.0
  0
LINE
  5
23E
330
17
100
AcDbEntity
  8
CUT
100
AcDbLine
 10
181.4837527777778
 20
359.8411194444445
 30
0.0
 11
192.57367500000004
 21
359.8411194444445
 31
0.0
  0
LINE
  5
23F
330
17
100
AcDbEntity
  8
CUT
100
AcDbLine
 10
95.52133333333343
 20
359.8411194444445
 30
0.0
 11
103.49587500000003
 21
359.8411194444445
 31
0.0
  0
LINE
  5
240
330
17
100
AcDbEntity
  8
CUT
100
AcDbLine
 10
92.52095833333341
 20
349.83916388888895
 30
0.0
 11
95.52133333333343
 21
349.83916388888895
 31
0.0
  0
LINE
  5
241
330
17
100
AcDbEntity
  8
CUT
100
AcDbLine
 10
192.57367500000004
 20
349.83916388888895
 30
0.0
 11
195.57405
 21
349.83916388888895
 31
0.0
  0
LINE
  5
242
330
17
100
AcDbEntity
  8
CUT
100
AcDbLine
 10
95.52133333333343
 20
335.4828722222222
 30
0.0
 11
92.52095833333341
 21
335.4828722222222
 31
0.0
  0
LINE
  5
243
330
17
100
AcDbEntity
  8
CUT
100
AcDbLine
 10
195.57405
 20
335.4828722222222
 30
0.0
 11
192.57367500000004
 21
335.4828722222222
 31
0.0
  0
LINE
  5
244
330
17
100
AcDbEntity
  8
CUT
100
AcDbLine
 10
103.49587500000003
 20
329.25846111111116
 30
0.0
 11
181.4837527777778
 21
329.25846111111116
 31
0.0
  0
LINE
  5
245
330
17
100
AcDbEntity
  8
CUT
100
AcDbLine
 10
144.0473277777778
 20
306.42668333333336
 30
0.0
 11
141.04695277777785
 21
306.42668333333336
 31
0.0
  0
LINE
  5
246
330
17
100
AcDbEntity
  8
CUT
100
AcDbLine
 10
114.87331111111111
 20
348.44921944444445
 30
0.0
 11
115.05499166666671
 21
348.6563
 31
0.0
  0
LINE
  5
247
330
17
100
AcDbEntity
  8
CUT
100
AcDbLine
 10
115.05499166666671
 20
348.6563
 30
0.0
 11
115.20774444444454
 21
348.88489999999996
 31
0.0
  0
LINE
  5
248
330
17
100
AcDbEntity
  8
CUT
100
AcDbLine
 10
115.47126944444456
 20
350.2113444444445
 30
0.0
 11
115.41764722222236
 21
350.4812194444445
 31
0.0
  0
LINE
  5
249
330
17
100
AcDbEntity
  8
CUT
100
AcDbLine
 10
112.33401666666676
 20
351.75862777777775
 30
0.0
 11
112.10541666666673
 21
351.6058750000001
 31
0.0
  0
LINE
  5
24A
330
17
100
AcDbEntity
  8
CUT
100
AcDbLine
 10
114.43763055555566
 20
351.75862777777775
 30
0.0
 11
114.19103888888891
 21
351.8803361111112
 31
0.0
  0
LINE
  5
24B
330
17
100
AcDbEntity
  8
CUT
100
AcDbLine
 10
115.41764722222236
 20
349.3925472222223
 30
0.0
 11
115.47126944444456
 21
349.66206944444446
 31
0.0
  0
LINE
  5
24C
330
17
100
AcDbEntity
  8
CUT
100
AcDbLine
 10
111.30037777777785
 20
350.2113444444445
 30
0.0
 11
111.28238611111125
 21
349.93688333333336
 31
0.0
  0
LINE
  5
24D
330
17
100
AcDbEntity
  8
CUT
100
AcDbLine
 10
111.35400000000006
 20
349.3925472222223
 30
0.0
 11
111.44219444444441
 21
349.1318444444445
 31
0.0
  0
LINE
  5
24E
330
17
100
AcDbEntity
  8
CUT
100
AcDbLine
 10
115.32945277777783
 20
349.1318444444445
 30
0.0
 11
115.41764722222236
 21
349.3925472222223
 31
0.0
  0
LINE
  5
24F
330
17
100
AcDbEntity
  8
CUT
100
AcDbLine
 10
115.41764722222236
 20
350.4812194444445
 30
0.0
 11
115.32945277777783
 21
350.74192222222223
 31
0.0
  0
LINE
  5
250
330
17
100
AcDbEntity
  8
CUT
100
AcDbLine
 10
114.6665833333334
 20
351.6058750000001
 30
0.0
 11
114.43763055555566
 21
351.75862777777775
 31
0.0
  0
LINE
  5
251
330
17
100
AcDbEntity
  8
CUT
100
AcDbLine
 10
114.87331111111111
 20
351.4241944444444
 30
0.0
 11
114.6665833333334
 21
351.6058750000001
 31
0.0
  0
LINE
  5
252
330
17
100
AcDbEntity
  8
CUT
100
AcDbLine
 10
112.10541666666673
 20
351.6058750000001
 30
0.0
 11
111.89833611111125
 21
351.4241944444444
 31
0.0
  0
LINE
  5
253
330
17
100
AcDbEntity
  8
CUT
100
AcDbLine
 10
115.20774444444454
 20
348.88489999999996
 30
0.0
 11
115.32945277777783
 21
349.1318444444445
 31
0.0
  0
LINE
  5
254
330
17
100
AcDbEntity
  8
CUT
100
AcDbLine
 10
111.28238611111125
 20
349.93688333333336
 30
0.0
 11
111.30037777777785
 21
349.66206944444446
 31
0.0
  0
LINE
  5
255
330
17
100
AcDbEntity
  8
CUT
100
AcDbLine
 10
114.19103888888891
 20
347.99343055555556
 30
0.0
 11
114.43763055555566
 21
348.11513888888885
 31
0.0
  0
LINE
  5
256
330
17
100
AcDbEntity
  8
CUT
100
AcDbLine
 10
112.58096111111111
 20
351.8803361111112
 30
0.0
 11
112.33401666666676
 21
351.75862777777775
 31
0.0
  0
LINE
  5
257
330
17
100
AcDbEntity
  8
CUT
100
AcDbLine
 10
111.44219444444441
 20
349.1318444444445
 30
0.0
 11
111.56425555555565
 21
348.88489999999996
 31
0.0
  0
LINE
  5
258
330
17
100
AcDbEntity
  8
CUT
100
AcDbLine
 10
114.43763055555566
 20
348.11513888888885
 30
0.0
 11
114.6665833333334
 21
348.2678916666666
 31
0.0
  0
LINE
  5
259
330
17
100
AcDbEntity
  8
CUT
100
AcDbLine
 10
111.89833611111125
 20
351.4241944444444
 30
0.0
 11
111.71700833333342
 21
351.21746666666667
 31
0.0
  0
LINE
  5
25A
330
17
100
AcDbEntity
  8
CUT
100
AcDbLine
 10
112.10541666666673
 20
348.2678916666666
 30
0.0
 11
112.33401666666676
 21
348.11513888888885
 31
0.0
  0
LINE
  5
25B
330
17
100
AcDbEntity
  8
CUT
100
AcDbLine
 10
115.20774444444454
 20
350.988513888889
 30
0.0
 11
115.05499166666671
 21
351.21746666666667
 31
0.0
  0
LINE
  5
25C
330
17
100
AcDbEntity
  8
CUT
100
AcDbLine
 10
115.05499166666671
 20
351.21746666666667
 30
0.0
 11
114.87331111111111
 21
351.4241944444444
 31
0.0
  0
LINE
  5
25D
330
17
100
AcDbEntity
  8
CUT
100
AcDbLine
 10
111.71700833333342
 20
348.6563
 30
0.0
 11
111.89833611111125
 21
348.44921944444445
 31
0.0
  0
LINE
  5
25E
330
17
100
AcDbEntity
  8
CUT
100
AcDbLine
 10
115.47126944444456
 20
349.66206944444446
 30
0.0
 11
115.48961388888894
 21
349.93688333333336
 31
0.0
  0
LINE
  5
25F
330
17
100
AcDbEntity
  8
CUT
100
AcDbLine
 10
111.89833611111125
 20
348.44921944444445
 30
0.0
 11
112.10541666666673
 21
348.2678916666666
 31
0.0
  0
LINE
  5
260
330
17
100
AcDbEntity
  8
CUT
100
AcDbLine
 10
111.71700833333342
 20
351.21746666666667
 30
0.0
 11
111.56425555555565
 21
350.988513888889
 31
0.0
  0
LINE
  5
261
330
17
100
AcDbEntity
  8
CUT
100
AcDbLine
 10
115.48961388888894
 20
349.93688333333336
 30
0.0
 11
115.47126944444456
 21
350.2113444444445
 31
0.0
  0
LINE
  5
262
330
17
100
AcDbEntity
  8
CUT
100
AcDbLine
 10
115.32945277777783
 20
350.74192222222223
 30
0.0
 11
115.20774444444454
 21
350.988513888889
 31
0.0
  0
LINE
  5
263
330
17
100
AcDbEntity
  8
CUT
100
AcDbLine
 10
111.56425555555565
 20
348.88489999999996
 30
0.0
 11
111.71700833333342
 21
348.6563
 31
0.0
  0
LINE
  5
264
330
17
100
AcDbEntity
  8
CUT
100
AcDbLine
 10
111.44219444444441
 20
350.74192222222223
 30
0.0
 11
111.35400000000006
 21
350.4812194444445
 31
0.0
  0
LINE
  5
265
330
17
100
AcDbEntity
  8
CUT
100
AcDbLine
 10
111.35400000000006
 20
350.4812194444445
 30
0.0
 11
111.30037777777785
 21
350.2113444444445
 31
0.0
  0
LINE
  5
266
330
17
100
AcDbEntity
  8
CUT
100
AcDbLine
 10
111.56425555555565
 20
350.988513888889
 30
0.0
 11
111.44219444444441
 21
350.74192222222223
 31
0.0
  0
LINE
  5
267
330
17
100
AcDbEntity
  8
CUT
100
AcDbLine
 10
111.30037777777785
 20
349.66206944444446
 30
0.0
 11
111.35400000000006
 21
349.3925472222223
 31
0.0
  0
LINE
  5
268
330
17
100
AcDbEntity
  8
CUT
100
AcDbLine
 10
112.33401666666676
 20
348.11513888888885
 30
0.0
 11
112.58096111111111
 21
347.99343055555556
 31
0.0
  0
LINE
  5
269
330
17
100
AcDbEntity
  8
CUT
100
AcDbLine
 10
114.6665833333334
 20
348.2678916666666
 30
0.0
 11
114.87331111111111
 21
348.44921944444445
 31
0.0
  0
LINE
  5
26A
330
17
100
AcDbEntity
  8
CUT
100
AcDbLine
 10
112.84166388888896
 20
347.9048833333334
 30
0.0
 11
113.11118611111125
 21
347.85126111111106
 31
0.0
  0
LINE
  5
26B
330
17
100
AcDbEntity
  8
CUT
100
AcDbLine
 10
113.92569948544964
 20
347.884941546086
 30
0.0
 11
114.19103888888891
 21
347.99343055555556
 31
0.0
  0
LINE
  5
26C
330
17
100
AcDbEntity
  8
CUT
100
AcDbLine
 10
114.19103888888891
 20
351.8803361111112
 30
0.0
 11
113.93033611111123
 21
351.96888333333334
 31
0.0
  0
LINE
  5
26D
330
17
100
AcDbEntity
  8
CUT
100
AcDbLine
 10
112.84166388888896
 20
351.96888333333334
 30
0.0
 11
112.58096111111111
 21
351.8803361111112
 31
0.0
  0
LINE
  5
26E
330
17
100
AcDbEntity
  8
CUT
100
AcDbLine
 10
113.93033611111123
 20
351.96888333333334
 30
0.0
 11
113.66046111111116
 21
352.02250555555554
 31
0.0
  0
LINE
  5
26F
330
17
100
AcDbEntity
  8
CUT
100
AcDbLine
 10
113.38600000000015
 20
347.83326944444445
 30
0.0
 11
113.66046111111116
 21
347.83326944444445
 31
0.0
  0
LINE
  5
270
330
17
100
AcDbEntity
  8
CUT
100
AcDbLine
 10
113.11118611111125
 20
352.04049722222226
 30
0.0
 11
112.84166388888896
 21
351.96888333333334
 31
0.0
  0
LINE
  5
271
330
17
100
AcDbEntity
  8
CUT
100
AcDbLine
 10
113.66046111111116
 20
352.02250555555554
 30
0.0
 11
113.38600000000015
 21
352.04049722222226
 31
0.0
  0
LINE
  5
272
330
17
100
AcDbEntity
  8
CUT
100
AcDbLine
 10
113.38600000000015
 20
352.04049722222226
 30
0.0
 11
113.11118611111125
 21
352.04049722222226
 31
0.0
  0
LINE
  5
273
330
17
100
AcDbEntity
  8
CUT
100
AcDbLine
 10
112.58096111111111
 20
347.99343055555556
 30
0.0
 11
112.84166388888896
 21
347.9048833333334
 31
0.0
  0
LINE
  5
274
330
17
100
AcDbEntity
  8
CUT
100
AcDbLine
 10
113.11118611111125
 20
347.85126111111106
 30
0.0
 11
113.38600000000015
 21
347.83326944444445
 31
0.0
  0
LINE
  5
275
330
17
100
AcDbEntity
  8
CUT
100
AcDbLine
 10
113.66046111111116
 20
347.83326944444445
 30
0.0
 11
113.92569948544964
 21
347.884941546086
 31
0.0
  0
LINE
  5
276
330
17
100
AcDbEntity
  8
CUT
100
AcDbLine
 10
143.11987500000004
 20
347.31503888888886
 30
0.0
 11
143.11987500000004
 21
344.31431111111107
 31
0.0
  0
LINE
  5
277
330
17
100
AcDbEntity
  8
CUT
100
AcDbLine
 10
153.12183055555562
 20
344.31431111111107
 30
0.0
 11
153.12183055555562
 21
347.31503888888886
 31
0.0
  0
LINE
  5
278
330
17
100
AcDbEntity
  8
CUT
100
AcDbLine
 10
153.12183055555562
 20
347.31503888888886
 30
0.0
 11
143.11987500000004
 21
347.31503888888886
 31
0.0
  0
LINE
  5
279
330
17
100
AcDbEntity
  8
CUT
100
AcDbLine
 10
143.11987500000004
 20
344.31431111111107
 30
0.0
 11
153.12183055555562
 21
344.31431111111107
 31
0.0
  0
LINE
  5
27A
330
17
100
AcDbEntity
  8
CUT
100
AcDbLine
 10
141.0466
 20
322.12176666666664
 30
0.0
 11
141.0466
 21
319.12103888888885
 31
0.0
  0
LINE
  5
27B
330
17
100
AcDbEntity
  8
CUT
100
AcDbLine
 10
144.0473277777778
 20
319.12103888888885
 30
0.0
 11
144.0473277777778
 21
322.12176666666664
 31
0.0
  0
LINE
  5
27C
330
17
100
AcDbEntity
  8
CUT
100
AcDbLine
 10
135.54573611111113
 20
319.12103888888885
 30
0.0
 11
135.54573611111113
 21
312.69236944444447
 31
0.0
  0
LINE
  5
27D
330
17
100
AcDbEntity
  8
CUT
100
AcDbLine
 10
149.54854444444453
 20
312.69236944444447
 30
0.0
 11
149.54854444444453
 21
319.12103888888885
 31
0.0
  0
LINE
  5
27E
330
17
100
AcDbEntity
  8
CUT
100
AcDbLine
 10
144.0473277777778
 20
322.12176666666664
 30
0.0
 11
141.0466
 21
322.12176666666664
 31
0.0
  0
LINE
  5
27F
330
17
100
AcDbEntity
  8
CUT
100
AcDbLine
 10
135.54573611111113
 20
312.69236944444447
 30
0.0
 11
149.54854444444453
 21
312.69236944444447
 31
0.0
  0
LINE
  5
280
330
17
100
AcDbEntity
  8
CUT
100
AcDbLine
 10
141.0466
 20
319.12103888888885
 30
0.0
 11
135.54573611111113
 21
319.12103888888885
 31
0.0
  0
LINE
  5
281
330
17
100
AcDbEntity
  8
CUT
100
AcDbLine
 10
149.54854444444453
 20
319.12103888888885
 30
0.0
 11
144.0473277777778
 21
319.12103888888885
 31
0.0
  0
LINE
  5
282
330
17
100
AcDbEntity
  8
ENGRAVE
100
AcDbLine
 10
155.72702071521962
 20
322.1600661427908
 30
0.0
 11
157.12699935291494
 21
323.5600447804861
 31
0.0
  0
LINE
  5
283
330
17
100
AcDbEntity
  8
ENGRAVE
100
AcDbLine
 10
157.12699935291494
 20
323.5600447804861
 30
0.0
 11
157.12699935291494
 21
316.56015159200956
 31
0.0
  0
LINE
  5
284
330
17
100
AcDbEntity
  8
ENGRAVE
100
AcDbLine
 10
155.72702071521962
 20
316.56015159200956
 30
0.0
 11
158.52697799061025
 21
316.56015159200956
 31
0.0
  0
LINE
  5
285
330
17
100
AcDbEntity
  8
ENGRAVE
100
AcDbLine
 10
161.32693526600087
 20
322.1600661427908
 30
0.0
 11
162.7269139036962
 21
323.5600447804861
 31
0.0
  0
LINE
  5
286
330
17
100
AcDbEntity
  8
ENGRAVE
100
AcDbLine
 10
162.7269139036962
 20
323.5600447804861
 30
0.0
 11
162.7269139036962
 21
316.56015159200956
 31
0.0
  0
LINE
  5
287
330
17
100
AcDbEntity
  8
ENGRAVE
100
AcDbLine
 10
161.32693526600087
 20
316.56015159200956
 30
0.0
 11
164.1268925413915
 21
316.56015159200956
 31
0.0
  0
LINE
  5
288
330
17
100
AcDbEntity
  8
CUT
100
AcDbLine
 10
163.13716944444462
 20
258.7745416666668
 30
0.0
 11
157.32550833333352
 21
252.75826944444447
 31
0.0
  0
LINE
  5
289
330
17
100
AcDbEntity
  8
CUT
100
AcDbLine
 10
155.76623055555572
 20
254.36728888888888
 30
0.0
 11
155.2603472222224
 21
255.16139166666665
 31
0.0
  0
LINE
  5
28A
330
17
100
AcDbEntity
  8
CUT
100
AcDbLine
 10
154.8204333333335
 20
259.73339166666665
 30
0.0
 11
155.16545000000022
 21
260.6096916666668
 31
0.0
  0
LINE
  5
28B
330
17
100
AcDbEntity
  8
CUT
100
AcDbLine
 10
155.16545000000022
 20
260.6096916666668
 30
0.0
 11
155.6434638888891
 21
261.42072777777776
 31
0.0
  0
LINE
  5
28C
330
17
100
AcDbEntity
  8
CUT
100
AcDbLine
 10
156.3899416666668
 20
253.66173333333336
 30
0.0
 11
155.76623055555572
 21
254.36728888888888
 31
0.0
  0
LINE
  5
28D
330
17
100
AcDbEntity
  8
CUT
100
AcDbLine
 10
157.32550833333352
 20
252.75826944444447
 30
0.0
 11
156.3899416666668
 21
253.66173333333336
 31
0.0
  0
LINE
  5
28E
330
17
100
AcDbEntity
  8
CUT
100
AcDbLine
 10
156.24248055555572
 20
262.14745
 30
0.0
 11
159.2943611111113
 21
265.30586944444445
 31
0.0
  0
LINE
  5
28F
330
17
100
AcDbEntity
  8
CUT
100
AcDbLine
 10
159.36809166666683
 20
272.4580861111112
 30
0.0
 11
159.58822500000022
 21
273.37389722222224
 31
0.0
  0
LINE
  5
290
330
17
100
AcDbEntity
  8
CUT
100
AcDbLine
 10
155.6434638888891
 20
261.42072777777776
 30
0.0
 11
156.24248055555572
 21
262.14745
 31
0.0
  0
LINE
  5
291
330
17
100
AcDbEntity
  8
CUT
100
AcDbLine
 10
165.29546388888912
 20
209.29851666666679
 30
0.0
 11
164.6294194444446
 21
209.00288888888895
 31
0.0
  0
LINE
  5
292
330
17
100
AcDbEntity
  8
CUT
100
AcDbLine
 10
168.2961916666669
 20
271.51934444444447
 30
0.0
 11
178.7705166666669
 21
261.4023833333334
 31
0.0
  0
LINE
  5
293
330
17
100
AcDbEntity
  8
CUT
100
AcDbLine
 10
157.7372000000002
 20
212.40155000000004
 30
0.0
 11
157.60667222222241
 21
213.05736388888886
 31
0.0
  0
LINE
  5
294
330
17
100
AcDbEntity
  8
CUT
100
AcDbLine
 10
154.8846388888891
 20
256.0249916666668
 30
0.0
 11
154.64898333333352
 21
256.93656944444444
 31
0.0
  0
LINE
  5
295
330
17
100
AcDbEntity
  8
CUT
100
AcDbLine
 10
162.5709611111113
 20
276.86639722222225
 30
0.0
 11
163.44091111111132
 21
277.2269361111112
 31
0.0
  0
LINE
  5
296
330
17
100
AcDbEntity
  8
CUT
100
AcDbLine
 10
158.6191444444446
 20
210.6129666666667
 30
0.0
 11
158.24766944444463
 21
211.16929722222227
 31
0.0
  0
LINE
  5
297
330
17
100
AcDbEntity
  8
CUT
100
AcDbLine
 10
155.2603472222224
 20
255.16139166666665
 30
0.0
 11
154.8846388888891
 21
256.0249916666668
 31
0.0
  0
LINE
  5
298
330
17
100
AcDbEntity
  8
CUT
100
AcDbLine
 10
163.9961833333335
 20
208.78804722222225
 30
0.0
 11
163.3407222222224
 21
208.65751944444446
 31
0.0
  0
LINE
  5
299
330
17
100
AcDbEntity
  8
CUT
100
AcDbLine
 10
160.44053611111133
 20
275.0467694444446
 30
0.0
 11
161.05190000000022
 21
275.76290833333337
 31
0.0
  0
LINE
  5
29A
330
17
100
AcDbEntity
  8
CUT
100
AcDbLine
 10
168.2961916666669
 20
225.39929444444448
 30
0.0
 11
165.29546388888912
 21
225.39929444444448
 31
0.0
  0
LINE
  5
29B
330
17
100
AcDbEntity
  8
CUT
100
AcDbLine
 10
162.0065166666668
 20
208.65751944444446
 30
0.0
 11
161.35105555555572
 21
208.78804722222225
 31
0.0
  0
LINE
  5
29C
330
17
100
AcDbEntity
  8
CUT
100
AcDbLine
 10
157.56292777777801
 20
213.72446666666679
 30
0.0
 11
157.8345666666668
 21
231.27057500000006
 31
0.0
  0
LINE
  5
29D
330
17
100
AcDbEntity
  8
CUT
100
AcDbLine
 10
159.56247222222242
 20
209.66999166666676
 30
0.0
 11
159.0601166666668
 21
210.11061111111115
 31
0.0
  0
LINE
  5
29E
330
17
100
AcDbEntity
  8
CUT
100
AcDbLine
 10
161.35105555555572
 20
208.78804722222225
 30
0.0
 11
160.71781944444461
 21
209.00288888888895
 31
0.0
  0
LINE
  5
29F
330
17
100
AcDbEntity
  8
CUT
100
AcDbLine
 10
163.3407222222224
 20
208.65751944444446
 30
0.0
 11
162.67361944444463
 21
208.6137750000001
 31
0.0
  0
LINE
  5
2A0
330
17
100
AcDbEntity
  8
CUT
100
AcDbLine
 10
164.3567222222224
 20
277.44636388888887
 30
0.0
 11
165.29546388888912
 21
277.5204472222223
 31
0.0
  0
LINE
  5
2A1
330
17
100
AcDbEntity
  8
CUT
100
AcDbLine
 10
159.0601166666668
 20
210.11061111111115
 30
0.0
 11
158.6191444444446
 21
210.6129666666667
 31
0.0
  0
LINE
  5
2A2
330
17
100
AcDbEntity
  8
CUT
100
AcDbLine
 10
159.58822500000022
 20
273.37389722222224
 30
0.0
 11
159.9484111111113
 21
274.24384722222226
 31
0.0
  0
LINE
  5
2A3
330
17
100
AcDbEntity
  8
CUT
100
AcDbLine
 10
159.9484111111113
 20
274.24384722222226
 30
0.0
 11
160.44053611111133
 21
275.0467694444446
 31
0.0
  0
LINE
  5
2A4
330
17
100
AcDbEntity
  8
CUT
100
AcDbLine
 10
163.44091111111132
 20
277.2269361111112
 30
0.0
 11
164.3567222222224
 21
277.44636388888887
 31
0.0
  0
LINE
  5
2A5
330
17
100
AcDbEntity
  8
CUT
100
AcDbLine
 10
154.5586722222224
 20
258.81405277777776
 30
0.0
 11
154.8204333333335
 21
259.73339166666665
 31
0.0
  0
LINE
  5
2A6
330
17
100
AcDbEntity
  8
CUT
100
AcDbLine
 10
160.11809722222242
 20
209.29851666666679
 30
0.0
 11
159.56247222222242
 21
209.66999166666676
 31
0.0
  0
LINE
  5
2A7
330
17
100
AcDbEntity
  8
CUT
100
AcDbLine
 10
164.6294194444446
 20
209.00288888888895
 30
0.0
 11
163.9961833333335
 21
208.78804722222225
 31
0.0
  0
LINE
  5
2A8
330
17
100
AcDbEntity
  8
CUT
100
AcDbLine
 10
165.29546388888912
 20
271.51934444444447
 30
0.0
 11
168.2961916666669
 21
271.51934444444447
 31
0.0
  0
LINE
  5
2A9
330
17
100
AcDbEntity
  8
CUT
100
AcDbLine
 10
162.67361944444463
 20
208.6137750000001
 30
0.0
 11
162.0065166666668
 21
208.65751944444446
 31
0.0
  0
LINE
  5
2AA
330
17
100
AcDbEntity
  8
CUT
100
AcDbLine
 10
158.24766944444463
 20
211.16929722222227
 30
0.0
 11
157.95204166666682
 21
211.76866666666677
 31
0.0
  0
LINE
  5
2AB
330
17
100
AcDbEntity
  8
CUT
100
AcDbLine
 10
157.95204166666682
 20
211.76866666666677
 30
0.0
 11
157.7372000000002
 21
212.40155000000004
 31
0.0
  0
LINE
  5
2AC
330
17
100
AcDbEntity
  8
CUT
100
AcDbLine
 10
161.76803888888912
 20
276.37427222222226
 30
0.0
 11
162.5709611111113
 21
276.86639722222225
 31
0.0
  0
LINE
  5
2AD
330
17
100
AcDbEntity
  8
CUT
100
AcDbLine
 10
160.71781944444461
 20
209.00288888888895
 30
0.0
 11
160.11809722222242
 21
209.29851666666679
 31
0.0
  0
LINE
  5
2AE
330
17
100
AcDbEntity
  8
CUT
100
AcDbLine
 10
161.05190000000022
 20
275.76290833333337
 30
0.0
 11
161.76803888888912
 21
276.37427222222226
 31
0.0
  0
LINE
  5
2AF
330
17
100
AcDbEntity
  8
CUT
100
AcDbLine
 10
178.7705166666669
 20
235.51625555555557
 30
0.0
 11
168.2961916666669
 21
225.39929444444448
 31
0.0
  0
LINE
  5
2B0
330
17
100
AcDbEntity
  8
CUT
100
AcDbLine
 10
154.84556123169202
 20
240.89416615211616
 30
0.0
 11
155.2603472222224
 21
241.75724722222225
 31
0.0
  0
LINE
  5
2B1
330
17
100
AcDbEntity
  8
CUT
100
AcDbLine
 10
165.29546388888912
 20
240.2286611111112
 30
0.0
 11
159.4834500000002
 21
246.2449333333334
 31
0.0
  0
LINE
  5
2B2
330
17
100
AcDbEntity
  8
CUT
100
AcDbLine
 10
155.76623055555572
 20
242.5517027777778
 30
0.0
 11
156.3899416666668
 21
243.25690555555565
 31
0.0
  0
LINE
  5
2B3
330
17
100
AcDbEntity
  8
CUT
100
AcDbLine
 10
163.13716944444462
 20
238.14409722222229
 30
0.0
 11
165.29546388888912
 21
240.2286611111112
 31
0.0
  0
LINE
  5
2B4
330
17
100
AcDbEntity
  8
CUT
100
AcDbLine
 10
162.29508888888913
 20
249.95968333333337
 30
0.0
 11
159.4834500000002
 21
249.95968333333337
 31
0.0
  0
LINE
  5
2B5
330
17
100
AcDbEntity
  8
CUT
100
AcDbLine
 10
165.29546388888912
 20
256.68997777777776
 30
0.0
 11
163.13716944444462
 21
258.7745416666668
 31
0.0
  0
LINE
  5
2B6
330
17
100
AcDbEntity
  8
CUT
100
AcDbLine
 10
159.4834500000002
 20
246.95895555555558
 30
0.0
 11
162.29508888888913
 21
246.95895555555558
 31
0.0
  0
LINE
  5
2B7
330
17
100
AcDbEntity
  8
CUT
100
AcDbLine
 10
157.32550833333352
 20
244.16001666666665
 30
0.0
 11
163.13716944444462
 21
238.14409722222229
 31
0.0
  0
LINE
  5
2B8
330
17
100
AcDbEntity
  8
CUT
100
AcDbLine
 10
156.3899416666668
 20
243.25690555555565
 30
0.0
 11
157.32550833333352
 21
244.16001666666665
 31
0.0
  0
LINE
  5
2B9
330
17
100
AcDbEntity
  8
CUT
100
AcDbLine
 10
154.8204333333335
 20
237.18524722222224
 30
0.0
 11
154.61617500000023
 21
238.1045861111112
 31
0.0
  0
LINE
  5
2BA
330
17
100
AcDbEntity
  8
CUT
100
AcDbLine
 10
155.2603472222224
 20
241.75724722222225
 30
0.0
 11
155.76623055555572
 21
242.5517027777778
 31
0.0
  0
LINE
  5
2BB
330
17
100
AcDbEntity
  8
CUT
100
AcDbLine
 10
155.16545000000022
 20
236.3089472222223
 30
0.0
 11
154.8204333333335
 21
237.18524722222224
 31
0.0
  0
LINE
  5
2BC
330
17
100
AcDbEntity
  8
CUT
100
AcDbLine
 10
156.24248055555572
 20
234.77118888888896
 30
0.0
 11
155.6434638888891
 21
235.4979111111112
 31
0.0
  0
LINE
  5
2BD
330
17
100
AcDbEntity
  8
CUT
100
AcDbLine
 10
155.6434638888891
 20
235.4979111111112
 30
0.0
 11
155.16545000000022
 21
236.3089472222223
 31
0.0
  0
LINE
  5
2BE
330
17
100
AcDbEntity
  8
CUT
100
AcDbLine
 10
159.4834500000002
 20
250.67370555555556
 30
0.0
 11
165.29546388888912
 21
256.68997777777776
 31
0.0
  0
LINE
  5
2BF
330
17
100
AcDbEntity
  8
CUT
100
AcDbLine
 10
154.5908195679147
 20
239.98206944444445
 30
0.0
 11
154.84556123169202
 21
240.89416615211616
 31
0.0
  0
LINE
  5
2C0
330
17
100
AcDbEntity
  8
CUT
100
AcDbLine
 10
157.8345666666668
 20
233.1226583333334
 30
0.0
 11
156.24248055555572
 21
234.77118888888896
 31
0.0
  0
LINE
  5
2C1
330
17
100
AcDbEntity
  8
CUT
100
AcDbLine
 10
159.2943611111113
 20
265.30586944444445
 30
0.0
 11
159.2943611111113
 21
271.51934444444447
 31
0.0
  0
LINE
  5
2C2
330
17
100
AcDbEntity
  8
CUT
100
AcDbLine
 10
159.2943611111113
 20
271.51934444444447
 30
0.0
 11
159.36809166666683
 21
272.4580861111112
 31
0.0
  0
LINE
  5
2C3
330
17
100
AcDbEntity
  8
CUT
100
AcDbLine
 10
154.64898333333352
 20
256.93656944444444
 30
0.0
 11
154.5586722222224
 21
257.87390000000005
 31
0.0
  0
LINE
  5
2C4
330
17
100
AcDbEntity
  8
CUT
100
AcDbLine
 10
165.29546388888912
 20
225.39929444444448
 30
0.0
 11
165.29546388888912
 21
209.34296666666665
 31
0.0
  0
LINE
  5
2C5
330
17
100
AcDbEntity
  8
CUT
100
AcDbLine
 10
165.29546388888912
 20
209.34296666666665
 30
0.0
 11
165.29546388888912
 21
209.29851666666679
 31
0.0
  0
LINE
  5
2C6
330
17
100
AcDbEntity
  8
CUT
100
AcDbLine
 10
165.29546388888912
 20
277.5204472222223
 30
0.0
 11
165.29546388888912
 21
271.51934444444447
 31
0.0
  0
LINE
  5
2C7
330
17
100
AcDbEntity
  8
CUT
100
AcDbLine
 10
154.5586722222224
 20
257.87390000000005
 30
0.0
 11
154.5586722222224
 21
258.81405277777776
 31
0.0
  0
LINE
  5
2C8
330
17
100
AcDbEntity
  8
CUT
100
AcDbLine
 10
154.5586722222224
 20
239.04473888888884
 30
0.0
 11
154.5908195679147
 21
239.98206944444445
 31
0.0
  0
LINE
  5
2C9
330
17
100
AcDbEntity
  8
CUT
100
AcDbLine
 10
178.7705166666669
 20
261.4023833333334
 30
0.0
 11
178.7705166666669
 21
235.51625555555557
 31
0.0
  0
LINE
  5
2CA
330
17
100
AcDbEntity
  8
CUT
100
AcDbLine
 10
157.60667222222241
 20
213.05736388888886
 30
0.0
 11
157.56292777777801
 21
213.72446666666679
 31
0.0
  0
LINE
  5
2CB
330
17
100
AcDbEntity
  8
CUT
100
AcDbLine
 10
157.8345666666668
 20
231.27057500000006
 30
0.0
 11
157.8345666666668
 21
233.1226583333334
 31
0.0
  0
LINE
  5
2CC
330
17
100
AcDbEntity
  8
CUT
100
AcDbLine
 10
154.61617500000023
 20
238.1045861111112
 30
0.0
 11
154.5586722222224
 21
239.04473888888884
 31
0.0
  0
LINE
  5
2CD
330
17
100
AcDbEntity
  8
CUT
100
AcDbLine
 10
159.4834500000002
 20
246.2449333333334
 30
0.0
 11
159.4834500000002
 21
246.95895555555558
 31
0.0
  0
LINE
  5
2CE
330
17
100
AcDbEntity
  8
CUT
100
AcDbLine
 10
159.4834500000002
 20
249.95968333333337
 30
0.0
 11
159.4834500000002
 21
250.67370555555556
 31
0.0
  0
LINE
  5
2CF
330
17
100
AcDbEntity
  8
CUT
100
AcDbLine
 10
162.29508888888913
 20
246.95895555555558
 30
0.0
 11
162.29508888888913
 21
249.95968333333337
 31
0.0
  0
LINE
  5
2D0
330
17
100
AcDbEntity
  8
CUT
100
AcDbLine
 10
188.43415833333353
 20
292.9121416666667
 30
0.0
 11
191.62468055555573
 21
285.5740111111112
 31
0.0
  0
LINE
  5
2D1
330
17
100
AcDbEntity
  8
CUT
100
AcDbLine
 10
206.9945027777779
 20
250.22356111111117
 30
0.0
 11
209.5323861111112
 21
244.38579444444446
 31
0.0
  0
LINE
  5
2D2
330
17
100
AcDbEntity
  8
CUT
100
AcDbLine
 10
206.18381944444462
 20
241.3854194444445
 30
0.0
 11
209.5323861111112
 21
241.3854194444445
 31
0.0
  0
LINE
  5
2D3
330
17
100
AcDbEntity
  8
CUT
100
AcDbLine
 10
189.7387305555558
 20
195.85980000000006
 30
0.0
 11
177.12763055555573
 21
195.85980000000006
 31
0.0
  0
LINE
  5
2D4
330
17
100
AcDbEntity
  8
CUT
100
AcDbLine
 10
209.5323861111112
 20
244.38579444444446
 30
0.0
 11
206.18381944444462
 21
244.38579444444446
 31
0.0
  0
LINE
  5
2D5
330
17
100
AcDbEntity
  8
CUT
100
AcDbLine
 10
197.56686944444462
 20
279.43250277777776
 30
0.0
 11
194.8148500000002
 21
278.23623333333336
 31
0.0
  0
LINE
  5
2D6
330
17
100
AcDbEntity
  8
CUT
100
AcDbLine
 10
209.74581666666683
 20
234.35103055555555
 30
0.0
 11
206.5556472222224
 21
227.01325277777778
 31
0.0
  0
LINE
  5
2D7
330
17
100
AcDbEntity
  8
CUT
100
AcDbLine
 10
196.11942222222243
 20
210.5357083333334
 30
0.0
 11
198.871088888889
 21
209.339438888889
 31
0.0
  0
LINE
  5
2D8
330
17
100
AcDbEntity
  8
CUT
100
AcDbLine
 10
194.37634722222242
 20
286.77063333333336
 30
0.0
 11
197.56686944444462
 21
279.43250277777776
 31
0.0
  0
LINE
  5
2D9
330
17
100
AcDbEntity
  8
CUT
100
AcDbLine
 10
206.9945027777779
 20
235.54765277777778
 30
0.0
 11
209.74581666666683
 21
234.35103055555555
 31
0.0
  0
LINE
  5
2DA
330
17
100
AcDbEntity
  8
CUT
100
AcDbLine
 10
206.5556472222224
 20
258.75796111111106
 30
0.0
 11
209.74581666666683
 21
251.42018333333334
 31
0.0
  0
LINE
  5
2DB
330
17
100
AcDbEntity
  8
CUT
100
AcDbLine
 10
183.35204166666682
 20
281.82221944444444
 30
0.0
 11
152.7693833333335
 21
281.82221944444444
 31
0.0
  0
LINE
  5
2DC
330
17
100
AcDbEntity
  8
CUT
100
AcDbLine
 10
209.74581666666683
 20
251.42018333333334
 30
0.0
 11
206.9945027777779
 21
250.22356111111117
 31
0.0
  0
LINE
  5
2DD
330
17
100
AcDbEntity
  8
CUT
100
AcDbLine
 10
162.771338888889
 20
195.85980000000006
 30
0.0
 11
152.7693833333335
 21
195.85980000000006
 31
0.0
  0
LINE
  5
2DE
330
17
100
AcDbEntity
  8
CUT
100
AcDbLine
 10
152.7693833333335
 20
203.83434166666666
 30
0.0
 11
183.35204166666682
 21
203.83434166666666
 31
0.0
  0
LINE
  5
2DF
330
17
100
AcDbEntity
  8
CUT
100
AcDbLine
 10
209.5323861111112
 20
241.3854194444445
 30
0.0
 11
206.9945027777779
 21
235.54765277777778
 31
0.0
  0
LINE
  5
2E0
330
17
100
AcDbEntity
  8
CUT
100
AcDbLine
 10
192.92890000000023
 20
203.1975777777779
 30
0.0
 11
189.7387305555558
 21
195.85980000000006
 31
0.0
  0
LINE
  5
2E1
330
17
100
AcDbEntity
  8
CUT
100
AcDbLine
 10
191.62468055555573
 20
285.5740111111112
 30
0.0
 11
194.37634722222242
 21
286.77063333333336
 31
0.0
  0
LINE
  5
2E2
330
17
100
AcDbEntity
  8
CUT
100
AcDbLine
 10
194.8148500000002
 20
278.23623333333336
 30
0.0
 11
203.8036277777779
 21
257.5616916666668
 31
0.0
  0
LINE
  5
2E3
330
17
100
AcDbEntity
  8
CUT
100
AcDbLine
 10
177.12763055555573
 20
192.85942500000004
 30
0.0
 11
162.771338888889
 21
192.85942500000004
 31
0.0
  0
LINE
  5
2E4
330
17
100
AcDbEntity
  8
CUT
100
AcDbLine
 10
162.771338888889
 20
295.91251666666665
 30
0.0
 11
177.12763055555573
 21
295.91251666666665
 31
0.0
  0
LINE
  5
2E5
330
17
100
AcDbEntity
  8
CUT
100
AcDbLine
 10
152.7693833333335
 20
292.9121416666667
 30
0.0
 11
162.771338888889
 21
292.9121416666667
 31
0.0
  0
LINE
  5
2E6
330
17
100
AcDbEntity
  8
CUT
100
AcDbLine
 10
177.12763055555573
 20
292.9121416666667
 30
0.0
 11
188.43415833333353
 21
292.9121416666667
 31
0.0
  0
LINE
  5
2E7
330
17
100
AcDbEntity
  8
CUT
100
AcDbLine
 10
198.871088888889
 20
209.339438888889
 30
0.0
 11
195.6809194444446
 21
202.00130833333338
 31
0.0
  0
LINE
  5
2E8
330
17
100
AcDbEntity
  8
CUT
100
AcDbLine
 10
203.8036277777779
 20
257.5616916666668
 30
0.0
 11
206.5556472222224
 21
258.75796111111106
 31
0.0
  0
LINE
  5
2E9
330
17
100
AcDbEntity
  8
CUT
100
AcDbLine
 10
203.8036277777779
 20
228.2095222222223
 30
0.0
 11
196.11942222222243
 21
210.5357083333334
 31
0.0
  0
LINE
  5
2EA
330
17
100
AcDbEntity
  8
CUT
100
AcDbLine
 10
195.6809194444446
 20
202.00130833333338
 30
0.0
 11
192.92890000000023
 21
203.1975777777779
 31
0.0
  0
LINE
  5
2EB
330
17
100
AcDbEntity
  8
CUT
100
AcDbLine
 10
206.5556472222224
 20
227.01325277777778
 30
0.0
 11
203.8036277777779
 21
228.2095222222223
 31
0.0
  0
LINE
  5
2EC
330
17
100
AcDbEntity
  8
CUT
100
AcDbLine
 10
152.7693833333335
 20
281.82221944444444
 30
0.0
 11
152.7693833333335
 21
292.9121416666667
 31
0.0
  0
LINE
  5
2ED
330
17
100
AcDbEntity
  8
CUT
100
AcDbLine
 10
152.7693833333335
 20
195.85980000000006
 30
0.0
 11
152.7693833333335
 21
203.83434166666666
 31
0.0
  0
LINE
  5
2EE
330
17
100
AcDbEntity
  8
CUT
100
AcDbLine
 10
162.771338888889
 20
192.85942500000004
 30
0.0
 11
162.771338888889
 21
195.85980000000006
 31
0.0
  0
LINE
  5
2EF
330
17
100
AcDbEntity
  8
CUT
100
AcDbLine
 10
162.771338888889
 20
292.9121416666667
 30
0.0
 11
162.771338888889
 21
295.91251666666665
 31
0.0
  0
LINE
  5
2F0
330
17
100
AcDbEntity
  8
CUT
100
AcDbLine
 10
177.12763055555573
 20
195.85980000000006
 30
0.0
 11
177.12763055555573
 21
192.85942500000004
 31
0.0
  0
LINE
  5
2F1
330
17
100
AcDbEntity
  8
CUT
100
AcDbLine
 10
177.12763055555573
 20
295.91251666666665
 30
0.0
 11
177.12763055555573
 21
292.9121416666667
 31
0.0
  0
LINE
  5
2F2
330
17
100
AcDbEntity
  8
CUT
100
AcDbLine
 10
183.35204166666682
 20
203.83434166666666
 30
0.0
 11
183.35204166666682
 21
281.82221944444444
 31
0.0
  0
LINE
  5
2F3
330
17
100
AcDbEntity
  8
CUT
100
AcDbLine
 10
206.18381944444462
 20
244.38579444444446
 30
0.0
 11
206.18381944444462
 21
241.3854194444445
 31
0.0
  0
LINE
  5
2F4
330
17
100
AcDbEntity
  8
CUT
100
AcDbLine
 10
164.1612833333335
 20
215.21177777777774
 30
0.0
 11
163.95420277777802
 21
215.39345833333334
 31
0.0
  0
LINE
  5
2F5
330
17
100
AcDbEntity
  8
CUT
100
AcDbLine
 10
163.95420277777802
 20
215.39345833333334
 30
0.0
 11
163.72560277777802
 21
215.54621111111118
 31
0.0
  0
LINE
  5
2F6
330
17
100
AcDbEntity
  8
CUT
100
AcDbLine
 10
162.3991583333335
 20
215.8097361111112
 30
0.0
 11
162.12928333333352
 21
215.756113888889
 31
0.0
  0
LINE
  5
2F7
330
17
100
AcDbEntity
  8
CUT
100
AcDbLine
 10
160.8518750000002
 20
212.6724833333334
 30
0.0
 11
161.00462777777793
 21
212.44388333333336
 31
0.0
  0
LINE
  5
2F8
330
17
100
AcDbEntity
  8
CUT
100
AcDbLine
 10
160.8518750000002
 20
214.7760972222223
 30
0.0
 11
160.7301666666668
 21
214.52950555555555
 31
0.0
  0
LINE
  5
2F9
330
17
100
AcDbEntity
  8
CUT
100
AcDbLine
 10
163.2179555555557
 20
215.756113888889
 30
0.0
 11
162.94843333333353
 21
215.8097361111112
 31
0.0
  0
LINE
  5
2FA
330
17
100
AcDbEntity
  8
CUT
100
AcDbLine
 10
162.3991583333335
 20
211.6388444444445
 30
0.0
 11
162.67361944444463
 21
211.62085277777788
 31
0.0
  0
LINE
  5
2FB
330
17
100
AcDbEntity
  8
CUT
100
AcDbLine
 10
163.2179555555557
 20
211.6924666666667
 30
0.0
 11
163.47865833333353
 21
211.78066111111104
 31
0.0
  0
LINE
  5
2FC
330
17
100
AcDbEntity
  8
CUT
100
AcDbLine
 10
163.47865833333353
 20
215.66791944444446
 30
0.0
 11
163.2179555555557
 21
215.756113888889
 31
0.0
  0
LINE
  5
2FD
330
17
100
AcDbEntity
  8
CUT
100
AcDbLine
 10
162.12928333333352
 20
215.756113888889
 30
0.0
 11
161.86858055555572
 21
215.66791944444446
 31
0.0
  0
LINE
  5
2FE
330
17
100
AcDbEntity
  8
CUT
100
AcDbLine
 10
161.00462777777793
 20
215.00505000000004
 30
0.0
 11
160.8518750000002
 21
214.7760972222223
 31
0.0
  0
LINE
  5
2FF
330
17
100
AcDbEntity
  8
CUT
100
AcDbLine
 10
161.18630833333353
 20
215.21177777777774
 30
0.0
 11
161.00462777777793
 21
215.00505000000004
 31
0.0
  0
LINE
  5
300
330
17
100
AcDbEntity
  8
CUT
100
AcDbLine
 10
161.00462777777793
 20
212.44388333333336
 30
0.0
 11
161.18630833333353
 21
212.23680277777788
 31
0.0
  0
LINE
  5
301
330
17
100
AcDbEntity
  8
CUT
100
AcDbLine
 10
163.72560277777802
 20
215.54621111111118
 30
0.0
 11
163.47865833333353
 21
215.66791944444446
 31
0.0
  0
LINE
  5
302
330
17
100
AcDbEntity
  8
CUT
100
AcDbLine
 10
162.67361944444463
 20
211.62085277777788
 30
0.0
 11
162.94843333333353
 21
211.6388444444445
 31
0.0
  0
LINE
  5
303
330
17
100
AcDbEntity
  8
CUT
100
AcDbLine
 10
164.61707222222242
 20
214.52950555555555
 30
0.0
 11
164.4953638888891
 21
214.7760972222223
 31
0.0
  0
LINE
  5
304
330
17
100
AcDbEntity
  8
CUT
100
AcDbLine
 10
160.7301666666668
 20
212.91942777777774
 30
0.0
 11
160.8518750000002
 21
212.6724833333334
 31
0.0
  0
LINE
  5
305
330
17
100
AcDbEntity
  8
CUT
100
AcDbLine
 10
163.47865833333353
 20
211.78066111111104
 30
0.0
 11
163.72560277777802
 21
211.90272222222228
 31
0.0
  0
LINE
  5
306
330
17
100
AcDbEntity
  8
CUT
100
AcDbLine
 10
164.4953638888891
 20
214.7760972222223
 30
0.0
 11
164.34261111111132
 21
215.00505000000004
 31
0.0
  0
LINE
  5
307
330
17
100
AcDbEntity
  8
CUT
100
AcDbLine
 10
161.18630833333353
 20
212.23680277777788
 30
0.0
 11
161.39303611111131
 21
212.05547500000006
 31
0.0
  0
LINE
  5
308
330
17
100
AcDbEntity
  8
CUT
100
AcDbLine
 10
164.34261111111132
 20
212.44388333333336
 30
0.0
 11
164.4953638888891
 21
212.6724833333334
 31
0.0
  0
LINE
  5
309
330
17
100
AcDbEntity
  8
CUT
100
AcDbLine
 10
161.621988888889
 20
215.54621111111118
 30
0.0
 11
161.39303611111131
 21
215.39345833333334
 31
0.0
  0
LINE
  5
30A
330
17
100
AcDbEntity
  8
CUT
100
AcDbLine
 10
161.39303611111131
 20
215.39345833333334
 30
0.0
 11
161.18630833333353
 21
215.21177777777774
 31
0.0
  0
LINE
  5
30B
330
17
100
AcDbEntity
  8
CUT
100
AcDbLine
 10
163.95420277777802
 20
212.05547500000006
 30
0.0
 11
164.1612833333335
 21
212.23680277777788
 31
0.0
  0
LINE
  5
30C
330
17
100
AcDbEntity
  8
CUT
100
AcDbLine
 10
162.94843333333353
 20
215.8097361111112
 30
0.0
 11
162.67361944444463
 21
215.82808055555557
 31
0.0
  0
LINE
  5
30D
330
17
100
AcDbEntity
  8
CUT
100
AcDbLine
 10
164.1612833333335
 20
212.23680277777788
 30
0.0
 11
164.34261111111132
 21
212.44388333333336
 31
0.0
  0
LINE
  5
30E
330
17
100
AcDbEntity
  8
CUT
100
AcDbLine
 10
161.39303611111131
 20
212.05547500000006
 30
0.0
 11
161.621988888889
 21
211.90272222222228
 31
0.0
  0
LINE
  5
30F
330
17
100
AcDbEntity
  8
CUT
100
AcDbLine
 10
162.67361944444463
 20
215.82808055555557
 30
0.0
 11
162.3991583333335
 21
215.8097361111112
 31
0.0
  0
LINE
  5
310
330
17
100
AcDbEntity
  8
CUT
100
AcDbLine
 10
161.86858055555572
 20
215.66791944444446
 30
0.0
 11
161.621988888889
 21
215.54621111111118
 31
0.0
  0
LINE
  5
311
330
17
100
AcDbEntity
  8
CUT
100
AcDbLine
 10
163.72560277777802
 20
211.90272222222228
 30
0.0
 11
163.95420277777802
 21
212.05547500000006
 31
0.0
  0
LINE
  5
312
330
17
100
AcDbEntity
  8
CUT
100
AcDbLine
 10
161.86858055555572
 20
211.78066111111104
 30
0.0
 11
162.12928333333352
 21
211.6924666666667
 31
0.0
  0
LINE
  5
313
330
17
100
AcDbEntity
  8
CUT
100
AcDbLine
 10
162.12928333333352
 20
211.6924666666667
 30
0.0
 11
162.3991583333335
 21
211.6388444444445
 31
0.0
  0
LINE
  5
314
330
17
100
AcDbEntity
  8
CUT
100
AcDbLine
 10
161.621988888889
 20
211.90272222222228
 30
0.0
 11
161.86858055555572
 21
211.78066111111104
 31
0.0
  0
LINE
  5
315
330
17
100
AcDbEntity
  8
CUT
100
AcDbLine
 10
162.94843333333353
 20
211.6388444444445
 30
0.0
 11
163.2179555555557
 21
211.6924666666667
 31
0.0
  0
LINE
  5
316
330
17
100
AcDbEntity
  8
CUT
100
AcDbLine
 10
164.4953638888891
 20
212.6724833333334
 30
0.0
 11
164.61707222222242
 21
212.91942777777774
 31
0.0
  0
LINE
  5
317
330
17
100
AcDbEntity
  8
CUT
100
AcDbLine
 10
164.34261111111132
 20
215.00505000000004
 30
0.0
 11
164.1612833333335
 21
215.21177777777774
 31
0.0
  0
LINE
  5
318
330
17
100
AcDbEntity
  8
CUT
100
AcDbLine
 10
164.7056194444446
 20
213.1801305555556
 30
0.0
 11
164.75924166666692
 21
213.44965277777789
 31
0.0
  0
LINE
  5
319
330
17
100
AcDbEntity
  8
CUT
100
AcDbLine
 10
164.725561231692
 20
214.26416615211627
 30
0.0
 11
164.61707222222242
 21
214.52950555555555
 31
0.0
  0
LINE
  5
31A
330
17
100
AcDbEntity
  8
CUT
100
AcDbLine
 10
160.7301666666668
 20
214.52950555555555
 30
0.0
 11
160.64161944444461
 21
214.26880277777786
 31
0.0
  0
LINE
  5
31B
330
17
100
AcDbEntity
  8
CUT
100
AcDbLine
 10
160.64161944444461
 20
213.1801305555556
 30
0.0
 11
160.7301666666668
 21
212.91942777777774
 31
0.0
  0
LINE
  5
31C
330
17
100
AcDbEntity
  8
CUT
100
AcDbLine
 10
160.64161944444461
 20
214.26880277777786
 30
0.0
 11
160.5879972222224
 21
213.9989277777778
 31
0.0
  0
LINE
  5
31D
330
17
100
AcDbEntity
  8
CUT
100
AcDbLine
 10
164.77723333333353
 20
213.72446666666679
 30
0.0
 11
164.77723333333353
 21
213.9989277777778
 31
0.0
  0
LINE
  5
31E
330
17
100
AcDbEntity
  8
CUT
100
AcDbLine
 10
160.57000555555572
 20
213.44965277777789
 30
0.0
 11
160.64161944444461
 21
213.1801305555556
 31
0.0
  0
LINE
  5
31F
330
17
100
AcDbEntity
  8
CUT
100
AcDbLine
 10
160.5879972222224
 20
213.9989277777778
 30
0.0
 11
160.57000555555572
 21
213.72446666666679
 31
0.0
  0
LINE
  5
320
330
17
100
AcDbEntity
  8
CUT
100
AcDbLine
 10
160.57000555555572
 20
213.72446666666679
 30
0.0
 11
160.57000555555572
 21
213.44965277777789
 31
0.0
  0
LINE
  5
321
330
17
100
AcDbEntity
  8
CUT
100
AcDbLine
 10
164.61707222222242
 20
212.91942777777774
 30
0.0
 11
164.7056194444446
 21
213.1801305555556
 31
0.0
  0
LINE
  5
322
330
17
100
AcDbEntity
  8
CUT
100
AcDbLine
 10
164.75924166666692
 20
213.44965277777789
 30
0.0
 11
164.77723333333353
 21
213.72446666666679
 31
0.0
  0
LINE
  5
323
330
17
100
AcDbEntity
  8
CUT
100
AcDbLine
 10
164.77723333333353
 20
213.9989277777778
 30
0.0
 11
164.725561231692
 21
214.26416615211627
 31
0.0
  0
LINE
  5
324
330
17
100
AcDbEntity
  8
CUT
100
AcDbLine
 10
165.29546388888912
 20
243.45834166666668
 30
0.0
 11
168.2961916666669
 21
243.45834166666668
 31
0.0
  0
LINE
  5
325
330
17
100
AcDbEntity
  8
CUT
100
AcDbLine
 10
168.2961916666669
 20
253.46029722222227
 30
0.0
 11
165.29546388888912
 21
253.46029722222227
 31
0.0
  0
LINE
  5
326
330
17
100
AcDbEntity
  8
CUT
100
AcDbLine
 10
165.29546388888912
 20
253.46029722222227
 30
0.0
 11
165.29546388888912
 21
243.45834166666668
 31
0.0
  0
LINE
  5
327
330
17
100
AcDbEntity
  8
CUT
100
AcDbLine
 10
168.2961916666669
 20
243.45834166666668
 30
0.0
 11
168.2961916666669
 21
253.46029722222227
 31
0.0
  0
LINE
  5
328
330
17
100
AcDbEntity
  8
CUT
100
AcDbLine
 10
190.4887361111113
 20
241.38506666666666
 30
0.0
 11
193.4894638888891
 21
241.38506666666666
 31
0.0
  0
LINE
  5
329
330
17
100
AcDbEntity
  8
CUT
100
AcDbLine
 10
193.4894638888891
 20
244.38579444444446
 30
0.0
 11
190.4887361111113
 21
244.38579444444446
 31
0.0
  0
LINE
  5
32A
330
17
100
AcDbEntity
  8
CUT
100
AcDbLine
 10
193.4894638888891
 20
235.88420277777777
 30
0.0
 11
199.91813333333351
 21
235.88420277777777
 31
0.0
  0
LINE
  5
32B
330
17
100
AcDbEntity
  8
CUT
100
AcDbLine
 10
199.91813333333351
 20
249.88701111111118
 30
0.0
 11
193.4894638888891
 21
249.88701111111118
 31
0.0
  0
LINE
  5
32C
330
17
100
AcDbEntity
  8
CUT
100
AcDbLine
 10
190.4887361111113
 20
244.38579444444446
 30
0.0
 11
190.4887361111113
 21
241.38506666666666
 31
0.0
  0
LINE
  5
32D
330
17
100
AcDbEntity
  8
CUT
100
AcDbLine
 10
199.91813333333351
 20
235.88420277777777
 30
0.0
 11
199.91813333333351
 21
249.88701111111118
 31
0.0
  0
LINE
  5
32E
330
17
100
AcDbEntity
  8
CUT
100
AcDbLine
 10
193.4894638888891
 20
241.38506666666666
 30
0.0
 11
193.4894638888891
 21
235.88420277777777
 31
0.0
  0
LINE
  5
32F
330
17
100
AcDbEntity
  8
CUT
100
AcDbLine
 10
193.4894638888891
 20
249.88701111111118
 30
0.0
 11
193.4894638888891
 21
244.38579444444446
 31
0.0
  0
LINE
  5
330
330
17
100
AcDbEntity
  8
ENGRAVE
100
AcDbLine
 10
190.45043663498714
 20
256.06548738188627
 30
0.0
 11
189.05045799729183
 21
257.4654660195816
 31
0.0
  0
LINE
  5
331
330
17
100
AcDbEntity
  8
ENGRAVE
100
AcDbLine
 10
189.05045799729183
 20
257.4654660195816
 30
0.0
 11
196.0503511857684
 21
257.4654660195816
 31
0.0
  0
LINE
  5
332
330
17
100
AcDbEntity
  8
ENGRAVE
100
AcDbLine
 10
196.0503511857684
 20
256.06548738188627
 30
0.0
 11
196.0503511857684
 21
258.8654446572769
 31
0.0
  0
LINE
  5
333
330
17
100
AcDbEntity
  8
ENGRAVE
100
AcDbLine
 10
190.45043663498714
 20
261.6654019326675
 30
0.0
 11
189.05045799729183
 21
263.06538057036283
 31
0.0
  0
LINE
  5
334
330
17
100
AcDbEntity
  8
ENGRAVE
100
AcDbLine
 10
189.05045799729183
 20
263.06538057036283
 30
0.0
 11
196.0503511857684
 21
263.06538057036283
 31
0.0
  0
LINE
  5
335
330
17
100
AcDbEntity
  8
ENGRAVE
100
AcDbLine
 10
196.0503511857684
 20
261.6654019326675
 30
0.0
 11
196.0503511857684
 21
264.46535920805815
 31
0.0
  0
LINE
  5
336
330
17
100
AcDbEntity
  8
CUT
100
AcDbLine
 10
140.10962222222216
 20
423.3135805555556
 30
0.0
 11
161.3493138888888
 21
423.3135805555556
 31
0.0
  0
LINE
  5
337
330
17
100
AcDbEntity
  8
CUT
100
AcDbLine
 10
116.50526111111111
 20
402.55013888888885
 30
0.0
 11
124.10656388888884
 21
402.55013888888885
 31
0.0
  0
LINE
  5
338
330
17
100
AcDbEntity
  8
CUT
100
AcDbLine
 10
132.10826944444443
 20
426.31395555555565
 30
0.0
 11
140.10962222222216
 21
426.31395555555565
 31
0.0
  0
LINE
  5
339
330
17
100
AcDbEntity
  8
CUT
100
AcDbLine
 10
124.10656388888884
 20
423.3135805555556
 30
0.0
 11
132.10826944444443
 21
423.3135805555556
 31
0.0
  0
LINE
  5
33A
330
17
100
AcDbEntity
  8
CUT
100
AcDbLine
 10
161.3493138888888
 20
426.31395555555565
 30
0.0
 11
169.35101944444452
 21
426.31395555555565
 31
0.0
  0
LINE
  5
33B
330
17
100
AcDbEntity
  8
CUT
100
AcDbLine
 10
177.35237222222224
 20
362.8411194444445
 30
0.0
 11
116.50526111111111
 21
362.8411194444445
 31
0.0
  0
LINE
  5
33C
330
17
100
AcDbEntity
  8
CUT
100
AcDbLine
 10
169.35101944444452
 20
423.3135805555556
 30
0.0
 11
177.35237222222224
 21
423.3135805555556
 31
0.0
  0
LINE
  5
33D
330
17
100
AcDbEntity
  8
CUT
100
AcDbLine
 10
177.35237222222224
 20
423.3135805555556
 30
0.0
 11
177.35237222222224
 21
362.8411194444445
 31
0.0
  0
LINE
  5
33E
330
17
100
AcDbEntity
  8
CUT
100
AcDbLine
 10
124.10656388888884
 20
402.55013888888885
 30
0.0
 11
124.10656388888884
 21
423.3135805555556
 31
0.0
  0
LINE
  5
33F
330
17
100
AcDbEntity
  8
CUT
100
AcDbLine
 10
116.50526111111111
 20
362.8411194444445
 30
0.0
 11
116.50526111111111
 21
402.55013888888885
 31
0.0
  0
LINE
  5
340
330
17
100
AcDbEntity
  8
CUT
100
AcDbLine
 10
161.3493138888888
 20
423.3135805555556
 30
0.0
 11
161.3493138888888
 21
426.31395555555565
 31
0.0
  0
LINE
  5
341
330
17
100
AcDbEntity
  8
CUT
100
AcDbLine
 10
169.35101944444452
 20
426.31395555555565
 30
0.0
 11
169.35101944444452
 21
423.3135805555556
 31
0.0
  0
LINE
  5
342
330
17
100
AcDbEntity
  8
CUT
100
AcDbLine
 10
132.10826944444443
 20
423.3135805555556
 30
0.0
 11
132.10826944444443
 21
426.31395555555565
 31
0.0
  0
LINE
  5
343
330
17
100
AcDbEntity
  8
CUT
100
AcDbLine
 10
140.10962222222216
 20
426.31395555555565
 30
0.0
 11
140.10962222222216
 21
423.3135805555556
 31
0.0
  0
LINE
  5
344
330
17
100
AcDbEntity
  8
CUT
100
AcDbLine
 10
130.80369722222207
 20
369.2228694444445
 30
0.0
 11
138.80540277777772
 21
369.2228694444445
 31
0.0
  0
LINE
  5
345
330
17
100
AcDbEntity
  8
CUT
100
AcDbLine
 10
138.80540277777772
 20
372.2235972222223
 30
0.0
 11
130.80369722222207
 21
372.2235972222223
 31
0.0
  0
LINE
  5
346
330
17
100
AcDbEntity
  8
CUT
100
AcDbLine
 10
138.80540277777772
 20
369.2228694444445
 30
0.0
 11
138.80540277777772
 21
372.2235972222223
 31
0.0
  0
LINE
  5
347
330
17
100
AcDbEntity
  8
CUT
100
AcDbLine
 10
130.80369722222207
 20
372.2235972222223
 30
0.0
 11
130.80369722222207
 21
369.2228694444445
 31
0.0
  0
LINE
  5
348
330
17
100
AcDbEntity
  8
CUT
100
AcDbLine
 10
169.35101944444452
 20
372.2235972222223
 30
0.0
 11
161.3493138888888
 21
372.2235972222223
 31
0.0
  0
LINE
  5
349
330
17
100
AcDbEntity
  8
CUT
100
AcDbLine
 10
161.3493138888888
 20
369.2228694444445
 30
0.0
 11
169.35101944444452
 21
369.2228694444445
 31
0.0
  0
LINE
  5
34A
330
17
100
AcDbEntity
  8
CUT
100
AcDbLine
 10
161.3493138888888
 20
372.2235972222223
 30
0.0
 11
161.3493138888888
 21
369.2228694444445
 31
0.0
  0
LINE
  5
34B
330
17
100
AcDbEntity
  8
CUT
100
AcDbLine
 10
169.35101944444452
 20
369.2228694444445
 30
0.0
 11
169.35101944444452
 21
372.2235972222223
 31
0.0
  0
LINE
  5
34C
330
17
100
AcDbEntity
  8
ENGRAVE
100
AcDbLine
 10
147.90705045854247
 20
392.13389888982255
 30
0.0
 11
146.50707182084716
 21
393.53387752751786
 31
0.0
  0
LINE
  5
34D
330
17
100
AcDbEntity
  8
ENGRAVE
100
AcDbLine
 10
146.50707182084716
 20
393.53387752751786
 30
0.0
 11
153.50696500932372
 21
393.53387752751786
 31
0.0
  0
LINE
  5
34E
330
17
100
AcDbEntity
  8
ENGRAVE
100
AcDbLine
 10
153.50696500932372
 20
392.13389888982255
 30
0.0
 11
153.50696500932372
 21
394.9338561652132
 31
0.0
  0
LINE
  5
34F
330
17
100
AcDbEntity
  8
ENGRAVE
100
AcDbLine
 10
147.90705045854247
 20
397.03382412175614
 30
0.0
 11
146.50707182084716
 21
397.7338134406038
 31
0.0
  0
LINE
  5
350
330
17
100
AcDbEntity
  8
ENGRAVE
100
AcDbLine
 10
146.50707182084716
 20
397.7338134406038
 30
0.0
 11
146.50707182084716
 21
400.5337707159944
 31
0.0
  0
LINE
  5
351
330
17
100
AcDbEntity
  8
ENGRAVE
100
AcDbLine
 10
146.50707182084716
 20
400.5337707159944
 30
0.0
 11
147.90705045854247
 21
401.2337600348421
 31
0.0
  0
LINE
  5
352
330
17
100
AcDbEntity
  8
ENGRAVE
100
AcDbLine
 10
147.90705045854247
 20
401.2337600348421
 30
0.0
 11
148.8870355049292
 21
401.2337600348421
 31
0.0
  0
LINE
  5
353
330
17
100
AcDbEntity
  8
ENGRAVE
100
AcDbLine
 10
148.8870355049292
 20
401.2337600348421
 30
0.0
 11
153.50696500932372
 21
397.03382412175614
 31
0.0
  0
LINE
  5
354
330
17
100
AcDbEntity
  8
ENGRAVE
100
AcDbLine
 10
153.50696500932372
 20
397.03382412175614
 30
0.0
 11
153.50696500932372
 21
401.2337600348421
 31
0.0
  0
LINE
  5
355
330
17
100
AcDbEntity
  8
CUT
100
AcDbLine
 10
203.9567333333333
 20
423.3135805555556
 30
0.0
 11
225.19642499999992
 21
423.3135805555556
 31
0.0
  0
LINE
  5
356
330
17
100
AcDbEntity
  8
CUT
100
AcDbLine
 10
180.35237222222224
 20
402.55013888888885
 30
0.0
 11
187.95367499999998
 21
402.55013888888885
 31
0.0
  0
LINE
  5
357
330
17
100
AcDbEntity
  8
CUT
100
AcDbLine
 10
195.95538055555556
 20
426.31395555555565
 30
0.0
 11
203.9567333333333
 21
426.31395555555565
 31
0.0
  0
LINE
  5
358
330
17
100
AcDbEntity
  8
CUT
100
AcDbLine
 10
187.95367499999998
 20
423.3135805555556
 30
0.0
 11
195.95538055555556
 21
423.3135805555556
 31
0.0
  0
LINE
  5
359
330
17
100
AcDbEntity
  8
CUT
100
AcDbLine
 10
225.19642499999992
 20
426.31395555555565
 30
0.0
 11
233.19813055555565
 21
426.31395555555565
 31
0.0
  0
LINE
  5
35A
330
17
100
AcDbEntity
  8
CUT
100
AcDbLine
 10
241.19948333333338
 20
362.8411194444445
 30
0.0
 11
180.35237222222224
 21
362.8411194444445
 31
0.0
  0
LINE
  5
35B
330
17
100
AcDbEntity
  8
CUT
100
AcDbLine
 10
233.19813055555565
 20
423.3135805555556
 30
0.0
 11
241.19948333333338
 21
423.3135805555556
 31
0.0
  0
LINE
  5
35C
330
17
100
AcDbEntity
  8
CUT
100
AcDbLine
 10
241.19948333333338
 20
423.3135805555556
 30
0.0
 11
241.19948333333338
 21
362.8411194444445
 31
0.0
  0
LINE
  5
35D
330
17
100
AcDbEntity
  8
CUT
100
AcDbLine
 10
187.95367499999998
 20
402.55013888888885
 30
0.0
 11
187.95367499999998
 21
423.3135805555556
 31
0.0
  0
LINE
  5
35E
330
17
100
AcDbEntity
  8
CUT
100
AcDbLine
 10
180.35237222222224
 20
362.8411194444445
 30
0.0
 11
180.35237222222224
 21
402.55013888888885
 31
0.0
  0
LINE
  5
35F
330
17
100
AcDbEntity
  8
CUT
100
AcDbLine
 10
225.19642499999992
 20
423.3135805555556
 30
0.0
 11
225.19642499999992
 21
426.31395555555565
 31
0.0
  0
LINE
  5
360
330
17
100
AcDbEntity
  8
CUT
100
AcDbLine
 10
233.19813055555565
 20
426.31395555555565
 30
0.0
 11
233.19813055555565
 21
423.3135805555556
 31
0.0
  0
LINE
  5
361
330
17
100
AcDbEntity
  8
CUT
100
AcDbLine
 10
195.95538055555556
 20
423.3135805555556
 30
0.0
 11
195.95538055555556
 21
426.31395555555565
 31
0.0
  0
LINE
  5
362
330
17
100
AcDbEntity
  8
CUT
100
AcDbLine
 10
203.9567333333333
 20
426.31395555555565
 30
0.0
 11
203.9567333333333
 21
423.3135805555556
 31
0.0
  0
LINE
  5
363
330
17
100
AcDbEntity
  8
CUT
100
AcDbLine
 10
194.6508083333332
 20
369.2228694444445
 30
0.0
 11
202.65251388888885
 21
369.2228694444445
 31
0.0
  0
LINE
  5
364
330
17
100
AcDbEntity
  8
CUT
100
AcDbLine
 10
202.65251388888885
 20
372.2235972222223
 30
0.0
 11
194.6508083333332
 21
372.2235972222223
 31
0.0
  0
LINE
  5
365
330
17
100
AcDbEntity
  8
CUT
100
AcDbLine
 10
202.65251388888885
 20
369.2228694444445
 30
0.0
 11
202.65251388888885
 21
372.2235972222223
 31
0.0
  0
LINE
  5
366
330
17
100
AcDbEntity
  8
CUT
100
AcDbLine
 10
194.6508083333332
 20
372.2235972222223
 30
0.0
 11
194.6508083333332
 21
369.2228694444445
 31
0.0
  0
LINE
  5
367
330
17
100
AcDbEntity
  8
CUT
100
AcDbLine
 10
233.19813055555565
 20
372.2235972222223
 30
0.0
 11
225.19642499999992
 21
372.2235972222223
 31
0.0
  0
LINE
  5
368
330
17
100
AcDbEntity
  8
CUT
100
AcDbLine
 10
225.19642499999992
 20
369.2228694444445
 30
0.0
 11
233.19813055555565
 21
369.2228694444445
 31
0.0
  0
LINE
  5
369
330
17
100
AcDbEntity
  8
CUT
100
AcDbLine
 10
225.19642499999992
 20
372.2235972222223
 30
0.0
 11
225.19642499999992
 21
369.2228694444445
 31
0.0
  0
LINE
  5
36A
330
17
100
AcDbEntity
  8
CUT
100
AcDbLine
 10
233.19813055555565
 20
369.2228694444445
 30
0.0
 11
233.19813055555565
 21
372.2235972222223
 31
0.0
  0
LINE
  5
36B
330
17
100
AcDbEntity
  8
ENGRAVE
100
AcDbLine
 10
211.7541615696536
 20
392.13389888982255
 30
0.0
 11
210.3541829319583
 21
393.53387752751786
 31
0.0
  0
LINE
  5
36C
330
17
100
AcDbEntity
  8
ENGRAVE
100
AcDbLine
 10
210.3541829319583
 20
393.53387752751786
 30
0.0
 11
217.35407612043485
 21
393.53387752751786
 31
0.0
  0
LINE
  5
36D
330
17
100
AcDbEntity
  8
ENGRAVE
100
AcDbLine
 10
217.35407612043485
 20
392.13389888982255
 30
0.0
 11
217.35407612043485
 21
394.9338561652132
 31
0.0
  0
LINE
  5
36E
330
17
100
AcDbEntity
  8
ENGRAVE
100
AcDbLine
 10
211.7541615696536
 20
397.03382412175614
 30
0.0
 11
210.3541829319583
 21
397.7338134406038
 31
0.0
  0
LINE
  5
36F
330
17
100
AcDbEntity
  8
ENGRAVE
100
AcDbLine
 10
210.3541829319583
 20
397.7338134406038
 30
0.0
 11
210.3541829319583
 21
400.5337707159944
 31
0.0
  0
LINE
  5
370
330
17
100
AcDbEntity
  8
ENGRAVE
100
AcDbLine
 10
210.3541829319583
 20
400.5337707159944
 30
0.0
 11
211.7541615696536
 21
401.2337600348421
 31
0.0
  0
LINE
  5
371
330
17
100
AcDbEntity
  8
ENGRAVE
100
AcDbLine
 10
211.7541615696536
 20
401.2337600348421
 30
0.0
 11
212.73414661604033
 21
401.2337600348421
 31
0.0
  0
LINE
  5
372
330
17
100
AcDbEntity
  8
ENGRAVE
100
AcDbLine
 10
212.73414661604033
 20
401.2337600348421
 30
0.0
 11
217.35407612043485
 21
397.03382412175614
 31
0.0
  0
LINE
  5
373
330
17
100
AcDbEntity
  8
ENGRAVE
100
AcDbLine
 10
217.35407612043485
 20
397.03382412175614
 30
0.0
 11
217.35407612043485
 21
401.2337600348421
 31
0.0
  0
LINE
  5
374
330
17
100
AcDbEntity
  8
CUT
100
AcDbLine
 10
262.047238888889
 20
336.9973472222222
 30
0.0
 11
262.047238888889
 21
344.99869999999993
 31
0.0
  0
LINE
  5
375
330
17
100
AcDbEntity
  8
CUT
100
AcDbLine
 10
259.0465111111111
 20
344.99869999999993
 30
0.0
 11
259.0465111111111
 21
356.46715277777776
 31
0.0
  0
LINE
  5
376
330
17
100
AcDbEntity
  8
CUT
100
AcDbLine
 10
259.0465111111111
 20
298.91251666666665
 30
0.0
 11
259.0465111111111
 21
306.91386944444446
 31
0.0
  0
LINE
  5
377
330
17
100
AcDbEntity
  8
CUT
100
AcDbLine
 10
198.57405
 20
356.46715277777776
 30
0.0
 11
198.57405
 21
298.91251666666665
 31
0.0
  0
LINE
  5
378
330
17
100
AcDbEntity
  8
CUT
100
AcDbLine
 10
262.047238888889
 20
306.91386944444446
 30
0.0
 11
262.047238888889
 21
314.91557499999993
 31
0.0
  0
LINE
  5
379
330
17
100
AcDbEntity
  8
CUT
100
AcDbLine
 10
259.0465111111111
 20
314.91557499999993
 30
0.0
 11
259.0465111111111
 21
336.9973472222222
 31
0.0
  0
LINE
  5
37A
330
17
100
AcDbEntity
  8
CUT
100
AcDbLine
 10
262.047238888889
 20
344.99869999999993
 30
0.0
 11
259.0465111111111
 21
344.99869999999993
 31
0.0
  0
LINE
  5
37B
330
17
100
AcDbEntity
  8
CUT
100
AcDbLine
 10
198.57405
 20
298.91251666666665
 30
0.0
 11
259.0465111111111
 21
298.91251666666665
 31
0.0
  0
LINE
  5
37C
330
17
100
AcDbEntity
  8
CUT
100
AcDbLine
 10
259.0465111111111
 20
306.91386944444446
 30
0.0
 11
262.047238888889
 21
306.91386944444446
 31
0.0
  0
LINE
  5
37D
330
17
100
AcDbEntity
  8
CUT
100
AcDbLine
 10
259.0465111111111
 20
336.9973472222222
 30
0.0
 11
262.047238888889
 21
336.9973472222222
 31
0.0
  0
LINE
  5
37E
330
17
100
AcDbEntity
  8
CUT
100
AcDbLine
 10
259.0465111111111
 20
356.46715277777776
 30
0.0
 11
198.57405
 21
356.46715277777776
 31
0.0
  0
LINE
  5
37F
330
17
100
AcDbEntity
  8
CUT
100
AcDbLine
 10
262.047238888889
 20
314.91557499999993
 30
0.0
 11
259.0465111111111
 21
314.91557499999993
 31
0.0
  0
LINE
  5
380
330
17
100
AcDbEntity
  8
CUT
100
AcDbLine
 10
204.95615277777773
 20
306.91386944444446
 30
0.0
 11
204.95615277777773
 21
314.91557499999993
 31
0.0
  0
LINE
  5
381
330
17
100
AcDbEntity
  8
CUT
100
AcDbLine
 10
207.95652777777792
 20
314.91557499999993
 30
0.0
 11
207.95652777777792
 21
306.91386944444446
 31
0.0
  0
LINE
  5
382
330
17
100
AcDbEntity
  8
CUT
100
AcDbLine
 10
207.95652777777792
 20
306.91386944444446
 30
0.0
 11
204.95615277777773
 21
306.91386944444446
 31
0.0
  0
LINE
  5
383
330
17
100
AcDbEntity
  8
CUT
100
AcDbLine
 10
204.95615277777773
 20
314.91557499999993
 30
0.0
 11
207.95652777777792
 21
314.91557499999993
 31
0.0
  0
LINE
  5
384
330
17
100
AcDbEntity
  8
CUT
100
AcDbLine
 10
204.95615277777773
 20
334.1878249999999
 30
0.0
 11
204.95615277777773
 21
342.18917777777773
 31
0.0
  0
LINE
  5
385
330
17
100
AcDbEntity
  8
CUT
100
AcDbLine
 10
207.95652777777792
 20
342.18917777777773
 30
0.0
 11
207.95652777777792
 21
334.1878249999999
 31
0.0
  0
LINE
  5
386
330
17
100
AcDbEntity
  8
CUT
100
AcDbLine
 10
204.95615277777773
 20
342.18917777777773
 30
0.0
 11
207.95652777777792
 21
342.18917777777773
 31
0.0
  0
LINE
  5
387
330
17
100
AcDbEntity
  8
CUT
100
AcDbLine
 10
207.95652777777792
 20
334.1878249999999
 30
0.0
 11
204.95615277777773
 21
334.1878249999999
 31
0.0
  0
LINE
  5
388
330
17
100
AcDbEntity
  8
ENGRAVE
100
AcDbLine
 10
228.74524412791885
 20
328.3581864462194
 30
0.0
 11
230.14522276561416
 21
329.7581650839147
 31
0.0
  0
LINE
  5
389
330
17
100
AcDbEntity
  8
ENGRAVE
100
AcDbLine
 10
230.14522276561416
 20
329.7581650839147
 30
0.0
 11
230.14522276561416
 21
322.75827189543816
 31
0.0
  0
LINE
  5
38A
330
17
100
AcDbEntity
  8
ENGRAVE
100
AcDbLine
 10
228.74524412791885
 20
322.75827189543816
 30
0.0
 11
231.54520140330948
 21
322.75827189543816
 31
0.0
  0
LINE
  5
38B
330
17
100
AcDbEntity
  8
ENGRAVE
100
AcDbLine
 10
233.64516935985245
 20
329.05817576506706
 30
0.0
 11
234.3451586787001
 21
329.7581650839147
 31
0.0
  0
LINE
  5
38C
330
17
100
AcDbEntity
  8
ENGRAVE
100
AcDbLine
 10
234.3451586787001
 20
329.7581650839147
 30
0.0
 11
237.14511595409073
 21
329.7581650839147
 31
0.0
  0
LINE
  5
38D
330
17
100
AcDbEntity
  8
ENGRAVE
100
AcDbLine
 10
237.14511595409073
 20
329.7581650839147
 30
0.0
 11
237.84510527293838
 21
329.05817576506706
 31
0.0
  0
LINE
  5
38E
330
17
100
AcDbEntity
  8
ENGRAVE
100
AcDbLine
 10
237.84510527293838
 20
329.05817576506706
 30
0.0
 11
237.84510527293838
 21
327.3782013998327
 31
0.0
  0
LINE
  5
38F
330
17
100
AcDbEntity
  8
ENGRAVE
100
AcDbLine
 10
237.84510527293838
 20
327.3782013998327
 30
0.0
 11
237.14511595409073
 21
326.678212080985
 31
0.0
  0
LINE
  5
390
330
17
100
AcDbEntity
  8
ENGRAVE
100
AcDbLine
 10
237.14511595409073
 20
326.678212080985
 30
0.0
 11
235.04514799754776
 21
326.678212080985
 31
0.0
  0
LINE
  5
391
330
17
100
AcDbEntity
  8
ENGRAVE
100
AcDbLine
 10
237.14511595409073
 20
326.678212080985
 30
0.0
 11
237.84510527293838
 21
325.97822276213736
 31
0.0
  0
LINE
  5
392
330
17
100
AcDbEntity
  8
ENGRAVE
100
AcDbLine
 10
237.84510527293838
 20
325.97822276213736
 30
0.0
 11
237.84510527293838
 21
323.4582612142858
 31
0.0
  0
LINE
  5
393
330
17
100
AcDbEntity
  8
ENGRAVE
100
AcDbLine
 10
237.84510527293838
 20
323.4582612142858
 30
0.0
 11
237.14511595409073
 21
322.75827189543816
 31
0.0
  0
LINE
  5
394
330
17
100
AcDbEntity
  8
ENGRAVE
100
AcDbLine
 10
237.14511595409073
 20
322.75827189543816
 30
0.0
 11
234.3451586787001
 21
322.75827189543816
 31
0.0
  0
LINE
  5
395
330
17
100
AcDbEntity
  8
ENGRAVE
100
AcDbLine
 10
234.3451586787001
 20
322.75827189543816
 30
0.0
 11
233.64516935985245
 21
323.4582612142858
 31
0.0
  0
LINE
  5
396
330
17
100
AcDbEntity
  8
CUT
100
AcDbLine
 10
263.669288888889
 20
422.94034166666677
 30
0.0
 11
255.66793611111117
 21
422.94034166666677
 31
0.0
  0
LINE
  5
397
330
17
100
AcDbEntity
  8
CUT
100
AcDbLine
 10
255.66793611111117
 20
419.93961388888886
 30
0.0
 11
244.19948333333338
 21
419.93961388888886
 31
0.0
  0
LINE
  5
398
330
17
100
AcDbEntity
  8
CUT
100
AcDbLine
 10
301.7541194444445
 20
419.93961388888886
 30
0.0
 11
293.7527666666667
 21
419.93961388888886
 31
0.0
  0
LINE
  5
399
330
17
100
AcDbEntity
  8
CUT
100
AcDbLine
 10
244.19948333333338
 20
359.46715277777776
 30
0.0
 11
301.7541194444445
 21
359.46715277777776
 31
0.0
  0
LINE
  5
39A
330
17
100
AcDbEntity
  8
CUT
100
AcDbLine
 10
293.7527666666667
 20
422.94034166666677
 30
0.0
 11
285.7510611111112
 21
422.94034166666677
 31
0.0
  0
LINE
  5
39B
330
17
100
AcDbEntity
  8
CUT
100
AcDbLine
 10
285.7510611111112
 20
419.93961388888886
 30
0.0
 11
263.669288888889
 21
419.93961388888886
 31
0.0
  0
LINE
  5
39C
330
17
100
AcDbEntity
  8
CUT
100
AcDbLine
 10
255.66793611111117
 20
422.94034166666677
 30
0.0
 11
255.66793611111117
 21
419.93961388888886
 31
0.0
  0
LINE
  5
39D
330
17
100
AcDbEntity
  8
CUT
100
AcDbLine
 10
301.7541194444445
 20
359.46715277777776
 30
0.0
 11
301.7541194444445
 21
419.93961388888886
 31
0.0
  0
LINE
  5
39E
330
17
100
AcDbEntity
  8
CUT
100
AcDbLine
 10
293.7527666666667
 20
419.93961388888886
 30
0.0
 11
293.7527666666667
 21
422.94034166666677
 31
0.0
  0
LINE
  5
39F
330
17
100
AcDbEntity
  8
CUT
100
AcDbLine
 10
263.669288888889
 20
419.93961388888886
 30
0.0
 11
263.669288888889
 21
422.94034166666677
 31
0.0
  0
LINE
  5
3A0
330
17
100
AcDbEntity
  8
CUT
100
AcDbLine
 10
244.19948333333338
 20
419.93961388888886
 30
0.0
 11
244.19948333333338
 21
359.46715277777776
 31
0.0
  0
LINE
  5
3A1
330
17
100
AcDbEntity
  8
CUT
100
AcDbLine
 10
285.7510611111112
 20
422.94034166666677
 30
0.0
 11
285.7510611111112
 21
419.93961388888886
 31
0.0
  0
LINE
  5
3A2
330
17
100
AcDbEntity
  8
CUT
100
AcDbLine
 10
293.7527666666667
 20
365.8492555555555
 30
0.0
 11
285.7510611111112
 21
365.8492555555555
 31
0.0
  0
LINE
  5
3A3
330
17
100
AcDbEntity
  8
CUT
100
AcDbLine
 10
285.7510611111112
 20
368.8496305555557
 30
0.0
 11
293.7527666666667
 21
368.8496305555557
 31
0.0
  0
LINE
  5
3A4
330
17
100
AcDbEntity
  8
CUT
100
AcDbLine
 10
293.7527666666667
 20
368.8496305555557
 30
0.0
 11
293.7527666666667
 21
365.8492555555555
 31
0.0
  0
LINE
  5
3A5
330
17
100
AcDbEntity
  8
CUT
100
AcDbLine
 10
285.7510611111112
 20
365.8492555555555
 30
0.0
 11
285.7510611111112
 21
368.8496305555557
 31
0.0
  0
LINE
  5
3A6
330
17
100
AcDbEntity
  8
CUT
100
AcDbLine
 10
266.4788111111112
 20
365.8492555555555
 30
0.0
 11
258.4774583333334
 21
365.8492555555555
 31
0.0
  0
LINE
  5
3A7
330
17
100
AcDbEntity
  8
CUT
100
AcDbLine
 10
258.4774583333334
 20
368.8496305555557
 30
0.0
 11
266.4788111111112
 21
368.8496305555557
 31
0.0
  0
LINE
  5
3A8
330
17
100
AcDbEntity
  8
CUT
100
AcDbLine
 10
258.4774583333334
 20
365.8492555555555
 30
0.0
 11
258.4774583333334
 21
368.8496305555557
 31
0.0
  0
LINE
  5
3A9
330
17
100
AcDbEntity
  8
CUT
100
AcDbLine
 10
266.4788111111112
 20
368.8496305555557
 30
0.0
 11
266.4788111111112
 21
365.8492555555555
 31
0.0
  0
LINE
  5
3AA
330
17
100
AcDbEntity
  8
ENGRAVE
100
AcDbLine
 10
272.3084496648917
 20
389.6383469056966
 30
0.0
 11
270.9084710271964
 21
391.0383255433919
 31
0.0
  0
LINE
  5
3AB
330
17
100
AcDbEntity
  8
ENGRAVE
100
AcDbLine
 10
270.9084710271964
 20
391.0383255433919
 30
0.0
 11
277.908364215673
 21
391.0383255433919
 31
0.0
  0
LINE
  5
3AC
330
17
100
AcDbEntity
  8
ENGRAVE
100
AcDbLine
 10
277.908364215673
 20
389.6383469056966
 30
0.0
 11
277.908364215673
 21
392.43830418108723
 31
0.0
  0
LINE
  5
3AD
330
17
100
AcDbEntity
  8
ENGRAVE
100
AcDbLine
 10
271.60846034604407
 20
394.5382721376302
 30
0.0
 11
270.9084710271964
 21
395.23826145647786
 31
0.0
  0
LINE
  5
3AE
330
17
100
AcDbEntity
  8
ENGRAVE
100
AcDbLine
 10
270.9084710271964
 20
395.23826145647786
 30
0.0
 11
270.9084710271964
 21
398.0382187318685
 31
0.0
  0
LINE
  5
3AF
330
17
100
AcDbEntity
  8
ENGRAVE
100
AcDbLine
 10
270.9084710271964
 20
398.0382187318685
 30
0.0
 11
271.60846034604407
 21
398.73820805071614
 31
0.0
  0
LINE
  5
3B0
330
17
100
AcDbEntity
  8
ENGRAVE
100
AcDbLine
 10
271.60846034604407
 20
398.73820805071614
 30
0.0
 11
273.28843471127846
 21
398.73820805071614
 31
0.0
  0
LINE
  5
3B1
330
17
100
AcDbEntity
  8
ENGRAVE
100
AcDbLine
 10
273.28843471127846
 20
398.73820805071614
 30
0.0
 11
273.9884240301261
 21
398.0382187318685
 31
0.0
  0
LINE
  5
3B2
330
17
100
AcDbEntity
  8
ENGRAVE
100
AcDbLine
 10
273.9884240301261
 20
398.0382187318685
 30
0.0
 11
273.9884240301261
 21
395.9382507753255
 31
0.0
  0
LINE
  5
3B3
330
17
100
AcDbEntity
  8
ENGRAVE
100
AcDbLine
 10
273.9884240301261
 20
398.0382187318685
 30
0.0
 11
274.68841334897377
 21
398.73820805071614
 31
0.0
  0
LINE
  5
3B4
330
17
100
AcDbEntity
  8
ENGRAVE
100
AcDbLine
 10
274.68841334897377
 20
398.73820805071614
 30
0.0
 11
277.2083748968253
 21
398.73820805071614
 31
0.0
  0
LINE
  5
3B5
330
17
100
AcDbEntity
  8
ENGRAVE
100
AcDbLine
 10
277.2083748968253
 20
398.73820805071614
 30
0.0
 11
277.908364215673
 21
398.0382187318685
 31
0.0
  0
LINE
  5
3B6
330
17
100
AcDbEntity
  8
ENGRAVE
100
AcDbLine
 10
277.908364215673
 20
398.0382187318685
 30
0.0
 11
277.908364215673
 21
395.23826145647786
 31
0.0
  0
LINE
  5
3B7
330
17
100
AcDbEntity
  8
ENGRAVE
100
AcDbLine
 10
277.908364215673
 20
395.23826145647786
 30
0.0
 11
277.2083748968253
 21
394.5382721376302
 31
0.0
  0
LINE
  5
3B8
330
17
100
AcDbEntity
  8
CUT
100
AcDbLine
 10
307.75484722222217
 20
99.57863055555549
 30
0.0
 11
307.75484722222217
 21
103.5794833333333
 31
0.0
  0
LINE
  5
3B9
330
17
100
AcDbEntity
  8
CUT
100
AcDbLine
 10
337.33738055555557
 20
103.5794833333333
 30
0.0
 11
337.33738055555557
 21
198.63157499999988
 31
0.0
  0
LINE
  5
3BA
330
17
100
AcDbEntity
  8
CUT
100
AcDbLine
 10
307.75484722222217
 20
198.63157499999988
 30
0.0
 11
307.75484722222217
 21
202.63242777777768
 31
0.0
  0
LINE
  5
3BB
330
17
100
AcDbEntity
  8
CUT
100
AcDbLine
 10
304.7541194444445
 20
202.63242777777768
 30
0.0
 11
304.7541194444445
 21
99.57863055555549
 31
0.0
  0
LINE
  5
3BC
330
17
100
AcDbEntity
  8
CUT
100
AcDbLine
 10
304.7541194444445
 20
99.57863055555549
 30
0.0
 11
307.75484722222217
 21
99.57863055555549
 31
0.0
  0
LINE
  5
3BD
330
17
100
AcDbEntity
  8
CUT
100
AcDbLine
 10
307.75484722222217
 20
202.63242777777768
 30
0.0
 11
304.7541194444445
 21
202.63242777777768
 31
0.0
  0
LINE
  5
3BE
330
17
100
AcDbEntity
  8
CUT
100
AcDbLine
 10
337.33738055555557
 20
198.63157499999988
 30
0.0
 11
307.75484722222217
 21
198.63157499999988
 31
0.0
  0
LINE
  5
3BF
330
17
100
AcDbEntity
  8
CUT
100
AcDbLine
 10
307.75484722222217
 20
103.5794833333333
 30
0.0
 11
337.33738055555557
 21
103.5794833333333
 31
0.0
  0
LINE
  5
3C0
330
17
100
AcDbEntity
  8
CUT
100
AcDbLine
 10
322.04587499999997
 20
198.63157499999988
 30
0.0
 11
322.04587499999997
 21
103.5794833333333
 31
0.0
  0
LINE
  5
3C1
330
17
100
AcDbEntity
  8
CUT
100
AcDbLine
 10
311.8520083333333
 20
198.63157499999988
 30
0.0
 11
311.8520083333333
 21
103.5794833333333
 31
0.0
  0
LINE
  5
3C2
330
17
100
AcDbEntity
  8
CUT
100
AcDbLine
 10
316.94894166666666
 20
198.63157499999988
 30
0.0
 11
316.94894166666666
 21
103.5794833333333
 31
0.0
  0
LINE
  5
3C3
330
17
100
AcDbEntity
  8
CUT
100
AcDbLine
 10
327.14316111111106
 20
198.63157499999988
 30
0.0
 11
327.14316111111106
 21
103.5794833333333
 31
0.0
  0
LINE
  5
3C4
330
17
100
AcDbEntity
  8
CUT
100
AcDbLine
 10
306.75472222222214
 20
198.63157499999988
 30
0.0
 11
306.75472222222214
 21
103.5794833333333
 31
0.0
  0
LINE
  5
3C5
330
17
100
AcDbEntity
  8
CUT
100
AcDbLine
 10
332.24044722222214
 20
198.63157499999988
 30
0.0
 11
332.24044722222214
 21
103.5794833333333
 31
0.0
  0
LINE
  5
3C6
330
17
100
AcDbEntity
  8
ENGRAVE
100
AcDbLine
 10
313.4956964172219
 20
192.5748405278244
 30
0.0
 11
312.88240601194843
 21
193.18813093309785
 31
0.0
  0
LINE
  5
3C7
330
17
100
AcDbEntity
  8
ENGRAVE
100
AcDbLine
 10
312.88240601194843
 20
193.18813093309785
 30
0.0
 11
315.9488580383156
 21
193.18813093309785
 31
0.0
  0
LINE
  5
3C8
330
17
100
AcDbEntity
  8
ENGRAVE
100
AcDbLine
 10
315.9488580383156
 20
192.5748405278244
 30
0.0
 11
315.9488580383156
 21
193.80142133837128
 31
0.0
  0
LINE
  5
3C9
330
17
100
AcDbEntity
  8
ENGRAVE
100
AcDbLine
 10
312.88240601194843
 20
196.56122816210174
 30
0.0
 11
312.88240601194843
 21
195.02800214891815
 31
0.0
  0
LINE
  5
3CA
330
17
100
AcDbEntity
  8
ENGRAVE
100
AcDbLine
 10
312.88240601194843
 20
195.02800214891815
 30
0.0
 11
314.1089868224953
 21
195.02800214891815
 31
0.0
  0
LINE
  5
3CB
330
17
100
AcDbEntity
  8
ENGRAVE
100
AcDbLine
 10
314.1089868224953
 20
195.02800214891815
 30
0.0
 11
314.1089868224953
 21
196.25458295946504
 31
0.0
  0
LINE
  5
3CC
330
17
100
AcDbEntity
  8
ENGRAVE
100
AcDbLine
 10
314.1089868224953
 20
196.25458295946504
 30
0.0
 11
314.415632025132
 21
196.56122816210174
 31
0.0
  0
LINE
  5
3CD
330
17
100
AcDbEntity
  8
ENGRAVE
100
AcDbLine
 10
314.415632025132
 20
196.56122816210174
 30
0.0
 11
315.6422128356789
 21
196.56122816210174
 31
0.0
  0
LINE
  5
3CE
330
17
100
AcDbEntity
  8
ENGRAVE
100
AcDbLine
 10
315.6422128356789
 20
196.56122816210174
 30
0.0
 11
315.9488580383156
 21
196.25458295946504
 31
0.0
  0
LINE
  5
3CF
330
17
100
AcDbEntity
  8
ENGRAVE
100
AcDbLine
 10
315.9488580383156
 20
196.25458295946504
 30
0.0
 11
315.9488580383156
 21
195.02800214891815
 31
0.0
  0
LINE
  5
3D0
330
17
100
AcDbEntity
  8
ENGRAVE
100
AcDbLine
 10
315.9488580383156
 20
195.02800214891815
 30
0.0
 11
315.6422128356789
 21
194.72135694628145
 31
0.0
  0
LINE
  5
3D1
330
17
100
AcDbEntity
  8
CUT
100
AcDbLine
 10
443.3911777777778
 20
195.86015277777773
 30
0.0
 11
439.39032499999996
 21
195.86015277777773
 31
0.0
  0
LINE
  5
3D2
330
17
100
AcDbEntity
  8
CUT
100
AcDbLine
 10
439.39032499999996
 20
225.44268611111113
 30
0.0
 11
344.3382333333334
 21
225.44268611111113
 31
0.0
  0
LINE
  5
3D3
330
17
100
AcDbEntity
  8
CUT
100
AcDbLine
 10
344.3382333333334
 20
195.86015277777773
 30
0.0
 11
340.33738055555557
 21
195.86015277777773
 31
0.0
  0
LINE
  5
3D4
330
17
100
AcDbEntity
  8
CUT
100
AcDbLine
 10
340.33738055555557
 20
192.85942500000004
 30
0.0
 11
443.3911777777778
 21
192.85942500000004
 31
0.0
  0
LINE
  5
3D5
330
17
100
AcDbEntity
  8
CUT
100
AcDbLine
 10
443.3911777777778
 20
192.85942500000004
 30
0.0
 11
443.3911777777778
 21
195.86015277777773
 31
0.0
  0
LINE
  5
3D6
330
17
100
AcDbEntity
  8
CUT
100
AcDbLine
 10
340.33738055555557
 20
195.86015277777773
 30
0.0
 11
340.33738055555557
 21
192.85942500000004
 31
0.0
  0
LINE
  5
3D7
330
17
100
AcDbEntity
  8
CUT
100
AcDbLine
 10
344.3382333333334
 20
225.44268611111113
 30
0.0
 11
344.3382333333334
 21
195.86015277777773
 31
0.0
  0
LINE
  5
3D8
330
17
100
AcDbEntity
  8
CUT
100
AcDbLine
 10
439.39032499999996
 20
195.86015277777773
 30
0.0
 11
439.39032499999996
 21
225.44268611111113
 31
0.0
  0
LINE
  5
3D9
330
17
100
AcDbEntity
  8
CUT
100
AcDbLine
 10
344.3382333333334
 20
210.15118055555553
 30
0.0
 11
439.39032499999996
 21
210.15118055555553
 31
0.0
  0
LINE
  5
3DA
330
17
100
AcDbEntity
  8
CUT
100
AcDbLine
 10
344.3382333333334
 20
199.95731388888885
 30
0.0
 11
439.39032499999996
 21
199.95731388888885
 31
0.0
  0
LINE
  5
3DB
330
17
100
AcDbEntity
  8
CUT
100
AcDbLine
 10
344.3382333333334
 20
205.05424722222222
 30
0.0
 11
439.39032499999996
 21
205.05424722222222
 31
0.0
  0
LINE
  5
3DC
330
17
100
AcDbEntity
  8
CUT
100
AcDbLine
 10
344.3382333333334
 20
215.24846666666662
 30
0.0
 11
439.39032499999996
 21
215.24846666666662
 31
0.0
  0
LINE
  5
3DD
330
17
100
AcDbEntity
  8
CUT
100
AcDbLine
 10
344.3382333333334
 20
194.8600277777777
 30
0.0
 11
439.39032499999996
 21
194.8600277777777
 31
0.0
  0
LINE
  5
3DE
330
17
100
AcDbEntity
  8
CUT
100
AcDbLine
 10
344.3382333333334
 20
220.3457527777777
 30
0.0
 11
439.39032499999996
 21
220.3457527777777
 31
0.0
  0
LINE
  5
3DF
330
17
100
AcDbEntity
  8
ENGRAVE
100
AcDbLine
 10
346.71522537386824
 20
203.44087318859775
 30
0.0
 11
347.3285157791417
 21
204.05416359387118
 31
0.0
  0
LINE
  5
3E0
330
17
100
AcDbEntity
  8
ENGRAVE
100
AcDbLine
 10
347.3285157791417
 20
204.05416359387118
 30
0.0
 11
347.3285157791417
 21
200.987711567504
 31
0.0
  0
LINE
  5
3E1
330
17
100
AcDbEntity
  8
ENGRAVE
100
AcDbLine
 10
346.71522537386824
 20
200.987711567504
 30
0.0
 11
347.9418061844151
 21
200.987711567504
 31
0.0
  0
LINE
  5
3E2
330
17
100
AcDbEntity
  8
ENGRAVE
100
AcDbLine
 10
350.7016130081456
 20
204.05416359387118
 30
0.0
 11
349.168386994962
 21
204.05416359387118
 31
0.0
  0
LINE
  5
3E3
330
17
100
AcDbEntity
  8
ENGRAVE
100
AcDbLine
 10
349.168386994962
 20
204.05416359387118
 30
0.0
 11
349.168386994962
 21
202.82758278332432
 31
0.0
  0
LINE
  5
3E4
330
17
100
AcDbEntity
  8
ENGRAVE
100
AcDbLine
 10
349.168386994962
 20
202.82758278332432
 30
0.0
 11
350.3949678055089
 21
202.82758278332432
 31
0.0
  0
LINE
  5
3E5
330
17
100
AcDbEntity
  8
ENGRAVE
100
AcDbLine
 10
350.3949678055089
 20
202.82758278332432
 30
0.0
 11
350.7016130081456
 21
202.5209375806876
 31
0.0
  0
LINE
  5
3E6
330
17
100
AcDbEntity
  8
ENGRAVE
100
AcDbLine
 10
350.7016130081456
 20
202.5209375806876
 30
0.0
 11
350.7016130081456
 21
201.29435677014072
 31
0.0
  0
LINE
  5
3E7
330
17
100
AcDbEntity
  8
ENGRAVE
100
AcDbLine
 10
350.7016130081456
 20
201.29435677014072
 30
0.0
 11
350.3949678055089
 21
200.987711567504
 31
0.0
  0
LINE
  5
3E8
330
17
100
AcDbEntity
  8
ENGRAVE
100
AcDbLine
 10
350.3949678055089
 20
200.987711567504
 30
0.0
 11
349.168386994962
 21
200.987711567504
 31
0.0
  0
LINE
  5
3E9
330
17
100
AcDbEntity
  8
ENGRAVE
100
AcDbLine
 10
349.168386994962
 20
200.987711567504
 30
0.0
 11
348.8617417923253
 21
201.29435677014072
 31
0.0
  0
LINE
  5
3EA
330
17
100
AcDbEntity
  8
CUT
100
AcDbLine
 10
242.84093611111132
 20
119.37934166666662
 30
0.0
 11
242.39079166666693
 21
119.24281666666661
 31
0.0
  0
LINE
  5
3EB
330
17
100
AcDbEntity
  8
CUT
100
AcDbLine
 10
242.39079166666693
 20
119.24281666666661
 30
0.0
 11
241.92265555555582
 21
119.19660277777768
 31
0.0
  0
LINE
  5
3EC
330
17
100
AcDbEntity
  8
CUT
100
AcDbLine
 10
243.61986944444462
 20
119.89968888888893
 30
0.0
 11
243.25615555555572
 21
119.60123888888893
 31
0.0
  0
LINE
  5
3ED
330
17
100
AcDbEntity
  8
CUT
100
AcDbLine
 10
245.0260416666668
 20
123.30540555555558
 30
0.0
 11
244.72759166666674
 21
122.94169166666666
 31
0.0
  0
LINE
  5
3EE
330
17
100
AcDbEntity
  8
CUT
100
AcDbLine
 10
245.80497500000024
 20
123.82575277777767
 30
0.0
 11
245.38975555555572
 21
123.6038555555557
 31
0.0
  0
LINE
  5
3EF
330
17
100
AcDbEntity
  8
CUT
100
AcDbLine
 10
244.1402166666669
 20
120.6786222222222
 30
0.0
 11
243.91831944444462
 21
120.26340277777763
 31
0.0
  0
LINE
  5
3F0
330
17
100
AcDbEntity
  8
CUT
100
AcDbLine
 10
244.72759166666674
 20
122.94169166666666
 30
0.0
 11
244.5056944444446
 21
122.5264722222222
 31
0.0
  0
LINE
  5
3F1
330
17
100
AcDbEntity
  8
CUT
100
AcDbLine
 10
244.2767416666669
 20
121.1287666666667
 30
0.0
 11
244.1402166666669
 21
120.6786222222222
 31
0.0
  0
LINE
  5
3F2
330
17
100
AcDbEntity
  8
CUT
100
AcDbLine
 10
299.8240722222224
 20
124.0084916666666
 30
0.0
 11
246.72360833333352
 21
124.0084916666666
 31
0.0
  0
LINE
  5
3F3
330
17
100
AcDbEntity
  8
CUT
100
AcDbLine
 10
243.91831944444462
 20
120.26340277777763
 30
0.0
 11
243.61986944444462
 21
119.89968888888893
 31
0.0
  0
LINE
  5
3F4
330
17
100
AcDbEntity
  8
CUT
100
AcDbLine
 10
243.25615555555572
 20
119.60123888888893
 30
0.0
 11
242.84093611111132
 21
119.37934166666662
 31
0.0
  0
LINE
  5
3F5
330
17
100
AcDbEntity
  8
CUT
100
AcDbLine
 10
246.25511944444463
 20
123.96227777777779
 30
0.0
 11
245.80497500000024
 21
123.82575277777767
 31
0.0
  0
LINE
  5
3F6
330
17
100
AcDbEntity
  8
CUT
100
AcDbLine
 10
244.5056944444446
 20
122.5264722222222
 30
0.0
 11
244.36916944444462
 21
122.0763277777778
 31
0.0
  0
LINE
  5
3F7
330
17
100
AcDbEntity
  8
CUT
100
AcDbLine
 10
245.38975555555572
 20
123.6038555555557
 30
0.0
 11
245.0260416666668
 21
123.30540555555558
 31
0.0
  0
LINE
  5
3F8
330
17
100
AcDbEntity
  8
CUT
100
AcDbLine
 10
246.72360833333352
 20
124.0084916666666
 30
0.0
 11
246.25511944444463
 21
123.96227777777779
 31
0.0
  0
LINE
  5
3F9
330
17
100
AcDbEntity
  8
CUT
100
AcDbLine
 10
263.4851388888891
 20
104.72142500000007
 30
0.0
 11
265.4853888888891
 21
104.72142500000007
 31
0.0
  0
LINE
  5
3FA
330
17
100
AcDbEntity
  8
CUT
100
AcDbLine
 10
279.4088222222224
 20
101.72069722222216
 30
0.0
 11
284.3702888888891
 21
101.72069722222216
 31
0.0
  0
LINE
  5
3FB
330
17
100
AcDbEntity
  8
CUT
100
AcDbLine
 10
215.14823333333342
 20
119.19660277777768
 30
0.0
 11
214.67974444444462
 21
119.15074166666659
 31
0.0
  0
LINE
  5
3FC
330
17
100
AcDbEntity
  8
CUT
100
AcDbLine
 10
284.3702888888891
 20
104.72142500000007
 30
0.0
 11
286.370538888889
 21
104.72142500000007
 31
0.0
  0
LINE
  5
3FD
330
17
100
AcDbEntity
  8
CUT
100
AcDbLine
 10
252.8058500000002
 20
112.19537500000001
 30
0.0
 11
258.5825861111113
 21
106.52941111111102
 31
0.0
  0
LINE
  5
3FE
330
17
100
AcDbEntity
  8
CUT
100
AcDbLine
 10
214.2292472222223
 20
119.01386388888886
 30
0.0
 11
213.81438055555572
 21
118.79196666666667
 31
0.0
  0
LINE
  5
3FF
330
17
100
AcDbEntity
  8
CUT
100
AcDbLine
 10
289.3712666666669
 20
115.19574999999998
 30
0.0
 11
299.8240722222224
 21
115.19574999999998
 31
0.0
  0
LINE
  5
400
330
17
100
AcDbEntity
  8
CUT
100
AcDbLine
 10
213.450313888889
 20
118.49351666666666
 30
0.0
 11
213.151863888889
 21
118.12980277777763
 31
0.0
  0
LINE
  5
401
330
17
100
AcDbEntity
  8
CUT
100
AcDbLine
 10
214.67974444444462
 20
119.15074166666659
 30
0.0
 11
214.2292472222223
 21
119.01386388888886
 31
0.0
  0
LINE
  5
402
330
17
100
AcDbEntity
  8
CUT
100
AcDbLine
 10
256.4814416666669
 20
104.38734444444447
 30
0.0
 11
261.3839944444446
 21
99.57863055555549
 31
0.0
  0
LINE
  5
403
330
17
100
AcDbEntity
  8
CUT
100
AcDbLine
 10
241.32222777777804
 20
115.19574999999998
 30
0.0
 11
252.8058500000002
 21
115.19574999999998
 31
0.0
  0
LINE
  5
404
330
17
100
AcDbEntity
  8
CUT
100
AcDbLine
 10
212.74581666666683
 20
115.19574999999998
 30
0.0
 11
220.44907222222233
 21
115.19574999999998
 31
0.0
  0
LINE
  5
405
330
17
100
AcDbEntity
  8
CUT
100
AcDbLine
 10
270.44685555555577
 20
104.72142500000007
 30
0.0
 11
272.4471055555557
 21
104.72142500000007
 31
0.0
  0
LINE
  5
406
330
17
100
AcDbEntity
  8
CUT
100
AcDbLine
 10
265.4853888888891
 20
101.72069722222216
 30
0.0
 11
270.44685555555577
 21
101.72069722222216
 31
0.0
  0
LINE
  5
407
330
17
100
AcDbEntity
  8
CUT
100
AcDbLine
 10
258.5825861111113
 20
106.52941111111102
 30
0.0
 11
256.4814416666669
 21
104.38734444444447
 31
0.0
  0
LINE
  5
408
330
17
100
AcDbEntity
  8
CUT
100
AcDbLine
 10
220.44907222222233
 20
112.19537500000001
 30
0.0
 11
223.44980000000012
 21
112.19537500000001
 31
0.0
  0
LINE
  5
409
330
17
100
AcDbEntity
  8
CUT
100
AcDbLine
 10
238.3218527777779
 20
112.19537500000001
 30
0.0
 11
241.32222777777804
 21
112.19537500000001
 31
0.0
  0
LINE
  5
40A
330
17
100
AcDbEntity
  8
CUT
100
AcDbLine
 10
223.44980000000012
 20
109.19464722222222
 30
0.0
 11
238.3218527777779
 21
109.19464722222222
 31
0.0
  0
LINE
  5
40B
330
17
100
AcDbEntity
  8
CUT
100
AcDbLine
 10
286.370538888889
 20
118.19647777777766
 30
0.0
 11
289.3712666666669
 21
118.19647777777766
 31
0.0
  0
LINE
  5
40C
330
17
100
AcDbEntity
  8
CUT
100
AcDbLine
 10
261.3839944444446
 20
99.57863055555549
 30
0.0
 11
263.4851388888891
 21
101.72069722222216
 31
0.0
  0
LINE
  5
40D
330
17
100
AcDbEntity
  8
CUT
100
AcDbLine
 10
213.81438055555572
 20
118.79196666666667
 30
0.0
 11
213.450313888889
 21
118.49351666666666
 31
0.0
  0
LINE
  5
40E
330
17
100
AcDbEntity
  8
CUT
100
AcDbLine
 10
272.4471055555557
 20
101.72069722222216
 30
0.0
 11
277.4085722222224
 21
101.72069722222216
 31
0.0
  0
LINE
  5
40F
330
17
100
AcDbEntity
  8
CUT
100
AcDbLine
 10
213.151863888889
 20
118.12980277777763
 30
0.0
 11
212.92996666666681
 21
117.71493611111111
 31
0.0
  0
LINE
  5
410
330
17
100
AcDbEntity
  8
CUT
100
AcDbLine
 10
241.92265555555582
 20
119.19660277777768
 30
0.0
 11
215.14823333333342
 21
119.19660277777768
 31
0.0
  0
LINE
  5
411
330
17
100
AcDbEntity
  8
CUT
100
AcDbLine
 10
212.92996666666681
 20
117.71493611111111
 30
0.0
 11
212.7934416666668
 21
117.26443888888878
 31
0.0
  0
LINE
  5
412
330
17
100
AcDbEntity
  8
CUT
100
AcDbLine
 10
277.4085722222224
 20
104.72142500000007
 30
0.0
 11
279.4088222222224
 21
104.72142500000007
 31
0.0
  0
LINE
  5
413
330
17
100
AcDbEntity
  8
CUT
100
AcDbLine
 10
244.32295555555572
 20
121.59725555555576
 30
0.0
 11
244.2767416666669
 21
121.1287666666667
 31
0.0
  0
LINE
  5
414
330
17
100
AcDbEntity
  8
CUT
100
AcDbLine
 10
244.32295555555572
 20
121.60783888888886
 30
0.0
 11
244.32295555555572
 21
121.59725555555576
 31
0.0
  0
LINE
  5
415
330
17
100
AcDbEntity
  8
CUT
100
AcDbLine
 10
244.36916944444462
 20
122.0763277777778
 30
0.0
 11
244.32295555555572
 21
121.59725555555576
 31
0.0
  0
LINE
  5
416
330
17
100
AcDbEntity
  8
CUT
100
AcDbLine
 10
299.8240722222224
 20
115.19574999999998
 30
0.0
 11
299.8240722222224
 21
124.0084916666666
 31
0.0
  0
LINE
  5
417
330
17
100
AcDbEntity
  8
CUT
100
AcDbLine
 10
289.3712666666669
 20
118.19647777777766
 30
0.0
 11
289.3712666666669
 21
115.19574999999998
 31
0.0
  0
LINE
  5
418
330
17
100
AcDbEntity
  8
CUT
100
AcDbLine
 10
284.3702888888891
 20
101.72069722222216
 30
0.0
 11
284.3702888888891
 21
104.72142500000007
 31
0.0
  0
LINE
  5
419
330
17
100
AcDbEntity
  8
CUT
100
AcDbLine
 10
286.370538888889
 20
104.72142500000007
 30
0.0
 11
286.370538888889
 21
118.19647777777766
 31
0.0
  0
LINE
  5
41A
330
17
100
AcDbEntity
  8
CUT
100
AcDbLine
 10
252.8058500000002
 20
115.19574999999998
 30
0.0
 11
252.8058500000002
 21
112.19537500000001
 31
0.0
  0
LINE
  5
41B
330
17
100
AcDbEntity
  8
CUT
100
AcDbLine
 10
241.32222777777804
 20
112.19537500000001
 30
0.0
 11
241.32222777777804
 21
115.19574999999998
 31
0.0
  0
LINE
  5
41C
330
17
100
AcDbEntity
  8
CUT
100
AcDbLine
 10
277.4085722222224
 20
101.72069722222216
 30
0.0
 11
277.4085722222224
 21
104.72142500000007
 31
0.0
  0
LINE
  5
41D
330
17
100
AcDbEntity
  8
CUT
100
AcDbLine
 10
279.4088222222224
 20
104.72142500000007
 30
0.0
 11
279.4088222222224
 21
101.72069722222216
 31
0.0
  0
LINE
  5
41E
330
17
100
AcDbEntity
  8
CUT
100
AcDbLine
 10
238.3218527777779
 20
109.19464722222222
 30
0.0
 11
238.3218527777779
 21
112.19537500000001
 31
0.0
  0
LINE
  5
41F
330
17
100
AcDbEntity
  8
CUT
100
AcDbLine
 10
212.7934416666668
 20
117.26443888888878
 30
0.0
 11
212.74687500000013
 21
116.79630277777778
 31
0.0
  0
LINE
  5
420
330
17
100
AcDbEntity
  8
CUT
100
AcDbLine
 10
220.44907222222233
 20
115.19574999999998
 30
0.0
 11
220.44907222222233
 21
112.19537500000001
 31
0.0
  0
LINE
  5
421
330
17
100
AcDbEntity
  8
CUT
100
AcDbLine
 10
270.44685555555577
 20
101.72069722222216
 30
0.0
 11
270.44685555555577
 21
104.72142500000007
 31
0.0
  0
LINE
  5
422
330
17
100
AcDbEntity
  8
CUT
100
AcDbLine
 10
263.4851388888891
 20
101.72069722222216
 30
0.0
 11
263.4851388888891
 21
104.72142500000007
 31
0.0
  0
LINE
  5
423
330
17
100
AcDbEntity
  8
CUT
100
AcDbLine
 10
272.4471055555557
 20
104.72142500000007
 30
0.0
 11
272.4471055555557
 21
101.72069722222216
 31
0.0
  0
LINE
  5
424
330
17
100
AcDbEntity
  8
CUT
100
AcDbLine
 10
212.74687500000013
 20
116.79630277777778
 30
0.0
 11
212.74687500000013
 21
115.19574999999998
 31
0.0
  0
LINE
  5
425
330
17
100
AcDbEntity
  8
CUT
100
AcDbLine
 10
265.4853888888891
 20
104.72142500000007
 30
0.0
 11
265.4853888888891
 21
101.72069722222216
 31
0.0
  0
LINE
  5
426
330
17
100
AcDbEntity
  8
CUT
100
AcDbLine
 10
223.44980000000012
 20
112.19537500000001
 30
0.0
 11
223.44980000000012
 21
109.19464722222222
 31
0.0
  0
LINE
  5
427
330
17
100
AcDbEntity
  8
ENGRAVE
100
AcDbLine
 10
263.90826037917753
 20
110.1624801778488
 30
0.0
 11
262.5082817414822
 21
111.56245881554412
 31
0.0
  0
LINE
  5
428
330
17
100
AcDbEntity
  8
ENGRAVE
100
AcDbLine
 10
262.5082817414822
 20
111.56245881554412
 30
0.0
 11
269.5081749299588
 21
111.56245881554412
 31
0.0
  0
LINE
  5
429
330
17
100
AcDbEntity
  8
ENGRAVE
100
AcDbLine
 10
269.5081749299588
 20
110.1624801778488
 30
0.0
 11
269.5081749299588
 21
112.96243745323943
 31
0.0
  0
LINE
  5
42A
330
17
100
AcDbEntity
  8
ENGRAVE
100
AcDbLine
 10
262.5082817414822
 20
115.0624054097824
 30
0.0
 11
262.5082817414822
 21
119.26234132286834
 31
0.0
  0
LINE
  5
42B
330
17
100
AcDbEntity
  8
ENGRAVE
100
AcDbLine
 10
262.5082817414822
 20
119.26234132286834
 30
0.0
 11
269.5081749299588
 21
116.46238404747771
 31
0.0
  0
LINE
  5
42C
330
17
100
AcDbEntity
  8
CUT
100
AcDbLine
 10
242.84093611111132
 20
146.80920277777773
 30
0.0
 11
242.39079166666693
 21
146.67267777777772
 31
0.0
  0
LINE
  5
42D
330
17
100
AcDbEntity
  8
CUT
100
AcDbLine
 10
242.39079166666693
 20
146.67267777777772
 30
0.0
 11
241.92265555555582
 21
146.6264638888888
 31
0.0
  0
LINE
  5
42E
330
17
100
AcDbEntity
  8
CUT
100
AcDbLine
 10
243.61986944444462
 20
147.32955000000004
 30
0.0
 11
243.25615555555572
 21
147.03110000000004
 31
0.0
  0
LINE
  5
42F
330
17
100
AcDbEntity
  8
CUT
100
AcDbLine
 10
245.0260416666668
 20
150.7352666666667
 30
0.0
 11
244.72759166666674
 21
150.37155277777777
 31
0.0
  0
LINE
  5
430
330
17
100
AcDbEntity
  8
CUT
100
AcDbLine
 10
245.80497500000024
 20
151.25561388888877
 30
0.0
 11
245.38975555555572
 21
151.0337166666668
 31
0.0
  0
LINE
  5
431
330
17
100
AcDbEntity
  8
CUT
100
AcDbLine
 10
244.1402166666669
 20
148.1084833333333
 30
0.0
 11
243.91831944444462
 21
147.69326388888874
 31
0.0
  0
LINE
  5
432
330
17
100
AcDbEntity
  8
CUT
100
AcDbLine
 10
244.72759166666674
 20
150.37155277777777
 30
0.0
 11
244.5056944444446
 21
149.9563333333333
 31
0.0
  0
LINE
  5
433
330
17
100
AcDbEntity
  8
CUT
100
AcDbLine
 10
244.2767416666669
 20
148.55862777777782
 30
0.0
 11
244.1402166666669
 21
148.1084833333333
 31
0.0
  0
LINE
  5
434
330
17
100
AcDbEntity
  8
CUT
100
AcDbLine
 10
299.8240722222224
 20
151.4383527777777
 30
0.0
 11
246.72360833333352
 21
151.4383527777777
 31
0.0
  0
LINE
  5
435
330
17
100
AcDbEntity
  8
CUT
100
AcDbLine
 10
243.91831944444462
 20
147.69326388888874
 30
0.0
 11
243.61986944444462
 21
147.32955000000004
 31
0.0
  0
LINE
  5
436
330
17
100
AcDbEntity
  8
CUT
100
AcDbLine
 10
243.25615555555572
 20
147.03110000000004
 30
0.0
 11
242.84093611111132
 21
146.80920277777773
 31
0.0
  0
LINE
  5
437
330
17
100
AcDbEntity
  8
CUT
100
AcDbLine
 10
246.25511944444463
 20
151.3921388888889
 30
0.0
 11
245.80497500000024
 21
151.25561388888877
 31
0.0
  0
LINE
  5
438
330
17
100
AcDbEntity
  8
CUT
100
AcDbLine
 10
244.5056944444446
 20
149.9563333333333
 30
0.0
 11
244.36916944444462
 21
149.50618888888891
 31
0.0
  0
LINE
  5
439
330
17
100
AcDbEntity
  8
CUT
100
AcDbLine
 10
245.38975555555572
 20
151.0337166666668
 30
0.0
 11
245.0260416666668
 21
150.7352666666667
 31
0.0
  0
LINE
  5
43A
330
17
100
AcDbEntity
  8
CUT
100
AcDbLine
 10
246.72360833333352
 20
151.4383527777777
 30
0.0
 11
246.25511944444463
 21
151.3921388888889
 31
0.0
  0
LINE
  5
43B
330
17
100
AcDbEntity
  8
CUT
100
AcDbLine
 10
263.4851388888891
 20
132.15128611111118
 30
0.0
 11
265.4853888888891
 21
132.15128611111118
 31
0.0
  0
LINE
  5
43C
330
17
100
AcDbEntity
  8
CUT
100
AcDbLine
 10
279.4088222222224
 20
129.15055833333327
 30
0.0
 11
284.3702888888891
 21
129.15055833333327
 31
0.0
  0
LINE
  5
43D
330
17
100
AcDbEntity
  8
CUT
100
AcDbLine
 10
215.14823333333342
 20
146.6264638888888
 30
0.0
 11
214.67974444444462
 21
146.5806027777777
 31
0.0
  0
LINE
  5
43E
330
17
100
AcDbEntity
  8
CUT
100
AcDbLine
 10
284.3702888888891
 20
132.15128611111118
 30
0.0
 11
286.370538888889
 21
132.15128611111118
 31
0.0
  0
LINE
  5
43F
330
17
100
AcDbEntity
  8
CUT
100
AcDbLine
 10
252.8058500000002
 20
139.62523611111112
 30
0.0
 11
258.5825861111113
 21
133.95927222222213
 31
0.0
  0
LINE
  5
440
330
17
100
AcDbEntity
  8
CUT
100
AcDbLine
 10
214.2292472222223
 20
146.44372499999997
 30
0.0
 11
213.81438055555572
 21
146.22182777777778
 31
0.0
  0
LINE
  5
441
330
17
100
AcDbEntity
  8
CUT
100
AcDbLine
 10
289.3712666666669
 20
142.62561111111108
 30
0.0
 11
299.8240722222224
 21
142.62561111111108
 31
0.0
  0
LINE
  5
442
330
17
100
AcDbEntity
  8
CUT
100
AcDbLine
 10
213.450313888889
 20
145.92337777777777
 30
0.0
 11
213.151863888889
 21
145.55966388888874
 31
0.0
  0
LINE
  5
443
330
17
100
AcDbEntity
  8
CUT
100
AcDbLine
 10
214.67974444444462
 20
146.5806027777777
 30
0.0
 11
214.2292472222223
 21
146.44372499999997
 31
0.0
  0
LINE
  5
444
330
17
100
AcDbEntity
  8
CUT
100
AcDbLine
 10
256.4814416666669
 20
131.81720555555557
 30
0.0
 11
261.3839944444446
 21
127.0084916666666
 31
0.0
  0
LINE
  5
445
330
17
100
AcDbEntity
  8
CUT
100
AcDbLine
 10
241.32222777777804
 20
142.62561111111108
 30
0.0
 11
252.8058500000002
 21
142.62561111111108
 31
0.0
  0
LINE
  5
446
330
17
100
AcDbEntity
  8
CUT
100
AcDbLine
 10
212.74581666666683
 20
142.62561111111108
 30
0.0
 11
220.44907222222233
 21
142.62561111111108
 31
0.0
  0
LINE
  5
447
330
17
100
AcDbEntity
  8
CUT
100
AcDbLine
 10
270.44685555555577
 20
132.15128611111118
 30
0.0
 11
272.4471055555557
 21
132.15128611111118
 31
0.0
  0
LINE
  5
448
330
17
100
AcDbEntity
  8
CUT
100
AcDbLine
 10
265.4853888888891
 20
129.15055833333327
 30
0.0
 11
270.44685555555577
 21
129.15055833333327
 31
0.0
  0
LINE
  5
449
330
17
100
AcDbEntity
  8
CUT
100
AcDbLine
 10
258.5825861111113
 20
133.95927222222213
 30
0.0
 11
256.4814416666669
 21
131.81720555555557
 31
0.0
  0
LINE
  5
44A
330
17
100
AcDbEntity
  8
CUT
100
AcDbLine
 10
220.44907222222233
 20
139.62523611111112
 30
0.0
 11
223.44980000000012
 21
139.62523611111112
 31
0.0
  0
LINE
  5
44B
330
17
100
AcDbEntity
  8
CUT
100
AcDbLine
 10
238.3218527777779
 20
139.62523611111112
 30
0.0
 11
241.32222777777804
 21
139.62523611111112
 31
0.0
  0
LINE
  5
44C
330
17
100
AcDbEntity
  8
CUT
100
AcDbLine
 10
223.44980000000012
 20
136.62450833333332
 30
0.0
 11
238.3218527777779
 21
136.62450833333332
 31
0.0
  0
LINE
  5
44D
330
17
100
AcDbEntity
  8
CUT
100
AcDbLine
 10
286.370538888889
 20
145.62633888888877
 30
0.0
 11
289.3712666666669
 21
145.62633888888877
 31
0.0
  0
LINE
  5
44E
330
17
100
AcDbEntity
  8
CUT
100
AcDbLine
 10
261.3839944444446
 20
127.0084916666666
 30
0.0
 11
263.4851388888891
 21
129.15055833333327
 31
0.0
  0
LINE
  5
44F
330
17
100
AcDbEntity
  8
CUT
100
AcDbLine
 10
213.81438055555572
 20
146.22182777777778
 30
0.0
 11
213.450313888889
 21
145.92337777777777
 31
0.0
  0
LINE
  5
450
330
17
100
AcDbEntity
  8
CUT
100
AcDbLine
 10
272.4471055555557
 20
129.15055833333327
 30
0.0
 11
277.4085722222224
 21
129.15055833333327
 31
0.0
  0
LINE
  5
451
330
17
100
AcDbEntity
  8
CUT
100
AcDbLine
 10
213.151863888889
 20
145.55966388888874
 30
0.0
 11
212.92996666666681
 21
145.14479722222222
 31
0.0
  0
LINE
  5
452
330
17
100
AcDbEntity
  8
CUT
100
AcDbLine
 10
241.92265555555582
 20
146.6264638888888
 30
0.0
 11
215.14823333333342
 21
146.6264638888888
 31
0.0
  0
LINE
  5
453
330
17
100
AcDbEntity
  8
CUT
100
AcDbLine
 10
212.92996666666681
 20
145.14479722222222
 30
0.0
 11
212.7934416666668
 21
144.69429999999988
 31
0.0
  0
LINE
  5
454
330
17
100
AcDbEntity
  8
CUT
100
AcDbLine
 10
277.4085722222224
 20
132.15128611111118
 30
0.0
 11
279.4088222222224
 21
132.15128611111118
 31
0.0
  0
LINE
  5
455
330
17
100
AcDbEntity
  8
CUT
100
AcDbLine
 10
244.32295555555572
 20
149.02711666666687
 30
0.0
 11
244.2767416666669
 21
148.55862777777782
 31
0.0
  0
LINE
  5
456
330
17
100
AcDbEntity
  8
CUT
100
AcDbLine
 10
244.32295555555572
 20
149.03769999999997
 30
0.0
 11
244.32295555555572
 21
149.02711666666687
 31
0.0
  0
LINE
  5
457
330
17
100
AcDbEntity
  8
CUT
100
AcDbLine
 10
244.36916944444462
 20
149.50618888888891
 30
0.0
 11
244.32295555555572
 21
149.02711666666687
 31
0.0
  0
LINE
  5
458
330
17
100
AcDbEntity
  8
CUT
100
AcDbLine
 10
299.8240722222224
 20
142.62561111111108
 30
0.0
 11
299.8240722222224
 21
151.4383527777777
 31
0.0
  0
LINE
  5
459
330
17
100
AcDbEntity
  8
CUT
100
AcDbLine
 10
289.3712666666669
 20
145.62633888888877
 30
0.0
 11
289.3712666666669
 21
142.62561111111108
 31
0.0
  0
LINE
  5
45A
330
17
100
AcDbEntity
  8
CUT
100
AcDbLine
 10
284.3702888888891
 20
129.15055833333327
 30
0.0
 11
284.3702888888891
 21
132.15128611111118
 31
0.0
  0
LINE
  5
45B
330
17
100
AcDbEntity
  8
CUT
100
AcDbLine
 10
286.370538888889
 20
132.15128611111118
 30
0.0
 11
286.370538888889
 21
145.62633888888877
 31
0.0
  0
LINE
  5
45C
330
17
100
AcDbEntity
  8
CUT
100
AcDbLine
 10
252.8058500000002
 20
142.62561111111108
 30
0.0
 11
252.8058500000002
 21
139.62523611111112
 31
0.0
  0
LINE
  5
45D
330
17
100
AcDbEntity
  8
CUT
100
AcDbLine
 10
241.32222777777804
 20
139.62523611111112
 30
0.0
 11
241.32222777777804
 21
142.62561111111108
 31
0.0
  0
LINE
  5
45E
330
17
100
AcDbEntity
  8
CUT
100
AcDbLine
 10
277.4085722222224
 20
129.15055833333327
 30
0.0
 11
277.4085722222224
 21
132.15128611111118
 31
0.0
  0
LINE
  5
45F
330
17
100
AcDbEntity
  8
CUT
100
AcDbLine
 10
279.4088222222224
 20
132.15128611111118
 30
0.0
 11
279.4088222222224
 21
129.15055833333327
 31
0.0
  0
LINE
  5
460
330
17
100
AcDbEntity
  8
CUT
100
AcDbLine
 10
238.3218527777779
 20
136.62450833333332
 30
0.0
 11
238.3218527777779
 21
139.62523611111112
 31
0.0
  0
LINE
  5
461
330
17
100
AcDbEntity
  8
CUT
100
AcDbLine
 10
212.7934416666668
 20
144.69429999999988
 30
0.0
 11
212.74687500000013
 21
144.2261638888889
 31
0.0
  0
LINE
  5
462
330
17
100
AcDbEntity
  8
CUT
100
AcDbLine
 10
220.44907222222233
 20
142.62561111111108
 30
0.0
 11
220.44907222222233
 21
139.62523611111112
 31
0.0
  0
LINE
  5
463
330
17
100
AcDbEntity
  8
CUT
100
AcDbLine
 10
270.44685555555577
 20
129.15055833333327
 30
0.0
 11
270.44685555555577
 21
132.15128611111118
 31
0.0
  0
LINE
  5
464
330
17
100
AcDbEntity
  8
CUT
100
AcDbLine
 10
263.4851388888891
 20
129.15055833333327
 30
0.0
 11
263.4851388888891
 21
132.15128611111118
 31
0.0
  0
LINE
  5
465
330
17
100
AcDbEntity
  8
CUT
100
AcDbLine
 10
272.4471055555557
 20
132.15128611111118
 30
0.0
 11
272.4471055555557
 21
129.15055833333327
 31
0.0
  0
LINE
  5
466
330
17
100
AcDbEntity
  8
CUT
100
AcDbLine
 10
212.74687500000013
 20
144.2261638888889
 30
0.0
 11
212.74687500000013
 21
142.62561111111108
 31
0.0
  0
LINE
  5
467
330
17
100
AcDbEntity
  8
CUT
100
AcDbLine
 10
265.4853888888891
 20
132.15128611111118
 30
0.0
 11
265.4853888888891
 21
129.15055833333327
 31
0.0
  0
LINE
  5
468
330
17
100
AcDbEntity
  8
CUT
100
AcDbLine
 10
223.44980000000012
 20
139.62523611111112
 30
0.0
 11
223.44980000000012
 21
136.62450833333332
 31
0.0
  0
LINE
  5
469
330
17
100
AcDbEntity
  8
ENGRAVE
100
AcDbLine
 10
263.90826037917753
 20
137.59234128895991
 30
0.0
 11
262.5082817414822
 21
138.99231992665523
 31
0.0
  0
LINE
  5
46A
330
17
100
AcDbEntity
  8
ENGRAVE
100
AcDbLine
 10
262.5082817414822
 20
138.99231992665523
 30
0.0
 11
269.5081749299588
 21
138.99231992665523
 31
0.0
  0
LINE
  5
46B
330
17
100
AcDbEntity
  8
ENGRAVE
100
AcDbLine
 10
269.5081749299588
 20
137.59234128895991
 30
0.0
 11
269.5081749299588
 21
140.39229856435054
 31
0.0
  0
LINE
  5
46C
330
17
100
AcDbEntity
  8
ENGRAVE
100
AcDbLine
 10
262.5082817414822
 20
142.4922665208935
 30
0.0
 11
262.5082817414822
 21
146.69220243397945
 31
0.0
  0
LINE
  5
46D
330
17
100
AcDbEntity
  8
ENGRAVE
100
AcDbLine
 10
262.5082817414822
 20
146.69220243397945
 30
0.0
 11
269.5081749299588
 21
143.89224515858882
 31
0.0
  0
LINE
  5
46E
330
17
100
AcDbEntity
  8
CUT
100
AcDbLine
 10
261.3839944444446
 20
154.4383527777777
 30
0.0
 11
263.485138888889
 21
156.58041944444426
 31
0.0
  0
LINE
  5
46F
330
17
100
AcDbEntity
  8
CUT
100
AcDbLine
 10
212.93031944444462
 20
172.57430555555538
 30
0.0
 11
212.79344166666684
 21
172.12451388888883
 31
0.0
  0
LINE
  5
470
330
17
100
AcDbEntity
  8
CUT
100
AcDbLine
 10
265.48574166666685
 20
156.58041944444426
 30
0.0
 11
270.4468555555557
 21
156.58041944444426
 31
0.0
  0
LINE
  5
471
330
17
100
AcDbEntity
  8
CUT
100
AcDbLine
 10
256.48179444444463
 20
159.24671388888885
 30
0.0
 11
261.3839944444446
 21
154.4383527777777
 31
0.0
  0
LINE
  5
472
330
17
100
AcDbEntity
  8
CUT
100
AcDbLine
 10
214.68009722222243
 20
174.01011111111097
 30
0.0
 11
214.22960000000012
 21
173.87358611111108
 31
0.0
  0
LINE
  5
473
330
17
100
AcDbEntity
  8
CUT
100
AcDbLine
 10
213.15186388888904
 20
172.98952499999984
 30
0.0
 11
212.93031944444462
 21
172.57430555555538
 31
0.0
  0
LINE
  5
474
330
17
100
AcDbEntity
  8
CUT
100
AcDbLine
 10
223.44980000000012
 20
164.05436944444443
 30
0.0
 11
238.32185277777793
 21
164.05436944444443
 31
0.0
  0
LINE
  5
475
330
17
100
AcDbEntity
  8
CUT
100
AcDbLine
 10
272.4471055555557
 20
156.58041944444426
 30
0.0
 11
277.40857222222235
 21
156.58041944444426
 31
0.0
  0
LINE
  5
476
330
17
100
AcDbEntity
  8
CUT
100
AcDbLine
 10
220.44907222222244
 20
167.055097222222
 30
0.0
 11
223.44980000000012
 21
167.055097222222
 31
0.0
  0
LINE
  5
477
330
17
100
AcDbEntity
  8
CUT
100
AcDbLine
 10
270.4468555555557
 20
159.58079444444422
 30
0.0
 11
272.4471055555557
 21
159.58079444444422
 31
0.0
  0
LINE
  5
478
330
17
100
AcDbEntity
  8
CUT
100
AcDbLine
 10
213.45066666666682
 20
173.35323888888888
 30
0.0
 11
213.15186388888904
 21
172.98952499999984
 31
0.0
  0
LINE
  5
479
330
17
100
AcDbEntity
  8
CUT
100
AcDbLine
 10
286.37053888888903
 20
175.86748611111102
 30
0.0
 11
289.3712666666668
 21
175.86748611111102
 31
0.0
  0
LINE
  5
47A
330
17
100
AcDbEntity
  8
CUT
100
AcDbLine
 10
258.58258611111137
 20
161.38913333333323
 30
0.0
 11
256.48179444444463
 21
159.24671388888885
 31
0.0
  0
LINE
  5
47B
330
17
100
AcDbEntity
  8
CUT
100
AcDbLine
 10
279.4091750000001
 20
156.58041944444426
 30
0.0
 11
284.37028888888904
 21
156.58041944444426
 31
0.0
  0
LINE
  5
47C
330
17
100
AcDbEntity
  8
CUT
100
AcDbLine
 10
241.92265555555574
 20
174.0563249999999
 30
0.0
 11
215.14823333333354
 21
174.0563249999999
 31
0.0
  0
LINE
  5
47D
330
17
100
AcDbEntity
  8
CUT
100
AcDbLine
 10
215.14823333333354
 20
174.0563249999999
 30
0.0
 11
214.68009722222243
 21
174.01011111111097
 31
0.0
  0
LINE
  5
47E
330
17
100
AcDbEntity
  8
CUT
100
AcDbLine
 10
212.74581666666683
 20
170.0558249999998
 30
0.0
 11
220.44907222222244
 21
170.0558249999998
 31
0.0
  0
LINE
  5
47F
330
17
100
AcDbEntity
  8
CUT
100
AcDbLine
 10
238.32185277777793
 20
167.055097222222
 30
0.0
 11
241.32258055555573
 21
167.055097222222
 31
0.0
  0
LINE
  5
480
330
17
100
AcDbEntity
  8
CUT
100
AcDbLine
 10
213.81438055555572
 20
173.65168888888877
 30
0.0
 11
213.45066666666682
 21
173.35323888888888
 31
0.0
  0
LINE
  5
481
330
17
100
AcDbEntity
  8
CUT
100
AcDbLine
 10
277.40857222222235
 20
159.58079444444422
 30
0.0
 11
279.4091750000001
 21
159.58079444444422
 31
0.0
  0
LINE
  5
482
330
17
100
AcDbEntity
  8
CUT
100
AcDbLine
 10
214.22960000000012
 20
173.87358611111108
 30
0.0
 11
213.81438055555572
 21
173.65168888888877
 31
0.0
  0
LINE
  5
483
330
17
100
AcDbEntity
  8
CUT
100
AcDbLine
 10
284.37028888888904
 20
159.58079444444422
 30
0.0
 11
286.37053888888903
 21
159.58079444444422
 31
0.0
  0
LINE
  5
484
330
17
100
AcDbEntity
  8
CUT
100
AcDbLine
 10
263.485138888889
 20
159.58079444444422
 30
0.0
 11
265.48574166666685
 21
159.58079444444422
 31
0.0
  0
LINE
  5
485
330
17
100
AcDbEntity
  8
CUT
100
AcDbLine
 10
241.32258055555573
 20
170.0558249999998
 30
0.0
 11
252.80585000000022
 21
170.0558249999998
 31
0.0
  0
LINE
  5
486
330
17
100
AcDbEntity
  8
CUT
100
AcDbLine
 10
252.80585000000022
 20
167.055097222222
 30
0.0
 11
258.58258611111137
 21
161.38913333333323
 31
0.0
  0
LINE
  5
487
330
17
100
AcDbEntity
  8
CUT
100
AcDbLine
 10
246.72360833333352
 20
178.86821388888882
 30
0.0
 11
246.25547222222244
 21
178.822
 31
0.0
  0
LINE
  5
488
330
17
100
AcDbEntity
  8
CUT
100
AcDbLine
 10
299.8240722222223
 20
178.86821388888882
 30
0.0
 11
246.72360833333352
 21
178.86821388888882
 31
0.0
  0
LINE
  5
489
330
17
100
AcDbEntity
  8
CUT
100
AcDbLine
 10
245.02604166666683
 20
178.16512777777746
 30
0.0
 11
244.72794444444463
 21
177.80141388888876
 31
0.0
  0
LINE
  5
48A
330
17
100
AcDbEntity
  8
CUT
100
AcDbLine
 10
246.25547222222244
 20
178.822
 30
0.0
 11
245.80497500000024
 21
178.68547499999988
 31
0.0
  0
LINE
  5
48B
330
17
100
AcDbEntity
  8
CUT
100
AcDbLine
 10
243.61986944444462
 20
174.75941111111104
 30
0.0
 11
243.25650833333353
 21
174.46096111111115
 31
0.0
  0
LINE
  5
48C
330
17
100
AcDbEntity
  8
CUT
100
AcDbLine
 10
289.3712666666668
 20
170.0558249999998
 30
0.0
 11
299.8240722222223
 21
170.0558249999998
 31
0.0
  0
LINE
  5
48D
330
17
100
AcDbEntity
  8
CUT
100
AcDbLine
 10
244.14056944444462
 20
175.5383444444442
 30
0.0
 11
243.91867222222243
 21
175.12312499999985
 31
0.0
  0
LINE
  5
48E
330
17
100
AcDbEntity
  8
CUT
100
AcDbLine
 10
244.27709444444463
 20
175.98848888888892
 30
0.0
 11
244.14056944444462
 21
175.5383444444442
 31
0.0
  0
LINE
  5
48F
330
17
100
AcDbEntity
  8
CUT
100
AcDbLine
 10
242.39079166666684
 20
174.10253888888872
 30
0.0
 11
241.92265555555574
 21
174.0563249999999
 31
0.0
  0
LINE
  5
490
330
17
100
AcDbEntity
  8
CUT
100
AcDbLine
 10
242.84128888888912
 20
174.23906388888884
 30
0.0
 11
242.39079166666684
 21
174.10253888888872
 31
0.0
  0
LINE
  5
491
330
17
100
AcDbEntity
  8
CUT
100
AcDbLine
 10
244.50569444444463
 20
177.3861944444444
 30
0.0
 11
244.36916944444462
 21
176.9356972222222
 31
0.0
  0
LINE
  5
492
330
17
100
AcDbEntity
  8
CUT
100
AcDbLine
 10
243.25650833333353
 20
174.46096111111115
 30
0.0
 11
242.84128888888912
 21
174.23906388888884
 31
0.0
  0
LINE
  5
493
330
17
100
AcDbEntity
  8
CUT
100
AcDbLine
 10
243.91867222222243
 20
175.12312499999985
 30
0.0
 11
243.61986944444462
 21
174.75941111111104
 31
0.0
  0
LINE
  5
494
330
17
100
AcDbEntity
  8
CUT
100
AcDbLine
 10
244.72794444444463
 20
177.80141388888876
 30
0.0
 11
244.50569444444463
 21
177.3861944444444
 31
0.0
  0
LINE
  5
495
330
17
100
AcDbEntity
  8
CUT
100
AcDbLine
 10
245.39010833333353
 20
178.46357777777757
 30
0.0
 11
245.02604166666683
 21
178.16512777777746
 31
0.0
  0
LINE
  5
496
330
17
100
AcDbEntity
  8
CUT
100
AcDbLine
 10
245.80497500000024
 20
178.68547499999988
 30
0.0
 11
245.39010833333353
 21
178.46357777777757
 31
0.0
  0
LINE
  5
497
330
17
100
AcDbEntity
  8
CUT
100
AcDbLine
 10
286.37053888888903
 20
159.58079444444422
 30
0.0
 11
286.37053888888903
 21
175.86748611111102
 31
0.0
  0
LINE
  5
498
330
17
100
AcDbEntity
  8
CUT
100
AcDbLine
 10
212.79344166666684
 20
172.12451388888883
 30
0.0
 11
212.74687500000013
 21
171.65602499999977
 31
0.0
  0
LINE
  5
499
330
17
100
AcDbEntity
  8
CUT
100
AcDbLine
 10
265.48574166666685
 20
159.58079444444422
 30
0.0
 11
265.48574166666685
 21
156.58041944444426
 31
0.0
  0
LINE
  5
49A
330
17
100
AcDbEntity
  8
CUT
100
AcDbLine
 10
277.40857222222235
 20
156.58041944444426
 30
0.0
 11
277.40857222222235
 21
159.58079444444422
 31
0.0
  0
LINE
  5
49B
330
17
100
AcDbEntity
  8
CUT
100
AcDbLine
 10
212.74687500000013
 20
171.65602499999977
 30
0.0
 11
212.74687500000013
 21
170.0558249999998
 31
0.0
  0
LINE
  5
49C
330
17
100
AcDbEntity
  8
CUT
100
AcDbLine
 10
270.4468555555557
 20
156.58041944444426
 30
0.0
 11
270.4468555555557
 21
159.58079444444422
 31
0.0
  0
LINE
  5
49D
330
17
100
AcDbEntity
  8
CUT
100
AcDbLine
 10
284.37028888888904
 20
156.58041944444426
 30
0.0
 11
284.37028888888904
 21
159.58079444444422
 31
0.0
  0
LINE
  5
49E
330
17
100
AcDbEntity
  8
CUT
100
AcDbLine
 10
263.485138888889
 20
156.58041944444426
 30
0.0
 11
263.485138888889
 21
159.58079444444422
 31
0.0
  0
LINE
  5
49F
330
17
100
AcDbEntity
  8
CUT
100
AcDbLine
 10
238.32185277777793
 20
164.05436944444443
 30
0.0
 11
238.32185277777793
 21
167.055097222222
 31
0.0
  0
LINE
  5
4A0
330
17
100
AcDbEntity
  8
CUT
100
AcDbLine
 10
252.80585000000022
 20
170.0558249999998
 30
0.0
 11
252.80585000000022
 21
167.055097222222
 31
0.0
  0
LINE
  5
4A1
330
17
100
AcDbEntity
  8
CUT
100
AcDbLine
 10
241.32258055555573
 20
167.055097222222
 30
0.0
 11
241.32258055555573
 21
170.0558249999998
 31
0.0
  0
LINE
  5
4A2
330
17
100
AcDbEntity
  8
CUT
100
AcDbLine
 10
272.4471055555557
 20
159.58079444444422
 30
0.0
 11
272.4471055555557
 21
156.58041944444426
 31
0.0
  0
LINE
  5
4A3
330
17
100
AcDbEntity
  8
CUT
100
AcDbLine
 10
223.44980000000012
 20
167.055097222222
 30
0.0
 11
223.44980000000012
 21
164.05436944444443
 31
0.0
  0
LINE
  5
4A4
330
17
100
AcDbEntity
  8
CUT
100
AcDbLine
 10
220.44907222222244
 20
170.0558249999998
 30
0.0
 11
220.44907222222244
 21
167.055097222222
 31
0.0
  0
LINE
  5
4A5
330
17
100
AcDbEntity
  8
CUT
100
AcDbLine
 10
279.4091750000001
 20
159.58079444444422
 30
0.0
 11
279.4091750000001
 21
156.58041944444426
 31
0.0
  0
LINE
  5
4A6
330
17
100
AcDbEntity
  8
CUT
100
AcDbLine
 10
244.36916944444462
 20
176.46756111111085
 30
0.0
 11
244.27709444444463
 21
175.98848888888892
 31
0.0
  0
LINE
  5
4A7
330
17
100
AcDbEntity
  8
CUT
100
AcDbLine
 10
299.8240722222223
 20
170.0558249999998
 30
0.0
 11
299.8240722222223
 21
178.86821388888882
 31
0.0
  0
LINE
  5
4A8
330
17
100
AcDbEntity
  8
CUT
100
AcDbLine
 10
289.3712666666668
 20
175.86748611111102
 30
0.0
 11
289.3712666666668
 21
170.0558249999998
 31
0.0
  0
LINE
  5
4A9
330
17
100
AcDbEntity
  8
CUT
100
AcDbLine
 10
244.36916944444462
 20
176.9356972222222
 30
0.0
 11
244.36916944444462
 21
176.46756111111097
 31
0.0
  0
LINE
  5
4AA
330
17
100
AcDbEntity
  8
ENGRAVE
100
AcDbLine
 10
263.9087270458446
 20
165.02205240007095
 30
0.0
 11
262.5087484081493
 21
166.42203103776626
 31
0.0
  0
LINE
  5
4AB
330
17
100
AcDbEntity
  8
ENGRAVE
100
AcDbLine
 10
262.5087484081493
 20
166.42203103776626
 30
0.0
 11
269.50864159662586
 21
166.42203103776626
 31
0.0
  0
LINE
  5
4AC
330
17
100
AcDbEntity
  8
ENGRAVE
100
AcDbLine
 10
269.50864159662586
 20
165.02205240007095
 30
0.0
 11
269.50864159662586
 21
167.82200967546157
 31
0.0
  0
LINE
  5
4AD
330
17
100
AcDbEntity
  8
ENGRAVE
100
AcDbLine
 10
266.0086950023876
 20
171.32195626969985
 30
0.0
 11
265.44870354730944
 21
170.6219669508522
 31
0.0
  0
LINE
  5
4AE
330
17
100
AcDbEntity
  8
ENGRAVE
100
AcDbLine
 10
265.44870354730944
 20
170.6219669508522
 30
0.0
 11
263.20873772699696
 21
170.6219669508522
 31
0.0
  0
LINE
  5
4AF
330
17
100
AcDbEntity
  8
ENGRAVE
100
AcDbLine
 10
263.20873772699696
 20
170.6219669508522
 30
0.0
 11
262.5087484081493
 21
171.32195626969985
 31
0.0
  0
LINE
  5
4B0
330
17
100
AcDbEntity
  8
ENGRAVE
100
AcDbLine
 10
262.5087484081493
 20
171.32195626969985
 30
0.0
 11
262.5087484081493
 21
172.72193490739517
 31
0.0
  0
LINE
  5
4B1
330
17
100
AcDbEntity
  8
ENGRAVE
100
AcDbLine
 10
262.5087484081493
 20
172.72193490739517
 30
0.0
 11
263.20873772699696
 21
173.42192422624282
 31
0.0
  0
LINE
  5
4B2
330
17
100
AcDbEntity
  8
ENGRAVE
100
AcDbLine
 10
263.20873772699696
 20
173.42192422624282
 30
0.0
 11
265.44870354730944
 21
173.42192422624282
 31
0.0
  0
LINE
  5
4B3
330
17
100
AcDbEntity
  8
ENGRAVE
100
AcDbLine
 10
265.44870354730944
 20
173.42192422624282
 30
0.0
 11
266.0086950023876
 21
172.72193490739517
 31
0.0
  0
LINE
  5
4B4
330
17
100
AcDbEntity
  8
ENGRAVE
100
AcDbLine
 10
266.0086950023876
 20
172.72193490739517
 30
0.0
 11
266.0086950023876
 21
171.32195626969985
 31
0.0
  0
LINE
  5
4B5
330
17
100
AcDbEntity
  8
ENGRAVE
100
AcDbLine
 10
266.0086950023876
 20
171.32195626969985
 30
0.0
 11
266.70868432123524
 21
170.4119701551979
 31
0.0
  0
LINE
  5
4B6
330
17
100
AcDbEntity
  8
ENGRAVE
100
AcDbLine
 10
266.70868432123524
 20
170.4119701551979
 30
0.0
 11
268.8086522777782
 21
170.4119701551979
 31
0.0
  0
LINE
  5
4B7
330
17
100
AcDbEntity
  8
ENGRAVE
100
AcDbLine
 10
268.8086522777782
 20
170.4119701551979
 30
0.0
 11
269.50864159662586
 21
171.32195626969985
 31
0.0
  0
LINE
  5
4B8
330
17
100
AcDbEntity
  8
ENGRAVE
100
AcDbLine
 10
269.50864159662586
 20
171.32195626969985
 30
0.0
 11
269.50864159662586
 21
172.72193490739517
 31
0.0
  0
LINE
  5
4B9
330
17
100
AcDbEntity
  8
ENGRAVE
100
AcDbLine
 10
269.50864159662586
 20
172.72193490739517
 30
0.0
 11
268.8086522777782
 21
173.6319210218971
 31
0.0
  0
LINE
  5
4BA
330
17
100
AcDbEntity
  8
ENGRAVE
100
AcDbLine
 10
268.8086522777782
 20
173.6319210218971
 30
0.0
 11
266.70868432123524
 21
173.6319210218971
 31
0.0
  0
LINE
  5
4BB
330
17
100
AcDbEntity
  8
ENGRAVE
100
AcDbLine
 10
266.70868432123524
 20
173.6319210218971
 30
0.0
 11
266.0086950023876
 21
172.72193490739517
 31
0.0
  0
LINE
  5
4BC
330
17
100
AcDbEntity
  8
CUT
100
AcDbLine
 10
261.3839944444446
 20
181.86821388888882
 30
0.0
 11
263.485138888889
 21
184.01028055555537
 31
0.0
  0
LINE
  5
4BD
330
17
100
AcDbEntity
  8
CUT
100
AcDbLine
 10
212.93031944444462
 20
200.0041666666665
 30
0.0
 11
212.79344166666684
 21
199.55437499999994
 31
0.0
  0
LINE
  5
4BE
330
17
100
AcDbEntity
  8
CUT
100
AcDbLine
 10
265.48574166666685
 20
184.01028055555537
 30
0.0
 11
270.4468555555557
 21
184.01028055555537
 31
0.0
  0
LINE
  5
4BF
330
17
100
AcDbEntity
  8
CUT
100
AcDbLine
 10
256.48179444444463
 20
186.67657499999996
 30
0.0
 11
261.3839944444446
 21
181.86821388888882
 31
0.0
  0
LINE
  5
4C0
330
17
100
AcDbEntity
  8
CUT
100
AcDbLine
 10
214.68009722222243
 20
201.43997222222208
 30
0.0
 11
214.22960000000012
 21
201.3034472222222
 31
0.0
  0
LINE
  5
4C1
330
17
100
AcDbEntity
  8
CUT
100
AcDbLine
 10
213.15186388888904
 20
200.41938611111095
 30
0.0
 11
212.93031944444462
 21
200.0041666666665
 31
0.0
  0
LINE
  5
4C2
330
17
100
AcDbEntity
  8
CUT
100
AcDbLine
 10
223.44980000000012
 20
191.48423055555554
 30
0.0
 11
238.32185277777793
 21
191.48423055555554
 31
0.0
  0
LINE
  5
4C3
330
17
100
AcDbEntity
  8
CUT
100
AcDbLine
 10
272.4471055555557
 20
184.01028055555537
 30
0.0
 11
277.40857222222235
 21
184.01028055555537
 31
0.0
  0
LINE
  5
4C4
330
17
100
AcDbEntity
  8
CUT
100
AcDbLine
 10
220.44907222222244
 20
194.4849583333331
 30
0.0
 11
223.44980000000012
 21
194.4849583333331
 31
0.0
  0
LINE
  5
4C5
330
17
100
AcDbEntity
  8
CUT
100
AcDbLine
 10
270.4468555555557
 20
187.01065555555533
 30
0.0
 11
272.4471055555557
 21
187.01065555555533
 31
0.0
  0
LINE
  5
4C6
330
17
100
AcDbEntity
  8
CUT
100
AcDbLine
 10
213.45066666666682
 20
200.7831
 30
0.0
 11
213.15186388888904
 21
200.41938611111095
 31
0.0
  0
LINE
  5
4C7
330
17
100
AcDbEntity
  8
CUT
100
AcDbLine
 10
286.37053888888903
 20
203.29734722222213
 30
0.0
 11
289.3712666666668
 21
203.29734722222213
 31
0.0
  0
LINE
  5
4C8
330
17
100
AcDbEntity
  8
CUT
100
AcDbLine
 10
258.58258611111137
 20
188.81899444444434
 30
0.0
 11
256.48179444444463
 21
186.67657499999996
 31
0.0
  0
LINE
  5
4C9
330
17
100
AcDbEntity
  8
CUT
100
AcDbLine
 10
279.4091750000001
 20
184.01028055555537
 30
0.0
 11
284.37028888888904
 21
184.01028055555537
 31
0.0
  0
LINE
  5
4CA
330
17
100
AcDbEntity
  8
CUT
100
AcDbLine
 10
241.92265555555574
 20
201.486186111111
 30
0.0
 11
215.14823333333354
 21
201.486186111111
 31
0.0
  0
LINE
  5
4CB
330
17
100
AcDbEntity
  8
CUT
100
AcDbLine
 10
215.14823333333354
 20
201.486186111111
 30
0.0
 11
214.68009722222243
 21
201.43997222222208
 31
0.0
  0
LINE
  5
4CC
330
17
100
AcDbEntity
  8
CUT
100
AcDbLine
 10
212.74581666666683
 20
197.4856861111109
 30
0.0
 11
220.44907222222244
 21
197.4856861111109
 31
0.0
  0
LINE
  5
4CD
330
17
100
AcDbEntity
  8
CUT
100
AcDbLine
 10
238.32185277777793
 20
194.4849583333331
 30
0.0
 11
241.32258055555573
 21
194.4849583333331
 31
0.0
  0
LINE
  5
4CE
330
17
100
AcDbEntity
  8
CUT
100
AcDbLine
 10
213.81438055555572
 20
201.08154999999988
 30
0.0
 11
213.45066666666682
 21
200.7831
 31
0.0
  0
LINE
  5
4CF
330
17
100
AcDbEntity
  8
CUT
100
AcDbLine
 10
277.40857222222235
 20
187.01065555555533
 30
0.0
 11
279.4091750000001
 21
187.01065555555533
 31
0.0
  0
LINE
  5
4D0
330
17
100
AcDbEntity
  8
CUT
100
AcDbLine
 10
214.22960000000012
 20
201.3034472222222
 30
0.0
 11
213.81438055555572
 21
201.08154999999988
 31
0.0
  0
LINE
  5
4D1
330
17
100
AcDbEntity
  8
CUT
100
AcDbLine
 10
284.37028888888904
 20
187.01065555555533
 30
0.0
 11
286.37053888888903
 21
187.01065555555533
 31
0.0
  0
LINE
  5
4D2
330
17
100
AcDbEntity
  8
CUT
100
AcDbLine
 10
263.485138888889
 20
187.01065555555533
 30
0.0
 11
265.48574166666685
 21
187.01065555555533
 31
0.0
  0
LINE
  5
4D3
330
17
100
AcDbEntity
  8
CUT
100
AcDbLine
 10
241.32258055555573
 20
197.4856861111109
 30
0.0
 11
252.80585000000022
 21
197.4856861111109
 31
0.0
  0
LINE
  5
4D4
330
17
100
AcDbEntity
  8
CUT
100
AcDbLine
 10
252.80585000000022
 20
194.4849583333331
 30
0.0
 11
258.58258611111137
 21
188.81899444444434
 31
0.0
  0
LINE
  5
4D5
330
17
100
AcDbEntity
  8
CUT
100
AcDbLine
 10
246.72360833333352
 20
206.29807499999993
 30
0.0
 11
246.25547222222244
 21
206.2518611111111
 31
0.0
  0
LINE
  5
4D6
330
17
100
AcDbEntity
  8
CUT
100
AcDbLine
 10
299.8240722222223
 20
206.29807499999993
 30
0.0
 11
246.72360833333352
 21
206.29807499999993
 31
0.0
  0
LINE
  5
4D7
330
17
100
AcDbEntity
  8
CUT
100
AcDbLine
 10
245.02604166666683
 20
205.59498888888857
 30
0.0
 11
244.72794444444463
 21
205.23127499999987
 31
0.0
  0
LINE
  5
4D8
330
17
100
AcDbEntity
  8
CUT
100
AcDbLine
 10
246.25547222222244
 20
206.2518611111111
 30
0.0
 11
245.80497500000024
 21
206.115336111111
 31
0.0
  0
LINE
  5
4D9
330
17
100
AcDbEntity
  8
CUT
100
AcDbLine
 10
243.61986944444462
 20
202.18927222222214
 30
0.0
 11
243.25650833333353
 21
201.89082222222225
 31
0.0
  0
LINE
  5
4DA
330
17
100
AcDbEntity
  8
CUT
100
AcDbLine
 10
289.3712666666668
 20
197.4856861111109
 30
0.0
 11
299.8240722222223
 21
197.4856861111109
 31
0.0
  0
LINE
  5
4DB
330
17
100
AcDbEntity
  8
CUT
100
AcDbLine
 10
244.14056944444462
 20
202.9682055555553
 30
0.0
 11
243.91867222222243
 21
202.55298611111095
 31
0.0
  0
LINE
  5
4DC
330
17
100
AcDbEntity
  8
CUT
100
AcDbLine
 10
244.27709444444463
 20
203.41835000000003
 30
0.0
 11
244.14056944444462
 21
202.9682055555553
 31
0.0
  0
LINE
  5
4DD
330
17
100
AcDbEntity
  8
CUT
100
AcDbLine
 10
242.39079166666684
 20
201.53239999999983
 30
0.0
 11
241.92265555555574
 21
201.486186111111
 31
0.0
  0
LINE
  5
4DE
330
17
100
AcDbEntity
  8
CUT
100
AcDbLine
 10
242.84128888888912
 20
201.66892499999994
 30
0.0
 11
242.39079166666684
 21
201.53239999999983
 31
0.0
  0
LINE
  5
4DF
330
17
100
AcDbEntity
  8
CUT
100
AcDbLine
 10
244.50569444444463
 20
204.81605555555552
 30
0.0
 11
244.36916944444462
 21
204.3655583333333
 31
0.0
  0
LINE
  5
4E0
330
17
100
AcDbEntity
  8
CUT
100
AcDbLine
 10
243.25650833333353
 20
201.89082222222225
 30
0.0
 11
242.84128888888912
 21
201.66892499999994
 31
0.0
  0
LINE
  5
4E1
330
17
100
AcDbEntity
  8
CUT
100
AcDbLine
 10
243.91867222222243
 20
202.55298611111095
 30
0.0
 11
243.61986944444462
 21
202.18927222222214
 31
0.0
  0
LINE
  5
4E2
330
17
100
AcDbEntity
  8
CUT
100
AcDbLine
 10
244.72794444444463
 20
205.23127499999987
 30
0.0
 11
244.50569444444463
 21
204.81605555555552
 31
0.0
  0
LINE
  5
4E3
330
17
100
AcDbEntity
  8
CUT
100
AcDbLine
 10
245.39010833333353
 20
205.89343888888868
 30
0.0
 11
245.02604166666683
 21
205.59498888888857
 31
0.0
  0
LINE
  5
4E4
330
17
100
AcDbEntity
  8
CUT
100
AcDbLine
 10
245.80497500000024
 20
206.115336111111
 30
0.0
 11
245.39010833333353
 21
205.89343888888868
 31
0.0
  0
LINE
  5
4E5
330
17
100
AcDbEntity
  8
CUT
100
AcDbLine
 10
286.37053888888903
 20
187.01065555555533
 30
0.0
 11
286.37053888888903
 21
203.29734722222213
 31
0.0
  0
LINE
  5
4E6
330
17
100
AcDbEntity
  8
CUT
100
AcDbLine
 10
212.79344166666684
 20
199.55437499999994
 30
0.0
 11
212.74687500000013
 21
199.08588611111088
 31
0.0
  0
LINE
  5
4E7
330
17
100
AcDbEntity
  8
CUT
100
AcDbLine
 10
265.48574166666685
 20
187.01065555555533
 30
0.0
 11
265.48574166666685
 21
184.01028055555537
 31
0.0
  0
LINE
  5
4E8
330
17
100
AcDbEntity
  8
CUT
100
AcDbLine
 10
277.40857222222235
 20
184.01028055555537
 30
0.0
 11
277.40857222222235
 21
187.01065555555533
 31
0.0
  0
LINE
  5
4E9
330
17
100
AcDbEntity
  8
CUT
100
AcDbLine
 10
212.74687500000013
 20
199.08588611111088
 30
0.0
 11
212.74687500000013
 21
197.4856861111109
 31
0.0
  0
LINE
  5
4EA
330
17
100
AcDbEntity
  8
CUT
100
AcDbLine
 10
270.4468555555557
 20
184.01028055555537
 30
0.0
 11
270.4468555555557
 21
187.01065555555533
 31
0.0
  0
LINE
  5
4EB
330
17
100
AcDbEntity
  8
CUT
100
AcDbLine
 10
284.37028888888904
 20
184.01028055555537
 30
0.0
 11
284.37028888888904
 21
187.01065555555533
 31
0.0
  0
LINE
  5
4EC
330
17
100
AcDbEntity
  8
CUT
100
AcDbLine
 10
263.485138888889
 20
184.01028055555537
 30
0.0
 11
263.485138888889
 21
187.01065555555533
 31
0.0
  0
LINE
  5
4ED
330
17
100
AcDbEntity
  8
CUT
100
AcDbLine
 10
238.32185277777793
 20
191.48423055555554
 30
0.0
 11
238.32185277777793
 21
194.4849583333331
 31
0.0
  0
LINE
  5
4EE
330
17
100
AcDbEntity
  8
CUT
100
AcDbLine
 10
252.80585000000022
 20
197.4856861111109
 30
0.0
 11
252.80585000000022
 21
194.4849583333331
 31
0.0
  0
LINE
  5
4EF
330
17
100
AcDbEntity
  8
CUT
100
AcDbLine
 10
241.32258055555573
 20
194.4849583333331
 30
0.0
 11
241.32258055555573
 21
197.4856861111109
 31
0.0
  0
LINE
  5
4F0
330
17
100
AcDbEntity
  8
CUT
100
AcDbLine
 10
272.4471055555557
 20
187.01065555555533
 30
0.0
 11
272.4471055555557
 21
184.01028055555537
 31
0.0
  0
LINE
  5
4F1
330
17
100
AcDbEntity
  8
CUT
100
AcDbLine
 10
223.44980000000012
 20
194.4849583333331
 30
0.0
 11
223.44980000000012
 21
191.48423055555554
 31
0.0
  0
LINE
  5
4F2
330
17
100
AcDbEntity
  8
CUT
100
AcDbLine
 10
220.44907222222244
 20
197.4856861111109
 30
0.0
 11
220.44907222222244
 21
194.4849583333331
 31
0.0
  0
LINE
  5
4F3
330
17
100
AcDbEntity
  8
CUT
100
AcDbLine
 10
279.4091750000001
 20
187.01065555555533
 30
0.0
 11
279.4091750000001
 21
184.01028055555537
 31
0.0
  0
LINE
  5
4F4
330
17
100
AcDbEntity
  8
CUT
100
AcDbLine
 10
244.36916944444462
 20
203.89742222222196
 30
0.0
 11
244.27709444444463
 21
203.41835000000003
 31
0.0
  0
LINE
  5
4F5
330
17
100
AcDbEntity
  8
CUT
100
AcDbLine
 10
299.8240722222223
 20
197.4856861111109
 30
0.0
 11
299.8240722222223
 21
206.29807499999993
 31
0.0
  0
LINE
  5
4F6
330
17
100
AcDbEntity
  8
CUT
100
AcDbLine
 10
289.3712666666668
 20
203.29734722222213
 30
0.0
 11
289.3712666666668
 21
197.4856861111109
 31
0.0
  0
LINE
  5
4F7
330
17
100
AcDbEntity
  8
CUT
100
AcDbLine
 10
244.36916944444462
 20
204.3655583333333
 30
0.0
 11
244.36916944444462
 21
203.89742222222208
 31
0.0
  0
LINE
  5
4F8
330
17
100
AcDbEntity
  8
ENGRAVE
100
AcDbLine
 10
263.9087270458446
 20
192.45191351118206
 30
0.0
 11
262.5087484081493
 21
193.85189214887737
 31
0.0
  0
LINE
  5
4F9
330
17
100
AcDbEntity
  8
ENGRAVE
100
AcDbLine
 10
262.5087484081493
 20
193.85189214887737
 30
0.0
 11
269.50864159662586
 21
193.85189214887737
 31
0.0
  0
LINE
  5
4FA
330
17
100
AcDbEntity
  8
ENGRAVE
100
AcDbLine
 10
269.50864159662586
 20
192.45191351118206
 30
0.0
 11
269.50864159662586
 21
195.25187078657268
 31
0.0
  0
LINE
  5
4FB
330
17
100
AcDbEntity
  8
ENGRAVE
100
AcDbLine
 10
266.0086950023876
 20
198.75181738081096
 30
0.0
 11
265.44870354730944
 21
198.0518280619633
 31
0.0
  0
LINE
  5
4FC
330
17
100
AcDbEntity
  8
ENGRAVE
100
AcDbLine
 10
265.44870354730944
 20
198.0518280619633
 30
0.0
 11
263.20873772699696
 21
198.0518280619633
 31
0.0
  0
LINE
  5
4FD
330
17
100
AcDbEntity
  8
ENGRAVE
100
AcDbLine
 10
263.20873772699696
 20
198.0518280619633
 30
0.0
 11
262.5087484081493
 21
198.75181738081096
 31
0.0
  0
LINE
  5
4FE
330
17
100
AcDbEntity
  8
ENGRAVE
100
AcDbLine
 10
262.5087484081493
 20
198.75181738081096
 30
0.0
 11
262.5087484081493
 21
200.15179601850627
 31
0.0
  0
LINE
  5
4FF
330
17
100
AcDbEntity
  8
ENGRAVE
100
AcDbLine
 10
262.5087484081493
 20
200.15179601850627
 30
0.0
 11
263.20873772699696
 21
200.85178533735393
 31
0.0
  0
LINE
  5
500
330
17
100
AcDbEntity
  8
ENGRAVE
100
AcDbLine
 10
263.20873772699696
 20
200.85178533735393
 30
0.0
 11
265.44870354730944
 21
200.85178533735393
 31
0.0
  0
LINE
  5
501
330
17
100
AcDbEntity
  8
ENGRAVE
100
AcDbLine
 10
265.44870354730944
 20
200.85178533735393
 30
0.0
 11
266.0086950023876
 21
200.15179601850627
 31
0.0
  0
LINE
  5
502
330
17
100
AcDbEntity
  8
ENGRAVE
100
AcDbLine
 10
266.0086950023876
 20
200.15179601850627
 30
0.0
 11
266.0086950023876
 21
198.75181738081096
 31
0.0
  0
LINE
  5
503
330
17
100
AcDbEntity
  8
ENGRAVE
100
AcDbLine
 10
266.0086950023876
 20
198.75181738081096
 30
0.0
 11
266.70868432123524
 21
197.84183126630901
 31
0.0
  0
LINE
  5
504
330
17
100
AcDbEntity
  8
ENGRAVE
100
AcDbLine
 10
266.70868432123524
 20
197.84183126630901
 30
0.0
 11
268.8086522777782
 21
197.84183126630901
 31
0.0
  0
LINE
  5
505
330
17
100
AcDbEntity
  8
ENGRAVE
100
AcDbLine
 10
268.8086522777782
 20
197.84183126630901
 30
0.0
 11
269.50864159662586
 21
198.75181738081096
 31
0.0
  0
LINE
  5
506
330
17
100
AcDbEntity
  8
ENGRAVE
100
AcDbLine
 10
269.50864159662586
 20
198.75181738081096
 30
0.0
 11
269.50864159662586
 21
200.15179601850627
 31
0.0
  0
LINE
  5
507
330
17
100
AcDbEntity
  8
ENGRAVE
100
AcDbLine
 10
269.50864159662586
 20
200.15179601850627
 30
0.0
 11
268.8086522777782
 21
201.06178213300822
 31
0.0
  0
LINE
  5
508
330
17
100
AcDbEntity
  8
ENGRAVE
100
AcDbLine
 10
268.8086522777782
 20
201.06178213300822
 30
0.0
 11
266.70868432123524
 21
201.06178213300822
 31
0.0
  0
LINE
  5
509
330
17
100
AcDbEntity
  8
ENGRAVE
100
AcDbLine
 10
266.70868432123524
 20
201.06178213300822
 30
0.0
 11
266.0086950023876
 21
200.15179601850627
 31
0.0
  0
LINE
  5
50A
330
17
100
AcDbEntity
  8
CUT
100
AcDbLine
 10
215.74619166666693
 20
286.19798611111116
 30
0.0
 11
225.92030277777803
 21
286.19798611111116
 31
0.0
  0
LINE
  5
50B
330
17
100
AcDbEntity
  8
CUT
100
AcDbLine
 10
226.92042777777803
 20
244.04598055555562
 30
0.0
 11
225.92030277777803
 21
244.04598055555562
 31
0.0
  0
LINE
  5
50C
330
17
100
AcDbEntity
  8
CUT
100
AcDbLine
 10
228.83424722222242
 20
244.4266277777778
 30
0.0
 11
227.8962111111113
 21
244.14193611111122
 31
0.0
  0
LINE
  5
50D
330
17
100
AcDbEntity
  8
CUT
100
AcDbLine
 10
231.07861944444463
 20
261.8270388888889
 30
0.0
 11
231.5407583333335
 21
260.9627333333334
 31
0.0
  0
LINE
  5
50E
330
17
100
AcDbEntity
  8
CUT
100
AcDbLine
 10
230.45667222222244
 20
245.51071388888892
 30
0.0
 11
229.6989055555557
 21
244.8887666666666
 31
0.0
  0
LINE
  5
50F
330
17
100
AcDbEntity
  8
CUT
100
AcDbLine
 10
227.8962111111113
 20
263.9535833333334
 30
0.0
 11
228.83424722222242
 21
263.6692444444444
 31
0.0
  0
LINE
  5
510
330
17
100
AcDbEntity
  8
CUT
100
AcDbLine
 10
231.5407583333335
 20
247.1331388888889
 30
0.0
 11
231.07861944444463
 21
246.2684805555556
 31
0.0
  0
LINE
  5
511
330
17
100
AcDbEntity
  8
CUT
100
AcDbLine
 10
231.82545000000022
 20
248.07117499999993
 30
0.0
 11
231.5407583333335
 21
247.1331388888889
 31
0.0
  0
LINE
  5
512
330
17
100
AcDbEntity
  8
CUT
100
AcDbLine
 10
229.6989055555557
 20
263.2071055555556
 30
0.0
 11
230.45667222222244
 21
262.5851583333334
 31
0.0
  0
LINE
  5
513
330
17
100
AcDbEntity
  8
CUT
100
AcDbLine
 10
225.92030277777803
 20
254.0479361111111
 30
0.0
 11
222.919927777778
 21
254.0479361111111
 31
0.0
  0
LINE
  5
514
330
17
100
AcDbEntity
  8
CUT
100
AcDbLine
 10
228.83424722222242
 20
263.6692444444444
 30
0.0
 11
229.6989055555557
 21
263.2071055555556
 31
0.0
  0
LINE
  5
515
330
17
100
AcDbEntity
  8
CUT
100
AcDbLine
 10
215.74619166666693
 20
219.30003055555562
 30
0.0
 11
212.74581666666683
 21
219.30003055555562
 31
0.0
  0
LINE
  5
516
330
17
100
AcDbEntity
  8
CUT
100
AcDbLine
 10
222.919927777778
 20
209.29807499999993
 30
0.0
 11
215.74619166666693
 21
209.29807499999993
 31
0.0
  0
LINE
  5
517
330
17
100
AcDbEntity
  8
CUT
100
AcDbLine
 10
225.92030277777803
 20
264.0498916666666
 30
0.0
 11
226.92042777777803
 21
264.0498916666666
 31
0.0
  0
LINE
  5
518
330
17
100
AcDbEntity
  8
CUT
100
AcDbLine
 10
231.5407583333335
 20
260.9627333333334
 30
0.0
 11
231.82545000000022
 21
260.0243444444444
 31
0.0
  0
LINE
  5
519
330
17
100
AcDbEntity
  8
CUT
100
AcDbLine
 10
230.45667222222244
 20
262.5851583333334
 30
0.0
 11
231.07861944444463
 21
261.8270388888889
 31
0.0
  0
LINE
  5
51A
330
17
100
AcDbEntity
  8
CUT
100
AcDbLine
 10
229.6989055555557
 20
244.8887666666666
 30
0.0
 11
228.83424722222242
 21
244.4266277777778
 31
0.0
  0
LINE
  5
51B
330
17
100
AcDbEntity
  8
CUT
100
AcDbLine
 10
226.92042777777803
 20
264.0498916666666
 30
0.0
 11
227.8962111111113
 21
263.9535833333334
 31
0.0
  0
LINE
  5
51C
330
17
100
AcDbEntity
  8
CUT
100
AcDbLine
 10
212.74581666666683
 20
229.30198611111112
 30
0.0
 11
215.74619166666693
 21
229.30198611111112
 31
0.0
  0
LINE
  5
51D
330
17
100
AcDbEntity
  8
CUT
100
AcDbLine
 10
231.07861944444463
 20
246.2684805555556
 30
0.0
 11
230.45667222222244
 21
245.51071388888892
 31
0.0
  0
LINE
  5
51E
330
17
100
AcDbEntity
  8
CUT
100
AcDbLine
 10
212.74581666666683
 20
276.1960305555556
 30
0.0
 11
215.74619166666693
 21
276.1960305555556
 31
0.0
  0
LINE
  5
51F
330
17
100
AcDbEntity
  8
CUT
100
AcDbLine
 10
215.74619166666693
 20
266.194075
 30
0.0
 11
212.74581666666683
 21
266.194075
 31
0.0
  0
LINE
  5
520
330
17
100
AcDbEntity
  8
CUT
100
AcDbLine
 10
227.8962111111113
 20
244.14193611111122
 30
0.0
 11
226.92042777777803
 21
244.04598055555562
 31
0.0
  0
LINE
  5
521
330
17
100
AcDbEntity
  8
CUT
100
AcDbLine
 10
215.74619166666693
 20
229.30198611111112
 30
0.0
 11
215.74619166666693
 21
266.194075
 31
0.0
  0
LINE
  5
522
330
17
100
AcDbEntity
  8
CUT
100
AcDbLine
 10
215.74619166666693
 20
276.1960305555556
 30
0.0
 11
215.74619166666693
 21
286.19798611111116
 31
0.0
  0
LINE
  5
523
330
17
100
AcDbEntity
  8
CUT
100
AcDbLine
 10
215.74619166666693
 20
209.29807499999993
 30
0.0
 11
215.74619166666693
 21
219.30003055555562
 31
0.0
  0
LINE
  5
524
330
17
100
AcDbEntity
  8
CUT
100
AcDbLine
 10
225.92030277777803
 20
286.19798611111116
 30
0.0
 11
225.92030277777803
 21
264.0498916666666
 31
0.0
  0
LINE
  5
525
330
17
100
AcDbEntity
  8
CUT
100
AcDbLine
 10
225.92030277777803
 20
244.04598055555562
 30
0.0
 11
225.92030277777803
 21
254.0479361111111
 31
0.0
  0
LINE
  5
526
330
17
100
AcDbEntity
  8
CUT
100
AcDbLine
 10
222.919927777778
 20
254.0479361111111
 30
0.0
 11
222.919927777778
 21
209.29807499999993
 31
0.0
  0
LINE
  5
527
330
17
100
AcDbEntity
  8
CUT
100
AcDbLine
 10
231.92140555555574
 20
259.04891388888893
 30
0.0
 11
231.92140555555574
 21
249.04695833333344
 31
0.0
  0
LINE
  5
528
330
17
100
AcDbEntity
  8
CUT
100
AcDbLine
 10
231.92140555555574
 20
249.04695833333344
 30
0.0
 11
231.82545000000022
 21
248.07117499999993
 31
0.0
  0
LINE
  5
529
330
17
100
AcDbEntity
  8
CUT
100
AcDbLine
 10
231.82545000000022
 20
260.0243444444444
 30
0.0
 11
231.92140555555574
 21
259.04891388888893
 31
0.0
  0
LINE
  5
52A
330
17
100
AcDbEntity
  8
CUT
100
AcDbLine
 10
212.74581666666683
 20
266.194075
 30
0.0
 11
212.74581666666683
 21
276.1960305555556
 31
0.0
  0
LINE
  5
52B
330
17
100
AcDbEntity
  8
CUT
100
AcDbLine
 10
212.74581666666683
 20
219.30003055555562
 30
0.0
 11
212.74581666666683
 21
229.30198611111112
 31
0.0
  0
LINE
  5
52C
330
17
100
AcDbEntity
  8
ENGRAVE
100
AcDbLine
 10
214.95142345316435
 20
273.387794606785
 30
0.0
 11
216.35140209085966
 21
274.7877732444803
 31
0.0
  0
LINE
  5
52D
330
17
100
AcDbEntity
  8
ENGRAVE
100
AcDbLine
 10
216.35140209085966
 20
274.7877732444803
 30
0.0
 11
216.35140209085966
 21
267.78788005600376
 31
0.0
  0
LINE
  5
52E
330
17
100
AcDbEntity
  8
ENGRAVE
100
AcDbLine
 10
214.95142345316435
 20
267.78788005600376
 30
0.0
 11
217.75138072855498
 21
267.78788005600376
 31
0.0
  0
LINE
  5
52F
330
17
100
AcDbEntity
  8
ENGRAVE
100
AcDbLine
 10
220.5513380039456
 20
267.78788005600376
 30
0.0
 11
222.65130596048857
 21
267.78788005600376
 31
0.0
  0
LINE
  5
530
330
17
100
AcDbEntity
  8
ENGRAVE
100
AcDbLine
 10
222.65130596048857
 20
267.78788005600376
 30
0.0
 11
224.05128459818388
 21
269.8878480125467
 31
0.0
  0
LINE
  5
531
330
17
100
AcDbEntity
  8
ENGRAVE
100
AcDbLine
 10
224.05128459818388
 20
269.8878480125467
 30
0.0
 11
224.05128459818388
 21
273.387794606785
 31
0.0
  0
LINE
  5
532
330
17
100
AcDbEntity
  8
ENGRAVE
100
AcDbLine
 10
224.05128459818388
 20
273.387794606785
 30
0.0
 11
223.35129527933623
 21
274.7877732444803
 31
0.0
  0
LINE
  5
533
330
17
100
AcDbEntity
  8
ENGRAVE
100
AcDbLine
 10
223.35129527933623
 20
274.7877732444803
 30
0.0
 11
220.5513380039456
 21
274.7877732444803
 31
0.0
  0
LINE
  5
534
330
17
100
AcDbEntity
  8
ENGRAVE
100
AcDbLine
 10
220.5513380039456
 20
274.7877732444803
 30
0.0
 11
219.85134868509795
 21
273.387794606785
 31
0.0
  0
LINE
  5
535
330
17
100
AcDbEntity
  8
ENGRAVE
100
AcDbLine
 10
219.85134868509795
 20
273.387794606785
 30
0.0
 11
219.85134868509795
 21
272.3378106285135
 31
0.0
  0
LINE
  5
536
330
17
100
AcDbEntity
  8
ENGRAVE
100
AcDbLine
 10
219.85134868509795
 20
272.3378106285135
 30
0.0
 11
220.5513380039456
 21
271.28782665024204
 31
0.0
  0
LINE
  5
537
330
17
100
AcDbEntity
  8
ENGRAVE
100
AcDbLine
 10
220.5513380039456
 20
271.28782665024204
 30
0.0
 11
223.35129527933623
 21
271.28782665024204
 31
0.0
  0
LINE
  5
538
330
17
100
AcDbEntity
  8
ENGRAVE
100
AcDbLine
 10
223.35129527933623
 20
271.28782665024204
 30
0.0
 11
224.05128459818388
 21
272.3378106285135
 31
0.0
  0
LINE
  5
539
330
17
100
AcDbEntity
  8
CUT
100
AcDbLine
 10
315.4909111111112
 20
229.6922249999999
 30
0.0
 11
315.4909111111112
 21
239.69418055555548
 31
0.0
  0
LINE
  5
53A
330
17
100
AcDbEntity
  8
CUT
100
AcDbLine
 10
318.49163888888893
 20
239.69418055555548
 30
0.0
 11
318.49163888888893
 21
229.6922249999999
 31
0.0
  0
LINE
  5
53B
330
17
100
AcDbEntity
  8
CUT
100
AcDbLine
 10
315.4909111111112
 20
239.69418055555548
 30
0.0
 11
318.49163888888893
 21
239.69418055555548
 31
0.0
  0
LINE
  5
53C
330
17
100
AcDbEntity
  8
CUT
100
AcDbLine
 10
318.49163888888893
 20
229.6922249999999
 30
0.0
 11
315.4909111111112
 21
229.6922249999999
 31
0.0
  0
LINE
  5
53D
330
17
100
AcDbEntity
  8
CUT
100
AcDbLine
 10
309.4894555555557
 20
211.63353055555547
 30
0.0
 11
309.5638916666669
 21
210.69478888888878
 31
0.0
  0
LINE
  5
53E
330
17
100
AcDbEntity
  8
CUT
100
AcDbLine
 10
309.5638916666669
 20
210.69478888888878
 30
0.0
 11
309.7836722222223
 21
209.77897777777767
 31
0.0
  0
LINE
  5
53F
330
17
100
AcDbEntity
  8
CUT
100
AcDbLine
 10
309.4894555555557
 20
217.8466527777778
 30
0.0
 11
309.4894555555557
 21
211.63353055555547
 31
0.0
  0
LINE
  5
540
330
17
100
AcDbEntity
  8
CUT
100
AcDbLine
 10
305.45544166666673
 20
241.3952749999999
 30
0.0
 11
305.9613250000002
 21
240.60117222222198
 31
0.0
  0
LINE
  5
541
330
17
100
AcDbEntity
  8
CUT
100
AcDbLine
 10
305.45544166666673
 20
227.9911305555554
 30
0.0
 11
305.0800861111112
 21
227.1278833333332
 31
0.0
  0
LINE
  5
542
330
17
100
AcDbEntity
  8
CUT
100
AcDbLine
 10
304.7541194444445
 20
244.10813611111098
 30
0.0
 11
304.84443055555573
 21
243.1708055555555
 31
0.0
  0
LINE
  5
543
330
17
100
AcDbEntity
  8
CUT
100
AcDbLine
 10
304.8116222222225
 20
245.04793611111097
 30
0.0
 11
304.7541194444445
 21
244.10813611111098
 31
0.0
  0
LINE
  5
544
330
17
100
AcDbEntity
  8
CUT
100
AcDbLine
 10
306.58538888888893
 20
229.4907888888888
 30
0.0
 11
305.9613250000002
 21
228.78558611111094
 31
0.0
  0
LINE
  5
545
330
17
100
AcDbEntity
  8
CUT
100
AcDbLine
 10
307.5209555555558
 20
230.3942527777777
 30
0.0
 11
306.58538888888893
 21
229.4907888888888
 31
0.0
  0
LINE
  5
546
330
17
100
AcDbEntity
  8
CUT
100
AcDbLine
 10
305.8389111111113
 20
221.73179444444438
 30
0.0
 11
306.437927777778
 21
221.0050722222221
 31
0.0
  0
LINE
  5
547
330
17
100
AcDbEntity
  8
CUT
100
AcDbLine
 10
305.36089722222243
 20
246.84357499999987
 30
0.0
 11
305.0155277777779
 21
245.96727499999986
 31
0.0
  0
LINE
  5
548
330
17
100
AcDbEntity
  8
CUT
100
AcDbLine
 10
311.2473472222224
 20
207.3899666666666
 30
0.0
 11
311.9634861111112
 21
206.77824999999987
 31
0.0
  0
LINE
  5
549
330
17
100
AcDbEntity
  8
CUT
100
AcDbLine
 10
304.84443055555573
 20
226.21595277777772
 30
0.0
 11
304.7541194444445
 21
225.27862222222208
 31
0.0
  0
LINE
  5
54A
330
17
100
AcDbEntity
  8
CUT
100
AcDbLine
 10
309.7836722222223
 20
259.6077805555555
 30
0.0
 11
309.5638916666669
 21
258.6919694444444
 31
0.0
  0
LINE
  5
54B
330
17
100
AcDbEntity
  8
CUT
100
AcDbLine
 10
328.9659638888889
 20
221.75049166666656
 30
0.0
 11
328.9659638888889
 21
247.63626666666656
 31
0.0
  0
LINE
  5
54C
330
17
100
AcDbEntity
  8
CUT
100
AcDbLine
 10
305.8389111111113
 20
247.6549638888888
 30
0.0
 11
305.36089722222243
 21
246.84357499999987
 31
0.0
  0
LINE
  5
54D
330
17
100
AcDbEntity
  8
CUT
100
AcDbLine
 10
310.6359833333334
 20
208.1061055555554
 30
0.0
 11
311.2473472222224
 21
207.3899666666666
 31
0.0
  0
LINE
  5
54E
330
17
100
AcDbEntity
  8
CUT
100
AcDbLine
 10
312.4901833333334
 20
236.1939194444444
 30
0.0
 11
312.4901833333334
 21
233.1931916666666
 31
0.0
  0
LINE
  5
54F
330
17
100
AcDbEntity
  8
CUT
100
AcDbLine
 10
304.7541194444445
 20
225.27862222222208
 30
0.0
 11
304.8116222222225
 21
224.33882222222218
 31
0.0
  0
LINE
  5
550
330
17
100
AcDbEntity
  8
CUT
100
AcDbLine
 10
304.8116222222225
 20
224.33882222222218
 30
0.0
 11
305.0155277777779
 21
223.4194833333333
 31
0.0
  0
LINE
  5
551
330
17
100
AcDbEntity
  8
CUT
100
AcDbLine
 10
309.4894555555557
 20
251.5401055555555
 30
0.0
 11
306.437927777778
 21
248.38133333333326
 31
0.0
  0
LINE
  5
552
330
17
100
AcDbEntity
  8
CUT
100
AcDbLine
 10
328.9659638888889
 20
247.63626666666656
 30
0.0
 11
318.49163888888893
 21
257.7532277777777
 31
0.0
  0
LINE
  5
553
330
17
100
AcDbEntity
  8
CUT
100
AcDbLine
 10
306.437927777778
 20
221.0050722222221
 30
0.0
 11
309.4894555555557
 21
217.8466527777778
 31
0.0
  0
LINE
  5
554
330
17
100
AcDbEntity
  8
CUT
100
AcDbLine
 10
305.9613250000002
 20
240.60117222222198
 30
0.0
 11
306.58538888888893
 21
239.89596944444438
 31
0.0
  0
LINE
  5
555
330
17
100
AcDbEntity
  8
CUT
100
AcDbLine
 10
315.4909111111112
 20
226.46254444444438
 30
0.0
 11
313.3329694444446
 21
224.3779805555555
 31
0.0
  0
LINE
  5
556
330
17
100
AcDbEntity
  8
CUT
100
AcDbLine
 10
312.7664083333335
 20
206.2861249999999
 30
0.0
 11
313.63635833333353
 21
205.9259388888888
 31
0.0
  0
LINE
  5
557
330
17
100
AcDbEntity
  8
CUT
100
AcDbLine
 10
305.9613250000002
 20
228.78558611111094
 30
0.0
 11
305.45544166666673
 21
227.9911305555554
 31
0.0
  0
LINE
  5
558
330
17
100
AcDbEntity
  8
CUT
100
AcDbLine
 10
314.5521694444446
 20
263.75468333333316
 30
0.0
 11
313.63635833333353
 21
263.4608194444444
 31
0.0
  0
LINE
  5
559
330
17
100
AcDbEntity
  8
CUT
100
AcDbLine
 10
305.0800861111112
 20
242.25887499999988
 30
0.0
 11
305.45544166666673
 21
241.3952749999999
 31
0.0
  0
LINE
  5
55A
330
17
100
AcDbEntity
  8
CUT
100
AcDbLine
 10
309.6792500000002
 20
236.90794166666657
 30
0.0
 11
309.6792500000002
 21
236.1939194444444
 31
0.0
  0
LINE
  5
55B
330
17
100
AcDbEntity
  8
CUT
100
AcDbLine
 10
306.58538888888893
 20
239.89596944444438
 30
0.0
 11
307.5209555555558
 21
238.99215277777768
 31
0.0
  0
LINE
  5
55C
330
17
100
AcDbEntity
  8
CUT
100
AcDbLine
 10
310.6359833333334
 20
261.2806527777778
 30
0.0
 11
310.1438583333334
 21
260.47773055555547
 31
0.0
  0
LINE
  5
55D
330
17
100
AcDbEntity
  8
CUT
100
AcDbLine
 10
310.1438583333334
 20
208.9086749999999
 30
0.0
 11
310.6359833333334
 21
208.1061055555554
 31
0.0
  0
LINE
  5
55E
330
17
100
AcDbEntity
  8
CUT
100
AcDbLine
 10
309.6792500000002
 20
233.1931916666666
 30
0.0
 11
309.6792500000002
 21
232.47881666666657
 31
0.0
  0
LINE
  5
55F
330
17
100
AcDbEntity
  8
CUT
100
AcDbLine
 10
309.4894555555557
 20
257.7532277777777
 30
0.0
 11
309.4894555555557
 21
251.5401055555555
 31
0.0
  0
LINE
  5
560
330
17
100
AcDbEntity
  8
CUT
100
AcDbLine
 10
315.4909111111112
 20
242.92421388888874
 30
0.0
 11
309.6792500000002
 21
236.90794166666657
 31
0.0
  0
LINE
  5
561
330
17
100
AcDbEntity
  8
CUT
100
AcDbLine
 10
309.5638916666669
 20
258.6919694444444
 30
0.0
 11
309.4894555555557
 21
257.7532277777777
 31
0.0
  0
LINE
  5
562
330
17
100
AcDbEntity
  8
CUT
100
AcDbLine
 10
311.9634861111112
 20
206.77824999999987
 30
0.0
 11
312.7664083333335
 21
206.2861249999999
 31
0.0
  0
LINE
  5
563
330
17
100
AcDbEntity
  8
CUT
100
AcDbLine
 10
311.9634861111112
 20
262.6085083333333
 30
0.0
 11
311.2473472222224
 21
261.9967916666666
 31
0.0
  0
LINE
  5
564
330
17
100
AcDbEntity
  8
CUT
100
AcDbLine
 10
315.4909111111112
 20
205.63242777777768
 30
0.0
 11
315.4909111111112
 21
211.63353055555547
 31
0.0
  0
LINE
  5
565
330
17
100
AcDbEntity
  8
CUT
100
AcDbLine
 10
315.4909111111112
 20
257.7532277777777
 30
0.0
 11
315.4909111111112
 21
263.75468333333316
 31
0.0
  0
LINE
  5
566
330
17
100
AcDbEntity
  8
CUT
100
AcDbLine
 10
305.0800861111112
 20
227.1278833333332
 30
0.0
 11
304.84443055555573
 21
226.21595277777772
 31
0.0
  0
LINE
  5
567
330
17
100
AcDbEntity
  8
CUT
100
AcDbLine
 10
307.5209555555558
 20
238.99215277777768
 30
0.0
 11
313.3329694444446
 21
245.00877777777768
 31
0.0
  0
LINE
  5
568
330
17
100
AcDbEntity
  8
CUT
100
AcDbLine
 10
309.7836722222223
 20
209.77897777777767
 30
0.0
 11
310.1438583333334
 21
208.9086749999999
 31
0.0
  0
LINE
  5
569
330
17
100
AcDbEntity
  8
CUT
100
AcDbLine
 10
309.6792500000002
 20
232.47881666666657
 30
0.0
 11
315.4909111111112
 21
226.46254444444438
 31
0.0
  0
LINE
  5
56A
330
17
100
AcDbEntity
  8
CUT
100
AcDbLine
 10
305.0155277777779
 20
223.4194833333333
 30
0.0
 11
305.36089722222243
 21
222.54318333333316
 31
0.0
  0
LINE
  5
56B
330
17
100
AcDbEntity
  8
CUT
100
AcDbLine
 10
313.3329694444446
 20
224.3779805555555
 30
0.0
 11
307.5209555555558
 21
230.3942527777777
 31
0.0
  0
LINE
  5
56C
330
17
100
AcDbEntity
  8
CUT
100
AcDbLine
 10
313.63635833333353
 20
205.9259388888888
 30
0.0
 11
314.5521694444446
 21
205.7061583333333
 31
0.0
  0
LINE
  5
56D
330
17
100
AcDbEntity
  8
CUT
100
AcDbLine
 10
313.63635833333353
 20
263.4608194444444
 30
0.0
 11
312.7664083333335
 21
263.1002805555555
 31
0.0
  0
LINE
  5
56E
330
17
100
AcDbEntity
  8
CUT
100
AcDbLine
 10
306.437927777778
 20
248.38133333333326
 30
0.0
 11
305.8389111111113
 21
247.6549638888888
 31
0.0
  0
LINE
  5
56F
330
17
100
AcDbEntity
  8
CUT
100
AcDbLine
 10
310.1438583333334
 20
260.47773055555547
 30
0.0
 11
309.7836722222223
 21
259.6077805555555
 31
0.0
  0
LINE
  5
570
330
17
100
AcDbEntity
  8
CUT
100
AcDbLine
 10
312.7664083333335
 20
263.1002805555555
 30
0.0
 11
311.9634861111112
 21
262.6085083333333
 31
0.0
  0
LINE
  5
571
330
17
100
AcDbEntity
  8
CUT
100
AcDbLine
 10
304.84443055555573
 20
243.1708055555555
 30
0.0
 11
305.0800861111112
 21
242.25887499999988
 31
0.0
  0
LINE
  5
572
330
17
100
AcDbEntity
  8
CUT
100
AcDbLine
 10
311.2473472222224
 20
261.9967916666666
 30
0.0
 11
310.6359833333334
 21
261.2806527777778
 31
0.0
  0
LINE
  5
573
330
17
100
AcDbEntity
  8
CUT
100
AcDbLine
 10
305.0155277777779
 20
245.96727499999986
 30
0.0
 11
304.8116222222225
 21
245.04793611111097
 31
0.0
  0
LINE
  5
574
330
17
100
AcDbEntity
  8
CUT
100
AcDbLine
 10
313.3329694444446
 20
245.00877777777768
 30
0.0
 11
315.4909111111112
 21
242.92421388888874
 31
0.0
  0
LINE
  5
575
330
17
100
AcDbEntity
  8
CUT
100
AcDbLine
 10
305.36089722222243
 20
222.54318333333316
 30
0.0
 11
305.8389111111113
 21
221.73179444444438
 31
0.0
  0
LINE
  5
576
330
17
100
AcDbEntity
  8
CUT
100
AcDbLine
 10
318.49163888888893
 20
211.63353055555547
 30
0.0
 11
328.9659638888889
 21
221.75049166666656
 31
0.0
  0
LINE
  5
577
330
17
100
AcDbEntity
  8
CUT
100
AcDbLine
 10
312.4901833333334
 20
233.1931916666666
 30
0.0
 11
309.6792500000002
 21
233.1931916666666
 31
0.0
  0
LINE
  5
578
330
17
100
AcDbEntity
  8
CUT
100
AcDbLine
 10
315.4909111111112
 20
211.63353055555547
 30
0.0
 11
318.49163888888893
 21
211.63353055555547
 31
0.0
  0
LINE
  5
579
330
17
100
AcDbEntity
  8
CUT
100
AcDbLine
 10
318.49163888888893
 20
257.7532277777777
 30
0.0
 11
315.4909111111112
 21
257.7532277777777
 31
0.0
  0
LINE
  5
57A
330
17
100
AcDbEntity
  8
CUT
100
AcDbLine
 10
309.6792500000002
 20
236.1939194444444
 30
0.0
 11
312.4901833333334
 21
236.1939194444444
 31
0.0
  0
LINE
  5
57B
330
17
100
AcDbEntity
  8
CUT
100
AcDbLine
 10
314.5521694444446
 20
205.7061583333333
 30
0.0
 11
315.4909111111112
 21
205.7061583333333
 31
0.0
  0
LINE
  5
57C
330
17
100
AcDbEntity
  8
CUT
100
AcDbLine
 10
315.4909111111112
 20
263.75468333333316
 30
0.0
 11
314.5521694444446
 21
263.75468333333316
 31
0.0
  0
LINE
  5
57D
330
17
100
AcDbEntity
  8
ENGRAVE
100
AcDbLine
 10
316.8772300537089
 20
226.4126024615723
 30
0.0
 11
317.5717613037089
 21
227.8016649615723
 31
0.0
  0
LINE
  5
57E
330
17
100
AcDbEntity
  8
ENGRAVE
100
AcDbLine
 10
317.5717613037089
 20
227.8016649615723
 30
0.0
 11
320.3498863037089
 21
227.8016649615723
 31
0.0
  0
LINE
  5
57F
330
17
100
AcDbEntity
  8
ENGRAVE
100
AcDbLine
 10
320.3498863037089
 20
227.8016649615723
 30
0.0
 11
321.0444175537089
 21
226.4126024615723
 31
0.0
  0
LINE
  5
580
330
17
100
AcDbEntity
  8
ENGRAVE
100
AcDbLine
 10
321.0444175537089
 20
226.4126024615723
 30
0.0
 11
321.0444175537089
 21
225.4402587115723
 31
0.0
  0
LINE
  5
581
330
17
100
AcDbEntity
  8
ENGRAVE
100
AcDbLine
 10
321.0444175537089
 20
225.4402587115723
 30
0.0
 11
316.8772300537089
 21
220.8563524615723
 31
0.0
  0
LINE
  5
582
330
17
100
AcDbEntity
  8
ENGRAVE
100
AcDbLine
 10
316.8772300537089
 20
220.8563524615723
 30
0.0
 11
321.0444175537089
 21
220.8563524615723
 31
0.0
  0
LINE
  5
583
330
17
100
AcDbEntity
  8
ENGRAVE
100
AcDbLine
 10
323.12801130370894
 20
220.8563524615723
 30
0.0
 11
325.90613630370893
 21
220.8563524615723
 31
0.0
  0
LINE
  5
584
330
17
100
AcDbEntity
  8
ENGRAVE
100
AcDbLine
 10
325.90613630370893
 20
220.8563524615723
 30
0.0
 11
326.60066755370894
 21
222.2454149615723
 31
0.0
  0
LINE
  5
585
330
17
100
AcDbEntity
  8
ENGRAVE
100
AcDbLine
 10
326.60066755370894
 20
222.2454149615723
 30
0.0
 11
326.60066755370894
 21
226.4126024615723
 31
0.0
  0
LINE
  5
586
330
17
100
AcDbEntity
  8
ENGRAVE
100
AcDbLine
 10
326.60066755370894
 20
226.4126024615723
 30
0.0
 11
325.90613630370893
 21
227.8016649615723
 31
0.0
  0
LINE
  5
587
330
17
100
AcDbEntity
  8
ENGRAVE
100
AcDbLine
 10
325.90613630370893
 20
227.8016649615723
 30
0.0
 11
323.12801130370894
 21
227.8016649615723
 31
0.0
  0
LINE
  5
588
330
17
100
AcDbEntity
  8
ENGRAVE
100
AcDbLine
 10
323.12801130370894
 20
227.8016649615723
 30
0.0
 11
322.43348005370893
 21
226.4126024615723
 31
0.0
  0
LINE
  5
589
330
17
100
AcDbEntity
  8
ENGRAVE
100
AcDbLine
 10
322.43348005370893
 20
226.4126024615723
 30
0.0
 11
322.43348005370893
 21
222.2454149615723
 31
0.0
  0
LINE
  5
58A
330
17
100
AcDbEntity
  8
ENGRAVE
100
AcDbLine
 10
322.43348005370893
 20
222.2454149615723
 30
0.0
 11
323.12801130370894
 21
220.8563524615723
 31
0.0
  0
LINE
  5
58B
330
17
100
AcDbEntity
  8
CUT
100
AcDbLine
 10
247.50005000000016
 20
287.87054999999987
 30
0.0
 11
247.50005000000016
 21
284.8701749999999
 31
0.0
  0
LINE
  5
58C
330
17
100
AcDbEntity
  8
CUT
100
AcDbLine
 10
249.5003000000002
 20
284.8701749999999
 30
0.0
 11
249.5003000000002
 21
287.87054999999987
 31
0.0
  0
LINE
  5
58D
330
17
100
AcDbEntity
  8
CUT
100
AcDbLine
 10
238.47599444444478
 20
290.0507166666666
 30
0.0
 11
240.53833333333347
 21
287.87054999999987
 31
0.0
  0
LINE
  5
58E
330
17
100
AcDbEntity
  8
CUT
100
AcDbLine
 10
256.4620166666669
 20
284.8701749999999
 30
0.0
 11
256.4620166666669
 21
287.87054999999987
 31
0.0
  0
LINE
  5
58F
330
17
100
AcDbEntity
  8
CUT
100
AcDbLine
 10
261.42348333333354
 20
287.87054999999987
 30
0.0
 11
261.42348333333354
 21
284.8701749999999
 31
0.0
  0
LINE
  5
590
330
17
100
AcDbEntity
  8
CUT
100
AcDbLine
 10
246.39691388888906
 20
271.1188972222221
 30
0.0
 11
246.39691388888906
 21
266.75468333333316
 31
0.0
  0
LINE
  5
591
330
17
100
AcDbEntity
  8
CUT
100
AcDbLine
 10
234.92140555555574
 20
266.75468333333316
 30
0.0
 11
234.92140555555574
 21
282.55771666666647
 31
0.0
  0
LINE
  5
592
330
17
100
AcDbEntity
  8
CUT
100
AcDbLine
 10
234.92140555555574
 20
282.55771666666647
 30
0.0
 11
237.63179722222236
 21
285.1213527777777
 31
0.0
  0
LINE
  5
593
330
17
100
AcDbEntity
  8
CUT
100
AcDbLine
 10
276.8772666666667
 20
275.11974999999984
 30
0.0
 11
276.8772666666667
 21
266.75468333333316
 31
0.0
  0
LINE
  5
594
330
17
100
AcDbEntity
  8
CUT
100
AcDbLine
 10
240.53833333333347
 20
287.87054999999987
 30
0.0
 11
240.53833333333347
 21
284.8701749999999
 31
0.0
  0
LINE
  5
595
330
17
100
AcDbEntity
  8
CUT
100
AcDbLine
 10
254.46176666666685
 20
287.87054999999987
 30
0.0
 11
254.46176666666685
 21
284.8701749999999
 31
0.0
  0
LINE
  5
596
330
17
100
AcDbEntity
  8
CUT
100
AcDbLine
 10
263.4237333333335
 20
284.8701749999999
 30
0.0
 11
263.4237333333335
 21
275.11974999999984
 31
0.0
  0
LINE
  5
597
330
17
100
AcDbEntity
  8
CUT
100
AcDbLine
 10
242.5385833333334
 20
284.8701749999999
 30
0.0
 11
242.5385833333334
 21
287.87054999999987
 31
0.0
  0
LINE
  5
598
330
17
100
AcDbEntity
  8
CUT
100
AcDbLine
 10
237.63179722222236
 20
285.1213527777777
 30
0.0
 11
235.56981111111128
 21
287.3011666666666
 31
0.0
  0
LINE
  5
599
330
17
100
AcDbEntity
  8
CUT
100
AcDbLine
 10
235.56981111111128
 20
287.3011666666666
 30
0.0
 11
238.47599444444478
 21
290.0507166666666
 31
0.0
  0
LINE
  5
59A
330
17
100
AcDbEntity
  8
CUT
100
AcDbLine
 10
249.39728888888902
 20
266.75468333333316
 30
0.0
 11
249.39728888888902
 21
271.1188972222221
 31
0.0
  0
LINE
  5
59B
330
17
100
AcDbEntity
  8
CUT
100
AcDbLine
 10
242.5385833333334
 20
287.87054999999987
 30
0.0
 11
247.50005000000016
 21
287.87054999999987
 31
0.0
  0
LINE
  5
59C
330
17
100
AcDbEntity
  8
CUT
100
AcDbLine
 10
256.4620166666669
 20
287.87054999999987
 30
0.0
 11
261.42348333333354
 21
287.87054999999987
 31
0.0
  0
LINE
  5
59D
330
17
100
AcDbEntity
  8
CUT
100
AcDbLine
 10
249.5003000000002
 20
287.87054999999987
 30
0.0
 11
254.46176666666685
 21
287.87054999999987
 31
0.0
  0
LINE
  5
59E
330
17
100
AcDbEntity
  8
CUT
100
AcDbLine
 10
240.53833333333347
 20
284.8701749999999
 30
0.0
 11
242.5385833333334
 21
284.8701749999999
 31
0.0
  0
LINE
  5
59F
330
17
100
AcDbEntity
  8
CUT
100
AcDbLine
 10
247.50005000000016
 20
284.8701749999999
 30
0.0
 11
249.5003000000002
 21
284.8701749999999
 31
0.0
  0
LINE
  5
5A0
330
17
100
AcDbEntity
  8
CUT
100
AcDbLine
 10
261.42348333333354
 20
284.8701749999999
 30
0.0
 11
263.4237333333335
 21
284.8701749999999
 31
0.0
  0
LINE
  5
5A1
330
17
100
AcDbEntity
  8
CUT
100
AcDbLine
 10
254.46176666666685
 20
284.8701749999999
 30
0.0
 11
256.4620166666669
 21
284.8701749999999
 31
0.0
  0
LINE
  5
5A2
330
17
100
AcDbEntity
  8
CUT
100
AcDbLine
 10
246.39691388888906
 20
266.75468333333316
 30
0.0
 11
234.92140555555574
 21
266.75468333333316
 31
0.0
  0
LINE
  5
5A3
330
17
100
AcDbEntity
  8
CUT
100
AcDbLine
 10
276.8772666666667
 20
266.75468333333316
 30
0.0
 11
249.39728888888902
 21
266.75468333333316
 31
0.0
  0
LINE
  5
5A4
330
17
100
AcDbEntity
  8
CUT
100
AcDbLine
 10
263.4237333333335
 20
275.11974999999984
 30
0.0
 11
276.8772666666667
 21
275.11974999999984
 31
0.0
  0
LINE
  5
5A5
330
17
100
AcDbEntity
  8
CUT
100
AcDbLine
 10
249.39728888888902
 20
271.1188972222221
 30
0.0
 11
246.39691388888906
 21
271.1188972222221
 31
0.0
  0
LINE
  5
5A6
330
17
100
AcDbEntity
  8
ENGRAVE
100
AcDbLine
 10
250.4286992535147
 20
278.9875253351082
 30
0.0
 11
251.12868857236236
 21
280.38750397280353
 31
0.0
  0
LINE
  5
5A7
330
17
100
AcDbEntity
  8
ENGRAVE
100
AcDbLine
 10
251.12868857236236
 20
280.38750397280353
 30
0.0
 11
253.928645847753
 21
280.38750397280353
 31
0.0
  0
LINE
  5
5A8
330
17
100
AcDbEntity
  8
ENGRAVE
100
AcDbLine
 10
253.928645847753
 20
280.38750397280353
 30
0.0
 11
254.62863516660065
 21
278.9875253351082
 31
0.0
  0
LINE
  5
5A9
330
17
100
AcDbEntity
  8
ENGRAVE
100
AcDbLine
 10
254.62863516660065
 20
278.9875253351082
 30
0.0
 11
254.62863516660065
 21
278.0075402887215
 31
0.0
  0
LINE
  5
5AA
330
17
100
AcDbEntity
  8
ENGRAVE
100
AcDbLine
 10
254.62863516660065
 20
278.0075402887215
 30
0.0
 11
250.4286992535147
 21
273.38761078432697
 31
0.0
  0
LINE
  5
5AB
330
17
100
AcDbEntity
  8
ENGRAVE
100
AcDbLine
 10
250.4286992535147
 20
273.38761078432697
 30
0.0
 11
254.62863516660065
 21
273.38761078432697
 31
0.0
  0
LINE
  5
5AC
330
17
100
AcDbEntity
  8
ENGRAVE
100
AcDbLine
 10
256.7286031231436
 20
278.9875253351082
 30
0.0
 11
258.1285817608389
 21
280.38750397280353
 31
0.0
  0
LINE
  5
5AD
330
17
100
AcDbEntity
  8
ENGRAVE
100
AcDbLine
 10
258.1285817608389
 20
280.38750397280353
 30
0.0
 11
258.1285817608389
 21
273.38761078432697
 31
0.0
  0
LINE
  5
5AE
330
17
100
AcDbEntity
  8
ENGRAVE
100
AcDbLine
 10
256.7286031231436
 20
273.38761078432697
 30
0.0
 11
259.52856039853424
 21
273.38761078432697
 31
0.0
  0
LINE
  5
5AF
330
17
100
AcDbEntity
  8
CUT
100
AcDbLine
 10
237.10157222222244
 20
221.87671944444435
 30
0.0
 11
240.10194722222244
 21
221.87671944444435
 31
0.0
  0
LINE
  5
5B0
330
17
100
AcDbEntity
  8
CUT
100
AcDbLine
 10
240.10194722222244
 20
223.8769694444444
 30
0.0
 11
237.10157222222244
 21
223.8769694444444
 31
0.0
  0
LINE
  5
5B1
330
17
100
AcDbEntity
  8
CUT
100
AcDbLine
 10
234.92140555555574
 20
212.85266388888897
 30
0.0
 11
237.10157222222244
 21
214.91500277777766
 31
0.0
  0
LINE
  5
5B2
330
17
100
AcDbEntity
  8
CUT
100
AcDbLine
 10
240.10194722222244
 20
230.8386861111111
 30
0.0
 11
237.10157222222244
 21
230.8386861111111
 31
0.0
  0
LINE
  5
5B3
330
17
100
AcDbEntity
  8
CUT
100
AcDbLine
 10
237.10157222222244
 20
235.80015277777773
 30
0.0
 11
240.10194722222244
 21
235.80015277777773
 31
0.0
  0
LINE
  5
5B4
330
17
100
AcDbEntity
  8
CUT
100
AcDbLine
 10
253.85322500000024
 20
220.77358333333325
 30
0.0
 11
258.21743888888915
 21
220.77358333333325
 31
0.0
  0
LINE
  5
5B5
330
17
100
AcDbEntity
  8
CUT
100
AcDbLine
 10
258.21743888888915
 20
209.29807499999993
 30
0.0
 11
242.41440555555585
 21
209.29807499999993
 31
0.0
  0
LINE
  5
5B6
330
17
100
AcDbEntity
  8
CUT
100
AcDbLine
 10
242.41440555555585
 20
209.29807499999993
 30
0.0
 11
239.85076944444464
 21
212.00846666666655
 31
0.0
  0
LINE
  5
5B7
330
17
100
AcDbEntity
  8
CUT
100
AcDbLine
 10
249.85237222222244
 20
251.25393611111087
 30
0.0
 11
258.21743888888915
 21
251.25393611111087
 31
0.0
  0
LINE
  5
5B8
330
17
100
AcDbEntity
  8
CUT
100
AcDbLine
 10
237.10157222222244
 20
214.91500277777766
 30
0.0
 11
240.10194722222244
 21
214.91500277777766
 31
0.0
  0
LINE
  5
5B9
330
17
100
AcDbEntity
  8
CUT
100
AcDbLine
 10
237.10157222222244
 20
228.83843611111104
 30
0.0
 11
240.10194722222244
 21
228.83843611111104
 31
0.0
  0
LINE
  5
5BA
330
17
100
AcDbEntity
  8
CUT
100
AcDbLine
 10
240.10194722222244
 20
237.80040277777766
 30
0.0
 11
249.85237222222244
 21
237.80040277777766
 31
0.0
  0
LINE
  5
5BB
330
17
100
AcDbEntity
  8
CUT
100
AcDbLine
 10
240.10194722222244
 20
216.9152527777776
 30
0.0
 11
237.10157222222244
 21
216.9152527777776
 31
0.0
  0
LINE
  5
5BC
330
17
100
AcDbEntity
  8
CUT
100
AcDbLine
 10
239.85076944444464
 20
212.00846666666655
 30
0.0
 11
237.67095555555574
 21
209.94648055555547
 31
0.0
  0
LINE
  5
5BD
330
17
100
AcDbEntity
  8
CUT
100
AcDbLine
 10
237.67095555555574
 20
209.94648055555547
 30
0.0
 11
234.92140555555574
 21
212.85266388888897
 31
0.0
  0
LINE
  5
5BE
330
17
100
AcDbEntity
  8
CUT
100
AcDbLine
 10
258.21743888888915
 20
223.7739583333332
 30
0.0
 11
253.85322500000024
 21
223.7739583333332
 31
0.0
  0
LINE
  5
5BF
330
17
100
AcDbEntity
  8
CUT
100
AcDbLine
 10
237.10157222222244
 20
216.9152527777776
 30
0.0
 11
237.10157222222244
 21
221.87671944444435
 31
0.0
  0
LINE
  5
5C0
330
17
100
AcDbEntity
  8
CUT
100
AcDbLine
 10
237.10157222222244
 20
230.8386861111111
 30
0.0
 11
237.10157222222244
 21
235.80015277777773
 31
0.0
  0
LINE
  5
5C1
330
17
100
AcDbEntity
  8
CUT
100
AcDbLine
 10
237.10157222222244
 20
223.8769694444444
 30
0.0
 11
237.10157222222244
 21
228.83843611111104
 31
0.0
  0
LINE
  5
5C2
330
17
100
AcDbEntity
  8
CUT
100
AcDbLine
 10
240.10194722222244
 20
214.91500277777766
 30
0.0
 11
240.10194722222244
 21
216.9152527777776
 31
0.0
  0
LINE
  5
5C3
330
17
100
AcDbEntity
  8
CUT
100
AcDbLine
 10
240.10194722222244
 20
221.87671944444435
 30
0.0
 11
240.10194722222244
 21
223.8769694444444
 31
0.0
  0
LINE
  5
5C4
330
17
100
AcDbEntity
  8
CUT
100
AcDbLine
 10
240.10194722222244
 20
235.80015277777773
 30
0.0
 11
240.10194722222244
 21
237.80040277777766
 31
0.0
  0
LINE
  5
5C5
330
17
100
AcDbEntity
  8
CUT
100
AcDbLine
 10
240.10194722222244
 20
228.83843611111104
 30
0.0
 11
240.10194722222244
 21
230.8386861111111
 31
0.0
  0
LINE
  5
5C6
330
17
100
AcDbEntity
  8
CUT
100
AcDbLine
 10
258.21743888888915
 20
220.77358333333325
 30
0.0
 11
258.21743888888915
 21
209.29807499999993
 31
0.0
  0
LINE
  5
5C7
330
17
100
AcDbEntity
  8
CUT
100
AcDbLine
 10
258.21743888888915
 20
251.25393611111087
 30
0.0
 11
258.21743888888915
 21
223.7739583333332
 31
0.0
  0
LINE
  5
5C8
330
17
100
AcDbEntity
  8
CUT
100
AcDbLine
 10
249.85237222222244
 20
237.80040277777766
 30
0.0
 11
249.85237222222244
 21
251.25393611111087
 31
0.0
  0
LINE
  5
5C9
330
17
100
AcDbEntity
  8
CUT
100
AcDbLine
 10
253.85322500000024
 20
223.7739583333332
 30
0.0
 11
253.85322500000024
 21
220.77358333333325
 31
0.0
  0
LINE
  5
5CA
330
17
100
AcDbEntity
  8
ENGRAVE
100
AcDbLine
 10
245.9845968871141
 20
224.8053686979589
 30
0.0
 11
244.58461824941878
 21
225.50535801680655
 31
0.0
  0
LINE
  5
5CB
330
17
100
AcDbEntity
  8
ENGRAVE
100
AcDbLine
 10
244.58461824941878
 20
225.50535801680655
 30
0.0
 11
244.58461824941878
 21
228.30531529219718
 31
0.0
  0
LINE
  5
5CC
330
17
100
AcDbEntity
  8
ENGRAVE
100
AcDbLine
 10
244.58461824941878
 20
228.30531529219718
 30
0.0
 11
245.9845968871141
 21
229.00530461104483
 31
0.0
  0
LINE
  5
5CD
330
17
100
AcDbEntity
  8
ENGRAVE
100
AcDbLine
 10
245.9845968871141
 20
229.00530461104483
 30
0.0
 11
246.96458193350082
 21
229.00530461104483
 31
0.0
  0
LINE
  5
5CE
330
17
100
AcDbEntity
  8
ENGRAVE
100
AcDbLine
 10
246.96458193350082
 20
229.00530461104483
 30
0.0
 11
251.58451143789534
 21
224.8053686979589
 31
0.0
  0
LINE
  5
5CF
330
17
100
AcDbEntity
  8
ENGRAVE
100
AcDbLine
 10
251.58451143789534
 20
224.8053686979589
 30
0.0
 11
251.58451143789534
 21
229.00530461104483
 31
0.0
  0
LINE
  5
5D0
330
17
100
AcDbEntity
  8
ENGRAVE
100
AcDbLine
 10
245.9845968871141
 20
231.1052725675878
 30
0.0
 11
244.58461824941878
 21
232.50525120528312
 31
0.0
  0
LINE
  5
5D1
330
17
100
AcDbEntity
  8
ENGRAVE
100
AcDbLine
 10
244.58461824941878
 20
232.50525120528312
 30
0.0
 11
251.58451143789534
 21
232.50525120528312
 31
0.0
  0
LINE
  5
5D2
330
17
100
AcDbEntity
  8
ENGRAVE
100
AcDbLine
 10
251.58451143789534
 20
231.1052725675878
 30
0.0
 11
251.58451143789534
 21
233.90522984297843
 31
0.0
  0
LINE
  5
5D3
330
17
100
AcDbEntity
  8
CUT
100
AcDbLine
 10
266.3979805555557
 20
224.7518583333332
 30
0.0
 11
266.3979805555557
 21
222.7516083333332
 31
0.0
  0
LINE
  5
5D4
330
17
100
AcDbEntity
  8
CUT
100
AcDbLine
 10
272.39908333333364
 20
229.71332499999983
 30
0.0
 11
272.39908333333364
 21
251.25358333333332
 31
0.0
  0
LINE
  5
5D5
330
17
100
AcDbEntity
  8
CUT
100
AcDbLine
 10
283.3669444444447
 20
227.23929444444434
 30
0.0
 11
282.75522777777815
 21
227.9554333333332
 31
0.0
  0
LINE
  5
5D6
330
17
100
AcDbEntity
  8
CUT
100
AcDbLine
 10
282.75522777777815
 20
227.9554333333332
 30
0.0
 11
282.0394416666669
 21
228.5671499999999
 31
0.0
  0
LINE
  5
5D7
330
17
100
AcDbEntity
  8
CUT
100
AcDbLine
 10
266.14645000000024
 20
248.5435444444443
 30
0.0
 11
263.9666361111113
 21
250.6055305555554
 31
0.0
  0
LINE
  5
5D8
330
17
100
AcDbEntity
  8
CUT
100
AcDbLine
 10
266.3979805555557
 20
245.6370083333332
 30
0.0
 11
266.3979805555557
 21
243.6367583333332
 31
0.0
  0
LINE
  5
5D9
330
17
100
AcDbEntity
  8
CUT
100
AcDbLine
 10
282.0394416666669
 20
228.5671499999999
 30
0.0
 11
281.23651944444475
 21
229.0592749999999
 31
0.0
  0
LINE
  5
5DA
330
17
100
AcDbEntity
  8
CUT
100
AcDbLine
 10
263.9666361111113
 20
250.6055305555554
 30
0.0
 11
261.21743888888915
 21
247.69899444444434
 31
0.0
  0
LINE
  5
5DB
330
17
100
AcDbEntity
  8
CUT
100
AcDbLine
 10
281.23651944444475
 20
229.0592749999999
 30
0.0
 11
280.3662166666669
 21
229.419461111111
 31
0.0
  0
LINE
  5
5DC
330
17
100
AcDbEntity
  8
CUT
100
AcDbLine
 10
261.21743888888915
 20
247.69899444444434
 30
0.0
 11
263.39725277777814
 21
245.6370083333332
 31
0.0
  0
LINE
  5
5DD
330
17
100
AcDbEntity
  8
CUT
100
AcDbLine
 10
280.3662166666669
 20
229.419461111111
 30
0.0
 11
279.4507583333335
 21
229.63924166666652
 31
0.0
  0
LINE
  5
5DE
330
17
100
AcDbEntity
  8
CUT
100
AcDbLine
 10
283.85906944444474
 20
226.43637222222213
 30
0.0
 11
283.3669444444447
 21
227.23929444444434
 31
0.0
  0
LINE
  5
5DF
330
17
100
AcDbEntity
  8
CUT
100
AcDbLine
 10
266.3979805555557
 20
238.67529166666662
 30
0.0
 11
266.3979805555557
 21
236.67468888888874
 31
0.0
  0
LINE
  5
5E0
330
17
100
AcDbEntity
  8
CUT
100
AcDbLine
 10
284.21925555555583
 20
225.56642222222212
 30
0.0
 11
283.85906944444474
 21
226.43637222222213
 31
0.0
  0
LINE
  5
5E1
330
17
100
AcDbEntity
  8
CUT
100
AcDbLine
 10
263.39725277777814
 20
236.67468888888874
 30
0.0
 11
263.39725277777814
 21
231.71357499999982
 31
0.0
  0
LINE
  5
5E2
330
17
100
AcDbEntity
  8
CUT
100
AcDbLine
 10
284.5131194444447
 20
223.7118694444443
 30
0.0
 11
284.4390361111113
 21
224.6506111111109
 31
0.0
  0
LINE
  5
5E3
330
17
100
AcDbEntity
  8
CUT
100
AcDbLine
 10
263.39725277777814
 20
229.71332499999983
 30
0.0
 11
263.39725277777814
 21
224.7518583333332
 31
0.0
  0
LINE
  5
5E4
330
17
100
AcDbEntity
  8
CUT
100
AcDbLine
 10
276.14805277777805
 20
222.7516083333332
 30
0.0
 11
276.14805277777805
 21
209.29807499999993
 31
0.0
  0
LINE
  5
5E5
330
17
100
AcDbEntity
  8
CUT
100
AcDbLine
 10
284.4390361111113
 20
224.6506111111109
 30
0.0
 11
284.21925555555583
 21
225.56642222222212
 31
0.0
  0
LINE
  5
5E6
330
17
100
AcDbEntity
  8
CUT
100
AcDbLine
 10
268.71043888888914
 20
251.25358333333332
 30
0.0
 11
266.14645000000024
 21
248.5435444444443
 31
0.0
  0
LINE
  5
5E7
330
17
100
AcDbEntity
  8
CUT
100
AcDbLine
 10
284.5131194444447
 20
209.29807499999993
 30
0.0
 11
284.5131194444447
 21
223.7118694444443
 31
0.0
  0
LINE
  5
5E8
330
17
100
AcDbEntity
  8
CUT
100
AcDbLine
 10
263.39725277777814
 20
243.6367583333332
 30
0.0
 11
263.39725277777814
 21
238.67529166666662
 31
0.0
  0
LINE
  5
5E9
330
17
100
AcDbEntity
  8
CUT
100
AcDbLine
 10
266.3979805555557
 20
231.71357499999982
 30
0.0
 11
266.3979805555557
 21
229.71332499999983
 31
0.0
  0
LINE
  5
5EA
330
17
100
AcDbEntity
  8
CUT
100
AcDbLine
 10
263.39725277777814
 20
238.67529166666662
 30
0.0
 11
266.3979805555557
 21
238.67529166666662
 31
0.0
  0
LINE
  5
5EB
330
17
100
AcDbEntity
  8
CUT
100
AcDbLine
 10
266.3979805555557
 20
229.71332499999983
 30
0.0
 11
263.39725277777814
 21
229.71332499999983
 31
0.0
  0
LINE
  5
5EC
330
17
100
AcDbEntity
  8
CUT
100
AcDbLine
 10
278.5120166666669
 20
229.71332499999983
 30
0.0
 11
272.39908333333364
 21
229.71332499999983
 31
0.0
  0
LINE
  5
5ED
330
17
100
AcDbEntity
  8
CUT
100
AcDbLine
 10
266.3979805555557
 20
222.7516083333332
 30
0.0
 11
276.14805277777805
 21
222.7516083333332
 31
0.0
  0
LINE
  5
5EE
330
17
100
AcDbEntity
  8
CUT
100
AcDbLine
 10
263.39725277777814
 20
224.7518583333332
 30
0.0
 11
266.3979805555557
 21
224.7518583333332
 31
0.0
  0
LINE
  5
5EF
330
17
100
AcDbEntity
  8
CUT
100
AcDbLine
 10
263.39725277777814
 20
231.71357499999982
 30
0.0
 11
266.3979805555557
 21
231.71357499999982
 31
0.0
  0
LINE
  5
5F0
330
17
100
AcDbEntity
  8
CUT
100
AcDbLine
 10
266.3979805555557
 20
243.6367583333332
 30
0.0
 11
263.39725277777814
 21
243.6367583333332
 31
0.0
  0
LINE
  5
5F1
330
17
100
AcDbEntity
  8
CUT
100
AcDbLine
 10
263.39725277777814
 20
245.6370083333332
 30
0.0
 11
266.3979805555557
 21
245.6370083333332
 31
0.0
  0
LINE
  5
5F2
330
17
100
AcDbEntity
  8
CUT
100
AcDbLine
 10
272.39908333333364
 20
251.25358333333332
 30
0.0
 11
268.71043888888914
 21
251.25358333333332
 31
0.0
  0
LINE
  5
5F3
330
17
100
AcDbEntity
  8
CUT
100
AcDbLine
 10
276.14805277777805
 20
209.29807499999993
 30
0.0
 11
284.5131194444447
 21
209.29807499999993
 31
0.0
  0
LINE
  5
5F4
330
17
100
AcDbEntity
  8
CUT
100
AcDbLine
 10
266.3979805555557
 20
236.67468888888874
 30
0.0
 11
263.39725277777814
 21
236.67468888888874
 31
0.0
  0
LINE
  5
5F5
330
17
100
AcDbEntity
  8
CUT
100
AcDbLine
 10
279.4507583333335
 20
229.63924166666652
 30
0.0
 11
278.5120166666669
 21
229.71332499999983
 31
0.0
  0
LINE
  5
5F6
330
17
100
AcDbEntity
  8
ENGRAVE
100
AcDbLine
 10
278.41910599847864
 20
214.41107105709798
 30
0.0
 11
277.1479634203536
 21
215.04664234616047
 31
0.0
  0
LINE
  5
5F7
330
17
100
AcDbEntity
  8
ENGRAVE
100
AcDbLine
 10
277.1479634203536
 20
215.04664234616047
 30
0.0
 11
277.1479634203536
 21
217.58892750241048
 31
0.0
  0
LINE
  5
5F8
330
17
100
AcDbEntity
  8
ENGRAVE
100
AcDbLine
 10
277.1479634203536
 20
217.58892750241048
 30
0.0
 11
278.41910599847864
 21
218.22449879147297
 31
0.0
  0
LINE
  5
5F9
330
17
100
AcDbEntity
  8
ENGRAVE
100
AcDbLine
 10
278.41910599847864
 20
218.22449879147297
 30
0.0
 11
279.3089058031661
 21
218.22449879147297
 31
0.0
  0
LINE
  5
5FA
330
17
100
AcDbEntity
  8
ENGRAVE
100
AcDbLine
 10
279.3089058031661
 20
218.22449879147297
 30
0.0
 11
283.5036763109786
 21
214.41107105709798
 31
0.0
  0
LINE
  5
5FB
330
17
100
AcDbEntity
  8
ENGRAVE
100
AcDbLine
 10
283.5036763109786
 20
214.41107105709798
 30
0.0
 11
283.5036763109786
 21
218.22449879147297
 31
0.0
  0
LINE
  5
5FC
330
17
100
AcDbEntity
  8
ENGRAVE
100
AcDbLine
 10
278.41910599847864
 20
219.495641369598
 30
0.0
 11
277.1479634203536
 21
220.13121265866047
 31
0.0
  0
LINE
  5
5FD
330
17
100
AcDbEntity
  8
ENGRAVE
100
AcDbLine
 10
277.1479634203536
 20
220.13121265866047
 30
0.0
 11
277.1479634203536
 21
222.6734978149105
 31
0.0
  0
LINE
  5
5FE
330
17
100
AcDbEntity
  8
ENGRAVE
100
AcDbLine
 10
277.1479634203536
 20
222.6734978149105
 30
0.0
 11
278.41910599847864
 21
223.30906910397297
 31
0.0
  0
LINE
  5
5FF
330
17
100
AcDbEntity
  8
ENGRAVE
100
AcDbLine
 10
278.41910599847864
 20
223.30906910397297
 30
0.0
 11
279.3089058031661
 21
223.30906910397297
 31
0.0
  0
LINE
  5
600
330
17
100
AcDbEntity
  8
ENGRAVE
100
AcDbLine
 10
279.3089058031661
 20
223.30906910397297
 30
0.0
 11
283.5036763109786
 21
219.495641369598
 31
0.0
  0
LINE
  5
601
330
17
100
AcDbEntity
  8
ENGRAVE
100
AcDbLine
 10
283.5036763109786
 20
219.495641369598
 30
0.0
 11
283.5036763109786
 21
223.30906910397297
 31
0.0
  0
LINE
  5
602
330
17
100
AcDbEntity
  8
CUT
100
AcDbLine
 10
270.22778055555557
 20
308.50449999999984
 30
0.0
 11
270.22778055555557
 21
306.50424999999984
 31
0.0
  0
LINE
  5
603
330
17
100
AcDbEntity
  8
CUT
100
AcDbLine
 10
276.2288833333335
 20
313.4659666666665
 30
0.0
 11
276.2288833333335
 21
335.006225
 31
0.0
  0
LINE
  5
604
330
17
100
AcDbEntity
  8
CUT
100
AcDbLine
 10
287.19674444444456
 20
310.991936111111
 30
0.0
 11
286.585027777778
 21
311.70807499999984
 31
0.0
  0
LINE
  5
605
330
17
100
AcDbEntity
  8
CUT
100
AcDbLine
 10
286.585027777778
 20
311.70807499999984
 30
0.0
 11
285.86924166666677
 21
312.31979166666656
 31
0.0
  0
LINE
  5
606
330
17
100
AcDbEntity
  8
CUT
100
AcDbLine
 10
269.9762500000001
 20
332.29618611111096
 30
0.0
 11
267.7964361111112
 21
334.35817222222204
 31
0.0
  0
LINE
  5
607
330
17
100
AcDbEntity
  8
CUT
100
AcDbLine
 10
270.22778055555557
 20
329.38964999999985
 30
0.0
 11
270.22778055555557
 21
327.38939999999985
 31
0.0
  0
LINE
  5
608
330
17
100
AcDbEntity
  8
CUT
100
AcDbLine
 10
285.86924166666677
 20
312.31979166666656
 30
0.0
 11
285.0663194444446
 21
312.81191666666655
 31
0.0
  0
LINE
  5
609
330
17
100
AcDbEntity
  8
CUT
100
AcDbLine
 10
267.7964361111112
 20
334.35817222222204
 30
0.0
 11
265.047238888889
 21
331.451636111111
 31
0.0
  0
LINE
  5
60A
330
17
100
AcDbEntity
  8
CUT
100
AcDbLine
 10
285.0663194444446
 20
312.81191666666655
 30
0.0
 11
284.19601666666676
 21
313.17210277777764
 31
0.0
  0
LINE
  5
60B
330
17
100
AcDbEntity
  8
CUT
100
AcDbLine
 10
265.047238888889
 20
331.451636111111
 30
0.0
 11
267.227052777778
 21
329.38964999999985
 31
0.0
  0
LINE
  5
60C
330
17
100
AcDbEntity
  8
CUT
100
AcDbLine
 10
284.19601666666676
 20
313.17210277777764
 30
0.0
 11
283.2805583333334
 21
313.39188333333317
 31
0.0
  0
LINE
  5
60D
330
17
100
AcDbEntity
  8
CUT
100
AcDbLine
 10
287.6888694444446
 20
310.1890138888888
 30
0.0
 11
287.19674444444456
 21
310.991936111111
 31
0.0
  0
LINE
  5
60E
330
17
100
AcDbEntity
  8
CUT
100
AcDbLine
 10
270.22778055555557
 20
322.42793333333327
 30
0.0
 11
270.22778055555557
 21
320.4273305555554
 31
0.0
  0
LINE
  5
60F
330
17
100
AcDbEntity
  8
CUT
100
AcDbLine
 10
288.0490555555557
 20
309.31906388888876
 30
0.0
 11
287.6888694444446
 21
310.1890138888888
 31
0.0
  0
LINE
  5
610
330
17
100
AcDbEntity
  8
CUT
100
AcDbLine
 10
267.227052777778
 20
320.4273305555554
 30
0.0
 11
267.227052777778
 21
315.46621666666647
 31
0.0
  0
LINE
  5
611
330
17
100
AcDbEntity
  8
CUT
100
AcDbLine
 10
288.3429194444446
 20
307.46451111111094
 30
0.0
 11
288.26883611111117
 21
308.40325277777754
 31
0.0
  0
LINE
  5
612
330
17
100
AcDbEntity
  8
CUT
100
AcDbLine
 10
267.227052777778
 20
313.4659666666665
 30
0.0
 11
267.227052777778
 21
308.50449999999984
 31
0.0
  0
LINE
  5
613
330
17
100
AcDbEntity
  8
CUT
100
AcDbLine
 10
279.9778527777779
 20
306.50424999999984
 30
0.0
 11
279.9778527777779
 21
293.0507166666666
 31
0.0
  0
LINE
  5
614
330
17
100
AcDbEntity
  8
CUT
100
AcDbLine
 10
288.26883611111117
 20
308.40325277777754
 30
0.0
 11
288.0490555555557
 21
309.31906388888876
 31
0.0
  0
LINE
  5
615
330
17
100
AcDbEntity
  8
CUT
100
AcDbLine
 10
272.540238888889
 20
335.006225
 30
0.0
 11
269.9762500000001
 21
332.29618611111096
 31
0.0
  0
LINE
  5
616
330
17
100
AcDbEntity
  8
CUT
100
AcDbLine
 10
288.3429194444446
 20
293.0507166666666
 30
0.0
 11
288.3429194444446
 21
307.46451111111094
 31
0.0
  0
LINE
  5
617
330
17
100
AcDbEntity
  8
CUT
100
AcDbLine
 10
267.227052777778
 20
327.38939999999985
 30
0.0
 11
267.227052777778
 21
322.42793333333327
 31
0.0
  0
LINE
  5
618
330
17
100
AcDbEntity
  8
CUT
100
AcDbLine
 10
270.22778055555557
 20
315.46621666666647
 30
0.0
 11
270.22778055555557
 21
313.4659666666665
 31
0.0
  0
LINE
  5
619
330
17
100
AcDbEntity
  8
CUT
100
AcDbLine
 10
267.227052777778
 20
322.42793333333327
 30
0.0
 11
270.22778055555557
 21
322.42793333333327
 31
0.0
  0
LINE
  5
61A
330
17
100
AcDbEntity
  8
CUT
100
AcDbLine
 10
270.22778055555557
 20
313.4659666666665
 30
0.0
 11
267.227052777778
 21
313.4659666666665
 31
0.0
  0
LINE
  5
61B
330
17
100
AcDbEntity
  8
CUT
100
AcDbLine
 10
282.3418166666668
 20
313.4659666666665
 30
0.0
 11
276.2288833333335
 21
313.4659666666665
 31
0.0
  0
LINE
  5
61C
330
17
100
AcDbEntity
  8
CUT
100
AcDbLine
 10
270.22778055555557
 20
306.50424999999984
 30
0.0
 11
279.9778527777779
 21
306.50424999999984
 31
0.0
  0
LINE
  5
61D
330
17
100
AcDbEntity
  8
CUT
100
AcDbLine
 10
267.227052777778
 20
308.50449999999984
 30
0.0
 11
270.22778055555557
 21
308.50449999999984
 31
0.0
  0
LINE
  5
61E
330
17
100
AcDbEntity
  8
CUT
100
AcDbLine
 10
267.227052777778
 20
315.46621666666647
 30
0.0
 11
270.22778055555557
 21
315.46621666666647
 31
0.0
  0
LINE
  5
61F
330
17
100
AcDbEntity
  8
CUT
100
AcDbLine
 10
270.22778055555557
 20
327.38939999999985
 30
0.0
 11
267.227052777778
 21
327.38939999999985
 31
0.0
  0
LINE
  5
620
330
17
100
AcDbEntity
  8
CUT
100
AcDbLine
 10
267.227052777778
 20
329.38964999999985
 30
0.0
 11
270.22778055555557
 21
329.38964999999985
 31
0.0
  0
LINE
  5
621
330
17
100
AcDbEntity
  8
CUT
100
AcDbLine
 10
276.2288833333335
 20
335.006225
 30
0.0
 11
272.540238888889
 21
335.006225
 31
0.0
  0
LINE
  5
622
330
17
100
AcDbEntity
  8
CUT
100
AcDbLine
 10
279.9778527777779
 20
293.0507166666666
 30
0.0
 11
288.3429194444446
 21
293.0507166666666
 31
0.0
  0
LINE
  5
623
330
17
100
AcDbEntity
  8
CUT
100
AcDbLine
 10
270.22778055555557
 20
320.4273305555554
 30
0.0
 11
267.227052777778
 21
320.4273305555554
 31
0.0
  0
LINE
  5
624
330
17
100
AcDbEntity
  8
CUT
100
AcDbLine
 10
283.2805583333334
 20
313.39188333333317
 30
0.0
 11
282.3418166666668
 21
313.4659666666665
 31
0.0
  0
LINE
  5
625
330
17
100
AcDbEntity
  8
ENGRAVE
100
AcDbLine
 10
282.2489059984785
 20
298.1637127237646
 30
0.0
 11
280.9777634203535
 21
298.7992840128271
 31
0.0
  0
LINE
  5
626
330
17
100
AcDbEntity
  8
ENGRAVE
100
AcDbLine
 10
280.9777634203535
 20
298.7992840128271
 30
0.0
 11
280.9777634203535
 21
301.3415691690771
 31
0.0
  0
LINE
  5
627
330
17
100
AcDbEntity
  8
ENGRAVE
100
AcDbLine
 10
280.9777634203535
 20
301.3415691690771
 30
0.0
 11
282.2489059984785
 21
301.9771404581396
 31
0.0
  0
LINE
  5
628
330
17
100
AcDbEntity
  8
ENGRAVE
100
AcDbLine
 10
282.2489059984785
 20
301.9771404581396
 30
0.0
 11
283.138705803166
 21
301.9771404581396
 31
0.0
  0
LINE
  5
629
330
17
100
AcDbEntity
  8
ENGRAVE
100
AcDbLine
 10
283.138705803166
 20
301.9771404581396
 30
0.0
 11
287.3334763109785
 21
298.1637127237646
 31
0.0
  0
LINE
  5
62A
330
17
100
AcDbEntity
  8
ENGRAVE
100
AcDbLine
 10
287.3334763109785
 20
298.1637127237646
 30
0.0
 11
287.3334763109785
 21
301.9771404581396
 31
0.0
  0
LINE
  5
62B
330
17
100
AcDbEntity
  8
ENGRAVE
100
AcDbLine
 10
282.2489059984785
 20
303.24828303626464
 30
0.0
 11
280.9777634203535
 21
303.88385432532715
 31
0.0
  0
LINE
  5
62C
330
17
100
AcDbEntity
  8
ENGRAVE
100
AcDbLine
 10
280.9777634203535
 20
303.88385432532715
 30
0.0
 11
280.9777634203535
 21
306.42613948157714
 31
0.0
  0
LINE
  5
62D
330
17
100
AcDbEntity
  8
ENGRAVE
100
AcDbLine
 10
280.9777634203535
 20
306.42613948157714
 30
0.0
 11
282.2489059984785
 21
307.06171077063965
 31
0.0
  0
LINE
  5
62E
330
17
100
AcDbEntity
  8
ENGRAVE
100
AcDbLine
 10
282.2489059984785
 20
307.06171077063965
 30
0.0
 11
283.138705803166
 21
307.06171077063965
 31
0.0
  0
LINE
  5
62F
330
17
100
AcDbEntity
  8
ENGRAVE
100
AcDbLine
 10
283.138705803166
 20
307.06171077063965
 30
0.0
 11
287.3334763109785
 21
303.24828303626464
 31
0.0
  0
LINE
  5
630
330
17
100
AcDbEntity
  8
ENGRAVE
100
AcDbLine
 10
287.3334763109785
 20
303.24828303626464
 30
0.0
 11
287.3334763109785
 21
307.06171077063965
 31
0.0
  0
LINE
  5
631
330
17
100
AcDbEntity
  8
CUT
100
AcDbLine
 10
303.17541666666676
 20
288.2928249999999
 30
0.0
 11
302.5637000000001
 21
287.576686111111
 31
0.0
  0
LINE
  5
632
330
17
100
AcDbEntity
  8
CUT
100
AcDbLine
 10
301.49160833333343
 20
284.9880027777775
 30
0.0
 11
301.417525
 21
284.04926111111087
 31
0.0
  0
LINE
  5
633
330
17
100
AcDbEntity
  8
CUT
100
AcDbLine
 10
279.8772666666667
 20
277.9363277777776
 30
0.0
 11
279.8772666666667
 21
274.24768333333316
 31
0.0
  0
LINE
  5
634
330
17
100
AcDbEntity
  8
CUT
100
AcDbLine
 10
308.3792416666667
 20
271.9352249999998
 30
0.0
 11
308.3792416666667
 21
281.6856499999998
 31
0.0
  0
LINE
  5
635
330
17
100
AcDbEntity
  8
CUT
100
AcDbLine
 10
294.45580833333355
 20
271.9352249999998
 30
0.0
 11
294.45580833333355
 21
268.93449722222203
 31
0.0
  0
LINE
  5
636
330
17
100
AcDbEntity
  8
CUT
100
AcDbLine
 10
282.5873055555557
 20
271.68369444444426
 30
0.0
 11
280.5253194444446
 21
269.50423333333316
 31
0.0
  0
LINE
  5
637
330
17
100
AcDbEntity
  8
CUT
100
AcDbLine
 10
279.8772666666667
 20
274.24768333333316
 30
0.0
 11
282.5873055555557
 21
271.68369444444426
 31
0.0
  0
LINE
  5
638
330
17
100
AcDbEntity
  8
CUT
100
AcDbLine
 10
305.5644277777779
 20
289.75685277777757
 30
0.0
 11
304.69412500000004
 21
289.3963138888887
 31
0.0
  0
LINE
  5
639
330
17
100
AcDbEntity
  8
CUT
100
AcDbLine
 10
302.5637000000001
 20
287.576686111111
 30
0.0
 11
302.0715750000001
 21
286.77376388888865
 31
0.0
  0
LINE
  5
63A
330
17
100
AcDbEntity
  8
CUT
100
AcDbLine
 10
302.0715750000001
 20
286.77376388888865
 30
0.0
 11
301.71103611111135
 21
285.90381388888864
 31
0.0
  0
LINE
  5
63B
330
17
100
AcDbEntity
  8
CUT
100
AcDbLine
 10
287.49409166666686
 20
271.9352249999998
 30
0.0
 11
287.49409166666686
 21
268.93449722222203
 31
0.0
  0
LINE
  5
63C
330
17
100
AcDbEntity
  8
CUT
100
AcDbLine
 10
292.4555583333335
 20
268.93449722222203
 30
0.0
 11
292.4555583333335
 21
271.9352249999998
 31
0.0
  0
LINE
  5
63D
330
17
100
AcDbEntity
  8
CUT
100
AcDbLine
 10
303.8912027777779
 20
288.90454166666643
 30
0.0
 11
303.17541666666676
 21
288.2928249999999
 31
0.0
  0
LINE
  5
63E
330
17
100
AcDbEntity
  8
CUT
100
AcDbLine
 10
321.8324222222222
 20
281.6856499999998
 30
0.0
 11
321.8324222222222
 21
290.0503638888887
 31
0.0
  0
LINE
  5
63F
330
17
100
AcDbEntity
  8
CUT
100
AcDbLine
 10
301.417525
 20
284.04926111111087
 30
0.0
 11
301.417525
 21
277.9363277777776
 31
0.0
  0
LINE
  5
640
330
17
100
AcDbEntity
  8
CUT
100
AcDbLine
 10
280.5253194444446
 20
269.50423333333316
 30
0.0
 11
283.4318555555556
 21
266.75468333333316
 31
0.0
  0
LINE
  5
641
330
17
100
AcDbEntity
  8
CUT
100
AcDbLine
 10
306.47988611111117
 20
289.97663333333315
 30
0.0
 11
305.5644277777779
 21
289.75685277777757
 31
0.0
  0
LINE
  5
642
330
17
100
AcDbEntity
  8
CUT
100
AcDbLine
 10
299.41727499999996
 20
268.93449722222203
 30
0.0
 11
299.41727499999996
 21
271.9352249999998
 31
0.0
  0
LINE
  5
643
330
17
100
AcDbEntity
  8
CUT
100
AcDbLine
 10
301.71103611111135
 20
285.90381388888864
 30
0.0
 11
301.49160833333343
 21
284.9880027777775
 31
0.0
  0
LINE
  5
644
330
17
100
AcDbEntity
  8
CUT
100
AcDbLine
 10
285.4938416666668
 20
268.93449722222203
 30
0.0
 11
285.4938416666668
 21
271.9352249999998
 31
0.0
  0
LINE
  5
645
330
17
100
AcDbEntity
  8
CUT
100
AcDbLine
 10
306.37863888888893
 20
268.93449722222203
 30
0.0
 11
306.37863888888893
 21
271.9352249999998
 31
0.0
  0
LINE
  5
646
330
17
100
AcDbEntity
  8
CUT
100
AcDbLine
 10
283.4318555555556
 20
266.75468333333316
 30
0.0
 11
285.4938416666668
 21
268.93449722222203
 31
0.0
  0
LINE
  5
647
330
17
100
AcDbEntity
  8
CUT
100
AcDbLine
 10
301.417525
 20
271.9352249999998
 30
0.0
 11
301.417525
 21
268.93449722222203
 31
0.0
  0
LINE
  5
648
330
17
100
AcDbEntity
  8
CUT
100
AcDbLine
 10
304.69412500000004
 20
289.3963138888887
 30
0.0
 11
303.8912027777779
 21
288.90454166666643
 31
0.0
  0
LINE
  5
649
330
17
100
AcDbEntity
  8
CUT
100
AcDbLine
 10
307.4186277777778
 20
290.0503638888887
 30
0.0
 11
306.47988611111117
 21
289.97663333333315
 31
0.0
  0
LINE
  5
64A
330
17
100
AcDbEntity
  8
CUT
100
AcDbLine
 10
321.8324222222222
 20
290.0503638888887
 30
0.0
 11
307.4186277777778
 21
290.0503638888887
 31
0.0
  0
LINE
  5
64B
330
17
100
AcDbEntity
  8
CUT
100
AcDbLine
 10
301.417525
 20
268.93449722222203
 30
0.0
 11
306.37863888888893
 21
268.93449722222203
 31
0.0
  0
LINE
  5
64C
330
17
100
AcDbEntity
  8
CUT
100
AcDbLine
 10
294.45580833333355
 20
268.93449722222203
 30
0.0
 11
299.41727499999996
 21
268.93449722222203
 31
0.0
  0
LINE
  5
64D
330
17
100
AcDbEntity
  8
CUT
100
AcDbLine
 10
287.49409166666686
 20
268.93449722222203
 30
0.0
 11
292.4555583333335
 21
268.93449722222203
 31
0.0
  0
LINE
  5
64E
330
17
100
AcDbEntity
  8
CUT
100
AcDbLine
 10
308.3792416666667
 20
281.6856499999998
 30
0.0
 11
321.8324222222222
 21
281.6856499999998
 31
0.0
  0
LINE
  5
64F
330
17
100
AcDbEntity
  8
CUT
100
AcDbLine
 10
306.37863888888893
 20
271.9352249999998
 30
0.0
 11
308.3792416666667
 21
271.9352249999998
 31
0.0
  0
LINE
  5
650
330
17
100
AcDbEntity
  8
CUT
100
AcDbLine
 10
299.41727499999996
 20
271.9352249999998
 30
0.0
 11
301.417525
 21
271.9352249999998
 31
0.0
  0
LINE
  5
651
330
17
100
AcDbEntity
  8
CUT
100
AcDbLine
 10
285.4938416666668
 20
271.9352249999998
 30
0.0
 11
287.49409166666686
 21
271.9352249999998
 31
0.0
  0
LINE
  5
652
330
17
100
AcDbEntity
  8
CUT
100
AcDbLine
 10
292.4555583333335
 20
271.9352249999998
 30
0.0
 11
294.45580833333355
 21
271.9352249999998
 31
0.0
  0
LINE
  5
653
330
17
100
AcDbEntity
  8
CUT
100
AcDbLine
 10
301.417525
 20
277.9363277777776
 30
0.0
 11
279.8772666666667
 21
277.9363277777776
 31
0.0
  0
LINE
  5
654
330
17
100
AcDbEntity
  8
ENGRAVE
100
AcDbLine
 10
311.8184905154954
 20
287.76916118580107
 30
0.0
 11
312.4538695438157
 21
289.03991924244167
 31
0.0
  0
LINE
  5
655
330
17
100
AcDbEntity
  8
ENGRAVE
100
AcDbLine
 10
312.4538695438157
 20
289.03991924244167
 30
0.0
 11
314.99538565709696
 21
289.03991924244167
 31
0.0
  0
LINE
  5
656
330
17
100
AcDbEntity
  8
ENGRAVE
100
AcDbLine
 10
314.99538565709696
 20
289.03991924244167
 30
0.0
 11
315.63076468541726
 21
287.76916118580107
 31
0.0
  0
LINE
  5
657
330
17
100
AcDbEntity
  8
ENGRAVE
100
AcDbLine
 10
315.63076468541726
 20
287.76916118580107
 30
0.0
 11
315.63076468541726
 21
286.8796305461526
 31
0.0
  0
LINE
  5
658
330
17
100
AcDbEntity
  8
ENGRAVE
100
AcDbLine
 10
315.63076468541726
 20
286.8796305461526
 30
0.0
 11
311.8184905154954
 21
282.68612895923854
 31
0.0
  0
LINE
  5
659
330
17
100
AcDbEntity
  8
ENGRAVE
100
AcDbLine
 10
311.8184905154954
 20
282.68612895923854
 30
0.0
 11
315.63076468541726
 21
282.68612895923854
 31
0.0
  0
LINE
  5
65A
330
17
100
AcDbEntity
  8
ENGRAVE
100
AcDbLine
 10
316.90152274205786
 20
288.40454021412137
 30
0.0
 11
317.53690177037817
 21
289.03991924244167
 31
0.0
  0
LINE
  5
65B
330
17
100
AcDbEntity
  8
ENGRAVE
100
AcDbLine
 10
317.53690177037817
 20
289.03991924244167
 30
0.0
 11
320.0784178836594
 21
289.03991924244167
 31
0.0
  0
LINE
  5
65C
330
17
100
AcDbEntity
  8
ENGRAVE
100
AcDbLine
 10
320.0784178836594
 20
289.03991924244167
 30
0.0
 11
320.7137969119797
 21
288.40454021412137
 31
0.0
  0
LINE
  5
65D
330
17
100
AcDbEntity
  8
ENGRAVE
100
AcDbLine
 10
320.7137969119797
 20
288.40454021412137
 30
0.0
 11
320.7137969119797
 21
286.8796305461526
 31
0.0
  0
LINE
  5
65E
330
17
100
AcDbEntity
  8
ENGRAVE
100
AcDbLine
 10
320.7137969119797
 20
286.8796305461526
 30
0.0
 11
320.0784178836594
 21
286.2442515178323
 31
0.0
  0
LINE
  5
65F
330
17
100
AcDbEntity
  8
ENGRAVE
100
AcDbLine
 10
320.0784178836594
 20
286.2442515178323
 30
0.0
 11
318.1722807986985
 21
286.2442515178323
 31
0.0
  0
LINE
  5
660
330
17
100
AcDbEntity
  8
ENGRAVE
100
AcDbLine
 10
320.0784178836594
 20
286.2442515178323
 30
0.0
 11
320.7137969119797
 21
285.608872489512
 31
0.0
  0
LINE
  5
661
330
17
100
AcDbEntity
  8
ENGRAVE
100
AcDbLine
 10
320.7137969119797
 20
285.608872489512
 30
0.0
 11
320.7137969119797
 21
283.32150798755885
 31
0.0
  0
LINE
  5
662
330
17
100
AcDbEntity
  8
ENGRAVE
100
AcDbLine
 10
320.7137969119797
 20
283.32150798755885
 30
0.0
 11
320.0784178836594
 21
282.68612895923854
 31
0.0
  0
LINE
  5
663
330
17
100
AcDbEntity
  8
ENGRAVE
100
AcDbLine
 10
320.0784178836594
 20
282.68612895923854
 30
0.0
 11
317.53690177037817
 21
282.68612895923854
 31
0.0
  0
LINE
  5
664
330
17
100
AcDbEntity
  8
ENGRAVE
100
AcDbLine
 10
317.53690177037817
 20
282.68612895923854
 30
0.0
 11
316.90152274205786
 21
283.32150798755885
 31
0.0
  0
LINE
  5
665
330
17
100
AcDbEntity
  8
CUT
100
AcDbLine
 10
293.1004583333334
 20
316.3485138888888
 30
0.0
 11
293.8165972222223
 21
315.7367972222221
 31
0.0
  0
LINE
  5
666
330
17
100
AcDbEntity
  8
CUT
100
AcDbLine
 10
303.4569555555557
 20
314.5906222222221
 30
0.0
 11
303.4569555555557
 21
293.0503638888887
 31
0.0
  0
LINE
  5
667
330
17
100
AcDbEntity
  8
CUT
100
AcDbLine
 10
314.6386000000001
 20
296.60495277777767
 30
0.0
 11
312.4587861111112
 21
298.6669388888888
 31
0.0
  0
LINE
  5
668
330
17
100
AcDbEntity
  8
CUT
100
AcDbLine
 10
309.4580583333335
 20
319.551736111111
 30
0.0
 11
309.4580583333335
 21
321.5523388888886
 31
0.0
  0
LINE
  5
669
330
17
100
AcDbEntity
  8
CUT
100
AcDbLine
 10
291.3429194444446
 20
335.0055194444442
 30
0.0
 11
291.3429194444446
 21
320.59172499999977
 31
0.0
  0
LINE
  5
66A
330
17
100
AcDbEntity
  8
CUT
100
AcDbLine
 10
303.4569555555557
 20
293.0503638888887
 30
0.0
 11
307.14560000000006
 21
293.0503638888887
 31
0.0
  0
LINE
  5
66B
330
17
100
AcDbEntity
  8
CUT
100
AcDbLine
 10
292.4887416666668
 20
317.0642999999998
 30
0.0
 11
293.1004583333334
 21
316.3485138888888
 31
0.0
  0
LINE
  5
66C
330
17
100
AcDbEntity
  8
CUT
100
AcDbLine
 10
299.7076333333335
 20
321.5523388888886
 30
0.0
 11
299.7076333333335
 21
335.0055194444442
 31
0.0
  0
LINE
  5
66D
330
17
100
AcDbEntity
  8
CUT
100
AcDbLine
 10
312.4587861111112
 20
300.6671888888888
 30
0.0
 11
312.4587861111112
 21
305.6286555555554
 31
0.0
  0
LINE
  5
66E
330
17
100
AcDbEntity
  8
CUT
100
AcDbLine
 10
312.4587861111112
 20
307.6289055555555
 30
0.0
 11
312.4587861111112
 21
312.590372222222
 31
0.0
  0
LINE
  5
66F
330
17
100
AcDbEntity
  8
CUT
100
AcDbLine
 10
311.8890500000001
 20
293.6984166666666
 30
0.0
 11
314.6386000000001
 21
296.60495277777767
 31
0.0
  0
LINE
  5
670
330
17
100
AcDbEntity
  8
CUT
100
AcDbLine
 10
291.9969694444446
 20
317.8672222222221
 30
0.0
 11
292.4887416666668
 21
317.0642999999998
 31
0.0
  0
LINE
  5
671
330
17
100
AcDbEntity
  8
CUT
100
AcDbLine
 10
309.709588888889
 20
295.7604027777776
 30
0.0
 11
311.8890500000001
 21
293.6984166666666
 31
0.0
  0
LINE
  5
672
330
17
100
AcDbEntity
  8
CUT
100
AcDbLine
 10
309.4580583333335
 20
321.5523388888886
 30
0.0
 11
299.7076333333335
 21
321.5523388888886
 31
0.0
  0
LINE
  5
673
330
17
100
AcDbEntity
  8
CUT
100
AcDbLine
 10
309.4580583333335
 20
314.5906222222221
 30
0.0
 11
312.4587861111112
 21
314.5906222222221
 31
0.0
  0
LINE
  5
674
330
17
100
AcDbEntity
  8
CUT
100
AcDbLine
 10
312.4587861111112
 20
305.6286555555554
 30
0.0
 11
309.4580583333335
 21
305.6286555555554
 31
0.0
  0
LINE
  5
675
330
17
100
AcDbEntity
  8
CUT
100
AcDbLine
 10
296.4052805555557
 20
314.6647055555555
 30
0.0
 11
297.3440222222224
 21
314.5906222222221
 31
0.0
  0
LINE
  5
676
330
17
100
AcDbEntity
  8
CUT
100
AcDbLine
 10
309.4580583333335
 20
312.590372222222
 30
0.0
 11
309.4580583333335
 21
314.5906222222221
 31
0.0
  0
LINE
  5
677
330
17
100
AcDbEntity
  8
CUT
100
AcDbLine
 10
309.4580583333335
 20
298.6669388888888
 30
0.0
 11
309.4580583333335
 21
300.6671888888888
 31
0.0
  0
LINE
  5
678
330
17
100
AcDbEntity
  8
CUT
100
AcDbLine
 10
291.3429194444446
 20
320.59172499999977
 30
0.0
 11
291.4166500000001
 21
319.65298333333317
 31
0.0
  0
LINE
  5
679
330
17
100
AcDbEntity
  8
CUT
100
AcDbLine
 10
297.3440222222224
 20
314.5906222222221
 30
0.0
 11
303.4569555555557
 21
314.5906222222221
 31
0.0
  0
LINE
  5
67A
330
17
100
AcDbEntity
  8
CUT
100
AcDbLine
 10
295.4894694444446
 20
314.8841333333332
 30
0.0
 11
296.4052805555557
 21
314.6647055555555
 31
0.0
  0
LINE
  5
67B
330
17
100
AcDbEntity
  8
CUT
100
AcDbLine
 10
312.4587861111112
 20
314.5906222222221
 30
0.0
 11
312.4587861111112
 21
319.551736111111
 31
0.0
  0
LINE
  5
67C
330
17
100
AcDbEntity
  8
CUT
100
AcDbLine
 10
294.61951944444456
 20
315.244672222222
 30
0.0
 11
295.4894694444446
 21
314.8841333333332
 31
0.0
  0
LINE
  5
67D
330
17
100
AcDbEntity
  8
CUT
100
AcDbLine
 10
291.4166500000001
 20
319.65298333333317
 30
0.0
 11
291.63643055555565
 21
318.7375249999998
 31
0.0
  0
LINE
  5
67E
330
17
100
AcDbEntity
  8
CUT
100
AcDbLine
 10
312.4587861111112
 20
319.551736111111
 30
0.0
 11
309.4580583333335
 21
319.551736111111
 31
0.0
  0
LINE
  5
67F
330
17
100
AcDbEntity
  8
CUT
100
AcDbLine
 10
299.7076333333335
 20
335.0055194444442
 30
0.0
 11
291.3429194444446
 21
335.0055194444442
 31
0.0
  0
LINE
  5
680
330
17
100
AcDbEntity
  8
CUT
100
AcDbLine
 10
309.4580583333335
 20
300.6671888888888
 30
0.0
 11
312.4587861111112
 21
300.6671888888888
 31
0.0
  0
LINE
  5
681
330
17
100
AcDbEntity
  8
CUT
100
AcDbLine
 10
309.4580583333335
 20
307.6289055555555
 30
0.0
 11
312.4587861111112
 21
307.6289055555555
 31
0.0
  0
LINE
  5
682
330
17
100
AcDbEntity
  8
CUT
100
AcDbLine
 10
309.4580583333335
 20
305.6286555555554
 30
0.0
 11
309.4580583333335
 21
307.6289055555555
 31
0.0
  0
LINE
  5
683
330
17
100
AcDbEntity
  8
CUT
100
AcDbLine
 10
293.8165972222223
 20
315.7367972222221
 30
0.0
 11
294.61951944444456
 21
315.244672222222
 31
0.0
  0
LINE
  5
684
330
17
100
AcDbEntity
  8
CUT
100
AcDbLine
 10
307.14560000000006
 20
293.0503638888887
 30
0.0
 11
309.709588888889
 21
295.7604027777776
 31
0.0
  0
LINE
  5
685
330
17
100
AcDbEntity
  8
CUT
100
AcDbLine
 10
291.63643055555565
 20
318.7375249999998
 30
0.0
 11
291.9969694444446
 21
317.8672222222221
 31
0.0
  0
LINE
  5
686
330
17
100
AcDbEntity
  8
CUT
100
AcDbLine
 10
312.4587861111112
 20
312.590372222222
 30
0.0
 11
309.4580583333335
 21
312.590372222222
 31
0.0
  0
LINE
  5
687
330
17
100
AcDbEntity
  8
CUT
100
AcDbLine
 10
312.4587861111112
 20
298.6669388888888
 30
0.0
 11
309.4580583333335
 21
298.6669388888888
 31
0.0
  0
LINE
  5
688
330
17
100
AcDbEntity
  8
ENGRAVE
100
AcDbLine
 10
293.62412214753215
 20
324.99158773771387
 30
0.0
 11
292.35336409089155
 21
325.6269667660342
 31
0.0
  0
LINE
  5
689
330
17
100
AcDbEntity
  8
ENGRAVE
100
AcDbLine
 10
292.35336409089155
 20
325.6269667660342
 30
0.0
 11
292.35336409089155
 21
328.16848287931543
 31
0.0
  0
LINE
  5
68A
330
17
100
AcDbEntity
  8
ENGRAVE
100
AcDbLine
 10
292.35336409089155
 20
328.16848287931543
 30
0.0
 11
293.62412214753215
 21
328.80386190763573
 31
0.0
  0
LINE
  5
68B
330
17
100
AcDbEntity
  8
ENGRAVE
100
AcDbLine
 10
293.62412214753215
 20
328.80386190763573
 30
0.0
 11
294.5136527871806
 21
328.80386190763573
 31
0.0
  0
LINE
  5
68C
330
17
100
AcDbEntity
  8
ENGRAVE
100
AcDbLine
 10
294.5136527871806
 20
328.80386190763573
 30
0.0
 11
298.70715437409467
 21
324.99158773771387
 31
0.0
  0
LINE
  5
68D
330
17
100
AcDbEntity
  8
ENGRAVE
100
AcDbLine
 10
298.70715437409467
 20
324.99158773771387
 30
0.0
 11
298.70715437409467
 21
328.80386190763573
 31
0.0
  0
LINE
  5
68E
330
17
100
AcDbEntity
  8
ENGRAVE
100
AcDbLine
 10
298.70715437409467
 20
332.9338255917178
 30
0.0
 11
292.35336409089155
 21
332.9338255917178
 31
0.0
  0
LINE
  5
68F
330
17
100
AcDbEntity
  8
ENGRAVE
100
AcDbLine
 10
292.35336409089155
 20
332.9338255917178
 30
0.0
 11
296.4833277749736
 21
330.07461996427634
 31
0.0
  0
LINE
  5
690
330
17
100
AcDbEntity
  8
ENGRAVE
100
AcDbLine
 10
296.4833277749736
 20
330.07461996427634
 30
0.0
 11
296.4833277749736
 21
333.8868941341982
 31
0.0
  0
LINE
  5
691
330
17
100
AcDbEntity
  8
CUT
100
AcDbLine
 10
118.26315277777772
 20
122.87678055555557
 30
0.0
 11
118.9792916666666
 21
122.2650638888889
 31
0.0
  0
LINE
  5
692
330
17
100
AcDbEntity
  8
CUT
100
AcDbLine
 10
121.56797500000002
 20
121.19297222222224
 30
0.0
 11
122.5067166666667
 21
121.11888888888882
 31
0.0
  0
LINE
  5
693
330
17
100
AcDbEntity
  8
CUT
100
AcDbLine
 10
128.61965
 20
99.57863055555549
 30
0.0
 11
132.3082944444444
 21
99.57863055555549
 31
0.0
  0
LINE
  5
694
330
17
100
AcDbEntity
  8
CUT
100
AcDbLine
 10
134.6207527777778
 20
128.0806055555555
 30
0.0
 11
124.87032777777782
 21
128.0806055555555
 31
0.0
  0
LINE
  5
695
330
17
100
AcDbEntity
  8
CUT
100
AcDbLine
 10
134.6207527777778
 20
114.15717222222236
 30
0.0
 11
137.6214805555555
 21
114.15717222222236
 31
0.0
  0
LINE
  5
696
330
17
100
AcDbEntity
  8
CUT
100
AcDbLine
 10
134.8722833333333
 20
102.28866944444451
 30
0.0
 11
137.0517444444444
 21
100.22668333333343
 31
0.0
  0
LINE
  5
697
330
17
100
AcDbEntity
  8
CUT
100
AcDbLine
 10
132.3082944444444
 20
99.57863055555549
 30
0.0
 11
134.8722833333333
 21
102.28866944444451
 31
0.0
  0
LINE
  5
698
330
17
100
AcDbEntity
  8
CUT
100
AcDbLine
 10
116.799125
 20
125.2657916666667
 30
0.0
 11
117.1596638888889
 21
124.39548888888885
 31
0.0
  0
LINE
  5
699
330
17
100
AcDbEntity
  8
CUT
100
AcDbLine
 10
118.9792916666666
 20
122.2650638888889
 30
0.0
 11
119.78221388888892
 21
121.77293888888892
 31
0.0
  0
LINE
  5
69A
330
17
100
AcDbEntity
  8
CUT
100
AcDbLine
 10
119.78221388888892
 20
121.77293888888892
 30
0.0
 11
120.65216388888891
 21
121.41240000000016
 31
0.0
  0
LINE
  5
69B
330
17
100
AcDbEntity
  8
CUT
100
AcDbLine
 10
134.6207527777778
 20
107.19545555555567
 30
0.0
 11
137.6214805555555
 21
107.19545555555567
 31
0.0
  0
LINE
  5
69C
330
17
100
AcDbEntity
  8
CUT
100
AcDbLine
 10
137.6214805555555
 20
112.1569222222223
 30
0.0
 11
134.6207527777778
 21
112.1569222222223
 31
0.0
  0
LINE
  5
69D
330
17
100
AcDbEntity
  8
CUT
100
AcDbLine
 10
117.65143611111111
 20
123.5925666666667
 30
0.0
 11
118.26315277777772
 21
122.87678055555557
 31
0.0
  0
LINE
  5
69E
330
17
100
AcDbEntity
  8
CUT
100
AcDbLine
 10
124.87032777777782
 20
141.533786111111
 30
0.0
 11
116.50561388888892
 21
141.533786111111
 31
0.0
  0
LINE
  5
69F
330
17
100
AcDbEntity
  8
CUT
100
AcDbLine
 10
122.5067166666667
 20
121.11888888888882
 30
0.0
 11
128.61965
 21
121.11888888888882
 31
0.0
  0
LINE
  5
6A0
330
17
100
AcDbEntity
  8
CUT
100
AcDbLine
 10
137.0517444444444
 20
100.22668333333343
 30
0.0
 11
139.8012944444444
 21
103.13321944444442
 31
0.0
  0
LINE
  5
6A1
330
17
100
AcDbEntity
  8
CUT
100
AcDbLine
 10
116.57934444444442
 20
126.18124999999998
 30
0.0
 11
116.799125
 21
125.2657916666667
 31
0.0
  0
LINE
  5
6A2
330
17
100
AcDbEntity
  8
CUT
100
AcDbLine
 10
137.6214805555555
 20
119.11863888888877
 30
0.0
 11
134.6207527777778
 21
119.11863888888877
 31
0.0
  0
LINE
  5
6A3
330
17
100
AcDbEntity
  8
CUT
100
AcDbLine
 10
120.65216388888891
 20
121.41240000000016
 30
0.0
 11
121.56797500000002
 21
121.19297222222224
 31
0.0
  0
LINE
  5
6A4
330
17
100
AcDbEntity
  8
CUT
100
AcDbLine
 10
137.6214805555555
 20
105.19520555555562
 30
0.0
 11
134.6207527777778
 21
105.19520555555562
 31
0.0
  0
LINE
  5
6A5
330
17
100
AcDbEntity
  8
CUT
100
AcDbLine
 10
137.6214805555555
 20
126.08000277777774
 30
0.0
 11
134.6207527777778
 21
126.08000277777774
 31
0.0
  0
LINE
  5
6A6
330
17
100
AcDbEntity
  8
CUT
100
AcDbLine
 10
139.8012944444444
 20
103.13321944444442
 30
0.0
 11
137.6214805555555
 21
105.19520555555562
 31
0.0
  0
LINE
  5
6A7
330
17
100
AcDbEntity
  8
CUT
100
AcDbLine
 10
134.6207527777778
 20
121.11888888888882
 30
0.0
 11
137.6214805555555
 21
121.11888888888882
 31
0.0
  0
LINE
  5
6A8
330
17
100
AcDbEntity
  8
CUT
100
AcDbLine
 10
117.1596638888889
 20
124.39548888888885
 30
0.0
 11
117.65143611111111
 21
123.5925666666667
 31
0.0
  0
LINE
  5
6A9
330
17
100
AcDbEntity
  8
CUT
100
AcDbLine
 10
116.50561388888892
 20
127.11999166666658
 30
0.0
 11
116.57934444444442
 21
126.18124999999998
 31
0.0
  0
LINE
  5
6AA
330
17
100
AcDbEntity
  8
CUT
100
AcDbLine
 10
116.50561388888892
 20
141.533786111111
 30
0.0
 11
116.50561388888892
 21
127.11999166666658
 31
0.0
  0
LINE
  5
6AB
330
17
100
AcDbEntity
  8
CUT
100
AcDbLine
 10
137.6214805555555
 20
121.11888888888882
 30
0.0
 11
137.6214805555555
 21
126.08000277777774
 31
0.0
  0
LINE
  5
6AC
330
17
100
AcDbEntity
  8
CUT
100
AcDbLine
 10
137.6214805555555
 20
114.15717222222236
 30
0.0
 11
137.6214805555555
 21
119.11863888888877
 31
0.0
  0
LINE
  5
6AD
330
17
100
AcDbEntity
  8
CUT
100
AcDbLine
 10
137.6214805555555
 20
107.19545555555567
 30
0.0
 11
137.6214805555555
 21
112.1569222222223
 31
0.0
  0
LINE
  5
6AE
330
17
100
AcDbEntity
  8
CUT
100
AcDbLine
 10
124.87032777777782
 20
128.0806055555555
 30
0.0
 11
124.87032777777782
 21
141.533786111111
 31
0.0
  0
LINE
  5
6AF
330
17
100
AcDbEntity
  8
CUT
100
AcDbLine
 10
134.6207527777778
 20
126.08000277777774
 30
0.0
 11
134.6207527777778
 21
128.0806055555555
 31
0.0
  0
LINE
  5
6B0
330
17
100
AcDbEntity
  8
CUT
100
AcDbLine
 10
134.6207527777778
 20
119.11863888888877
 30
0.0
 11
134.6207527777778
 21
121.11888888888882
 31
0.0
  0
LINE
  5
6B1
330
17
100
AcDbEntity
  8
CUT
100
AcDbLine
 10
134.6207527777778
 20
105.19520555555562
 30
0.0
 11
134.6207527777778
 21
107.19545555555567
 31
0.0
  0
LINE
  5
6B2
330
17
100
AcDbEntity
  8
CUT
100
AcDbLine
 10
134.6207527777778
 20
112.1569222222223
 30
0.0
 11
134.6207527777778
 21
114.15717222222236
 31
0.0
  0
LINE
  5
6B3
330
17
100
AcDbEntity
  8
CUT
100
AcDbLine
 10
128.61965
 20
121.11888888888882
 30
0.0
 11
128.61965
 21
99.57863055555549
 31
0.0
  0
LINE
  5
6B4
330
17
100
AcDbEntity
  8
ENGRAVE
100
AcDbLine
 10
118.7868165919765
 20
131.51985440438418
 30
0.0
 11
117.51605853533587
 21
132.1552334327045
 31
0.0
  0
LINE
  5
6B5
330
17
100
AcDbEntity
  8
ENGRAVE
100
AcDbLine
 10
117.51605853533587
 20
132.1552334327045
 30
0.0
 11
117.51605853533587
 21
134.69674954598574
 31
0.0
  0
LINE
  5
6B6
330
17
100
AcDbEntity
  8
ENGRAVE
100
AcDbLine
 10
117.51605853533587
 20
134.69674954598574
 30
0.0
 11
118.7868165919765
 21
135.33212857430607
 31
0.0
  0
LINE
  5
6B7
330
17
100
AcDbEntity
  8
ENGRAVE
100
AcDbLine
 10
118.7868165919765
 20
135.33212857430607
 30
0.0
 11
119.67634723162493
 21
135.33212857430607
 31
0.0
  0
LINE
  5
6B8
330
17
100
AcDbEntity
  8
ENGRAVE
100
AcDbLine
 10
119.67634723162493
 20
135.33212857430607
 30
0.0
 11
123.869848818539
 21
131.51985440438418
 31
0.0
  0
LINE
  5
6B9
330
17
100
AcDbEntity
  8
ENGRAVE
100
AcDbLine
 10
123.869848818539
 20
131.51985440438418
 30
0.0
 11
123.869848818539
 21
135.33212857430607
 31
0.0
  0
LINE
  5
6BA
330
17
100
AcDbEntity
  8
ENGRAVE
100
AcDbLine
 10
118.15143756365619
 20
136.60288663094667
 30
0.0
 11
117.51605853533587
 21
137.238265659267
 31
0.0
  0
LINE
  5
6BB
330
17
100
AcDbEntity
  8
ENGRAVE
100
AcDbLine
 10
117.51605853533587
 20
137.238265659267
 30
0.0
 11
117.51605853533587
 21
139.77978177254823
 31
0.0
  0
LINE
  5
6BC
330
17
100
AcDbEntity
  8
ENGRAVE
100
AcDbLine
 10
117.51605853533587
 20
139.77978177254823
 30
0.0
 11
118.15143756365619
 21
140.41516080086856
 31
0.0
  0
LINE
  5
6BD
330
17
100
AcDbEntity
  8
ENGRAVE
100
AcDbLine
 10
118.15143756365619
 20
140.41516080086856
 30
0.0
 11
119.67634723162493
 21
140.41516080086856
 31
0.0
  0
LINE
  5
6BE
330
17
100
AcDbEntity
  8
ENGRAVE
100
AcDbLine
 10
119.67634723162493
 20
140.41516080086856
 30
0.0
 11
120.31172625994525
 21
139.77978177254823
 31
0.0
  0
LINE
  5
6BF
330
17
100
AcDbEntity
  8
ENGRAVE
100
AcDbLine
 10
120.31172625994525
 20
139.77978177254823
 30
0.0
 11
120.31172625994525
 21
137.8736446875873
 31
0.0
  0
LINE
  5
6C0
330
17
100
AcDbEntity
  8
ENGRAVE
100
AcDbLine
 10
120.31172625994525
 20
139.77978177254823
 30
0.0
 11
120.94710528826556
 21
140.41516080086856
 31
0.0
  0
LINE
  5
6C1
330
17
100
AcDbEntity
  8
ENGRAVE
100
AcDbLine
 10
120.94710528826556
 20
140.41516080086856
 30
0.0
 11
123.23446979021868
 21
140.41516080086856
 31
0.0
  0
LINE
  5
6C2
330
17
100
AcDbEntity
  8
ENGRAVE
100
AcDbLine
 10
123.23446979021868
 20
140.41516080086856
 30
0.0
 11
123.869848818539
 21
139.77978177254823
 31
0.0
  0
LINE
  5
6C3
330
17
100
AcDbEntity
  8
ENGRAVE
100
AcDbLine
 10
123.869848818539
 20
139.77978177254823
 30
0.0
 11
123.869848818539
 21
137.238265659267
 31
0.0
  0
LINE
  5
6C4
330
17
100
AcDbEntity
  8
ENGRAVE
100
AcDbLine
 10
123.869848818539
 20
137.238265659267
 30
0.0
 11
123.23446979021868
 21
136.60288663094667
 31
0.0
  0
LINE
  5
6C5
330
17
100
AcDbEntity
  8
CUT
100
AcDbLine
 10
118.26315277777772
 20
167.83193611111113
 30
0.0
 11
118.9792916666666
 21
167.2202194444444
 31
0.0
  0
LINE
  5
6C6
330
17
100
AcDbEntity
  8
CUT
100
AcDbLine
 10
128.61965
 20
166.07404444444444
 30
0.0
 11
128.61965
 21
144.533786111111
 31
0.0
  0
LINE
  5
6C7
330
17
100
AcDbEntity
  8
CUT
100
AcDbLine
 10
139.8012944444444
 20
148.08837499999998
 30
0.0
 11
137.6214805555555
 21
150.15036111111112
 31
0.0
  0
LINE
  5
6C8
330
17
100
AcDbEntity
  8
CUT
100
AcDbLine
 10
134.6207527777778
 20
171.0351583333333
 30
0.0
 11
134.6207527777778
 21
173.0357611111109
 31
0.0
  0
LINE
  5
6C9
330
17
100
AcDbEntity
  8
CUT
100
AcDbLine
 10
116.50561388888892
 20
186.4889416666665
 30
0.0
 11
116.50561388888892
 21
172.07514722222209
 31
0.0
  0
LINE
  5
6CA
330
17
100
AcDbEntity
  8
CUT
100
AcDbLine
 10
128.61965
 20
144.533786111111
 30
0.0
 11
132.3082944444444
 21
144.533786111111
 31
0.0
  0
LINE
  5
6CB
330
17
100
AcDbEntity
  8
CUT
100
AcDbLine
 10
117.65143611111111
 20
168.5477222222221
 30
0.0
 11
118.26315277777772
 21
167.83193611111113
 31
0.0
  0
LINE
  5
6CC
330
17
100
AcDbEntity
  8
CUT
100
AcDbLine
 10
124.87032777777782
 20
173.0357611111109
 30
0.0
 11
124.87032777777782
 21
186.4889416666665
 31
0.0
  0
LINE
  5
6CD
330
17
100
AcDbEntity
  8
CUT
100
AcDbLine
 10
137.6214805555555
 20
152.15061111111112
 30
0.0
 11
137.6214805555555
 21
157.1120777777777
 31
0.0
  0
LINE
  5
6CE
330
17
100
AcDbEntity
  8
CUT
100
AcDbLine
 10
137.6214805555555
 20
159.1123277777778
 30
0.0
 11
137.6214805555555
 21
164.07379444444433
 31
0.0
  0
LINE
  5
6CF
330
17
100
AcDbEntity
  8
CUT
100
AcDbLine
 10
137.0517444444444
 20
145.18183888888893
 30
0.0
 11
139.8012944444444
 21
148.08837499999998
 31
0.0
  0
LINE
  5
6D0
330
17
100
AcDbEntity
  8
CUT
100
AcDbLine
 10
117.1596638888889
 20
169.3506444444444
 30
0.0
 11
117.65143611111111
 21
168.5477222222221
 31
0.0
  0
LINE
  5
6D1
330
17
100
AcDbEntity
  8
CUT
100
AcDbLine
 10
134.8722833333333
 20
147.2438249999999
 30
0.0
 11
137.0517444444444
 21
145.18183888888893
 31
0.0
  0
LINE
  5
6D2
330
17
100
AcDbEntity
  8
CUT
100
AcDbLine
 10
134.6207527777778
 20
173.0357611111109
 30
0.0
 11
124.87032777777782
 21
173.0357611111109
 31
0.0
  0
LINE
  5
6D3
330
17
100
AcDbEntity
  8
CUT
100
AcDbLine
 10
134.6207527777778
 20
166.07404444444444
 30
0.0
 11
137.6214805555555
 21
166.07404444444444
 31
0.0
  0
LINE
  5
6D4
330
17
100
AcDbEntity
  8
CUT
100
AcDbLine
 10
137.6214805555555
 20
157.1120777777777
 30
0.0
 11
134.6207527777778
 21
157.1120777777777
 31
0.0
  0
LINE
  5
6D5
330
17
100
AcDbEntity
  8
CUT
100
AcDbLine
 10
121.56797500000002
 20
166.1481277777778
 30
0.0
 11
122.5067166666667
 21
166.07404444444444
 31
0.0
  0
LINE
  5
6D6
330
17
100
AcDbEntity
  8
CUT
100
AcDbLine
 10
134.6207527777778
 20
164.07379444444433
 30
0.0
 11
134.6207527777778
 21
166.07404444444444
 31
0.0
  0
LINE
  5
6D7
330
17
100
AcDbEntity
  8
CUT
100
AcDbLine
 10
134.6207527777778
 20
150.15036111111112
 30
0.0
 11
134.6207527777778
 21
152.15061111111112
 31
0.0
  0
LINE
  5
6D8
330
17
100
AcDbEntity
  8
CUT
100
AcDbLine
 10
116.50561388888892
 20
172.07514722222209
 30
0.0
 11
116.57934444444442
 21
171.13640555555548
 31
0.0
  0
LINE
  5
6D9
330
17
100
AcDbEntity
  8
CUT
100
AcDbLine
 10
122.5067166666667
 20
166.07404444444444
 30
0.0
 11
128.61965
 21
166.07404444444444
 31
0.0
  0
LINE
  5
6DA
330
17
100
AcDbEntity
  8
CUT
100
AcDbLine
 10
120.65216388888891
 20
166.3675555555555
 30
0.0
 11
121.56797500000002
 21
166.1481277777778
 31
0.0
  0
LINE
  5
6DB
330
17
100
AcDbEntity
  8
CUT
100
AcDbLine
 10
137.6214805555555
 20
166.07404444444444
 30
0.0
 11
137.6214805555555
 21
171.0351583333333
 31
0.0
  0
LINE
  5
6DC
330
17
100
AcDbEntity
  8
CUT
100
AcDbLine
 10
119.78221388888892
 20
166.7280944444443
 30
0.0
 11
120.65216388888891
 21
166.3675555555555
 31
0.0
  0
LINE
  5
6DD
330
17
100
AcDbEntity
  8
CUT
100
AcDbLine
 10
116.57934444444442
 20
171.13640555555548
 30
0.0
 11
116.799125
 21
170.2209472222221
 31
0.0
  0
LINE
  5
6DE
330
17
100
AcDbEntity
  8
CUT
100
AcDbLine
 10
137.6214805555555
 20
171.0351583333333
 30
0.0
 11
134.6207527777778
 21
171.0351583333333
 31
0.0
  0
LINE
  5
6DF
330
17
100
AcDbEntity
  8
CUT
100
AcDbLine
 10
124.87032777777782
 20
186.4889416666665
 30
0.0
 11
116.50561388888892
 21
186.4889416666665
 31
0.0
  0
LINE
  5
6E0
330
17
100
AcDbEntity
  8
CUT
100
AcDbLine
 10
134.6207527777778
 20
152.15061111111112
 30
0.0
 11
137.6214805555555
 21
152.15061111111112
 31
0.0
  0
LINE
  5
6E1
330
17
100
AcDbEntity
  8
CUT
100
AcDbLine
 10
134.6207527777778
 20
159.1123277777778
 30
0.0
 11
137.6214805555555
 21
159.1123277777778
 31
0.0
  0
LINE
  5
6E2
330
17
100
AcDbEntity
  8
CUT
100
AcDbLine
 10
134.6207527777778
 20
157.1120777777777
 30
0.0
 11
134.6207527777778
 21
159.1123277777778
 31
0.0
  0
LINE
  5
6E3
330
17
100
AcDbEntity
  8
CUT
100
AcDbLine
 10
118.9792916666666
 20
167.2202194444444
 30
0.0
 11
119.78221388888892
 21
166.7280944444443
 31
0.0
  0
LINE
  5
6E4
330
17
100
AcDbEntity
  8
CUT
100
AcDbLine
 10
132.3082944444444
 20
144.533786111111
 30
0.0
 11
134.8722833333333
 21
147.2438249999999
 31
0.0
  0
LINE
  5
6E5
330
17
100
AcDbEntity
  8
CUT
100
AcDbLine
 10
116.799125
 20
170.2209472222221
 30
0.0
 11
117.1596638888889
 21
169.3506444444444
 31
0.0
  0
LINE
  5
6E6
330
17
100
AcDbEntity
  8
CUT
100
AcDbLine
 10
137.6214805555555
 20
164.07379444444433
 30
0.0
 11
134.6207527777778
 21
164.07379444444433
 31
0.0
  0
LINE
  5
6E7
330
17
100
AcDbEntity
  8
CUT
100
AcDbLine
 10
137.6214805555555
 20
150.15036111111112
 30
0.0
 11
134.6207527777778
 21
150.15036111111112
 31
0.0
  0
LINE
  5
6E8
330
17
100
AcDbEntity
  8
ENGRAVE
100
AcDbLine
 10
118.78681659197647
 20
176.47500995993616
 30
0.0
 11
117.51605853533584
 21
177.1103889882565
 31
0.0
  0
LINE
  5
6E9
330
17
100
AcDbEntity
  8
ENGRAVE
100
AcDbLine
 10
117.51605853533584
 20
177.1103889882565
 30
0.0
 11
117.51605853533584
 21
179.65190510153772
 31
0.0
  0
LINE
  5
6EA
330
17
100
AcDbEntity
  8
ENGRAVE
100
AcDbLine
 10
117.51605853533584
 20
179.65190510153772
 30
0.0
 11
118.78681659197647
 21
180.28728412985805
 31
0.0
  0
LINE
  5
6EB
330
17
100
AcDbEntity
  8
ENGRAVE
100
AcDbLine
 10
118.78681659197647
 20
180.28728412985805
 30
0.0
 11
119.6763472316249
 21
180.28728412985805
 31
0.0
  0
LINE
  5
6EC
330
17
100
AcDbEntity
  8
ENGRAVE
100
AcDbLine
 10
119.6763472316249
 20
180.28728412985805
 30
0.0
 11
123.86984881853897
 21
176.47500995993616
 31
0.0
  0
LINE
  5
6ED
330
17
100
AcDbEntity
  8
ENGRAVE
100
AcDbLine
 10
123.86984881853897
 20
176.47500995993616
 30
0.0
 11
123.86984881853897
 21
180.28728412985805
 31
0.0
  0
LINE
  5
6EE
330
17
100
AcDbEntity
  8
ENGRAVE
100
AcDbLine
 10
123.86984881853897
 20
184.41724781394007
 30
0.0
 11
117.51605853533584
 21
184.41724781394007
 31
0.0
  0
LINE
  5
6EF
330
17
100
AcDbEntity
  8
ENGRAVE
100
AcDbLine
 10
117.51605853533584
 20
184.41724781394007
 30
0.0
 11
121.64602221941787
 21
181.55804218649865
 31
0.0
  0
LINE
  5
6F0
330
17
100
AcDbEntity
  8
ENGRAVE
100
AcDbLine
 10
121.64602221941787
 20
181.55804218649865
 30
0.0
 11
121.64602221941787
 21
185.37031635642055
 31
0.0
  0
LINE
  5
6F1
330
17
100
AcDbEntity
  8
CUT
100
AcDbLine
 10
150.41811944444441
 20
104.7591722222221
 30
0.0
 11
150.41811944444441
 21
101.7584444444444
 31
0.0
  0
LINE
  5
6F2
330
17
100
AcDbEntity
  8
CUT
100
AcDbLine
 10
168.4884555555555
 20
122.5807999999999
 30
0.0
 11
167.6181527777777
 21
122.220261111111
 31
0.0
  0
LINE
  5
6F3
330
17
100
AcDbEntity
  8
CUT
100
AcDbLine
 10
146.3558833333332
 20
99.57863055555549
 30
0.0
 11
148.41786944444442
 21
101.7584444444444
 31
0.0
  0
LINE
  5
6F4
330
17
100
AcDbEntity
  8
CUT
100
AcDbLine
 10
169.3026666666666
 20
104.7591722222221
 30
0.0
 11
171.3032694444442
 21
104.7591722222221
 31
0.0
  0
LINE
  5
6F5
330
17
100
AcDbEntity
  8
CUT
100
AcDbLine
 10
142.8012944444444
 20
107.07163055555549
 30
0.0
 11
145.5113333333332
 21
104.50764166666659
 31
0.0
  0
LINE
  5
6F6
330
17
100
AcDbEntity
  8
CUT
100
AcDbLine
 10
169.3026666666666
 20
101.7584444444444
 30
0.0
 11
169.3026666666666
 21
104.7591722222221
 31
0.0
  0
LINE
  5
6F7
330
17
100
AcDbEntity
  8
CUT
100
AcDbLine
 10
184.7564499999998
 20
114.50959722222208
 30
0.0
 11
184.7564499999998
 21
122.87431111111098
 31
0.0
  0
LINE
  5
6F8
330
17
100
AcDbEntity
  8
CUT
100
AcDbLine
 10
155.3795861111111
 20
101.7584444444444
 30
0.0
 11
155.3795861111111
 21
104.7591722222221
 31
0.0
  0
LINE
  5
6F9
330
17
100
AcDbEntity
  8
CUT
100
AcDbLine
 10
145.5113333333332
 20
104.50764166666659
 30
0.0
 11
143.4493472222222
 21
102.32818055555549
 31
0.0
  0
LINE
  5
6FA
330
17
100
AcDbEntity
  8
CUT
100
AcDbLine
 10
169.4039138888888
 20
122.80058055555548
 30
0.0
 11
168.4884555555555
 21
122.5807999999999
 31
0.0
  0
LINE
  5
6FB
330
17
100
AcDbEntity
  8
CUT
100
AcDbLine
 10
184.7564499999998
 20
122.87431111111098
 30
0.0
 11
170.3426555555554
 21
122.87431111111098
 31
0.0
  0
LINE
  5
6FC
330
17
100
AcDbEntity
  8
CUT
100
AcDbLine
 10
148.41786944444442
 20
101.7584444444444
 30
0.0
 11
148.41786944444442
 21
104.7591722222221
 31
0.0
  0
LINE
  5
6FD
330
17
100
AcDbEntity
  8
CUT
100
AcDbLine
 10
164.3415527777777
 20
104.7591722222221
 30
0.0
 11
164.3415527777777
 21
101.7584444444444
 31
0.0
  0
LINE
  5
6FE
330
17
100
AcDbEntity
  8
CUT
100
AcDbLine
 10
166.81523055555542
 20
121.72848888888879
 30
0.0
 11
166.0994444444444
 21
121.11677222222218
 31
0.0
  0
LINE
  5
6FF
330
17
100
AcDbEntity
  8
CUT
100
AcDbLine
 10
165.4877277777777
 20
120.4006333333333
 30
0.0
 11
164.9956027777776
 21
119.59771111111098
 31
0.0
  0
LINE
  5
700
330
17
100
AcDbEntity
  8
CUT
100
AcDbLine
 10
150.41811944444441
 20
101.7584444444444
 30
0.0
 11
155.3795861111111
 21
101.7584444444444
 31
0.0
  0
LINE
  5
701
330
17
100
AcDbEntity
  8
CUT
100
AcDbLine
 10
170.3426555555554
 20
122.87431111111098
 30
0.0
 11
169.4039138888888
 21
122.80058055555548
 31
0.0
  0
LINE
  5
702
330
17
100
AcDbEntity
  8
CUT
100
AcDbLine
 10
148.41786944444442
 20
104.7591722222221
 30
0.0
 11
150.41811944444441
 21
104.7591722222221
 31
0.0
  0
LINE
  5
703
330
17
100
AcDbEntity
  8
CUT
100
AcDbLine
 10
164.3415527777777
 20
110.7602749999999
 30
0.0
 11
142.8012944444444
 21
110.7602749999999
 31
0.0
  0
LINE
  5
704
330
17
100
AcDbEntity
  8
CUT
100
AcDbLine
 10
167.6181527777777
 20
122.220261111111
 30
0.0
 11
166.81523055555542
 21
121.72848888888879
 31
0.0
  0
LINE
  5
705
330
17
100
AcDbEntity
  8
CUT
100
AcDbLine
 10
162.3413027777776
 20
104.7591722222221
 30
0.0
 11
164.3415527777777
 21
104.7591722222221
 31
0.0
  0
LINE
  5
706
330
17
100
AcDbEntity
  8
CUT
100
AcDbLine
 10
164.6350638888889
 20
118.727761111111
 30
0.0
 11
164.4156361111111
 21
117.81194999999988
 31
0.0
  0
LINE
  5
707
330
17
100
AcDbEntity
  8
CUT
100
AcDbLine
 10
162.3413027777776
 20
101.7584444444444
 30
0.0
 11
162.3413027777776
 21
104.7591722222221
 31
0.0
  0
LINE
  5
708
330
17
100
AcDbEntity
  8
CUT
100
AcDbLine
 10
157.3798361111111
 20
104.7591722222221
 30
0.0
 11
157.3798361111111
 21
101.7584444444444
 31
0.0
  0
LINE
  5
709
330
17
100
AcDbEntity
  8
CUT
100
AcDbLine
 10
142.8012944444444
 20
110.7602749999999
 30
0.0
 11
142.8012944444444
 21
107.07163055555549
 31
0.0
  0
LINE
  5
70A
330
17
100
AcDbEntity
  8
CUT
100
AcDbLine
 10
157.3798361111111
 20
101.7584444444444
 30
0.0
 11
162.3413027777776
 21
101.7584444444444
 31
0.0
  0
LINE
  5
70B
330
17
100
AcDbEntity
  8
CUT
100
AcDbLine
 10
155.3795861111111
 20
104.7591722222221
 30
0.0
 11
157.3798361111111
 21
104.7591722222221
 31
0.0
  0
LINE
  5
70C
330
17
100
AcDbEntity
  8
CUT
100
AcDbLine
 10
164.4156361111111
 20
117.81194999999988
 30
0.0
 11
164.3415527777777
 21
116.8732083333332
 31
0.0
  0
LINE
  5
70D
330
17
100
AcDbEntity
  8
CUT
100
AcDbLine
 10
164.3415527777777
 20
101.7584444444444
 30
0.0
 11
169.3026666666666
 21
101.7584444444444
 31
0.0
  0
LINE
  5
70E
330
17
100
AcDbEntity
  8
CUT
100
AcDbLine
 10
166.0994444444444
 20
121.11677222222218
 30
0.0
 11
165.4877277777777
 21
120.4006333333333
 31
0.0
  0
LINE
  5
70F
330
17
100
AcDbEntity
  8
CUT
100
AcDbLine
 10
164.9956027777776
 20
119.59771111111098
 30
0.0
 11
164.6350638888889
 21
118.727761111111
 31
0.0
  0
LINE
  5
710
330
17
100
AcDbEntity
  8
CUT
100
AcDbLine
 10
171.3032694444442
 20
114.50959722222208
 30
0.0
 11
184.7564499999998
 21
114.50959722222208
 31
0.0
  0
LINE
  5
711
330
17
100
AcDbEntity
  8
CUT
100
AcDbLine
 10
171.3032694444442
 20
104.7591722222221
 30
0.0
 11
171.3032694444442
 21
114.50959722222208
 31
0.0
  0
LINE
  5
712
330
17
100
AcDbEntity
  8
CUT
100
AcDbLine
 10
164.3415527777777
 20
116.8732083333332
 30
0.0
 11
164.3415527777777
 21
110.7602749999999
 31
0.0
  0
LINE
  5
713
330
17
100
AcDbEntity
  8
CUT
100
AcDbLine
 10
143.4493472222222
 20
102.32818055555549
 30
0.0
 11
146.3558833333332
 21
99.57863055555549
 31
0.0
  0
LINE
  5
714
330
17
100
AcDbEntity
  8
ENGRAVE
100
AcDbLine
 10
174.74251829326946
 20
120.59310840802343
 30
0.0
 11
175.37789732158978
 21
121.86386646466406
 31
0.0
  0
LINE
  5
715
330
17
100
AcDbEntity
  8
ENGRAVE
100
AcDbLine
 10
175.37789732158978
 20
121.86386646466406
 30
0.0
 11
177.91941343487102
 21
121.86386646466406
 31
0.0
  0
LINE
  5
716
330
17
100
AcDbEntity
  8
ENGRAVE
100
AcDbLine
 10
177.91941343487102
 20
121.86386646466406
 30
0.0
 11
178.55479246319135
 21
120.59310840802343
 31
0.0
  0
LINE
  5
717
330
17
100
AcDbEntity
  8
ENGRAVE
100
AcDbLine
 10
178.55479246319135
 20
120.59310840802343
 30
0.0
 11
178.55479246319135
 21
119.703577768375
 31
0.0
  0
LINE
  5
718
330
17
100
AcDbEntity
  8
ENGRAVE
100
AcDbLine
 10
178.55479246319135
 20
119.703577768375
 30
0.0
 11
174.74251829326946
 21
115.51007618146093
 31
0.0
  0
LINE
  5
719
330
17
100
AcDbEntity
  8
ENGRAVE
100
AcDbLine
 10
174.74251829326946
 20
115.51007618146093
 30
0.0
 11
178.55479246319135
 21
115.51007618146093
 31
0.0
  0
LINE
  5
71A
330
17
100
AcDbEntity
  8
ENGRAVE
100
AcDbLine
 10
183.63782468975384
 20
121.86386646466406
 30
0.0
 11
180.46092954815228
 21
121.86386646466406
 31
0.0
  0
LINE
  5
71B
330
17
100
AcDbEntity
  8
ENGRAVE
100
AcDbLine
 10
180.46092954815228
 20
121.86386646466406
 30
0.0
 11
180.46092954815228
 21
119.32235035138281
 31
0.0
  0
LINE
  5
71C
330
17
100
AcDbEntity
  8
ENGRAVE
100
AcDbLine
 10
180.46092954815228
 20
119.32235035138281
 30
0.0
 11
183.0024456614335
 21
119.32235035138281
 31
0.0
  0
LINE
  5
71D
330
17
100
AcDbEntity
  8
ENGRAVE
100
AcDbLine
 10
183.0024456614335
 20
119.32235035138281
 30
0.0
 11
183.63782468975384
 21
118.6869713230625
 31
0.0
  0
LINE
  5
71E
330
17
100
AcDbEntity
  8
ENGRAVE
100
AcDbLine
 10
183.63782468975384
 20
118.6869713230625
 30
0.0
 11
183.63782468975384
 21
116.14545520978125
 31
0.0
  0
LINE
  5
71F
330
17
100
AcDbEntity
  8
ENGRAVE
100
AcDbLine
 10
183.63782468975384
 20
116.14545520978125
 30
0.0
 11
183.0024456614335
 21
115.51007618146093
 31
0.0
  0
LINE
  5
720
330
17
100
AcDbEntity
  8
ENGRAVE
100
AcDbLine
 10
183.0024456614335
 20
115.51007618146093
 30
0.0
 11
180.46092954815228
 21
115.51007618146093
 31
0.0
  0
LINE
  5
721
330
17
100
AcDbEntity
  8
ENGRAVE
100
AcDbLine
 10
180.46092954815228
 20
115.51007618146093
 30
0.0
 11
179.82555051983195
 21
116.14545520978125
 31
0.0
  0
LINE
  5
722
330
17
100
AcDbEntity
  8
CUT
100
AcDbLine
 10
160.9164333333333
 20
133.491136111111
 30
0.0
 11
163.917161111111
 21
133.491136111111
 31
0.0
  0
LINE
  5
723
330
17
100
AcDbEntity
  8
CUT
100
AcDbLine
 10
143.0948055555555
 20
151.56147222222208
 30
0.0
 11
143.4553444444444
 21
150.69116944444428
 31
0.0
  0
LINE
  5
724
330
17
100
AcDbEntity
  8
CUT
100
AcDbLine
 10
166.0969749999999
 20
129.42889999999977
 30
0.0
 11
163.917161111111
 21
131.490886111111
 31
0.0
  0
LINE
  5
725
330
17
100
AcDbEntity
  8
CUT
100
AcDbLine
 10
160.9164333333333
 20
152.37568333333317
 30
0.0
 11
160.9164333333333
 21
154.37628611111077
 31
0.0
  0
LINE
  5
726
330
17
100
AcDbEntity
  8
CUT
100
AcDbLine
 10
158.6039749999999
 20
125.87431111111098
 30
0.0
 11
161.1679638888888
 21
128.58434999999977
 31
0.0
  0
LINE
  5
727
330
17
100
AcDbEntity
  8
CUT
100
AcDbLine
 10
163.917161111111
 20
152.37568333333317
 30
0.0
 11
160.9164333333333
 21
152.37568333333317
 31
0.0
  0
LINE
  5
728
330
17
100
AcDbEntity
  8
CUT
100
AcDbLine
 10
151.1660083333333
 20
167.82946666666638
 30
0.0
 11
142.8012944444444
 21
167.82946666666638
 31
0.0
  0
LINE
  5
729
330
17
100
AcDbEntity
  8
CUT
100
AcDbLine
 10
163.917161111111
 20
138.45260277777768
 30
0.0
 11
160.9164333333333
 21
138.45260277777768
 31
0.0
  0
LINE
  5
72A
330
17
100
AcDbEntity
  8
CUT
100
AcDbLine
 10
161.1679638888888
 20
128.58434999999977
 30
0.0
 11
163.3474249999999
 21
126.52236388888878
 31
0.0
  0
LINE
  5
72B
330
17
100
AcDbEntity
  8
CUT
100
AcDbLine
 10
142.8750249999999
 20
152.47693055555538
 30
0.0
 11
143.0948055555555
 21
151.56147222222208
 31
0.0
  0
LINE
  5
72C
330
17
100
AcDbEntity
  8
CUT
100
AcDbLine
 10
142.8012944444444
 20
167.82946666666638
 30
0.0
 11
142.8012944444444
 21
153.41567222222199
 31
0.0
  0
LINE
  5
72D
330
17
100
AcDbEntity
  8
CUT
100
AcDbLine
 10
163.917161111111
 20
131.490886111111
 30
0.0
 11
160.9164333333333
 21
131.490886111111
 31
0.0
  0
LINE
  5
72E
330
17
100
AcDbEntity
  8
CUT
100
AcDbLine
 10
160.9164333333333
 20
147.41456944444428
 30
0.0
 11
163.917161111111
 21
147.41456944444428
 31
0.0
  0
LINE
  5
72F
330
17
100
AcDbEntity
  8
CUT
100
AcDbLine
 10
143.9471166666666
 20
149.888247222222
 30
0.0
 11
144.5588333333332
 21
149.17246111111098
 31
0.0
  0
LINE
  5
730
330
17
100
AcDbEntity
  8
CUT
100
AcDbLine
 10
145.2749722222221
 20
148.56074444444428
 30
0.0
 11
146.0778944444444
 21
148.06861944444418
 31
0.0
  0
LINE
  5
731
330
17
100
AcDbEntity
  8
CUT
100
AcDbLine
 10
163.917161111111
 20
133.491136111111
 30
0.0
 11
163.917161111111
 21
138.45260277777768
 31
0.0
  0
LINE
  5
732
330
17
100
AcDbEntity
  8
CUT
100
AcDbLine
 10
142.8012944444444
 20
153.41567222222199
 30
0.0
 11
142.8750249999999
 21
152.47693055555538
 31
0.0
  0
LINE
  5
733
330
17
100
AcDbEntity
  8
CUT
100
AcDbLine
 10
160.9164333333333
 20
131.490886111111
 30
0.0
 11
160.9164333333333
 21
133.491136111111
 31
0.0
  0
LINE
  5
734
330
17
100
AcDbEntity
  8
CUT
100
AcDbLine
 10
154.9153305555555
 20
147.41456944444428
 30
0.0
 11
154.9153305555555
 21
125.87431111111098
 31
0.0
  0
LINE
  5
735
330
17
100
AcDbEntity
  8
CUT
100
AcDbLine
 10
143.4553444444444
 20
150.69116944444428
 30
0.0
 11
143.9471166666666
 21
149.888247222222
 31
0.0
  0
LINE
  5
736
330
17
100
AcDbEntity
  8
CUT
100
AcDbLine
 10
160.9164333333333
 20
145.41431944444417
 30
0.0
 11
160.9164333333333
 21
147.41456944444428
 31
0.0
  0
LINE
  5
737
330
17
100
AcDbEntity
  8
CUT
100
AcDbLine
 10
146.9478444444444
 20
147.70808055555548
 30
0.0
 11
147.8636555555555
 21
147.48865277777767
 31
0.0
  0
LINE
  5
738
330
17
100
AcDbEntity
  8
CUT
100
AcDbLine
 10
163.917161111111
 20
145.41431944444417
 30
0.0
 11
160.9164333333333
 21
145.41431944444417
 31
0.0
  0
LINE
  5
739
330
17
100
AcDbEntity
  8
CUT
100
AcDbLine
 10
160.9164333333333
 20
140.45285277777768
 30
0.0
 11
163.917161111111
 21
140.45285277777768
 31
0.0
  0
LINE
  5
73A
330
17
100
AcDbEntity
  8
CUT
100
AcDbLine
 10
154.9153305555555
 20
125.87431111111098
 30
0.0
 11
158.6039749999999
 21
125.87431111111098
 31
0.0
  0
LINE
  5
73B
330
17
100
AcDbEntity
  8
CUT
100
AcDbLine
 10
163.917161111111
 20
140.45285277777768
 30
0.0
 11
163.917161111111
 21
145.41431944444417
 31
0.0
  0
LINE
  5
73C
330
17
100
AcDbEntity
  8
CUT
100
AcDbLine
 10
160.9164333333333
 20
138.45260277777768
 30
0.0
 11
160.9164333333333
 21
140.45285277777768
 31
0.0
  0
LINE
  5
73D
330
17
100
AcDbEntity
  8
CUT
100
AcDbLine
 10
147.8636555555555
 20
147.48865277777767
 30
0.0
 11
148.8023972222222
 21
147.41456944444428
 31
0.0
  0
LINE
  5
73E
330
17
100
AcDbEntity
  8
CUT
100
AcDbLine
 10
163.917161111111
 20
147.41456944444428
 30
0.0
 11
163.917161111111
 21
152.37568333333317
 31
0.0
  0
LINE
  5
73F
330
17
100
AcDbEntity
  8
CUT
100
AcDbLine
 10
144.5588333333332
 20
149.17246111111098
 30
0.0
 11
145.2749722222221
 21
148.56074444444428
 31
0.0
  0
LINE
  5
740
330
17
100
AcDbEntity
  8
CUT
100
AcDbLine
 10
146.0778944444444
 20
148.06861944444418
 30
0.0
 11
146.9478444444444
 21
147.70808055555548
 31
0.0
  0
LINE
  5
741
330
17
100
AcDbEntity
  8
CUT
100
AcDbLine
 10
151.1660083333333
 20
154.37628611111077
 30
0.0
 11
151.1660083333333
 21
167.82946666666638
 31
0.0
  0
LINE
  5
742
330
17
100
AcDbEntity
  8
CUT
100
AcDbLine
 10
160.9164333333333
 20
154.37628611111077
 30
0.0
 11
151.1660083333333
 21
154.37628611111077
 31
0.0
  0
LINE
  5
743
330
17
100
AcDbEntity
  8
CUT
100
AcDbLine
 10
148.8023972222222
 20
147.41456944444428
 30
0.0
 11
154.9153305555555
 21
147.41456944444428
 31
0.0
  0
LINE
  5
744
330
17
100
AcDbEntity
  8
CUT
100
AcDbLine
 10
163.3474249999999
 20
126.52236388888878
 30
0.0
 11
166.0969749999999
 21
129.42889999999977
 31
0.0
  0
LINE
  5
745
330
17
100
AcDbEntity
  8
ENGRAVE
100
AcDbLine
 10
145.08249714753197
 20
157.81553495993603
 30
0.0
 11
143.81173909089134
 21
158.45091398825636
 31
0.0
  0
LINE
  5
746
330
17
100
AcDbEntity
  8
ENGRAVE
100
AcDbLine
 10
143.81173909089134
 20
158.45091398825636
 30
0.0
 11
143.81173909089134
 21
160.9924301015376
 31
0.0
  0
LINE
  5
747
330
17
100
AcDbEntity
  8
ENGRAVE
100
AcDbLine
 10
143.81173909089134
 20
160.9924301015376
 30
0.0
 11
145.08249714753197
 21
161.62780912985792
 31
0.0
  0
LINE
  5
748
330
17
100
AcDbEntity
  8
ENGRAVE
100
AcDbLine
 10
145.08249714753197
 20
161.62780912985792
 30
0.0
 11
145.9720277871804
 21
161.62780912985792
 31
0.0
  0
LINE
  5
749
330
17
100
AcDbEntity
  8
ENGRAVE
100
AcDbLine
 10
145.9720277871804
 20
161.62780912985792
 30
0.0
 11
150.16552937409446
 21
157.81553495993603
 31
0.0
  0
LINE
  5
74A
330
17
100
AcDbEntity
  8
ENGRAVE
100
AcDbLine
 10
150.16552937409446
 20
157.81553495993603
 30
0.0
 11
150.16552937409446
 21
161.62780912985792
 31
0.0
  0
LINE
  5
74B
330
17
100
AcDbEntity
  8
ENGRAVE
100
AcDbLine
 10
143.81173909089134
 20
166.71084135642042
 30
0.0
 11
143.81173909089134
 21
163.53394621481885
 31
0.0
  0
LINE
  5
74C
330
17
100
AcDbEntity
  8
ENGRAVE
100
AcDbLine
 10
143.81173909089134
 20
163.53394621481885
 30
0.0
 11
146.3532552041726
 21
163.53394621481885
 31
0.0
  0
LINE
  5
74D
330
17
100
AcDbEntity
  8
ENGRAVE
100
AcDbLine
 10
146.3532552041726
 20
163.53394621481885
 30
0.0
 11
146.3532552041726
 21
166.0754623281001
 31
0.0
  0
LINE
  5
74E
330
17
100
AcDbEntity
  8
ENGRAVE
100
AcDbLine
 10
146.3532552041726
 20
166.0754623281001
 30
0.0
 11
146.9886342324929
 21
166.71084135642042
 31
0.0
  0
LINE
  5
74F
330
17
100
AcDbEntity
  8
ENGRAVE
100
AcDbLine
 10
146.9886342324929
 20
166.71084135642042
 30
0.0
 11
149.53015034577416
 21
166.71084135642042
 31
0.0
  0
LINE
  5
750
330
17
100
AcDbEntity
  8
ENGRAVE
100
AcDbLine
 10
149.53015034577416
 20
166.71084135642042
 30
0.0
 11
150.16552937409446
 21
166.0754623281001
 31
0.0
  0
LINE
  5
751
330
17
100
AcDbEntity
  8
ENGRAVE
100
AcDbLine
 10
150.16552937409446
 20
166.0754623281001
 30
0.0
 11
150.16552937409446
 21
163.53394621481885
 31
0.0
  0
LINE
  5
752
330
17
100
AcDbEntity
  8
ENGRAVE
100
AcDbLine
 10
150.16552937409446
 20
163.53394621481885
 30
0.0
 11
149.53015034577416
 21
162.89856718649852
 31
0.0
  0
LINE
  5
753
330
17
100
AcDbEntity
  8
CUT
100
AcDbLine
 10
187.7564499999998
 20
99.57863055555549
 30
0.0
 11
208.62995833333332
 21
99.57863055555549
 31
0.0
  0
LINE
  5
754
330
17
100
AcDbEntity
  8
CUT
100
AcDbLine
 10
208.62995833333332
 20
138.58597499999996
 30
0.0
 11
187.7564499999998
 21
138.58597499999996
 31
0.0
  0
LINE
  5
755
330
17
100
AcDbEntity
  8
CUT
100
AcDbLine
 10
208.62995833333332
 20
99.57863055555549
 30
0.0
 11
208.62995833333332
 21
138.58597499999996
 31
0.0
  0
LINE
  5
756
330
17
100
AcDbEntity
  8
CUT
100
AcDbLine
 10
187.7564499999998
 20
138.58597499999996
 30
0.0
 11
187.7564499999998
 21
99.57863055555549
 31
0.0
  0
LINE
  5
757
330
17
100
AcDbEntity
  8
CUT
100
AcDbLine
 10
190.75682499999982
 20
135.5856
 30
0.0
 11
205.6292305555554
 21
135.5856
 31
0.0
  0
LINE
  5
758
330
17
100
AcDbEntity
  8
CUT
100
AcDbLine
 10
205.6292305555554
 20
102.57935833333329
 30
0.0
 11
190.75682499999982
 21
102.57935833333329
 31
0.0
  0
LINE
  5
759
330
17
100
AcDbEntity
  8
CUT
100
AcDbLine
 10
205.6292305555554
 20
135.5856
 30
0.0
 11
205.6292305555554
 21
102.57935833333329
 31
0.0
  0
LINE
  5
75A
330
17
100
AcDbEntity
  8
CUT
100
AcDbLine
 10
190.75682499999982
 20
102.57935833333329
 30
0.0
 11
190.75682499999982
 21
135.5856
 31
0.0
  0
LINE
  5
75B
330
17
100
AcDbEntity
  8
ENGRAVE
100
AcDbLine
 10
188.38781379029413
 20
137.54939280086924
 30
0.0
 11
188.57082465455193
 21
137.91541452938486
 31
0.0
  0
LINE
  5
75C
330
17
100
AcDbEntity
  8
ENGRAVE
100
AcDbLine
 10
188.57082465455193
 20
137.91541452938486
 30
0.0
 11
189.3028681115832
 21
137.91541452938486
 31
0.0
  0
LINE
  5
75D
330
17
100
AcDbEntity
  8
ENGRAVE
100
AcDbLine
 10
189.3028681115832
 20
137.91541452938486
 30
0.0
 11
189.485878975841
 21
137.54939280086924
 31
0.0
  0
LINE
  5
75E
330
17
100
AcDbEntity
  8
ENGRAVE
100
AcDbLine
 10
189.485878975841
 20
137.54939280086924
 30
0.0
 11
189.485878975841
 21
137.2931775909083
 31
0.0
  0
LINE
  5
75F
330
17
100
AcDbEntity
  8
ENGRAVE
100
AcDbLine
 10
189.485878975841
 20
137.2931775909083
 30
0.0
 11
188.38781379029413
 21
136.08530588680674
 31
0.0
  0
LINE
  5
760
330
17
100
AcDbEntity
  8
ENGRAVE
100
AcDbLine
 10
188.38781379029413
 20
136.08530588680674
 30
0.0
 11
189.485878975841
 21
136.08530588680674
 31
0.0
  0
LINE
  5
761
330
17
100
AcDbEntity
  8
ENGRAVE
100
AcDbLine
 10
190.7669550256457
 20
137.91541452938486
 30
0.0
 11
190.21792243287226
 21
137.91541452938486
 31
0.0
  0
LINE
  5
762
330
17
100
AcDbEntity
  8
ENGRAVE
100
AcDbLine
 10
190.21792243287226
 20
137.91541452938486
 30
0.0
 11
189.85190070435664
 21
137.36638193661142
 31
0.0
  0
LINE
  5
763
330
17
100
AcDbEntity
  8
ENGRAVE
100
AcDbLine
 10
189.85190070435664
 20
137.36638193661142
 30
0.0
 11
189.85190070435664
 21
136.45132761532236
 31
0.0
  0
LINE
  5
764
330
17
100
AcDbEntity
  8
ENGRAVE
100
AcDbLine
 10
189.85190070435664
 20
136.45132761532236
 30
0.0
 11
190.03491156861443
 21
136.08530588680674
 31
0.0
  0
LINE
  5
765
330
17
100
AcDbEntity
  8
ENGRAVE
100
AcDbLine
 10
190.03491156861443
 20
136.08530588680674
 30
0.0
 11
190.7669550256457
 21
136.08530588680674
 31
0.0
  0
LINE
  5
766
330
17
100
AcDbEntity
  8
ENGRAVE
100
AcDbLine
 10
190.7669550256457
 20
136.08530588680674
 30
0.0
 11
190.9499658899035
 21
136.45132761532236
 31
0.0
  0
LINE
  5
767
330
17
100
AcDbEntity
  8
ENGRAVE
100
AcDbLine
 10
190.9499658899035
 20
136.45132761532236
 30
0.0
 11
190.9499658899035
 21
136.7258439117091
 31
0.0
  0
LINE
  5
768
330
17
100
AcDbEntity
  8
ENGRAVE
100
AcDbLine
 10
190.9499658899035
 20
136.7258439117091
 30
0.0
 11
190.7669550256457
 21
137.0003602080958
 31
0.0
  0
LINE
  5
769
330
17
100
AcDbEntity
  8
ENGRAVE
100
AcDbLine
 10
190.7669550256457
 20
137.0003602080958
 30
0.0
 11
190.03491156861443
 21
137.0003602080958
 31
0.0
  0
LINE
  5
76A
330
17
100
AcDbEntity
  8
ENGRAVE
100
AcDbLine
 10
190.03491156861443
 20
137.0003602080958
 30
0.0
 11
189.85190070435664
 21
136.7258439117091
 31
0.0
  0
LINE
  5
76B
330
17
100
AcDbEntity
  8
CUT
100
AcDbLine
 10
208.10431944444426
 20
141.58597500000008
 30
0.0
 11
208.10431944444426
 21
162.4591305555558
 31
0.0
  0
LINE
  5
76C
330
17
100
AcDbEntity
  8
CUT
100
AcDbLine
 10
169.0969749999999
 20
162.4591305555558
 30
0.0
 11
169.0969749999999
 21
141.58597499999996
 31
0.0
  0
LINE
  5
76D
330
17
100
AcDbEntity
  8
CUT
100
AcDbLine
 10
208.10431944444426
 20
162.4591305555558
 30
0.0
 11
169.0969749999999
 21
162.4591305555558
 31
0.0
  0
LINE
  5
76E
330
17
100
AcDbEntity
  8
CUT
100
AcDbLine
 10
169.0969749999999
 20
141.58597500000008
 30
0.0
 11
208.10431944444426
 21
141.58597500000008
 31
0.0
  0
LINE
  5
76F
330
17
100
AcDbEntity
  8
CUT
100
AcDbLine
 10
205.10394444444407
 20
159.45875555555565
 30
0.0
 11
205.10394444444407
 21
144.58635000000007
 31
0.0
  0
LINE
  5
770
330
17
100
AcDbEntity
  8
CUT
100
AcDbLine
 10
172.09770277777758
 20
144.58635000000007
 30
0.0
 11
172.09770277777758
 21
159.45875555555565
 31
0.0
  0
LINE
  5
771
330
17
100
AcDbEntity
  8
CUT
100
AcDbLine
 10
172.09770277777758
 20
159.45875555555565
 30
0.0
 11
205.10394444444407
 21
159.45875555555565
 31
0.0
  0
LINE
  5
772
330
17
100
AcDbEntity
  8
CUT
100
AcDbLine
 10
205.10394444444407
 20
144.58635000000007
 30
0.0
 11
172.09770277777758
 21
144.58635000000007
 31
0.0
  0
LINE
  5
773
330
17
100
AcDbEntity
  8
ENGRAVE
100
AcDbLine
 10
170.13386253596065
 20
159.2651289513655
 30
0.0
 11
169.76784080744503
 21
159.4481398156233
 31
0.0
  0
LINE
  5
774
330
17
100
AcDbEntity
  8
ENGRAVE
100
AcDbLine
 10
169.76784080744503
 20
159.4481398156233
 30
0.0
 11
169.76784080744503
 21
160.18018327265457
 31
0.0
  0
LINE
  5
775
330
17
100
AcDbEntity
  8
ENGRAVE
100
AcDbLine
 10
169.76784080744503
 20
160.18018327265457
 30
0.0
 11
170.13386253596065
 21
160.36319413691237
 31
0.0
  0
LINE
  5
776
330
17
100
AcDbEntity
  8
ENGRAVE
100
AcDbLine
 10
170.13386253596065
 20
160.36319413691237
 30
0.0
 11
170.3900777459216
 21
160.36319413691237
 31
0.0
  0
LINE
  5
777
330
17
100
AcDbEntity
  8
ENGRAVE
100
AcDbLine
 10
170.3900777459216
 20
160.36319413691237
 30
0.0
 11
171.59794945002315
 21
159.2651289513655
 31
0.0
  0
LINE
  5
778
330
17
100
AcDbEntity
  8
ENGRAVE
100
AcDbLine
 10
171.59794945002315
 20
159.2651289513655
 30
0.0
 11
171.59794945002315
 21
160.36319413691237
 31
0.0
  0
LINE
  5
779
330
17
100
AcDbEntity
  8
ENGRAVE
100
AcDbLine
 10
169.76784080744503
 20
160.72921586542802
 30
0.0
 11
169.76784080744503
 21
161.82728105097488
 31
0.0
  0
LINE
  5
77A
330
17
100
AcDbEntity
  8
ENGRAVE
100
AcDbLine
 10
169.76784080744503
 20
161.82728105097488
 30
0.0
 11
171.59794945002315
 21
161.09523759394364
 31
0.0
  0
LINE
  5
77B
330
17
100
AcDbEntity
  8
CUT
100
AcDbLine
 10
305.5969055555556
 20
366.6800027777776
 30
0.0
 11
305.1344138888889
 21
365.8153444444441
 31
0.0
  0
LINE
  5
77C
330
17
100
AcDbEntity
  8
CUT
100
AcDbLine
 10
307.8412777777778
 20
368.52185555555525
 30
0.0
 11
306.9766194444445
 21
368.05971666666636
 31
0.0
  0
LINE
  5
77D
330
17
100
AcDbEntity
  8
CUT
100
AcDbLine
 10
306.9766194444445
 20
368.05971666666636
 30
0.0
 11
306.2188527777778
 21
367.43776944444403
 31
0.0
  0
LINE
  5
77E
330
17
100
AcDbEntity
  8
CUT
100
AcDbLine
 10
323.9297083333333
 20
348.0078277777776
 30
0.0
 11
323.9297083333333
 21
358.0094305555553
 31
0.0
  0
LINE
  5
77F
330
17
100
AcDbEntity
  8
CUT
100
AcDbLine
 10
313.7555972222223
 20
379.79557499999976
 30
0.0
 11
313.7555972222223
 21
358.900547222222
 31
0.0
  0
LINE
  5
780
330
17
100
AcDbEntity
  8
CUT
100
AcDbLine
 10
320.9293333333334
 20
338.0055194444442
 30
0.0
 11
320.9293333333334
 21
348.0078277777776
 31
0.0
  0
LINE
  5
781
330
17
100
AcDbEntity
  8
CUT
100
AcDbLine
 10
306.2188527777778
 20
367.43776944444403
 30
0.0
 11
305.5969055555556
 21
366.6800027777776
 31
0.0
  0
LINE
  5
782
330
17
100
AcDbEntity
  8
CUT
100
AcDbLine
 10
310.7552222222222
 20
358.900547222222
 30
0.0
 11
310.7552222222222
 21
368.90250277777744
 31
0.0
  0
LINE
  5
783
330
17
100
AcDbEntity
  8
CUT
100
AcDbLine
 10
320.9293333333334
 20
358.0094305555553
 30
0.0
 11
320.9293333333334
 21
369.79361944444406
 31
0.0
  0
LINE
  5
784
330
17
100
AcDbEntity
  8
CUT
100
AcDbLine
 10
308.7793138888889
 20
368.80619444444415
 30
0.0
 11
307.8412777777778
 21
368.52185555555525
 31
0.0
  0
LINE
  5
785
330
17
100
AcDbEntity
  8
CUT
100
AcDbLine
 10
323.9297083333333
 20
369.79361944444406
 30
0.0
 11
323.9297083333333
 21
379.79557499999976
 31
0.0
  0
LINE
  5
786
330
17
100
AcDbEntity
  8
CUT
100
AcDbLine
 10
304.8500750000001
 20
364.8773083333331
 30
0.0
 11
304.7541194444445
 21
363.90152499999976
 31
0.0
  0
LINE
  5
787
330
17
100
AcDbEntity
  8
CUT
100
AcDbLine
 10
304.7541194444445
 20
363.90152499999976
 30
0.0
 11
304.7541194444445
 21
338.0055194444442
 31
0.0
  0
LINE
  5
788
330
17
100
AcDbEntity
  8
CUT
100
AcDbLine
 10
305.1344138888889
 20
365.8153444444441
 30
0.0
 11
304.8500750000001
 21
364.8773083333331
 31
0.0
  0
LINE
  5
789
330
17
100
AcDbEntity
  8
CUT
100
AcDbLine
 10
323.9297083333333
 20
379.79557499999976
 30
0.0
 11
313.7555972222223
 21
379.79557499999976
 31
0.0
  0
LINE
  5
78A
330
17
100
AcDbEntity
  8
CUT
100
AcDbLine
 10
309.7550972222223
 20
368.90250277777744
 30
0.0
 11
308.7793138888889
 21
368.80619444444415
 31
0.0
  0
LINE
  5
78B
330
17
100
AcDbEntity
  8
CUT
100
AcDbLine
 10
310.7552222222222
 20
368.90250277777744
 30
0.0
 11
309.7550972222223
 21
368.90250277777744
 31
0.0
  0
LINE
  5
78C
330
17
100
AcDbEntity
  8
CUT
100
AcDbLine
 10
323.9297083333333
 20
358.0094305555553
 30
0.0
 11
320.9293333333334
 21
358.0094305555553
 31
0.0
  0
LINE
  5
78D
330
17
100
AcDbEntity
  8
CUT
100
AcDbLine
 10
320.9293333333334
 20
348.0078277777776
 30
0.0
 11
323.9297083333333
 21
348.0078277777776
 31
0.0
  0
LINE
  5
78E
330
17
100
AcDbEntity
  8
CUT
100
AcDbLine
 10
304.7541194444445
 20
338.0055194444442
 30
0.0
 11
320.9293333333334
 21
338.0055194444442
 31
0.0
  0
LINE
  5
78F
330
17
100
AcDbEntity
  8
CUT
100
AcDbLine
 10
313.7555972222223
 20
358.900547222222
 30
0.0
 11
310.7552222222222
 21
358.900547222222
 31
0.0
  0
LINE
  5
790
330
17
100
AcDbEntity
  8
CUT
100
AcDbLine
 10
320.9293333333334
 20
369.79361944444406
 30
0.0
 11
323.9297083333333
 21
369.79361944444406
 31
0.0
  0
LINE
  5
791
330
17
100
AcDbEntity
  8
ENGRAVE
100
AcDbLine
 10
308.2439456820873
 20
352.4738634303461
 30
0.0
 11
308.94393500093497
 21
353.8738420680414
 31
0.0
  0
LINE
  5
792
330
17
100
AcDbEntity
  8
ENGRAVE
100
AcDbLine
 10
308.94393500093497
 20
353.8738420680414
 30
0.0
 11
311.7438922763256
 21
353.8738420680414
 31
0.0
  0
LINE
  5
793
330
17
100
AcDbEntity
  8
ENGRAVE
100
AcDbLine
 10
311.7438922763256
 20
353.8738420680414
 30
0.0
 11
312.44388159517325
 21
352.4738634303461
 31
0.0
  0
LINE
  5
794
330
17
100
AcDbEntity
  8
ENGRAVE
100
AcDbLine
 10
312.44388159517325
 20
352.4738634303461
 30
0.0
 11
312.44388159517325
 21
351.4938783839594
 31
0.0
  0
LINE
  5
795
330
17
100
AcDbEntity
  8
ENGRAVE
100
AcDbLine
 10
312.44388159517325
 20
351.4938783839594
 30
0.0
 11
308.2439456820873
 21
346.87394887956486
 31
0.0
  0
LINE
  5
796
330
17
100
AcDbEntity
  8
ENGRAVE
100
AcDbLine
 10
308.2439456820873
 20
346.87394887956486
 30
0.0
 11
312.44388159517325
 21
346.87394887956486
 31
0.0
  0
LINE
  5
797
330
17
100
AcDbEntity
  8
ENGRAVE
100
AcDbLine
 10
315.2438388705639
 20
350.37389547380315
 30
0.0
 11
314.5438495517162
 21
350.9338869288813
 31
0.0
  0
LINE
  5
798
330
17
100
AcDbEntity
  8
ENGRAVE
100
AcDbLine
 10
314.5438495517162
 20
350.9338869288813
 30
0.0
 11
314.5438495517162
 21
353.17385274919377
 31
0.0
  0
LINE
  5
799
330
17
100
AcDbEntity
  8
ENGRAVE
100
AcDbLine
 10
314.5438495517162
 20
353.17385274919377
 30
0.0
 11
315.2438388705639
 21
353.8738420680414
 31
0.0
  0
LINE
  5
79A
330
17
100
AcDbEntity
  8
ENGRAVE
100
AcDbLine
 10
315.2438388705639
 20
353.8738420680414
 30
0.0
 11
316.6438175082592
 21
353.8738420680414
 31
0.0
  0
LINE
  5
79B
330
17
100
AcDbEntity
  8
ENGRAVE
100
AcDbLine
 10
316.6438175082592
 20
353.8738420680414
 30
0.0
 11
317.34380682710685
 21
353.17385274919377
 31
0.0
  0
LINE
  5
79C
330
17
100
AcDbEntity
  8
ENGRAVE
100
AcDbLine
 10
317.34380682710685
 20
353.17385274919377
 30
0.0
 11
317.34380682710685
 21
350.9338869288813
 31
0.0
  0
LINE
  5
79D
330
17
100
AcDbEntity
  8
ENGRAVE
100
AcDbLine
 10
317.34380682710685
 20
350.9338869288813
 30
0.0
 11
316.6438175082592
 21
350.37389547380315
 31
0.0
  0
LINE
  5
79E
330
17
100
AcDbEntity
  8
ENGRAVE
100
AcDbLine
 10
316.6438175082592
 20
350.37389547380315
 30
0.0
 11
315.2438388705639
 21
350.37389547380315
 31
0.0
  0
LINE
  5
79F
330
17
100
AcDbEntity
  8
ENGRAVE
100
AcDbLine
 10
315.2438388705639
 20
350.37389547380315
 30
0.0
 11
314.3338527560619
 21
349.6739061549555
 31
0.0
  0
LINE
  5
7A0
330
17
100
AcDbEntity
  8
ENGRAVE
100
AcDbLine
 10
314.3338527560619
 20
349.6739061549555
 30
0.0
 11
314.3338527560619
 21
347.5739381984125
 31
0.0
  0
LINE
  5
7A1
330
17
100
AcDbEntity
  8
ENGRAVE
100
AcDbLine
 10
314.3338527560619
 20
347.5739381984125
 30
0.0
 11
315.2438388705639
 21
346.87394887956486
 31
0.0
  0
LINE
  5
7A2
330
17
100
AcDbEntity
  8
ENGRAVE
100
AcDbLine
 10
315.2438388705639
 20
346.87394887956486
 30
0.0
 11
316.6438175082592
 21
346.87394887956486
 31
0.0
  0
LINE
  5
7A3
330
17
100
AcDbEntity
  8
ENGRAVE
100
AcDbLine
 10
316.6438175082592
 20
346.87394887956486
 30
0.0
 11
317.55380362276117
 21
347.5739381984125
 31
0.0
  0
LINE
  5
7A4
330
17
100
AcDbEntity
  8
ENGRAVE
100
AcDbLine
 10
317.55380362276117
 20
347.5739381984125
 30
0.0
 11
317.55380362276117
 21
349.6739061549555
 31
0.0
  0
LINE
  5
7A5
330
17
100
AcDbEntity
  8
ENGRAVE
100
AcDbLine
 10
317.55380362276117
 20
349.6739061549555
 30
0.0
 11
316.6438175082592
 21
350.37389547380315
 31
0.0
  0
LINE
  5
7A6
330
17
100
AcDbEntity
  8
CUT
100
AcDbLine
 10
318.48138611111125
 20
321.7248472222221
 30
0.0
 11
318.0188944444445
 21
320.8601888888886
 31
0.0
  0
LINE
  5
7A7
330
17
100
AcDbEntity
  8
CUT
100
AcDbLine
 10
320.72575833333343
 20
323.56669999999974
 30
0.0
 11
319.86110000000014
 21
323.10456111111085
 31
0.0
  0
LINE
  5
7A8
330
17
100
AcDbEntity
  8
CUT
100
AcDbLine
 10
319.86110000000014
 20
323.10456111111085
 30
0.0
 11
319.1033333333334
 21
322.4826138888885
 31
0.0
  0
LINE
  5
7A9
330
17
100
AcDbEntity
  8
CUT
100
AcDbLine
 10
336.8141888888889
 20
303.0526722222221
 30
0.0
 11
336.8141888888889
 21
313.0542749999998
 31
0.0
  0
LINE
  5
7AA
330
17
100
AcDbEntity
  8
CUT
100
AcDbLine
 10
326.64007777777795
 20
334.84041944444425
 30
0.0
 11
326.64007777777795
 21
313.94539166666647
 31
0.0
  0
LINE
  5
7AB
330
17
100
AcDbEntity
  8
CUT
100
AcDbLine
 10
333.813813888889
 20
293.0503638888887
 30
0.0
 11
333.813813888889
 21
303.0526722222221
 31
0.0
  0
LINE
  5
7AC
330
17
100
AcDbEntity
  8
CUT
100
AcDbLine
 10
319.1033333333334
 20
322.4826138888885
 30
0.0
 11
318.48138611111125
 21
321.7248472222221
 31
0.0
  0
LINE
  5
7AD
330
17
100
AcDbEntity
  8
CUT
100
AcDbLine
 10
323.6397027777778
 20
313.94539166666647
 30
0.0
 11
323.6397027777778
 21
323.94734722222194
 31
0.0
  0
LINE
  5
7AE
330
17
100
AcDbEntity
  8
CUT
100
AcDbLine
 10
333.813813888889
 20
313.0542749999998
 30
0.0
 11
333.813813888889
 21
324.83846388888855
 31
0.0
  0
LINE
  5
7AF
330
17
100
AcDbEntity
  8
CUT
100
AcDbLine
 10
321.66379444444453
 20
323.85103888888864
 30
0.0
 11
320.72575833333343
 21
323.56669999999974
 31
0.0
  0
LINE
  5
7B0
330
17
100
AcDbEntity
  8
CUT
100
AcDbLine
 10
336.8141888888889
 20
324.83846388888855
 30
0.0
 11
336.8141888888889
 21
334.84041944444425
 31
0.0
  0
LINE
  5
7B1
330
17
100
AcDbEntity
  8
CUT
100
AcDbLine
 10
317.73455555555574
 20
319.92215277777757
 30
0.0
 11
317.6386000000001
 21
318.94636944444426
 31
0.0
  0
LINE
  5
7B2
330
17
100
AcDbEntity
  8
CUT
100
AcDbLine
 10
317.6386000000001
 20
318.94636944444426
 30
0.0
 11
317.6386000000001
 21
293.0503638888887
 31
0.0
  0
LINE
  5
7B3
330
17
100
AcDbEntity
  8
CUT
100
AcDbLine
 10
318.0188944444445
 20
320.8601888888886
 30
0.0
 11
317.73455555555574
 21
319.92215277777757
 31
0.0
  0
LINE
  5
7B4
330
17
100
AcDbEntity
  8
CUT
100
AcDbLine
 10
336.8141888888889
 20
334.84041944444425
 30
0.0
 11
326.64007777777795
 21
334.84041944444425
 31
0.0
  0
LINE
  5
7B5
330
17
100
AcDbEntity
  8
CUT
100
AcDbLine
 10
322.6395777777779
 20
323.94734722222194
 30
0.0
 11
321.66379444444453
 21
323.85103888888864
 31
0.0
  0
LINE
  5
7B6
330
17
100
AcDbEntity
  8
CUT
100
AcDbLine
 10
323.6397027777778
 20
323.94734722222194
 30
0.0
 11
322.6395777777779
 21
323.94734722222194
 31
0.0
  0
LINE
  5
7B7
330
17
100
AcDbEntity
  8
CUT
100
AcDbLine
 10
336.8141888888889
 20
313.0542749999998
 30
0.0
 11
333.813813888889
 21
313.0542749999998
 31
0.0
  0
LINE
  5
7B8
330
17
100
AcDbEntity
  8
CUT
100
AcDbLine
 10
333.813813888889
 20
303.0526722222221
 30
0.0
 11
336.8141888888889
 21
303.0526722222221
 31
0.0
  0
LINE
  5
7B9
330
17
100
AcDbEntity
  8
CUT
100
AcDbLine
 10
317.6386000000001
 20
293.0503638888887
 30
0.0
 11
333.813813888889
 21
293.0503638888887
 31
0.0
  0
LINE
  5
7BA
330
17
100
AcDbEntity
  8
CUT
100
AcDbLine
 10
326.64007777777795
 20
313.94539166666647
 30
0.0
 11
323.6397027777778
 21
313.94539166666647
 31
0.0
  0
LINE
  5
7BB
330
17
100
AcDbEntity
  8
CUT
100
AcDbLine
 10
333.813813888889
 20
324.83846388888855
 30
0.0
 11
336.8141888888889
 21
324.83846388888855
 31
0.0
  0
LINE
  5
7BC
330
17
100
AcDbEntity
  8
ENGRAVE
100
AcDbLine
 10
321.12842623764294
 20
307.5187078747906
 30
0.0
 11
321.8284155564906
 21
308.9186865124859
 31
0.0
  0
LINE
  5
7BD
330
17
100
AcDbEntity
  8
ENGRAVE
100
AcDbLine
 10
321.8284155564906
 20
308.9186865124859
 30
0.0
 11
324.6283728318812
 21
308.9186865124859
 31
0.0
  0
LINE
  5
7BE
330
17
100
AcDbEntity
  8
ENGRAVE
100
AcDbLine
 10
324.6283728318812
 20
308.9186865124859
 30
0.0
 11
325.3283621507289
 21
307.5187078747906
 31
0.0
  0
LINE
  5
7BF
330
17
100
AcDbEntity
  8
ENGRAVE
100
AcDbLine
 10
325.3283621507289
 20
307.5187078747906
 30
0.0
 11
325.3283621507289
 21
306.5387228284039
 31
0.0
  0
LINE
  5
7C0
330
17
100
AcDbEntity
  8
ENGRAVE
100
AcDbLine
 10
325.3283621507289
 20
306.5387228284039
 30
0.0
 11
321.12842623764294
 21
301.91879332400936
 31
0.0
  0
LINE
  5
7C1
330
17
100
AcDbEntity
  8
ENGRAVE
100
AcDbLine
 10
321.12842623764294
 20
301.91879332400936
 30
0.0
 11
325.3283621507289
 21
301.91879332400936
 31
0.0
  0
LINE
  5
7C2
330
17
100
AcDbEntity
  8
ENGRAVE
100
AcDbLine
 10
328.1283194261195
 20
305.41873991824764
 30
0.0
 11
327.42833010727185
 21
305.9787313733258
 31
0.0
  0
LINE
  5
7C3
330
17
100
AcDbEntity
  8
ENGRAVE
100
AcDbLine
 10
327.42833010727185
 20
305.9787313733258
 30
0.0
 11
327.42833010727185
 21
308.21869719363826
 31
0.0
  0
LINE
  5
7C4
330
17
100
AcDbEntity
  8
ENGRAVE
100
AcDbLine
 10
327.42833010727185
 20
308.21869719363826
 30
0.0
 11
328.1283194261195
 21
308.9186865124859
 31
0.0
  0
LINE
  5
7C5
330
17
100
AcDbEntity
  8
ENGRAVE
100
AcDbLine
 10
328.1283194261195
 20
308.9186865124859
 30
0.0
 11
329.5282980638148
 21
308.9186865124859
 31
0.0
  0
LINE
  5
7C6
330
17
100
AcDbEntity
  8
ENGRAVE
100
AcDbLine
 10
329.5282980638148
 20
308.9186865124859
 30
0.0
 11
330.2282873826625
 21
308.21869719363826
 31
0.0
  0
LINE
  5
7C7
330
17
100
AcDbEntity
  8
ENGRAVE
100
AcDbLine
 10
330.2282873826625
 20
308.21869719363826
 30
0.0
 11
330.2282873826625
 21
305.9787313733258
 31
0.0
  0
LINE
  5
7C8
330
17
100
AcDbEntity
  8
ENGRAVE
100
AcDbLine
 10
330.2282873826625
 20
305.9787313733258
 30
0.0
 11
329.5282980638148
 21
305.41873991824764
 31
0.0
  0
LINE
  5
7C9
330
17
100
AcDbEntity
  8
ENGRAVE
100
AcDbLine
 10
329.5282980638148
 20
305.41873991824764
 30
0.0
 11
328.1283194261195
 21
305.41873991824764
 31
0.0
  0
LINE
  5
7CA
330
17
100
AcDbEntity
  8
ENGRAVE
100
AcDbLine
 10
328.1283194261195
 20
305.41873991824764
 30
0.0
 11
327.2183333116175
 21
304.7187505994
 31
0.0
  0
LINE
  5
7CB
330
17
100
AcDbEntity
  8
ENGRAVE
100
AcDbLine
 10
327.2183333116175
 20
304.7187505994
 30
0.0
 11
327.2183333116175
 21
302.618782642857
 31
0.0
  0
LINE
  5
7CC
330
17
100
AcDbEntity
  8
ENGRAVE
100
AcDbLine
 10
327.2183333116175
 20
302.618782642857
 30
0.0
 11
328.1283194261195
 21
301.91879332400936
 31
0.0
  0
LINE
  5
7CD
330
17
100
AcDbEntity
  8
ENGRAVE
100
AcDbLine
 10
328.1283194261195
 20
301.91879332400936
 30
0.0
 11
329.5282980638148
 21
301.91879332400936
 31
0.0
  0
LINE
  5
7CE
330
17
100
AcDbEntity
  8
ENGRAVE
100
AcDbLine
 10
329.5282980638148
 20
301.91879332400936
 30
0.0
 11
330.4382841783168
 21
302.618782642857
 31
0.0
  0
LINE
  5
7CF
330
17
100
AcDbEntity
  8
ENGRAVE
100
AcDbLine
 10
330.4382841783168
 20
302.618782642857
 30
0.0
 11
330.4382841783168
 21
304.7187505994
 31
0.0
  0
LINE
  5
7D0
330
17
100
AcDbEntity
  8
ENGRAVE
100
AcDbLine
 10
330.4382841783168
 20
304.7187505994
 30
0.0
 11
329.5282980638148
 21
305.41873991824764
 31
0.0
  0
LINE
  5
7D1
330
17
100
AcDbEntity
  8
CUT
100
AcDbLine
 10
324.8324222222222
 20
266.75468333333316
 30
0.0
 11
360.48731944444444
 21
266.75468333333316
 31
0.0
  0
LINE
  5
7D2
330
17
100
AcDbEntity
  8
CUT
100
AcDbLine
 10
360.48731944444444
 20
288.8202277777777
 30
0.0
 11
324.8324222222222
 21
288.8202277777777
 31
0.0
  0
LINE
  5
7D3
330
17
100
AcDbEntity
  8
CUT
100
AcDbLine
 10
324.8324222222222
 20
288.8202277777777
 30
0.0
 11
324.8324222222222
 21
266.75468333333316
 31
0.0
  0
LINE
  5
7D4
330
17
100
AcDbEntity
  8
CUT
100
AcDbLine
 10
360.48731944444444
 20
266.75468333333316
 30
0.0
 11
360.48731944444444
 21
288.8202277777777
 31
0.0
  0
LINE
  5
7D5
330
17
100
AcDbEntity
  8
ENGRAVE
100
AcDbLine
 10
333.82909688711453
 20
272.95085758684945
 30
0.0
 11
332.4291182494192
 21
273.6508469056971
 31
0.0
  0
LINE
  5
7D6
330
17
100
AcDbEntity
  8
ENGRAVE
100
AcDbLine
 10
332.4291182494192
 20
273.6508469056971
 30
0.0
 11
332.4291182494192
 21
276.45080418108773
 31
0.0
  0
LINE
  5
7D7
330
17
100
AcDbEntity
  8
ENGRAVE
100
AcDbLine
 10
332.4291182494192
 20
276.45080418108773
 30
0.0
 11
333.82909688711453
 21
277.1507934999354
 31
0.0
  0
LINE
  5
7D8
330
17
100
AcDbEntity
  8
ENGRAVE
100
AcDbLine
 10
333.82909688711453
 20
277.1507934999354
 30
0.0
 11
334.80908193350126
 21
277.1507934999354
 31
0.0
  0
LINE
  5
7D9
330
17
100
AcDbEntity
  8
ENGRAVE
100
AcDbLine
 10
334.80908193350126
 20
277.1507934999354
 30
0.0
 11
339.4290114378958
 21
272.95085758684945
 31
0.0
  0
LINE
  5
7DA
330
17
100
AcDbEntity
  8
ENGRAVE
100
AcDbLine
 10
339.4290114378958
 20
272.95085758684945
 30
0.0
 11
339.4290114378958
 21
277.1507934999354
 31
0.0
  0
LINE
  5
7DB
330
17
100
AcDbEntity
  8
ENGRAVE
100
AcDbLine
 10
339.4290114378958
 20
279.25076145647836
 30
0.0
 11
339.4290114378958
 21
281.3507294130213
 31
0.0
  0
LINE
  5
7DC
330
17
100
AcDbEntity
  8
ENGRAVE
100
AcDbLine
 10
339.4290114378958
 20
281.3507294130213
 30
0.0
 11
337.3290434813528
 21
282.75070805071664
 31
0.0
  0
LINE
  5
7DD
330
17
100
AcDbEntity
  8
ENGRAVE
100
AcDbLine
 10
337.3290434813528
 20
282.75070805071664
 30
0.0
 11
333.82909688711453
 21
282.75070805071664
 31
0.0
  0
LINE
  5
7DE
330
17
100
AcDbEntity
  8
ENGRAVE
100
AcDbLine
 10
333.82909688711453
 20
282.75070805071664
 30
0.0
 11
332.4291182494192
 21
282.050718731869
 31
0.0
  0
LINE
  5
7DF
330
17
100
AcDbEntity
  8
ENGRAVE
100
AcDbLine
 10
332.4291182494192
 20
282.050718731869
 30
0.0
 11
332.4291182494192
 21
279.25076145647836
 31
0.0
  0
LINE
  5
7E0
330
17
100
AcDbEntity
  8
ENGRAVE
100
AcDbLine
 10
332.4291182494192
 20
279.25076145647836
 30
0.0
 11
333.82909688711453
 21
278.5507721376307
 31
0.0
  0
LINE
  5
7E1
330
17
100
AcDbEntity
  8
ENGRAVE
100
AcDbLine
 10
333.82909688711453
 20
278.5507721376307
 30
0.0
 11
334.879080865386
 21
278.5507721376307
 31
0.0
  0
LINE
  5
7E2
330
17
100
AcDbEntity
  8
ENGRAVE
100
AcDbLine
 10
334.879080865386
 20
278.5507721376307
 30
0.0
 11
335.9290648436575
 21
279.25076145647836
 31
0.0
  0
LINE
  5
7E3
330
17
100
AcDbEntity
  8
ENGRAVE
100
AcDbLine
 10
335.9290648436575
 20
279.25076145647836
 30
0.0
 11
335.9290648436575
 21
282.050718731869
 31
0.0
  0
LINE
  5
7E4
330
17
100
AcDbEntity
  8
ENGRAVE
100
AcDbLine
 10
335.9290648436575
 20
282.050718731869
 30
0.0
 11
334.879080865386
 21
282.75070805071664
 31
0.0
  0
LINE
  5
7E5
330
17
100
AcDbEntity
  8
CUT
100
AcDbLine
 10
169.0969749999999
 20
165.4591305555558
 30
0.0
 11
204.75187222222212
 21
165.4591305555558
 31
0.0
  0
LINE
  5
7E6
330
17
100
AcDbEntity
  8
CUT
100
AcDbLine
 10
204.75187222222212
 20
187.52467500000031
 30
0.0
 11
169.0969749999999
 21
187.52467500000031
 31
0.0
  0
LINE
  5
7E7
330
17
100
AcDbEntity
  8
CUT
100
AcDbLine
 10
169.0969749999999
 20
187.52467500000031
 30
0.0
 11
169.0969749999999
 21
165.4591305555558
 31
0.0
  0
LINE
  5
7E8
330
17
100
AcDbEntity
  8
CUT
100
AcDbLine
 10
204.75187222222212
 20
165.4591305555558
 30
0.0
 11
204.75187222222212
 21
187.52467500000031
 31
0.0
  0
LINE
  5
7E9
330
17
100
AcDbEntity
  8
ENGRAVE
100
AcDbLine
 10
178.09364966489224
 20
171.65530480907208
 30
0.0
 11
176.69367102719693
 21
172.35529412791973
 31
0.0
  0
LINE
  5
7EA
330
17
100
AcDbEntity
  8
ENGRAVE
100
AcDbLine
 10
176.69367102719693
 20
172.35529412791973
 30
0.0
 11
176.69367102719693
 21
175.15525140331036
 31
0.0
  0
LINE
  5
7EB
330
17
100
AcDbEntity
  8
ENGRAVE
100
AcDbLine
 10
176.69367102719693
 20
175.15525140331036
 30
0.0
 11
178.09364966489224
 21
175.85524072215802
 31
0.0
  0
LINE
  5
7EC
330
17
100
AcDbEntity
  8
ENGRAVE
100
AcDbLine
 10
178.09364966489224
 20
175.85524072215802
 30
0.0
 11
179.07363471127897
 21
175.85524072215802
 31
0.0
  0
LINE
  5
7ED
330
17
100
AcDbEntity
  8
ENGRAVE
100
AcDbLine
 10
179.07363471127897
 20
175.85524072215802
 30
0.0
 11
183.6935642156735
 21
171.65530480907208
 31
0.0
  0
LINE
  5
7EE
330
17
100
AcDbEntity
  8
ENGRAVE
100
AcDbLine
 10
183.6935642156735
 20
171.65530480907208
 30
0.0
 11
183.6935642156735
 21
175.85524072215802
 31
0.0
  0
LINE
  5
7EF
330
17
100
AcDbEntity
  8
ENGRAVE
100
AcDbLine
 10
183.6935642156735
 20
177.95520867870098
 30
0.0
 11
183.6935642156735
 21
180.05517663524395
 31
0.0
  0
LINE
  5
7F0
330
17
100
AcDbEntity
  8
ENGRAVE
100
AcDbLine
 10
183.6935642156735
 20
180.05517663524395
 30
0.0
 11
181.59359625913052
 21
181.45515527293927
 31
0.0
  0
LINE
  5
7F1
330
17
100
AcDbEntity
  8
ENGRAVE
100
AcDbLine
 10
181.59359625913052
 20
181.45515527293927
 30
0.0
 11
178.09364966489224
 21
181.45515527293927
 31
0.0
  0
LINE
  5
7F2
330
17
100
AcDbEntity
  8
ENGRAVE
100
AcDbLine
 10
178.09364966489224
 20
181.45515527293927
 30
0.0
 11
176.69367102719693
 21
180.7551659540916
 31
0.0
  0
LINE
  5
7F3
330
17
100
AcDbEntity
  8
ENGRAVE
100
AcDbLine
 10
176.69367102719693
 20
180.7551659540916
 30
0.0
 11
176.69367102719693
 21
177.95520867870098
 31
0.0
  0
LINE
  5
7F4
330
17
100
AcDbEntity
  8
ENGRAVE
100
AcDbLine
 10
176.69367102719693
 20
177.95520867870098
 30
0.0
 11
178.09364966489224
 21
177.25521935985333
 31
0.0
  0
LINE
  5
7F5
330
17
100
AcDbEntity
  8
ENGRAVE
100
AcDbLine
 10
178.09364966489224
 20
177.25521935985333
 30
0.0
 11
179.14363364316372
 21
177.25521935985333
 31
0.0
  0
LINE
  5
7F6
330
17
100
AcDbEntity
  8
ENGRAVE
100
AcDbLine
 10
179.14363364316372
 20
177.25521935985333
 30
0.0
 11
180.1936176214352
 21
177.95520867870098
 31
0.0
  0
LINE
  5
7F7
330
17
100
AcDbEntity
  8
ENGRAVE
100
AcDbLine
 10
180.1936176214352
 20
177.95520867870098
 30
0.0
 11
180.1936176214352
 21
180.7551659540916
 31
0.0
  0
LINE
  5
7F8
330
17
100
AcDbEntity
  8
ENGRAVE
100
AcDbLine
 10
180.1936176214352
 20
180.7551659540916
 30
0.0
 11
179.14363364316372
 21
181.45515527293927
 31
0.0
  0
LINE
  5
7F9
330
17
100
AcDbEntity
  8
CUT
100
AcDbLine
 10
334.96669166666663
 20
231.44341388888893
 30
0.0
 11
334.96669166666663
 21
245.5072527777778
 31
0.0
  0
LINE
  5
7FA
330
17
100
AcDbEntity
  8
CUT
100
AcDbLine
 10
364.6681111111111
 20
245.5072527777778
 30
0.0
 11
364.6681111111111
 21
231.44341388888893
 31
0.0
  0
LINE
  5
7FB
330
17
100
AcDbEntity
  8
CUT
100
AcDbLine
 10
334.96669166666663
 20
245.5072527777778
 30
0.0
 11
364.6681111111111
 21
245.5072527777778
 31
0.0
  0
LINE
  5
7FC
330
17
100
AcDbEntity
  8
CUT
100
AcDbLine
 10
364.6681111111111
 20
231.44341388888893
 30
0.0
 11
334.96669166666663
 21
231.44341388888893
 31
0.0
  0
LINE
  5
7FD
330
17
100
AcDbEntity
  8
CUT
100
AcDbLine
 10
331.9659638888889
 20
248.50798055555563
 30
0.0
 11
331.9659638888889
 21
228.44268611111113
 31
0.0
  0
LINE
  5
7FE
330
17
100
AcDbEntity
  8
CUT
100
AcDbLine
 10
367.66848611111106
 20
228.44268611111113
 30
0.0
 11
367.66848611111106
 21
248.50798055555563
 31
0.0
  0
LINE
  5
7FF
330
17
100
AcDbEntity
  8
CUT
100
AcDbLine
 10
367.66848611111106
 20
248.50798055555563
 30
0.0
 11
331.9659638888889
 21
248.50798055555563
 31
0.0
  0
LINE
  5
800
330
17
100
AcDbEntity
  8
CUT
100
AcDbLine
 10
331.9659638888889
 20
228.44268611111113
 30
0.0
 11
367.66848611111106
 21
228.44268611111113
 31
0.0
  0
LINE
  5
801
330
17
100
AcDbEntity
  8
ENGRAVE
100
AcDbLine
 10
364.2930567037596
 20
230.72723372108263
 30
0.0
 11
364.4913522970213
 21
230.92552931434435
 31
0.0
  0
LINE
  5
802
330
17
100
AcDbEntity
  8
ENGRAVE
100
AcDbLine
 10
364.4913522970213
 20
230.92552931434435
 30
0.0
 11
365.2845346700682
 21
230.92552931434435
 31
0.0
  0
LINE
  5
803
330
17
100
AcDbEntity
  8
ENGRAVE
100
AcDbLine
 10
365.2845346700682
 20
230.92552931434435
 30
0.0
 11
365.4828302633299
 21
230.72723372108263
 31
0.0
  0
LINE
  5
804
330
17
100
AcDbEntity
  8
ENGRAVE
100
AcDbLine
 10
365.4828302633299
 20
230.72723372108263
 30
0.0
 11
365.4828302633299
 21
230.2513242972545
 31
0.0
  0
LINE
  5
805
330
17
100
AcDbEntity
  8
ENGRAVE
100
AcDbLine
 10
365.4828302633299
 20
230.2513242972545
 30
0.0
 11
365.2845346700682
 21
230.0530287039928
 31
0.0
  0
LINE
  5
806
330
17
100
AcDbEntity
  8
ENGRAVE
100
AcDbLine
 10
365.2845346700682
 20
230.0530287039928
 30
0.0
 11
364.689647890283
 21
230.0530287039928
 31
0.0
  0
LINE
  5
807
330
17
100
AcDbEntity
  8
ENGRAVE
100
AcDbLine
 10
365.2845346700682
 20
230.0530287039928
 30
0.0
 11
365.4828302633299
 21
229.85473311073108
 31
0.0
  0
LINE
  5
808
330
17
100
AcDbEntity
  8
ENGRAVE
100
AcDbLine
 10
365.4828302633299
 20
229.85473311073108
 30
0.0
 11
365.4828302633299
 21
229.14086897498888
 31
0.0
  0
LINE
  5
809
330
17
100
AcDbEntity
  8
ENGRAVE
100
AcDbLine
 10
365.4828302633299
 20
229.14086897498888
 30
0.0
 11
365.2845346700682
 21
228.94257338172716
 31
0.0
  0
LINE
  5
80A
330
17
100
AcDbEntity
  8
ENGRAVE
100
AcDbLine
 10
365.2845346700682
 20
228.94257338172716
 30
0.0
 11
364.4913522970213
 21
228.94257338172716
 31
0.0
  0
LINE
  5
80B
330
17
100
AcDbEntity
  8
ENGRAVE
100
AcDbLine
 10
364.4913522970213
 20
228.94257338172716
 30
0.0
 11
364.2930567037596
 21
229.14086897498888
 31
0.0
  0
LINE
  5
80C
330
17
100
AcDbEntity
  8
ENGRAVE
100
AcDbLine
 10
366.07771704311506
 20
228.94257338172716
 30
0.0
 11
366.87089941616193
 21
228.94257338172716
 31
0.0
  0
LINE
  5
80D
330
17
100
AcDbEntity
  8
ENGRAVE
100
AcDbLine
 10
366.87089941616193
 20
228.94257338172716
 30
0.0
 11
367.06919500942365
 21
229.3391645682506
 31
0.0
  0
LINE
  5
80E
330
17
100
AcDbEntity
  8
ENGRAVE
100
AcDbLine
 10
367.06919500942365
 20
229.3391645682506
 30
0.0
 11
367.06919500942365
 21
230.5289381278209
 31
0.0
  0
LINE
  5
80F
330
17
100
AcDbEntity
  8
ENGRAVE
100
AcDbLine
 10
367.06919500942365
 20
230.5289381278209
 30
0.0
 11
366.87089941616193
 21
230.92552931434435
 31
0.0
  0
LINE
  5
810
330
17
100
AcDbEntity
  8
ENGRAVE
100
AcDbLine
 10
366.87089941616193
 20
230.92552931434435
 30
0.0
 11
366.07771704311506
 21
230.92552931434435
 31
0.0
  0
LINE
  5
811
330
17
100
AcDbEntity
  8
ENGRAVE
100
AcDbLine
 10
366.07771704311506
 20
230.92552931434435
 30
0.0
 11
365.87942144985334
 21
230.5289381278209
 31
0.0
  0
LINE
  5
812
330
17
100
AcDbEntity
  8
ENGRAVE
100
AcDbLine
 10
365.87942144985334
 20
230.5289381278209
 30
0.0
 11
365.87942144985334
 21
229.3391645682506
 31
0.0
  0
LINE
  5
813
330
17
100
AcDbEntity
  8
ENGRAVE
100
AcDbLine
 10
365.87942144985334
 20
229.3391645682506
 30
0.0
 11
366.07771704311506
 21
228.94257338172716
 31
0.0
  0
LINE
  5
814
330
17
100
AcDbEntity
  8
CUT
100
AcDbLine
 10
321.8186861111112
 20
385.79630277777744
 30
0.0
 11
307.75484722222234
 21
385.79630277777744
 31
0.0
  0
LINE
  5
815
330
17
100
AcDbEntity
  8
CUT
100
AcDbLine
 10
307.75484722222234
 20
415.49772222222197
 30
0.0
 11
321.8186861111112
 21
415.49772222222197
 31
0.0
  0
LINE
  5
816
330
17
100
AcDbEntity
  8
CUT
100
AcDbLine
 10
307.75484722222234
 20
385.79630277777744
 30
0.0
 11
307.75484722222234
 21
415.49772222222197
 31
0.0
  0
LINE
  5
817
330
17
100
AcDbEntity
  8
CUT
100
AcDbLine
 10
321.8186861111112
 20
415.49772222222197
 30
0.0
 11
321.8186861111112
 21
385.79630277777744
 31
0.0
  0
LINE
  5
818
330
17
100
AcDbEntity
  8
CUT
100
AcDbLine
 10
304.7541194444445
 20
382.79557499999976
 30
0.0
 11
324.819413888889
 21
382.79557499999976
 31
0.0
  0
LINE
  5
819
330
17
100
AcDbEntity
  8
CUT
100
AcDbLine
 10
324.819413888889
 20
418.4980972222219
 30
0.0
 11
304.7541194444445
 21
418.4980972222219
 31
0.0
  0
LINE
  5
81A
330
17
100
AcDbEntity
  8
CUT
100
AcDbLine
 10
304.7541194444445
 20
418.4980972222219
 30
0.0
 11
304.7541194444445
 21
382.79557499999976
 31
0.0
  0
LINE
  5
81B
330
17
100
AcDbEntity
  8
CUT
100
AcDbLine
 10
324.819413888889
 20
382.79557499999976
 30
0.0
 11
324.819413888889
 21
418.4980972222219
 31
0.0
  0
LINE
  5
81C
330
17
100
AcDbEntity
  8
ENGRAVE
100
AcDbLine
 10
322.5348662789175
 20
415.12266781487045
 30
0.0
 11
322.3365706856558
 21
415.3209634081322
 31
0.0
  0
LINE
  5
81D
330
17
100
AcDbEntity
  8
ENGRAVE
100
AcDbLine
 10
322.3365706856558
 20
415.3209634081322
 30
0.0
 11
322.3365706856558
 21
416.11414578117905
 31
0.0
  0
LINE
  5
81E
330
17
100
AcDbEntity
  8
ENGRAVE
100
AcDbLine
 10
322.3365706856558
 20
416.11414578117905
 30
0.0
 11
322.5348662789175
 21
416.31244137444077
 31
0.0
  0
LINE
  5
81F
330
17
100
AcDbEntity
  8
ENGRAVE
100
AcDbLine
 10
322.5348662789175
 20
416.31244137444077
 30
0.0
 11
323.0107757027456
 21
416.31244137444077
 31
0.0
  0
LINE
  5
820
330
17
100
AcDbEntity
  8
ENGRAVE
100
AcDbLine
 10
323.0107757027456
 20
416.31244137444077
 30
0.0
 11
323.2090712960073
 21
416.11414578117905
 31
0.0
  0
LINE
  5
821
330
17
100
AcDbEntity
  8
ENGRAVE
100
AcDbLine
 10
323.2090712960073
 20
416.11414578117905
 30
0.0
 11
323.2090712960073
 21
415.5192590013939
 31
0.0
  0
LINE
  5
822
330
17
100
AcDbEntity
  8
ENGRAVE
100
AcDbLine
 10
323.2090712960073
 20
416.11414578117905
 30
0.0
 11
323.40736688926904
 21
416.31244137444077
 31
0.0
  0
LINE
  5
823
330
17
100
AcDbEntity
  8
ENGRAVE
100
AcDbLine
 10
323.40736688926904
 20
416.31244137444077
 30
0.0
 11
324.12123102501124
 21
416.31244137444077
 31
0.0
  0
LINE
  5
824
330
17
100
AcDbEntity
  8
ENGRAVE
100
AcDbLine
 10
324.12123102501124
 20
416.31244137444077
 30
0.0
 11
324.31952661827296
 21
416.11414578117905
 31
0.0
  0
LINE
  5
825
330
17
100
AcDbEntity
  8
ENGRAVE
100
AcDbLine
 10
324.31952661827296
 20
416.11414578117905
 30
0.0
 11
324.31952661827296
 21
415.3209634081322
 31
0.0
  0
LINE
  5
826
330
17
100
AcDbEntity
  8
ENGRAVE
100
AcDbLine
 10
324.31952661827296
 20
415.3209634081322
 30
0.0
 11
324.12123102501124
 21
415.12266781487045
 31
0.0
  0
LINE
  5
827
330
17
100
AcDbEntity
  8
ENGRAVE
100
AcDbLine
 10
324.31952661827296
 20
416.9073281542259
 30
0.0
 11
324.31952661827296
 21
417.7005105272728
 31
0.0
  0
LINE
  5
828
330
17
100
AcDbEntity
  8
ENGRAVE
100
AcDbLine
 10
324.31952661827296
 20
417.7005105272728
 30
0.0
 11
323.9229354317495
 21
417.8988061205345
 31
0.0
  0
LINE
  5
829
330
17
100
AcDbEntity
  8
ENGRAVE
100
AcDbLine
 10
323.9229354317495
 20
417.8988061205345
 30
0.0
 11
322.7331618721792
 21
417.8988061205345
 31
0.0
  0
LINE
  5
82A
330
17
100
AcDbEntity
  8
ENGRAVE
100
AcDbLine
 10
322.7331618721792
 20
417.8988061205345
 30
0.0
 11
322.3365706856558
 21
417.7005105272728
 31
0.0
  0
LINE
  5
82B
330
17
100
AcDbEntity
  8
ENGRAVE
100
AcDbLine
 10
322.3365706856558
 20
417.7005105272728
 30
0.0
 11
322.3365706856558
 21
416.9073281542259
 31
0.0
  0
LINE
  5
82C
330
17
100
AcDbEntity
  8
ENGRAVE
100
AcDbLine
 10
322.3365706856558
 20
416.9073281542259
 30
0.0
 11
322.7331618721792
 21
416.7090325609642
 31
0.0
  0
LINE
  5
82D
330
17
100
AcDbEntity
  8
ENGRAVE
100
AcDbLine
 10
322.7331618721792
 20
416.7090325609642
 30
0.0
 11
323.9229354317495
 21
416.7090325609642
 31
0.0
  0
LINE
  5
82E
330
17
100
AcDbEntity
  8
ENGRAVE
100
AcDbLine
 10
323.9229354317495
 20
416.7090325609642
 30
0.0
 11
324.31952661827296
 21
416.9073281542259
 31
0.0
  0
LINE
  5
82F
330
17
100
AcDbEntity
  8
CUT
100
AcDbLine
 10
336.9669416666667
 20
251.50798055555563
 30
0.0
 11
370.6692138888889
 21
251.50798055555563
 31
0.0
  0
LINE
  5
830
330
17
100
AcDbEntity
  8
CUT
100
AcDbLine
 10
335.96646388888894
 20
257.50908333333336
 30
0.0
 11
331.9659638888889
 21
257.50908333333336
 31
0.0
  0
LINE
  5
831
330
17
100
AcDbEntity
  8
CUT
100
AcDbLine
 10
332.80875000000003
 20
253.73048055555566
 30
0.0
 11
333.4306972222222
 21
252.97271388888905
 31
0.0
  0
LINE
  5
832
330
17
100
AcDbEntity
  8
CUT
100
AcDbLine
 10
335.0531222222222
 20
251.88862777777783
 30
0.0
 11
335.9911583333333
 21
251.60393611111127
 31
0.0
  0
LINE
  5
833
330
17
100
AcDbEntity
  8
CUT
100
AcDbLine
 10
371.6446444444445
 20
251.60393611111127
 30
0.0
 11
372.58303333333333
 21
251.88862777777783
 31
0.0
  0
LINE
  5
834
330
17
100
AcDbEntity
  8
CUT
100
AcDbLine
 10
372.58303333333333
 20
251.88862777777783
 30
0.0
 11
373.44769166666674
 21
252.35076666666683
 31
0.0
  0
LINE
  5
835
330
17
100
AcDbEntity
  8
CUT
100
AcDbLine
 10
373.44769166666674
 20
252.35076666666683
 30
0.0
 11
374.2054583333333
 21
252.97271388888905
 31
0.0
  0
LINE
  5
836
330
17
100
AcDbEntity
  8
CUT
100
AcDbLine
 10
333.4306972222222
 20
252.97271388888905
 30
0.0
 11
334.1884638888889
 21
252.35076666666683
 31
0.0
  0
LINE
  5
837
330
17
100
AcDbEntity
  8
CUT
100
AcDbLine
 10
374.2054583333333
 20
252.97271388888905
 30
0.0
 11
374.8270527777778
 21
253.73048055555566
 31
0.0
  0
LINE
  5
838
330
17
100
AcDbEntity
  8
CUT
100
AcDbLine
 10
338.96719166666674
 20
260.50945833333344
 30
0.0
 11
335.96646388888894
 21
260.50945833333344
 31
0.0
  0
LINE
  5
839
330
17
100
AcDbEntity
  8
CUT
100
AcDbLine
 10
332.3466111111111
 20
254.59513888888884
 30
0.0
 11
332.80875000000003
 21
253.73048055555566
 31
0.0
  0
LINE
  5
83A
330
17
100
AcDbEntity
  8
CUT
100
AcDbLine
 10
335.9911583333333
 20
251.60393611111127
 30
0.0
 11
336.9669416666667
 21
251.50798055555563
 31
0.0
  0
LINE
  5
83B
330
17
100
AcDbEntity
  8
CUT
100
AcDbLine
 10
332.0619194444444
 20
255.53317500000017
 30
0.0
 11
332.3466111111111
 21
254.59513888888884
 31
0.0
  0
LINE
  5
83C
330
17
100
AcDbEntity
  8
CUT
100
AcDbLine
 10
334.1884638888889
 20
252.35076666666683
 30
0.0
 11
335.0531222222222
 21
251.88862777777783
 31
0.0
  0
LINE
  5
83D
330
17
100
AcDbEntity
  8
CUT
100
AcDbLine
 10
375.6698388888889
 20
257.50908333333336
 30
0.0
 11
371.6693388888889
 21
257.50908333333336
 31
0.0
  0
LINE
  5
83E
330
17
100
AcDbEntity
  8
CUT
100
AcDbLine
 10
371.6693388888889
 20
260.50945833333344
 30
0.0
 11
368.6689638888889
 21
260.50945833333344
 31
0.0
  0
LINE
  5
83F
330
17
100
AcDbEntity
  8
CUT
100
AcDbLine
 10
368.6689638888889
 20
263.51018611111124
 30
0.0
 11
338.96719166666674
 21
263.51018611111124
 31
0.0
  0
LINE
  5
840
330
17
100
AcDbEntity
  8
CUT
100
AcDbLine
 10
370.6692138888889
 20
251.50798055555563
 30
0.0
 11
371.6446444444445
 21
251.60393611111127
 31
0.0
  0
LINE
  5
841
330
17
100
AcDbEntity
  8
CUT
100
AcDbLine
 10
374.8270527777778
 20
253.73048055555566
 30
0.0
 11
375.2895444444445
 21
254.59513888888884
 31
0.0
  0
LINE
  5
842
330
17
100
AcDbEntity
  8
CUT
100
AcDbLine
 10
375.2895444444445
 20
254.59513888888884
 30
0.0
 11
375.5738833333334
 21
255.53317500000017
 31
0.0
  0
LINE
  5
843
330
17
100
AcDbEntity
  8
CUT
100
AcDbLine
 10
331.9659638888889
 20
256.50860555555573
 30
0.0
 11
332.0619194444444
 21
255.53317500000017
 31
0.0
  0
LINE
  5
844
330
17
100
AcDbEntity
  8
CUT
100
AcDbLine
 10
331.9659638888889
 20
257.50908333333336
 30
0.0
 11
331.9659638888889
 21
256.50860555555573
 31
0.0
  0
LINE
  5
845
330
17
100
AcDbEntity
  8
CUT
100
AcDbLine
 10
335.96646388888894
 20
260.50945833333344
 30
0.0
 11
335.96646388888894
 21
257.50908333333336
 31
0.0
  0
LINE
  5
846
330
17
100
AcDbEntity
  8
CUT
100
AcDbLine
 10
368.6689638888889
 20
260.50945833333344
 30
0.0
 11
368.6689638888889
 21
263.51018611111124
 31
0.0
  0
LINE
  5
847
330
17
100
AcDbEntity
  8
CUT
100
AcDbLine
 10
371.6693388888889
 20
257.50908333333336
 30
0.0
 11
371.6693388888889
 21
260.50945833333344
 31
0.0
  0
LINE
  5
848
330
17
100
AcDbEntity
  8
CUT
100
AcDbLine
 10
375.6698388888889
 20
256.50860555555573
 30
0.0
 11
375.6698388888889
 21
257.50908333333336
 31
0.0
  0
LINE
  5
849
330
17
100
AcDbEntity
  8
CUT
100
AcDbLine
 10
375.5738833333334
 20
255.53317500000017
 30
0.0
 11
375.6698388888889
 21
256.50860555555573
 31
0.0
  0
LINE
  5
84A
330
17
100
AcDbEntity
  8
CUT
100
AcDbLine
 10
338.96719166666674
 20
263.51018611111124
 30
0.0
 11
338.96719166666674
 21
260.50945833333344
 31
0.0
  0
LINE
  5
84B
330
17
100
AcDbEntity
  8
ENGRAVE
100
AcDbLine
 10
339.98301792746145
 20
260.07347534706685
 30
0.0
 11
340.6830072463091
 21
260.7734646659145
 31
0.0
  0
LINE
  5
84C
330
17
100
AcDbEntity
  8
ENGRAVE
100
AcDbLine
 10
340.6830072463091
 20
260.7734646659145
 30
0.0
 11
343.4829645216997
 21
260.7734646659145
 31
0.0
  0
LINE
  5
84D
330
17
100
AcDbEntity
  8
ENGRAVE
100
AcDbLine
 10
343.4829645216997
 20
260.7734646659145
 30
0.0
 11
344.1829538405474
 21
260.07347534706685
 31
0.0
  0
LINE
  5
84E
330
17
100
AcDbEntity
  8
ENGRAVE
100
AcDbLine
 10
344.1829538405474
 20
260.07347534706685
 30
0.0
 11
344.1829538405474
 21
258.39350098183246
 31
0.0
  0
LINE
  5
84F
330
17
100
AcDbEntity
  8
ENGRAVE
100
AcDbLine
 10
344.1829538405474
 20
258.39350098183246
 30
0.0
 11
343.4829645216997
 21
257.6935116629848
 31
0.0
  0
LINE
  5
850
330
17
100
AcDbEntity
  8
ENGRAVE
100
AcDbLine
 10
343.4829645216997
 20
257.6935116629848
 30
0.0
 11
341.38299656515676
 21
257.6935116629848
 31
0.0
  0
LINE
  5
851
330
17
100
AcDbEntity
  8
ENGRAVE
100
AcDbLine
 10
343.4829645216997
 20
257.6935116629848
 30
0.0
 11
344.1829538405474
 21
256.99352234413715
 31
0.0
  0
LINE
  5
852
330
17
100
AcDbEntity
  8
ENGRAVE
100
AcDbLine
 10
344.1829538405474
 20
256.99352234413715
 30
0.0
 11
344.1829538405474
 21
254.4735607962856
 31
0.0
  0
LINE
  5
853
330
17
100
AcDbEntity
  8
ENGRAVE
100
AcDbLine
 10
344.1829538405474
 20
254.4735607962856
 30
0.0
 11
343.4829645216997
 21
253.77357147743794
 31
0.0
  0
LINE
  5
854
330
17
100
AcDbEntity
  8
ENGRAVE
100
AcDbLine
 10
343.4829645216997
 20
253.77357147743794
 30
0.0
 11
340.6830072463091
 21
253.77357147743794
 31
0.0
  0
LINE
  5
855
330
17
100
AcDbEntity
  8
ENGRAVE
100
AcDbLine
 10
340.6830072463091
 20
253.77357147743794
 30
0.0
 11
339.98301792746145
 21
254.4735607962856
 31
0.0
  0
LINE
  5
856
330
17
100
AcDbEntity
  8
ENGRAVE
100
AcDbLine
 10
345.5829324782427
 20
260.07347534706685
 30
0.0
 11
346.28292179709035
 21
260.7734646659145
 31
0.0
  0
LINE
  5
857
330
17
100
AcDbEntity
  8
ENGRAVE
100
AcDbLine
 10
346.28292179709035
 20
260.7734646659145
 30
0.0
 11
349.082879072481
 21
260.7734646659145
 31
0.0
  0
LINE
  5
858
330
17
100
AcDbEntity
  8
ENGRAVE
100
AcDbLine
 10
349.082879072481
 20
260.7734646659145
 30
0.0
 11
349.78286839132863
 21
260.07347534706685
 31
0.0
  0
LINE
  5
859
330
17
100
AcDbEntity
  8
ENGRAVE
100
AcDbLine
 10
349.78286839132863
 20
260.07347534706685
 30
0.0
 11
349.78286839132863
 21
258.39350098183246
 31
0.0
  0
LINE
  5
85A
330
17
100
AcDbEntity
  8
ENGRAVE
100
AcDbLine
 10
349.78286839132863
 20
258.39350098183246
 30
0.0
 11
349.082879072481
 21
257.6935116629848
 31
0.0
  0
LINE
  5
85B
330
17
100
AcDbEntity
  8
ENGRAVE
100
AcDbLine
 10
349.082879072481
 20
257.6935116629848
 30
0.0
 11
346.982911115938
 21
257.6935116629848
 31
0.0
  0
LINE
  5
85C
330
17
100
AcDbEntity
  8
ENGRAVE
100
AcDbLine
 10
349.082879072481
 20
257.6935116629848
 30
0.0
 11
349.78286839132863
 21
256.99352234413715
 31
0.0
  0
LINE
  5
85D
330
17
100
AcDbEntity
  8
ENGRAVE
100
AcDbLine
 10
349.78286839132863
 20
256.99352234413715
 30
0.0
 11
349.78286839132863
 21
254.4735607962856
 31
0.0
  0
LINE
  5
85E
330
17
100
AcDbEntity
  8
ENGRAVE
100
AcDbLine
 10
349.78286839132863
 20
254.4735607962856
 30
0.0
 11
349.082879072481
 21
253.77357147743794
 31
0.0
  0
LINE
  5
85F
330
17
100
AcDbEntity
  8
ENGRAVE
100
AcDbLine
 10
349.082879072481
 20
253.77357147743794
 30
0.0
 11
346.28292179709035
 21
253.77357147743794
 31
0.0
  0
LINE
  5
860
330
17
100
AcDbEntity
  8
ENGRAVE
100
AcDbLine
 10
346.28292179709035
 20
253.77357147743794
 30
0.0
 11
345.5829324782427
 21
254.4735607962856
 31
0.0
  0
LINE
  5
861
330
17
100
AcDbEntity
  8
CUT
100
AcDbLine
 10
121.50623888888893
 20
429.31395555555565
 30
0.0
 11
155.20851111111114
 21
429.31395555555565
 31
0.0
  0
LINE
  5
862
330
17
100
AcDbEntity
  8
CUT
100
AcDbLine
 10
120.50576111111113
 20
435.31505833333335
 30
0.0
 11
116.50526111111111
 21
435.31505833333335
 31
0.0
  0
LINE
  5
863
330
17
100
AcDbEntity
  8
CUT
100
AcDbLine
 10
117.34804722222222
 20
431.5364555555557
 30
0.0
 11
117.96999444444441
 21
430.77868888888906
 31
0.0
  0
LINE
  5
864
330
17
100
AcDbEntity
  8
CUT
100
AcDbLine
 10
119.59241944444443
 20
429.69460277777785
 30
0.0
 11
120.53045555555553
 21
429.4099111111113
 31
0.0
  0
LINE
  5
865
330
17
100
AcDbEntity
  8
CUT
100
AcDbLine
 10
156.18394166666673
 20
429.4099111111113
 30
0.0
 11
157.12233055555552
 21
429.69460277777785
 31
0.0
  0
LINE
  5
866
330
17
100
AcDbEntity
  8
CUT
100
AcDbLine
 10
157.12233055555552
 20
429.69460277777785
 30
0.0
 11
157.98698888888893
 21
430.15674166666685
 31
0.0
  0
LINE
  5
867
330
17
100
AcDbEntity
  8
CUT
100
AcDbLine
 10
157.98698888888893
 20
430.15674166666685
 30
0.0
 11
158.7447555555555
 21
430.77868888888906
 31
0.0
  0
LINE
  5
868
330
17
100
AcDbEntity
  8
CUT
100
AcDbLine
 10
117.96999444444441
 20
430.77868888888906
 30
0.0
 11
118.72776111111114
 21
430.15674166666685
 31
0.0
  0
LINE
  5
869
330
17
100
AcDbEntity
  8
CUT
100
AcDbLine
 10
158.7447555555555
 20
430.77868888888906
 30
0.0
 11
159.36635
 21
431.5364555555557
 31
0.0
  0
LINE
  5
86A
330
17
100
AcDbEntity
  8
CUT
100
AcDbLine
 10
123.50648888888892
 20
438.3154333333335
 30
0.0
 11
120.50576111111113
 21
438.3154333333335
 31
0.0
  0
LINE
  5
86B
330
17
100
AcDbEntity
  8
CUT
100
AcDbLine
 10
116.88590833333333
 20
432.40111388888886
 30
0.0
 11
117.34804722222222
 21
431.5364555555557
 31
0.0
  0
LINE
  5
86C
330
17
100
AcDbEntity
  8
CUT
100
AcDbLine
 10
120.53045555555553
 20
429.4099111111113
 30
0.0
 11
121.50623888888893
 21
429.31395555555565
 31
0.0
  0
LINE
  5
86D
330
17
100
AcDbEntity
  8
CUT
100
AcDbLine
 10
116.60121666666663
 20
433.3391500000002
 30
0.0
 11
116.88590833333333
 21
432.40111388888886
 31
0.0
  0
LINE
  5
86E
330
17
100
AcDbEntity
  8
CUT
100
AcDbLine
 10
118.72776111111114
 20
430.15674166666685
 30
0.0
 11
119.59241944444443
 21
429.69460277777785
 31
0.0
  0
LINE
  5
86F
330
17
100
AcDbEntity
  8
CUT
100
AcDbLine
 10
160.20913611111112
 20
435.31505833333335
 30
0.0
 11
156.20863611111113
 21
435.31505833333335
 31
0.0
  0
LINE
  5
870
330
17
100
AcDbEntity
  8
CUT
100
AcDbLine
 10
156.20863611111113
 20
438.3154333333335
 30
0.0
 11
153.2082611111111
 21
438.3154333333335
 31
0.0
  0
LINE
  5
871
330
17
100
AcDbEntity
  8
CUT
100
AcDbLine
 10
153.2082611111111
 20
441.3161611111113
 30
0.0
 11
123.50648888888892
 21
441.3161611111113
 31
0.0
  0
LINE
  5
872
330
17
100
AcDbEntity
  8
CUT
100
AcDbLine
 10
155.20851111111114
 20
429.31395555555565
 30
0.0
 11
156.18394166666673
 21
429.4099111111113
 31
0.0
  0
LINE
  5
873
330
17
100
AcDbEntity
  8
CUT
100
AcDbLine
 10
159.36635
 20
431.5364555555557
 30
0.0
 11
159.82884166666673
 21
432.40111388888886
 31
0.0
  0
LINE
  5
874
330
17
100
AcDbEntity
  8
CUT
100
AcDbLine
 10
159.82884166666673
 20
432.40111388888886
 30
0.0
 11
160.11318055555563
 21
433.3391500000002
 31
0.0
  0
LINE
  5
875
330
17
100
AcDbEntity
  8
CUT
100
AcDbLine
 10
116.50526111111111
 20
434.3145805555558
 30
0.0
 11
116.60121666666663
 21
433.3391500000002
 31
0.0
  0
LINE
  5
876
330
17
100
AcDbEntity
  8
CUT
100
AcDbLine
 10
116.50526111111111
 20
435.31505833333335
 30
0.0
 11
116.50526111111111
 21
434.3145805555558
 31
0.0
  0
LINE
  5
877
330
17
100
AcDbEntity
  8
CUT
100
AcDbLine
 10
120.50576111111113
 20
438.3154333333335
 30
0.0
 11
120.50576111111113
 21
435.31505833333335
 31
0.0
  0
LINE
  5
878
330
17
100
AcDbEntity
  8
CUT
100
AcDbLine
 10
153.2082611111111
 20
438.3154333333335
 30
0.0
 11
153.2082611111111
 21
441.3161611111113
 31
0.0
  0
LINE
  5
879
330
17
100
AcDbEntity
  8
CUT
100
AcDbLine
 10
156.20863611111113
 20
435.31505833333335
 30
0.0
 11
156.20863611111113
 21
438.3154333333335
 31
0.0
  0
LINE
  5
87A
330
17
100
AcDbEntity
  8
CUT
100
AcDbLine
 10
160.20913611111112
 20
434.3145805555558
 30
0.0
 11
160.20913611111112
 21
435.31505833333335
 31
0.0
  0
LINE
  5
87B
330
17
100
AcDbEntity
  8
CUT
100
AcDbLine
 10
160.11318055555563
 20
433.3391500000002
 30
0.0
 11
160.20913611111112
 21
434.3145805555558
 31
0.0
  0
LINE
  5
87C
330
17
100
AcDbEntity
  8
CUT
100
AcDbLine
 10
123.50648888888892
 20
441.3161611111113
 30
0.0
 11
123.50648888888892
 21
438.3154333333335
 31
0.0
  0
LINE
  5
87D
330
17
100
AcDbEntity
  8
ENGRAVE
100
AcDbLine
 10
124.52231514968369
 20
437.8794503470669
 30
0.0
 11
125.22230446853135
 21
438.57943966591455
 31
0.0
  0
LINE
  5
87E
330
17
100
AcDbEntity
  8
ENGRAVE
100
AcDbLine
 10
125.22230446853135
 20
438.57943966591455
 30
0.0
 11
128.02226174392197
 21
438.57943966591455
 31
0.0
  0
LINE
  5
87F
330
17
100
AcDbEntity
  8
ENGRAVE
100
AcDbLine
 10
128.02226174392197
 20
438.57943966591455
 30
0.0
 11
128.72225106276963
 21
437.8794503470669
 31
0.0
  0
LINE
  5
880
330
17
100
AcDbEntity
  8
ENGRAVE
100
AcDbLine
 10
128.72225106276963
 20
437.8794503470669
 30
0.0
 11
128.72225106276963
 21
436.1994759818325
 31
0.0
  0
LINE
  5
881
330
17
100
AcDbEntity
  8
ENGRAVE
100
AcDbLine
 10
128.72225106276963
 20
436.1994759818325
 30
0.0
 11
128.02226174392197
 21
435.49948666298485
 31
0.0
  0
LINE
  5
882
330
17
100
AcDbEntity
  8
ENGRAVE
100
AcDbLine
 10
128.02226174392197
 20
435.49948666298485
 30
0.0
 11
125.922293787379
 21
435.49948666298485
 31
0.0
  0
LINE
  5
883
330
17
100
AcDbEntity
  8
ENGRAVE
100
AcDbLine
 10
128.02226174392197
 20
435.49948666298485
 30
0.0
 11
128.72225106276963
 21
434.7994973441372
 31
0.0
  0
LINE
  5
884
330
17
100
AcDbEntity
  8
ENGRAVE
100
AcDbLine
 10
128.72225106276963
 20
434.7994973441372
 30
0.0
 11
128.72225106276963
 21
432.27953579628564
 31
0.0
  0
LINE
  5
885
330
17
100
AcDbEntity
  8
ENGRAVE
100
AcDbLine
 10
128.72225106276963
 20
432.27953579628564
 30
0.0
 11
128.02226174392197
 21
431.579546477438
 31
0.0
  0
LINE
  5
886
330
17
100
AcDbEntity
  8
ENGRAVE
100
AcDbLine
 10
128.02226174392197
 20
431.579546477438
 30
0.0
 11
125.22230446853135
 21
431.579546477438
 31
0.0
  0
LINE
  5
887
330
17
100
AcDbEntity
  8
ENGRAVE
100
AcDbLine
 10
125.22230446853135
 20
431.579546477438
 30
0.0
 11
124.52231514968369
 21
432.27953579628564
 31
0.0
  0
LINE
  5
888
330
17
100
AcDbEntity
  8
ENGRAVE
100
AcDbLine
 10
130.12222970046494
 20
437.8794503470669
 30
0.0
 11
130.8222190193126
 21
438.57943966591455
 31
0.0
  0
LINE
  5
889
330
17
100
AcDbEntity
  8
ENGRAVE
100
AcDbLine
 10
130.8222190193126
 20
438.57943966591455
 30
0.0
 11
133.62217629470322
 21
438.57943966591455
 31
0.0
  0
LINE
  5
88A
330
17
100
AcDbEntity
  8
ENGRAVE
100
AcDbLine
 10
133.62217629470322
 20
438.57943966591455
 30
0.0
 11
134.32216561355088
 21
437.8794503470669
 31
0.0
  0
LINE
  5
88B
330
17
100
AcDbEntity
  8
ENGRAVE
100
AcDbLine
 10
134.32216561355088
 20
437.8794503470669
 30
0.0
 11
134.32216561355088
 21
436.1994759818325
 31
0.0
  0
LINE
  5
88C
330
17
100
AcDbEntity
  8
ENGRAVE
100
AcDbLine
 10
134.32216561355088
 20
436.1994759818325
 30
0.0
 11
133.62217629470322
 21
435.49948666298485
 31
0.0
  0
LINE
  5
88D
330
17
100
AcDbEntity
  8
ENGRAVE
100
AcDbLine
 10
133.62217629470322
 20
435.49948666298485
 30
0.0
 11
131.52220833816025
 21
435.49948666298485
 31
0.0
  0
LINE
  5
88E
330
17
100
AcDbEntity
  8
ENGRAVE
100
AcDbLine
 10
133.62217629470322
 20
435.49948666298485
 30
0.0
 11
134.32216561355088
 21
434.7994973441372
 31
0.0
  0
LINE
  5
88F
330
17
100
AcDbEntity
  8
ENGRAVE
100
AcDbLine
 10
134.32216561355088
 20
434.7994973441372
 30
0.0
 11
134.32216561355088
 21
432.27953579628564
 31
0.0
  0
LINE
  5
890
330
17
100
AcDbEntity
  8
ENGRAVE
100
AcDbLine
 10
134.32216561355088
 20
432.27953579628564
 30
0.0
 11
133.62217629470322
 21
431.579546477438
 31
0.0
  0
LINE
  5
891
330
17
100
AcDbEntity
  8
ENGRAVE
100
AcDbLine
 10
133.62217629470322
 20
431.579546477438
 30
0.0
 11
130.8222190193126
 21
431.579546477438
 31
0.0
  0
LINE
  5
892
330
17
100
AcDbEntity
  8
ENGRAVE
100
AcDbLine
 10
130.8222190193126
 20
431.579546477438
 30
0.0
 11
130.12222970046494
 21
432.27953579628564
 31
0.0
  0
LINE
  5
893
330
17
100
AcDbEntity
  8
CUT
100
AcDbLine
 10
326.9297083333333
 20
337.84041944444425
 30
0.0
 11
349.8151083333333
 21
337.84041944444425
 31
0.0
  0
LINE
  5
894
330
17
100
AcDbEntity
  8
CUT
100
AcDbLine
 10
349.8151083333333
 20
361.17949166666654
 30
0.0
 11
326.9297083333333
 21
361.17949166666654
 31
0.0
  0
LINE
  5
895
330
17
100
AcDbEntity
  8
CUT
100
AcDbLine
 10
326.9297083333333
 20
361.17949166666654
 30
0.0
 11
326.9297083333333
 21
337.84041944444425
 31
0.0
  0
LINE
  5
896
330
17
100
AcDbEntity
  8
CUT
100
AcDbLine
 10
349.8151083333333
 20
337.84041944444425
 30
0.0
 11
349.8151083333333
 21
361.17949166666654
 31
0.0
  0
LINE
  5
897
330
17
100
AcDbEntity
  8
CUT
100
AcDbLine
 10
328.9303111111111
 20
359.1792416666665
 30
0.0
 11
333.8914249999999
 21
359.1792416666665
 31
0.0
  0
LINE
  5
898
330
17
100
AcDbEntity
  8
CUT
100
AcDbLine
 10
333.8914249999999
 20
339.84102222222214
 30
0.0
 11
328.9303111111111
 21
339.84102222222214
 31
0.0
  0
LINE
  5
899
330
17
100
AcDbEntity
  8
CUT
100
AcDbLine
 10
333.8914249999999
 20
359.1792416666665
 30
0.0
 11
333.8914249999999
 21
339.84102222222214
 31
0.0
  0
LINE
  5
89A
330
17
100
AcDbEntity
  8
CUT
100
AcDbLine
 10
328.9303111111111
 20
339.84102222222214
 30
0.0
 11
328.9303111111111
 21
359.1792416666665
 31
0.0
  0
LINE
  5
89B
330
17
100
AcDbEntity
  8
CUT
100
AcDbLine
 10
342.8537444444444
 20
359.1792416666665
 30
0.0
 11
347.8148583333333
 21
359.1792416666665
 31
0.0
  0
LINE
  5
89C
330
17
100
AcDbEntity
  8
CUT
100
AcDbLine
 10
347.8148583333333
 20
339.84102222222214
 30
0.0
 11
342.8537444444444
 21
339.84102222222214
 31
0.0
  0
LINE
  5
89D
330
17
100
AcDbEntity
  8
CUT
100
AcDbLine
 10
347.8148583333333
 20
359.1792416666665
 30
0.0
 11
347.8148583333333
 21
339.84102222222214
 31
0.0
  0
LINE
  5
89E
330
17
100
AcDbEntity
  8
CUT
100
AcDbLine
 10
342.8537444444444
 20
339.84102222222214
 30
0.0
 11
342.8537444444444
 21
359.1792416666665
 31
0.0
  0
LINE
  5
89F
330
17
100
AcDbEntity
  8
CUT
100
AcDbLine
 10
335.89167499999985
 20
359.1792416666665
 30
0.0
 11
340.8531416666666
 21
359.1792416666665
 31
0.0
  0
LINE
  5
8A0
330
17
100
AcDbEntity
  8
CUT
100
AcDbLine
 10
340.8531416666666
 20
339.84102222222214
 30
0.0
 11
335.89167499999985
 21
339.84102222222214
 31
0.0
  0
LINE
  5
8A1
330
17
100
AcDbEntity
  8
CUT
100
AcDbLine
 10
335.89167499999985
 20
339.84102222222214
 30
0.0
 11
335.89167499999985
 21
359.1792416666665
 31
0.0
  0
LINE
  5
8A2
330
17
100
AcDbEntity
  8
CUT
100
AcDbLine
 10
340.8531416666666
 20
359.1792416666665
 30
0.0
 11
340.8531416666666
 21
339.84102222222214
 31
0.0
  0
LINE
  5
8A3
330
17
100
AcDbEntity
  8
CUT
100
AcDbLine
 10
339.8141888888889
 20
291.8202277777777
 30
0.0
 11
362.6995888888889
 21
291.8202277777777
 31
0.0
  0
LINE
  5
8A4
330
17
100
AcDbEntity
  8
CUT
100
AcDbLine
 10
362.6995888888889
 20
315.1593
 30
0.0
 11
339.8141888888889
 21
315.1593
 31
0.0
  0
LINE
  5
8A5
330
17
100
AcDbEntity
  8
CUT
100
AcDbLine
 10
339.8141888888889
 20
315.1593
 30
0.0
 11
339.8141888888889
 21
291.8202277777777
 31
0.0
  0
LINE
  5
8A6
330
17
100
AcDbEntity
  8
CUT
100
AcDbLine
 10
362.6995888888889
 20
291.8202277777777
 30
0.0
 11
362.6995888888889
 21
315.1593
 31
0.0
  0
LINE
  5
8A7
330
17
100
AcDbEntity
  8
CUT
100
AcDbLine
 10
346.7759055555556
 20
293.8208305555556
 30
0.0
 11
341.8144388888889
 21
293.8208305555556
 31
0.0
  0
LINE
  5
8A8
330
17
100
AcDbEntity
  8
CUT
100
AcDbLine
 10
341.8144388888889
 20
313.1586972222222
 30
0.0
 11
346.7759055555556
 21
313.1586972222222
 31
0.0
  0
LINE
  5
8A9
330
17
100
AcDbEntity
  8
CUT
100
AcDbLine
 10
341.8144388888889
 20
293.8208305555556
 30
0.0
 11
341.8144388888889
 21
313.1586972222222
 31
0.0
  0
LINE
  5
8AA
330
17
100
AcDbEntity
  8
CUT
100
AcDbLine
 10
346.7759055555556
 20
313.1586972222222
 30
0.0
 11
346.7759055555556
 21
293.8208305555556
 31
0.0
  0
LINE
  5
8AB
330
17
100
AcDbEntity
  8
CUT
100
AcDbLine
 10
355.73787222222234
 20
313.1586972222222
 30
0.0
 11
360.6993388888889
 21
313.1586972222222
 31
0.0
  0
LINE
  5
8AC
330
17
100
AcDbEntity
  8
CUT
100
AcDbLine
 10
360.6993388888889
 20
293.8208305555556
 30
0.0
 11
355.73787222222234
 21
293.8208305555556
 31
0.0
  0
LINE
  5
8AD
330
17
100
AcDbEntity
  8
CUT
100
AcDbLine
 10
355.73787222222234
 20
293.8208305555556
 30
0.0
 11
355.73787222222234
 21
313.1586972222222
 31
0.0
  0
LINE
  5
8AE
330
17
100
AcDbEntity
  8
CUT
100
AcDbLine
 10
360.6993388888889
 20
313.1586972222222
 30
0.0
 11
360.6993388888889
 21
293.8208305555556
 31
0.0
  0
LINE
  5
8AF
330
17
100
AcDbEntity
  8
CUT
100
AcDbLine
 10
353.73762222222217
 20
293.8208305555556
 30
0.0
 11
348.77615555555565
 21
293.8208305555556
 31
0.0
  0
LINE
  5
8B0
330
17
100
AcDbEntity
  8
CUT
100
AcDbLine
 10
348.77615555555565
 20
313.1586972222222
 30
0.0
 11
353.73762222222217
 21
313.1586972222222
 31
0.0
  0
LINE
  5
8B1
330
17
100
AcDbEntity
  8
CUT
100
AcDbLine
 10
348.77615555555565
 20
293.8208305555556
 30
0.0
 11
348.77615555555565
 21
313.1586972222222
 31
0.0
  0
LINE
  5
8B2
330
17
100
AcDbEntity
  8
CUT
100
AcDbLine
 10
353.73762222222217
 20
313.1586972222222
 30
0.0
 11
353.73762222222217
 21
293.8208305555556
 31
0.0
  0
LINE
  5
8B3
330
17
100
AcDbEntity
  8
CUT
100
AcDbLine
 10
378.6698388888889
 20
251.32808611111113
 30
0.0
 11
378.6698388888889
 21
228.44268611111113
 31
0.0
  0
LINE
  5
8B4
330
17
100
AcDbEntity
  8
CUT
100
AcDbLine
 10
402.00891111111116
 20
228.44268611111113
 30
0.0
 11
402.00891111111116
 21
251.32808611111113
 31
0.0
  0
LINE
  5
8B5
330
17
100
AcDbEntity
  8
CUT
100
AcDbLine
 10
402.00891111111116
 20
251.32808611111113
 30
0.0
 11
378.6698388888889
 21
251.32808611111113
 31
0.0
  0
LINE
  5
8B6
330
17
100
AcDbEntity
  8
CUT
100
AcDbLine
 10
378.6698388888889
 20
228.44268611111113
 30
0.0
 11
402.00891111111116
 21
228.44268611111113
 31
0.0
  0
LINE
  5
8B7
330
17
100
AcDbEntity
  8
CUT
100
AcDbLine
 10
400.0086611111111
 20
249.32748333333333
 30
0.0
 11
400.0086611111111
 21
244.36636944444453
 31
0.0
  0
LINE
  5
8B8
330
17
100
AcDbEntity
  8
CUT
100
AcDbLine
 10
380.67044166666676
 20
244.36636944444453
 30
0.0
 11
380.67044166666676
 21
249.32748333333333
 31
0.0
  0
LINE
  5
8B9
330
17
100
AcDbEntity
  8
CUT
100
AcDbLine
 10
400.0086611111111
 20
244.36636944444453
 30
0.0
 11
380.67044166666676
 21
244.36636944444453
 31
0.0
  0
LINE
  5
8BA
330
17
100
AcDbEntity
  8
CUT
100
AcDbLine
 10
380.67044166666676
 20
249.32748333333333
 30
0.0
 11
400.0086611111111
 21
249.32748333333333
 31
0.0
  0
LINE
  5
8BB
330
17
100
AcDbEntity
  8
CUT
100
AcDbLine
 10
400.0086611111111
 20
235.40405
 30
0.0
 11
400.0086611111111
 21
230.44293611111112
 31
0.0
  0
LINE
  5
8BC
330
17
100
AcDbEntity
  8
CUT
100
AcDbLine
 10
380.67044166666676
 20
230.44293611111112
 30
0.0
 11
380.67044166666676
 21
235.40405
 31
0.0
  0
LINE
  5
8BD
330
17
100
AcDbEntity
  8
CUT
100
AcDbLine
 10
400.0086611111111
 20
230.44293611111112
 30
0.0
 11
380.67044166666676
 21
230.44293611111112
 31
0.0
  0
LINE
  5
8BE
330
17
100
AcDbEntity
  8
CUT
100
AcDbLine
 10
380.67044166666676
 20
235.40405
 30
0.0
 11
400.0086611111111
 21
235.40405
 31
0.0
  0
LINE
  5
8BF
330
17
100
AcDbEntity
  8
CUT
100
AcDbLine
 10
400.0086611111111
 20
242.36611944444454
 30
0.0
 11
400.0086611111111
 21
237.4046527777778
 31
0.0
  0
LINE
  5
8C0
330
17
100
AcDbEntity
  8
CUT
100
AcDbLine
 10
380.67044166666676
 20
237.4046527777778
 30
0.0
 11
380.67044166666676
 21
242.36611944444454
 31
0.0
  0
LINE
  5
8C1
330
17
100
AcDbEntity
  8
CUT
100
AcDbLine
 10
380.67044166666676
 20
242.36611944444454
 30
0.0
 11
400.0086611111111
 21
242.36611944444454
 31
0.0
  0
LINE
  5
8C2
330
17
100
AcDbEntity
  8
CUT
100
AcDbLine
 10
400.0086611111111
 20
237.4046527777778
 30
0.0
 11
380.67044166666676
 21
237.4046527777778
 31
0.0
  0
LINE
  5
8C3
330
17
100
AcDbEntity
  8
CUT
100
AcDbLine
 10
405.00891111111116
 20
251.32808611111113
 30
0.0
 11
405.00891111111116
 21
228.44268611111113
 31
0.0
  0
LINE
  5
8C4
330
17
100
AcDbEntity
  8
CUT
100
AcDbLine
 10
428.34798333333345
 20
228.44268611111113
 30
0.0
 11
428.34798333333345
 21
251.32808611111113
 31
0.0
  0
LINE
  5
8C5
330
17
100
AcDbEntity
  8
CUT
100
AcDbLine
 10
428.34798333333345
 20
251.32808611111113
 30
0.0
 11
405.00891111111116
 21
251.32808611111113
 31
0.0
  0
LINE
  5
8C6
330
17
100
AcDbEntity
  8
CUT
100
AcDbLine
 10
405.00891111111116
 20
228.44268611111113
 30
0.0
 11
428.34798333333345
 21
228.44268611111113
 31
0.0
  0
LINE
  5
8C7
330
17
100
AcDbEntity
  8
CUT
100
AcDbLine
 10
407.00951388888905
 20
244.36636944444444
 30
0.0
 11
407.00951388888905
 21
249.32783611111114
 31
0.0
  0
LINE
  5
8C8
330
17
100
AcDbEntity
  8
CUT
100
AcDbLine
 10
426.3473805555557
 20
249.32783611111114
 30
0.0
 11
426.3473805555557
 21
244.36636944444444
 31
0.0
  0
LINE
  5
8C9
330
17
100
AcDbEntity
  8
CUT
100
AcDbLine
 10
407.00951388888905
 20
249.32783611111114
 30
0.0
 11
426.3473805555557
 21
249.32783611111114
 31
0.0
  0
LINE
  5
8CA
330
17
100
AcDbEntity
  8
CUT
100
AcDbLine
 10
426.3473805555557
 20
244.36636944444444
 30
0.0
 11
407.00951388888905
 21
244.36636944444444
 31
0.0
  0
LINE
  5
8CB
330
17
100
AcDbEntity
  8
CUT
100
AcDbLine
 10
426.3473805555557
 20
235.40440277777773
 30
0.0
 11
426.3473805555557
 21
230.44293611111112
 31
0.0
  0
LINE
  5
8CC
330
17
100
AcDbEntity
  8
CUT
100
AcDbLine
 10
407.00951388888905
 20
230.44293611111112
 30
0.0
 11
407.00951388888905
 21
235.40440277777773
 31
0.0
  0
LINE
  5
8CD
330
17
100
AcDbEntity
  8
CUT
100
AcDbLine
 10
407.00951388888905
 20
235.40440277777773
 30
0.0
 11
426.3473805555557
 21
235.40440277777773
 31
0.0
  0
LINE
  5
8CE
330
17
100
AcDbEntity
  8
CUT
100
AcDbLine
 10
426.3473805555557
 20
230.44293611111112
 30
0.0
 11
407.00951388888905
 21
230.44293611111112
 31
0.0
  0
LINE
  5
8CF
330
17
100
AcDbEntity
  8
CUT
100
AcDbLine
 10
407.00951388888905
 20
237.40465277777784
 30
0.0
 11
407.00951388888905
 21
242.36611944444442
 31
0.0
  0
LINE
  5
8D0
330
17
100
AcDbEntity
  8
CUT
100
AcDbLine
 10
426.3473805555557
 20
242.36611944444442
 30
0.0
 11
426.3473805555557
 21
237.40465277777784
 31
0.0
  0
LINE
  5
8D1
330
17
100
AcDbEntity
  8
CUT
100
AcDbLine
 10
407.00951388888905
 20
242.36611944444442
 30
0.0
 11
426.3473805555557
 21
242.36611944444442
 31
0.0
  0
LINE
  5
8D2
330
17
100
AcDbEntity
  8
CUT
100
AcDbLine
 10
426.3473805555557
 20
237.40465277777784
 30
0.0
 11
407.00951388888905
 21
237.40465277777784
 31
0.0
  0
LINE
  5
8D3
330
17
100
AcDbEntity
  8
CUT
100
AcDbLine
 10
168.3194750000002
 20
433.79246944444435
 30
0.0
 11
168.0446611111113
 21
433.8104611111112
 31
0.0
  0
LINE
  5
8D4
330
17
100
AcDbEntity
  8
CUT
100
AcDbLine
 10
168.3194750000002
 20
437.99969722222215
 30
0.0
 11
168.59393611111133
 21
437.9817055555555
 31
0.0
  0
LINE
  5
8D5
330
17
100
AcDbEntity
  8
CUT
100
AcDbLine
 10
168.59393611111133
 20
433.8104611111112
 30
0.0
 11
168.3194750000002
 21
433.79246944444435
 31
0.0
  0
LINE
  5
8D6
330
17
100
AcDbEntity
  8
CUT
100
AcDbLine
 10
167.0388916666668
 20
434.2274444444445
 30
0.0
 11
166.83181111111114
 21
434.40877222222235
 31
0.0
  0
LINE
  5
8D7
330
17
100
AcDbEntity
  8
CUT
100
AcDbLine
 10
168.0446611111113
 20
437.9817055555555
 30
0.0
 11
168.3194750000002
 21
437.99969722222215
 31
0.0
  0
LINE
  5
8D8
330
17
100
AcDbEntity
  8
CUT
100
AcDbLine
 10
169.8071388888891
 20
434.40877222222235
 30
0.0
 11
169.60005833333352
 21
434.2274444444445
 31
0.0
  0
LINE
  5
8D9
330
17
100
AcDbEntity
  8
CUT
100
AcDbLine
 10
167.51443611111134
 20
433.9526305555557
 30
0.0
 11
167.26784444444465
 21
434.074338888889
 31
0.0
  0
LINE
  5
8DA
330
17
100
AcDbEntity
  8
CUT
100
AcDbLine
 10
166.49773055555562
 20
434.84445277777775
 30
0.0
 11
166.37602222222245
 21
435.0910444444445
 31
0.0
  0
LINE
  5
8DB
330
17
100
AcDbEntity
  8
CUT
100
AcDbLine
 10
170.26292777777792
 20
435.0910444444445
 30
0.0
 11
170.14121944444463
 21
434.84445277777775
 31
0.0
  0
LINE
  5
8DC
330
17
100
AcDbEntity
  8
CUT
100
AcDbLine
 10
170.14121944444463
 20
434.84445277777775
 30
0.0
 11
169.9884666666668
 21
434.61549999999994
 31
0.0
  0
LINE
  5
8DD
330
17
100
AcDbEntity
  8
CUT
100
AcDbLine
 10
169.9884666666668
 20
434.61549999999994
 30
0.0
 11
169.8071388888891
 21
434.40877222222235
 31
0.0
  0
LINE
  5
8DE
330
17
100
AcDbEntity
  8
CUT
100
AcDbLine
 10
167.77513888888905
 20
433.86443611111116
 30
0.0
 11
167.51443611111134
 21
433.9526305555557
 31
0.0
  0
LINE
  5
8DF
330
17
100
AcDbEntity
  8
CUT
100
AcDbLine
 10
168.86381111111123
 20
433.86443611111116
 30
0.0
 11
168.59393611111133
 21
433.8104611111112
 31
0.0
  0
LINE
  5
8E0
330
17
100
AcDbEntity
  8
CUT
100
AcDbLine
 10
166.65083611111132
 20
434.61549999999994
 30
0.0
 11
166.49773055555562
 21
434.84445277777775
 31
0.0
  0
LINE
  5
8E1
330
17
100
AcDbEntity
  8
CUT
100
AcDbLine
 10
167.0388916666668
 20
437.565075
 30
0.0
 11
167.26784444444465
 21
437.71782777777764
 31
0.0
  0
LINE
  5
8E2
330
17
100
AcDbEntity
  8
CUT
100
AcDbLine
 10
168.59393611111133
 20
437.9817055555555
 30
0.0
 11
168.86381111111123
 21
437.92808333333335
 31
0.0
  0
LINE
  5
8E3
330
17
100
AcDbEntity
  8
CUT
100
AcDbLine
 10
168.86381111111123
 20
437.92808333333335
 30
0.0
 11
169.12451388888903
 21
437.83953611111116
 31
0.0
  0
LINE
  5
8E4
330
17
100
AcDbEntity
  8
CUT
100
AcDbLine
 10
166.49773055555562
 20
436.94806666666665
 30
0.0
 11
166.65083611111132
 21
437.1766666666667
 31
0.0
  0
LINE
  5
8E5
330
17
100
AcDbEntity
  8
CUT
100
AcDbLine
 10
166.34550019872955
 20
436.71165165024246
 30
0.0
 11
166.49773055555562
 21
436.94806666666665
 31
0.0
  0
LINE
  5
8E6
330
17
100
AcDbEntity
  8
CUT
100
AcDbLine
 10
169.37110555555574
 20
437.71782777777764
 30
0.0
 11
169.60005833333352
 21
437.565075
 31
0.0
  0
LINE
  5
8E7
330
17
100
AcDbEntity
  8
CUT
100
AcDbLine
 10
167.51443611111134
 20
437.83953611111116
 30
0.0
 11
167.77513888888905
 21
437.92808333333335
 31
0.0
  0
LINE
  5
8E8
330
17
100
AcDbEntity
  8
CUT
100
AcDbLine
 10
166.83181111111114
 20
437.38374722222215
 30
0.0
 11
167.0388916666668
 21
437.565075
 31
0.0
  0
LINE
  5
8E9
330
17
100
AcDbEntity
  8
CUT
100
AcDbLine
 10
170.14121944444463
 20
436.94806666666665
 30
0.0
 11
170.26292777777792
 21
436.70112222222224
 31
0.0
  0
LINE
  5
8EA
330
17
100
AcDbEntity
  8
CUT
100
AcDbLine
 10
169.12451388888903
 20
437.83953611111116
 30
0.0
 11
169.37110555555574
 21
437.71782777777764
 31
0.0
  0
LINE
  5
8EB
330
17
100
AcDbEntity
  8
CUT
100
AcDbLine
 10
167.26784444444465
 20
437.71782777777764
 30
0.0
 11
167.51443611111134
 21
437.83953611111116
 31
0.0
  0
LINE
  5
8EC
330
17
100
AcDbEntity
  8
CUT
100
AcDbLine
 10
166.65083611111132
 20
437.1766666666667
 30
0.0
 11
166.83181111111114
 21
437.38374722222215
 31
0.0
  0
LINE
  5
8ED
330
17
100
AcDbEntity
  8
CUT
100
AcDbLine
 10
168.0446611111113
 20
433.8104611111112
 30
0.0
 11
167.77513888888905
 21
433.86443611111116
 31
0.0
  0
LINE
  5
8EE
330
17
100
AcDbEntity
  8
CUT
100
AcDbLine
 10
169.60005833333352
 20
437.565075
 30
0.0
 11
169.8071388888891
 21
437.38374722222215
 31
0.0
  0
LINE
  5
8EF
330
17
100
AcDbEntity
  8
CUT
100
AcDbLine
 10
169.8071388888891
 20
437.38374722222215
 30
0.0
 11
169.9884666666668
 21
437.1766666666667
 31
0.0
  0
LINE
  5
8F0
330
17
100
AcDbEntity
  8
CUT
100
AcDbLine
 10
167.77513888888905
 20
437.92808333333335
 30
0.0
 11
168.0446611111113
 21
437.9817055555555
 31
0.0
  0
LINE
  5
8F1
330
17
100
AcDbEntity
  8
CUT
100
AcDbLine
 10
166.83181111111114
 20
434.40877222222235
 30
0.0
 11
166.65083611111132
 21
434.61549999999994
 31
0.0
  0
LINE
  5
8F2
330
17
100
AcDbEntity
  8
CUT
100
AcDbLine
 10
169.60005833333352
 20
434.2274444444445
 30
0.0
 11
169.37110555555574
 21
434.074338888889
 31
0.0
  0
LINE
  5
8F3
330
17
100
AcDbEntity
  8
CUT
100
AcDbLine
 10
169.12451388888903
 20
433.9526305555557
 30
0.0
 11
168.86381111111123
 21
433.86443611111116
 31
0.0
  0
LINE
  5
8F4
330
17
100
AcDbEntity
  8
CUT
100
AcDbLine
 10
167.26784444444465
 20
434.074338888889
 30
0.0
 11
167.0388916666668
 21
434.2274444444445
 31
0.0
  0
LINE
  5
8F5
330
17
100
AcDbEntity
  8
CUT
100
AcDbLine
 10
169.37110555555574
 20
434.074338888889
 30
0.0
 11
169.12451388888903
 21
433.9526305555557
 31
0.0
  0
LINE
  5
8F6
330
17
100
AcDbEntity
  8
CUT
100
AcDbLine
 10
169.9884666666668
 20
437.1766666666667
 30
0.0
 11
170.14121944444463
 21
436.94806666666665
 31
0.0
  0
LINE
  5
8F7
330
17
100
AcDbEntity
  8
CUT
100
AcDbLine
 10
170.42308888888914
 20
435.62162222222236
 30
0.0
 11
170.37550019872953
 21
435.35165165024245
 31
0.0
  0
LINE
  5
8F8
330
17
100
AcDbEntity
  8
CUT
100
AcDbLine
 10
170.39174470515255
 20
436.1705444444445
 30
0.0
 11
170.42308888888914
 21
435.89608333333325
 31
0.0
  0
LINE
  5
8F9
330
17
100
AcDbEntity
  8
CUT
100
AcDbLine
 10
166.37602222222245
 20
435.0910444444445
 30
0.0
 11
166.28747500000026
 21
435.3517472222223
 31
0.0
  0
LINE
  5
8FA
330
17
100
AcDbEntity
  8
CUT
100
AcDbLine
 10
166.26047253917412
 20
436.4407722222223
 30
0.0
 11
166.34550019872955
 21
436.71165165024246
 31
0.0
  0
LINE
  5
8FB
330
17
100
AcDbEntity
  8
CUT
100
AcDbLine
 10
166.28747500000026
 20
435.3517472222223
 30
0.0
 11
166.23385277777803
 21
435.62162222222236
 31
0.0
  0
LINE
  5
8FC
330
17
100
AcDbEntity
  8
CUT
100
AcDbLine
 10
170.42308888888914
 20
435.89608333333325
 30
0.0
 11
170.42308888888914
 21
435.62162222222236
 31
0.0
  0
LINE
  5
8FD
330
17
100
AcDbEntity
  8
CUT
100
AcDbLine
 10
170.26292777777792
 20
436.70112222222224
 30
0.0
 11
170.33550019872956
 21
436.4416516502425
 31
0.0
  0
LINE
  5
8FE
330
17
100
AcDbEntity
  8
CUT
100
AcDbLine
 10
166.21586111111134
 20
435.89608333333325
 30
0.0
 11
166.21586111111134
 21
436.1705444444445
 31
0.0
  0
LINE
  5
8FF
330
17
100
AcDbEntity
  8
CUT
100
AcDbLine
 10
170.37550019872953
 20
435.35165165024245
 30
0.0
 11
170.26292777777792
 21
435.0910444444445
 31
0.0
  0
LINE
  5
900
330
17
100
AcDbEntity
  8
CUT
100
AcDbLine
 10
170.33550019872956
 20
436.4416516502425
 30
0.0
 11
170.39174470515255
 21
436.1705444444445
 31
0.0
  0
LINE
  5
901
330
17
100
AcDbEntity
  8
CUT
100
AcDbLine
 10
166.21586111111134
 20
436.1705444444445
 30
0.0
 11
166.26047253917412
 21
436.4407722222223
 31
0.0
  0
LINE
  5
902
330
17
100
AcDbEntity
  8
CUT
100
AcDbLine
 10
166.23385277777803
 20
435.62162222222236
 30
0.0
 11
166.21586111111134
 21
435.89608333333325
 31
0.0
  0
LINE
  5
903
330
17
100
AcDbEntity
  8
CUT
100
AcDbLine
 10
192.36621944444465
 20
431.157925
 30
0.0
 11
193.09541111111122
 21
430.44637222222224
 31
0.0
  0
LINE
  5
904
330
17
100
AcDbEntity
  8
CUT
100
AcDbLine
 10
196.7117361111113
 20
429.40250277777784
 30
0.0
 11
197.45680277777794
 21
429.64168611111114
 31
0.0
  0
LINE
  5
905
330
17
100
AcDbEntity
  8
CUT
100
AcDbLine
 10
193.09541111111122
 20
430.44637222222224
 30
0.0
 11
193.70748055555572
 21
429.9567166666667
 31
0.0
  0
LINE
  5
906
330
17
100
AcDbEntity
  8
CUT
100
AcDbLine
 10
165.76430555555584
 20
431.47013333333325
 30
0.0
 11
166.36367500000011
 21
431.17450555555564
 31
0.0
  0
LINE
  5
907
330
17
100
AcDbEntity
  8
CUT
100
AcDbLine
 10
195.15457500000025
 20
429.37921944444446
 30
0.0
 11
195.9345666666668
 21
429.31395555555565
 31
0.0
  0
LINE
  5
908
330
17
100
AcDbEntity
  8
CUT
100
AcDbLine
 10
195.6167138888891
 20
433.58045000000004
 30
0.0
 11
190.50637500000025
 21
438.51792777777786
 31
0.0
  0
LINE
  5
909
330
17
100
AcDbEntity
  8
CUT
100
AcDbLine
 10
163.20913611111112
 20
435.22898055555567
 30
0.0
 11
163.38305555555576
 21
434.57351944444446
 31
0.0
  0
LINE
  5
90A
330
17
100
AcDbEntity
  8
CUT
100
AcDbLine
 10
197.45680277777794
 20
429.64168611111114
 30
0.0
 11
198.14119166666677
 21
430.0226861111113
 31
0.0
  0
LINE
  5
90B
330
17
100
AcDbEntity
  8
CUT
100
AcDbLine
 10
163.38305555555576
 20
434.57351944444446
 30
0.0
 11
163.5978972222224
 21
433.94028333333324
 31
0.0
  0
LINE
  5
90C
330
17
100
AcDbEntity
  8
CUT
100
AcDbLine
 10
193.70748055555572
 20
429.9567166666667
 30
0.0
 11
194.40280555555572
 21
429.5965305555555
 31
0.0
  0
LINE
  5
90D
330
17
100
AcDbEntity
  8
CUT
100
AcDbLine
 10
197.70127777777805
 20
435.7387444444445
 30
0.0
 11
195.6167138888891
 21
433.58045000000004
 31
0.0
  0
LINE
  5
90E
330
17
100
AcDbEntity
  8
CUT
100
AcDbLine
 10
163.5978972222224
 20
437.8518833333334
 30
0.0
 11
163.38305555555576
 21
437.21899999999994
 31
0.0
  0
LINE
  5
90F
330
17
100
AcDbEntity
  8
CUT
100
AcDbLine
 10
168.3194750000002
 20
430.78574444444445
 30
0.0
 11
192.36621944444465
 21
431.157925
 31
0.0
  0
LINE
  5
910
330
17
100
AcDbEntity
  8
CUT
100
AcDbLine
 10
163.5978972222224
 20
433.94028333333324
 30
0.0
 11
163.8935250000002
 21
433.34091388888885
 31
0.0
  0
LINE
  5
911
330
17
100
AcDbEntity
  8
CUT
100
AcDbLine
 10
166.36367500000011
 20
431.17450555555564
 30
0.0
 11
166.99691111111113
 21
430.95966388888894
 31
0.0
  0
LINE
  5
912
330
17
100
AcDbEntity
  8
CUT
100
AcDbLine
 10
198.7384444444446
 20
430.53068611111115
 30
0.0
 11
201.553963888889
 21
433.44568888888875
 31
0.0
  0
LINE
  5
913
330
17
100
AcDbEntity
  8
CUT
100
AcDbLine
 10
195.9345666666668
 20
429.31395555555565
 30
0.0
 11
196.7117361111113
 21
429.40250277777784
 31
0.0
  0
LINE
  5
914
330
17
100
AcDbEntity
  8
CUT
100
AcDbLine
 10
198.14119166666677
 20
430.0226861111113
 30
0.0
 11
198.7384444444446
 21
430.53068611111115
 31
0.0
  0
LINE
  5
915
330
17
100
AcDbEntity
  8
CUT
100
AcDbLine
 10
194.40280555555572
 20
429.5965305555555
 30
0.0
 11
195.15457500000025
 21
429.37921944444446
 31
0.0
  0
LINE
  5
916
330
17
100
AcDbEntity
  8
CUT
100
AcDbLine
 10
164.7056194444446
 20
432.28258055555557
 30
0.0
 11
165.20832777777804
 21
431.84160833333345
 31
0.0
  0
LINE
  5
917
330
17
100
AcDbEntity
  8
CUT
100
AcDbLine
 10
163.38305555555576
 20
437.21899999999994
 30
0.0
 11
163.2525277777779
 21
436.5631861111112
 31
0.0
  0
LINE
  5
918
330
17
100
AcDbEntity
  8
CUT
100
AcDbLine
 10
193.38539444444461
 20
439.9085777777778
 30
0.0
 11
197.70127777777805
 21
435.7387444444445
 31
0.0
  0
LINE
  5
919
330
17
100
AcDbEntity
  8
CUT
100
AcDbLine
 10
196.1649305555557
 20
442.7861861111111
 30
0.0
 11
193.38539444444461
 21
439.9085777777778
 31
0.0
  0
LINE
  5
91A
330
17
100
AcDbEntity
  8
CUT
100
AcDbLine
 10
167.65237222222243
 20
430.829488888889
 30
0.0
 11
168.3194750000002
 21
430.78574444444445
 31
0.0
  0
LINE
  5
91B
330
17
100
AcDbEntity
  8
CUT
100
AcDbLine
 10
163.8935250000002
 20
433.34091388888885
 30
0.0
 11
164.2650000000002
 21
432.78493611111116
 31
0.0
  0
LINE
  5
91C
330
17
100
AcDbEntity
  8
CUT
100
AcDbLine
 10
164.2650000000002
 20
432.78493611111116
 30
0.0
 11
164.7056194444446
 21
432.28258055555557
 31
0.0
  0
LINE
  5
91D
330
17
100
AcDbEntity
  8
CUT
100
AcDbLine
 10
201.553963888889
 20
437.5791861111111
 30
0.0
 11
196.1649305555557
 21
442.7861861111111
 31
0.0
  0
LINE
  5
91E
330
17
100
AcDbEntity
  8
CUT
100
AcDbLine
 10
165.20832777777804
 20
431.84160833333345
 30
0.0
 11
165.76430555555584
 21
431.47013333333325
 31
0.0
  0
LINE
  5
91F
330
17
100
AcDbEntity
  8
CUT
100
AcDbLine
 10
166.99691111111113
 20
430.95966388888894
 30
0.0
 11
167.65237222222243
 21
430.829488888889
 31
0.0
  0
LINE
  5
920
330
17
100
AcDbEntity
  8
CUT
100
AcDbLine
 10
190.50637500000025
 20
438.51792777777786
 30
0.0
 11
163.9379750000001
 21
438.51792777777786
 31
0.0
  0
LINE
  5
921
330
17
100
AcDbEntity
  8
CUT
100
AcDbLine
 10
163.8935250000002
 20
438.45125277777765
 30
0.0
 11
163.5978972222224
 21
437.8518833333334
 31
0.0
  0
LINE
  5
922
330
17
100
AcDbEntity
  8
CUT
100
AcDbLine
 10
163.2525277777779
 20
436.5631861111112
 30
0.0
 11
163.20913611111112
 21
435.89608333333325
 31
0.0
  0
LINE
  5
923
330
17
100
AcDbEntity
  8
CUT
100
AcDbLine
 10
163.20913611111112
 20
435.89608333333325
 30
0.0
 11
163.20913611111112
 21
435.22898055555567
 31
0.0
  0
LINE
  5
924
330
17
100
AcDbEntity
  8
CUT
100
AcDbLine
 10
201.553963888889
 20
433.44568888888875
 30
0.0
 11
201.553963888889
 21
437.5791861111111
 31
0.0
  0
LINE
  5
925
330
17
100
AcDbEntity
  8
CUT
100
AcDbLine
 10
163.9379750000001
 20
438.51792777777786
 30
0.0
 11
163.8935250000002
 21
438.45125277777765
 31
0.0
  0
LINE
  5
926
330
17
100
AcDbEntity
  8
ENGRAVE
100
AcDbLine
 10
171.57503746819253
 20
436.493457781104
 30
0.0
 11
172.08035210442299
 21
436.99877241733446
 31
0.0
  0
LINE
  5
927
330
17
100
AcDbEntity
  8
ENGRAVE
100
AcDbLine
 10
172.08035210442299
 20
436.99877241733446
 30
0.0
 11
174.10161064934488
 21
436.99877241733446
 31
0.0
  0
LINE
  5
928
330
17
100
AcDbEntity
  8
ENGRAVE
100
AcDbLine
 10
174.10161064934488
 20
436.99877241733446
 30
0.0
 11
174.60692528557533
 21
436.493457781104
 31
0.0
  0
LINE
  5
929
330
17
100
AcDbEntity
  8
ENGRAVE
100
AcDbLine
 10
174.60692528557533
 20
436.493457781104
 30
0.0
 11
174.60692528557533
 21
435.28070265415084
 31
0.0
  0
LINE
  5
92A
330
17
100
AcDbEntity
  8
ENGRAVE
100
AcDbLine
 10
174.60692528557533
 20
435.28070265415084
 30
0.0
 11
174.10161064934488
 21
434.7753880179204
 31
0.0
  0
LINE
  5
92B
330
17
100
AcDbEntity
  8
ENGRAVE
100
AcDbLine
 10
174.10161064934488
 20
434.7753880179204
 30
0.0
 11
172.58566674065347
 21
434.7753880179204
 31
0.0
  0
LINE
  5
92C
330
17
100
AcDbEntity
  8
ENGRAVE
100
AcDbLine
 10
174.10161064934488
 20
434.7753880179204
 30
0.0
 11
174.60692528557533
 21
434.27007338168994
 31
0.0
  0
LINE
  5
92D
330
17
100
AcDbEntity
  8
ENGRAVE
100
AcDbLine
 10
174.60692528557533
 20
434.27007338168994
 30
0.0
 11
174.60692528557533
 21
432.45094069126026
 31
0.0
  0
LINE
  5
92E
330
17
100
AcDbEntity
  8
ENGRAVE
100
AcDbLine
 10
174.60692528557533
 20
432.45094069126026
 30
0.0
 11
174.10161064934488
 21
431.9456260550298
 31
0.0
  0
LINE
  5
92F
330
17
100
AcDbEntity
  8
ENGRAVE
100
AcDbLine
 10
174.10161064934488
 20
431.9456260550298
 30
0.0
 11
172.08035210442299
 21
431.9456260550298
 31
0.0
  0
LINE
  5
930
330
17
100
AcDbEntity
  8
ENGRAVE
100
AcDbLine
 10
172.08035210442299
 20
431.9456260550298
 30
0.0
 11
171.57503746819253
 21
432.45094069126026
 31
0.0
  0
LINE
  5
931
330
17
100
AcDbEntity
  8
ENGRAVE
100
AcDbLine
 10
177.8914704210734
 20
431.9456260550298
 30
0.0
 11
177.8914704210734
 21
436.99877241733446
 31
0.0
  0
LINE
  5
932
330
17
100
AcDbEntity
  8
ENGRAVE
100
AcDbLine
 10
177.8914704210734
 20
436.99877241733446
 30
0.0
 11
175.6175545580363
 21
433.71422728183643
 31
0.0
  0
LINE
  5
933
330
17
100
AcDbEntity
  8
ENGRAVE
100
AcDbLine
 10
175.6175545580363
 20
433.71422728183643
 30
0.0
 11
178.64944237541908
 21
433.71422728183643
 31
0.0
  0
LINE
  5
934
330
17
100
AcDbEntity
  8
CUT
100
AcDbLine
 10
209.6643027777781
 20
433.79246944444435
 30
0.0
 11
209.3894888888892
 21
433.8104611111112
 31
0.0
  0
LINE
  5
935
330
17
100
AcDbEntity
  8
CUT
100
AcDbLine
 10
209.6643027777781
 20
437.99969722222215
 30
0.0
 11
209.9387638888892
 21
437.9817055555555
 31
0.0
  0
LINE
  5
936
330
17
100
AcDbEntity
  8
CUT
100
AcDbLine
 10
209.9387638888892
 20
433.8104611111112
 30
0.0
 11
209.6643027777781
 21
433.79246944444435
 31
0.0
  0
LINE
  5
937
330
17
100
AcDbEntity
  8
CUT
100
AcDbLine
 10
208.3837194444447
 20
434.2274444444445
 30
0.0
 11
208.17663888888902
 21
434.40877222222235
 31
0.0
  0
LINE
  5
938
330
17
100
AcDbEntity
  8
CUT
100
AcDbLine
 10
209.3894888888892
 20
437.9817055555555
 30
0.0
 11
209.6643027777781
 21
437.99969722222215
 31
0.0
  0
LINE
  5
939
330
17
100
AcDbEntity
  8
CUT
100
AcDbLine
 10
211.151966666667
 20
434.40877222222235
 30
0.0
 11
210.9448861111114
 21
434.2274444444445
 31
0.0
  0
LINE
  5
93A
330
17
100
AcDbEntity
  8
CUT
100
AcDbLine
 10
208.85926388888922
 20
433.9526305555557
 30
0.0
 11
208.61267222222253
 21
434.074338888889
 31
0.0
  0
LINE
  5
93B
330
17
100
AcDbEntity
  8
CUT
100
AcDbLine
 10
207.8425583333335
 20
434.84445277777775
 30
0.0
 11
207.72085000000033
 21
435.0910444444445
 31
0.0
  0
LINE
  5
93C
330
17
100
AcDbEntity
  8
CUT
100
AcDbLine
 10
211.6077555555558
 20
435.0910444444445
 30
0.0
 11
211.4860472222225
 21
434.84445277777775
 31
0.0
  0
LINE
  5
93D
330
17
100
AcDbEntity
  8
CUT
100
AcDbLine
 10
211.4860472222225
 20
434.84445277777775
 30
0.0
 11
211.33329444444468
 21
434.61549999999994
 31
0.0
  0
LINE
  5
93E
330
17
100
AcDbEntity
  8
CUT
100
AcDbLine
 10
211.33329444444468
 20
434.61549999999994
 30
0.0
 11
211.151966666667
 21
434.40877222222235
 31
0.0
  0
LINE
  5
93F
330
17
100
AcDbEntity
  8
CUT
100
AcDbLine
 10
209.11996666666693
 20
433.86443611111116
 30
0.0
 11
208.85926388888922
 21
433.9526305555557
 31
0.0
  0
LINE
  5
940
330
17
100
AcDbEntity
  8
CUT
100
AcDbLine
 10
210.2086388888891
 20
433.86443611111116
 30
0.0
 11
209.9387638888892
 21
433.8104611111112
 31
0.0
  0
LINE
  5
941
330
17
100
AcDbEntity
  8
CUT
100
AcDbLine
 10
207.9956638888892
 20
434.61549999999994
 30
0.0
 11
207.8425583333335
 21
434.84445277777775
 31
0.0
  0
LINE
  5
942
330
17
100
AcDbEntity
  8
CUT
100
AcDbLine
 10
208.3837194444447
 20
437.565075
 30
0.0
 11
208.61267222222253
 21
437.71782777777764
 31
0.0
  0
LINE
  5
943
330
17
100
AcDbEntity
  8
CUT
100
AcDbLine
 10
209.9387638888892
 20
437.9817055555555
 30
0.0
 11
210.2086388888891
 21
437.92808333333335
 31
0.0
  0
LINE
  5
944
330
17
100
AcDbEntity
  8
CUT
100
AcDbLine
 10
210.2086388888891
 20
437.92808333333335
 30
0.0
 11
210.4693416666669
 21
437.83953611111116
 31
0.0
  0
LINE
  5
945
330
17
100
AcDbEntity
  8
CUT
100
AcDbLine
 10
207.8425583333335
 20
436.94806666666665
 30
0.0
 11
207.9956638888892
 21
437.1766666666667
 31
0.0
  0
LINE
  5
946
330
17
100
AcDbEntity
  8
CUT
100
AcDbLine
 10
207.69032797650743
 20
436.71165165024246
 30
0.0
 11
207.8425583333335
 21
436.94806666666665
 31
0.0
  0
LINE
  5
947
330
17
100
AcDbEntity
  8
CUT
100
AcDbLine
 10
210.71593333333362
 20
437.71782777777764
 30
0.0
 11
210.9448861111114
 21
437.565075
 31
0.0
  0
LINE
  5
948
330
17
100
AcDbEntity
  8
CUT
100
AcDbLine
 10
208.85926388888922
 20
437.83953611111116
 30
0.0
 11
209.11996666666693
 21
437.92808333333335
 31
0.0
  0
LINE
  5
949
330
17
100
AcDbEntity
  8
CUT
100
AcDbLine
 10
208.17663888888902
 20
437.38374722222215
 30
0.0
 11
208.3837194444447
 21
437.565075
 31
0.0
  0
LINE
  5
94A
330
17
100
AcDbEntity
  8
CUT
100
AcDbLine
 10
211.4860472222225
 20
436.94806666666665
 30
0.0
 11
211.6077555555558
 21
436.70112222222224
 31
0.0
  0
LINE
  5
94B
330
17
100
AcDbEntity
  8
CUT
100
AcDbLine
 10
210.4693416666669
 20
437.83953611111116
 30
0.0
 11
210.71593333333362
 21
437.71782777777764
 31
0.0
  0
LINE
  5
94C
330
17
100
AcDbEntity
  8
CUT
100
AcDbLine
 10
208.61267222222253
 20
437.71782777777764
 30
0.0
 11
208.85926388888922
 21
437.83953611111116
 31
0.0
  0
LINE
  5
94D
330
17
100
AcDbEntity
  8
CUT
100
AcDbLine
 10
207.9956638888892
 20
437.1766666666667
 30
0.0
 11
208.17663888888902
 21
437.38374722222215
 31
0.0
  0
LINE
  5
94E
330
17
100
AcDbEntity
  8
CUT
100
AcDbLine
 10
209.3894888888892
 20
433.8104611111112
 30
0.0
 11
209.11996666666693
 21
433.86443611111116
 31
0.0
  0
LINE
  5
94F
330
17
100
AcDbEntity
  8
CUT
100
AcDbLine
 10
210.9448861111114
 20
437.565075
 30
0.0
 11
211.151966666667
 21
437.38374722222215
 31
0.0
  0
LINE
  5
950
330
17
100
AcDbEntity
  8
CUT
100
AcDbLine
 10
211.151966666667
 20
437.38374722222215
 30
0.0
 11
211.33329444444468
 21
437.1766666666667
 31
0.0
  0
LINE
  5
951
330
17
100
AcDbEntity
  8
CUT
100
AcDbLine
 10
209.11996666666693
 20
437.92808333333335
 30
0.0
 11
209.3894888888892
 21
437.9817055555555
 31
0.0
  0
LINE
  5
952
330
17
100
AcDbEntity
  8
CUT
100
AcDbLine
 10
208.17663888888902
 20
434.40877222222235
 30
0.0
 11
207.9956638888892
 21
434.61549999999994
 31
0.0
  0
LINE
  5
953
330
17
100
AcDbEntity
  8
CUT
100
AcDbLine
 10
210.9448861111114
 20
434.2274444444445
 30
0.0
 11
210.71593333333362
 21
434.074338888889
 31
0.0
  0
LINE
  5
954
330
17
100
AcDbEntity
  8
CUT
100
AcDbLine
 10
210.4693416666669
 20
433.9526305555557
 30
0.0
 11
210.2086388888891
 21
433.86443611111116
 31
0.0
  0
LINE
  5
955
330
17
100
AcDbEntity
  8
CUT
100
AcDbLine
 10
208.61267222222253
 20
434.074338888889
 30
0.0
 11
208.3837194444447
 21
434.2274444444445
 31
0.0
  0
LINE
  5
956
330
17
100
AcDbEntity
  8
CUT
100
AcDbLine
 10
210.71593333333362
 20
434.074338888889
 30
0.0
 11
210.4693416666669
 21
433.9526305555557
 31
0.0
  0
LINE
  5
957
330
17
100
AcDbEntity
  8
CUT
100
AcDbLine
 10
211.33329444444468
 20
437.1766666666667
 30
0.0
 11
211.4860472222225
 21
436.94806666666665
 31
0.0
  0
LINE
  5
958
330
17
100
AcDbEntity
  8
CUT
100
AcDbLine
 10
211.76791666666702
 20
435.62162222222236
 30
0.0
 11
211.7203279765074
 21
435.35165165024245
 31
0.0
  0
LINE
  5
959
330
17
100
AcDbEntity
  8
CUT
100
AcDbLine
 10
211.73657248293043
 20
436.1705444444445
 30
0.0
 11
211.76791666666702
 21
435.89608333333325
 31
0.0
  0
LINE
  5
95A
330
17
100
AcDbEntity
  8
CUT
100
AcDbLine
 10
207.72085000000033
 20
435.0910444444445
 30
0.0
 11
207.63230277777814
 21
435.3517472222223
 31
0.0
  0
LINE
  5
95B
330
17
100
AcDbEntity
  8
CUT
100
AcDbLine
 10
207.605300316952
 20
436.4407722222223
 30
0.0
 11
207.69032797650743
 21
436.71165165024246
 31
0.0
  0
LINE
  5
95C
330
17
100
AcDbEntity
  8
CUT
100
AcDbLine
 10
207.63230277777814
 20
435.3517472222223
 30
0.0
 11
207.5786805555559
 21
435.62162222222236
 31
0.0
  0
LINE
  5
95D
330
17
100
AcDbEntity
  8
CUT
100
AcDbLine
 10
211.76791666666702
 20
435.89608333333325
 30
0.0
 11
211.76791666666702
 21
435.62162222222236
 31
0.0
  0
LINE
  5
95E
330
17
100
AcDbEntity
  8
CUT
100
AcDbLine
 10
211.6077555555558
 20
436.70112222222224
 30
0.0
 11
211.68032797650744
 21
436.4416516502425
 31
0.0
  0
LINE
  5
95F
330
17
100
AcDbEntity
  8
CUT
100
AcDbLine
 10
207.56068888888922
 20
435.89608333333325
 30
0.0
 11
207.56068888888922
 21
436.1705444444445
 31
0.0
  0
LINE
  5
960
330
17
100
AcDbEntity
  8
CUT
100
AcDbLine
 10
211.7203279765074
 20
435.35165165024245
 30
0.0
 11
211.6077555555558
 21
435.0910444444445
 31
0.0
  0
LINE
  5
961
330
17
100
AcDbEntity
  8
CUT
100
AcDbLine
 10
211.68032797650744
 20
436.4416516502425
 30
0.0
 11
211.73657248293043
 21
436.1705444444445
 31
0.0
  0
LINE
  5
962
330
17
100
AcDbEntity
  8
CUT
100
AcDbLine
 10
207.56068888888922
 20
436.1705444444445
 30
0.0
 11
207.605300316952
 21
436.4407722222223
 31
0.0
  0
LINE
  5
963
330
17
100
AcDbEntity
  8
CUT
100
AcDbLine
 10
207.5786805555559
 20
435.62162222222236
 30
0.0
 11
207.56068888888922
 21
435.89608333333325
 31
0.0
  0
LINE
  5
964
330
17
100
AcDbEntity
  8
CUT
100
AcDbLine
 10
233.71104722222253
 20
431.157925
 30
0.0
 11
234.4402388888891
 21
430.44637222222224
 31
0.0
  0
LINE
  5
965
330
17
100
AcDbEntity
  8
CUT
100
AcDbLine
 10
238.05656388888917
 20
429.40250277777784
 30
0.0
 11
238.80163055555582
 21
429.64168611111114
 31
0.0
  0
LINE
  5
966
330
17
100
AcDbEntity
  8
CUT
100
AcDbLine
 10
234.4402388888891
 20
430.44637222222224
 30
0.0
 11
235.0523083333336
 21
429.9567166666667
 31
0.0
  0
LINE
  5
967
330
17
100
AcDbEntity
  8
CUT
100
AcDbLine
 10
207.10913333333372
 20
431.47013333333325
 30
0.0
 11
207.708502777778
 21
431.17450555555564
 31
0.0
  0
LINE
  5
968
330
17
100
AcDbEntity
  8
CUT
100
AcDbLine
 10
236.49940277777813
 20
429.37921944444446
 30
0.0
 11
237.27939444444468
 21
429.31395555555565
 31
0.0
  0
LINE
  5
969
330
17
100
AcDbEntity
  8
CUT
100
AcDbLine
 10
236.961541666667
 20
433.58045000000004
 30
0.0
 11
231.85120277777813
 21
438.51792777777786
 31
0.0
  0
LINE
  5
96A
330
17
100
AcDbEntity
  8
CUT
100
AcDbLine
 10
204.553963888889
 20
435.22898055555567
 30
0.0
 11
204.72788333333364
 21
434.57351944444446
 31
0.0
  0
LINE
  5
96B
330
17
100
AcDbEntity
  8
CUT
100
AcDbLine
 10
238.80163055555582
 20
429.64168611111114
 30
0.0
 11
239.48601944444465
 21
430.0226861111113
 31
0.0
  0
LINE
  5
96C
330
17
100
AcDbEntity
  8
CUT
100
AcDbLine
 10
204.72788333333364
 20
434.57351944444446
 30
0.0
 11
204.94272500000028
 21
433.94028333333324
 31
0.0
  0
LINE
  5
96D
330
17
100
AcDbEntity
  8
CUT
100
AcDbLine
 10
235.0523083333336
 20
429.9567166666667
 30
0.0
 11
235.7476333333336
 21
429.5965305555555
 31
0.0
  0
LINE
  5
96E
330
17
100
AcDbEntity
  8
CUT
100
AcDbLine
 10
239.04610555555593
 20
435.7387444444445
 30
0.0
 11
236.961541666667
 21
433.58045000000004
 31
0.0
  0
LINE
  5
96F
330
17
100
AcDbEntity
  8
CUT
100
AcDbLine
 10
204.94272500000028
 20
437.8518833333334
 30
0.0
 11
204.72788333333364
 21
437.21899999999994
 31
0.0
  0
LINE
  5
970
330
17
100
AcDbEntity
  8
CUT
100
AcDbLine
 10
209.6643027777781
 20
430.78574444444445
 30
0.0
 11
233.71104722222253
 21
431.157925
 31
0.0
  0
LINE
  5
971
330
17
100
AcDbEntity
  8
CUT
100
AcDbLine
 10
204.94272500000028
 20
433.94028333333324
 30
0.0
 11
205.2383527777781
 21
433.34091388888885
 31
0.0
  0
LINE
  5
972
330
17
100
AcDbEntity
  8
CUT
100
AcDbLine
 10
207.708502777778
 20
431.17450555555564
 30
0.0
 11
208.341738888889
 21
430.95966388888894
 31
0.0
  0
LINE
  5
973
330
17
100
AcDbEntity
  8
CUT
100
AcDbLine
 10
240.0832722222225
 20
430.53068611111115
 30
0.0
 11
242.89879166666688
 21
433.44568888888875
 31
0.0
  0
LINE
  5
974
330
17
100
AcDbEntity
  8
CUT
100
AcDbLine
 10
237.27939444444468
 20
429.31395555555565
 30
0.0
 11
238.05656388888917
 21
429.40250277777784
 31
0.0
  0
LINE
  5
975
330
17
100
AcDbEntity
  8
CUT
100
AcDbLine
 10
239.48601944444465
 20
430.0226861111113
 30
0.0
 11
240.0832722222225
 21
430.53068611111115
 31
0.0
  0
LINE
  5
976
330
17
100
AcDbEntity
  8
CUT
100
AcDbLine
 10
235.7476333333336
 20
429.5965305555555
 30
0.0
 11
236.49940277777813
 21
429.37921944444446
 31
0.0
  0
LINE
  5
977
330
17
100
AcDbEntity
  8
CUT
100
AcDbLine
 10
206.0504472222225
 20
432.28258055555557
 30
0.0
 11
206.55315555555592
 21
431.84160833333345
 31
0.0
  0
LINE
  5
978
330
17
100
AcDbEntity
  8
CUT
100
AcDbLine
 10
204.72788333333364
 20
437.21899999999994
 30
0.0
 11
204.5973555555558
 21
436.5631861111112
 31
0.0
  0
LINE
  5
979
330
17
100
AcDbEntity
  8
CUT
100
AcDbLine
 10
234.7302222222225
 20
439.9085777777778
 30
0.0
 11
239.04610555555593
 21
435.7387444444445
 31
0.0
  0
LINE
  5
97A
330
17
100
AcDbEntity
  8
CUT
100
AcDbLine
 10
237.5097583333336
 20
442.7861861111111
 30
0.0
 11
234.7302222222225
 21
439.9085777777778
 31
0.0
  0
LINE
  5
97B
330
17
100
AcDbEntity
  8
CUT
100
AcDbLine
 10
208.9972000000003
 20
430.829488888889
 30
0.0
 11
209.6643027777781
 21
430.78574444444445
 31
0.0
  0
LINE
  5
97C
330
17
100
AcDbEntity
  8
CUT
100
AcDbLine
 10
205.2383527777781
 20
433.34091388888885
 30
0.0
 11
205.6098277777781
 21
432.78493611111116
 31
0.0
  0
LINE
  5
97D
330
17
100
AcDbEntity
  8
CUT
100
AcDbLine
 10
205.6098277777781
 20
432.78493611111116
 30
0.0
 11
206.0504472222225
 21
432.28258055555557
 31
0.0
  0
LINE
  5
97E
330
17
100
AcDbEntity
  8
CUT
100
AcDbLine
 10
242.89879166666688
 20
437.5791861111111
 30
0.0
 11
237.5097583333336
 21
442.7861861111111
 31
0.0
  0
LINE
  5
97F
330
17
100
AcDbEntity
  8
CUT
100
AcDbLine
 10
206.55315555555592
 20
431.84160833333345
 30
0.0
 11
207.10913333333372
 21
431.47013333333325
 31
0.0
  0
LINE
  5
980
330
17
100
AcDbEntity
  8
CUT
100
AcDbLine
 10
208.341738888889
 20
430.95966388888894
 30
0.0
 11
208.9972000000003
 21
430.829488888889
 31
0.0
  0
LINE
  5
981
330
17
100
AcDbEntity
  8
CUT
100
AcDbLine
 10
231.85120277777813
 20
438.51792777777786
 30
0.0
 11
205.282802777778
 21
438.51792777777786
 31
0.0
  0
LINE
  5
982
330
17
100
AcDbEntity
  8
CUT
100
AcDbLine
 10
205.2383527777781
 20
438.45125277777765
 30
0.0
 11
204.94272500000028
 21
437.8518833333334
 31
0.0
  0
LINE
  5
983
330
17
100
AcDbEntity
  8
CUT
100
AcDbLine
 10
204.5973555555558
 20
436.5631861111112
 30
0.0
 11
204.553963888889
 21
435.89608333333325
 31
0.0
  0
LINE
  5
984
330
17
100
AcDbEntity
  8
CUT
100
AcDbLine
 10
204.553963888889
 20
435.89608333333325
 30
0.0
 11
204.553963888889
 21
435.22898055555567
 31
0.0
  0
LINE
  5
985
330
17
100
AcDbEntity
  8
CUT
100
AcDbLine
 10
242.89879166666688
 20
433.44568888888875
 30
0.0
 11
242.89879166666688
 21
437.5791861111111
 31
0.0
  0
LINE
  5
986
330
17
100
AcDbEntity
  8
CUT
100
AcDbLine
 10
205.282802777778
 20
438.51792777777786
 30
0.0
 11
205.2383527777781
 21
438.45125277777765
 31
0.0
  0
LINE
  5
987
330
17
100
AcDbEntity
  8
ENGRAVE
100
AcDbLine
 10
212.9198652459704
 20
436.493457781104
 30
0.0
 11
213.42517988220087
 21
436.99877241733446
 31
0.0
  0
LINE
  5
988
330
17
100
AcDbEntity
  8
ENGRAVE
100
AcDbLine
 10
213.42517988220087
 20
436.99877241733446
 30
0.0
 11
215.44643842712276
 21
436.99877241733446
 31
0.0
  0
LINE
  5
989
330
17
100
AcDbEntity
  8
ENGRAVE
100
AcDbLine
 10
215.44643842712276
 20
436.99877241733446
 30
0.0
 11
215.9517530633532
 21
436.493457781104
 31
0.0
  0
LINE
  5
98A
330
17
100
AcDbEntity
  8
ENGRAVE
100
AcDbLine
 10
215.9517530633532
 20
436.493457781104
 30
0.0
 11
215.9517530633532
 21
435.28070265415084
 31
0.0
  0
LINE
  5
98B
330
17
100
AcDbEntity
  8
ENGRAVE
100
AcDbLine
 10
215.9517530633532
 20
435.28070265415084
 30
0.0
 11
215.44643842712276
 21
434.7753880179204
 31
0.0
  0
LINE
  5
98C
330
17
100
AcDbEntity
  8
ENGRAVE
100
AcDbLine
 10
215.44643842712276
 20
434.7753880179204
 30
0.0
 11
213.93049451843135
 21
434.7753880179204
 31
0.0
  0
LINE
  5
98D
330
17
100
AcDbEntity
  8
ENGRAVE
100
AcDbLine
 10
215.44643842712276
 20
434.7753880179204
 30
0.0
 11
215.9517530633532
 21
434.27007338168994
 31
0.0
  0
LINE
  5
98E
330
17
100
AcDbEntity
  8
ENGRAVE
100
AcDbLine
 10
215.9517530633532
 20
434.27007338168994
 30
0.0
 11
215.9517530633532
 21
432.45094069126026
 31
0.0
  0
LINE
  5
98F
330
17
100
AcDbEntity
  8
ENGRAVE
100
AcDbLine
 10
215.9517530633532
 20
432.45094069126026
 30
0.0
 11
215.44643842712276
 21
431.9456260550298
 31
0.0
  0
LINE
  5
990
330
17
100
AcDbEntity
  8
ENGRAVE
100
AcDbLine
 10
215.44643842712276
 20
431.9456260550298
 30
0.0
 11
213.42517988220087
 21
431.9456260550298
 31
0.0
  0
LINE
  5
991
330
17
100
AcDbEntity
  8
ENGRAVE
100
AcDbLine
 10
213.42517988220087
 20
431.9456260550298
 30
0.0
 11
212.9198652459704
 21
432.45094069126026
 31
0.0
  0
LINE
  5
992
330
17
100
AcDbEntity
  8
ENGRAVE
100
AcDbLine
 10
219.23629819885127
 20
431.9456260550298
 30
0.0
 11
219.23629819885127
 21
436.99877241733446
 31
0.0
  0
LINE
  5
993
330
17
100
AcDbEntity
  8
ENGRAVE
100
AcDbLine
 10
219.23629819885127
 20
436.99877241733446
 30
0.0
 11
216.96238233581417
 21
433.71422728183643
 31
0.0
  0
LINE
  5
994
330
17
100
AcDbEntity
  8
ENGRAVE
100
AcDbLine
 10
216.96238233581417
 20
433.71422728183643
 30
0.0
 11
219.99427015319696
 21
433.71422728183643
 31
0.0
  0
LINE
  5
995
330
17
100
AcDbEntity
  8
CUT
100
AcDbLine
 10
434.34871111111124
 20
265.4861166666668
 30
0.0
 11
440.3163000000001
 21
265.4861166666668
 31
0.0
  0
LINE
  5
996
330
17
100
AcDbEntity
  8
CUT
100
AcDbLine
 10
440.3163000000001
 20
231.44306111111123
 30
0.0
 11
434.34871111111124
 21
231.44306111111123
 31
0.0
  0
LINE
  5
997
330
17
100
AcDbEntity
  8
CUT
100
AcDbLine
 10
434.34871111111124
 20
231.44306111111123
 30
0.0
 11
434.34871111111124
 21
265.4861166666668
 31
0.0
  0
LINE
  5
998
330
17
100
AcDbEntity
  8
CUT
100
AcDbLine
 10
440.3163000000001
 20
265.4861166666668
 30
0.0
 11
440.3163000000001
 21
231.44306111111123
 31
0.0
  0
LINE
  5
999
330
17
100
AcDbEntity
  8
CUT
100
AcDbLine
 10
443.31667500000015
 20
268.4868444444446
 30
0.0
 11
431.34798333333345
 21
268.4868444444446
 31
0.0
  0
LINE
  5
99A
330
17
100
AcDbEntity
  8
CUT
100
AcDbLine
 10
431.34798333333345
 20
228.44268611111113
 30
0.0
 11
443.31667500000015
 21
228.44268611111113
 31
0.0
  0
LINE
  5
99B
330
17
100
AcDbEntity
  8
CUT
100
AcDbLine
 10
443.31667500000015
 20
228.44268611111113
 30
0.0
 11
443.31667500000015
 21
268.4868444444445
 31
0.0
  0
LINE
  5
99C
330
17
100
AcDbEntity
  8
CUT
100
AcDbLine
 10
431.34798333333345
 20
268.4868444444446
 30
0.0
 11
431.34798333333345
 21
228.44268611111113
 31
0.0
  0
LINE
  5
99D
330
17
100
AcDbEntity
  8
ENGRAVE
100
AcDbLine
 10
432.03410539024543
 20
265.0144179065214
 30
0.0
 11
431.8484883248157
 21
265.200034971951
 31
0.0
  0
LINE
  5
99E
330
17
100
AcDbEntity
  8
ENGRAVE
100
AcDbLine
 10
431.8484883248157
 20
265.200034971951
 30
0.0
 11
431.8484883248157
 21
265.9425032336698
 31
0.0
  0
LINE
  5
99F
330
17
100
AcDbEntity
  8
ENGRAVE
100
AcDbLine
 10
431.8484883248157
 20
265.9425032336698
 30
0.0
 11
432.03410539024543
 21
266.12812029909946
 31
0.0
  0
LINE
  5
9A0
330
17
100
AcDbEntity
  8
ENGRAVE
100
AcDbLine
 10
432.03410539024543
 20
266.12812029909946
 30
0.0
 11
432.47958634727667
 21
266.12812029909946
 31
0.0
  0
LINE
  5
9A1
330
17
100
AcDbEntity
  8
ENGRAVE
100
AcDbLine
 10
432.47958634727667
 20
266.12812029909946
 30
0.0
 11
432.6652034127063
 21
265.9425032336698
 31
0.0
  0
LINE
  5
9A2
330
17
100
AcDbEntity
  8
ENGRAVE
100
AcDbLine
 10
432.6652034127063
 20
265.9425032336698
 30
0.0
 11
432.6652034127063
 21
265.38565203738074
 31
0.0
  0
LINE
  5
9A3
330
17
100
AcDbEntity
  8
ENGRAVE
100
AcDbLine
 10
432.6652034127063
 20
265.9425032336698
 30
0.0
 11
432.85082047813603
 21
266.12812029909946
 31
0.0
  0
LINE
  5
9A4
330
17
100
AcDbEntity
  8
ENGRAVE
100
AcDbLine
 10
432.85082047813603
 20
266.12812029909946
 30
0.0
 11
433.5190419136829
 21
266.12812029909946
 31
0.0
  0
LINE
  5
9A5
330
17
100
AcDbEntity
  8
ENGRAVE
100
AcDbLine
 10
433.5190419136829
 20
266.12812029909946
 30
0.0
 11
433.7046589791126
 21
265.9425032336698
 31
0.0
  0
LINE
  5
9A6
330
17
100
AcDbEntity
  8
ENGRAVE
100
AcDbLine
 10
433.7046589791126
 20
265.9425032336698
 30
0.0
 11
433.7046589791126
 21
265.200034971951
 31
0.0
  0
LINE
  5
9A7
330
17
100
AcDbEntity
  8
ENGRAVE
100
AcDbLine
 10
433.7046589791126
 20
265.200034971951
 30
0.0
 11
433.5190419136829
 21
265.0144179065214
 31
0.0
  0
LINE
  5
9A8
330
17
100
AcDbEntity
  8
ENGRAVE
100
AcDbLine
 10
431.8484883248157
 20
267.613056822537
 30
0.0
 11
431.8484883248157
 21
266.68497149538854
 31
0.0
  0
LINE
  5
9A9
330
17
100
AcDbEntity
  8
ENGRAVE
100
AcDbLine
 10
431.8484883248157
 20
266.68497149538854
 30
0.0
 11
432.59095658653445
 21
266.68497149538854
 31
0.0
  0
LINE
  5
9AA
330
17
100
AcDbEntity
  8
ENGRAVE
100
AcDbLine
 10
432.59095658653445
 20
266.68497149538854
 30
0.0
 11
432.59095658653445
 21
267.4274397571073
 31
0.0
  0
LINE
  5
9AB
330
17
100
AcDbEntity
  8
ENGRAVE
100
AcDbLine
 10
432.59095658653445
 20
267.4274397571073
 30
0.0
 11
432.77657365196416
 21
267.613056822537
 31
0.0
  0
LINE
  5
9AC
330
17
100
AcDbEntity
  8
ENGRAVE
100
AcDbLine
 10
432.77657365196416
 20
267.613056822537
 30
0.0
 11
433.5190419136829
 21
267.613056822537
 31
0.0
  0
LINE
  5
9AD
330
17
100
AcDbEntity
  8
ENGRAVE
100
AcDbLine
 10
433.5190419136829
 20
267.613056822537
 30
0.0
 11
433.7046589791126
 21
267.4274397571073
 31
0.0
  0
LINE
  5
9AE
330
17
100
AcDbEntity
  8
ENGRAVE
100
AcDbLine
 10
433.7046589791126
 20
267.4274397571073
 30
0.0
 11
433.7046589791126
 21
266.68497149538854
 31
0.0
  0
LINE
  5
9AF
330
17
100
AcDbEntity
  8
ENGRAVE
100
AcDbLine
 10
433.7046589791126
 20
266.68497149538854
 30
0.0
 11
433.5190419136829
 21
266.4993544299589
 31
0.0
  0
LINE
  5
9B0
330
17
100
AcDbEntity
  8
CUT
100
AcDbLine
 10
290.5138472222225
 20
246.34150555555564
 30
0.0
 11
296.4814361111114
 21
246.34150555555564
 31
0.0
  0
LINE
  5
9B1
330
17
100
AcDbEntity
  8
CUT
100
AcDbLine
 10
296.4814361111114
 20
212.29845000000003
 30
0.0
 11
290.5138472222225
 21
212.29845000000003
 31
0.0
  0
LINE
  5
9B2
330
17
100
AcDbEntity
  8
CUT
100
AcDbLine
 10
290.5138472222225
 20
212.29845000000003
 30
0.0
 11
290.5138472222225
 21
246.34150555555564
 31
0.0
  0
LINE
  5
9B3
330
17
100
AcDbEntity
  8
CUT
100
AcDbLine
 10
296.4814361111114
 20
246.34150555555564
 30
0.0
 11
296.4814361111114
 21
212.29845000000003
 31
0.0
  0
LINE
  5
9B4
330
17
100
AcDbEntity
  8
CUT
100
AcDbLine
 10
299.4818111111114
 20
249.34223333333344
 30
0.0
 11
287.5131194444447
 21
249.34223333333344
 31
0.0
  0
LINE
  5
9B5
330
17
100
AcDbEntity
  8
CUT
100
AcDbLine
 10
287.5131194444447
 20
209.29807499999993
 30
0.0
 11
299.4818111111114
 21
209.29807499999993
 31
0.0
  0
LINE
  5
9B6
330
17
100
AcDbEntity
  8
CUT
100
AcDbLine
 10
299.4818111111114
 20
209.29807499999993
 30
0.0
 11
299.4818111111114
 21
249.34223333333333
 31
0.0
  0
LINE
  5
9B7
330
17
100
AcDbEntity
  8
CUT
100
AcDbLine
 10
287.5131194444447
 20
249.34223333333344
 30
0.0
 11
287.5131194444447
 21
209.29807499999993
 31
0.0
  0
LINE
  5
9B8
330
17
100
AcDbEntity
  8
ENGRAVE
100
AcDbLine
 10
288.1992415013567
 20
245.86980679541017
 30
0.0
 11
288.013624435927
 21
246.05542386083985
 31
0.0
  0
LINE
  5
9B9
330
17
100
AcDbEntity
  8
ENGRAVE
100
AcDbLine
 10
288.013624435927
 20
246.05542386083985
 30
0.0
 11
288.013624435927
 21
246.7978921225586
 31
0.0
  0
LINE
  5
9BA
330
17
100
AcDbEntity
  8
ENGRAVE
100
AcDbLine
 10
288.013624435927
 20
246.7978921225586
 30
0.0
 11
288.1992415013567
 21
246.9835091879883
 31
0.0
  0
LINE
  5
9BB
330
17
100
AcDbEntity
  8
ENGRAVE
100
AcDbLine
 10
288.1992415013567
 20
246.9835091879883
 30
0.0
 11
288.64472245838795
 21
246.9835091879883
 31
0.0
  0
LINE
  5
9BC
330
17
100
AcDbEntity
  8
ENGRAVE
100
AcDbLine
 10
288.64472245838795
 20
246.9835091879883
 30
0.0
 11
288.8303395238176
 21
246.7978921225586
 31
0.0
  0
LINE
  5
9BD
330
17
100
AcDbEntity
  8
ENGRAVE
100
AcDbLine
 10
288.8303395238176
 20
246.7978921225586
 30
0.0
 11
288.8303395238176
 21
246.24104092626953
 31
0.0
  0
LINE
  5
9BE
330
17
100
AcDbEntity
  8
ENGRAVE
100
AcDbLine
 10
288.8303395238176
 20
246.7978921225586
 30
0.0
 11
289.0159565892473
 21
246.9835091879883
 31
0.0
  0
LINE
  5
9BF
330
17
100
AcDbEntity
  8
ENGRAVE
100
AcDbLine
 10
289.0159565892473
 20
246.9835091879883
 30
0.0
 11
289.68417802479416
 21
246.9835091879883
 31
0.0
  0
LINE
  5
9C0
330
17
100
AcDbEntity
  8
ENGRAVE
100
AcDbLine
 10
289.68417802479416
 20
246.9835091879883
 30
0.0
 11
289.8697950902239
 21
246.7978921225586
 31
0.0
  0
LINE
  5
9C1
330
17
100
AcDbEntity
  8
ENGRAVE
100
AcDbLine
 10
289.8697950902239
 20
246.7978921225586
 30
0.0
 11
289.8697950902239
 21
246.05542386083985
 31
0.0
  0
LINE
  5
9C2
330
17
100
AcDbEntity
  8
ENGRAVE
100
AcDbLine
 10
289.8697950902239
 20
246.05542386083985
 30
0.0
 11
289.68417802479416
 21
245.86980679541017
 31
0.0
  0
LINE
  5
9C3
330
17
100
AcDbEntity
  8
ENGRAVE
100
AcDbLine
 10
288.013624435927
 20
248.46844571142577
 30
0.0
 11
288.013624435927
 21
247.54036038427734
 31
0.0
  0
LINE
  5
9C4
330
17
100
AcDbEntity
  8
ENGRAVE
100
AcDbLine
 10
288.013624435927
 20
247.54036038427734
 30
0.0
 11
288.7560926976457
 21
247.54036038427734
 31
0.0
  0
LINE
  5
9C5
330
17
100
AcDbEntity
  8
ENGRAVE
100
AcDbLine
 10
288.7560926976457
 20
247.54036038427734
 30
0.0
 11
288.7560926976457
 21
248.2828286459961
 31
0.0
  0
LINE
  5
9C6
330
17
100
AcDbEntity
  8
ENGRAVE
100
AcDbLine
 10
288.7560926976457
 20
248.2828286459961
 30
0.0
 11
288.94170976307544
 21
248.46844571142577
 31
0.0
  0
LINE
  5
9C7
330
17
100
AcDbEntity
  8
ENGRAVE
100
AcDbLine
 10
288.94170976307544
 20
248.46844571142577
 30
0.0
 11
289.68417802479416
 21
248.46844571142577
 31
0.0
  0
LINE
  5
9C8
330
17
100
AcDbEntity
  8
ENGRAVE
100
AcDbLine
 10
289.68417802479416
 20
248.46844571142577
 30
0.0
 11
289.8697950902239
 21
248.2828286459961
 31
0.0
  0
LINE
  5
9C9
330
17
100
AcDbEntity
  8
ENGRAVE
100
AcDbLine
 10
289.8697950902239
 20
248.2828286459961
 30
0.0
 11
289.8697950902239
 21
247.54036038427734
 31
0.0
  0
LINE
  5
9CA
330
17
100
AcDbEntity
  8
ENGRAVE
100
AcDbLine
 10
289.8697950902239
 20
247.54036038427734
 30
0.0
 11
289.68417802479416
 21
247.35474331884765
 31
0.0
  0
LINE
  5
9CB
330
17
100
AcDbEntity
  8
CUT
100
AcDbLine
 10
307.7548472222222
 20
427.4991999999997
 30
0.0
 11
307.7548472222222
 21
424.49882499999967
 31
0.0
  0
LINE
  5
9CC
330
17
100
AcDbEntity
  8
CUT
100
AcDbLine
 10
305.4882499999999
 20
441.03951666666626
 30
0.0
 11
305.4882499999999
 21
427.4991999999997
 31
0.0
  0
LINE
  5
9CD
330
17
100
AcDbEntity
  8
CUT
100
AcDbLine
 10
304.7541194444445
 20
424.49882499999967
 30
0.0
 11
304.7541194444445
 21
421.4980972222219
 31
0.0
  0
LINE
  5
9CE
330
17
100
AcDbEntity
  8
CUT
100
AcDbLine
 10
328.7045555555555
 20
421.4980972222219
 30
0.0
 11
328.7045555555555
 21
424.49882499999967
 31
0.0
  0
LINE
  5
9CF
330
17
100
AcDbEntity
  8
CUT
100
AcDbLine
 10
327.97042499999986
 20
427.4991999999997
 30
0.0
 11
327.97042499999986
 21
441.03951666666626
 31
0.0
  0
LINE
  5
9D0
330
17
100
AcDbEntity
  8
CUT
100
AcDbLine
 10
325.70382777777786
 20
424.49882499999967
 30
0.0
 11
325.70382777777786
 21
427.4991999999997
 31
0.0
  0
LINE
  5
9D1
330
17
100
AcDbEntity
  8
CUT
100
AcDbLine
 10
307.7548472222222
 20
424.49882499999967
 30
0.0
 11
304.7541194444445
 21
424.49882499999967
 31
0.0
  0
LINE
  5
9D2
330
17
100
AcDbEntity
  8
CUT
100
AcDbLine
 10
328.7045555555555
 20
424.49882499999967
 30
0.0
 11
325.70382777777786
 21
424.49882499999967
 31
0.0
  0
LINE
  5
9D3
330
17
100
AcDbEntity
  8
CUT
100
AcDbLine
 10
327.97042499999986
 20
441.03951666666626
 30
0.0
 11
305.4882499999999
 21
441.03951666666626
 31
0.0
  0
LINE
  5
9D4
330
17
100
AcDbEntity
  8
CUT
100
AcDbLine
 10
325.70382777777786
 20
427.4991999999997
 30
0.0
 11
327.97042499999986
 21
427.4991999999997
 31
0.0
  0
LINE
  5
9D5
330
17
100
AcDbEntity
  8
CUT
100
AcDbLine
 10
305.4882499999999
 20
427.4991999999997
 30
0.0
 11
307.7548472222222
 21
427.4991999999997
 31
0.0
  0
LINE
  5
9D6
330
17
100
AcDbEntity
  8
CUT
100
AcDbLine
 10
304.7541194444445
 20
421.4980972222219
 30
0.0
 11
328.7045555555555
 21
421.4980972222219
 31
0.0
  0
LINE
  5
9D7
330
17
100
AcDbEntity
  8
ENGRAVE
100
AcDbLine
 10
311.82917919608684
 20
434.0780673535849
 30
0.0
 11
312.5291685149345
 21
434.77805667243257
 31
0.0
  0
LINE
  5
9D8
330
17
100
AcDbEntity
  8
ENGRAVE
100
AcDbLine
 10
312.5291685149345
 20
434.77805667243257
 30
0.0
 11
315.3291257903251
 21
434.77805667243257
 31
0.0
  0
LINE
  5
9D9
330
17
100
AcDbEntity
  8
ENGRAVE
100
AcDbLine
 10
315.3291257903251
 20
434.77805667243257
 30
0.0
 11
316.0291151091728
 21
434.0780673535849
 31
0.0
  0
LINE
  5
9DA
330
17
100
AcDbEntity
  8
ENGRAVE
100
AcDbLine
 10
316.0291151091728
 20
434.0780673535849
 30
0.0
 11
316.0291151091728
 21
432.3980929883505
 31
0.0
  0
LINE
  5
9DB
330
17
100
AcDbEntity
  8
ENGRAVE
100
AcDbLine
 10
316.0291151091728
 20
432.3980929883505
 30
0.0
 11
315.3291257903251
 21
431.69810366950287
 31
0.0
  0
LINE
  5
9DC
330
17
100
AcDbEntity
  8
ENGRAVE
100
AcDbLine
 10
315.3291257903251
 20
431.69810366950287
 30
0.0
 11
313.22915783378215
 21
431.69810366950287
 31
0.0
  0
LINE
  5
9DD
330
17
100
AcDbEntity
  8
ENGRAVE
100
AcDbLine
 10
315.3291257903251
 20
431.69810366950287
 30
0.0
 11
316.0291151091728
 21
430.9981143506552
 31
0.0
  0
LINE
  5
9DE
330
17
100
AcDbEntity
  8
ENGRAVE
100
AcDbLine
 10
316.0291151091728
 20
430.9981143506552
 30
0.0
 11
316.0291151091728
 21
428.47815280280366
 31
0.0
  0
LINE
  5
9DF
330
17
100
AcDbEntity
  8
ENGRAVE
100
AcDbLine
 10
316.0291151091728
 20
428.47815280280366
 30
0.0
 11
315.3291257903251
 21
427.778163483956
 31
0.0
  0
LINE
  5
9E0
330
17
100
AcDbEntity
  8
ENGRAVE
100
AcDbLine
 10
315.3291257903251
 20
427.778163483956
 30
0.0
 11
312.5291685149345
 21
427.778163483956
 31
0.0
  0
LINE
  5
9E1
330
17
100
AcDbEntity
  8
ENGRAVE
100
AcDbLine
 10
312.5291685149345
 20
427.778163483956
 30
0.0
 11
311.82917919608684
 21
428.47815280280366
 31
0.0
  0
LINE
  5
9E2
330
17
100
AcDbEntity
  8
ENGRAVE
100
AcDbLine
 10
320.9290403411064
 20
434.77805667243257
 30
0.0
 11
318.8290723845634
 21
434.77805667243257
 31
0.0
  0
LINE
  5
9E3
330
17
100
AcDbEntity
  8
ENGRAVE
100
AcDbLine
 10
318.8290723845634
 20
434.77805667243257
 30
0.0
 11
317.4290937468681
 21
432.6780887158896
 31
0.0
  0
LINE
  5
9E4
330
17
100
AcDbEntity
  8
ENGRAVE
100
AcDbLine
 10
317.4290937468681
 20
432.6780887158896
 30
0.0
 11
317.4290937468681
 21
429.1781421216513
 31
0.0
  0
LINE
  5
9E5
330
17
100
AcDbEntity
  8
ENGRAVE
100
AcDbLine
 10
317.4290937468681
 20
429.1781421216513
 30
0.0
 11
318.12908306571575
 21
427.778163483956
 31
0.0
  0
LINE
  5
9E6
330
17
100
AcDbEntity
  8
ENGRAVE
100
AcDbLine
 10
318.12908306571575
 20
427.778163483956
 30
0.0
 11
320.9290403411064
 21
427.778163483956
 31
0.0
  0
LINE
  5
9E7
330
17
100
AcDbEntity
  8
ENGRAVE
100
AcDbLine
 10
320.9290403411064
 20
427.778163483956
 30
0.0
 11
321.629029659954
 21
429.1781421216513
 31
0.0
  0
LINE
  5
9E8
330
17
100
AcDbEntity
  8
ENGRAVE
100
AcDbLine
 10
321.629029659954
 20
429.1781421216513
 30
0.0
 11
321.629029659954
 21
430.2281260999228
 31
0.0
  0
LINE
  5
9E9
330
17
100
AcDbEntity
  8
ENGRAVE
100
AcDbLine
 10
321.629029659954
 20
430.2281260999228
 30
0.0
 11
320.9290403411064
 21
431.2781100781943
 31
0.0
  0
LINE
  5
9EA
330
17
100
AcDbEntity
  8
ENGRAVE
100
AcDbLine
 10
320.9290403411064
 20
431.2781100781943
 30
0.0
 11
318.12908306571575
 21
431.2781100781943
 31
0.0
  0
LINE
  5
9EB
330
17
100
AcDbEntity
  8
ENGRAVE
100
AcDbLine
 10
318.12908306571575
 20
431.2781100781943
 30
0.0
 11
317.4290937468681
 21
430.2281260999228
 31
0.0
  0
LINE
  5
9EC
330
17
100
AcDbEntity
  8
CUT
100
AcDbLine
 10
366.4880472222221
 20
272.51128888888906
 30
0.0
 11
366.4880472222221
 21
269.51091388888904
 31
0.0
  0
LINE
  5
9ED
330
17
100
AcDbEntity
  8
CUT
100
AcDbLine
 10
364.22144999999983
 20
286.0516055555556
 30
0.0
 11
364.22144999999983
 21
272.51128888888906
 31
0.0
  0
LINE
  5
9EE
330
17
100
AcDbEntity
  8
CUT
100
AcDbLine
 10
363.48731944444444
 20
269.51091388888904
 30
0.0
 11
363.48731944444444
 21
266.51018611111124
 31
0.0
  0
LINE
  5
9EF
330
17
100
AcDbEntity
  8
CUT
100
AcDbLine
 10
387.43775555555544
 20
266.51018611111124
 30
0.0
 11
387.43775555555544
 21
269.51091388888904
 31
0.0
  0
LINE
  5
9F0
330
17
100
AcDbEntity
  8
CUT
100
AcDbLine
 10
386.7036249999999
 20
272.51128888888906
 30
0.0
 11
386.7036249999999
 21
286.0516055555556
 31
0.0
  0
LINE
  5
9F1
330
17
100
AcDbEntity
  8
CUT
100
AcDbLine
 10
384.43702777777787
 20
269.51091388888904
 30
0.0
 11
384.43702777777787
 21
272.51128888888906
 31
0.0
  0
LINE
  5
9F2
330
17
100
AcDbEntity
  8
CUT
100
AcDbLine
 10
366.4880472222221
 20
269.51091388888904
 30
0.0
 11
363.48731944444444
 21
269.51091388888904
 31
0.0
  0
LINE
  5
9F3
330
17
100
AcDbEntity
  8
CUT
100
AcDbLine
 10
387.43775555555544
 20
269.51091388888904
 30
0.0
 11
384.43702777777787
 21
269.51091388888904
 31
0.0
  0
LINE
  5
9F4
330
17
100
AcDbEntity
  8
CUT
100
AcDbLine
 10
386.7036249999999
 20
286.0516055555556
 30
0.0
 11
364.22144999999983
 21
286.0516055555556
 31
0.0
  0
LINE
  5
9F5
330
17
100
AcDbEntity
  8
CUT
100
AcDbLine
 10
384.43702777777787
 20
272.51128888888906
 30
0.0
 11
386.7036249999999
 21
272.51128888888906
 31
0.0
  0
LINE
  5
9F6
330
17
100
AcDbEntity
  8
CUT
100
AcDbLine
 10
364.22144999999983
 20
272.51128888888906
 30
0.0
 11
366.4880472222221
 21
272.51128888888906
 31
0.0
  0
LINE
  5
9F7
330
17
100
AcDbEntity
  8
CUT
100
AcDbLine
 10
363.48731944444444
 20
266.51018611111124
 30
0.0
 11
387.43775555555544
 21
266.51018611111124
 31
0.0
  0
LINE
  5
9F8
330
17
100
AcDbEntity
  8
ENGRAVE
100
AcDbLine
 10
370.5623791960868
 20
279.0901562424743
 30
0.0
 11
371.26236851493445
 21
279.79014556132194
 31
0.0
  0
LINE
  5
9F9
330
17
100
AcDbEntity
  8
ENGRAVE
100
AcDbLine
 10
371.26236851493445
 20
279.79014556132194
 30
0.0
 11
374.0623257903251
 21
279.79014556132194
 31
0.0
  0
LINE
  5
9FA
330
17
100
AcDbEntity
  8
ENGRAVE
100
AcDbLine
 10
374.0623257903251
 20
279.79014556132194
 30
0.0
 11
374.76231510917273
 21
279.0901562424743
 31
0.0
  0
LINE
  5
9FB
330
17
100
AcDbEntity
  8
ENGRAVE
100
AcDbLine
 10
374.76231510917273
 20
279.0901562424743
 30
0.0
 11
374.76231510917273
 21
277.4101818772399
 31
0.0
  0
LINE
  5
9FC
330
17
100
AcDbEntity
  8
ENGRAVE
100
AcDbLine
 10
374.76231510917273
 20
277.4101818772399
 30
0.0
 11
374.0623257903251
 21
276.71019255839224
 31
0.0
  0
LINE
  5
9FD
330
17
100
AcDbEntity
  8
ENGRAVE
100
AcDbLine
 10
374.0623257903251
 20
276.71019255839224
 30
0.0
 11
371.9623578337821
 21
276.71019255839224
 31
0.0
  0
LINE
  5
9FE
330
17
100
AcDbEntity
  8
ENGRAVE
100
AcDbLine
 10
374.0623257903251
 20
276.71019255839224
 30
0.0
 11
374.76231510917273
 21
276.0102032395446
 31
0.0
  0
LINE
  5
9FF
330
17
100
AcDbEntity
  8
ENGRAVE
100
AcDbLine
 10
374.76231510917273
 20
276.0102032395446
 30
0.0
 11
374.76231510917273
 21
273.49024169169303
 31
0.0
  0
LINE
  5
A00
330
17
100
AcDbEntity
  8
ENGRAVE
100
AcDbLine
 10
374.76231510917273
 20
273.49024169169303
 30
0.0
 11
374.0623257903251
 21
272.7902523728454
 31
0.0
  0
LINE
  5
A01
330
17
100
AcDbEntity
  8
ENGRAVE
100
AcDbLine
 10
374.0623257903251
 20
272.7902523728454
 30
0.0
 11
371.26236851493445
 21
272.7902523728454
 31
0.0
  0
LINE
  5
A02
330
17
100
AcDbEntity
  8
ENGRAVE
100
AcDbLine
 10
371.26236851493445
 20
272.7902523728454
 30
0.0
 11
370.5623791960868
 21
273.49024169169303
 31
0.0
  0
LINE
  5
A03
330
17
100
AcDbEntity
  8
ENGRAVE
100
AcDbLine
 10
379.6622403411063
 20
279.79014556132194
 30
0.0
 11
377.56227238456336
 21
279.79014556132194
 31
0.0
  0
LINE
  5
A04
330
17
100
AcDbEntity
  8
ENGRAVE
100
AcDbLine
 10
377.56227238456336
 20
279.79014556132194
 30
0.0
 11
376.16229374686804
 21
277.69017760477897
 31
0.0
  0
LINE
  5
A05
330
17
100
AcDbEntity
  8
ENGRAVE
100
AcDbLine
 10
376.16229374686804
 20
277.69017760477897
 30
0.0
 11
376.16229374686804
 21
274.1902310105407
 31
0.0
  0
LINE
  5
A06
330
17
100
AcDbEntity
  8
ENGRAVE
100
AcDbLine
 10
376.16229374686804
 20
274.1902310105407
 30
0.0
 11
376.8622830657157
 21
272.7902523728454
 31
0.0
  0
LINE
  5
A07
330
17
100
AcDbEntity
  8
ENGRAVE
100
AcDbLine
 10
376.8622830657157
 20
272.7902523728454
 30
0.0
 11
379.6622403411063
 21
272.7902523728454
 31
0.0
  0
LINE
  5
A08
330
17
100
AcDbEntity
  8
ENGRAVE
100
AcDbLine
 10
379.6622403411063
 20
272.7902523728454
 30
0.0
 11
380.362229659954
 21
274.1902310105407
 31
0.0
  0
LINE
  5
A09
330
17
100
AcDbEntity
  8
ENGRAVE
100
AcDbLine
 10
380.362229659954
 20
274.1902310105407
 30
0.0
 11
380.362229659954
 21
275.24021498881217
 31
0.0
  0
LINE
  5
A0A
330
17
100
AcDbEntity
  8
ENGRAVE
100
AcDbLine
 10
380.362229659954
 20
275.24021498881217
 30
0.0
 11
379.6622403411063
 21
276.29019896708365
 31
0.0
  0
LINE
  5
A0B
330
17
100
AcDbEntity
  8
ENGRAVE
100
AcDbLine
 10
379.6622403411063
 20
276.29019896708365
 30
0.0
 11
376.8622830657157
 21
276.29019896708365
 31
0.0
  0
LINE
  5
A0C
330
17
100
AcDbEntity
  8
ENGRAVE
100
AcDbLine
 10
376.8622830657157
 20
276.29019896708365
 30
0.0
 11
376.16229374686804
 21
275.24021498881217
 31
0.0
  0
LINE
  5
A0D
330
17
100
AcDbEntity
  8
CUT
100
AcDbLine
 10
347.20455277777796
 20
114.02170555555561
 30
0.0
 11
347.20455277777796
 21
111.02133055555558
 31
0.0
  0
LINE
  5
A0E
330
17
100
AcDbEntity
  8
CUT
100
AcDbLine
 10
355.29656944444446
 20
121.53693055555551
 30
0.0
 11
340.33738055555557
 21
125.4644055555555
 31
0.0
  0
LINE
  5
A0F
330
17
100
AcDbEntity
  8
CUT
100
AcDbLine
 10
340.33738055555557
 20
125.4644055555555
 30
0.0
 11
340.33738055555557
 21
114.02170555555561
 31
0.0
  0
LINE
  5
A10
330
17
100
AcDbEntity
  8
CUT
100
AcDbLine
 10
340.33738055555557
 20
99.57863055555549
 30
0.0
 11
355.29656944444446
 21
103.50645833333331
 31
0.0
  0
LINE
  5
A11
330
17
100
AcDbEntity
  8
CUT
100
AcDbLine
 10
340.33738055555557
 20
111.02133055555558
 30
0.0
 11
340.33738055555557
 21
99.57863055555549
 31
0.0
  0
LINE
  5
A12
330
17
100
AcDbEntity
  8
CUT
100
AcDbLine
 10
355.29656944444446
 20
103.50645833333331
 30
0.0
 11
355.29656944444446
 21
121.53693055555551
 31
0.0
  0
LINE
  5
A13
330
17
100
AcDbEntity
  8
CUT
100
AcDbLine
 10
340.33738055555557
 20
114.02170555555561
 30
0.0
 11
347.20455277777796
 21
114.02170555555561
 31
0.0
  0
LINE
  5
A14
330
17
100
AcDbEntity
  8
CUT
100
AcDbLine
 10
347.20455277777796
 20
111.02133055555558
 30
0.0
 11
340.33738055555557
 21
111.02133055555558
 31
0.0
  0
LINE
  5
A15
330
17
100
AcDbEntity
  8
ENGRAVE
100
AcDbLine
 10
341.3758662619301
 20
121.29409901290667
 30
0.0
 11
341.9883448996255
 21
121.90657765060199
 31
0.0
  0
LINE
  5
A16
330
17
100
AcDbEntity
  8
ENGRAVE
100
AcDbLine
 10
341.9883448996255
 20
121.90657765060199
 30
0.0
 11
344.4382594504067
 21
121.90657765060199
 31
0.0
  0
LINE
  5
A17
330
17
100
AcDbEntity
  8
ENGRAVE
100
AcDbLine
 10
344.4382594504067
 20
121.90657765060199
 30
0.0
 11
345.05073808810204
 21
121.29409901290667
 31
0.0
  0
LINE
  5
A18
330
17
100
AcDbEntity
  8
ENGRAVE
100
AcDbLine
 10
345.05073808810204
 20
121.29409901290667
 30
0.0
 11
345.05073808810204
 21
119.82415028243793
 31
0.0
  0
LINE
  5
A19
330
17
100
AcDbEntity
  8
ENGRAVE
100
AcDbLine
 10
345.05073808810204
 20
119.82415028243793
 30
0.0
 11
344.4382594504067
 21
119.21167164474261
 31
0.0
  0
LINE
  5
A1A
330
17
100
AcDbEntity
  8
ENGRAVE
100
AcDbLine
 10
344.4382594504067
 20
119.21167164474261
 30
0.0
 11
342.60082353732076
 21
119.21167164474261
 31
0.0
  0
LINE
  5
A1B
330
17
100
AcDbEntity
  8
ENGRAVE
100
AcDbLine
 10
344.4382594504067
 20
119.21167164474261
 30
0.0
 11
345.05073808810204
 21
118.5991930070473
 31
0.0
  0
LINE
  5
A1C
330
17
100
AcDbEntity
  8
ENGRAVE
100
AcDbLine
 10
345.05073808810204
 20
118.5991930070473
 30
0.0
 11
345.05073808810204
 21
116.39426991134418
 31
0.0
  0
LINE
  5
A1D
330
17
100
AcDbEntity
  8
ENGRAVE
100
AcDbLine
 10
345.05073808810204
 20
116.39426991134418
 30
0.0
 11
344.4382594504067
 21
115.78179127364886
 31
0.0
  0
LINE
  5
A1E
330
17
100
AcDbEntity
  8
ENGRAVE
100
AcDbLine
 10
344.4382594504067
 20
115.78179127364886
 30
0.0
 11
341.9883448996255
 21
115.78179127364886
 31
0.0
  0
LINE
  5
A1F
330
17
100
AcDbEntity
  8
ENGRAVE
100
AcDbLine
 10
341.9883448996255
 20
115.78179127364886
 30
0.0
 11
341.3758662619301
 21
116.39426991134418
 31
0.0
  0
LINE
  5
A20
330
17
100
AcDbEntity
  8
ENGRAVE
100
AcDbLine
 10
346.2756953634926
 20
121.90657765060199
 30
0.0
 11
349.9505671896645
 21
121.90657765060199
 31
0.0
  0
LINE
  5
A21
330
17
100
AcDbEntity
  8
ENGRAVE
100
AcDbLine
 10
349.9505671896645
 20
121.90657765060199
 30
0.0
 11
347.50065263888325
 21
115.78179127364886
 31
0.0
  0
LINE
  5
A22
330
17
100
AcDbEntity
  8
CUT
100
AcDbLine
 10
347.20455277777796
 20
142.90748055555565
 30
0.0
 11
347.20455277777796
 21
139.9071055555556
 31
0.0
  0
LINE
  5
A23
330
17
100
AcDbEntity
  8
CUT
100
AcDbLine
 10
355.29656944444446
 20
150.42270555555552
 30
0.0
 11
340.33738055555557
 21
154.35018055555554
 31
0.0
  0
LINE
  5
A24
330
17
100
AcDbEntity
  8
CUT
100
AcDbLine
 10
340.33738055555557
 20
154.35018055555554
 30
0.0
 11
340.33738055555557
 21
142.90748055555565
 31
0.0
  0
LINE
  5
A25
330
17
100
AcDbEntity
  8
CUT
100
AcDbLine
 10
340.33738055555557
 20
128.46440555555552
 30
0.0
 11
355.29656944444446
 21
132.39223333333334
 31
0.0
  0
LINE
  5
A26
330
17
100
AcDbEntity
  8
CUT
100
AcDbLine
 10
340.33738055555557
 20
139.9071055555556
 30
0.0
 11
340.33738055555557
 21
128.46440555555552
 31
0.0
  0
LINE
  5
A27
330
17
100
AcDbEntity
  8
CUT
100
AcDbLine
 10
355.29656944444446
 20
132.39223333333334
 30
0.0
 11
355.29656944444446
 21
150.42270555555552
 31
0.0
  0
LINE
  5
A28
330
17
100
AcDbEntity
  8
CUT
100
AcDbLine
 10
340.33738055555557
 20
142.90748055555565
 30
0.0
 11
347.20455277777796
 21
142.90748055555565
 31
0.0
  0
LINE
  5
A29
330
17
100
AcDbEntity
  8
CUT
100
AcDbLine
 10
347.20455277777796
 20
139.9071055555556
 30
0.0
 11
340.33738055555557
 21
139.9071055555556
 31
0.0
  0
LINE
  5
A2A
330
17
100
AcDbEntity
  8
ENGRAVE
100
AcDbLine
 10
341.3758662619301
 20
150.1798740129067
 30
0.0
 11
341.9883448996255
 21
150.79235265060203
 31
0.0
  0
LINE
  5
A2B
330
17
100
AcDbEntity
  8
ENGRAVE
100
AcDbLine
 10
341.9883448996255
 20
150.79235265060203
 30
0.0
 11
344.4382594504067
 21
150.79235265060203
 31
0.0
  0
LINE
  5
A2C
330
17
100
AcDbEntity
  8
ENGRAVE
100
AcDbLine
 10
344.4382594504067
 20
150.79235265060203
 30
0.0
 11
345.05073808810204
 21
150.1798740129067
 31
0.0
  0
LINE
  5
A2D
330
17
100
AcDbEntity
  8
ENGRAVE
100
AcDbLine
 10
345.05073808810204
 20
150.1798740129067
 30
0.0
 11
345.05073808810204
 21
148.70992528243795
 31
0.0
  0
LINE
  5
A2E
330
17
100
AcDbEntity
  8
ENGRAVE
100
AcDbLine
 10
345.05073808810204
 20
148.70992528243795
 30
0.0
 11
344.4382594504067
 21
148.09744664474266
 31
0.0
  0
LINE
  5
A2F
330
17
100
AcDbEntity
  8
ENGRAVE
100
AcDbLine
 10
344.4382594504067
 20
148.09744664474266
 30
0.0
 11
342.60082353732076
 21
148.09744664474266
 31
0.0
  0
LINE
  5
A30
330
17
100
AcDbEntity
  8
ENGRAVE
100
AcDbLine
 10
344.4382594504067
 20
148.09744664474266
 30
0.0
 11
345.05073808810204
 21
147.48496800704734
 31
0.0
  0
LINE
  5
A31
330
17
100
AcDbEntity
  8
ENGRAVE
100
AcDbLine
 10
345.05073808810204
 20
147.48496800704734
 30
0.0
 11
345.05073808810204
 21
145.28004491134422
 31
0.0
  0
LINE
  5
A32
330
17
100
AcDbEntity
  8
ENGRAVE
100
AcDbLine
 10
345.05073808810204
 20
145.28004491134422
 30
0.0
 11
344.4382594504067
 21
144.6675662736489
 31
0.0
  0
LINE
  5
A33
330
17
100
AcDbEntity
  8
ENGRAVE
100
AcDbLine
 10
344.4382594504067
 20
144.6675662736489
 30
0.0
 11
341.9883448996255
 21
144.6675662736489
 31
0.0
  0
LINE
  5
A34
330
17
100
AcDbEntity
  8
ENGRAVE
100
AcDbLine
 10
341.9883448996255
 20
144.6675662736489
 30
0.0
 11
341.3758662619301
 21
145.28004491134422
 31
0.0
  0
LINE
  5
A35
330
17
100
AcDbEntity
  8
ENGRAVE
100
AcDbLine
 10
346.2756953634926
 20
150.79235265060203
 30
0.0
 11
349.9505671896645
 21
150.79235265060203
 31
0.0
  0
LINE
  5
A36
330
17
100
AcDbEntity
  8
ENGRAVE
100
AcDbLine
 10
349.9505671896645
 20
150.79235265060203
 30
0.0
 11
347.50065263888325
 21
144.6675662736489
 31
0.0
  0
LINE
  5
A37
330
17
100
AcDbEntity
  8
CUT
100
AcDbLine
 10
340.33738055555557
 20
168.7932333333332
 30
0.0
 11
340.33738055555557
 21
157.3501805555555
 31
0.0
  0
LINE
  5
A38
330
17
100
AcDbEntity
  8
CUT
100
AcDbLine
 10
340.33738055555557
 20
183.2363083333332
 30
0.0
 11
340.33738055555557
 21
171.7936083333332
 31
0.0
  0
LINE
  5
A39
330
17
100
AcDbEntity
  8
CUT
100
AcDbLine
 10
340.33738055555557
 20
157.3501805555555
 30
0.0
 11
355.2962166666666
 21
161.27800833333322
 31
0.0
  0
LINE
  5
A3A
330
17
100
AcDbEntity
  8
CUT
100
AcDbLine
 10
355.2962166666666
 20
161.27800833333322
 30
0.0
 11
355.2962166666666
 21
179.30848055555538
 31
0.0
  0
LINE
  5
A3B
330
17
100
AcDbEntity
  8
CUT
100
AcDbLine
 10
355.2962166666666
 20
179.30848055555538
 30
0.0
 11
340.33738055555557
 21
183.2363083333332
 31
0.0
  0
LINE
  5
A3C
330
17
100
AcDbEntity
  8
CUT
100
AcDbLine
 10
347.2045527777776
 20
171.7936083333332
 30
0.0
 11
347.2045527777776
 21
168.7932333333332
 31
0.0
  0
LINE
  5
A3D
330
17
100
AcDbEntity
  8
CUT
100
AcDbLine
 10
340.33738055555557
 20
171.7936083333332
 30
0.0
 11
347.2045527777776
 21
171.7936083333332
 31
0.0
  0
LINE
  5
A3E
330
17
100
AcDbEntity
  8
CUT
100
AcDbLine
 10
347.2045527777776
 20
168.7932333333332
 30
0.0
 11
340.33738055555557
 21
168.7932333333332
 31
0.0
  0
LINE
  5
A3F
330
17
100
AcDbEntity
  8
ENGRAVE
100
AcDbLine
 10
341.37581903970766
 20
179.0657740129066
 30
0.0
 11
341.988297677403
 21
179.6782526506019
 31
0.0
  0
LINE
  5
A40
330
17
100
AcDbEntity
  8
ENGRAVE
100
AcDbLine
 10
341.988297677403
 20
179.6782526506019
 30
0.0
 11
344.4382122281842
 21
179.6782526506019
 31
0.0
  0
LINE
  5
A41
330
17
100
AcDbEntity
  8
ENGRAVE
100
AcDbLine
 10
344.4382122281842
 20
179.6782526506019
 30
0.0
 11
345.0506908658796
 21
179.0657740129066
 31
0.0
  0
LINE
  5
A42
330
17
100
AcDbEntity
  8
ENGRAVE
100
AcDbLine
 10
345.0506908658796
 20
179.0657740129066
 30
0.0
 11
345.0506908658796
 21
177.59582528243783
 31
0.0
  0
LINE
  5
A43
330
17
100
AcDbEntity
  8
ENGRAVE
100
AcDbLine
 10
345.0506908658796
 20
177.59582528243783
 30
0.0
 11
344.4382122281842
 21
176.98334664474254
 31
0.0
  0
LINE
  5
A44
330
17
100
AcDbEntity
  8
ENGRAVE
100
AcDbLine
 10
344.4382122281842
 20
176.98334664474254
 30
0.0
 11
342.6007763150983
 21
176.98334664474254
 31
0.0
  0
LINE
  5
A45
330
17
100
AcDbEntity
  8
ENGRAVE
100
AcDbLine
 10
344.4382122281842
 20
176.98334664474254
 30
0.0
 11
345.0506908658796
 21
176.37086800704722
 31
0.0
  0
LINE
  5
A46
330
17
100
AcDbEntity
  8
ENGRAVE
100
AcDbLine
 10
345.0506908658796
 20
176.37086800704722
 30
0.0
 11
345.0506908658796
 21
174.1659449113441
 31
0.0
  0
LINE
  5
A47
330
17
100
AcDbEntity
  8
ENGRAVE
100
AcDbLine
 10
345.0506908658796
 20
174.1659449113441
 30
0.0
 11
344.4382122281842
 21
173.55346627364878
 31
0.0
  0
LINE
  5
A48
330
17
100
AcDbEntity
  8
ENGRAVE
100
AcDbLine
 10
344.4382122281842
 20
173.55346627364878
 30
0.0
 11
341.988297677403
 21
173.55346627364878
 31
0.0
  0
LINE
  5
A49
330
17
100
AcDbEntity
  8
ENGRAVE
100
AcDbLine
 10
341.988297677403
 20
173.55346627364878
 30
0.0
 11
341.37581903970766
 21
174.1659449113441
 31
0.0
  0
LINE
  5
A4A
330
17
100
AcDbEntity
  8
ENGRAVE
100
AcDbLine
 10
347.5006054166608
 20
176.61585946212534
 30
0.0
 11
346.8881267789655
 21
177.1058423722816
 31
0.0
  0
LINE
  5
A4B
330
17
100
AcDbEntity
  8
ENGRAVE
100
AcDbLine
 10
346.8881267789655
 20
177.1058423722816
 30
0.0
 11
346.8881267789655
 21
179.0657740129066
 31
0.0
  0
LINE
  5
A4C
330
17
100
AcDbEntity
  8
ENGRAVE
100
AcDbLine
 10
346.8881267789655
 20
179.0657740129066
 30
0.0
 11
347.5006054166608
 21
179.6782526506019
 31
0.0
  0
LINE
  5
A4D
330
17
100
AcDbEntity
  8
ENGRAVE
100
AcDbLine
 10
347.5006054166608
 20
179.6782526506019
 30
0.0
 11
348.7255626920514
 21
179.6782526506019
 31
0.0
  0
LINE
  5
A4E
330
17
100
AcDbEntity
  8
ENGRAVE
100
AcDbLine
 10
348.7255626920514
 20
179.6782526506019
 30
0.0
 11
349.3380413297467
 21
179.0657740129066
 31
0.0
  0
LINE
  5
A4F
330
17
100
AcDbEntity
  8
ENGRAVE
100
AcDbLine
 10
349.3380413297467
 20
179.0657740129066
 30
0.0
 11
349.3380413297467
 21
177.1058423722816
 31
0.0
  0
LINE
  5
A50
330
17
100
AcDbEntity
  8
ENGRAVE
100
AcDbLine
 10
349.3380413297467
 20
177.1058423722816
 30
0.0
 11
348.7255626920514
 21
176.61585946212534
 31
0.0
  0
LINE
  5
A51
330
17
100
AcDbEntity
  8
ENGRAVE
100
AcDbLine
 10
348.7255626920514
 20
176.61585946212534
 30
0.0
 11
347.5006054166608
 21
176.61585946212534
 31
0.0
  0
LINE
  5
A52
330
17
100
AcDbEntity
  8
ENGRAVE
100
AcDbLine
 10
347.5006054166608
 20
176.61585946212534
 30
0.0
 11
346.7043831876569
 21
176.00338082443002
 31
0.0
  0
LINE
  5
A53
330
17
100
AcDbEntity
  8
ENGRAVE
100
AcDbLine
 10
346.7043831876569
 20
176.00338082443002
 30
0.0
 11
346.7043831876569
 21
174.1659449113441
 31
0.0
  0
LINE
  5
A54
330
17
100
AcDbEntity
  8
ENGRAVE
100
AcDbLine
 10
346.7043831876569
 20
174.1659449113441
 30
0.0
 11
347.5006054166608
 21
173.55346627364878
 31
0.0
  0
LINE
  5
A55
330
17
100
AcDbEntity
  8
ENGRAVE
100
AcDbLine
 10
347.5006054166608
 20
173.55346627364878
 30
0.0
 11
348.7255626920514
 21
173.55346627364878
 31
0.0
  0
LINE
  5
A56
330
17
100
AcDbEntity
  8
ENGRAVE
100
AcDbLine
 10
348.7255626920514
 20
173.55346627364878
 30
0.0
 11
349.5217849210553
 21
174.1659449113441
 31
0.0
  0
LINE
  5
A57
330
17
100
AcDbEntity
  8
ENGRAVE
100
AcDbLine
 10
349.5217849210553
 20
174.1659449113441
 30
0.0
 11
349.5217849210553
 21
176.00338082443002
 31
0.0
  0
LINE
  5
A58
330
17
100
AcDbEntity
  8
ENGRAVE
100
AcDbLine
 10
349.5217849210553
 20
176.00338082443002
 30
0.0
 11
348.7255626920514
 21
176.61585946212534
 31
0.0
  0
LINE
  5
A59
330
17
100
AcDbEntity
  8
CUT
100
AcDbLine
 10
341.3727833333333
 20
364.17949166666654
 30
0.0
 11
352.81583611111097
 21
364.17949166666654
 31
0.0
  0
LINE
  5
A5A
330
17
100
AcDbEntity
  8
CUT
100
AcDbLine
 10
326.9297083333333
 20
364.17949166666654
 30
0.0
 11
338.3724083333333
 21
364.17949166666654
 31
0.0
  0
LINE
  5
A5B
330
17
100
AcDbEntity
  8
CUT
100
AcDbLine
 10
352.81583611111097
 20
364.17949166666654
 30
0.0
 11
348.8880083333333
 21
379.1383277777776
 31
0.0
  0
LINE
  5
A5C
330
17
100
AcDbEntity
  8
CUT
100
AcDbLine
 10
348.8880083333333
 20
379.1383277777776
 30
0.0
 11
330.8575361111111
 21
379.1383277777776
 31
0.0
  0
LINE
  5
A5D
330
17
100
AcDbEntity
  8
CUT
100
AcDbLine
 10
330.8575361111111
 20
379.1383277777776
 30
0.0
 11
326.9297083333333
 21
364.17949166666654
 31
0.0
  0
LINE
  5
A5E
330
17
100
AcDbEntity
  8
CUT
100
AcDbLine
 10
338.3724083333333
 20
371.0466638888886
 30
0.0
 11
341.3727833333333
 21
371.0466638888886
 31
0.0
  0
LINE
  5
A5F
330
17
100
AcDbEntity
  8
CUT
100
AcDbLine
 10
338.3724083333333
 20
364.17949166666654
 30
0.0
 11
338.3724083333333
 21
371.0466638888886
 31
0.0
  0
LINE
  5
A60
330
17
100
AcDbEntity
  8
CUT
100
AcDbLine
 10
341.3727833333333
 20
371.0466638888886
 30
0.0
 11
341.3727833333333
 21
364.17949166666654
 31
0.0
  0
LINE
  5
A61
330
17
100
AcDbEntity
  8
ENGRAVE
100
AcDbLine
 10
331.1002426537599
 20
365.21793015081863
 30
0.0
 11
330.4877640160646
 21
365.830408788514
 31
0.0
  0
LINE
  5
A62
330
17
100
AcDbEntity
  8
ENGRAVE
100
AcDbLine
 10
330.4877640160646
 20
365.830408788514
 30
0.0
 11
330.4877640160646
 21
368.2803233392952
 31
0.0
  0
LINE
  5
A63
330
17
100
AcDbEntity
  8
ENGRAVE
100
AcDbLine
 10
330.4877640160646
 20
368.2803233392952
 30
0.0
 11
331.1002426537599
 21
368.89280197699054
 31
0.0
  0
LINE
  5
A64
330
17
100
AcDbEntity
  8
ENGRAVE
100
AcDbLine
 10
331.1002426537599
 20
368.89280197699054
 30
0.0
 11
332.5701913842287
 21
368.89280197699054
 31
0.0
  0
LINE
  5
A65
330
17
100
AcDbEntity
  8
ENGRAVE
100
AcDbLine
 10
332.5701913842287
 20
368.89280197699054
 30
0.0
 11
333.18267002192397
 21
368.2803233392952
 31
0.0
  0
LINE
  5
A66
330
17
100
AcDbEntity
  8
ENGRAVE
100
AcDbLine
 10
333.18267002192397
 20
368.2803233392952
 30
0.0
 11
333.18267002192397
 21
366.44288742620927
 31
0.0
  0
LINE
  5
A67
330
17
100
AcDbEntity
  8
ENGRAVE
100
AcDbLine
 10
333.18267002192397
 20
368.2803233392952
 30
0.0
 11
333.7951486596193
 21
368.89280197699054
 31
0.0
  0
LINE
  5
A68
330
17
100
AcDbEntity
  8
ENGRAVE
100
AcDbLine
 10
333.7951486596193
 20
368.89280197699054
 30
0.0
 11
336.00007175532244
 21
368.89280197699054
 31
0.0
  0
LINE
  5
A69
330
17
100
AcDbEntity
  8
ENGRAVE
100
AcDbLine
 10
336.00007175532244
 20
368.89280197699054
 30
0.0
 11
336.6125503930177
 21
368.2803233392952
 31
0.0
  0
LINE
  5
A6A
330
17
100
AcDbEntity
  8
ENGRAVE
100
AcDbLine
 10
336.6125503930177
 20
368.2803233392952
 30
0.0
 11
336.6125503930177
 21
365.830408788514
 31
0.0
  0
LINE
  5
A6B
330
17
100
AcDbEntity
  8
ENGRAVE
100
AcDbLine
 10
336.6125503930177
 20
365.830408788514
 30
0.0
 11
336.00007175532244
 21
365.21793015081863
 31
0.0
  0
LINE
  5
A6C
330
17
100
AcDbEntity
  8
ENGRAVE
100
AcDbLine
 10
333.55015720454116
 20
371.34271652777176
 30
0.0
 11
333.0601742943849
 21
370.73023789007647
 31
0.0
  0
LINE
  5
A6D
330
17
100
AcDbEntity
  8
ENGRAVE
100
AcDbLine
 10
333.0601742943849
 20
370.73023789007647
 30
0.0
 11
331.1002426537599
 21
370.73023789007647
 31
0.0
  0
LINE
  5
A6E
330
17
100
AcDbEntity
  8
ENGRAVE
100
AcDbLine
 10
331.1002426537599
 20
370.73023789007647
 30
0.0
 11
330.4877640160646
 21
371.34271652777176
 31
0.0
  0
LINE
  5
A6F
330
17
100
AcDbEntity
  8
ENGRAVE
100
AcDbLine
 10
330.4877640160646
 20
371.34271652777176
 30
0.0
 11
330.4877640160646
 21
372.5676738031624
 31
0.0
  0
LINE
  5
A70
330
17
100
AcDbEntity
  8
ENGRAVE
100
AcDbLine
 10
330.4877640160646
 20
372.5676738031624
 30
0.0
 11
331.1002426537599
 21
373.1801524408577
 31
0.0
  0
LINE
  5
A71
330
17
100
AcDbEntity
  8
ENGRAVE
100
AcDbLine
 10
331.1002426537599
 20
373.1801524408577
 30
0.0
 11
333.0601742943849
 21
373.1801524408577
 31
0.0
  0
LINE
  5
A72
330
17
100
AcDbEntity
  8
ENGRAVE
100
AcDbLine
 10
333.0601742943849
 20
373.1801524408577
 30
0.0
 11
333.55015720454116
 21
372.5676738031624
 31
0.0
  0
LINE
  5
A73
330
17
100
AcDbEntity
  8
ENGRAVE
100
AcDbLine
 10
333.55015720454116
 20
372.5676738031624
 30
0.0
 11
333.55015720454116
 21
371.34271652777176
 31
0.0
  0
LINE
  5
A74
330
17
100
AcDbEntity
  8
ENGRAVE
100
AcDbLine
 10
333.55015720454116
 20
371.34271652777176
 30
0.0
 11
334.16263584223645
 21
370.54649429876787
 31
0.0
  0
LINE
  5
A75
330
17
100
AcDbEntity
  8
ENGRAVE
100
AcDbLine
 10
334.16263584223645
 20
370.54649429876787
 30
0.0
 11
336.00007175532244
 21
370.54649429876787
 31
0.0
  0
LINE
  5
A76
330
17
100
AcDbEntity
  8
ENGRAVE
100
AcDbLine
 10
336.00007175532244
 20
370.54649429876787
 30
0.0
 11
336.6125503930177
 21
371.34271652777176
 31
0.0
  0
LINE
  5
A77
330
17
100
AcDbEntity
  8
ENGRAVE
100
AcDbLine
 10
336.6125503930177
 20
371.34271652777176
 30
0.0
 11
336.6125503930177
 21
372.5676738031624
 31
0.0
  0
LINE
  5
A78
330
17
100
AcDbEntity
  8
ENGRAVE
100
AcDbLine
 10
336.6125503930177
 20
372.5676738031624
 30
0.0
 11
336.00007175532244
 21
373.3638960321663
 31
0.0
  0
LINE
  5
A79
330
17
100
AcDbEntity
  8
ENGRAVE
100
AcDbLine
 10
336.00007175532244
 20
373.3638960321663
 30
0.0
 11
334.16263584223645
 21
373.3638960321663
 31
0.0
  0
LINE
  5
A7A
330
17
100
AcDbEntity
  8
ENGRAVE
100
AcDbLine
 10
334.16263584223645
 20
373.3638960321663
 30
0.0
 11
333.55015720454116
 21
372.5676738031624
 31
0.0
  0
LINE
  5
A7B
330
17
100
AcDbEntity
  8
CUT
100
AcDbLine
 10
343.9946277777779
 20
396.19052499999975
 30
0.0
 11
343.9946277777779
 21
388.1380194444442
 31
0.0
  0
LINE
  5
A7C
330
17
100
AcDbEntity
  8
CUT
100
AcDbLine
 10
330.8201416666667
 20
388.1380194444442
 30
0.0
 11
330.8201416666667
 21
396.19052499999975
 31
0.0
  0
LINE
  5
A7D
330
17
100
AcDbEntity
  8
CUT
100
AcDbLine
 10
343.9946277777779
 20
388.1380194444442
 30
0.0
 11
330.8201416666667
 21
388.1380194444442
 31
0.0
  0
LINE
  5
A7E
330
17
100
AcDbEntity
  8
CUT
100
AcDbLine
 10
330.8201416666667
 20
396.19052499999975
 30
0.0
 11
343.9946277777779
 21
396.19052499999975
 31
0.0
  0
LINE
  5
A7F
330
17
100
AcDbEntity
  8
CUT
100
AcDbLine
 10
327.819413888889
 20
402.1916277777776
 30
0.0
 11
327.819413888889
 21
382.1383277777776
 31
0.0
  0
LINE
  5
A80
330
17
100
AcDbEntity
  8
CUT
100
AcDbLine
 10
346.99535555555565
 20
382.1383277777776
 30
0.0
 11
346.99535555555565
 21
402.1916277777776
 31
0.0
  0
LINE
  5
A81
330
17
100
AcDbEntity
  8
CUT
100
AcDbLine
 10
346.99535555555565
 20
402.1916277777776
 30
0.0
 11
327.819413888889
 21
402.1916277777776
 31
0.0
  0
LINE
  5
A82
330
17
100
AcDbEntity
  8
CUT
100
AcDbLine
 10
327.819413888889
 20
382.1383277777776
 30
0.0
 11
346.99535555555565
 21
382.1383277777776
 31
0.0
  0
LINE
  5
A83
330
17
100
AcDbEntity
  8
ENGRAVE
100
AcDbLine
 10
340.5488143509807
 20
400.678268693646
 30
0.0
 11
340.93636928262134
 21
401.0658236252866
 31
0.0
  0
LINE
  5
A84
330
17
100
AcDbEntity
  8
ENGRAVE
100
AcDbLine
 10
340.93636928262134
 20
401.0658236252866
 30
0.0
 11
342.48658900918383
 21
401.0658236252866
 31
0.0
  0
LINE
  5
A85
330
17
100
AcDbEntity
  8
ENGRAVE
100
AcDbLine
 10
342.48658900918383
 20
401.0658236252866
 30
0.0
 11
342.87414394082447
 21
400.678268693646
 31
0.0
  0
LINE
  5
A86
330
17
100
AcDbEntity
  8
ENGRAVE
100
AcDbLine
 10
342.87414394082447
 20
400.678268693646
 30
0.0
 11
342.87414394082447
 21
399.74813685770846
 31
0.0
  0
LINE
  5
A87
330
17
100
AcDbEntity
  8
ENGRAVE
100
AcDbLine
 10
342.87414394082447
 20
399.74813685770846
 30
0.0
 11
342.48658900918383
 21
399.3605819260679
 31
0.0
  0
LINE
  5
A88
330
17
100
AcDbEntity
  8
ENGRAVE
100
AcDbLine
 10
342.48658900918383
 20
399.3605819260679
 30
0.0
 11
341.323924214262
 21
399.3605819260679
 31
0.0
  0
LINE
  5
A89
330
17
100
AcDbEntity
  8
ENGRAVE
100
AcDbLine
 10
342.48658900918383
 20
399.3605819260679
 30
0.0
 11
342.87414394082447
 21
398.97302699442724
 31
0.0
  0
LINE
  5
A8A
330
17
100
AcDbEntity
  8
ENGRAVE
100
AcDbLine
 10
342.87414394082447
 20
398.97302699442724
 30
0.0
 11
342.87414394082447
 21
397.577829240521
 31
0.0
  0
LINE
  5
A8B
330
17
100
AcDbEntity
  8
ENGRAVE
100
AcDbLine
 10
342.87414394082447
 20
397.577829240521
 30
0.0
 11
342.48658900918383
 21
397.19027430888036
 31
0.0
  0
LINE
  5
A8C
330
17
100
AcDbEntity
  8
ENGRAVE
100
AcDbLine
 10
342.48658900918383
 20
397.19027430888036
 30
0.0
 11
340.93636928262134
 21
397.19027430888036
 31
0.0
  0
LINE
  5
A8D
330
17
100
AcDbEntity
  8
ENGRAVE
100
AcDbLine
 10
340.93636928262134
 20
397.19027430888036
 30
0.0
 11
340.5488143509807
 21
397.577829240521
 31
0.0
  0
LINE
  5
A8E
330
17
100
AcDbEntity
  8
ENGRAVE
100
AcDbLine
 10
344.0368087357464
 20
397.19027430888036
 30
0.0
 11
345.19947353066823
 21
397.19027430888036
 31
0.0
  0
LINE
  5
A8F
330
17
100
AcDbEntity
  8
ENGRAVE
100
AcDbLine
 10
345.19947353066823
 20
397.19027430888036
 30
0.0
 11
345.9745833939495
 21
398.3529391038022
 31
0.0
  0
LINE
  5
A90
330
17
100
AcDbEntity
  8
ENGRAVE
100
AcDbLine
 10
345.9745833939495
 20
398.3529391038022
 30
0.0
 11
345.9745833939495
 21
400.29071376200534
 31
0.0
  0
LINE
  5
A91
330
17
100
AcDbEntity
  8
ENGRAVE
100
AcDbLine
 10
345.9745833939495
 20
400.29071376200534
 30
0.0
 11
345.58702846230887
 21
401.0658236252866
 31
0.0
  0
LINE
  5
A92
330
17
100
AcDbEntity
  8
ENGRAVE
100
AcDbLine
 10
345.58702846230887
 20
401.0658236252866
 30
0.0
 11
344.0368087357464
 21
401.0658236252866
 31
0.0
  0
LINE
  5
A93
330
17
100
AcDbEntity
  8
ENGRAVE
100
AcDbLine
 10
344.0368087357464
 20
401.0658236252866
 30
0.0
 11
343.64925380410574
 21
400.29071376200534
 31
0.0
  0
LINE
  5
A94
330
17
100
AcDbEntity
  8
ENGRAVE
100
AcDbLine
 10
343.64925380410574
 20
400.29071376200534
 30
0.0
 11
343.64925380410574
 21
399.7093813645444
 31
0.0
  0
LINE
  5
A95
330
17
100
AcDbEntity
  8
ENGRAVE
100
AcDbLine
 10
343.64925380410574
 20
399.7093813645444
 30
0.0
 11
344.0368087357464
 21
399.1280489670835
 31
0.0
  0
LINE
  5
A96
330
17
100
AcDbEntity
  8
ENGRAVE
100
AcDbLine
 10
344.0368087357464
 20
399.1280489670835
 30
0.0
 11
345.58702846230887
 21
399.1280489670835
 31
0.0
  0
LINE
  5
A97
330
17
100
AcDbEntity
  8
ENGRAVE
100
AcDbLine
 10
345.58702846230887
 20
399.1280489670835
 30
0.0
 11
345.9745833939495
 21
399.7093813645444
 31
0.0
  0
LINE
  5
A98
330
17
100
AcDbEntity
  8
CUT
100
AcDbLine
 10
329.8200166666668
 20
407.1918777777777
 30
0.0
 11
329.8200166666668
 21
416.48016388888874
 31
0.0
  0
LINE
  5
A99
330
17
100
AcDbEntity
  8
CUT
100
AcDbLine
 10
334.7814833333334
 20
416.48016388888874
 30
0.0
 11
334.7814833333334
 21
407.1918777777777
 31
0.0
  0
LINE
  5
A9A
330
17
100
AcDbEntity
  8
CUT
100
AcDbLine
 10
334.7814833333334
 20
407.1918777777777
 30
0.0
 11
329.8200166666668
 21
407.1918777777777
 31
0.0
  0
LINE
  5
A9B
330
17
100
AcDbEntity
  8
CUT
100
AcDbLine
 10
329.8200166666668
 20
416.48016388888874
 30
0.0
 11
334.7814833333334
 21
416.48016388888874
 31
0.0
  0
LINE
  5
A9C
330
17
100
AcDbEntity
  8
CUT
100
AcDbLine
 10
348.704563888889
 20
416.48016388888874
 30
0.0
 11
348.704563888889
 21
407.1918777777777
 31
0.0
  0
LINE
  5
A9D
330
17
100
AcDbEntity
  8
CUT
100
AcDbLine
 10
343.74345000000017
 20
407.1918777777777
 30
0.0
 11
343.74345000000017
 21
416.48016388888874
 31
0.0
  0
LINE
  5
A9E
330
17
100
AcDbEntity
  8
CUT
100
AcDbLine
 10
348.704563888889
 20
407.1918777777777
 30
0.0
 11
343.74345000000017
 21
407.1918777777777
 31
0.0
  0
LINE
  5
A9F
330
17
100
AcDbEntity
  8
CUT
100
AcDbLine
 10
343.74345000000017
 20
416.48016388888874
 30
0.0
 11
348.704563888889
 21
416.48016388888874
 31
0.0
  0
LINE
  5
AA0
330
17
100
AcDbEntity
  8
CUT
100
AcDbLine
 10
336.7817333333334
 20
407.1918777777777
 30
0.0
 11
336.7817333333334
 21
416.48016388888874
 31
0.0
  0
LINE
  5
AA1
330
17
100
AcDbEntity
  8
CUT
100
AcDbLine
 10
341.7432000000001
 20
416.48016388888874
 30
0.0
 11
341.7432000000001
 21
407.1918777777777
 31
0.0
  0
LINE
  5
AA2
330
17
100
AcDbEntity
  8
CUT
100
AcDbLine
 10
341.7432000000001
 20
407.1918777777777
 30
0.0
 11
336.7817333333334
 21
407.1918777777777
 31
0.0
  0
LINE
  5
AA3
330
17
100
AcDbEntity
  8
CUT
100
AcDbLine
 10
336.7817333333334
 20
416.48016388888874
 30
0.0
 11
341.7432000000001
 21
416.48016388888874
 31
0.0
  0
LINE
  5
AA4
330
17
100
AcDbEntity
  8
CUT
100
AcDbLine
 10
327.819413888889
 20
418.48076666666657
 30
0.0
 11
327.819413888889
 21
405.1916277777776
 31
0.0
  0
LINE
  5
AA5
330
17
100
AcDbEntity
  8
CUT
100
AcDbLine
 10
350.70516666666686
 20
405.1916277777776
 30
0.0
 11
350.70516666666686
 21
418.48076666666657
 31
0.0
  0
LINE
  5
AA6
330
17
100
AcDbEntity
  8
CUT
100
AcDbLine
 10
350.70516666666686
 20
418.48076666666657
 30
0.0
 11
327.819413888889
 21
418.48076666666657
 31
0.0
  0
LINE
  5
AA7
330
17
100
AcDbEntity
  8
CUT
100
AcDbLine
 10
327.819413888889
 20
405.1916277777776
 30
0.0
 11
350.70516666666686
 21
405.1916277777776
 31
0.0
  0
LINE
  5
AA8
330
17
100
AcDbEntity
  8
CUT
100
AcDbLine
 10
144.8018972222222
 20
172.8297166666664
 30
0.0
 11
144.8018972222222
 21
182.1180027777775
 31
0.0
  0
LINE
  5
AA9
330
17
100
AcDbEntity
  8
CUT
100
AcDbLine
 10
149.76336388888882
 20
182.1180027777775
 30
0.0
 11
149.76336388888882
 21
172.8297166666664
 31
0.0
  0
LINE
  5
AAA
330
17
100
AcDbEntity
  8
CUT
100
AcDbLine
 10
149.76336388888882
 20
172.8297166666664
 30
0.0
 11
144.8018972222222
 21
172.8297166666664
 31
0.0
  0
LINE
  5
AAB
330
17
100
AcDbEntity
  8
CUT
100
AcDbLine
 10
144.8018972222222
 20
182.1180027777775
 30
0.0
 11
149.76336388888882
 21
182.1180027777775
 31
0.0
  0
LINE
  5
AAC
330
17
100
AcDbEntity
  8
CUT
100
AcDbLine
 10
163.68644444444442
 20
182.1180027777775
 30
0.0
 11
163.68644444444442
 21
172.8297166666664
 31
0.0
  0
LINE
  5
AAD
330
17
100
AcDbEntity
  8
CUT
100
AcDbLine
 10
158.72533055555553
 20
172.8297166666664
 30
0.0
 11
158.72533055555553
 21
182.1180027777775
 31
0.0
  0
LINE
  5
AAE
330
17
100
AcDbEntity
  8
CUT
100
AcDbLine
 10
163.68644444444442
 20
172.8297166666664
 30
0.0
 11
158.72533055555553
 21
172.8297166666664
 31
0.0
  0
LINE
  5
AAF
330
17
100
AcDbEntity
  8
CUT
100
AcDbLine
 10
158.72533055555553
 20
182.1180027777775
 30
0.0
 11
163.68644444444442
 21
182.1180027777775
 31
0.0
  0
LINE
  5
AB0
330
17
100
AcDbEntity
  8
CUT
100
AcDbLine
 10
151.7636138888888
 20
172.8297166666664
 30
0.0
 11
151.7636138888888
 21
182.1180027777775
 31
0.0
  0
LINE
  5
AB1
330
17
100
AcDbEntity
  8
CUT
100
AcDbLine
 10
156.7250805555555
 20
182.1180027777775
 30
0.0
 11
156.7250805555555
 21
172.8297166666664
 31
0.0
  0
LINE
  5
AB2
330
17
100
AcDbEntity
  8
CUT
100
AcDbLine
 10
156.7250805555555
 20
172.8297166666664
 30
0.0
 11
151.7636138888888
 21
172.8297166666664
 31
0.0
  0
LINE
  5
AB3
330
17
100
AcDbEntity
  8
CUT
100
AcDbLine
 10
151.7636138888888
 20
182.1180027777775
 30
0.0
 11
156.7250805555555
 21
182.1180027777775
 31
0.0
  0
LINE
  5
AB4
330
17
100
AcDbEntity
  8
CUT
100
AcDbLine
 10
142.8012944444444
 20
184.1186055555553
 30
0.0
 11
142.8012944444444
 21
170.82946666666638
 31
0.0
  0
LINE
  5
AB5
330
17
100
AcDbEntity
  8
CUT
100
AcDbLine
 10
165.68704722222222
 20
170.82946666666638
 30
0.0
 11
165.68704722222222
 21
184.1186055555553
 31
0.0
  0
LINE
  5
AB6
330
17
100
AcDbEntity
  8
CUT
100
AcDbLine
 10
165.68704722222222
 20
184.1186055555553
 30
0.0
 11
142.8012944444444
 21
184.1186055555553
 31
0.0
  0
LINE
  5
AB7
330
17
100
AcDbEntity
  8
CUT
100
AcDbLine
 10
142.8012944444444
 20
170.82946666666638
 30
0.0
 11
165.68704722222222
 21
170.82946666666638
 31
0.0
  0
LINE
  5
AB8
330
17
100
AcDbEntity
  8
CUT
100
AcDbLine
 10
359.42440000000005
 20
385.1390555555554
 30
0.0
 11
352.9957305555556
 21
385.1390555555554
 31
0.0
  0
LINE
  5
AB9
330
17
100
AcDbEntity
  8
CUT
100
AcDbLine
 10
352.9957305555556
 20
399.14151111111096
 30
0.0
 11
359.42440000000005
 21
399.14151111111096
 31
0.0
  0
LINE
  5
ABA
330
17
100
AcDbEntity
  8
CUT
100
AcDbLine
 10
359.42440000000005
 20
399.14151111111096
 30
0.0
 11
359.42440000000005
 21
385.1390555555554
 31
0.0
  0
LINE
  5
ABB
330
17
100
AcDbEntity
  8
CUT
100
AcDbLine
 10
352.9957305555556
 20
385.1390555555554
 30
0.0
 11
352.9957305555556
 21
399.14151111111096
 31
0.0
  0
LINE
  5
ABC
330
17
100
AcDbEntity
  8
CUT
100
AcDbLine
 10
349.99535555555565
 20
382.1383277777776
 30
0.0
 11
362.42512777777785
 21
382.1383277777776
 31
0.0
  0
LINE
  5
ABD
330
17
100
AcDbEntity
  8
CUT
100
AcDbLine
 10
362.42512777777785
 20
402.14223888888876
 30
0.0
 11
349.99535555555565
 21
402.14223888888876
 31
0.0
  0
LINE
  5
ABE
330
17
100
AcDbEntity
  8
CUT
100
AcDbLine
 10
362.42512777777785
 20
382.1383277777776
 30
0.0
 11
362.42512777777785
 21
402.14223888888864
 31
0.0
  0
LINE
  5
ABF
330
17
100
AcDbEntity
  8
CUT
100
AcDbLine
 10
349.99535555555565
 20
402.14223888888876
 30
0.0
 11
349.99535555555565
 21
382.1383277777776
 31
0.0
  0
LINE
  5
AC0
330
17
100
AcDbEntity
  8
ENGRAVE
100
AcDbLine
 10
361.7545647123485
 20
399.82683508830416
 30
0.0
 11
359.92434925824693
 21
399.82683508830416
 31
0.0
  0
LINE
  5
AC1
330
17
100
AcDbEntity
  8
ENGRAVE
100
AcDbLine
 10
359.92434925824693
 20
399.82683508830416
 30
0.0
 11
361.11398930341295
 21
399.00323813395846
 31
0.0
  0
LINE
  5
AC2
330
17
100
AcDbEntity
  8
ENGRAVE
100
AcDbLine
 10
361.11398930341295
 20
399.00323813395846
 30
0.0
 11
361.11398930341295
 21
400.1013674064194
 31
0.0
  0
LINE
  5
AC3
330
17
100
AcDbEntity
  8
ENGRAVE
100
AcDbLine
 10
359.92434925824693
 20
401.56553976970065
 30
0.0
 11
359.92434925824693
 21
400.65043204264987
 31
0.0
  0
LINE
  5
AC4
330
17
100
AcDbEntity
  8
ENGRAVE
100
AcDbLine
 10
359.92434925824693
 20
400.65043204264987
 30
0.0
 11
360.65643543988756
 21
400.65043204264987
 31
0.0
  0
LINE
  5
AC5
330
17
100
AcDbEntity
  8
ENGRAVE
100
AcDbLine
 10
360.65643543988756
 20
400.65043204264987
 30
0.0
 11
360.65643543988756
 21
401.3825182242905
 31
0.0
  0
LINE
  5
AC6
330
17
100
AcDbEntity
  8
ENGRAVE
100
AcDbLine
 10
360.65643543988756
 20
401.3825182242905
 30
0.0
 11
360.8394569852977
 21
401.56553976970065
 31
0.0
  0
LINE
  5
AC7
330
17
100
AcDbEntity
  8
ENGRAVE
100
AcDbLine
 10
360.8394569852977
 20
401.56553976970065
 30
0.0
 11
361.57154316693834
 21
401.56553976970065
 31
0.0
  0
LINE
  5
AC8
330
17
100
AcDbEntity
  8
ENGRAVE
100
AcDbLine
 10
361.57154316693834
 20
401.56553976970065
 30
0.0
 11
361.7545647123485
 21
401.3825182242905
 31
0.0
  0
LINE
  5
AC9
330
17
100
AcDbEntity
  8
ENGRAVE
100
AcDbLine
 10
361.7545647123485
 20
401.3825182242905
 30
0.0
 11
361.7545647123485
 21
400.65043204264987
 31
0.0
  0
LINE
  5
ACA
330
17
100
AcDbEntity
  8
ENGRAVE
100
AcDbLine
 10
361.7545647123485
 20
400.65043204264987
 30
0.0
 11
361.57154316693834
 21
400.4674104972397
 31
0.0
  0
LINE
  5
ACB
330
17
100
AcDbEntity
  8
CUT
100
AcDbLine
 10
95.52168611111122
 20
365.84184722222227
 30
0.0
 11
95.52168611111122
 21
372.2705166666667
 31
0.0
  0
LINE
  5
ACC
330
17
100
AcDbEntity
  8
CUT
100
AcDbLine
 10
109.52414166666675
 20
372.2705166666667
 30
0.0
 11
109.52414166666675
 21
365.84184722222227
 31
0.0
  0
LINE
  5
ACD
330
17
100
AcDbEntity
  8
CUT
100
AcDbLine
 10
109.52414166666675
 20
365.84184722222227
 30
0.0
 11
95.52168611111122
 21
365.84184722222227
 31
0.0
  0
LINE
  5
ACE
330
17
100
AcDbEntity
  8
CUT
100
AcDbLine
 10
95.52168611111122
 20
372.2705166666667
 30
0.0
 11
109.52414166666675
 21
372.2705166666667
 31
0.0
  0
LINE
  5
ACF
330
17
100
AcDbEntity
  8
CUT
100
AcDbLine
 10
92.52095833333341
 20
375.27089166666667
 30
0.0
 11
92.52095833333341
 21
362.8411194444445
 31
0.0
  0
LINE
  5
AD0
330
17
100
AcDbEntity
  8
CUT
100
AcDbLine
 10
112.52486944444456
 20
362.8411194444445
 30
0.0
 11
112.52486944444456
 21
375.27089166666667
 31
0.0
  0
LINE
  5
AD1
330
17
100
AcDbEntity
  8
CUT
100
AcDbLine
 10
92.52095833333341
 20
362.8411194444445
 30
0.0
 11
112.52486944444446
 21
362.8411194444445
 31
0.0
  0
LINE
  5
AD2
330
17
100
AcDbEntity
  8
CUT
100
AcDbLine
 10
112.52486944444456
 20
375.27089166666667
 30
0.0
 11
92.52095833333341
 21
375.27089166666667
 31
0.0
  0
LINE
  5
AD3
330
17
100
AcDbEntity
  8
ENGRAVE
100
AcDbLine
 10
110.20946564385997
 20
363.5116825098738
 30
0.0
 11
110.20946564385997
 21
365.3418979639754
 31
0.0
  0
LINE
  5
AD4
330
17
100
AcDbEntity
  8
ENGRAVE
100
AcDbLine
 10
110.20946564385997
 20
365.3418979639754
 30
0.0
 11
109.38586868951427
 21
364.15225791880937
 31
0.0
  0
LINE
  5
AD5
330
17
100
AcDbEntity
  8
ENGRAVE
100
AcDbLine
 10
109.38586868951427
 20
364.15225791880937
 30
0.0
 11
110.4839979619752
 21
364.15225791880937
 31
0.0
  0
LINE
  5
AD6
330
17
100
AcDbEntity
  8
ENGRAVE
100
AcDbLine
 10
111.94817032525646
 20
365.3418979639754
 30
0.0
 11
111.03306259820567
 21
365.3418979639754
 31
0.0
  0
LINE
  5
AD7
330
17
100
AcDbEntity
  8
ENGRAVE
100
AcDbLine
 10
111.03306259820567
 20
365.3418979639754
 30
0.0
 11
111.03306259820567
 21
364.60981178233476
 31
0.0
  0
LINE
  5
AD8
330
17
100
AcDbEntity
  8
ENGRAVE
100
AcDbLine
 10
111.03306259820567
 20
364.60981178233476
 30
0.0
 11
111.7651487798463
 21
364.60981178233476
 31
0.0
  0
LINE
  5
AD9
330
17
100
AcDbEntity
  8
ENGRAVE
100
AcDbLine
 10
111.7651487798463
 20
364.60981178233476
 30
0.0
 11
111.94817032525646
 21
364.4267902369246
 31
0.0
  0
LINE
  5
ADA
330
17
100
AcDbEntity
  8
ENGRAVE
100
AcDbLine
 10
111.94817032525646
 20
364.4267902369246
 30
0.0
 11
111.94817032525646
 21
363.694704055284
 31
0.0
  0
LINE
  5
ADB
330
17
100
AcDbEntity
  8
ENGRAVE
100
AcDbLine
 10
111.94817032525646
 20
363.694704055284
 30
0.0
 11
111.7651487798463
 21
363.5116825098738
 31
0.0
  0
LINE
  5
ADC
330
17
100
AcDbEntity
  8
ENGRAVE
100
AcDbLine
 10
111.7651487798463
 20
363.5116825098738
 30
0.0
 11
111.03306259820567
 21
363.5116825098738
 31
0.0
  0
LINE
  5
ADD
330
17
100
AcDbEntity
  8
ENGRAVE
100
AcDbLine
 10
111.03306259820567
 20
363.5116825098738
 30
0.0
 11
110.85004105279552
 21
363.694704055284
 31
0.0
  0
LINE
  5
ADE
330
17
100
AcDbEntity
  8
CUT
100
AcDbLine
 10
274.98816388888906
 20
338.96119444444446
 30
0.0
 11
275.5847111111114
 21
339.47095833333316
 31
0.0
  0
LINE
  5
ADF
330
17
100
AcDbEntity
  8
CUT
100
AcDbLine
 10
274.3189444444447
 20
355.84302222222215
 30
0.0
 11
273.5939861111113
 21
356.14323611111104
 31
0.0
  0
LINE
  5
AE0
330
17
100
AcDbEntity
  8
CUT
100
AcDbLine
 10
272.0488194444447
 20
356.3880638888888
 30
0.0
 11
271.0483416666669
 21
356.3880638888888
 31
0.0
  0
LINE
  5
AE1
330
17
100
AcDbEntity
  8
CUT
100
AcDbLine
 10
276.8049694444446
 20
352.9326055555556
 30
0.0
 11
276.504402777778
 21
353.65756388888883
 31
0.0
  0
LINE
  5
AE2
330
17
100
AcDbEntity
  8
CUT
100
AcDbLine
 10
276.8049694444446
 20
341.46168333333327
 30
0.0
 11
276.9880611111113
 21
342.22474166666666
 31
0.0
  0
LINE
  5
AE3
330
17
100
AcDbEntity
  8
CUT
100
AcDbLine
 10
268.0476138888891
 20
350.17494166666665
 30
0.0
 11
265.047238888889
 21
350.17494166666665
 31
0.0
  0
LINE
  5
AE4
330
17
100
AcDbEntity
  8
CUT
100
AcDbLine
 10
273.5939861111113
 20
338.25069999999994
 30
0.0
 11
274.3189444444447
 21
338.55126666666666
 31
0.0
  0
LINE
  5
AE5
330
17
100
AcDbEntity
  8
CUT
100
AcDbLine
 10
268.0476138888891
 20
341.206625
 30
0.0
 11
271.0483416666669
 21
341.206625
 31
0.0
  0
LINE
  5
AE6
330
17
100
AcDbEntity
  8
CUT
100
AcDbLine
 10
273.5939861111113
 20
356.14323611111104
 30
0.0
 11
272.83092777777796
 21
356.32668055555547
 31
0.0
  0
LINE
  5
AE7
330
17
100
AcDbEntity
  8
CUT
100
AcDbLine
 10
265.047238888889
 20
344.20735277777777
 30
0.0
 11
268.0476138888891
 21
344.20735277777777
 31
0.0
  0
LINE
  5
AE8
330
17
100
AcDbEntity
  8
CUT
100
AcDbLine
 10
276.504402777778
 20
353.65756388888883
 30
0.0
 11
276.0944750000002
 21
354.32678333333325
 31
0.0
  0
LINE
  5
AE9
330
17
100
AcDbEntity
  8
CUT
100
AcDbLine
 10
276.0944750000002
 20
340.06750555555556
 30
0.0
 11
276.504402777778
 21
340.736725
 31
0.0
  0
LINE
  5
AEA
330
17
100
AcDbEntity
  8
CUT
100
AcDbLine
 10
271.0483416666669
 20
353.1753166666667
 30
0.0
 11
268.0476138888891
 21
353.1753166666667
 31
0.0
  0
LINE
  5
AEB
330
17
100
AcDbEntity
  8
CUT
100
AcDbLine
 10
274.98816388888906
 20
355.43309444444424
 30
0.0
 11
274.3189444444447
 21
355.84302222222215
 31
0.0
  0
LINE
  5
AEC
330
17
100
AcDbEntity
  8
CUT
100
AcDbLine
 10
276.504402777778
 20
340.736725
 30
0.0
 11
276.8049694444446
 21
341.46168333333327
 31
0.0
  0
LINE
  5
AED
330
17
100
AcDbEntity
  8
CUT
100
AcDbLine
 10
272.83092777777796
 20
338.06796111111106
 30
0.0
 11
273.5939861111113
 21
338.25069999999994
 31
0.0
  0
LINE
  5
AEE
330
17
100
AcDbEntity
  8
CUT
100
AcDbLine
 10
272.0488194444447
 20
338.006225
 30
0.0
 11
272.83092777777796
 21
338.06796111111106
 31
0.0
  0
LINE
  5
AEF
330
17
100
AcDbEntity
  8
CUT
100
AcDbLine
 10
276.9880611111113
 20
352.1691944444444
 30
0.0
 11
276.8049694444446
 21
352.9326055555556
 31
0.0
  0
LINE
  5
AF0
330
17
100
AcDbEntity
  8
CUT
100
AcDbLine
 10
272.83092777777796
 20
356.32668055555547
 30
0.0
 11
272.0488194444447
 21
356.3880638888888
 31
0.0
  0
LINE
  5
AF1
330
17
100
AcDbEntity
  8
CUT
100
AcDbLine
 10
271.0483416666669
 20
338.006225
 30
0.0
 11
272.0488194444447
 21
338.006225
 31
0.0
  0
LINE
  5
AF2
330
17
100
AcDbEntity
  8
CUT
100
AcDbLine
 10
275.5847111111114
 20
354.92333055555554
 30
0.0
 11
274.98816388888906
 21
355.43309444444424
 31
0.0
  0
LINE
  5
AF3
330
17
100
AcDbEntity
  8
CUT
100
AcDbLine
 10
275.5847111111114
 20
339.47095833333316
 30
0.0
 11
276.0944750000002
 21
340.06750555555556
 31
0.0
  0
LINE
  5
AF4
330
17
100
AcDbEntity
  8
CUT
100
AcDbLine
 10
274.3189444444447
 20
338.55126666666666
 30
0.0
 11
274.98816388888906
 21
338.96119444444446
 31
0.0
  0
LINE
  5
AF5
330
17
100
AcDbEntity
  8
CUT
100
AcDbLine
 10
276.0944750000002
 20
354.32678333333325
 30
0.0
 11
275.5847111111114
 21
354.92333055555554
 31
0.0
  0
LINE
  5
AF6
330
17
100
AcDbEntity
  8
CUT
100
AcDbLine
 10
271.0483416666669
 20
341.206625
 30
0.0
 11
271.0483416666669
 21
338.006225
 31
0.0
  0
LINE
  5
AF7
330
17
100
AcDbEntity
  8
CUT
100
AcDbLine
 10
271.0483416666669
 20
356.3880638888888
 30
0.0
 11
271.0483416666669
 21
353.1753166666667
 31
0.0
  0
LINE
  5
AF8
330
17
100
AcDbEntity
  8
CUT
100
AcDbLine
 10
265.047238888889
 20
350.17494166666665
 30
0.0
 11
265.047238888889
 21
344.20735277777777
 31
0.0
  0
LINE
  5
AF9
330
17
100
AcDbEntity
  8
CUT
100
AcDbLine
 10
268.0476138888891
 20
353.1753166666667
 30
0.0
 11
268.0476138888891
 21
350.17494166666665
 31
0.0
  0
LINE
  5
AFA
330
17
100
AcDbEntity
  8
CUT
100
AcDbLine
 10
268.0476138888891
 20
344.20735277777777
 30
0.0
 11
268.0476138888891
 21
341.206625
 31
0.0
  0
LINE
  5
AFB
330
17
100
AcDbEntity
  8
CUT
100
AcDbLine
 10
276.9880611111113
 20
342.22474166666666
 30
0.0
 11
277.0494444444447
 21
343.00720277777776
 31
0.0
  0
LINE
  5
AFC
330
17
100
AcDbEntity
  8
CUT
100
AcDbLine
 10
277.0494444444447
 20
343.00720277777776
 30
0.0
 11
277.0494444444447
 21
351.38708611111116
 31
0.0
  0
LINE
  5
AFD
330
17
100
AcDbEntity
  8
CUT
100
AcDbLine
 10
277.0494444444447
 20
351.38708611111116
 30
0.0
 11
276.9880611111113
 21
352.1691944444444
 31
0.0
  0
LINE
  5
AFE
330
17
100
AcDbEntity
  8
ENGRAVE
100
AcDbLine
 10
275.5641446253218
 20
345.8020093100009
 30
0.0
 11
269.04800082649365
 21
345.8020093100009
 31
0.0
  0
LINE
  5
AFF
330
17
100
AcDbEntity
  8
ENGRAVE
100
AcDbLine
 10
269.04800082649365
 20
345.8020093100009
 30
0.0
 11
273.28349429573194
 21
342.8697446005283
 31
0.0
  0
LINE
  5
B00
330
17
100
AcDbEntity
  8
ENGRAVE
100
AcDbLine
 10
273.28349429573194
 20
342.8697446005283
 30
0.0
 11
273.28349429573194
 21
346.77943087982516
 31
0.0
  0
LINE
  5
B01
330
17
100
AcDbEntity
  8
ENGRAVE
100
AcDbLine
 10
269.04800082649365
 20
351.3407315390048
 30
0.0
 11
269.04800082649365
 21
349.3858883993564
 31
0.0
  0
LINE
  5
B02
330
17
100
AcDbEntity
  8
ENGRAVE
100
AcDbLine
 10
269.04800082649365
 20
349.3858883993564
 30
0.0
 11
271.0028439661421
 21
348.08265963959076
 31
0.0
  0
LINE
  5
B03
330
17
100
AcDbEntity
  8
ENGRAVE
100
AcDbLine
 10
271.0028439661421
 20
348.08265963959076
 30
0.0
 11
274.26091586555617
 21
348.08265963959076
 31
0.0
  0
LINE
  5
B04
330
17
100
AcDbEntity
  8
ENGRAVE
100
AcDbLine
 10
274.26091586555617
 20
348.08265963959076
 30
0.0
 11
275.5641446253218
 21
348.73427401947356
 31
0.0
  0
LINE
  5
B05
330
17
100
AcDbEntity
  8
ENGRAVE
100
AcDbLine
 10
275.5641446253218
 20
348.73427401947356
 30
0.0
 11
275.5641446253218
 21
351.3407315390048
 31
0.0
  0
LINE
  5
B06
330
17
100
AcDbEntity
  8
ENGRAVE
100
AcDbLine
 10
275.5641446253218
 20
351.3407315390048
 30
0.0
 11
274.26091586555617
 21
351.9923459188876
 31
0.0
  0
LINE
  5
B07
330
17
100
AcDbEntity
  8
ENGRAVE
100
AcDbLine
 10
274.26091586555617
 20
351.9923459188876
 30
0.0
 11
273.28349429573194
 21
351.9923459188876
 31
0.0
  0
LINE
  5
B08
330
17
100
AcDbEntity
  8
ENGRAVE
100
AcDbLine
 10
273.28349429573194
 20
351.9923459188876
 30
0.0
 11
272.3060727259077
 21
351.3407315390048
 31
0.0
  0
LINE
  5
B09
330
17
100
AcDbEntity
  8
ENGRAVE
100
AcDbLine
 10
272.3060727259077
 20
351.3407315390048
 30
0.0
 11
272.3060727259077
 21
348.73427401947356
 31
0.0
  0
LINE
  5
B0A
330
17
100
AcDbEntity
  8
ENGRAVE
100
AcDbLine
 10
272.3060727259077
 20
348.73427401947356
 30
0.0
 11
273.28349429573194
 21
348.08265963959076
 31
0.0
  0
LINE
  5
B0B
330
17
100
AcDbEntity
  8
CUT
100
AcDbLine
 10
289.99036944444475
 20
338.96119444444446
 30
0.0
 11
290.5869166666671
 21
339.47095833333316
 31
0.0
  0
LINE
  5
B0C
330
17
100
AcDbEntity
  8
CUT
100
AcDbLine
 10
289.3211500000004
 20
355.84302222222215
 30
0.0
 11
288.596191666667
 21
356.14323611111104
 31
0.0
  0
LINE
  5
B0D
330
17
100
AcDbEntity
  8
CUT
100
AcDbLine
 10
287.0510250000004
 20
356.3880638888888
 30
0.0
 11
286.0505472222226
 21
356.3880638888888
 31
0.0
  0
LINE
  5
B0E
330
17
100
AcDbEntity
  8
CUT
100
AcDbLine
 10
291.8071750000003
 20
352.9326055555556
 30
0.0
 11
291.5066083333337
 21
353.65756388888883
 31
0.0
  0
LINE
  5
B0F
330
17
100
AcDbEntity
  8
CUT
100
AcDbLine
 10
291.8071750000003
 20
341.46168333333327
 30
0.0
 11
291.99026666666697
 21
342.22474166666666
 31
0.0
  0
LINE
  5
B10
330
17
100
AcDbEntity
  8
CUT
100
AcDbLine
 10
283.0498194444448
 20
350.17494166666665
 30
0.0
 11
280.0494444444447
 21
350.17494166666665
 31
0.0
  0
LINE
  5
B11
330
17
100
AcDbEntity
  8
CUT
100
AcDbLine
 10
288.596191666667
 20
338.25069999999994
 30
0.0
 11
289.3211500000004
 21
338.55126666666666
 31
0.0
  0
LINE
  5
B12
330
17
100
AcDbEntity
  8
CUT
100
AcDbLine
 10
283.0498194444448
 20
341.206625
 30
0.0
 11
286.0505472222226
 21
341.206625
 31
0.0
  0
LINE
  5
B13
330
17
100
AcDbEntity
  8
CUT
100
AcDbLine
 10
288.596191666667
 20
356.14323611111104
 30
0.0
 11
287.83313333333365
 21
356.32668055555547
 31
0.0
  0
LINE
  5
B14
330
17
100
AcDbEntity
  8
CUT
100
AcDbLine
 10
280.0494444444447
 20
344.20735277777777
 30
0.0
 11
283.0498194444448
 21
344.20735277777777
 31
0.0
  0
LINE
  5
B15
330
17
100
AcDbEntity
  8
CUT
100
AcDbLine
 10
291.5066083333337
 20
353.65756388888883
 30
0.0
 11
291.0966805555559
 21
354.32678333333325
 31
0.0
  0
LINE
  5
B16
330
17
100
AcDbEntity
  8
CUT
100
AcDbLine
 10
291.0966805555559
 20
340.06750555555556
 30
0.0
 11
291.5066083333337
 21
340.736725
 31
0.0
  0
LINE
  5
B17
330
17
100
AcDbEntity
  8
CUT
100
AcDbLine
 10
286.0505472222226
 20
353.1753166666667
 30
0.0
 11
283.0498194444448
 21
353.1753166666667
 31
0.0
  0
LINE
  5
B18
330
17
100
AcDbEntity
  8
CUT
100
AcDbLine
 10
289.99036944444475
 20
355.43309444444424
 30
0.0
 11
289.3211500000004
 21
355.84302222222215
 31
0.0
  0
LINE
  5
B19
330
17
100
AcDbEntity
  8
CUT
100
AcDbLine
 10
291.5066083333337
 20
340.736725
 30
0.0
 11
291.8071750000003
 21
341.46168333333327
 31
0.0
  0
LINE
  5
B1A
330
17
100
AcDbEntity
  8
CUT
100
AcDbLine
 10
287.83313333333365
 20
338.06796111111106
 30
0.0
 11
288.596191666667
 21
338.25069999999994
 31
0.0
  0
LINE
  5
B1B
330
17
100
AcDbEntity
  8
CUT
100
AcDbLine
 10
287.0510250000004
 20
338.006225
 30
0.0
 11
287.83313333333365
 21
338.06796111111106
 31
0.0
  0
LINE
  5
B1C
330
17
100
AcDbEntity
  8
CUT
100
AcDbLine
 10
291.99026666666697
 20
352.1691944444444
 30
0.0
 11
291.8071750000003
 21
352.9326055555556
 31
0.0
  0
LINE
  5
B1D
330
17
100
AcDbEntity
  8
CUT
100
AcDbLine
 10
287.83313333333365
 20
356.32668055555547
 30
0.0
 11
287.0510250000004
 21
356.3880638888888
 31
0.0
  0
LINE
  5
B1E
330
17
100
AcDbEntity
  8
CUT
100
AcDbLine
 10
286.0505472222226
 20
338.006225
 30
0.0
 11
287.0510250000004
 21
338.006225
 31
0.0
  0
LINE
  5
B1F
330
17
100
AcDbEntity
  8
CUT
100
AcDbLine
 10
290.5869166666671
 20
354.92333055555554
 30
0.0
 11
289.99036944444475
 21
355.43309444444424
 31
0.0
  0
LINE
  5
B20
330
17
100
AcDbEntity
  8
CUT
100
AcDbLine
 10
290.5869166666671
 20
339.47095833333316
 30
0.0
 11
291.0966805555559
 21
340.06750555555556
 31
0.0
  0
LINE
  5
B21
330
17
100
AcDbEntity
  8
CUT
100
AcDbLine
 10
289.3211500000004
 20
338.55126666666666
 30
0.0
 11
289.99036944444475
 21
338.96119444444446
 31
0.0
  0
LINE
  5
B22
330
17
100
AcDbEntity
  8
CUT
100
AcDbLine
 10
291.0966805555559
 20
354.32678333333325
 30
0.0
 11
290.5869166666671
 21
354.92333055555554
 31
0.0
  0
LINE
  5
B23
330
17
100
AcDbEntity
  8
CUT
100
AcDbLine
 10
286.0505472222226
 20
341.206625
 30
0.0
 11
286.0505472222226
 21
338.006225
 31
0.0
  0
LINE
  5
B24
330
17
100
AcDbEntity
  8
CUT
100
AcDbLine
 10
286.0505472222226
 20
356.3880638888888
 30
0.0
 11
286.0505472222226
 21
353.1753166666667
 31
0.0
  0
LINE
  5
B25
330
17
100
AcDbEntity
  8
CUT
100
AcDbLine
 10
280.0494444444447
 20
350.17494166666665
 30
0.0
 11
280.0494444444447
 21
344.20735277777777
 31
0.0
  0
LINE
  5
B26
330
17
100
AcDbEntity
  8
CUT
100
AcDbLine
 10
283.0498194444448
 20
353.1753166666667
 30
0.0
 11
283.0498194444448
 21
350.17494166666665
 31
0.0
  0
LINE
  5
B27
330
17
100
AcDbEntity
  8
CUT
100
AcDbLine
 10
283.0498194444448
 20
344.20735277777777
 30
0.0
 11
283.0498194444448
 21
341.206625
 31
0.0
  0
LINE
  5
B28
330
17
100
AcDbEntity
  8
CUT
100
AcDbLine
 10
291.99026666666697
 20
342.22474166666666
 30
0.0
 11
292.0516500000004
 21
343.00720277777776
 31
0.0
  0
LINE
  5
B29
330
17
100
AcDbEntity
  8
CUT
100
AcDbLine
 10
292.0516500000004
 20
343.00720277777776
 30
0.0
 11
292.0516500000004
 21
351.38708611111116
 31
0.0
  0
LINE
  5
B2A
330
17
100
AcDbEntity
  8
CUT
100
AcDbLine
 10
292.0516500000004
 20
351.38708611111116
 30
0.0
 11
291.99026666666697
 21
352.1691944444444
 31
0.0
  0
LINE
  5
B2B
330
17
100
AcDbEntity
  8
ENGRAVE
100
AcDbLine
 10
290.56635018087746
 20
345.8020093100009
 30
0.0
 11
284.05020638204934
 21
345.8020093100009
 31
0.0
  0
LINE
  5
B2C
330
17
100
AcDbEntity
  8
ENGRAVE
100
AcDbLine
 10
284.05020638204934
 20
345.8020093100009
 30
0.0
 11
288.28569985128763
 21
342.8697446005283
 31
0.0
  0
LINE
  5
B2D
330
17
100
AcDbEntity
  8
ENGRAVE
100
AcDbLine
 10
288.28569985128763
 20
342.8697446005283
 30
0.0
 11
288.28569985128763
 21
346.77943087982516
 31
0.0
  0
LINE
  5
B2E
330
17
100
AcDbEntity
  8
ENGRAVE
100
AcDbLine
 10
284.05020638204934
 20
351.3407315390048
 30
0.0
 11
284.05020638204934
 21
349.3858883993564
 31
0.0
  0
LINE
  5
B2F
330
17
100
AcDbEntity
  8
ENGRAVE
100
AcDbLine
 10
284.05020638204934
 20
349.3858883993564
 30
0.0
 11
286.0050495216978
 21
348.08265963959076
 31
0.0
  0
LINE
  5
B30
330
17
100
AcDbEntity
  8
ENGRAVE
100
AcDbLine
 10
286.0050495216978
 20
348.08265963959076
 30
0.0
 11
289.26312142111186
 21
348.08265963959076
 31
0.0
  0
LINE
  5
B31
330
17
100
AcDbEntity
  8
ENGRAVE
100
AcDbLine
 10
289.26312142111186
 20
348.08265963959076
 30
0.0
 11
290.56635018087746
 21
348.73427401947356
 31
0.0
  0
LINE
  5
B32
330
17
100
AcDbEntity
  8
ENGRAVE
100
AcDbLine
 10
290.56635018087746
 20
348.73427401947356
 30
0.0
 11
290.56635018087746
 21
351.3407315390048
 31
0.0
  0
LINE
  5
B33
330
17
100
AcDbEntity
  8
ENGRAVE
100
AcDbLine
 10
290.56635018087746
 20
351.3407315390048
 30
0.0
 11
289.26312142111186
 21
351.9923459188876
 31
0.0
  0
LINE
  5
B34
330
17
100
AcDbEntity
  8
ENGRAVE
100
AcDbLine
 10
289.26312142111186
 20
351.9923459188876
 30
0.0
 11
288.28569985128763
 21
351.9923459188876
 31
0.0
  0
LINE
  5
B35
330
17
100
AcDbEntity
  8
ENGRAVE
100
AcDbLine
 10
288.28569985128763
 20
351.9923459188876
 30
0.0
 11
287.3082782814634
 21
351.3407315390048
 31
0.0
  0
LINE
  5
B36
330
17
100
AcDbEntity
  8
ENGRAVE
100
AcDbLine
 10
287.3082782814634
 20
351.3407315390048
 30
0.0
 11
287.3082782814634
 21
348.73427401947356
 31
0.0
  0
LINE
  5
B37
330
17
100
AcDbEntity
  8
ENGRAVE
100
AcDbLine
 10
287.3082782814634
 20
348.73427401947356
 30
0.0
 11
288.28569985128763
 21
348.08265963959076
 31
0.0
  0
ENDSEC
  0
SECTION
  2
OBJECTS
  0
DICTIONARY
  5
A
330
0
100
AcDbDictionary
281
1
  3
ACAD_COLOR
350
B
  3
ACAD_GROUP
350
C
  3
ACAD_LAYOUT
350
D
  3
ACAD_MATERIAL
350
E
  3
ACAD_MLEADERSTYLE
350
F
  3
ACAD_MLINESTYLE
350
10
  3
ACAD_PLOTSETTINGS
350
11
  3
ACAD_PLOTSTYLENAME
350
12
  3
ACAD_SCALELIST
350
14
  3
ACAD_TABLESTYLE
350
15
  3
ACAD_VISUALSTYLE
350
16
  3
EZDXF_META
350
2D
  0
DICTIONARY
  5
B
330
A
100
AcDbDictionary
281
1
  0
DICTIONARY
  5
C
330
A
100
AcDbDictionary
281
1
  0
DICTIONARY
  5
D
330
A
100
AcDbDictionary
281
1
  3
Model
350
1A
  3
Layout1
350
1E
  0
DICTIONARY
  5
E
330
A
100
AcDbDictionary
281
1
  3
ByBlock
350
1F
  3
ByLayer
350
20
  3
Global
350
21
  0
DICTIONARY
  5
F
330
A
100
AcDbDictionary
281
1
  3
Standard
350
2C
  0
DICTIONARY
  5
10
330
A
100
AcDbDictionary
281
1
  3
Standard
350
22
  0
DICTIONARY
  5
11
330
A
100
AcDbDictionary
281
1
  0
ACDBDICTIONARYWDFLT
  5
12
330
A
100
AcDbDictionary
281
1
  3
Normal
350
13
100
AcDbDictionaryWithDefault
340
13
  0
ACDBPLACEHOLDER
  5
13
330
12
  0
DICTIONARY
  5
14
330
A
100
AcDbDictionary
281
1
  0
DICTIONARY
  5
15
330
A
100
AcDbDictionary
281
1
  0
DICTIONARY
  5
16
330
A
100
AcDbDictionary
281
1
  0
LAYOUT
  5
1A
330
D
100
AcDbPlotSettings
  1

  4
A3
  6

 40
7.5
 41
20.0
 42
7.5
 43
20.0
 44
420.0
 45
297.0
 46
0.0
 47
0.0
 48
0.0
 49
0.0
140
0.0
141
0.0
142
1.0
143
1.0
 70
1024
 72
1
 73
0
 74
5
  7

 75
16
 76
0
 77
2
 78
300
147
1.0
148
0.0
149
0.0
100
AcDbLayout
  1
Model
 70
1
 71
0
 10
0.0
 20
0.0
 11
420.0
 21
297.0
 12
0.0
 22
0.0
 32
0.0
 14
1e+20
 24
1e+20
 34
1e+20
 15
-1e+20
 25
-1e+20
 35
-1e+20
146
0.0
 13
0.0
 23
0.0
 33
0.0
 16
1.0
 26
0.0
 36
0.0
 17
0.0
 27
1.0
 37
0.0
 76
1
330
17
  0
LAYOUT
  5
1E
330
D
100
AcDbPlotSettings
  1

  4
A3
  6

 40
7.5
 41
20.0
 42
7.5
 43
20.0
 44
420.0
 45
297.0
 46
0.0
 47
0.0
 48
0.0
 49
0.0
140
0.0
141
0.0
142
1.0
143
1.0
 70
0
 72
1
 73
0
 74
5
  7

 75
16
 76
0
 77
2
 78
300
147
1.0
148
0.0
149
0.0
100
AcDbLayout
  1
Layout1
 70
1
 71
1
 10
0.0
 20
0.0
 11
420.0
 21
297.0
 12
0.0
 22
0.0
 32
0.0
 14
1e+20
 24
1e+20
 34
1e+20
 15
-1e+20
 25
-1e+20
 35
-1e+20
146
0.0
 13
0.0
 23
0.0
 33
0.0
 16
1.0
 26
0.0
 36
0.0
 17
0.0
 27
1.0
 37
0.0
 76
1
330
1B
  0
MATERIAL
  5
1F
102
{ACAD_REACTORS
330
E
102
}
330
E
100
AcDbMaterial
  1
ByBlock
  2

 70
0
 40
1.0
 71
1
 41
1.0
 91
-1023410177
 42
1.0
 72
1
  3

 73
1
 74
1
 75
1
 44
0.5
 73
0
 45
1.0
 46
1.0
 77
1
  4

 78
1
 79
1
170
1
 48
1.0
171
1
  6

172
1
173
1
174
1
140
1.0
141
1.0
175
1
  7

176
1
177
1
178
1
143
1.0
179
1
  8

270
1
271
1
272
1
145
1.0
146
1.0
273
1
  9

274
1
275
1
276
1
 42
1.0
 72
1
  3

 73
1
 74
1
 75
1
 94
63
  0
MATERIAL
  5
20
102
{ACAD_REACTORS
330
E
102
}
330
E
100
AcDbMaterial
  1
ByLayer
  2

 70
0
 40
1.0
 71
1
 41
1.0
 91
-1023410177
 42
1.0
 72
1
  3

 73
1
 74
1
 75
1
 44
0.5
 73
0
 45
1.0
 46
1.0
 77
1
  4

 78
1
 79
1
170
1
 48
1.0
171
1
  6

172
1
173
1
174
1
140
1.0
141
1.0
175
1
  7

176
1
177
1
178
1
143
1.0
179
1
  8

270
1
271
1
272
1
145
1.0
146
1.0
273
1
  9

274
1
275
1
276
1
 42
1.0
 72
1
  3

 73
1
 74
1
 75
1
 94
63
  0
MATERIAL
  5
21
102
{ACAD_REACTORS
330
E
102
}
330
E
100
AcDbMaterial
  1
Global
  2

 70
0
 40
1.0
 71
1
 41
1.0
 91
-1023410177
 42
1.0
 72
1
  3

 73
1
 74
1
 75
1
 44
0.5
 73
0
 45
1.0
 46
1.0
 77
1
  4

 78
1
 79
1
170
1
 48
1.0
171
1
  6

172
1
173
1
174
1
140
1.0
141
1.0
175
1
  7

176
1
177
1
178
1
143
1.0
179
1
  8

270
1
271
1
272
1
145
1.0
146
1.0
273
1
  9

274
1
275
1
276
1
 42
1.0
 72
1
  3

 73
1
 74
1
 75
1
 94
63
  0
MLINESTYLE
  5
22
102
{ACAD_REACTORS
330
10
102
}
330
10
100
AcDbMlineStyle
  2
Standard
 70
0
  3

 62
256
 51
90.0
 52
90.0
 71
2
 49
0.5
 62
256
  6
BYLAYER
 49
-0.5
 62
256
  6
BYLAYER
  0
MLEADERSTYLE
  5
2C
102
{ACAD_REACTORS
330
F
102
}
330
F
100
AcDbMLeaderStyle
179
2
170
2
171
1
172
0
 90
2
 40
0.0
 41
0.0
173
1
 91
-1056964608
 92
-2
290
1
 42
2.0
291
1
 43
8.0
  3
Standard
 44
4.0
300

342
29
174
1
175
1
176
0
178
1
 93
-1056964608
 45
4.0
292
0
297
0
 46
4.0
 94
-1056964608
 47
1.0
 49
1.0
140
1.0
294
1
141
0.0
177
0
142
1.0
295
0
296
0
143
3.75
271
0
272
9
273
9
  0
DICTIONARY
  5
2D
330
A
100
AcDbDictionary
280
1
281
1
  3
CREATED_BY_EZDXF
350
2E
  3
WRITTEN_BY_EZDXF
350
B3A
  0
DICTIONARYVAR
  5
2E
330
2D
100
DictionaryVariables
280
0
  1
1.4.4 @ 2026-08-21T00:33:07.000919+00:00
  0
DICTIONARYVAR
  5
B3A
330
2D
100
DictionaryVariables
280
0
  1
1.4.4 @ 2026-08-21T00:33:07.028280+00:00
  0
ENDSEC
  0
EOF
