  0
SECTION
  2
HEADER
  9
$ACADVER
  1
AC1024
  9
$ACADMAINTVER
 70
6
  9
$DWGCODEPAGE
  3
ANSI_1252
  9
$LASTSAVEDBY
  1
ezdxf
  9
$INSBASE
 10
0.0
 20
0.0
 30
0.0
  9
$EXTMIN
 10
1e+20
 20
1e+20
 30
1e+20
  9
$EXTMAX
 10
-1e+20
 20
-1e+20
 30
-1e+20
  9
$LIMMIN
 10
0.0
 20
0.0
  9
$LIMMAX
 10
420.0
 20
297.0
  9
$ORTHOMODE
 70
0
  9
$REGENMODE
 70
1
  9
$FILLMODE
 70
1
  9
$QTEXTMODE
 70
0
  9
$MIRRTEXT
 70
1
  9
$LTSCALE
 40
1.0
  9
$ATTMODE
 70
1
  9
$TEXTSIZE
 40
2.5
  9
$TRACEWID
 40
1.0
  9
$TEXTSTYLE
  7
Standard
  9
$CLAYER
  8
0
  9
$CELTYPE
  6
ByLayer
  9
$CECOLOR
 62
256
  9
$CELTSCALE
 40
1.0
  9
$DISPSILH
 70
0
  9
$DIMSCALE
 40
1.0
  9
$DIMASZ
 40
2.5
  9
$DIMEXO
 40
0.625
  9
$DIMDLI
 40
3.75
  9
$DIMRND
 40
0.0
  9
$DIMDLE
 40
0.0
  9
$DIMEXE
 40
1.25
  9
$DIMTP
 40
0.0
  9
$DIMTM
 40
0.0
  9
$DIMTXT
 40
2.5
  9
$DIMCEN
 40
2.5
  9
$DIMTSZ
 40
0.0
  9
$DIMTOL
 70
0
  9
$DIMLIM
 70
0
  9
$DIMTIH
 70
0
  9
$DIMTOH
 70
0
  9
$DIMSE1
 70
0
  9
$DIMSE2
 70
0
  9
$DIMTAD
 70
1
  9
$DIMZIN
 70
8
  9
$DIMBLK
  1

  9
$DIMASO
 70
1
  9
$DIMSHO
 70
1
  9
$DIMPOST
  1

  9
$DIMAPOST
  1

  9
$DIMALT
 70
0
  9
$DIMALTD
 70
3
  9
$DIMALTF
 40
0.03937007874
  9
$DIMLFAC
 40
1.0
  9
$DIMTOFL
 70
1
  9
$DIMTVP
 40
0.0
  9
$DIMTIX
 70
0
  9
$DIMSOXD
 70
0
  9
$DIMSAH
 70
0
  9
$DIMBLK1
  1

  9
$DIMBLK2
  1

  9
$DIMSTYLE
  2
ISO-25
  9
$DIMCLRD
 70
0
  9
$DIMCLRE
 70
0
  9
$DIMCLRT
 70
0
  9
$DIMTFAC
 40
1.0
  9
$DIMGAP
 40
0.625
  9
$DIMJUST
 70
0
  9
$DIMSD1
 70
0
  9
$DIMSD2
 70
0
  9
$DIMTOLJ
 70
0
  9
$DIMTZIN
 70
8
  9
$DIMALTZ
 70
0
  9
$DIMALTTZ
 70
0
  9
$DIMUPT
 70
0
  9
$DIMDEC
 70
2
  9
$DIMTDEC
 70
2
  9
$DIMALTU
 70
2
  9
$DIMALTTD
 70
3
  9
$DIMTXSTY
  7
Standard
  9
$DIMAUNIT
 70
0
  9
$DIMADEC
 70
0
  9
$DIMALTRND
 40
0.0
  9
$DIMAZIN
 70
0
  9
$DIMDSEP
 70
44
  9
$DIMATFIT
 70
3
  9
$DIMFRAC
 70
0
  9
$DIMLDRBLK
  1

  9
$DIMLUNIT
 70
2
  9
$DIMLWD
 70
-2
  9
$DIMLWE
 70
-2
  9
$DIMTMOVE
 70
0
  9
$DIMFXL
 40
1.0
  9
$DIMFXLON
 70
0
  9
$DIMJOGANG
 40
0.785398163397
  9
$DIMTFILL
 70
0
  9
$DIMTFILLCLR
 70
0
  9
$DIMARCSYM
 70
0
  9
$DIMLTYPE
  6

  9
$DIMLTEX1
  6

  9
$DIMLTEX2
  6

  9
$DIMTXTDIRECTION
 70
0
  9
$LUNITS
 70
2
  9
$LUPREC
 70
4
  9
$SKETCHINC
 40
1.0
  9
$FILLETRAD
 40
10.0
  9
$AUNITS
 70
0
  9
$AUPREC
 70
2
  9
$MENU
  1
.
  9
$ELEVATION
 40
0.0
  9
$PELEVATION
 40
0.0
  9
$THICKNESS
 40
0.0
  9
$LIMCHECK
 70
0
  9
$CHAMFERA
 40
0.0
  9
$CHAMFERB
 40
0.0
  9
$CHAMFERC
 40
0.0
  9
$CHAMFERD
 40
0.0
  9
$SKPOLY
 70
0
  9
$TDCREATE
 40
2461258.5654513887
  9
$TDUCREATE
 40
2458532.153996898
  9
$TDUPDATE
 40
2461258.5654513887
  9
$TDUUPDATE
 40
2458532.1544311
  9
$TDINDWG
 40
0.0
  9
$TDUSRTIMER
 40
0.0
  9
$USRTIMER
 70
1
  9
$ANGBASE
 50
0.0
  9
$ANGDIR
 70
0
  9
$PDMODE
 70
0
  9
$PDSIZE
 40
0.0
  9
$PLINEWID
 40
0.0
  9
$SPLFRAME
 70
0
  9
$SPLINETYPE
 70
6
  9
$SPLINESEGS
 70
8
  9
$HANDSEED
  5
A33
  9
$SURFTAB1
 70
6
  9
$SURFTAB2
 70
6
  9
$SURFTYPE
 70
6
  9
$SURFU
 70
6
  9
$SURFV
 70
6
  9
$UCSBASE
  2

  9
$UCSNAME
  2

  9
$UCSORG
 10
0.0
 20
0.0
 30
0.0
  9
$UCSXDIR
 10
1.0
 20
0.0
 30
0.0
  9
$UCSYDIR
 10
0.0
 20
1.0
 30
0.0
  9
$UCSORTHOREF
  2

  9
$UCSORTHOVIEW
 70
0
  9
$UCSORGTOP
 10
0.0
 20
0.0
 30
0.0
  9
$UCSORGBOTTOM
 10
0.0
 20
0.0
 30
0.0
  9
$UCSORGLEFT
 10
0.0
 20
0.0
 30
0.0
  9
$UCSORGRIGHT
 10
0.0
 20
0.0
 30
0.0
  9
$UCSORGFRONT
 10
0.0
 20
0.0
 30
0.0
  9
$UCSORGBACK
 10
0.0
 20
0.0
 30
0.0
  9
$PUCSBASE
  2

  9
$PUCSNAME
  2

  9
$PUCSORG
 10
0.0
 20
0.0
 30
0.0
  9
$PUCSXDIR
 10
1.0
 20
0.0
 30
0.0
  9
$PUCSYDIR
 10
0.0
 20
1.0
 30
0.0
  9
$PUCSORTHOREF
  2

  9
$PUCSORTHOVIEW
 70
0
  9
$PUCSORGTOP
 10
0.0
 20
0.0
 30
0.0
  9
$PUCSORGBOTTOM
 10
0.0
 20
0.0
 30
0.0
  9
$PUCSORGLEFT
 10
0.0
 20
0.0
 30
0.0
  9
$PUCSORGRIGHT
 10
0.0
 20
0.0
 30
0.0
  9
$PUCSORGFRONT
 10
0.0
 20
0.0
 30
0.0
  9
$PUCSORGBACK
 10
0.0
 20
0.0
 30
0.0
  9
$USERI1
 70
0
  9
$USERI2
 70
0
  9
$USERI3
 70
0
  9
$USERI4
 70
0
  9
$USERI5
 70
0
  9
$USERR1
 40
0.0
  9
$USERR2
 40
0.0
  9
$USERR3
 40
0.0
  9
$USERR4
 40
0.0
  9
$USERR5
 40
0.0
  9
$WORLDVIEW
 70
1
  9
$SHADEDGE
 70
3
  9
$SHADEDIF
 70
70
  9
$TILEMODE
 70
1
  9
$MAXACTVP
 70
64
  9
$PINSBASE
 10
0.0
 20
0.0
 30
0.0
  9
$PLIMCHECK
 70
0
  9
$PEXTMIN
 10
1e+20
 20
1e+20
 30
1e+20
  9
$PEXTMAX
 10
-1e+20
 20
-1e+20
 30
-1e+20
  9
$PLIMMIN
 10
0.0
 20
0.0
  9
$PLIMMAX
 10
420.0
 20
297.0
  9
$UNITMODE
 70
0
  9
$VISRETAIN
 70
1
  9
$PLINEGEN
 70
0
  9
$PSLTSCALE
 70
1
  9
$TREEDEPTH
 70
3020
  9
$CMLSTYLE
  2
Standard
  9
$CMLJUST
 70
0
  9
$CMLSCALE
 40
20.0
  9
$PROXYGRAPHICS
 70
1
  9
$MEASUREMENT
 70
1
  9
$CELWEIGHT
370
-1
  9
$ENDCAPS
280
0
  9
$JOINSTYLE
280
0
  9
$LWDISPLAY
290
0
  9
$INSUNITS
 70
4
  9
$HYPERLINKBASE
  1

  9
$STYLESHEET
  1

  9
$XEDIT
290
1
  9
$CEPSNTYPE
380
0
  9
$PSTYLEMODE
290
1
  9
$FINGERPRINTGUID
  2
{F78280C9-3093-49EE-AB49-218D435DE7ED}
  9
$VERSIONGUID
  2
{AD86E9C0-0492-4145-8725-9797BAB696A4}
  9
$EXTNAMES
290
1
  9
$PSVPSCALE
 40
0.0
  9
$OLESTARTUP
290
0
  9
$SORTENTS
280
127
  9
$INDEXCTL
280
0
  9
$HIDETEXT
280
1
  9
$XCLIPFRAME
280
1
  9
$HALOGAP
280
0
  9
$OBSCOLOR
 70
257
  9
$OBSLTYPE
280
0
  9
$INTERSECTIONDISPLAY
280
0
  9
$INTERSECTIONCOLOR
 70
257
  9
$DIMASSOC
280
2
  9
$PROJECTNAME
  1

  9
$CAMERADISPLAY
290
0
  9
$LENSLENGTH
 40
50.0
  9
$CAMERAHEIGHT
 40
0.0
  9
$STEPSPERSEC
 40
24.0
  9
$STEPSIZE
 40
100.0
  9
$3DDWFPREC
 40
2.0
  9
$PSOLWIDTH
 40
0.005
  9
$PSOLHEIGHT
 40
0.08
  9
$LOFTANG1
 40
1.570796326795
  9
$LOFTANG2
 40
1.570796326795
  9
$LOFTMAG1
 40
0.0
  9
$LOFTMAG2
 40
0.0
  9
$LOFTPARAM
 70
7
  9
$LOFTNORMALS
280
1
  9
$LATITUDE
 40
37.795
  9
$LONGITUDE
 40
-122.394
  9
$NORTHDIRECTION
 40
0.0
  9
$TIMEZONE
 70
-8000
  9
$LIGHTGLYPHDISPLAY
280
1
  9
$TILEMODELIGHTSYNCH
280
1
  9
$CMATERIAL
347
20
  9
$SOLIDHIST
280
0
  9
$SHOWHIST
280
1
  9
$DWFFRAME
280
2
  9
$DGNFRAME
280
2
  9
$REALWORLDSCALE
290
1
  9
$INTERFERECOLOR
 62
256
  9
$CSHADOW
280
0
  9
$SHADOWPLANELOCATION
 40
0.0
  0
ENDSEC
  0
SECTION
  2
CLASSES
  0
CLASS
  1
ACDBDICTIONARYWDFLT
  2
AcDbDictionaryWithDefault
  3
ObjectDBX Classes
 90
0
 91
0
280
0
281
0
  0
CLASS
  1
SUN
  2
AcDbSun
  3
SCENEOE
 90
1153
 91
0
280
0
281
0
  0
CLASS
  1
VISUALSTYLE
  2
AcDbVisualStyle
  3
ObjectDBX Classes
 90
4095
 91
0
280
0
281
0
  0
CLASS
  1
MATERIAL
  2
AcDbMaterial
  3
ObjectDBX Classes
 90
1153
 91
0
280
0
281
0
  0
CLASS
  1
SCALE
  2
AcDbScale
  3
ObjectDBX Classes
 90
1153
 91
0
280
0
281
0
  0
CLASS
  1
TABLESTYLE
  2
AcDbTableStyle
  3
ObjectDBX Classes
 90
4095
 91
0
280
0
281
0
  0
CLASS
  1
MLEADERSTYLE
  2
AcDbMLeaderStyle
  3
ACDB_MLEADERSTYLE_CLASS
 90
4095
 91
0
280
0
281
0
  0
CLASS
  1
DICTIONARYVAR
  2
AcDbDictionaryVar
  3
ObjectDBX Classes
 90
0
 91
0
280
0
281
0
  0
CLASS
  1
CELLSTYLEMAP
  2
AcDbCellStyleMap
  3
ObjectDBX Classes
 90
1152
 91
0
280
0
281
0
  0
CLASS
  1
MENTALRAYRENDERSETTINGS
  2
AcDbMentalRayRenderSettings
  3
SCENEOE
 90
1024
 91
0
280
0
281
0
  0
CLASS
  1
ACDBDETAILVIEWSTYLE
  2
AcDbDetailViewStyle
  3
ObjectDBX Classes
 90
1025
 91
0
280
0
281
0
  0
CLASS
  1
ACDBSECTIONVIEWSTYLE
  2
AcDbSectionViewStyle
  3
ObjectDBX Classes
 90
1025
 91
0
280
0
281
0
  0
CLASS
  1
RASTERVARIABLES
  2
AcDbRasterVariables
  3
ISM
 90
0
 91
0
280
0
281
0
  0
CLASS
  1
ACDBPLACEHOLDER
  2
AcDbPlaceHolder
  3
ObjectDBX Classes
 90
0
 91
0
280
0
281
0
  0
CLASS
  1
LAYOUT
  2
AcDbLayout
  3
ObjectDBX Classes
 90
0
 91
0
280
0
281
0
  0
ENDSEC
  0
SECTION
  2
TABLES
  0
TABLE
  2
VPORT
  5
8
330
0
100
AcDbSymbolTable
 70
1
  0
VPORT
  5
23
330
8
100
AcDbSymbolTableRecord
100
AcDbViewportTableRecord
  2
*Active
 70
0
 10
0.0
 20
0.0
 11
1.0
 21
1.0
 12
0.0
 22
0.0
 13
0.0
 23
0.0
 14
0.5
 24
0.5
 15
0.5
 25
0.5
 16
0.0
 26
0.0
 36
1.0
 17
0.0
 27
0.0
 37
0.0
 40
1000.0
 41
1.34
 42
50.0
 43
0.0
 44
0.0
 50
0.0
 51
0.0
 71
0
 72
1000
 73
1
 74
3
 75
0
 76
0
 77
0
 78
0
281
0
 65
0
146
0.0
  0
ENDTAB
  0
TABLE
  2
LTYPE
  5
2
330
0
100
AcDbSymbolTable
 70
3
  0
LTYPE
  5
24
330
2
100
AcDbSymbolTableRecord
100
AcDbLinetypeTableRecord
  2
ByBlock
 70
0
  3

 72
65
 73
0
 40
0.0
  0
LTYPE
  5
25
330
2
100
AcDbSymbolTableRecord
100
AcDbLinetypeTableRecord
  2
ByLayer
 70
0
  3

 72
65
 73
0
 40
0.0
  0
LTYPE
  5
26
330
2
100
AcDbSymbolTableRecord
100
AcDbLinetypeTableRecord
  2
Continuous
 70
0
  3

 72
65
 73
0
 40
0.0
  0
ENDTAB
  0
TABLE
  2
LAYER
  5
1
330
0
100
AcDbSymbolTable
 70
5
  0
LAYER
  5
27
330
1
100
AcDbSymbolTableRecord
100
AcDbLayerTableRecord
  2
0
 70
0
 62
7
  6
Continuous
370
-3
390
13
347
21
  0
LAYER
  5
28
330
1
100
AcDbSymbolTableRecord
100
AcDbLayerTableRecord
  2
Defpoints
 70
0
 62
7
  6
Continuous
290
0
370
-3
390
13
347
21
  0
LAYER
  5
2F
330
1
100
AcDbSymbolTableRecord
100
AcDbLayerTableRecord
  2
CUT
 70
0
 62
1
  6
Continuous
370
-3
390
13
347
21
  0
LAYER
  5
30
330
1
100
AcDbSymbolTableRecord
100
AcDbLayerTableRecord
  2
SHEET
 70
0
 62
8
  6
Continuous
370
-3
390
13
347
21
  0
LAYER
  5
31
330
1
100
AcDbSymbolTableRecord
100
AcDbLayerTableRecord
  2
ENGRAVE
 70
0
 62
5
  6
Continuous
370
-3
390
13
347
21
  0
ENDTAB
  0
TABLE
  2
STYLE
  5
5
330
0
100
AcDbSymbolTable
 70
1
  0
STYLE
  5
29
330
5
100
AcDbSymbolTableRecord
100
AcDbTextStyleTableRecord
  2
Standard
 70
0
 40
0.0
 41
1.0
 50
0.0
 71
0
 42
2.5
  3
txt
  4

  0
ENDTAB
  0
TABLE
  2
VIEW
  5
7
330
0
100
AcDbSymbolTable
 70
0
  0
ENDTAB
  0
TABLE
  2
UCS
  5
6
330
0
100
AcDbSymbolTable
 70
0
  0
ENDTAB
  0
TABLE
  2
APPID
  5
3
330
0
100
AcDbSymbolTable
 70
3
  0
APPID
  5
2A
330
3
100
AcDbSymbolTableRecord
100
AcDbRegAppTableRecord
  2
ACAD
 70
0
  0
APPID
  5
A30
330
3
100
AcDbSymbolTableRecord
100
AcDbRegAppTableRecord
  2
HATCHBACKGROUNDCOLOR
 70
0
  0
APPID
  5
A31
330
3
100
AcDbSymbolTableRecord
100
AcDbRegAppTableRecord
  2
EZDXF
 70
0
  0
ENDTAB
  0
TABLE
  2
DIMSTYLE
  5
4
330
0
100
AcDbSymbolTable
 70
1
100
AcDbDimStyleTable
  0
DIMSTYLE
105
2B
330
4
100
AcDbSymbolTableRecord
100
AcDbDimStyleTableRecord
  2
Standard
 70
0
 40
1.0
 41
2.5
 42
0.625
 43
3.75
 44
1.25
 45
0.0
 46
0.0
 47
0.0
 48
0.0
 49
2.5
140
2.5
141
2.5
142
0.0
143
0.03937007874
144
1.0
145
0.0
146
1.0
147
0.625
148
0.0
 69
0
 70
0
 71
0
 72
0
 73
0
 74
0
 75
0
 76
0
 77
1
 78
8
 79
3
170
0
171
3
172
1
173
0
174
0
175
0
176
0
177
0
178
0
179
2
271
2
272
2
273
2
274
3
275
0
276
0
277
2
278
44
279
0
280
0
281
0
282
0
283
0
284
8
285
0
286
0
288
0
289
3
290
0
371
-2
372
-2
  0
ENDTAB
  0
TABLE
  2
BLOCK_RECORD
  5
9
330
0
100
AcDbSymbolTable
 70
2
  0
BLOCK_RECORD
  5
17
330
9
100
AcDbSymbolTableRecord
100
AcDbBlockTableRecord
  2
*Model_Space
340
1A
 70
0
280
1
281
0
  0
BLOCK_RECORD
  5
1B
330
9
100
AcDbSymbolTableRecord
100
AcDbBlockTableRecord
  2
*Paper_Space
340
1E
 70
0
280
1
281
0
  0
ENDTAB
  0
ENDSEC
  0
SECTION
  2
BLOCKS
  0
BLOCK
  5
18
330
17
100
AcDbEntity
  8
0
100
AcDbBlockBegin
  2
*Model_Space
 70
0
 10
0.0
 20
0.0
 30
0.0
  3
*Model_Space
  1

  0
ENDBLK
  5
19
330
17
100
AcDbEntity
  8
0
100
AcDbBlockEnd
  0
BLOCK
  5
1C
330
1B
100
AcDbEntity
  8
0
100
AcDbBlockBegin
  2
*Paper_Space
 70
0
 10
0.0
 20
0.0
 30
0.0
  3
*Paper_Space
  1

  0
ENDBLK
  5
1D
330
1B
100
AcDbEntity
  8
0
100
AcDbBlockEnd
  0
ENDSEC
  0
SECTION
  2
ENTITIES
  0
LINE
  5
32
330
17
100
AcDbEntity
  8
SHEET
100
AcDbLine
 10
0.0
 20
0.0
 30
0.0
 11
600.0
 21
0.0
 31
0.0
  0
LINE
  5
33
330
17
100
AcDbEntity
  8
SHEET
100
AcDbLine
 10
600.0
 20
0.0
 30
0.0
 11
600.0
 21
450.0
 31
0.0
  0
LINE
  5
34
330
17
100
AcDbEntity
  8
SHEET
100
AcDbLine
 10
600.0
 20
450.0
 30
0.0
 11
0.0
 21
450.0
 31
0.0
  0
LINE
  5
35
330
17
100
AcDbEntity
  8
SHEET
100
AcDbLine
 10
0.0
 20
450.0
 30
0.0
 11
0.0
 21
0.0
 31
0.0
  0
LINE
  5
36
330
17
100
AcDbEntity
  8
CUT
100
AcDbLine
 10
41.97004166666659
 20
27.187241666666708
 30
0.0
 11
39.27834722222224
 21
25.76484166666671
 31
0.0
  0
LINE
  5
37
330
17
100
AcDbEntity
  8
CUT
100
AcDbLine
 10
41.65077777777793
 20
49.720216666666715
 30
0.0
 11
41.65077777777793
 21
46.719841666666696
 31
0.0
  0
LINE
  5
38
330
17
100
AcDbEntity
  8
CUT
100
AcDbLine
 10
43.951594444444424
 20
16.92176111111111
 30
0.0
 11
46.642583333333334
 21
18.3438083333334
 31
0.0
  0
LINE
  5
39
330
17
100
AcDbEntity
  8
CUT
100
AcDbLine
 10
6.5
 20
57.7713111111112
 30
0.0
 11
6.5
 21
49.720216666666715
 31
0.0
  0
LINE
  5
3A
330
17
100
AcDbEntity
  8
CUT
100
AcDbLine
 10
62.90316944444453
 20
9.500375000000005
 30
0.0
 11
62.90316944444453
 21
6.5
 31
0.0
  0
LINE
  5
3B
330
17
100
AcDbEntity
  8
CUT
100
AcDbLine
 10
31.648822222222236
 20
46.719841666666696
 30
0.0
 11
41.97004166666659
 21
27.187241666666708
 31
0.0
  0
LINE
  5
3C
330
17
100
AcDbEntity
  8
CUT
100
AcDbLine
 10
45.25405000000001
 20
119.1687555555556
 30
0.0
 11
42.636791666666625
 21
120.63631111111121
 31
0.0
  0
LINE
  5
3D
330
17
100
AcDbEntity
  8
CUT
100
AcDbLine
 10
119.97555833333331
 20
9.500375000000005
 30
0.0
 11
119.97555833333331
 21
6.5
 31
0.0
  0
LINE
  5
3E
330
17
100
AcDbEntity
  8
CUT
100
AcDbLine
 10
39.27834722222224
 20
25.76484166666671
 30
0.0
 11
43.951594444444424
 21
16.92176111111111
 31
0.0
  0
LINE
  5
3F
330
17
100
AcDbEntity
  8
CUT
100
AcDbLine
 10
129.9775138888889
 20
6.5
 30
0.0
 11
129.9775138888889
 21
9.500375000000005
 31
0.0
  0
LINE
  5
40
330
17
100
AcDbEntity
  8
CUT
100
AcDbLine
 10
9.500727777777797
 20
60.772038888889
 30
0.0
 11
9.500727777777797
 21
57.7713111111112
 31
0.0
  0
LINE
  5
41
330
17
100
AcDbEntity
  8
CUT
100
AcDbLine
 10
20.815016666666622
 20
81.7189250000001
 30
0.0
 11
23.432275000000118
 21
80.25136944444449
 31
0.0
  0
LINE
  5
42
330
17
100
AcDbEntity
  8
CUT
100
AcDbLine
 10
42.636791666666625
 20
120.63631111111121
 30
0.0
 11
37.74517500000002
 21
111.9124694444445
 31
0.0
  0
LINE
  5
43
330
17
100
AcDbEntity
  8
CUT
100
AcDbLine
 10
139.97946944444448
 20
9.500375000000005
 30
0.0
 11
139.97946944444448
 21
19.502330555555503
 31
0.0
  0
LINE
  5
44
330
17
100
AcDbEntity
  8
CUT
100
AcDbLine
 10
142.97984444444444
 20
19.502330555555503
 30
0.0
 11
142.97984444444444
 21
29.5042861111112
 31
0.0
  0
LINE
  5
45
330
17
100
AcDbEntity
  8
CUT
100
AcDbLine
 10
46.642583333333334
 20
18.3438083333334
 30
0.0
 11
51.31547777777769
 21
9.500375000000005
 31
0.0
  0
LINE
  5
46
330
17
100
AcDbEntity
  8
CUT
100
AcDbLine
 10
25.706986111111235
 20
90.4427666666667
 30
0.0
 11
20.815016666666622
 21
81.7189250000001
 31
0.0
  0
LINE
  5
47
330
17
100
AcDbEntity
  8
CUT
100
AcDbLine
 10
40.36208055555551
 20
110.44491388888892
 30
0.0
 11
28.323891666666725
 21
88.9752111111111
 31
0.0
  0
LINE
  5
48
330
17
100
AcDbEntity
  8
CUT
100
AcDbLine
 10
18.540305555555506
 20
71.52717500000011
 30
0.0
 11
24.223555555555492
 21
60.772038888889
 31
0.0
  0
LINE
  5
49
330
17
100
AcDbEntity
  8
CUT
100
AcDbLine
 10
37.74517500000002
 20
111.9124694444445
 30
0.0
 11
40.36208055555551
 21
110.44491388888892
 31
0.0
  0
LINE
  5
4A
330
17
100
AcDbEntity
  8
CUT
100
AcDbLine
 10
28.323891666666725
 20
88.9752111111111
 30
0.0
 11
25.706986111111235
 21
90.4427666666667
 31
0.0
  0
LINE
  5
4B
330
17
100
AcDbEntity
  8
CUT
100
AcDbLine
 10
72.90477222222216
 20
6.5
 30
0.0
 11
72.90477222222216
 21
9.500375000000005
 31
0.0
  0
LINE
  5
4C
330
17
100
AcDbEntity
  8
CUT
100
AcDbLine
 10
23.432275000000118
 20
80.25136944444449
 30
0.0
 11
18.540305555555506
 21
71.52717500000011
 31
0.0
  0
LINE
  5
4D
330
17
100
AcDbEntity
  8
CUT
100
AcDbLine
 10
119.97555833333331
 20
130.89332500000012
 30
0.0
 11
119.97555833333331
 21
127.8929500000001
 31
0.0
  0
LINE
  5
4E
330
17
100
AcDbEntity
  8
CUT
100
AcDbLine
 10
72.90477222222216
 20
127.8929500000001
 30
0.0
 11
72.90477222222216
 21
130.89332500000012
 31
0.0
  0
LINE
  5
4F
330
17
100
AcDbEntity
  8
CUT
100
AcDbLine
 10
119.08444166666675
 20
33.82122777777781
 30
0.0
 11
119.08444166666675
 21
36.821955555555604
 31
0.0
  0
LINE
  5
50
330
17
100
AcDbEntity
  8
CUT
100
AcDbLine
 10
139.97946944444448
 20
117.89099444444452
 30
0.0
 11
139.97946944444448
 21
127.8929500000001
 31
0.0
  0
LINE
  5
51
330
17
100
AcDbEntity
  8
CUT
100
AcDbLine
 10
62.90316944444453
 20
130.89332500000012
 30
0.0
 11
62.90316944444453
 21
127.8929500000001
 31
0.0
  0
LINE
  5
52
330
17
100
AcDbEntity
  8
CUT
100
AcDbLine
 10
142.97984444444444
 20
107.8890388888889
 30
0.0
 11
142.97984444444444
 21
117.89099444444452
 31
0.0
  0
LINE
  5
53
330
17
100
AcDbEntity
  8
CUT
100
AcDbLine
 10
50.145666666666614
 20
127.8929500000001
 30
0.0
 11
45.25405000000001
 21
119.1687555555556
 31
0.0
  0
LINE
  5
54
330
17
100
AcDbEntity
  8
CUT
100
AcDbLine
 10
139.97946944444448
 20
73.6978166666668
 30
0.0
 11
139.97946944444448
 21
107.8890388888889
 31
0.0
  0
LINE
  5
55
330
17
100
AcDbEntity
  8
CUT
100
AcDbLine
 10
139.97946944444448
 20
36.821955555555604
 30
0.0
 11
139.97946944444448
 21
57.7713111111112
 31
0.0
  0
LINE
  5
56
330
17
100
AcDbEntity
  8
CUT
100
AcDbLine
 10
119.08444166666675
 20
57.7713111111112
 30
0.0
 11
119.08444166666675
 21
60.772038888889
 31
0.0
  0
LINE
  5
57
330
17
100
AcDbEntity
  8
CUT
100
AcDbLine
 10
129.9775138888889
 20
127.8929500000001
 30
0.0
 11
129.9775138888889
 21
130.89332500000012
 31
0.0
  0
LINE
  5
58
330
17
100
AcDbEntity
  8
CUT
100
AcDbLine
 10
142.97984444444444
 20
63.69550833333341
 30
0.0
 11
142.97984444444444
 21
73.6978166666668
 31
0.0
  0
LINE
  5
59
330
17
100
AcDbEntity
  8
CUT
100
AcDbLine
 10
139.97946944444448
 20
29.5042861111112
 30
0.0
 11
139.97946944444448
 21
33.82122777777781
 31
0.0
  0
LINE
  5
5A
330
17
100
AcDbEntity
  8
CUT
100
AcDbLine
 10
139.97946944444448
 20
60.772038888889
 30
0.0
 11
139.97946944444448
 21
63.69550833333341
 31
0.0
  0
LINE
  5
5B
330
17
100
AcDbEntity
  8
CUT
100
AcDbLine
 10
72.90477222222216
 20
9.500375000000005
 30
0.0
 11
119.97555833333331
 21
9.500375000000005
 31
0.0
  0
LINE
  5
5C
330
17
100
AcDbEntity
  8
CUT
100
AcDbLine
 10
129.9775138888889
 20
9.500375000000005
 30
0.0
 11
139.97946944444448
 21
9.500375000000005
 31
0.0
  0
LINE
  5
5D
330
17
100
AcDbEntity
  8
CUT
100
AcDbLine
 10
51.31547777777769
 20
9.500375000000005
 30
0.0
 11
62.90316944444453
 21
9.500375000000005
 31
0.0
  0
LINE
  5
5E
330
17
100
AcDbEntity
  8
CUT
100
AcDbLine
 10
41.65077777777793
 20
46.719841666666696
 30
0.0
 11
31.648822222222236
 21
46.719841666666696
 31
0.0
  0
LINE
  5
5F
330
17
100
AcDbEntity
  8
CUT
100
AcDbLine
 10
142.97984444444444
 20
29.5042861111112
 30
0.0
 11
139.97946944444448
 21
29.5042861111112
 31
0.0
  0
LINE
  5
60
330
17
100
AcDbEntity
  8
CUT
100
AcDbLine
 10
119.97555833333331
 20
6.5
 30
0.0
 11
129.9775138888889
 21
6.5
 31
0.0
  0
LINE
  5
61
330
17
100
AcDbEntity
  8
CUT
100
AcDbLine
 10
62.90316944444453
 20
6.5
 30
0.0
 11
72.90477222222216
 21
6.5
 31
0.0
  0
LINE
  5
62
330
17
100
AcDbEntity
  8
CUT
100
AcDbLine
 10
6.5
 20
49.720216666666715
 30
0.0
 11
41.65077777777793
 21
49.720216666666715
 31
0.0
  0
LINE
  5
63
330
17
100
AcDbEntity
  8
CUT
100
AcDbLine
 10
24.223555555555492
 20
60.772038888889
 30
0.0
 11
9.500727777777797
 21
60.772038888889
 31
0.0
  0
LINE
  5
64
330
17
100
AcDbEntity
  8
CUT
100
AcDbLine
 10
119.08444166666675
 20
60.772038888889
 30
0.0
 11
139.97946944444448
 21
60.772038888889
 31
0.0
  0
LINE
  5
65
330
17
100
AcDbEntity
  8
CUT
100
AcDbLine
 10
139.97946944444448
 20
19.502330555555503
 30
0.0
 11
142.97984444444444
 21
19.502330555555503
 31
0.0
  0
LINE
  5
66
330
17
100
AcDbEntity
  8
CUT
100
AcDbLine
 10
9.500727777777797
 20
57.7713111111112
 30
0.0
 11
6.5
 21
57.7713111111112
 31
0.0
  0
LINE
  5
67
330
17
100
AcDbEntity
  8
CUT
100
AcDbLine
 10
139.97946944444448
 20
57.7713111111112
 30
0.0
 11
119.08444166666675
 21
57.7713111111112
 31
0.0
  0
LINE
  5
68
330
17
100
AcDbEntity
  8
CUT
100
AcDbLine
 10
119.08444166666675
 20
36.821955555555604
 30
0.0
 11
139.97946944444448
 21
36.821955555555604
 31
0.0
  0
LINE
  5
69
330
17
100
AcDbEntity
  8
CUT
100
AcDbLine
 10
139.97946944444448
 20
107.8890388888889
 30
0.0
 11
142.97984444444444
 21
107.8890388888889
 31
0.0
  0
LINE
  5
6A
330
17
100
AcDbEntity
  8
CUT
100
AcDbLine
 10
139.97946944444448
 20
33.82122777777781
 30
0.0
 11
119.08444166666675
 21
33.82122777777781
 31
0.0
  0
LINE
  5
6B
330
17
100
AcDbEntity
  8
CUT
100
AcDbLine
 10
139.97946944444448
 20
127.8929500000001
 30
0.0
 11
129.9775138888889
 21
127.8929500000001
 31
0.0
  0
LINE
  5
6C
330
17
100
AcDbEntity
  8
CUT
100
AcDbLine
 10
119.97555833333331
 20
127.8929500000001
 30
0.0
 11
72.90477222222216
 21
127.8929500000001
 31
0.0
  0
LINE
  5
6D
330
17
100
AcDbEntity
  8
CUT
100
AcDbLine
 10
62.90316944444453
 20
127.8929500000001
 30
0.0
 11
50.145666666666614
 21
127.8929500000001
 31
0.0
  0
LINE
  5
6E
330
17
100
AcDbEntity
  8
CUT
100
AcDbLine
 10
139.97946944444448
 20
63.69550833333341
 30
0.0
 11
142.97984444444444
 21
63.69550833333341
 31
0.0
  0
LINE
  5
6F
330
17
100
AcDbEntity
  8
CUT
100
AcDbLine
 10
142.97984444444444
 20
73.6978166666668
 30
0.0
 11
139.97946944444448
 21
73.6978166666668
 31
0.0
  0
LINE
  5
70
330
17
100
AcDbEntity
  8
CUT
100
AcDbLine
 10
142.97984444444444
 20
117.89099444444452
 30
0.0
 11
139.97946944444448
 21
117.89099444444452
 31
0.0
  0
LINE
  5
71
330
17
100
AcDbEntity
  8
CUT
100
AcDbLine
 10
72.90477222222216
 20
130.89332500000012
 30
0.0
 11
62.90316944444453
 21
130.89332500000012
 31
0.0
  0
LINE
  5
72
330
17
100
AcDbEntity
  8
CUT
100
AcDbLine
 10
129.9775138888889
 20
130.89332500000012
 30
0.0
 11
119.97555833333331
 21
130.89332500000012
 31
0.0
  0
LINE
  5
73
330
17
100
AcDbEntity
  8
CUT
100
AcDbLine
 10
49.201986111111125
 20
57.7713111111112
 30
0.0
 11
49.201986111111125
 21
60.772038888889
 31
0.0
  0
LINE
  5
74
330
17
100
AcDbEntity
  8
CUT
100
AcDbLine
 10
69.20589722222223
 20
60.772038888889
 30
0.0
 11
69.20589722222223
 21
57.7713111111112
 31
0.0
  0
LINE
  5
75
330
17
100
AcDbEntity
  8
CUT
100
AcDbLine
 10
49.201986111111125
 20
60.772038888889
 30
0.0
 11
69.20589722222223
 21
60.772038888889
 31
0.0
  0
LINE
  5
76
330
17
100
AcDbEntity
  8
CUT
100
AcDbLine
 10
69.20589722222223
 20
57.7713111111112
 30
0.0
 11
49.201986111111125
 21
57.7713111111112
 31
0.0
  0
LINE
  5
77
330
17
100
AcDbEntity
  8
CUT
100
AcDbLine
 10
105.91277777777793
 20
79.48196111111122
 30
0.0
 11
105.91277777777793
 21
109.1830277777778
 31
0.0
  0
LINE
  5
78
330
17
100
AcDbEntity
  8
CUT
100
AcDbLine
 10
111.44433333333325
 20
109.1830277777778
 30
0.0
 11
111.44433333333325
 21
112.18375555555559
 31
0.0
  0
LINE
  5
79
330
17
100
AcDbEntity
  8
CUT
100
AcDbLine
 10
114.44506111111116
 20
79.48196111111122
 30
0.0
 11
114.44506111111116
 21
76.48123333333339
 31
0.0
  0
LINE
  5
7A
330
17
100
AcDbEntity
  8
CUT
100
AcDbLine
 10
111.44433333333325
 20
76.48123333333339
 30
0.0
 11
111.44433333333325
 21
79.48196111111122
 31
0.0
  0
LINE
  5
7B
330
17
100
AcDbEntity
  8
CUT
100
AcDbLine
 10
119.9766166666667
 20
109.1830277777778
 30
0.0
 11
119.9766166666667
 21
79.48196111111122
 31
0.0
  0
LINE
  5
7C
330
17
100
AcDbEntity
  8
CUT
100
AcDbLine
 10
114.44506111111116
 20
112.18375555555559
 30
0.0
 11
114.44506111111116
 21
109.1830277777778
 31
0.0
  0
LINE
  5
7D
330
17
100
AcDbEntity
  8
CUT
100
AcDbLine
 10
111.44433333333325
 20
112.18375555555559
 30
0.0
 11
114.44506111111116
 21
112.18375555555559
 31
0.0
  0
LINE
  5
7E
330
17
100
AcDbEntity
  8
CUT
100
AcDbLine
 10
114.44506111111116
 20
109.1830277777778
 30
0.0
 11
119.9766166666667
 21
109.1830277777778
 31
0.0
  0
LINE
  5
7F
330
17
100
AcDbEntity
  8
CUT
100
AcDbLine
 10
105.91277777777793
 20
109.1830277777778
 30
0.0
 11
111.44433333333325
 21
109.1830277777778
 31
0.0
  0
LINE
  5
80
330
17
100
AcDbEntity
  8
CUT
100
AcDbLine
 10
114.44506111111116
 20
76.48123333333339
 30
0.0
 11
111.44433333333325
 21
76.48123333333339
 31
0.0
  0
LINE
  5
81
330
17
100
AcDbEntity
  8
CUT
100
AcDbLine
 10
119.9766166666667
 20
79.48196111111122
 30
0.0
 11
114.44506111111116
 21
79.48196111111122
 31
0.0
  0
LINE
  5
82
330
17
100
AcDbEntity
  8
CUT
100
AcDbLine
 10
111.44433333333325
 20
79.48196111111122
 30
0.0
 11
105.91277777777793
 21
79.48196111111122
 31
0.0
  0
LINE
  5
83
330
17
100
AcDbEntity
  8
CUT
100
AcDbLine
 10
66.78337222222228
 20
79.50559722222229
 30
0.0
 11
66.78337222222228
 21
92.8081416666667
 31
0.0
  0
LINE
  5
84
330
17
100
AcDbEntity
  8
CUT
100
AcDbLine
 10
82.8474611111111
 20
92.8081416666667
 30
0.0
 11
82.8474611111111
 21
79.50559722222229
 31
0.0
  0
LINE
  5
85
330
17
100
AcDbEntity
  8
CUT
100
AcDbLine
 10
85.84818888888901
 20
95.8088694444445
 30
0.0
 11
85.84818888888901
 21
92.8081416666667
 31
0.0
  0
LINE
  5
86
330
17
100
AcDbEntity
  8
CUT
100
AcDbLine
 10
82.8474611111111
 20
109.15939166666669
 30
0.0
 11
82.8474611111111
 21
95.8088694444445
 31
0.0
  0
LINE
  5
87
330
17
100
AcDbEntity
  8
CUT
100
AcDbLine
 10
66.78337222222228
 20
95.8088694444445
 30
0.0
 11
66.78337222222228
 21
109.15939166666669
 31
0.0
  0
LINE
  5
88
330
17
100
AcDbEntity
  8
CUT
100
AcDbLine
 10
63.78264444444443
 20
92.8081416666667
 30
0.0
 11
63.78264444444443
 21
95.8088694444445
 31
0.0
  0
LINE
  5
89
330
17
100
AcDbEntity
  8
CUT
100
AcDbLine
 10
82.8474611111111
 20
79.50559722222229
 30
0.0
 11
66.78337222222228
 21
79.50559722222229
 31
0.0
  0
LINE
  5
8A
330
17
100
AcDbEntity
  8
CUT
100
AcDbLine
 10
85.84818888888901
 20
92.8081416666667
 30
0.0
 11
82.8474611111111
 21
92.8081416666667
 31
0.0
  0
LINE
  5
8B
330
17
100
AcDbEntity
  8
CUT
100
AcDbLine
 10
66.78337222222228
 20
92.8081416666667
 30
0.0
 11
63.78264444444443
 21
92.8081416666667
 31
0.0
  0
LINE
  5
8C
330
17
100
AcDbEntity
  8
CUT
100
AcDbLine
 10
66.78337222222228
 20
109.15939166666669
 30
0.0
 11
82.8474611111111
 21
109.15939166666669
 31
0.0
  0
LINE
  5
8D
330
17
100
AcDbEntity
  8
CUT
100
AcDbLine
 10
63.78264444444443
 20
95.8088694444445
 30
0.0
 11
66.78337222222228
 21
95.8088694444445
 31
0.0
  0
LINE
  5
8E
330
17
100
AcDbEntity
  8
CUT
100
AcDbLine
 10
82.8474611111111
 20
95.8088694444445
 30
0.0
 11
85.84818888888901
 21
95.8088694444445
 31
0.0
  0
LINE
  5
8F
330
17
100
AcDbEntity
  8
CUT
100
AcDbLine
 10
24.929111111111126
 20
130.82770833333342
 30
0.0
 11
24.929111111111126
 21
101.17391388888902
 31
0.0
  0
LINE
  5
90
330
17
100
AcDbEntity
  8
CUT
100
AcDbLine
 10
8.865022222222194
 20
101.17391388888902
 30
0.0
 11
8.865022222222194
 21
130.82770833333342
 31
0.0
  0
LINE
  5
91
330
17
100
AcDbEntity
  8
CUT
100
AcDbLine
 10
8.865022222222194
 20
130.82770833333342
 30
0.0
 11
24.929111111111126
 21
130.82770833333342
 31
0.0
  0
LINE
  5
92
330
17
100
AcDbEntity
  8
CUT
100
AcDbLine
 10
24.929111111111126
 20
101.17391388888902
 30
0.0
 11
8.865022222222194
 21
101.17391388888902
 31
0.0
  0
LINE
  5
93
330
17
100
AcDbEntity
  8
CUT
100
AcDbLine
 10
95.34285
 20
40.36948888888901
 30
0.0
 11
93.00252222222218
 21
38.491652777777915
 31
0.0
  0
LINE
  5
94
330
17
100
AcDbEntity
  8
CUT
100
AcDbLine
 10
93.00252222222218
 20
38.491652777777915
 30
0.0
 11
89.24685
 21
43.172308333333405
 31
0.0
  0
LINE
  5
95
330
17
100
AcDbEntity
  8
CUT
100
AcDbLine
 10
89.24685
 20
43.172308333333405
 30
0.0
 11
91.58717777777781
 21
45.0501444444445
 31
0.0
  0
LINE
  5
96
330
17
100
AcDbEntity
  8
CUT
100
AcDbLine
 10
91.58717777777781
 20
45.0501444444445
 30
0.0
 11
95.34285
 21
40.36948888888901
 31
0.0
  0
LINE
  5
97
330
17
100
AcDbEntity
  8
ENGRAVE
100
AcDbLine
 10
62.855386588236456
 20
30.895994117660393
 30
0.0
 11
65.65534386362708
 21
30.895994117660393
 31
0.0
  0
LINE
  5
98
330
17
100
AcDbEntity
  8
ENGRAVE
100
AcDbLine
 10
65.65534386362708
 20
30.895994117660393
 30
0.0
 11
66.35533318247474
 21
32.295972755355706
 31
0.0
  0
LINE
  5
99
330
17
100
AcDbEntity
  8
ENGRAVE
100
AcDbLine
 10
66.35533318247474
 20
32.295972755355706
 30
0.0
 11
66.35533318247474
 21
36.49590866844164
 31
0.0
  0
LINE
  5
9A
330
17
100
AcDbEntity
  8
ENGRAVE
100
AcDbLine
 10
66.35533318247474
 20
36.49590866844164
 30
0.0
 11
65.65534386362708
 21
37.895887306136956
 31
0.0
  0
LINE
  5
9B
330
17
100
AcDbEntity
  8
ENGRAVE
100
AcDbLine
 10
65.65534386362708
 20
37.895887306136956
 30
0.0
 11
62.855386588236456
 21
37.895887306136956
 31
0.0
  0
LINE
  5
9C
330
17
100
AcDbEntity
  8
ENGRAVE
100
AcDbLine
 10
62.855386588236456
 20
37.895887306136956
 30
0.0
 11
62.1553972693888
 21
36.49590866844164
 31
0.0
  0
LINE
  5
9D
330
17
100
AcDbEntity
  8
ENGRAVE
100
AcDbLine
 10
62.1553972693888
 20
36.49590866844164
 30
0.0
 11
62.1553972693888
 21
32.295972755355706
 31
0.0
  0
LINE
  5
9E
330
17
100
AcDbEntity
  8
ENGRAVE
100
AcDbLine
 10
62.1553972693888
 20
32.295972755355706
 30
0.0
 11
62.855386588236456
 21
30.895994117660393
 31
0.0
  0
LINE
  5
9F
330
17
100
AcDbEntity
  8
ENGRAVE
100
AcDbLine
 10
67.75531182017005
 20
37.1958979872893
 30
0.0
 11
68.4553011390177
 21
37.895887306136956
 31
0.0
  0
LINE
  5
A0
330
17
100
AcDbEntity
  8
ENGRAVE
100
AcDbLine
 10
68.4553011390177
 20
37.895887306136956
 30
0.0
 11
71.25525841440833
 21
37.895887306136956
 31
0.0
  0
LINE
  5
A1
330
17
100
AcDbEntity
  8
ENGRAVE
100
AcDbLine
 10
71.25525841440833
 20
37.895887306136956
 30
0.0
 11
71.95524773325599
 21
37.1958979872893
 31
0.0
  0
LINE
  5
A2
330
17
100
AcDbEntity
  8
ENGRAVE
100
AcDbLine
 10
71.95524773325599
 20
37.1958979872893
 30
0.0
 11
71.95524773325599
 21
35.51592362205493
 31
0.0
  0
LINE
  5
A3
330
17
100
AcDbEntity
  8
ENGRAVE
100
AcDbLine
 10
71.95524773325599
 20
35.51592362205493
 30
0.0
 11
71.25525841440833
 21
34.81593430320727
 31
0.0
  0
LINE
  5
A4
330
17
100
AcDbEntity
  8
ENGRAVE
100
AcDbLine
 10
71.25525841440833
 20
34.81593430320727
 30
0.0
 11
69.15529045786536
 21
34.81593430320727
 31
0.0
  0
LINE
  5
A5
330
17
100
AcDbEntity
  8
ENGRAVE
100
AcDbLine
 10
71.25525841440833
 20
34.81593430320727
 30
0.0
 11
71.95524773325599
 21
34.115944984359615
 31
0.0
  0
LINE
  5
A6
330
17
100
AcDbEntity
  8
ENGRAVE
100
AcDbLine
 10
71.95524773325599
 20
34.115944984359615
 30
0.0
 11
71.95524773325599
 21
31.59598343650805
 31
0.0
  0
LINE
  5
A7
330
17
100
AcDbEntity
  8
ENGRAVE
100
AcDbLine
 10
71.95524773325599
 20
31.59598343650805
 30
0.0
 11
71.25525841440833
 21
30.895994117660393
 31
0.0
  0
LINE
  5
A8
330
17
100
AcDbEntity
  8
ENGRAVE
100
AcDbLine
 10
71.25525841440833
 20
30.895994117660393
 30
0.0
 11
68.4553011390177
 21
30.895994117660393
 31
0.0
  0
LINE
  5
A9
330
17
100
AcDbEntity
  8
ENGRAVE
100
AcDbLine
 10
68.4553011390177
 20
30.895994117660393
 30
0.0
 11
67.75531182017005
 21
31.59598343650805
 31
0.0
  0
LINE
  5
AA
330
17
100
AcDbEntity
  8
CUT
100
AcDbLine
 10
181.44988611111103
 20
27.187241666666708
 30
0.0
 11
178.75819166666668
 21
25.76484166666671
 31
0.0
  0
LINE
  5
AB
330
17
100
AcDbEntity
  8
CUT
100
AcDbLine
 10
181.13062222222237
 20
49.720216666666715
 30
0.0
 11
181.13062222222237
 21
46.719841666666696
 31
0.0
  0
LINE
  5
AC
330
17
100
AcDbEntity
  8
CUT
100
AcDbLine
 10
183.43143888888886
 20
16.92176111111111
 30
0.0
 11
186.12242777777777
 21
18.3438083333334
 31
0.0
  0
LINE
  5
AD
330
17
100
AcDbEntity
  8
CUT
100
AcDbLine
 10
145.97984444444444
 20
57.7713111111112
 30
0.0
 11
145.97984444444444
 21
49.720216666666715
 31
0.0
  0
LINE
  5
AE
330
17
100
AcDbEntity
  8
CUT
100
AcDbLine
 10
202.38301388888897
 20
9.500375000000005
 30
0.0
 11
202.38301388888897
 21
6.5
 31
0.0
  0
LINE
  5
AF
330
17
100
AcDbEntity
  8
CUT
100
AcDbLine
 10
171.12866666666667
 20
46.719841666666696
 30
0.0
 11
181.44988611111103
 21
27.187241666666708
 31
0.0
  0
LINE
  5
B0
330
17
100
AcDbEntity
  8
CUT
100
AcDbLine
 10
184.73389444444445
 20
119.1687555555556
 30
0.0
 11
182.11663611111106
 21
120.63631111111121
 31
0.0
  0
LINE
  5
B1
330
17
100
AcDbEntity
  8
CUT
100
AcDbLine
 10
259.45540277777775
 20
9.500375000000005
 30
0.0
 11
259.45540277777775
 21
6.5
 31
0.0
  0
LINE
  5
B2
330
17
100
AcDbEntity
  8
CUT
100
AcDbLine
 10
178.75819166666668
 20
25.76484166666671
 30
0.0
 11
183.43143888888886
 21
16.92176111111111
 31
0.0
  0
LINE
  5
B3
330
17
100
AcDbEntity
  8
CUT
100
AcDbLine
 10
269.45735833333333
 20
6.5
 30
0.0
 11
269.45735833333333
 21
9.500375000000005
 31
0.0
  0
LINE
  5
B4
330
17
100
AcDbEntity
  8
CUT
100
AcDbLine
 10
148.98057222222224
 20
60.772038888889
 30
0.0
 11
148.98057222222224
 21
57.7713111111112
 31
0.0
  0
LINE
  5
B5
330
17
100
AcDbEntity
  8
CUT
100
AcDbLine
 10
160.29486111111106
 20
81.7189250000001
 30
0.0
 11
162.91211944444456
 21
80.25136944444449
 31
0.0
  0
LINE
  5
B6
330
17
100
AcDbEntity
  8
CUT
100
AcDbLine
 10
182.11663611111106
 20
120.63631111111121
 30
0.0
 11
177.22501944444446
 21
111.9124694444445
 31
0.0
  0
LINE
  5
B7
330
17
100
AcDbEntity
  8
CUT
100
AcDbLine
 10
279.4593138888889
 20
9.500375000000005
 30
0.0
 11
279.4593138888889
 21
19.502330555555503
 31
0.0
  0
LINE
  5
B8
330
17
100
AcDbEntity
  8
CUT
100
AcDbLine
 10
282.4596888888889
 20
19.502330555555503
 30
0.0
 11
282.4596888888889
 21
29.5042861111112
 31
0.0
  0
LINE
  5
B9
330
17
100
AcDbEntity
  8
CUT
100
AcDbLine
 10
186.12242777777777
 20
18.3438083333334
 30
0.0
 11
190.79532222222213
 21
9.500375000000005
 31
0.0
  0
LINE
  5
BA
330
17
100
AcDbEntity
  8
CUT
100
AcDbLine
 10
165.18683055555567
 20
90.4427666666667
 30
0.0
 11
160.29486111111106
 21
81.7189250000001
 31
0.0
  0
LINE
  5
BB
330
17
100
AcDbEntity
  8
CUT
100
AcDbLine
 10
179.84192499999995
 20
110.44491388888892
 30
0.0
 11
167.80373611111116
 21
88.9752111111111
 31
0.0
  0
LINE
  5
BC
330
17
100
AcDbEntity
  8
CUT
100
AcDbLine
 10
158.02014999999994
 20
71.52717500000011
 30
0.0
 11
163.70339999999993
 21
60.772038888889
 31
0.0
  0
LINE
  5
BD
330
17
100
AcDbEntity
  8
CUT
100
AcDbLine
 10
177.22501944444446
 20
111.9124694444445
 30
0.0
 11
179.84192499999995
 21
110.44491388888892
 31
0.0
  0
LINE
  5
BE
330
17
100
AcDbEntity
  8
CUT
100
AcDbLine
 10
167.80373611111116
 20
88.9752111111111
 30
0.0
 11
165.18683055555567
 21
90.4427666666667
 31
0.0
  0
LINE
  5
BF
330
17
100
AcDbEntity
  8
CUT
100
AcDbLine
 10
212.3846166666666
 20
6.5
 30
0.0
 11
212.3846166666666
 21
9.500375000000005
 31
0.0
  0
LINE
  5
C0
330
17
100
AcDbEntity
  8
CUT
100
AcDbLine
 10
162.91211944444456
 20
80.25136944444449
 30
0.0
 11
158.02014999999994
 21
71.52717500000011
 31
0.0
  0
LINE
  5
C1
330
17
100
AcDbEntity
  8
CUT
100
AcDbLine
 10
259.45540277777775
 20
130.89332500000012
 30
0.0
 11
259.45540277777775
 21
127.8929500000001
 31
0.0
  0
LINE
  5
C2
330
17
100
AcDbEntity
  8
CUT
100
AcDbLine
 10
212.3846166666666
 20
127.8929500000001
 30
0.0
 11
212.3846166666666
 21
130.89332500000012
 31
0.0
  0
LINE
  5
C3
330
17
100
AcDbEntity
  8
CUT
100
AcDbLine
 10
258.5642861111112
 20
33.82122777777781
 30
0.0
 11
258.5642861111112
 21
36.821955555555604
 31
0.0
  0
LINE
  5
C4
330
17
100
AcDbEntity
  8
CUT
100
AcDbLine
 10
279.4593138888889
 20
117.89099444444452
 30
0.0
 11
279.4593138888889
 21
127.8929500000001
 31
0.0
  0
LINE
  5
C5
330
17
100
AcDbEntity
  8
CUT
100
AcDbLine
 10
202.38301388888897
 20
130.89332500000012
 30
0.0
 11
202.38301388888897
 21
127.8929500000001
 31
0.0
  0
LINE
  5
C6
330
17
100
AcDbEntity
  8
CUT
100
AcDbLine
 10
282.4596888888889
 20
107.8890388888889
 30
0.0
 11
282.4596888888889
 21
117.89099444444452
 31
0.0
  0
LINE
  5
C7
330
17
100
AcDbEntity
  8
CUT
100
AcDbLine
 10
189.62551111111105
 20
127.8929500000001
 30
0.0
 11
184.73389444444445
 21
119.1687555555556
 31
0.0
  0
LINE
  5
C8
330
17
100
AcDbEntity
  8
CUT
100
AcDbLine
 10
279.4593138888889
 20
73.6978166666668
 30
0.0
 11
279.4593138888889
 21
107.8890388888889
 31
0.0
  0
LINE
  5
C9
330
17
100
AcDbEntity
  8
CUT
100
AcDbLine
 10
279.4593138888889
 20
36.821955555555604
 30
0.0
 11
279.4593138888889
 21
57.7713111111112
 31
0.0
  0
LINE
  5
CA
330
17
100
AcDbEntity
  8
CUT
100
AcDbLine
 10
258.5642861111112
 20
57.7713111111112
 30
0.0
 11
258.5642861111112
 21
60.772038888889
 31
0.0
  0
LINE
  5
CB
330
17
100
AcDbEntity
  8
CUT
100
AcDbLine
 10
269.45735833333333
 20
127.8929500000001
 30
0.0
 11
269.45735833333333
 21
130.89332500000012
 31
0.0
  0
LINE
  5
CC
330
17
100
AcDbEntity
  8
CUT
100
AcDbLine
 10
282.4596888888889
 20
63.69550833333341
 30
0.0
 11
282.4596888888889
 21
73.6978166666668
 31
0.0
  0
LINE
  5
CD
330
17
100
AcDbEntity
  8
CUT
100
AcDbLine
 10
279.4593138888889
 20
29.5042861111112
 30
0.0
 11
279.4593138888889
 21
33.82122777777781
 31
0.0
  0
LINE
  5
CE
330
17
100
AcDbEntity
  8
CUT
100
AcDbLine
 10
279.4593138888889
 20
60.772038888889
 30
0.0
 11
279.4593138888889
 21
63.69550833333341
 31
0.0
  0
LINE
  5
CF
330
17
100
AcDbEntity
  8
CUT
100
AcDbLine
 10
212.3846166666666
 20
9.500375000000005
 30
0.0
 11
259.45540277777775
 21
9.500375000000005
 31
0.0
  0
LINE
  5
D0
330
17
100
AcDbEntity
  8
CUT
100
AcDbLine
 10
269.45735833333333
 20
9.500375000000005
 30
0.0
 11
279.4593138888889
 21
9.500375000000005
 31
0.0
  0
LINE
  5
D1
330
17
100
AcDbEntity
  8
CUT
100
AcDbLine
 10
190.79532222222213
 20
9.500375000000005
 30
0.0
 11
202.38301388888897
 21
9.500375000000005
 31
0.0
  0
LINE
  5
D2
330
17
100
AcDbEntity
  8
CUT
100
AcDbLine
 10
181.13062222222237
 20
46.719841666666696
 30
0.0
 11
171.12866666666667
 21
46.719841666666696
 31
0.0
  0
LINE
  5
D3
330
17
100
AcDbEntity
  8
CUT
100
AcDbLine
 10
282.4596888888889
 20
29.5042861111112
 30
0.0
 11
279.4593138888889
 21
29.5042861111112
 31
0.0
  0
LINE
  5
D4
330
17
100
AcDbEntity
  8
CUT
100
AcDbLine
 10
259.45540277777775
 20
6.5
 30
0.0
 11
269.45735833333333
 21
6.5
 31
0.0
  0
LINE
  5
D5
330
17
100
AcDbEntity
  8
CUT
100
AcDbLine
 10
202.38301388888897
 20
6.5
 30
0.0
 11
212.3846166666666
 21
6.5
 31
0.0
  0
LINE
  5
D6
330
17
100
AcDbEntity
  8
CUT
100
AcDbLine
 10
145.97984444444444
 20
49.720216666666715
 30
0.0
 11
181.13062222222237
 21
49.720216666666715
 31
0.0
  0
LINE
  5
D7
330
17
100
AcDbEntity
  8
CUT
100
AcDbLine
 10
163.70339999999993
 20
60.772038888889
 30
0.0
 11
148.98057222222224
 21
60.772038888889
 31
0.0
  0
LINE
  5
D8
330
17
100
AcDbEntity
  8
CUT
100
AcDbLine
 10
258.5642861111112
 20
60.772038888889
 30
0.0
 11
279.4593138888889
 21
60.772038888889
 31
0.0
  0
LINE
  5
D9
330
17
100
AcDbEntity
  8
CUT
100
AcDbLine
 10
279.4593138888889
 20
19.502330555555503
 30
0.0
 11
282.4596888888889
 21
19.502330555555503
 31
0.0
  0
LINE
  5
DA
330
17
100
AcDbEntity
  8
CUT
100
AcDbLine
 10
148.98057222222224
 20
57.7713111111112
 30
0.0
 11
145.97984444444444
 21
57.7713111111112
 31
0.0
  0
LINE
  5
DB
330
17
100
AcDbEntity
  8
CUT
100
AcDbLine
 10
279.4593138888889
 20
57.7713111111112
 30
0.0
 11
258.5642861111112
 21
57.7713111111112
 31
0.0
  0
LINE
  5
DC
330
17
100
AcDbEntity
  8
CUT
100
AcDbLine
 10
258.5642861111112
 20
36.821955555555604
 30
0.0
 11
279.4593138888889
 21
36.821955555555604
 31
0.0
  0
LINE
  5
DD
330
17
100
AcDbEntity
  8
CUT
100
AcDbLine
 10
279.4593138888889
 20
107.8890388888889
 30
0.0
 11
282.4596888888889
 21
107.8890388888889
 31
0.0
  0
LINE
  5
DE
330
17
100
AcDbEntity
  8
CUT
100
AcDbLine
 10
279.4593138888889
 20
33.82122777777781
 30
0.0
 11
258.5642861111112
 21
33.82122777777781
 31
0.0
  0
LINE
  5
DF
330
17
100
AcDbEntity
  8
CUT
100
AcDbLine
 10
279.4593138888889
 20
127.8929500000001
 30
0.0
 11
269.45735833333333
 21
127.8929500000001
 31
0.0
  0
LINE
  5
E0
330
17
100
AcDbEntity
  8
CUT
100
AcDbLine
 10
259.45540277777775
 20
127.8929500000001
 30
0.0
 11
212.3846166666666
 21
127.8929500000001
 31
0.0
  0
LINE
  5
E1
330
17
100
AcDbEntity
  8
CUT
100
AcDbLine
 10
202.38301388888897
 20
127.8929500000001
 30
0.0
 11
189.62551111111105
 21
127.8929500000001
 31
0.0
  0
LINE
  5
E2
330
17
100
AcDbEntity
  8
CUT
100
AcDbLine
 10
279.4593138888889
 20
63.69550833333341
 30
0.0
 11
282.4596888888889
 21
63.69550833333341
 31
0.0
  0
LINE
  5
E3
330
17
100
AcDbEntity
  8
CUT
100
AcDbLine
 10
282.4596888888889
 20
73.6978166666668
 30
0.0
 11
279.4593138888889
 21
73.6978166666668
 31
0.0
  0
LINE
  5
E4
330
17
100
AcDbEntity
  8
CUT
100
AcDbLine
 10
282.4596888888889
 20
117.89099444444452
 30
0.0
 11
279.4593138888889
 21
117.89099444444452
 31
0.0
  0
LINE
  5
E5
330
17
100
AcDbEntity
  8
CUT
100
AcDbLine
 10
212.3846166666666
 20
130.89332500000012
 30
0.0
 11
202.38301388888897
 21
130.89332500000012
 31
0.0
  0
LINE
  5
E6
330
17
100
AcDbEntity
  8
CUT
100
AcDbLine
 10
269.45735833333333
 20
130.89332500000012
 30
0.0
 11
259.45540277777775
 21
130.89332500000012
 31
0.0
  0
LINE
  5
E7
330
17
100
AcDbEntity
  8
CUT
100
AcDbLine
 10
188.68183055555556
 20
57.7713111111112
 30
0.0
 11
188.68183055555556
 21
60.772038888889
 31
0.0
  0
LINE
  5
E8
330
17
100
AcDbEntity
  8
CUT
100
AcDbLine
 10
208.68574166666667
 20
60.772038888889
 30
0.0
 11
208.68574166666667
 21
57.7713111111112
 31
0.0
  0
LINE
  5
E9
330
17
100
AcDbEntity
  8
CUT
100
AcDbLine
 10
188.68183055555556
 20
60.772038888889
 30
0.0
 11
208.68574166666667
 21
60.772038888889
 31
0.0
  0
LINE
  5
EA
330
17
100
AcDbEntity
  8
CUT
100
AcDbLine
 10
208.68574166666667
 20
57.7713111111112
 30
0.0
 11
188.68183055555556
 21
57.7713111111112
 31
0.0
  0
LINE
  5
EB
330
17
100
AcDbEntity
  8
CUT
100
AcDbLine
 10
245.39262222222237
 20
79.48196111111122
 30
0.0
 11
245.39262222222237
 21
109.1830277777778
 31
0.0
  0
LINE
  5
EC
330
17
100
AcDbEntity
  8
CUT
100
AcDbLine
 10
250.9241777777777
 20
109.1830277777778
 30
0.0
 11
250.9241777777777
 21
112.18375555555559
 31
0.0
  0
LINE
  5
ED
330
17
100
AcDbEntity
  8
CUT
100
AcDbLine
 10
253.9249055555556
 20
79.48196111111122
 30
0.0
 11
253.9249055555556
 21
76.48123333333339
 31
0.0
  0
LINE
  5
EE
330
17
100
AcDbEntity
  8
CUT
100
AcDbLine
 10
250.9241777777777
 20
76.48123333333339
 30
0.0
 11
250.9241777777777
 21
79.48196111111122
 31
0.0
  0
LINE
  5
EF
330
17
100
AcDbEntity
  8
CUT
100
AcDbLine
 10
259.45646111111114
 20
109.1830277777778
 30
0.0
 11
259.45646111111114
 21
79.48196111111122
 31
0.0
  0
LINE
  5
F0
330
17
100
AcDbEntity
  8
CUT
100
AcDbLine
 10
253.9249055555556
 20
112.18375555555559
 30
0.0
 11
253.9249055555556
 21
109.1830277777778
 31
0.0
  0
LINE
  5
F1
330
17
100
AcDbEntity
  8
CUT
100
AcDbLine
 10
250.9241777777777
 20
112.18375555555559
 30
0.0
 11
253.9249055555556
 21
112.18375555555559
 31
0.0
  0
LINE
  5
F2
330
17
100
AcDbEntity
  8
CUT
100
AcDbLine
 10
253.9249055555556
 20
109.1830277777778
 30
0.0
 11
259.45646111111114
 21
109.1830277777778
 31
0.0
  0
LINE
  5
F3
330
17
100
AcDbEntity
  8
CUT
100
AcDbLine
 10
245.39262222222237
 20
109.1830277777778
 30
0.0
 11
250.9241777777777
 21
109.1830277777778
 31
0.0
  0
LINE
  5
F4
330
17
100
AcDbEntity
  8
CUT
100
AcDbLine
 10
253.9249055555556
 20
76.48123333333339
 30
0.0
 11
250.9241777777777
 21
76.48123333333339
 31
0.0
  0
LINE
  5
F5
330
17
100
AcDbEntity
  8
CUT
100
AcDbLine
 10
259.45646111111114
 20
79.48196111111122
 30
0.0
 11
253.9249055555556
 21
79.48196111111122
 31
0.0
  0
LINE
  5
F6
330
17
100
AcDbEntity
  8
CUT
100
AcDbLine
 10
250.9241777777777
 20
79.48196111111122
 30
0.0
 11
245.39262222222237
 21
79.48196111111122
 31
0.0
  0
LINE
  5
F7
330
17
100
AcDbEntity
  8
CUT
100
AcDbLine
 10
206.26321666666672
 20
79.50559722222229
 30
0.0
 11
206.26321666666672
 21
92.8081416666667
 31
0.0
  0
LINE
  5
F8
330
17
100
AcDbEntity
  8
CUT
100
AcDbLine
 10
222.32730555555554
 20
92.8081416666667
 30
0.0
 11
222.32730555555554
 21
79.50559722222229
 31
0.0
  0
LINE
  5
F9
330
17
100
AcDbEntity
  8
CUT
100
AcDbLine
 10
225.32803333333345
 20
95.8088694444445
 30
0.0
 11
225.32803333333345
 21
92.8081416666667
 31
0.0
  0
LINE
  5
FA
330
17
100
AcDbEntity
  8
CUT
100
AcDbLine
 10
222.32730555555554
 20
109.15939166666669
 30
0.0
 11
222.32730555555554
 21
95.8088694444445
 31
0.0
  0
LINE
  5
FB
330
17
100
AcDbEntity
  8
CUT
100
AcDbLine
 10
206.26321666666672
 20
95.8088694444445
 30
0.0
 11
206.26321666666672
 21
109.15939166666669
 31
0.0
  0
LINE
  5
FC
330
17
100
AcDbEntity
  8
CUT
100
AcDbLine
 10
203.26248888888887
 20
92.8081416666667
 30
0.0
 11
203.26248888888887
 21
95.8088694444445
 31
0.0
  0
LINE
  5
FD
330
17
100
AcDbEntity
  8
CUT
100
AcDbLine
 10
222.32730555555554
 20
79.50559722222229
 30
0.0
 11
206.26321666666672
 21
79.50559722222229
 31
0.0
  0
LINE
  5
FE
330
17
100
AcDbEntity
  8
CUT
100
AcDbLine
 10
225.32803333333345
 20
92.8081416666667
 30
0.0
 11
222.32730555555554
 21
92.8081416666667
 31
0.0
  0
LINE
  5
FF
330
17
100
AcDbEntity
  8
CUT
100
AcDbLine
 10
206.26321666666672
 20
92.8081416666667
 30
0.0
 11
203.26248888888887
 21
92.8081416666667
 31
0.0
  0
LINE
  5
100
330
17
100
AcDbEntity
  8
CUT
100
AcDbLine
 10
206.26321666666672
 20
109.15939166666669
 30
0.0
 11
222.32730555555554
 21
109.15939166666669
 31
0.0
  0
LINE
  5
101
330
17
100
AcDbEntity
  8
CUT
100
AcDbLine
 10
203.26248888888887
 20
95.8088694444445
 30
0.0
 11
206.26321666666672
 21
95.8088694444445
 31
0.0
  0
LINE
  5
102
330
17
100
AcDbEntity
  8
CUT
100
AcDbLine
 10
222.32730555555554
 20
95.8088694444445
 30
0.0
 11
225.32803333333345
 21
95.8088694444445
 31
0.0
  0
LINE
  5
103
330
17
100
AcDbEntity
  8
CUT
100
AcDbLine
 10
164.40895555555556
 20
130.82770833333342
 30
0.0
 11
164.40895555555556
 21
101.17391388888902
 31
0.0
  0
LINE
  5
104
330
17
100
AcDbEntity
  8
CUT
100
AcDbLine
 10
148.34486666666663
 20
101.17391388888902
 30
0.0
 11
148.34486666666663
 21
130.82770833333342
 31
0.0
  0
LINE
  5
105
330
17
100
AcDbEntity
  8
CUT
100
AcDbLine
 10
148.34486666666663
 20
130.82770833333342
 30
0.0
 11
164.40895555555556
 21
130.82770833333342
 31
0.0
  0
LINE
  5
106
330
17
100
AcDbEntity
  8
CUT
100
AcDbLine
 10
164.40895555555556
 20
101.17391388888902
 30
0.0
 11
148.34486666666663
 21
101.17391388888902
 31
0.0
  0
LINE
  5
107
330
17
100
AcDbEntity
  8
CUT
100
AcDbLine
 10
234.82269444444444
 20
40.36948888888901
 30
0.0
 11
232.48236666666662
 21
38.491652777777915
 31
0.0
  0
LINE
  5
108
330
17
100
AcDbEntity
  8
CUT
100
AcDbLine
 10
232.48236666666662
 20
38.491652777777915
 30
0.0
 11
228.72669444444443
 21
43.172308333333405
 31
0.0
  0
LINE
  5
109
330
17
100
AcDbEntity
  8
CUT
100
AcDbLine
 10
228.72669444444443
 20
43.172308333333405
 30
0.0
 11
231.06702222222225
 21
45.0501444444445
 31
0.0
  0
LINE
  5
10A
330
17
100
AcDbEntity
  8
CUT
100
AcDbLine
 10
231.06702222222225
 20
45.0501444444445
 30
0.0
 11
234.82269444444444
 21
40.36948888888901
 31
0.0
  0
LINE
  5
10B
330
17
100
AcDbEntity
  8
ENGRAVE
100
AcDbLine
 10
202.3352310326809
 20
30.895994117660393
 30
0.0
 11
205.13518830807152
 21
30.895994117660393
 31
0.0
  0
LINE
  5
10C
330
17
100
AcDbEntity
  8
ENGRAVE
100
AcDbLine
 10
205.13518830807152
 20
30.895994117660393
 30
0.0
 11
205.83517762691918
 21
32.295972755355706
 31
0.0
  0
LINE
  5
10D
330
17
100
AcDbEntity
  8
ENGRAVE
100
AcDbLine
 10
205.83517762691918
 20
32.295972755355706
 30
0.0
 11
205.83517762691918
 21
36.49590866844164
 31
0.0
  0
LINE
  5
10E
330
17
100
AcDbEntity
  8
ENGRAVE
100
AcDbLine
 10
205.83517762691918
 20
36.49590866844164
 30
0.0
 11
205.13518830807152
 21
37.895887306136956
 31
0.0
  0
LINE
  5
10F
330
17
100
AcDbEntity
  8
ENGRAVE
100
AcDbLine
 10
205.13518830807152
 20
37.895887306136956
 30
0.0
 11
202.3352310326809
 21
37.895887306136956
 31
0.0
  0
LINE
  5
110
330
17
100
AcDbEntity
  8
ENGRAVE
100
AcDbLine
 10
202.3352310326809
 20
37.895887306136956
 30
0.0
 11
201.63524171383324
 21
36.49590866844164
 31
0.0
  0
LINE
  5
111
330
17
100
AcDbEntity
  8
ENGRAVE
100
AcDbLine
 10
201.63524171383324
 20
36.49590866844164
 30
0.0
 11
201.63524171383324
 21
32.295972755355706
 31
0.0
  0
LINE
  5
112
330
17
100
AcDbEntity
  8
ENGRAVE
100
AcDbLine
 10
201.63524171383324
 20
32.295972755355706
 30
0.0
 11
202.3352310326809
 21
30.895994117660393
 31
0.0
  0
LINE
  5
113
330
17
100
AcDbEntity
  8
ENGRAVE
100
AcDbLine
 10
207.2351562646145
 20
37.1958979872893
 30
0.0
 11
207.93514558346214
 21
37.895887306136956
 31
0.0
  0
LINE
  5
114
330
17
100
AcDbEntity
  8
ENGRAVE
100
AcDbLine
 10
207.93514558346214
 20
37.895887306136956
 30
0.0
 11
210.73510285885277
 21
37.895887306136956
 31
0.0
  0
LINE
  5
115
330
17
100
AcDbEntity
  8
ENGRAVE
100
AcDbLine
 10
210.73510285885277
 20
37.895887306136956
 30
0.0
 11
211.43509217770043
 21
37.1958979872893
 31
0.0
  0
LINE
  5
116
330
17
100
AcDbEntity
  8
ENGRAVE
100
AcDbLine
 10
211.43509217770043
 20
37.1958979872893
 30
0.0
 11
211.43509217770043
 21
35.51592362205493
 31
0.0
  0
LINE
  5
117
330
17
100
AcDbEntity
  8
ENGRAVE
100
AcDbLine
 10
211.43509217770043
 20
35.51592362205493
 30
0.0
 11
210.73510285885277
 21
34.81593430320727
 31
0.0
  0
LINE
  5
118
330
17
100
AcDbEntity
  8
ENGRAVE
100
AcDbLine
 10
210.73510285885277
 20
34.81593430320727
 30
0.0
 11
208.6351349023098
 21
34.81593430320727
 31
0.0
  0
LINE
  5
119
330
17
100
AcDbEntity
  8
ENGRAVE
100
AcDbLine
 10
210.73510285885277
 20
34.81593430320727
 30
0.0
 11
211.43509217770043
 21
34.115944984359615
 31
0.0
  0
LINE
  5
11A
330
17
100
AcDbEntity
  8
ENGRAVE
100
AcDbLine
 10
211.43509217770043
 20
34.115944984359615
 30
0.0
 11
211.43509217770043
 21
31.59598343650805
 31
0.0
  0
LINE
  5
11B
330
17
100
AcDbEntity
  8
ENGRAVE
100
AcDbLine
 10
211.43509217770043
 20
31.59598343650805
 30
0.0
 11
210.73510285885277
 21
30.895994117660393
 31
0.0
  0
LINE
  5
11C
330
17
100
AcDbEntity
  8
ENGRAVE
100
AcDbLine
 10
210.73510285885277
 20
30.895994117660393
 30
0.0
 11
207.93514558346214
 21
30.895994117660393
 31
0.0
  0
LINE
  5
11D
330
17
100
AcDbEntity
  8
ENGRAVE
100
AcDbLine
 10
207.93514558346214
 20
30.895994117660393
 30
0.0
 11
207.2351562646145
 21
31.59598343650805
 31
0.0
  0
LINE
  5
11E
330
17
100
AcDbEntity
  8
CUT
100
AcDbLine
 10
320.92973055555547
 20
27.187241666666708
 30
0.0
 11
318.2380361111111
 21
25.76484166666671
 31
0.0
  0
LINE
  5
11F
330
17
100
AcDbEntity
  8
CUT
100
AcDbLine
 10
320.6104666666668
 20
49.720216666666715
 30
0.0
 11
320.6104666666668
 21
46.719841666666696
 31
0.0
  0
LINE
  5
120
330
17
100
AcDbEntity
  8
CUT
100
AcDbLine
 10
322.9112833333333
 20
16.92176111111111
 30
0.0
 11
325.6022722222222
 21
18.3438083333334
 31
0.0
  0
LINE
  5
121
330
17
100
AcDbEntity
  8
CUT
100
AcDbLine
 10
285.4596888888889
 20
57.7713111111112
 30
0.0
 11
285.4596888888889
 21
49.720216666666715
 31
0.0
  0
LINE
  5
122
330
17
100
AcDbEntity
  8
CUT
100
AcDbLine
 10
341.8628583333334
 20
9.500375000000005
 30
0.0
 11
341.8628583333334
 21
6.5
 31
0.0
  0
LINE
  5
123
330
17
100
AcDbEntity
  8
CUT
100
AcDbLine
 10
310.6085111111111
 20
46.719841666666696
 30
0.0
 11
320.92973055555547
 21
27.187241666666708
 31
0.0
  0
LINE
  5
124
330
17
100
AcDbEntity
  8
CUT
100
AcDbLine
 10
324.2137388888889
 20
119.1687555555556
 30
0.0
 11
321.5964805555555
 21
120.63631111111121
 31
0.0
  0
LINE
  5
125
330
17
100
AcDbEntity
  8
CUT
100
AcDbLine
 10
398.9352472222222
 20
9.500375000000005
 30
0.0
 11
398.9352472222222
 21
6.5
 31
0.0
  0
LINE
  5
126
330
17
100
AcDbEntity
  8
CUT
100
AcDbLine
 10
318.2380361111111
 20
25.76484166666671
 30
0.0
 11
322.9112833333333
 21
16.92176111111111
 31
0.0
  0
LINE
  5
127
330
17
100
AcDbEntity
  8
CUT
100
AcDbLine
 10
408.93720277777777
 20
6.5
 30
0.0
 11
408.93720277777777
 21
9.500375000000005
 31
0.0
  0
LINE
  5
128
330
17
100
AcDbEntity
  8
CUT
100
AcDbLine
 10
288.4604166666667
 20
60.772038888889
 30
0.0
 11
288.4604166666667
 21
57.7713111111112
 31
0.0
  0
LINE
  5
129
330
17
100
AcDbEntity
  8
CUT
100
AcDbLine
 10
299.7747055555555
 20
81.7189250000001
 30
0.0
 11
302.391963888889
 21
80.25136944444449
 31
0.0
  0
LINE
  5
12A
330
17
100
AcDbEntity
  8
CUT
100
AcDbLine
 10
321.5964805555555
 20
120.63631111111121
 30
0.0
 11
316.7048638888889
 21
111.9124694444445
 31
0.0
  0
LINE
  5
12B
330
17
100
AcDbEntity
  8
CUT
100
AcDbLine
 10
418.93915833333335
 20
9.500375000000005
 30
0.0
 11
418.93915833333335
 21
19.502330555555503
 31
0.0
  0
LINE
  5
12C
330
17
100
AcDbEntity
  8
CUT
100
AcDbLine
 10
421.9395333333333
 20
19.502330555555503
 30
0.0
 11
421.9395333333333
 21
29.5042861111112
 31
0.0
  0
LINE
  5
12D
330
17
100
AcDbEntity
  8
CUT
100
AcDbLine
 10
325.6022722222222
 20
18.3438083333334
 30
0.0
 11
330.27516666666656
 21
9.500375000000005
 31
0.0
  0
LINE
  5
12E
330
17
100
AcDbEntity
  8
CUT
100
AcDbLine
 10
304.6666750000001
 20
90.4427666666667
 30
0.0
 11
299.7747055555555
 21
81.7189250000001
 31
0.0
  0
LINE
  5
12F
330
17
100
AcDbEntity
  8
CUT
100
AcDbLine
 10
319.3217694444444
 20
110.44491388888892
 30
0.0
 11
307.2835805555556
 21
88.9752111111111
 31
0.0
  0
LINE
  5
130
330
17
100
AcDbEntity
  8
CUT
100
AcDbLine
 10
297.4999944444444
 20
71.52717500000011
 30
0.0
 11
303.18324444444437
 21
60.772038888889
 31
0.0
  0
LINE
  5
131
330
17
100
AcDbEntity
  8
CUT
100
AcDbLine
 10
316.7048638888889
 20
111.9124694444445
 30
0.0
 11
319.3217694444444
 21
110.44491388888892
 31
0.0
  0
LINE
  5
132
330
17
100
AcDbEntity
  8
CUT
100
AcDbLine
 10
307.2835805555556
 20
88.9752111111111
 30
0.0
 11
304.6666750000001
 21
90.4427666666667
 31
0.0
  0
LINE
  5
133
330
17
100
AcDbEntity
  8
CUT
100
AcDbLine
 10
351.86446111111104
 20
6.5
 30
0.0
 11
351.86446111111104
 21
9.500375000000005
 31
0.0
  0
LINE
  5
134
330
17
100
AcDbEntity
  8
CUT
100
AcDbLine
 10
302.391963888889
 20
80.25136944444449
 30
0.0
 11
297.4999944444444
 21
71.52717500000011
 31
0.0
  0
LINE
  5
135
330
17
100
AcDbEntity
  8
CUT
100
AcDbLine
 10
398.9352472222222
 20
130.89332500000012
 30
0.0
 11
398.9352472222222
 21
127.8929500000001
 31
0.0
  0
LINE
  5
136
330
17
100
AcDbEntity
  8
CUT
100
AcDbLine
 10
351.86446111111104
 20
127.8929500000001
 30
0.0
 11
351.86446111111104
 21
130.89332500000012
 31
0.0
  0
LINE
  5
137
330
17
100
AcDbEntity
  8
CUT
100
AcDbLine
 10
398.0441305555556
 20
33.82122777777781
 30
0.0
 11
398.0441305555556
 21
36.821955555555604
 31
0.0
  0
LINE
  5
138
330
17
100
AcDbEntity
  8
CUT
100
AcDbLine
 10
418.93915833333335
 20
117.89099444444452
 30
0.0
 11
418.93915833333335
 21
127.8929500000001
 31
0.0
  0
LINE
  5
139
330
17
100
AcDbEntity
  8
CUT
100
AcDbLine
 10
341.8628583333334
 20
130.89332500000012
 30
0.0
 11
341.8628583333334
 21
127.8929500000001
 31
0.0
  0
LINE
  5
13A
330
17
100
AcDbEntity
  8
CUT
100
AcDbLine
 10
421.9395333333333
 20
107.8890388888889
 30
0.0
 11
421.9395333333333
 21
117.89099444444452
 31
0.0
  0
LINE
  5
13B
330
17
100
AcDbEntity
  8
CUT
100
AcDbLine
 10
329.1053555555555
 20
127.8929500000001
 30
0.0
 11
324.2137388888889
 21
119.1687555555556
 31
0.0
  0
LINE
  5
13C
330
17
100
AcDbEntity
  8
CUT
100
AcDbLine
 10
418.93915833333335
 20
73.6978166666668
 30
0.0
 11
418.93915833333335
 21
107.8890388888889
 31
0.0
  0
LINE
  5
13D
330
17
100
AcDbEntity
  8
CUT
100
AcDbLine
 10
418.93915833333335
 20
36.821955555555604
 30
0.0
 11
418.93915833333335
 21
57.7713111111112
 31
0.0
  0
LINE
  5
13E
330
17
100
AcDbEntity
  8
CUT
100
AcDbLine
 10
398.0441305555556
 20
57.7713111111112
 30
0.0
 11
398.0441305555556
 21
60.772038888889
 31
0.0
  0
LINE
  5
13F
330
17
100
AcDbEntity
  8
CUT
100
AcDbLine
 10
408.93720277777777
 20
127.8929500000001
 30
0.0
 11
408.93720277777777
 21
130.89332500000012
 31
0.0
  0
LINE
  5
140
330
17
100
AcDbEntity
  8
CUT
100
AcDbLine
 10
421.9395333333333
 20
63.69550833333341
 30
0.0
 11
421.9395333333333
 21
73.6978166666668
 31
0.0
  0
LINE
  5
141
330
17
100
AcDbEntity
  8
CUT
100
AcDbLine
 10
418.93915833333335
 20
29.5042861111112
 30
0.0
 11
418.93915833333335
 21
33.82122777777781
 31
0.0
  0
LINE
  5
142
330
17
100
AcDbEntity
  8
CUT
100
AcDbLine
 10
418.93915833333335
 20
60.772038888889
 30
0.0
 11
418.93915833333335
 21
63.69550833333341
 31
0.0
  0
LINE
  5
143
330
17
100
AcDbEntity
  8
CUT
100
AcDbLine
 10
351.86446111111104
 20
9.500375000000005
 30
0.0
 11
398.9352472222222
 21
9.500375000000005
 31
0.0
  0
LINE
  5
144
330
17
100
AcDbEntity
  8
CUT
100
AcDbLine
 10
408.93720277777777
 20
9.500375000000005
 30
0.0
 11
418.93915833333335
 21
9.500375000000005
 31
0.0
  0
LINE
  5
145
330
17
100
AcDbEntity
  8
CUT
100
AcDbLine
 10
330.27516666666656
 20
9.500375000000005
 30
0.0
 11
341.8628583333334
 21
9.500375000000005
 31
0.0
  0
LINE
  5
146
330
17
100
AcDbEntity
  8
CUT
100
AcDbLine
 10
320.6104666666668
 20
46.719841666666696
 30
0.0
 11
310.6085111111111
 21
46.719841666666696
 31
0.0
  0
LINE
  5
147
330
17
100
AcDbEntity
  8
CUT
100
AcDbLine
 10
421.9395333333333
 20
29.5042861111112
 30
0.0
 11
418.93915833333335
 21
29.5042861111112
 31
0.0
  0
LINE
  5
148
330
17
100
AcDbEntity
  8
CUT
100
AcDbLine
 10
398.9352472222222
 20
6.5
 30
0.0
 11
408.93720277777777
 21
6.5
 31
0.0
  0
LINE
  5
149
330
17
100
AcDbEntity
  8
CUT
100
AcDbLine
 10
341.8628583333334
 20
6.5
 30
0.0
 11
351.86446111111104
 21
6.5
 31
0.0
  0
LINE
  5
14A
330
17
100
AcDbEntity
  8
CUT
100
AcDbLine
 10
285.4596888888889
 20
49.720216666666715
 30
0.0
 11
320.6104666666668
 21
49.720216666666715
 31
0.0
  0
LINE
  5
14B
330
17
100
AcDbEntity
  8
CUT
100
AcDbLine
 10
303.18324444444437
 20
60.772038888889
 30
0.0
 11
288.4604166666667
 21
60.772038888889
 31
0.0
  0
LINE
  5
14C
330
17
100
AcDbEntity
  8
CUT
100
AcDbLine
 10
398.0441305555556
 20
60.772038888889
 30
0.0
 11
418.93915833333335
 21
60.772038888889
 31
0.0
  0
LINE
  5
14D
330
17
100
AcDbEntity
  8
CUT
100
AcDbLine
 10
418.93915833333335
 20
19.502330555555503
 30
0.0
 11
421.9395333333333
 21
19.502330555555503
 31
0.0
  0
LINE
  5
14E
330
17
100
AcDbEntity
  8
CUT
100
AcDbLine
 10
288.4604166666667
 20
57.7713111111112
 30
0.0
 11
285.4596888888889
 21
57.7713111111112
 31
0.0
  0
LINE
  5
14F
330
17
100
AcDbEntity
  8
CUT
100
AcDbLine
 10
418.93915833333335
 20
57.7713111111112
 30
0.0
 11
398.0441305555556
 21
57.7713111111112
 31
0.0
  0
LINE
  5
150
330
17
100
AcDbEntity
  8
CUT
100
AcDbLine
 10
398.0441305555556
 20
36.821955555555604
 30
0.0
 11
418.93915833333335
 21
36.821955555555604
 31
0.0
  0
LINE
  5
151
330
17
100
AcDbEntity
  8
CUT
100
AcDbLine
 10
418.93915833333335
 20
107.8890388888889
 30
0.0
 11
421.9395333333333
 21
107.8890388888889
 31
0.0
  0
LINE
  5
152
330
17
100
AcDbEntity
  8
CUT
100
AcDbLine
 10
418.93915833333335
 20
33.82122777777781
 30
0.0
 11
398.0441305555556
 21
33.82122777777781
 31
0.0
  0
LINE
  5
153
330
17
100
AcDbEntity
  8
CUT
100
AcDbLine
 10
418.93915833333335
 20
127.8929500000001
 30
0.0
 11
408.93720277777777
 21
127.8929500000001
 31
0.0
  0
LINE
  5
154
330
17
100
AcDbEntity
  8
CUT
100
AcDbLine
 10
398.9352472222222
 20
127.8929500000001
 30
0.0
 11
351.86446111111104
 21
127.8929500000001
 31
0.0
  0
LINE
  5
155
330
17
100
AcDbEntity
  8
CUT
100
AcDbLine
 10
341.8628583333334
 20
127.8929500000001
 30
0.0
 11
329.1053555555555
 21
127.8929500000001
 31
0.0
  0
LINE
  5
156
330
17
100
AcDbEntity
  8
CUT
100
AcDbLine
 10
418.93915833333335
 20
63.69550833333341
 30
0.0
 11
421.9395333333333
 21
63.69550833333341
 31
0.0
  0
LINE
  5
157
330
17
100
AcDbEntity
  8
CUT
100
AcDbLine
 10
421.9395333333333
 20
73.6978166666668
 30
0.0
 11
418.93915833333335
 21
73.6978166666668
 31
0.0
  0
LINE
  5
158
330
17
100
AcDbEntity
  8
CUT
100
AcDbLine
 10
421.9395333333333
 20
117.89099444444452
 30
0.0
 11
418.93915833333335
 21
117.89099444444452
 31
0.0
  0
LINE
  5
159
330
17
100
AcDbEntity
  8
CUT
100
AcDbLine
 10
351.86446111111104
 20
130.89332500000012
 30
0.0
 11
341.8628583333334
 21
130.89332500000012
 31
0.0
  0
LINE
  5
15A
330
17
100
AcDbEntity
  8
CUT
100
AcDbLine
 10
408.93720277777777
 20
130.89332500000012
 30
0.0
 11
398.9352472222222
 21
130.89332500000012
 31
0.0
  0
LINE
  5
15B
330
17
100
AcDbEntity
  8
CUT
100
AcDbLine
 10
328.161675
 20
57.7713111111112
 30
0.0
 11
328.161675
 21
60.772038888889
 31
0.0
  0
LINE
  5
15C
330
17
100
AcDbEntity
  8
CUT
100
AcDbLine
 10
348.1655861111111
 20
60.772038888889
 30
0.0
 11
348.1655861111111
 21
57.7713111111112
 31
0.0
  0
LINE
  5
15D
330
17
100
AcDbEntity
  8
CUT
100
AcDbLine
 10
328.161675
 20
60.772038888889
 30
0.0
 11
348.1655861111111
 21
60.772038888889
 31
0.0
  0
LINE
  5
15E
330
17
100
AcDbEntity
  8
CUT
100
AcDbLine
 10
348.1655861111111
 20
57.7713111111112
 30
0.0
 11
328.161675
 21
57.7713111111112
 31
0.0
  0
LINE
  5
15F
330
17
100
AcDbEntity
  8
CUT
100
AcDbLine
 10
384.8724666666668
 20
79.48196111111122
 30
0.0
 11
384.8724666666668
 21
109.1830277777778
 31
0.0
  0
LINE
  5
160
330
17
100
AcDbEntity
  8
CUT
100
AcDbLine
 10
390.4040222222221
 20
109.1830277777778
 30
0.0
 11
390.4040222222221
 21
112.18375555555559
 31
0.0
  0
LINE
  5
161
330
17
100
AcDbEntity
  8
CUT
100
AcDbLine
 10
393.40475000000004
 20
79.48196111111122
 30
0.0
 11
393.40475000000004
 21
76.48123333333339
 31
0.0
  0
LINE
  5
162
330
17
100
AcDbEntity
  8
CUT
100
AcDbLine
 10
390.4040222222221
 20
76.48123333333339
 30
0.0
 11
390.4040222222221
 21
79.48196111111122
 31
0.0
  0
LINE
  5
163
330
17
100
AcDbEntity
  8
CUT
100
AcDbLine
 10
398.9363055555556
 20
109.1830277777778
 30
0.0
 11
398.9363055555556
 21
79.48196111111122
 31
0.0
  0
LINE
  5
164
330
17
100
AcDbEntity
  8
CUT
100
AcDbLine
 10
393.40475000000004
 20
112.18375555555559
 30
0.0
 11
393.40475000000004
 21
109.1830277777778
 31
0.0
  0
LINE
  5
165
330
17
100
AcDbEntity
  8
CUT
100
AcDbLine
 10
390.4040222222221
 20
112.18375555555559
 30
0.0
 11
393.40475000000004
 21
112.18375555555559
 31
0.0
  0
LINE
  5
166
330
17
100
AcDbEntity
  8
CUT
100
AcDbLine
 10
393.40475000000004
 20
109.1830277777778
 30
0.0
 11
398.9363055555556
 21
109.1830277777778
 31
0.0
  0
LINE
  5
167
330
17
100
AcDbEntity
  8
CUT
100
AcDbLine
 10
384.8724666666668
 20
109.1830277777778
 30
0.0
 11
390.4040222222221
 21
109.1830277777778
 31
0.0
  0
LINE
  5
168
330
17
100
AcDbEntity
  8
CUT
100
AcDbLine
 10
393.40475000000004
 20
76.48123333333339
 30
0.0
 11
390.4040222222221
 21
76.48123333333339
 31
0.0
  0
LINE
  5
169
330
17
100
AcDbEntity
  8
CUT
100
AcDbLine
 10
398.9363055555556
 20
79.48196111111122
 30
0.0
 11
393.40475000000004
 21
79.48196111111122
 31
0.0
  0
LINE
  5
16A
330
17
100
AcDbEntity
  8
CUT
100
AcDbLine
 10
390.4040222222221
 20
79.48196111111122
 30
0.0
 11
384.8724666666668
 21
79.48196111111122
 31
0.0
  0
LINE
  5
16B
330
17
100
AcDbEntity
  8
CUT
100
AcDbLine
 10
345.74306111111116
 20
79.50559722222229
 30
0.0
 11
345.74306111111116
 21
92.8081416666667
 31
0.0
  0
LINE
  5
16C
330
17
100
AcDbEntity
  8
CUT
100
AcDbLine
 10
361.80715
 20
92.8081416666667
 30
0.0
 11
361.80715
 21
79.50559722222229
 31
0.0
  0
LINE
  5
16D
330
17
100
AcDbEntity
  8
CUT
100
AcDbLine
 10
364.8078777777779
 20
95.8088694444445
 30
0.0
 11
364.8078777777779
 21
92.8081416666667
 31
0.0
  0
LINE
  5
16E
330
17
100
AcDbEntity
  8
CUT
100
AcDbLine
 10
361.80715
 20
109.15939166666669
 30
0.0
 11
361.80715
 21
95.8088694444445
 31
0.0
  0
LINE
  5
16F
330
17
100
AcDbEntity
  8
CUT
100
AcDbLine
 10
345.74306111111116
 20
95.8088694444445
 30
0.0
 11
345.74306111111116
 21
109.15939166666669
 31
0.0
  0
LINE
  5
170
330
17
100
AcDbEntity
  8
CUT
100
AcDbLine
 10
342.7423333333333
 20
92.8081416666667
 30
0.0
 11
342.7423333333333
 21
95.8088694444445
 31
0.0
  0
LINE
  5
171
330
17
100
AcDbEntity
  8
CUT
100
AcDbLine
 10
361.80715
 20
79.50559722222229
 30
0.0
 11
345.74306111111116
 21
79.50559722222229
 31
0.0
  0
LINE
  5
172
330
17
100
AcDbEntity
  8
CUT
100
AcDbLine
 10
364.8078777777779
 20
92.8081416666667
 30
0.0
 11
361.80715
 21
92.8081416666667
 31
0.0
  0
LINE
  5
173
330
17
100
AcDbEntity
  8
CUT
100
AcDbLine
 10
345.74306111111116
 20
92.8081416666667
 30
0.0
 11
342.7423333333333
 21
92.8081416666667
 31
0.0
  0
LINE
  5
174
330
17
100
AcDbEntity
  8
CUT
100
AcDbLine
 10
345.74306111111116
 20
109.15939166666669
 30
0.0
 11
361.80715
 21
109.15939166666669
 31
0.0
  0
LINE
  5
175
330
17
100
AcDbEntity
  8
CUT
100
AcDbLine
 10
342.7423333333333
 20
95.8088694444445
 30
0.0
 11
345.74306111111116
 21
95.8088694444445
 31
0.0
  0
LINE
  5
176
330
17
100
AcDbEntity
  8
CUT
100
AcDbLine
 10
361.80715
 20
95.8088694444445
 30
0.0
 11
364.8078777777779
 21
95.8088694444445
 31
0.0
  0
LINE
  5
177
330
17
100
AcDbEntity
  8
CUT
100
AcDbLine
 10
303.8888
 20
130.82770833333342
 30
0.0
 11
303.8888
 21
101.17391388888902
 31
0.0
  0
LINE
  5
178
330
17
100
AcDbEntity
  8
CUT
100
AcDbLine
 10
287.82471111111107
 20
101.17391388888902
 30
0.0
 11
287.82471111111107
 21
130.82770833333342
 31
0.0
  0
LINE
  5
179
330
17
100
AcDbEntity
  8
CUT
100
AcDbLine
 10
287.82471111111107
 20
130.82770833333342
 30
0.0
 11
303.8888
 21
130.82770833333342
 31
0.0
  0
LINE
  5
17A
330
17
100
AcDbEntity
  8
CUT
100
AcDbLine
 10
303.8888
 20
101.17391388888902
 30
0.0
 11
287.82471111111107
 21
101.17391388888902
 31
0.0
  0
LINE
  5
17B
330
17
100
AcDbEntity
  8
CUT
100
AcDbLine
 10
374.3025388888889
 20
40.36948888888901
 30
0.0
 11
371.96221111111106
 21
38.491652777777915
 31
0.0
  0
LINE
  5
17C
330
17
100
AcDbEntity
  8
CUT
100
AcDbLine
 10
371.96221111111106
 20
38.491652777777915
 30
0.0
 11
368.2065388888889
 21
43.172308333333405
 31
0.0
  0
LINE
  5
17D
330
17
100
AcDbEntity
  8
CUT
100
AcDbLine
 10
368.2065388888889
 20
43.172308333333405
 30
0.0
 11
370.5468666666667
 21
45.0501444444445
 31
0.0
  0
LINE
  5
17E
330
17
100
AcDbEntity
  8
CUT
100
AcDbLine
 10
370.5468666666667
 20
45.0501444444445
 30
0.0
 11
374.3025388888889
 21
40.36948888888901
 31
0.0
  0
LINE
  5
17F
330
17
100
AcDbEntity
  8
ENGRAVE
100
AcDbLine
 10
341.81507547712533
 20
30.895994117660393
 30
0.0
 11
344.61503275251596
 21
30.895994117660393
 31
0.0
  0
LINE
  5
180
330
17
100
AcDbEntity
  8
ENGRAVE
100
AcDbLine
 10
344.61503275251596
 20
30.895994117660393
 30
0.0
 11
345.3150220713636
 21
32.295972755355706
 31
0.0
  0
LINE
  5
181
330
17
100
AcDbEntity
  8
ENGRAVE
100
AcDbLine
 10
345.3150220713636
 20
32.295972755355706
 30
0.0
 11
345.3150220713636
 21
36.49590866844164
 31
0.0
  0
LINE
  5
182
330
17
100
AcDbEntity
  8
ENGRAVE
100
AcDbLine
 10
345.3150220713636
 20
36.49590866844164
 30
0.0
 11
344.61503275251596
 21
37.895887306136956
 31
0.0
  0
LINE
  5
183
330
17
100
AcDbEntity
  8
ENGRAVE
100
AcDbLine
 10
344.61503275251596
 20
37.895887306136956
 30
0.0
 11
341.81507547712533
 21
37.895887306136956
 31
0.0
  0
LINE
  5
184
330
17
100
AcDbEntity
  8
ENGRAVE
100
AcDbLine
 10
341.81507547712533
 20
37.895887306136956
 30
0.0
 11
341.1150861582777
 21
36.49590866844164
 31
0.0
  0
LINE
  5
185
330
17
100
AcDbEntity
  8
ENGRAVE
100
AcDbLine
 10
341.1150861582777
 20
36.49590866844164
 30
0.0
 11
341.1150861582777
 21
32.295972755355706
 31
0.0
  0
LINE
  5
186
330
17
100
AcDbEntity
  8
ENGRAVE
100
AcDbLine
 10
341.1150861582777
 20
32.295972755355706
 30
0.0
 11
341.81507547712533
 21
30.895994117660393
 31
0.0
  0
LINE
  5
187
330
17
100
AcDbEntity
  8
ENGRAVE
100
AcDbLine
 10
346.7150007090589
 20
37.1958979872893
 30
0.0
 11
347.4149900279066
 21
37.895887306136956
 31
0.0
  0
LINE
  5
188
330
17
100
AcDbEntity
  8
ENGRAVE
100
AcDbLine
 10
347.4149900279066
 20
37.895887306136956
 30
0.0
 11
350.2149473032972
 21
37.895887306136956
 31
0.0
  0
LINE
  5
189
330
17
100
AcDbEntity
  8
ENGRAVE
100
AcDbLine
 10
350.2149473032972
 20
37.895887306136956
 30
0.0
 11
350.91493662214486
 21
37.1958979872893
 31
0.0
  0
LINE
  5
18A
330
17
100
AcDbEntity
  8
ENGRAVE
100
AcDbLine
 10
350.91493662214486
 20
37.1958979872893
 30
0.0
 11
350.91493662214486
 21
35.51592362205493
 31
0.0
  0
LINE
  5
18B
330
17
100
AcDbEntity
  8
ENGRAVE
100
AcDbLine
 10
350.91493662214486
 20
35.51592362205493
 30
0.0
 11
350.2149473032972
 21
34.81593430320727
 31
0.0
  0
LINE
  5
18C
330
17
100
AcDbEntity
  8
ENGRAVE
100
AcDbLine
 10
350.2149473032972
 20
34.81593430320727
 30
0.0
 11
348.11497934675424
 21
34.81593430320727
 31
0.0
  0
LINE
  5
18D
330
17
100
AcDbEntity
  8
ENGRAVE
100
AcDbLine
 10
350.2149473032972
 20
34.81593430320727
 30
0.0
 11
350.91493662214486
 21
34.115944984359615
 31
0.0
  0
LINE
  5
18E
330
17
100
AcDbEntity
  8
ENGRAVE
100
AcDbLine
 10
350.91493662214486
 20
34.115944984359615
 30
0.0
 11
350.91493662214486
 21
31.59598343650805
 31
0.0
  0
LINE
  5
18F
330
17
100
AcDbEntity
  8
ENGRAVE
100
AcDbLine
 10
350.91493662214486
 20
31.59598343650805
 30
0.0
 11
350.2149473032972
 21
30.895994117660393
 31
0.0
  0
LINE
  5
190
330
17
100
AcDbEntity
  8
ENGRAVE
100
AcDbLine
 10
350.2149473032972
 20
30.895994117660393
 30
0.0
 11
347.4149900279066
 21
30.895994117660393
 31
0.0
  0
LINE
  5
191
330
17
100
AcDbEntity
  8
ENGRAVE
100
AcDbLine
 10
347.4149900279066
 20
30.895994117660393
 30
0.0
 11
346.7150007090589
 21
31.59598343650805
 31
0.0
  0
LINE
  5
192
330
17
100
AcDbEntity
  8
CUT
100
AcDbLine
 10
460.4095749999999
 20
27.187241666666708
 30
0.0
 11
457.71788055555555
 21
25.76484166666671
 31
0.0
  0
LINE
  5
193
330
17
100
AcDbEntity
  8
CUT
100
AcDbLine
 10
460.09031111111125
 20
49.720216666666715
 30
0.0
 11
460.09031111111125
 21
46.719841666666696
 31
0.0
  0
LINE
  5
194
330
17
100
AcDbEntity
  8
CUT
100
AcDbLine
 10
462.39112777777774
 20
16.92176111111111
 30
0.0
 11
465.08211666666665
 21
18.3438083333334
 31
0.0
  0
LINE
  5
195
330
17
100
AcDbEntity
  8
CUT
100
AcDbLine
 10
424.9395333333333
 20
57.7713111111112
 30
0.0
 11
424.9395333333333
 21
49.720216666666715
 31
0.0
  0
LINE
  5
196
330
17
100
AcDbEntity
  8
CUT
100
AcDbLine
 10
481.34270277777784
 20
9.500375000000005
 30
0.0
 11
481.34270277777784
 21
6.5
 31
0.0
  0
LINE
  5
197
330
17
100
AcDbEntity
  8
CUT
100
AcDbLine
 10
450.08835555555555
 20
46.719841666666696
 30
0.0
 11
460.4095749999999
 21
27.187241666666708
 31
0.0
  0
LINE
  5
198
330
17
100
AcDbEntity
  8
CUT
100
AcDbLine
 10
463.6935833333333
 20
119.1687555555556
 30
0.0
 11
461.07632499999994
 21
120.63631111111121
 31
0.0
  0
LINE
  5
199
330
17
100
AcDbEntity
  8
CUT
100
AcDbLine
 10
538.4150916666666
 20
9.500375000000005
 30
0.0
 11
538.4150916666666
 21
6.5
 31
0.0
  0
LINE
  5
19A
330
17
100
AcDbEntity
  8
CUT
100
AcDbLine
 10
457.71788055555555
 20
25.76484166666671
 30
0.0
 11
462.39112777777774
 21
16.92176111111111
 31
0.0
  0
LINE
  5
19B
330
17
100
AcDbEntity
  8
CUT
100
AcDbLine
 10
548.4170472222222
 20
6.5
 30
0.0
 11
548.4170472222222
 21
9.500375000000005
 31
0.0
  0
LINE
  5
19C
330
17
100
AcDbEntity
  8
CUT
100
AcDbLine
 10
427.9402611111111
 20
60.772038888889
 30
0.0
 11
427.9402611111111
 21
57.7713111111112
 31
0.0
  0
LINE
  5
19D
330
17
100
AcDbEntity
  8
CUT
100
AcDbLine
 10
439.25454999999994
 20
81.7189250000001
 30
0.0
 11
441.87180833333343
 21
80.25136944444449
 31
0.0
  0
LINE
  5
19E
330
17
100
AcDbEntity
  8
CUT
100
AcDbLine
 10
461.07632499999994
 20
120.63631111111121
 30
0.0
 11
456.18470833333333
 21
111.9124694444445
 31
0.0
  0
LINE
  5
19F
330
17
100
AcDbEntity
  8
CUT
100
AcDbLine
 10
558.4190027777778
 20
9.500375000000005
 30
0.0
 11
558.4190027777778
 21
19.502330555555503
 31
0.0
  0
LINE
  5
1A0
330
17
100
AcDbEntity
  8
CUT
100
AcDbLine
 10
561.4193777777778
 20
19.502330555555503
 30
0.0
 11
561.4193777777778
 21
29.5042861111112
 31
0.0
  0
LINE
  5
1A1
330
17
100
AcDbEntity
  8
CUT
100
AcDbLine
 10
465.08211666666665
 20
18.3438083333334
 30
0.0
 11
469.755011111111
 21
9.500375000000005
 31
0.0
  0
LINE
  5
1A2
330
17
100
AcDbEntity
  8
CUT
100
AcDbLine
 10
444.14651944444455
 20
90.4427666666667
 30
0.0
 11
439.25454999999994
 21
81.7189250000001
 31
0.0
  0
LINE
  5
1A3
330
17
100
AcDbEntity
  8
CUT
100
AcDbLine
 10
458.8016138888888
 20
110.44491388888892
 30
0.0
 11
446.76342500000004
 21
88.9752111111111
 31
0.0
  0
LINE
  5
1A4
330
17
100
AcDbEntity
  8
CUT
100
AcDbLine
 10
436.9798388888888
 20
71.52717500000011
 30
0.0
 11
442.6630888888888
 21
60.772038888889
 31
0.0
  0
LINE
  5
1A5
330
17
100
AcDbEntity
  8
CUT
100
AcDbLine
 10
456.18470833333333
 20
111.9124694444445
 30
0.0
 11
458.8016138888888
 21
110.44491388888892
 31
0.0
  0
LINE
  5
1A6
330
17
100
AcDbEntity
  8
CUT
100
AcDbLine
 10
446.76342500000004
 20
88.9752111111111
 30
0.0
 11
444.14651944444455
 21
90.4427666666667
 31
0.0
  0
LINE
  5
1A7
330
17
100
AcDbEntity
  8
CUT
100
AcDbLine
 10
491.3443055555555
 20
6.5
 30
0.0
 11
491.3443055555555
 21
9.500375000000005
 31
0.0
  0
LINE
  5
1A8
330
17
100
AcDbEntity
  8
CUT
100
AcDbLine
 10
441.87180833333343
 20
80.25136944444449
 30
0.0
 11
436.9798388888888
 21
71.52717500000011
 31
0.0
  0
LINE
  5
1A9
330
17
100
AcDbEntity
  8
CUT
100
AcDbLine
 10
538.4150916666666
 20
130.89332500000012
 30
0.0
 11
538.4150916666666
 21
127.8929500000001
 31
0.0
  0
LINE
  5
1AA
330
17
100
AcDbEntity
  8
CUT
100
AcDbLine
 10
491.3443055555555
 20
127.8929500000001
 30
0.0
 11
491.3443055555555
 21
130.89332500000012
 31
0.0
  0
LINE
  5
1AB
330
17
100
AcDbEntity
  8
CUT
100
AcDbLine
 10
537.5239750000001
 20
33.82122777777781
 30
0.0
 11
537.5239750000001
 21
36.821955555555604
 31
0.0
  0
LINE
  5
1AC
330
17
100
AcDbEntity
  8
CUT
100
AcDbLine
 10
558.4190027777778
 20
117.89099444444452
 30
0.0
 11
558.4190027777778
 21
127.8929500000001
 31
0.0
  0
LINE
  5
1AD
330
17
100
AcDbEntity
  8
CUT
100
AcDbLine
 10
481.34270277777784
 20
130.89332500000012
 30
0.0
 11
481.34270277777784
 21
127.8929500000001
 31
0.0
  0
LINE
  5
1AE
330
17
100
AcDbEntity
  8
CUT
100
AcDbLine
 10
561.4193777777778
 20
107.8890388888889
 30
0.0
 11
561.4193777777778
 21
117.89099444444452
 31
0.0
  0
LINE
  5
1AF
330
17
100
AcDbEntity
  8
CUT
100
AcDbLine
 10
468.58519999999993
 20
127.8929500000001
 30
0.0
 11
463.6935833333333
 21
119.1687555555556
 31
0.0
  0
LINE
  5
1B0
330
17
100
AcDbEntity
  8
CUT
100
AcDbLine
 10
558.4190027777778
 20
73.6978166666668
 30
0.0
 11
558.4190027777778
 21
107.8890388888889
 31
0.0
  0
LINE
  5
1B1
330
17
100
AcDbEntity
  8
CUT
100
AcDbLine
 10
558.4190027777778
 20
36.821955555555604
 30
0.0
 11
558.4190027777778
 21
57.7713111111112
 31
0.0
  0
LINE
  5
1B2
330
17
100
AcDbEntity
  8
CUT
100
AcDbLine
 10
537.5239750000001
 20
57.7713111111112
 30
0.0
 11
537.5239750000001
 21
60.772038888889
 31
0.0
  0
LINE
  5
1B3
330
17
100
AcDbEntity
  8
CUT
100
AcDbLine
 10
548.4170472222222
 20
127.8929500000001
 30
0.0
 11
548.4170472222222
 21
130.89332500000012
 31
0.0
  0
LINE
  5
1B4
330
17
100
AcDbEntity
  8
CUT
100
AcDbLine
 10
561.4193777777778
 20
63.69550833333341
 30
0.0
 11
561.4193777777778
 21
73.6978166666668
 31
0.0
  0
LINE
  5
1B5
330
17
100
AcDbEntity
  8
CUT
100
AcDbLine
 10
558.4190027777778
 20
29.5042861111112
 30
0.0
 11
558.4190027777778
 21
33.82122777777781
 31
0.0
  0
LINE
  5
1B6
330
17
100
AcDbEntity
  8
CUT
100
AcDbLine
 10
558.4190027777778
 20
60.772038888889
 30
0.0
 11
558.4190027777778
 21
63.69550833333341
 31
0.0
  0
LINE
  5
1B7
330
17
100
AcDbEntity
  8
CUT
100
AcDbLine
 10
491.3443055555555
 20
9.500375000000005
 30
0.0
 11
538.4150916666666
 21
9.500375000000005
 31
0.0
  0
LINE
  5
1B8
330
17
100
AcDbEntity
  8
CUT
100
AcDbLine
 10
548.4170472222222
 20
9.500375000000005
 30
0.0
 11
558.4190027777778
 21
9.500375000000005
 31
0.0
  0
LINE
  5
1B9
330
17
100
AcDbEntity
  8
CUT
100
AcDbLine
 10
469.755011111111
 20
9.500375000000005
 30
0.0
 11
481.34270277777784
 21
9.500375000000005
 31
0.0
  0
LINE
  5
1BA
330
17
100
AcDbEntity
  8
CUT
100
AcDbLine
 10
460.09031111111125
 20
46.719841666666696
 30
0.0
 11
450.08835555555555
 21
46.719841666666696
 31
0.0
  0
LINE
  5
1BB
330
17
100
AcDbEntity
  8
CUT
100
AcDbLine
 10
561.4193777777778
 20
29.5042861111112
 30
0.0
 11
558.4190027777778
 21
29.5042861111112
 31
0.0
  0
LINE
  5
1BC
330
17
100
AcDbEntity
  8
CUT
100
AcDbLine
 10
538.4150916666666
 20
6.5
 30
0.0
 11
548.4170472222222
 21
6.5
 31
0.0
  0
LINE
  5
1BD
330
17
100
AcDbEntity
  8
CUT
100
AcDbLine
 10
481.34270277777784
 20
6.5
 30
0.0
 11
491.3443055555555
 21
6.5
 31
0.0
  0
LINE
  5
1BE
330
17
100
AcDbEntity
  8
CUT
100
AcDbLine
 10
424.9395333333333
 20
49.720216666666715
 30
0.0
 11
460.09031111111125
 21
49.720216666666715
 31
0.0
  0
LINE
  5
1BF
330
17
100
AcDbEntity
  8
CUT
100
AcDbLine
 10
442.6630888888888
 20
60.772038888889
 30
0.0
 11
427.9402611111111
 21
60.772038888889
 31
0.0
  0
LINE
  5
1C0
330
17
100
AcDbEntity
  8
CUT
100
AcDbLine
 10
537.5239750000001
 20
60.772038888889
 30
0.0
 11
558.4190027777778
 21
60.772038888889
 31
0.0
  0
LINE
  5
1C1
330
17
100
AcDbEntity
  8
CUT
100
AcDbLine
 10
558.4190027777778
 20
19.502330555555503
 30
0.0
 11
561.4193777777778
 21
19.502330555555503
 31
0.0
  0
LINE
  5
1C2
330
17
100
AcDbEntity
  8
CUT
100
AcDbLine
 10
427.9402611111111
 20
57.7713111111112
 30
0.0
 11
424.9395333333333
 21
57.7713111111112
 31
0.0
  0
LINE
  5
1C3
330
17
100
AcDbEntity
  8
CUT
100
AcDbLine
 10
558.4190027777778
 20
57.7713111111112
 30
0.0
 11
537.5239750000001
 21
57.7713111111112
 31
0.0
  0
LINE
  5
1C4
330
17
100
AcDbEntity
  8
CUT
100
AcDbLine
 10
537.5239750000001
 20
36.821955555555604
 30
0.0
 11
558.4190027777778
 21
36.821955555555604
 31
0.0
  0
LINE
  5
1C5
330
17
100
AcDbEntity
  8
CUT
100
AcDbLine
 10
558.4190027777778
 20
107.8890388888889
 30
0.0
 11
561.4193777777778
 21
107.8890388888889
 31
0.0
  0
LINE
  5
1C6
330
17
100
AcDbEntity
  8
CUT
100
AcDbLine
 10
558.4190027777778
 20
33.82122777777781
 30
0.0
 11
537.5239750000001
 21
33.82122777777781
 31
0.0
  0
LINE
  5
1C7
330
17
100
AcDbEntity
  8
CUT
100
AcDbLine
 10
558.4190027777778
 20
127.8929500000001
 30
0.0
 11
548.4170472222222
 21
127.8929500000001
 31
0.0
  0
LINE
  5
1C8
330
17
100
AcDbEntity
  8
CUT
100
AcDbLine
 10
538.4150916666666
 20
127.8929500000001
 30
0.0
 11
491.3443055555555
 21
127.8929500000001
 31
0.0
  0
LINE
  5
1C9
330
17
100
AcDbEntity
  8
CUT
100
AcDbLine
 10
481.34270277777784
 20
127.8929500000001
 30
0.0
 11
468.58519999999993
 21
127.8929500000001
 31
0.0
  0
LINE
  5
1CA
330
17
100
AcDbEntity
  8
CUT
100
AcDbLine
 10
558.4190027777778
 20
63.69550833333341
 30
0.0
 11
561.4193777777778
 21
63.69550833333341
 31
0.0
  0
LINE
  5
1CB
330
17
100
AcDbEntity
  8
CUT
100
AcDbLine
 10
561.4193777777778
 20
73.6978166666668
 30
0.0
 11
558.4190027777778
 21
73.6978166666668
 31
0.0
  0
LINE
  5
1CC
330
17
100
AcDbEntity
  8
CUT
100
AcDbLine
 10
561.4193777777778
 20
117.89099444444452
 30
0.0
 11
558.4190027777778
 21
117.89099444444452
 31
0.0
  0
LINE
  5
1CD
330
17
100
AcDbEntity
  8
CUT
100
AcDbLine
 10
491.3443055555555
 20
130.89332500000012
 30
0.0
 11
481.34270277777784
 21
130.89332500000012
 31
0.0
  0
LINE
  5
1CE
330
17
100
AcDbEntity
  8
CUT
100
AcDbLine
 10
548.4170472222222
 20
130.89332500000012
 30
0.0
 11
538.4150916666666
 21
130.89332500000012
 31
0.0
  0
LINE
  5
1CF
330
17
100
AcDbEntity
  8
CUT
100
AcDbLine
 10
467.64151944444444
 20
57.7713111111112
 30
0.0
 11
467.64151944444444
 21
60.772038888889
 31
0.0
  0
LINE
  5
1D0
330
17
100
AcDbEntity
  8
CUT
100
AcDbLine
 10
487.64543055555555
 20
60.772038888889
 30
0.0
 11
487.64543055555555
 21
57.7713111111112
 31
0.0
  0
LINE
  5
1D1
330
17
100
AcDbEntity
  8
CUT
100
AcDbLine
 10
467.64151944444444
 20
60.772038888889
 30
0.0
 11
487.64543055555555
 21
60.772038888889
 31
0.0
  0
LINE
  5
1D2
330
17
100
AcDbEntity
  8
CUT
100
AcDbLine
 10
487.64543055555555
 20
57.7713111111112
 30
0.0
 11
467.64151944444444
 21
57.7713111111112
 31
0.0
  0
LINE
  5
1D3
330
17
100
AcDbEntity
  8
CUT
100
AcDbLine
 10
524.3523111111112
 20
79.48196111111122
 30
0.0
 11
524.3523111111112
 21
109.1830277777778
 31
0.0
  0
LINE
  5
1D4
330
17
100
AcDbEntity
  8
CUT
100
AcDbLine
 10
529.8838666666666
 20
109.1830277777778
 30
0.0
 11
529.8838666666666
 21
112.18375555555559
 31
0.0
  0
LINE
  5
1D5
330
17
100
AcDbEntity
  8
CUT
100
AcDbLine
 10
532.8845944444445
 20
79.48196111111122
 30
0.0
 11
532.8845944444445
 21
76.48123333333339
 31
0.0
  0
LINE
  5
1D6
330
17
100
AcDbEntity
  8
CUT
100
AcDbLine
 10
529.8838666666666
 20
76.48123333333339
 30
0.0
 11
529.8838666666666
 21
79.48196111111122
 31
0.0
  0
LINE
  5
1D7
330
17
100
AcDbEntity
  8
CUT
100
AcDbLine
 10
538.41615
 20
109.1830277777778
 30
0.0
 11
538.41615
 21
79.48196111111122
 31
0.0
  0
LINE
  5
1D8
330
17
100
AcDbEntity
  8
CUT
100
AcDbLine
 10
532.8845944444445
 20
112.18375555555559
 30
0.0
 11
532.8845944444445
 21
109.1830277777778
 31
0.0
  0
LINE
  5
1D9
330
17
100
AcDbEntity
  8
CUT
100
AcDbLine
 10
529.8838666666666
 20
112.18375555555559
 30
0.0
 11
532.8845944444445
 21
112.18375555555559
 31
0.0
  0
LINE
  5
1DA
330
17
100
AcDbEntity
  8
CUT
100
AcDbLine
 10
532.8845944444445
 20
109.1830277777778
 30
0.0
 11
538.41615
 21
109.1830277777778
 31
0.0
  0
LINE
  5
1DB
330
17
100
AcDbEntity
  8
CUT
100
AcDbLine
 10
524.3523111111112
 20
109.1830277777778
 30
0.0
 11
529.8838666666666
 21
109.1830277777778
 31
0.0
  0
LINE
  5
1DC
330
17
100
AcDbEntity
  8
CUT
100
AcDbLine
 10
532.8845944444445
 20
76.48123333333339
 30
0.0
 11
529.8838666666666
 21
76.48123333333339
 31
0.0
  0
LINE
  5
1DD
330
17
100
AcDbEntity
  8
CUT
100
AcDbLine
 10
538.41615
 20
79.48196111111122
 30
0.0
 11
532.8845944444445
 21
79.48196111111122
 31
0.0
  0
LINE
  5
1DE
330
17
100
AcDbEntity
  8
CUT
100
AcDbLine
 10
529.8838666666666
 20
79.48196111111122
 30
0.0
 11
524.3523111111112
 21
79.48196111111122
 31
0.0
  0
LINE
  5
1DF
330
17
100
AcDbEntity
  8
CUT
100
AcDbLine
 10
485.2229055555556
 20
79.50559722222229
 30
0.0
 11
485.2229055555556
 21
92.8081416666667
 31
0.0
  0
LINE
  5
1E0
330
17
100
AcDbEntity
  8
CUT
100
AcDbLine
 10
501.2869944444444
 20
92.8081416666667
 30
0.0
 11
501.2869944444444
 21
79.50559722222229
 31
0.0
  0
LINE
  5
1E1
330
17
100
AcDbEntity
  8
CUT
100
AcDbLine
 10
504.2877222222223
 20
95.8088694444445
 30
0.0
 11
504.2877222222223
 21
92.8081416666667
 31
0.0
  0
LINE
  5
1E2
330
17
100
AcDbEntity
  8
CUT
100
AcDbLine
 10
501.2869944444444
 20
109.15939166666669
 30
0.0
 11
501.2869944444444
 21
95.8088694444445
 31
0.0
  0
LINE
  5
1E3
330
17
100
AcDbEntity
  8
CUT
100
AcDbLine
 10
485.2229055555556
 20
95.8088694444445
 30
0.0
 11
485.2229055555556
 21
109.15939166666669
 31
0.0
  0
LINE
  5
1E4
330
17
100
AcDbEntity
  8
CUT
100
AcDbLine
 10
482.22217777777774
 20
92.8081416666667
 30
0.0
 11
482.22217777777774
 21
95.8088694444445
 31
0.0
  0
LINE
  5
1E5
330
17
100
AcDbEntity
  8
CUT
100
AcDbLine
 10
501.2869944444444
 20
79.50559722222229
 30
0.0
 11
485.2229055555556
 21
79.50559722222229
 31
0.0
  0
LINE
  5
1E6
330
17
100
AcDbEntity
  8
CUT
100
AcDbLine
 10
504.2877222222223
 20
92.8081416666667
 30
0.0
 11
501.2869944444444
 21
92.8081416666667
 31
0.0
  0
LINE
  5
1E7
330
17
100
AcDbEntity
  8
CUT
100
AcDbLine
 10
485.2229055555556
 20
92.8081416666667
 30
0.0
 11
482.22217777777774
 21
92.8081416666667
 31
0.0
  0
LINE
  5
1E8
330
17
100
AcDbEntity
  8
CUT
100
AcDbLine
 10
485.2229055555556
 20
109.15939166666669
 30
0.0
 11
501.2869944444444
 21
109.15939166666669
 31
0.0
  0
LINE
  5
1E9
330
17
100
AcDbEntity
  8
CUT
100
AcDbLine
 10
482.22217777777774
 20
95.8088694444445
 30
0.0
 11
485.2229055555556
 21
95.8088694444445
 31
0.0
  0
LINE
  5
1EA
330
17
100
AcDbEntity
  8
CUT
100
AcDbLine
 10
501.2869944444444
 20
95.8088694444445
 30
0.0
 11
504.2877222222223
 21
95.8088694444445
 31
0.0
  0
LINE
  5
1EB
330
17
100
AcDbEntity
  8
CUT
100
AcDbLine
 10
443.36864444444444
 20
130.82770833333342
 30
0.0
 11
443.36864444444444
 21
101.17391388888902
 31
0.0
  0
LINE
  5
1EC
330
17
100
AcDbEntity
  8
CUT
100
AcDbLine
 10
427.3045555555555
 20
101.17391388888902
 30
0.0
 11
427.3045555555555
 21
130.82770833333342
 31
0.0
  0
LINE
  5
1ED
330
17
100
AcDbEntity
  8
CUT
100
AcDbLine
 10
427.3045555555555
 20
130.82770833333342
 30
0.0
 11
443.36864444444444
 21
130.82770833333342
 31
0.0
  0
LINE
  5
1EE
330
17
100
AcDbEntity
  8
CUT
100
AcDbLine
 10
443.36864444444444
 20
101.17391388888902
 30
0.0
 11
427.3045555555555
 21
101.17391388888902
 31
0.0
  0
LINE
  5
1EF
330
17
100
AcDbEntity
  8
CUT
100
AcDbLine
 10
513.7823833333333
 20
40.36948888888901
 30
0.0
 11
511.4420555555555
 21
38.491652777777915
 31
0.0
  0
LINE
  5
1F0
330
17
100
AcDbEntity
  8
CUT
100
AcDbLine
 10
511.4420555555555
 20
38.491652777777915
 30
0.0
 11
507.6863833333333
 21
43.172308333333405
 31
0.0
  0
LINE
  5
1F1
330
17
100
AcDbEntity
  8
CUT
100
AcDbLine
 10
507.6863833333333
 20
43.172308333333405
 30
0.0
 11
510.0267111111111
 21
45.0501444444445
 31
0.0
  0
LINE
  5
1F2
330
17
100
AcDbEntity
  8
CUT
100
AcDbLine
 10
510.0267111111111
 20
45.0501444444445
 30
0.0
 11
513.7823833333333
 21
40.36948888888901
 31
0.0
  0
LINE
  5
1F3
330
17
100
AcDbEntity
  8
ENGRAVE
100
AcDbLine
 10
481.2949199215698
 20
30.895994117660393
 30
0.0
 11
484.0948771969604
 21
30.895994117660393
 31
0.0
  0
LINE
  5
1F4
330
17
100
AcDbEntity
  8
ENGRAVE
100
AcDbLine
 10
484.0948771969604
 20
30.895994117660393
 30
0.0
 11
484.79486651580805
 21
32.295972755355706
 31
0.0
  0
LINE
  5
1F5
330
17
100
AcDbEntity
  8
ENGRAVE
100
AcDbLine
 10
484.79486651580805
 20
32.295972755355706
 30
0.0
 11
484.79486651580805
 21
36.49590866844164
 31
0.0
  0
LINE
  5
1F6
330
17
100
AcDbEntity
  8
ENGRAVE
100
AcDbLine
 10
484.79486651580805
 20
36.49590866844164
 30
0.0
 11
484.0948771969604
 21
37.895887306136956
 31
0.0
  0
LINE
  5
1F7
330
17
100
AcDbEntity
  8
ENGRAVE
100
AcDbLine
 10
484.0948771969604
 20
37.895887306136956
 30
0.0
 11
481.2949199215698
 21
37.895887306136956
 31
0.0
  0
LINE
  5
1F8
330
17
100
AcDbEntity
  8
ENGRAVE
100
AcDbLine
 10
481.2949199215698
 20
37.895887306136956
 30
0.0
 11
480.5949306027221
 21
36.49590866844164
 31
0.0
  0
LINE
  5
1F9
330
17
100
AcDbEntity
  8
ENGRAVE
100
AcDbLine
 10
480.5949306027221
 20
36.49590866844164
 30
0.0
 11
480.5949306027221
 21
32.295972755355706
 31
0.0
  0
LINE
  5
1FA
330
17
100
AcDbEntity
  8
ENGRAVE
100
AcDbLine
 10
480.5949306027221
 20
32.295972755355706
 30
0.0
 11
481.2949199215698
 21
30.895994117660393
 31
0.0
  0
LINE
  5
1FB
330
17
100
AcDbEntity
  8
ENGRAVE
100
AcDbLine
 10
486.19484515350337
 20
37.1958979872893
 30
0.0
 11
486.894834472351
 21
37.895887306136956
 31
0.0
  0
LINE
  5
1FC
330
17
100
AcDbEntity
  8
ENGRAVE
100
AcDbLine
 10
486.894834472351
 20
37.895887306136956
 30
0.0
 11
489.69479174774165
 21
37.895887306136956
 31
0.0
  0
LINE
  5
1FD
330
17
100
AcDbEntity
  8
ENGRAVE
100
AcDbLine
 10
489.69479174774165
 20
37.895887306136956
 30
0.0
 11
490.3947810665893
 21
37.1958979872893
 31
0.0
  0
LINE
  5
1FE
330
17
100
AcDbEntity
  8
ENGRAVE
100
AcDbLine
 10
490.3947810665893
 20
37.1958979872893
 30
0.0
 11
490.3947810665893
 21
35.51592362205493
 31
0.0
  0
LINE
  5
1FF
330
17
100
AcDbEntity
  8
ENGRAVE
100
AcDbLine
 10
490.3947810665893
 20
35.51592362205493
 30
0.0
 11
489.69479174774165
 21
34.81593430320727
 31
0.0
  0
LINE
  5
200
330
17
100
AcDbEntity
  8
ENGRAVE
100
AcDbLine
 10
489.69479174774165
 20
34.81593430320727
 30
0.0
 11
487.5948237911987
 21
34.81593430320727
 31
0.0
  0
LINE
  5
201
330
17
100
AcDbEntity
  8
ENGRAVE
100
AcDbLine
 10
489.69479174774165
 20
34.81593430320727
 30
0.0
 11
490.3947810665893
 21
34.115944984359615
 31
0.0
  0
LINE
  5
202
330
17
100
AcDbEntity
  8
ENGRAVE
100
AcDbLine
 10
490.3947810665893
 20
34.115944984359615
 30
0.0
 11
490.3947810665893
 21
31.59598343650805
 31
0.0
  0
LINE
  5
203
330
17
100
AcDbEntity
  8
ENGRAVE
100
AcDbLine
 10
490.3947810665893
 20
31.59598343650805
 30
0.0
 11
489.69479174774165
 21
30.895994117660393
 31
0.0
  0
LINE
  5
204
330
17
100
AcDbEntity
  8
ENGRAVE
100
AcDbLine
 10
489.69479174774165
 20
30.895994117660393
 30
0.0
 11
486.894834472351
 21
30.895994117660393
 31
0.0
  0
LINE
  5
205
330
17
100
AcDbEntity
  8
ENGRAVE
100
AcDbLine
 10
486.894834472351
 20
30.895994117660393
 30
0.0
 11
486.19484515350337
 21
31.59598343650805
 31
0.0
  0
LINE
  5
206
330
17
100
AcDbEntity
  8
CUT
100
AcDbLine
 10
41.97004166666659
 20
154.5805666666668
 30
0.0
 11
39.27834722222224
 21
153.15816666666683
 31
0.0
  0
LINE
  5
207
330
17
100
AcDbEntity
  8
CUT
100
AcDbLine
 10
41.65077777777793
 20
177.11354166666683
 30
0.0
 11
41.65077777777793
 21
174.1131666666668
 31
0.0
  0
LINE
  5
208
330
17
100
AcDbEntity
  8
CUT
100
AcDbLine
 10
43.951594444444424
 20
144.3150861111112
 30
0.0
 11
46.642583333333334
 21
145.73713333333353
 31
0.0
  0
LINE
  5
209
330
17
100
AcDbEntity
  8
CUT
100
AcDbLine
 10
6.5
 20
185.16463611111132
 30
0.0
 11
6.5
 21
177.11354166666683
 31
0.0
  0
LINE
  5
20A
330
17
100
AcDbEntity
  8
CUT
100
AcDbLine
 10
62.90316944444453
 20
136.89370000000014
 30
0.0
 11
62.90316944444453
 21
133.89332500000012
 31
0.0
  0
LINE
  5
20B
330
17
100
AcDbEntity
  8
CUT
100
AcDbLine
 10
31.648822222222236
 20
174.1131666666668
 30
0.0
 11
41.97004166666659
 21
154.5805666666668
 31
0.0
  0
LINE
  5
20C
330
17
100
AcDbEntity
  8
CUT
100
AcDbLine
 10
45.25405000000001
 20
246.56208055555572
 30
0.0
 11
42.636791666666625
 21
248.02963611111133
 31
0.0
  0
LINE
  5
20D
330
17
100
AcDbEntity
  8
CUT
100
AcDbLine
 10
119.97555833333331
 20
136.89370000000014
 30
0.0
 11
119.97555833333331
 21
133.89332500000012
 31
0.0
  0
LINE
  5
20E
330
17
100
AcDbEntity
  8
CUT
100
AcDbLine
 10
39.27834722222224
 20
153.15816666666683
 30
0.0
 11
43.951594444444424
 21
144.3150861111112
 31
0.0
  0
LINE
  5
20F
330
17
100
AcDbEntity
  8
CUT
100
AcDbLine
 10
129.9775138888889
 20
133.89332500000012
 30
0.0
 11
129.9775138888889
 21
136.89370000000014
 31
0.0
  0
LINE
  5
210
330
17
100
AcDbEntity
  8
CUT
100
AcDbLine
 10
9.500727777777797
 20
188.16536388888912
 30
0.0
 11
9.500727777777797
 21
185.16463611111132
 31
0.0
  0
LINE
  5
211
330
17
100
AcDbEntity
  8
CUT
100
AcDbLine
 10
20.815016666666622
 20
209.11225000000022
 30
0.0
 11
23.432275000000118
 21
207.6446944444446
 31
0.0
  0
LINE
  5
212
330
17
100
AcDbEntity
  8
CUT
100
AcDbLine
 10
42.636791666666625
 20
248.02963611111133
 30
0.0
 11
37.74517500000002
 21
239.30579444444462
 31
0.0
  0
LINE
  5
213
330
17
100
AcDbEntity
  8
CUT
100
AcDbLine
 10
139.97946944444448
 20
136.89370000000014
 30
0.0
 11
139.97946944444448
 21
146.8956555555556
 31
0.0
  0
LINE
  5
214
330
17
100
AcDbEntity
  8
CUT
100
AcDbLine
 10
142.97984444444444
 20
146.8956555555556
 30
0.0
 11
142.97984444444444
 21
156.8976111111113
 31
0.0
  0
LINE
  5
215
330
17
100
AcDbEntity
  8
CUT
100
AcDbLine
 10
46.642583333333334
 20
145.73713333333353
 30
0.0
 11
51.31547777777769
 21
136.89370000000014
 31
0.0
  0
LINE
  5
216
330
17
100
AcDbEntity
  8
CUT
100
AcDbLine
 10
25.706986111111235
 20
217.83609166666682
 30
0.0
 11
20.815016666666622
 21
209.11225000000022
 31
0.0
  0
LINE
  5
217
330
17
100
AcDbEntity
  8
CUT
100
AcDbLine
 10
40.36208055555551
 20
237.83823888888904
 30
0.0
 11
28.323891666666725
 21
216.3685361111112
 31
0.0
  0
LINE
  5
218
330
17
100
AcDbEntity
  8
CUT
100
AcDbLine
 10
18.540305555555506
 20
198.92050000000023
 30
0.0
 11
24.223555555555492
 21
188.16536388888912
 31
0.0
  0
LINE
  5
219
330
17
100
AcDbEntity
  8
CUT
100
AcDbLine
 10
37.74517500000002
 20
239.30579444444462
 30
0.0
 11
40.36208055555551
 21
237.83823888888904
 31
0.0
  0
LINE
  5
21A
330
17
100
AcDbEntity
  8
CUT
100
AcDbLine
 10
28.323891666666725
 20
216.3685361111112
 30
0.0
 11
25.706986111111235
 21
217.83609166666682
 31
0.0
  0
LINE
  5
21B
330
17
100
AcDbEntity
  8
CUT
100
AcDbLine
 10
72.90477222222216
 20
133.89332500000012
 30
0.0
 11
72.90477222222216
 21
136.89370000000014
 31
0.0
  0
LINE
  5
21C
330
17
100
AcDbEntity
  8
CUT
100
AcDbLine
 10
23.432275000000118
 20
207.6446944444446
 30
0.0
 11
18.540305555555506
 21
198.92050000000023
 31
0.0
  0
LINE
  5
21D
330
17
100
AcDbEntity
  8
CUT
100
AcDbLine
 10
119.97555833333331
 20
258.28665000000024
 30
0.0
 11
119.97555833333331
 21
255.28627500000022
 31
0.0
  0
LINE
  5
21E
330
17
100
AcDbEntity
  8
CUT
100
AcDbLine
 10
72.90477222222216
 20
255.28627500000022
 30
0.0
 11
72.90477222222216
 21
258.28665000000024
 31
0.0
  0
LINE
  5
21F
330
17
100
AcDbEntity
  8
CUT
100
AcDbLine
 10
119.08444166666675
 20
161.21455277777793
 30
0.0
 11
119.08444166666675
 21
164.21528055555572
 31
0.0
  0
LINE
  5
220
330
17
100
AcDbEntity
  8
CUT
100
AcDbLine
 10
139.97946944444448
 20
245.28431944444463
 30
0.0
 11
139.97946944444448
 21
255.28627500000022
 31
0.0
  0
LINE
  5
221
330
17
100
AcDbEntity
  8
CUT
100
AcDbLine
 10
62.90316944444453
 20
258.28665000000024
 30
0.0
 11
62.90316944444453
 21
255.28627500000022
 31
0.0
  0
LINE
  5
222
330
17
100
AcDbEntity
  8
CUT
100
AcDbLine
 10
142.97984444444444
 20
235.28236388888902
 30
0.0
 11
142.97984444444444
 21
245.28431944444463
 31
0.0
  0
LINE
  5
223
330
17
100
AcDbEntity
  8
CUT
100
AcDbLine
 10
50.145666666666614
 20
255.28627500000022
 30
0.0
 11
45.25405000000001
 21
246.56208055555572
 31
0.0
  0
LINE
  5
224
330
17
100
AcDbEntity
  8
CUT
100
AcDbLine
 10
139.97946944444448
 20
201.0911416666669
 30
0.0
 11
139.97946944444448
 21
235.28236388888902
 31
0.0
  0
LINE
  5
225
330
17
100
AcDbEntity
  8
CUT
100
AcDbLine
 10
139.97946944444448
 20
164.21528055555572
 30
0.0
 11
139.97946944444448
 21
185.16463611111132
 31
0.0
  0
LINE
  5
226
330
17
100
AcDbEntity
  8
CUT
100
AcDbLine
 10
119.08444166666675
 20
185.16463611111132
 30
0.0
 11
119.08444166666675
 21
188.16536388888912
 31
0.0
  0
LINE
  5
227
330
17
100
AcDbEntity
  8
CUT
100
AcDbLine
 10
129.9775138888889
 20
255.28627500000022
 30
0.0
 11
129.9775138888889
 21
258.28665000000024
 31
0.0
  0
LINE
  5
228
330
17
100
AcDbEntity
  8
CUT
100
AcDbLine
 10
142.97984444444444
 20
191.08883333333353
 30
0.0
 11
142.97984444444444
 21
201.0911416666669
 31
0.0
  0
LINE
  5
229
330
17
100
AcDbEntity
  8
CUT
100
AcDbLine
 10
139.97946944444448
 20
156.8976111111113
 30
0.0
 11
139.97946944444448
 21
161.21455277777793
 31
0.0
  0
LINE
  5
22A
330
17
100
AcDbEntity
  8
CUT
100
AcDbLine
 10
139.97946944444448
 20
188.16536388888912
 30
0.0
 11
139.97946944444448
 21
191.08883333333353
 31
0.0
  0
LINE
  5
22B
330
17
100
AcDbEntity
  8
CUT
100
AcDbLine
 10
72.90477222222216
 20
136.89370000000014
 30
0.0
 11
119.97555833333331
 21
136.89370000000014
 31
0.0
  0
LINE
  5
22C
330
17
100
AcDbEntity
  8
CUT
100
AcDbLine
 10
129.9775138888889
 20
136.89370000000014
 30
0.0
 11
139.97946944444448
 21
136.89370000000014
 31
0.0
  0
LINE
  5
22D
330
17
100
AcDbEntity
  8
CUT
100
AcDbLine
 10
51.31547777777769
 20
136.89370000000014
 30
0.0
 11
62.90316944444453
 21
136.89370000000014
 31
0.0
  0
LINE
  5
22E
330
17
100
AcDbEntity
  8
CUT
100
AcDbLine
 10
41.65077777777793
 20
174.1131666666668
 30
0.0
 11
31.648822222222236
 21
174.1131666666668
 31
0.0
  0
LINE
  5
22F
330
17
100
AcDbEntity
  8
CUT
100
AcDbLine
 10
142.97984444444444
 20
156.8976111111113
 30
0.0
 11
139.97946944444448
 21
156.8976111111113
 31
0.0
  0
LINE
  5
230
330
17
100
AcDbEntity
  8
CUT
100
AcDbLine
 10
119.97555833333331
 20
133.89332500000012
 30
0.0
 11
129.9775138888889
 21
133.89332500000012
 31
0.0
  0
LINE
  5
231
330
17
100
AcDbEntity
  8
CUT
100
AcDbLine
 10
62.90316944444453
 20
133.89332500000012
 30
0.0
 11
72.90477222222216
 21
133.89332500000012
 31
0.0
  0
LINE
  5
232
330
17
100
AcDbEntity
  8
CUT
100
AcDbLine
 10
6.5
 20
177.11354166666683
 30
0.0
 11
41.65077777777793
 21
177.11354166666683
 31
0.0
  0
LINE
  5
233
330
17
100
AcDbEntity
  8
CUT
100
AcDbLine
 10
24.223555555555492
 20
188.16536388888912
 30
0.0
 11
9.500727777777797
 21
188.16536388888912
 31
0.0
  0
LINE
  5
234
330
17
100
AcDbEntity
  8
CUT
100
AcDbLine
 10
119.08444166666675
 20
188.16536388888912
 30
0.0
 11
139.97946944444448
 21
188.16536388888912
 31
0.0
  0
LINE
  5
235
330
17
100
AcDbEntity
  8
CUT
100
AcDbLine
 10
139.97946944444448
 20
146.8956555555556
 30
0.0
 11
142.97984444444444
 21
146.8956555555556
 31
0.0
  0
LINE
  5
236
330
17
100
AcDbEntity
  8
CUT
100
AcDbLine
 10
9.500727777777797
 20
185.16463611111132
 30
0.0
 11
6.5
 21
185.16463611111132
 31
0.0
  0
LINE
  5
237
330
17
100
AcDbEntity
  8
CUT
100
AcDbLine
 10
139.97946944444448
 20
185.16463611111132
 30
0.0
 11
119.08444166666675
 21
185.16463611111132
 31
0.0
  0
LINE
  5
238
330
17
100
AcDbEntity
  8
CUT
100
AcDbLine
 10
119.08444166666675
 20
164.21528055555572
 30
0.0
 11
139.97946944444448
 21
164.21528055555572
 31
0.0
  0
LINE
  5
239
330
17
100
AcDbEntity
  8
CUT
100
AcDbLine
 10
139.97946944444448
 20
235.28236388888902
 30
0.0
 11
142.97984444444444
 21
235.28236388888902
 31
0.0
  0
LINE
  5
23A
330
17
100
AcDbEntity
  8
CUT
100
AcDbLine
 10
139.97946944444448
 20
161.21455277777793
 30
0.0
 11
119.08444166666675
 21
161.21455277777793
 31
0.0
  0
LINE
  5
23B
330
17
100
AcDbEntity
  8
CUT
100
AcDbLine
 10
139.97946944444448
 20
255.28627500000022
 30
0.0
 11
129.9775138888889
 21
255.28627500000022
 31
0.0
  0
LINE
  5
23C
330
17
100
AcDbEntity
  8
CUT
100
AcDbLine
 10
119.97555833333331
 20
255.28627500000022
 30
0.0
 11
72.90477222222216
 21
255.28627500000022
 31
0.0
  0
LINE
  5
23D
330
17
100
AcDbEntity
  8
CUT
100
AcDbLine
 10
62.90316944444453
 20
255.28627500000022
 30
0.0
 11
50.145666666666614
 21
255.28627500000022
 31
0.0
  0
LINE
  5
23E
330
17
100
AcDbEntity
  8
CUT
100
AcDbLine
 10
139.97946944444448
 20
191.08883333333353
 30
0.0
 11
142.97984444444444
 21
191.08883333333353
 31
0.0
  0
LINE
  5
23F
330
17
100
AcDbEntity
  8
CUT
100
AcDbLine
 10
142.97984444444444
 20
201.0911416666669
 30
0.0
 11
139.97946944444448
 21
201.0911416666669
 31
0.0
  0
LINE
  5
240
330
17
100
AcDbEntity
  8
CUT
100
AcDbLine
 10
142.97984444444444
 20
245.28431944444463
 30
0.0
 11
139.97946944444448
 21
245.28431944444463
 31
0.0
  0
LINE
  5
241
330
17
100
AcDbEntity
  8
CUT
100
AcDbLine
 10
72.90477222222216
 20
258.28665000000024
 30
0.0
 11
62.90316944444453
 21
258.28665000000024
 31
0.0
  0
LINE
  5
242
330
17
100
AcDbEntity
  8
CUT
100
AcDbLine
 10
129.9775138888889
 20
258.28665000000024
 30
0.0
 11
119.97555833333331
 21
258.28665000000024
 31
0.0
  0
LINE
  5
243
330
17
100
AcDbEntity
  8
CUT
100
AcDbLine
 10
49.201986111111125
 20
185.16463611111132
 30
0.0
 11
49.201986111111125
 21
188.16536388888912
 31
0.0
  0
LINE
  5
244
330
17
100
AcDbEntity
  8
CUT
100
AcDbLine
 10
69.20589722222223
 20
188.16536388888912
 30
0.0
 11
69.20589722222223
 21
185.16463611111132
 31
0.0
  0
LINE
  5
245
330
17
100
AcDbEntity
  8
CUT
100
AcDbLine
 10
49.201986111111125
 20
188.16536388888912
 30
0.0
 11
69.20589722222223
 21
188.16536388888912
 31
0.0
  0
LINE
  5
246
330
17
100
AcDbEntity
  8
CUT
100
AcDbLine
 10
69.20589722222223
 20
185.16463611111132
 30
0.0
 11
49.201986111111125
 21
185.16463611111132
 31
0.0
  0
LINE
  5
247
330
17
100
AcDbEntity
  8
CUT
100
AcDbLine
 10
105.91277777777793
 20
206.87528611111134
 30
0.0
 11
105.91277777777793
 21
236.5763527777779
 31
0.0
  0
LINE
  5
248
330
17
100
AcDbEntity
  8
CUT
100
AcDbLine
 10
111.44433333333325
 20
236.5763527777779
 30
0.0
 11
111.44433333333325
 21
239.5770805555557
 31
0.0
  0
LINE
  5
249
330
17
100
AcDbEntity
  8
CUT
100
AcDbLine
 10
114.44506111111116
 20
206.87528611111134
 30
0.0
 11
114.44506111111116
 21
203.8745583333335
 31
0.0
  0
LINE
  5
24A
330
17
100
AcDbEntity
  8
CUT
100
AcDbLine
 10
111.44433333333325
 20
203.8745583333335
 30
0.0
 11
111.44433333333325
 21
206.87528611111134
 31
0.0
  0
LINE
  5
24B
330
17
100
AcDbEntity
  8
CUT
100
AcDbLine
 10
119.9766166666667
 20
236.5763527777779
 30
0.0
 11
119.9766166666667
 21
206.87528611111134
 31
0.0
  0
LINE
  5
24C
330
17
100
AcDbEntity
  8
CUT
100
AcDbLine
 10
114.44506111111116
 20
239.5770805555557
 30
0.0
 11
114.44506111111116
 21
236.5763527777779
 31
0.0
  0
LINE
  5
24D
330
17
100
AcDbEntity
  8
CUT
100
AcDbLine
 10
111.44433333333325
 20
239.5770805555557
 30
0.0
 11
114.44506111111116
 21
239.5770805555557
 31
0.0
  0
LINE
  5
24E
330
17
100
AcDbEntity
  8
CUT
100
AcDbLine
 10
114.44506111111116
 20
236.5763527777779
 30
0.0
 11
119.9766166666667
 21
236.5763527777779
 31
0.0
  0
LINE
  5
24F
330
17
100
AcDbEntity
  8
CUT
100
AcDbLine
 10
105.91277777777793
 20
236.5763527777779
 30
0.0
 11
111.44433333333325
 21
236.5763527777779
 31
0.0
  0
LINE
  5
250
330
17
100
AcDbEntity
  8
CUT
100
AcDbLine
 10
114.44506111111116
 20
203.8745583333335
 30
0.0
 11
111.44433333333325
 21
203.8745583333335
 31
0.0
  0
LINE
  5
251
330
17
100
AcDbEntity
  8
CUT
100
AcDbLine
 10
119.9766166666667
 20
206.87528611111134
 30
0.0
 11
114.44506111111116
 21
206.87528611111134
 31
0.0
  0
LINE
  5
252
330
17
100
AcDbEntity
  8
CUT
100
AcDbLine
 10
111.44433333333325
 20
206.87528611111134
 30
0.0
 11
105.91277777777793
 21
206.87528611111134
 31
0.0
  0
LINE
  5
253
330
17
100
AcDbEntity
  8
CUT
100
AcDbLine
 10
66.78337222222228
 20
206.8989222222224
 30
0.0
 11
66.78337222222228
 21
220.20146666666682
 31
0.0
  0
LINE
  5
254
330
17
100
AcDbEntity
  8
CUT
100
AcDbLine
 10
82.8474611111111
 20
220.20146666666682
 30
0.0
 11
82.8474611111111
 21
206.8989222222224
 31
0.0
  0
LINE
  5
255
330
17
100
AcDbEntity
  8
CUT
100
AcDbLine
 10
85.84818888888901
 20
223.20219444444461
 30
0.0
 11
85.84818888888901
 21
220.20146666666682
 31
0.0
  0
LINE
  5
256
330
17
100
AcDbEntity
  8
CUT
100
AcDbLine
 10
82.8474611111111
 20
236.5527166666668
 30
0.0
 11
82.8474611111111
 21
223.20219444444461
 31
0.0
  0
LINE
  5
257
330
17
100
AcDbEntity
  8
CUT
100
AcDbLine
 10
66.78337222222228
 20
223.20219444444461
 30
0.0
 11
66.78337222222228
 21
236.5527166666668
 31
0.0
  0
LINE
  5
258
330
17
100
AcDbEntity
  8
CUT
100
AcDbLine
 10
63.78264444444443
 20
220.20146666666682
 30
0.0
 11
63.78264444444443
 21
223.20219444444461
 31
0.0
  0
LINE
  5
259
330
17
100
AcDbEntity
  8
CUT
100
AcDbLine
 10
82.8474611111111
 20
206.8989222222224
 30
0.0
 11
66.78337222222228
 21
206.8989222222224
 31
0.0
  0
LINE
  5
25A
330
17
100
AcDbEntity
  8
CUT
100
AcDbLine
 10
85.84818888888901
 20
220.20146666666682
 30
0.0
 11
82.8474611111111
 21
220.20146666666682
 31
0.0
  0
LINE
  5
25B
330
17
100
AcDbEntity
  8
CUT
100
AcDbLine
 10
66.78337222222228
 20
220.20146666666682
 30
0.0
 11
63.78264444444443
 21
220.20146666666682
 31
0.0
  0
LINE
  5
25C
330
17
100
AcDbEntity
  8
CUT
100
AcDbLine
 10
66.78337222222228
 20
236.5527166666668
 30
0.0
 11
82.8474611111111
 21
236.5527166666668
 31
0.0
  0
LINE
  5
25D
330
17
100
AcDbEntity
  8
CUT
100
AcDbLine
 10
63.78264444444443
 20
223.20219444444461
 30
0.0
 11
66.78337222222228
 21
223.20219444444461
 31
0.0
  0
LINE
  5
25E
330
17
100
AcDbEntity
  8
CUT
100
AcDbLine
 10
82.8474611111111
 20
223.20219444444461
 30
0.0
 11
85.84818888888901
 21
223.20219444444461
 31
0.0
  0
LINE
  5
25F
330
17
100
AcDbEntity
  8
CUT
100
AcDbLine
 10
24.929111111111126
 20
258.22103333333354
 30
0.0
 11
24.929111111111126
 21
228.56723888888914
 31
0.0
  0
LINE
  5
260
330
17
100
AcDbEntity
  8
CUT
100
AcDbLine
 10
8.865022222222194
 20
228.56723888888914
 30
0.0
 11
8.865022222222194
 21
258.22103333333354
 31
0.0
  0
LINE
  5
261
330
17
100
AcDbEntity
  8
CUT
100
AcDbLine
 10
8.865022222222194
 20
258.22103333333354
 30
0.0
 11
24.929111111111126
 21
258.22103333333354
 31
0.0
  0
LINE
  5
262
330
17
100
AcDbEntity
  8
CUT
100
AcDbLine
 10
24.929111111111126
 20
228.56723888888914
 30
0.0
 11
8.865022222222194
 21
228.56723888888914
 31
0.0
  0
LINE
  5
263
330
17
100
AcDbEntity
  8
CUT
100
AcDbLine
 10
95.34285
 20
167.76281388888913
 30
0.0
 11
93.00252222222218
 21
165.88497777777803
 31
0.0
  0
LINE
  5
264
330
17
100
AcDbEntity
  8
CUT
100
AcDbLine
 10
93.00252222222218
 20
165.88497777777803
 30
0.0
 11
89.24685
 21
170.56563333333352
 31
0.0
  0
LINE
  5
265
330
17
100
AcDbEntity
  8
CUT
100
AcDbLine
 10
89.24685
 20
170.56563333333352
 30
0.0
 11
91.58717777777781
 21
172.44346944444462
 31
0.0
  0
LINE
  5
266
330
17
100
AcDbEntity
  8
CUT
100
AcDbLine
 10
91.58717777777781
 20
172.44346944444462
 30
0.0
 11
95.34285
 21
167.76281388888913
 31
0.0
  0
LINE
  5
267
330
17
100
AcDbEntity
  8
ENGRAVE
100
AcDbLine
 10
62.855386588236456
 20
158.2893191176605
 30
0.0
 11
65.65534386362708
 21
158.2893191176605
 31
0.0
  0
LINE
  5
268
330
17
100
AcDbEntity
  8
ENGRAVE
100
AcDbLine
 10
65.65534386362708
 20
158.2893191176605
 30
0.0
 11
66.35533318247474
 21
159.68929775535582
 31
0.0
  0
LINE
  5
269
330
17
100
AcDbEntity
  8
ENGRAVE
100
AcDbLine
 10
66.35533318247474
 20
159.68929775535582
 30
0.0
 11
66.35533318247474
 21
163.88923366844176
 31
0.0
  0
LINE
  5
26A
330
17
100
AcDbEntity
  8
ENGRAVE
100
AcDbLine
 10
66.35533318247474
 20
163.88923366844176
 30
0.0
 11
65.65534386362708
 21
165.28921230613707
 31
0.0
  0
LINE
  5
26B
330
17
100
AcDbEntity
  8
ENGRAVE
100
AcDbLine
 10
65.65534386362708
 20
165.28921230613707
 30
0.0
 11
62.855386588236456
 21
165.28921230613707
 31
0.0
  0
LINE
  5
26C
330
17
100
AcDbEntity
  8
ENGRAVE
100
AcDbLine
 10
62.855386588236456
 20
165.28921230613707
 30
0.0
 11
62.1553972693888
 21
163.88923366844176
 31
0.0
  0
LINE
  5
26D
330
17
100
AcDbEntity
  8
ENGRAVE
100
AcDbLine
 10
62.1553972693888
 20
163.88923366844176
 30
0.0
 11
62.1553972693888
 21
159.68929775535582
 31
0.0
  0
LINE
  5
26E
330
17
100
AcDbEntity
  8
ENGRAVE
100
AcDbLine
 10
62.1553972693888
 20
159.68929775535582
 30
0.0
 11
62.855386588236456
 21
158.2893191176605
 31
0.0
  0
LINE
  5
26F
330
17
100
AcDbEntity
  8
ENGRAVE
100
AcDbLine
 10
67.75531182017005
 20
164.58922298728942
 30
0.0
 11
68.4553011390177
 21
165.28921230613707
 31
0.0
  0
LINE
  5
270
330
17
100
AcDbEntity
  8
ENGRAVE
100
AcDbLine
 10
68.4553011390177
 20
165.28921230613707
 30
0.0
 11
71.25525841440833
 21
165.28921230613707
 31
0.0
  0
LINE
  5
271
330
17
100
AcDbEntity
  8
ENGRAVE
100
AcDbLine
 10
71.25525841440833
 20
165.28921230613707
 30
0.0
 11
71.95524773325599
 21
164.58922298728942
 31
0.0
  0
LINE
  5
272
330
17
100
AcDbEntity
  8
ENGRAVE
100
AcDbLine
 10
71.95524773325599
 20
164.58922298728942
 30
0.0
 11
71.95524773325599
 21
162.90924862205503
 31
0.0
  0
LINE
  5
273
330
17
100
AcDbEntity
  8
ENGRAVE
100
AcDbLine
 10
71.95524773325599
 20
162.90924862205503
 30
0.0
 11
71.25525841440833
 21
162.20925930320738
 31
0.0
  0
LINE
  5
274
330
17
100
AcDbEntity
  8
ENGRAVE
100
AcDbLine
 10
71.25525841440833
 20
162.20925930320738
 30
0.0
 11
69.15529045786536
 21
162.20925930320738
 31
0.0
  0
LINE
  5
275
330
17
100
AcDbEntity
  8
ENGRAVE
100
AcDbLine
 10
71.25525841440833
 20
162.20925930320738
 30
0.0
 11
71.95524773325599
 21
161.50926998435972
 31
0.0
  0
LINE
  5
276
330
17
100
AcDbEntity
  8
ENGRAVE
100
AcDbLine
 10
71.95524773325599
 20
161.50926998435972
 30
0.0
 11
71.95524773325599
 21
158.98930843650817
 31
0.0
  0
LINE
  5
277
330
17
100
AcDbEntity
  8
ENGRAVE
100
AcDbLine
 10
71.95524773325599
 20
158.98930843650817
 30
0.0
 11
71.25525841440833
 21
158.2893191176605
 31
0.0
  0
LINE
  5
278
330
17
100
AcDbEntity
  8
ENGRAVE
100
AcDbLine
 10
71.25525841440833
 20
158.2893191176605
 30
0.0
 11
68.4553011390177
 21
158.2893191176605
 31
0.0
  0
LINE
  5
279
330
17
100
AcDbEntity
  8
ENGRAVE
100
AcDbLine
 10
68.4553011390177
 20
158.2893191176605
 30
0.0
 11
67.75531182017005
 21
158.98930843650817
 31
0.0
  0
LINE
  5
27A
330
17
100
AcDbEntity
  8
CUT
100
AcDbLine
 10
181.44988611111103
 20
154.5805666666668
 30
0.0
 11
178.75819166666668
 21
153.15816666666683
 31
0.0
  0
LINE
  5
27B
330
17
100
AcDbEntity
  8
CUT
100
AcDbLine
 10
181.13062222222237
 20
177.11354166666683
 30
0.0
 11
181.13062222222237
 21
174.1131666666668
 31
0.0
  0
LINE
  5
27C
330
17
100
AcDbEntity
  8
CUT
100
AcDbLine
 10
183.43143888888886
 20
144.3150861111112
 30
0.0
 11
186.12242777777777
 21
145.73713333333353
 31
0.0
  0
LINE
  5
27D
330
17
100
AcDbEntity
  8
CUT
100
AcDbLine
 10
145.97984444444444
 20
185.16463611111132
 30
0.0
 11
145.97984444444444
 21
177.11354166666683
 31
0.0
  0
LINE
  5
27E
330
17
100
AcDbEntity
  8
CUT
100
AcDbLine
 10
202.38301388888897
 20
136.89370000000014
 30
0.0
 11
202.38301388888897
 21
133.89332500000012
 31
0.0
  0
LINE
  5
27F
330
17
100
AcDbEntity
  8
CUT
100
AcDbLine
 10
171.12866666666667
 20
174.1131666666668
 30
0.0
 11
181.44988611111103
 21
154.5805666666668
 31
0.0
  0
LINE
  5
280
330
17
100
AcDbEntity
  8
CUT
100
AcDbLine
 10
184.73389444444445
 20
246.56208055555572
 30
0.0
 11
182.11663611111106
 21
248.02963611111133
 31
0.0
  0
LINE
  5
281
330
17
100
AcDbEntity
  8
CUT
100
AcDbLine
 10
259.45540277777775
 20
136.89370000000014
 30
0.0
 11
259.45540277777775
 21
133.89332500000012
 31
0.0
  0
LINE
  5
282
330
17
100
AcDbEntity
  8
CUT
100
AcDbLine
 10
178.75819166666668
 20
153.15816666666683
 30
0.0
 11
183.43143888888886
 21
144.3150861111112
 31
0.0
  0
LINE
  5
283
330
17
100
AcDbEntity
  8
CUT
100
AcDbLine
 10
269.45735833333333
 20
133.89332500000012
 30
0.0
 11
269.45735833333333
 21
136.89370000000014
 31
0.0
  0
LINE
  5
284
330
17
100
AcDbEntity
  8
CUT
100
AcDbLine
 10
148.98057222222224
 20
188.16536388888912
 30
0.0
 11
148.98057222222224
 21
185.16463611111132
 31
0.0
  0
LINE
  5
285
330
17
100
AcDbEntity
  8
CUT
100
AcDbLine
 10
160.29486111111106
 20
209.11225000000022
 30
0.0
 11
162.91211944444456
 21
207.6446944444446
 31
0.0
  0
LINE
  5
286
330
17
100
AcDbEntity
  8
CUT
100
AcDbLine
 10
182.11663611111106
 20
248.02963611111133
 30
0.0
 11
177.22501944444446
 21
239.30579444444462
 31
0.0
  0
LINE
  5
287
330
17
100
AcDbEntity
  8
CUT
100
AcDbLine
 10
279.4593138888889
 20
136.89370000000014
 30
0.0
 11
279.4593138888889
 21
146.8956555555556
 31
0.0
  0
LINE
  5
288
330
17
100
AcDbEntity
  8
CUT
100
AcDbLine
 10
282.4596888888889
 20
146.8956555555556
 30
0.0
 11
282.4596888888889
 21
156.8976111111113
 31
0.0
  0
LINE
  5
289
330
17
100
AcDbEntity
  8
CUT
100
AcDbLine
 10
186.12242777777777
 20
145.73713333333353
 30
0.0
 11
190.79532222222213
 21
136.89370000000014
 31
0.0
  0
LINE
  5
28A
330
17
100
AcDbEntity
  8
CUT
100
AcDbLine
 10
165.18683055555567
 20
217.83609166666682
 30
0.0
 11
160.29486111111106
 21
209.11225000000022
 31
0.0
  0
LINE
  5
28B
330
17
100
AcDbEntity
  8
CUT
100
AcDbLine
 10
179.84192499999995
 20
237.83823888888904
 30
0.0
 11
167.80373611111116
 21
216.3685361111112
 31
0.0
  0
LINE
  5
28C
330
17
100
AcDbEntity
  8
CUT
100
AcDbLine
 10
158.02014999999994
 20
198.92050000000023
 30
0.0
 11
163.70339999999993
 21
188.16536388888912
 31
0.0
  0
LINE
  5
28D
330
17
100
AcDbEntity
  8
CUT
100
AcDbLine
 10
177.22501944444446
 20
239.30579444444462
 30
0.0
 11
179.84192499999995
 21
237.83823888888904
 31
0.0
  0
LINE
  5
28E
330
17
100
AcDbEntity
  8
CUT
100
AcDbLine
 10
167.80373611111116
 20
216.3685361111112
 30
0.0
 11
165.18683055555567
 21
217.83609166666682
 31
0.0
  0
LINE
  5
28F
330
17
100
AcDbEntity
  8
CUT
100
AcDbLine
 10
212.3846166666666
 20
133.89332500000012
 30
0.0
 11
212.3846166666666
 21
136.89370000000014
 31
0.0
  0
LINE
  5
290
330
17
100
AcDbEntity
  8
CUT
100
AcDbLine
 10
162.91211944444456
 20
207.6446944444446
 30
0.0
 11
158.02014999999994
 21
198.92050000000023
 31
0.0
  0
LINE
  5
291
330
17
100
AcDbEntity
  8
CUT
100
AcDbLine
 10
259.45540277777775
 20
258.28665000000024
 30
0.0
 11
259.45540277777775
 21
255.28627500000022
 31
0.0
  0
LINE
  5
292
330
17
100
AcDbEntity
  8
CUT
100
AcDbLine
 10
212.3846166666666
 20
255.28627500000022
 30
0.0
 11
212.3846166666666
 21
258.28665000000024
 31
0.0
  0
LINE
  5
293
330
17
100
AcDbEntity
  8
CUT
100
AcDbLine
 10
258.5642861111112
 20
161.21455277777793
 30
0.0
 11
258.5642861111112
 21
164.21528055555572
 31
0.0
  0
LINE
  5
294
330
17
100
AcDbEntity
  8
CUT
100
AcDbLine
 10
279.4593138888889
 20
245.28431944444463
 30
0.0
 11
279.4593138888889
 21
255.28627500000022
 31
0.0
  0
LINE
  5
295
330
17
100
AcDbEntity
  8
CUT
100
AcDbLine
 10
202.38301388888897
 20
258.28665000000024
 30
0.0
 11
202.38301388888897
 21
255.28627500000022
 31
0.0
  0
LINE
  5
296
330
17
100
AcDbEntity
  8
CUT
100
AcDbLine
 10
282.4596888888889
 20
235.28236388888902
 30
0.0
 11
282.4596888888889
 21
245.28431944444463
 31
0.0
  0
LINE
  5
297
330
17
100
AcDbEntity
  8
CUT
100
AcDbLine
 10
189.62551111111105
 20
255.28627500000022
 30
0.0
 11
184.73389444444445
 21
246.56208055555572
 31
0.0
  0
LINE
  5
298
330
17
100
AcDbEntity
  8
CUT
100
AcDbLine
 10
279.4593138888889
 20
201.0911416666669
 30
0.0
 11
279.4593138888889
 21
235.28236388888902
 31
0.0
  0
LINE
  5
299
330
17
100
AcDbEntity
  8
CUT
100
AcDbLine
 10
279.4593138888889
 20
164.21528055555572
 30
0.0
 11
279.4593138888889
 21
185.16463611111132
 31
0.0
  0
LINE
  5
29A
330
17
100
AcDbEntity
  8
CUT
100
AcDbLine
 10
258.5642861111112
 20
185.16463611111132
 30
0.0
 11
258.5642861111112
 21
188.16536388888912
 31
0.0
  0
LINE
  5
29B
330
17
100
AcDbEntity
  8
CUT
100
AcDbLine
 10
269.45735833333333
 20
255.28627500000022
 30
0.0
 11
269.45735833333333
 21
258.28665000000024
 31
0.0
  0
LINE
  5
29C
330
17
100
AcDbEntity
  8
CUT
100
AcDbLine
 10
282.4596888888889
 20
191.08883333333353
 30
0.0
 11
282.4596888888889
 21
201.0911416666669
 31
0.0
  0
LINE
  5
29D
330
17
100
AcDbEntity
  8
CUT
100
AcDbLine
 10
279.4593138888889
 20
156.8976111111113
 30
0.0
 11
279.4593138888889
 21
161.21455277777793
 31
0.0
  0
LINE
  5
29E
330
17
100
AcDbEntity
  8
CUT
100
AcDbLine
 10
279.4593138888889
 20
188.16536388888912
 30
0.0
 11
279.4593138888889
 21
191.08883333333353
 31
0.0
  0
LINE
  5
29F
330
17
100
AcDbEntity
  8
CUT
100
AcDbLine
 10
212.3846166666666
 20
136.89370000000014
 30
0.0
 11
259.45540277777775
 21
136.89370000000014
 31
0.0
  0
LINE
  5
2A0
330
17
100
AcDbEntity
  8
CUT
100
AcDbLine
 10
269.45735833333333
 20
136.89370000000014
 30
0.0
 11
279.4593138888889
 21
136.89370000000014
 31
0.0
  0
LINE
  5
2A1
330
17
100
AcDbEntity
  8
CUT
100
AcDbLine
 10
190.79532222222213
 20
136.89370000000014
 30
0.0
 11
202.38301388888897
 21
136.89370000000014
 31
0.0
  0
LINE
  5
2A2
330
17
100
AcDbEntity
  8
CUT
100
AcDbLine
 10
181.13062222222237
 20
174.1131666666668
 30
0.0
 11
171.12866666666667
 21
174.1131666666668
 31
0.0
  0
LINE
  5
2A3
330
17
100
AcDbEntity
  8
CUT
100
AcDbLine
 10
282.4596888888889
 20
156.8976111111113
 30
0.0
 11
279.4593138888889
 21
156.8976111111113
 31
0.0
  0
LINE
  5
2A4
330
17
100
AcDbEntity
  8
CUT
100
AcDbLine
 10
259.45540277777775
 20
133.89332500000012
 30
0.0
 11
269.45735833333333
 21
133.89332500000012
 31
0.0
  0
LINE
  5
2A5
330
17
100
AcDbEntity
  8
CUT
100
AcDbLine
 10
202.38301388888897
 20
133.89332500000012
 30
0.0
 11
212.3846166666666
 21
133.89332500000012
 31
0.0
  0
LINE
  5
2A6
330
17
100
AcDbEntity
  8
CUT
100
AcDbLine
 10
145.97984444444444
 20
177.11354166666683
 30
0.0
 11
181.13062222222237
 21
177.11354166666683
 31
0.0
  0
LINE
  5
2A7
330
17
100
AcDbEntity
  8
CUT
100
AcDbLine
 10
163.70339999999993
 20
188.16536388888912
 30
0.0
 11
148.98057222222224
 21
188.16536388888912
 31
0.0
  0
LINE
  5
2A8
330
17
100
AcDbEntity
  8
CUT
100
AcDbLine
 10
258.5642861111112
 20
188.16536388888912
 30
0.0
 11
279.4593138888889
 21
188.16536388888912
 31
0.0
  0
LINE
  5
2A9
330
17
100
AcDbEntity
  8
CUT
100
AcDbLine
 10
279.4593138888889
 20
146.8956555555556
 30
0.0
 11
282.4596888888889
 21
146.8956555555556
 31
0.0
  0
LINE
  5
2AA
330
17
100
AcDbEntity
  8
CUT
100
AcDbLine
 10
148.98057222222224
 20
185.16463611111132
 30
0.0
 11
145.97984444444444
 21
185.16463611111132
 31
0.0
  0
LINE
  5
2AB
330
17
100
AcDbEntity
  8
CUT
100
AcDbLine
 10
279.4593138888889
 20
185.16463611111132
 30
0.0
 11
258.5642861111112
 21
185.16463611111132
 31
0.0
  0
LINE
  5
2AC
330
17
100
AcDbEntity
  8
CUT
100
AcDbLine
 10
258.5642861111112
 20
164.21528055555572
 30
0.0
 11
279.4593138888889
 21
164.21528055555572
 31
0.0
  0
LINE
  5
2AD
330
17
100
AcDbEntity
  8
CUT
100
AcDbLine
 10
279.4593138888889
 20
235.28236388888902
 30
0.0
 11
282.4596888888889
 21
235.28236388888902
 31
0.0
  0
LINE
  5
2AE
330
17
100
AcDbEntity
  8
CUT
100
AcDbLine
 10
279.4593138888889
 20
161.21455277777793
 30
0.0
 11
258.5642861111112
 21
161.21455277777793
 31
0.0
  0
LINE
  5
2AF
330
17
100
AcDbEntity
  8
CUT
100
AcDbLine
 10
279.4593138888889
 20
255.28627500000022
 30
0.0
 11
269.45735833333333
 21
255.28627500000022
 31
0.0
  0
LINE
  5
2B0
330
17
100
AcDbEntity
  8
CUT
100
AcDbLine
 10
259.45540277777775
 20
255.28627500000022
 30
0.0
 11
212.3846166666666
 21
255.28627500000022
 31
0.0
  0
LINE
  5
2B1
330
17
100
AcDbEntity
  8
CUT
100
AcDbLine
 10
202.38301388888897
 20
255.28627500000022
 30
0.0
 11
189.62551111111105
 21
255.28627500000022
 31
0.0
  0
LINE
  5
2B2
330
17
100
AcDbEntity
  8
CUT
100
AcDbLine
 10
279.4593138888889
 20
191.08883333333353
 30
0.0
 11
282.4596888888889
 21
191.08883333333353
 31
0.0
  0
LINE
  5
2B3
330
17
100
AcDbEntity
  8
CUT
100
AcDbLine
 10
282.4596888888889
 20
201.0911416666669
 30
0.0
 11
279.4593138888889
 21
201.0911416666669
 31
0.0
  0
LINE
  5
2B4
330
17
100
AcDbEntity
  8
CUT
100
AcDbLine
 10
282.4596888888889
 20
245.28431944444463
 30
0.0
 11
279.4593138888889
 21
245.28431944444463
 31
0.0
  0
LINE
  5
2B5
330
17
100
AcDbEntity
  8
CUT
100
AcDbLine
 10
212.3846166666666
 20
258.28665000000024
 30
0.0
 11
202.38301388888897
 21
258.28665000000024
 31
0.0
  0
LINE
  5
2B6
330
17
100
AcDbEntity
  8
CUT
100
AcDbLine
 10
269.45735833333333
 20
258.28665000000024
 30
0.0
 11
259.45540277777775
 21
258.28665000000024
 31
0.0
  0
LINE
  5
2B7
330
17
100
AcDbEntity
  8
CUT
100
AcDbLine
 10
188.68183055555556
 20
185.16463611111132
 30
0.0
 11
188.68183055555556
 21
188.16536388888912
 31
0.0
  0
LINE
  5
2B8
330
17
100
AcDbEntity
  8
CUT
100
AcDbLine
 10
208.68574166666667
 20
188.16536388888912
 30
0.0
 11
208.68574166666667
 21
185.16463611111132
 31
0.0
  0
LINE
  5
2B9
330
17
100
AcDbEntity
  8
CUT
100
AcDbLine
 10
188.68183055555556
 20
188.16536388888912
 30
0.0
 11
208.68574166666667
 21
188.16536388888912
 31
0.0
  0
LINE
  5
2BA
330
17
100
AcDbEntity
  8
CUT
100
AcDbLine
 10
208.68574166666667
 20
185.16463611111132
 30
0.0
 11
188.68183055555556
 21
185.16463611111132
 31
0.0
  0
LINE
  5
2BB
330
17
100
AcDbEntity
  8
CUT
100
AcDbLine
 10
245.39262222222237
 20
206.87528611111134
 30
0.0
 11
245.39262222222237
 21
236.5763527777779
 31
0.0
  0
LINE
  5
2BC
330
17
100
AcDbEntity
  8
CUT
100
AcDbLine
 10
250.9241777777777
 20
236.5763527777779
 30
0.0
 11
250.9241777777777
 21
239.5770805555557
 31
0.0
  0
LINE
  5
2BD
330
17
100
AcDbEntity
  8
CUT
100
AcDbLine
 10
253.9249055555556
 20
206.87528611111134
 30
0.0
 11
253.9249055555556
 21
203.8745583333335
 31
0.0
  0
LINE
  5
2BE
330
17
100
AcDbEntity
  8
CUT
100
AcDbLine
 10
250.9241777777777
 20
203.8745583333335
 30
0.0
 11
250.9241777777777
 21
206.87528611111134
 31
0.0
  0
LINE
  5
2BF
330
17
100
AcDbEntity
  8
CUT
100
AcDbLine
 10
259.45646111111114
 20
236.5763527777779
 30
0.0
 11
259.45646111111114
 21
206.87528611111134
 31
0.0
  0
LINE
  5
2C0
330
17
100
AcDbEntity
  8
CUT
100
AcDbLine
 10
253.9249055555556
 20
239.5770805555557
 30
0.0
 11
253.9249055555556
 21
236.5763527777779
 31
0.0
  0
LINE
  5
2C1
330
17
100
AcDbEntity
  8
CUT
100
AcDbLine
 10
250.9241777777777
 20
239.5770805555557
 30
0.0
 11
253.9249055555556
 21
239.5770805555557
 31
0.0
  0
LINE
  5
2C2
330
17
100
AcDbEntity
  8
CUT
100
AcDbLine
 10
253.9249055555556
 20
236.5763527777779
 30
0.0
 11
259.45646111111114
 21
236.5763527777779
 31
0.0
  0
LINE
  5
2C3
330
17
100
AcDbEntity
  8
CUT
100
AcDbLine
 10
245.39262222222237
 20
236.5763527777779
 30
0.0
 11
250.9241777777777
 21
236.5763527777779
 31
0.0
  0
LINE
  5
2C4
330
17
100
AcDbEntity
  8
CUT
100
AcDbLine
 10
253.9249055555556
 20
203.8745583333335
 30
0.0
 11
250.9241777777777
 21
203.8745583333335
 31
0.0
  0
LINE
  5
2C5
330
17
100
AcDbEntity
  8
CUT
100
AcDbLine
 10
259.45646111111114
 20
206.87528611111134
 30
0.0
 11
253.9249055555556
 21
206.87528611111134
 31
0.0
  0
LINE
  5
2C6
330
17
100
AcDbEntity
  8
CUT
100
AcDbLine
 10
250.9241777777777
 20
206.87528611111134
 30
0.0
 11
245.39262222222237
 21
206.87528611111134
 31
0.0
  0
LINE
  5
2C7
330
17
100
AcDbEntity
  8
CUT
100
AcDbLine
 10
206.26321666666672
 20
206.8989222222224
 30
0.0
 11
206.26321666666672
 21
220.20146666666682
 31
0.0
  0
LINE
  5
2C8
330
17
100
AcDbEntity
  8
CUT
100
AcDbLine
 10
222.32730555555554
 20
220.20146666666682
 30
0.0
 11
222.32730555555554
 21
206.8989222222224
 31
0.0
  0
LINE
  5
2C9
330
17
100
AcDbEntity
  8
CUT
100
AcDbLine
 10
225.32803333333345
 20
223.20219444444461
 30
0.0
 11
225.32803333333345
 21
220.20146666666682
 31
0.0
  0
LINE
  5
2CA
330
17
100
AcDbEntity
  8
CUT
100
AcDbLine
 10
222.32730555555554
 20
236.5527166666668
 30
0.0
 11
222.32730555555554
 21
223.20219444444461
 31
0.0
  0
LINE
  5
2CB
330
17
100
AcDbEntity
  8
CUT
100
AcDbLine
 10
206.26321666666672
 20
223.20219444444461
 30
0.0
 11
206.26321666666672
 21
236.5527166666668
 31
0.0
  0
LINE
  5
2CC
330
17
100
AcDbEntity
  8
CUT
100
AcDbLine
 10
203.26248888888887
 20
220.20146666666682
 30
0.0
 11
203.26248888888887
 21
223.20219444444461
 31
0.0
  0
LINE
  5
2CD
330
17
100
AcDbEntity
  8
CUT
100
AcDbLine
 10
222.32730555555554
 20
206.8989222222224
 30
0.0
 11
206.26321666666672
 21
206.8989222222224
 31
0.0
  0
LINE
  5
2CE
330
17
100
AcDbEntity
  8
CUT
100
AcDbLine
 10
225.32803333333345
 20
220.20146666666682
 30
0.0
 11
222.32730555555554
 21
220.20146666666682
 31
0.0
  0
LINE
  5
2CF
330
17
100
AcDbEntity
  8
CUT
100
AcDbLine
 10
206.26321666666672
 20
220.20146666666682
 30
0.0
 11
203.26248888888887
 21
220.20146666666682
 31
0.0
  0
LINE
  5
2D0
330
17
100
AcDbEntity
  8
CUT
100
AcDbLine
 10
206.26321666666672
 20
236.5527166666668
 30
0.0
 11
222.32730555555554
 21
236.5527166666668
 31
0.0
  0
LINE
  5
2D1
330
17
100
AcDbEntity
  8
CUT
100
AcDbLine
 10
203.26248888888887
 20
223.20219444444461
 30
0.0
 11
206.26321666666672
 21
223.20219444444461
 31
0.0
  0
LINE
  5
2D2
330
17
100
AcDbEntity
  8
CUT
100
AcDbLine
 10
222.32730555555554
 20
223.20219444444461
 30
0.0
 11
225.32803333333345
 21
223.20219444444461
 31
0.0
  0
LINE
  5
2D3
330
17
100
AcDbEntity
  8
CUT
100
AcDbLine
 10
164.40895555555556
 20
258.22103333333354
 30
0.0
 11
164.40895555555556
 21
228.56723888888914
 31
0.0
  0
LINE
  5
2D4
330
17
100
AcDbEntity
  8
CUT
100
AcDbLine
 10
148.34486666666663
 20
228.56723888888914
 30
0.0
 11
148.34486666666663
 21
258.22103333333354
 31
0.0
  0
LINE
  5
2D5
330
17
100
AcDbEntity
  8
CUT
100
AcDbLine
 10
148.34486666666663
 20
258.22103333333354
 30
0.0
 11
164.40895555555556
 21
258.22103333333354
 31
0.0
  0
LINE
  5
2D6
330
17
100
AcDbEntity
  8
CUT
100
AcDbLine
 10
164.40895555555556
 20
228.56723888888914
 30
0.0
 11
148.34486666666663
 21
228.56723888888914
 31
0.0
  0
LINE
  5
2D7
330
17
100
AcDbEntity
  8
CUT
100
AcDbLine
 10
234.82269444444444
 20
167.76281388888913
 30
0.0
 11
232.48236666666662
 21
165.88497777777803
 31
0.0
  0
LINE
  5
2D8
330
17
100
AcDbEntity
  8
CUT
100
AcDbLine
 10
232.48236666666662
 20
165.88497777777803
 30
0.0
 11
228.72669444444443
 21
170.56563333333352
 31
0.0
  0
LINE
  5
2D9
330
17
100
AcDbEntity
  8
CUT
100
AcDbLine
 10
228.72669444444443
 20
170.56563333333352
 30
0.0
 11
231.06702222222225
 21
172.44346944444462
 31
0.0
  0
LINE
  5
2DA
330
17
100
AcDbEntity
  8
CUT
100
AcDbLine
 10
231.06702222222225
 20
172.44346944444462
 30
0.0
 11
234.82269444444444
 21
167.76281388888913
 31
0.0
  0
LINE
  5
2DB
330
17
100
AcDbEntity
  8
ENGRAVE
100
AcDbLine
 10
202.3352310326809
 20
158.2893191176605
 30
0.0
 11
205.13518830807152
 21
158.2893191176605
 31
0.0
  0
LINE
  5
2DC
330
17
100
AcDbEntity
  8
ENGRAVE
100
AcDbLine
 10
205.13518830807152
 20
158.2893191176605
 30
0.0
 11
205.83517762691918
 21
159.68929775535582
 31
0.0
  0
LINE
  5
2DD
330
17
100
AcDbEntity
  8
ENGRAVE
100
AcDbLine
 10
205.83517762691918
 20
159.68929775535582
 30
0.0
 11
205.83517762691918
 21
163.88923366844176
 31
0.0
  0
LINE
  5
2DE
330
17
100
AcDbEntity
  8
ENGRAVE
100
AcDbLine
 10
205.83517762691918
 20
163.88923366844176
 30
0.0
 11
205.13518830807152
 21
165.28921230613707
 31
0.0
  0
LINE
  5
2DF
330
17
100
AcDbEntity
  8
ENGRAVE
100
AcDbLine
 10
205.13518830807152
 20
165.28921230613707
 30
0.0
 11
202.3352310326809
 21
165.28921230613707
 31
0.0
  0
LINE
  5
2E0
330
17
100
AcDbEntity
  8
ENGRAVE
100
AcDbLine
 10
202.3352310326809
 20
165.28921230613707
 30
0.0
 11
201.63524171383324
 21
163.88923366844176
 31
0.0
  0
LINE
  5
2E1
330
17
100
AcDbEntity
  8
ENGRAVE
100
AcDbLine
 10
201.63524171383324
 20
163.88923366844176
 30
0.0
 11
201.63524171383324
 21
159.68929775535582
 31
0.0
  0
LINE
  5
2E2
330
17
100
AcDbEntity
  8
ENGRAVE
100
AcDbLine
 10
201.63524171383324
 20
159.68929775535582
 30
0.0
 11
202.3352310326809
 21
158.2893191176605
 31
0.0
  0
LINE
  5
2E3
330
17
100
AcDbEntity
  8
ENGRAVE
100
AcDbLine
 10
207.2351562646145
 20
164.58922298728942
 30
0.0
 11
207.93514558346214
 21
165.28921230613707
 31
0.0
  0
LINE
  5
2E4
330
17
100
AcDbEntity
  8
ENGRAVE
100
AcDbLine
 10
207.93514558346214
 20
165.28921230613707
 30
0.0
 11
210.73510285885277
 21
165.28921230613707
 31
0.0
  0
LINE
  5
2E5
330
17
100
AcDbEntity
  8
ENGRAVE
100
AcDbLine
 10
210.73510285885277
 20
165.28921230613707
 30
0.0
 11
211.43509217770043
 21
164.58922298728942
 31
0.0
  0
LINE
  5
2E6
330
17
100
AcDbEntity
  8
ENGRAVE
100
AcDbLine
 10
211.43509217770043
 20
164.58922298728942
 30
0.0
 11
211.43509217770043
 21
162.90924862205503
 31
0.0
  0
LINE
  5
2E7
330
17
100
AcDbEntity
  8
ENGRAVE
100
AcDbLine
 10
211.43509217770043
 20
162.90924862205503
 30
0.0
 11
210.73510285885277
 21
162.20925930320738
 31
0.0
  0
LINE
  5
2E8
330
17
100
AcDbEntity
  8
ENGRAVE
100
AcDbLine
 10
210.73510285885277
 20
162.20925930320738
 30
0.0
 11
208.6351349023098
 21
162.20925930320738
 31
0.0
  0
LINE
  5
2E9
330
17
100
AcDbEntity
  8
ENGRAVE
100
AcDbLine
 10
210.73510285885277
 20
162.20925930320738
 30
0.0
 11
211.43509217770043
 21
161.50926998435972
 31
0.0
  0
LINE
  5
2EA
330
17
100
AcDbEntity
  8
ENGRAVE
100
AcDbLine
 10
211.43509217770043
 20
161.50926998435972
 30
0.0
 11
211.43509217770043
 21
158.98930843650817
 31
0.0
  0
LINE
  5
2EB
330
17
100
AcDbEntity
  8
ENGRAVE
100
AcDbLine
 10
211.43509217770043
 20
158.98930843650817
 30
0.0
 11
210.73510285885277
 21
158.2893191176605
 31
0.0
  0
LINE
  5
2EC
330
17
100
AcDbEntity
  8
ENGRAVE
100
AcDbLine
 10
210.73510285885277
 20
158.2893191176605
 30
0.0
 11
207.93514558346214
 21
158.2893191176605
 31
0.0
  0
LINE
  5
2ED
330
17
100
AcDbEntity
  8
ENGRAVE
100
AcDbLine
 10
207.93514558346214
 20
158.2893191176605
 30
0.0
 11
207.2351562646145
 21
158.98930843650817
 31
0.0
  0
LINE
  5
2EE
330
17
100
AcDbEntity
  8
CUT
100
AcDbLine
 10
320.92973055555547
 20
154.5805666666668
 30
0.0
 11
318.2380361111111
 21
153.15816666666683
 31
0.0
  0
LINE
  5
2EF
330
17
100
AcDbEntity
  8
CUT
100
AcDbLine
 10
320.6104666666668
 20
177.11354166666683
 30
0.0
 11
320.6104666666668
 21
174.1131666666668
 31
0.0
  0
LINE
  5
2F0
330
17
100
AcDbEntity
  8
CUT
100
AcDbLine
 10
322.9112833333333
 20
144.3150861111112
 30
0.0
 11
325.6022722222222
 21
145.73713333333353
 31
0.0
  0
LINE
  5
2F1
330
17
100
AcDbEntity
  8
CUT
100
AcDbLine
 10
285.4596888888889
 20
185.16463611111132
 30
0.0
 11
285.4596888888889
 21
177.11354166666683
 31
0.0
  0
LINE
  5
2F2
330
17
100
AcDbEntity
  8
CUT
100
AcDbLine
 10
341.8628583333334
 20
136.89370000000014
 30
0.0
 11
341.8628583333334
 21
133.89332500000012
 31
0.0
  0
LINE
  5
2F3
330
17
100
AcDbEntity
  8
CUT
100
AcDbLine
 10
310.6085111111111
 20
174.1131666666668
 30
0.0
 11
320.92973055555547
 21
154.5805666666668
 31
0.0
  0
LINE
  5
2F4
330
17
100
AcDbEntity
  8
CUT
100
AcDbLine
 10
324.2137388888889
 20
246.56208055555572
 30
0.0
 11
321.5964805555555
 21
248.02963611111133
 31
0.0
  0
LINE
  5
2F5
330
17
100
AcDbEntity
  8
CUT
100
AcDbLine
 10
398.9352472222222
 20
136.89370000000014
 30
0.0
 11
398.9352472222222
 21
133.89332500000012
 31
0.0
  0
LINE
  5
2F6
330
17
100
AcDbEntity
  8
CUT
100
AcDbLine
 10
318.2380361111111
 20
153.15816666666683
 30
0.0
 11
322.9112833333333
 21
144.3150861111112
 31
0.0
  0
LINE
  5
2F7
330
17
100
AcDbEntity
  8
CUT
100
AcDbLine
 10
408.93720277777777
 20
133.89332500000012
 30
0.0
 11
408.93720277777777
 21
136.89370000000014
 31
0.0
  0
LINE
  5
2F8
330
17
100
AcDbEntity
  8
CUT
100
AcDbLine
 10
288.4604166666667
 20
188.16536388888912
 30
0.0
 11
288.4604166666667
 21
185.16463611111132
 31
0.0
  0
LINE
  5
2F9
330
17
100
AcDbEntity
  8
CUT
100
AcDbLine
 10
299.7747055555555
 20
209.11225000000022
 30
0.0
 11
302.391963888889
 21
207.6446944444446
 31
0.0
  0
LINE
  5
2FA
330
17
100
AcDbEntity
  8
CUT
100
AcDbLine
 10
321.5964805555555
 20
248.02963611111133
 30
0.0
 11
316.7048638888889
 21
239.30579444444462
 31
0.0
  0
LINE
  5
2FB
330
17
100
AcDbEntity
  8
CUT
100
AcDbLine
 10
418.93915833333335
 20
136.89370000000014
 30
0.0
 11
418.93915833333335
 21
146.8956555555556
 31
0.0
  0
LINE
  5
2FC
330
17
100
AcDbEntity
  8
CUT
100
AcDbLine
 10
421.9395333333333
 20
146.8956555555556
 30
0.0
 11
421.9395333333333
 21
156.8976111111113
 31
0.0
  0
LINE
  5
2FD
330
17
100
AcDbEntity
  8
CUT
100
AcDbLine
 10
325.6022722222222
 20
145.73713333333353
 30
0.0
 11
330.27516666666656
 21
136.89370000000014
 31
0.0
  0
LINE
  5
2FE
330
17
100
AcDbEntity
  8
CUT
100
AcDbLine
 10
304.6666750000001
 20
217.83609166666682
 30
0.0
 11
299.7747055555555
 21
209.11225000000022
 31
0.0
  0
LINE
  5
2FF
330
17
100
AcDbEntity
  8
CUT
100
AcDbLine
 10
319.3217694444444
 20
237.83823888888904
 30
0.0
 11
307.2835805555556
 21
216.3685361111112
 31
0.0
  0
LINE
  5
300
330
17
100
AcDbEntity
  8
CUT
100
AcDbLine
 10
297.4999944444444
 20
198.92050000000023
 30
0.0
 11
303.18324444444437
 21
188.16536388888912
 31
0.0
  0
LINE
  5
301
330
17
100
AcDbEntity
  8
CUT
100
AcDbLine
 10
316.7048638888889
 20
239.30579444444462
 30
0.0
 11
319.3217694444444
 21
237.83823888888904
 31
0.0
  0
LINE
  5
302
330
17
100
AcDbEntity
  8
CUT
100
AcDbLine
 10
307.2835805555556
 20
216.3685361111112
 30
0.0
 11
304.6666750000001
 21
217.83609166666682
 31
0.0
  0
LINE
  5
303
330
17
100
AcDbEntity
  8
CUT
100
AcDbLine
 10
351.86446111111104
 20
133.89332500000012
 30
0.0
 11
351.86446111111104
 21
136.89370000000014
 31
0.0
  0
LINE
  5
304
330
17
100
AcDbEntity
  8
CUT
100
AcDbLine
 10
302.391963888889
 20
207.6446944444446
 30
0.0
 11
297.4999944444444
 21
198.92050000000023
 31
0.0
  0
LINE
  5
305
330
17
100
AcDbEntity
  8
CUT
100
AcDbLine
 10
398.9352472222222
 20
258.28665000000024
 30
0.0
 11
398.9352472222222
 21
255.28627500000022
 31
0.0
  0
LINE
  5
306
330
17
100
AcDbEntity
  8
CUT
100
AcDbLine
 10
351.86446111111104
 20
255.28627500000022
 30
0.0
 11
351.86446111111104
 21
258.28665000000024
 31
0.0
  0
LINE
  5
307
330
17
100
AcDbEntity
  8
CUT
100
AcDbLine
 10
398.0441305555556
 20
161.21455277777793
 30
0.0
 11
398.0441305555556
 21
164.21528055555572
 31
0.0
  0
LINE
  5
308
330
17
100
AcDbEntity
  8
CUT
100
AcDbLine
 10
418.93915833333335
 20
245.28431944444463
 30
0.0
 11
418.93915833333335
 21
255.28627500000022
 31
0.0
  0
LINE
  5
309
330
17
100
AcDbEntity
  8
CUT
100
AcDbLine
 10
341.8628583333334
 20
258.28665000000024
 30
0.0
 11
341.8628583333334
 21
255.28627500000022
 31
0.0
  0
LINE
  5
30A
330
17
100
AcDbEntity
  8
CUT
100
AcDbLine
 10
421.9395333333333
 20
235.28236388888902
 30
0.0
 11
421.9395333333333
 21
245.28431944444463
 31
0.0
  0
LINE
  5
30B
330
17
100
AcDbEntity
  8
CUT
100
AcDbLine
 10
329.1053555555555
 20
255.28627500000022
 30
0.0
 11
324.2137388888889
 21
246.56208055555572
 31
0.0
  0
LINE
  5
30C
330
17
100
AcDbEntity
  8
CUT
100
AcDbLine
 10
418.93915833333335
 20
201.0911416666669
 30
0.0
 11
418.93915833333335
 21
235.28236388888902
 31
0.0
  0
LINE
  5
30D
330
17
100
AcDbEntity
  8
CUT
100
AcDbLine
 10
418.93915833333335
 20
164.21528055555572
 30
0.0
 11
418.93915833333335
 21
185.16463611111132
 31
0.0
  0
LINE
  5
30E
330
17
100
AcDbEntity
  8
CUT
100
AcDbLine
 10
398.0441305555556
 20
185.16463611111132
 30
0.0
 11
398.0441305555556
 21
188.16536388888912
 31
0.0
  0
LINE
  5
30F
330
17
100
AcDbEntity
  8
CUT
100
AcDbLine
 10
408.93720277777777
 20
255.28627500000022
 30
0.0
 11
408.93720277777777
 21
258.28665000000024
 31
0.0
  0
LINE
  5
310
330
17
100
AcDbEntity
  8
CUT
100
AcDbLine
 10
421.9395333333333
 20
191.08883333333353
 30
0.0
 11
421.9395333333333
 21
201.0911416666669
 31
0.0
  0
LINE
  5
311
330
17
100
AcDbEntity
  8
CUT
100
AcDbLine
 10
418.93915833333335
 20
156.8976111111113
 30
0.0
 11
418.93915833333335
 21
161.21455277777793
 31
0.0
  0
LINE
  5
312
330
17
100
AcDbEntity
  8
CUT
100
AcDbLine
 10
418.93915833333335
 20
188.16536388888912
 30
0.0
 11
418.93915833333335
 21
191.08883333333353
 31
0.0
  0
LINE
  5
313
330
17
100
AcDbEntity
  8
CUT
100
AcDbLine
 10
351.86446111111104
 20
136.89370000000014
 30
0.0
 11
398.9352472222222
 21
136.89370000000014
 31
0.0
  0
LINE
  5
314
330
17
100
AcDbEntity
  8
CUT
100
AcDbLine
 10
408.93720277777777
 20
136.89370000000014
 30
0.0
 11
418.93915833333335
 21
136.89370000000014
 31
0.0
  0
LINE
  5
315
330
17
100
AcDbEntity
  8
CUT
100
AcDbLine
 10
330.27516666666656
 20
136.89370000000014
 30
0.0
 11
341.8628583333334
 21
136.89370000000014
 31
0.0
  0
LINE
  5
316
330
17
100
AcDbEntity
  8
CUT
100
AcDbLine
 10
320.6104666666668
 20
174.1131666666668
 30
0.0
 11
310.6085111111111
 21
174.1131666666668
 31
0.0
  0
LINE
  5
317
330
17
100
AcDbEntity
  8
CUT
100
AcDbLine
 10
421.9395333333333
 20
156.8976111111113
 30
0.0
 11
418.93915833333335
 21
156.8976111111113
 31
0.0
  0
LINE
  5
318
330
17
100
AcDbEntity
  8
CUT
100
AcDbLine
 10
398.9352472222222
 20
133.89332500000012
 30
0.0
 11
408.93720277777777
 21
133.89332500000012
 31
0.0
  0
LINE
  5
319
330
17
100
AcDbEntity
  8
CUT
100
AcDbLine
 10
341.8628583333334
 20
133.89332500000012
 30
0.0
 11
351.86446111111104
 21
133.89332500000012
 31
0.0
  0
LINE
  5
31A
330
17
100
AcDbEntity
  8
CUT
100
AcDbLine
 10
285.4596888888889
 20
177.11354166666683
 30
0.0
 11
320.6104666666668
 21
177.11354166666683
 31
0.0
  0
LINE
  5
31B
330
17
100
AcDbEntity
  8
CUT
100
AcDbLine
 10
303.18324444444437
 20
188.16536388888912
 30
0.0
 11
288.4604166666667
 21
188.16536388888912
 31
0.0
  0
LINE
  5
31C
330
17
100
AcDbEntity
  8
CUT
100
AcDbLine
 10
398.0441305555556
 20
188.16536388888912
 30
0.0
 11
418.93915833333335
 21
188.16536388888912
 31
0.0
  0
LINE
  5
31D
330
17
100
AcDbEntity
  8
CUT
100
AcDbLine
 10
418.93915833333335
 20
146.8956555555556
 30
0.0
 11
421.9395333333333
 21
146.8956555555556
 31
0.0
  0
LINE
  5
31E
330
17
100
AcDbEntity
  8
CUT
100
AcDbLine
 10
288.4604166666667
 20
185.16463611111132
 30
0.0
 11
285.4596888888889
 21
185.16463611111132
 31
0.0
  0
LINE
  5
31F
330
17
100
AcDbEntity
  8
CUT
100
AcDbLine
 10
418.93915833333335
 20
185.16463611111132
 30
0.0
 11
398.0441305555556
 21
185.16463611111132
 31
0.0
  0
LINE
  5
320
330
17
100
AcDbEntity
  8
CUT
100
AcDbLine
 10
398.0441305555556
 20
164.21528055555572
 30
0.0
 11
418.93915833333335
 21
164.21528055555572
 31
0.0
  0
LINE
  5
321
330
17
100
AcDbEntity
  8
CUT
100
AcDbLine
 10
418.93915833333335
 20
235.28236388888902
 30
0.0
 11
421.9395333333333
 21
235.28236388888902
 31
0.0
  0
LINE
  5
322
330
17
100
AcDbEntity
  8
CUT
100
AcDbLine
 10
418.93915833333335
 20
161.21455277777793
 30
0.0
 11
398.0441305555556
 21
161.21455277777793
 31
0.0
  0
LINE
  5
323
330
17
100
AcDbEntity
  8
CUT
100
AcDbLine
 10
418.93915833333335
 20
255.28627500000022
 30
0.0
 11
408.93720277777777
 21
255.28627500000022
 31
0.0
  0
LINE
  5
324
330
17
100
AcDbEntity
  8
CUT
100
AcDbLine
 10
398.9352472222222
 20
255.28627500000022
 30
0.0
 11
351.86446111111104
 21
255.28627500000022
 31
0.0
  0
LINE
  5
325
330
17
100
AcDbEntity
  8
CUT
100
AcDbLine
 10
341.8628583333334
 20
255.28627500000022
 30
0.0
 11
329.1053555555555
 21
255.28627500000022
 31
0.0
  0
LINE
  5
326
330
17
100
AcDbEntity
  8
CUT
100
AcDbLine
 10
418.93915833333335
 20
191.08883333333353
 30
0.0
 11
421.9395333333333
 21
191.08883333333353
 31
0.0
  0
LINE
  5
327
330
17
100
AcDbEntity
  8
CUT
100
AcDbLine
 10
421.9395333333333
 20
201.0911416666669
 30
0.0
 11
418.93915833333335
 21
201.0911416666669
 31
0.0
  0
LINE
  5
328
330
17
100
AcDbEntity
  8
CUT
100
AcDbLine
 10
421.9395333333333
 20
245.28431944444463
 30
0.0
 11
418.93915833333335
 21
245.28431944444463
 31
0.0
  0
LINE
  5
329
330
17
100
AcDbEntity
  8
CUT
100
AcDbLine
 10
351.86446111111104
 20
258.28665000000024
 30
0.0
 11
341.8628583333334
 21
258.28665000000024
 31
0.0
  0
LINE
  5
32A
330
17
100
AcDbEntity
  8
CUT
100
AcDbLine
 10
408.93720277777777
 20
258.28665000000024
 30
0.0
 11
398.9352472222222
 21
258.28665000000024
 31
0.0
  0
LINE
  5
32B
330
17
100
AcDbEntity
  8
CUT
100
AcDbLine
 10
328.161675
 20
185.16463611111132
 30
0.0
 11
328.161675
 21
188.16536388888912
 31
0.0
  0
LINE
  5
32C
330
17
100
AcDbEntity
  8
CUT
100
AcDbLine
 10
348.1655861111111
 20
188.16536388888912
 30
0.0
 11
348.1655861111111
 21
185.16463611111132
 31
0.0
  0
LINE
  5
32D
330
17
100
AcDbEntity
  8
CUT
100
AcDbLine
 10
328.161675
 20
188.16536388888912
 30
0.0
 11
348.1655861111111
 21
188.16536388888912
 31
0.0
  0
LINE
  5
32E
330
17
100
AcDbEntity
  8
CUT
100
AcDbLine
 10
348.1655861111111
 20
185.16463611111132
 30
0.0
 11
328.161675
 21
185.16463611111132
 31
0.0
  0
LINE
  5
32F
330
17
100
AcDbEntity
  8
CUT
100
AcDbLine
 10
384.8724666666668
 20
206.87528611111134
 30
0.0
 11
384.8724666666668
 21
236.5763527777779
 31
0.0
  0
LINE
  5
330
330
17
100
AcDbEntity
  8
CUT
100
AcDbLine
 10
390.4040222222221
 20
236.5763527777779
 30
0.0
 11
390.4040222222221
 21
239.5770805555557
 31
0.0
  0
LINE
  5
331
330
17
100
AcDbEntity
  8
CUT
100
AcDbLine
 10
393.40475000000004
 20
206.87528611111134
 30
0.0
 11
393.40475000000004
 21
203.8745583333335
 31
0.0
  0
LINE
  5
332
330
17
100
AcDbEntity
  8
CUT
100
AcDbLine
 10
390.4040222222221
 20
203.8745583333335
 30
0.0
 11
390.4040222222221
 21
206.87528611111134
 31
0.0
  0
LINE
  5
333
330
17
100
AcDbEntity
  8
CUT
100
AcDbLine
 10
398.9363055555556
 20
236.5763527777779
 30
0.0
 11
398.9363055555556
 21
206.87528611111134
 31
0.0
  0
LINE
  5
334
330
17
100
AcDbEntity
  8
CUT
100
AcDbLine
 10
393.40475000000004
 20
239.5770805555557
 30
0.0
 11
393.40475000000004
 21
236.5763527777779
 31
0.0
  0
LINE
  5
335
330
17
100
AcDbEntity
  8
CUT
100
AcDbLine
 10
390.4040222222221
 20
239.5770805555557
 30
0.0
 11
393.40475000000004
 21
239.5770805555557
 31
0.0
  0
LINE
  5
336
330
17
100
AcDbEntity
  8
CUT
100
AcDbLine
 10
393.40475000000004
 20
236.5763527777779
 30
0.0
 11
398.9363055555556
 21
236.5763527777779
 31
0.0
  0
LINE
  5
337
330
17
100
AcDbEntity
  8
CUT
100
AcDbLine
 10
384.8724666666668
 20
236.5763527777779
 30
0.0
 11
390.4040222222221
 21
236.5763527777779
 31
0.0
  0
LINE
  5
338
330
17
100
AcDbEntity
  8
CUT
100
AcDbLine
 10
393.40475000000004
 20
203.8745583333335
 30
0.0
 11
390.4040222222221
 21
203.8745583333335
 31
0.0
  0
LINE
  5
339
330
17
100
AcDbEntity
  8
CUT
100
AcDbLine
 10
398.9363055555556
 20
206.87528611111134
 30
0.0
 11
393.40475000000004
 21
206.87528611111134
 31
0.0
  0
LINE
  5
33A
330
17
100
AcDbEntity
  8
CUT
100
AcDbLine
 10
390.4040222222221
 20
206.87528611111134
 30
0.0
 11
384.8724666666668
 21
206.87528611111134
 31
0.0
  0
LINE
  5
33B
330
17
100
AcDbEntity
  8
CUT
100
AcDbLine
 10
345.74306111111116
 20
206.8989222222224
 30
0.0
 11
345.74306111111116
 21
220.20146666666682
 31
0.0
  0
LINE
  5
33C
330
17
100
AcDbEntity
  8
CUT
100
AcDbLine
 10
361.80715
 20
220.20146666666682
 30
0.0
 11
361.80715
 21
206.8989222222224
 31
0.0
  0
LINE
  5
33D
330
17
100
AcDbEntity
  8
CUT
100
AcDbLine
 10
364.8078777777779
 20
223.20219444444461
 30
0.0
 11
364.8078777777779
 21
220.20146666666682
 31
0.0
  0
LINE
  5
33E
330
17
100
AcDbEntity
  8
CUT
100
AcDbLine
 10
361.80715
 20
236.5527166666668
 30
0.0
 11
361.80715
 21
223.20219444444461
 31
0.0
  0
LINE
  5
33F
330
17
100
AcDbEntity
  8
CUT
100
AcDbLine
 10
345.74306111111116
 20
223.20219444444461
 30
0.0
 11
345.74306111111116
 21
236.5527166666668
 31
0.0
  0
LINE
  5
340
330
17
100
AcDbEntity
  8
CUT
100
AcDbLine
 10
342.7423333333333
 20
220.20146666666682
 30
0.0
 11
342.7423333333333
 21
223.20219444444461
 31
0.0
  0
LINE
  5
341
330
17
100
AcDbEntity
  8
CUT
100
AcDbLine
 10
361.80715
 20
206.8989222222224
 30
0.0
 11
345.74306111111116
 21
206.8989222222224
 31
0.0
  0
LINE
  5
342
330
17
100
AcDbEntity
  8
CUT
100
AcDbLine
 10
364.8078777777779
 20
220.20146666666682
 30
0.0
 11
361.80715
 21
220.20146666666682
 31
0.0
  0
LINE
  5
343
330
17
100
AcDbEntity
  8
CUT
100
AcDbLine
 10
345.74306111111116
 20
220.20146666666682
 30
0.0
 11
342.7423333333333
 21
220.20146666666682
 31
0.0
  0
LINE
  5
344
330
17
100
AcDbEntity
  8
CUT
100
AcDbLine
 10
345.74306111111116
 20
236.5527166666668
 30
0.0
 11
361.80715
 21
236.5527166666668
 31
0.0
  0
LINE
  5
345
330
17
100
AcDbEntity
  8
CUT
100
AcDbLine
 10
342.7423333333333
 20
223.20219444444461
 30
0.0
 11
345.74306111111116
 21
223.20219444444461
 31
0.0
  0
LINE
  5
346
330
17
100
AcDbEntity
  8
CUT
100
AcDbLine
 10
361.80715
 20
223.20219444444461
 30
0.0
 11
364.8078777777779
 21
223.20219444444461
 31
0.0
  0
LINE
  5
347
330
17
100
AcDbEntity
  8
CUT
100
AcDbLine
 10
303.8888
 20
258.22103333333354
 30
0.0
 11
303.8888
 21
228.56723888888914
 31
0.0
  0
LINE
  5
348
330
17
100
AcDbEntity
  8
CUT
100
AcDbLine
 10
287.82471111111107
 20
228.56723888888914
 30
0.0
 11
287.82471111111107
 21
258.22103333333354
 31
0.0
  0
LINE
  5
349
330
17
100
AcDbEntity
  8
CUT
100
AcDbLine
 10
287.82471111111107
 20
258.22103333333354
 30
0.0
 11
303.8888
 21
258.22103333333354
 31
0.0
  0
LINE
  5
34A
330
17
100
AcDbEntity
  8
CUT
100
AcDbLine
 10
303.8888
 20
228.56723888888914
 30
0.0
 11
287.82471111111107
 21
228.56723888888914
 31
0.0
  0
LINE
  5
34B
330
17
100
AcDbEntity
  8
CUT
100
AcDbLine
 10
374.3025388888889
 20
167.76281388888913
 30
0.0
 11
371.96221111111106
 21
165.88497777777803
 31
0.0
  0
LINE
  5
34C
330
17
100
AcDbEntity
  8
CUT
100
AcDbLine
 10
371.96221111111106
 20
165.88497777777803
 30
0.0
 11
368.2065388888889
 21
170.56563333333352
 31
0.0
  0
LINE
  5
34D
330
17
100
AcDbEntity
  8
CUT
100
AcDbLine
 10
368.2065388888889
 20
170.56563333333352
 30
0.0
 11
370.5468666666667
 21
172.44346944444462
 31
0.0
  0
LINE
  5
34E
330
17
100
AcDbEntity
  8
CUT
100
AcDbLine
 10
370.5468666666667
 20
172.44346944444462
 30
0.0
 11
374.3025388888889
 21
167.76281388888913
 31
0.0
  0
LINE
  5
34F
330
17
100
AcDbEntity
  8
ENGRAVE
100
AcDbLine
 10
341.81507547712533
 20
158.2893191176605
 30
0.0
 11
344.61503275251596
 21
158.2893191176605
 31
0.0
  0
LINE
  5
350
330
17
100
AcDbEntity
  8
ENGRAVE
100
AcDbLine
 10
344.61503275251596
 20
158.2893191176605
 30
0.0
 11
345.3150220713636
 21
159.68929775535582
 31
0.0
  0
LINE
  5
351
330
17
100
AcDbEntity
  8
ENGRAVE
100
AcDbLine
 10
345.3150220713636
 20
159.68929775535582
 30
0.0
 11
345.3150220713636
 21
163.88923366844176
 31
0.0
  0
LINE
  5
352
330
17
100
AcDbEntity
  8
ENGRAVE
100
AcDbLine
 10
345.3150220713636
 20
163.88923366844176
 30
0.0
 11
344.61503275251596
 21
165.28921230613707
 31
0.0
  0
LINE
  5
353
330
17
100
AcDbEntity
  8
ENGRAVE
100
AcDbLine
 10
344.61503275251596
 20
165.28921230613707
 30
0.0
 11
341.81507547712533
 21
165.28921230613707
 31
0.0
  0
LINE
  5
354
330
17
100
AcDbEntity
  8
ENGRAVE
100
AcDbLine
 10
341.81507547712533
 20
165.28921230613707
 30
0.0
 11
341.1150861582777
 21
163.88923366844176
 31
0.0
  0
LINE
  5
355
330
17
100
AcDbEntity
  8
ENGRAVE
100
AcDbLine
 10
341.1150861582777
 20
163.88923366844176
 30
0.0
 11
341.1150861582777
 21
159.68929775535582
 31
0.0
  0
LINE
  5
356
330
17
100
AcDbEntity
  8
ENGRAVE
100
AcDbLine
 10
341.1150861582777
 20
159.68929775535582
 30
0.0
 11
341.81507547712533
 21
158.2893191176605
 31
0.0
  0
LINE
  5
357
330
17
100
AcDbEntity
  8
ENGRAVE
100
AcDbLine
 10
346.7150007090589
 20
164.58922298728942
 30
0.0
 11
347.4149900279066
 21
165.28921230613707
 31
0.0
  0
LINE
  5
358
330
17
100
AcDbEntity
  8
ENGRAVE
100
AcDbLine
 10
347.4149900279066
 20
165.28921230613707
 30
0.0
 11
350.2149473032972
 21
165.28921230613707
 31
0.0
  0
LINE
  5
359
330
17
100
AcDbEntity
  8
ENGRAVE
100
AcDbLine
 10
350.2149473032972
 20
165.28921230613707
 30
0.0
 11
350.91493662214486
 21
164.58922298728942
 31
0.0
  0
LINE
  5
35A
330
17
100
AcDbEntity
  8
ENGRAVE
100
AcDbLine
 10
350.91493662214486
 20
164.58922298728942
 30
0.0
 11
350.91493662214486
 21
162.90924862205503
 31
0.0
  0
LINE
  5
35B
330
17
100
AcDbEntity
  8
ENGRAVE
100
AcDbLine
 10
350.91493662214486
 20
162.90924862205503
 30
0.0
 11
350.2149473032972
 21
162.20925930320738
 31
0.0
  0
LINE
  5
35C
330
17
100
AcDbEntity
  8
ENGRAVE
100
AcDbLine
 10
350.2149473032972
 20
162.20925930320738
 30
0.0
 11
348.11497934675424
 21
162.20925930320738
 31
0.0
  0
LINE
  5
35D
330
17
100
AcDbEntity
  8
ENGRAVE
100
AcDbLine
 10
350.2149473032972
 20
162.20925930320738
 30
0.0
 11
350.91493662214486
 21
161.50926998435972
 31
0.0
  0
LINE
  5
35E
330
17
100
AcDbEntity
  8
ENGRAVE
100
AcDbLine
 10
350.91493662214486
 20
161.50926998435972
 30
0.0
 11
350.91493662214486
 21
158.98930843650817
 31
0.0
  0
LINE
  5
35F
330
17
100
AcDbEntity
  8
ENGRAVE
100
AcDbLine
 10
350.91493662214486
 20
158.98930843650817
 30
0.0
 11
350.2149473032972
 21
158.2893191176605
 31
0.0
  0
LINE
  5
360
330
17
100
AcDbEntity
  8
ENGRAVE
100
AcDbLine
 10
350.2149473032972
 20
158.2893191176605
 30
0.0
 11
347.4149900279066
 21
158.2893191176605
 31
0.0
  0
LINE
  5
361
330
17
100
AcDbEntity
  8
ENGRAVE
100
AcDbLine
 10
347.4149900279066
 20
158.2893191176605
 30
0.0
 11
346.7150007090589
 21
158.98930843650817
 31
0.0
  0
LINE
  5
362
330
17
100
AcDbEntity
  8
CUT
100
AcDbLine
 10
460.4095749999999
 20
154.5805666666668
 30
0.0
 11
457.71788055555555
 21
153.15816666666683
 31
0.0
  0
LINE
  5
363
330
17
100
AcDbEntity
  8
CUT
100
AcDbLine
 10
460.09031111111125
 20
177.11354166666683
 30
0.0
 11
460.09031111111125
 21
174.1131666666668
 31
0.0
  0
LINE
  5
364
330
17
100
AcDbEntity
  8
CUT
100
AcDbLine
 10
462.39112777777774
 20
144.3150861111112
 30
0.0
 11
465.08211666666665
 21
145.73713333333353
 31
0.0
  0
LINE
  5
365
330
17
100
AcDbEntity
  8
CUT
100
AcDbLine
 10
424.9395333333333
 20
185.16463611111132
 30
0.0
 11
424.9395333333333
 21
177.11354166666683
 31
0.0
  0
LINE
  5
366
330
17
100
AcDbEntity
  8
CUT
100
AcDbLine
 10
481.34270277777784
 20
136.89370000000014
 30
0.0
 11
481.34270277777784
 21
133.89332500000012
 31
0.0
  0
LINE
  5
367
330
17
100
AcDbEntity
  8
CUT
100
AcDbLine
 10
450.08835555555555
 20
174.1131666666668
 30
0.0
 11
460.4095749999999
 21
154.5805666666668
 31
0.0
  0
LINE
  5
368
330
17
100
AcDbEntity
  8
CUT
100
AcDbLine
 10
463.6935833333333
 20
246.56208055555572
 30
0.0
 11
461.07632499999994
 21
248.02963611111133
 31
0.0
  0
LINE
  5
369
330
17
100
AcDbEntity
  8
CUT
100
AcDbLine
 10
538.4150916666666
 20
136.89370000000014
 30
0.0
 11
538.4150916666666
 21
133.89332500000012
 31
0.0
  0
LINE
  5
36A
330
17
100
AcDbEntity
  8
CUT
100
AcDbLine
 10
457.71788055555555
 20
153.15816666666683
 30
0.0
 11
462.39112777777774
 21
144.3150861111112
 31
0.0
  0
LINE
  5
36B
330
17
100
AcDbEntity
  8
CUT
100
AcDbLine
 10
548.4170472222222
 20
133.89332500000012
 30
0.0
 11
548.4170472222222
 21
136.89370000000014
 31
0.0
  0
LINE
  5
36C
330
17
100
AcDbEntity
  8
CUT
100
AcDbLine
 10
427.9402611111111
 20
188.16536388888912
 30
0.0
 11
427.9402611111111
 21
185.16463611111132
 31
0.0
  0
LINE
  5
36D
330
17
100
AcDbEntity
  8
CUT
100
AcDbLine
 10
439.25454999999994
 20
209.11225000000022
 30
0.0
 11
441.87180833333343
 21
207.6446944444446
 31
0.0
  0
LINE
  5
36E
330
17
100
AcDbEntity
  8
CUT
100
AcDbLine
 10
461.07632499999994
 20
248.02963611111133
 30
0.0
 11
456.18470833333333
 21
239.30579444444462
 31
0.0
  0
LINE
  5
36F
330
17
100
AcDbEntity
  8
CUT
100
AcDbLine
 10
558.4190027777778
 20
136.89370000000014
 30
0.0
 11
558.4190027777778
 21
146.8956555555556
 31
0.0
  0
LINE
  5
370
330
17
100
AcDbEntity
  8
CUT
100
AcDbLine
 10
561.4193777777778
 20
146.8956555555556
 30
0.0
 11
561.4193777777778
 21
156.8976111111113
 31
0.0
  0
LINE
  5
371
330
17
100
AcDbEntity
  8
CUT
100
AcDbLine
 10
465.08211666666665
 20
145.73713333333353
 30
0.0
 11
469.755011111111
 21
136.89370000000014
 31
0.0
  0
LINE
  5
372
330
17
100
AcDbEntity
  8
CUT
100
AcDbLine
 10
444.14651944444455
 20
217.83609166666682
 30
0.0
 11
439.25454999999994
 21
209.11225000000022
 31
0.0
  0
LINE
  5
373
330
17
100
AcDbEntity
  8
CUT
100
AcDbLine
 10
458.8016138888888
 20
237.83823888888904
 30
0.0
 11
446.76342500000004
 21
216.3685361111112
 31
0.0
  0
LINE
  5
374
330
17
100
AcDbEntity
  8
CUT
100
AcDbLine
 10
436.9798388888888
 20
198.92050000000023
 30
0.0
 11
442.6630888888888
 21
188.16536388888912
 31
0.0
  0
LINE
  5
375
330
17
100
AcDbEntity
  8
CUT
100
AcDbLine
 10
456.18470833333333
 20
239.30579444444462
 30
0.0
 11
458.8016138888888
 21
237.83823888888904
 31
0.0
  0
LINE
  5
376
330
17
100
AcDbEntity
  8
CUT
100
AcDbLine
 10
446.76342500000004
 20
216.3685361111112
 30
0.0
 11
444.14651944444455
 21
217.83609166666682
 31
0.0
  0
LINE
  5
377
330
17
100
AcDbEntity
  8
CUT
100
AcDbLine
 10
491.3443055555555
 20
133.89332500000012
 30
0.0
 11
491.3443055555555
 21
136.89370000000014
 31
0.0
  0
LINE
  5
378
330
17
100
AcDbEntity
  8
CUT
100
AcDbLine
 10
441.87180833333343
 20
207.6446944444446
 30
0.0
 11
436.9798388888888
 21
198.92050000000023
 31
0.0
  0
LINE
  5
379
330
17
100
AcDbEntity
  8
CUT
100
AcDbLine
 10
538.4150916666666
 20
258.28665000000024
 30
0.0
 11
538.4150916666666
 21
255.28627500000022
 31
0.0
  0
LINE
  5
37A
330
17
100
AcDbEntity
  8
CUT
100
AcDbLine
 10
491.3443055555555
 20
255.28627500000022
 30
0.0
 11
491.3443055555555
 21
258.28665000000024
 31
0.0
  0
LINE
  5
37B
330
17
100
AcDbEntity
  8
CUT
100
AcDbLine
 10
537.5239750000001
 20
161.21455277777793
 30
0.0
 11
537.5239750000001
 21
164.21528055555572
 31
0.0
  0
LINE
  5
37C
330
17
100
AcDbEntity
  8
CUT
100
AcDbLine
 10
558.4190027777778
 20
245.28431944444463
 30
0.0
 11
558.4190027777778
 21
255.28627500000022
 31
0.0
  0
LINE
  5
37D
330
17
100
AcDbEntity
  8
CUT
100
AcDbLine
 10
481.34270277777784
 20
258.28665000000024
 30
0.0
 11
481.34270277777784
 21
255.28627500000022
 31
0.0
  0
LINE
  5
37E
330
17
100
AcDbEntity
  8
CUT
100
AcDbLine
 10
561.4193777777778
 20
235.28236388888902
 30
0.0
 11
561.4193777777778
 21
245.28431944444463
 31
0.0
  0
LINE
  5
37F
330
17
100
AcDbEntity
  8
CUT
100
AcDbLine
 10
468.58519999999993
 20
255.28627500000022
 30
0.0
 11
463.6935833333333
 21
246.56208055555572
 31
0.0
  0
LINE
  5
380
330
17
100
AcDbEntity
  8
CUT
100
AcDbLine
 10
558.4190027777778
 20
201.0911416666669
 30
0.0
 11
558.4190027777778
 21
235.28236388888902
 31
0.0
  0
LINE
  5
381
330
17
100
AcDbEntity
  8
CUT
100
AcDbLine
 10
558.4190027777778
 20
164.21528055555572
 30
0.0
 11
558.4190027777778
 21
185.16463611111132
 31
0.0
  0
LINE
  5
382
330
17
100
AcDbEntity
  8
CUT
100
AcDbLine
 10
537.5239750000001
 20
185.16463611111132
 30
0.0
 11
537.5239750000001
 21
188.16536388888912
 31
0.0
  0
LINE
  5
383
330
17
100
AcDbEntity
  8
CUT
100
AcDbLine
 10
548.4170472222222
 20
255.28627500000022
 30
0.0
 11
548.4170472222222
 21
258.28665000000024
 31
0.0
  0
LINE
  5
384
330
17
100
AcDbEntity
  8
CUT
100
AcDbLine
 10
561.4193777777778
 20
191.08883333333353
 30
0.0
 11
561.4193777777778
 21
201.0911416666669
 31
0.0
  0
LINE
  5
385
330
17
100
AcDbEntity
  8
CUT
100
AcDbLine
 10
558.4190027777778
 20
156.8976111111113
 30
0.0
 11
558.4190027777778
 21
161.21455277777793
 31
0.0
  0
LINE
  5
386
330
17
100
AcDbEntity
  8
CUT
100
AcDbLine
 10
558.4190027777778
 20
188.16536388888912
 30
0.0
 11
558.4190027777778
 21
191.08883333333353
 31
0.0
  0
LINE
  5
387
330
17
100
AcDbEntity
  8
CUT
100
AcDbLine
 10
491.3443055555555
 20
136.89370000000014
 30
0.0
 11
538.4150916666666
 21
136.89370000000014
 31
0.0
  0
LINE
  5
388
330
17
100
AcDbEntity
  8
CUT
100
AcDbLine
 10
548.4170472222222
 20
136.89370000000014
 30
0.0
 11
558.4190027777778
 21
136.89370000000014
 31
0.0
  0
LINE
  5
389
330
17
100
AcDbEntity
  8
CUT
100
AcDbLine
 10
469.755011111111
 20
136.89370000000014
 30
0.0
 11
481.34270277777784
 21
136.89370000000014
 31
0.0
  0
LINE
  5
38A
330
17
100
AcDbEntity
  8
CUT
100
AcDbLine
 10
460.09031111111125
 20
174.1131666666668
 30
0.0
 11
450.08835555555555
 21
174.1131666666668
 31
0.0
  0
LINE
  5
38B
330
17
100
AcDbEntity
  8
CUT
100
AcDbLine
 10
561.4193777777778
 20
156.8976111111113
 30
0.0
 11
558.4190027777778
 21
156.8976111111113
 31
0.0
  0
LINE
  5
38C
330
17
100
AcDbEntity
  8
CUT
100
AcDbLine
 10
538.4150916666666
 20
133.89332500000012
 30
0.0
 11
548.4170472222222
 21
133.89332500000012
 31
0.0
  0
LINE
  5
38D
330
17
100
AcDbEntity
  8
CUT
100
AcDbLine
 10
481.34270277777784
 20
133.89332500000012
 30
0.0
 11
491.3443055555555
 21
133.89332500000012
 31
0.0
  0
LINE
  5
38E
330
17
100
AcDbEntity
  8
CUT
100
AcDbLine
 10
424.9395333333333
 20
177.11354166666683
 30
0.0
 11
460.09031111111125
 21
177.11354166666683
 31
0.0
  0
LINE
  5
38F
330
17
100
AcDbEntity
  8
CUT
100
AcDbLine
 10
442.6630888888888
 20
188.16536388888912
 30
0.0
 11
427.9402611111111
 21
188.16536388888912
 31
0.0
  0
LINE
  5
390
330
17
100
AcDbEntity
  8
CUT
100
AcDbLine
 10
537.5239750000001
 20
188.16536388888912
 30
0.0
 11
558.4190027777778
 21
188.16536388888912
 31
0.0
  0
LINE
  5
391
330
17
100
AcDbEntity
  8
CUT
100
AcDbLine
 10
558.4190027777778
 20
146.8956555555556
 30
0.0
 11
561.4193777777778
 21
146.8956555555556
 31
0.0
  0
LINE
  5
392
330
17
100
AcDbEntity
  8
CUT
100
AcDbLine
 10
427.9402611111111
 20
185.16463611111132
 30
0.0
 11
424.9395333333333
 21
185.16463611111132
 31
0.0
  0
LINE
  5
393
330
17
100
AcDbEntity
  8
CUT
100
AcDbLine
 10
558.4190027777778
 20
185.16463611111132
 30
0.0
 11
537.5239750000001
 21
185.16463611111132
 31
0.0
  0
LINE
  5
394
330
17
100
AcDbEntity
  8
CUT
100
AcDbLine
 10
537.5239750000001
 20
164.21528055555572
 30
0.0
 11
558.4190027777778
 21
164.21528055555572
 31
0.0
  0
LINE
  5
395
330
17
100
AcDbEntity
  8
CUT
100
AcDbLine
 10
558.4190027777778
 20
235.28236388888902
 30
0.0
 11
561.4193777777778
 21
235.28236388888902
 31
0.0
  0
LINE
  5
396
330
17
100
AcDbEntity
  8
CUT
100
AcDbLine
 10
558.4190027777778
 20
161.21455277777793
 30
0.0
 11
537.5239750000001
 21
161.21455277777793
 31
0.0
  0
LINE
  5
397
330
17
100
AcDbEntity
  8
CUT
100
AcDbLine
 10
558.4190027777778
 20
255.28627500000022
 30
0.0
 11
548.4170472222222
 21
255.28627500000022
 31
0.0
  0
LINE
  5
398
330
17
100
AcDbEntity
  8
CUT
100
AcDbLine
 10
538.4150916666666
 20
255.28627500000022
 30
0.0
 11
491.3443055555555
 21
255.28627500000022
 31
0.0
  0
LINE
  5
399
330
17
100
AcDbEntity
  8
CUT
100
AcDbLine
 10
481.34270277777784
 20
255.28627500000022
 30
0.0
 11
468.58519999999993
 21
255.28627500000022
 31
0.0
  0
LINE
  5
39A
330
17
100
AcDbEntity
  8
CUT
100
AcDbLine
 10
558.4190027777778
 20
191.08883333333353
 30
0.0
 11
561.4193777777778
 21
191.08883333333353
 31
0.0
  0
LINE
  5
39B
330
17
100
AcDbEntity
  8
CUT
100
AcDbLine
 10
561.4193777777778
 20
201.0911416666669
 30
0.0
 11
558.4190027777778
 21
201.0911416666669
 31
0.0
  0
LINE
  5
39C
330
17
100
AcDbEntity
  8
CUT
100
AcDbLine
 10
561.4193777777778
 20
245.28431944444463
 30
0.0
 11
558.4190027777778
 21
245.28431944444463
 31
0.0
  0
LINE
  5
39D
330
17
100
AcDbEntity
  8
CUT
100
AcDbLine
 10
491.3443055555555
 20
258.28665000000024
 30
0.0
 11
481.34270277777784
 21
258.28665000000024
 31
0.0
  0
LINE
  5
39E
330
17
100
AcDbEntity
  8
CUT
100
AcDbLine
 10
548.4170472222222
 20
258.28665000000024
 30
0.0
 11
538.4150916666666
 21
258.28665000000024
 31
0.0
  0
LINE
  5
39F
330
17
100
AcDbEntity
  8
CUT
100
AcDbLine
 10
467.64151944444444
 20
185.16463611111132
 30
0.0
 11
467.64151944444444
 21
188.16536388888912
 31
0.0
  0
LINE
  5
3A0
330
17
100
AcDbEntity
  8
CUT
100
AcDbLine
 10
487.64543055555555
 20
188.16536388888912
 30
0.0
 11
487.64543055555555
 21
185.16463611111132
 31
0.0
  0
LINE
  5
3A1
330
17
100
AcDbEntity
  8
CUT
100
AcDbLine
 10
467.64151944444444
 20
188.16536388888912
 30
0.0
 11
487.64543055555555
 21
188.16536388888912
 31
0.0
  0
LINE
  5
3A2
330
17
100
AcDbEntity
  8
CUT
100
AcDbLine
 10
487.64543055555555
 20
185.16463611111132
 30
0.0
 11
467.64151944444444
 21
185.16463611111132
 31
0.0
  0
LINE
  5
3A3
330
17
100
AcDbEntity
  8
CUT
100
AcDbLine
 10
524.3523111111112
 20
206.87528611111134
 30
0.0
 11
524.3523111111112
 21
236.5763527777779
 31
0.0
  0
LINE
  5
3A4
330
17
100
AcDbEntity
  8
CUT
100
AcDbLine
 10
529.8838666666666
 20
236.5763527777779
 30
0.0
 11
529.8838666666666
 21
239.5770805555557
 31
0.0
  0
LINE
  5
3A5
330
17
100
AcDbEntity
  8
CUT
100
AcDbLine
 10
532.8845944444445
 20
206.87528611111134
 30
0.0
 11
532.8845944444445
 21
203.8745583333335
 31
0.0
  0
LINE
  5
3A6
330
17
100
AcDbEntity
  8
CUT
100
AcDbLine
 10
529.8838666666666
 20
203.8745583333335
 30
0.0
 11
529.8838666666666
 21
206.87528611111134
 31
0.0
  0
LINE
  5
3A7
330
17
100
AcDbEntity
  8
CUT
100
AcDbLine
 10
538.41615
 20
236.5763527777779
 30
0.0
 11
538.41615
 21
206.87528611111134
 31
0.0
  0
LINE
  5
3A8
330
17
100
AcDbEntity
  8
CUT
100
AcDbLine
 10
532.8845944444445
 20
239.5770805555557
 30
0.0
 11
532.8845944444445
 21
236.5763527777779
 31
0.0
  0
LINE
  5
3A9
330
17
100
AcDbEntity
  8
CUT
100
AcDbLine
 10
529.8838666666666
 20
239.5770805555557
 30
0.0
 11
532.8845944444445
 21
239.5770805555557
 31
0.0
  0
LINE
  5
3AA
330
17
100
AcDbEntity
  8
CUT
100
AcDbLine
 10
532.8845944444445
 20
236.5763527777779
 30
0.0
 11
538.41615
 21
236.5763527777779
 31
0.0
  0
LINE
  5
3AB
330
17
100
AcDbEntity
  8
CUT
100
AcDbLine
 10
524.3523111111112
 20
236.5763527777779
 30
0.0
 11
529.8838666666666
 21
236.5763527777779
 31
0.0
  0
LINE
  5
3AC
330
17
100
AcDbEntity
  8
CUT
100
AcDbLine
 10
532.8845944444445
 20
203.8745583333335
 30
0.0
 11
529.8838666666666
 21
203.8745583333335
 31
0.0
  0
LINE
  5
3AD
330
17
100
AcDbEntity
  8
CUT
100
AcDbLine
 10
538.41615
 20
206.87528611111134
 30
0.0
 11
532.8845944444445
 21
206.87528611111134
 31
0.0
  0
LINE
  5
3AE
330
17
100
AcDbEntity
  8
CUT
100
AcDbLine
 10
529.8838666666666
 20
206.87528611111134
 30
0.0
 11
524.3523111111112
 21
206.87528611111134
 31
0.0
  0
LINE
  5
3AF
330
17
100
AcDbEntity
  8
CUT
100
AcDbLine
 10
485.2229055555556
 20
206.8989222222224
 30
0.0
 11
485.2229055555556
 21
220.20146666666682
 31
0.0
  0
LINE
  5
3B0
330
17
100
AcDbEntity
  8
CUT
100
AcDbLine
 10
501.2869944444444
 20
220.20146666666682
 30
0.0
 11
501.2869944444444
 21
206.8989222222224
 31
0.0
  0
LINE
  5
3B1
330
17
100
AcDbEntity
  8
CUT
100
AcDbLine
 10
504.2877222222223
 20
223.20219444444461
 30
0.0
 11
504.2877222222223
 21
220.20146666666682
 31
0.0
  0
LINE
  5
3B2
330
17
100
AcDbEntity
  8
CUT
100
AcDbLine
 10
501.2869944444444
 20
236.5527166666668
 30
0.0
 11
501.2869944444444
 21
223.20219444444461
 31
0.0
  0
LINE
  5
3B3
330
17
100
AcDbEntity
  8
CUT
100
AcDbLine
 10
485.2229055555556
 20
223.20219444444461
 30
0.0
 11
485.2229055555556
 21
236.5527166666668
 31
0.0
  0
LINE
  5
3B4
330
17
100
AcDbEntity
  8
CUT
100
AcDbLine
 10
482.22217777777774
 20
220.20146666666682
 30
0.0
 11
482.22217777777774
 21
223.20219444444461
 31
0.0
  0
LINE
  5
3B5
330
17
100
AcDbEntity
  8
CUT
100
AcDbLine
 10
501.2869944444444
 20
206.8989222222224
 30
0.0
 11
485.2229055555556
 21
206.8989222222224
 31
0.0
  0
LINE
  5
3B6
330
17
100
AcDbEntity
  8
CUT
100
AcDbLine
 10
504.2877222222223
 20
220.20146666666682
 30
0.0
 11
501.2869944444444
 21
220.20146666666682
 31
0.0
  0
LINE
  5
3B7
330
17
100
AcDbEntity
  8
CUT
100
AcDbLine
 10
485.2229055555556
 20
220.20146666666682
 30
0.0
 11
482.22217777777774
 21
220.20146666666682
 31
0.0
  0
LINE
  5
3B8
330
17
100
AcDbEntity
  8
CUT
100
AcDbLine
 10
485.2229055555556
 20
236.5527166666668
 30
0.0
 11
501.2869944444444
 21
236.5527166666668
 31
0.0
  0
LINE
  5
3B9
330
17
100
AcDbEntity
  8
CUT
100
AcDbLine
 10
482.22217777777774
 20
223.20219444444461
 30
0.0
 11
485.2229055555556
 21
223.20219444444461
 31
0.0
  0
LINE
  5
3BA
330
17
100
AcDbEntity
  8
CUT
100
AcDbLine
 10
501.2869944444444
 20
223.20219444444461
 30
0.0
 11
504.2877222222223
 21
223.20219444444461
 31
0.0
  0
LINE
  5
3BB
330
17
100
AcDbEntity
  8
CUT
100
AcDbLine
 10
443.36864444444444
 20
258.22103333333354
 30
0.0
 11
443.36864444444444
 21
228.56723888888914
 31
0.0
  0
LINE
  5
3BC
330
17
100
AcDbEntity
  8
CUT
100
AcDbLine
 10
427.3045555555555
 20
228.56723888888914
 30
0.0
 11
427.3045555555555
 21
258.22103333333354
 31
0.0
  0
LINE
  5
3BD
330
17
100
AcDbEntity
  8
CUT
100
AcDbLine
 10
427.3045555555555
 20
258.22103333333354
 30
0.0
 11
443.36864444444444
 21
258.22103333333354
 31
0.0
  0
LINE
  5
3BE
330
17
100
AcDbEntity
  8
CUT
100
AcDbLine
 10
443.36864444444444
 20
228.56723888888914
 30
0.0
 11
427.3045555555555
 21
228.56723888888914
 31
0.0
  0
LINE
  5
3BF
330
17
100
AcDbEntity
  8
CUT
100
AcDbLine
 10
513.7823833333333
 20
167.76281388888913
 30
0.0
 11
511.4420555555555
 21
165.88497777777803
 31
0.0
  0
LINE
  5
3C0
330
17
100
AcDbEntity
  8
CUT
100
AcDbLine
 10
511.4420555555555
 20
165.88497777777803
 30
0.0
 11
507.6863833333333
 21
170.56563333333352
 31
0.0
  0
LINE
  5
3C1
330
17
100
AcDbEntity
  8
CUT
100
AcDbLine
 10
507.6863833333333
 20
170.56563333333352
 30
0.0
 11
510.0267111111111
 21
172.44346944444462
 31
0.0
  0
LINE
  5
3C2
330
17
100
AcDbEntity
  8
CUT
100
AcDbLine
 10
510.0267111111111
 20
172.44346944444462
 30
0.0
 11
513.7823833333333
 21
167.76281388888913
 31
0.0
  0
LINE
  5
3C3
330
17
100
AcDbEntity
  8
ENGRAVE
100
AcDbLine
 10
481.2949199215698
 20
158.2893191176605
 30
0.0
 11
484.0948771969604
 21
158.2893191176605
 31
0.0
  0
LINE
  5
3C4
330
17
100
AcDbEntity
  8
ENGRAVE
100
AcDbLine
 10
484.0948771969604
 20
158.2893191176605
 30
0.0
 11
484.79486651580805
 21
159.68929775535582
 31
0.0
  0
LINE
  5
3C5
330
17
100
AcDbEntity
  8
ENGRAVE
100
AcDbLine
 10
484.79486651580805
 20
159.68929775535582
 30
0.0
 11
484.79486651580805
 21
163.88923366844176
 31
0.0
  0
LINE
  5
3C6
330
17
100
AcDbEntity
  8
ENGRAVE
100
AcDbLine
 10
484.79486651580805
 20
163.88923366844176
 30
0.0
 11
484.0948771969604
 21
165.28921230613707
 31
0.0
  0
LINE
  5
3C7
330
17
100
AcDbEntity
  8
ENGRAVE
100
AcDbLine
 10
484.0948771969604
 20
165.28921230613707
 30
0.0
 11
481.2949199215698
 21
165.28921230613707
 31
0.0
  0
LINE
  5
3C8
330
17
100
AcDbEntity
  8
ENGRAVE
100
AcDbLine
 10
481.2949199215698
 20
165.28921230613707
 30
0.0
 11
480.5949306027221
 21
163.88923366844176
 31
0.0
  0
LINE
  5
3C9
330
17
100
AcDbEntity
  8
ENGRAVE
100
AcDbLine
 10
480.5949306027221
 20
163.88923366844176
 30
0.0
 11
480.5949306027221
 21
159.68929775535582
 31
0.0
  0
LINE
  5
3CA
330
17
100
AcDbEntity
  8
ENGRAVE
100
AcDbLine
 10
480.5949306027221
 20
159.68929775535582
 30
0.0
 11
481.2949199215698
 21
158.2893191176605
 31
0.0
  0
LINE
  5
3CB
330
17
100
AcDbEntity
  8
ENGRAVE
100
AcDbLine
 10
486.19484515350337
 20
164.58922298728942
 30
0.0
 11
486.894834472351
 21
165.28921230613707
 31
0.0
  0
LINE
  5
3CC
330
17
100
AcDbEntity
  8
ENGRAVE
100
AcDbLine
 10
486.894834472351
 20
165.28921230613707
 30
0.0
 11
489.69479174774165
 21
165.28921230613707
 31
0.0
  0
LINE
  5
3CD
330
17
100
AcDbEntity
  8
ENGRAVE
100
AcDbLine
 10
489.69479174774165
 20
165.28921230613707
 30
0.0
 11
490.3947810665893
 21
164.58922298728942
 31
0.0
  0
LINE
  5
3CE
330
17
100
AcDbEntity
  8
ENGRAVE
100
AcDbLine
 10
490.3947810665893
 20
164.58922298728942
 30
0.0
 11
490.3947810665893
 21
162.90924862205503
 31
0.0
  0
LINE
  5
3CF
330
17
100
AcDbEntity
  8
ENGRAVE
100
AcDbLine
 10
490.3947810665893
 20
162.90924862205503
 30
0.0
 11
489.69479174774165
 21
162.20925930320738
 31
0.0
  0
LINE
  5
3D0
330
17
100
AcDbEntity
  8
ENGRAVE
100
AcDbLine
 10
489.69479174774165
 20
162.20925930320738
 30
0.0
 11
487.5948237911987
 21
162.20925930320738
 31
0.0
  0
LINE
  5
3D1
330
17
100
AcDbEntity
  8
ENGRAVE
100
AcDbLine
 10
489.69479174774165
 20
162.20925930320738
 30
0.0
 11
490.3947810665893
 21
161.50926998435972
 31
0.0
  0
LINE
  5
3D2
330
17
100
AcDbEntity
  8
ENGRAVE
100
AcDbLine
 10
490.3947810665893
 20
161.50926998435972
 30
0.0
 11
490.3947810665893
 21
158.98930843650817
 31
0.0
  0
LINE
  5
3D3
330
17
100
AcDbEntity
  8
ENGRAVE
100
AcDbLine
 10
490.3947810665893
 20
158.98930843650817
 30
0.0
 11
489.69479174774165
 21
158.2893191176605
 31
0.0
  0
LINE
  5
3D4
330
17
100
AcDbEntity
  8
ENGRAVE
100
AcDbLine
 10
489.69479174774165
 20
158.2893191176605
 30
0.0
 11
486.894834472351
 21
158.2893191176605
 31
0.0
  0
LINE
  5
3D5
330
17
100
AcDbEntity
  8
ENGRAVE
100
AcDbLine
 10
486.894834472351
 20
158.2893191176605
 30
0.0
 11
486.19484515350337
 21
158.98930843650817
 31
0.0
  0
LINE
  5
3D6
330
17
100
AcDbEntity
  8
CUT
100
AcDbLine
 10
41.97004166666659
 20
281.97389166666693
 30
0.0
 11
39.27834722222224
 21
280.55149166666695
 31
0.0
  0
LINE
  5
3D7
330
17
100
AcDbEntity
  8
CUT
100
AcDbLine
 10
41.65077777777793
 20
304.50686666666695
 30
0.0
 11
41.65077777777793
 21
301.50649166666693
 31
0.0
  0
LINE
  5
3D8
330
17
100
AcDbEntity
  8
CUT
100
AcDbLine
 10
43.951594444444424
 20
271.70841111111133
 30
0.0
 11
46.642583333333334
 21
273.13045833333365
 31
0.0
  0
LINE
  5
3D9
330
17
100
AcDbEntity
  8
CUT
100
AcDbLine
 10
6.5
 20
312.55796111111147
 30
0.0
 11
6.5
 21
304.50686666666695
 31
0.0
  0
LINE
  5
3DA
330
17
100
AcDbEntity
  8
CUT
100
AcDbLine
 10
62.90316944444453
 20
264.28702500000026
 30
0.0
 11
62.90316944444453
 21
261.28665000000024
 31
0.0
  0
LINE
  5
3DB
330
17
100
AcDbEntity
  8
CUT
100
AcDbLine
 10
31.648822222222236
 20
301.50649166666693
 30
0.0
 11
41.97004166666659
 21
281.97389166666693
 31
0.0
  0
LINE
  5
3DC
330
17
100
AcDbEntity
  8
CUT
100
AcDbLine
 10
45.25405000000001
 20
373.95540555555584
 30
0.0
 11
42.636791666666625
 21
375.4229611111115
 31
0.0
  0
LINE
  5
3DD
330
17
100
AcDbEntity
  8
CUT
100
AcDbLine
 10
119.97555833333331
 20
264.28702500000026
 30
0.0
 11
119.97555833333331
 21
261.28665000000024
 31
0.0
  0
LINE
  5
3DE
330
17
100
AcDbEntity
  8
CUT
100
AcDbLine
 10
39.27834722222224
 20
280.55149166666695
 30
0.0
 11
43.951594444444424
 21
271.70841111111133
 31
0.0
  0
LINE
  5
3DF
330
17
100
AcDbEntity
  8
CUT
100
AcDbLine
 10
129.9775138888889
 20
261.28665000000024
 30
0.0
 11
129.9775138888889
 21
264.28702500000026
 31
0.0
  0
LINE
  5
3E0
330
17
100
AcDbEntity
  8
CUT
100
AcDbLine
 10
9.500727777777797
 20
315.55868888888926
 30
0.0
 11
9.500727777777797
 21
312.55796111111147
 31
0.0
  0
LINE
  5
3E1
330
17
100
AcDbEntity
  8
CUT
100
AcDbLine
 10
20.815016666666622
 20
336.50557500000036
 30
0.0
 11
23.432275000000118
 21
335.0380194444447
 31
0.0
  0
LINE
  5
3E2
330
17
100
AcDbEntity
  8
CUT
100
AcDbLine
 10
42.636791666666625
 20
375.4229611111115
 30
0.0
 11
37.74517500000002
 21
366.6991194444447
 31
0.0
  0
LINE
  5
3E3
330
17
100
AcDbEntity
  8
CUT
100
AcDbLine
 10
139.97946944444448
 20
264.28702500000026
 30
0.0
 11
139.97946944444448
 21
274.2889805555557
 31
0.0
  0
LINE
  5
3E4
330
17
100
AcDbEntity
  8
CUT
100
AcDbLine
 10
142.97984444444444
 20
274.2889805555557
 30
0.0
 11
142.97984444444444
 21
284.2909361111114
 31
0.0
  0
LINE
  5
3E5
330
17
100
AcDbEntity
  8
CUT
100
AcDbLine
 10
46.642583333333334
 20
273.13045833333365
 30
0.0
 11
51.31547777777769
 21
264.28702500000026
 31
0.0
  0
LINE
  5
3E6
330
17
100
AcDbEntity
  8
CUT
100
AcDbLine
 10
25.706986111111235
 20
345.2294166666669
 30
0.0
 11
20.815016666666622
 21
336.50557500000036
 31
0.0
  0
LINE
  5
3E7
330
17
100
AcDbEntity
  8
CUT
100
AcDbLine
 10
40.36208055555551
 20
365.2315638888891
 30
0.0
 11
28.323891666666725
 21
343.76186111111133
 31
0.0
  0
LINE
  5
3E8
330
17
100
AcDbEntity
  8
CUT
100
AcDbLine
 10
18.540305555555506
 20
326.31382500000035
 30
0.0
 11
24.223555555555492
 21
315.55868888888926
 31
0.0
  0
LINE
  5
3E9
330
17
100
AcDbEntity
  8
CUT
100
AcDbLine
 10
37.74517500000002
 20
366.6991194444447
 30
0.0
 11
40.36208055555551
 21
365.2315638888891
 31
0.0
  0
LINE
  5
3EA
330
17
100
AcDbEntity
  8
CUT
100
AcDbLine
 10
28.323891666666725
 20
343.76186111111133
 30
0.0
 11
25.706986111111235
 21
345.2294166666669
 31
0.0
  0
LINE
  5
3EB
330
17
100
AcDbEntity
  8
CUT
100
AcDbLine
 10
72.90477222222216
 20
261.28665000000024
 30
0.0
 11
72.90477222222216
 21
264.28702500000026
 31
0.0
  0
LINE
  5
3EC
330
17
100
AcDbEntity
  8
CUT
100
AcDbLine
 10
23.432275000000118
 20
335.0380194444447
 30
0.0
 11
18.540305555555506
 21
326.31382500000035
 31
0.0
  0
LINE
  5
3ED
330
17
100
AcDbEntity
  8
CUT
100
AcDbLine
 10
119.97555833333331
 20
385.67997500000035
 30
0.0
 11
119.97555833333331
 21
382.67960000000033
 31
0.0
  0
LINE
  5
3EE
330
17
100
AcDbEntity
  8
CUT
100
AcDbLine
 10
72.90477222222216
 20
382.67960000000033
 30
0.0
 11
72.90477222222216
 21
385.67997500000035
 31
0.0
  0
LINE
  5
3EF
330
17
100
AcDbEntity
  8
CUT
100
AcDbLine
 10
119.08444166666675
 20
288.60787777777807
 30
0.0
 11
119.08444166666675
 21
291.60860555555587
 31
0.0
  0
LINE
  5
3F0
330
17
100
AcDbEntity
  8
CUT
100
AcDbLine
 10
139.97946944444448
 20
372.67764444444475
 30
0.0
 11
139.97946944444448
 21
382.67960000000033
 31
0.0
  0
LINE
  5
3F1
330
17
100
AcDbEntity
  8
CUT
100
AcDbLine
 10
62.90316944444453
 20
385.67997500000035
 30
0.0
 11
62.90316944444453
 21
382.67960000000033
 31
0.0
  0
LINE
  5
3F2
330
17
100
AcDbEntity
  8
CUT
100
AcDbLine
 10
142.97984444444444
 20
362.6756888888891
 30
0.0
 11
142.97984444444444
 21
372.67764444444475
 31
0.0
  0
LINE
  5
3F3
330
17
100
AcDbEntity
  8
CUT
100
AcDbLine
 10
50.145666666666614
 20
382.67960000000033
 30
0.0
 11
45.25405000000001
 21
373.95540555555584
 31
0.0
  0
LINE
  5
3F4
330
17
100
AcDbEntity
  8
CUT
100
AcDbLine
 10
139.97946944444448
 20
328.484466666667
 30
0.0
 11
139.97946944444448
 21
362.6756888888891
 31
0.0
  0
LINE
  5
3F5
330
17
100
AcDbEntity
  8
CUT
100
AcDbLine
 10
139.97946944444448
 20
291.60860555555587
 30
0.0
 11
139.97946944444448
 21
312.55796111111147
 31
0.0
  0
LINE
  5
3F6
330
17
100
AcDbEntity
  8
CUT
100
AcDbLine
 10
119.08444166666675
 20
312.55796111111147
 30
0.0
 11
119.08444166666675
 21
315.55868888888926
 31
0.0
  0
LINE
  5
3F7
330
17
100
AcDbEntity
  8
CUT
100
AcDbLine
 10
129.9775138888889
 20
382.67960000000033
 30
0.0
 11
129.9775138888889
 21
385.67997500000035
 31
0.0
  0
LINE
  5
3F8
330
17
100
AcDbEntity
  8
CUT
100
AcDbLine
 10
142.97984444444444
 20
318.48215833333364
 30
0.0
 11
142.97984444444444
 21
328.484466666667
 31
0.0
  0
LINE
  5
3F9
330
17
100
AcDbEntity
  8
CUT
100
AcDbLine
 10
139.97946944444448
 20
284.2909361111114
 30
0.0
 11
139.97946944444448
 21
288.60787777777807
 31
0.0
  0
LINE
  5
3FA
330
17
100
AcDbEntity
  8
CUT
100
AcDbLine
 10
139.97946944444448
 20
315.55868888888926
 30
0.0
 11
139.97946944444448
 21
318.48215833333364
 31
0.0
  0
LINE
  5
3FB
330
17
100
AcDbEntity
  8
CUT
100
AcDbLine
 10
72.90477222222216
 20
264.28702500000026
 30
0.0
 11
119.97555833333331
 21
264.28702500000026
 31
0.0
  0
LINE
  5
3FC
330
17
100
AcDbEntity
  8
CUT
100
AcDbLine
 10
129.9775138888889
 20
264.28702500000026
 30
0.0
 11
139.97946944444448
 21
264.28702500000026
 31
0.0
  0
LINE
  5
3FD
330
17
100
AcDbEntity
  8
CUT
100
AcDbLine
 10
51.31547777777769
 20
264.28702500000026
 30
0.0
 11
62.90316944444453
 21
264.28702500000026
 31
0.0
  0
LINE
  5
3FE
330
17
100
AcDbEntity
  8
CUT
100
AcDbLine
 10
41.65077777777793
 20
301.50649166666693
 30
0.0
 11
31.648822222222236
 21
301.50649166666693
 31
0.0
  0
LINE
  5
3FF
330
17
100
AcDbEntity
  8
CUT
100
AcDbLine
 10
142.97984444444444
 20
284.2909361111114
 30
0.0
 11
139.97946944444448
 21
284.2909361111114
 31
0.0
  0
LINE
  5
400
330
17
100
AcDbEntity
  8
CUT
100
AcDbLine
 10
119.97555833333331
 20
261.28665000000024
 30
0.0
 11
129.9775138888889
 21
261.28665000000024
 31
0.0
  0
LINE
  5
401
330
17
100
AcDbEntity
  8
CUT
100
AcDbLine
 10
62.90316944444453
 20
261.28665000000024
 30
0.0
 11
72.90477222222216
 21
261.28665000000024
 31
0.0
  0
LINE
  5
402
330
17
100
AcDbEntity
  8
CUT
100
AcDbLine
 10
6.5
 20
304.50686666666695
 30
0.0
 11
41.65077777777793
 21
304.50686666666695
 31
0.0
  0
LINE
  5
403
330
17
100
AcDbEntity
  8
CUT
100
AcDbLine
 10
24.223555555555492
 20
315.55868888888926
 30
0.0
 11
9.500727777777797
 21
315.55868888888926
 31
0.0
  0
LINE
  5
404
330
17
100
AcDbEntity
  8
CUT
100
AcDbLine
 10
119.08444166666675
 20
315.55868888888926
 30
0.0
 11
139.97946944444448
 21
315.55868888888926
 31
0.0
  0
LINE
  5
405
330
17
100
AcDbEntity
  8
CUT
100
AcDbLine
 10
139.97946944444448
 20
274.2889805555557
 30
0.0
 11
142.97984444444444
 21
274.2889805555557
 31
0.0
  0
LINE
  5
406
330
17
100
AcDbEntity
  8
CUT
100
AcDbLine
 10
9.500727777777797
 20
312.55796111111147
 30
0.0
 11
6.5
 21
312.55796111111147
 31
0.0
  0
LINE
  5
407
330
17
100
AcDbEntity
  8
CUT
100
AcDbLine
 10
139.97946944444448
 20
312.55796111111147
 30
0.0
 11
119.08444166666675
 21
312.55796111111147
 31
0.0
  0
LINE
  5
408
330
17
100
AcDbEntity
  8
CUT
100
AcDbLine
 10
119.08444166666675
 20
291.60860555555587
 30
0.0
 11
139.97946944444448
 21
291.60860555555587
 31
0.0
  0
LINE
  5
409
330
17
100
AcDbEntity
  8
CUT
100
AcDbLine
 10
139.97946944444448
 20
362.6756888888891
 30
0.0
 11
142.97984444444444
 21
362.6756888888891
 31
0.0
  0
LINE
  5
40A
330
17
100
AcDbEntity
  8
CUT
100
AcDbLine
 10
139.97946944444448
 20
288.60787777777807
 30
0.0
 11
119.08444166666675
 21
288.60787777777807
 31
0.0
  0
LINE
  5
40B
330
17
100
AcDbEntity
  8
CUT
100
AcDbLine
 10
139.97946944444448
 20
382.67960000000033
 30
0.0
 11
129.9775138888889
 21
382.67960000000033
 31
0.0
  0
LINE
  5
40C
330
17
100
AcDbEntity
  8
CUT
100
AcDbLine
 10
119.97555833333331
 20
382.67960000000033
 30
0.0
 11
72.90477222222216
 21
382.67960000000033
 31
0.0
  0
LINE
  5
40D
330
17
100
AcDbEntity
  8
CUT
100
AcDbLine
 10
62.90316944444453
 20
382.67960000000033
 30
0.0
 11
50.145666666666614
 21
382.67960000000033
 31
0.0
  0
LINE
  5
40E
330
17
100
AcDbEntity
  8
CUT
100
AcDbLine
 10
139.97946944444448
 20
318.48215833333364
 30
0.0
 11
142.97984444444444
 21
318.48215833333364
 31
0.0
  0
LINE
  5
40F
330
17
100
AcDbEntity
  8
CUT
100
AcDbLine
 10
142.97984444444444
 20
328.484466666667
 30
0.0
 11
139.97946944444448
 21
328.484466666667
 31
0.0
  0
LINE
  5
410
330
17
100
AcDbEntity
  8
CUT
100
AcDbLine
 10
142.97984444444444
 20
372.67764444444475
 30
0.0
 11
139.97946944444448
 21
372.67764444444475
 31
0.0
  0
LINE
  5
411
330
17
100
AcDbEntity
  8
CUT
100
AcDbLine
 10
72.90477222222216
 20
385.67997500000035
 30
0.0
 11
62.90316944444453
 21
385.67997500000035
 31
0.0
  0
LINE
  5
412
330
17
100
AcDbEntity
  8
CUT
100
AcDbLine
 10
129.9775138888889
 20
385.67997500000035
 30
0.0
 11
119.97555833333331
 21
385.67997500000035
 31
0.0
  0
LINE
  5
413
330
17
100
AcDbEntity
  8
CUT
100
AcDbLine
 10
49.201986111111125
 20
312.55796111111147
 30
0.0
 11
49.201986111111125
 21
315.55868888888926
 31
0.0
  0
LINE
  5
414
330
17
100
AcDbEntity
  8
CUT
100
AcDbLine
 10
69.20589722222223
 20
315.55868888888926
 30
0.0
 11
69.20589722222223
 21
312.55796111111147
 31
0.0
  0
LINE
  5
415
330
17
100
AcDbEntity
  8
CUT
100
AcDbLine
 10
49.201986111111125
 20
315.55868888888926
 30
0.0
 11
69.20589722222223
 21
315.55868888888926
 31
0.0
  0
LINE
  5
416
330
17
100
AcDbEntity
  8
CUT
100
AcDbLine
 10
69.20589722222223
 20
312.55796111111147
 30
0.0
 11
49.201986111111125
 21
312.55796111111147
 31
0.0
  0
LINE
  5
417
330
17
100
AcDbEntity
  8
CUT
100
AcDbLine
 10
105.91277777777793
 20
334.26861111111145
 30
0.0
 11
105.91277777777793
 21
363.96967777777803
 31
0.0
  0
LINE
  5
418
330
17
100
AcDbEntity
  8
CUT
100
AcDbLine
 10
111.44433333333325
 20
363.96967777777803
 30
0.0
 11
111.44433333333325
 21
366.9704055555558
 31
0.0
  0
LINE
  5
419
330
17
100
AcDbEntity
  8
CUT
100
AcDbLine
 10
114.44506111111116
 20
334.26861111111145
 30
0.0
 11
114.44506111111116
 21
331.26788333333366
 31
0.0
  0
LINE
  5
41A
330
17
100
AcDbEntity
  8
CUT
100
AcDbLine
 10
111.44433333333325
 20
331.26788333333366
 30
0.0
 11
111.44433333333325
 21
334.26861111111145
 31
0.0
  0
LINE
  5
41B
330
17
100
AcDbEntity
  8
CUT
100
AcDbLine
 10
119.9766166666667
 20
363.96967777777803
 30
0.0
 11
119.9766166666667
 21
334.26861111111145
 31
0.0
  0
LINE
  5
41C
330
17
100
AcDbEntity
  8
CUT
100
AcDbLine
 10
114.44506111111116
 20
366.9704055555558
 30
0.0
 11
114.44506111111116
 21
363.96967777777803
 31
0.0
  0
LINE
  5
41D
330
17
100
AcDbEntity
  8
CUT
100
AcDbLine
 10
111.44433333333325
 20
366.9704055555558
 30
0.0
 11
114.44506111111116
 21
366.9704055555558
 31
0.0
  0
LINE
  5
41E
330
17
100
AcDbEntity
  8
CUT
100
AcDbLine
 10
114.44506111111116
 20
363.96967777777803
 30
0.0
 11
119.9766166666667
 21
363.96967777777803
 31
0.0
  0
LINE
  5
41F
330
17
100
AcDbEntity
  8
CUT
100
AcDbLine
 10
105.91277777777793
 20
363.96967777777803
 30
0.0
 11
111.44433333333325
 21
363.96967777777803
 31
0.0
  0
LINE
  5
420
330
17
100
AcDbEntity
  8
CUT
100
AcDbLine
 10
114.44506111111116
 20
331.26788333333366
 30
0.0
 11
111.44433333333325
 21
331.26788333333366
 31
0.0
  0
LINE
  5
421
330
17
100
AcDbEntity
  8
CUT
100
AcDbLine
 10
119.9766166666667
 20
334.26861111111145
 30
0.0
 11
114.44506111111116
 21
334.26861111111145
 31
0.0
  0
LINE
  5
422
330
17
100
AcDbEntity
  8
CUT
100
AcDbLine
 10
111.44433333333325
 20
334.26861111111145
 30
0.0
 11
105.91277777777793
 21
334.26861111111145
 31
0.0
  0
LINE
  5
423
330
17
100
AcDbEntity
  8
CUT
100
AcDbLine
 10
66.78337222222228
 20
334.2922472222225
 30
0.0
 11
66.78337222222228
 21
347.59479166666694
 31
0.0
  0
LINE
  5
424
330
17
100
AcDbEntity
  8
CUT
100
AcDbLine
 10
82.8474611111111
 20
347.59479166666694
 30
0.0
 11
82.8474611111111
 21
334.2922472222225
 31
0.0
  0
LINE
  5
425
330
17
100
AcDbEntity
  8
CUT
100
AcDbLine
 10
85.84818888888901
 20
350.59551944444473
 30
0.0
 11
85.84818888888901
 21
347.59479166666694
 31
0.0
  0
LINE
  5
426
330
17
100
AcDbEntity
  8
CUT
100
AcDbLine
 10
82.8474611111111
 20
363.94604166666693
 30
0.0
 11
82.8474611111111
 21
350.59551944444473
 31
0.0
  0
LINE
  5
427
330
17
100
AcDbEntity
  8
CUT
100
AcDbLine
 10
66.78337222222228
 20
350.59551944444473
 30
0.0
 11
66.78337222222228
 21
363.94604166666693
 31
0.0
  0
LINE
  5
428
330
17
100
AcDbEntity
  8
CUT
100
AcDbLine
 10
63.78264444444443
 20
347.59479166666694
 30
0.0
 11
63.78264444444443
 21
350.59551944444473
 31
0.0
  0
LINE
  5
429
330
17
100
AcDbEntity
  8
CUT
100
AcDbLine
 10
82.8474611111111
 20
334.2922472222225
 30
0.0
 11
66.78337222222228
 21
334.2922472222225
 31
0.0
  0
LINE
  5
42A
330
17
100
AcDbEntity
  8
CUT
100
AcDbLine
 10
85.84818888888901
 20
347.59479166666694
 30
0.0
 11
82.8474611111111
 21
347.59479166666694
 31
0.0
  0
LINE
  5
42B
330
17
100
AcDbEntity
  8
CUT
100
AcDbLine
 10
66.78337222222228
 20
347.59479166666694
 30
0.0
 11
63.78264444444443
 21
347.59479166666694
 31
0.0
  0
LINE
  5
42C
330
17
100
AcDbEntity
  8
CUT
100
AcDbLine
 10
66.78337222222228
 20
363.94604166666693
 30
0.0
 11
82.8474611111111
 21
363.94604166666693
 31
0.0
  0
LINE
  5
42D
330
17
100
AcDbEntity
  8
CUT
100
AcDbLine
 10
63.78264444444443
 20
350.59551944444473
 30
0.0
 11
66.78337222222228
 21
350.59551944444473
 31
0.0
  0
LINE
  5
42E
330
17
100
AcDbEntity
  8
CUT
100
AcDbLine
 10
82.8474611111111
 20
350.59551944444473
 30
0.0
 11
85.84818888888901
 21
350.59551944444473
 31
0.0
  0
LINE
  5
42F
330
17
100
AcDbEntity
  8
CUT
100
AcDbLine
 10
24.929111111111126
 20
385.61435833333366
 30
0.0
 11
24.929111111111126
 21
355.9605638888893
 31
0.0
  0
LINE
  5
430
330
17
100
AcDbEntity
  8
CUT
100
AcDbLine
 10
8.865022222222194
 20
355.9605638888893
 30
0.0
 11
8.865022222222194
 21
385.61435833333366
 31
0.0
  0
LINE
  5
431
330
17
100
AcDbEntity
  8
CUT
100
AcDbLine
 10
8.865022222222194
 20
385.61435833333366
 30
0.0
 11
24.929111111111126
 21
385.61435833333366
 31
0.0
  0
LINE
  5
432
330
17
100
AcDbEntity
  8
CUT
100
AcDbLine
 10
24.929111111111126
 20
355.9605638888893
 30
0.0
 11
8.865022222222194
 21
355.9605638888893
 31
0.0
  0
LINE
  5
433
330
17
100
AcDbEntity
  8
CUT
100
AcDbLine
 10
95.34285
 20
295.15613888888925
 30
0.0
 11
93.00252222222218
 21
293.27830277777815
 31
0.0
  0
LINE
  5
434
330
17
100
AcDbEntity
  8
CUT
100
AcDbLine
 10
93.00252222222218
 20
293.27830277777815
 30
0.0
 11
89.24685
 21
297.9589583333336
 31
0.0
  0
LINE
  5
435
330
17
100
AcDbEntity
  8
CUT
100
AcDbLine
 10
89.24685
 20
297.9589583333336
 30
0.0
 11
91.58717777777781
 21
299.83679444444476
 31
0.0
  0
LINE
  5
436
330
17
100
AcDbEntity
  8
CUT
100
AcDbLine
 10
91.58717777777781
 20
299.83679444444476
 30
0.0
 11
95.34285
 21
295.15613888888925
 31
0.0
  0
LINE
  5
437
330
17
100
AcDbEntity
  8
ENGRAVE
100
AcDbLine
 10
62.855386588236456
 20
285.68264411766063
 30
0.0
 11
65.65534386362708
 21
285.68264411766063
 31
0.0
  0
LINE
  5
438
330
17
100
AcDbEntity
  8
ENGRAVE
100
AcDbLine
 10
65.65534386362708
 20
285.68264411766063
 30
0.0
 11
66.35533318247474
 21
287.08262275535594
 31
0.0
  0
LINE
  5
439
330
17
100
AcDbEntity
  8
ENGRAVE
100
AcDbLine
 10
66.35533318247474
 20
287.08262275535594
 30
0.0
 11
66.35533318247474
 21
291.2825586684419
 31
0.0
  0
LINE
  5
43A
330
17
100
AcDbEntity
  8
ENGRAVE
100
AcDbLine
 10
66.35533318247474
 20
291.2825586684419
 30
0.0
 11
65.65534386362708
 21
292.6825373061372
 31
0.0
  0
LINE
  5
43B
330
17
100
AcDbEntity
  8
ENGRAVE
100
AcDbLine
 10
65.65534386362708
 20
292.6825373061372
 30
0.0
 11
62.855386588236456
 21
292.6825373061372
 31
0.0
  0
LINE
  5
43C
330
17
100
AcDbEntity
  8
ENGRAVE
100
AcDbLine
 10
62.855386588236456
 20
292.6825373061372
 30
0.0
 11
62.1553972693888
 21
291.2825586684419
 31
0.0
  0
LINE
  5
43D
330
17
100
AcDbEntity
  8
ENGRAVE
100
AcDbLine
 10
62.1553972693888
 20
291.2825586684419
 30
0.0
 11
62.1553972693888
 21
287.08262275535594
 31
0.0
  0
LINE
  5
43E
330
17
100
AcDbEntity
  8
ENGRAVE
100
AcDbLine
 10
62.1553972693888
 20
287.08262275535594
 30
0.0
 11
62.855386588236456
 21
285.68264411766063
 31
0.0
  0
LINE
  5
43F
330
17
100
AcDbEntity
  8
ENGRAVE
100
AcDbLine
 10
67.75531182017005
 20
291.98254798728954
 30
0.0
 11
68.4553011390177
 21
292.6825373061372
 31
0.0
  0
LINE
  5
440
330
17
100
AcDbEntity
  8
ENGRAVE
100
AcDbLine
 10
68.4553011390177
 20
292.6825373061372
 30
0.0
 11
71.25525841440833
 21
292.6825373061372
 31
0.0
  0
LINE
  5
441
330
17
100
AcDbEntity
  8
ENGRAVE
100
AcDbLine
 10
71.25525841440833
 20
292.6825373061372
 30
0.0
 11
71.95524773325599
 21
291.98254798728954
 31
0.0
  0
LINE
  5
442
330
17
100
AcDbEntity
  8
ENGRAVE
100
AcDbLine
 10
71.95524773325599
 20
291.98254798728954
 30
0.0
 11
71.95524773325599
 21
290.30257362205515
 31
0.0
  0
LINE
  5
443
330
17
100
AcDbEntity
  8
ENGRAVE
100
AcDbLine
 10
71.95524773325599
 20
290.30257362205515
 30
0.0
 11
71.25525841440833
 21
289.6025843032075
 31
0.0
  0
LINE
  5
444
330
17
100
AcDbEntity
  8
ENGRAVE
100
AcDbLine
 10
71.25525841440833
 20
289.6025843032075
 30
0.0
 11
69.15529045786536
 21
289.6025843032075
 31
0.0
  0
LINE
  5
445
330
17
100
AcDbEntity
  8
ENGRAVE
100
AcDbLine
 10
71.25525841440833
 20
289.6025843032075
 30
0.0
 11
71.95524773325599
 21
288.90259498435984
 31
0.0
  0
LINE
  5
446
330
17
100
AcDbEntity
  8
ENGRAVE
100
AcDbLine
 10
71.95524773325599
 20
288.90259498435984
 30
0.0
 11
71.95524773325599
 21
286.3826334365083
 31
0.0
  0
LINE
  5
447
330
17
100
AcDbEntity
  8
ENGRAVE
100
AcDbLine
 10
71.95524773325599
 20
286.3826334365083
 30
0.0
 11
71.25525841440833
 21
285.68264411766063
 31
0.0
  0
LINE
  5
448
330
17
100
AcDbEntity
  8
ENGRAVE
100
AcDbLine
 10
71.25525841440833
 20
285.68264411766063
 30
0.0
 11
68.4553011390177
 21
285.68264411766063
 31
0.0
  0
LINE
  5
449
330
17
100
AcDbEntity
  8
ENGRAVE
100
AcDbLine
 10
68.4553011390177
 20
285.68264411766063
 30
0.0
 11
67.75531182017005
 21
286.3826334365083
 31
0.0
  0
LINE
  5
44A
330
17
100
AcDbEntity
  8
CUT
100
AcDbLine
 10
181.44988611111103
 20
281.97389166666693
 30
0.0
 11
178.75819166666668
 21
280.55149166666695
 31
0.0
  0
LINE
  5
44B
330
17
100
AcDbEntity
  8
CUT
100
AcDbLine
 10
181.13062222222237
 20
304.50686666666695
 30
0.0
 11
181.13062222222237
 21
301.50649166666693
 31
0.0
  0
LINE
  5
44C
330
17
100
AcDbEntity
  8
CUT
100
AcDbLine
 10
183.43143888888886
 20
271.70841111111133
 30
0.0
 11
186.12242777777777
 21
273.13045833333365
 31
0.0
  0
LINE
  5
44D
330
17
100
AcDbEntity
  8
CUT
100
AcDbLine
 10
145.97984444444444
 20
312.55796111111147
 30
0.0
 11
145.97984444444444
 21
304.50686666666695
 31
0.0
  0
LINE
  5
44E
330
17
100
AcDbEntity
  8
CUT
100
AcDbLine
 10
202.38301388888897
 20
264.28702500000026
 30
0.0
 11
202.38301388888897
 21
261.28665000000024
 31
0.0
  0
LINE
  5
44F
330
17
100
AcDbEntity
  8
CUT
100
AcDbLine
 10
171.12866666666667
 20
301.50649166666693
 30
0.0
 11
181.44988611111103
 21
281.97389166666693
 31
0.0
  0
LINE
  5
450
330
17
100
AcDbEntity
  8
CUT
100
AcDbLine
 10
184.73389444444445
 20
373.95540555555584
 30
0.0
 11
182.11663611111106
 21
375.4229611111115
 31
0.0
  0
LINE
  5
451
330
17
100
AcDbEntity
  8
CUT
100
AcDbLine
 10
259.45540277777775
 20
264.28702500000026
 30
0.0
 11
259.45540277777775
 21
261.28665000000024
 31
0.0
  0
LINE
  5
452
330
17
100
AcDbEntity
  8
CUT
100
AcDbLine
 10
178.75819166666668
 20
280.55149166666695
 30
0.0
 11
183.43143888888886
 21
271.70841111111133
 31
0.0
  0
LINE
  5
453
330
17
100
AcDbEntity
  8
CUT
100
AcDbLine
 10
269.45735833333333
 20
261.28665000000024
 30
0.0
 11
269.45735833333333
 21
264.28702500000026
 31
0.0
  0
LINE
  5
454
330
17
100
AcDbEntity
  8
CUT
100
AcDbLine
 10
148.98057222222224
 20
315.55868888888926
 30
0.0
 11
148.98057222222224
 21
312.55796111111147
 31
0.0
  0
LINE
  5
455
330
17
100
AcDbEntity
  8
CUT
100
AcDbLine
 10
160.29486111111106
 20
336.50557500000036
 30
0.0
 11
162.91211944444456
 21
335.0380194444447
 31
0.0
  0
LINE
  5
456
330
17
100
AcDbEntity
  8
CUT
100
AcDbLine
 10
182.11663611111106
 20
375.4229611111115
 30
0.0
 11
177.22501944444446
 21
366.6991194444447
 31
0.0
  0
LINE
  5
457
330
17
100
AcDbEntity
  8
CUT
100
AcDbLine
 10
279.4593138888889
 20
264.28702500000026
 30
0.0
 11
279.4593138888889
 21
274.2889805555557
 31
0.0
  0
LINE
  5
458
330
17
100
AcDbEntity
  8
CUT
100
AcDbLine
 10
282.4596888888889
 20
274.2889805555557
 30
0.0
 11
282.4596888888889
 21
284.2909361111114
 31
0.0
  0
LINE
  5
459
330
17
100
AcDbEntity
  8
CUT
100
AcDbLine
 10
186.12242777777777
 20
273.13045833333365
 30
0.0
 11
190.79532222222213
 21
264.28702500000026
 31
0.0
  0
LINE
  5
45A
330
17
100
AcDbEntity
  8
CUT
100
AcDbLine
 10
165.18683055555567
 20
345.2294166666669
 30
0.0
 11
160.29486111111106
 21
336.50557500000036
 31
0.0
  0
LINE
  5
45B
330
17
100
AcDbEntity
  8
CUT
100
AcDbLine
 10
179.84192499999995
 20
365.2315638888891
 30
0.0
 11
167.80373611111116
 21
343.76186111111133
 31
0.0
  0
LINE
  5
45C
330
17
100
AcDbEntity
  8
CUT
100
AcDbLine
 10
158.02014999999994
 20
326.31382500000035
 30
0.0
 11
163.70339999999993
 21
315.55868888888926
 31
0.0
  0
LINE
  5
45D
330
17
100
AcDbEntity
  8
CUT
100
AcDbLine
 10
177.22501944444446
 20
366.6991194444447
 30
0.0
 11
179.84192499999995
 21
365.2315638888891
 31
0.0
  0
LINE
  5
45E
330
17
100
AcDbEntity
  8
CUT
100
AcDbLine
 10
167.80373611111116
 20
343.76186111111133
 30
0.0
 11
165.18683055555567
 21
345.2294166666669
 31
0.0
  0
LINE
  5
45F
330
17
100
AcDbEntity
  8
CUT
100
AcDbLine
 10
212.3846166666666
 20
261.28665000000024
 30
0.0
 11
212.3846166666666
 21
264.28702500000026
 31
0.0
  0
LINE
  5
460
330
17
100
AcDbEntity
  8
CUT
100
AcDbLine
 10
162.91211944444456
 20
335.0380194444447
 30
0.0
 11
158.02014999999994
 21
326.31382500000035
 31
0.0
  0
LINE
  5
461
330
17
100
AcDbEntity
  8
CUT
100
AcDbLine
 10
259.45540277777775
 20
385.67997500000035
 30
0.0
 11
259.45540277777775
 21
382.67960000000033
 31
0.0
  0
LINE
  5
462
330
17
100
AcDbEntity
  8
CUT
100
AcDbLine
 10
212.3846166666666
 20
382.67960000000033
 30
0.0
 11
212.3846166666666
 21
385.67997500000035
 31
0.0
  0
LINE
  5
463
330
17
100
AcDbEntity
  8
CUT
100
AcDbLine
 10
258.5642861111112
 20
288.60787777777807
 30
0.0
 11
258.5642861111112
 21
291.60860555555587
 31
0.0
  0
LINE
  5
464
330
17
100
AcDbEntity
  8
CUT
100
AcDbLine
 10
279.4593138888889
 20
372.67764444444475
 30
0.0
 11
279.4593138888889
 21
382.67960000000033
 31
0.0
  0
LINE
  5
465
330
17
100
AcDbEntity
  8
CUT
100
AcDbLine
 10
202.38301388888897
 20
385.67997500000035
 30
0.0
 11
202.38301388888897
 21
382.67960000000033
 31
0.0
  0
LINE
  5
466
330
17
100
AcDbEntity
  8
CUT
100
AcDbLine
 10
282.4596888888889
 20
362.6756888888891
 30
0.0
 11
282.4596888888889
 21
372.67764444444475
 31
0.0
  0
LINE
  5
467
330
17
100
AcDbEntity
  8
CUT
100
AcDbLine
 10
189.62551111111105
 20
382.67960000000033
 30
0.0
 11
184.73389444444445
 21
373.95540555555584
 31
0.0
  0
LINE
  5
468
330
17
100
AcDbEntity
  8
CUT
100
AcDbLine
 10
279.4593138888889
 20
328.484466666667
 30
0.0
 11
279.4593138888889
 21
362.6756888888891
 31
0.0
  0
LINE
  5
469
330
17
100
AcDbEntity
  8
CUT
100
AcDbLine
 10
279.4593138888889
 20
291.60860555555587
 30
0.0
 11
279.4593138888889
 21
312.55796111111147
 31
0.0
  0
LINE
  5
46A
330
17
100
AcDbEntity
  8
CUT
100
AcDbLine
 10
258.5642861111112
 20
312.55796111111147
 30
0.0
 11
258.5642861111112
 21
315.55868888888926
 31
0.0
  0
LINE
  5
46B
330
17
100
AcDbEntity
  8
CUT
100
AcDbLine
 10
269.45735833333333
 20
382.67960000000033
 30
0.0
 11
269.45735833333333
 21
385.67997500000035
 31
0.0
  0
LINE
  5
46C
330
17
100
AcDbEntity
  8
CUT
100
AcDbLine
 10
282.4596888888889
 20
318.48215833333364
 30
0.0
 11
282.4596888888889
 21
328.484466666667
 31
0.0
  0
LINE
  5
46D
330
17
100
AcDbEntity
  8
CUT
100
AcDbLine
 10
279.4593138888889
 20
284.2909361111114
 30
0.0
 11
279.4593138888889
 21
288.60787777777807
 31
0.0
  0
LINE
  5
46E
330
17
100
AcDbEntity
  8
CUT
100
AcDbLine
 10
279.4593138888889
 20
315.55868888888926
 30
0.0
 11
279.4593138888889
 21
318.48215833333364
 31
0.0
  0
LINE
  5
46F
330
17
100
AcDbEntity
  8
CUT
100
AcDbLine
 10
212.3846166666666
 20
264.28702500000026
 30
0.0
 11
259.45540277777775
 21
264.28702500000026
 31
0.0
  0
LINE
  5
470
330
17
100
AcDbEntity
  8
CUT
100
AcDbLine
 10
269.45735833333333
 20
264.28702500000026
 30
0.0
 11
279.4593138888889
 21
264.28702500000026
 31
0.0
  0
LINE
  5
471
330
17
100
AcDbEntity
  8
CUT
100
AcDbLine
 10
190.79532222222213
 20
264.28702500000026
 30
0.0
 11
202.38301388888897
 21
264.28702500000026
 31
0.0
  0
LINE
  5
472
330
17
100
AcDbEntity
  8
CUT
100
AcDbLine
 10
181.13062222222237
 20
301.50649166666693
 30
0.0
 11
171.12866666666667
 21
301.50649166666693
 31
0.0
  0
LINE
  5
473
330
17
100
AcDbEntity
  8
CUT
100
AcDbLine
 10
282.4596888888889
 20
284.2909361111114
 30
0.0
 11
279.4593138888889
 21
284.2909361111114
 31
0.0
  0
LINE
  5
474
330
17
100
AcDbEntity
  8
CUT
100
AcDbLine
 10
259.45540277777775
 20
261.28665000000024
 30
0.0
 11
269.45735833333333
 21
261.28665000000024
 31
0.0
  0
LINE
  5
475
330
17
100
AcDbEntity
  8
CUT
100
AcDbLine
 10
202.38301388888897
 20
261.28665000000024
 30
0.0
 11
212.3846166666666
 21
261.28665000000024
 31
0.0
  0
LINE
  5
476
330
17
100
AcDbEntity
  8
CUT
100
AcDbLine
 10
145.97984444444444
 20
304.50686666666695
 30
0.0
 11
181.13062222222237
 21
304.50686666666695
 31
0.0
  0
LINE
  5
477
330
17
100
AcDbEntity
  8
CUT
100
AcDbLine
 10
163.70339999999993
 20
315.55868888888926
 30
0.0
 11
148.98057222222224
 21
315.55868888888926
 31
0.0
  0
LINE
  5
478
330
17
100
AcDbEntity
  8
CUT
100
AcDbLine
 10
258.5642861111112
 20
315.55868888888926
 30
0.0
 11
279.4593138888889
 21
315.55868888888926
 31
0.0
  0
LINE
  5
479
330
17
100
AcDbEntity
  8
CUT
100
AcDbLine
 10
279.4593138888889
 20
274.2889805555557
 30
0.0
 11
282.4596888888889
 21
274.2889805555557
 31
0.0
  0
LINE
  5
47A
330
17
100
AcDbEntity
  8
CUT
100
AcDbLine
 10
148.98057222222224
 20
312.55796111111147
 30
0.0
 11
145.97984444444444
 21
312.55796111111147
 31
0.0
  0
LINE
  5
47B
330
17
100
AcDbEntity
  8
CUT
100
AcDbLine
 10
279.4593138888889
 20
312.55796111111147
 30
0.0
 11
258.5642861111112
 21
312.55796111111147
 31
0.0
  0
LINE
  5
47C
330
17
100
AcDbEntity
  8
CUT
100
AcDbLine
 10
258.5642861111112
 20
291.60860555555587
 30
0.0
 11
279.4593138888889
 21
291.60860555555587
 31
0.0
  0
LINE
  5
47D
330
17
100
AcDbEntity
  8
CUT
100
AcDbLine
 10
279.4593138888889
 20
362.6756888888891
 30
0.0
 11
282.4596888888889
 21
362.6756888888891
 31
0.0
  0
LINE
  5
47E
330
17
100
AcDbEntity
  8
CUT
100
AcDbLine
 10
279.4593138888889
 20
288.60787777777807
 30
0.0
 11
258.5642861111112
 21
288.60787777777807
 31
0.0
  0
LINE
  5
47F
330
17
100
AcDbEntity
  8
CUT
100
AcDbLine
 10
279.4593138888889
 20
382.67960000000033
 30
0.0
 11
269.45735833333333
 21
382.67960000000033
 31
0.0
  0
LINE
  5
480
330
17
100
AcDbEntity
  8
CUT
100
AcDbLine
 10
259.45540277777775
 20
382.67960000000033
 30
0.0
 11
212.3846166666666
 21
382.67960000000033
 31
0.0
  0
LINE
  5
481
330
17
100
AcDbEntity
  8
CUT
100
AcDbLine
 10
202.38301388888897
 20
382.67960000000033
 30
0.0
 11
189.62551111111105
 21
382.67960000000033
 31
0.0
  0
LINE
  5
482
330
17
100
AcDbEntity
  8
CUT
100
AcDbLine
 10
279.4593138888889
 20
318.48215833333364
 30
0.0
 11
282.4596888888889
 21
318.48215833333364
 31
0.0
  0
LINE
  5
483
330
17
100
AcDbEntity
  8
CUT
100
AcDbLine
 10
282.4596888888889
 20
328.484466666667
 30
0.0
 11
279.4593138888889
 21
328.484466666667
 31
0.0
  0
LINE
  5
484
330
17
100
AcDbEntity
  8
CUT
100
AcDbLine
 10
282.4596888888889
 20
372.67764444444475
 30
0.0
 11
279.4593138888889
 21
372.67764444444475
 31
0.0
  0
LINE
  5
485
330
17
100
AcDbEntity
  8
CUT
100
AcDbLine
 10
212.3846166666666
 20
385.67997500000035
 30
0.0
 11
202.38301388888897
 21
385.67997500000035
 31
0.0
  0
LINE
  5
486
330
17
100
AcDbEntity
  8
CUT
100
AcDbLine
 10
269.45735833333333
 20
385.67997500000035
 30
0.0
 11
259.45540277777775
 21
385.67997500000035
 31
0.0
  0
LINE
  5
487
330
17
100
AcDbEntity
  8
CUT
100
AcDbLine
 10
188.68183055555556
 20
312.55796111111147
 30
0.0
 11
188.68183055555556
 21
315.55868888888926
 31
0.0
  0
LINE
  5
488
330
17
100
AcDbEntity
  8
CUT
100
AcDbLine
 10
208.68574166666667
 20
315.55868888888926
 30
0.0
 11
208.68574166666667
 21
312.55796111111147
 31
0.0
  0
LINE
  5
489
330
17
100
AcDbEntity
  8
CUT
100
AcDbLine
 10
188.68183055555556
 20
315.55868888888926
 30
0.0
 11
208.68574166666667
 21
315.55868888888926
 31
0.0
  0
LINE
  5
48A
330
17
100
AcDbEntity
  8
CUT
100
AcDbLine
 10
208.68574166666667
 20
312.55796111111147
 30
0.0
 11
188.68183055555556
 21
312.55796111111147
 31
0.0
  0
LINE
  5
48B
330
17
100
AcDbEntity
  8
CUT
100
AcDbLine
 10
245.39262222222237
 20
334.26861111111145
 30
0.0
 11
245.39262222222237
 21
363.96967777777803
 31
0.0
  0
LINE
  5
48C
330
17
100
AcDbEntity
  8
CUT
100
AcDbLine
 10
250.9241777777777
 20
363.96967777777803
 30
0.0
 11
250.9241777777777
 21
366.9704055555558
 31
0.0
  0
LINE
  5
48D
330
17
100
AcDbEntity
  8
CUT
100
AcDbLine
 10
253.9249055555556
 20
334.26861111111145
 30
0.0
 11
253.9249055555556
 21
331.26788333333366
 31
0.0
  0
LINE
  5
48E
330
17
100
AcDbEntity
  8
CUT
100
AcDbLine
 10
250.9241777777777
 20
331.26788333333366
 30
0.0
 11
250.9241777777777
 21
334.26861111111145
 31
0.0
  0
LINE
  5
48F
330
17
100
AcDbEntity
  8
CUT
100
AcDbLine
 10
259.45646111111114
 20
363.96967777777803
 30
0.0
 11
259.45646111111114
 21
334.26861111111145
 31
0.0
  0
LINE
  5
490
330
17
100
AcDbEntity
  8
CUT
100
AcDbLine
 10
253.9249055555556
 20
366.9704055555558
 30
0.0
 11
253.9249055555556
 21
363.96967777777803
 31
0.0
  0
LINE
  5
491
330
17
100
AcDbEntity
  8
CUT
100
AcDbLine
 10
250.9241777777777
 20
366.9704055555558
 30
0.0
 11
253.9249055555556
 21
366.9704055555558
 31
0.0
  0
LINE
  5
492
330
17
100
AcDbEntity
  8
CUT
100
AcDbLine
 10
253.9249055555556
 20
363.96967777777803
 30
0.0
 11
259.45646111111114
 21
363.96967777777803
 31
0.0
  0
LINE
  5
493
330
17
100
AcDbEntity
  8
CUT
100
AcDbLine
 10
245.39262222222237
 20
363.96967777777803
 30
0.0
 11
250.9241777777777
 21
363.96967777777803
 31
0.0
  0
LINE
  5
494
330
17
100
AcDbEntity
  8
CUT
100
AcDbLine
 10
253.9249055555556
 20
331.26788333333366
 30
0.0
 11
250.9241777777777
 21
331.26788333333366
 31
0.0
  0
LINE
  5
495
330
17
100
AcDbEntity
  8
CUT
100
AcDbLine
 10
259.45646111111114
 20
334.26861111111145
 30
0.0
 11
253.9249055555556
 21
334.26861111111145
 31
0.0
  0
LINE
  5
496
330
17
100
AcDbEntity
  8
CUT
100
AcDbLine
 10
250.9241777777777
 20
334.26861111111145
 30
0.0
 11
245.39262222222237
 21
334.26861111111145
 31
0.0
  0
LINE
  5
497
330
17
100
AcDbEntity
  8
CUT
100
AcDbLine
 10
206.26321666666672
 20
334.2922472222225
 30
0.0
 11
206.26321666666672
 21
347.59479166666694
 31
0.0
  0
LINE
  5
498
330
17
100
AcDbEntity
  8
CUT
100
AcDbLine
 10
222.32730555555554
 20
347.59479166666694
 30
0.0
 11
222.32730555555554
 21
334.2922472222225
 31
0.0
  0
LINE
  5
499
330
17
100
AcDbEntity
  8
CUT
100
AcDbLine
 10
225.32803333333345
 20
350.59551944444473
 30
0.0
 11
225.32803333333345
 21
347.59479166666694
 31
0.0
  0
LINE
  5
49A
330
17
100
AcDbEntity
  8
CUT
100
AcDbLine
 10
222.32730555555554
 20
363.94604166666693
 30
0.0
 11
222.32730555555554
 21
350.59551944444473
 31
0.0
  0
LINE
  5
49B
330
17
100
AcDbEntity
  8
CUT
100
AcDbLine
 10
206.26321666666672
 20
350.59551944444473
 30
0.0
 11
206.26321666666672
 21
363.94604166666693
 31
0.0
  0
LINE
  5
49C
330
17
100
AcDbEntity
  8
CUT
100
AcDbLine
 10
203.26248888888887
 20
347.59479166666694
 30
0.0
 11
203.26248888888887
 21
350.59551944444473
 31
0.0
  0
LINE
  5
49D
330
17
100
AcDbEntity
  8
CUT
100
AcDbLine
 10
222.32730555555554
 20
334.2922472222225
 30
0.0
 11
206.26321666666672
 21
334.2922472222225
 31
0.0
  0
LINE
  5
49E
330
17
100
AcDbEntity
  8
CUT
100
AcDbLine
 10
225.32803333333345
 20
347.59479166666694
 30
0.0
 11
222.32730555555554
 21
347.59479166666694
 31
0.0
  0
LINE
  5
49F
330
17
100
AcDbEntity
  8
CUT
100
AcDbLine
 10
206.26321666666672
 20
347.59479166666694
 30
0.0
 11
203.26248888888887
 21
347.59479166666694
 31
0.0
  0
LINE
  5
4A0
330
17
100
AcDbEntity
  8
CUT
100
AcDbLine
 10
206.26321666666672
 20
363.94604166666693
 30
0.0
 11
222.32730555555554
 21
363.94604166666693
 31
0.0
  0
LINE
  5
4A1
330
17
100
AcDbEntity
  8
CUT
100
AcDbLine
 10
203.26248888888887
 20
350.59551944444473
 30
0.0
 11
206.26321666666672
 21
350.59551944444473
 31
0.0
  0
LINE
  5
4A2
330
17
100
AcDbEntity
  8
CUT
100
AcDbLine
 10
222.32730555555554
 20
350.59551944444473
 30
0.0
 11
225.32803333333345
 21
350.59551944444473
 31
0.0
  0
LINE
  5
4A3
330
17
100
AcDbEntity
  8
CUT
100
AcDbLine
 10
164.40895555555556
 20
385.61435833333366
 30
0.0
 11
164.40895555555556
 21
355.9605638888893
 31
0.0
  0
LINE
  5
4A4
330
17
100
AcDbEntity
  8
CUT
100
AcDbLine
 10
148.34486666666663
 20
355.9605638888893
 30
0.0
 11
148.34486666666663
 21
385.61435833333366
 31
0.0
  0
LINE
  5
4A5
330
17
100
AcDbEntity
  8
CUT
100
AcDbLine
 10
148.34486666666663
 20
385.61435833333366
 30
0.0
 11
164.40895555555556
 21
385.61435833333366
 31
0.0
  0
LINE
  5
4A6
330
17
100
AcDbEntity
  8
CUT
100
AcDbLine
 10
164.40895555555556
 20
355.9605638888893
 30
0.0
 11
148.34486666666663
 21
355.9605638888893
 31
0.0
  0
LINE
  5
4A7
330
17
100
AcDbEntity
  8
CUT
100
AcDbLine
 10
234.82269444444444
 20
295.15613888888925
 30
0.0
 11
232.48236666666662
 21
293.27830277777815
 31
0.0
  0
LINE
  5
4A8
330
17
100
AcDbEntity
  8
CUT
100
AcDbLine
 10
232.48236666666662
 20
293.27830277777815
 30
0.0
 11
228.72669444444443
 21
297.9589583333336
 31
0.0
  0
LINE
  5
4A9
330
17
100
AcDbEntity
  8
CUT
100
AcDbLine
 10
228.72669444444443
 20
297.9589583333336
 30
0.0
 11
231.06702222222225
 21
299.83679444444476
 31
0.0
  0
LINE
  5
4AA
330
17
100
AcDbEntity
  8
CUT
100
AcDbLine
 10
231.06702222222225
 20
299.83679444444476
 30
0.0
 11
234.82269444444444
 21
295.15613888888925
 31
0.0
  0
LINE
  5
4AB
330
17
100
AcDbEntity
  8
ENGRAVE
100
AcDbLine
 10
202.3352310326809
 20
285.68264411766063
 30
0.0
 11
205.13518830807152
 21
285.68264411766063
 31
0.0
  0
LINE
  5
4AC
330
17
100
AcDbEntity
  8
ENGRAVE
100
AcDbLine
 10
205.13518830807152
 20
285.68264411766063
 30
0.0
 11
205.83517762691918
 21
287.08262275535594
 31
0.0
  0
LINE
  5
4AD
330
17
100
AcDbEntity
  8
ENGRAVE
100
AcDbLine
 10
205.83517762691918
 20
287.08262275535594
 30
0.0
 11
205.83517762691918
 21
291.2825586684419
 31
0.0
  0
LINE
  5
4AE
330
17
100
AcDbEntity
  8
ENGRAVE
100
AcDbLine
 10
205.83517762691918
 20
291.2825586684419
 30
0.0
 11
205.13518830807152
 21
292.6825373061372
 31
0.0
  0
LINE
  5
4AF
330
17
100
AcDbEntity
  8
ENGRAVE
100
AcDbLine
 10
205.13518830807152
 20
292.6825373061372
 30
0.0
 11
202.3352310326809
 21
292.6825373061372
 31
0.0
  0
LINE
  5
4B0
330
17
100
AcDbEntity
  8
ENGRAVE
100
AcDbLine
 10
202.3352310326809
 20
292.6825373061372
 30
0.0
 11
201.63524171383324
 21
291.2825586684419
 31
0.0
  0
LINE
  5
4B1
330
17
100
AcDbEntity
  8
ENGRAVE
100
AcDbLine
 10
201.63524171383324
 20
291.2825586684419
 30
0.0
 11
201.63524171383324
 21
287.08262275535594
 31
0.0
  0
LINE
  5
4B2
330
17
100
AcDbEntity
  8
ENGRAVE
100
AcDbLine
 10
201.63524171383324
 20
287.08262275535594
 30
0.0
 11
202.3352310326809
 21
285.68264411766063
 31
0.0
  0
LINE
  5
4B3
330
17
100
AcDbEntity
  8
ENGRAVE
100
AcDbLine
 10
207.2351562646145
 20
291.98254798728954
 30
0.0
 11
207.93514558346214
 21
292.6825373061372
 31
0.0
  0
LINE
  5
4B4
330
17
100
AcDbEntity
  8
ENGRAVE
100
AcDbLine
 10
207.93514558346214
 20
292.6825373061372
 30
0.0
 11
210.73510285885277
 21
292.6825373061372
 31
0.0
  0
LINE
  5
4B5
330
17
100
AcDbEntity
  8
ENGRAVE
100
AcDbLine
 10
210.73510285885277
 20
292.6825373061372
 30
0.0
 11
211.43509217770043
 21
291.98254798728954
 31
0.0
  0
LINE
  5
4B6
330
17
100
AcDbEntity
  8
ENGRAVE
100
AcDbLine
 10
211.43509217770043
 20
291.98254798728954
 30
0.0
 11
211.43509217770043
 21
290.30257362205515
 31
0.0
  0
LINE
  5
4B7
330
17
100
AcDbEntity
  8
ENGRAVE
100
AcDbLine
 10
211.43509217770043
 20
290.30257362205515
 30
0.0
 11
210.73510285885277
 21
289.6025843032075
 31
0.0
  0
LINE
  5
4B8
330
17
100
AcDbEntity
  8
ENGRAVE
100
AcDbLine
 10
210.73510285885277
 20
289.6025843032075
 30
0.0
 11
208.6351349023098
 21
289.6025843032075
 31
0.0
  0
LINE
  5
4B9
330
17
100
AcDbEntity
  8
ENGRAVE
100
AcDbLine
 10
210.73510285885277
 20
289.6025843032075
 30
0.0
 11
211.43509217770043
 21
288.90259498435984
 31
0.0
  0
LINE
  5
4BA
330
17
100
AcDbEntity
  8
ENGRAVE
100
AcDbLine
 10
211.43509217770043
 20
288.90259498435984
 30
0.0
 11
211.43509217770043
 21
286.3826334365083
 31
0.0
  0
LINE
  5
4BB
330
17
100
AcDbEntity
  8
ENGRAVE
100
AcDbLine
 10
211.43509217770043
 20
286.3826334365083
 30
0.0
 11
210.73510285885277
 21
285.68264411766063
 31
0.0
  0
LINE
  5
4BC
330
17
100
AcDbEntity
  8
ENGRAVE
100
AcDbLine
 10
210.73510285885277
 20
285.68264411766063
 30
0.0
 11
207.93514558346214
 21
285.68264411766063
 31
0.0
  0
LINE
  5
4BD
330
17
100
AcDbEntity
  8
ENGRAVE
100
AcDbLine
 10
207.93514558346214
 20
285.68264411766063
 30
0.0
 11
207.2351562646145
 21
286.3826334365083
 31
0.0
  0
LINE
  5
4BE
330
17
100
AcDbEntity
  8
CUT
100
AcDbLine
 10
570.4208333333333
 20
107.2790861111112
 30
0.0
 11
569.4203555555555
 21
107.2790861111112
 31
0.0
  0
LINE
  5
4BF
330
17
100
AcDbEntity
  8
CUT
100
AcDbLine
 10
566.6418777777777
 20
36.5541972222223
 30
0.0
 11
565.884111111111
 21
35.93225000000011
 31
0.0
  0
LINE
  5
4C0
330
17
100
AcDbEntity
  8
CUT
100
AcDbLine
 10
565.2625166666667
 20
89.49802777777782
 30
0.0
 11
565.884111111111
 21
88.74026111111121
 31
0.0
  0
LINE
  5
4C1
330
17
100
AcDbEntity
  8
CUT
100
AcDbLine
 10
580.5949444444444
 20
136.9790944444446
 30
0.0
 11
573.4212083333333
 21
136.9790944444446
 31
0.0
  0
LINE
  5
4C2
330
17
100
AcDbEntity
  8
CUT
100
AcDbLine
 10
564.800025
 20
90.3626861111112
 30
0.0
 11
565.2625166666667
 21
89.49802777777782
 31
0.0
  0
LINE
  5
4C3
330
17
100
AcDbEntity
  8
CUT
100
AcDbLine
 10
580.5949444444444
 20
116.9751833333334
 30
0.0
 11
583.5953194444444
 21
116.9751833333334
 31
0.0
  0
LINE
  5
4C4
330
17
100
AcDbEntity
  8
CUT
100
AcDbLine
 10
567.506536111111
 20
37.016336111111215
 30
0.0
 11
566.6418777777777
 21
36.5541972222223
 31
0.0
  0
LINE
  5
4C5
330
17
100
AcDbEntity
  8
CUT
100
AcDbLine
 10
567.506536111111
 20
106.8984388888889
 30
0.0
 11
566.6418777777777
 21
106.4363
 31
0.0
  0
LINE
  5
4C6
330
17
100
AcDbEntity
  8
CUT
100
AcDbLine
 10
573.4212083333333
 20
27.39538055555562
 30
0.0
 11
570.4208333333333
 21
27.39538055555562
 31
0.0
  0
LINE
  5
4C7
330
17
100
AcDbEntity
  8
CUT
100
AcDbLine
 10
565.2625166666667
 20
35.17448333333344
 30
0.0
 11
564.800025
 21
34.309825000000004
 31
0.0
  0
LINE
  5
4C8
330
17
100
AcDbEntity
  8
CUT
100
AcDbLine
 10
583.5953194444444
 20
126.9771388888889
 30
0.0
 11
580.5949444444444
 21
126.9771388888889
 31
0.0
  0
LINE
  5
4C9
330
17
100
AcDbEntity
  8
CUT
100
AcDbLine
 10
568.444925
 20
87.3714833333333
 30
0.0
 11
569.4203555555555
 21
87.275175
 31
0.0
  0
LINE
  5
4CA
330
17
100
AcDbEntity
  8
CUT
100
AcDbLine
 10
570.4208333333333
 20
37.39733611111123
 30
0.0
 11
569.4203555555555
 21
37.39733611111123
 31
0.0
  0
LINE
  5
4CB
330
17
100
AcDbEntity
  8
CUT
100
AcDbLine
 10
569.4203555555555
 20
107.2790861111112
 30
0.0
 11
568.444925
 21
107.1834833333333
 31
0.0
  0
LINE
  5
4CC
330
17
100
AcDbEntity
  8
CUT
100
AcDbLine
 10
583.5953194444444
 20
26.50426388888888
 30
0.0
 11
580.5949444444444
 21
26.50426388888888
 31
0.0
  0
LINE
  5
4CD
330
17
100
AcDbEntity
  8
CUT
100
AcDbLine
 10
566.6418777777777
 20
106.4363
 30
0.0
 11
565.884111111111
 21
105.8147055555556
 31
0.0
  0
LINE
  5
4CE
330
17
100
AcDbEntity
  8
CUT
100
AcDbLine
 10
580.5949444444444
 20
70.081138888889
 30
0.0
 11
583.5953194444444
 21
70.081138888889
 31
0.0
  0
LINE
  5
4CF
330
17
100
AcDbEntity
  8
CUT
100
AcDbLine
 10
565.884111111111
 20
88.74026111111121
 30
0.0
 11
566.6418777777777
 21
88.11831388888902
 31
0.0
  0
LINE
  5
4D0
330
17
100
AcDbEntity
  8
CUT
100
AcDbLine
 10
565.884111111111
 20
105.8147055555556
 30
0.0
 11
565.2625166666667
 21
105.0565861111111
 31
0.0
  0
LINE
  5
4D1
330
17
100
AcDbEntity
  8
CUT
100
AcDbLine
 10
564.800025
 20
104.1922805555556
 30
0.0
 11
564.5153333333334
 21
103.2538916666667
 31
0.0
  0
LINE
  5
4D2
330
17
100
AcDbEntity
  8
CUT
100
AcDbLine
 10
566.6418777777777
 20
88.11831388888902
 30
0.0
 11
567.506536111111
 21
87.65617500000003
 31
0.0
  0
LINE
  5
4D3
330
17
100
AcDbEntity
  8
CUT
100
AcDbLine
 10
573.4212083333333
 20
97.27748333333341
 30
0.0
 11
570.4208333333333
 21
97.27748333333341
 31
0.0
  0
LINE
  5
4D4
330
17
100
AcDbEntity
  8
CUT
100
AcDbLine
 10
567.506536111111
 20
87.65617500000003
 30
0.0
 11
568.444925
 21
87.3714833333333
 31
0.0
  0
LINE
  5
4D5
330
17
100
AcDbEntity
  8
CUT
100
AcDbLine
 10
568.444925
 20
107.1834833333333
 30
0.0
 11
567.506536111111
 21
106.8984388888889
 31
0.0
  0
LINE
  5
4D6
330
17
100
AcDbEntity
  8
CUT
100
AcDbLine
 10
569.4203555555555
 20
37.39733611111123
 30
0.0
 11
568.444925
 21
37.301027777777946
 31
0.0
  0
LINE
  5
4D7
330
17
100
AcDbEntity
  8
CUT
100
AcDbLine
 10
565.884111111111
 20
35.932249999999996
 30
0.0
 11
565.2625166666667
 21
35.17448333333344
 31
0.0
  0
LINE
  5
4D8
330
17
100
AcDbEntity
  8
CUT
100
AcDbLine
 10
564.5153333333334
 20
91.30072222222232
 30
0.0
 11
564.800025
 21
90.3626861111112
 31
0.0
  0
LINE
  5
4D9
330
17
100
AcDbEntity
  8
CUT
100
AcDbLine
 10
564.4193777777778
 20
6.5
 30
0.0
 11
580.5949444444444
 21
6.5
 31
0.0
  0
LINE
  5
4DA
330
17
100
AcDbEntity
  8
CUT
100
AcDbLine
 10
568.444925
 20
37.30102777777782
 30
0.0
 11
567.506536111111
 21
37.0163361111111
 31
0.0
  0
LINE
  5
4DB
330
17
100
AcDbEntity
  8
CUT
100
AcDbLine
 10
565.2625166666667
 20
105.0565861111111
 30
0.0
 11
564.800025
 21
104.1922805555556
 31
0.0
  0
LINE
  5
4DC
330
17
100
AcDbEntity
  8
CUT
100
AcDbLine
 10
569.4203555555555
 20
87.275175
 30
0.0
 11
573.4212083333333
 21
87.275175
 31
0.0
  0
LINE
  5
4DD
330
17
100
AcDbEntity
  8
CUT
100
AcDbLine
 10
583.5953194444444
 20
80.0830944444445
 30
0.0
 11
580.5949444444444
 21
80.0830944444445
 31
0.0
  0
LINE
  5
4DE
330
17
100
AcDbEntity
  8
CUT
100
AcDbLine
 10
580.5949444444444
 20
16.50230833333338
 30
0.0
 11
583.5953194444444
 21
16.50230833333338
 31
0.0
  0
LINE
  5
4DF
330
17
100
AcDbEntity
  8
CUT
100
AcDbLine
 10
564.800025
 20
34.309825000000004
 30
0.0
 11
564.5153333333334
 21
33.371788888888915
 31
0.0
  0
LINE
  5
4E0
330
17
100
AcDbEntity
  8
CUT
100
AcDbLine
 10
573.4212083333333
 20
87.275175
 30
0.0
 11
573.4212083333333
 21
27.39538055555562
 31
0.0
  0
LINE
  5
4E1
330
17
100
AcDbEntity
  8
CUT
100
AcDbLine
 10
573.4212083333333
 20
136.9790944444446
 30
0.0
 11
573.4212083333333
 21
97.27748333333341
 31
0.0
  0
LINE
  5
4E2
330
17
100
AcDbEntity
  8
CUT
100
AcDbLine
 10
580.5949444444444
 20
6.5
 30
0.0
 11
580.5949444444444
 21
16.50230833333338
 31
0.0
  0
LINE
  5
4E3
330
17
100
AcDbEntity
  8
CUT
100
AcDbLine
 10
580.5949444444444
 20
80.0830944444445
 30
0.0
 11
580.5949444444444
 21
116.9751833333334
 31
0.0
  0
LINE
  5
4E4
330
17
100
AcDbEntity
  8
CUT
100
AcDbLine
 10
580.5949444444444
 20
126.9771388888889
 30
0.0
 11
580.5949444444444
 21
136.9790944444446
 31
0.0
  0
LINE
  5
4E5
330
17
100
AcDbEntity
  8
CUT
100
AcDbLine
 10
580.5949444444444
 20
26.50426388888888
 30
0.0
 11
580.5949444444444
 21
70.081138888889
 31
0.0
  0
LINE
  5
4E6
330
17
100
AcDbEntity
  8
CUT
100
AcDbLine
 10
564.4193777777778
 20
32.396005555555604
 30
0.0
 11
564.4193777777778
 21
6.5
 31
0.0
  0
LINE
  5
4E7
330
17
100
AcDbEntity
  8
CUT
100
AcDbLine
 10
564.4193777777778
 20
92.2765055555556
 30
0.0
 11
564.5153333333334
 21
91.30072222222232
 31
0.0
  0
LINE
  5
4E8
330
17
100
AcDbEntity
  8
CUT
100
AcDbLine
 10
564.4193777777778
 20
102.2784611111111
 30
0.0
 11
564.4193777777778
 21
92.2765055555556
 31
0.0
  0
LINE
  5
4E9
330
17
100
AcDbEntity
  8
CUT
100
AcDbLine
 10
570.4208333333333
 20
27.39538055555562
 30
0.0
 11
570.4208333333333
 21
37.39733611111123
 31
0.0
  0
LINE
  5
4EA
330
17
100
AcDbEntity
  8
CUT
100
AcDbLine
 10
570.4208333333333
 20
97.27748333333341
 30
0.0
 11
570.4208333333333
 21
107.2790861111112
 31
0.0
  0
LINE
  5
4EB
330
17
100
AcDbEntity
  8
CUT
100
AcDbLine
 10
564.5153333333334
 20
103.2538916666667
 30
0.0
 11
564.4193777777778
 21
102.2784611111111
 31
0.0
  0
LINE
  5
4EC
330
17
100
AcDbEntity
  8
CUT
100
AcDbLine
 10
564.5153333333334
 20
33.371788888888915
 30
0.0
 11
564.4193777777778
 21
32.396005555555604
 31
0.0
  0
LINE
  5
4ED
330
17
100
AcDbEntity
  8
CUT
100
AcDbLine
 10
583.5953194444444
 20
16.50230833333338
 30
0.0
 11
583.5953194444444
 21
26.50426388888888
 31
0.0
  0
LINE
  5
4EE
330
17
100
AcDbEntity
  8
CUT
100
AcDbLine
 10
583.5953194444444
 20
70.081138888889
 30
0.0
 11
583.5953194444444
 21
80.0830944444445
 31
0.0
  0
LINE
  5
4EF
330
17
100
AcDbEntity
  8
CUT
100
AcDbLine
 10
583.5953194444444
 20
116.9751833333334
 30
0.0
 11
583.5953194444444
 21
126.9771388888889
 31
0.0
  0
LINE
  5
4F0
330
17
100
AcDbEntity
  8
ENGRAVE
100
AcDbLine
 10
571.3179366478023
 20
14.312226451442278
 30
0.0
 11
569.917958010107
 21
15.71220508913759
 31
0.0
  0
LINE
  5
4F1
330
17
100
AcDbEntity
  8
ENGRAVE
100
AcDbLine
 10
569.917958010107
 20
15.71220508913759
 30
0.0
 11
576.9178511985835
 21
15.71220508913759
 31
0.0
  0
LINE
  5
4F2
330
17
100
AcDbEntity
  8
ENGRAVE
100
AcDbLine
 10
576.9178511985835
 20
14.312226451442278
 30
0.0
 11
576.9178511985835
 21
17.112183726832903
 31
0.0
  0
LINE
  5
4F3
330
17
100
AcDbEntity
  8
ENGRAVE
100
AcDbLine
 10
569.917958010107
 20
22.712098277614153
 30
0.0
 11
569.917958010107
 21
20.612130321071184
 31
0.0
  0
LINE
  5
4F4
330
17
100
AcDbEntity
  8
ENGRAVE
100
AcDbLine
 10
569.917958010107
 20
20.612130321071184
 30
0.0
 11
572.01792596665
 21
19.212151683375872
 31
0.0
  0
LINE
  5
4F5
330
17
100
AcDbEntity
  8
ENGRAVE
100
AcDbLine
 10
572.01792596665
 20
19.212151683375872
 30
0.0
 11
575.5178725608882
 21
19.212151683375872
 31
0.0
  0
LINE
  5
4F6
330
17
100
AcDbEntity
  8
ENGRAVE
100
AcDbLine
 10
575.5178725608882
 20
19.212151683375872
 30
0.0
 11
576.9178511985835
 21
19.912141002223528
 31
0.0
  0
LINE
  5
4F7
330
17
100
AcDbEntity
  8
ENGRAVE
100
AcDbLine
 10
576.9178511985835
 20
19.912141002223528
 30
0.0
 11
576.9178511985835
 21
22.712098277614153
 31
0.0
  0
LINE
  5
4F8
330
17
100
AcDbEntity
  8
ENGRAVE
100
AcDbLine
 10
576.9178511985835
 20
22.712098277614153
 30
0.0
 11
575.5178725608882
 21
23.41208759646181
 31
0.0
  0
LINE
  5
4F9
330
17
100
AcDbEntity
  8
ENGRAVE
100
AcDbLine
 10
575.5178725608882
 20
23.41208759646181
 30
0.0
 11
574.4678885826168
 21
23.41208759646181
 31
0.0
  0
LINE
  5
4FA
330
17
100
AcDbEntity
  8
ENGRAVE
100
AcDbLine
 10
574.4678885826168
 20
23.41208759646181
 30
0.0
 11
573.4179046043453
 21
22.712098277614153
 31
0.0
  0
LINE
  5
4FB
330
17
100
AcDbEntity
  8
ENGRAVE
100
AcDbLine
 10
573.4179046043453
 20
22.712098277614153
 30
0.0
 11
573.4179046043453
 21
19.912141002223528
 31
0.0
  0
LINE
  5
4FC
330
17
100
AcDbEntity
  8
ENGRAVE
100
AcDbLine
 10
573.4179046043453
 20
19.912141002223528
 30
0.0
 11
574.4678885826168
 21
19.212151683375872
 31
0.0
  0
LINE
  5
4FD
330
17
100
AcDbEntity
  8
CUT
100
AcDbLine
 10
570.4208333333333
 20
240.75818055555578
 30
0.0
 11
569.4203555555555
 21
240.75818055555578
 31
0.0
  0
LINE
  5
4FE
330
17
100
AcDbEntity
  8
CUT
100
AcDbLine
 10
566.6418777777777
 20
170.0332916666669
 30
0.0
 11
565.884111111111
 21
169.41134444444472
 31
0.0
  0
LINE
  5
4FF
330
17
100
AcDbEntity
  8
CUT
100
AcDbLine
 10
565.2625166666667
 20
222.97712222222242
 30
0.0
 11
565.884111111111
 21
222.2193555555558
 31
0.0
  0
LINE
  5
500
330
17
100
AcDbEntity
  8
CUT
100
AcDbLine
 10
580.5949444444444
 20
270.4581888888892
 30
0.0
 11
573.4212083333333
 21
270.4581888888892
 31
0.0
  0
LINE
  5
501
330
17
100
AcDbEntity
  8
CUT
100
AcDbLine
 10
564.800025
 20
223.8417805555558
 30
0.0
 11
565.2625166666667
 21
222.97712222222242
 31
0.0
  0
LINE
  5
502
330
17
100
AcDbEntity
  8
CUT
100
AcDbLine
 10
580.5949444444444
 20
250.454277777778
 30
0.0
 11
583.5953194444444
 21
250.454277777778
 31
0.0
  0
LINE
  5
503
330
17
100
AcDbEntity
  8
CUT
100
AcDbLine
 10
567.506536111111
 20
170.4954305555558
 30
0.0
 11
566.6418777777777
 21
170.0332916666669
 31
0.0
  0
LINE
  5
504
330
17
100
AcDbEntity
  8
CUT
100
AcDbLine
 10
567.506536111111
 20
240.3775333333335
 30
0.0
 11
566.6418777777777
 21
239.9153944444446
 31
0.0
  0
LINE
  5
505
330
17
100
AcDbEntity
  8
CUT
100
AcDbLine
 10
573.4212083333333
 20
160.87447500000022
 30
0.0
 11
570.4208333333333
 21
160.87447500000022
 31
0.0
  0
LINE
  5
506
330
17
100
AcDbEntity
  8
CUT
100
AcDbLine
 10
565.2625166666667
 20
168.65357777777803
 30
0.0
 11
564.800025
 21
167.78891944444462
 31
0.0
  0
LINE
  5
507
330
17
100
AcDbEntity
  8
CUT
100
AcDbLine
 10
583.5953194444444
 20
260.4562333333335
 30
0.0
 11
580.5949444444444
 21
260.4562333333335
 31
0.0
  0
LINE
  5
508
330
17
100
AcDbEntity
  8
CUT
100
AcDbLine
 10
568.444925
 20
220.85057777777791
 30
0.0
 11
569.4203555555555
 21
220.75426944444462
 31
0.0
  0
LINE
  5
509
330
17
100
AcDbEntity
  8
CUT
100
AcDbLine
 10
570.4208333333333
 20
170.87643055555583
 30
0.0
 11
569.4203555555555
 21
170.87643055555583
 31
0.0
  0
LINE
  5
50A
330
17
100
AcDbEntity
  8
CUT
100
AcDbLine
 10
569.4203555555555
 20
240.75818055555578
 30
0.0
 11
568.444925
 21
240.6625777777779
 31
0.0
  0
LINE
  5
50B
330
17
100
AcDbEntity
  8
CUT
100
AcDbLine
 10
583.5953194444444
 20
159.98335833333348
 30
0.0
 11
580.5949444444444
 21
159.98335833333348
 31
0.0
  0
LINE
  5
50C
330
17
100
AcDbEntity
  8
CUT
100
AcDbLine
 10
566.6418777777777
 20
239.9153944444446
 30
0.0
 11
565.884111111111
 21
239.2938000000002
 31
0.0
  0
LINE
  5
50D
330
17
100
AcDbEntity
  8
CUT
100
AcDbLine
 10
580.5949444444444
 20
203.5602333333336
 30
0.0
 11
583.5953194444444
 21
203.5602333333336
 31
0.0
  0
LINE
  5
50E
330
17
100
AcDbEntity
  8
CUT
100
AcDbLine
 10
565.884111111111
 20
222.2193555555558
 30
0.0
 11
566.6418777777777
 21
221.59740833333362
 31
0.0
  0
LINE
  5
50F
330
17
100
AcDbEntity
  8
CUT
100
AcDbLine
 10
565.884111111111
 20
239.2938000000002
 30
0.0
 11
565.2625166666667
 21
238.5356805555557
 31
0.0
  0
LINE
  5
510
330
17
100
AcDbEntity
  8
CUT
100
AcDbLine
 10
564.800025
 20
237.67137500000018
 30
0.0
 11
564.5153333333334
 21
236.7329861111113
 31
0.0
  0
LINE
  5
511
330
17
100
AcDbEntity
  8
CUT
100
AcDbLine
 10
566.6418777777777
 20
221.59740833333362
 30
0.0
 11
567.506536111111
 21
221.13526944444465
 31
0.0
  0
LINE
  5
512
330
17
100
AcDbEntity
  8
CUT
100
AcDbLine
 10
573.4212083333333
 20
230.756577777778
 30
0.0
 11
570.4208333333333
 21
230.756577777778
 31
0.0
  0
LINE
  5
513
330
17
100
AcDbEntity
  8
CUT
100
AcDbLine
 10
567.506536111111
 20
221.13526944444465
 30
0.0
 11
568.444925
 21
220.85057777777791
 31
0.0
  0
LINE
  5
514
330
17
100
AcDbEntity
  8
CUT
100
AcDbLine
 10
568.444925
 20
240.6625777777779
 30
0.0
 11
567.506536111111
 21
240.3775333333335
 31
0.0
  0
LINE
  5
515
330
17
100
AcDbEntity
  8
CUT
100
AcDbLine
 10
569.4203555555555
 20
170.87643055555583
 30
0.0
 11
568.444925
 21
170.78012222222253
 31
0.0
  0
LINE
  5
516
330
17
100
AcDbEntity
  8
CUT
100
AcDbLine
 10
565.884111111111
 20
169.41134444444458
 30
0.0
 11
565.2625166666667
 21
168.65357777777803
 31
0.0
  0
LINE
  5
517
330
17
100
AcDbEntity
  8
CUT
100
AcDbLine
 10
564.5153333333334
 20
224.77981666666693
 30
0.0
 11
564.800025
 21
223.8417805555558
 31
0.0
  0
LINE
  5
518
330
17
100
AcDbEntity
  8
CUT
100
AcDbLine
 10
564.4193777777778
 20
139.9790944444446
 30
0.0
 11
580.5949444444444
 21
139.9790944444446
 31
0.0
  0
LINE
  5
519
330
17
100
AcDbEntity
  8
CUT
100
AcDbLine
 10
568.444925
 20
170.78012222222242
 30
0.0
 11
567.506536111111
 21
170.49543055555569
 31
0.0
  0
LINE
  5
51A
330
17
100
AcDbEntity
  8
CUT
100
AcDbLine
 10
565.2625166666667
 20
238.5356805555557
 30
0.0
 11
564.800025
 21
237.67137500000018
 31
0.0
  0
LINE
  5
51B
330
17
100
AcDbEntity
  8
CUT
100
AcDbLine
 10
569.4203555555555
 20
220.75426944444462
 30
0.0
 11
573.4212083333333
 21
220.75426944444462
 31
0.0
  0
LINE
  5
51C
330
17
100
AcDbEntity
  8
CUT
100
AcDbLine
 10
583.5953194444444
 20
213.5621888888891
 30
0.0
 11
580.5949444444444
 21
213.5621888888891
 31
0.0
  0
LINE
  5
51D
330
17
100
AcDbEntity
  8
CUT
100
AcDbLine
 10
580.5949444444444
 20
149.981402777778
 30
0.0
 11
583.5953194444444
 21
149.981402777778
 31
0.0
  0
LINE
  5
51E
330
17
100
AcDbEntity
  8
CUT
100
AcDbLine
 10
564.800025
 20
167.78891944444462
 30
0.0
 11
564.5153333333334
 21
166.8508833333335
 31
0.0
  0
LINE
  5
51F
330
17
100
AcDbEntity
  8
CUT
100
AcDbLine
 10
573.4212083333333
 20
220.75426944444462
 30
0.0
 11
573.4212083333333
 21
160.87447500000022
 31
0.0
  0
LINE
  5
520
330
17
100
AcDbEntity
  8
CUT
100
AcDbLine
 10
573.4212083333333
 20
270.4581888888892
 30
0.0
 11
573.4212083333333
 21
230.756577777778
 31
0.0
  0
LINE
  5
521
330
17
100
AcDbEntity
  8
CUT
100
AcDbLine
 10
580.5949444444444
 20
139.9790944444446
 30
0.0
 11
580.5949444444444
 21
149.981402777778
 31
0.0
  0
LINE
  5
522
330
17
100
AcDbEntity
  8
CUT
100
AcDbLine
 10
580.5949444444444
 20
213.5621888888891
 30
0.0
 11
580.5949444444444
 21
250.454277777778
 31
0.0
  0
LINE
  5
523
330
17
100
AcDbEntity
  8
CUT
100
AcDbLine
 10
580.5949444444444
 20
260.4562333333335
 30
0.0
 11
580.5949444444444
 21
270.4581888888892
 31
0.0
  0
LINE
  5
524
330
17
100
AcDbEntity
  8
CUT
100
AcDbLine
 10
580.5949444444444
 20
159.98335833333348
 30
0.0
 11
580.5949444444444
 21
203.5602333333336
 31
0.0
  0
LINE
  5
525
330
17
100
AcDbEntity
  8
CUT
100
AcDbLine
 10
564.4193777777778
 20
165.8751000000002
 30
0.0
 11
564.4193777777778
 21
139.9790944444446
 31
0.0
  0
LINE
  5
526
330
17
100
AcDbEntity
  8
CUT
100
AcDbLine
 10
564.4193777777778
 20
225.7556000000002
 30
0.0
 11
564.5153333333334
 21
224.77981666666693
 31
0.0
  0
LINE
  5
527
330
17
100
AcDbEntity
  8
CUT
100
AcDbLine
 10
564.4193777777778
 20
235.7575555555557
 30
0.0
 11
564.4193777777778
 21
225.7556000000002
 31
0.0
  0
LINE
  5
528
330
17
100
AcDbEntity
  8
CUT
100
AcDbLine
 10
570.4208333333333
 20
160.87447500000022
 30
0.0
 11
570.4208333333333
 21
170.87643055555583
 31
0.0
  0
LINE
  5
529
330
17
100
AcDbEntity
  8
CUT
100
AcDbLine
 10
570.4208333333333
 20
230.756577777778
 30
0.0
 11
570.4208333333333
 21
240.75818055555578
 31
0.0
  0
LINE
  5
52A
330
17
100
AcDbEntity
  8
CUT
100
AcDbLine
 10
564.5153333333334
 20
236.7329861111113
 30
0.0
 11
564.4193777777778
 21
235.7575555555557
 31
0.0
  0
LINE
  5
52B
330
17
100
AcDbEntity
  8
CUT
100
AcDbLine
 10
564.5153333333334
 20
166.8508833333335
 30
0.0
 11
564.4193777777778
 21
165.8751000000002
 31
0.0
  0
LINE
  5
52C
330
17
100
AcDbEntity
  8
CUT
100
AcDbLine
 10
583.5953194444444
 20
149.981402777778
 30
0.0
 11
583.5953194444444
 21
159.98335833333348
 31
0.0
  0
LINE
  5
52D
330
17
100
AcDbEntity
  8
CUT
100
AcDbLine
 10
583.5953194444444
 20
203.5602333333336
 30
0.0
 11
583.5953194444444
 21
213.5621888888891
 31
0.0
  0
LINE
  5
52E
330
17
100
AcDbEntity
  8
CUT
100
AcDbLine
 10
583.5953194444444
 20
250.454277777778
 30
0.0
 11
583.5953194444444
 21
260.4562333333335
 31
0.0
  0
LINE
  5
52F
330
17
100
AcDbEntity
  8
ENGRAVE
100
AcDbLine
 10
571.3179366478023
 20
147.79132089588688
 30
0.0
 11
569.917958010107
 21
149.1912995335822
 31
0.0
  0
LINE
  5
530
330
17
100
AcDbEntity
  8
ENGRAVE
100
AcDbLine
 10
569.917958010107
 20
149.1912995335822
 30
0.0
 11
576.9178511985835
 21
149.1912995335822
 31
0.0
  0
LINE
  5
531
330
17
100
AcDbEntity
  8
ENGRAVE
100
AcDbLine
 10
576.9178511985835
 20
147.79132089588688
 30
0.0
 11
576.9178511985835
 21
150.5912781712775
 31
0.0
  0
LINE
  5
532
330
17
100
AcDbEntity
  8
ENGRAVE
100
AcDbLine
 10
569.917958010107
 20
156.19119272205876
 30
0.0
 11
569.917958010107
 21
154.0912247655158
 31
0.0
  0
LINE
  5
533
330
17
100
AcDbEntity
  8
ENGRAVE
100
AcDbLine
 10
569.917958010107
 20
154.0912247655158
 30
0.0
 11
572.01792596665
 21
152.69124612782048
 31
0.0
  0
LINE
  5
534
330
17
100
AcDbEntity
  8
ENGRAVE
100
AcDbLine
 10
572.01792596665
 20
152.69124612782048
 30
0.0
 11
575.5178725608882
 21
152.69124612782048
 31
0.0
  0
LINE
  5
535
330
17
100
AcDbEntity
  8
ENGRAVE
100
AcDbLine
 10
575.5178725608882
 20
152.69124612782048
 30
0.0
 11
576.9178511985835
 21
153.39123544666813
 31
0.0
  0
LINE
  5
536
330
17
100
AcDbEntity
  8
ENGRAVE
100
AcDbLine
 10
576.9178511985835
 20
153.39123544666813
 30
0.0
 11
576.9178511985835
 21
156.19119272205876
 31
0.0
  0
LINE
  5
537
330
17
100
AcDbEntity
  8
ENGRAVE
100
AcDbLine
 10
576.9178511985835
 20
156.19119272205876
 30
0.0
 11
575.5178725608882
 21
156.89118204090641
 31
0.0
  0
LINE
  5
538
330
17
100
AcDbEntity
  8
ENGRAVE
100
AcDbLine
 10
575.5178725608882
 20
156.89118204090641
 30
0.0
 11
574.4678885826168
 21
156.89118204090641
 31
0.0
  0
LINE
  5
539
330
17
100
AcDbEntity
  8
ENGRAVE
100
AcDbLine
 10
574.4678885826168
 20
156.89118204090641
 30
0.0
 11
573.4179046043453
 21
156.19119272205876
 31
0.0
  0
LINE
  5
53A
330
17
100
AcDbEntity
  8
ENGRAVE
100
AcDbLine
 10
573.4179046043453
 20
156.19119272205876
 30
0.0
 11
573.4179046043453
 21
153.39123544666813
 31
0.0
  0
LINE
  5
53B
330
17
100
AcDbEntity
  8
ENGRAVE
100
AcDbLine
 10
573.4179046043453
 20
153.39123544666813
 30
0.0
 11
574.4678885826168
 21
152.69124612782048
 31
0.0
  0
LINE
  5
53C
330
17
100
AcDbEntity
  8
CUT
100
AcDbLine
 10
391.51386111111105
 20
289.66938611111135
 30
0.0
 11
391.51386111111105
 21
281.29020833333374
 31
0.0
  0
LINE
  5
53D
330
17
100
AcDbEntity
  8
CUT
100
AcDbLine
 10
391.51386111111105
 20
315.33220555555584
 30
0.0
 11
391.51386111111105
 21
299.67134166666705
 31
0.0
  0
LINE
  5
53E
330
17
100
AcDbEntity
  8
CUT
100
AcDbLine
 10
391.51386111111105
 20
335.33576388888923
 30
0.0
 11
391.51386111111105
 21
325.33380833333376
 31
0.0
  0
LINE
  5
53F
330
17
100
AcDbEntity
  8
CUT
100
AcDbLine
 10
394.51458888888897
 20
281.29020833333374
 30
0.0
 11
394.51458888888897
 21
271.28825277777804
 31
0.0
  0
LINE
  5
540
330
17
100
AcDbEntity
  8
CUT
100
AcDbLine
 10
394.51458888888897
 20
325.33380833333376
 30
0.0
 11
394.51458888888897
 21
315.33220555555584
 31
0.0
  0
LINE
  5
541
330
17
100
AcDbEntity
  8
CUT
100
AcDbLine
 10
394.51458888888897
 20
299.67134166666705
 30
0.0
 11
394.51458888888897
 21
289.66938611111135
 31
0.0
  0
LINE
  5
542
330
17
100
AcDbEntity
  8
CUT
100
AcDbLine
 10
285.4596888888889
 20
261.28665000000024
 30
0.0
 11
285.4596888888889
 21
335.33576388888923
 31
0.0
  0
LINE
  5
543
330
17
100
AcDbEntity
  8
CUT
100
AcDbLine
 10
294.4615194444444
 20
261.28665000000024
 30
0.0
 11
294.4615194444444
 21
296.3993277777781
 31
0.0
  0
LINE
  5
544
330
17
100
AcDbEntity
  8
CUT
100
AcDbLine
 10
391.51386111111105
 20
271.28825277777804
 30
0.0
 11
391.51386111111105
 21
261.28665000000024
 31
0.0
  0
LINE
  5
545
330
17
100
AcDbEntity
  8
CUT
100
AcDbLine
 10
291.46114444444447
 20
296.3993277777781
 30
0.0
 11
291.46114444444447
 21
261.28665000000024
 31
0.0
  0
LINE
  5
546
330
17
100
AcDbEntity
  8
CUT
100
AcDbLine
 10
294.4615194444444
 20
296.3993277777781
 30
0.0
 11
291.46114444444447
 21
296.3993277777781
 31
0.0
  0
LINE
  5
547
330
17
100
AcDbEntity
  8
CUT
100
AcDbLine
 10
391.51386111111105
 20
261.28665000000024
 30
0.0
 11
294.4615194444444
 21
261.28665000000024
 31
0.0
  0
LINE
  5
548
330
17
100
AcDbEntity
  8
CUT
100
AcDbLine
 10
291.46114444444447
 20
261.28665000000024
 30
0.0
 11
285.4596888888889
 21
261.28665000000024
 31
0.0
  0
LINE
  5
549
330
17
100
AcDbEntity
  8
CUT
100
AcDbLine
 10
391.51386111111105
 20
299.67134166666705
 30
0.0
 11
394.51458888888897
 21
299.67134166666705
 31
0.0
  0
LINE
  5
54A
330
17
100
AcDbEntity
  8
CUT
100
AcDbLine
 10
394.51458888888897
 20
289.66938611111135
 30
0.0
 11
391.51386111111105
 21
289.66938611111135
 31
0.0
  0
LINE
  5
54B
330
17
100
AcDbEntity
  8
CUT
100
AcDbLine
 10
391.51386111111105
 20
325.33380833333376
 30
0.0
 11
394.51458888888897
 21
325.33380833333376
 31
0.0
  0
LINE
  5
54C
330
17
100
AcDbEntity
  8
CUT
100
AcDbLine
 10
394.51458888888897
 20
315.33220555555584
 30
0.0
 11
391.51386111111105
 21
315.33220555555584
 31
0.0
  0
LINE
  5
54D
330
17
100
AcDbEntity
  8
CUT
100
AcDbLine
 10
391.51386111111105
 20
281.29020833333374
 30
0.0
 11
394.51458888888897
 21
281.29020833333374
 31
0.0
  0
LINE
  5
54E
330
17
100
AcDbEntity
  8
CUT
100
AcDbLine
 10
394.51458888888897
 20
271.28825277777804
 30
0.0
 11
391.51386111111105
 21
271.28825277777804
 31
0.0
  0
LINE
  5
54F
330
17
100
AcDbEntity
  8
CUT
100
AcDbLine
 10
285.4596888888889
 20
335.33576388888923
 30
0.0
 11
391.51386111111094
 21
335.33576388888923
 31
0.0
  0
LINE
  5
550
330
17
100
AcDbEntity
  8
CUT
100
AcDbLine
 10
335.9534777777778
 20
278.35968333333363
 30
0.0
 11
337.15009999999995
 21
281.1109972222226
 31
0.0
  0
LINE
  5
551
330
17
100
AcDbEntity
  8
CUT
100
AcDbLine
 10
328.61569999999995
 20
281.54985277777814
 30
0.0
 11
335.9534777777778
 21
278.35968333333363
 31
0.0
  0
LINE
  5
552
330
17
100
AcDbEntity
  8
CUT
100
AcDbLine
 10
337.15009999999995
 20
281.1109972222226
 30
0.0
 11
329.81196944444434
 21
284.301519444445
 31
0.0
  0
LINE
  5
553
330
17
100
AcDbEntity
  8
CUT
100
AcDbLine
 10
329.81196944444434
 20
284.301519444445
 30
0.0
 11
328.61569999999995
 21
281.54985277777814
 31
0.0
  0
LINE
  5
554
330
17
100
AcDbEntity
  8
CUT
100
AcDbLine
 10
309.13742777777776
 20
290.01863611111133
 30
0.0
 11
310.33404999999993
 21
292.77030277777817
 31
0.0
  0
LINE
  5
555
330
17
100
AcDbEntity
  8
CUT
100
AcDbLine
 10
310.33404999999993
 20
292.77030277777817
 30
0.0
 11
302.9959194444444
 21
295.9608250000002
 31
0.0
  0
LINE
  5
556
330
17
100
AcDbEntity
  8
CUT
100
AcDbLine
 10
302.9959194444444
 20
295.9608250000002
 30
0.0
 11
301.79964999999993
 21
293.20915833333373
 31
0.0
  0
LINE
  5
557
330
17
100
AcDbEntity
  8
CUT
100
AcDbLine
 10
301.79964999999993
 20
293.20915833333373
 30
0.0
 11
309.13742777777776
 21
290.01863611111133
 31
0.0
  0
LINE
  5
558
330
17
100
AcDbEntity
  8
CUT
100
AcDbLine
 10
380.61091111111114
 20
290.3544805555559
 30
0.0
 11
387.9490416666665
 21
293.54500277777817
 31
0.0
  0
LINE
  5
559
330
17
100
AcDbEntity
  8
CUT
100
AcDbLine
 10
386.7524194444444
 20
296.29666944444483
 30
0.0
 11
379.4146416666666
 21
293.10614722222255
 31
0.0
  0
LINE
  5
55A
330
17
100
AcDbEntity
  8
CUT
100
AcDbLine
 10
379.4146416666666
 20
293.10614722222255
 30
0.0
 11
380.61091111111114
 21
290.3544805555559
 31
0.0
  0
LINE
  5
55B
330
17
100
AcDbEntity
  8
CUT
100
AcDbLine
 10
387.9490416666665
 20
293.54500277777817
 30
0.0
 11
386.7524194444444
 21
296.29666944444483
 31
0.0
  0
LINE
  5
55C
330
17
100
AcDbEntity
  8
CUT
100
AcDbLine
 10
360.36040833333317
 20
281.54985277777814
 30
0.0
 11
359.16378611111094
 21
284.301519444445
 31
0.0
  0
LINE
  5
55D
330
17
100
AcDbEntity
  8
CUT
100
AcDbLine
 10
353.02227777777773
 20
278.35968333333363
 30
0.0
 11
360.36040833333317
 21
281.54985277777814
 31
0.0
  0
LINE
  5
55E
330
17
100
AcDbEntity
  8
CUT
100
AcDbLine
 10
351.8260083333333
 20
281.1109972222226
 30
0.0
 11
353.02227777777773
 21
278.35968333333363
 31
0.0
  0
LINE
  5
55F
330
17
100
AcDbEntity
  8
CUT
100
AcDbLine
 10
359.16378611111094
 20
284.301519444445
 30
0.0
 11
351.8260083333333
 21
281.1109972222226
 31
0.0
  0
LINE
  5
560
330
17
100
AcDbEntity
  8
CUT
100
AcDbLine
 10
353.4699527777777
 20
273.46736111111136
 30
0.0
 11
353.4699527777777
 21
267.49977222222265
 31
0.0
  0
LINE
  5
561
330
17
100
AcDbEntity
  8
CUT
100
AcDbLine
 10
387.51300833333323
 20
267.49977222222265
 30
0.0
 11
387.51300833333323
 21
273.46736111111136
 31
0.0
  0
LINE
  5
562
330
17
100
AcDbEntity
  8
CUT
100
AcDbLine
 10
371.9918444444444
 20
264.49904444444485
 30
0.0
 11
371.9918444444444
 21
267.49977222222265
 31
0.0
  0
LINE
  5
563
330
17
100
AcDbEntity
  8
CUT
100
AcDbLine
 10
368.99111666666664
 20
276.4677361111114
 30
0.0
 11
368.99111666666664
 21
273.46736111111136
 31
0.0
  0
LINE
  5
564
330
17
100
AcDbEntity
  8
CUT
100
AcDbLine
 10
368.99111666666664
 20
267.49977222222265
 30
0.0
 11
368.99111666666664
 21
264.49904444444485
 31
0.0
  0
LINE
  5
565
330
17
100
AcDbEntity
  8
CUT
100
AcDbLine
 10
371.9918444444444
 20
273.46736111111136
 30
0.0
 11
371.9918444444444
 21
276.4677361111114
 31
0.0
  0
LINE
  5
566
330
17
100
AcDbEntity
  8
CUT
100
AcDbLine
 10
371.9918444444444
 20
267.49977222222265
 30
0.0
 11
387.51300833333323
 21
267.49977222222265
 31
0.0
  0
LINE
  5
567
330
17
100
AcDbEntity
  8
CUT
100
AcDbLine
 10
353.4699527777777
 20
267.49977222222265
 30
0.0
 11
368.99111666666664
 21
267.49977222222265
 31
0.0
  0
LINE
  5
568
330
17
100
AcDbEntity
  8
CUT
100
AcDbLine
 10
387.51300833333323
 20
273.46736111111136
 30
0.0
 11
371.9918444444444
 21
273.46736111111136
 31
0.0
  0
LINE
  5
569
330
17
100
AcDbEntity
  8
CUT
100
AcDbLine
 10
368.99111666666664
 20
273.46736111111136
 30
0.0
 11
353.4699527777777
 21
273.46736111111136
 31
0.0
  0
LINE
  5
56A
330
17
100
AcDbEntity
  8
CUT
100
AcDbLine
 10
368.99111666666664
 20
264.49904444444485
 30
0.0
 11
371.9918444444444
 21
264.49904444444485
 31
0.0
  0
LINE
  5
56B
330
17
100
AcDbEntity
  8
CUT
100
AcDbLine
 10
371.9918444444444
 20
276.4677361111114
 30
0.0
 11
368.99111666666664
 21
276.4677361111114
 31
0.0
  0
LINE
  5
56C
330
17
100
AcDbEntity
  8
ENGRAVE
100
AcDbLine
 10
340.3749080251713
 20
304.66778261328136
 30
0.0
 11
343.1748653005619
 21
304.66778261328136
 31
0.0
  0
LINE
  5
56D
330
17
100
AcDbEntity
  8
ENGRAVE
100
AcDbLine
 10
343.1748653005619
 20
304.66778261328136
 30
0.0
 11
343.8748546194096
 21
306.0677612509767
 31
0.0
  0
LINE
  5
56E
330
17
100
AcDbEntity
  8
ENGRAVE
100
AcDbLine
 10
343.8748546194096
 20
306.0677612509767
 30
0.0
 11
343.8748546194096
 21
310.2676971640626
 31
0.0
  0
LINE
  5
56F
330
17
100
AcDbEntity
  8
ENGRAVE
100
AcDbLine
 10
343.8748546194096
 20
310.2676971640626
 30
0.0
 11
343.1748653005619
 21
311.6676758017579
 31
0.0
  0
LINE
  5
570
330
17
100
AcDbEntity
  8
ENGRAVE
100
AcDbLine
 10
343.1748653005619
 20
311.6676758017579
 30
0.0
 11
340.3749080251713
 21
311.6676758017579
 31
0.0
  0
LINE
  5
571
330
17
100
AcDbEntity
  8
ENGRAVE
100
AcDbLine
 10
340.3749080251713
 20
311.6676758017579
 30
0.0
 11
339.67491870632364
 21
310.2676971640626
 31
0.0
  0
LINE
  5
572
330
17
100
AcDbEntity
  8
ENGRAVE
100
AcDbLine
 10
339.67491870632364
 20
310.2676971640626
 30
0.0
 11
339.67491870632364
 21
306.0677612509767
 31
0.0
  0
LINE
  5
573
330
17
100
AcDbEntity
  8
ENGRAVE
100
AcDbLine
 10
339.67491870632364
 20
306.0677612509767
 30
0.0
 11
340.3749080251713
 21
304.66778261328136
 31
0.0
  0
LINE
  5
574
330
17
100
AcDbEntity
  8
ENGRAVE
100
AcDbLine
 10
346.6748118948002
 20
308.16772920751964
 30
0.0
 11
345.97482257595254
 21
308.7277206625978
 31
0.0
  0
LINE
  5
575
330
17
100
AcDbEntity
  8
ENGRAVE
100
AcDbLine
 10
345.97482257595254
 20
308.7277206625978
 30
0.0
 11
345.97482257595254
 21
310.96768648291027
 31
0.0
  0
LINE
  5
576
330
17
100
AcDbEntity
  8
ENGRAVE
100
AcDbLine
 10
345.97482257595254
 20
310.96768648291027
 30
0.0
 11
346.6748118948002
 21
311.6676758017579
 31
0.0
  0
LINE
  5
577
330
17
100
AcDbEntity
  8
ENGRAVE
100
AcDbLine
 10
346.6748118948002
 20
311.6676758017579
 30
0.0
 11
348.0747905324955
 21
311.6676758017579
 31
0.0
  0
LINE
  5
578
330
17
100
AcDbEntity
  8
ENGRAVE
100
AcDbLine
 10
348.0747905324955
 20
311.6676758017579
 30
0.0
 11
348.77477985134317
 21
310.96768648291027
 31
0.0
  0
LINE
  5
579
330
17
100
AcDbEntity
  8
ENGRAVE
100
AcDbLine
 10
348.77477985134317
 20
310.96768648291027
 30
0.0
 11
348.77477985134317
 21
308.7277206625978
 31
0.0
  0
LINE
  5
57A
330
17
100
AcDbEntity
  8
ENGRAVE
100
AcDbLine
 10
348.77477985134317
 20
308.7277206625978
 30
0.0
 11
348.0747905324955
 21
308.16772920751964
 31
0.0
  0
LINE
  5
57B
330
17
100
AcDbEntity
  8
ENGRAVE
100
AcDbLine
 10
348.0747905324955
 20
308.16772920751964
 30
0.0
 11
346.6748118948002
 21
308.16772920751964
 31
0.0
  0
LINE
  5
57C
330
17
100
AcDbEntity
  8
ENGRAVE
100
AcDbLine
 10
346.6748118948002
 20
308.16772920751964
 30
0.0
 11
345.7648257802982
 21
307.467739888672
 31
0.0
  0
LINE
  5
57D
330
17
100
AcDbEntity
  8
ENGRAVE
100
AcDbLine
 10
345.7648257802982
 20
307.467739888672
 30
0.0
 11
345.7648257802982
 21
305.367771932129
 31
0.0
  0
LINE
  5
57E
330
17
100
AcDbEntity
  8
ENGRAVE
100
AcDbLine
 10
345.7648257802982
 20
305.367771932129
 30
0.0
 11
346.6748118948002
 21
304.66778261328136
 31
0.0
  0
LINE
  5
57F
330
17
100
AcDbEntity
  8
ENGRAVE
100
AcDbLine
 10
346.6748118948002
 20
304.66778261328136
 30
0.0
 11
348.0747905324955
 21
304.66778261328136
 31
0.0
  0
LINE
  5
580
330
17
100
AcDbEntity
  8
ENGRAVE
100
AcDbLine
 10
348.0747905324955
 20
304.66778261328136
 30
0.0
 11
348.9847766469975
 21
305.367771932129
 31
0.0
  0
LINE
  5
581
330
17
100
AcDbEntity
  8
ENGRAVE
100
AcDbLine
 10
348.9847766469975
 20
305.367771932129
 30
0.0
 11
348.9847766469975
 21
307.467739888672
 31
0.0
  0
LINE
  5
582
330
17
100
AcDbEntity
  8
ENGRAVE
100
AcDbLine
 10
348.9847766469975
 20
307.467739888672
 30
0.0
 11
348.0747905324955
 21
308.16772920751964
 31
0.0
  0
LINE
  5
583
330
17
100
AcDbEntity
  8
CUT
100
AcDbLine
 10
503.56876111111114
 20
289.66938611111135
 30
0.0
 11
503.56876111111114
 21
281.29020833333374
 31
0.0
  0
LINE
  5
584
330
17
100
AcDbEntity
  8
CUT
100
AcDbLine
 10
503.56876111111114
 20
315.33220555555584
 30
0.0
 11
503.56876111111114
 21
299.67134166666705
 31
0.0
  0
LINE
  5
585
330
17
100
AcDbEntity
  8
CUT
100
AcDbLine
 10
503.56876111111114
 20
335.33576388888923
 30
0.0
 11
503.56876111111114
 21
325.33380833333376
 31
0.0
  0
LINE
  5
586
330
17
100
AcDbEntity
  8
CUT
100
AcDbLine
 10
506.56948888888905
 20
281.29020833333374
 30
0.0
 11
506.56948888888905
 21
271.28825277777804
 31
0.0
  0
LINE
  5
587
330
17
100
AcDbEntity
  8
CUT
100
AcDbLine
 10
506.56948888888905
 20
325.33380833333376
 30
0.0
 11
506.56948888888905
 21
315.33220555555584
 31
0.0
  0
LINE
  5
588
330
17
100
AcDbEntity
  8
CUT
100
AcDbLine
 10
506.56948888888905
 20
299.67134166666705
 30
0.0
 11
506.56948888888905
 21
289.66938611111135
 31
0.0
  0
LINE
  5
589
330
17
100
AcDbEntity
  8
CUT
100
AcDbLine
 10
397.51458888888897
 20
261.28665000000024
 30
0.0
 11
397.51458888888897
 21
335.33576388888923
 31
0.0
  0
LINE
  5
58A
330
17
100
AcDbEntity
  8
CUT
100
AcDbLine
 10
406.51641944444447
 20
261.28665000000024
 30
0.0
 11
406.51641944444447
 21
296.3993277777781
 31
0.0
  0
LINE
  5
58B
330
17
100
AcDbEntity
  8
CUT
100
AcDbLine
 10
503.56876111111114
 20
271.28825277777804
 30
0.0
 11
503.56876111111114
 21
261.28665000000024
 31
0.0
  0
LINE
  5
58C
330
17
100
AcDbEntity
  8
CUT
100
AcDbLine
 10
403.51604444444456
 20
296.3993277777781
 30
0.0
 11
403.51604444444456
 21
261.28665000000024
 31
0.0
  0
LINE
  5
58D
330
17
100
AcDbEntity
  8
CUT
100
AcDbLine
 10
406.51641944444447
 20
296.3993277777781
 30
0.0
 11
403.51604444444456
 21
296.3993277777781
 31
0.0
  0
LINE
  5
58E
330
17
100
AcDbEntity
  8
CUT
100
AcDbLine
 10
503.56876111111114
 20
261.28665000000024
 30
0.0
 11
406.51641944444447
 21
261.28665000000024
 31
0.0
  0
LINE
  5
58F
330
17
100
AcDbEntity
  8
CUT
100
AcDbLine
 10
403.51604444444456
 20
261.28665000000024
 30
0.0
 11
397.51458888888897
 21
261.28665000000024
 31
0.0
  0
LINE
  5
590
330
17
100
AcDbEntity
  8
CUT
100
AcDbLine
 10
503.56876111111114
 20
299.67134166666705
 30
0.0
 11
506.56948888888905
 21
299.67134166666705
 31
0.0
  0
LINE
  5
591
330
17
100
AcDbEntity
  8
CUT
100
AcDbLine
 10
506.56948888888905
 20
289.66938611111135
 30
0.0
 11
503.56876111111114
 21
289.66938611111135
 31
0.0
  0
LINE
  5
592
330
17
100
AcDbEntity
  8
CUT
100
AcDbLine
 10
503.56876111111114
 20
325.33380833333376
 30
0.0
 11
506.56948888888905
 21
325.33380833333376
 31
0.0
  0
LINE
  5
593
330
17
100
AcDbEntity
  8
CUT
100
AcDbLine
 10
506.56948888888905
 20
315.33220555555584
 30
0.0
 11
503.56876111111114
 21
315.33220555555584
 31
0.0
  0
LINE
  5
594
330
17
100
AcDbEntity
  8
CUT
100
AcDbLine
 10
503.56876111111114
 20
281.29020833333374
 30
0.0
 11
506.56948888888905
 21
281.29020833333374
 31
0.0
  0
LINE
  5
595
330
17
100
AcDbEntity
  8
CUT
100
AcDbLine
 10
506.56948888888905
 20
271.28825277777804
 30
0.0
 11
503.56876111111114
 21
271.28825277777804
 31
0.0
  0
LINE
  5
596
330
17
100
AcDbEntity
  8
CUT
100
AcDbLine
 10
397.51458888888897
 20
335.33576388888923
 30
0.0
 11
503.56876111111103
 21
335.33576388888923
 31
0.0
  0
LINE
  5
597
330
17
100
AcDbEntity
  8
CUT
100
AcDbLine
 10
448.00837777777787
 20
278.35968333333363
 30
0.0
 11
449.20500000000004
 21
281.1109972222226
 31
0.0
  0
LINE
  5
598
330
17
100
AcDbEntity
  8
CUT
100
AcDbLine
 10
440.67060000000004
 20
281.54985277777814
 30
0.0
 11
448.00837777777787
 21
278.35968333333363
 31
0.0
  0
LINE
  5
599
330
17
100
AcDbEntity
  8
CUT
100
AcDbLine
 10
449.20500000000004
 20
281.1109972222226
 30
0.0
 11
441.86686944444443
 21
284.301519444445
 31
0.0
  0
LINE
  5
59A
330
17
100
AcDbEntity
  8
CUT
100
AcDbLine
 10
441.86686944444443
 20
284.301519444445
 30
0.0
 11
440.67060000000004
 21
281.54985277777814
 31
0.0
  0
LINE
  5
59B
330
17
100
AcDbEntity
  8
CUT
100
AcDbLine
 10
421.19232777777785
 20
290.01863611111133
 30
0.0
 11
422.38895
 21
292.77030277777817
 31
0.0
  0
LINE
  5
59C
330
17
100
AcDbEntity
  8
CUT
100
AcDbLine
 10
422.38895
 20
292.77030277777817
 30
0.0
 11
415.05081944444447
 21
295.9608250000002
 31
0.0
  0
LINE
  5
59D
330
17
100
AcDbEntity
  8
CUT
100
AcDbLine
 10
415.05081944444447
 20
295.9608250000002
 30
0.0
 11
413.85455
 21
293.20915833333373
 31
0.0
  0
LINE
  5
59E
330
17
100
AcDbEntity
  8
CUT
100
AcDbLine
 10
413.85455
 20
293.20915833333373
 30
0.0
 11
421.19232777777785
 21
290.01863611111133
 31
0.0
  0
LINE
  5
59F
330
17
100
AcDbEntity
  8
CUT
100
AcDbLine
 10
492.6658111111112
 20
290.3544805555559
 30
0.0
 11
500.0039416666666
 21
293.54500277777817
 31
0.0
  0
LINE
  5
5A0
330
17
100
AcDbEntity
  8
CUT
100
AcDbLine
 10
498.8073194444445
 20
296.29666944444483
 30
0.0
 11
491.4695416666667
 21
293.10614722222255
 31
0.0
  0
LINE
  5
5A1
330
17
100
AcDbEntity
  8
CUT
100
AcDbLine
 10
491.4695416666667
 20
293.10614722222255
 30
0.0
 11
492.6658111111112
 21
290.3544805555559
 31
0.0
  0
LINE
  5
5A2
330
17
100
AcDbEntity
  8
CUT
100
AcDbLine
 10
500.0039416666666
 20
293.54500277777817
 30
0.0
 11
498.8073194444445
 21
296.29666944444483
 31
0.0
  0
LINE
  5
5A3
330
17
100
AcDbEntity
  8
CUT
100
AcDbLine
 10
472.41530833333326
 20
281.54985277777814
 30
0.0
 11
471.218686111111
 21
284.301519444445
 31
0.0
  0
LINE
  5
5A4
330
17
100
AcDbEntity
  8
CUT
100
AcDbLine
 10
465.0771777777778
 20
278.35968333333363
 30
0.0
 11
472.41530833333326
 21
281.54985277777814
 31
0.0
  0
LINE
  5
5A5
330
17
100
AcDbEntity
  8
CUT
100
AcDbLine
 10
463.88090833333337
 20
281.1109972222226
 30
0.0
 11
465.0771777777778
 21
278.35968333333363
 31
0.0
  0
LINE
  5
5A6
330
17
100
AcDbEntity
  8
CUT
100
AcDbLine
 10
471.218686111111
 20
284.301519444445
 30
0.0
 11
463.88090833333337
 21
281.1109972222226
 31
0.0
  0
LINE
  5
5A7
330
17
100
AcDbEntity
  8
CUT
100
AcDbLine
 10
465.52485277777777
 20
273.46736111111136
 30
0.0
 11
465.52485277777777
 21
267.49977222222265
 31
0.0
  0
LINE
  5
5A8
330
17
100
AcDbEntity
  8
CUT
100
AcDbLine
 10
499.5679083333333
 20
267.49977222222265
 30
0.0
 11
499.5679083333333
 21
273.46736111111136
 31
0.0
  0
LINE
  5
5A9
330
17
100
AcDbEntity
  8
CUT
100
AcDbLine
 10
484.04674444444447
 20
264.49904444444485
 30
0.0
 11
484.04674444444447
 21
267.49977222222265
 31
0.0
  0
LINE
  5
5AA
330
17
100
AcDbEntity
  8
CUT
100
AcDbLine
 10
481.04601666666673
 20
276.4677361111114
 30
0.0
 11
481.04601666666673
 21
273.46736111111136
 31
0.0
  0
LINE
  5
5AB
330
17
100
AcDbEntity
  8
CUT
100
AcDbLine
 10
481.04601666666673
 20
267.49977222222265
 30
0.0
 11
481.04601666666673
 21
264.49904444444485
 31
0.0
  0
LINE
  5
5AC
330
17
100
AcDbEntity
  8
CUT
100
AcDbLine
 10
484.04674444444447
 20
273.46736111111136
 30
0.0
 11
484.04674444444447
 21
276.4677361111114
 31
0.0
  0
LINE
  5
5AD
330
17
100
AcDbEntity
  8
CUT
100
AcDbLine
 10
484.04674444444447
 20
267.49977222222265
 30
0.0
 11
499.5679083333333
 21
267.49977222222265
 31
0.0
  0
LINE
  5
5AE
330
17
100
AcDbEntity
  8
CUT
100
AcDbLine
 10
465.52485277777777
 20
267.49977222222265
 30
0.0
 11
481.04601666666673
 21
267.49977222222265
 31
0.0
  0
LINE
  5
5AF
330
17
100
AcDbEntity
  8
CUT
100
AcDbLine
 10
499.5679083333333
 20
273.46736111111136
 30
0.0
 11
484.04674444444447
 21
273.46736111111136
 31
0.0
  0
LINE
  5
5B0
330
17
100
AcDbEntity
  8
CUT
100
AcDbLine
 10
481.04601666666673
 20
273.46736111111136
 30
0.0
 11
465.52485277777777
 21
273.46736111111136
 31
0.0
  0
LINE
  5
5B1
330
17
100
AcDbEntity
  8
CUT
100
AcDbLine
 10
481.04601666666673
 20
264.49904444444485
 30
0.0
 11
484.04674444444447
 21
264.49904444444485
 31
0.0
  0
LINE
  5
5B2
330
17
100
AcDbEntity
  8
CUT
100
AcDbLine
 10
484.04674444444447
 20
276.4677361111114
 30
0.0
 11
481.04601666666673
 21
276.4677361111114
 31
0.0
  0
LINE
  5
5B3
330
17
100
AcDbEntity
  8
ENGRAVE
100
AcDbLine
 10
452.4298080251714
 20
304.66778261328136
 30
0.0
 11
455.229765300562
 21
304.66778261328136
 31
0.0
  0
LINE
  5
5B4
330
17
100
AcDbEntity
  8
ENGRAVE
100
AcDbLine
 10
455.229765300562
 20
304.66778261328136
 30
0.0
 11
455.92975461940966
 21
306.0677612509767
 31
0.0
  0
LINE
  5
5B5
330
17
100
AcDbEntity
  8
ENGRAVE
100
AcDbLine
 10
455.92975461940966
 20
306.0677612509767
 30
0.0
 11
455.92975461940966
 21
310.2676971640626
 31
0.0
  0
LINE
  5
5B6
330
17
100
AcDbEntity
  8
ENGRAVE
100
AcDbLine
 10
455.92975461940966
 20
310.2676971640626
 30
0.0
 11
455.229765300562
 21
311.6676758017579
 31
0.0
  0
LINE
  5
5B7
330
17
100
AcDbEntity
  8
ENGRAVE
100
AcDbLine
 10
455.229765300562
 20
311.6676758017579
 30
0.0
 11
452.4298080251714
 21
311.6676758017579
 31
0.0
  0
LINE
  5
5B8
330
17
100
AcDbEntity
  8
ENGRAVE
100
AcDbLine
 10
452.4298080251714
 20
311.6676758017579
 30
0.0
 11
451.7298187063237
 21
310.2676971640626
 31
0.0
  0
LINE
  5
5B9
330
17
100
AcDbEntity
  8
ENGRAVE
100
AcDbLine
 10
451.7298187063237
 20
310.2676971640626
 30
0.0
 11
451.7298187063237
 21
306.0677612509767
 31
0.0
  0
LINE
  5
5BA
330
17
100
AcDbEntity
  8
ENGRAVE
100
AcDbLine
 10
451.7298187063237
 20
306.0677612509767
 30
0.0
 11
452.4298080251714
 21
304.66778261328136
 31
0.0
  0
LINE
  5
5BB
330
17
100
AcDbEntity
  8
ENGRAVE
100
AcDbLine
 10
458.7297118948003
 20
308.16772920751964
 30
0.0
 11
458.02972257595263
 21
308.7277206625978
 31
0.0
  0
LINE
  5
5BC
330
17
100
AcDbEntity
  8
ENGRAVE
100
AcDbLine
 10
458.02972257595263
 20
308.7277206625978
 30
0.0
 11
458.02972257595263
 21
310.96768648291027
 31
0.0
  0
LINE
  5
5BD
330
17
100
AcDbEntity
  8
ENGRAVE
100
AcDbLine
 10
458.02972257595263
 20
310.96768648291027
 30
0.0
 11
458.7297118948003
 21
311.6676758017579
 31
0.0
  0
LINE
  5
5BE
330
17
100
AcDbEntity
  8
ENGRAVE
100
AcDbLine
 10
458.7297118948003
 20
311.6676758017579
 30
0.0
 11
460.1296905324956
 21
311.6676758017579
 31
0.0
  0
LINE
  5
5BF
330
17
100
AcDbEntity
  8
ENGRAVE
100
AcDbLine
 10
460.1296905324956
 20
311.6676758017579
 30
0.0
 11
460.82967985134326
 21
310.96768648291027
 31
0.0
  0
LINE
  5
5C0
330
17
100
AcDbEntity
  8
ENGRAVE
100
AcDbLine
 10
460.82967985134326
 20
310.96768648291027
 30
0.0
 11
460.82967985134326
 21
308.7277206625978
 31
0.0
  0
LINE
  5
5C1
330
17
100
AcDbEntity
  8
ENGRAVE
100
AcDbLine
 10
460.82967985134326
 20
308.7277206625978
 30
0.0
 11
460.1296905324956
 21
308.16772920751964
 31
0.0
  0
LINE
  5
5C2
330
17
100
AcDbEntity
  8
ENGRAVE
100
AcDbLine
 10
460.1296905324956
 20
308.16772920751964
 30
0.0
 11
458.7297118948003
 21
308.16772920751964
 31
0.0
  0
LINE
  5
5C3
330
17
100
AcDbEntity
  8
ENGRAVE
100
AcDbLine
 10
458.7297118948003
 20
308.16772920751964
 30
0.0
 11
457.8197257802983
 21
307.467739888672
 31
0.0
  0
LINE
  5
5C4
330
17
100
AcDbEntity
  8
ENGRAVE
100
AcDbLine
 10
457.8197257802983
 20
307.467739888672
 30
0.0
 11
457.8197257802983
 21
305.367771932129
 31
0.0
  0
LINE
  5
5C5
330
17
100
AcDbEntity
  8
ENGRAVE
100
AcDbLine
 10
457.8197257802983
 20
305.367771932129
 30
0.0
 11
458.7297118948003
 21
304.66778261328136
 31
0.0
  0
LINE
  5
5C6
330
17
100
AcDbEntity
  8
ENGRAVE
100
AcDbLine
 10
458.7297118948003
 20
304.66778261328136
 30
0.0
 11
460.1296905324956
 21
304.66778261328136
 31
0.0
  0
LINE
  5
5C7
330
17
100
AcDbEntity
  8
ENGRAVE
100
AcDbLine
 10
460.1296905324956
 20
304.66778261328136
 30
0.0
 11
461.0396766469976
 21
305.367771932129
 31
0.0
  0
LINE
  5
5C8
330
17
100
AcDbEntity
  8
ENGRAVE
100
AcDbLine
 10
461.0396766469976
 20
305.367771932129
 30
0.0
 11
461.0396766469976
 21
307.467739888672
 31
0.0
  0
LINE
  5
5C9
330
17
100
AcDbEntity
  8
ENGRAVE
100
AcDbLine
 10
461.0396766469976
 20
307.467739888672
 30
0.0
 11
460.1296905324956
 21
308.16772920751964
 31
0.0
  0
LINE
  5
5CA
330
17
100
AcDbEntity
  8
CUT
100
AcDbLine
 10
555.2358666666669
 20
379.5123611111114
 30
0.0
 11
563.6150444444445
 21
379.5123611111114
 31
0.0
  0
LINE
  5
5CB
330
17
100
AcDbEntity
  8
CUT
100
AcDbLine
 10
529.5730472222224
 20
379.5123611111114
 30
0.0
 11
545.2339111111112
 21
379.5123611111114
 31
0.0
  0
LINE
  5
5CC
330
17
100
AcDbEntity
  8
CUT
100
AcDbLine
 10
509.56948888888905
 20
379.5123611111114
 30
0.0
 11
519.5714444444445
 21
379.5123611111114
 31
0.0
  0
LINE
  5
5CD
330
17
100
AcDbEntity
  8
CUT
100
AcDbLine
 10
563.6150444444445
 20
382.5130888888893
 30
0.0
 11
573.6170000000002
 21
382.5130888888893
 31
0.0
  0
LINE
  5
5CE
330
17
100
AcDbEntity
  8
CUT
100
AcDbLine
 10
519.5714444444445
 20
382.5130888888893
 30
0.0
 11
529.5730472222224
 21
382.5130888888893
 31
0.0
  0
LINE
  5
5CF
330
17
100
AcDbEntity
  8
CUT
100
AcDbLine
 10
545.2339111111112
 20
382.5130888888893
 30
0.0
 11
555.2358666666669
 21
382.5130888888893
 31
0.0
  0
LINE
  5
5D0
330
17
100
AcDbEntity
  8
CUT
100
AcDbLine
 10
583.618602777778
 20
273.4581888888892
 30
0.0
 11
509.56948888888905
 21
273.4581888888892
 31
0.0
  0
LINE
  5
5D1
330
17
100
AcDbEntity
  8
CUT
100
AcDbLine
 10
583.618602777778
 20
282.4600194444447
 30
0.0
 11
548.5059250000002
 21
282.4600194444447
 31
0.0
  0
LINE
  5
5D2
330
17
100
AcDbEntity
  8
CUT
100
AcDbLine
 10
573.6170000000002
 20
379.5123611111114
 30
0.0
 11
583.618602777778
 21
379.5123611111114
 31
0.0
  0
LINE
  5
5D3
330
17
100
AcDbEntity
  8
CUT
100
AcDbLine
 10
548.5059250000002
 20
279.4596444444448
 30
0.0
 11
583.618602777778
 21
279.4596444444448
 31
0.0
  0
LINE
  5
5D4
330
17
100
AcDbEntity
  8
CUT
100
AcDbLine
 10
548.5059250000002
 20
282.4600194444447
 30
0.0
 11
548.5059250000002
 21
279.4596444444448
 31
0.0
  0
LINE
  5
5D5
330
17
100
AcDbEntity
  8
CUT
100
AcDbLine
 10
583.618602777778
 20
379.5123611111114
 30
0.0
 11
583.618602777778
 21
282.4600194444447
 31
0.0
  0
LINE
  5
5D6
330
17
100
AcDbEntity
  8
CUT
100
AcDbLine
 10
583.618602777778
 20
279.4596444444448
 30
0.0
 11
583.618602777778
 21
273.4581888888892
 31
0.0
  0
LINE
  5
5D7
330
17
100
AcDbEntity
  8
CUT
100
AcDbLine
 10
545.2339111111112
 20
379.5123611111114
 30
0.0
 11
545.2339111111112
 21
382.5130888888893
 31
0.0
  0
LINE
  5
5D8
330
17
100
AcDbEntity
  8
CUT
100
AcDbLine
 10
555.2358666666669
 20
382.5130888888893
 30
0.0
 11
555.2358666666669
 21
379.5123611111114
 31
0.0
  0
LINE
  5
5D9
330
17
100
AcDbEntity
  8
CUT
100
AcDbLine
 10
519.5714444444445
 20
379.5123611111114
 30
0.0
 11
519.5714444444445
 21
382.5130888888893
 31
0.0
  0
LINE
  5
5DA
330
17
100
AcDbEntity
  8
CUT
100
AcDbLine
 10
529.5730472222224
 20
382.5130888888893
 30
0.0
 11
529.5730472222224
 21
379.5123611111114
 31
0.0
  0
LINE
  5
5DB
330
17
100
AcDbEntity
  8
CUT
100
AcDbLine
 10
563.6150444444445
 20
379.5123611111114
 30
0.0
 11
563.6150444444445
 21
382.5130888888893
 31
0.0
  0
LINE
  5
5DC
330
17
100
AcDbEntity
  8
CUT
100
AcDbLine
 10
573.6170000000002
 20
382.5130888888893
 30
0.0
 11
573.6170000000002
 21
379.5123611111114
 31
0.0
  0
LINE
  5
5DD
330
17
100
AcDbEntity
  8
CUT
100
AcDbLine
 10
509.56948888888905
 20
273.4581888888892
 30
0.0
 11
509.56948888888905
 21
379.51236111111126
 31
0.0
  0
LINE
  5
5DE
330
17
100
AcDbEntity
  8
CUT
100
AcDbLine
 10
566.5455694444447
 20
323.9519777777781
 30
0.0
 11
563.7942555555558
 21
325.1486000000003
 31
0.0
  0
LINE
  5
5DF
330
17
100
AcDbEntity
  8
CUT
100
AcDbLine
 10
563.3554000000001
 20
316.61420000000027
 30
0.0
 11
566.5455694444447
 21
323.9519777777781
 31
0.0
  0
LINE
  5
5E0
330
17
100
AcDbEntity
  8
CUT
100
AcDbLine
 10
563.7942555555558
 20
325.1486000000003
 30
0.0
 11
560.6037333333334
 21
317.81046944444466
 31
0.0
  0
LINE
  5
5E1
330
17
100
AcDbEntity
  8
CUT
100
AcDbLine
 10
560.6037333333334
 20
317.81046944444466
 30
0.0
 11
563.3554000000001
 21
316.61420000000027
 31
0.0
  0
LINE
  5
5E2
330
17
100
AcDbEntity
  8
CUT
100
AcDbLine
 10
554.8866166666669
 20
297.1359277777781
 30
0.0
 11
552.1349500000001
 21
298.33255000000025
 31
0.0
  0
LINE
  5
5E3
330
17
100
AcDbEntity
  8
CUT
100
AcDbLine
 10
552.1349500000001
 20
298.33255000000025
 30
0.0
 11
548.9444277777781
 21
290.9944194444447
 31
0.0
  0
LINE
  5
5E4
330
17
100
AcDbEntity
  8
CUT
100
AcDbLine
 10
548.9444277777781
 20
290.9944194444447
 30
0.0
 11
551.6960944444445
 21
289.79815000000025
 31
0.0
  0
LINE
  5
5E5
330
17
100
AcDbEntity
  8
CUT
100
AcDbLine
 10
551.6960944444445
 20
289.79815000000025
 30
0.0
 11
554.8866166666669
 21
297.1359277777781
 31
0.0
  0
LINE
  5
5E6
330
17
100
AcDbEntity
  8
CUT
100
AcDbLine
 10
554.5507722222223
 20
368.60941111111146
 30
0.0
 11
551.3602500000002
 21
375.94754166666684
 31
0.0
  0
LINE
  5
5E7
330
17
100
AcDbEntity
  8
CUT
100
AcDbLine
 10
548.6085833333334
 20
374.7509194444447
 30
0.0
 11
551.7991055555558
 21
367.41314166666695
 31
0.0
  0
LINE
  5
5E8
330
17
100
AcDbEntity
  8
CUT
100
AcDbLine
 10
551.7991055555558
 20
367.41314166666695
 30
0.0
 11
554.5507722222223
 21
368.60941111111146
 31
0.0
  0
LINE
  5
5E9
330
17
100
AcDbEntity
  8
CUT
100
AcDbLine
 10
551.3602500000002
 20
375.94754166666684
 30
0.0
 11
548.6085833333334
 21
374.7509194444447
 31
0.0
  0
LINE
  5
5EA
330
17
100
AcDbEntity
  8
CUT
100
AcDbLine
 10
563.3554000000001
 20
348.3589083333335
 30
0.0
 11
560.6037333333334
 21
347.16228611111126
 31
0.0
  0
LINE
  5
5EB
330
17
100
AcDbEntity
  8
CUT
100
AcDbLine
 10
566.5455694444447
 20
341.02077777777805
 30
0.0
 11
563.3554000000001
 21
348.3589083333335
 31
0.0
  0
LINE
  5
5EC
330
17
100
AcDbEntity
  8
CUT
100
AcDbLine
 10
563.7942555555558
 20
339.8245083333336
 30
0.0
 11
566.5455694444447
 21
341.02077777777805
 31
0.0
  0
LINE
  5
5ED
330
17
100
AcDbEntity
  8
CUT
100
AcDbLine
 10
560.6037333333334
 20
347.16228611111126
 30
0.0
 11
563.7942555555558
 21
339.8245083333336
 31
0.0
  0
LINE
  5
5EE
330
17
100
AcDbEntity
  8
CUT
100
AcDbLine
 10
571.4378916666669
 20
341.468452777778
 30
0.0
 11
577.4054805555556
 21
341.468452777778
 31
0.0
  0
LINE
  5
5EF
330
17
100
AcDbEntity
  8
CUT
100
AcDbLine
 10
577.4054805555556
 20
375.51150833333355
 30
0.0
 11
571.4378916666669
 21
375.51150833333355
 31
0.0
  0
LINE
  5
5F0
330
17
100
AcDbEntity
  8
CUT
100
AcDbLine
 10
580.4062083333334
 20
359.9903444444447
 30
0.0
 11
577.4054805555556
 21
359.9903444444447
 31
0.0
  0
LINE
  5
5F1
330
17
100
AcDbEntity
  8
CUT
100
AcDbLine
 10
568.4375166666669
 20
356.98961666666696
 30
0.0
 11
571.4378916666669
 21
356.98961666666696
 31
0.0
  0
LINE
  5
5F2
330
17
100
AcDbEntity
  8
CUT
100
AcDbLine
 10
577.4054805555556
 20
356.98961666666696
 30
0.0
 11
580.4062083333334
 21
356.98961666666696
 31
0.0
  0
LINE
  5
5F3
330
17
100
AcDbEntity
  8
CUT
100
AcDbLine
 10
571.4378916666669
 20
359.9903444444447
 30
0.0
 11
568.4375166666669
 21
359.9903444444447
 31
0.0
  0
LINE
  5
5F4
330
17
100
AcDbEntity
  8
CUT
100
AcDbLine
 10
577.4054805555556
 20
359.9903444444447
 30
0.0
 11
577.4054805555556
 21
375.51150833333355
 31
0.0
  0
LINE
  5
5F5
330
17
100
AcDbEntity
  8
CUT
100
AcDbLine
 10
577.4054805555556
 20
341.468452777778
 30
0.0
 11
577.4054805555556
 21
356.98961666666696
 31
0.0
  0
LINE
  5
5F6
330
17
100
AcDbEntity
  8
CUT
100
AcDbLine
 10
571.4378916666669
 20
375.51150833333355
 30
0.0
 11
571.4378916666669
 21
359.9903444444447
 31
0.0
  0
LINE
  5
5F7
330
17
100
AcDbEntity
  8
CUT
100
AcDbLine
 10
571.4378916666669
 20
356.98961666666696
 30
0.0
 11
571.4378916666669
 21
341.468452777778
 31
0.0
  0
LINE
  5
5F8
330
17
100
AcDbEntity
  8
CUT
100
AcDbLine
 10
580.4062083333334
 20
356.98961666666696
 30
0.0
 11
580.4062083333334
 21
359.9903444444447
 31
0.0
  0
LINE
  5
5F9
330
17
100
AcDbEntity
  8
CUT
100
AcDbLine
 10
568.4375166666669
 20
359.9903444444447
 30
0.0
 11
568.4375166666669
 21
356.98961666666696
 31
0.0
  0
LINE
  5
5FA
330
17
100
AcDbEntity
  8
ENGRAVE
100
AcDbLine
 10
540.2374701644969
 20
328.3734080251716
 30
0.0
 11
540.2374701644969
 21
331.17336530056224
 31
0.0
  0
LINE
  5
5FB
330
17
100
AcDbEntity
  8
ENGRAVE
100
AcDbLine
 10
540.2374701644969
 20
331.17336530056224
 30
0.0
 11
538.8374915268016
 21
331.8733546194099
 31
0.0
  0
LINE
  5
5FC
330
17
100
AcDbEntity
  8
ENGRAVE
100
AcDbLine
 10
538.8374915268016
 20
331.8733546194099
 30
0.0
 11
534.6375556137157
 21
331.8733546194099
 31
0.0
  0
LINE
  5
5FD
330
17
100
AcDbEntity
  8
ENGRAVE
100
AcDbLine
 10
534.6375556137157
 20
331.8733546194099
 30
0.0
 11
533.2375769760204
 21
331.17336530056224
 31
0.0
  0
LINE
  5
5FE
330
17
100
AcDbEntity
  8
ENGRAVE
100
AcDbLine
 10
533.2375769760204
 20
331.17336530056224
 30
0.0
 11
533.2375769760204
 21
328.3734080251716
 31
0.0
  0
LINE
  5
5FF
330
17
100
AcDbEntity
  8
ENGRAVE
100
AcDbLine
 10
533.2375769760204
 20
328.3734080251716
 30
0.0
 11
534.6375556137157
 21
327.67341870632396
 31
0.0
  0
LINE
  5
600
330
17
100
AcDbEntity
  8
ENGRAVE
100
AcDbLine
 10
534.6375556137157
 20
327.67341870632396
 30
0.0
 11
538.8374915268016
 21
327.67341870632396
 31
0.0
  0
LINE
  5
601
330
17
100
AcDbEntity
  8
ENGRAVE
100
AcDbLine
 10
538.8374915268016
 20
327.67341870632396
 30
0.0
 11
540.2374701644969
 21
328.3734080251716
 31
0.0
  0
LINE
  5
602
330
17
100
AcDbEntity
  8
ENGRAVE
100
AcDbLine
 10
536.7375235702586
 20
334.6733118948005
 30
0.0
 11
536.1775321151805
 21
333.97332257595286
 31
0.0
  0
LINE
  5
603
330
17
100
AcDbEntity
  8
ENGRAVE
100
AcDbLine
 10
536.1775321151805
 20
333.97332257595286
 30
0.0
 11
533.937566294868
 21
333.97332257595286
 31
0.0
  0
LINE
  5
604
330
17
100
AcDbEntity
  8
ENGRAVE
100
AcDbLine
 10
533.937566294868
 20
333.97332257595286
 30
0.0
 11
533.2375769760204
 21
334.6733118948005
 31
0.0
  0
LINE
  5
605
330
17
100
AcDbEntity
  8
ENGRAVE
100
AcDbLine
 10
533.2375769760204
 20
334.6733118948005
 30
0.0
 11
533.2375769760204
 21
336.07329053249583
 31
0.0
  0
LINE
  5
606
330
17
100
AcDbEntity
  8
ENGRAVE
100
AcDbLine
 10
533.2375769760204
 20
336.07329053249583
 30
0.0
 11
533.937566294868
 21
336.7732798513435
 31
0.0
  0
LINE
  5
607
330
17
100
AcDbEntity
  8
ENGRAVE
100
AcDbLine
 10
533.937566294868
 20
336.7732798513435
 30
0.0
 11
536.1775321151805
 21
336.7732798513435
 31
0.0
  0
LINE
  5
608
330
17
100
AcDbEntity
  8
ENGRAVE
100
AcDbLine
 10
536.1775321151805
 20
336.7732798513435
 30
0.0
 11
536.7375235702586
 21
336.07329053249583
 31
0.0
  0
LINE
  5
609
330
17
100
AcDbEntity
  8
ENGRAVE
100
AcDbLine
 10
536.7375235702586
 20
336.07329053249583
 30
0.0
 11
536.7375235702586
 21
334.6733118948005
 31
0.0
  0
LINE
  5
60A
330
17
100
AcDbEntity
  8
ENGRAVE
100
AcDbLine
 10
536.7375235702586
 20
334.6733118948005
 30
0.0
 11
537.4375128891063
 21
333.76332578029854
 31
0.0
  0
LINE
  5
60B
330
17
100
AcDbEntity
  8
ENGRAVE
100
AcDbLine
 10
537.4375128891063
 20
333.76332578029854
 30
0.0
 11
539.5374808456493
 21
333.76332578029854
 31
0.0
  0
LINE
  5
60C
330
17
100
AcDbEntity
  8
ENGRAVE
100
AcDbLine
 10
539.5374808456493
 20
333.76332578029854
 30
0.0
 11
540.2374701644969
 21
334.6733118948005
 31
0.0
  0
LINE
  5
60D
330
17
100
AcDbEntity
  8
ENGRAVE
100
AcDbLine
 10
540.2374701644969
 20
334.6733118948005
 30
0.0
 11
540.2374701644969
 21
336.07329053249583
 31
0.0
  0
LINE
  5
60E
330
17
100
AcDbEntity
  8
ENGRAVE
100
AcDbLine
 10
540.2374701644969
 20
336.07329053249583
 30
0.0
 11
539.5374808456493
 21
336.9832766469978
 31
0.0
  0
LINE
  5
60F
330
17
100
AcDbEntity
  8
ENGRAVE
100
AcDbLine
 10
539.5374808456493
 20
336.9832766469978
 30
0.0
 11
537.4375128891063
 21
336.9832766469978
 31
0.0
  0
LINE
  5
610
330
17
100
AcDbEntity
  8
ENGRAVE
100
AcDbLine
 10
537.4375128891063
 20
336.9832766469978
 30
0.0
 11
536.7375235702586
 21
336.07329053249583
 31
0.0
  0
LINE
  5
611
330
17
100
AcDbEntity
  8
CUT
100
AcDbLine
 10
391.51386111111105
 20
366.71850000000035
 30
0.0
 11
391.51386111111105
 21
358.33932222222273
 31
0.0
  0
LINE
  5
612
330
17
100
AcDbEntity
  8
CUT
100
AcDbLine
 10
391.51386111111105
 20
392.38131944444484
 30
0.0
 11
391.51386111111105
 21
376.72045555555604
 31
0.0
  0
LINE
  5
613
330
17
100
AcDbEntity
  8
CUT
100
AcDbLine
 10
391.51386111111105
 20
412.38487777777823
 30
0.0
 11
391.51386111111105
 21
402.38292222222276
 31
0.0
  0
LINE
  5
614
330
17
100
AcDbEntity
  8
CUT
100
AcDbLine
 10
394.51458888888897
 20
358.33932222222273
 30
0.0
 11
394.51458888888897
 21
348.33736666666704
 31
0.0
  0
LINE
  5
615
330
17
100
AcDbEntity
  8
CUT
100
AcDbLine
 10
394.51458888888897
 20
402.38292222222276
 30
0.0
 11
394.51458888888897
 21
392.38131944444484
 31
0.0
  0
LINE
  5
616
330
17
100
AcDbEntity
  8
CUT
100
AcDbLine
 10
394.51458888888897
 20
376.72045555555604
 30
0.0
 11
394.51458888888897
 21
366.71850000000035
 31
0.0
  0
LINE
  5
617
330
17
100
AcDbEntity
  8
CUT
100
AcDbLine
 10
285.4596888888889
 20
338.33576388888923
 30
0.0
 11
285.4596888888889
 21
412.38487777777823
 31
0.0
  0
LINE
  5
618
330
17
100
AcDbEntity
  8
CUT
100
AcDbLine
 10
294.4615194444444
 20
338.33576388888923
 30
0.0
 11
294.4615194444444
 21
373.4484416666671
 31
0.0
  0
LINE
  5
619
330
17
100
AcDbEntity
  8
CUT
100
AcDbLine
 10
391.51386111111105
 20
348.33736666666704
 30
0.0
 11
391.51386111111105
 21
338.33576388888923
 31
0.0
  0
LINE
  5
61A
330
17
100
AcDbEntity
  8
CUT
100
AcDbLine
 10
291.46114444444447
 20
373.4484416666671
 30
0.0
 11
291.46114444444447
 21
338.33576388888923
 31
0.0
  0
LINE
  5
61B
330
17
100
AcDbEntity
  8
CUT
100
AcDbLine
 10
294.4615194444444
 20
373.4484416666671
 30
0.0
 11
291.46114444444447
 21
373.4484416666671
 31
0.0
  0
LINE
  5
61C
330
17
100
AcDbEntity
  8
CUT
100
AcDbLine
 10
391.51386111111105
 20
338.33576388888923
 30
0.0
 11
294.4615194444444
 21
338.33576388888923
 31
0.0
  0
LINE
  5
61D
330
17
100
AcDbEntity
  8
CUT
100
AcDbLine
 10
291.46114444444447
 20
338.33576388888923
 30
0.0
 11
285.4596888888889
 21
338.33576388888923
 31
0.0
  0
LINE
  5
61E
330
17
100
AcDbEntity
  8
CUT
100
AcDbLine
 10
391.51386111111105
 20
376.72045555555604
 30
0.0
 11
394.51458888888897
 21
376.72045555555604
 31
0.0
  0
LINE
  5
61F
330
17
100
AcDbEntity
  8
CUT
100
AcDbLine
 10
394.51458888888897
 20
366.71850000000035
 30
0.0
 11
391.51386111111105
 21
366.71850000000035
 31
0.0
  0
LINE
  5
620
330
17
100
AcDbEntity
  8
CUT
100
AcDbLine
 10
391.51386111111105
 20
402.38292222222276
 30
0.0
 11
394.51458888888897
 21
402.38292222222276
 31
0.0
  0
LINE
  5
621
330
17
100
AcDbEntity
  8
CUT
100
AcDbLine
 10
394.51458888888897
 20
392.38131944444484
 30
0.0
 11
391.51386111111105
 21
392.38131944444484
 31
0.0
  0
LINE
  5
622
330
17
100
AcDbEntity
  8
CUT
100
AcDbLine
 10
391.51386111111105
 20
358.33932222222273
 30
0.0
 11
394.51458888888897
 21
358.33932222222273
 31
0.0
  0
LINE
  5
623
330
17
100
AcDbEntity
  8
CUT
100
AcDbLine
 10
394.51458888888897
 20
348.33736666666704
 30
0.0
 11
391.51386111111105
 21
348.33736666666704
 31
0.0
  0
LINE
  5
624
330
17
100
AcDbEntity
  8
CUT
100
AcDbLine
 10
285.4596888888889
 20
412.38487777777823
 30
0.0
 11
391.51386111111094
 21
412.38487777777823
 31
0.0
  0
LINE
  5
625
330
17
100
AcDbEntity
  8
CUT
100
AcDbLine
 10
335.9534777777778
 20
355.40879722222263
 30
0.0
 11
337.15009999999995
 21
358.1601111111116
 31
0.0
  0
LINE
  5
626
330
17
100
AcDbEntity
  8
CUT
100
AcDbLine
 10
328.61569999999995
 20
358.59896666666714
 30
0.0
 11
335.9534777777778
 21
355.40879722222263
 31
0.0
  0
LINE
  5
627
330
17
100
AcDbEntity
  8
CUT
100
AcDbLine
 10
337.15009999999995
 20
358.1601111111116
 30
0.0
 11
329.81196944444434
 21
361.350633333334
 31
0.0
  0
LINE
  5
628
330
17
100
AcDbEntity
  8
CUT
100
AcDbLine
 10
329.81196944444434
 20
361.350633333334
 30
0.0
 11
328.61569999999995
 21
358.59896666666714
 31
0.0
  0
LINE
  5
629
330
17
100
AcDbEntity
  8
CUT
100
AcDbLine
 10
309.13742777777776
 20
367.06775000000033
 30
0.0
 11
310.33404999999993
 21
369.81941666666717
 31
0.0
  0
LINE
  5
62A
330
17
100
AcDbEntity
  8
CUT
100
AcDbLine
 10
310.33404999999993
 20
369.81941666666717
 30
0.0
 11
302.9959194444444
 21
373.0099388888892
 31
0.0
  0
LINE
  5
62B
330
17
100
AcDbEntity
  8
CUT
100
AcDbLine
 10
302.9959194444444
 20
373.0099388888892
 30
0.0
 11
301.79964999999993
 21
370.25827222222273
 31
0.0
  0
LINE
  5
62C
330
17
100
AcDbEntity
  8
CUT
100
AcDbLine
 10
301.79964999999993
 20
370.25827222222273
 30
0.0
 11
309.13742777777776
 21
367.06775000000033
 31
0.0
  0
LINE
  5
62D
330
17
100
AcDbEntity
  8
CUT
100
AcDbLine
 10
380.61091111111114
 20
367.4035944444449
 30
0.0
 11
387.9490416666665
 21
370.59411666666716
 31
0.0
  0
LINE
  5
62E
330
17
100
AcDbEntity
  8
CUT
100
AcDbLine
 10
386.7524194444444
 20
373.3457833333338
 30
0.0
 11
379.4146416666666
 21
370.15526111111154
 31
0.0
  0
LINE
  5
62F
330
17
100
AcDbEntity
  8
CUT
100
AcDbLine
 10
379.4146416666666
 20
370.15526111111154
 30
0.0
 11
380.61091111111114
 21
367.4035944444449
 31
0.0
  0
LINE
  5
630
330
17
100
AcDbEntity
  8
CUT
100
AcDbLine
 10
387.9490416666665
 20
370.59411666666716
 30
0.0
 11
386.7524194444444
 21
373.3457833333338
 31
0.0
  0
LINE
  5
631
330
17
100
AcDbEntity
  8
CUT
100
AcDbLine
 10
360.36040833333317
 20
358.59896666666714
 30
0.0
 11
359.16378611111094
 21
361.350633333334
 31
0.0
  0
LINE
  5
632
330
17
100
AcDbEntity
  8
CUT
100
AcDbLine
 10
353.02227777777773
 20
355.40879722222263
 30
0.0
 11
360.36040833333317
 21
358.59896666666714
 31
0.0
  0
LINE
  5
633
330
17
100
AcDbEntity
  8
CUT
100
AcDbLine
 10
351.8260083333333
 20
358.1601111111116
 30
0.0
 11
353.02227777777773
 21
355.40879722222263
 31
0.0
  0
LINE
  5
634
330
17
100
AcDbEntity
  8
CUT
100
AcDbLine
 10
359.16378611111094
 20
361.350633333334
 30
0.0
 11
351.8260083333333
 21
358.1601111111116
 31
0.0
  0
LINE
  5
635
330
17
100
AcDbEntity
  8
CUT
100
AcDbLine
 10
353.4699527777777
 20
350.51647500000036
 30
0.0
 11
353.4699527777777
 21
344.54888611111164
 31
0.0
  0
LINE
  5
636
330
17
100
AcDbEntity
  8
CUT
100
AcDbLine
 10
387.51300833333323
 20
344.54888611111164
 30
0.0
 11
387.51300833333323
 21
350.51647500000036
 31
0.0
  0
LINE
  5
637
330
17
100
AcDbEntity
  8
CUT
100
AcDbLine
 10
371.9918444444444
 20
341.54815833333384
 30
0.0
 11
371.9918444444444
 21
344.54888611111164
 31
0.0
  0
LINE
  5
638
330
17
100
AcDbEntity
  8
CUT
100
AcDbLine
 10
368.99111666666664
 20
353.5168500000004
 30
0.0
 11
368.99111666666664
 21
350.51647500000036
 31
0.0
  0
LINE
  5
639
330
17
100
AcDbEntity
  8
CUT
100
AcDbLine
 10
368.99111666666664
 20
344.54888611111164
 30
0.0
 11
368.99111666666664
 21
341.54815833333384
 31
0.0
  0
LINE
  5
63A
330
17
100
AcDbEntity
  8
CUT
100
AcDbLine
 10
371.9918444444444
 20
350.51647500000036
 30
0.0
 11
371.9918444444444
 21
353.5168500000004
 31
0.0
  0
LINE
  5
63B
330
17
100
AcDbEntity
  8
CUT
100
AcDbLine
 10
371.9918444444444
 20
344.54888611111164
 30
0.0
 11
387.51300833333323
 21
344.54888611111164
 31
0.0
  0
LINE
  5
63C
330
17
100
AcDbEntity
  8
CUT
100
AcDbLine
 10
353.4699527777777
 20
344.54888611111164
 30
0.0
 11
368.99111666666664
 21
344.54888611111164
 31
0.0
  0
LINE
  5
63D
330
17
100
AcDbEntity
  8
CUT
100
AcDbLine
 10
387.51300833333323
 20
350.51647500000036
 30
0.0
 11
371.9918444444444
 21
350.51647500000036
 31
0.0
  0
LINE
  5
63E
330
17
100
AcDbEntity
  8
CUT
100
AcDbLine
 10
368.99111666666664
 20
350.51647500000036
 30
0.0
 11
353.4699527777777
 21
350.51647500000036
 31
0.0
  0
LINE
  5
63F
330
17
100
AcDbEntity
  8
CUT
100
AcDbLine
 10
368.99111666666664
 20
341.54815833333384
 30
0.0
 11
371.9918444444444
 21
341.54815833333384
 31
0.0
  0
LINE
  5
640
330
17
100
AcDbEntity
  8
CUT
100
AcDbLine
 10
371.9918444444444
 20
353.5168500000004
 30
0.0
 11
368.99111666666664
 21
353.5168500000004
 31
0.0
  0
LINE
  5
641
330
17
100
AcDbEntity
  8
ENGRAVE
100
AcDbLine
 10
340.3749080251713
 20
381.71689650217036
 30
0.0
 11
343.1748653005619
 21
381.71689650217036
 31
0.0
  0
LINE
  5
642
330
17
100
AcDbEntity
  8
ENGRAVE
100
AcDbLine
 10
343.1748653005619
 20
381.71689650217036
 30
0.0
 11
343.8748546194096
 21
383.11687513986567
 31
0.0
  0
LINE
  5
643
330
17
100
AcDbEntity
  8
ENGRAVE
100
AcDbLine
 10
343.8748546194096
 20
383.11687513986567
 30
0.0
 11
343.8748546194096
 21
387.3168110529516
 31
0.0
  0
LINE
  5
644
330
17
100
AcDbEntity
  8
ENGRAVE
100
AcDbLine
 10
343.8748546194096
 20
387.3168110529516
 30
0.0
 11
343.1748653005619
 21
388.7167896906469
 31
0.0
  0
LINE
  5
645
330
17
100
AcDbEntity
  8
ENGRAVE
100
AcDbLine
 10
343.1748653005619
 20
388.7167896906469
 30
0.0
 11
340.3749080251713
 21
388.7167896906469
 31
0.0
  0
LINE
  5
646
330
17
100
AcDbEntity
  8
ENGRAVE
100
AcDbLine
 10
340.3749080251713
 20
388.7167896906469
 30
0.0
 11
339.67491870632364
 21
387.3168110529516
 31
0.0
  0
LINE
  5
647
330
17
100
AcDbEntity
  8
ENGRAVE
100
AcDbLine
 10
339.67491870632364
 20
387.3168110529516
 30
0.0
 11
339.67491870632364
 21
383.11687513986567
 31
0.0
  0
LINE
  5
648
330
17
100
AcDbEntity
  8
ENGRAVE
100
AcDbLine
 10
339.67491870632364
 20
383.11687513986567
 30
0.0
 11
340.3749080251713
 21
381.71689650217036
 31
0.0
  0
LINE
  5
649
330
17
100
AcDbEntity
  8
ENGRAVE
100
AcDbLine
 10
346.6748118948002
 20
385.21684309640864
 30
0.0
 11
345.97482257595254
 21
385.7768345514868
 31
0.0
  0
LINE
  5
64A
330
17
100
AcDbEntity
  8
ENGRAVE
100
AcDbLine
 10
345.97482257595254
 20
385.7768345514868
 30
0.0
 11
345.97482257595254
 21
388.01680037179926
 31
0.0
  0
LINE
  5
64B
330
17
100
AcDbEntity
  8
ENGRAVE
100
AcDbLine
 10
345.97482257595254
 20
388.01680037179926
 30
0.0
 11
346.6748118948002
 21
388.7167896906469
 31
0.0
  0
LINE
  5
64C
330
17
100
AcDbEntity
  8
ENGRAVE
100
AcDbLine
 10
346.6748118948002
 20
388.7167896906469
 30
0.0
 11
348.0747905324955
 21
388.7167896906469
 31
0.0
  0
LINE
  5
64D
330
17
100
AcDbEntity
  8
ENGRAVE
100
AcDbLine
 10
348.0747905324955
 20
388.7167896906469
 30
0.0
 11
348.77477985134317
 21
388.01680037179926
 31
0.0
  0
LINE
  5
64E
330
17
100
AcDbEntity
  8
ENGRAVE
100
AcDbLine
 10
348.77477985134317
 20
388.01680037179926
 30
0.0
 11
348.77477985134317
 21
385.7768345514868
 31
0.0
  0
LINE
  5
64F
330
17
100
AcDbEntity
  8
ENGRAVE
100
AcDbLine
 10
348.77477985134317
 20
385.7768345514868
 30
0.0
 11
348.0747905324955
 21
385.21684309640864
 31
0.0
  0
LINE
  5
650
330
17
100
AcDbEntity
  8
ENGRAVE
100
AcDbLine
 10
348.0747905324955
 20
385.21684309640864
 30
0.0
 11
346.6748118948002
 21
385.21684309640864
 31
0.0
  0
LINE
  5
651
330
17
100
AcDbEntity
  8
ENGRAVE
100
AcDbLine
 10
346.6748118948002
 20
385.21684309640864
 30
0.0
 11
345.7648257802982
 21
384.516853777561
 31
0.0
  0
LINE
  5
652
330
17
100
AcDbEntity
  8
ENGRAVE
100
AcDbLine
 10
345.7648257802982
 20
384.516853777561
 30
0.0
 11
345.7648257802982
 21
382.416885821018
 31
0.0
  0
LINE
  5
653
330
17
100
AcDbEntity
  8
ENGRAVE
100
AcDbLine
 10
345.7648257802982
 20
382.416885821018
 30
0.0
 11
346.6748118948002
 21
381.71689650217036
 31
0.0
  0
LINE
  5
654
330
17
100
AcDbEntity
  8
ENGRAVE
100
AcDbLine
 10
346.6748118948002
 20
381.71689650217036
 30
0.0
 11
348.0747905324955
 21
381.71689650217036
 31
0.0
  0
LINE
  5
655
330
17
100
AcDbEntity
  8
ENGRAVE
100
AcDbLine
 10
348.0747905324955
 20
381.71689650217036
 30
0.0
 11
348.9847766469975
 21
382.416885821018
 31
0.0
  0
LINE
  5
656
330
17
100
AcDbEntity
  8
ENGRAVE
100
AcDbLine
 10
348.9847766469975
 20
382.416885821018
 30
0.0
 11
348.9847766469975
 21
384.516853777561
 31
0.0
  0
LINE
  5
657
330
17
100
AcDbEntity
  8
ENGRAVE
100
AcDbLine
 10
348.9847766469975
 20
384.516853777561
 30
0.0
 11
348.0747905324955
 21
385.21684309640864
 31
0.0
  0
LINE
  5
658
330
17
100
AcDbEntity
  8
CUT
100
AcDbLine
 10
401.4667583333336
 20
381.2751694444448
 30
0.0
 11
401.4667583333336
 21
389.27652222222264
 31
0.0
  0
LINE
  5
659
330
17
100
AcDbEntity
  8
CUT
100
AcDbLine
 10
404.46713333333344
 20
389.27652222222264
 30
0.0
 11
404.46713333333344
 21
381.2751694444448
 31
0.0
  0
LINE
  5
65A
330
17
100
AcDbEntity
  8
CUT
100
AcDbLine
 10
404.46713333333344
 20
381.2751694444448
 30
0.0
 11
401.4667583333336
 21
381.2751694444448
 31
0.0
  0
LINE
  5
65B
330
17
100
AcDbEntity
  8
CUT
100
AcDbLine
 10
401.4667583333336
 20
389.27652222222264
 30
0.0
 11
404.46713333333344
 21
389.27652222222264
 31
0.0
  0
LINE
  5
65C
330
17
100
AcDbEntity
  8
CUT
100
AcDbLine
 10
504.52020277777785
 20
348.3377194444448
 30
0.0
 11
504.52020277777785
 21
358.33967500000034
 31
0.0
  0
LINE
  5
65D
330
17
100
AcDbEntity
  8
CUT
100
AcDbLine
 10
501.5194750000003
 20
358.33967500000034
 30
0.0
 11
501.5194750000003
 21
380.2750444444448
 31
0.0
  0
LINE
  5
65E
330
17
100
AcDbEntity
  8
CUT
100
AcDbLine
 10
504.52020277777785
 20
380.2750444444448
 30
0.0
 11
504.52020277777785
 21
390.27700000000044
 31
0.0
  0
LINE
  5
65F
330
17
100
AcDbEntity
  8
CUT
100
AcDbLine
 10
397.51458888888897
 20
407.54406111111143
 30
0.0
 11
397.51458888888897
 21
338.33576388888923
 31
0.0
  0
LINE
  5
660
330
17
100
AcDbEntity
  8
CUT
100
AcDbLine
 10
501.5194750000003
 20
338.33576388888923
 30
0.0
 11
501.5194750000003
 21
348.3377194444448
 31
0.0
  0
LINE
  5
661
330
17
100
AcDbEntity
  8
CUT
100
AcDbLine
 10
501.5194750000003
 20
390.27700000000044
 30
0.0
 11
501.5194750000003
 21
407.54406111111143
 31
0.0
  0
LINE
  5
662
330
17
100
AcDbEntity
  8
CUT
100
AcDbLine
 10
504.52020277777785
 20
390.27700000000044
 30
0.0
 11
501.5194750000003
 21
390.27700000000044
 31
0.0
  0
LINE
  5
663
330
17
100
AcDbEntity
  8
CUT
100
AcDbLine
 10
504.52020277777785
 20
358.33967500000034
 30
0.0
 11
501.5194750000003
 21
358.33967500000034
 31
0.0
  0
LINE
  5
664
330
17
100
AcDbEntity
  8
CUT
100
AcDbLine
 10
501.5194750000003
 20
407.54406111111143
 30
0.0
 11
397.51458888888897
 21
407.54406111111143
 31
0.0
  0
LINE
  5
665
330
17
100
AcDbEntity
  8
CUT
100
AcDbLine
 10
397.51458888888897
 20
338.33576388888923
 30
0.0
 11
501.5194750000003
 21
338.33576388888923
 31
0.0
  0
LINE
  5
666
330
17
100
AcDbEntity
  8
CUT
100
AcDbLine
 10
501.5194750000003
 20
348.3377194444448
 30
0.0
 11
504.52020277777785
 21
348.3377194444448
 31
0.0
  0
LINE
  5
667
330
17
100
AcDbEntity
  8
CUT
100
AcDbLine
 10
501.5194750000003
 20
380.2750444444448
 30
0.0
 11
504.52020277777785
 21
380.2750444444448
 31
0.0
  0
LINE
  5
668
330
17
100
AcDbEntity
  8
CUT
100
AcDbLine
 10
404.46713333333344
 20
354.3388222222225
 30
0.0
 11
404.46713333333344
 21
346.33711666666704
 31
0.0
  0
LINE
  5
669
330
17
100
AcDbEntity
  8
CUT
100
AcDbLine
 10
401.4667583333336
 20
346.33711666666704
 30
0.0
 11
401.4667583333336
 21
354.3388222222225
 31
0.0
  0
LINE
  5
66A
330
17
100
AcDbEntity
  8
CUT
100
AcDbLine
 10
401.4667583333336
 20
354.3388222222225
 30
0.0
 11
404.46713333333344
 21
354.3388222222225
 31
0.0
  0
LINE
  5
66B
330
17
100
AcDbEntity
  8
CUT
100
AcDbLine
 10
404.46713333333344
 20
346.33711666666704
 30
0.0
 11
401.4667583333336
 21
346.33711666666704
 31
0.0
  0
LINE
  5
66C
330
17
100
AcDbEntity
  8
ENGRAVE
100
AcDbLine
 10
461.8185645466806
 20
368.8379464204645
 30
0.0
 11
464.6185218220712
 21
368.8379464204645
 31
0.0
  0
LINE
  5
66D
330
17
100
AcDbEntity
  8
ENGRAVE
100
AcDbLine
 10
464.6185218220712
 20
368.8379464204645
 30
0.0
 11
465.3185111409189
 21
370.2379250581598
 31
0.0
  0
LINE
  5
66E
330
17
100
AcDbEntity
  8
ENGRAVE
100
AcDbLine
 10
465.3185111409189
 20
370.2379250581598
 30
0.0
 11
465.3185111409189
 21
374.43786097124575
 31
0.0
  0
LINE
  5
66F
330
17
100
AcDbEntity
  8
ENGRAVE
100
AcDbLine
 10
465.3185111409189
 20
374.43786097124575
 30
0.0
 11
464.6185218220712
 21
375.83783960894107
 31
0.0
  0
LINE
  5
670
330
17
100
AcDbEntity
  8
ENGRAVE
100
AcDbLine
 10
464.6185218220712
 20
375.83783960894107
 30
0.0
 11
461.8185645466806
 21
375.83783960894107
 31
0.0
  0
LINE
  5
671
330
17
100
AcDbEntity
  8
ENGRAVE
100
AcDbLine
 10
461.8185645466806
 20
375.83783960894107
 30
0.0
 11
461.11857522783293
 21
374.43786097124575
 31
0.0
  0
LINE
  5
672
330
17
100
AcDbEntity
  8
ENGRAVE
100
AcDbLine
 10
461.11857522783293
 20
374.43786097124575
 30
0.0
 11
461.11857522783293
 21
370.2379250581598
 31
0.0
  0
LINE
  5
673
330
17
100
AcDbEntity
  8
ENGRAVE
100
AcDbLine
 10
461.11857522783293
 20
370.2379250581598
 30
0.0
 11
461.8185645466806
 21
368.8379464204645
 31
0.0
  0
LINE
  5
674
330
17
100
AcDbEntity
  8
ENGRAVE
100
AcDbLine
 10
467.41847909746184
 20
368.8379464204645
 30
0.0
 11
469.5184470540048
 21
368.8379464204645
 31
0.0
  0
LINE
  5
675
330
17
100
AcDbEntity
  8
ENGRAVE
100
AcDbLine
 10
469.5184470540048
 20
368.8379464204645
 30
0.0
 11
470.9184256917001
 21
370.9379143770075
 31
0.0
  0
LINE
  5
676
330
17
100
AcDbEntity
  8
ENGRAVE
100
AcDbLine
 10
470.9184256917001
 20
370.9379143770075
 30
0.0
 11
470.9184256917001
 21
374.43786097124575
 31
0.0
  0
LINE
  5
677
330
17
100
AcDbEntity
  8
ENGRAVE
100
AcDbLine
 10
470.9184256917001
 20
374.43786097124575
 30
0.0
 11
470.21843637285247
 21
375.83783960894107
 31
0.0
  0
LINE
  5
678
330
17
100
AcDbEntity
  8
ENGRAVE
100
AcDbLine
 10
470.21843637285247
 20
375.83783960894107
 30
0.0
 11
467.41847909746184
 21
375.83783960894107
 31
0.0
  0
LINE
  5
679
330
17
100
AcDbEntity
  8
ENGRAVE
100
AcDbLine
 10
467.41847909746184
 20
375.83783960894107
 30
0.0
 11
466.7184897786142
 21
374.43786097124575
 31
0.0
  0
LINE
  5
67A
330
17
100
AcDbEntity
  8
ENGRAVE
100
AcDbLine
 10
466.7184897786142
 20
374.43786097124575
 30
0.0
 11
466.7184897786142
 21
373.38787699297427
 31
0.0
  0
LINE
  5
67B
330
17
100
AcDbEntity
  8
ENGRAVE
100
AcDbLine
 10
466.7184897786142
 20
373.38787699297427
 30
0.0
 11
467.41847909746184
 21
372.3378930147028
 31
0.0
  0
LINE
  5
67C
330
17
100
AcDbEntity
  8
ENGRAVE
100
AcDbLine
 10
467.41847909746184
 20
372.3378930147028
 30
0.0
 11
470.21843637285247
 21
372.3378930147028
 31
0.0
  0
LINE
  5
67D
330
17
100
AcDbEntity
  8
ENGRAVE
100
AcDbLine
 10
470.21843637285247
 20
372.3378930147028
 30
0.0
 11
470.9184256917001
 21
373.38787699297427
 31
0.0
  0
LINE
  5
67E
330
17
100
AcDbEntity
  8
CUT
100
AcDbLine
 10
109.55379722222219
 20
391.68070277777804
 30
0.0
 11
105.55294444444438
 21
391.68070277777804
 31
0.0
  0
LINE
  5
67F
330
17
100
AcDbEntity
  8
CUT
100
AcDbLine
 10
105.55294444444438
 20
421.26323611111144
 30
0.0
 11
10.500852777777794
 21
421.26323611111144
 31
0.0
  0
LINE
  5
680
330
17
100
AcDbEntity
  8
CUT
100
AcDbLine
 10
10.500852777777794
 20
391.68070277777804
 30
0.0
 11
6.5
 21
391.68070277777804
 31
0.0
  0
LINE
  5
681
330
17
100
AcDbEntity
  8
CUT
100
AcDbLine
 10
6.5
 20
388.67997500000035
 30
0.0
 11
109.55379722222219
 21
388.67997500000035
 31
0.0
  0
LINE
  5
682
330
17
100
AcDbEntity
  8
CUT
100
AcDbLine
 10
109.55379722222219
 20
388.67997500000035
 30
0.0
 11
109.55379722222219
 21
391.68070277777804
 31
0.0
  0
LINE
  5
683
330
17
100
AcDbEntity
  8
CUT
100
AcDbLine
 10
6.5
 20
391.68070277777804
 30
0.0
 11
6.5
 21
388.67997500000035
 31
0.0
  0
LINE
  5
684
330
17
100
AcDbEntity
  8
CUT
100
AcDbLine
 10
10.500852777777794
 20
421.26323611111144
 30
0.0
 11
10.500852777777794
 21
391.68070277777804
 31
0.0
  0
LINE
  5
685
330
17
100
AcDbEntity
  8
CUT
100
AcDbLine
 10
105.55294444444438
 20
391.68070277777804
 30
0.0
 11
105.55294444444438
 21
421.26323611111144
 31
0.0
  0
LINE
  5
686
330
17
100
AcDbEntity
  8
CUT
100
AcDbLine
 10
10.500852777777794
 20
405.97173055555584
 30
0.0
 11
105.55294444444438
 21
405.97173055555584
 31
0.0
  0
LINE
  5
687
330
17
100
AcDbEntity
  8
CUT
100
AcDbLine
 10
10.500852777777794
 20
395.77786388888916
 30
0.0
 11
105.55294444444438
 21
395.77786388888916
 31
0.0
  0
LINE
  5
688
330
17
100
AcDbEntity
  8
CUT
100
AcDbLine
 10
10.500852777777794
 20
400.8747972222225
 30
0.0
 11
105.55294444444438
 21
400.8747972222225
 31
0.0
  0
LINE
  5
689
330
17
100
AcDbEntity
  8
CUT
100
AcDbLine
 10
10.500852777777794
 20
411.0690166666669
 30
0.0
 11
105.55294444444438
 21
411.0690166666669
 31
0.0
  0
LINE
  5
68A
330
17
100
AcDbEntity
  8
CUT
100
AcDbLine
 10
10.500852777777794
 20
390.680577777778
 30
0.0
 11
105.55294444444438
 21
390.680577777778
 31
0.0
  0
LINE
  5
68B
330
17
100
AcDbEntity
  8
CUT
100
AcDbLine
 10
10.500852777777794
 20
416.166302777778
 30
0.0
 11
105.55294444444438
 21
416.166302777778
 31
0.0
  0
LINE
  5
68C
330
17
100
AcDbEntity
  8
ENGRAVE
100
AcDbLine
 10
12.877844818312663
 20
399.26142318859803
 30
0.0
 11
13.491135223586102
 21
399.8747135938715
 31
0.0
  0
LINE
  5
68D
330
17
100
AcDbEntity
  8
ENGRAVE
100
AcDbLine
 10
13.491135223586102
 20
399.8747135938715
 30
0.0
 11
13.491135223586102
 21
396.8082615675043
 31
0.0
  0
LINE
  5
68E
330
17
100
AcDbEntity
  8
ENGRAVE
100
AcDbLine
 10
12.877844818312663
 20
396.8082615675043
 30
0.0
 11
14.10442562885954
 21
396.8082615675043
 31
0.0
  0
LINE
  5
68F
330
17
100
AcDbEntity
  8
ENGRAVE
100
AcDbLine
 10
16.86423245259001
 20
399.8747135938715
 30
0.0
 11
15.331006439406414
 21
399.8747135938715
 31
0.0
  0
LINE
  5
690
330
17
100
AcDbEntity
  8
ENGRAVE
100
AcDbLine
 10
15.331006439406414
 20
399.8747135938715
 30
0.0
 11
15.331006439406414
 21
398.6481327833246
 31
0.0
  0
LINE
  5
691
330
17
100
AcDbEntity
  8
ENGRAVE
100
AcDbLine
 10
15.331006439406414
 20
398.6481327833246
 30
0.0
 11
16.55758724995329
 21
398.6481327833246
 31
0.0
  0
LINE
  5
692
330
17
100
AcDbEntity
  8
ENGRAVE
100
AcDbLine
 10
16.55758724995329
 20
398.6481327833246
 30
0.0
 11
16.86423245259001
 21
398.3414875806879
 31
0.0
  0
LINE
  5
693
330
17
100
AcDbEntity
  8
ENGRAVE
100
AcDbLine
 10
16.86423245259001
 20
398.3414875806879
 30
0.0
 11
16.86423245259001
 21
397.11490677014103
 31
0.0
  0
LINE
  5
694
330
17
100
AcDbEntity
  8
ENGRAVE
100
AcDbLine
 10
16.86423245259001
 20
397.11490677014103
 30
0.0
 11
16.55758724995329
 21
396.8082615675043
 31
0.0
  0
LINE
  5
695
330
17
100
AcDbEntity
  8
ENGRAVE
100
AcDbLine
 10
16.55758724995329
 20
396.8082615675043
 30
0.0
 11
15.331006439406414
 21
396.8082615675043
 31
0.0
  0
LINE
  5
696
330
17
100
AcDbEntity
  8
ENGRAVE
100
AcDbLine
 10
15.331006439406414
 20
396.8082615675043
 30
0.0
 11
15.024361236769696
 21
397.11490677014103
 31
0.0
  0
LINE
  5
697
330
17
100
AcDbEntity
  8
CUT
100
AcDbLine
 10
534.021927777778
 20
390.69363055555584
 30
0.0
 11
536.022177777778
 21
390.69363055555584
 31
0.0
  0
LINE
  5
698
330
17
100
AcDbEntity
  8
CUT
100
AcDbLine
 10
529.0604611111114
 20
396.6947333333338
 30
0.0
 11
507.52020277777785
 21
396.6947333333338
 31
0.0
  0
LINE
  5
699
330
17
100
AcDbEntity
  8
CUT
100
AcDbLine
 10
531.5344916666668
 20
407.66259444444484
 30
0.0
 11
530.818352777778
 21
407.0508777777783
 31
0.0
  0
LINE
  5
69A
330
17
100
AcDbEntity
  8
CUT
100
AcDbLine
 10
530.818352777778
 20
407.0508777777783
 30
0.0
 11
530.2066361111113
 21
406.33509166666704
 31
0.0
  0
LINE
  5
69B
330
17
100
AcDbEntity
  8
CUT
100
AcDbLine
 10
510.23024166666687
 20
390.4421000000004
 30
0.0
 11
508.1682555555558
 21
388.26228611111145
 31
0.0
  0
LINE
  5
69C
330
17
100
AcDbEntity
  8
CUT
100
AcDbLine
 10
513.136777777778
 20
390.69363055555584
 30
0.0
 11
515.137027777778
 21
390.69363055555584
 31
0.0
  0
LINE
  5
69D
330
17
100
AcDbEntity
  8
CUT
100
AcDbLine
 10
530.2066361111113
 20
406.33509166666704
 30
0.0
 11
529.7145111111113
 21
405.5321694444449
 31
0.0
  0
LINE
  5
69E
330
17
100
AcDbEntity
  8
CUT
100
AcDbLine
 10
508.1682555555558
 20
388.26228611111145
 30
0.0
 11
511.07479166666684
 21
385.5130888888893
 31
0.0
  0
LINE
  5
69F
330
17
100
AcDbEntity
  8
CUT
100
AcDbLine
 10
529.7145111111113
 20
405.5321694444449
 30
0.0
 11
529.3543250000002
 21
404.66186666666704
 31
0.0
  0
LINE
  5
6A0
330
17
100
AcDbEntity
  8
CUT
100
AcDbLine
 10
511.07479166666684
 20
385.5130888888893
 30
0.0
 11
513.136777777778
 21
387.6929027777783
 31
0.0
  0
LINE
  5
6A1
330
17
100
AcDbEntity
  8
CUT
100
AcDbLine
 10
529.3543250000002
 20
404.66186666666704
 30
0.0
 11
529.1345444444446
 21
403.74640833333365
 31
0.0
  0
LINE
  5
6A2
330
17
100
AcDbEntity
  8
CUT
100
AcDbLine
 10
532.337413888889
 20
408.1547194444449
 30
0.0
 11
531.5344916666668
 21
407.66259444444484
 31
0.0
  0
LINE
  5
6A3
330
17
100
AcDbEntity
  8
CUT
100
AcDbLine
 10
520.0984944444446
 20
390.69363055555584
 30
0.0
 11
522.0990972222224
 21
390.69363055555584
 31
0.0
  0
LINE
  5
6A4
330
17
100
AcDbEntity
  8
CUT
100
AcDbLine
 10
533.2073638888891
 20
408.51490555555597
 30
0.0
 11
532.337413888889
 21
408.1547194444449
 31
0.0
  0
LINE
  5
6A5
330
17
100
AcDbEntity
  8
CUT
100
AcDbLine
 10
522.0990972222224
 20
387.6929027777783
 30
0.0
 11
527.0602111111114
 21
387.6929027777783
 31
0.0
  0
LINE
  5
6A6
330
17
100
AcDbEntity
  8
CUT
100
AcDbLine
 10
535.0619166666669
 20
408.80876944444486
 30
0.0
 11
534.1231750000003
 21
408.73468611111144
 31
0.0
  0
LINE
  5
6A7
330
17
100
AcDbEntity
  8
CUT
100
AcDbLine
 10
529.0604611111114
 20
387.6929027777783
 30
0.0
 11
534.021927777778
 21
387.6929027777783
 31
0.0
  0
LINE
  5
6A8
330
17
100
AcDbEntity
  8
CUT
100
AcDbLine
 10
536.022177777778
 20
400.4437027777782
 30
0.0
 11
549.4757111111112
 21
400.4437027777782
 31
0.0
  0
LINE
  5
6A9
330
17
100
AcDbEntity
  8
CUT
100
AcDbLine
 10
534.1231750000003
 20
408.73468611111144
 30
0.0
 11
533.2073638888891
 21
408.51490555555597
 31
0.0
  0
LINE
  5
6AA
330
17
100
AcDbEntity
  8
CUT
100
AcDbLine
 10
507.52020277777785
 20
393.0060888888893
 30
0.0
 11
510.23024166666687
 21
390.4421000000004
 31
0.0
  0
LINE
  5
6AB
330
17
100
AcDbEntity
  8
CUT
100
AcDbLine
 10
549.4757111111112
 20
408.80876944444486
 30
0.0
 11
535.0619166666669
 21
408.80876944444486
 31
0.0
  0
LINE
  5
6AC
330
17
100
AcDbEntity
  8
CUT
100
AcDbLine
 10
515.137027777778
 20
387.6929027777783
 30
0.0
 11
520.0984944444446
 21
387.6929027777783
 31
0.0
  0
LINE
  5
6AD
330
17
100
AcDbEntity
  8
CUT
100
AcDbLine
 10
527.0602111111114
 20
390.69363055555584
 30
0.0
 11
529.0604611111114
 21
390.69363055555584
 31
0.0
  0
LINE
  5
6AE
330
17
100
AcDbEntity
  8
CUT
100
AcDbLine
 10
520.0984944444446
 20
387.6929027777783
 30
0.0
 11
520.0984944444446
 21
390.69363055555584
 31
0.0
  0
LINE
  5
6AF
330
17
100
AcDbEntity
  8
CUT
100
AcDbLine
 10
529.0604611111114
 20
390.69363055555584
 30
0.0
 11
529.0604611111114
 21
387.6929027777783
 31
0.0
  0
LINE
  5
6B0
330
17
100
AcDbEntity
  8
CUT
100
AcDbLine
 10
529.0604611111114
 20
402.80766666666705
 30
0.0
 11
529.0604611111114
 21
396.6947333333338
 31
0.0
  0
LINE
  5
6B1
330
17
100
AcDbEntity
  8
CUT
100
AcDbLine
 10
536.022177777778
 20
390.69363055555584
 30
0.0
 11
536.022177777778
 21
400.4437027777782
 31
0.0
  0
LINE
  5
6B2
330
17
100
AcDbEntity
  8
CUT
100
AcDbLine
 10
534.021927777778
 20
387.6929027777783
 30
0.0
 11
534.021927777778
 21
390.69363055555584
 31
0.0
  0
LINE
  5
6B3
330
17
100
AcDbEntity
  8
CUT
100
AcDbLine
 10
527.0602111111114
 20
387.6929027777783
 30
0.0
 11
527.0602111111114
 21
390.69363055555584
 31
0.0
  0
LINE
  5
6B4
330
17
100
AcDbEntity
  8
CUT
100
AcDbLine
 10
515.137027777778
 20
390.69363055555584
 30
0.0
 11
515.137027777778
 21
387.6929027777783
 31
0.0
  0
LINE
  5
6B5
330
17
100
AcDbEntity
  8
CUT
100
AcDbLine
 10
513.136777777778
 20
387.6929027777783
 30
0.0
 11
513.136777777778
 21
390.69363055555584
 31
0.0
  0
LINE
  5
6B6
330
17
100
AcDbEntity
  8
CUT
100
AcDbLine
 10
507.52020277777785
 20
396.6947333333338
 30
0.0
 11
507.52020277777785
 21
393.0060888888893
 31
0.0
  0
LINE
  5
6B7
330
17
100
AcDbEntity
  8
CUT
100
AcDbLine
 10
549.4757111111112
 20
400.4437027777782
 30
0.0
 11
549.4757111111112
 21
408.80876944444486
 31
0.0
  0
LINE
  5
6B8
330
17
100
AcDbEntity
  8
CUT
100
AcDbLine
 10
522.0990972222224
 20
390.69363055555584
 30
0.0
 11
522.0990972222224
 21
387.6929027777783
 31
0.0
  0
LINE
  5
6B9
330
17
100
AcDbEntity
  8
CUT
100
AcDbLine
 10
529.1345444444446
 20
403.74640833333365
 30
0.0
 11
529.0604611111114
 21
402.80766666666705
 31
0.0
  0
LINE
  5
6BA
330
17
100
AcDbEntity
  8
ENGRAVE
100
AcDbLine
 10
535.4647170071381
 20
406.52818373285373
 30
0.0
 11
536.1002882962007
 21
407.79932631097876
 31
0.0
  0
LINE
  5
6BB
330
17
100
AcDbEntity
  8
ENGRAVE
100
AcDbLine
 10
536.1002882962007
 20
407.79932631097876
 30
0.0
 11
538.6425734524506
 21
407.79932631097876
 31
0.0
  0
LINE
  5
6BC
330
17
100
AcDbEntity
  8
ENGRAVE
100
AcDbLine
 10
538.6425734524506
 20
407.79932631097876
 30
0.0
 11
539.2781447415132
 21
406.52818373285373
 31
0.0
  0
LINE
  5
6BD
330
17
100
AcDbEntity
  8
ENGRAVE
100
AcDbLine
 10
539.2781447415132
 20
406.52818373285373
 30
0.0
 11
539.2781447415132
 21
405.63838392816626
 31
0.0
  0
LINE
  5
6BE
330
17
100
AcDbEntity
  8
ENGRAVE
100
AcDbLine
 10
539.2781447415132
 20
405.63838392816626
 30
0.0
 11
535.4647170071381
 21
401.44361342035376
 31
0.0
  0
LINE
  5
6BF
330
17
100
AcDbEntity
  8
ENGRAVE
100
AcDbLine
 10
535.4647170071381
 20
401.44361342035376
 30
0.0
 11
539.2781447415132
 21
401.44361342035376
 31
0.0
  0
LINE
  5
6C0
330
17
100
AcDbEntity
  8
ENGRAVE
100
AcDbLine
 10
540.5492873196381
 20
406.52818373285373
 30
0.0
 11
541.1848586087007
 21
407.79932631097876
 31
0.0
  0
LINE
  5
6C1
330
17
100
AcDbEntity
  8
ENGRAVE
100
AcDbLine
 10
541.1848586087007
 20
407.79932631097876
 30
0.0
 11
543.7271437649506
 21
407.79932631097876
 31
0.0
  0
LINE
  5
6C2
330
17
100
AcDbEntity
  8
ENGRAVE
100
AcDbLine
 10
543.7271437649506
 20
407.79932631097876
 30
0.0
 11
544.3627150540132
 21
406.52818373285373
 31
0.0
  0
LINE
  5
6C3
330
17
100
AcDbEntity
  8
ENGRAVE
100
AcDbLine
 10
544.3627150540132
 20
406.52818373285373
 30
0.0
 11
544.3627150540132
 21
405.63838392816626
 31
0.0
  0
LINE
  5
6C4
330
17
100
AcDbEntity
  8
ENGRAVE
100
AcDbLine
 10
544.3627150540132
 20
405.63838392816626
 30
0.0
 11
540.5492873196381
 21
401.44361342035376
 31
0.0
  0
LINE
  5
6C5
330
17
100
AcDbEntity
  8
ENGRAVE
100
AcDbLine
 10
540.5492873196381
 20
401.44361342035376
 30
0.0
 11
544.3627150540132
 21
401.44361342035376
 31
0.0
  0
LINE
  5
6C6
330
17
100
AcDbEntity
  8
CUT
100
AcDbLine
 10
139.05552222222232
 20
393.8605166666669
 30
0.0
 11
141.05577222222232
 21
393.8605166666669
 31
0.0
  0
LINE
  5
6C7
330
17
100
AcDbEntity
  8
CUT
100
AcDbLine
 10
134.09405555555568
 20
399.86161944444484
 30
0.0
 11
112.55379722222219
 21
399.86161944444484
 31
0.0
  0
LINE
  5
6C8
330
17
100
AcDbEntity
  8
CUT
100
AcDbLine
 10
136.56808611111117
 20
410.8294805555559
 30
0.0
 11
135.85194722222232
 21
410.21776388888935
 31
0.0
  0
LINE
  5
6C9
330
17
100
AcDbEntity
  8
CUT
100
AcDbLine
 10
135.85194722222232
 20
410.21776388888935
 30
0.0
 11
135.2402305555556
 21
409.5019777777781
 31
0.0
  0
LINE
  5
6CA
330
17
100
AcDbEntity
  8
CUT
100
AcDbLine
 10
115.2638361111112
 20
393.60898611111145
 30
0.0
 11
113.20185000000012
 21
391.4291722222225
 31
0.0
  0
LINE
  5
6CB
330
17
100
AcDbEntity
  8
CUT
100
AcDbLine
 10
118.17037222222231
 20
393.8605166666669
 30
0.0
 11
120.1706222222223
 21
393.8605166666669
 31
0.0
  0
LINE
  5
6CC
330
17
100
AcDbEntity
  8
CUT
100
AcDbLine
 10
135.2402305555556
 20
409.5019777777781
 30
0.0
 11
134.7481055555556
 21
408.69905555555596
 31
0.0
  0
LINE
  5
6CD
330
17
100
AcDbEntity
  8
CUT
100
AcDbLine
 10
113.20185000000012
 20
391.4291722222225
 30
0.0
 11
116.10838611111117
 21
388.67997500000035
 31
0.0
  0
LINE
  5
6CE
330
17
100
AcDbEntity
  8
CUT
100
AcDbLine
 10
134.7481055555556
 20
408.69905555555596
 30
0.0
 11
134.38791944444452
 21
407.8287527777781
 31
0.0
  0
LINE
  5
6CF
330
17
100
AcDbEntity
  8
CUT
100
AcDbLine
 10
116.10838611111117
 20
388.67997500000035
 30
0.0
 11
118.17037222222231
 21
390.85978888888934
 31
0.0
  0
LINE
  5
6D0
330
17
100
AcDbEntity
  8
CUT
100
AcDbLine
 10
134.38791944444452
 20
407.8287527777781
 30
0.0
 11
134.168138888889
 21
406.9132944444447
 31
0.0
  0
LINE
  5
6D1
330
17
100
AcDbEntity
  8
CUT
100
AcDbLine
 10
137.37100833333338
 20
411.32160555555595
 30
0.0
 11
136.56808611111117
 21
410.8294805555559
 31
0.0
  0
LINE
  5
6D2
330
17
100
AcDbEntity
  8
CUT
100
AcDbLine
 10
125.13208888888889
 20
393.8605166666669
 30
0.0
 11
127.13269166666677
 21
393.8605166666669
 31
0.0
  0
LINE
  5
6D3
330
17
100
AcDbEntity
  8
CUT
100
AcDbLine
 10
138.2409583333334
 20
411.68179166666704
 30
0.0
 11
137.37100833333338
 21
411.32160555555595
 31
0.0
  0
LINE
  5
6D4
330
17
100
AcDbEntity
  8
CUT
100
AcDbLine
 10
127.13269166666677
 20
390.85978888888934
 30
0.0
 11
132.0938055555557
 21
390.85978888888934
 31
0.0
  0
LINE
  5
6D5
330
17
100
AcDbEntity
  8
CUT
100
AcDbLine
 10
140.09551111111122
 20
411.97565555555593
 30
0.0
 11
139.15676944444462
 21
411.9015722222225
 31
0.0
  0
LINE
  5
6D6
330
17
100
AcDbEntity
  8
CUT
100
AcDbLine
 10
134.09405555555568
 20
390.85978888888934
 30
0.0
 11
139.05552222222232
 21
390.85978888888934
 31
0.0
  0
LINE
  5
6D7
330
17
100
AcDbEntity
  8
CUT
100
AcDbLine
 10
141.05577222222232
 20
403.61058888888925
 30
0.0
 11
154.50930555555558
 21
403.61058888888925
 31
0.0
  0
LINE
  5
6D8
330
17
100
AcDbEntity
  8
CUT
100
AcDbLine
 10
139.15676944444462
 20
411.9015722222225
 30
0.0
 11
138.2409583333334
 21
411.68179166666704
 31
0.0
  0
LINE
  5
6D9
330
17
100
AcDbEntity
  8
CUT
100
AcDbLine
 10
112.55379722222219
 20
396.17297500000035
 30
0.0
 11
115.2638361111112
 21
393.60898611111145
 31
0.0
  0
LINE
  5
6DA
330
17
100
AcDbEntity
  8
CUT
100
AcDbLine
 10
154.50930555555558
 20
411.97565555555593
 30
0.0
 11
140.09551111111122
 21
411.97565555555593
 31
0.0
  0
LINE
  5
6DB
330
17
100
AcDbEntity
  8
CUT
100
AcDbLine
 10
120.1706222222223
 20
390.85978888888934
 30
0.0
 11
125.13208888888889
 21
390.85978888888934
 31
0.0
  0
LINE
  5
6DC
330
17
100
AcDbEntity
  8
CUT
100
AcDbLine
 10
132.0938055555557
 20
393.8605166666669
 30
0.0
 11
134.09405555555568
 21
393.8605166666669
 31
0.0
  0
LINE
  5
6DD
330
17
100
AcDbEntity
  8
CUT
100
AcDbLine
 10
125.13208888888889
 20
390.85978888888934
 30
0.0
 11
125.13208888888889
 21
393.8605166666669
 31
0.0
  0
LINE
  5
6DE
330
17
100
AcDbEntity
  8
CUT
100
AcDbLine
 10
134.09405555555568
 20
393.8605166666669
 30
0.0
 11
134.09405555555568
 21
390.85978888888934
 31
0.0
  0
LINE
  5
6DF
330
17
100
AcDbEntity
  8
CUT
100
AcDbLine
 10
134.09405555555568
 20
405.9745527777781
 30
0.0
 11
134.09405555555568
 21
399.86161944444484
 31
0.0
  0
LINE
  5
6E0
330
17
100
AcDbEntity
  8
CUT
100
AcDbLine
 10
141.05577222222232
 20
393.8605166666669
 30
0.0
 11
141.05577222222232
 21
403.61058888888925
 31
0.0
  0
LINE
  5
6E1
330
17
100
AcDbEntity
  8
CUT
100
AcDbLine
 10
139.05552222222232
 20
390.85978888888934
 30
0.0
 11
139.05552222222232
 21
393.8605166666669
 31
0.0
  0
LINE
  5
6E2
330
17
100
AcDbEntity
  8
CUT
100
AcDbLine
 10
132.0938055555557
 20
390.85978888888934
 30
0.0
 11
132.0938055555557
 21
393.8605166666669
 31
0.0
  0
LINE
  5
6E3
330
17
100
AcDbEntity
  8
CUT
100
AcDbLine
 10
120.1706222222223
 20
393.8605166666669
 30
0.0
 11
120.1706222222223
 21
390.85978888888934
 31
0.0
  0
LINE
  5
6E4
330
17
100
AcDbEntity
  8
CUT
100
AcDbLine
 10
118.17037222222231
 20
390.85978888888934
 30
0.0
 11
118.17037222222231
 21
393.8605166666669
 31
0.0
  0
LINE
  5
6E5
330
17
100
AcDbEntity
  8
CUT
100
AcDbLine
 10
112.55379722222219
 20
399.86161944444484
 30
0.0
 11
112.55379722222219
 21
396.17297500000035
 31
0.0
  0
LINE
  5
6E6
330
17
100
AcDbEntity
  8
CUT
100
AcDbLine
 10
154.50930555555558
 20
403.61058888888925
 30
0.0
 11
154.50930555555558
 21
411.97565555555593
 31
0.0
  0
LINE
  5
6E7
330
17
100
AcDbEntity
  8
CUT
100
AcDbLine
 10
127.13269166666677
 20
393.8605166666669
 30
0.0
 11
127.13269166666677
 21
390.85978888888934
 31
0.0
  0
LINE
  5
6E8
330
17
100
AcDbEntity
  8
CUT
100
AcDbLine
 10
134.168138888889
 20
406.9132944444447
 30
0.0
 11
134.09405555555568
 21
405.9745527777781
 31
0.0
  0
LINE
  5
6E9
330
17
100
AcDbEntity
  8
ENGRAVE
100
AcDbLine
 10
140.49831145158254
 20
409.6950698439648
 30
0.0
 11
141.13388274064502
 21
410.9662124220898
 31
0.0
  0
LINE
  5
6EA
330
17
100
AcDbEntity
  8
ENGRAVE
100
AcDbLine
 10
141.13388274064502
 20
410.9662124220898
 30
0.0
 11
143.67616789689504
 21
410.9662124220898
 31
0.0
  0
LINE
  5
6EB
330
17
100
AcDbEntity
  8
ENGRAVE
100
AcDbLine
 10
143.67616789689504
 20
410.9662124220898
 30
0.0
 11
144.31173918595752
 21
409.6950698439648
 31
0.0
  0
LINE
  5
6EC
330
17
100
AcDbEntity
  8
ENGRAVE
100
AcDbLine
 10
144.31173918595752
 20
409.6950698439648
 30
0.0
 11
144.31173918595752
 21
408.80527003927733
 31
0.0
  0
LINE
  5
6ED
330
17
100
AcDbEntity
  8
ENGRAVE
100
AcDbLine
 10
144.31173918595752
 20
408.80527003927733
 30
0.0
 11
140.49831145158254
 21
404.6104995314648
 31
0.0
  0
LINE
  5
6EE
330
17
100
AcDbEntity
  8
ENGRAVE
100
AcDbLine
 10
140.49831145158254
 20
404.6104995314648
 30
0.0
 11
144.31173918595752
 21
404.6104995314648
 31
0.0
  0
LINE
  5
6EF
330
17
100
AcDbEntity
  8
ENGRAVE
100
AcDbLine
 10
145.58288176408254
 20
409.6950698439648
 30
0.0
 11
146.21845305314503
 21
410.9662124220898
 31
0.0
  0
LINE
  5
6F0
330
17
100
AcDbEntity
  8
ENGRAVE
100
AcDbLine
 10
146.21845305314503
 20
410.9662124220898
 30
0.0
 11
148.76073820939504
 21
410.9662124220898
 31
0.0
  0
LINE
  5
6F1
330
17
100
AcDbEntity
  8
ENGRAVE
100
AcDbLine
 10
148.76073820939504
 20
410.9662124220898
 30
0.0
 11
149.39630949845753
 21
409.6950698439648
 31
0.0
  0
LINE
  5
6F2
330
17
100
AcDbEntity
  8
ENGRAVE
100
AcDbLine
 10
149.39630949845753
 20
409.6950698439648
 30
0.0
 11
149.39630949845753
 21
408.80527003927733
 31
0.0
  0
LINE
  5
6F3
330
17
100
AcDbEntity
  8
ENGRAVE
100
AcDbLine
 10
149.39630949845753
 20
408.80527003927733
 30
0.0
 11
145.58288176408254
 21
404.6104995314648
 31
0.0
  0
LINE
  5
6F4
330
17
100
AcDbEntity
  8
ENGRAVE
100
AcDbLine
 10
145.58288176408254
 20
404.6104995314648
 30
0.0
 11
149.39630949845753
 21
404.6104995314648
 31
0.0
  0
LINE
  5
6F5
330
17
100
AcDbEntity
  8
CUT
100
AcDbLine
 10
184.01103055555572
 20
393.8605166666669
 30
0.0
 11
186.01128055555571
 21
393.8605166666669
 31
0.0
  0
LINE
  5
6F6
330
17
100
AcDbEntity
  8
CUT
100
AcDbLine
 10
179.04956388888908
 20
399.86161944444484
 30
0.0
 11
157.50930555555558
 21
399.86161944444484
 31
0.0
  0
LINE
  5
6F7
330
17
100
AcDbEntity
  8
CUT
100
AcDbLine
 10
181.52359444444457
 20
410.8294805555559
 30
0.0
 11
180.80745555555572
 21
410.21776388888935
 31
0.0
  0
LINE
  5
6F8
330
17
100
AcDbEntity
  8
CUT
100
AcDbLine
 10
180.80745555555572
 20
410.21776388888935
 30
0.0
 11
180.195738888889
 21
409.5019777777781
 31
0.0
  0
LINE
  5
6F9
330
17
100
AcDbEntity
  8
CUT
100
AcDbLine
 10
160.2193444444446
 20
393.60898611111145
 30
0.0
 11
158.15735833333352
 21
391.4291722222225
 31
0.0
  0
LINE
  5
6FA
330
17
100
AcDbEntity
  8
CUT
100
AcDbLine
 10
163.1258805555557
 20
393.8605166666669
 30
0.0
 11
165.1261305555557
 21
393.8605166666669
 31
0.0
  0
LINE
  5
6FB
330
17
100
AcDbEntity
  8
CUT
100
AcDbLine
 10
180.195738888889
 20
409.5019777777781
 30
0.0
 11
179.703613888889
 21
408.69905555555596
 31
0.0
  0
LINE
  5
6FC
330
17
100
AcDbEntity
  8
CUT
100
AcDbLine
 10
158.15735833333352
 20
391.4291722222225
 30
0.0
 11
161.06389444444457
 21
388.67997500000035
 31
0.0
  0
LINE
  5
6FD
330
17
100
AcDbEntity
  8
CUT
100
AcDbLine
 10
179.703613888889
 20
408.69905555555596
 30
0.0
 11
179.34342777777792
 21
407.8287527777781
 31
0.0
  0
LINE
  5
6FE
330
17
100
AcDbEntity
  8
CUT
100
AcDbLine
 10
161.06389444444457
 20
388.67997500000035
 30
0.0
 11
163.1258805555557
 21
390.85978888888934
 31
0.0
  0
LINE
  5
6FF
330
17
100
AcDbEntity
  8
CUT
100
AcDbLine
 10
179.34342777777792
 20
407.8287527777781
 30
0.0
 11
179.1236472222224
 21
406.9132944444447
 31
0.0
  0
LINE
  5
700
330
17
100
AcDbEntity
  8
CUT
100
AcDbLine
 10
182.32651666666678
 20
411.32160555555595
 30
0.0
 11
181.52359444444457
 21
410.8294805555559
 31
0.0
  0
LINE
  5
701
330
17
100
AcDbEntity
  8
CUT
100
AcDbLine
 10
170.08759722222229
 20
393.8605166666669
 30
0.0
 11
172.08820000000017
 21
393.8605166666669
 31
0.0
  0
LINE
  5
702
330
17
100
AcDbEntity
  8
CUT
100
AcDbLine
 10
183.1964666666668
 20
411.68179166666704
 30
0.0
 11
182.32651666666678
 21
411.32160555555595
 31
0.0
  0
LINE
  5
703
330
17
100
AcDbEntity
  8
CUT
100
AcDbLine
 10
172.08820000000017
 20
390.85978888888934
 30
0.0
 11
177.0493138888891
 21
390.85978888888934
 31
0.0
  0
LINE
  5
704
330
17
100
AcDbEntity
  8
CUT
100
AcDbLine
 10
185.05101944444462
 20
411.97565555555593
 30
0.0
 11
184.11227777777802
 21
411.9015722222225
 31
0.0
  0
LINE
  5
705
330
17
100
AcDbEntity
  8
CUT
100
AcDbLine
 10
179.04956388888908
 20
390.85978888888934
 30
0.0
 11
184.01103055555572
 21
390.85978888888934
 31
0.0
  0
LINE
  5
706
330
17
100
AcDbEntity
  8
CUT
100
AcDbLine
 10
186.01128055555571
 20
403.61058888888925
 30
0.0
 11
199.46481388888898
 21
403.61058888888925
 31
0.0
  0
LINE
  5
707
330
17
100
AcDbEntity
  8
CUT
100
AcDbLine
 10
184.11227777777802
 20
411.9015722222225
 30
0.0
 11
183.1964666666668
 21
411.68179166666704
 31
0.0
  0
LINE
  5
708
330
17
100
AcDbEntity
  8
CUT
100
AcDbLine
 10
157.50930555555558
 20
396.17297500000035
 30
0.0
 11
160.2193444444446
 21
393.60898611111145
 31
0.0
  0
LINE
  5
709
330
17
100
AcDbEntity
  8
CUT
100
AcDbLine
 10
199.46481388888898
 20
411.97565555555593
 30
0.0
 11
185.05101944444462
 21
411.97565555555593
 31
0.0
  0
LINE
  5
70A
330
17
100
AcDbEntity
  8
CUT
100
AcDbLine
 10
165.1261305555557
 20
390.85978888888934
 30
0.0
 11
170.08759722222229
 21
390.85978888888934
 31
0.0
  0
LINE
  5
70B
330
17
100
AcDbEntity
  8
CUT
100
AcDbLine
 10
177.0493138888891
 20
393.8605166666669
 30
0.0
 11
179.04956388888908
 21
393.8605166666669
 31
0.0
  0
LINE
  5
70C
330
17
100
AcDbEntity
  8
CUT
100
AcDbLine
 10
170.08759722222229
 20
390.85978888888934
 30
0.0
 11
170.08759722222229
 21
393.8605166666669
 31
0.0
  0
LINE
  5
70D
330
17
100
AcDbEntity
  8
CUT
100
AcDbLine
 10
179.04956388888908
 20
393.8605166666669
 30
0.0
 11
179.04956388888908
 21
390.85978888888934
 31
0.0
  0
LINE
  5
70E
330
17
100
AcDbEntity
  8
CUT
100
AcDbLine
 10
179.04956388888908
 20
405.9745527777781
 30
0.0
 11
179.04956388888908
 21
399.86161944444484
 31
0.0
  0
LINE
  5
70F
330
17
100
AcDbEntity
  8
CUT
100
AcDbLine
 10
186.01128055555571
 20
393.8605166666669
 30
0.0
 11
186.01128055555571
 21
403.61058888888925
 31
0.0
  0
LINE
  5
710
330
17
100
AcDbEntity
  8
CUT
100
AcDbLine
 10
184.01103055555572
 20
390.85978888888934
 30
0.0
 11
184.01103055555572
 21
393.8605166666669
 31
0.0
  0
LINE
  5
711
330
17
100
AcDbEntity
  8
CUT
100
AcDbLine
 10
177.0493138888891
 20
390.85978888888934
 30
0.0
 11
177.0493138888891
 21
393.8605166666669
 31
0.0
  0
LINE
  5
712
330
17
100
AcDbEntity
  8
CUT
100
AcDbLine
 10
165.1261305555557
 20
393.8605166666669
 30
0.0
 11
165.1261305555557
 21
390.85978888888934
 31
0.0
  0
LINE
  5
713
330
17
100
AcDbEntity
  8
CUT
100
AcDbLine
 10
163.1258805555557
 20
390.85978888888934
 30
0.0
 11
163.1258805555557
 21
393.8605166666669
 31
0.0
  0
LINE
  5
714
330
17
100
AcDbEntity
  8
CUT
100
AcDbLine
 10
157.50930555555558
 20
399.86161944444484
 30
0.0
 11
157.50930555555558
 21
396.17297500000035
 31
0.0
  0
LINE
  5
715
330
17
100
AcDbEntity
  8
CUT
100
AcDbLine
 10
199.46481388888898
 20
403.61058888888925
 30
0.0
 11
199.46481388888898
 21
411.97565555555593
 31
0.0
  0
LINE
  5
716
330
17
100
AcDbEntity
  8
CUT
100
AcDbLine
 10
172.08820000000017
 20
393.8605166666669
 30
0.0
 11
172.08820000000017
 21
390.85978888888934
 31
0.0
  0
LINE
  5
717
330
17
100
AcDbEntity
  8
CUT
100
AcDbLine
 10
179.1236472222224
 20
406.9132944444447
 30
0.0
 11
179.04956388888908
 21
405.9745527777781
 31
0.0
  0
LINE
  5
718
330
17
100
AcDbEntity
  8
ENGRAVE
100
AcDbLine
 10
185.45381978491594
 20
409.6950698439648
 30
0.0
 11
186.08939107397842
 21
410.9662124220898
 31
0.0
  0
LINE
  5
719
330
17
100
AcDbEntity
  8
ENGRAVE
100
AcDbLine
 10
186.08939107397842
 20
410.9662124220898
 30
0.0
 11
188.63167623022844
 21
410.9662124220898
 31
0.0
  0
LINE
  5
71A
330
17
100
AcDbEntity
  8
ENGRAVE
100
AcDbLine
 10
188.63167623022844
 20
410.9662124220898
 30
0.0
 11
189.26724751929092
 21
409.6950698439648
 31
0.0
  0
LINE
  5
71B
330
17
100
AcDbEntity
  8
ENGRAVE
100
AcDbLine
 10
189.26724751929092
 20
409.6950698439648
 30
0.0
 11
189.26724751929092
 21
408.80527003927733
 31
0.0
  0
LINE
  5
71C
330
17
100
AcDbEntity
  8
ENGRAVE
100
AcDbLine
 10
189.26724751929092
 20
408.80527003927733
 30
0.0
 11
185.45381978491594
 21
404.6104995314648
 31
0.0
  0
LINE
  5
71D
330
17
100
AcDbEntity
  8
ENGRAVE
100
AcDbLine
 10
185.45381978491594
 20
404.6104995314648
 30
0.0
 11
189.26724751929092
 21
404.6104995314648
 31
0.0
  0
LINE
  5
71E
330
17
100
AcDbEntity
  8
ENGRAVE
100
AcDbLine
 10
190.53839009741594
 20
409.6950698439648
 30
0.0
 11
191.17396138647842
 21
410.9662124220898
 31
0.0
  0
LINE
  5
71F
330
17
100
AcDbEntity
  8
ENGRAVE
100
AcDbLine
 10
191.17396138647842
 20
410.9662124220898
 30
0.0
 11
193.71624654272844
 21
410.9662124220898
 31
0.0
  0
LINE
  5
720
330
17
100
AcDbEntity
  8
ENGRAVE
100
AcDbLine
 10
193.71624654272844
 20
410.9662124220898
 30
0.0
 11
194.35181783179092
 21
409.6950698439648
 31
0.0
  0
LINE
  5
721
330
17
100
AcDbEntity
  8
ENGRAVE
100
AcDbLine
 10
194.35181783179092
 20
409.6950698439648
 30
0.0
 11
194.35181783179092
 21
408.80527003927733
 31
0.0
  0
LINE
  5
722
330
17
100
AcDbEntity
  8
ENGRAVE
100
AcDbLine
 10
194.35181783179092
 20
408.80527003927733
 30
0.0
 11
190.53839009741594
 21
404.6104995314648
 31
0.0
  0
LINE
  5
723
330
17
100
AcDbEntity
  8
ENGRAVE
100
AcDbLine
 10
190.53839009741594
 20
404.6104995314648
 30
0.0
 11
194.35181783179092
 21
404.6104995314648
 31
0.0
  0
LINE
  5
724
330
17
100
AcDbEntity
  8
CUT
100
AcDbLine
 10
228.96653888888912
 20
393.8605166666669
 30
0.0
 11
230.9667888888891
 21
393.8605166666669
 31
0.0
  0
LINE
  5
725
330
17
100
AcDbEntity
  8
CUT
100
AcDbLine
 10
224.00507222222248
 20
399.86161944444484
 30
0.0
 11
202.46481388888898
 21
399.86161944444484
 31
0.0
  0
LINE
  5
726
330
17
100
AcDbEntity
  8
CUT
100
AcDbLine
 10
226.47910277777797
 20
410.8294805555559
 30
0.0
 11
225.76296388888912
 21
410.21776388888935
 31
0.0
  0
LINE
  5
727
330
17
100
AcDbEntity
  8
CUT
100
AcDbLine
 10
225.76296388888912
 20
410.21776388888935
 30
0.0
 11
225.1512472222224
 21
409.5019777777781
 31
0.0
  0
LINE
  5
728
330
17
100
AcDbEntity
  8
CUT
100
AcDbLine
 10
205.174852777778
 20
393.60898611111145
 30
0.0
 11
203.11286666666692
 21
391.4291722222225
 31
0.0
  0
LINE
  5
729
330
17
100
AcDbEntity
  8
CUT
100
AcDbLine
 10
208.0813888888891
 20
393.8605166666669
 30
0.0
 11
210.0816388888891
 21
393.8605166666669
 31
0.0
  0
LINE
  5
72A
330
17
100
AcDbEntity
  8
CUT
100
AcDbLine
 10
225.1512472222224
 20
409.5019777777781
 30
0.0
 11
224.6591222222224
 21
408.69905555555596
 31
0.0
  0
LINE
  5
72B
330
17
100
AcDbEntity
  8
CUT
100
AcDbLine
 10
203.11286666666692
 20
391.4291722222225
 30
0.0
 11
206.01940277777797
 21
388.67997500000035
 31
0.0
  0
LINE
  5
72C
330
17
100
AcDbEntity
  8
CUT
100
AcDbLine
 10
224.6591222222224
 20
408.69905555555596
 30
0.0
 11
224.29893611111132
 21
407.8287527777781
 31
0.0
  0
LINE
  5
72D
330
17
100
AcDbEntity
  8
CUT
100
AcDbLine
 10
206.01940277777797
 20
388.67997500000035
 30
0.0
 11
208.0813888888891
 21
390.85978888888934
 31
0.0
  0
LINE
  5
72E
330
17
100
AcDbEntity
  8
CUT
100
AcDbLine
 10
224.29893611111132
 20
407.8287527777781
 30
0.0
 11
224.0791555555558
 21
406.9132944444447
 31
0.0
  0
LINE
  5
72F
330
17
100
AcDbEntity
  8
CUT
100
AcDbLine
 10
227.28202500000017
 20
411.32160555555595
 30
0.0
 11
226.47910277777797
 21
410.8294805555559
 31
0.0
  0
LINE
  5
730
330
17
100
AcDbEntity
  8
CUT
100
AcDbLine
 10
215.04310555555568
 20
393.8605166666669
 30
0.0
 11
217.04370833333357
 21
393.8605166666669
 31
0.0
  0
LINE
  5
731
330
17
100
AcDbEntity
  8
CUT
100
AcDbLine
 10
228.1519750000002
 20
411.68179166666704
 30
0.0
 11
227.28202500000017
 21
411.32160555555595
 31
0.0
  0
LINE
  5
732
330
17
100
AcDbEntity
  8
CUT
100
AcDbLine
 10
217.04370833333357
 20
390.85978888888934
 30
0.0
 11
222.0048222222225
 21
390.85978888888934
 31
0.0
  0
LINE
  5
733
330
17
100
AcDbEntity
  8
CUT
100
AcDbLine
 10
230.00652777777802
 20
411.97565555555593
 30
0.0
 11
229.06778611111142
 21
411.9015722222225
 31
0.0
  0
LINE
  5
734
330
17
100
AcDbEntity
  8
CUT
100
AcDbLine
 10
224.00507222222248
 20
390.85978888888934
 30
0.0
 11
228.96653888888912
 21
390.85978888888934
 31
0.0
  0
LINE
  5
735
330
17
100
AcDbEntity
  8
CUT
100
AcDbLine
 10
230.9667888888891
 20
403.61058888888925
 30
0.0
 11
244.42032222222238
 21
403.61058888888925
 31
0.0
  0
LINE
  5
736
330
17
100
AcDbEntity
  8
CUT
100
AcDbLine
 10
229.06778611111142
 20
411.9015722222225
 30
0.0
 11
228.1519750000002
 21
411.68179166666704
 31
0.0
  0
LINE
  5
737
330
17
100
AcDbEntity
  8
CUT
100
AcDbLine
 10
202.46481388888898
 20
396.17297500000035
 30
0.0
 11
205.174852777778
 21
393.60898611111145
 31
0.0
  0
LINE
  5
738
330
17
100
AcDbEntity
  8
CUT
100
AcDbLine
 10
244.42032222222238
 20
411.97565555555593
 30
0.0
 11
230.00652777777802
 21
411.97565555555593
 31
0.0
  0
LINE
  5
739
330
17
100
AcDbEntity
  8
CUT
100
AcDbLine
 10
210.0816388888891
 20
390.85978888888934
 30
0.0
 11
215.04310555555568
 21
390.85978888888934
 31
0.0
  0
LINE
  5
73A
330
17
100
AcDbEntity
  8
CUT
100
AcDbLine
 10
222.0048222222225
 20
393.8605166666669
 30
0.0
 11
224.00507222222248
 21
393.8605166666669
 31
0.0
  0
LINE
  5
73B
330
17
100
AcDbEntity
  8
CUT
100
AcDbLine
 10
215.04310555555568
 20
390.85978888888934
 30
0.0
 11
215.04310555555568
 21
393.8605166666669
 31
0.0
  0
LINE
  5
73C
330
17
100
AcDbEntity
  8
CUT
100
AcDbLine
 10
224.00507222222248
 20
393.8605166666669
 30
0.0
 11
224.00507222222248
 21
390.85978888888934
 31
0.0
  0
LINE
  5
73D
330
17
100
AcDbEntity
  8
CUT
100
AcDbLine
 10
224.00507222222248
 20
405.9745527777781
 30
0.0
 11
224.00507222222248
 21
399.86161944444484
 31
0.0
  0
LINE
  5
73E
330
17
100
AcDbEntity
  8
CUT
100
AcDbLine
 10
230.9667888888891
 20
393.8605166666669
 30
0.0
 11
230.9667888888891
 21
403.61058888888925
 31
0.0
  0
LINE
  5
73F
330
17
100
AcDbEntity
  8
CUT
100
AcDbLine
 10
228.96653888888912
 20
390.85978888888934
 30
0.0
 11
228.96653888888912
 21
393.8605166666669
 31
0.0
  0
LINE
  5
740
330
17
100
AcDbEntity
  8
CUT
100
AcDbLine
 10
222.0048222222225
 20
390.85978888888934
 30
0.0
 11
222.0048222222225
 21
393.8605166666669
 31
0.0
  0
LINE
  5
741
330
17
100
AcDbEntity
  8
CUT
100
AcDbLine
 10
210.0816388888891
 20
393.8605166666669
 30
0.0
 11
210.0816388888891
 21
390.85978888888934
 31
0.0
  0
LINE
  5
742
330
17
100
AcDbEntity
  8
CUT
100
AcDbLine
 10
208.0813888888891
 20
390.85978888888934
 30
0.0
 11
208.0813888888891
 21
393.8605166666669
 31
0.0
  0
LINE
  5
743
330
17
100
AcDbEntity
  8
CUT
100
AcDbLine
 10
202.46481388888898
 20
399.86161944444484
 30
0.0
 11
202.46481388888898
 21
396.17297500000035
 31
0.0
  0
LINE
  5
744
330
17
100
AcDbEntity
  8
CUT
100
AcDbLine
 10
244.42032222222238
 20
403.61058888888925
 30
0.0
 11
244.42032222222238
 21
411.97565555555593
 31
0.0
  0
LINE
  5
745
330
17
100
AcDbEntity
  8
CUT
100
AcDbLine
 10
217.04370833333357
 20
393.8605166666669
 30
0.0
 11
217.04370833333357
 21
390.85978888888934
 31
0.0
  0
LINE
  5
746
330
17
100
AcDbEntity
  8
CUT
100
AcDbLine
 10
224.0791555555558
 20
406.9132944444447
 30
0.0
 11
224.00507222222248
 21
405.9745527777781
 31
0.0
  0
LINE
  5
747
330
17
100
AcDbEntity
  8
ENGRAVE
100
AcDbLine
 10
230.40932811824933
 20
409.6950698439648
 30
0.0
 11
231.04489940731182
 21
410.9662124220898
 31
0.0
  0
LINE
  5
748
330
17
100
AcDbEntity
  8
ENGRAVE
100
AcDbLine
 10
231.04489940731182
 20
410.9662124220898
 30
0.0
 11
233.58718456356183
 21
410.9662124220898
 31
0.0
  0
LINE
  5
749
330
17
100
AcDbEntity
  8
ENGRAVE
100
AcDbLine
 10
233.58718456356183
 20
410.9662124220898
 30
0.0
 11
234.22275585262432
 21
409.6950698439648
 31
0.0
  0
LINE
  5
74A
330
17
100
AcDbEntity
  8
ENGRAVE
100
AcDbLine
 10
234.22275585262432
 20
409.6950698439648
 30
0.0
 11
234.22275585262432
 21
408.80527003927733
 31
0.0
  0
LINE
  5
74B
330
17
100
AcDbEntity
  8
ENGRAVE
100
AcDbLine
 10
234.22275585262432
 20
408.80527003927733
 30
0.0
 11
230.40932811824933
 21
404.6104995314648
 31
0.0
  0
LINE
  5
74C
330
17
100
AcDbEntity
  8
ENGRAVE
100
AcDbLine
 10
230.40932811824933
 20
404.6104995314648
 30
0.0
 11
234.22275585262432
 21
404.6104995314648
 31
0.0
  0
LINE
  5
74D
330
17
100
AcDbEntity
  8
ENGRAVE
100
AcDbLine
 10
235.49389843074934
 20
409.6950698439648
 30
0.0
 11
236.12946971981182
 21
410.9662124220898
 31
0.0
  0
LINE
  5
74E
330
17
100
AcDbEntity
  8
ENGRAVE
100
AcDbLine
 10
236.12946971981182
 20
410.9662124220898
 30
0.0
 11
238.67175487606184
 21
410.9662124220898
 31
0.0
  0
LINE
  5
74F
330
17
100
AcDbEntity
  8
ENGRAVE
100
AcDbLine
 10
238.67175487606184
 20
410.9662124220898
 30
0.0
 11
239.30732616512432
 21
409.6950698439648
 31
0.0
  0
LINE
  5
750
330
17
100
AcDbEntity
  8
ENGRAVE
100
AcDbLine
 10
239.30732616512432
 20
409.6950698439648
 30
0.0
 11
239.30732616512432
 21
408.80527003927733
 31
0.0
  0
LINE
  5
751
330
17
100
AcDbEntity
  8
ENGRAVE
100
AcDbLine
 10
239.30732616512432
 20
408.80527003927733
 30
0.0
 11
235.49389843074934
 21
404.6104995314648
 31
0.0
  0
LINE
  5
752
330
17
100
AcDbEntity
  8
ENGRAVE
100
AcDbLine
 10
235.49389843074934
 20
404.6104995314648
 30
0.0
 11
239.30732616512432
 21
404.6104995314648
 31
0.0
  0
LINE
  5
753
330
17
100
AcDbEntity
  8
CUT
100
AcDbLine
 10
589.5191416666669
 20
394.4810527777782
 30
0.0
 11
589.5191416666669
 21
388.5134638888893
 31
0.0
  0
LINE
  5
754
330
17
100
AcDbEntity
  8
CUT
100
AcDbLine
 10
555.4760861111113
 20
388.5134638888893
 30
0.0
 11
555.4760861111113
 21
394.4810527777782
 31
0.0
  0
LINE
  5
755
330
17
100
AcDbEntity
  8
CUT
100
AcDbLine
 10
555.4760861111113
 20
394.4810527777782
 30
0.0
 11
589.5191416666669
 21
394.4810527777782
 31
0.0
  0
LINE
  5
756
330
17
100
AcDbEntity
  8
CUT
100
AcDbLine
 10
589.5191416666669
 20
388.5134638888893
 30
0.0
 11
555.4760861111113
 21
388.5134638888893
 31
0.0
  0
LINE
  5
757
330
17
100
AcDbEntity
  8
CUT
100
AcDbLine
 10
592.5198694444447
 20
385.5130888888893
 30
0.0
 11
592.5198694444447
 21
397.481780555556
 31
0.0
  0
LINE
  5
758
330
17
100
AcDbEntity
  8
CUT
100
AcDbLine
 10
552.4757111111112
 20
397.481780555556
 30
0.0
 11
552.4757111111112
 21
385.5130888888893
 31
0.0
  0
LINE
  5
759
330
17
100
AcDbEntity
  8
CUT
100
AcDbLine
 10
552.4757111111112
 20
385.5130888888893
 30
0.0
 11
592.5198694444446
 21
385.5130888888893
 31
0.0
  0
LINE
  5
75A
330
17
100
AcDbEntity
  8
CUT
100
AcDbLine
 10
592.5198694444447
 20
397.481780555556
 30
0.0
 11
552.4757111111112
 21
397.481780555556
 31
0.0
  0
LINE
  5
75B
330
17
100
AcDbEntity
  8
ENGRAVE
100
AcDbLine
 10
589.0474429065214
 20
396.795658498644
 30
0.0
 11
589.2330599719511
 21
396.9812755640737
 31
0.0
  0
LINE
  5
75C
330
17
100
AcDbEntity
  8
ENGRAVE
100
AcDbLine
 10
589.2330599719511
 20
396.9812755640737
 30
0.0
 11
589.9755282336698
 21
396.9812755640737
 31
0.0
  0
LINE
  5
75D
330
17
100
AcDbEntity
  8
ENGRAVE
100
AcDbLine
 10
589.9755282336698
 20
396.9812755640737
 30
0.0
 11
590.1611452990995
 21
396.795658498644
 31
0.0
  0
LINE
  5
75E
330
17
100
AcDbEntity
  8
ENGRAVE
100
AcDbLine
 10
590.1611452990995
 20
396.795658498644
 30
0.0
 11
590.1611452990995
 21
396.35017754161277
 31
0.0
  0
LINE
  5
75F
330
17
100
AcDbEntity
  8
ENGRAVE
100
AcDbLine
 10
590.1611452990995
 20
396.35017754161277
 30
0.0
 11
589.9755282336698
 21
396.1645604761831
 31
0.0
  0
LINE
  5
760
330
17
100
AcDbEntity
  8
ENGRAVE
100
AcDbLine
 10
589.9755282336698
 20
396.1645604761831
 30
0.0
 11
589.4186770373808
 21
396.1645604761831
 31
0.0
  0
LINE
  5
761
330
17
100
AcDbEntity
  8
ENGRAVE
100
AcDbLine
 10
589.9755282336698
 20
396.1645604761831
 30
0.0
 11
590.1611452990995
 21
395.9789434107534
 31
0.0
  0
LINE
  5
762
330
17
100
AcDbEntity
  8
ENGRAVE
100
AcDbLine
 10
590.1611452990995
 20
395.9789434107534
 30
0.0
 11
590.1611452990995
 21
395.31072197520655
 31
0.0
  0
LINE
  5
763
330
17
100
AcDbEntity
  8
ENGRAVE
100
AcDbLine
 10
590.1611452990995
 20
395.31072197520655
 30
0.0
 11
589.9755282336698
 21
395.12510490977684
 31
0.0
  0
LINE
  5
764
330
17
100
AcDbEntity
  8
ENGRAVE
100
AcDbLine
 10
589.9755282336698
 20
395.12510490977684
 30
0.0
 11
589.2330599719511
 21
395.12510490977684
 31
0.0
  0
LINE
  5
765
330
17
100
AcDbEntity
  8
ENGRAVE
100
AcDbLine
 10
589.2330599719511
 20
395.12510490977684
 30
0.0
 11
589.0474429065214
 21
395.31072197520655
 31
0.0
  0
LINE
  5
766
330
17
100
AcDbEntity
  8
ENGRAVE
100
AcDbLine
 10
591.6460818225371
 20
396.9812755640737
 30
0.0
 11
590.7179964953887
 21
396.9812755640737
 31
0.0
  0
LINE
  5
767
330
17
100
AcDbEntity
  8
ENGRAVE
100
AcDbLine
 10
590.7179964953887
 20
396.9812755640737
 30
0.0
 11
590.7179964953887
 21
396.238807302355
 31
0.0
  0
LINE
  5
768
330
17
100
AcDbEntity
  8
ENGRAVE
100
AcDbLine
 10
590.7179964953887
 20
396.238807302355
 30
0.0
 11
591.4604647571074
 21
396.238807302355
 31
0.0
  0
LINE
  5
769
330
17
100
AcDbEntity
  8
ENGRAVE
100
AcDbLine
 10
591.4604647571074
 20
396.238807302355
 30
0.0
 11
591.6460818225371
 21
396.0531902369253
 31
0.0
  0
LINE
  5
76A
330
17
100
AcDbEntity
  8
ENGRAVE
100
AcDbLine
 10
591.6460818225371
 20
396.0531902369253
 30
0.0
 11
591.6460818225371
 21
395.31072197520655
 31
0.0
  0
LINE
  5
76B
330
17
100
AcDbEntity
  8
ENGRAVE
100
AcDbLine
 10
591.6460818225371
 20
395.31072197520655
 30
0.0
 11
591.4604647571074
 21
395.12510490977684
 31
0.0
  0
LINE
  5
76C
330
17
100
AcDbEntity
  8
ENGRAVE
100
AcDbLine
 10
591.4604647571074
 20
395.12510490977684
 30
0.0
 11
590.7179964953887
 21
395.12510490977684
 31
0.0
  0
LINE
  5
76D
330
17
100
AcDbEntity
  8
ENGRAVE
100
AcDbLine
 10
590.7179964953887
 20
395.12510490977684
 30
0.0
 11
590.532379429959
 21
395.31072197520655
 31
0.0
  0
LINE
  5
76E
330
17
100
AcDbEntity
  8
CUT
100
AcDbLine
 10
589.5191416666669
 20
409.4497444444449
 30
0.0
 11
589.5191416666669
 21
403.482155555556
 31
0.0
  0
LINE
  5
76F
330
17
100
AcDbEntity
  8
CUT
100
AcDbLine
 10
555.4760861111113
 20
403.482155555556
 30
0.0
 11
555.4760861111113
 21
409.4497444444449
 31
0.0
  0
LINE
  5
770
330
17
100
AcDbEntity
  8
CUT
100
AcDbLine
 10
555.4760861111113
 20
409.4497444444449
 30
0.0
 11
589.5191416666669
 21
409.4497444444449
 31
0.0
  0
LINE
  5
771
330
17
100
AcDbEntity
  8
CUT
100
AcDbLine
 10
589.5191416666669
 20
403.482155555556
 30
0.0
 11
555.4760861111113
 21
403.482155555556
 31
0.0
  0
LINE
  5
772
330
17
100
AcDbEntity
  8
CUT
100
AcDbLine
 10
592.5198694444447
 20
400.481780555556
 30
0.0
 11
592.5198694444447
 21
412.4504722222227
 31
0.0
  0
LINE
  5
773
330
17
100
AcDbEntity
  8
CUT
100
AcDbLine
 10
552.4757111111112
 20
412.4504722222227
 30
0.0
 11
552.4757111111112
 21
400.481780555556
 31
0.0
  0
LINE
  5
774
330
17
100
AcDbEntity
  8
CUT
100
AcDbLine
 10
552.4757111111112
 20
400.481780555556
 30
0.0
 11
592.5198694444446
 21
400.481780555556
 31
0.0
  0
LINE
  5
775
330
17
100
AcDbEntity
  8
CUT
100
AcDbLine
 10
592.5198694444447
 20
412.4504722222227
 30
0.0
 11
552.4757111111112
 21
412.4504722222227
 31
0.0
  0
LINE
  5
776
330
17
100
AcDbEntity
  8
ENGRAVE
100
AcDbLine
 10
589.0474429065214
 20
411.7643501653107
 30
0.0
 11
589.2330599719511
 21
411.9499672307404
 31
0.0
  0
LINE
  5
777
330
17
100
AcDbEntity
  8
ENGRAVE
100
AcDbLine
 10
589.2330599719511
 20
411.9499672307404
 30
0.0
 11
589.9755282336698
 21
411.9499672307404
 31
0.0
  0
LINE
  5
778
330
17
100
AcDbEntity
  8
ENGRAVE
100
AcDbLine
 10
589.9755282336698
 20
411.9499672307404
 30
0.0
 11
590.1611452990995
 21
411.7643501653107
 31
0.0
  0
LINE
  5
779
330
17
100
AcDbEntity
  8
ENGRAVE
100
AcDbLine
 10
590.1611452990995
 20
411.7643501653107
 30
0.0
 11
590.1611452990995
 21
411.31886920827947
 31
0.0
  0
LINE
  5
77A
330
17
100
AcDbEntity
  8
ENGRAVE
100
AcDbLine
 10
590.1611452990995
 20
411.31886920827947
 30
0.0
 11
589.9755282336698
 21
411.1332521428498
 31
0.0
  0
LINE
  5
77B
330
17
100
AcDbEntity
  8
ENGRAVE
100
AcDbLine
 10
589.9755282336698
 20
411.1332521428498
 30
0.0
 11
589.4186770373808
 21
411.1332521428498
 31
0.0
  0
LINE
  5
77C
330
17
100
AcDbEntity
  8
ENGRAVE
100
AcDbLine
 10
589.9755282336698
 20
411.1332521428498
 30
0.0
 11
590.1611452990995
 21
410.9476350774201
 31
0.0
  0
LINE
  5
77D
330
17
100
AcDbEntity
  8
ENGRAVE
100
AcDbLine
 10
590.1611452990995
 20
410.9476350774201
 30
0.0
 11
590.1611452990995
 21
410.27941364187325
 31
0.0
  0
LINE
  5
77E
330
17
100
AcDbEntity
  8
ENGRAVE
100
AcDbLine
 10
590.1611452990995
 20
410.27941364187325
 30
0.0
 11
589.9755282336698
 21
410.09379657644354
 31
0.0
  0
LINE
  5
77F
330
17
100
AcDbEntity
  8
ENGRAVE
100
AcDbLine
 10
589.9755282336698
 20
410.09379657644354
 30
0.0
 11
589.2330599719511
 21
410.09379657644354
 31
0.0
  0
LINE
  5
780
330
17
100
AcDbEntity
  8
ENGRAVE
100
AcDbLine
 10
589.2330599719511
 20
410.09379657644354
 30
0.0
 11
589.0474429065214
 21
410.27941364187325
 31
0.0
  0
LINE
  5
781
330
17
100
AcDbEntity
  8
ENGRAVE
100
AcDbLine
 10
591.6460818225371
 20
411.9499672307404
 30
0.0
 11
590.7179964953887
 21
411.9499672307404
 31
0.0
  0
LINE
  5
782
330
17
100
AcDbEntity
  8
ENGRAVE
100
AcDbLine
 10
590.7179964953887
 20
411.9499672307404
 30
0.0
 11
590.7179964953887
 21
411.2074989690217
 31
0.0
  0
LINE
  5
783
330
17
100
AcDbEntity
  8
ENGRAVE
100
AcDbLine
 10
590.7179964953887
 20
411.2074989690217
 30
0.0
 11
591.4604647571074
 21
411.2074989690217
 31
0.0
  0
LINE
  5
784
330
17
100
AcDbEntity
  8
ENGRAVE
100
AcDbLine
 10
591.4604647571074
 20
411.2074989690217
 30
0.0
 11
591.6460818225371
 21
411.021881903592
 31
0.0
  0
LINE
  5
785
330
17
100
AcDbEntity
  8
ENGRAVE
100
AcDbLine
 10
591.6460818225371
 20
411.021881903592
 30
0.0
 11
591.6460818225371
 21
410.27941364187325
 31
0.0
  0
LINE
  5
786
330
17
100
AcDbEntity
  8
ENGRAVE
100
AcDbLine
 10
591.6460818225371
 20
410.27941364187325
 30
0.0
 11
591.4604647571074
 21
410.09379657644354
 31
0.0
  0
LINE
  5
787
330
17
100
AcDbEntity
  8
ENGRAVE
100
AcDbLine
 10
591.4604647571074
 20
410.09379657644354
 30
0.0
 11
590.7179964953887
 21
410.09379657644354
 31
0.0
  0
LINE
  5
788
330
17
100
AcDbEntity
  8
ENGRAVE
100
AcDbLine
 10
590.7179964953887
 20
410.09379657644354
 30
0.0
 11
590.532379429959
 21
410.27941364187325
 31
0.0
  0
LINE
  5
789
330
17
100
AcDbEntity
  8
CUT
100
AcDbLine
 10
247.42032222222238
 20
388.67997500000035
 30
0.0
 11
268.2938305555559
 21
388.67997500000035
 31
0.0
  0
LINE
  5
78A
330
17
100
AcDbEntity
  8
CUT
100
AcDbLine
 10
268.2938305555559
 20
427.6873194444448
 30
0.0
 11
247.42032222222238
 21
427.6873194444448
 31
0.0
  0
LINE
  5
78B
330
17
100
AcDbEntity
  8
CUT
100
AcDbLine
 10
268.2938305555559
 20
388.67997500000035
 30
0.0
 11
268.2938305555559
 21
427.6873194444448
 31
0.0
  0
LINE
  5
78C
330
17
100
AcDbEntity
  8
CUT
100
AcDbLine
 10
247.42032222222238
 20
427.6873194444448
 30
0.0
 11
247.42032222222238
 21
388.67997500000035
 31
0.0
  0
LINE
  5
78D
330
17
100
AcDbEntity
  8
CUT
100
AcDbLine
 10
250.4206972222224
 20
424.68694444444486
 30
0.0
 11
265.293102777778
 21
424.68694444444486
 31
0.0
  0
LINE
  5
78E
330
17
100
AcDbEntity
  8
CUT
100
AcDbLine
 10
265.293102777778
 20
391.68070277777815
 30
0.0
 11
250.4206972222224
 21
391.68070277777815
 31
0.0
  0
LINE
  5
78F
330
17
100
AcDbEntity
  8
CUT
100
AcDbLine
 10
265.293102777778
 20
424.68694444444486
 30
0.0
 11
265.293102777778
 21
391.68070277777815
 31
0.0
  0
LINE
  5
790
330
17
100
AcDbEntity
  8
CUT
100
AcDbLine
 10
250.4206972222224
 20
391.68070277777815
 30
0.0
 11
250.4206972222224
 21
424.68694444444486
 31
0.0
  0
LINE
  5
791
330
17
100
AcDbEntity
  8
ENGRAVE
100
AcDbLine
 10
248.0516860125167
 20
426.6507372453141
 30
0.0
 11
248.2346968767745
 21
427.0167589738297
 31
0.0
  0
LINE
  5
792
330
17
100
AcDbEntity
  8
ENGRAVE
100
AcDbLine
 10
248.2346968767745
 20
427.0167589738297
 30
0.0
 11
248.96674033380577
 21
427.0167589738297
 31
0.0
  0
LINE
  5
793
330
17
100
AcDbEntity
  8
ENGRAVE
100
AcDbLine
 10
248.96674033380577
 20
427.0167589738297
 30
0.0
 11
249.14975119806357
 21
426.6507372453141
 31
0.0
  0
LINE
  5
794
330
17
100
AcDbEntity
  8
ENGRAVE
100
AcDbLine
 10
249.14975119806357
 20
426.6507372453141
 30
0.0
 11
249.14975119806357
 21
426.39452203535313
 31
0.0
  0
LINE
  5
795
330
17
100
AcDbEntity
  8
ENGRAVE
100
AcDbLine
 10
249.14975119806357
 20
426.39452203535313
 30
0.0
 11
248.0516860125167
 21
425.1866503312516
 31
0.0
  0
LINE
  5
796
330
17
100
AcDbEntity
  8
ENGRAVE
100
AcDbLine
 10
248.0516860125167
 20
425.1866503312516
 30
0.0
 11
249.14975119806357
 21
425.1866503312516
 31
0.0
  0
LINE
  5
797
330
17
100
AcDbEntity
  8
ENGRAVE
100
AcDbLine
 10
250.43082724786828
 20
427.0167589738297
 30
0.0
 11
249.88179465509484
 21
427.0167589738297
 31
0.0
  0
LINE
  5
798
330
17
100
AcDbEntity
  8
ENGRAVE
100
AcDbLine
 10
249.88179465509484
 20
427.0167589738297
 30
0.0
 11
249.51577292657922
 21
426.4677263810563
 31
0.0
  0
LINE
  5
799
330
17
100
AcDbEntity
  8
ENGRAVE
100
AcDbLine
 10
249.51577292657922
 20
426.4677263810563
 30
0.0
 11
249.51577292657922
 21
425.55267205976725
 31
0.0
  0
LINE
  5
79A
330
17
100
AcDbEntity
  8
ENGRAVE
100
AcDbLine
 10
249.51577292657922
 20
425.55267205976725
 30
0.0
 11
249.698783790837
 21
425.1866503312516
 31
0.0
  0
LINE
  5
79B
330
17
100
AcDbEntity
  8
ENGRAVE
100
AcDbLine
 10
249.698783790837
 20
425.1866503312516
 30
0.0
 11
250.43082724786828
 21
425.1866503312516
 31
0.0
  0
LINE
  5
79C
330
17
100
AcDbEntity
  8
ENGRAVE
100
AcDbLine
 10
250.43082724786828
 20
425.1866503312516
 30
0.0
 11
250.61383811212607
 21
425.55267205976725
 31
0.0
  0
LINE
  5
79D
330
17
100
AcDbEntity
  8
ENGRAVE
100
AcDbLine
 10
250.61383811212607
 20
425.55267205976725
 30
0.0
 11
250.61383811212607
 21
425.82718835615395
 31
0.0
  0
LINE
  5
79E
330
17
100
AcDbEntity
  8
ENGRAVE
100
AcDbLine
 10
250.61383811212607
 20
425.82718835615395
 30
0.0
 11
250.43082724786828
 21
426.10170465254066
 31
0.0
  0
LINE
  5
79F
330
17
100
AcDbEntity
  8
ENGRAVE
100
AcDbLine
 10
250.43082724786828
 20
426.10170465254066
 30
0.0
 11
249.698783790837
 21
426.10170465254066
 31
0.0
  0
LINE
  5
7A0
330
17
100
AcDbEntity
  8
ENGRAVE
100
AcDbLine
 10
249.698783790837
 20
426.10170465254066
 30
0.0
 11
249.51577292657922
 21
425.82718835615395
 31
0.0
  0
LINE
  5
7A1
330
17
100
AcDbEntity
  8
CUT
100
AcDbLine
 10
400.51531666666665
 20
413.54478888888923
 30
0.0
 11
400.51531666666665
 21
427.6086277777781
 31
0.0
  0
LINE
  5
7A2
330
17
100
AcDbEntity
  8
CUT
100
AcDbLine
 10
430.2167361111112
 20
427.6086277777781
 30
0.0
 11
430.2167361111112
 21
413.54478888888923
 31
0.0
  0
LINE
  5
7A3
330
17
100
AcDbEntity
  8
CUT
100
AcDbLine
 10
400.51531666666665
 20
427.6086277777781
 30
0.0
 11
430.2167361111112
 21
427.6086277777781
 31
0.0
  0
LINE
  5
7A4
330
17
100
AcDbEntity
  8
CUT
100
AcDbLine
 10
430.2167361111112
 20
413.54478888888923
 30
0.0
 11
400.51531666666665
 21
413.54478888888923
 31
0.0
  0
LINE
  5
7A5
330
17
100
AcDbEntity
  8
CUT
100
AcDbLine
 10
397.51458888888897
 20
430.6093555555559
 30
0.0
 11
397.51458888888897
 21
410.54406111111143
 31
0.0
  0
LINE
  5
7A6
330
17
100
AcDbEntity
  8
CUT
100
AcDbLine
 10
433.2171111111111
 20
410.54406111111143
 30
0.0
 11
433.2171111111111
 21
430.6093555555559
 31
0.0
  0
LINE
  5
7A7
330
17
100
AcDbEntity
  8
CUT
100
AcDbLine
 10
433.2171111111111
 20
430.6093555555559
 30
0.0
 11
397.51458888888897
 21
430.6093555555559
 31
0.0
  0
LINE
  5
7A8
330
17
100
AcDbEntity
  8
CUT
100
AcDbLine
 10
397.51458888888897
 20
410.54406111111143
 30
0.0
 11
433.2171111111111
 21
410.54406111111143
 31
0.0
  0
LINE
  5
7A9
330
17
100
AcDbEntity
  8
ENGRAVE
100
AcDbLine
 10
429.84168170375966
 20
412.8286087210829
 30
0.0
 11
430.0399772970214
 21
413.0269043143446
 31
0.0
  0
LINE
  5
7AA
330
17
100
AcDbEntity
  8
ENGRAVE
100
AcDbLine
 10
430.0399772970214
 20
413.0269043143446
 30
0.0
 11
430.83315967006826
 21
413.0269043143446
 31
0.0
  0
LINE
  5
7AB
330
17
100
AcDbEntity
  8
ENGRAVE
100
AcDbLine
 10
430.83315967006826
 20
413.0269043143446
 30
0.0
 11
431.03145526333
 21
412.8286087210829
 31
0.0
  0
LINE
  5
7AC
330
17
100
AcDbEntity
  8
ENGRAVE
100
AcDbLine
 10
431.03145526333
 20
412.8286087210829
 30
0.0
 11
431.03145526333
 21
412.3526992972548
 31
0.0
  0
LINE
  5
7AD
330
17
100
AcDbEntity
  8
ENGRAVE
100
AcDbLine
 10
431.03145526333
 20
412.3526992972548
 30
0.0
 11
430.83315967006826
 21
412.15440370399307
 31
0.0
  0
LINE
  5
7AE
330
17
100
AcDbEntity
  8
ENGRAVE
100
AcDbLine
 10
430.83315967006826
 20
412.15440370399307
 30
0.0
 11
430.2382728902831
 21
412.15440370399307
 31
0.0
  0
LINE
  5
7AF
330
17
100
AcDbEntity
  8
ENGRAVE
100
AcDbLine
 10
430.83315967006826
 20
412.15440370399307
 30
0.0
 11
431.03145526333
 21
411.95610811073135
 31
0.0
  0
LINE
  5
7B0
330
17
100
AcDbEntity
  8
ENGRAVE
100
AcDbLine
 10
431.03145526333
 20
411.95610811073135
 30
0.0
 11
431.03145526333
 21
411.24224397498915
 31
0.0
  0
LINE
  5
7B1
330
17
100
AcDbEntity
  8
ENGRAVE
100
AcDbLine
 10
431.03145526333
 20
411.24224397498915
 30
0.0
 11
430.83315967006826
 21
411.04394838172743
 31
0.0
  0
LINE
  5
7B2
330
17
100
AcDbEntity
  8
ENGRAVE
100
AcDbLine
 10
430.83315967006826
 20
411.04394838172743
 30
0.0
 11
430.0399772970214
 21
411.04394838172743
 31
0.0
  0
LINE
  5
7B3
330
17
100
AcDbEntity
  8
ENGRAVE
100
AcDbLine
 10
430.0399772970214
 20
411.04394838172743
 30
0.0
 11
429.84168170375966
 21
411.24224397498915
 31
0.0
  0
LINE
  5
7B4
330
17
100
AcDbEntity
  8
ENGRAVE
100
AcDbLine
 10
431.62634204311513
 20
411.04394838172743
 30
0.0
 11
432.419524416162
 21
411.04394838172743
 31
0.0
  0
LINE
  5
7B5
330
17
100
AcDbEntity
  8
ENGRAVE
100
AcDbLine
 10
432.419524416162
 20
411.04394838172743
 30
0.0
 11
432.6178200094237
 21
411.44053956825087
 31
0.0
  0
LINE
  5
7B6
330
17
100
AcDbEntity
  8
ENGRAVE
100
AcDbLine
 10
432.6178200094237
 20
411.44053956825087
 30
0.0
 11
432.6178200094237
 21
412.6303131278212
 31
0.0
  0
LINE
  5
7B7
330
17
100
AcDbEntity
  8
ENGRAVE
100
AcDbLine
 10
432.6178200094237
 20
412.6303131278212
 30
0.0
 11
432.419524416162
 21
413.0269043143446
 31
0.0
  0
LINE
  5
7B8
330
17
100
AcDbEntity
  8
ENGRAVE
100
AcDbLine
 10
432.419524416162
 20
413.0269043143446
 30
0.0
 11
431.62634204311513
 21
413.0269043143446
 31
0.0
  0
LINE
  5
7B9
330
17
100
AcDbEntity
  8
ENGRAVE
100
AcDbLine
 10
431.62634204311513
 20
413.0269043143446
 30
0.0
 11
431.4280464498534
 21
412.6303131278212
 31
0.0
  0
LINE
  5
7BA
330
17
100
AcDbEntity
  8
ENGRAVE
100
AcDbLine
 10
431.4280464498534
 20
412.6303131278212
 30
0.0
 11
431.4280464498534
 21
411.44053956825087
 31
0.0
  0
LINE
  5
7BB
330
17
100
AcDbEntity
  8
ENGRAVE
100
AcDbLine
 10
431.4280464498534
 20
411.44053956825087
 30
0.0
 11
431.62634204311513
 21
411.04394838172743
 31
0.0
  0
LINE
  5
7BC
330
17
100
AcDbEntity
  8
CUT
100
AcDbLine
 10
439.21783888888876
 20
413.54478888888923
 30
0.0
 11
439.21783888888876
 21
427.6086277777781
 31
0.0
  0
LINE
  5
7BD
330
17
100
AcDbEntity
  8
CUT
100
AcDbLine
 10
468.9192583333333
 20
427.6086277777781
 30
0.0
 11
468.9192583333333
 21
413.54478888888923
 31
0.0
  0
LINE
  5
7BE
330
17
100
AcDbEntity
  8
CUT
100
AcDbLine
 10
439.21783888888876
 20
427.6086277777781
 30
0.0
 11
468.9192583333333
 21
427.6086277777781
 31
0.0
  0
LINE
  5
7BF
330
17
100
AcDbEntity
  8
CUT
100
AcDbLine
 10
468.9192583333333
 20
413.54478888888923
 30
0.0
 11
439.21783888888876
 21
413.54478888888923
 31
0.0
  0
LINE
  5
7C0
330
17
100
AcDbEntity
  8
CUT
100
AcDbLine
 10
436.2171111111111
 20
430.6093555555559
 30
0.0
 11
436.2171111111111
 21
410.54406111111143
 31
0.0
  0
LINE
  5
7C1
330
17
100
AcDbEntity
  8
CUT
100
AcDbLine
 10
471.9196333333332
 20
410.54406111111143
 30
0.0
 11
471.9196333333332
 21
430.6093555555559
 31
0.0
  0
LINE
  5
7C2
330
17
100
AcDbEntity
  8
CUT
100
AcDbLine
 10
471.9196333333332
 20
430.6093555555559
 30
0.0
 11
436.2171111111111
 21
430.6093555555559
 31
0.0
  0
LINE
  5
7C3
330
17
100
AcDbEntity
  8
CUT
100
AcDbLine
 10
436.2171111111111
 20
410.54406111111143
 30
0.0
 11
471.9196333333332
 21
410.54406111111143
 31
0.0
  0
LINE
  5
7C4
330
17
100
AcDbEntity
  8
ENGRAVE
100
AcDbLine
 10
468.5442039259818
 20
412.8286087210829
 30
0.0
 11
468.7424995192435
 21
413.0269043143446
 31
0.0
  0
LINE
  5
7C5
330
17
100
AcDbEntity
  8
ENGRAVE
100
AcDbLine
 10
468.7424995192435
 20
413.0269043143446
 30
0.0
 11
469.53568189229037
 21
413.0269043143446
 31
0.0
  0
LINE
  5
7C6
330
17
100
AcDbEntity
  8
ENGRAVE
100
AcDbLine
 10
469.53568189229037
 20
413.0269043143446
 30
0.0
 11
469.7339774855521
 21
412.8286087210829
 31
0.0
  0
LINE
  5
7C7
330
17
100
AcDbEntity
  8
ENGRAVE
100
AcDbLine
 10
469.7339774855521
 20
412.8286087210829
 30
0.0
 11
469.7339774855521
 21
412.3526992972548
 31
0.0
  0
LINE
  5
7C8
330
17
100
AcDbEntity
  8
ENGRAVE
100
AcDbLine
 10
469.7339774855521
 20
412.3526992972548
 30
0.0
 11
469.53568189229037
 21
412.15440370399307
 31
0.0
  0
LINE
  5
7C9
330
17
100
AcDbEntity
  8
ENGRAVE
100
AcDbLine
 10
469.53568189229037
 20
412.15440370399307
 30
0.0
 11
468.9407951125052
 21
412.15440370399307
 31
0.0
  0
LINE
  5
7CA
330
17
100
AcDbEntity
  8
ENGRAVE
100
AcDbLine
 10
469.53568189229037
 20
412.15440370399307
 30
0.0
 11
469.7339774855521
 21
411.95610811073135
 31
0.0
  0
LINE
  5
7CB
330
17
100
AcDbEntity
  8
ENGRAVE
100
AcDbLine
 10
469.7339774855521
 20
411.95610811073135
 30
0.0
 11
469.7339774855521
 21
411.24224397498915
 31
0.0
  0
LINE
  5
7CC
330
17
100
AcDbEntity
  8
ENGRAVE
100
AcDbLine
 10
469.7339774855521
 20
411.24224397498915
 30
0.0
 11
469.53568189229037
 21
411.04394838172743
 31
0.0
  0
LINE
  5
7CD
330
17
100
AcDbEntity
  8
ENGRAVE
100
AcDbLine
 10
469.53568189229037
 20
411.04394838172743
 30
0.0
 11
468.7424995192435
 21
411.04394838172743
 31
0.0
  0
LINE
  5
7CE
330
17
100
AcDbEntity
  8
ENGRAVE
100
AcDbLine
 10
468.7424995192435
 20
411.04394838172743
 30
0.0
 11
468.5442039259818
 21
411.24224397498915
 31
0.0
  0
LINE
  5
7CF
330
17
100
AcDbEntity
  8
ENGRAVE
100
AcDbLine
 10
470.32886426533724
 20
411.04394838172743
 30
0.0
 11
471.1220466383841
 21
411.04394838172743
 31
0.0
  0
LINE
  5
7D0
330
17
100
AcDbEntity
  8
ENGRAVE
100
AcDbLine
 10
471.1220466383841
 20
411.04394838172743
 30
0.0
 11
471.32034223164584
 21
411.44053956825087
 31
0.0
  0
LINE
  5
7D1
330
17
100
AcDbEntity
  8
ENGRAVE
100
AcDbLine
 10
471.32034223164584
 20
411.44053956825087
 30
0.0
 11
471.32034223164584
 21
412.6303131278212
 31
0.0
  0
LINE
  5
7D2
330
17
100
AcDbEntity
  8
ENGRAVE
100
AcDbLine
 10
471.32034223164584
 20
412.6303131278212
 30
0.0
 11
471.1220466383841
 21
413.0269043143446
 31
0.0
  0
LINE
  5
7D3
330
17
100
AcDbEntity
  8
ENGRAVE
100
AcDbLine
 10
471.1220466383841
 20
413.0269043143446
 30
0.0
 11
470.32886426533724
 21
413.0269043143446
 31
0.0
  0
LINE
  5
7D4
330
17
100
AcDbEntity
  8
ENGRAVE
100
AcDbLine
 10
470.32886426533724
 20
413.0269043143446
 30
0.0
 11
470.1305686720755
 21
412.6303131278212
 31
0.0
  0
LINE
  5
7D5
330
17
100
AcDbEntity
  8
ENGRAVE
100
AcDbLine
 10
470.1305686720755
 20
412.6303131278212
 30
0.0
 11
470.1305686720755
 21
411.44053956825087
 31
0.0
  0
LINE
  5
7D6
330
17
100
AcDbEntity
  8
ENGRAVE
100
AcDbLine
 10
470.1305686720755
 20
411.44053956825087
 30
0.0
 11
470.32886426533724
 21
411.04394838172743
 31
0.0
  0
LINE
  5
7D7
330
17
100
AcDbEntity
  8
CUT
100
AcDbLine
 10
474.9196333333332
 20
411.80876944444486
 30
0.0
 11
510.5745305555554
 21
411.80876944444486
 31
0.0
  0
LINE
  5
7D8
330
17
100
AcDbEntity
  8
CUT
100
AcDbLine
 10
510.5745305555554
 20
433.8743138888894
 30
0.0
 11
474.9196333333332
 21
433.8743138888894
 31
0.0
  0
LINE
  5
7D9
330
17
100
AcDbEntity
  8
CUT
100
AcDbLine
 10
474.9196333333332
 20
433.8743138888894
 30
0.0
 11
474.9196333333332
 21
411.80876944444486
 31
0.0
  0
LINE
  5
7DA
330
17
100
AcDbEntity
  8
CUT
100
AcDbLine
 10
510.5745305555554
 20
411.80876944444486
 30
0.0
 11
510.5745305555554
 21
433.8743138888894
 31
0.0
  0
LINE
  5
7DB
330
17
100
AcDbEntity
  8
ENGRAVE
100
AcDbLine
 10
483.91630799822553
 20
418.00494369796115
 30
0.0
 11
482.5163293605302
 21
418.7049330168088
 31
0.0
  0
LINE
  5
7DC
330
17
100
AcDbEntity
  8
ENGRAVE
100
AcDbLine
 10
482.5163293605302
 20
418.7049330168088
 30
0.0
 11
482.5163293605302
 21
421.50489029219943
 31
0.0
  0
LINE
  5
7DD
330
17
100
AcDbEntity
  8
ENGRAVE
100
AcDbLine
 10
482.5163293605302
 20
421.50489029219943
 30
0.0
 11
483.91630799822553
 21
422.2048796110471
 31
0.0
  0
LINE
  5
7DE
330
17
100
AcDbEntity
  8
ENGRAVE
100
AcDbLine
 10
483.91630799822553
 20
422.2048796110471
 30
0.0
 11
484.89629304461226
 21
422.2048796110471
 31
0.0
  0
LINE
  5
7DF
330
17
100
AcDbEntity
  8
ENGRAVE
100
AcDbLine
 10
484.89629304461226
 20
422.2048796110471
 30
0.0
 11
489.5162225490068
 21
418.00494369796115
 31
0.0
  0
LINE
  5
7E0
330
17
100
AcDbEntity
  8
ENGRAVE
100
AcDbLine
 10
489.5162225490068
 20
418.00494369796115
 30
0.0
 11
489.5162225490068
 21
422.2048796110471
 31
0.0
  0
LINE
  5
7E1
330
17
100
AcDbEntity
  8
ENGRAVE
100
AcDbLine
 10
489.5162225490068
 20
424.30484756759006
 30
0.0
 11
489.5162225490068
 21
426.404815524133
 31
0.0
  0
LINE
  5
7E2
330
17
100
AcDbEntity
  8
ENGRAVE
100
AcDbLine
 10
489.5162225490068
 20
426.404815524133
 30
0.0
 11
487.4162545924638
 21
427.80479416182834
 31
0.0
  0
LINE
  5
7E3
330
17
100
AcDbEntity
  8
ENGRAVE
100
AcDbLine
 10
487.4162545924638
 20
427.80479416182834
 30
0.0
 11
483.91630799822553
 21
427.80479416182834
 31
0.0
  0
LINE
  5
7E4
330
17
100
AcDbEntity
  8
ENGRAVE
100
AcDbLine
 10
483.91630799822553
 20
427.80479416182834
 30
0.0
 11
482.5163293605302
 21
427.1048048429807
 31
0.0
  0
LINE
  5
7E5
330
17
100
AcDbEntity
  8
ENGRAVE
100
AcDbLine
 10
482.5163293605302
 20
427.1048048429807
 30
0.0
 11
482.5163293605302
 21
424.30484756759006
 31
0.0
  0
LINE
  5
7E6
330
17
100
AcDbEntity
  8
ENGRAVE
100
AcDbLine
 10
482.5163293605302
 20
424.30484756759006
 30
0.0
 11
483.91630799822553
 21
423.6048582487424
 31
0.0
  0
LINE
  5
7E7
330
17
100
AcDbEntity
  8
ENGRAVE
100
AcDbLine
 10
483.91630799822553
 20
423.6048582487424
 30
0.0
 11
484.966291976497
 21
423.6048582487424
 31
0.0
  0
LINE
  5
7E8
330
17
100
AcDbEntity
  8
ENGRAVE
100
AcDbLine
 10
484.966291976497
 20
423.6048582487424
 30
0.0
 11
486.0162759547685
 21
424.30484756759006
 31
0.0
  0
LINE
  5
7E9
330
17
100
AcDbEntity
  8
ENGRAVE
100
AcDbLine
 10
486.0162759547685
 20
424.30484756759006
 30
0.0
 11
486.0162759547685
 21
427.1048048429807
 31
0.0
  0
LINE
  5
7EA
330
17
100
AcDbEntity
  8
ENGRAVE
100
AcDbLine
 10
486.0162759547685
 20
427.1048048429807
 30
0.0
 11
484.966291976497
 21
427.80479416182834
 31
0.0
  0
LINE
  5
7EB
330
17
100
AcDbEntity
  8
CUT
100
AcDbLine
 10
513.5745305555554
 20
411.80876944444486
 30
0.0
 11
549.2294277777776
 21
411.80876944444486
 31
0.0
  0
LINE
  5
7EC
330
17
100
AcDbEntity
  8
CUT
100
AcDbLine
 10
549.2294277777776
 20
433.8743138888894
 30
0.0
 11
513.5745305555554
 21
433.8743138888894
 31
0.0
  0
LINE
  5
7ED
330
17
100
AcDbEntity
  8
CUT
100
AcDbLine
 10
513.5745305555554
 20
433.8743138888894
 30
0.0
 11
513.5745305555554
 21
411.80876944444486
 31
0.0
  0
LINE
  5
7EE
330
17
100
AcDbEntity
  8
CUT
100
AcDbLine
 10
549.2294277777776
 20
411.80876944444486
 30
0.0
 11
549.2294277777776
 21
433.8743138888894
 31
0.0
  0
LINE
  5
7EF
330
17
100
AcDbEntity
  8
ENGRAVE
100
AcDbLine
 10
522.5712052204477
 20
418.00494369796115
 30
0.0
 11
521.1712265827524
 21
418.7049330168088
 31
0.0
  0
LINE
  5
7F0
330
17
100
AcDbEntity
  8
ENGRAVE
100
AcDbLine
 10
521.1712265827524
 20
418.7049330168088
 30
0.0
 11
521.1712265827524
 21
421.50489029219943
 31
0.0
  0
LINE
  5
7F1
330
17
100
AcDbEntity
  8
ENGRAVE
100
AcDbLine
 10
521.1712265827524
 20
421.50489029219943
 30
0.0
 11
522.5712052204477
 21
422.2048796110471
 31
0.0
  0
LINE
  5
7F2
330
17
100
AcDbEntity
  8
ENGRAVE
100
AcDbLine
 10
522.5712052204477
 20
422.2048796110471
 30
0.0
 11
523.5511902668344
 21
422.2048796110471
 31
0.0
  0
LINE
  5
7F3
330
17
100
AcDbEntity
  8
ENGRAVE
100
AcDbLine
 10
523.5511902668344
 20
422.2048796110471
 30
0.0
 11
528.171119771229
 21
418.00494369796115
 31
0.0
  0
LINE
  5
7F4
330
17
100
AcDbEntity
  8
ENGRAVE
100
AcDbLine
 10
528.171119771229
 20
418.00494369796115
 30
0.0
 11
528.171119771229
 21
422.2048796110471
 31
0.0
  0
LINE
  5
7F5
330
17
100
AcDbEntity
  8
ENGRAVE
100
AcDbLine
 10
528.171119771229
 20
424.30484756759006
 30
0.0
 11
528.171119771229
 21
426.404815524133
 31
0.0
  0
LINE
  5
7F6
330
17
100
AcDbEntity
  8
ENGRAVE
100
AcDbLine
 10
528.171119771229
 20
426.404815524133
 30
0.0
 11
526.071151814686
 21
427.80479416182834
 31
0.0
  0
LINE
  5
7F7
330
17
100
AcDbEntity
  8
ENGRAVE
100
AcDbLine
 10
526.071151814686
 20
427.80479416182834
 30
0.0
 11
522.5712052204477
 21
427.80479416182834
 31
0.0
  0
LINE
  5
7F8
330
17
100
AcDbEntity
  8
ENGRAVE
100
AcDbLine
 10
522.5712052204477
 20
427.80479416182834
 30
0.0
 11
521.1712265827524
 21
427.1048048429807
 31
0.0
  0
LINE
  5
7F9
330
17
100
AcDbEntity
  8
ENGRAVE
100
AcDbLine
 10
521.1712265827524
 20
427.1048048429807
 30
0.0
 11
521.1712265827524
 21
424.30484756759006
 31
0.0
  0
LINE
  5
7FA
330
17
100
AcDbEntity
  8
ENGRAVE
100
AcDbLine
 10
521.1712265827524
 20
424.30484756759006
 30
0.0
 11
522.5712052204477
 21
423.6048582487424
 31
0.0
  0
LINE
  5
7FB
330
17
100
AcDbEntity
  8
ENGRAVE
100
AcDbLine
 10
522.5712052204477
 20
423.6048582487424
 30
0.0
 11
523.6211891987192
 21
423.6048582487424
 31
0.0
  0
LINE
  5
7FC
330
17
100
AcDbEntity
  8
ENGRAVE
100
AcDbLine
 10
523.6211891987192
 20
423.6048582487424
 30
0.0
 11
524.6711731769907
 21
424.30484756759006
 31
0.0
  0
LINE
  5
7FD
330
17
100
AcDbEntity
  8
ENGRAVE
100
AcDbLine
 10
524.6711731769907
 20
424.30484756759006
 30
0.0
 11
524.6711731769907
 21
427.1048048429807
 31
0.0
  0
LINE
  5
7FE
330
17
100
AcDbEntity
  8
ENGRAVE
100
AcDbLine
 10
524.6711731769907
 20
427.1048048429807
 30
0.0
 11
523.6211891987192
 21
427.80479416182834
 31
0.0
  0
LINE
  5
7FF
330
17
100
AcDbEntity
  8
CUT
100
AcDbLine
 10
126.9968722222222
 20
414.97565555555593
 30
0.0
 11
138.43992499999987
 21
414.97565555555593
 31
0.0
  0
LINE
  5
800
330
17
100
AcDbEntity
  8
CUT
100
AcDbLine
 10
112.55379722222219
 20
414.97565555555593
 30
0.0
 11
123.99649722222219
 21
414.97565555555593
 31
0.0
  0
LINE
  5
801
330
17
100
AcDbEntity
  8
CUT
100
AcDbLine
 10
138.43992499999987
 20
414.97565555555593
 30
0.0
 11
134.51209722222217
 21
429.934491666667
 31
0.0
  0
LINE
  5
802
330
17
100
AcDbEntity
  8
CUT
100
AcDbLine
 10
134.51209722222217
 20
429.934491666667
 30
0.0
 11
116.481625
 21
429.934491666667
 31
0.0
  0
LINE
  5
803
330
17
100
AcDbEntity
  8
CUT
100
AcDbLine
 10
116.481625
 20
429.934491666667
 30
0.0
 11
112.55379722222219
 21
414.97565555555593
 31
0.0
  0
LINE
  5
804
330
17
100
AcDbEntity
  8
CUT
100
AcDbLine
 10
123.99649722222219
 20
421.842827777778
 30
0.0
 11
126.9968722222222
 21
421.842827777778
 31
0.0
  0
LINE
  5
805
330
17
100
AcDbEntity
  8
CUT
100
AcDbLine
 10
123.99649722222219
 20
414.97565555555593
 30
0.0
 11
123.99649722222219
 21
421.842827777778
 31
0.0
  0
LINE
  5
806
330
17
100
AcDbEntity
  8
CUT
100
AcDbLine
 10
126.9968722222222
 20
421.842827777778
 30
0.0
 11
126.9968722222222
 21
414.97565555555593
 31
0.0
  0
LINE
  5
807
330
17
100
AcDbEntity
  8
ENGRAVE
100
AcDbLine
 10
116.72433154264881
 20
416.014094039708
 30
0.0
 11
116.1118529049535
 21
416.6265726774034
 31
0.0
  0
LINE
  5
808
330
17
100
AcDbEntity
  8
ENGRAVE
100
AcDbLine
 10
116.1118529049535
 20
416.6265726774034
 30
0.0
 11
116.1118529049535
 21
419.0764872281846
 31
0.0
  0
LINE
  5
809
330
17
100
AcDbEntity
  8
ENGRAVE
100
AcDbLine
 10
116.1118529049535
 20
419.0764872281846
 30
0.0
 11
116.72433154264881
 21
419.68896586587994
 31
0.0
  0
LINE
  5
80A
330
17
100
AcDbEntity
  8
ENGRAVE
100
AcDbLine
 10
116.72433154264881
 20
419.68896586587994
 30
0.0
 11
118.19428027311756
 21
419.68896586587994
 31
0.0
  0
LINE
  5
80B
330
17
100
AcDbEntity
  8
ENGRAVE
100
AcDbLine
 10
118.19428027311756
 20
419.68896586587994
 30
0.0
 11
118.80675891081287
 21
419.0764872281846
 31
0.0
  0
LINE
  5
80C
330
17
100
AcDbEntity
  8
ENGRAVE
100
AcDbLine
 10
118.80675891081287
 20
419.0764872281846
 30
0.0
 11
118.80675891081287
 21
417.23905131509866
 31
0.0
  0
LINE
  5
80D
330
17
100
AcDbEntity
  8
ENGRAVE
100
AcDbLine
 10
118.80675891081287
 20
419.0764872281846
 30
0.0
 11
119.41923754850818
 21
419.68896586587994
 31
0.0
  0
LINE
  5
80E
330
17
100
AcDbEntity
  8
ENGRAVE
100
AcDbLine
 10
119.41923754850818
 20
419.68896586587994
 30
0.0
 11
121.6241606442113
 21
419.68896586587994
 31
0.0
  0
LINE
  5
80F
330
17
100
AcDbEntity
  8
ENGRAVE
100
AcDbLine
 10
121.6241606442113
 20
419.68896586587994
 30
0.0
 11
122.23663928190662
 21
419.0764872281846
 31
0.0
  0
LINE
  5
810
330
17
100
AcDbEntity
  8
ENGRAVE
100
AcDbLine
 10
122.23663928190662
 20
419.0764872281846
 30
0.0
 11
122.23663928190662
 21
416.6265726774034
 31
0.0
  0
LINE
  5
811
330
17
100
AcDbEntity
  8
ENGRAVE
100
AcDbLine
 10
122.23663928190662
 20
416.6265726774034
 30
0.0
 11
121.6241606442113
 21
416.014094039708
 31
0.0
  0
LINE
  5
812
330
17
100
AcDbEntity
  8
ENGRAVE
100
AcDbLine
 10
119.17424609343006
 20
422.13888041666115
 30
0.0
 11
118.68426318327381
 21
421.52640177896586
 31
0.0
  0
LINE
  5
813
330
17
100
AcDbEntity
  8
ENGRAVE
100
AcDbLine
 10
118.68426318327381
 20
421.52640177896586
 30
0.0
 11
116.72433154264881
 21
421.52640177896586
 31
0.0
  0
LINE
  5
814
330
17
100
AcDbEntity
  8
ENGRAVE
100
AcDbLine
 10
116.72433154264881
 20
421.52640177896586
 30
0.0
 11
116.1118529049535
 21
422.13888041666115
 31
0.0
  0
LINE
  5
815
330
17
100
AcDbEntity
  8
ENGRAVE
100
AcDbLine
 10
116.1118529049535
 20
422.13888041666115
 30
0.0
 11
116.1118529049535
 21
423.3638376920518
 31
0.0
  0
LINE
  5
816
330
17
100
AcDbEntity
  8
ENGRAVE
100
AcDbLine
 10
116.1118529049535
 20
423.3638376920518
 30
0.0
 11
116.72433154264881
 21
423.9763163297471
 31
0.0
  0
LINE
  5
817
330
17
100
AcDbEntity
  8
ENGRAVE
100
AcDbLine
 10
116.72433154264881
 20
423.9763163297471
 30
0.0
 11
118.68426318327381
 21
423.9763163297471
 31
0.0
  0
LINE
  5
818
330
17
100
AcDbEntity
  8
ENGRAVE
100
AcDbLine
 10
118.68426318327381
 20
423.9763163297471
 30
0.0
 11
119.17424609343006
 21
423.3638376920518
 31
0.0
  0
LINE
  5
819
330
17
100
AcDbEntity
  8
ENGRAVE
100
AcDbLine
 10
119.17424609343006
 20
423.3638376920518
 30
0.0
 11
119.17424609343006
 21
422.13888041666115
 31
0.0
  0
LINE
  5
81A
330
17
100
AcDbEntity
  8
ENGRAVE
100
AcDbLine
 10
119.17424609343006
 20
422.13888041666115
 30
0.0
 11
119.78672473112537
 21
421.34265818765726
 31
0.0
  0
LINE
  5
81B
330
17
100
AcDbEntity
  8
ENGRAVE
100
AcDbLine
 10
119.78672473112537
 20
421.34265818765726
 30
0.0
 11
121.6241606442113
 21
421.34265818765726
 31
0.0
  0
LINE
  5
81C
330
17
100
AcDbEntity
  8
ENGRAVE
100
AcDbLine
 10
121.6241606442113
 20
421.34265818765726
 30
0.0
 11
122.23663928190662
 21
422.13888041666115
 31
0.0
  0
LINE
  5
81D
330
17
100
AcDbEntity
  8
ENGRAVE
100
AcDbLine
 10
122.23663928190662
 20
422.13888041666115
 30
0.0
 11
122.23663928190662
 21
423.3638376920518
 31
0.0
  0
LINE
  5
81E
330
17
100
AcDbEntity
  8
ENGRAVE
100
AcDbLine
 10
122.23663928190662
 20
423.3638376920518
 30
0.0
 11
121.6241606442113
 21
424.1600599210557
 31
0.0
  0
LINE
  5
81F
330
17
100
AcDbEntity
  8
ENGRAVE
100
AcDbLine
 10
121.6241606442113
 20
424.1600599210557
 30
0.0
 11
119.78672473112537
 21
424.1600599210557
 31
0.0
  0
LINE
  5
820
330
17
100
AcDbEntity
  8
ENGRAVE
100
AcDbLine
 10
119.78672473112537
 20
424.1600599210557
 30
0.0
 11
119.17424609343006
 21
423.3638376920518
 31
0.0
  0
LINE
  5
821
330
17
100
AcDbEntity
  8
CUT
100
AcDbLine
 10
155.88299999999987
 20
414.97565555555593
 30
0.0
 11
167.32605277777756
 21
414.97565555555593
 31
0.0
  0
LINE
  5
822
330
17
100
AcDbEntity
  8
CUT
100
AcDbLine
 10
141.43992499999987
 20
414.97565555555593
 30
0.0
 11
152.88262499999988
 21
414.97565555555593
 31
0.0
  0
LINE
  5
823
330
17
100
AcDbEntity
  8
CUT
100
AcDbLine
 10
167.32605277777756
 20
414.97565555555593
 30
0.0
 11
163.39822499999985
 21
429.934491666667
 31
0.0
  0
LINE
  5
824
330
17
100
AcDbEntity
  8
CUT
100
AcDbLine
 10
163.39822499999985
 20
429.934491666667
 30
0.0
 11
145.3677527777777
 21
429.934491666667
 31
0.0
  0
LINE
  5
825
330
17
100
AcDbEntity
  8
CUT
100
AcDbLine
 10
145.3677527777777
 20
429.934491666667
 30
0.0
 11
141.43992499999987
 21
414.97565555555593
 31
0.0
  0
LINE
  5
826
330
17
100
AcDbEntity
  8
CUT
100
AcDbLine
 10
152.88262499999988
 20
421.842827777778
 30
0.0
 11
155.88299999999987
 21
421.842827777778
 31
0.0
  0
LINE
  5
827
330
17
100
AcDbEntity
  8
CUT
100
AcDbLine
 10
152.88262499999988
 20
414.97565555555593
 30
0.0
 11
152.88262499999988
 21
421.842827777778
 31
0.0
  0
LINE
  5
828
330
17
100
AcDbEntity
  8
CUT
100
AcDbLine
 10
155.88299999999987
 20
421.842827777778
 30
0.0
 11
155.88299999999987
 21
414.97565555555593
 31
0.0
  0
LINE
  5
829
330
17
100
AcDbEntity
  8
ENGRAVE
100
AcDbLine
 10
145.6104593204265
 20
416.014094039708
 30
0.0
 11
144.99798068273117
 21
416.6265726774034
 31
0.0
  0
LINE
  5
82A
330
17
100
AcDbEntity
  8
ENGRAVE
100
AcDbLine
 10
144.99798068273117
 20
416.6265726774034
 30
0.0
 11
144.99798068273117
 21
419.0764872281846
 31
0.0
  0
LINE
  5
82B
330
17
100
AcDbEntity
  8
ENGRAVE
100
AcDbLine
 10
144.99798068273117
 20
419.0764872281846
 30
0.0
 11
145.6104593204265
 21
419.68896586587994
 31
0.0
  0
LINE
  5
82C
330
17
100
AcDbEntity
  8
ENGRAVE
100
AcDbLine
 10
145.6104593204265
 20
419.68896586587994
 30
0.0
 11
147.08040805089524
 21
419.68896586587994
 31
0.0
  0
LINE
  5
82D
330
17
100
AcDbEntity
  8
ENGRAVE
100
AcDbLine
 10
147.08040805089524
 20
419.68896586587994
 30
0.0
 11
147.69288668859053
 21
419.0764872281846
 31
0.0
  0
LINE
  5
82E
330
17
100
AcDbEntity
  8
ENGRAVE
100
AcDbLine
 10
147.69288668859053
 20
419.0764872281846
 30
0.0
 11
147.69288668859053
 21
417.23905131509866
 31
0.0
  0
LINE
  5
82F
330
17
100
AcDbEntity
  8
ENGRAVE
100
AcDbLine
 10
147.69288668859053
 20
419.0764872281846
 30
0.0
 11
148.30536532628585
 21
419.68896586587994
 31
0.0
  0
LINE
  5
830
330
17
100
AcDbEntity
  8
ENGRAVE
100
AcDbLine
 10
148.30536532628585
 20
419.68896586587994
 30
0.0
 11
150.51028842198897
 21
419.68896586587994
 31
0.0
  0
LINE
  5
831
330
17
100
AcDbEntity
  8
ENGRAVE
100
AcDbLine
 10
150.51028842198897
 20
419.68896586587994
 30
0.0
 11
151.1227670596843
 21
419.0764872281846
 31
0.0
  0
LINE
  5
832
330
17
100
AcDbEntity
  8
ENGRAVE
100
AcDbLine
 10
151.1227670596843
 20
419.0764872281846
 30
0.0
 11
151.1227670596843
 21
416.6265726774034
 31
0.0
  0
LINE
  5
833
330
17
100
AcDbEntity
  8
ENGRAVE
100
AcDbLine
 10
151.1227670596843
 20
416.6265726774034
 30
0.0
 11
150.51028842198897
 21
416.014094039708
 31
0.0
  0
LINE
  5
834
330
17
100
AcDbEntity
  8
ENGRAVE
100
AcDbLine
 10
148.06037387120773
 20
422.13888041666115
 30
0.0
 11
147.5703909610515
 21
421.52640177896586
 31
0.0
  0
LINE
  5
835
330
17
100
AcDbEntity
  8
ENGRAVE
100
AcDbLine
 10
147.5703909610515
 20
421.52640177896586
 30
0.0
 11
145.6104593204265
 21
421.52640177896586
 31
0.0
  0
LINE
  5
836
330
17
100
AcDbEntity
  8
ENGRAVE
100
AcDbLine
 10
145.6104593204265
 20
421.52640177896586
 30
0.0
 11
144.99798068273117
 21
422.13888041666115
 31
0.0
  0
LINE
  5
837
330
17
100
AcDbEntity
  8
ENGRAVE
100
AcDbLine
 10
144.99798068273117
 20
422.13888041666115
 30
0.0
 11
144.99798068273117
 21
423.3638376920518
 31
0.0
  0
LINE
  5
838
330
17
100
AcDbEntity
  8
ENGRAVE
100
AcDbLine
 10
144.99798068273117
 20
423.3638376920518
 30
0.0
 11
145.6104593204265
 21
423.9763163297471
 31
0.0
  0
LINE
  5
839
330
17
100
AcDbEntity
  8
ENGRAVE
100
AcDbLine
 10
145.6104593204265
 20
423.9763163297471
 30
0.0
 11
147.5703909610515
 21
423.9763163297471
 31
0.0
  0
LINE
  5
83A
330
17
100
AcDbEntity
  8
ENGRAVE
100
AcDbLine
 10
147.5703909610515
 20
423.9763163297471
 30
0.0
 11
148.06037387120773
 21
423.3638376920518
 31
0.0
  0
LINE
  5
83B
330
17
100
AcDbEntity
  8
ENGRAVE
100
AcDbLine
 10
148.06037387120773
 20
423.3638376920518
 30
0.0
 11
148.06037387120773
 21
422.13888041666115
 31
0.0
  0
LINE
  5
83C
330
17
100
AcDbEntity
  8
ENGRAVE
100
AcDbLine
 10
148.06037387120773
 20
422.13888041666115
 30
0.0
 11
148.67285250890305
 21
421.34265818765726
 31
0.0
  0
LINE
  5
83D
330
17
100
AcDbEntity
  8
ENGRAVE
100
AcDbLine
 10
148.67285250890305
 20
421.34265818765726
 30
0.0
 11
150.51028842198897
 21
421.34265818765726
 31
0.0
  0
LINE
  5
83E
330
17
100
AcDbEntity
  8
ENGRAVE
100
AcDbLine
 10
150.51028842198897
 20
421.34265818765726
 30
0.0
 11
151.1227670596843
 21
422.13888041666115
 31
0.0
  0
LINE
  5
83F
330
17
100
AcDbEntity
  8
ENGRAVE
100
AcDbLine
 10
151.1227670596843
 20
422.13888041666115
 30
0.0
 11
151.1227670596843
 21
423.3638376920518
 31
0.0
  0
LINE
  5
840
330
17
100
AcDbEntity
  8
ENGRAVE
100
AcDbLine
 10
151.1227670596843
 20
423.3638376920518
 30
0.0
 11
150.51028842198897
 21
424.1600599210557
 31
0.0
  0
LINE
  5
841
330
17
100
AcDbEntity
  8
ENGRAVE
100
AcDbLine
 10
150.51028842198897
 20
424.1600599210557
 30
0.0
 11
148.67285250890305
 21
424.1600599210557
 31
0.0
  0
LINE
  5
842
330
17
100
AcDbEntity
  8
ENGRAVE
100
AcDbLine
 10
148.67285250890305
 20
424.1600599210557
 30
0.0
 11
148.06037387120773
 21
423.3638376920518
 31
0.0
  0
LINE
  5
843
330
17
100
AcDbEntity
  8
CUT
100
AcDbLine
 10
184.76912777777756
 20
414.97565555555593
 30
0.0
 11
196.21218055555525
 21
414.97565555555593
 31
0.0
  0
LINE
  5
844
330
17
100
AcDbEntity
  8
CUT
100
AcDbLine
 10
170.32605277777756
 20
414.97565555555593
 30
0.0
 11
181.76875277777756
 21
414.97565555555593
 31
0.0
  0
LINE
  5
845
330
17
100
AcDbEntity
  8
CUT
100
AcDbLine
 10
196.21218055555525
 20
414.97565555555593
 30
0.0
 11
192.28435277777754
 21
429.934491666667
 31
0.0
  0
LINE
  5
846
330
17
100
AcDbEntity
  8
CUT
100
AcDbLine
 10
192.28435277777754
 20
429.934491666667
 30
0.0
 11
174.25388055555538
 21
429.934491666667
 31
0.0
  0
LINE
  5
847
330
17
100
AcDbEntity
  8
CUT
100
AcDbLine
 10
174.25388055555538
 20
429.934491666667
 30
0.0
 11
170.32605277777756
 21
414.97565555555593
 31
0.0
  0
LINE
  5
848
330
17
100
AcDbEntity
  8
CUT
100
AcDbLine
 10
181.76875277777756
 20
421.842827777778
 30
0.0
 11
184.76912777777756
 21
421.842827777778
 31
0.0
  0
LINE
  5
849
330
17
100
AcDbEntity
  8
CUT
100
AcDbLine
 10
181.76875277777756
 20
414.97565555555593
 30
0.0
 11
181.76875277777756
 21
421.842827777778
 31
0.0
  0
LINE
  5
84A
330
17
100
AcDbEntity
  8
CUT
100
AcDbLine
 10
184.76912777777756
 20
421.842827777778
 30
0.0
 11
184.76912777777756
 21
414.97565555555593
 31
0.0
  0
LINE
  5
84B
330
17
100
AcDbEntity
  8
ENGRAVE
100
AcDbLine
 10
174.49658709820417
 20
416.014094039708
 30
0.0
 11
173.88410846050886
 21
416.6265726774034
 31
0.0
  0
LINE
  5
84C
330
17
100
AcDbEntity
  8
ENGRAVE
100
AcDbLine
 10
173.88410846050886
 20
416.6265726774034
 30
0.0
 11
173.88410846050886
 21
419.0764872281846
 31
0.0
  0
LINE
  5
84D
330
17
100
AcDbEntity
  8
ENGRAVE
100
AcDbLine
 10
173.88410846050886
 20
419.0764872281846
 30
0.0
 11
174.49658709820417
 21
419.68896586587994
 31
0.0
  0
LINE
  5
84E
330
17
100
AcDbEntity
  8
ENGRAVE
100
AcDbLine
 10
174.49658709820417
 20
419.68896586587994
 30
0.0
 11
175.96653582867293
 21
419.68896586587994
 31
0.0
  0
LINE
  5
84F
330
17
100
AcDbEntity
  8
ENGRAVE
100
AcDbLine
 10
175.96653582867293
 20
419.68896586587994
 30
0.0
 11
176.57901446636822
 21
419.0764872281846
 31
0.0
  0
LINE
  5
850
330
17
100
AcDbEntity
  8
ENGRAVE
100
AcDbLine
 10
176.57901446636822
 20
419.0764872281846
 30
0.0
 11
176.57901446636822
 21
417.23905131509866
 31
0.0
  0
LINE
  5
851
330
17
100
AcDbEntity
  8
ENGRAVE
100
AcDbLine
 10
176.57901446636822
 20
419.0764872281846
 30
0.0
 11
177.19149310406354
 21
419.68896586587994
 31
0.0
  0
LINE
  5
852
330
17
100
AcDbEntity
  8
ENGRAVE
100
AcDbLine
 10
177.19149310406354
 20
419.68896586587994
 30
0.0
 11
179.39641619976666
 21
419.68896586587994
 31
0.0
  0
LINE
  5
853
330
17
100
AcDbEntity
  8
ENGRAVE
100
AcDbLine
 10
179.39641619976666
 20
419.68896586587994
 30
0.0
 11
180.00889483746198
 21
419.0764872281846
 31
0.0
  0
LINE
  5
854
330
17
100
AcDbEntity
  8
ENGRAVE
100
AcDbLine
 10
180.00889483746198
 20
419.0764872281846
 30
0.0
 11
180.00889483746198
 21
416.6265726774034
 31
0.0
  0
LINE
  5
855
330
17
100
AcDbEntity
  8
ENGRAVE
100
AcDbLine
 10
180.00889483746198
 20
416.6265726774034
 30
0.0
 11
179.39641619976666
 21
416.014094039708
 31
0.0
  0
LINE
  5
856
330
17
100
AcDbEntity
  8
ENGRAVE
100
AcDbLine
 10
176.94650164898542
 20
422.13888041666115
 30
0.0
 11
176.45651873882917
 21
421.52640177896586
 31
0.0
  0
LINE
  5
857
330
17
100
AcDbEntity
  8
ENGRAVE
100
AcDbLine
 10
176.45651873882917
 20
421.52640177896586
 30
0.0
 11
174.49658709820417
 21
421.52640177896586
 31
0.0
  0
LINE
  5
858
330
17
100
AcDbEntity
  8
ENGRAVE
100
AcDbLine
 10
174.49658709820417
 20
421.52640177896586
 30
0.0
 11
173.88410846050886
 21
422.13888041666115
 31
0.0
  0
LINE
  5
859
330
17
100
AcDbEntity
  8
ENGRAVE
100
AcDbLine
 10
173.88410846050886
 20
422.13888041666115
 30
0.0
 11
173.88410846050886
 21
423.3638376920518
 31
0.0
  0
LINE
  5
85A
330
17
100
AcDbEntity
  8
ENGRAVE
100
AcDbLine
 10
173.88410846050886
 20
423.3638376920518
 30
0.0
 11
174.49658709820417
 21
423.9763163297471
 31
0.0
  0
LINE
  5
85B
330
17
100
AcDbEntity
  8
ENGRAVE
100
AcDbLine
 10
174.49658709820417
 20
423.9763163297471
 30
0.0
 11
176.45651873882917
 21
423.9763163297471
 31
0.0
  0
LINE
  5
85C
330
17
100
AcDbEntity
  8
ENGRAVE
100
AcDbLine
 10
176.45651873882917
 20
423.9763163297471
 30
0.0
 11
176.94650164898542
 21
423.3638376920518
 31
0.0
  0
LINE
  5
85D
330
17
100
AcDbEntity
  8
ENGRAVE
100
AcDbLine
 10
176.94650164898542
 20
423.3638376920518
 30
0.0
 11
176.94650164898542
 21
422.13888041666115
 31
0.0
  0
LINE
  5
85E
330
17
100
AcDbEntity
  8
ENGRAVE
100
AcDbLine
 10
176.94650164898542
 20
422.13888041666115
 30
0.0
 11
177.55898028668074
 21
421.34265818765726
 31
0.0
  0
LINE
  5
85F
330
17
100
AcDbEntity
  8
ENGRAVE
100
AcDbLine
 10
177.55898028668074
 20
421.34265818765726
 30
0.0
 11
179.39641619976666
 21
421.34265818765726
 31
0.0
  0
LINE
  5
860
330
17
100
AcDbEntity
  8
ENGRAVE
100
AcDbLine
 10
179.39641619976666
 20
421.34265818765726
 30
0.0
 11
180.00889483746198
 21
422.13888041666115
 31
0.0
  0
LINE
  5
861
330
17
100
AcDbEntity
  8
ENGRAVE
100
AcDbLine
 10
180.00889483746198
 20
422.13888041666115
 30
0.0
 11
180.00889483746198
 21
423.3638376920518
 31
0.0
  0
LINE
  5
862
330
17
100
AcDbEntity
  8
ENGRAVE
100
AcDbLine
 10
180.00889483746198
 20
423.3638376920518
 30
0.0
 11
179.39641619976666
 21
424.1600599210557
 31
0.0
  0
LINE
  5
863
330
17
100
AcDbEntity
  8
ENGRAVE
100
AcDbLine
 10
179.39641619976666
 20
424.1600599210557
 30
0.0
 11
177.55898028668074
 21
424.1600599210557
 31
0.0
  0
LINE
  5
864
330
17
100
AcDbEntity
  8
ENGRAVE
100
AcDbLine
 10
177.55898028668074
 20
424.1600599210557
 30
0.0
 11
176.94650164898542
 21
423.3638376920518
 31
0.0
  0
LINE
  5
865
330
17
100
AcDbEntity
  8
CUT
100
AcDbLine
 10
213.65525555555524
 20
414.97565555555593
 30
0.0
 11
225.09830833333294
 21
414.97565555555593
 31
0.0
  0
LINE
  5
866
330
17
100
AcDbEntity
  8
CUT
100
AcDbLine
 10
199.21218055555525
 20
414.97565555555593
 30
0.0
 11
210.65488055555525
 21
414.97565555555593
 31
0.0
  0
LINE
  5
867
330
17
100
AcDbEntity
  8
CUT
100
AcDbLine
 10
225.09830833333294
 20
414.97565555555593
 30
0.0
 11
221.17048055555523
 21
429.934491666667
 31
0.0
  0
LINE
  5
868
330
17
100
AcDbEntity
  8
CUT
100
AcDbLine
 10
221.17048055555523
 20
429.934491666667
 30
0.0
 11
203.14000833333307
 21
429.934491666667
 31
0.0
  0
LINE
  5
869
330
17
100
AcDbEntity
  8
CUT
100
AcDbLine
 10
203.14000833333307
 20
429.934491666667
 30
0.0
 11
199.21218055555525
 21
414.97565555555593
 31
0.0
  0
LINE
  5
86A
330
17
100
AcDbEntity
  8
CUT
100
AcDbLine
 10
210.65488055555525
 20
421.842827777778
 30
0.0
 11
213.65525555555524
 21
421.842827777778
 31
0.0
  0
LINE
  5
86B
330
17
100
AcDbEntity
  8
CUT
100
AcDbLine
 10
210.65488055555525
 20
414.97565555555593
 30
0.0
 11
210.65488055555525
 21
421.842827777778
 31
0.0
  0
LINE
  5
86C
330
17
100
AcDbEntity
  8
CUT
100
AcDbLine
 10
213.65525555555524
 20
421.842827777778
 30
0.0
 11
213.65525555555524
 21
414.97565555555593
 31
0.0
  0
LINE
  5
86D
330
17
100
AcDbEntity
  8
ENGRAVE
100
AcDbLine
 10
203.38271487598186
 20
416.014094039708
 30
0.0
 11
202.77023623828654
 21
416.6265726774034
 31
0.0
  0
LINE
  5
86E
330
17
100
AcDbEntity
  8
ENGRAVE
100
AcDbLine
 10
202.77023623828654
 20
416.6265726774034
 30
0.0
 11
202.77023623828654
 21
419.0764872281846
 31
0.0
  0
LINE
  5
86F
330
17
100
AcDbEntity
  8
ENGRAVE
100
AcDbLine
 10
202.77023623828654
 20
419.0764872281846
 30
0.0
 11
203.38271487598186
 21
419.68896586587994
 31
0.0
  0
LINE
  5
870
330
17
100
AcDbEntity
  8
ENGRAVE
100
AcDbLine
 10
203.38271487598186
 20
419.68896586587994
 30
0.0
 11
204.85266360645062
 21
419.68896586587994
 31
0.0
  0
LINE
  5
871
330
17
100
AcDbEntity
  8
ENGRAVE
100
AcDbLine
 10
204.85266360645062
 20
419.68896586587994
 30
0.0
 11
205.4651422441459
 21
419.0764872281846
 31
0.0
  0
LINE
  5
872
330
17
100
AcDbEntity
  8
ENGRAVE
100
AcDbLine
 10
205.4651422441459
 20
419.0764872281846
 30
0.0
 11
205.4651422441459
 21
417.23905131509866
 31
0.0
  0
LINE
  5
873
330
17
100
AcDbEntity
  8
ENGRAVE
100
AcDbLine
 10
205.4651422441459
 20
419.0764872281846
 30
0.0
 11
206.07762088184123
 21
419.68896586587994
 31
0.0
  0
LINE
  5
874
330
17
100
AcDbEntity
  8
ENGRAVE
100
AcDbLine
 10
206.07762088184123
 20
419.68896586587994
 30
0.0
 11
208.28254397754435
 21
419.68896586587994
 31
0.0
  0
LINE
  5
875
330
17
100
AcDbEntity
  8
ENGRAVE
100
AcDbLine
 10
208.28254397754435
 20
419.68896586587994
 30
0.0
 11
208.89502261523967
 21
419.0764872281846
 31
0.0
  0
LINE
  5
876
330
17
100
AcDbEntity
  8
ENGRAVE
100
AcDbLine
 10
208.89502261523967
 20
419.0764872281846
 30
0.0
 11
208.89502261523967
 21
416.6265726774034
 31
0.0
  0
LINE
  5
877
330
17
100
AcDbEntity
  8
ENGRAVE
100
AcDbLine
 10
208.89502261523967
 20
416.6265726774034
 30
0.0
 11
208.28254397754435
 21
416.014094039708
 31
0.0
  0
LINE
  5
878
330
17
100
AcDbEntity
  8
ENGRAVE
100
AcDbLine
 10
205.8326294267631
 20
422.13888041666115
 30
0.0
 11
205.34264651660686
 21
421.52640177896586
 31
0.0
  0
LINE
  5
879
330
17
100
AcDbEntity
  8
ENGRAVE
100
AcDbLine
 10
205.34264651660686
 20
421.52640177896586
 30
0.0
 11
203.38271487598186
 21
421.52640177896586
 31
0.0
  0
LINE
  5
87A
330
17
100
AcDbEntity
  8
ENGRAVE
100
AcDbLine
 10
203.38271487598186
 20
421.52640177896586
 30
0.0
 11
202.77023623828654
 21
422.13888041666115
 31
0.0
  0
LINE
  5
87B
330
17
100
AcDbEntity
  8
ENGRAVE
100
AcDbLine
 10
202.77023623828654
 20
422.13888041666115
 30
0.0
 11
202.77023623828654
 21
423.3638376920518
 31
0.0
  0
LINE
  5
87C
330
17
100
AcDbEntity
  8
ENGRAVE
100
AcDbLine
 10
202.77023623828654
 20
423.3638376920518
 30
0.0
 11
203.38271487598186
 21
423.9763163297471
 31
0.0
  0
LINE
  5
87D
330
17
100
AcDbEntity
  8
ENGRAVE
100
AcDbLine
 10
203.38271487598186
 20
423.9763163297471
 30
0.0
 11
205.34264651660686
 21
423.9763163297471
 31
0.0
  0
LINE
  5
87E
330
17
100
AcDbEntity
  8
ENGRAVE
100
AcDbLine
 10
205.34264651660686
 20
423.9763163297471
 30
0.0
 11
205.8326294267631
 21
423.3638376920518
 31
0.0
  0
LINE
  5
87F
330
17
100
AcDbEntity
  8
ENGRAVE
100
AcDbLine
 10
205.8326294267631
 20
423.3638376920518
 30
0.0
 11
205.8326294267631
 21
422.13888041666115
 31
0.0
  0
LINE
  5
880
330
17
100
AcDbEntity
  8
ENGRAVE
100
AcDbLine
 10
205.8326294267631
 20
422.13888041666115
 30
0.0
 11
206.44510806445842
 21
421.34265818765726
 31
0.0
  0
LINE
  5
881
330
17
100
AcDbEntity
  8
ENGRAVE
100
AcDbLine
 10
206.44510806445842
 20
421.34265818765726
 30
0.0
 11
208.28254397754435
 21
421.34265818765726
 31
0.0
  0
LINE
  5
882
330
17
100
AcDbEntity
  8
ENGRAVE
100
AcDbLine
 10
208.28254397754435
 20
421.34265818765726
 30
0.0
 11
208.89502261523967
 21
422.13888041666115
 31
0.0
  0
LINE
  5
883
330
17
100
AcDbEntity
  8
ENGRAVE
100
AcDbLine
 10
208.89502261523967
 20
422.13888041666115
 30
0.0
 11
208.89502261523967
 21
423.3638376920518
 31
0.0
  0
LINE
  5
884
330
17
100
AcDbEntity
  8
ENGRAVE
100
AcDbLine
 10
208.89502261523967
 20
423.3638376920518
 30
0.0
 11
208.28254397754435
 21
424.1600599210557
 31
0.0
  0
LINE
  5
885
330
17
100
AcDbEntity
  8
ENGRAVE
100
AcDbLine
 10
208.28254397754435
 20
424.1600599210557
 30
0.0
 11
206.44510806445842
 21
424.1600599210557
 31
0.0
  0
LINE
  5
886
330
17
100
AcDbEntity
  8
ENGRAVE
100
AcDbLine
 10
206.44510806445842
 20
424.1600599210557
 30
0.0
 11
205.8326294267631
 21
423.3638376920518
 31
0.0
  0
LINE
  5
887
330
17
100
AcDbEntity
  8
CUT
100
AcDbLine
 10
274.2945583333336
 20
421.38598055555605
 30
0.0
 11
274.2945583333336
 21
418.385605555556
 31
0.0
  0
LINE
  5
888
330
17
100
AcDbEntity
  8
CUT
100
AcDbLine
 10
272.0279611111113
 20
434.9262972222226
 30
0.0
 11
272.0279611111113
 21
421.38598055555605
 31
0.0
  0
LINE
  5
889
330
17
100
AcDbEntity
  8
CUT
100
AcDbLine
 10
271.2938305555559
 20
418.385605555556
 30
0.0
 11
271.2938305555559
 21
415.38487777777823
 31
0.0
  0
LINE
  5
88A
330
17
100
AcDbEntity
  8
CUT
100
AcDbLine
 10
295.24426666666693
 20
415.38487777777823
 30
0.0
 11
295.24426666666693
 21
418.385605555556
 31
0.0
  0
LINE
  5
88B
330
17
100
AcDbEntity
  8
CUT
100
AcDbLine
 10
294.51013611111136
 20
421.38598055555605
 30
0.0
 11
294.51013611111136
 21
434.9262972222226
 31
0.0
  0
LINE
  5
88C
330
17
100
AcDbEntity
  8
CUT
100
AcDbLine
 10
292.24353888888936
 20
418.385605555556
 30
0.0
 11
292.24353888888936
 21
421.38598055555605
 31
0.0
  0
LINE
  5
88D
330
17
100
AcDbEntity
  8
CUT
100
AcDbLine
 10
274.2945583333336
 20
418.385605555556
 30
0.0
 11
271.2938305555559
 21
418.385605555556
 31
0.0
  0
LINE
  5
88E
330
17
100
AcDbEntity
  8
CUT
100
AcDbLine
 10
295.24426666666693
 20
418.385605555556
 30
0.0
 11
292.24353888888936
 21
418.385605555556
 31
0.0
  0
LINE
  5
88F
330
17
100
AcDbEntity
  8
CUT
100
AcDbLine
 10
294.51013611111136
 20
434.9262972222226
 30
0.0
 11
272.0279611111113
 21
434.9262972222226
 31
0.0
  0
LINE
  5
890
330
17
100
AcDbEntity
  8
CUT
100
AcDbLine
 10
292.24353888888936
 20
421.38598055555605
 30
0.0
 11
294.51013611111136
 21
421.38598055555605
 31
0.0
  0
LINE
  5
891
330
17
100
AcDbEntity
  8
CUT
100
AcDbLine
 10
272.0279611111113
 20
421.38598055555605
 30
0.0
 11
274.2945583333336
 21
421.38598055555605
 31
0.0
  0
LINE
  5
892
330
17
100
AcDbEntity
  8
CUT
100
AcDbLine
 10
271.2938305555559
 20
415.38487777777823
 30
0.0
 11
295.24426666666693
 21
415.38487777777823
 31
0.0
  0
LINE
  5
893
330
17
100
AcDbEntity
  8
ENGRAVE
100
AcDbLine
 10
278.3688903071983
 20
427.96484790914127
 30
0.0
 11
279.06887962604594
 21
428.6648372279889
 31
0.0
  0
LINE
  5
894
330
17
100
AcDbEntity
  8
ENGRAVE
100
AcDbLine
 10
279.06887962604594
 20
428.6648372279889
 30
0.0
 11
281.86883690143657
 21
428.6648372279889
 31
0.0
  0
LINE
  5
895
330
17
100
AcDbEntity
  8
ENGRAVE
100
AcDbLine
 10
281.86883690143657
 20
428.6648372279889
 30
0.0
 11
282.5688262202842
 21
427.96484790914127
 31
0.0
  0
LINE
  5
896
330
17
100
AcDbEntity
  8
ENGRAVE
100
AcDbLine
 10
282.5688262202842
 20
427.96484790914127
 30
0.0
 11
282.5688262202842
 21
426.2848735439069
 31
0.0
  0
LINE
  5
897
330
17
100
AcDbEntity
  8
ENGRAVE
100
AcDbLine
 10
282.5688262202842
 20
426.2848735439069
 30
0.0
 11
281.86883690143657
 21
425.5848842250592
 31
0.0
  0
LINE
  5
898
330
17
100
AcDbEntity
  8
ENGRAVE
100
AcDbLine
 10
281.86883690143657
 20
425.5848842250592
 30
0.0
 11
279.7688689448936
 21
425.5848842250592
 31
0.0
  0
LINE
  5
899
330
17
100
AcDbEntity
  8
ENGRAVE
100
AcDbLine
 10
281.86883690143657
 20
425.5848842250592
 30
0.0
 11
282.5688262202842
 21
424.88489490621157
 31
0.0
  0
LINE
  5
89A
330
17
100
AcDbEntity
  8
ENGRAVE
100
AcDbLine
 10
282.5688262202842
 20
424.88489490621157
 30
0.0
 11
282.5688262202842
 21
422.36493335836
 31
0.0
  0
LINE
  5
89B
330
17
100
AcDbEntity
  8
ENGRAVE
100
AcDbLine
 10
282.5688262202842
 20
422.36493335836
 30
0.0
 11
281.86883690143657
 21
421.66494403951236
 31
0.0
  0
LINE
  5
89C
330
17
100
AcDbEntity
  8
ENGRAVE
100
AcDbLine
 10
281.86883690143657
 20
421.66494403951236
 30
0.0
 11
279.06887962604594
 21
421.66494403951236
 31
0.0
  0
LINE
  5
89D
330
17
100
AcDbEntity
  8
ENGRAVE
100
AcDbLine
 10
279.06887962604594
 20
421.66494403951236
 30
0.0
 11
278.3688903071983
 21
422.36493335836
 31
0.0
  0
LINE
  5
89E
330
17
100
AcDbEntity
  8
ENGRAVE
100
AcDbLine
 10
287.4687514522178
 20
428.6648372279889
 30
0.0
 11
285.36878349567485
 21
428.6648372279889
 31
0.0
  0
LINE
  5
89F
330
17
100
AcDbEntity
  8
ENGRAVE
100
AcDbLine
 10
285.36878349567485
 20
428.6648372279889
 30
0.0
 11
283.96880485797953
 21
426.56486927144596
 31
0.0
  0
LINE
  5
8A0
330
17
100
AcDbEntity
  8
ENGRAVE
100
AcDbLine
 10
283.96880485797953
 20
426.56486927144596
 30
0.0
 11
283.96880485797953
 21
423.0649226772077
 31
0.0
  0
LINE
  5
8A1
330
17
100
AcDbEntity
  8
ENGRAVE
100
AcDbLine
 10
283.96880485797953
 20
423.0649226772077
 30
0.0
 11
284.6687941768272
 21
421.66494403951236
 31
0.0
  0
LINE
  5
8A2
330
17
100
AcDbEntity
  8
ENGRAVE
100
AcDbLine
 10
284.6687941768272
 20
421.66494403951236
 30
0.0
 11
287.4687514522178
 21
421.66494403951236
 31
0.0
  0
LINE
  5
8A3
330
17
100
AcDbEntity
  8
ENGRAVE
100
AcDbLine
 10
287.4687514522178
 20
421.66494403951236
 30
0.0
 11
288.1687407710655
 21
423.0649226772077
 31
0.0
  0
LINE
  5
8A4
330
17
100
AcDbEntity
  8
ENGRAVE
100
AcDbLine
 10
288.1687407710655
 20
423.0649226772077
 30
0.0
 11
288.1687407710655
 21
424.11490665547916
 31
0.0
  0
LINE
  5
8A5
330
17
100
AcDbEntity
  8
ENGRAVE
100
AcDbLine
 10
288.1687407710655
 20
424.11490665547916
 30
0.0
 11
287.4687514522178
 21
425.16489063375064
 31
0.0
  0
LINE
  5
8A6
330
17
100
AcDbEntity
  8
ENGRAVE
100
AcDbLine
 10
287.4687514522178
 20
425.16489063375064
 30
0.0
 11
284.6687941768272
 21
425.16489063375064
 31
0.0
  0
LINE
  5
8A7
330
17
100
AcDbEntity
  8
ENGRAVE
100
AcDbLine
 10
284.6687941768272
 20
425.16489063375064
 30
0.0
 11
283.96880485797953
 21
424.11490665547916
 31
0.0
  0
LINE
  5
8A8
330
17
100
AcDbEntity
  8
CUT
100
AcDbLine
 10
301.2449944444446
 20
421.38598055555605
 30
0.0
 11
301.2449944444446
 21
418.385605555556
 31
0.0
  0
LINE
  5
8A9
330
17
100
AcDbEntity
  8
CUT
100
AcDbLine
 10
298.9783972222223
 20
434.9262972222226
 30
0.0
 11
298.9783972222223
 21
421.38598055555605
 31
0.0
  0
LINE
  5
8AA
330
17
100
AcDbEntity
  8
CUT
100
AcDbLine
 10
298.24426666666693
 20
418.385605555556
 30
0.0
 11
298.24426666666693
 21
415.38487777777823
 31
0.0
  0
LINE
  5
8AB
330
17
100
AcDbEntity
  8
CUT
100
AcDbLine
 10
322.19470277777793
 20
415.38487777777823
 30
0.0
 11
322.19470277777793
 21
418.385605555556
 31
0.0
  0
LINE
  5
8AC
330
17
100
AcDbEntity
  8
CUT
100
AcDbLine
 10
321.46057222222237
 20
421.38598055555605
 30
0.0
 11
321.46057222222237
 21
434.9262972222226
 31
0.0
  0
LINE
  5
8AD
330
17
100
AcDbEntity
  8
CUT
100
AcDbLine
 10
319.19397500000036
 20
418.385605555556
 30
0.0
 11
319.19397500000036
 21
421.38598055555605
 31
0.0
  0
LINE
  5
8AE
330
17
100
AcDbEntity
  8
CUT
100
AcDbLine
 10
301.2449944444446
 20
418.385605555556
 30
0.0
 11
298.24426666666693
 21
418.385605555556
 31
0.0
  0
LINE
  5
8AF
330
17
100
AcDbEntity
  8
CUT
100
AcDbLine
 10
322.19470277777793
 20
418.385605555556
 30
0.0
 11
319.19397500000036
 21
418.385605555556
 31
0.0
  0
LINE
  5
8B0
330
17
100
AcDbEntity
  8
CUT
100
AcDbLine
 10
321.46057222222237
 20
434.9262972222226
 30
0.0
 11
298.9783972222223
 21
434.9262972222226
 31
0.0
  0
LINE
  5
8B1
330
17
100
AcDbEntity
  8
CUT
100
AcDbLine
 10
319.19397500000036
 20
421.38598055555605
 30
0.0
 11
321.46057222222237
 21
421.38598055555605
 31
0.0
  0
LINE
  5
8B2
330
17
100
AcDbEntity
  8
CUT
100
AcDbLine
 10
298.9783972222223
 20
421.38598055555605
 30
0.0
 11
301.2449944444446
 21
421.38598055555605
 31
0.0
  0
LINE
  5
8B3
330
17
100
AcDbEntity
  8
CUT
100
AcDbLine
 10
298.24426666666693
 20
415.38487777777823
 30
0.0
 11
322.19470277777793
 21
415.38487777777823
 31
0.0
  0
LINE
  5
8B4
330
17
100
AcDbEntity
  8
ENGRAVE
100
AcDbLine
 10
305.3193264183093
 20
427.96484790914127
 30
0.0
 11
306.01931573715694
 21
428.6648372279889
 31
0.0
  0
LINE
  5
8B5
330
17
100
AcDbEntity
  8
ENGRAVE
100
AcDbLine
 10
306.01931573715694
 20
428.6648372279889
 30
0.0
 11
308.81927301254757
 21
428.6648372279889
 31
0.0
  0
LINE
  5
8B6
330
17
100
AcDbEntity
  8
ENGRAVE
100
AcDbLine
 10
308.81927301254757
 20
428.6648372279889
 30
0.0
 11
309.5192623313952
 21
427.96484790914127
 31
0.0
  0
LINE
  5
8B7
330
17
100
AcDbEntity
  8
ENGRAVE
100
AcDbLine
 10
309.5192623313952
 20
427.96484790914127
 30
0.0
 11
309.5192623313952
 21
426.2848735439069
 31
0.0
  0
LINE
  5
8B8
330
17
100
AcDbEntity
  8
ENGRAVE
100
AcDbLine
 10
309.5192623313952
 20
426.2848735439069
 30
0.0
 11
308.81927301254757
 21
425.5848842250592
 31
0.0
  0
LINE
  5
8B9
330
17
100
AcDbEntity
  8
ENGRAVE
100
AcDbLine
 10
308.81927301254757
 20
425.5848842250592
 30
0.0
 11
306.7193050560046
 21
425.5848842250592
 31
0.0
  0
LINE
  5
8BA
330
17
100
AcDbEntity
  8
ENGRAVE
100
AcDbLine
 10
308.81927301254757
 20
425.5848842250592
 30
0.0
 11
309.5192623313952
 21
424.88489490621157
 31
0.0
  0
LINE
  5
8BB
330
17
100
AcDbEntity
  8
ENGRAVE
100
AcDbLine
 10
309.5192623313952
 20
424.88489490621157
 30
0.0
 11
309.5192623313952
 21
422.36493335836
 31
0.0
  0
LINE
  5
8BC
330
17
100
AcDbEntity
  8
ENGRAVE
100
AcDbLine
 10
309.5192623313952
 20
422.36493335836
 30
0.0
 11
308.81927301254757
 21
421.66494403951236
 31
0.0
  0
LINE
  5
8BD
330
17
100
AcDbEntity
  8
ENGRAVE
100
AcDbLine
 10
308.81927301254757
 20
421.66494403951236
 30
0.0
 11
306.01931573715694
 21
421.66494403951236
 31
0.0
  0
LINE
  5
8BE
330
17
100
AcDbEntity
  8
ENGRAVE
100
AcDbLine
 10
306.01931573715694
 20
421.66494403951236
 30
0.0
 11
305.3193264183093
 21
422.36493335836
 31
0.0
  0
LINE
  5
8BF
330
17
100
AcDbEntity
  8
ENGRAVE
100
AcDbLine
 10
314.4191875633288
 20
428.6648372279889
 30
0.0
 11
312.31921960678585
 21
428.6648372279889
 31
0.0
  0
LINE
  5
8C0
330
17
100
AcDbEntity
  8
ENGRAVE
100
AcDbLine
 10
312.31921960678585
 20
428.6648372279889
 30
0.0
 11
310.91924096909054
 21
426.56486927144596
 31
0.0
  0
LINE
  5
8C1
330
17
100
AcDbEntity
  8
ENGRAVE
100
AcDbLine
 10
310.91924096909054
 20
426.56486927144596
 30
0.0
 11
310.91924096909054
 21
423.0649226772077
 31
0.0
  0
LINE
  5
8C2
330
17
100
AcDbEntity
  8
ENGRAVE
100
AcDbLine
 10
310.91924096909054
 20
423.0649226772077
 30
0.0
 11
311.6192302879382
 21
421.66494403951236
 31
0.0
  0
LINE
  5
8C3
330
17
100
AcDbEntity
  8
ENGRAVE
100
AcDbLine
 10
311.6192302879382
 20
421.66494403951236
 30
0.0
 11
314.4191875633288
 21
421.66494403951236
 31
0.0
  0
LINE
  5
8C4
330
17
100
AcDbEntity
  8
ENGRAVE
100
AcDbLine
 10
314.4191875633288
 20
421.66494403951236
 30
0.0
 11
315.1191768821765
 21
423.0649226772077
 31
0.0
  0
LINE
  5
8C5
330
17
100
AcDbEntity
  8
ENGRAVE
100
AcDbLine
 10
315.1191768821765
 20
423.0649226772077
 30
0.0
 11
315.1191768821765
 21
424.11490665547916
 31
0.0
  0
LINE
  5
8C6
330
17
100
AcDbEntity
  8
ENGRAVE
100
AcDbLine
 10
315.1191768821765
 20
424.11490665547916
 30
0.0
 11
314.4191875633288
 21
425.16489063375064
 31
0.0
  0
LINE
  5
8C7
330
17
100
AcDbEntity
  8
ENGRAVE
100
AcDbLine
 10
314.4191875633288
 20
425.16489063375064
 30
0.0
 11
311.6192302879382
 21
425.16489063375064
 31
0.0
  0
LINE
  5
8C8
330
17
100
AcDbEntity
  8
ENGRAVE
100
AcDbLine
 10
311.6192302879382
 20
425.16489063375064
 30
0.0
 11
310.91924096909054
 21
424.11490665547916
 31
0.0
  0
LINE
  5
8C9
330
17
100
AcDbEntity
  8
CUT
100
AcDbLine
 10
328.1954305555556
 20
421.38598055555605
 30
0.0
 11
328.1954305555556
 21
418.385605555556
 31
0.0
  0
LINE
  5
8CA
330
17
100
AcDbEntity
  8
CUT
100
AcDbLine
 10
325.92883333333333
 20
434.9262972222226
 30
0.0
 11
325.92883333333333
 21
421.38598055555605
 31
0.0
  0
LINE
  5
8CB
330
17
100
AcDbEntity
  8
CUT
100
AcDbLine
 10
325.19470277777793
 20
418.385605555556
 30
0.0
 11
325.19470277777793
 21
415.38487777777823
 31
0.0
  0
LINE
  5
8CC
330
17
100
AcDbEntity
  8
CUT
100
AcDbLine
 10
349.14513888888894
 20
415.38487777777823
 30
0.0
 11
349.14513888888894
 21
418.385605555556
 31
0.0
  0
LINE
  5
8CD
330
17
100
AcDbEntity
  8
CUT
100
AcDbLine
 10
348.41100833333337
 20
421.38598055555605
 30
0.0
 11
348.41100833333337
 21
434.9262972222226
 31
0.0
  0
LINE
  5
8CE
330
17
100
AcDbEntity
  8
CUT
100
AcDbLine
 10
346.14441111111137
 20
418.385605555556
 30
0.0
 11
346.14441111111137
 21
421.38598055555605
 31
0.0
  0
LINE
  5
8CF
330
17
100
AcDbEntity
  8
CUT
100
AcDbLine
 10
328.1954305555556
 20
418.385605555556
 30
0.0
 11
325.19470277777793
 21
418.385605555556
 31
0.0
  0
LINE
  5
8D0
330
17
100
AcDbEntity
  8
CUT
100
AcDbLine
 10
349.14513888888894
 20
418.385605555556
 30
0.0
 11
346.14441111111137
 21
418.385605555556
 31
0.0
  0
LINE
  5
8D1
330
17
100
AcDbEntity
  8
CUT
100
AcDbLine
 10
348.41100833333337
 20
434.9262972222226
 30
0.0
 11
325.92883333333333
 21
434.9262972222226
 31
0.0
  0
LINE
  5
8D2
330
17
100
AcDbEntity
  8
CUT
100
AcDbLine
 10
346.14441111111137
 20
421.38598055555605
 30
0.0
 11
348.41100833333337
 21
421.38598055555605
 31
0.0
  0
LINE
  5
8D3
330
17
100
AcDbEntity
  8
CUT
100
AcDbLine
 10
325.92883333333333
 20
421.38598055555605
 30
0.0
 11
328.1954305555556
 21
421.38598055555605
 31
0.0
  0
LINE
  5
8D4
330
17
100
AcDbEntity
  8
CUT
100
AcDbLine
 10
325.19470277777793
 20
415.38487777777823
 30
0.0
 11
349.14513888888894
 21
415.38487777777823
 31
0.0
  0
LINE
  5
8D5
330
17
100
AcDbEntity
  8
ENGRAVE
100
AcDbLine
 10
332.2697625294203
 20
427.96484790914127
 30
0.0
 11
332.96975184826795
 21
428.6648372279889
 31
0.0
  0
LINE
  5
8D6
330
17
100
AcDbEntity
  8
ENGRAVE
100
AcDbLine
 10
332.96975184826795
 20
428.6648372279889
 30
0.0
 11
335.7697091236586
 21
428.6648372279889
 31
0.0
  0
LINE
  5
8D7
330
17
100
AcDbEntity
  8
ENGRAVE
100
AcDbLine
 10
335.7697091236586
 20
428.6648372279889
 30
0.0
 11
336.4696984425062
 21
427.96484790914127
 31
0.0
  0
LINE
  5
8D8
330
17
100
AcDbEntity
  8
ENGRAVE
100
AcDbLine
 10
336.4696984425062
 20
427.96484790914127
 30
0.0
 11
336.4696984425062
 21
426.2848735439069
 31
0.0
  0
LINE
  5
8D9
330
17
100
AcDbEntity
  8
ENGRAVE
100
AcDbLine
 10
336.4696984425062
 20
426.2848735439069
 30
0.0
 11
335.7697091236586
 21
425.5848842250592
 31
0.0
  0
LINE
  5
8DA
330
17
100
AcDbEntity
  8
ENGRAVE
100
AcDbLine
 10
335.7697091236586
 20
425.5848842250592
 30
0.0
 11
333.6697411671156
 21
425.5848842250592
 31
0.0
  0
LINE
  5
8DB
330
17
100
AcDbEntity
  8
ENGRAVE
100
AcDbLine
 10
335.7697091236586
 20
425.5848842250592
 30
0.0
 11
336.4696984425062
 21
424.88489490621157
 31
0.0
  0
LINE
  5
8DC
330
17
100
AcDbEntity
  8
ENGRAVE
100
AcDbLine
 10
336.4696984425062
 20
424.88489490621157
 30
0.0
 11
336.4696984425062
 21
422.36493335836
 31
0.0
  0
LINE
  5
8DD
330
17
100
AcDbEntity
  8
ENGRAVE
100
AcDbLine
 10
336.4696984425062
 20
422.36493335836
 30
0.0
 11
335.7697091236586
 21
421.66494403951236
 31
0.0
  0
LINE
  5
8DE
330
17
100
AcDbEntity
  8
ENGRAVE
100
AcDbLine
 10
335.7697091236586
 20
421.66494403951236
 30
0.0
 11
332.96975184826795
 21
421.66494403951236
 31
0.0
  0
LINE
  5
8DF
330
17
100
AcDbEntity
  8
ENGRAVE
100
AcDbLine
 10
332.96975184826795
 20
421.66494403951236
 30
0.0
 11
332.2697625294203
 21
422.36493335836
 31
0.0
  0
LINE
  5
8E0
330
17
100
AcDbEntity
  8
ENGRAVE
100
AcDbLine
 10
341.3696236744398
 20
428.6648372279889
 30
0.0
 11
339.26965571789685
 21
428.6648372279889
 31
0.0
  0
LINE
  5
8E1
330
17
100
AcDbEntity
  8
ENGRAVE
100
AcDbLine
 10
339.26965571789685
 20
428.6648372279889
 30
0.0
 11
337.86967708020154
 21
426.56486927144596
 31
0.0
  0
LINE
  5
8E2
330
17
100
AcDbEntity
  8
ENGRAVE
100
AcDbLine
 10
337.86967708020154
 20
426.56486927144596
 30
0.0
 11
337.86967708020154
 21
423.0649226772077
 31
0.0
  0
LINE
  5
8E3
330
17
100
AcDbEntity
  8
ENGRAVE
100
AcDbLine
 10
337.86967708020154
 20
423.0649226772077
 30
0.0
 11
338.5696663990492
 21
421.66494403951236
 31
0.0
  0
LINE
  5
8E4
330
17
100
AcDbEntity
  8
ENGRAVE
100
AcDbLine
 10
338.5696663990492
 20
421.66494403951236
 30
0.0
 11
341.3696236744398
 21
421.66494403951236
 31
0.0
  0
LINE
  5
8E5
330
17
100
AcDbEntity
  8
ENGRAVE
100
AcDbLine
 10
341.3696236744398
 20
421.66494403951236
 30
0.0
 11
342.0696129932875
 21
423.0649226772077
 31
0.0
  0
LINE
  5
8E6
330
17
100
AcDbEntity
  8
ENGRAVE
100
AcDbLine
 10
342.0696129932875
 20
423.0649226772077
 30
0.0
 11
342.0696129932875
 21
424.11490665547916
 31
0.0
  0
LINE
  5
8E7
330
17
100
AcDbEntity
  8
ENGRAVE
100
AcDbLine
 10
342.0696129932875
 20
424.11490665547916
 30
0.0
 11
341.3696236744398
 21
425.16489063375064
 31
0.0
  0
LINE
  5
8E8
330
17
100
AcDbEntity
  8
ENGRAVE
100
AcDbLine
 10
341.3696236744398
 20
425.16489063375064
 30
0.0
 11
338.5696663990492
 21
425.16489063375064
 31
0.0
  0
LINE
  5
8E9
330
17
100
AcDbEntity
  8
ENGRAVE
100
AcDbLine
 10
338.5696663990492
 20
425.16489063375064
 30
0.0
 11
337.86967708020154
 21
424.11490665547916
 31
0.0
  0
LINE
  5
8EA
330
17
100
AcDbEntity
  8
CUT
100
AcDbLine
 10
355.1458666666666
 20
421.38598055555605
 30
0.0
 11
355.1458666666666
 21
418.385605555556
 31
0.0
  0
LINE
  5
8EB
330
17
100
AcDbEntity
  8
CUT
100
AcDbLine
 10
352.87926944444433
 20
434.9262972222226
 30
0.0
 11
352.87926944444433
 21
421.38598055555605
 31
0.0
  0
LINE
  5
8EC
330
17
100
AcDbEntity
  8
CUT
100
AcDbLine
 10
352.14513888888894
 20
418.385605555556
 30
0.0
 11
352.14513888888894
 21
415.38487777777823
 31
0.0
  0
LINE
  5
8ED
330
17
100
AcDbEntity
  8
CUT
100
AcDbLine
 10
376.09557499999994
 20
415.38487777777823
 30
0.0
 11
376.09557499999994
 21
418.385605555556
 31
0.0
  0
LINE
  5
8EE
330
17
100
AcDbEntity
  8
CUT
100
AcDbLine
 10
375.3614444444444
 20
421.38598055555605
 30
0.0
 11
375.3614444444444
 21
434.9262972222226
 31
0.0
  0
LINE
  5
8EF
330
17
100
AcDbEntity
  8
CUT
100
AcDbLine
 10
373.09484722222237
 20
418.385605555556
 30
0.0
 11
373.09484722222237
 21
421.38598055555605
 31
0.0
  0
LINE
  5
8F0
330
17
100
AcDbEntity
  8
CUT
100
AcDbLine
 10
355.1458666666666
 20
418.385605555556
 30
0.0
 11
352.14513888888894
 21
418.385605555556
 31
0.0
  0
LINE
  5
8F1
330
17
100
AcDbEntity
  8
CUT
100
AcDbLine
 10
376.09557499999994
 20
418.385605555556
 30
0.0
 11
373.09484722222237
 21
418.385605555556
 31
0.0
  0
LINE
  5
8F2
330
17
100
AcDbEntity
  8
CUT
100
AcDbLine
 10
375.3614444444444
 20
434.9262972222226
 30
0.0
 11
352.87926944444433
 21
434.9262972222226
 31
0.0
  0
LINE
  5
8F3
330
17
100
AcDbEntity
  8
CUT
100
AcDbLine
 10
373.09484722222237
 20
421.38598055555605
 30
0.0
 11
375.3614444444444
 21
421.38598055555605
 31
0.0
  0
LINE
  5
8F4
330
17
100
AcDbEntity
  8
CUT
100
AcDbLine
 10
352.87926944444433
 20
421.38598055555605
 30
0.0
 11
355.1458666666666
 21
421.38598055555605
 31
0.0
  0
LINE
  5
8F5
330
17
100
AcDbEntity
  8
CUT
100
AcDbLine
 10
352.14513888888894
 20
415.38487777777823
 30
0.0
 11
376.09557499999994
 21
415.38487777777823
 31
0.0
  0
LINE
  5
8F6
330
17
100
AcDbEntity
  8
ENGRAVE
100
AcDbLine
 10
359.2201986405313
 20
427.96484790914127
 30
0.0
 11
359.92018795937895
 21
428.6648372279889
 31
0.0
  0
LINE
  5
8F7
330
17
100
AcDbEntity
  8
ENGRAVE
100
AcDbLine
 10
359.92018795937895
 20
428.6648372279889
 30
0.0
 11
362.7201452347696
 21
428.6648372279889
 31
0.0
  0
LINE
  5
8F8
330
17
100
AcDbEntity
  8
ENGRAVE
100
AcDbLine
 10
362.7201452347696
 20
428.6648372279889
 30
0.0
 11
363.42013455361723
 21
427.96484790914127
 31
0.0
  0
LINE
  5
8F9
330
17
100
AcDbEntity
  8
ENGRAVE
100
AcDbLine
 10
363.42013455361723
 20
427.96484790914127
 30
0.0
 11
363.42013455361723
 21
426.2848735439069
 31
0.0
  0
LINE
  5
8FA
330
17
100
AcDbEntity
  8
ENGRAVE
100
AcDbLine
 10
363.42013455361723
 20
426.2848735439069
 30
0.0
 11
362.7201452347696
 21
425.5848842250592
 31
0.0
  0
LINE
  5
8FB
330
17
100
AcDbEntity
  8
ENGRAVE
100
AcDbLine
 10
362.7201452347696
 20
425.5848842250592
 30
0.0
 11
360.6201772782266
 21
425.5848842250592
 31
0.0
  0
LINE
  5
8FC
330
17
100
AcDbEntity
  8
ENGRAVE
100
AcDbLine
 10
362.7201452347696
 20
425.5848842250592
 30
0.0
 11
363.42013455361723
 21
424.88489490621157
 31
0.0
  0
LINE
  5
8FD
330
17
100
AcDbEntity
  8
ENGRAVE
100
AcDbLine
 10
363.42013455361723
 20
424.88489490621157
 30
0.0
 11
363.42013455361723
 21
422.36493335836
 31
0.0
  0
LINE
  5
8FE
330
17
100
AcDbEntity
  8
ENGRAVE
100
AcDbLine
 10
363.42013455361723
 20
422.36493335836
 30
0.0
 11
362.7201452347696
 21
421.66494403951236
 31
0.0
  0
LINE
  5
8FF
330
17
100
AcDbEntity
  8
ENGRAVE
100
AcDbLine
 10
362.7201452347696
 20
421.66494403951236
 30
0.0
 11
359.92018795937895
 21
421.66494403951236
 31
0.0
  0
LINE
  5
900
330
17
100
AcDbEntity
  8
ENGRAVE
100
AcDbLine
 10
359.92018795937895
 20
421.66494403951236
 30
0.0
 11
359.2201986405313
 21
422.36493335836
 31
0.0
  0
LINE
  5
901
330
17
100
AcDbEntity
  8
ENGRAVE
100
AcDbLine
 10
368.3200597855508
 20
428.6648372279889
 30
0.0
 11
366.22009182900786
 21
428.6648372279889
 31
0.0
  0
LINE
  5
902
330
17
100
AcDbEntity
  8
ENGRAVE
100
AcDbLine
 10
366.22009182900786
 20
428.6648372279889
 30
0.0
 11
364.82011319131254
 21
426.56486927144596
 31
0.0
  0
LINE
  5
903
330
17
100
AcDbEntity
  8
ENGRAVE
100
AcDbLine
 10
364.82011319131254
 20
426.56486927144596
 30
0.0
 11
364.82011319131254
 21
423.0649226772077
 31
0.0
  0
LINE
  5
904
330
17
100
AcDbEntity
  8
ENGRAVE
100
AcDbLine
 10
364.82011319131254
 20
423.0649226772077
 30
0.0
 11
365.5201025101602
 21
421.66494403951236
 31
0.0
  0
LINE
  5
905
330
17
100
AcDbEntity
  8
ENGRAVE
100
AcDbLine
 10
365.5201025101602
 20
421.66494403951236
 30
0.0
 11
368.3200597855508
 21
421.66494403951236
 31
0.0
  0
LINE
  5
906
330
17
100
AcDbEntity
  8
ENGRAVE
100
AcDbLine
 10
368.3200597855508
 20
421.66494403951236
 30
0.0
 11
369.0200491043985
 21
423.0649226772077
 31
0.0
  0
LINE
  5
907
330
17
100
AcDbEntity
  8
ENGRAVE
100
AcDbLine
 10
369.0200491043985
 20
423.0649226772077
 30
0.0
 11
369.0200491043985
 21
424.11490665547916
 31
0.0
  0
LINE
  5
908
330
17
100
AcDbEntity
  8
ENGRAVE
100
AcDbLine
 10
369.0200491043985
 20
424.11490665547916
 30
0.0
 11
368.3200597855508
 21
425.16489063375064
 31
0.0
  0
LINE
  5
909
330
17
100
AcDbEntity
  8
ENGRAVE
100
AcDbLine
 10
368.3200597855508
 20
425.16489063375064
 30
0.0
 11
365.5201025101602
 21
425.16489063375064
 31
0.0
  0
LINE
  5
90A
330
17
100
AcDbEntity
  8
ENGRAVE
100
AcDbLine
 10
365.5201025101602
 20
425.16489063375064
 30
0.0
 11
364.82011319131254
 21
424.11490665547916
 31
0.0
  0
LINE
  5
90B
330
17
100
AcDbEntity
  8
CUT
100
AcDbLine
 10
555.2301555555553
 20
421.4515750000005
 30
0.0
 11
555.2301555555553
 21
418.45120000000054
 31
0.0
  0
LINE
  5
90C
330
17
100
AcDbEntity
  8
CUT
100
AcDbLine
 10
552.9635583333329
 20
434.99189166666713
 30
0.0
 11
552.9635583333329
 21
421.4515750000005
 31
0.0
  0
LINE
  5
90D
330
17
100
AcDbEntity
  8
CUT
100
AcDbLine
 10
552.2294277777776
 20
418.45120000000054
 30
0.0
 11
552.2294277777776
 21
415.4504722222227
 31
0.0
  0
LINE
  5
90E
330
17
100
AcDbEntity
  8
CUT
100
AcDbLine
 10
576.1798638888886
 20
415.4504722222227
 30
0.0
 11
576.1798638888886
 21
418.45120000000054
 31
0.0
  0
LINE
  5
90F
330
17
100
AcDbEntity
  8
CUT
100
AcDbLine
 10
575.445733333333
 20
421.4515750000005
 30
0.0
 11
575.445733333333
 21
434.99189166666713
 31
0.0
  0
LINE
  5
910
330
17
100
AcDbEntity
  8
CUT
100
AcDbLine
 10
573.179136111111
 20
418.45120000000054
 30
0.0
 11
573.179136111111
 21
421.4515750000005
 31
0.0
  0
LINE
  5
911
330
17
100
AcDbEntity
  8
CUT
100
AcDbLine
 10
555.2301555555553
 20
418.45120000000054
 30
0.0
 11
552.2294277777776
 21
418.45120000000054
 31
0.0
  0
LINE
  5
912
330
17
100
AcDbEntity
  8
CUT
100
AcDbLine
 10
576.1798638888886
 20
418.45120000000054
 30
0.0
 11
573.179136111111
 21
418.45120000000054
 31
0.0
  0
LINE
  5
913
330
17
100
AcDbEntity
  8
CUT
100
AcDbLine
 10
575.445733333333
 20
434.99189166666713
 30
0.0
 11
552.9635583333329
 21
434.99189166666713
 31
0.0
  0
LINE
  5
914
330
17
100
AcDbEntity
  8
CUT
100
AcDbLine
 10
573.179136111111
 20
421.4515750000005
 30
0.0
 11
575.445733333333
 21
421.4515750000005
 31
0.0
  0
LINE
  5
915
330
17
100
AcDbEntity
  8
CUT
100
AcDbLine
 10
552.9635583333329
 20
421.4515750000005
 30
0.0
 11
555.2301555555553
 21
421.4515750000005
 31
0.0
  0
LINE
  5
916
330
17
100
AcDbEntity
  8
CUT
100
AcDbLine
 10
552.2294277777776
 20
415.4504722222227
 30
0.0
 11
576.1798638888886
 21
415.4504722222227
 31
0.0
  0
LINE
  5
917
330
17
100
AcDbEntity
  8
ENGRAVE
100
AcDbLine
 10
559.3044875294199
 20
428.0304423535857
 30
0.0
 11
560.0044768482676
 21
428.7304316724334
 31
0.0
  0
LINE
  5
918
330
17
100
AcDbEntity
  8
ENGRAVE
100
AcDbLine
 10
560.0044768482676
 20
428.7304316724334
 30
0.0
 11
562.8044341236582
 21
428.7304316724334
 31
0.0
  0
LINE
  5
919
330
17
100
AcDbEntity
  8
ENGRAVE
100
AcDbLine
 10
562.8044341236582
 20
428.7304316724334
 30
0.0
 11
563.5044234425059
 21
428.0304423535857
 31
0.0
  0
LINE
  5
91A
330
17
100
AcDbEntity
  8
ENGRAVE
100
AcDbLine
 10
563.5044234425059
 20
428.0304423535857
 30
0.0
 11
563.5044234425059
 21
426.35046798835134
 31
0.0
  0
LINE
  5
91B
330
17
100
AcDbEntity
  8
ENGRAVE
100
AcDbLine
 10
563.5044234425059
 20
426.35046798835134
 30
0.0
 11
562.8044341236582
 21
425.6504786695037
 31
0.0
  0
LINE
  5
91C
330
17
100
AcDbEntity
  8
ENGRAVE
100
AcDbLine
 10
562.8044341236582
 20
425.6504786695037
 30
0.0
 11
560.7044661671152
 21
425.6504786695037
 31
0.0
  0
LINE
  5
91D
330
17
100
AcDbEntity
  8
ENGRAVE
100
AcDbLine
 10
562.8044341236582
 20
425.6504786695037
 30
0.0
 11
563.5044234425059
 21
424.950489350656
 31
0.0
  0
LINE
  5
91E
330
17
100
AcDbEntity
  8
ENGRAVE
100
AcDbLine
 10
563.5044234425059
 20
424.950489350656
 30
0.0
 11
563.5044234425059
 21
422.4305278028045
 31
0.0
  0
LINE
  5
91F
330
17
100
AcDbEntity
  8
ENGRAVE
100
AcDbLine
 10
563.5044234425059
 20
422.4305278028045
 30
0.0
 11
562.8044341236582
 21
421.7305384839568
 31
0.0
  0
LINE
  5
920
330
17
100
AcDbEntity
  8
ENGRAVE
100
AcDbLine
 10
562.8044341236582
 20
421.7305384839568
 30
0.0
 11
560.0044768482676
 21
421.7305384839568
 31
0.0
  0
LINE
  5
921
330
17
100
AcDbEntity
  8
ENGRAVE
100
AcDbLine
 10
560.0044768482676
 20
421.7305384839568
 30
0.0
 11
559.3044875294199
 21
422.4305278028045
 31
0.0
  0
LINE
  5
922
330
17
100
AcDbEntity
  8
ENGRAVE
100
AcDbLine
 10
568.4043486744395
 20
428.7304316724334
 30
0.0
 11
566.3043807178965
 21
428.7304316724334
 31
0.0
  0
LINE
  5
923
330
17
100
AcDbEntity
  8
ENGRAVE
100
AcDbLine
 10
566.3043807178965
 20
428.7304316724334
 30
0.0
 11
564.9044020802012
 21
426.6304637158904
 31
0.0
  0
LINE
  5
924
330
17
100
AcDbEntity
  8
ENGRAVE
100
AcDbLine
 10
564.9044020802012
 20
426.6304637158904
 30
0.0
 11
564.9044020802012
 21
423.13051712165213
 31
0.0
  0
LINE
  5
925
330
17
100
AcDbEntity
  8
ENGRAVE
100
AcDbLine
 10
564.9044020802012
 20
423.13051712165213
 30
0.0
 11
565.6043913990488
 21
421.7305384839568
 31
0.0
  0
LINE
  5
926
330
17
100
AcDbEntity
  8
ENGRAVE
100
AcDbLine
 10
565.6043913990488
 20
421.7305384839568
 30
0.0
 11
568.4043486744395
 21
421.7305384839568
 31
0.0
  0
LINE
  5
927
330
17
100
AcDbEntity
  8
ENGRAVE
100
AcDbLine
 10
568.4043486744395
 20
421.7305384839568
 30
0.0
 11
569.1043379932871
 21
423.13051712165213
 31
0.0
  0
LINE
  5
928
330
17
100
AcDbEntity
  8
ENGRAVE
100
AcDbLine
 10
569.1043379932871
 20
423.13051712165213
 30
0.0
 11
569.1043379932871
 21
424.1805010999236
 31
0.0
  0
LINE
  5
929
330
17
100
AcDbEntity
  8
ENGRAVE
100
AcDbLine
 10
569.1043379932871
 20
424.1805010999236
 30
0.0
 11
568.4043486744395
 21
425.2304850781951
 31
0.0
  0
LINE
  5
92A
330
17
100
AcDbEntity
  8
ENGRAVE
100
AcDbLine
 10
568.4043486744395
 20
425.2304850781951
 30
0.0
 11
565.6043913990488
 21
425.2304850781951
 31
0.0
  0
LINE
  5
92B
330
17
100
AcDbEntity
  8
ENGRAVE
100
AcDbLine
 10
565.6043913990488
 20
425.2304850781951
 30
0.0
 11
564.9044020802012
 21
424.1805010999236
 31
0.0
  0
LINE
  5
92C
330
17
100
AcDbEntity
  8
CUT
100
AcDbLine
 10
237.52735277777734
 20
417.97638333333373
 30
0.0
 11
231.09868333333293
 21
417.97638333333373
 31
0.0
  0
LINE
  5
92D
330
17
100
AcDbEntity
  8
CUT
100
AcDbLine
 10
231.09868333333293
 20
431.9788388888893
 30
0.0
 11
237.52735277777734
 21
431.9788388888893
 31
0.0
  0
LINE
  5
92E
330
17
100
AcDbEntity
  8
CUT
100
AcDbLine
 10
237.52735277777734
 20
431.9788388888893
 30
0.0
 11
237.52735277777734
 21
417.97638333333373
 31
0.0
  0
LINE
  5
92F
330
17
100
AcDbEntity
  8
CUT
100
AcDbLine
 10
231.09868333333293
 20
417.97638333333373
 30
0.0
 11
231.09868333333293
 21
431.9788388888893
 31
0.0
  0
LINE
  5
930
330
17
100
AcDbEntity
  8
CUT
100
AcDbLine
 10
228.09830833333294
 20
414.97565555555593
 30
0.0
 11
240.52808055555514
 21
414.97565555555593
 31
0.0
  0
LINE
  5
931
330
17
100
AcDbEntity
  8
CUT
100
AcDbLine
 10
240.52808055555514
 20
434.9795666666671
 30
0.0
 11
228.09830833333294
 21
434.9795666666671
 31
0.0
  0
LINE
  5
932
330
17
100
AcDbEntity
  8
CUT
100
AcDbLine
 10
240.52808055555514
 20
414.97565555555593
 30
0.0
 11
240.52808055555514
 21
434.979566666667
 31
0.0
  0
LINE
  5
933
330
17
100
AcDbEntity
  8
CUT
100
AcDbLine
 10
228.09830833333294
 20
434.9795666666671
 30
0.0
 11
228.09830833333294
 21
414.97565555555593
 31
0.0
  0
LINE
  5
934
330
17
100
AcDbEntity
  8
ENGRAVE
100
AcDbLine
 10
239.8575174901258
 20
432.6641628660825
 30
0.0
 11
238.02730203602422
 21
432.6641628660825
 31
0.0
  0
LINE
  5
935
330
17
100
AcDbEntity
  8
ENGRAVE
100
AcDbLine
 10
238.02730203602422
 20
432.6641628660825
 30
0.0
 11
239.21694208119024
 21
431.8405659117368
 31
0.0
  0
LINE
  5
936
330
17
100
AcDbEntity
  8
ENGRAVE
100
AcDbLine
 10
239.21694208119024
 20
431.8405659117368
 30
0.0
 11
239.21694208119024
 21
432.93869518419774
 31
0.0
  0
LINE
  5
937
330
17
100
AcDbEntity
  8
ENGRAVE
100
AcDbLine
 10
238.02730203602422
 20
434.402867547479
 30
0.0
 11
238.02730203602422
 21
433.4877598204282
 31
0.0
  0
LINE
  5
938
330
17
100
AcDbEntity
  8
ENGRAVE
100
AcDbLine
 10
238.02730203602422
 20
433.4877598204282
 30
0.0
 11
238.75938821766485
 21
433.4877598204282
 31
0.0
  0
LINE
  5
939
330
17
100
AcDbEntity
  8
ENGRAVE
100
AcDbLine
 10
238.75938821766485
 20
433.4877598204282
 30
0.0
 11
238.75938821766485
 21
434.21984600206883
 31
0.0
  0
LINE
  5
93A
330
17
100
AcDbEntity
  8
ENGRAVE
100
AcDbLine
 10
238.75938821766485
 20
434.21984600206883
 30
0.0
 11
238.942409763075
 21
434.402867547479
 31
0.0
  0
LINE
  5
93B
330
17
100
AcDbEntity
  8
ENGRAVE
100
AcDbLine
 10
238.942409763075
 20
434.402867547479
 30
0.0
 11
239.67449594471563
 21
434.402867547479
 31
0.0
  0
LINE
  5
93C
330
17
100
AcDbEntity
  8
ENGRAVE
100
AcDbLine
 10
239.67449594471563
 20
434.402867547479
 30
0.0
 11
239.8575174901258
 21
434.21984600206883
 31
0.0
  0
LINE
  5
93D
330
17
100
AcDbEntity
  8
ENGRAVE
100
AcDbLine
 10
239.8575174901258
 20
434.21984600206883
 30
0.0
 11
239.8575174901258
 21
433.4877598204282
 31
0.0
  0
LINE
  5
93E
330
17
100
AcDbEntity
  8
ENGRAVE
100
AcDbLine
 10
239.8575174901258
 20
433.4877598204282
 30
0.0
 11
239.67449594471563
 21
433.30473827501805
 31
0.0
  0
LINE
  5
93F
330
17
100
AcDbEntity
  8
CUT
100
AcDbLine
 10
388.52461944444434
 20
418.385605555556
 30
0.0
 11
382.0959499999999
 21
418.385605555556
 31
0.0
  0
LINE
  5
940
330
17
100
AcDbEntity
  8
CUT
100
AcDbLine
 10
382.0959499999999
 20
432.3880611111116
 30
0.0
 11
388.52461944444434
 21
432.3880611111116
 31
0.0
  0
LINE
  5
941
330
17
100
AcDbEntity
  8
CUT
100
AcDbLine
 10
388.52461944444434
 20
432.3880611111116
 30
0.0
 11
388.52461944444434
 21
418.385605555556
 31
0.0
  0
LINE
  5
942
330
17
100
AcDbEntity
  8
CUT
100
AcDbLine
 10
382.0959499999999
 20
418.385605555556
 30
0.0
 11
382.0959499999999
 21
432.3880611111116
 31
0.0
  0
LINE
  5
943
330
17
100
AcDbEntity
  8
CUT
100
AcDbLine
 10
379.09557499999994
 20
415.38487777777823
 30
0.0
 11
391.52534722222214
 21
415.38487777777823
 31
0.0
  0
LINE
  5
944
330
17
100
AcDbEntity
  8
CUT
100
AcDbLine
 10
391.52534722222214
 20
435.3887888888894
 30
0.0
 11
379.09557499999994
 21
435.3887888888894
 31
0.0
  0
LINE
  5
945
330
17
100
AcDbEntity
  8
CUT
100
AcDbLine
 10
391.52534722222214
 20
415.38487777777823
 30
0.0
 11
391.52534722222214
 21
435.3887888888893
 31
0.0
  0
LINE
  5
946
330
17
100
AcDbEntity
  8
CUT
100
AcDbLine
 10
379.09557499999994
 20
435.3887888888894
 30
0.0
 11
379.09557499999994
 21
415.38487777777823
 31
0.0
  0
LINE
  5
947
330
17
100
AcDbEntity
  8
ENGRAVE
100
AcDbLine
 10
390.8547841567928
 20
433.0733850883048
 30
0.0
 11
389.0245687026912
 21
433.0733850883048
 31
0.0
  0
LINE
  5
948
330
17
100
AcDbEntity
  8
ENGRAVE
100
AcDbLine
 10
389.0245687026912
 20
433.0733850883048
 30
0.0
 11
390.21420874785724
 21
432.2497881339591
 31
0.0
  0
LINE
  5
949
330
17
100
AcDbEntity
  8
ENGRAVE
100
AcDbLine
 10
390.21420874785724
 20
432.2497881339591
 30
0.0
 11
390.21420874785724
 21
433.34791740642004
 31
0.0
  0
LINE
  5
94A
330
17
100
AcDbEntity
  8
ENGRAVE
100
AcDbLine
 10
389.0245687026912
 20
434.8120897697013
 30
0.0
 11
389.0245687026912
 21
433.8969820426505
 31
0.0
  0
LINE
  5
94B
330
17
100
AcDbEntity
  8
ENGRAVE
100
AcDbLine
 10
389.0245687026912
 20
433.8969820426505
 30
0.0
 11
389.75665488433185
 21
433.8969820426505
 31
0.0
  0
LINE
  5
94C
330
17
100
AcDbEntity
  8
ENGRAVE
100
AcDbLine
 10
389.75665488433185
 20
433.8969820426505
 30
0.0
 11
389.75665488433185
 21
434.62906822429113
 31
0.0
  0
LINE
  5
94D
330
17
100
AcDbEntity
  8
ENGRAVE
100
AcDbLine
 10
389.75665488433185
 20
434.62906822429113
 30
0.0
 11
389.939676429742
 21
434.8120897697013
 31
0.0
  0
LINE
  5
94E
330
17
100
AcDbEntity
  8
ENGRAVE
100
AcDbLine
 10
389.939676429742
 20
434.8120897697013
 30
0.0
 11
390.67176261138263
 21
434.8120897697013
 31
0.0
  0
LINE
  5
94F
330
17
100
AcDbEntity
  8
ENGRAVE
100
AcDbLine
 10
390.67176261138263
 20
434.8120897697013
 30
0.0
 11
390.8547841567928
 21
434.62906822429113
 31
0.0
  0
LINE
  5
950
330
17
100
AcDbEntity
  8
ENGRAVE
100
AcDbLine
 10
390.8547841567928
 20
434.62906822429113
 30
0.0
 11
390.8547841567928
 21
433.8969820426505
 31
0.0
  0
LINE
  5
951
330
17
100
AcDbEntity
  8
ENGRAVE
100
AcDbLine
 10
390.8547841567928
 20
433.8969820426505
 30
0.0
 11
390.67176261138263
 21
433.71396049724035
 31
0.0
  0
LINE
  5
952
330
17
100
AcDbEntity
  8
CUT
100
AcDbLine
 10
588.6089083333329
 20
418.4512000000005
 30
0.0
 11
582.1802388888885
 21
418.4512000000005
 31
0.0
  0
LINE
  5
953
330
17
100
AcDbEntity
  8
CUT
100
AcDbLine
 10
582.1802388888885
 20
432.453655555556
 30
0.0
 11
588.6089083333329
 21
432.453655555556
 31
0.0
  0
LINE
  5
954
330
17
100
AcDbEntity
  8
CUT
100
AcDbLine
 10
588.6089083333329
 20
432.453655555556
 30
0.0
 11
588.6089083333329
 21
418.4512000000005
 31
0.0
  0
LINE
  5
955
330
17
100
AcDbEntity
  8
CUT
100
AcDbLine
 10
582.1802388888885
 20
418.4512000000005
 30
0.0
 11
582.1802388888885
 21
432.453655555556
 31
0.0
  0
LINE
  5
956
330
17
100
AcDbEntity
  8
CUT
100
AcDbLine
 10
579.1798638888886
 20
415.4504722222227
 30
0.0
 11
591.6096361111108
 21
415.4504722222227
 31
0.0
  0
LINE
  5
957
330
17
100
AcDbEntity
  8
CUT
100
AcDbLine
 10
591.6096361111108
 20
435.45438333333385
 30
0.0
 11
579.1798638888886
 21
435.45438333333385
 31
0.0
  0
LINE
  5
958
330
17
100
AcDbEntity
  8
CUT
100
AcDbLine
 10
591.6096361111108
 20
415.4504722222227
 30
0.0
 11
591.6096361111108
 21
435.45438333333374
 31
0.0
  0
LINE
  5
959
330
17
100
AcDbEntity
  8
CUT
100
AcDbLine
 10
579.1798638888886
 20
435.45438333333385
 30
0.0
 11
579.1798638888886
 21
415.4504722222227
 31
0.0
  0
LINE
  5
95A
330
17
100
AcDbEntity
  8
ENGRAVE
100
AcDbLine
 10
590.9390730456814
 20
433.13897953274926
 30
0.0
 11
589.1088575915799
 21
433.13897953274926
 31
0.0
  0
LINE
  5
95B
330
17
100
AcDbEntity
  8
ENGRAVE
100
AcDbLine
 10
589.1088575915799
 20
433.13897953274926
 30
0.0
 11
590.2984976367459
 21
432.31538257840356
 31
0.0
  0
LINE
  5
95C
330
17
100
AcDbEntity
  8
ENGRAVE
100
AcDbLine
 10
590.2984976367459
 20
432.31538257840356
 30
0.0
 11
590.2984976367459
 21
433.4135118508645
 31
0.0
  0
LINE
  5
95D
330
17
100
AcDbEntity
  8
ENGRAVE
100
AcDbLine
 10
589.1088575915799
 20
434.87768421414575
 30
0.0
 11
589.1088575915799
 21
433.96257648709496
 31
0.0
  0
LINE
  5
95E
330
17
100
AcDbEntity
  8
ENGRAVE
100
AcDbLine
 10
589.1088575915799
 20
433.96257648709496
 30
0.0
 11
589.8409437732205
 21
433.96257648709496
 31
0.0
  0
LINE
  5
95F
330
17
100
AcDbEntity
  8
ENGRAVE
100
AcDbLine
 10
589.8409437732205
 20
433.96257648709496
 30
0.0
 11
589.8409437732205
 21
434.6946626687356
 31
0.0
  0
LINE
  5
960
330
17
100
AcDbEntity
  8
ENGRAVE
100
AcDbLine
 10
589.8409437732205
 20
434.6946626687356
 30
0.0
 11
590.0239653186306
 21
434.87768421414575
 31
0.0
  0
LINE
  5
961
330
17
100
AcDbEntity
  8
ENGRAVE
100
AcDbLine
 10
590.0239653186306
 20
434.87768421414575
 30
0.0
 11
590.7560515002713
 21
434.87768421414575
 31
0.0
  0
LINE
  5
962
330
17
100
AcDbEntity
  8
ENGRAVE
100
AcDbLine
 10
590.7560515002713
 20
434.87768421414575
 30
0.0
 11
590.9390730456814
 21
434.6946626687356
 31
0.0
  0
LINE
  5
963
330
17
100
AcDbEntity
  8
ENGRAVE
100
AcDbLine
 10
590.9390730456814
 20
434.6946626687356
 30
0.0
 11
590.9390730456814
 21
433.96257648709496
 31
0.0
  0
LINE
  5
964
330
17
100
AcDbEntity
  8
ENGRAVE
100
AcDbLine
 10
590.9390730456814
 20
433.96257648709496
 30
0.0
 11
590.7560515002713
 21
433.7795549416848
 31
0.0
  0
LINE
  5
965
330
17
100
AcDbEntity
  8
CUT
100
AcDbLine
 10
7.454969444444487
 20
426.324516666667
 30
0.0
 11
7.964733333333186
 21
425.72796944444474
 31
0.0
  0
LINE
  5
966
330
17
100
AcDbEntity
  8
CUT
100
AcDbLine
 10
24.336797222222174
 20
426.9937361111114
 30
0.0
 11
24.637011111111065
 21
427.71869444444485
 31
0.0
  0
LINE
  5
967
330
17
100
AcDbEntity
  8
CUT
100
AcDbLine
 10
24.881838888888808
 20
429.2638611111114
 30
0.0
 11
24.881838888888808
 21
430.26433888888926
 31
0.0
  0
LINE
  5
968
330
17
100
AcDbEntity
  8
CUT
100
AcDbLine
 10
21.426380555555596
 20
424.5077111111115
 30
0.0
 11
22.151338888888887
 21
424.80827777777813
 31
0.0
  0
LINE
  5
969
330
17
100
AcDbEntity
  8
CUT
100
AcDbLine
 10
9.955458333333297
 20
424.5077111111115
 30
0.0
 11
10.718516666666687
 21
424.3246194444448
 31
0.0
  0
LINE
  5
96A
330
17
100
AcDbEntity
  8
CUT
100
AcDbLine
 10
18.668716666666683
 20
433.26506666666705
 30
0.0
 11
18.668716666666683
 21
436.26544166666713
 31
0.0
  0
LINE
  5
96B
330
17
100
AcDbEntity
  8
CUT
100
AcDbLine
 10
6.744474999999994
 20
427.71869444444485
 30
0.0
 11
7.045041666666691
 21
426.9937361111114
 31
0.0
  0
LINE
  5
96C
330
17
100
AcDbEntity
  8
CUT
100
AcDbLine
 10
9.700400000000002
 20
433.26506666666705
 30
0.0
 11
9.700400000000002
 21
430.26433888888926
 31
0.0
  0
LINE
  5
96D
330
17
100
AcDbEntity
  8
CUT
100
AcDbLine
 10
24.637011111111065
 20
427.71869444444485
 30
0.0
 11
24.820455555555498
 21
428.4817527777781
 31
0.0
  0
LINE
  5
96E
330
17
100
AcDbEntity
  8
CUT
100
AcDbLine
 10
12.701127777777799
 20
436.26544166666713
 30
0.0
 11
12.701127777777799
 21
433.26506666666705
 31
0.0
  0
LINE
  5
96F
330
17
100
AcDbEntity
  8
CUT
100
AcDbLine
 10
22.151338888888887
 20
424.80827777777813
 30
0.0
 11
22.82055833333328
 21
425.2182055555559
 31
0.0
  0
LINE
  5
970
330
17
100
AcDbEntity
  8
CUT
100
AcDbLine
 10
8.561280555555584
 20
425.2182055555559
 30
0.0
 11
9.230500000000006
 21
424.80827777777813
 31
0.0
  0
LINE
  5
971
330
17
100
AcDbEntity
  8
CUT
100
AcDbLine
 10
21.669091666666702
 20
430.26433888888926
 30
0.0
 11
21.669091666666702
 21
433.26506666666705
 31
0.0
  0
LINE
  5
972
330
17
100
AcDbEntity
  8
CUT
100
AcDbLine
 10
23.926869444444264
 20
426.324516666667
 30
0.0
 11
24.336797222222174
 21
426.9937361111114
 31
0.0
  0
LINE
  5
973
330
17
100
AcDbEntity
  8
CUT
100
AcDbLine
 10
9.230500000000006
 20
424.80827777777813
 30
0.0
 11
9.955458333333297
 21
424.5077111111115
 31
0.0
  0
LINE
  5
974
330
17
100
AcDbEntity
  8
CUT
100
AcDbLine
 10
6.561736111111088
 20
428.4817527777781
 30
0.0
 11
6.744474999999994
 21
427.71869444444485
 31
0.0
  0
LINE
  5
975
330
17
100
AcDbEntity
  8
CUT
100
AcDbLine
 10
6.5
 20
429.2638611111114
 30
0.0
 11
6.561736111111088
 21
428.4817527777781
 31
0.0
  0
LINE
  5
976
330
17
100
AcDbEntity
  8
CUT
100
AcDbLine
 10
20.6629694444444
 20
424.3246194444448
 30
0.0
 11
21.426380555555596
 21
424.5077111111115
 31
0.0
  0
LINE
  5
977
330
17
100
AcDbEntity
  8
CUT
100
AcDbLine
 10
24.820455555555498
 20
428.4817527777781
 30
0.0
 11
24.881838888888808
 21
429.2638611111114
 31
0.0
  0
LINE
  5
978
330
17
100
AcDbEntity
  8
CUT
100
AcDbLine
 10
6.5
 20
430.26433888888926
 30
0.0
 11
6.5
 21
429.2638611111114
 31
0.0
  0
LINE
  5
979
330
17
100
AcDbEntity
  8
CUT
100
AcDbLine
 10
23.417105555555565
 20
425.72796944444474
 30
0.0
 11
23.926869444444264
 21
426.324516666667
 31
0.0
  0
LINE
  5
97A
330
17
100
AcDbEntity
  8
CUT
100
AcDbLine
 10
7.964733333333186
 20
425.72796944444474
 30
0.0
 11
8.561280555555584
 21
425.2182055555559
 31
0.0
  0
LINE
  5
97B
330
17
100
AcDbEntity
  8
CUT
100
AcDbLine
 10
7.045041666666691
 20
426.9937361111114
 30
0.0
 11
7.454969444444487
 21
426.324516666667
 31
0.0
  0
LINE
  5
97C
330
17
100
AcDbEntity
  8
CUT
100
AcDbLine
 10
22.82055833333328
 20
425.2182055555559
 30
0.0
 11
23.417105555555565
 21
425.72796944444474
 31
0.0
  0
LINE
  5
97D
330
17
100
AcDbEntity
  8
CUT
100
AcDbLine
 10
9.700400000000002
 20
430.26433888888926
 30
0.0
 11
6.5
 21
430.26433888888926
 31
0.0
  0
LINE
  5
97E
330
17
100
AcDbEntity
  8
CUT
100
AcDbLine
 10
24.881838888888808
 20
430.26433888888926
 30
0.0
 11
21.669091666666702
 21
430.26433888888926
 31
0.0
  0
LINE
  5
97F
330
17
100
AcDbEntity
  8
CUT
100
AcDbLine
 10
18.668716666666683
 20
436.26544166666713
 30
0.0
 11
12.701127777777799
 21
436.26544166666713
 31
0.0
  0
LINE
  5
980
330
17
100
AcDbEntity
  8
CUT
100
AcDbLine
 10
21.669091666666702
 20
433.26506666666705
 30
0.0
 11
18.668716666666683
 21
433.26506666666705
 31
0.0
  0
LINE
  5
981
330
17
100
AcDbEntity
  8
CUT
100
AcDbLine
 10
12.701127777777799
 20
433.26506666666705
 30
0.0
 11
9.700400000000002
 21
433.26506666666705
 31
0.0
  0
LINE
  5
982
330
17
100
AcDbEntity
  8
CUT
100
AcDbLine
 10
10.718516666666687
 20
424.3246194444448
 30
0.0
 11
11.500977777777791
 21
424.26323611111144
 31
0.0
  0
LINE
  5
983
330
17
100
AcDbEntity
  8
CUT
100
AcDbLine
 10
11.500977777777791
 20
424.26323611111144
 30
0.0
 11
19.880861111111187
 21
424.26323611111144
 31
0.0
  0
LINE
  5
984
330
17
100
AcDbEntity
  8
CUT
100
AcDbLine
 10
19.880861111111187
 20
424.26323611111144
 30
0.0
 11
20.6629694444444
 21
424.3246194444448
 31
0.0
  0
LINE
  5
985
330
17
100
AcDbEntity
  8
ENGRAVE
100
AcDbLine
 10
14.295784310000926
 20
425.7485359302343
 30
0.0
 11
14.295784310000926
 21
432.26467972906244
 31
0.0
  0
LINE
  5
986
330
17
100
AcDbEntity
  8
ENGRAVE
100
AcDbLine
 10
14.295784310000926
 20
432.26467972906244
 30
0.0
 11
11.36351960052827
 21
428.02918625982414
 31
0.0
  0
LINE
  5
987
330
17
100
AcDbEntity
  8
ENGRAVE
100
AcDbLine
 10
11.36351960052827
 20
428.02918625982414
 30
0.0
 11
15.273205879825145
 21
428.02918625982414
 31
0.0
  0
LINE
  5
988
330
17
100
AcDbEntity
  8
ENGRAVE
100
AcDbLine
 10
19.83450653900483
 20
432.26467972906244
 30
0.0
 11
17.879663399356396
 21
432.26467972906244
 31
0.0
  0
LINE
  5
989
330
17
100
AcDbEntity
  8
ENGRAVE
100
AcDbLine
 10
17.879663399356396
 20
432.26467972906244
 30
0.0
 11
16.57643463959077
 21
430.309836589414
 31
0.0
  0
LINE
  5
98A
330
17
100
AcDbEntity
  8
ENGRAVE
100
AcDbLine
 10
16.57643463959077
 20
430.309836589414
 30
0.0
 11
16.57643463959077
 21
427.0517646899999
 31
0.0
  0
LINE
  5
98B
330
17
100
AcDbEntity
  8
ENGRAVE
100
AcDbLine
 10
16.57643463959077
 20
427.0517646899999
 30
0.0
 11
17.22804901947358
 21
425.7485359302343
 31
0.0
  0
LINE
  5
98C
330
17
100
AcDbEntity
  8
ENGRAVE
100
AcDbLine
 10
17.22804901947358
 20
425.7485359302343
 30
0.0
 11
19.83450653900483
 21
425.7485359302343
 31
0.0
  0
LINE
  5
98D
330
17
100
AcDbEntity
  8
ENGRAVE
100
AcDbLine
 10
19.83450653900483
 20
425.7485359302343
 30
0.0
 11
20.486120918887643
 21
427.0517646899999
 31
0.0
  0
LINE
  5
98E
330
17
100
AcDbEntity
  8
ENGRAVE
100
AcDbLine
 10
20.486120918887643
 20
427.0517646899999
 30
0.0
 11
20.486120918887643
 21
428.02918625982414
 31
0.0
  0
LINE
  5
98F
330
17
100
AcDbEntity
  8
ENGRAVE
100
AcDbLine
 10
20.486120918887643
 20
428.02918625982414
 30
0.0
 11
19.83450653900483
 21
429.0066078296484
 31
0.0
  0
LINE
  5
990
330
17
100
AcDbEntity
  8
ENGRAVE
100
AcDbLine
 10
19.83450653900483
 20
429.0066078296484
 30
0.0
 11
17.22804901947358
 21
429.0066078296484
 31
0.0
  0
LINE
  5
991
330
17
100
AcDbEntity
  8
ENGRAVE
100
AcDbLine
 10
17.22804901947358
 20
429.0066078296484
 30
0.0
 11
16.57643463959077
 21
428.02918625982414
 31
0.0
  0
LINE
  5
992
330
17
100
AcDbEntity
  8
CUT
100
AcDbLine
 10
28.836808333333295
 20
426.324516666667
 30
0.0
 11
29.346572222221994
 21
425.72796944444474
 31
0.0
  0
LINE
  5
993
330
17
100
AcDbEntity
  8
CUT
100
AcDbLine
 10
45.71863611111098
 20
426.9937361111114
 30
0.0
 11
46.01884999999987
 21
427.71869444444485
 31
0.0
  0
LINE
  5
994
330
17
100
AcDbEntity
  8
CUT
100
AcDbLine
 10
46.263677777777616
 20
429.2638611111114
 30
0.0
 11
46.263677777777616
 21
430.26433888888926
 31
0.0
  0
LINE
  5
995
330
17
100
AcDbEntity
  8
CUT
100
AcDbLine
 10
42.808219444444404
 20
424.5077111111115
 30
0.0
 11
43.533177777777695
 21
424.80827777777813
 31
0.0
  0
LINE
  5
996
330
17
100
AcDbEntity
  8
CUT
100
AcDbLine
 10
31.337297222222105
 20
424.5077111111115
 30
0.0
 11
32.100355555555495
 21
424.3246194444448
 31
0.0
  0
LINE
  5
997
330
17
100
AcDbEntity
  8
CUT
100
AcDbLine
 10
40.05055555555549
 20
433.26506666666705
 30
0.0
 11
40.05055555555549
 21
436.26544166666713
 31
0.0
  0
LINE
  5
998
330
17
100
AcDbEntity
  8
CUT
100
AcDbLine
 10
28.126313888888802
 20
427.71869444444485
 30
0.0
 11
28.4268805555555
 21
426.9937361111114
 31
0.0
  0
LINE
  5
999
330
17
100
AcDbEntity
  8
CUT
100
AcDbLine
 10
31.08223888888881
 20
433.26506666666705
 30
0.0
 11
31.08223888888881
 21
430.26433888888926
 31
0.0
  0
LINE
  5
99A
330
17
100
AcDbEntity
  8
CUT
100
AcDbLine
 10
46.01884999999987
 20
427.71869444444485
 30
0.0
 11
46.202294444444306
 21
428.4817527777781
 31
0.0
  0
LINE
  5
99B
330
17
100
AcDbEntity
  8
CUT
100
AcDbLine
 10
34.08296666666661
 20
436.26544166666713
 30
0.0
 11
34.08296666666661
 21
433.26506666666705
 31
0.0
  0
LINE
  5
99C
330
17
100
AcDbEntity
  8
CUT
100
AcDbLine
 10
43.533177777777695
 20
424.80827777777813
 30
0.0
 11
44.20239722222209
 21
425.2182055555559
 31
0.0
  0
LINE
  5
99D
330
17
100
AcDbEntity
  8
CUT
100
AcDbLine
 10
29.94311944444439
 20
425.2182055555559
 30
0.0
 11
30.612338888888814
 21
424.80827777777813
 31
0.0
  0
LINE
  5
99E
330
17
100
AcDbEntity
  8
CUT
100
AcDbLine
 10
43.05093055555551
 20
430.26433888888926
 30
0.0
 11
43.05093055555551
 21
433.26506666666705
 31
0.0
  0
LINE
  5
99F
330
17
100
AcDbEntity
  8
CUT
100
AcDbLine
 10
45.30870833333307
 20
426.324516666667
 30
0.0
 11
45.71863611111098
 21
426.9937361111114
 31
0.0
  0
LINE
  5
9A0
330
17
100
AcDbEntity
  8
CUT
100
AcDbLine
 10
30.612338888888814
 20
424.80827777777813
 30
0.0
 11
31.337297222222105
 21
424.5077111111115
 31
0.0
  0
LINE
  5
9A1
330
17
100
AcDbEntity
  8
CUT
100
AcDbLine
 10
27.943574999999896
 20
428.4817527777781
 30
0.0
 11
28.126313888888802
 21
427.71869444444485
 31
0.0
  0
LINE
  5
9A2
330
17
100
AcDbEntity
  8
CUT
100
AcDbLine
 10
27.881838888888808
 20
429.2638611111114
 30
0.0
 11
27.943574999999896
 21
428.4817527777781
 31
0.0
  0
LINE
  5
9A3
330
17
100
AcDbEntity
  8
CUT
100
AcDbLine
 10
42.04480833333321
 20
424.3246194444448
 30
0.0
 11
42.808219444444404
 21
424.5077111111115
 31
0.0
  0
LINE
  5
9A4
330
17
100
AcDbEntity
  8
CUT
100
AcDbLine
 10
46.202294444444306
 20
428.4817527777781
 30
0.0
 11
46.263677777777616
 21
429.2638611111114
 31
0.0
  0
LINE
  5
9A5
330
17
100
AcDbEntity
  8
CUT
100
AcDbLine
 10
27.881838888888808
 20
430.26433888888926
 30
0.0
 11
27.881838888888808
 21
429.2638611111114
 31
0.0
  0
LINE
  5
9A6
330
17
100
AcDbEntity
  8
CUT
100
AcDbLine
 10
44.79894444444437
 20
425.72796944444474
 30
0.0
 11
45.30870833333307
 21
426.324516666667
 31
0.0
  0
LINE
  5
9A7
330
17
100
AcDbEntity
  8
CUT
100
AcDbLine
 10
29.346572222221994
 20
425.72796944444474
 30
0.0
 11
29.94311944444439
 21
425.2182055555559
 31
0.0
  0
LINE
  5
9A8
330
17
100
AcDbEntity
  8
CUT
100
AcDbLine
 10
28.4268805555555
 20
426.9937361111114
 30
0.0
 11
28.836808333333295
 21
426.324516666667
 31
0.0
  0
LINE
  5
9A9
330
17
100
AcDbEntity
  8
CUT
100
AcDbLine
 10
44.20239722222209
 20
425.2182055555559
 30
0.0
 11
44.79894444444437
 21
425.72796944444474
 31
0.0
  0
LINE
  5
9AA
330
17
100
AcDbEntity
  8
CUT
100
AcDbLine
 10
31.08223888888881
 20
430.26433888888926
 30
0.0
 11
27.881838888888808
 21
430.26433888888926
 31
0.0
  0
LINE
  5
9AB
330
17
100
AcDbEntity
  8
CUT
100
AcDbLine
 10
46.263677777777616
 20
430.26433888888926
 30
0.0
 11
43.05093055555551
 21
430.26433888888926
 31
0.0
  0
LINE
  5
9AC
330
17
100
AcDbEntity
  8
CUT
100
AcDbLine
 10
40.05055555555549
 20
436.26544166666713
 30
0.0
 11
34.08296666666661
 21
436.26544166666713
 31
0.0
  0
LINE
  5
9AD
330
17
100
AcDbEntity
  8
CUT
100
AcDbLine
 10
43.05093055555551
 20
433.26506666666705
 30
0.0
 11
40.05055555555549
 21
433.26506666666705
 31
0.0
  0
LINE
  5
9AE
330
17
100
AcDbEntity
  8
CUT
100
AcDbLine
 10
34.08296666666661
 20
433.26506666666705
 30
0.0
 11
31.08223888888881
 21
433.26506666666705
 31
0.0
  0
LINE
  5
9AF
330
17
100
AcDbEntity
  8
CUT
100
AcDbLine
 10
32.100355555555495
 20
424.3246194444448
 30
0.0
 11
32.8828166666666
 21
424.26323611111144
 31
0.0
  0
LINE
  5
9B0
330
17
100
AcDbEntity
  8
CUT
100
AcDbLine
 10
32.8828166666666
 20
424.26323611111144
 30
0.0
 11
41.262699999999995
 21
424.26323611111144
 31
0.0
  0
LINE
  5
9B1
330
17
100
AcDbEntity
  8
CUT
100
AcDbLine
 10
41.262699999999995
 20
424.26323611111144
 30
0.0
 11
42.04480833333321
 21
424.3246194444448
 31
0.0
  0
LINE
  5
9B2
330
17
100
AcDbEntity
  8
ENGRAVE
100
AcDbLine
 10
35.677623198889734
 20
425.7485359302343
 30
0.0
 11
35.677623198889734
 21
432.26467972906244
 31
0.0
  0
LINE
  5
9B3
330
17
100
AcDbEntity
  8
ENGRAVE
100
AcDbLine
 10
35.677623198889734
 20
432.26467972906244
 30
0.0
 11
32.74535848941708
 21
428.02918625982414
 31
0.0
  0
LINE
  5
9B4
330
17
100
AcDbEntity
  8
ENGRAVE
100
AcDbLine
 10
32.74535848941708
 20
428.02918625982414
 30
0.0
 11
36.65504476871395
 21
428.02918625982414
 31
0.0
  0
LINE
  5
9B5
330
17
100
AcDbEntity
  8
ENGRAVE
100
AcDbLine
 10
41.21634542789364
 20
432.26467972906244
 30
0.0
 11
39.261502288245204
 21
432.26467972906244
 31
0.0
  0
LINE
  5
9B6
330
17
100
AcDbEntity
  8
ENGRAVE
100
AcDbLine
 10
39.261502288245204
 20
432.26467972906244
 30
0.0
 11
37.95827352847958
 21
430.309836589414
 31
0.0
  0
LINE
  5
9B7
330
17
100
AcDbEntity
  8
ENGRAVE
100
AcDbLine
 10
37.95827352847958
 20
430.309836589414
 30
0.0
 11
37.95827352847958
 21
427.0517646899999
 31
0.0
  0
LINE
  5
9B8
330
17
100
AcDbEntity
  8
ENGRAVE
100
AcDbLine
 10
37.95827352847958
 20
427.0517646899999
 30
0.0
 11
38.60988790836239
 21
425.7485359302343
 31
0.0
  0
LINE
  5
9B9
330
17
100
AcDbEntity
  8
ENGRAVE
100
AcDbLine
 10
38.60988790836239
 20
425.7485359302343
 30
0.0
 11
41.21634542789364
 21
425.7485359302343
 31
0.0
  0
LINE
  5
9BA
330
17
100
AcDbEntity
  8
ENGRAVE
100
AcDbLine
 10
41.21634542789364
 20
425.7485359302343
 30
0.0
 11
41.86795980777645
 21
427.0517646899999
 31
0.0
  0
LINE
  5
9BB
330
17
100
AcDbEntity
  8
ENGRAVE
100
AcDbLine
 10
41.86795980777645
 20
427.0517646899999
 30
0.0
 11
41.86795980777645
 21
428.02918625982414
 31
0.0
  0
LINE
  5
9BC
330
17
100
AcDbEntity
  8
ENGRAVE
100
AcDbLine
 10
41.86795980777645
 20
428.02918625982414
 30
0.0
 11
41.21634542789364
 21
429.0066078296484
 31
0.0
  0
LINE
  5
9BD
330
17
100
AcDbEntity
  8
ENGRAVE
100
AcDbLine
 10
41.21634542789364
 20
429.0066078296484
 30
0.0
 11
38.60988790836239
 21
429.0066078296484
 31
0.0
  0
LINE
  5
9BE
330
17
100
AcDbEntity
  8
ENGRAVE
100
AcDbLine
 10
38.60988790836239
 20
429.0066078296484
 30
0.0
 11
37.95827352847958
 21
428.02918625982414
 31
0.0
  0
LINE
  5
9BF
330
17
100
AcDbEntity
  8
CUT
100
AcDbLine
 10
50.2186472222221
 20
426.324516666667
 30
0.0
 11
50.7284111111108
 21
425.72796944444474
 31
0.0
  0
LINE
  5
9C0
330
17
100
AcDbEntity
  8
CUT
100
AcDbLine
 10
67.10047499999979
 20
426.9937361111114
 30
0.0
 11
67.40068888888868
 21
427.71869444444485
 31
0.0
  0
LINE
  5
9C1
330
17
100
AcDbEntity
  8
CUT
100
AcDbLine
 10
67.64551666666642
 20
429.2638611111114
 30
0.0
 11
67.64551666666642
 21
430.26433888888926
 31
0.0
  0
LINE
  5
9C2
330
17
100
AcDbEntity
  8
CUT
100
AcDbLine
 10
64.19005833333321
 20
424.5077111111115
 30
0.0
 11
64.9150166666665
 21
424.80827777777813
 31
0.0
  0
LINE
  5
9C3
330
17
100
AcDbEntity
  8
CUT
100
AcDbLine
 10
52.71913611111091
 20
424.5077111111115
 30
0.0
 11
53.4821944444443
 21
424.3246194444448
 31
0.0
  0
LINE
  5
9C4
330
17
100
AcDbEntity
  8
CUT
100
AcDbLine
 10
61.4323944444443
 20
433.26506666666705
 30
0.0
 11
61.4323944444443
 21
436.26544166666713
 31
0.0
  0
LINE
  5
9C5
330
17
100
AcDbEntity
  8
CUT
100
AcDbLine
 10
49.50815277777761
 20
427.71869444444485
 30
0.0
 11
49.80871944444431
 21
426.9937361111114
 31
0.0
  0
LINE
  5
9C6
330
17
100
AcDbEntity
  8
CUT
100
AcDbLine
 10
52.46407777777762
 20
433.26506666666705
 30
0.0
 11
52.46407777777762
 21
430.26433888888926
 31
0.0
  0
LINE
  5
9C7
330
17
100
AcDbEntity
  8
CUT
100
AcDbLine
 10
67.40068888888868
 20
427.71869444444485
 30
0.0
 11
67.58413333333311
 21
428.4817527777781
 31
0.0
  0
LINE
  5
9C8
330
17
100
AcDbEntity
  8
CUT
100
AcDbLine
 10
55.464805555555415
 20
436.26544166666713
 30
0.0
 11
55.464805555555415
 21
433.26506666666705
 31
0.0
  0
LINE
  5
9C9
330
17
100
AcDbEntity
  8
CUT
100
AcDbLine
 10
64.9150166666665
 20
424.80827777777813
 30
0.0
 11
65.5842361111109
 21
425.2182055555559
 31
0.0
  0
LINE
  5
9CA
330
17
100
AcDbEntity
  8
CUT
100
AcDbLine
 10
51.3249583333332
 20
425.2182055555559
 30
0.0
 11
51.99417777777762
 21
424.80827777777813
 31
0.0
  0
LINE
  5
9CB
330
17
100
AcDbEntity
  8
CUT
100
AcDbLine
 10
64.43276944444432
 20
430.26433888888926
 30
0.0
 11
64.43276944444432
 21
433.26506666666705
 31
0.0
  0
LINE
  5
9CC
330
17
100
AcDbEntity
  8
CUT
100
AcDbLine
 10
66.69054722222188
 20
426.324516666667
 30
0.0
 11
67.10047499999979
 21
426.9937361111114
 31
0.0
  0
LINE
  5
9CD
330
17
100
AcDbEntity
  8
CUT
100
AcDbLine
 10
51.99417777777762
 20
424.80827777777813
 30
0.0
 11
52.71913611111091
 21
424.5077111111115
 31
0.0
  0
LINE
  5
9CE
330
17
100
AcDbEntity
  8
CUT
100
AcDbLine
 10
49.325413888888704
 20
428.4817527777781
 30
0.0
 11
49.50815277777761
 21
427.71869444444485
 31
0.0
  0
LINE
  5
9CF
330
17
100
AcDbEntity
  8
CUT
100
AcDbLine
 10
49.263677777777616
 20
429.2638611111114
 30
0.0
 11
49.325413888888704
 21
428.4817527777781
 31
0.0
  0
LINE
  5
9D0
330
17
100
AcDbEntity
  8
CUT
100
AcDbLine
 10
63.426647222222016
 20
424.3246194444448
 30
0.0
 11
64.19005833333321
 21
424.5077111111115
 31
0.0
  0
LINE
  5
9D1
330
17
100
AcDbEntity
  8
CUT
100
AcDbLine
 10
67.58413333333311
 20
428.4817527777781
 30
0.0
 11
67.64551666666642
 21
429.2638611111114
 31
0.0
  0
LINE
  5
9D2
330
17
100
AcDbEntity
  8
CUT
100
AcDbLine
 10
49.263677777777616
 20
430.26433888888926
 30
0.0
 11
49.263677777777616
 21
429.2638611111114
 31
0.0
  0
LINE
  5
9D3
330
17
100
AcDbEntity
  8
CUT
100
AcDbLine
 10
66.18078333333318
 20
425.72796944444474
 30
0.0
 11
66.69054722222188
 21
426.324516666667
 31
0.0
  0
LINE
  5
9D4
330
17
100
AcDbEntity
  8
CUT
100
AcDbLine
 10
50.7284111111108
 20
425.72796944444474
 30
0.0
 11
51.3249583333332
 21
425.2182055555559
 31
0.0
  0
LINE
  5
9D5
330
17
100
AcDbEntity
  8
CUT
100
AcDbLine
 10
49.80871944444431
 20
426.9937361111114
 30
0.0
 11
50.2186472222221
 21
426.324516666667
 31
0.0
  0
LINE
  5
9D6
330
17
100
AcDbEntity
  8
CUT
100
AcDbLine
 10
65.5842361111109
 20
425.2182055555559
 30
0.0
 11
66.18078333333318
 21
425.72796944444474
 31
0.0
  0
LINE
  5
9D7
330
17
100
AcDbEntity
  8
CUT
100
AcDbLine
 10
52.46407777777762
 20
430.26433888888926
 30
0.0
 11
49.263677777777616
 21
430.26433888888926
 31
0.0
  0
LINE
  5
9D8
330
17
100
AcDbEntity
  8
CUT
100
AcDbLine
 10
67.64551666666642
 20
430.26433888888926
 30
0.0
 11
64.43276944444432
 21
430.26433888888926
 31
0.0
  0
LINE
  5
9D9
330
17
100
AcDbEntity
  8
CUT
100
AcDbLine
 10
61.4323944444443
 20
436.26544166666713
 30
0.0
 11
55.464805555555415
 21
436.26544166666713
 31
0.0
  0
LINE
  5
9DA
330
17
100
AcDbEntity
  8
CUT
100
AcDbLine
 10
64.43276944444432
 20
433.26506666666705
 30
0.0
 11
61.4323944444443
 21
433.26506666666705
 31
0.0
  0
LINE
  5
9DB
330
17
100
AcDbEntity
  8
CUT
100
AcDbLine
 10
55.464805555555415
 20
433.26506666666705
 30
0.0
 11
52.46407777777762
 21
433.26506666666705
 31
0.0
  0
LINE
  5
9DC
330
17
100
AcDbEntity
  8
CUT
100
AcDbLine
 10
53.4821944444443
 20
424.3246194444448
 30
0.0
 11
54.26465555555541
 21
424.26323611111144
 31
0.0
  0
LINE
  5
9DD
330
17
100
AcDbEntity
  8
CUT
100
AcDbLine
 10
54.26465555555541
 20
424.26323611111144
 30
0.0
 11
62.6445388888888
 21
424.26323611111144
 31
0.0
  0
LINE
  5
9DE
330
17
100
AcDbEntity
  8
CUT
100
AcDbLine
 10
62.6445388888888
 20
424.26323611111144
 30
0.0
 11
63.426647222222016
 21
424.3246194444448
 31
0.0
  0
LINE
  5
9DF
330
17
100
AcDbEntity
  8
ENGRAVE
100
AcDbLine
 10
57.05946208777854
 20
425.7485359302343
 30
0.0
 11
57.05946208777854
 21
432.26467972906244
 31
0.0
  0
LINE
  5
9E0
330
17
100
AcDbEntity
  8
ENGRAVE
100
AcDbLine
 10
57.05946208777854
 20
432.26467972906244
 30
0.0
 11
54.12719737830589
 21
428.02918625982414
 31
0.0
  0
LINE
  5
9E1
330
17
100
AcDbEntity
  8
ENGRAVE
100
AcDbLine
 10
54.12719737830589
 20
428.02918625982414
 30
0.0
 11
58.03688365760276
 21
428.02918625982414
 31
0.0
  0
LINE
  5
9E2
330
17
100
AcDbEntity
  8
ENGRAVE
100
AcDbLine
 10
62.59818431678245
 20
432.26467972906244
 30
0.0
 11
60.64334117713401
 21
432.26467972906244
 31
0.0
  0
LINE
  5
9E3
330
17
100
AcDbEntity
  8
ENGRAVE
100
AcDbLine
 10
60.64334117713401
 20
432.26467972906244
 30
0.0
 11
59.34011241736839
 21
430.309836589414
 31
0.0
  0
LINE
  5
9E4
330
17
100
AcDbEntity
  8
ENGRAVE
100
AcDbLine
 10
59.34011241736839
 20
430.309836589414
 30
0.0
 11
59.34011241736839
 21
427.0517646899999
 31
0.0
  0
LINE
  5
9E5
330
17
100
AcDbEntity
  8
ENGRAVE
100
AcDbLine
 10
59.34011241736839
 20
427.0517646899999
 30
0.0
 11
59.9917267972512
 21
425.7485359302343
 31
0.0
  0
LINE
  5
9E6
330
17
100
AcDbEntity
  8
ENGRAVE
100
AcDbLine
 10
59.9917267972512
 20
425.7485359302343
 30
0.0
 11
62.59818431678245
 21
425.7485359302343
 31
0.0
  0
LINE
  5
9E7
330
17
100
AcDbEntity
  8
ENGRAVE
100
AcDbLine
 10
62.59818431678245
 20
425.7485359302343
 30
0.0
 11
63.24979869666526
 21
427.0517646899999
 31
0.0
  0
LINE
  5
9E8
330
17
100
AcDbEntity
  8
ENGRAVE
100
AcDbLine
 10
63.24979869666526
 20
427.0517646899999
 30
0.0
 11
63.24979869666526
 21
428.02918625982414
 31
0.0
  0
LINE
  5
9E9
330
17
100
AcDbEntity
  8
ENGRAVE
100
AcDbLine
 10
63.24979869666526
 20
428.02918625982414
 30
0.0
 11
62.59818431678245
 21
429.0066078296484
 31
0.0
  0
LINE
  5
9EA
330
17
100
AcDbEntity
  8
ENGRAVE
100
AcDbLine
 10
62.59818431678245
 20
429.0066078296484
 30
0.0
 11
59.9917267972512
 21
429.0066078296484
 31
0.0
  0
LINE
  5
9EB
330
17
100
AcDbEntity
  8
ENGRAVE
100
AcDbLine
 10
59.9917267972512
 20
429.0066078296484
 30
0.0
 11
59.34011241736839
 21
428.02918625982414
 31
0.0
  0
LINE
  5
9EC
330
17
100
AcDbEntity
  8
CUT
100
AcDbLine
 10
71.60048611111091
 20
426.324516666667
 30
0.0
 11
72.11024999999961
 21
425.72796944444474
 31
0.0
  0
LINE
  5
9ED
330
17
100
AcDbEntity
  8
CUT
100
AcDbLine
 10
88.4823138888886
 20
426.9937361111114
 30
0.0
 11
88.78252777777749
 21
427.71869444444485
 31
0.0
  0
LINE
  5
9EE
330
17
100
AcDbEntity
  8
CUT
100
AcDbLine
 10
89.02735555555523
 20
429.2638611111114
 30
0.0
 11
89.02735555555523
 21
430.26433888888926
 31
0.0
  0
LINE
  5
9EF
330
17
100
AcDbEntity
  8
CUT
100
AcDbLine
 10
85.57189722222202
 20
424.5077111111115
 30
0.0
 11
86.29685555555531
 21
424.80827777777813
 31
0.0
  0
LINE
  5
9F0
330
17
100
AcDbEntity
  8
CUT
100
AcDbLine
 10
74.10097499999972
 20
424.5077111111115
 30
0.0
 11
74.86403333333311
 21
424.3246194444448
 31
0.0
  0
LINE
  5
9F1
330
17
100
AcDbEntity
  8
CUT
100
AcDbLine
 10
82.8142333333331
 20
433.26506666666705
 30
0.0
 11
82.8142333333331
 21
436.26544166666713
 31
0.0
  0
LINE
  5
9F2
330
17
100
AcDbEntity
  8
CUT
100
AcDbLine
 10
70.88999166666642
 20
427.71869444444485
 30
0.0
 11
71.19055833333312
 21
426.9937361111114
 31
0.0
  0
LINE
  5
9F3
330
17
100
AcDbEntity
  8
CUT
100
AcDbLine
 10
73.84591666666643
 20
433.26506666666705
 30
0.0
 11
73.84591666666643
 21
430.26433888888926
 31
0.0
  0
LINE
  5
9F4
330
17
100
AcDbEntity
  8
CUT
100
AcDbLine
 10
88.78252777777749
 20
427.71869444444485
 30
0.0
 11
88.96597222222192
 21
428.4817527777781
 31
0.0
  0
LINE
  5
9F5
330
17
100
AcDbEntity
  8
CUT
100
AcDbLine
 10
76.84664444444422
 20
436.26544166666713
 30
0.0
 11
76.84664444444422
 21
433.26506666666705
 31
0.0
  0
LINE
  5
9F6
330
17
100
AcDbEntity
  8
CUT
100
AcDbLine
 10
86.29685555555531
 20
424.80827777777813
 30
0.0
 11
86.9660749999997
 21
425.2182055555559
 31
0.0
  0
LINE
  5
9F7
330
17
100
AcDbEntity
  8
CUT
100
AcDbLine
 10
72.70679722222201
 20
425.2182055555559
 30
0.0
 11
73.37601666666643
 21
424.80827777777813
 31
0.0
  0
LINE
  5
9F8
330
17
100
AcDbEntity
  8
CUT
100
AcDbLine
 10
85.81460833333313
 20
430.26433888888926
 30
0.0
 11
85.81460833333313
 21
433.26506666666705
 31
0.0
  0
LINE
  5
9F9
330
17
100
AcDbEntity
  8
CUT
100
AcDbLine
 10
88.07238611111069
 20
426.324516666667
 30
0.0
 11
88.4823138888886
 21
426.9937361111114
 31
0.0
  0
LINE
  5
9FA
330
17
100
AcDbEntity
  8
CUT
100
AcDbLine
 10
73.37601666666643
 20
424.80827777777813
 30
0.0
 11
74.10097499999972
 21
424.5077111111115
 31
0.0
  0
LINE
  5
9FB
330
17
100
AcDbEntity
  8
CUT
100
AcDbLine
 10
70.70725277777751
 20
428.4817527777781
 30
0.0
 11
70.88999166666642
 21
427.71869444444485
 31
0.0
  0
LINE
  5
9FC
330
17
100
AcDbEntity
  8
CUT
100
AcDbLine
 10
70.64551666666642
 20
429.2638611111114
 30
0.0
 11
70.70725277777751
 21
428.4817527777781
 31
0.0
  0
LINE
  5
9FD
330
17
100
AcDbEntity
  8
CUT
100
AcDbLine
 10
84.80848611111082
 20
424.3246194444448
 30
0.0
 11
85.57189722222202
 21
424.5077111111115
 31
0.0
  0
LINE
  5
9FE
330
17
100
AcDbEntity
  8
CUT
100
AcDbLine
 10
88.96597222222192
 20
428.4817527777781
 30
0.0
 11
89.02735555555523
 21
429.2638611111114
 31
0.0
  0
LINE
  5
9FF
330
17
100
AcDbEntity
  8
CUT
100
AcDbLine
 10
70.64551666666642
 20
430.26433888888926
 30
0.0
 11
70.64551666666642
 21
429.2638611111114
 31
0.0
  0
LINE
  5
A00
330
17
100
AcDbEntity
  8
CUT
100
AcDbLine
 10
87.56262222222199
 20
425.72796944444474
 30
0.0
 11
88.07238611111069
 21
426.324516666667
 31
0.0
  0
LINE
  5
A01
330
17
100
AcDbEntity
  8
CUT
100
AcDbLine
 10
72.11024999999961
 20
425.72796944444474
 30
0.0
 11
72.70679722222201
 21
425.2182055555559
 31
0.0
  0
LINE
  5
A02
330
17
100
AcDbEntity
  8
CUT
100
AcDbLine
 10
71.19055833333312
 20
426.9937361111114
 30
0.0
 11
71.60048611111091
 21
426.324516666667
 31
0.0
  0
LINE
  5
A03
330
17
100
AcDbEntity
  8
CUT
100
AcDbLine
 10
86.9660749999997
 20
425.2182055555559
 30
0.0
 11
87.56262222222199
 21
425.72796944444474
 31
0.0
  0
LINE
  5
A04
330
17
100
AcDbEntity
  8
CUT
100
AcDbLine
 10
73.84591666666643
 20
430.26433888888926
 30
0.0
 11
70.64551666666642
 21
430.26433888888926
 31
0.0
  0
LINE
  5
A05
330
17
100
AcDbEntity
  8
CUT
100
AcDbLine
 10
89.02735555555523
 20
430.26433888888926
 30
0.0
 11
85.81460833333313
 21
430.26433888888926
 31
0.0
  0
LINE
  5
A06
330
17
100
AcDbEntity
  8
CUT
100
AcDbLine
 10
82.8142333333331
 20
436.26544166666713
 30
0.0
 11
76.84664444444422
 21
436.26544166666713
 31
0.0
  0
LINE
  5
A07
330
17
100
AcDbEntity
  8
CUT
100
AcDbLine
 10
85.81460833333313
 20
433.26506666666705
 30
0.0
 11
82.8142333333331
 21
433.26506666666705
 31
0.0
  0
LINE
  5
A08
330
17
100
AcDbEntity
  8
CUT
100
AcDbLine
 10
76.84664444444422
 20
433.26506666666705
 30
0.0
 11
73.84591666666643
 21
433.26506666666705
 31
0.0
  0
LINE
  5
A09
330
17
100
AcDbEntity
  8
CUT
100
AcDbLine
 10
74.86403333333311
 20
424.3246194444448
 30
0.0
 11
75.64649444444422
 21
424.26323611111144
 31
0.0
  0
LINE
  5
A0A
330
17
100
AcDbEntity
  8
CUT
100
AcDbLine
 10
75.64649444444422
 20
424.26323611111144
 30
0.0
 11
84.02637777777761
 21
424.26323611111144
 31
0.0
  0
LINE
  5
A0B
330
17
100
AcDbEntity
  8
CUT
100
AcDbLine
 10
84.02637777777761
 20
424.26323611111144
 30
0.0
 11
84.80848611111082
 21
424.3246194444448
 31
0.0
  0
LINE
  5
A0C
330
17
100
AcDbEntity
  8
ENGRAVE
100
AcDbLine
 10
78.44130097666735
 20
425.7485359302343
 30
0.0
 11
78.44130097666735
 21
432.26467972906244
 31
0.0
  0
LINE
  5
A0D
330
17
100
AcDbEntity
  8
ENGRAVE
100
AcDbLine
 10
78.44130097666735
 20
432.26467972906244
 30
0.0
 11
75.50903626719469
 21
428.02918625982414
 31
0.0
  0
LINE
  5
A0E
330
17
100
AcDbEntity
  8
ENGRAVE
100
AcDbLine
 10
75.50903626719469
 20
428.02918625982414
 30
0.0
 11
79.41872254649157
 21
428.02918625982414
 31
0.0
  0
LINE
  5
A0F
330
17
100
AcDbEntity
  8
ENGRAVE
100
AcDbLine
 10
83.98002320567126
 20
432.26467972906244
 30
0.0
 11
82.02518006602281
 21
432.26467972906244
 31
0.0
  0
LINE
  5
A10
330
17
100
AcDbEntity
  8
ENGRAVE
100
AcDbLine
 10
82.02518006602281
 20
432.26467972906244
 30
0.0
 11
80.7219513062572
 21
430.309836589414
 31
0.0
  0
LINE
  5
A11
330
17
100
AcDbEntity
  8
ENGRAVE
100
AcDbLine
 10
80.7219513062572
 20
430.309836589414
 30
0.0
 11
80.7219513062572
 21
427.0517646899999
 31
0.0
  0
LINE
  5
A12
330
17
100
AcDbEntity
  8
ENGRAVE
100
AcDbLine
 10
80.7219513062572
 20
427.0517646899999
 30
0.0
 11
81.37356568614001
 21
425.7485359302343
 31
0.0
  0
LINE
  5
A13
330
17
100
AcDbEntity
  8
ENGRAVE
100
AcDbLine
 10
81.37356568614001
 20
425.7485359302343
 30
0.0
 11
83.98002320567126
 21
425.7485359302343
 31
0.0
  0
LINE
  5
A14
330
17
100
AcDbEntity
  8
ENGRAVE
100
AcDbLine
 10
83.98002320567126
 20
425.7485359302343
 30
0.0
 11
84.63163758555407
 21
427.0517646899999
 31
0.0
  0
LINE
  5
A15
330
17
100
AcDbEntity
  8
ENGRAVE
100
AcDbLine
 10
84.63163758555407
 20
427.0517646899999
 30
0.0
 11
84.63163758555407
 21
428.02918625982414
 31
0.0
  0
LINE
  5
A16
330
17
100
AcDbEntity
  8
ENGRAVE
100
AcDbLine
 10
84.63163758555407
 20
428.02918625982414
 30
0.0
 11
83.98002320567126
 21
429.0066078296484
 31
0.0
  0
LINE
  5
A17
330
17
100
AcDbEntity
  8
ENGRAVE
100
AcDbLine
 10
83.98002320567126
 20
429.0066078296484
 30
0.0
 11
81.37356568614001
 21
429.0066078296484
 31
0.0
  0
LINE
  5
A18
330
17
100
AcDbEntity
  8
ENGRAVE
100
AcDbLine
 10
81.37356568614001
 20
429.0066078296484
 30
0.0
 11
80.7219513062572
 21
428.02918625982414
 31
0.0
  0
LINE
  5
A19
330
17
100
AcDbEntity
  8
CUT
100
AcDbLine
 10
96.57571944444413
 20
434.43770000000035
 30
0.0
 11
92.02735555555523
 21
434.43770000000035
 31
0.0
  0
LINE
  5
A1A
330
17
100
AcDbEntity
  8
CUT
100
AcDbLine
 10
92.02735555555523
 20
427.26396388888924
 30
0.0
 11
96.57571944444413
 21
427.26396388888924
 31
0.0
  0
LINE
  5
A1B
330
17
100
AcDbEntity
  8
CUT
100
AcDbLine
 10
107.12518611111082
 20
434.43770000000035
 30
0.0
 11
102.57682222222184
 21
434.43770000000035
 31
0.0
  0
LINE
  5
A1C
330
17
100
AcDbEntity
  8
CUT
100
AcDbLine
 10
102.57682222222184
 20
427.26396388888924
 30
0.0
 11
107.12518611111082
 21
427.26396388888924
 31
0.0
  0
LINE
  5
A1D
330
17
100
AcDbEntity
  8
CUT
100
AcDbLine
 10
96.57571944444413
 20
424.26323611111144
 30
0.0
 11
102.57682222222184
 21
424.26323611111144
 31
0.0
  0
LINE
  5
A1E
330
17
100
AcDbEntity
  8
CUT
100
AcDbLine
 10
102.57682222222184
 20
437.4380750000003
 30
0.0
 11
96.57571944444413
 21
437.4380750000003
 31
0.0
  0
LINE
  5
A1F
330
17
100
AcDbEntity
  8
CUT
100
AcDbLine
 10
102.57682222222184
 20
424.26323611111144
 30
0.0
 11
102.57682222222184
 21
427.26396388888924
 31
0.0
  0
LINE
  5
A20
330
17
100
AcDbEntity
  8
CUT
100
AcDbLine
 10
102.57682222222184
 20
434.43770000000035
 30
0.0
 11
102.57682222222184
 21
437.4380750000003
 31
0.0
  0
LINE
  5
A21
330
17
100
AcDbEntity
  8
CUT
100
AcDbLine
 10
92.02735555555523
 20
434.43770000000035
 30
0.0
 11
92.02735555555523
 21
427.26396388888924
 31
0.0
  0
LINE
  5
A22
330
17
100
AcDbEntity
  8
CUT
100
AcDbLine
 10
96.57571944444413
 20
427.26396388888924
 30
0.0
 11
96.57571944444413
 21
424.26323611111144
 31
0.0
  0
LINE
  5
A23
330
17
100
AcDbEntity
  8
CUT
100
AcDbLine
 10
96.57571944444413
 20
437.4380750000003
 30
0.0
 11
96.57571944444413
 21
434.43770000000035
 31
0.0
  0
LINE
  5
A24
330
17
100
AcDbEntity
  8
CUT
100
AcDbLine
 10
107.12518611111082
 20
427.26396388888924
 30
0.0
 11
107.12518611111082
 21
434.43770000000035
 31
0.0
  0
LINE
  5
A25
330
17
100
AcDbEntity
  8
ENGRAVE
100
AcDbLine
 10
99.06391173443915
 20
433.4379333745253
 30
0.0
 11
96.50235777936102
 21
433.4379333745253
 31
0.0
  0
LINE
  5
A26
330
17
100
AcDbEntity
  8
ENGRAVE
100
AcDbLine
 10
96.50235777936102
 20
433.4379333745253
 30
0.0
 11
96.50235777936102
 21
431.3886902104628
 31
0.0
  0
LINE
  5
A27
330
17
100
AcDbEntity
  8
ENGRAVE
100
AcDbLine
 10
96.50235777936102
 20
431.3886902104628
 30
0.0
 11
98.55160094342352
 21
431.3886902104628
 31
0.0
  0
LINE
  5
A28
330
17
100
AcDbEntity
  8
ENGRAVE
100
AcDbLine
 10
98.55160094342352
 20
431.3886902104628
 30
0.0
 11
99.06391173443915
 21
430.8763794194472
 31
0.0
  0
LINE
  5
A29
330
17
100
AcDbEntity
  8
ENGRAVE
100
AcDbLine
 10
99.06391173443915
 20
430.8763794194472
 30
0.0
 11
99.06391173443915
 21
428.8271362553847
 31
0.0
  0
LINE
  5
A2A
330
17
100
AcDbEntity
  8
ENGRAVE
100
AcDbLine
 10
99.06391173443915
 20
428.8271362553847
 30
0.0
 11
98.55160094342352
 21
428.31482546436905
 31
0.0
  0
LINE
  5
A2B
330
17
100
AcDbEntity
  8
ENGRAVE
100
AcDbLine
 10
98.55160094342352
 20
428.31482546436905
 30
0.0
 11
96.50235777936102
 21
428.31482546436905
 31
0.0
  0
LINE
  5
A2C
330
17
100
AcDbEntity
  8
ENGRAVE
100
AcDbLine
 10
96.50235777936102
 20
428.31482546436905
 30
0.0
 11
95.9900469883454
 21
428.8271362553847
 31
0.0
  0
LINE
  5
A2D
330
17
100
AcDbEntity
  8
ENGRAVE
100
AcDbLine
 10
100.60084410748601
 20
432.413311792494
 30
0.0
 11
101.62546568951727
 21
433.4379333745253
 31
0.0
  0
LINE
  5
A2E
330
17
100
AcDbEntity
  8
ENGRAVE
100
AcDbLine
 10
101.62546568951727
 20
433.4379333745253
 30
0.0
 11
101.62546568951727
 21
428.31482546436905
 31
0.0
  0
LINE
  5
A2F
330
17
100
AcDbEntity
  8
ENGRAVE
100
AcDbLine
 10
100.60084410748601
 20
428.31482546436905
 30
0.0
 11
102.65008727154851
 21
428.31482546436905
 31
0.0
  0
ENDSEC
  0
SECTION
  2
OBJECTS
  0
DICTIONARY
  5
A
330
0
100
AcDbDictionary
281
1
  3
ACAD_COLOR
350
B
  3
ACAD_GROUP
350
C
  3
ACAD_LAYOUT
350
D
  3
ACAD_MATERIAL
350
E
  3
ACAD_MLEADERSTYLE
350
F
  3
ACAD_MLINESTYLE
350
10
  3
ACAD_PLOTSETTINGS
350
11
  3
ACAD_PLOTSTYLENAME
350
12
  3
ACAD_SCALELIST
350
14
  3
ACAD_TABLESTYLE
350
15
  3
ACAD_VISUALSTYLE
350
16
  3
EZDXF_META
350
2D
  0
DICTIONARY
  5
B
330
A
100
AcDbDictionary
281
1
  0
DICTIONARY
  5
C
330
A
100
AcDbDictionary
281
1
  0
DICTIONARY
  5
D
330
A
100
AcDbDictionary
281
1
  3
Model
350
1A
  3
Layout1
350
1E
  0
DICTIONARY
  5
E
330
A
100
AcDbDictionary
281
1
  3
ByBlock
350
1F
  3
ByLayer
350
20
  3
Global
350
21
  0
DICTIONARY
  5
F
330
A
100
AcDbDictionary
281
1
  3
Standard
350
2C
  0
DICTIONARY
  5
10
330
A
100
AcDbDictionary
281
1
  3
Standard
350
22
  0
DICTIONARY
  5
11
330
A
100
AcDbDictionary
281
1
  0
ACDBDICTIONARYWDFLT
  5
12
330
A
100
AcDbDictionary
281
1
  3
Normal
350
13
100
AcDbDictionaryWithDefault
340
13
  0
ACDBPLACEHOLDER
  5
13
330
12
  0
DICTIONARY
  5
14
330
A
100
AcDbDictionary
281
1
  0
DICTIONARY
  5
15
330
A
100
AcDbDictionary
281
1
  0
DICTIONARY
  5
16
330
A
100
AcDbDictionary
281
1
  0
LAYOUT
  5
1A
330
D
100
AcDbPlotSettings
  1

  4
A3
  6

 40
7.5
 41
20.0
 42
7.5
 43
20.0
 44
420.0
 45
297.0
 46
0.0
 47
0.0
 48
0.0
 49
0.0
140
0.0
141
0.0
142
1.0
143
1.0
 70
1024
 72
1
 73
0
 74
5
  7

 75
16
 76
0
 77
2
 78
300
147
1.0
148
0.0
149
0.0
100
AcDbLayout
  1
Model
 70
1
 71
0
 10
0.0
 20
0.0
 11
420.0
 21
297.0
 12
0.0
 22
0.0
 32
0.0
 14
1e+20
 24
1e+20
 34
1e+20
 15
-1e+20
 25
-1e+20
 35
-1e+20
146
0.0
 13
0.0
 23
0.0
 33
0.0
 16
1.0
 26
0.0
 36
0.0
 17
0.0
 27
1.0
 37
0.0
 76
1
330
17
  0
LAYOUT
  5
1E
330
D
100
AcDbPlotSettings
  1

  4
A3
  6

 40
7.5
 41
20.0
 42
7.5
 43
20.0
 44
420.0
 45
297.0
 46
0.0
 47
0.0
 48
0.0
 49
0.0
140
0.0
141
0.0
142
1.0
143
1.0
 70
0
 72
1
 73
0
 74
5
  7

 75
16
 76
0
 77
2
 78
300
147
1.0
148
0.0
149
0.0
100
AcDbLayout
  1
Layout1
 70
1
 71
1
 10
0.0
 20
0.0
 11
420.0
 21
297.0
 12
0.0
 22
0.0
 32
0.0
 14
1e+20
 24
1e+20
 34
1e+20
 15
-1e+20
 25
-1e+20
 35
-1e+20
146
0.0
 13
0.0
 23
0.0
 33
0.0
 16
1.0
 26
0.0
 36
0.0
 17
0.0
 27
1.0
 37
0.0
 76
1
330
1B
  0
MATERIAL
  5
1F
102
{ACAD_REACTORS
330
E
102
}
330
E
100
AcDbMaterial
  1
ByBlock
  2

 70
0
 40
1.0
 71
1
 41
1.0
 91
-1023410177
 42
1.0
 72
1
  3

 73
1
 74
1
 75
1
 44
0.5
 73
0
 45
1.0
 46
1.0
 77
1
  4

 78
1
 79
1
170
1
 48
1.0
171
1
  6

172
1
173
1
174
1
140
1.0
141
1.0
175
1
  7

176
1
177
1
178
1
143
1.0
179
1
  8

270
1
271
1
272
1
145
1.0
146
1.0
273
1
  9

274
1
275
1
276
1
 42
1.0
 72
1
  3

 73
1
 74
1
 75
1
 94
63
  0
MATERIAL
  5
20
102
{ACAD_REACTORS
330
E
102
}
330
E
100
AcDbMaterial
  1
ByLayer
  2

 70
0
 40
1.0
 71
1
 41
1.0
 91
-1023410177
 42
1.0
 72
1
  3

 73
1
 74
1
 75
1
 44
0.5
 73
0
 45
1.0
 46
1.0
 77
1
  4

 78
1
 79
1
170
1
 48
1.0
171
1
  6

172
1
173
1
174
1
140
1.0
141
1.0
175
1
  7

176
1
177
1
178
1
143
1.0
179
1
  8

270
1
271
1
272
1
145
1.0
146
1.0
273
1
  9

274
1
275
1
276
1
 42
1.0
 72
1
  3

 73
1
 74
1
 75
1
 94
63
  0
MATERIAL
  5
21
102
{ACAD_REACTORS
330
E
102
}
330
E
100
AcDbMaterial
  1
Global
  2

 70
0
 40
1.0
 71
1
 41
1.0
 91
-1023410177
 42
1.0
 72
1
  3

 73
1
 74
1
 75
1
 44
0.5
 73
0
 45
1.0
 46
1.0
 77
1
  4

 78
1
 79
1
170
1
 48
1.0
171
1
  6

172
1
173
1
174
1
140
1.0
141
1.0
175
1
  7

176
1
177
1
178
1
143
1.0
179
1
  8

270
1
271
1
272
1
145
1.0
146
1.0
273
1
  9

274
1
275
1
276
1
 42
1.0
 72
1
  3

 73
1
 74
1
 75
1
 94
63
  0
MLINESTYLE
  5
22
102
{ACAD_REACTORS
330
10
102
}
330
10
100
AcDbMlineStyle
  2
Standard
 70
0
  3

 62
256
 51
90.0
 52
90.0
 71
2
 49
0.5
 62
256
  6
BYLAYER
 49
-0.5
 62
256
  6
BYLAYER
  0
MLEADERSTYLE
  5
2C
102
{ACAD_REACTORS
330
F
102
}
330
F
100
AcDbMLeaderStyle
179
2
170
2
171
1
172
0
 90
2
 40
0.0
 41
0.0
173
1
 91
-1056964608
 92
-2
290
1
 42
2.0
291
1
 43
8.0
  3
Standard
 44
4.0
300

342
29
174
1
175
1
176
0
178
1
 93
-1056964608
 45
4.0
292
0
297
0
 46
4.0
 94
-1056964608
 47
1.0
 49
1.0
140
1.0
294
1
141
0.0
177
0
142
1.0
295
0
296
0
143
3.75
271
0
272
9
273
9
  0
DICTIONARY
  5
2D
330
A
100
AcDbDictionary
280
1
281
1
  3
CREATED_BY_EZDXF
350
2E
  3
WRITTEN_BY_EZDXF
350
A32
  0
DICTIONARYVAR
  5
2E
330
2D
100
DictionaryVariables
280
0
  1
1.4.4 @ 2026-08-05T05:34:15.154548+00:00
  0
DICTIONARYVAR
  5
A32
330
2D
100
DictionaryVariables
280
0
  1
1.4.4 @ 2026-08-05T05:34:15.181185+00:00
  0
ENDSEC
  0
EOF
