  0
SECTION
  2
HEADER
  9
$ACADVER
  1
AC1024
  9
$ACADMAINTVER
 70
6
  9
$DWGCODEPAGE
  3
ANSI_1252
  9
$LASTSAVEDBY
  1
ezdxf
  9
$INSBASE
 10
0.0
 20
0.0
 30
0.0
  9
$EXTMIN
 10
1e+20
 20
1e+20
 30
1e+20
  9
$EXTMAX
 10
-1e+20
 20
-1e+20
 30
-1e+20
  9
$LIMMIN
 10
0.0
 20
0.0
  9
$LIMMAX
 10
420.0
 20
297.0
  9
$ORTHOMODE
 70
0
  9
$REGENMODE
 70
1
  9
$FILLMODE
 70
1
  9
$QTEXTMODE
 70
0
  9
$MIRRTEXT
 70
1
  9
$LTSCALE
 40
1.0
  9
$ATTMODE
 70
1
  9
$TEXTSIZE
 40
2.5
  9
$TRACEWID
 40
1.0
  9
$TEXTSTYLE
  7
Standard
  9
$CLAYER
  8
0
  9
$CELTYPE
  6
ByLayer
  9
$CECOLOR
 62
256
  9
$CELTSCALE
 40
1.0
  9
$DISPSILH
 70
0
  9
$DIMSCALE
 40
1.0
  9
$DIMASZ
 40
2.5
  9
$DIMEXO
 40
0.625
  9
$DIMDLI
 40
3.75
  9
$DIMRND
 40
0.0
  9
$DIMDLE
 40
0.0
  9
$DIMEXE
 40
1.25
  9
$DIMTP
 40
0.0
  9
$DIMTM
 40
0.0
  9
$DIMTXT
 40
2.5
  9
$DIMCEN
 40
2.5
  9
$DIMTSZ
 40
0.0
  9
$DIMTOL
 70
0
  9
$DIMLIM
 70
0
  9
$DIMTIH
 70
0
  9
$DIMTOH
 70
0
  9
$DIMSE1
 70
0
  9
$DIMSE2
 70
0
  9
$DIMTAD
 70
1
  9
$DIMZIN
 70
8
  9
$DIMBLK
  1

  9
$DIMASO
 70
1
  9
$DIMSHO
 70
1
  9
$DIMPOST
  1

  9
$DIMAPOST
  1

  9
$DIMALT
 70
0
  9
$DIMALTD
 70
3
  9
$DIMALTF
 40
0.03937007874
  9
$DIMLFAC
 40
1.0
  9
$DIMTOFL
 70
1
  9
$DIMTVP
 40
0.0
  9
$DIMTIX
 70
0
  9
$DIMSOXD
 70
0
  9
$DIMSAH
 70
0
  9
$DIMBLK1
  1

  9
$DIMBLK2
  1

  9
$DIMSTYLE
  2
ISO-25
  9
$DIMCLRD
 70
0
  9
$DIMCLRE
 70
0
  9
$DIMCLRT
 70
0
  9
$DIMTFAC
 40
1.0
  9
$DIMGAP
 40
0.625
  9
$DIMJUST
 70
0
  9
$DIMSD1
 70
0
  9
$DIMSD2
 70
0
  9
$DIMTOLJ
 70
0
  9
$DIMTZIN
 70
8
  9
$DIMALTZ
 70
0
  9
$DIMALTTZ
 70
0
  9
$DIMUPT
 70
0
  9
$DIMDEC
 70
2
  9
$DIMTDEC
 70
2
  9
$DIMALTU
 70
2
  9
$DIMALTTD
 70
3
  9
$DIMTXSTY
  7
Standard
  9
$DIMAUNIT
 70
0
  9
$DIMADEC
 70
0
  9
$DIMALTRND
 40
0.0
  9
$DIMAZIN
 70
0
  9
$DIMDSEP
 70
44
  9
$DIMATFIT
 70
3
  9
$DIMFRAC
 70
0
  9
$DIMLDRBLK
  1

  9
$DIMLUNIT
 70
2
  9
$DIMLWD
 70
-2
  9
$DIMLWE
 70
-2
  9
$DIMTMOVE
 70
0
  9
$DIMFXL
 40
1.0
  9
$DIMFXLON
 70
0
  9
$DIMJOGANG
 40
0.785398163397
  9
$DIMTFILL
 70
0
  9
$DIMTFILLCLR
 70
0
  9
$DIMARCSYM
 70
0
  9
$DIMLTYPE
  6

  9
$DIMLTEX1
  6

  9
$DIMLTEX2
  6

  9
$DIMTXTDIRECTION
 70
0
  9
$LUNITS
 70
2
  9
$LUPREC
 70
4
  9
$SKETCHINC
 40
1.0
  9
$FILLETRAD
 40
10.0
  9
$AUNITS
 70
0
  9
$AUPREC
 70
2
  9
$MENU
  1
.
  9
$ELEVATION
 40
0.0
  9
$PELEVATION
 40
0.0
  9
$THICKNESS
 40
0.0
  9
$LIMCHECK
 70
0
  9
$CHAMFERA
 40
0.0
  9
$CHAMFERB
 40
0.0
  9
$CHAMFERC
 40
0.0
  9
$CHAMFERD
 40
0.0
  9
$SKPOLY
 70
0
  9
$TDCREATE
 40
2461258.5654513887
  9
$TDUCREATE
 40
2458532.153996898
  9
$TDUPDATE
 40
2461258.5654513887
  9
$TDUUPDATE
 40
2458532.1544311
  9
$TDINDWG
 40
0.0
  9
$TDUSRTIMER
 40
0.0
  9
$USRTIMER
 70
1
  9
$ANGBASE
 50
0.0
  9
$ANGDIR
 70
0
  9
$PDMODE
 70
0
  9
$PDSIZE
 40
0.0
  9
$PLINEWID
 40
0.0
  9
$SPLFRAME
 70
0
  9
$SPLINETYPE
 70
6
  9
$SPLINESEGS
 70
8
  9
$HANDSEED
  5
B27
  9
$SURFTAB1
 70
6
  9
$SURFTAB2
 70
6
  9
$SURFTYPE
 70
6
  9
$SURFU
 70
6
  9
$SURFV
 70
6
  9
$UCSBASE
  2

  9
$UCSNAME
  2

  9
$UCSORG
 10
0.0
 20
0.0
 30
0.0
  9
$UCSXDIR
 10
1.0
 20
0.0
 30
0.0
  9
$UCSYDIR
 10
0.0
 20
1.0
 30
0.0
  9
$UCSORTHOREF
  2

  9
$UCSORTHOVIEW
 70
0
  9
$UCSORGTOP
 10
0.0
 20
0.0
 30
0.0
  9
$UCSORGBOTTOM
 10
0.0
 20
0.0
 30
0.0
  9
$UCSORGLEFT
 10
0.0
 20
0.0
 30
0.0
  9
$UCSORGRIGHT
 10
0.0
 20
0.0
 30
0.0
  9
$UCSORGFRONT
 10
0.0
 20
0.0
 30
0.0
  9
$UCSORGBACK
 10
0.0
 20
0.0
 30
0.0
  9
$PUCSBASE
  2

  9
$PUCSNAME
  2

  9
$PUCSORG
 10
0.0
 20
0.0
 30
0.0
  9
$PUCSXDIR
 10
1.0
 20
0.0
 30
0.0
  9
$PUCSYDIR
 10
0.0
 20
1.0
 30
0.0
  9
$PUCSORTHOREF
  2

  9
$PUCSORTHOVIEW
 70
0
  9
$PUCSORGTOP
 10
0.0
 20
0.0
 30
0.0
  9
$PUCSORGBOTTOM
 10
0.0
 20
0.0
 30
0.0
  9
$PUCSORGLEFT
 10
0.0
 20
0.0
 30
0.0
  9
$PUCSORGRIGHT
 10
0.0
 20
0.0
 30
0.0
  9
$PUCSORGFRONT
 10
0.0
 20
0.0
 30
0.0
  9
$PUCSORGBACK
 10
0.0
 20
0.0
 30
0.0
  9
$USERI1
 70
0
  9
$USERI2
 70
0
  9
$USERI3
 70
0
  9
$USERI4
 70
0
  9
$USERI5
 70
0
  9
$USERR1
 40
0.0
  9
$USERR2
 40
0.0
  9
$USERR3
 40
0.0
  9
$USERR4
 40
0.0
  9
$USERR5
 40
0.0
  9
$WORLDVIEW
 70
1
  9
$SHADEDGE
 70
3
  9
$SHADEDIF
 70
70
  9
$TILEMODE
 70
1
  9
$MAXACTVP
 70
64
  9
$PINSBASE
 10
0.0
 20
0.0
 30
0.0
  9
$PLIMCHECK
 70
0
  9
$PEXTMIN
 10
1e+20
 20
1e+20
 30
1e+20
  9
$PEXTMAX
 10
-1e+20
 20
-1e+20
 30
-1e+20
  9
$PLIMMIN
 10
0.0
 20
0.0
  9
$PLIMMAX
 10
420.0
 20
297.0
  9
$UNITMODE
 70
0
  9
$VISRETAIN
 70
1
  9
$PLINEGEN
 70
0
  9
$PSLTSCALE
 70
1
  9
$TREEDEPTH
 70
3020
  9
$CMLSTYLE
  2
Standard
  9
$CMLJUST
 70
0
  9
$CMLSCALE
 40
20.0
  9
$PROXYGRAPHICS
 70
1
  9
$MEASUREMENT
 70
1
  9
$CELWEIGHT
370
-1
  9
$ENDCAPS
280
0
  9
$JOINSTYLE
280
0
  9
$LWDISPLAY
290
0
  9
$INSUNITS
 70
4
  9
$HYPERLINKBASE
  1

  9
$STYLESHEET
  1

  9
$XEDIT
290
1
  9
$CEPSNTYPE
380
0
  9
$PSTYLEMODE
290
1
  9
$FINGERPRINTGUID
  2
{1DDB5694-6F9C-42ED-A4AB-4D8631C2B48D}
  9
$VERSIONGUID
  2
{D7475C45-655E-4E3A-86B7-96A9CAA65033}
  9
$EXTNAMES
290
1
  9
$PSVPSCALE
 40
0.0
  9
$OLESTARTUP
290
0
  9
$SORTENTS
280
127
  9
$INDEXCTL
280
0
  9
$HIDETEXT
280
1
  9
$XCLIPFRAME
280
1
  9
$HALOGAP
280
0
  9
$OBSCOLOR
 70
257
  9
$OBSLTYPE
280
0
  9
$INTERSECTIONDISPLAY
280
0
  9
$INTERSECTIONCOLOR
 70
257
  9
$DIMASSOC
280
2
  9
$PROJECTNAME
  1

  9
$CAMERADISPLAY
290
0
  9
$LENSLENGTH
 40
50.0
  9
$CAMERAHEIGHT
 40
0.0
  9
$STEPSPERSEC
 40
24.0
  9
$STEPSIZE
 40
100.0
  9
$3DDWFPREC
 40
2.0
  9
$PSOLWIDTH
 40
0.005
  9
$PSOLHEIGHT
 40
0.08
  9
$LOFTANG1
 40
1.570796326795
  9
$LOFTANG2
 40
1.570796326795
  9
$LOFTMAG1
 40
0.0
  9
$LOFTMAG2
 40
0.0
  9
$LOFTPARAM
 70
7
  9
$LOFTNORMALS
280
1
  9
$LATITUDE
 40
37.795
  9
$LONGITUDE
 40
-122.394
  9
$NORTHDIRECTION
 40
0.0
  9
$TIMEZONE
 70
-8000
  9
$LIGHTGLYPHDISPLAY
280
1
  9
$TILEMODELIGHTSYNCH
280
1
  9
$CMATERIAL
347
20
  9
$SOLIDHIST
280
0
  9
$SHOWHIST
280
1
  9
$DWFFRAME
280
2
  9
$DGNFRAME
280
2
  9
$REALWORLDSCALE
290
1
  9
$INTERFERECOLOR
 62
256
  9
$CSHADOW
280
0
  9
$SHADOWPLANELOCATION
 40
0.0
  0
ENDSEC
  0
SECTION
  2
CLASSES
  0
CLASS
  1
ACDBDICTIONARYWDFLT
  2
AcDbDictionaryWithDefault
  3
ObjectDBX Classes
 90
0
 91
0
280
0
281
0
  0
CLASS
  1
SUN
  2
AcDbSun
  3
SCENEOE
 90
1153
 91
0
280
0
281
0
  0
CLASS
  1
VISUALSTYLE
  2
AcDbVisualStyle
  3
ObjectDBX Classes
 90
4095
 91
0
280
0
281
0
  0
CLASS
  1
MATERIAL
  2
AcDbMaterial
  3
ObjectDBX Classes
 90
1153
 91
0
280
0
281
0
  0
CLASS
  1
SCALE
  2
AcDbScale
  3
ObjectDBX Classes
 90
1153
 91
0
280
0
281
0
  0
CLASS
  1
TABLESTYLE
  2
AcDbTableStyle
  3
ObjectDBX Classes
 90
4095
 91
0
280
0
281
0
  0
CLASS
  1
MLEADERSTYLE
  2
AcDbMLeaderStyle
  3
ACDB_MLEADERSTYLE_CLASS
 90
4095
 91
0
280
0
281
0
  0
CLASS
  1
DICTIONARYVAR
  2
AcDbDictionaryVar
  3
ObjectDBX Classes
 90
0
 91
0
280
0
281
0
  0
CLASS
  1
CELLSTYLEMAP
  2
AcDbCellStyleMap
  3
ObjectDBX Classes
 90
1152
 91
0
280
0
281
0
  0
CLASS
  1
MENTALRAYRENDERSETTINGS
  2
AcDbMentalRayRenderSettings
  3
SCENEOE
 90
1024
 91
0
280
0
281
0
  0
CLASS
  1
ACDBDETAILVIEWSTYLE
  2
AcDbDetailViewStyle
  3
ObjectDBX Classes
 90
1025
 91
0
280
0
281
0
  0
CLASS
  1
ACDBSECTIONVIEWSTYLE
  2
AcDbSectionViewStyle
  3
ObjectDBX Classes
 90
1025
 91
0
280
0
281
0
  0
CLASS
  1
RASTERVARIABLES
  2
AcDbRasterVariables
  3
ISM
 90
0
 91
0
280
0
281
0
  0
CLASS
  1
ACDBPLACEHOLDER
  2
AcDbPlaceHolder
  3
ObjectDBX Classes
 90
0
 91
0
280
0
281
0
  0
CLASS
  1
LAYOUT
  2
AcDbLayout
  3
ObjectDBX Classes
 90
0
 91
0
280
0
281
0
  0
ENDSEC
  0
SECTION
  2
TABLES
  0
TABLE
  2
VPORT
  5
8
330
0
100
AcDbSymbolTable
 70
1
  0
VPORT
  5
23
330
8
100
AcDbSymbolTableRecord
100
AcDbViewportTableRecord
  2
*Active
 70
0
 10
0.0
 20
0.0
 11
1.0
 21
1.0
 12
0.0
 22
0.0
 13
0.0
 23
0.0
 14
0.5
 24
0.5
 15
0.5
 25
0.5
 16
0.0
 26
0.0
 36
1.0
 17
0.0
 27
0.0
 37
0.0
 40
1000.0
 41
1.34
 42
50.0
 43
0.0
 44
0.0
 50
0.0
 51
0.0
 71
0
 72
1000
 73
1
 74
3
 75
0
 76
0
 77
0
 78
0
281
0
 65
0
146
0.0
  0
ENDTAB
  0
TABLE
  2
LTYPE
  5
2
330
0
100
AcDbSymbolTable
 70
3
  0
LTYPE
  5
24
330
2
100
AcDbSymbolTableRecord
100
AcDbLinetypeTableRecord
  2
ByBlock
 70
0
  3

 72
65
 73
0
 40
0.0
  0
LTYPE
  5
25
330
2
100
AcDbSymbolTableRecord
100
AcDbLinetypeTableRecord
  2
ByLayer
 70
0
  3

 72
65
 73
0
 40
0.0
  0
LTYPE
  5
26
330
2
100
AcDbSymbolTableRecord
100
AcDbLinetypeTableRecord
  2
Continuous
 70
0
  3

 72
65
 73
0
 40
0.0
  0
ENDTAB
  0
TABLE
  2
LAYER
  5
1
330
0
100
AcDbSymbolTable
 70
5
  0
LAYER
  5
27
330
1
100
AcDbSymbolTableRecord
100
AcDbLayerTableRecord
  2
0
 70
0
 62
7
  6
Continuous
370
-3
390
13
347
21
  0
LAYER
  5
28
330
1
100
AcDbSymbolTableRecord
100
AcDbLayerTableRecord
  2
Defpoints
 70
0
 62
7
  6
Continuous
290
0
370
-3
390
13
347
21
  0
LAYER
  5
2F
330
1
100
AcDbSymbolTableRecord
100
AcDbLayerTableRecord
  2
CUT
 70
0
 62
1
  6
Continuous
370
-3
390
13
347
21
  0
LAYER
  5
30
330
1
100
AcDbSymbolTableRecord
100
AcDbLayerTableRecord
  2
SHEET
 70
0
 62
8
  6
Continuous
370
-3
390
13
347
21
  0
LAYER
  5
31
330
1
100
AcDbSymbolTableRecord
100
AcDbLayerTableRecord
  2
ENGRAVE
 70
0
 62
5
  6
Continuous
370
-3
390
13
347
21
  0
ENDTAB
  0
TABLE
  2
STYLE
  5
5
330
0
100
AcDbSymbolTable
 70
1
  0
STYLE
  5
29
330
5
100
AcDbSymbolTableRecord
100
AcDbTextStyleTableRecord
  2
Standard
 70
0
 40
0.0
 41
1.0
 50
0.0
 71
0
 42
2.5
  3
txt
  4

  0
ENDTAB
  0
TABLE
  2
VIEW
  5
7
330
0
100
AcDbSymbolTable
 70
0
  0
ENDTAB
  0
TABLE
  2
UCS
  5
6
330
0
100
AcDbSymbolTable
 70
0
  0
ENDTAB
  0
TABLE
  2
APPID
  5
3
330
0
100
AcDbSymbolTable
 70
3
  0
APPID
  5
2A
330
3
100
AcDbSymbolTableRecord
100
AcDbRegAppTableRecord
  2
ACAD
 70
0
  0
APPID
  5
B24
330
3
100
AcDbSymbolTableRecord
100
AcDbRegAppTableRecord
  2
HATCHBACKGROUNDCOLOR
 70
0
  0
APPID
  5
B25
330
3
100
AcDbSymbolTableRecord
100
AcDbRegAppTableRecord
  2
EZDXF
 70
0
  0
ENDTAB
  0
TABLE
  2
DIMSTYLE
  5
4
330
0
100
AcDbSymbolTable
 70
1
100
AcDbDimStyleTable
  0
DIMSTYLE
105
2B
330
4
100
AcDbSymbolTableRecord
100
AcDbDimStyleTableRecord
  2
Standard
 70
0
 40
1.0
 41
2.5
 42
0.625
 43
3.75
 44
1.25
 45
0.0
 46
0.0
 47
0.0
 48
0.0
 49
2.5
140
2.5
141
2.5
142
0.0
143
0.03937007874
144
1.0
145
0.0
146
1.0
147
0.625
148
0.0
 69
0
 70
0
 71
0
 72
0
 73
0
 74
0
 75
0
 76
0
 77
1
 78
8
 79
3
170
0
171
3
172
1
173
0
174
0
175
0
176
0
177
0
178
0
179
2
271
2
272
2
273
2
274
3
275
0
276
0
277
2
278
44
279
0
280
0
281
0
282
0
283
0
284
8
285
0
286
0
288
0
289
3
290
0
371
-2
372
-2
  0
ENDTAB
  0
TABLE
  2
BLOCK_RECORD
  5
9
330
0
100
AcDbSymbolTable
 70
2
  0
BLOCK_RECORD
  5
17
330
9
100
AcDbSymbolTableRecord
100
AcDbBlockTableRecord
  2
*Model_Space
340
1A
 70
0
280
1
281
0
  0
BLOCK_RECORD
  5
1B
330
9
100
AcDbSymbolTableRecord
100
AcDbBlockTableRecord
  2
*Paper_Space
340
1E
 70
0
280
1
281
0
  0
ENDTAB
  0
ENDSEC
  0
SECTION
  2
BLOCKS
  0
BLOCK
  5
18
330
17
100
AcDbEntity
  8
0
100
AcDbBlockBegin
  2
*Model_Space
 70
0
 10
0.0
 20
0.0
 30
0.0
  3
*Model_Space
  1

  0
ENDBLK
  5
19
330
17
100
AcDbEntity
  8
0
100
AcDbBlockEnd
  0
BLOCK
  5
1C
330
1B
100
AcDbEntity
  8
0
100
AcDbBlockBegin
  2
*Paper_Space
 70
0
 10
0.0
 20
0.0
 30
0.0
  3
*Paper_Space
  1

  0
ENDBLK
  5
1D
330
1B
100
AcDbEntity
  8
0
100
AcDbBlockEnd
  0
ENDSEC
  0
SECTION
  2
ENTITIES
  0
LINE
  5
32
330
17
100
AcDbEntity
  8
SHEET
100
AcDbLine
 10
0.0
 20
0.0
 30
0.0
 11
600.0
 21
0.0
 31
0.0
  0
LINE
  5
33
330
17
100
AcDbEntity
  8
SHEET
100
AcDbLine
 10
600.0
 20
0.0
 30
0.0
 11
600.0
 21
450.0
 31
0.0
  0
LINE
  5
34
330
17
100
AcDbEntity
  8
SHEET
100
AcDbLine
 10
600.0
 20
450.0
 30
0.0
 11
0.0
 21
450.0
 31
0.0
  0
LINE
  5
35
330
17
100
AcDbEntity
  8
SHEET
100
AcDbLine
 10
0.0
 20
450.0
 30
0.0
 11
0.0
 21
0.0
 31
0.0
  0
LINE
  5
36
330
17
100
AcDbEntity
  8
CUT
100
AcDbLine
 10
46.95055833333339
 20
13.666327777777724
 30
0.0
 11
55.67475277777777
 21
8.774358333333339
 31
0.0
  0
LINE
  5
37
330
17
100
AcDbEntity
  8
CUT
100
AcDbLine
 10
107.1298611111111
 20
127.93881111111114
 30
0.0
 11
91.86163888888888
 21
127.93881111111114
 31
0.0
  0
LINE
  5
38
330
17
100
AcDbEntity
  8
CUT
100
AcDbLine
 10
9.500727777777797
 20
77.41644722222202
 30
0.0
 11
6.5
 21
77.41644722222202
 31
0.0
  0
LINE
  5
39
330
17
100
AcDbEntity
  8
CUT
100
AcDbLine
 10
29.50428611111107
 20
130.9391861111111
 30
0.0
 11
19.502330555555602
 21
130.9391861111111
 31
0.0
  0
LINE
  5
3A
330
17
100
AcDbEntity
  8
CUT
100
AcDbLine
 10
18.224569444444512
 20
33.213391666666666
 30
0.0
 11
16.7573666666666
 21
30.596133333333455
 31
0.0
  0
LINE
  5
3B
330
17
100
AcDbEntity
  8
CUT
100
AcDbLine
 10
65.86615
 20
6.5
 30
0.0
 11
74.7095833333334
 21
11.17289444444441
 31
0.0
  0
LINE
  5
3C
330
17
100
AcDbEntity
  8
CUT
100
AcDbLine
 10
6.5
 20
107.93489999999986
 30
0.0
 11
9.500727777777797
 21
107.93489999999986
 31
0.0
  0
LINE
  5
3D
330
17
100
AcDbEntity
  8
CUT
100
AcDbLine
 10
9.500727777777797
 20
117.93685555555567
 30
0.0
 11
6.5
 21
117.93685555555567
 31
0.0
  0
LINE
  5
3E
330
17
100
AcDbEntity
  8
CUT
100
AcDbLine
 10
6.5
 20
67.41449166666666
 30
0.0
 11
9.500727777777797
 21
67.41449166666666
 31
0.0
  0
LINE
  5
3F
330
17
100
AcDbEntity
  8
CUT
100
AcDbLine
 10
74.7095833333334
 20
11.17289444444441
 30
0.0
 11
76.11152222222216
 21
8.520005555555485
 31
0.0
  0
LINE
  5
40
330
17
100
AcDbEntity
  8
CUT
100
AcDbLine
 10
127.8929500000001
 20
93.57896111111108
 30
0.0
 11
164.22059444444437
 21
93.57896111111108
 31
0.0
  0
LINE
  5
41
330
17
100
AcDbEntity
  8
CUT
100
AcDbLine
 10
84.95460277777778
 20
13.192547222222174
 30
0.0
 11
83.5526638888889
 21
15.845436111111098
 31
0.0
  0
LINE
  5
42
330
17
100
AcDbEntity
  8
CUT
100
AcDbLine
 10
48.41811388888891
 20
16.28358611111105
 30
0.0
 11
46.95055833333339
 21
13.666327777777724
 31
0.0
  0
LINE
  5
43
330
17
100
AcDbEntity
  8
CUT
100
AcDbLine
 10
110.2064361111112
 20
29.92938333333325
 30
0.0
 11
111.62918888888896
 21
27.23698333333334
 31
0.0
  0
LINE
  5
44
330
17
100
AcDbEntity
  8
CUT
100
AcDbLine
 10
130.89332500000006
 20
60.86446666666666
 30
0.0
 11
127.8929500000001
 21
60.86446666666666
 31
0.0
  0
LINE
  5
45
330
17
100
AcDbEntity
  8
CUT
100
AcDbLine
 10
164.22059444444437
 20
103.58091666666667
 30
0.0
 11
161.2202194444444
 21
103.58091666666667
 31
0.0
  0
LINE
  5
46
330
17
100
AcDbEntity
  8
CUT
100
AcDbLine
 10
25.481208333333313
 20
25.704516666666564
 30
0.0
 11
26.948763888888777
 21
28.321775000000002
 31
0.0
  0
LINE
  5
47
330
17
100
AcDbEntity
  8
CUT
100
AcDbLine
 10
161.2202194444444
 20
117.93685555555567
 30
0.0
 11
164.2209472222222
 21
117.93685555555567
 31
0.0
  0
LINE
  5
48
330
17
100
AcDbEntity
  8
CUT
100
AcDbLine
 10
144.2170361111112
 20
127.93881111111114
 30
0.0
 11
110.13023611111117
 21
127.93881111111114
 31
0.0
  0
LINE
  5
49
330
17
100
AcDbEntity
  8
CUT
100
AcDbLine
 10
127.8929500000001
 20
50.862511111111075
 30
0.0
 11
130.89332500000006
 21
50.862511111111075
 31
0.0
  0
LINE
  5
4A
330
17
100
AcDbEntity
  8
CUT
100
AcDbLine
 10
164.2209472222222
 20
127.93881111111114
 30
0.0
 11
154.21899166666668
 21
127.93881111111114
 31
0.0
  0
LINE
  5
4B
330
17
100
AcDbEntity
  8
CUT
100
AcDbLine
 10
119.04986944444448
 20
34.60227777777777
 30
0.0
 11
127.8929500000001
 21
39.27517222222241
 31
0.0
  0
LINE
  5
4C
330
17
100
AcDbEntity
  8
CUT
100
AcDbLine
 10
57.14195555555557
 20
11.391616666666664
 30
0.0
 11
65.86615
 21
6.5
 31
0.0
  0
LINE
  5
4D
330
17
100
AcDbEntity
  8
CUT
100
AcDbLine
 10
55.67475277777777
 20
8.774358333333339
 30
0.0
 11
57.14195555555557
 21
11.391616666666664
 31
0.0
  0
LINE
  5
4E
330
17
100
AcDbEntity
  8
CUT
100
AcDbLine
 10
110.13023611111117
 20
89.00237500000003
 30
0.0
 11
107.1298611111111
 21
89.00237500000003
 31
0.0
  0
LINE
  5
4F
330
17
100
AcDbEntity
  8
CUT
100
AcDbLine
 10
76.11152222222216
 20
8.520005555555485
 30
0.0
 11
84.95460277777778
 21
13.192547222222174
 31
0.0
  0
LINE
  5
50
330
17
100
AcDbEntity
  8
CUT
100
AcDbLine
 10
9.500727777777797
 20
38.10500833333333
 30
0.0
 11
18.224569444444512
 21
33.213391666666666
 31
0.0
  0
LINE
  5
51
330
17
100
AcDbEntity
  8
CUT
100
AcDbLine
 10
26.948763888888777
 20
28.321775000000002
 30
0.0
 11
48.41811388888891
 21
16.28358611111105
 31
0.0
  0
LINE
  5
52
330
17
100
AcDbEntity
  8
CUT
100
AcDbLine
 10
81.85968333333341
 20
127.93881111111114
 30
0.0
 11
29.50428611111107
 21
127.93881111111114
 31
0.0
  0
LINE
  5
53
330
17
100
AcDbEntity
  8
CUT
100
AcDbLine
 10
111.62918888888896
 20
27.23698333333334
 30
0.0
 11
120.47262222222218
 21
31.909524999999917
 31
0.0
  0
LINE
  5
54
330
17
100
AcDbEntity
  8
CUT
100
AcDbLine
 10
120.47262222222218
 20
31.909524999999917
 30
0.0
 11
119.04986944444448
 21
34.60227777777777
 31
0.0
  0
LINE
  5
55
330
17
100
AcDbEntity
  8
CUT
100
AcDbLine
 10
91.86163888888888
 20
130.9391861111111
 30
0.0
 11
81.85968333333341
 21
130.9391861111111
 31
0.0
  0
LINE
  5
56
330
17
100
AcDbEntity
  8
CUT
100
AcDbLine
 10
154.21899166666668
 20
130.9391861111111
 30
0.0
 11
144.2170361111112
 21
130.9391861111111
 31
0.0
  0
LINE
  5
57
330
17
100
AcDbEntity
  8
CUT
100
AcDbLine
 10
83.5526638888889
 20
15.845436111111098
 30
0.0
 11
110.2064361111112
 21
29.92938333333325
 31
0.0
  0
LINE
  5
58
330
17
100
AcDbEntity
  8
CUT
100
AcDbLine
 10
16.7573666666666
 20
30.596133333333455
 30
0.0
 11
25.481208333333313
 21
25.704516666666564
 31
0.0
  0
LINE
  5
59
330
17
100
AcDbEntity
  8
CUT
100
AcDbLine
 10
19.502330555555602
 20
127.93881111111114
 30
0.0
 11
9.500727777777797
 21
127.93881111111114
 31
0.0
  0
LINE
  5
5A
330
17
100
AcDbEntity
  8
CUT
100
AcDbLine
 10
6.5
 20
77.41644722222202
 30
0.0
 11
6.5
 21
67.41449166666666
 31
0.0
  0
LINE
  5
5B
330
17
100
AcDbEntity
  8
CUT
100
AcDbLine
 10
6.5
 20
117.93685555555567
 30
0.0
 11
6.5
 21
107.93489999999986
 31
0.0
  0
LINE
  5
5C
330
17
100
AcDbEntity
  8
CUT
100
AcDbLine
 10
110.13023611111117
 20
127.93881111111114
 30
0.0
 11
110.13023611111117
 21
89.00237500000003
 31
0.0
  0
LINE
  5
5D
330
17
100
AcDbEntity
  8
CUT
100
AcDbLine
 10
130.89332500000006
 20
50.862511111111075
 30
0.0
 11
130.89332500000006
 21
60.86446666666666
 31
0.0
  0
LINE
  5
5E
330
17
100
AcDbEntity
  8
CUT
100
AcDbLine
 10
9.500727777777797
 20
67.41449166666666
 30
0.0
 11
9.500727777777797
 21
38.10500833333333
 31
0.0
  0
LINE
  5
5F
330
17
100
AcDbEntity
  8
CUT
100
AcDbLine
 10
9.500727777777797
 20
127.93881111111114
 30
0.0
 11
9.500727777777797
 21
117.93685555555567
 31
0.0
  0
LINE
  5
60
330
17
100
AcDbEntity
  8
CUT
100
AcDbLine
 10
9.500727777777797
 20
107.93489999999986
 30
0.0
 11
9.500727777777797
 21
77.41644722222202
 31
0.0
  0
LINE
  5
61
330
17
100
AcDbEntity
  8
CUT
100
AcDbLine
 10
107.1298611111111
 20
89.00237500000003
 30
0.0
 11
107.1298611111111
 21
127.93881111111114
 31
0.0
  0
LINE
  5
62
330
17
100
AcDbEntity
  8
CUT
100
AcDbLine
 10
127.8929500000001
 20
39.27517222222241
 30
0.0
 11
127.8929500000001
 21
50.862511111111075
 31
0.0
  0
LINE
  5
63
330
17
100
AcDbEntity
  8
CUT
100
AcDbLine
 10
127.8929500000001
 20
60.86446666666666
 30
0.0
 11
127.8929500000001
 21
93.57896111111108
 31
0.0
  0
LINE
  5
64
330
17
100
AcDbEntity
  8
CUT
100
AcDbLine
 10
81.85968333333341
 20
130.9391861111111
 30
0.0
 11
81.85968333333341
 21
127.93881111111114
 31
0.0
  0
LINE
  5
65
330
17
100
AcDbEntity
  8
CUT
100
AcDbLine
 10
91.86163888888888
 20
127.93881111111114
 30
0.0
 11
91.86163888888888
 21
130.9391861111111
 31
0.0
  0
LINE
  5
66
330
17
100
AcDbEntity
  8
CUT
100
AcDbLine
 10
154.21899166666668
 20
127.93881111111114
 30
0.0
 11
154.21899166666668
 21
130.9391861111111
 31
0.0
  0
LINE
  5
67
330
17
100
AcDbEntity
  8
CUT
100
AcDbLine
 10
164.2209472222222
 20
117.93685555555567
 30
0.0
 11
164.2209472222222
 21
127.93881111111114
 31
0.0
  0
LINE
  5
68
330
17
100
AcDbEntity
  8
CUT
100
AcDbLine
 10
19.502330555555602
 20
130.9391861111111
 30
0.0
 11
19.502330555555602
 21
127.93881111111114
 31
0.0
  0
LINE
  5
69
330
17
100
AcDbEntity
  8
CUT
100
AcDbLine
 10
164.22059444444437
 20
93.57896111111108
 30
0.0
 11
164.22059444444437
 21
103.58091666666667
 31
0.0
  0
LINE
  5
6A
330
17
100
AcDbEntity
  8
CUT
100
AcDbLine
 10
161.2202194444444
 20
103.58091666666667
 30
0.0
 11
161.2202194444444
 21
117.93685555555567
 31
0.0
  0
LINE
  5
6B
330
17
100
AcDbEntity
  8
CUT
100
AcDbLine
 10
144.2170361111112
 20
130.9391861111111
 30
0.0
 11
144.2170361111112
 21
127.93881111111114
 31
0.0
  0
LINE
  5
6C
330
17
100
AcDbEntity
  8
CUT
100
AcDbLine
 10
29.50428611111107
 20
127.93881111111114
 30
0.0
 11
29.50428611111107
 21
130.9391861111111
 31
0.0
  0
LINE
  5
6D
330
17
100
AcDbEntity
  8
CUT
100
AcDbLine
 10
79.68657222222231
 20
38.210841666666624
 30
0.0
 11
81.06028888888886
 21
35.54313611111104
 31
0.0
  0
LINE
  5
6E
330
17
100
AcDbEntity
  8
CUT
100
AcDbLine
 10
70.7944555555556
 20
33.63143333333335
 30
0.0
 11
79.68657222222231
 21
38.210841666666624
 31
0.0
  0
LINE
  5
6F
330
17
100
AcDbEntity
  8
CUT
100
AcDbLine
 10
72.16817222222227
 20
30.964080555555483
 30
0.0
 11
70.7944555555556
 21
33.63143333333335
 31
0.0
  0
LINE
  5
70
330
17
100
AcDbEntity
  8
CUT
100
AcDbLine
 10
81.06028888888886
 20
35.54313611111104
 30
0.0
 11
72.16817222222227
 21
30.964080555555483
 31
0.0
  0
LINE
  5
71
330
17
100
AcDbEntity
  8
CUT
100
AcDbLine
 10
159.7815916666667
 20
95.56439444444436
 30
0.0
 11
159.5985
 21
95.35590277777783
 31
0.0
  0
LINE
  5
72
330
17
100
AcDbEntity
  8
CUT
100
AcDbLine
 10
160.05852222222217
 20
96.04417222222219
 30
0.0
 11
159.9357555555555
 21
95.79511111111105
 31
0.0
  0
LINE
  5
73
330
17
100
AcDbEntity
  8
CUT
100
AcDbLine
 10
159.5985
 20
95.35590277777783
 30
0.0
 11
159.3900083333333
 21
95.17281111111106
 31
0.0
  0
LINE
  5
74
330
17
100
AcDbEntity
  8
CUT
100
AcDbLine
 10
157.03733333333327
 20
95.01864722222217
 30
0.0
 11
156.80661666666668
 21
95.17281111111106
 31
0.0
  0
LINE
  5
75
330
17
100
AcDbEntity
  8
CUT
100
AcDbLine
 10
159.3900083333333
 20
95.17281111111106
 30
0.0
 11
159.15893888888888
 21
95.01864722222217
 31
0.0
  0
LINE
  5
76
330
17
100
AcDbEntity
  8
CUT
100
AcDbLine
 10
157.28604166666656
 20
94.89588055555566
 30
0.0
 11
157.03733333333327
 21
95.01864722222217
 31
0.0
  0
LINE
  5
77
330
17
100
AcDbEntity
  8
CUT
100
AcDbLine
 10
159.9357555555555
 20
95.79511111111105
 30
0.0
 11
159.7815916666667
 21
95.56439444444436
 31
0.0
  0
LINE
  5
78
330
17
100
AcDbEntity
  8
CUT
100
AcDbLine
 10
156.41503333333327
 20
95.56439444444436
 30
0.0
 11
156.26086944444438
 21
95.79511111111105
 31
0.0
  0
LINE
  5
79
330
17
100
AcDbEntity
  8
CUT
100
AcDbLine
 10
156.80661666666668
 20
95.17281111111106
 30
0.0
 11
156.5977722222222
 21
95.35590277777783
 31
0.0
  0
LINE
  5
7A
330
17
100
AcDbEntity
  8
CUT
100
AcDbLine
 10
156.26086944444438
 20
95.79511111111105
 30
0.0
 11
156.13774999999998
 21
96.04417222222219
 31
0.0
  0
LINE
  5
7B
330
17
100
AcDbEntity
  8
CUT
100
AcDbLine
 10
156.5977722222222
 20
95.35590277777783
 30
0.0
 11
156.41503333333327
 21
95.56439444444436
 31
0.0
  0
LINE
  5
7C
330
17
100
AcDbEntity
  8
CUT
100
AcDbLine
 10
158.0981361111111
 20
94.73430833333327
 30
0.0
 11
157.8212055555556
 21
94.75265277777771
 31
0.0
  0
LINE
  5
7D
330
17
100
AcDbEntity
  8
CUT
100
AcDbLine
 10
157.54921388888886
 20
94.80662777777775
 30
0.0
 11
157.28604166666656
 21
94.89588055555566
 31
0.0
  0
LINE
  5
7E
330
17
100
AcDbEntity
  8
CUT
100
AcDbLine
 10
157.8212055555556
 20
94.75265277777771
 30
0.0
 11
157.54921388888886
 21
94.80662777777775
 31
0.0
  0
LINE
  5
7F
330
17
100
AcDbEntity
  8
CUT
100
AcDbLine
 10
158.37506666666667
 20
94.75265277777771
 30
0.0
 11
158.0981361111111
 21
94.73430833333327
 31
0.0
  0
LINE
  5
80
330
17
100
AcDbEntity
  8
CUT
100
AcDbLine
 10
159.15893888888888
 20
95.01864722222217
 30
0.0
 11
158.91023055555547
 21
94.89588055555566
 31
0.0
  0
LINE
  5
81
330
17
100
AcDbEntity
  8
CUT
100
AcDbLine
 10
158.91023055555547
 20
94.89588055555566
 30
0.0
 11
158.64741111111107
 21
94.80662777777775
 31
0.0
  0
LINE
  5
82
330
17
100
AcDbEntity
  8
CUT
100
AcDbLine
 10
158.64741111111107
 20
94.80662777777775
 30
0.0
 11
158.37506666666667
 21
94.75265277777771
 31
0.0
  0
LINE
  5
83
330
17
100
AcDbEntity
  8
CUT
100
AcDbLine
 10
156.13774999999998
 20
96.04417222222219
 30
0.0
 11
156.13774999999998
 21
96.30699166666659
 31
0.0
  0
LINE
  5
84
330
17
100
AcDbEntity
  8
CUT
100
AcDbLine
 10
53.010222222222296
 20
33.63143333333335
 30
0.0
 11
51.63650555555557
 21
30.964080555555483
 31
0.0
  0
LINE
  5
85
330
17
100
AcDbEntity
  8
CUT
100
AcDbLine
 10
44.11810555555559
 20
38.210841666666624
 30
0.0
 11
53.010222222222296
 21
33.63143333333335
 31
0.0
  0
LINE
  5
86
330
17
100
AcDbEntity
  8
CUT
100
AcDbLine
 10
42.744388888888864
 20
35.54313611111104
 30
0.0
 11
44.11810555555559
 21
38.210841666666624
 31
0.0
  0
LINE
  5
87
330
17
100
AcDbEntity
  8
CUT
100
AcDbLine
 10
51.63650555555557
 20
30.964080555555483
 30
0.0
 11
42.744388888888864
 21
35.54313611111104
 31
0.0
  0
LINE
  5
88
330
17
100
AcDbEntity
  8
CUT
100
AcDbLine
 10
158.64741111111107
 20
98.90555277777787
 30
0.0
 11
158.91023055555547
 21
98.81629999999996
 31
0.0
  0
LINE
  5
89
330
17
100
AcDbEntity
  8
CUT
100
AcDbLine
 10
159.9357555555555
 20
97.91706944444434
 30
0.0
 11
160.05852222222217
 21
97.66800833333332
 31
0.0
  0
LINE
  5
8A
330
17
100
AcDbEntity
  8
CUT
100
AcDbLine
 10
157.54921388888886
 20
98.90555277777787
 30
0.0
 11
157.8212055555556
 21
98.95988055555551
 31
0.0
  0
LINE
  5
8B
330
17
100
AcDbEntity
  8
CUT
100
AcDbLine
 10
159.5985
 20
98.35627777777768
 30
0.0
 11
159.7815916666667
 21
98.14778611111103
 31
0.0
  0
LINE
  5
8C
330
17
100
AcDbEntity
  8
CUT
100
AcDbLine
 10
156.13774999999998
 20
97.66800833333332
 30
0.0
 11
156.26086944444438
 21
97.91706944444434
 31
0.0
  0
LINE
  5
8D
330
17
100
AcDbEntity
  8
CUT
100
AcDbLine
 10
159.15893888888888
 20
98.69353333333322
 30
0.0
 11
159.3900083333333
 21
98.53936944444433
 31
0.0
  0
LINE
  5
8E
330
17
100
AcDbEntity
  8
CUT
100
AcDbLine
 10
159.7815916666667
 20
98.14778611111103
 30
0.0
 11
159.9357555555555
 21
97.91706944444434
 31
0.0
  0
LINE
  5
8F
330
17
100
AcDbEntity
  8
CUT
100
AcDbLine
 10
159.3900083333333
 20
98.53936944444433
 30
0.0
 11
159.5985
 21
98.35627777777768
 31
0.0
  0
LINE
  5
90
330
17
100
AcDbEntity
  8
CUT
100
AcDbLine
 10
158.91023055555547
 20
98.81629999999996
 30
0.0
 11
159.15893888888888
 21
98.69353333333322
 31
0.0
  0
LINE
  5
91
330
17
100
AcDbEntity
  8
CUT
100
AcDbLine
 10
156.41503333333327
 20
98.14778611111103
 30
0.0
 11
156.5977722222222
 21
98.35627777777768
 31
0.0
  0
LINE
  5
92
330
17
100
AcDbEntity
  8
CUT
100
AcDbLine
 10
157.8212055555556
 20
98.95988055555551
 30
0.0
 11
158.0981361111111
 21
98.97787222222212
 31
0.0
  0
LINE
  5
93
330
17
100
AcDbEntity
  8
CUT
100
AcDbLine
 10
156.26086944444438
 20
97.91706944444434
 30
0.0
 11
156.41503333333327
 21
98.14778611111103
 31
0.0
  0
LINE
  5
94
330
17
100
AcDbEntity
  8
CUT
100
AcDbLine
 10
158.37506666666667
 20
98.95988055555551
 30
0.0
 11
158.64741111111107
 21
98.90555277777787
 31
0.0
  0
LINE
  5
95
330
17
100
AcDbEntity
  8
CUT
100
AcDbLine
 10
158.0981361111111
 20
98.97787222222212
 30
0.0
 11
158.37506666666667
 21
98.95988055555551
 31
0.0
  0
LINE
  5
96
330
17
100
AcDbEntity
  8
CUT
100
AcDbLine
 10
156.80661666666668
 20
98.53936944444433
 30
0.0
 11
157.03733333333327
 21
98.69353333333322
 31
0.0
  0
LINE
  5
97
330
17
100
AcDbEntity
  8
CUT
100
AcDbLine
 10
156.5977722222222
 20
98.35627777777768
 30
0.0
 11
156.80661666666668
 21
98.53936944444433
 31
0.0
  0
LINE
  5
98
330
17
100
AcDbEntity
  8
CUT
100
AcDbLine
 10
157.03733333333327
 20
98.69353333333322
 30
0.0
 11
157.28604166666656
 21
98.81629999999996
 31
0.0
  0
LINE
  5
99
330
17
100
AcDbEntity
  8
CUT
100
AcDbLine
 10
157.28604166666656
 20
98.81629999999996
 30
0.0
 11
157.54921388888886
 21
98.90555277777787
 31
0.0
  0
LINE
  5
9A
330
17
100
AcDbEntity
  8
CUT
100
AcDbLine
 10
160.05852222222217
 20
97.66800833333332
 30
0.0
 11
160.05852222222217
 21
97.4051888888888
 31
0.0
  0
LINE
  5
9B
330
17
100
AcDbEntity
  8
CUT
100
AcDbLine
 10
24.616902777777796
 20
48.253719444444414
 30
0.0
 11
23.24318611111096
 21
45.58636666666666
 31
0.0
  0
LINE
  5
9C
330
17
100
AcDbEntity
  8
CUT
100
AcDbLine
 10
23.24318611111096
 20
45.58636666666666
 30
0.0
 11
14.351422222222311
 21
50.16542222222222
 31
0.0
  0
LINE
  5
9D
330
17
100
AcDbEntity
  8
CUT
100
AcDbLine
 10
14.351422222222311
 20
50.16542222222222
 30
0.0
 11
15.725138888888807
 21
52.83312777777769
 31
0.0
  0
LINE
  5
9E
330
17
100
AcDbEntity
  8
CUT
100
AcDbLine
 10
15.725138888888807
 20
52.83312777777769
 30
0.0
 11
24.616902777777796
 21
48.253719444444414
 31
0.0
  0
LINE
  5
9F
330
17
100
AcDbEntity
  8
CUT
100
AcDbLine
 10
105.27954166666677
 20
48.01594722222217
 30
0.0
 11
96.38777777777767
 21
43.43689166666661
 31
0.0
  0
LINE
  5
A0
330
17
100
AcDbEntity
  8
CUT
100
AcDbLine
 10
96.38777777777767
 20
43.43689166666661
 30
0.0
 11
95.01406111111106
 21
46.10459722222208
 31
0.0
  0
LINE
  5
A1
330
17
100
AcDbEntity
  8
CUT
100
AcDbLine
 10
103.9058250000001
 20
50.68365277777775
 30
0.0
 11
105.27954166666677
 21
48.01594722222217
 31
0.0
  0
LINE
  5
A2
330
17
100
AcDbEntity
  8
CUT
100
AcDbLine
 10
95.01406111111106
 20
46.10459722222208
 30
0.0
 11
103.9058250000001
 21
50.68365277777775
 31
0.0
  0
LINE
  5
A3
330
17
100
AcDbEntity
  8
CUT
100
AcDbLine
 10
127.8929500000001
 20
117.93685555555567
 30
0.0
 11
130.89332500000006
 21
117.93685555555567
 31
0.0
  0
LINE
  5
A4
330
17
100
AcDbEntity
  8
CUT
100
AcDbLine
 10
130.89332500000006
 20
107.93489999999986
 30
0.0
 11
127.8929500000001
 21
107.93489999999986
 31
0.0
  0
LINE
  5
A5
330
17
100
AcDbEntity
  8
CUT
100
AcDbLine
 10
130.89332500000006
 20
117.93685555555567
 30
0.0
 11
130.89332500000006
 21
107.93489999999986
 31
0.0
  0
LINE
  5
A6
330
17
100
AcDbEntity
  8
CUT
100
AcDbLine
 10
127.8929500000001
 20
107.93489999999986
 30
0.0
 11
127.8929500000001
 21
117.93685555555567
 31
0.0
  0
LINE
  5
A7
330
17
100
AcDbEntity
  8
CUT
100
AcDbLine
 10
156.04849722222218
 20
96.30699166666659
 30
0.0
 11
156.04849722222218
 21
96.57898333333333
 31
0.0
  0
LINE
  5
A8
330
17
100
AcDbEntity
  8
CUT
100
AcDbLine
 10
156.04849722222218
 20
97.4051888888888
 30
0.0
 11
156.04849722222218
 21
97.66800833333332
 31
0.0
  0
LINE
  5
A9
330
17
100
AcDbEntity
  8
CUT
100
AcDbLine
 10
155.9945222222222
 20
97.1331972222223
 30
0.0
 11
155.9945222222222
 21
97.4051888888888
 31
0.0
  0
LINE
  5
AA
330
17
100
AcDbEntity
  8
CUT
100
AcDbLine
 10
155.9945222222222
 20
96.57898333333333
 30
0.0
 11
155.9945222222222
 21
96.85626666666667
 31
0.0
  0
LINE
  5
AB
330
17
100
AcDbEntity
  8
CUT
100
AcDbLine
 10
160.22009444444438
 20
96.85626666666667
 30
0.0
 11
160.22009444444438
 21
96.57898333333333
 31
0.0
  0
LINE
  5
AC
330
17
100
AcDbEntity
  8
CUT
100
AcDbLine
 10
160.20175000000006
 20
97.1331972222223
 30
0.0
 11
160.20175000000006
 21
96.85626666666667
 31
0.0
  0
LINE
  5
AD
330
17
100
AcDbEntity
  8
CUT
100
AcDbLine
 10
160.20175000000006
 20
96.57898333333333
 30
0.0
 11
160.20175000000006
 21
96.30699166666659
 31
0.0
  0
LINE
  5
AE
330
17
100
AcDbEntity
  8
CUT
100
AcDbLine
 10
160.1474222222222
 20
97.4051888888888
 30
0.0
 11
160.1474222222222
 21
97.1331972222223
 31
0.0
  0
LINE
  5
AF
330
17
100
AcDbEntity
  8
CUT
100
AcDbLine
 10
160.1474222222222
 20
96.30699166666659
 30
0.0
 11
160.1474222222222
 21
96.04417222222219
 31
0.0
  0
LINE
  5
B0
330
17
100
AcDbEntity
  8
CUT
100
AcDbLine
 10
155.97653055555548
 20
96.85626666666667
 30
0.0
 11
155.97653055555548
 21
97.1331972222223
 31
0.0
  0
LINE
  5
B1
330
17
100
AcDbEntity
  8
ENGRAVE
100
AcDbLine
 10
64.3901138152907
 20
76.85028318453158
 30
0.0
 11
64.3901138152907
 21
79.6502404599222
 31
0.0
  0
LINE
  5
B2
330
17
100
AcDbEntity
  8
ENGRAVE
100
AcDbLine
 10
64.3901138152907
 20
79.6502404599222
 30
0.0
 11
62.99013517759539
 21
80.35022977876986
 31
0.0
  0
LINE
  5
B3
330
17
100
AcDbEntity
  8
ENGRAVE
100
AcDbLine
 10
62.99013517759539
 20
80.35022977876986
 30
0.0
 11
58.790199264509454
 21
80.35022977876986
 31
0.0
  0
LINE
  5
B4
330
17
100
AcDbEntity
  8
ENGRAVE
100
AcDbLine
 10
58.790199264509454
 20
80.35022977876986
 30
0.0
 11
57.39022062681414
 21
79.6502404599222
 31
0.0
  0
LINE
  5
B5
330
17
100
AcDbEntity
  8
ENGRAVE
100
AcDbLine
 10
57.39022062681414
 20
79.6502404599222
 30
0.0
 11
57.39022062681414
 21
76.85028318453158
 31
0.0
  0
LINE
  5
B6
330
17
100
AcDbEntity
  8
ENGRAVE
100
AcDbLine
 10
57.39022062681414
 20
76.85028318453158
 30
0.0
 11
58.790199264509454
 21
76.15029386568392
 31
0.0
  0
LINE
  5
B7
330
17
100
AcDbEntity
  8
ENGRAVE
100
AcDbLine
 10
58.790199264509454
 20
76.15029386568392
 30
0.0
 11
62.99013517759539
 21
76.15029386568392
 31
0.0
  0
LINE
  5
B8
330
17
100
AcDbEntity
  8
ENGRAVE
100
AcDbLine
 10
62.99013517759539
 20
76.15029386568392
 30
0.0
 11
64.3901138152907
 21
76.85028318453158
 31
0.0
  0
LINE
  5
B9
330
17
100
AcDbEntity
  8
ENGRAVE
100
AcDbLine
 10
58.790199264509454
 20
81.75020841646517
 30
0.0
 11
57.39022062681414
 21
82.45019773531283
 31
0.0
  0
LINE
  5
BA
330
17
100
AcDbEntity
  8
ENGRAVE
100
AcDbLine
 10
57.39022062681414
 20
82.45019773531283
 30
0.0
 11
57.39022062681414
 21
85.25015501070345
 31
0.0
  0
LINE
  5
BB
330
17
100
AcDbEntity
  8
ENGRAVE
100
AcDbLine
 10
57.39022062681414
 20
85.25015501070345
 30
0.0
 11
58.790199264509454
 21
85.95014432955111
 31
0.0
  0
LINE
  5
BC
330
17
100
AcDbEntity
  8
ENGRAVE
100
AcDbLine
 10
58.790199264509454
 20
85.95014432955111
 30
0.0
 11
59.77018431089617
 21
85.95014432955111
 31
0.0
  0
LINE
  5
BD
330
17
100
AcDbEntity
  8
ENGRAVE
100
AcDbLine
 10
59.77018431089617
 20
85.95014432955111
 30
0.0
 11
64.3901138152907
 21
81.75020841646517
 31
0.0
  0
LINE
  5
BE
330
17
100
AcDbEntity
  8
ENGRAVE
100
AcDbLine
 10
64.3901138152907
 20
81.75020841646517
 30
0.0
 11
64.3901138152907
 21
85.95014432955111
 31
0.0
  0
LINE
  5
BF
330
17
100
AcDbEntity
  8
CUT
100
AcDbLine
 10
207.6715055555556
 20
13.666327777777724
 30
0.0
 11
216.39569999999998
 21
8.774358333333339
 31
0.0
  0
LINE
  5
C0
330
17
100
AcDbEntity
  8
CUT
100
AcDbLine
 10
267.8508083333333
 20
127.93881111111114
 30
0.0
 11
252.58258611111108
 21
127.93881111111114
 31
0.0
  0
LINE
  5
C1
330
17
100
AcDbEntity
  8
CUT
100
AcDbLine
 10
170.221675
 20
77.41644722222202
 30
0.0
 11
167.2209472222222
 21
77.41644722222202
 31
0.0
  0
LINE
  5
C2
330
17
100
AcDbEntity
  8
CUT
100
AcDbLine
 10
190.22523333333328
 20
130.9391861111111
 30
0.0
 11
180.2232777777778
 21
130.9391861111111
 31
0.0
  0
LINE
  5
C3
330
17
100
AcDbEntity
  8
CUT
100
AcDbLine
 10
178.94551666666672
 20
33.213391666666666
 30
0.0
 11
177.4783138888888
 21
30.596133333333455
 31
0.0
  0
LINE
  5
C4
330
17
100
AcDbEntity
  8
CUT
100
AcDbLine
 10
226.5870972222222
 20
6.5
 30
0.0
 11
235.4305305555556
 21
11.17289444444441
 31
0.0
  0
LINE
  5
C5
330
17
100
AcDbEntity
  8
CUT
100
AcDbLine
 10
167.2209472222222
 20
107.93489999999986
 30
0.0
 11
170.221675
 21
107.93489999999986
 31
0.0
  0
LINE
  5
C6
330
17
100
AcDbEntity
  8
CUT
100
AcDbLine
 10
170.221675
 20
117.93685555555567
 30
0.0
 11
167.2209472222222
 21
117.93685555555567
 31
0.0
  0
LINE
  5
C7
330
17
100
AcDbEntity
  8
CUT
100
AcDbLine
 10
167.2209472222222
 20
67.41449166666666
 30
0.0
 11
170.221675
 21
67.41449166666666
 31
0.0
  0
LINE
  5
C8
330
17
100
AcDbEntity
  8
CUT
100
AcDbLine
 10
235.4305305555556
 20
11.17289444444441
 30
0.0
 11
236.83246944444437
 21
8.520005555555485
 31
0.0
  0
LINE
  5
C9
330
17
100
AcDbEntity
  8
CUT
100
AcDbLine
 10
288.6138972222223
 20
93.57896111111108
 30
0.0
 11
324.9415416666666
 21
93.57896111111108
 31
0.0
  0
LINE
  5
CA
330
17
100
AcDbEntity
  8
CUT
100
AcDbLine
 10
245.67555
 20
13.192547222222174
 30
0.0
 11
244.2736111111111
 21
15.845436111111098
 31
0.0
  0
LINE
  5
CB
330
17
100
AcDbEntity
  8
CUT
100
AcDbLine
 10
209.13906111111112
 20
16.28358611111105
 30
0.0
 11
207.6715055555556
 21
13.666327777777724
 31
0.0
  0
LINE
  5
CC
330
17
100
AcDbEntity
  8
CUT
100
AcDbLine
 10
270.9273833333334
 20
29.92938333333325
 30
0.0
 11
272.35013611111117
 21
27.23698333333334
 31
0.0
  0
LINE
  5
CD
330
17
100
AcDbEntity
  8
CUT
100
AcDbLine
 10
291.61427222222227
 20
60.86446666666666
 30
0.0
 11
288.6138972222223
 21
60.86446666666666
 31
0.0
  0
LINE
  5
CE
330
17
100
AcDbEntity
  8
CUT
100
AcDbLine
 10
324.9415416666666
 20
103.58091666666667
 30
0.0
 11
321.9411666666666
 21
103.58091666666667
 31
0.0
  0
LINE
  5
CF
330
17
100
AcDbEntity
  8
CUT
100
AcDbLine
 10
186.20215555555552
 20
25.704516666666564
 30
0.0
 11
187.66971111111098
 21
28.321775000000002
 31
0.0
  0
LINE
  5
D0
330
17
100
AcDbEntity
  8
CUT
100
AcDbLine
 10
321.9411666666666
 20
117.93685555555567
 30
0.0
 11
324.9418944444444
 21
117.93685555555567
 31
0.0
  0
LINE
  5
D1
330
17
100
AcDbEntity
  8
CUT
100
AcDbLine
 10
304.9379833333334
 20
127.93881111111114
 30
0.0
 11
270.8511833333334
 21
127.93881111111114
 31
0.0
  0
LINE
  5
D2
330
17
100
AcDbEntity
  8
CUT
100
AcDbLine
 10
288.6138972222223
 20
50.862511111111075
 30
0.0
 11
291.61427222222227
 21
50.862511111111075
 31
0.0
  0
LINE
  5
D3
330
17
100
AcDbEntity
  8
CUT
100
AcDbLine
 10
324.9418944444444
 20
127.93881111111114
 30
0.0
 11
314.9399388888889
 21
127.93881111111114
 31
0.0
  0
LINE
  5
D4
330
17
100
AcDbEntity
  8
CUT
100
AcDbLine
 10
279.7708166666667
 20
34.60227777777777
 30
0.0
 11
288.6138972222223
 21
39.27517222222241
 31
0.0
  0
LINE
  5
D5
330
17
100
AcDbEntity
  8
CUT
100
AcDbLine
 10
217.86290277777778
 20
11.391616666666664
 30
0.0
 11
226.5870972222222
 21
6.5
 31
0.0
  0
LINE
  5
D6
330
17
100
AcDbEntity
  8
CUT
100
AcDbLine
 10
216.39569999999998
 20
8.774358333333339
 30
0.0
 11
217.86290277777778
 21
11.391616666666664
 31
0.0
  0
LINE
  5
D7
330
17
100
AcDbEntity
  8
CUT
100
AcDbLine
 10
270.8511833333334
 20
89.00237500000003
 30
0.0
 11
267.8508083333333
 21
89.00237500000003
 31
0.0
  0
LINE
  5
D8
330
17
100
AcDbEntity
  8
CUT
100
AcDbLine
 10
236.83246944444437
 20
8.520005555555485
 30
0.0
 11
245.67555
 21
13.192547222222174
 31
0.0
  0
LINE
  5
D9
330
17
100
AcDbEntity
  8
CUT
100
AcDbLine
 10
170.221675
 20
38.10500833333333
 30
0.0
 11
178.94551666666672
 21
33.213391666666666
 31
0.0
  0
LINE
  5
DA
330
17
100
AcDbEntity
  8
CUT
100
AcDbLine
 10
187.66971111111098
 20
28.321775000000002
 30
0.0
 11
209.13906111111112
 21
16.28358611111105
 31
0.0
  0
LINE
  5
DB
330
17
100
AcDbEntity
  8
CUT
100
AcDbLine
 10
242.58063055555562
 20
127.93881111111114
 30
0.0
 11
190.22523333333328
 21
127.93881111111114
 31
0.0
  0
LINE
  5
DC
330
17
100
AcDbEntity
  8
CUT
100
AcDbLine
 10
272.35013611111117
 20
27.23698333333334
 30
0.0
 11
281.1935694444444
 21
31.909524999999917
 31
0.0
  0
LINE
  5
DD
330
17
100
AcDbEntity
  8
CUT
100
AcDbLine
 10
281.1935694444444
 20
31.909524999999917
 30
0.0
 11
279.7708166666667
 21
34.60227777777777
 31
0.0
  0
LINE
  5
DE
330
17
100
AcDbEntity
  8
CUT
100
AcDbLine
 10
252.58258611111108
 20
130.9391861111111
 30
0.0
 11
242.58063055555562
 21
130.9391861111111
 31
0.0
  0
LINE
  5
DF
330
17
100
AcDbEntity
  8
CUT
100
AcDbLine
 10
314.9399388888889
 20
130.9391861111111
 30
0.0
 11
304.9379833333334
 21
130.9391861111111
 31
0.0
  0
LINE
  5
E0
330
17
100
AcDbEntity
  8
CUT
100
AcDbLine
 10
244.2736111111111
 20
15.845436111111098
 30
0.0
 11
270.9273833333334
 21
29.92938333333325
 31
0.0
  0
LINE
  5
E1
330
17
100
AcDbEntity
  8
CUT
100
AcDbLine
 10
177.4783138888888
 20
30.596133333333455
 30
0.0
 11
186.20215555555552
 21
25.704516666666564
 31
0.0
  0
LINE
  5
E2
330
17
100
AcDbEntity
  8
CUT
100
AcDbLine
 10
180.2232777777778
 20
127.93881111111114
 30
0.0
 11
170.221675
 21
127.93881111111114
 31
0.0
  0
LINE
  5
E3
330
17
100
AcDbEntity
  8
CUT
100
AcDbLine
 10
167.2209472222222
 20
77.41644722222202
 30
0.0
 11
167.2209472222222
 21
67.41449166666666
 31
0.0
  0
LINE
  5
E4
330
17
100
AcDbEntity
  8
CUT
100
AcDbLine
 10
167.2209472222222
 20
117.93685555555567
 30
0.0
 11
167.2209472222222
 21
107.93489999999986
 31
0.0
  0
LINE
  5
E5
330
17
100
AcDbEntity
  8
CUT
100
AcDbLine
 10
270.8511833333334
 20
127.93881111111114
 30
0.0
 11
270.8511833333334
 21
89.00237500000003
 31
0.0
  0
LINE
  5
E6
330
17
100
AcDbEntity
  8
CUT
100
AcDbLine
 10
291.61427222222227
 20
50.862511111111075
 30
0.0
 11
291.61427222222227
 21
60.86446666666666
 31
0.0
  0
LINE
  5
E7
330
17
100
AcDbEntity
  8
CUT
100
AcDbLine
 10
170.221675
 20
67.41449166666666
 30
0.0
 11
170.221675
 21
38.10500833333333
 31
0.0
  0
LINE
  5
E8
330
17
100
AcDbEntity
  8
CUT
100
AcDbLine
 10
170.221675
 20
127.93881111111114
 30
0.0
 11
170.221675
 21
117.93685555555567
 31
0.0
  0
LINE
  5
E9
330
17
100
AcDbEntity
  8
CUT
100
AcDbLine
 10
170.221675
 20
107.93489999999986
 30
0.0
 11
170.221675
 21
77.41644722222202
 31
0.0
  0
LINE
  5
EA
330
17
100
AcDbEntity
  8
CUT
100
AcDbLine
 10
267.8508083333333
 20
89.00237500000003
 30
0.0
 11
267.8508083333333
 21
127.93881111111114
 31
0.0
  0
LINE
  5
EB
330
17
100
AcDbEntity
  8
CUT
100
AcDbLine
 10
288.6138972222223
 20
39.27517222222241
 30
0.0
 11
288.6138972222223
 21
50.862511111111075
 31
0.0
  0
LINE
  5
EC
330
17
100
AcDbEntity
  8
CUT
100
AcDbLine
 10
288.6138972222223
 20
60.86446666666666
 30
0.0
 11
288.6138972222223
 21
93.57896111111108
 31
0.0
  0
LINE
  5
ED
330
17
100
AcDbEntity
  8
CUT
100
AcDbLine
 10
242.58063055555562
 20
130.9391861111111
 30
0.0
 11
242.58063055555562
 21
127.93881111111114
 31
0.0
  0
LINE
  5
EE
330
17
100
AcDbEntity
  8
CUT
100
AcDbLine
 10
252.58258611111108
 20
127.93881111111114
 30
0.0
 11
252.58258611111108
 21
130.9391861111111
 31
0.0
  0
LINE
  5
EF
330
17
100
AcDbEntity
  8
CUT
100
AcDbLine
 10
314.9399388888889
 20
127.93881111111114
 30
0.0
 11
314.9399388888889
 21
130.9391861111111
 31
0.0
  0
LINE
  5
F0
330
17
100
AcDbEntity
  8
CUT
100
AcDbLine
 10
324.9418944444444
 20
117.93685555555567
 30
0.0
 11
324.9418944444444
 21
127.93881111111114
 31
0.0
  0
LINE
  5
F1
330
17
100
AcDbEntity
  8
CUT
100
AcDbLine
 10
180.2232777777778
 20
130.9391861111111
 30
0.0
 11
180.2232777777778
 21
127.93881111111114
 31
0.0
  0
LINE
  5
F2
330
17
100
AcDbEntity
  8
CUT
100
AcDbLine
 10
324.9415416666666
 20
93.57896111111108
 30
0.0
 11
324.9415416666666
 21
103.58091666666667
 31
0.0
  0
LINE
  5
F3
330
17
100
AcDbEntity
  8
CUT
100
AcDbLine
 10
321.9411666666666
 20
103.58091666666667
 30
0.0
 11
321.9411666666666
 21
117.93685555555567
 31
0.0
  0
LINE
  5
F4
330
17
100
AcDbEntity
  8
CUT
100
AcDbLine
 10
304.9379833333334
 20
130.9391861111111
 30
0.0
 11
304.9379833333334
 21
127.93881111111114
 31
0.0
  0
LINE
  5
F5
330
17
100
AcDbEntity
  8
CUT
100
AcDbLine
 10
190.22523333333328
 20
127.93881111111114
 30
0.0
 11
190.22523333333328
 21
130.9391861111111
 31
0.0
  0
LINE
  5
F6
330
17
100
AcDbEntity
  8
CUT
100
AcDbLine
 10
240.40751944444452
 20
38.210841666666624
 30
0.0
 11
241.78123611111107
 21
35.54313611111104
 31
0.0
  0
LINE
  5
F7
330
17
100
AcDbEntity
  8
CUT
100
AcDbLine
 10
231.5154027777778
 20
33.63143333333335
 30
0.0
 11
240.40751944444452
 21
38.210841666666624
 31
0.0
  0
LINE
  5
F8
330
17
100
AcDbEntity
  8
CUT
100
AcDbLine
 10
232.88911944444447
 20
30.964080555555483
 30
0.0
 11
231.5154027777778
 21
33.63143333333335
 31
0.0
  0
LINE
  5
F9
330
17
100
AcDbEntity
  8
CUT
100
AcDbLine
 10
241.78123611111107
 20
35.54313611111104
 30
0.0
 11
232.88911944444447
 21
30.964080555555483
 31
0.0
  0
LINE
  5
FA
330
17
100
AcDbEntity
  8
CUT
100
AcDbLine
 10
320.5025388888889
 20
95.56439444444436
 30
0.0
 11
320.3194472222222
 21
95.35590277777783
 31
0.0
  0
LINE
  5
FB
330
17
100
AcDbEntity
  8
CUT
100
AcDbLine
 10
320.7794694444444
 20
96.04417222222219
 30
0.0
 11
320.6567027777777
 21
95.79511111111105
 31
0.0
  0
LINE
  5
FC
330
17
100
AcDbEntity
  8
CUT
100
AcDbLine
 10
320.3194472222222
 20
95.35590277777783
 30
0.0
 11
320.1109555555555
 21
95.17281111111106
 31
0.0
  0
LINE
  5
FD
330
17
100
AcDbEntity
  8
CUT
100
AcDbLine
 10
317.7582805555555
 20
95.01864722222217
 30
0.0
 11
317.5275638888889
 21
95.17281111111106
 31
0.0
  0
LINE
  5
FE
330
17
100
AcDbEntity
  8
CUT
100
AcDbLine
 10
320.1109555555555
 20
95.17281111111106
 30
0.0
 11
319.8798861111111
 21
95.01864722222217
 31
0.0
  0
LINE
  5
FF
330
17
100
AcDbEntity
  8
CUT
100
AcDbLine
 10
318.00698888888877
 20
94.89588055555566
 30
0.0
 11
317.7582805555555
 21
95.01864722222217
 31
0.0
  0
LINE
  5
100
330
17
100
AcDbEntity
  8
CUT
100
AcDbLine
 10
320.6567027777777
 20
95.79511111111105
 30
0.0
 11
320.5025388888889
 21
95.56439444444436
 31
0.0
  0
LINE
  5
101
330
17
100
AcDbEntity
  8
CUT
100
AcDbLine
 10
317.1359805555555
 20
95.56439444444436
 30
0.0
 11
316.9818166666666
 21
95.79511111111105
 31
0.0
  0
LINE
  5
102
330
17
100
AcDbEntity
  8
CUT
100
AcDbLine
 10
317.5275638888889
 20
95.17281111111106
 30
0.0
 11
317.3187194444444
 21
95.35590277777783
 31
0.0
  0
LINE
  5
103
330
17
100
AcDbEntity
  8
CUT
100
AcDbLine
 10
316.9818166666666
 20
95.79511111111105
 30
0.0
 11
316.8586972222222
 21
96.04417222222219
 31
0.0
  0
LINE
  5
104
330
17
100
AcDbEntity
  8
CUT
100
AcDbLine
 10
317.3187194444444
 20
95.35590277777783
 30
0.0
 11
317.1359805555555
 21
95.56439444444436
 31
0.0
  0
LINE
  5
105
330
17
100
AcDbEntity
  8
CUT
100
AcDbLine
 10
318.8190833333333
 20
94.73430833333327
 30
0.0
 11
318.5421527777778
 21
94.75265277777771
 31
0.0
  0
LINE
  5
106
330
17
100
AcDbEntity
  8
CUT
100
AcDbLine
 10
318.27016111111107
 20
94.80662777777775
 30
0.0
 11
318.00698888888877
 21
94.89588055555566
 31
0.0
  0
LINE
  5
107
330
17
100
AcDbEntity
  8
CUT
100
AcDbLine
 10
318.5421527777778
 20
94.75265277777771
 30
0.0
 11
318.27016111111107
 21
94.80662777777775
 31
0.0
  0
LINE
  5
108
330
17
100
AcDbEntity
  8
CUT
100
AcDbLine
 10
319.0960138888889
 20
94.75265277777771
 30
0.0
 11
318.8190833333333
 21
94.73430833333327
 31
0.0
  0
LINE
  5
109
330
17
100
AcDbEntity
  8
CUT
100
AcDbLine
 10
319.8798861111111
 20
95.01864722222217
 30
0.0
 11
319.6311777777777
 21
94.89588055555566
 31
0.0
  0
LINE
  5
10A
330
17
100
AcDbEntity
  8
CUT
100
AcDbLine
 10
319.6311777777777
 20
94.89588055555566
 30
0.0
 11
319.3683583333333
 21
94.80662777777775
 31
0.0
  0
LINE
  5
10B
330
17
100
AcDbEntity
  8
CUT
100
AcDbLine
 10
319.3683583333333
 20
94.80662777777775
 30
0.0
 11
319.0960138888889
 21
94.75265277777771
 31
0.0
  0
LINE
  5
10C
330
17
100
AcDbEntity
  8
CUT
100
AcDbLine
 10
316.8586972222222
 20
96.04417222222219
 30
0.0
 11
316.8586972222222
 21
96.30699166666659
 31
0.0
  0
LINE
  5
10D
330
17
100
AcDbEntity
  8
CUT
100
AcDbLine
 10
213.7311694444445
 20
33.63143333333335
 30
0.0
 11
212.35745277777778
 21
30.964080555555483
 31
0.0
  0
LINE
  5
10E
330
17
100
AcDbEntity
  8
CUT
100
AcDbLine
 10
204.8390527777778
 20
38.210841666666624
 30
0.0
 11
213.7311694444445
 21
33.63143333333335
 31
0.0
  0
LINE
  5
10F
330
17
100
AcDbEntity
  8
CUT
100
AcDbLine
 10
203.46533611111107
 20
35.54313611111104
 30
0.0
 11
204.8390527777778
 21
38.210841666666624
 31
0.0
  0
LINE
  5
110
330
17
100
AcDbEntity
  8
CUT
100
AcDbLine
 10
212.35745277777778
 20
30.964080555555483
 30
0.0
 11
203.46533611111107
 21
35.54313611111104
 31
0.0
  0
LINE
  5
111
330
17
100
AcDbEntity
  8
CUT
100
AcDbLine
 10
319.3683583333333
 20
98.90555277777787
 30
0.0
 11
319.6311777777777
 21
98.81629999999996
 31
0.0
  0
LINE
  5
112
330
17
100
AcDbEntity
  8
CUT
100
AcDbLine
 10
320.6567027777777
 20
97.91706944444434
 30
0.0
 11
320.7794694444444
 21
97.66800833333332
 31
0.0
  0
LINE
  5
113
330
17
100
AcDbEntity
  8
CUT
100
AcDbLine
 10
318.27016111111107
 20
98.90555277777787
 30
0.0
 11
318.5421527777778
 21
98.95988055555551
 31
0.0
  0
LINE
  5
114
330
17
100
AcDbEntity
  8
CUT
100
AcDbLine
 10
320.3194472222222
 20
98.35627777777768
 30
0.0
 11
320.5025388888889
 21
98.14778611111103
 31
0.0
  0
LINE
  5
115
330
17
100
AcDbEntity
  8
CUT
100
AcDbLine
 10
316.8586972222222
 20
97.66800833333332
 30
0.0
 11
316.9818166666666
 21
97.91706944444434
 31
0.0
  0
LINE
  5
116
330
17
100
AcDbEntity
  8
CUT
100
AcDbLine
 10
319.8798861111111
 20
98.69353333333322
 30
0.0
 11
320.1109555555555
 21
98.53936944444433
 31
0.0
  0
LINE
  5
117
330
17
100
AcDbEntity
  8
CUT
100
AcDbLine
 10
320.5025388888889
 20
98.14778611111103
 30
0.0
 11
320.6567027777777
 21
97.91706944444434
 31
0.0
  0
LINE
  5
118
330
17
100
AcDbEntity
  8
CUT
100
AcDbLine
 10
320.1109555555555
 20
98.53936944444433
 30
0.0
 11
320.3194472222222
 21
98.35627777777768
 31
0.0
  0
LINE
  5
119
330
17
100
AcDbEntity
  8
CUT
100
AcDbLine
 10
319.6311777777777
 20
98.81629999999996
 30
0.0
 11
319.8798861111111
 21
98.69353333333322
 31
0.0
  0
LINE
  5
11A
330
17
100
AcDbEntity
  8
CUT
100
AcDbLine
 10
317.1359805555555
 20
98.14778611111103
 30
0.0
 11
317.3187194444444
 21
98.35627777777768
 31
0.0
  0
LINE
  5
11B
330
17
100
AcDbEntity
  8
CUT
100
AcDbLine
 10
318.5421527777778
 20
98.95988055555551
 30
0.0
 11
318.8190833333333
 21
98.97787222222212
 31
0.0
  0
LINE
  5
11C
330
17
100
AcDbEntity
  8
CUT
100
AcDbLine
 10
316.9818166666666
 20
97.91706944444434
 30
0.0
 11
317.1359805555555
 21
98.14778611111103
 31
0.0
  0
LINE
  5
11D
330
17
100
AcDbEntity
  8
CUT
100
AcDbLine
 10
319.0960138888889
 20
98.95988055555551
 30
0.0
 11
319.3683583333333
 21
98.90555277777787
 31
0.0
  0
LINE
  5
11E
330
17
100
AcDbEntity
  8
CUT
100
AcDbLine
 10
318.8190833333333
 20
98.97787222222212
 30
0.0
 11
319.0960138888889
 21
98.95988055555551
 31
0.0
  0
LINE
  5
11F
330
17
100
AcDbEntity
  8
CUT
100
AcDbLine
 10
317.5275638888889
 20
98.53936944444433
 30
0.0
 11
317.7582805555555
 21
98.69353333333322
 31
0.0
  0
LINE
  5
120
330
17
100
AcDbEntity
  8
CUT
100
AcDbLine
 10
317.3187194444444
 20
98.35627777777768
 30
0.0
 11
317.5275638888889
 21
98.53936944444433
 31
0.0
  0
LINE
  5
121
330
17
100
AcDbEntity
  8
CUT
100
AcDbLine
 10
317.7582805555555
 20
98.69353333333322
 30
0.0
 11
318.00698888888877
 21
98.81629999999996
 31
0.0
  0
LINE
  5
122
330
17
100
AcDbEntity
  8
CUT
100
AcDbLine
 10
318.00698888888877
 20
98.81629999999996
 30
0.0
 11
318.27016111111107
 21
98.90555277777787
 31
0.0
  0
LINE
  5
123
330
17
100
AcDbEntity
  8
CUT
100
AcDbLine
 10
320.7794694444444
 20
97.66800833333332
 30
0.0
 11
320.7794694444444
 21
97.4051888888888
 31
0.0
  0
LINE
  5
124
330
17
100
AcDbEntity
  8
CUT
100
AcDbLine
 10
185.33785
 20
48.253719444444414
 30
0.0
 11
183.96413333333317
 21
45.58636666666666
 31
0.0
  0
LINE
  5
125
330
17
100
AcDbEntity
  8
CUT
100
AcDbLine
 10
183.96413333333317
 20
45.58636666666666
 30
0.0
 11
175.07236944444452
 21
50.16542222222222
 31
0.0
  0
LINE
  5
126
330
17
100
AcDbEntity
  8
CUT
100
AcDbLine
 10
175.07236944444452
 20
50.16542222222222
 30
0.0
 11
176.44608611111101
 21
52.83312777777769
 31
0.0
  0
LINE
  5
127
330
17
100
AcDbEntity
  8
CUT
100
AcDbLine
 10
176.44608611111101
 20
52.83312777777769
 30
0.0
 11
185.33785
 21
48.253719444444414
 31
0.0
  0
LINE
  5
128
330
17
100
AcDbEntity
  8
CUT
100
AcDbLine
 10
266.000488888889
 20
48.01594722222217
 30
0.0
 11
257.1087249999999
 21
43.43689166666661
 31
0.0
  0
LINE
  5
129
330
17
100
AcDbEntity
  8
CUT
100
AcDbLine
 10
257.1087249999999
 20
43.43689166666661
 30
0.0
 11
255.73500833333327
 21
46.10459722222208
 31
0.0
  0
LINE
  5
12A
330
17
100
AcDbEntity
  8
CUT
100
AcDbLine
 10
264.6267722222223
 20
50.68365277777775
 30
0.0
 11
266.000488888889
 21
48.01594722222217
 31
0.0
  0
LINE
  5
12B
330
17
100
AcDbEntity
  8
CUT
100
AcDbLine
 10
255.73500833333327
 20
46.10459722222208
 30
0.0
 11
264.6267722222223
 21
50.68365277777775
 31
0.0
  0
LINE
  5
12C
330
17
100
AcDbEntity
  8
CUT
100
AcDbLine
 10
288.6138972222223
 20
117.93685555555567
 30
0.0
 11
291.61427222222227
 21
117.93685555555567
 31
0.0
  0
LINE
  5
12D
330
17
100
AcDbEntity
  8
CUT
100
AcDbLine
 10
291.61427222222227
 20
107.93489999999986
 30
0.0
 11
288.6138972222223
 21
107.93489999999986
 31
0.0
  0
LINE
  5
12E
330
17
100
AcDbEntity
  8
CUT
100
AcDbLine
 10
291.61427222222227
 20
117.93685555555567
 30
0.0
 11
291.61427222222227
 21
107.93489999999986
 31
0.0
  0
LINE
  5
12F
330
17
100
AcDbEntity
  8
CUT
100
AcDbLine
 10
288.6138972222223
 20
107.93489999999986
 30
0.0
 11
288.6138972222223
 21
117.93685555555567
 31
0.0
  0
LINE
  5
130
330
17
100
AcDbEntity
  8
CUT
100
AcDbLine
 10
316.7694444444444
 20
96.30699166666659
 30
0.0
 11
316.7694444444444
 21
96.57898333333333
 31
0.0
  0
LINE
  5
131
330
17
100
AcDbEntity
  8
CUT
100
AcDbLine
 10
316.7694444444444
 20
97.4051888888888
 30
0.0
 11
316.7694444444444
 21
97.66800833333332
 31
0.0
  0
LINE
  5
132
330
17
100
AcDbEntity
  8
CUT
100
AcDbLine
 10
316.7154694444444
 20
97.1331972222223
 30
0.0
 11
316.7154694444444
 21
97.4051888888888
 31
0.0
  0
LINE
  5
133
330
17
100
AcDbEntity
  8
CUT
100
AcDbLine
 10
316.7154694444444
 20
96.57898333333333
 30
0.0
 11
316.7154694444444
 21
96.85626666666667
 31
0.0
  0
LINE
  5
134
330
17
100
AcDbEntity
  8
CUT
100
AcDbLine
 10
320.9410416666666
 20
96.85626666666667
 30
0.0
 11
320.9410416666666
 21
96.57898333333333
 31
0.0
  0
LINE
  5
135
330
17
100
AcDbEntity
  8
CUT
100
AcDbLine
 10
320.92269722222227
 20
97.1331972222223
 30
0.0
 11
320.92269722222227
 21
96.85626666666667
 31
0.0
  0
LINE
  5
136
330
17
100
AcDbEntity
  8
CUT
100
AcDbLine
 10
320.92269722222227
 20
96.57898333333333
 30
0.0
 11
320.92269722222227
 21
96.30699166666659
 31
0.0
  0
LINE
  5
137
330
17
100
AcDbEntity
  8
CUT
100
AcDbLine
 10
320.8683694444444
 20
97.4051888888888
 30
0.0
 11
320.8683694444444
 21
97.1331972222223
 31
0.0
  0
LINE
  5
138
330
17
100
AcDbEntity
  8
CUT
100
AcDbLine
 10
320.8683694444444
 20
96.30699166666659
 30
0.0
 11
320.8683694444444
 21
96.04417222222219
 31
0.0
  0
LINE
  5
139
330
17
100
AcDbEntity
  8
CUT
100
AcDbLine
 10
316.6974777777777
 20
96.85626666666667
 30
0.0
 11
316.6974777777777
 21
97.1331972222223
 31
0.0
  0
LINE
  5
13A
330
17
100
AcDbEntity
  8
ENGRAVE
100
AcDbLine
 10
225.1110610375129
 20
76.85028318453158
 30
0.0
 11
225.1110610375129
 21
79.6502404599222
 31
0.0
  0
LINE
  5
13B
330
17
100
AcDbEntity
  8
ENGRAVE
100
AcDbLine
 10
225.1110610375129
 20
79.6502404599222
 30
0.0
 11
223.7110823998176
 21
80.35022977876986
 31
0.0
  0
LINE
  5
13C
330
17
100
AcDbEntity
  8
ENGRAVE
100
AcDbLine
 10
223.7110823998176
 20
80.35022977876986
 30
0.0
 11
219.51114648673166
 21
80.35022977876986
 31
0.0
  0
LINE
  5
13D
330
17
100
AcDbEntity
  8
ENGRAVE
100
AcDbLine
 10
219.51114648673166
 20
80.35022977876986
 30
0.0
 11
218.11116784903635
 21
79.6502404599222
 31
0.0
  0
LINE
  5
13E
330
17
100
AcDbEntity
  8
ENGRAVE
100
AcDbLine
 10
218.11116784903635
 20
79.6502404599222
 30
0.0
 11
218.11116784903635
 21
76.85028318453158
 31
0.0
  0
LINE
  5
13F
330
17
100
AcDbEntity
  8
ENGRAVE
100
AcDbLine
 10
218.11116784903635
 20
76.85028318453158
 30
0.0
 11
219.51114648673166
 21
76.15029386568392
 31
0.0
  0
LINE
  5
140
330
17
100
AcDbEntity
  8
ENGRAVE
100
AcDbLine
 10
219.51114648673166
 20
76.15029386568392
 30
0.0
 11
223.7110823998176
 21
76.15029386568392
 31
0.0
  0
LINE
  5
141
330
17
100
AcDbEntity
  8
ENGRAVE
100
AcDbLine
 10
223.7110823998176
 20
76.15029386568392
 30
0.0
 11
225.1110610375129
 21
76.85028318453158
 31
0.0
  0
LINE
  5
142
330
17
100
AcDbEntity
  8
ENGRAVE
100
AcDbLine
 10
219.51114648673166
 20
81.75020841646517
 30
0.0
 11
218.11116784903635
 21
82.45019773531283
 31
0.0
  0
LINE
  5
143
330
17
100
AcDbEntity
  8
ENGRAVE
100
AcDbLine
 10
218.11116784903635
 20
82.45019773531283
 30
0.0
 11
218.11116784903635
 21
85.25015501070345
 31
0.0
  0
LINE
  5
144
330
17
100
AcDbEntity
  8
ENGRAVE
100
AcDbLine
 10
218.11116784903635
 20
85.25015501070345
 30
0.0
 11
219.51114648673166
 21
85.95014432955111
 31
0.0
  0
LINE
  5
145
330
17
100
AcDbEntity
  8
ENGRAVE
100
AcDbLine
 10
219.51114648673166
 20
85.95014432955111
 30
0.0
 11
220.4911315331184
 21
85.95014432955111
 31
0.0
  0
LINE
  5
146
330
17
100
AcDbEntity
  8
ENGRAVE
100
AcDbLine
 10
220.4911315331184
 20
85.95014432955111
 30
0.0
 11
225.1110610375129
 21
81.75020841646517
 31
0.0
  0
LINE
  5
147
330
17
100
AcDbEntity
  8
ENGRAVE
100
AcDbLine
 10
225.1110610375129
 20
81.75020841646517
 30
0.0
 11
225.1110610375129
 21
85.95014432955111
 31
0.0
  0
LINE
  5
148
330
17
100
AcDbEntity
  8
CUT
100
AcDbLine
 10
368.3924527777778
 20
13.666327777777724
 30
0.0
 11
377.1166472222222
 21
8.774358333333339
 31
0.0
  0
LINE
  5
149
330
17
100
AcDbEntity
  8
CUT
100
AcDbLine
 10
428.5717555555555
 20
127.93881111111114
 30
0.0
 11
413.3035333333333
 21
127.93881111111114
 31
0.0
  0
LINE
  5
14A
330
17
100
AcDbEntity
  8
CUT
100
AcDbLine
 10
330.9426222222222
 20
77.41644722222202
 30
0.0
 11
327.9418944444444
 21
77.41644722222202
 31
0.0
  0
LINE
  5
14B
330
17
100
AcDbEntity
  8
CUT
100
AcDbLine
 10
350.9461805555555
 20
130.9391861111111
 30
0.0
 11
340.944225
 21
130.9391861111111
 31
0.0
  0
LINE
  5
14C
330
17
100
AcDbEntity
  8
CUT
100
AcDbLine
 10
339.6664638888889
 20
33.213391666666666
 30
0.0
 11
338.199261111111
 21
30.596133333333455
 31
0.0
  0
LINE
  5
14D
330
17
100
AcDbEntity
  8
CUT
100
AcDbLine
 10
387.3080444444444
 20
6.5
 30
0.0
 11
396.1514777777778
 21
11.17289444444441
 31
0.0
  0
LINE
  5
14E
330
17
100
AcDbEntity
  8
CUT
100
AcDbLine
 10
327.9418944444444
 20
107.93489999999986
 30
0.0
 11
330.9426222222222
 21
107.93489999999986
 31
0.0
  0
LINE
  5
14F
330
17
100
AcDbEntity
  8
CUT
100
AcDbLine
 10
330.9426222222222
 20
117.93685555555567
 30
0.0
 11
327.9418944444444
 21
117.93685555555567
 31
0.0
  0
LINE
  5
150
330
17
100
AcDbEntity
  8
CUT
100
AcDbLine
 10
327.9418944444444
 20
67.41449166666666
 30
0.0
 11
330.9426222222222
 21
67.41449166666666
 31
0.0
  0
LINE
  5
151
330
17
100
AcDbEntity
  8
CUT
100
AcDbLine
 10
396.1514777777778
 20
11.17289444444441
 30
0.0
 11
397.5534166666666
 21
8.520005555555485
 31
0.0
  0
LINE
  5
152
330
17
100
AcDbEntity
  8
CUT
100
AcDbLine
 10
449.3348444444445
 20
93.57896111111108
 30
0.0
 11
485.6624888888888
 21
93.57896111111108
 31
0.0
  0
LINE
  5
153
330
17
100
AcDbEntity
  8
CUT
100
AcDbLine
 10
406.3964972222222
 20
13.192547222222174
 30
0.0
 11
404.9945583333333
 21
15.845436111111098
 31
0.0
  0
LINE
  5
154
330
17
100
AcDbEntity
  8
CUT
100
AcDbLine
 10
369.8600083333333
 20
16.28358611111105
 30
0.0
 11
368.3924527777778
 21
13.666327777777724
 31
0.0
  0
LINE
  5
155
330
17
100
AcDbEntity
  8
CUT
100
AcDbLine
 10
431.6483305555556
 20
29.92938333333325
 30
0.0
 11
433.0710833333334
 21
27.23698333333334
 31
0.0
  0
LINE
  5
156
330
17
100
AcDbEntity
  8
CUT
100
AcDbLine
 10
452.3352194444445
 20
60.86446666666666
 30
0.0
 11
449.3348444444445
 21
60.86446666666666
 31
0.0
  0
LINE
  5
157
330
17
100
AcDbEntity
  8
CUT
100
AcDbLine
 10
485.6624888888888
 20
103.58091666666667
 30
0.0
 11
482.6621138888888
 21
103.58091666666667
 31
0.0
  0
LINE
  5
158
330
17
100
AcDbEntity
  8
CUT
100
AcDbLine
 10
346.92310277777773
 20
25.704516666666564
 30
0.0
 11
348.3906583333332
 21
28.321775000000002
 31
0.0
  0
LINE
  5
159
330
17
100
AcDbEntity
  8
CUT
100
AcDbLine
 10
482.6621138888888
 20
117.93685555555567
 30
0.0
 11
485.6628416666666
 21
117.93685555555567
 31
0.0
  0
LINE
  5
15A
330
17
100
AcDbEntity
  8
CUT
100
AcDbLine
 10
465.6589305555556
 20
127.93881111111114
 30
0.0
 11
431.5721305555556
 21
127.93881111111114
 31
0.0
  0
LINE
  5
15B
330
17
100
AcDbEntity
  8
CUT
100
AcDbLine
 10
449.3348444444445
 20
50.862511111111075
 30
0.0
 11
452.3352194444445
 21
50.862511111111075
 31
0.0
  0
LINE
  5
15C
330
17
100
AcDbEntity
  8
CUT
100
AcDbLine
 10
485.6628416666666
 20
127.93881111111114
 30
0.0
 11
475.6608861111111
 21
127.93881111111114
 31
0.0
  0
LINE
  5
15D
330
17
100
AcDbEntity
  8
CUT
100
AcDbLine
 10
440.4917638888889
 20
34.60227777777777
 30
0.0
 11
449.3348444444445
 21
39.27517222222241
 31
0.0
  0
LINE
  5
15E
330
17
100
AcDbEntity
  8
CUT
100
AcDbLine
 10
378.58385
 20
11.391616666666664
 30
0.0
 11
387.3080444444444
 21
6.5
 31
0.0
  0
LINE
  5
15F
330
17
100
AcDbEntity
  8
CUT
100
AcDbLine
 10
377.1166472222222
 20
8.774358333333339
 30
0.0
 11
378.58385
 21
11.391616666666664
 31
0.0
  0
LINE
  5
160
330
17
100
AcDbEntity
  8
CUT
100
AcDbLine
 10
431.5721305555556
 20
89.00237500000003
 30
0.0
 11
428.5717555555555
 21
89.00237500000003
 31
0.0
  0
LINE
  5
161
330
17
100
AcDbEntity
  8
CUT
100
AcDbLine
 10
397.5534166666666
 20
8.520005555555485
 30
0.0
 11
406.3964972222222
 21
13.192547222222174
 31
0.0
  0
LINE
  5
162
330
17
100
AcDbEntity
  8
CUT
100
AcDbLine
 10
330.9426222222222
 20
38.10500833333333
 30
0.0
 11
339.6664638888889
 21
33.213391666666666
 31
0.0
  0
LINE
  5
163
330
17
100
AcDbEntity
  8
CUT
100
AcDbLine
 10
348.3906583333332
 20
28.321775000000002
 30
0.0
 11
369.8600083333333
 21
16.28358611111105
 31
0.0
  0
LINE
  5
164
330
17
100
AcDbEntity
  8
CUT
100
AcDbLine
 10
403.3015777777778
 20
127.93881111111114
 30
0.0
 11
350.9461805555555
 21
127.93881111111114
 31
0.0
  0
LINE
  5
165
330
17
100
AcDbEntity
  8
CUT
100
AcDbLine
 10
433.0710833333334
 20
27.23698333333334
 30
0.0
 11
441.9145166666666
 21
31.909524999999917
 31
0.0
  0
LINE
  5
166
330
17
100
AcDbEntity
  8
CUT
100
AcDbLine
 10
441.9145166666666
 20
31.909524999999917
 30
0.0
 11
440.4917638888889
 21
34.60227777777777
 31
0.0
  0
LINE
  5
167
330
17
100
AcDbEntity
  8
CUT
100
AcDbLine
 10
413.3035333333333
 20
130.9391861111111
 30
0.0
 11
403.3015777777778
 21
130.9391861111111
 31
0.0
  0
LINE
  5
168
330
17
100
AcDbEntity
  8
CUT
100
AcDbLine
 10
475.6608861111111
 20
130.9391861111111
 30
0.0
 11
465.6589305555556
 21
130.9391861111111
 31
0.0
  0
LINE
  5
169
330
17
100
AcDbEntity
  8
CUT
100
AcDbLine
 10
404.9945583333333
 20
15.845436111111098
 30
0.0
 11
431.6483305555556
 21
29.92938333333325
 31
0.0
  0
LINE
  5
16A
330
17
100
AcDbEntity
  8
CUT
100
AcDbLine
 10
338.199261111111
 20
30.596133333333455
 30
0.0
 11
346.92310277777773
 21
25.704516666666564
 31
0.0
  0
LINE
  5
16B
330
17
100
AcDbEntity
  8
CUT
100
AcDbLine
 10
340.944225
 20
127.93881111111114
 30
0.0
 11
330.9426222222222
 21
127.93881111111114
 31
0.0
  0
LINE
  5
16C
330
17
100
AcDbEntity
  8
CUT
100
AcDbLine
 10
327.9418944444444
 20
77.41644722222202
 30
0.0
 11
327.9418944444444
 21
67.41449166666666
 31
0.0
  0
LINE
  5
16D
330
17
100
AcDbEntity
  8
CUT
100
AcDbLine
 10
327.9418944444444
 20
117.93685555555567
 30
0.0
 11
327.9418944444444
 21
107.93489999999986
 31
0.0
  0
LINE
  5
16E
330
17
100
AcDbEntity
  8
CUT
100
AcDbLine
 10
431.5721305555556
 20
127.93881111111114
 30
0.0
 11
431.5721305555556
 21
89.00237500000003
 31
0.0
  0
LINE
  5
16F
330
17
100
AcDbEntity
  8
CUT
100
AcDbLine
 10
452.3352194444445
 20
50.862511111111075
 30
0.0
 11
452.3352194444445
 21
60.86446666666666
 31
0.0
  0
LINE
  5
170
330
17
100
AcDbEntity
  8
CUT
100
AcDbLine
 10
330.9426222222222
 20
67.41449166666666
 30
0.0
 11
330.9426222222222
 21
38.10500833333333
 31
0.0
  0
LINE
  5
171
330
17
100
AcDbEntity
  8
CUT
100
AcDbLine
 10
330.9426222222222
 20
127.93881111111114
 30
0.0
 11
330.9426222222222
 21
117.93685555555567
 31
0.0
  0
LINE
  5
172
330
17
100
AcDbEntity
  8
CUT
100
AcDbLine
 10
330.9426222222222
 20
107.93489999999986
 30
0.0
 11
330.9426222222222
 21
77.41644722222202
 31
0.0
  0
LINE
  5
173
330
17
100
AcDbEntity
  8
CUT
100
AcDbLine
 10
428.5717555555555
 20
89.00237500000003
 30
0.0
 11
428.5717555555555
 21
127.93881111111114
 31
0.0
  0
LINE
  5
174
330
17
100
AcDbEntity
  8
CUT
100
AcDbLine
 10
449.3348444444445
 20
39.27517222222241
 30
0.0
 11
449.3348444444445
 21
50.862511111111075
 31
0.0
  0
LINE
  5
175
330
17
100
AcDbEntity
  8
CUT
100
AcDbLine
 10
449.3348444444445
 20
60.86446666666666
 30
0.0
 11
449.3348444444445
 21
93.57896111111108
 31
0.0
  0
LINE
  5
176
330
17
100
AcDbEntity
  8
CUT
100
AcDbLine
 10
403.3015777777778
 20
130.9391861111111
 30
0.0
 11
403.3015777777778
 21
127.93881111111114
 31
0.0
  0
LINE
  5
177
330
17
100
AcDbEntity
  8
CUT
100
AcDbLine
 10
413.3035333333333
 20
127.93881111111114
 30
0.0
 11
413.3035333333333
 21
130.9391861111111
 31
0.0
  0
LINE
  5
178
330
17
100
AcDbEntity
  8
CUT
100
AcDbLine
 10
475.6608861111111
 20
127.93881111111114
 30
0.0
 11
475.6608861111111
 21
130.9391861111111
 31
0.0
  0
LINE
  5
179
330
17
100
AcDbEntity
  8
CUT
100
AcDbLine
 10
485.6628416666666
 20
117.93685555555567
 30
0.0
 11
485.6628416666666
 21
127.93881111111114
 31
0.0
  0
LINE
  5
17A
330
17
100
AcDbEntity
  8
CUT
100
AcDbLine
 10
340.944225
 20
130.9391861111111
 30
0.0
 11
340.944225
 21
127.93881111111114
 31
0.0
  0
LINE
  5
17B
330
17
100
AcDbEntity
  8
CUT
100
AcDbLine
 10
485.6624888888888
 20
93.57896111111108
 30
0.0
 11
485.6624888888888
 21
103.58091666666667
 31
0.0
  0
LINE
  5
17C
330
17
100
AcDbEntity
  8
CUT
100
AcDbLine
 10
482.6621138888888
 20
103.58091666666667
 30
0.0
 11
482.6621138888888
 21
117.93685555555567
 31
0.0
  0
LINE
  5
17D
330
17
100
AcDbEntity
  8
CUT
100
AcDbLine
 10
465.6589305555556
 20
130.9391861111111
 30
0.0
 11
465.6589305555556
 21
127.93881111111114
 31
0.0
  0
LINE
  5
17E
330
17
100
AcDbEntity
  8
CUT
100
AcDbLine
 10
350.9461805555555
 20
127.93881111111114
 30
0.0
 11
350.9461805555555
 21
130.9391861111111
 31
0.0
  0
LINE
  5
17F
330
17
100
AcDbEntity
  8
CUT
100
AcDbLine
 10
401.1284666666667
 20
38.210841666666624
 30
0.0
 11
402.5021833333333
 21
35.54313611111104
 31
0.0
  0
LINE
  5
180
330
17
100
AcDbEntity
  8
CUT
100
AcDbLine
 10
392.23635
 20
33.63143333333335
 30
0.0
 11
401.1284666666667
 21
38.210841666666624
 31
0.0
  0
LINE
  5
181
330
17
100
AcDbEntity
  8
CUT
100
AcDbLine
 10
393.6100666666667
 20
30.964080555555483
 30
0.0
 11
392.23635
 21
33.63143333333335
 31
0.0
  0
LINE
  5
182
330
17
100
AcDbEntity
  8
CUT
100
AcDbLine
 10
402.5021833333333
 20
35.54313611111104
 30
0.0
 11
393.6100666666667
 21
30.964080555555483
 31
0.0
  0
LINE
  5
183
330
17
100
AcDbEntity
  8
CUT
100
AcDbLine
 10
481.22348611111113
 20
95.56439444444436
 30
0.0
 11
481.0403944444444
 21
95.35590277777783
 31
0.0
  0
LINE
  5
184
330
17
100
AcDbEntity
  8
CUT
100
AcDbLine
 10
481.5004166666666
 20
96.04417222222219
 30
0.0
 11
481.3776499999999
 21
95.79511111111105
 31
0.0
  0
LINE
  5
185
330
17
100
AcDbEntity
  8
CUT
100
AcDbLine
 10
481.0403944444444
 20
95.35590277777783
 30
0.0
 11
480.8319027777777
 21
95.17281111111106
 31
0.0
  0
LINE
  5
186
330
17
100
AcDbEntity
  8
CUT
100
AcDbLine
 10
478.4792277777777
 20
95.01864722222217
 30
0.0
 11
478.2485111111111
 21
95.17281111111106
 31
0.0
  0
LINE
  5
187
330
17
100
AcDbEntity
  8
CUT
100
AcDbLine
 10
480.8319027777777
 20
95.17281111111106
 30
0.0
 11
480.6008333333333
 21
95.01864722222217
 31
0.0
  0
LINE
  5
188
330
17
100
AcDbEntity
  8
CUT
100
AcDbLine
 10
478.727936111111
 20
94.89588055555566
 30
0.0
 11
478.4792277777777
 21
95.01864722222217
 31
0.0
  0
LINE
  5
189
330
17
100
AcDbEntity
  8
CUT
100
AcDbLine
 10
481.3776499999999
 20
95.79511111111105
 30
0.0
 11
481.22348611111113
 21
95.56439444444436
 31
0.0
  0
LINE
  5
18A
330
17
100
AcDbEntity
  8
CUT
100
AcDbLine
 10
477.8569277777777
 20
95.56439444444436
 30
0.0
 11
477.7027638888888
 21
95.79511111111105
 31
0.0
  0
LINE
  5
18B
330
17
100
AcDbEntity
  8
CUT
100
AcDbLine
 10
478.2485111111111
 20
95.17281111111106
 30
0.0
 11
478.0396666666666
 21
95.35590277777783
 31
0.0
  0
LINE
  5
18C
330
17
100
AcDbEntity
  8
CUT
100
AcDbLine
 10
477.7027638888888
 20
95.79511111111105
 30
0.0
 11
477.5796444444444
 21
96.04417222222219
 31
0.0
  0
LINE
  5
18D
330
17
100
AcDbEntity
  8
CUT
100
AcDbLine
 10
478.0396666666666
 20
95.35590277777783
 30
0.0
 11
477.8569277777777
 21
95.56439444444436
 31
0.0
  0
LINE
  5
18E
330
17
100
AcDbEntity
  8
CUT
100
AcDbLine
 10
479.5400305555555
 20
94.73430833333327
 30
0.0
 11
479.2631
 21
94.75265277777771
 31
0.0
  0
LINE
  5
18F
330
17
100
AcDbEntity
  8
CUT
100
AcDbLine
 10
478.9911083333333
 20
94.80662777777775
 30
0.0
 11
478.727936111111
 21
94.89588055555566
 31
0.0
  0
LINE
  5
190
330
17
100
AcDbEntity
  8
CUT
100
AcDbLine
 10
479.2631
 20
94.75265277777771
 30
0.0
 11
478.9911083333333
 21
94.80662777777775
 31
0.0
  0
LINE
  5
191
330
17
100
AcDbEntity
  8
CUT
100
AcDbLine
 10
479.8169611111111
 20
94.75265277777771
 30
0.0
 11
479.5400305555555
 21
94.73430833333327
 31
0.0
  0
LINE
  5
192
330
17
100
AcDbEntity
  8
CUT
100
AcDbLine
 10
480.6008333333333
 20
95.01864722222217
 30
0.0
 11
480.3521249999999
 21
94.89588055555566
 31
0.0
  0
LINE
  5
193
330
17
100
AcDbEntity
  8
CUT
100
AcDbLine
 10
480.3521249999999
 20
94.89588055555566
 30
0.0
 11
480.0893055555555
 21
94.80662777777775
 31
0.0
  0
LINE
  5
194
330
17
100
AcDbEntity
  8
CUT
100
AcDbLine
 10
480.0893055555555
 20
94.80662777777775
 30
0.0
 11
479.8169611111111
 21
94.75265277777771
 31
0.0
  0
LINE
  5
195
330
17
100
AcDbEntity
  8
CUT
100
AcDbLine
 10
477.5796444444444
 20
96.04417222222219
 30
0.0
 11
477.5796444444444
 21
96.30699166666659
 31
0.0
  0
LINE
  5
196
330
17
100
AcDbEntity
  8
CUT
100
AcDbLine
 10
374.4521166666667
 20
33.63143333333335
 30
0.0
 11
373.0784
 21
30.964080555555483
 31
0.0
  0
LINE
  5
197
330
17
100
AcDbEntity
  8
CUT
100
AcDbLine
 10
365.56
 20
38.210841666666624
 30
0.0
 11
374.4521166666667
 21
33.63143333333335
 31
0.0
  0
LINE
  5
198
330
17
100
AcDbEntity
  8
CUT
100
AcDbLine
 10
364.1862833333333
 20
35.54313611111104
 30
0.0
 11
365.56
 21
38.210841666666624
 31
0.0
  0
LINE
  5
199
330
17
100
AcDbEntity
  8
CUT
100
AcDbLine
 10
373.0784
 20
30.964080555555483
 30
0.0
 11
364.1862833333333
 21
35.54313611111104
 31
0.0
  0
LINE
  5
19A
330
17
100
AcDbEntity
  8
CUT
100
AcDbLine
 10
480.0893055555555
 20
98.90555277777787
 30
0.0
 11
480.3521249999999
 21
98.81629999999996
 31
0.0
  0
LINE
  5
19B
330
17
100
AcDbEntity
  8
CUT
100
AcDbLine
 10
481.3776499999999
 20
97.91706944444434
 30
0.0
 11
481.5004166666666
 21
97.66800833333332
 31
0.0
  0
LINE
  5
19C
330
17
100
AcDbEntity
  8
CUT
100
AcDbLine
 10
478.9911083333333
 20
98.90555277777787
 30
0.0
 11
479.2631
 21
98.95988055555551
 31
0.0
  0
LINE
  5
19D
330
17
100
AcDbEntity
  8
CUT
100
AcDbLine
 10
481.0403944444444
 20
98.35627777777768
 30
0.0
 11
481.22348611111113
 21
98.14778611111103
 31
0.0
  0
LINE
  5
19E
330
17
100
AcDbEntity
  8
CUT
100
AcDbLine
 10
477.5796444444444
 20
97.66800833333332
 30
0.0
 11
477.7027638888888
 21
97.91706944444434
 31
0.0
  0
LINE
  5
19F
330
17
100
AcDbEntity
  8
CUT
100
AcDbLine
 10
480.6008333333333
 20
98.69353333333322
 30
0.0
 11
480.8319027777777
 21
98.53936944444433
 31
0.0
  0
LINE
  5
1A0
330
17
100
AcDbEntity
  8
CUT
100
AcDbLine
 10
481.22348611111113
 20
98.14778611111103
 30
0.0
 11
481.3776499999999
 21
97.91706944444434
 31
0.0
  0
LINE
  5
1A1
330
17
100
AcDbEntity
  8
CUT
100
AcDbLine
 10
480.8319027777777
 20
98.53936944444433
 30
0.0
 11
481.0403944444444
 21
98.35627777777768
 31
0.0
  0
LINE
  5
1A2
330
17
100
AcDbEntity
  8
CUT
100
AcDbLine
 10
480.3521249999999
 20
98.81629999999996
 30
0.0
 11
480.6008333333333
 21
98.69353333333322
 31
0.0
  0
LINE
  5
1A3
330
17
100
AcDbEntity
  8
CUT
100
AcDbLine
 10
477.8569277777777
 20
98.14778611111103
 30
0.0
 11
478.0396666666666
 21
98.35627777777768
 31
0.0
  0
LINE
  5
1A4
330
17
100
AcDbEntity
  8
CUT
100
AcDbLine
 10
479.2631
 20
98.95988055555551
 30
0.0
 11
479.5400305555555
 21
98.97787222222212
 31
0.0
  0
LINE
  5
1A5
330
17
100
AcDbEntity
  8
CUT
100
AcDbLine
 10
477.7027638888888
 20
97.91706944444434
 30
0.0
 11
477.8569277777777
 21
98.14778611111103
 31
0.0
  0
LINE
  5
1A6
330
17
100
AcDbEntity
  8
CUT
100
AcDbLine
 10
479.8169611111111
 20
98.95988055555551
 30
0.0
 11
480.0893055555555
 21
98.90555277777787
 31
0.0
  0
LINE
  5
1A7
330
17
100
AcDbEntity
  8
CUT
100
AcDbLine
 10
479.5400305555555
 20
98.97787222222212
 30
0.0
 11
479.8169611111111
 21
98.95988055555551
 31
0.0
  0
LINE
  5
1A8
330
17
100
AcDbEntity
  8
CUT
100
AcDbLine
 10
478.2485111111111
 20
98.53936944444433
 30
0.0
 11
478.4792277777777
 21
98.69353333333322
 31
0.0
  0
LINE
  5
1A9
330
17
100
AcDbEntity
  8
CUT
100
AcDbLine
 10
478.0396666666666
 20
98.35627777777768
 30
0.0
 11
478.2485111111111
 21
98.53936944444433
 31
0.0
  0
LINE
  5
1AA
330
17
100
AcDbEntity
  8
CUT
100
AcDbLine
 10
478.4792277777777
 20
98.69353333333322
 30
0.0
 11
478.727936111111
 21
98.81629999999996
 31
0.0
  0
LINE
  5
1AB
330
17
100
AcDbEntity
  8
CUT
100
AcDbLine
 10
478.727936111111
 20
98.81629999999996
 30
0.0
 11
478.9911083333333
 21
98.90555277777787
 31
0.0
  0
LINE
  5
1AC
330
17
100
AcDbEntity
  8
CUT
100
AcDbLine
 10
481.5004166666666
 20
97.66800833333332
 30
0.0
 11
481.5004166666666
 21
97.4051888888888
 31
0.0
  0
LINE
  5
1AD
330
17
100
AcDbEntity
  8
CUT
100
AcDbLine
 10
346.0587972222222
 20
48.253719444444414
 30
0.0
 11
344.6850805555554
 21
45.58636666666666
 31
0.0
  0
LINE
  5
1AE
330
17
100
AcDbEntity
  8
CUT
100
AcDbLine
 10
344.6850805555554
 20
45.58636666666666
 30
0.0
 11
335.7933166666667
 21
50.16542222222222
 31
0.0
  0
LINE
  5
1AF
330
17
100
AcDbEntity
  8
CUT
100
AcDbLine
 10
335.7933166666667
 20
50.16542222222222
 30
0.0
 11
337.1670333333332
 21
52.83312777777769
 31
0.0
  0
LINE
  5
1B0
330
17
100
AcDbEntity
  8
CUT
100
AcDbLine
 10
337.1670333333332
 20
52.83312777777769
 30
0.0
 11
346.0587972222222
 21
48.253719444444414
 31
0.0
  0
LINE
  5
1B1
330
17
100
AcDbEntity
  8
CUT
100
AcDbLine
 10
426.7214361111112
 20
48.01594722222217
 30
0.0
 11
417.8296722222221
 21
43.43689166666661
 31
0.0
  0
LINE
  5
1B2
330
17
100
AcDbEntity
  8
CUT
100
AcDbLine
 10
417.8296722222221
 20
43.43689166666661
 30
0.0
 11
416.4559555555555
 21
46.10459722222208
 31
0.0
  0
LINE
  5
1B3
330
17
100
AcDbEntity
  8
CUT
100
AcDbLine
 10
425.3477194444445
 20
50.68365277777775
 30
0.0
 11
426.7214361111112
 21
48.01594722222217
 31
0.0
  0
LINE
  5
1B4
330
17
100
AcDbEntity
  8
CUT
100
AcDbLine
 10
416.4559555555555
 20
46.10459722222208
 30
0.0
 11
425.3477194444445
 21
50.68365277777775
 31
0.0
  0
LINE
  5
1B5
330
17
100
AcDbEntity
  8
CUT
100
AcDbLine
 10
449.3348444444445
 20
117.93685555555567
 30
0.0
 11
452.3352194444445
 21
117.93685555555567
 31
0.0
  0
LINE
  5
1B6
330
17
100
AcDbEntity
  8
CUT
100
AcDbLine
 10
452.3352194444445
 20
107.93489999999986
 30
0.0
 11
449.3348444444445
 21
107.93489999999986
 31
0.0
  0
LINE
  5
1B7
330
17
100
AcDbEntity
  8
CUT
100
AcDbLine
 10
452.3352194444445
 20
117.93685555555567
 30
0.0
 11
452.3352194444445
 21
107.93489999999986
 31
0.0
  0
LINE
  5
1B8
330
17
100
AcDbEntity
  8
CUT
100
AcDbLine
 10
449.3348444444445
 20
107.93489999999986
 30
0.0
 11
449.3348444444445
 21
117.93685555555567
 31
0.0
  0
LINE
  5
1B9
330
17
100
AcDbEntity
  8
CUT
100
AcDbLine
 10
477.4903916666666
 20
96.30699166666659
 30
0.0
 11
477.4903916666666
 21
96.57898333333333
 31
0.0
  0
LINE
  5
1BA
330
17
100
AcDbEntity
  8
CUT
100
AcDbLine
 10
477.4903916666666
 20
97.4051888888888
 30
0.0
 11
477.4903916666666
 21
97.66800833333332
 31
0.0
  0
LINE
  5
1BB
330
17
100
AcDbEntity
  8
CUT
100
AcDbLine
 10
477.4364166666666
 20
97.1331972222223
 30
0.0
 11
477.4364166666666
 21
97.4051888888888
 31
0.0
  0
LINE
  5
1BC
330
17
100
AcDbEntity
  8
CUT
100
AcDbLine
 10
477.4364166666666
 20
96.57898333333333
 30
0.0
 11
477.4364166666666
 21
96.85626666666667
 31
0.0
  0
LINE
  5
1BD
330
17
100
AcDbEntity
  8
CUT
100
AcDbLine
 10
481.6619888888888
 20
96.85626666666667
 30
0.0
 11
481.6619888888888
 21
96.57898333333333
 31
0.0
  0
LINE
  5
1BE
330
17
100
AcDbEntity
  8
CUT
100
AcDbLine
 10
481.6436444444445
 20
97.1331972222223
 30
0.0
 11
481.6436444444445
 21
96.85626666666667
 31
0.0
  0
LINE
  5
1BF
330
17
100
AcDbEntity
  8
CUT
100
AcDbLine
 10
481.6436444444445
 20
96.57898333333333
 30
0.0
 11
481.6436444444445
 21
96.30699166666659
 31
0.0
  0
LINE
  5
1C0
330
17
100
AcDbEntity
  8
CUT
100
AcDbLine
 10
481.5893166666666
 20
97.4051888888888
 30
0.0
 11
481.5893166666666
 21
97.1331972222223
 31
0.0
  0
LINE
  5
1C1
330
17
100
AcDbEntity
  8
CUT
100
AcDbLine
 10
481.5893166666666
 20
96.30699166666659
 30
0.0
 11
481.5893166666666
 21
96.04417222222219
 31
0.0
  0
LINE
  5
1C2
330
17
100
AcDbEntity
  8
CUT
100
AcDbLine
 10
477.4184249999999
 20
96.85626666666667
 30
0.0
 11
477.4184249999999
 21
97.1331972222223
 31
0.0
  0
LINE
  5
1C3
330
17
100
AcDbEntity
  8
ENGRAVE
100
AcDbLine
 10
385.8320082597351
 20
76.85028318453158
 30
0.0
 11
385.8320082597351
 21
79.6502404599222
 31
0.0
  0
LINE
  5
1C4
330
17
100
AcDbEntity
  8
ENGRAVE
100
AcDbLine
 10
385.8320082597351
 20
79.6502404599222
 30
0.0
 11
384.4320296220398
 21
80.35022977876986
 31
0.0
  0
LINE
  5
1C5
330
17
100
AcDbEntity
  8
ENGRAVE
100
AcDbLine
 10
384.4320296220398
 20
80.35022977876986
 30
0.0
 11
380.23209370895387
 21
80.35022977876986
 31
0.0
  0
LINE
  5
1C6
330
17
100
AcDbEntity
  8
ENGRAVE
100
AcDbLine
 10
380.23209370895387
 20
80.35022977876986
 30
0.0
 11
378.83211507125856
 21
79.6502404599222
 31
0.0
  0
LINE
  5
1C7
330
17
100
AcDbEntity
  8
ENGRAVE
100
AcDbLine
 10
378.83211507125856
 20
79.6502404599222
 30
0.0
 11
378.83211507125856
 21
76.85028318453158
 31
0.0
  0
LINE
  5
1C8
330
17
100
AcDbEntity
  8
ENGRAVE
100
AcDbLine
 10
378.83211507125856
 20
76.85028318453158
 30
0.0
 11
380.23209370895387
 21
76.15029386568392
 31
0.0
  0
LINE
  5
1C9
330
17
100
AcDbEntity
  8
ENGRAVE
100
AcDbLine
 10
380.23209370895387
 20
76.15029386568392
 30
0.0
 11
384.4320296220398
 21
76.15029386568392
 31
0.0
  0
LINE
  5
1CA
330
17
100
AcDbEntity
  8
ENGRAVE
100
AcDbLine
 10
384.4320296220398
 20
76.15029386568392
 30
0.0
 11
385.8320082597351
 21
76.85028318453158
 31
0.0
  0
LINE
  5
1CB
330
17
100
AcDbEntity
  8
ENGRAVE
100
AcDbLine
 10
380.23209370895387
 20
81.75020841646517
 30
0.0
 11
378.83211507125856
 21
82.45019773531283
 31
0.0
  0
LINE
  5
1CC
330
17
100
AcDbEntity
  8
ENGRAVE
100
AcDbLine
 10
378.83211507125856
 20
82.45019773531283
 30
0.0
 11
378.83211507125856
 21
85.25015501070345
 31
0.0
  0
LINE
  5
1CD
330
17
100
AcDbEntity
  8
ENGRAVE
100
AcDbLine
 10
378.83211507125856
 20
85.25015501070345
 30
0.0
 11
380.23209370895387
 21
85.95014432955111
 31
0.0
  0
LINE
  5
1CE
330
17
100
AcDbEntity
  8
ENGRAVE
100
AcDbLine
 10
380.23209370895387
 20
85.95014432955111
 30
0.0
 11
381.2120787553406
 21
85.95014432955111
 31
0.0
  0
LINE
  5
1CF
330
17
100
AcDbEntity
  8
ENGRAVE
100
AcDbLine
 10
381.2120787553406
 20
85.95014432955111
 30
0.0
 11
385.8320082597351
 21
81.75020841646517
 31
0.0
  0
LINE
  5
1D0
330
17
100
AcDbEntity
  8
ENGRAVE
100
AcDbLine
 10
385.8320082597351
 20
81.75020841646517
 30
0.0
 11
385.8320082597351
 21
85.95014432955111
 31
0.0
  0
LINE
  5
1D1
330
17
100
AcDbEntity
  8
CUT
100
AcDbLine
 10
46.95055833333339
 20
141.10551388888882
 30
0.0
 11
55.67475277777777
 21
136.21354444444444
 31
0.0
  0
LINE
  5
1D2
330
17
100
AcDbEntity
  8
CUT
100
AcDbLine
 10
107.1298611111111
 20
255.37799722222223
 30
0.0
 11
91.86163888888888
 21
255.37799722222223
 31
0.0
  0
LINE
  5
1D3
330
17
100
AcDbEntity
  8
CUT
100
AcDbLine
 10
9.500727777777797
 20
204.85563333333312
 30
0.0
 11
6.5
 21
204.85563333333312
 31
0.0
  0
LINE
  5
1D4
330
17
100
AcDbEntity
  8
CUT
100
AcDbLine
 10
29.50428611111107
 20
258.3783722222222
 30
0.0
 11
19.502330555555602
 21
258.3783722222222
 31
0.0
  0
LINE
  5
1D5
330
17
100
AcDbEntity
  8
CUT
100
AcDbLine
 10
18.224569444444512
 20
160.65257777777776
 30
0.0
 11
16.7573666666666
 21
158.03531944444455
 31
0.0
  0
LINE
  5
1D6
330
17
100
AcDbEntity
  8
CUT
100
AcDbLine
 10
65.86615
 20
133.9391861111111
 30
0.0
 11
74.7095833333334
 21
138.6120805555555
 31
0.0
  0
LINE
  5
1D7
330
17
100
AcDbEntity
  8
CUT
100
AcDbLine
 10
6.5
 20
235.37408611111096
 30
0.0
 11
9.500727777777797
 21
235.37408611111096
 31
0.0
  0
LINE
  5
1D8
330
17
100
AcDbEntity
  8
CUT
100
AcDbLine
 10
9.500727777777797
 20
245.37604166666677
 30
0.0
 11
6.5
 21
245.37604166666677
 31
0.0
  0
LINE
  5
1D9
330
17
100
AcDbEntity
  8
CUT
100
AcDbLine
 10
6.5
 20
194.85367777777776
 30
0.0
 11
9.500727777777797
 21
194.85367777777776
 31
0.0
  0
LINE
  5
1DA
330
17
100
AcDbEntity
  8
CUT
100
AcDbLine
 10
74.7095833333334
 20
138.6120805555555
 30
0.0
 11
76.11152222222216
 21
135.95919166666658
 31
0.0
  0
LINE
  5
1DB
330
17
100
AcDbEntity
  8
CUT
100
AcDbLine
 10
127.8929500000001
 20
221.01814722222218
 30
0.0
 11
164.22059444444437
 21
221.01814722222218
 31
0.0
  0
LINE
  5
1DC
330
17
100
AcDbEntity
  8
CUT
100
AcDbLine
 10
84.95460277777778
 20
140.63173333333327
 30
0.0
 11
83.5526638888889
 21
143.2846222222222
 31
0.0
  0
LINE
  5
1DD
330
17
100
AcDbEntity
  8
CUT
100
AcDbLine
 10
48.41811388888891
 20
143.72277222222215
 30
0.0
 11
46.95055833333339
 21
141.10551388888882
 31
0.0
  0
LINE
  5
1DE
330
17
100
AcDbEntity
  8
CUT
100
AcDbLine
 10
110.2064361111112
 20
157.36856944444435
 30
0.0
 11
111.62918888888896
 21
154.67616944444444
 31
0.0
  0
LINE
  5
1DF
330
17
100
AcDbEntity
  8
CUT
100
AcDbLine
 10
130.89332500000006
 20
188.30365277777776
 30
0.0
 11
127.8929500000001
 21
188.30365277777776
 31
0.0
  0
LINE
  5
1E0
330
17
100
AcDbEntity
  8
CUT
100
AcDbLine
 10
164.22059444444437
 20
231.02010277777777
 30
0.0
 11
161.2202194444444
 21
231.02010277777777
 31
0.0
  0
LINE
  5
1E1
330
17
100
AcDbEntity
  8
CUT
100
AcDbLine
 10
25.481208333333313
 20
153.14370277777766
 30
0.0
 11
26.948763888888777
 21
155.7609611111111
 31
0.0
  0
LINE
  5
1E2
330
17
100
AcDbEntity
  8
CUT
100
AcDbLine
 10
161.2202194444444
 20
245.37604166666677
 30
0.0
 11
164.2209472222222
 21
245.37604166666677
 31
0.0
  0
LINE
  5
1E3
330
17
100
AcDbEntity
  8
CUT
100
AcDbLine
 10
144.2170361111112
 20
255.37799722222223
 30
0.0
 11
110.13023611111117
 21
255.37799722222223
 31
0.0
  0
LINE
  5
1E4
330
17
100
AcDbEntity
  8
CUT
100
AcDbLine
 10
127.8929500000001
 20
178.30169722222217
 30
0.0
 11
130.89332500000006
 21
178.30169722222217
 31
0.0
  0
LINE
  5
1E5
330
17
100
AcDbEntity
  8
CUT
100
AcDbLine
 10
164.2209472222222
 20
255.37799722222223
 30
0.0
 11
154.21899166666668
 21
255.37799722222223
 31
0.0
  0
LINE
  5
1E6
330
17
100
AcDbEntity
  8
CUT
100
AcDbLine
 10
119.04986944444448
 20
162.04146388888887
 30
0.0
 11
127.8929500000001
 21
166.7143583333335
 31
0.0
  0
LINE
  5
1E7
330
17
100
AcDbEntity
  8
CUT
100
AcDbLine
 10
57.14195555555557
 20
138.83080277777776
 30
0.0
 11
65.86615
 21
133.9391861111111
 31
0.0
  0
LINE
  5
1E8
330
17
100
AcDbEntity
  8
CUT
100
AcDbLine
 10
55.67475277777777
 20
136.21354444444444
 30
0.0
 11
57.14195555555557
 21
138.83080277777776
 31
0.0
  0
LINE
  5
1E9
330
17
100
AcDbEntity
  8
CUT
100
AcDbLine
 10
110.13023611111117
 20
216.44156111111113
 30
0.0
 11
107.1298611111111
 21
216.44156111111113
 31
0.0
  0
LINE
  5
1EA
330
17
100
AcDbEntity
  8
CUT
100
AcDbLine
 10
76.11152222222216
 20
135.95919166666658
 30
0.0
 11
84.95460277777778
 21
140.63173333333327
 31
0.0
  0
LINE
  5
1EB
330
17
100
AcDbEntity
  8
CUT
100
AcDbLine
 10
9.500727777777797
 20
165.54419444444443
 30
0.0
 11
18.224569444444512
 21
160.65257777777776
 31
0.0
  0
LINE
  5
1EC
330
17
100
AcDbEntity
  8
CUT
100
AcDbLine
 10
26.948763888888777
 20
155.7609611111111
 30
0.0
 11
48.41811388888891
 21
143.72277222222215
 31
0.0
  0
LINE
  5
1ED
330
17
100
AcDbEntity
  8
CUT
100
AcDbLine
 10
81.85968333333341
 20
255.37799722222223
 30
0.0
 11
29.50428611111107
 21
255.37799722222223
 31
0.0
  0
LINE
  5
1EE
330
17
100
AcDbEntity
  8
CUT
100
AcDbLine
 10
111.62918888888896
 20
154.67616944444444
 30
0.0
 11
120.47262222222218
 21
159.34871111111102
 31
0.0
  0
LINE
  5
1EF
330
17
100
AcDbEntity
  8
CUT
100
AcDbLine
 10
120.47262222222218
 20
159.34871111111102
 30
0.0
 11
119.04986944444448
 21
162.04146388888887
 31
0.0
  0
LINE
  5
1F0
330
17
100
AcDbEntity
  8
CUT
100
AcDbLine
 10
91.86163888888888
 20
258.3783722222222
 30
0.0
 11
81.85968333333341
 21
258.3783722222222
 31
0.0
  0
LINE
  5
1F1
330
17
100
AcDbEntity
  8
CUT
100
AcDbLine
 10
154.21899166666668
 20
258.3783722222222
 30
0.0
 11
144.2170361111112
 21
258.3783722222222
 31
0.0
  0
LINE
  5
1F2
330
17
100
AcDbEntity
  8
CUT
100
AcDbLine
 10
83.5526638888889
 20
143.2846222222222
 30
0.0
 11
110.2064361111112
 21
157.36856944444435
 31
0.0
  0
LINE
  5
1F3
330
17
100
AcDbEntity
  8
CUT
100
AcDbLine
 10
16.7573666666666
 20
158.03531944444455
 30
0.0
 11
25.481208333333313
 21
153.14370277777766
 31
0.0
  0
LINE
  5
1F4
330
17
100
AcDbEntity
  8
CUT
100
AcDbLine
 10
19.502330555555602
 20
255.37799722222223
 30
0.0
 11
9.500727777777797
 21
255.37799722222223
 31
0.0
  0
LINE
  5
1F5
330
17
100
AcDbEntity
  8
CUT
100
AcDbLine
 10
6.5
 20
204.85563333333312
 30
0.0
 11
6.5
 21
194.85367777777776
 31
0.0
  0
LINE
  5
1F6
330
17
100
AcDbEntity
  8
CUT
100
AcDbLine
 10
6.5
 20
245.37604166666677
 30
0.0
 11
6.5
 21
235.37408611111096
 31
0.0
  0
LINE
  5
1F7
330
17
100
AcDbEntity
  8
CUT
100
AcDbLine
 10
110.13023611111117
 20
255.37799722222223
 30
0.0
 11
110.13023611111117
 21
216.44156111111113
 31
0.0
  0
LINE
  5
1F8
330
17
100
AcDbEntity
  8
CUT
100
AcDbLine
 10
130.89332500000006
 20
178.30169722222217
 30
0.0
 11
130.89332500000006
 21
188.30365277777776
 31
0.0
  0
LINE
  5
1F9
330
17
100
AcDbEntity
  8
CUT
100
AcDbLine
 10
9.500727777777797
 20
194.85367777777776
 30
0.0
 11
9.500727777777797
 21
165.54419444444443
 31
0.0
  0
LINE
  5
1FA
330
17
100
AcDbEntity
  8
CUT
100
AcDbLine
 10
9.500727777777797
 20
255.37799722222223
 30
0.0
 11
9.500727777777797
 21
245.37604166666677
 31
0.0
  0
LINE
  5
1FB
330
17
100
AcDbEntity
  8
CUT
100
AcDbLine
 10
9.500727777777797
 20
235.37408611111096
 30
0.0
 11
9.500727777777797
 21
204.85563333333312
 31
0.0
  0
LINE
  5
1FC
330
17
100
AcDbEntity
  8
CUT
100
AcDbLine
 10
107.1298611111111
 20
216.44156111111113
 30
0.0
 11
107.1298611111111
 21
255.37799722222223
 31
0.0
  0
LINE
  5
1FD
330
17
100
AcDbEntity
  8
CUT
100
AcDbLine
 10
127.8929500000001
 20
166.7143583333335
 30
0.0
 11
127.8929500000001
 21
178.30169722222217
 31
0.0
  0
LINE
  5
1FE
330
17
100
AcDbEntity
  8
CUT
100
AcDbLine
 10
127.8929500000001
 20
188.30365277777776
 30
0.0
 11
127.8929500000001
 21
221.01814722222218
 31
0.0
  0
LINE
  5
1FF
330
17
100
AcDbEntity
  8
CUT
100
AcDbLine
 10
81.85968333333341
 20
258.3783722222222
 30
0.0
 11
81.85968333333341
 21
255.37799722222223
 31
0.0
  0
LINE
  5
200
330
17
100
AcDbEntity
  8
CUT
100
AcDbLine
 10
91.86163888888888
 20
255.37799722222223
 30
0.0
 11
91.86163888888888
 21
258.3783722222222
 31
0.0
  0
LINE
  5
201
330
17
100
AcDbEntity
  8
CUT
100
AcDbLine
 10
154.21899166666668
 20
255.37799722222223
 30
0.0
 11
154.21899166666668
 21
258.3783722222222
 31
0.0
  0
LINE
  5
202
330
17
100
AcDbEntity
  8
CUT
100
AcDbLine
 10
164.2209472222222
 20
245.37604166666677
 30
0.0
 11
164.2209472222222
 21
255.37799722222223
 31
0.0
  0
LINE
  5
203
330
17
100
AcDbEntity
  8
CUT
100
AcDbLine
 10
19.502330555555602
 20
258.3783722222222
 30
0.0
 11
19.502330555555602
 21
255.37799722222223
 31
0.0
  0
LINE
  5
204
330
17
100
AcDbEntity
  8
CUT
100
AcDbLine
 10
164.22059444444437
 20
221.01814722222218
 30
0.0
 11
164.22059444444437
 21
231.02010277777777
 31
0.0
  0
LINE
  5
205
330
17
100
AcDbEntity
  8
CUT
100
AcDbLine
 10
161.2202194444444
 20
231.02010277777777
 30
0.0
 11
161.2202194444444
 21
245.37604166666677
 31
0.0
  0
LINE
  5
206
330
17
100
AcDbEntity
  8
CUT
100
AcDbLine
 10
144.2170361111112
 20
258.3783722222222
 30
0.0
 11
144.2170361111112
 21
255.37799722222223
 31
0.0
  0
LINE
  5
207
330
17
100
AcDbEntity
  8
CUT
100
AcDbLine
 10
29.50428611111107
 20
255.37799722222223
 30
0.0
 11
29.50428611111107
 21
258.3783722222222
 31
0.0
  0
LINE
  5
208
330
17
100
AcDbEntity
  8
CUT
100
AcDbLine
 10
79.68657222222231
 20
165.65002777777772
 30
0.0
 11
81.06028888888886
 21
162.98232222222214
 31
0.0
  0
LINE
  5
209
330
17
100
AcDbEntity
  8
CUT
100
AcDbLine
 10
70.7944555555556
 20
161.07061944444445
 30
0.0
 11
79.68657222222231
 21
165.65002777777772
 31
0.0
  0
LINE
  5
20A
330
17
100
AcDbEntity
  8
CUT
100
AcDbLine
 10
72.16817222222227
 20
158.40326666666658
 30
0.0
 11
70.7944555555556
 21
161.07061944444445
 31
0.0
  0
LINE
  5
20B
330
17
100
AcDbEntity
  8
CUT
100
AcDbLine
 10
81.06028888888886
 20
162.98232222222214
 30
0.0
 11
72.16817222222227
 21
158.40326666666658
 31
0.0
  0
LINE
  5
20C
330
17
100
AcDbEntity
  8
CUT
100
AcDbLine
 10
159.7815916666667
 20
223.00358055555546
 30
0.0
 11
159.5985
 21
222.79508888888893
 31
0.0
  0
LINE
  5
20D
330
17
100
AcDbEntity
  8
CUT
100
AcDbLine
 10
160.05852222222217
 20
223.48335833333329
 30
0.0
 11
159.9357555555555
 21
223.23429722222215
 31
0.0
  0
LINE
  5
20E
330
17
100
AcDbEntity
  8
CUT
100
AcDbLine
 10
159.5985
 20
222.79508888888893
 30
0.0
 11
159.3900083333333
 21
222.61199722222216
 31
0.0
  0
LINE
  5
20F
330
17
100
AcDbEntity
  8
CUT
100
AcDbLine
 10
157.03733333333327
 20
222.45783333333327
 30
0.0
 11
156.80661666666668
 21
222.61199722222216
 31
0.0
  0
LINE
  5
210
330
17
100
AcDbEntity
  8
CUT
100
AcDbLine
 10
159.3900083333333
 20
222.61199722222216
 30
0.0
 11
159.15893888888888
 21
222.45783333333327
 31
0.0
  0
LINE
  5
211
330
17
100
AcDbEntity
  8
CUT
100
AcDbLine
 10
157.28604166666656
 20
222.33506666666676
 30
0.0
 11
157.03733333333327
 21
222.45783333333327
 31
0.0
  0
LINE
  5
212
330
17
100
AcDbEntity
  8
CUT
100
AcDbLine
 10
159.9357555555555
 20
223.23429722222215
 30
0.0
 11
159.7815916666667
 21
223.00358055555546
 31
0.0
  0
LINE
  5
213
330
17
100
AcDbEntity
  8
CUT
100
AcDbLine
 10
156.41503333333327
 20
223.00358055555546
 30
0.0
 11
156.26086944444438
 21
223.23429722222215
 31
0.0
  0
LINE
  5
214
330
17
100
AcDbEntity
  8
CUT
100
AcDbLine
 10
156.80661666666668
 20
222.61199722222216
 30
0.0
 11
156.5977722222222
 21
222.79508888888893
 31
0.0
  0
LINE
  5
215
330
17
100
AcDbEntity
  8
CUT
100
AcDbLine
 10
156.26086944444438
 20
223.23429722222215
 30
0.0
 11
156.13774999999998
 21
223.48335833333329
 31
0.0
  0
LINE
  5
216
330
17
100
AcDbEntity
  8
CUT
100
AcDbLine
 10
156.5977722222222
 20
222.79508888888893
 30
0.0
 11
156.41503333333327
 21
223.00358055555546
 31
0.0
  0
LINE
  5
217
330
17
100
AcDbEntity
  8
CUT
100
AcDbLine
 10
158.0981361111111
 20
222.17349444444437
 30
0.0
 11
157.8212055555556
 21
222.1918388888888
 31
0.0
  0
LINE
  5
218
330
17
100
AcDbEntity
  8
CUT
100
AcDbLine
 10
157.54921388888886
 20
222.24581388888885
 30
0.0
 11
157.28604166666656
 21
222.33506666666676
 31
0.0
  0
LINE
  5
219
330
17
100
AcDbEntity
  8
CUT
100
AcDbLine
 10
157.8212055555556
 20
222.1918388888888
 30
0.0
 11
157.54921388888886
 21
222.24581388888885
 31
0.0
  0
LINE
  5
21A
330
17
100
AcDbEntity
  8
CUT
100
AcDbLine
 10
158.37506666666667
 20
222.1918388888888
 30
0.0
 11
158.0981361111111
 21
222.17349444444437
 31
0.0
  0
LINE
  5
21B
330
17
100
AcDbEntity
  8
CUT
100
AcDbLine
 10
159.15893888888888
 20
222.45783333333327
 30
0.0
 11
158.91023055555547
 21
222.33506666666676
 31
0.0
  0
LINE
  5
21C
330
17
100
AcDbEntity
  8
CUT
100
AcDbLine
 10
158.91023055555547
 20
222.33506666666676
 30
0.0
 11
158.64741111111107
 21
222.24581388888885
 31
0.0
  0
LINE
  5
21D
330
17
100
AcDbEntity
  8
CUT
100
AcDbLine
 10
158.64741111111107
 20
222.24581388888885
 30
0.0
 11
158.37506666666667
 21
222.1918388888888
 31
0.0
  0
LINE
  5
21E
330
17
100
AcDbEntity
  8
CUT
100
AcDbLine
 10
156.13774999999998
 20
223.48335833333329
 30
0.0
 11
156.13774999999998
 21
223.7461777777777
 31
0.0
  0
LINE
  5
21F
330
17
100
AcDbEntity
  8
CUT
100
AcDbLine
 10
53.010222222222296
 20
161.07061944444445
 30
0.0
 11
51.63650555555557
 21
158.40326666666658
 31
0.0
  0
LINE
  5
220
330
17
100
AcDbEntity
  8
CUT
100
AcDbLine
 10
44.11810555555559
 20
165.65002777777772
 30
0.0
 11
53.010222222222296
 21
161.07061944444445
 31
0.0
  0
LINE
  5
221
330
17
100
AcDbEntity
  8
CUT
100
AcDbLine
 10
42.744388888888864
 20
162.98232222222214
 30
0.0
 11
44.11810555555559
 21
165.65002777777772
 31
0.0
  0
LINE
  5
222
330
17
100
AcDbEntity
  8
CUT
100
AcDbLine
 10
51.63650555555557
 20
158.40326666666658
 30
0.0
 11
42.744388888888864
 21
162.98232222222214
 31
0.0
  0
LINE
  5
223
330
17
100
AcDbEntity
  8
CUT
100
AcDbLine
 10
158.64741111111107
 20
226.34473888888897
 30
0.0
 11
158.91023055555547
 21
226.25548611111105
 31
0.0
  0
LINE
  5
224
330
17
100
AcDbEntity
  8
CUT
100
AcDbLine
 10
159.9357555555555
 20
225.35625555555544
 30
0.0
 11
160.05852222222217
 21
225.10719444444442
 31
0.0
  0
LINE
  5
225
330
17
100
AcDbEntity
  8
CUT
100
AcDbLine
 10
157.54921388888886
 20
226.34473888888897
 30
0.0
 11
157.8212055555556
 21
226.3990666666666
 31
0.0
  0
LINE
  5
226
330
17
100
AcDbEntity
  8
CUT
100
AcDbLine
 10
159.5985
 20
225.79546388888878
 30
0.0
 11
159.7815916666667
 21
225.58697222222213
 31
0.0
  0
LINE
  5
227
330
17
100
AcDbEntity
  8
CUT
100
AcDbLine
 10
156.13774999999998
 20
225.10719444444442
 30
0.0
 11
156.26086944444438
 21
225.35625555555544
 31
0.0
  0
LINE
  5
228
330
17
100
AcDbEntity
  8
CUT
100
AcDbLine
 10
159.15893888888888
 20
226.13271944444432
 30
0.0
 11
159.3900083333333
 21
225.97855555555543
 31
0.0
  0
LINE
  5
229
330
17
100
AcDbEntity
  8
CUT
100
AcDbLine
 10
159.7815916666667
 20
225.58697222222213
 30
0.0
 11
159.9357555555555
 21
225.35625555555544
 31
0.0
  0
LINE
  5
22A
330
17
100
AcDbEntity
  8
CUT
100
AcDbLine
 10
159.3900083333333
 20
225.97855555555543
 30
0.0
 11
159.5985
 21
225.79546388888878
 31
0.0
  0
LINE
  5
22B
330
17
100
AcDbEntity
  8
CUT
100
AcDbLine
 10
158.91023055555547
 20
226.25548611111105
 30
0.0
 11
159.15893888888888
 21
226.13271944444432
 31
0.0
  0
LINE
  5
22C
330
17
100
AcDbEntity
  8
CUT
100
AcDbLine
 10
156.41503333333327
 20
225.58697222222213
 30
0.0
 11
156.5977722222222
 21
225.79546388888878
 31
0.0
  0
LINE
  5
22D
330
17
100
AcDbEntity
  8
CUT
100
AcDbLine
 10
157.8212055555556
 20
226.3990666666666
 30
0.0
 11
158.0981361111111
 21
226.41705833333322
 31
0.0
  0
LINE
  5
22E
330
17
100
AcDbEntity
  8
CUT
100
AcDbLine
 10
156.26086944444438
 20
225.35625555555544
 30
0.0
 11
156.41503333333327
 21
225.58697222222213
 31
0.0
  0
LINE
  5
22F
330
17
100
AcDbEntity
  8
CUT
100
AcDbLine
 10
158.37506666666667
 20
226.3990666666666
 30
0.0
 11
158.64741111111107
 21
226.34473888888897
 31
0.0
  0
LINE
  5
230
330
17
100
AcDbEntity
  8
CUT
100
AcDbLine
 10
158.0981361111111
 20
226.41705833333322
 30
0.0
 11
158.37506666666667
 21
226.3990666666666
 31
0.0
  0
LINE
  5
231
330
17
100
AcDbEntity
  8
CUT
100
AcDbLine
 10
156.80661666666668
 20
225.97855555555543
 30
0.0
 11
157.03733333333327
 21
226.13271944444432
 31
0.0
  0
LINE
  5
232
330
17
100
AcDbEntity
  8
CUT
100
AcDbLine
 10
156.5977722222222
 20
225.79546388888878
 30
0.0
 11
156.80661666666668
 21
225.97855555555543
 31
0.0
  0
LINE
  5
233
330
17
100
AcDbEntity
  8
CUT
100
AcDbLine
 10
157.03733333333327
 20
226.13271944444432
 30
0.0
 11
157.28604166666656
 21
226.25548611111105
 31
0.0
  0
LINE
  5
234
330
17
100
AcDbEntity
  8
CUT
100
AcDbLine
 10
157.28604166666656
 20
226.25548611111105
 30
0.0
 11
157.54921388888886
 21
226.34473888888897
 31
0.0
  0
LINE
  5
235
330
17
100
AcDbEntity
  8
CUT
100
AcDbLine
 10
160.05852222222217
 20
225.10719444444442
 30
0.0
 11
160.05852222222217
 21
224.8443749999999
 31
0.0
  0
LINE
  5
236
330
17
100
AcDbEntity
  8
CUT
100
AcDbLine
 10
24.616902777777796
 20
175.6929055555555
 30
0.0
 11
23.24318611111096
 21
173.02555277777776
 31
0.0
  0
LINE
  5
237
330
17
100
AcDbEntity
  8
CUT
100
AcDbLine
 10
23.24318611111096
 20
173.02555277777776
 30
0.0
 11
14.351422222222311
 21
177.60460833333332
 31
0.0
  0
LINE
  5
238
330
17
100
AcDbEntity
  8
CUT
100
AcDbLine
 10
14.351422222222311
 20
177.60460833333332
 30
0.0
 11
15.725138888888807
 21
180.2723138888888
 31
0.0
  0
LINE
  5
239
330
17
100
AcDbEntity
  8
CUT
100
AcDbLine
 10
15.725138888888807
 20
180.2723138888888
 30
0.0
 11
24.616902777777796
 21
175.6929055555555
 31
0.0
  0
LINE
  5
23A
330
17
100
AcDbEntity
  8
CUT
100
AcDbLine
 10
105.27954166666677
 20
175.45513333333326
 30
0.0
 11
96.38777777777767
 21
170.8760777777777
 31
0.0
  0
LINE
  5
23B
330
17
100
AcDbEntity
  8
CUT
100
AcDbLine
 10
96.38777777777767
 20
170.8760777777777
 30
0.0
 11
95.01406111111106
 21
173.54378333333318
 31
0.0
  0
LINE
  5
23C
330
17
100
AcDbEntity
  8
CUT
100
AcDbLine
 10
103.9058250000001
 20
178.12283888888885
 30
0.0
 11
105.27954166666677
 21
175.45513333333326
 31
0.0
  0
LINE
  5
23D
330
17
100
AcDbEntity
  8
CUT
100
AcDbLine
 10
95.01406111111106
 20
173.54378333333318
 30
0.0
 11
103.9058250000001
 21
178.12283888888885
 31
0.0
  0
LINE
  5
23E
330
17
100
AcDbEntity
  8
CUT
100
AcDbLine
 10
127.8929500000001
 20
245.37604166666677
 30
0.0
 11
130.89332500000006
 21
245.37604166666677
 31
0.0
  0
LINE
  5
23F
330
17
100
AcDbEntity
  8
CUT
100
AcDbLine
 10
130.89332500000006
 20
235.37408611111096
 30
0.0
 11
127.8929500000001
 21
235.37408611111096
 31
0.0
  0
LINE
  5
240
330
17
100
AcDbEntity
  8
CUT
100
AcDbLine
 10
130.89332500000006
 20
245.37604166666677
 30
0.0
 11
130.89332500000006
 21
235.37408611111096
 31
0.0
  0
LINE
  5
241
330
17
100
AcDbEntity
  8
CUT
100
AcDbLine
 10
127.8929500000001
 20
235.37408611111096
 30
0.0
 11
127.8929500000001
 21
245.37604166666677
 31
0.0
  0
LINE
  5
242
330
17
100
AcDbEntity
  8
CUT
100
AcDbLine
 10
156.04849722222218
 20
223.7461777777777
 30
0.0
 11
156.04849722222218
 21
224.01816944444442
 31
0.0
  0
LINE
  5
243
330
17
100
AcDbEntity
  8
CUT
100
AcDbLine
 10
156.04849722222218
 20
224.8443749999999
 30
0.0
 11
156.04849722222218
 21
225.10719444444442
 31
0.0
  0
LINE
  5
244
330
17
100
AcDbEntity
  8
CUT
100
AcDbLine
 10
155.9945222222222
 20
224.5723833333334
 30
0.0
 11
155.9945222222222
 21
224.8443749999999
 31
0.0
  0
LINE
  5
245
330
17
100
AcDbEntity
  8
CUT
100
AcDbLine
 10
155.9945222222222
 20
224.01816944444442
 30
0.0
 11
155.9945222222222
 21
224.29545277777777
 31
0.0
  0
LINE
  5
246
330
17
100
AcDbEntity
  8
CUT
100
AcDbLine
 10
160.22009444444438
 20
224.29545277777777
 30
0.0
 11
160.22009444444438
 21
224.01816944444442
 31
0.0
  0
LINE
  5
247
330
17
100
AcDbEntity
  8
CUT
100
AcDbLine
 10
160.20175000000006
 20
224.5723833333334
 30
0.0
 11
160.20175000000006
 21
224.29545277777777
 31
0.0
  0
LINE
  5
248
330
17
100
AcDbEntity
  8
CUT
100
AcDbLine
 10
160.20175000000006
 20
224.01816944444442
 30
0.0
 11
160.20175000000006
 21
223.7461777777777
 31
0.0
  0
LINE
  5
249
330
17
100
AcDbEntity
  8
CUT
100
AcDbLine
 10
160.1474222222222
 20
224.8443749999999
 30
0.0
 11
160.1474222222222
 21
224.5723833333334
 31
0.0
  0
LINE
  5
24A
330
17
100
AcDbEntity
  8
CUT
100
AcDbLine
 10
160.1474222222222
 20
223.7461777777777
 30
0.0
 11
160.1474222222222
 21
223.48335833333329
 31
0.0
  0
LINE
  5
24B
330
17
100
AcDbEntity
  8
CUT
100
AcDbLine
 10
155.97653055555548
 20
224.29545277777777
 30
0.0
 11
155.97653055555548
 21
224.5723833333334
 31
0.0
  0
LINE
  5
24C
330
17
100
AcDbEntity
  8
ENGRAVE
100
AcDbLine
 10
64.3901138152907
 20
204.28946929564268
 30
0.0
 11
64.3901138152907
 21
207.0894265710333
 31
0.0
  0
LINE
  5
24D
330
17
100
AcDbEntity
  8
ENGRAVE
100
AcDbLine
 10
64.3901138152907
 20
207.0894265710333
 30
0.0
 11
62.99013517759539
 21
207.78941588988096
 31
0.0
  0
LINE
  5
24E
330
17
100
AcDbEntity
  8
ENGRAVE
100
AcDbLine
 10
62.99013517759539
 20
207.78941588988096
 30
0.0
 11
58.790199264509454
 21
207.78941588988096
 31
0.0
  0
LINE
  5
24F
330
17
100
AcDbEntity
  8
ENGRAVE
100
AcDbLine
 10
58.790199264509454
 20
207.78941588988096
 30
0.0
 11
57.39022062681414
 21
207.0894265710333
 31
0.0
  0
LINE
  5
250
330
17
100
AcDbEntity
  8
ENGRAVE
100
AcDbLine
 10
57.39022062681414
 20
207.0894265710333
 30
0.0
 11
57.39022062681414
 21
204.28946929564268
 31
0.0
  0
LINE
  5
251
330
17
100
AcDbEntity
  8
ENGRAVE
100
AcDbLine
 10
57.39022062681414
 20
204.28946929564268
 30
0.0
 11
58.790199264509454
 21
203.58947997679502
 31
0.0
  0
LINE
  5
252
330
17
100
AcDbEntity
  8
ENGRAVE
100
AcDbLine
 10
58.790199264509454
 20
203.58947997679502
 30
0.0
 11
62.99013517759539
 21
203.58947997679502
 31
0.0
  0
LINE
  5
253
330
17
100
AcDbEntity
  8
ENGRAVE
100
AcDbLine
 10
62.99013517759539
 20
203.58947997679502
 30
0.0
 11
64.3901138152907
 21
204.28946929564268
 31
0.0
  0
LINE
  5
254
330
17
100
AcDbEntity
  8
ENGRAVE
100
AcDbLine
 10
58.790199264509454
 20
209.18939452757627
 30
0.0
 11
57.39022062681414
 21
209.88938384642393
 31
0.0
  0
LINE
  5
255
330
17
100
AcDbEntity
  8
ENGRAVE
100
AcDbLine
 10
57.39022062681414
 20
209.88938384642393
 30
0.0
 11
57.39022062681414
 21
212.68934112181455
 31
0.0
  0
LINE
  5
256
330
17
100
AcDbEntity
  8
ENGRAVE
100
AcDbLine
 10
57.39022062681414
 20
212.68934112181455
 30
0.0
 11
58.790199264509454
 21
213.3893304406622
 31
0.0
  0
LINE
  5
257
330
17
100
AcDbEntity
  8
ENGRAVE
100
AcDbLine
 10
58.790199264509454
 20
213.3893304406622
 30
0.0
 11
59.77018431089617
 21
213.3893304406622
 31
0.0
  0
LINE
  5
258
330
17
100
AcDbEntity
  8
ENGRAVE
100
AcDbLine
 10
59.77018431089617
 20
213.3893304406622
 30
0.0
 11
64.3901138152907
 21
209.18939452757627
 31
0.0
  0
LINE
  5
259
330
17
100
AcDbEntity
  8
ENGRAVE
100
AcDbLine
 10
64.3901138152907
 20
209.18939452757627
 30
0.0
 11
64.3901138152907
 21
213.3893304406622
 31
0.0
  0
LINE
  5
25A
330
17
100
AcDbEntity
  8
CUT
100
AcDbLine
 10
207.6715055555556
 20
141.10551388888882
 30
0.0
 11
216.39569999999998
 21
136.21354444444444
 31
0.0
  0
LINE
  5
25B
330
17
100
AcDbEntity
  8
CUT
100
AcDbLine
 10
267.8508083333333
 20
255.37799722222223
 30
0.0
 11
252.58258611111108
 21
255.37799722222223
 31
0.0
  0
LINE
  5
25C
330
17
100
AcDbEntity
  8
CUT
100
AcDbLine
 10
170.221675
 20
204.85563333333312
 30
0.0
 11
167.2209472222222
 21
204.85563333333312
 31
0.0
  0
LINE
  5
25D
330
17
100
AcDbEntity
  8
CUT
100
AcDbLine
 10
190.22523333333328
 20
258.3783722222222
 30
0.0
 11
180.2232777777778
 21
258.3783722222222
 31
0.0
  0
LINE
  5
25E
330
17
100
AcDbEntity
  8
CUT
100
AcDbLine
 10
178.94551666666672
 20
160.65257777777776
 30
0.0
 11
177.4783138888888
 21
158.03531944444455
 31
0.0
  0
LINE
  5
25F
330
17
100
AcDbEntity
  8
CUT
100
AcDbLine
 10
226.5870972222222
 20
133.9391861111111
 30
0.0
 11
235.4305305555556
 21
138.6120805555555
 31
0.0
  0
LINE
  5
260
330
17
100
AcDbEntity
  8
CUT
100
AcDbLine
 10
167.2209472222222
 20
235.37408611111096
 30
0.0
 11
170.221675
 21
235.37408611111096
 31
0.0
  0
LINE
  5
261
330
17
100
AcDbEntity
  8
CUT
100
AcDbLine
 10
170.221675
 20
245.37604166666677
 30
0.0
 11
167.2209472222222
 21
245.37604166666677
 31
0.0
  0
LINE
  5
262
330
17
100
AcDbEntity
  8
CUT
100
AcDbLine
 10
167.2209472222222
 20
194.85367777777776
 30
0.0
 11
170.221675
 21
194.85367777777776
 31
0.0
  0
LINE
  5
263
330
17
100
AcDbEntity
  8
CUT
100
AcDbLine
 10
235.4305305555556
 20
138.6120805555555
 30
0.0
 11
236.83246944444437
 21
135.95919166666658
 31
0.0
  0
LINE
  5
264
330
17
100
AcDbEntity
  8
CUT
100
AcDbLine
 10
288.6138972222223
 20
221.01814722222218
 30
0.0
 11
324.9415416666666
 21
221.01814722222218
 31
0.0
  0
LINE
  5
265
330
17
100
AcDbEntity
  8
CUT
100
AcDbLine
 10
245.67555
 20
140.63173333333327
 30
0.0
 11
244.2736111111111
 21
143.2846222222222
 31
0.0
  0
LINE
  5
266
330
17
100
AcDbEntity
  8
CUT
100
AcDbLine
 10
209.13906111111112
 20
143.72277222222215
 30
0.0
 11
207.6715055555556
 21
141.10551388888882
 31
0.0
  0
LINE
  5
267
330
17
100
AcDbEntity
  8
CUT
100
AcDbLine
 10
270.9273833333334
 20
157.36856944444435
 30
0.0
 11
272.35013611111117
 21
154.67616944444444
 31
0.0
  0
LINE
  5
268
330
17
100
AcDbEntity
  8
CUT
100
AcDbLine
 10
291.61427222222227
 20
188.30365277777776
 30
0.0
 11
288.6138972222223
 21
188.30365277777776
 31
0.0
  0
LINE
  5
269
330
17
100
AcDbEntity
  8
CUT
100
AcDbLine
 10
324.9415416666666
 20
231.02010277777777
 30
0.0
 11
321.9411666666666
 21
231.02010277777777
 31
0.0
  0
LINE
  5
26A
330
17
100
AcDbEntity
  8
CUT
100
AcDbLine
 10
186.20215555555552
 20
153.14370277777766
 30
0.0
 11
187.66971111111098
 21
155.7609611111111
 31
0.0
  0
LINE
  5
26B
330
17
100
AcDbEntity
  8
CUT
100
AcDbLine
 10
321.9411666666666
 20
245.37604166666677
 30
0.0
 11
324.9418944444444
 21
245.37604166666677
 31
0.0
  0
LINE
  5
26C
330
17
100
AcDbEntity
  8
CUT
100
AcDbLine
 10
304.9379833333334
 20
255.37799722222223
 30
0.0
 11
270.8511833333334
 21
255.37799722222223
 31
0.0
  0
LINE
  5
26D
330
17
100
AcDbEntity
  8
CUT
100
AcDbLine
 10
288.6138972222223
 20
178.30169722222217
 30
0.0
 11
291.61427222222227
 21
178.30169722222217
 31
0.0
  0
LINE
  5
26E
330
17
100
AcDbEntity
  8
CUT
100
AcDbLine
 10
324.9418944444444
 20
255.37799722222223
 30
0.0
 11
314.9399388888889
 21
255.37799722222223
 31
0.0
  0
LINE
  5
26F
330
17
100
AcDbEntity
  8
CUT
100
AcDbLine
 10
279.7708166666667
 20
162.04146388888887
 30
0.0
 11
288.6138972222223
 21
166.7143583333335
 31
0.0
  0
LINE
  5
270
330
17
100
AcDbEntity
  8
CUT
100
AcDbLine
 10
217.86290277777778
 20
138.83080277777776
 30
0.0
 11
226.5870972222222
 21
133.9391861111111
 31
0.0
  0
LINE
  5
271
330
17
100
AcDbEntity
  8
CUT
100
AcDbLine
 10
216.39569999999998
 20
136.21354444444444
 30
0.0
 11
217.86290277777778
 21
138.83080277777776
 31
0.0
  0
LINE
  5
272
330
17
100
AcDbEntity
  8
CUT
100
AcDbLine
 10
270.8511833333334
 20
216.44156111111113
 30
0.0
 11
267.8508083333333
 21
216.44156111111113
 31
0.0
  0
LINE
  5
273
330
17
100
AcDbEntity
  8
CUT
100
AcDbLine
 10
236.83246944444437
 20
135.95919166666658
 30
0.0
 11
245.67555
 21
140.63173333333327
 31
0.0
  0
LINE
  5
274
330
17
100
AcDbEntity
  8
CUT
100
AcDbLine
 10
170.221675
 20
165.54419444444443
 30
0.0
 11
178.94551666666672
 21
160.65257777777776
 31
0.0
  0
LINE
  5
275
330
17
100
AcDbEntity
  8
CUT
100
AcDbLine
 10
187.66971111111098
 20
155.7609611111111
 30
0.0
 11
209.13906111111112
 21
143.72277222222215
 31
0.0
  0
LINE
  5
276
330
17
100
AcDbEntity
  8
CUT
100
AcDbLine
 10
242.58063055555562
 20
255.37799722222223
 30
0.0
 11
190.22523333333328
 21
255.37799722222223
 31
0.0
  0
LINE
  5
277
330
17
100
AcDbEntity
  8
CUT
100
AcDbLine
 10
272.35013611111117
 20
154.67616944444444
 30
0.0
 11
281.1935694444444
 21
159.34871111111102
 31
0.0
  0
LINE
  5
278
330
17
100
AcDbEntity
  8
CUT
100
AcDbLine
 10
281.1935694444444
 20
159.34871111111102
 30
0.0
 11
279.7708166666667
 21
162.04146388888887
 31
0.0
  0
LINE
  5
279
330
17
100
AcDbEntity
  8
CUT
100
AcDbLine
 10
252.58258611111108
 20
258.3783722222222
 30
0.0
 11
242.58063055555562
 21
258.3783722222222
 31
0.0
  0
LINE
  5
27A
330
17
100
AcDbEntity
  8
CUT
100
AcDbLine
 10
314.9399388888889
 20
258.3783722222222
 30
0.0
 11
304.9379833333334
 21
258.3783722222222
 31
0.0
  0
LINE
  5
27B
330
17
100
AcDbEntity
  8
CUT
100
AcDbLine
 10
244.2736111111111
 20
143.2846222222222
 30
0.0
 11
270.9273833333334
 21
157.36856944444435
 31
0.0
  0
LINE
  5
27C
330
17
100
AcDbEntity
  8
CUT
100
AcDbLine
 10
177.4783138888888
 20
158.03531944444455
 30
0.0
 11
186.20215555555552
 21
153.14370277777766
 31
0.0
  0
LINE
  5
27D
330
17
100
AcDbEntity
  8
CUT
100
AcDbLine
 10
180.2232777777778
 20
255.37799722222223
 30
0.0
 11
170.221675
 21
255.37799722222223
 31
0.0
  0
LINE
  5
27E
330
17
100
AcDbEntity
  8
CUT
100
AcDbLine
 10
167.2209472222222
 20
204.85563333333312
 30
0.0
 11
167.2209472222222
 21
194.85367777777776
 31
0.0
  0
LINE
  5
27F
330
17
100
AcDbEntity
  8
CUT
100
AcDbLine
 10
167.2209472222222
 20
245.37604166666677
 30
0.0
 11
167.2209472222222
 21
235.37408611111096
 31
0.0
  0
LINE
  5
280
330
17
100
AcDbEntity
  8
CUT
100
AcDbLine
 10
270.8511833333334
 20
255.37799722222223
 30
0.0
 11
270.8511833333334
 21
216.44156111111113
 31
0.0
  0
LINE
  5
281
330
17
100
AcDbEntity
  8
CUT
100
AcDbLine
 10
291.61427222222227
 20
178.30169722222217
 30
0.0
 11
291.61427222222227
 21
188.30365277777776
 31
0.0
  0
LINE
  5
282
330
17
100
AcDbEntity
  8
CUT
100
AcDbLine
 10
170.221675
 20
194.85367777777776
 30
0.0
 11
170.221675
 21
165.54419444444443
 31
0.0
  0
LINE
  5
283
330
17
100
AcDbEntity
  8
CUT
100
AcDbLine
 10
170.221675
 20
255.37799722222223
 30
0.0
 11
170.221675
 21
245.37604166666677
 31
0.0
  0
LINE
  5
284
330
17
100
AcDbEntity
  8
CUT
100
AcDbLine
 10
170.221675
 20
235.37408611111096
 30
0.0
 11
170.221675
 21
204.85563333333312
 31
0.0
  0
LINE
  5
285
330
17
100
AcDbEntity
  8
CUT
100
AcDbLine
 10
267.8508083333333
 20
216.44156111111113
 30
0.0
 11
267.8508083333333
 21
255.37799722222223
 31
0.0
  0
LINE
  5
286
330
17
100
AcDbEntity
  8
CUT
100
AcDbLine
 10
288.6138972222223
 20
166.7143583333335
 30
0.0
 11
288.6138972222223
 21
178.30169722222217
 31
0.0
  0
LINE
  5
287
330
17
100
AcDbEntity
  8
CUT
100
AcDbLine
 10
288.6138972222223
 20
188.30365277777776
 30
0.0
 11
288.6138972222223
 21
221.01814722222218
 31
0.0
  0
LINE
  5
288
330
17
100
AcDbEntity
  8
CUT
100
AcDbLine
 10
242.58063055555562
 20
258.3783722222222
 30
0.0
 11
242.58063055555562
 21
255.37799722222223
 31
0.0
  0
LINE
  5
289
330
17
100
AcDbEntity
  8
CUT
100
AcDbLine
 10
252.58258611111108
 20
255.37799722222223
 30
0.0
 11
252.58258611111108
 21
258.3783722222222
 31
0.0
  0
LINE
  5
28A
330
17
100
AcDbEntity
  8
CUT
100
AcDbLine
 10
314.9399388888889
 20
255.37799722222223
 30
0.0
 11
314.9399388888889
 21
258.3783722222222
 31
0.0
  0
LINE
  5
28B
330
17
100
AcDbEntity
  8
CUT
100
AcDbLine
 10
324.9418944444444
 20
245.37604166666677
 30
0.0
 11
324.9418944444444
 21
255.37799722222223
 31
0.0
  0
LINE
  5
28C
330
17
100
AcDbEntity
  8
CUT
100
AcDbLine
 10
180.2232777777778
 20
258.3783722222222
 30
0.0
 11
180.2232777777778
 21
255.37799722222223
 31
0.0
  0
LINE
  5
28D
330
17
100
AcDbEntity
  8
CUT
100
AcDbLine
 10
324.9415416666666
 20
221.01814722222218
 30
0.0
 11
324.9415416666666
 21
231.02010277777777
 31
0.0
  0
LINE
  5
28E
330
17
100
AcDbEntity
  8
CUT
100
AcDbLine
 10
321.9411666666666
 20
231.02010277777777
 30
0.0
 11
321.9411666666666
 21
245.37604166666677
 31
0.0
  0
LINE
  5
28F
330
17
100
AcDbEntity
  8
CUT
100
AcDbLine
 10
304.9379833333334
 20
258.3783722222222
 30
0.0
 11
304.9379833333334
 21
255.37799722222223
 31
0.0
  0
LINE
  5
290
330
17
100
AcDbEntity
  8
CUT
100
AcDbLine
 10
190.22523333333328
 20
255.37799722222223
 30
0.0
 11
190.22523333333328
 21
258.3783722222222
 31
0.0
  0
LINE
  5
291
330
17
100
AcDbEntity
  8
CUT
100
AcDbLine
 10
240.40751944444452
 20
165.65002777777772
 30
0.0
 11
241.78123611111107
 21
162.98232222222214
 31
0.0
  0
LINE
  5
292
330
17
100
AcDbEntity
  8
CUT
100
AcDbLine
 10
231.5154027777778
 20
161.07061944444445
 30
0.0
 11
240.40751944444452
 21
165.65002777777772
 31
0.0
  0
LINE
  5
293
330
17
100
AcDbEntity
  8
CUT
100
AcDbLine
 10
232.88911944444447
 20
158.40326666666658
 30
0.0
 11
231.5154027777778
 21
161.07061944444445
 31
0.0
  0
LINE
  5
294
330
17
100
AcDbEntity
  8
CUT
100
AcDbLine
 10
241.78123611111107
 20
162.98232222222214
 30
0.0
 11
232.88911944444447
 21
158.40326666666658
 31
0.0
  0
LINE
  5
295
330
17
100
AcDbEntity
  8
CUT
100
AcDbLine
 10
320.5025388888889
 20
223.00358055555546
 30
0.0
 11
320.3194472222222
 21
222.79508888888893
 31
0.0
  0
LINE
  5
296
330
17
100
AcDbEntity
  8
CUT
100
AcDbLine
 10
320.7794694444444
 20
223.48335833333329
 30
0.0
 11
320.6567027777777
 21
223.23429722222215
 31
0.0
  0
LINE
  5
297
330
17
100
AcDbEntity
  8
CUT
100
AcDbLine
 10
320.3194472222222
 20
222.79508888888893
 30
0.0
 11
320.1109555555555
 21
222.61199722222216
 31
0.0
  0
LINE
  5
298
330
17
100
AcDbEntity
  8
CUT
100
AcDbLine
 10
317.7582805555555
 20
222.45783333333327
 30
0.0
 11
317.5275638888889
 21
222.61199722222216
 31
0.0
  0
LINE
  5
299
330
17
100
AcDbEntity
  8
CUT
100
AcDbLine
 10
320.1109555555555
 20
222.61199722222216
 30
0.0
 11
319.8798861111111
 21
222.45783333333327
 31
0.0
  0
LINE
  5
29A
330
17
100
AcDbEntity
  8
CUT
100
AcDbLine
 10
318.00698888888877
 20
222.33506666666676
 30
0.0
 11
317.7582805555555
 21
222.45783333333327
 31
0.0
  0
LINE
  5
29B
330
17
100
AcDbEntity
  8
CUT
100
AcDbLine
 10
320.6567027777777
 20
223.23429722222215
 30
0.0
 11
320.5025388888889
 21
223.00358055555546
 31
0.0
  0
LINE
  5
29C
330
17
100
AcDbEntity
  8
CUT
100
AcDbLine
 10
317.1359805555555
 20
223.00358055555546
 30
0.0
 11
316.9818166666666
 21
223.23429722222215
 31
0.0
  0
LINE
  5
29D
330
17
100
AcDbEntity
  8
CUT
100
AcDbLine
 10
317.5275638888889
 20
222.61199722222216
 30
0.0
 11
317.3187194444444
 21
222.79508888888893
 31
0.0
  0
LINE
  5
29E
330
17
100
AcDbEntity
  8
CUT
100
AcDbLine
 10
316.9818166666666
 20
223.23429722222215
 30
0.0
 11
316.8586972222222
 21
223.48335833333329
 31
0.0
  0
LINE
  5
29F
330
17
100
AcDbEntity
  8
CUT
100
AcDbLine
 10
317.3187194444444
 20
222.79508888888893
 30
0.0
 11
317.1359805555555
 21
223.00358055555546
 31
0.0
  0
LINE
  5
2A0
330
17
100
AcDbEntity
  8
CUT
100
AcDbLine
 10
318.8190833333333
 20
222.17349444444437
 30
0.0
 11
318.5421527777778
 21
222.1918388888888
 31
0.0
  0
LINE
  5
2A1
330
17
100
AcDbEntity
  8
CUT
100
AcDbLine
 10
318.27016111111107
 20
222.24581388888885
 30
0.0
 11
318.00698888888877
 21
222.33506666666676
 31
0.0
  0
LINE
  5
2A2
330
17
100
AcDbEntity
  8
CUT
100
AcDbLine
 10
318.5421527777778
 20
222.1918388888888
 30
0.0
 11
318.27016111111107
 21
222.24581388888885
 31
0.0
  0
LINE
  5
2A3
330
17
100
AcDbEntity
  8
CUT
100
AcDbLine
 10
319.0960138888889
 20
222.1918388888888
 30
0.0
 11
318.8190833333333
 21
222.17349444444437
 31
0.0
  0
LINE
  5
2A4
330
17
100
AcDbEntity
  8
CUT
100
AcDbLine
 10
319.8798861111111
 20
222.45783333333327
 30
0.0
 11
319.6311777777777
 21
222.33506666666676
 31
0.0
  0
LINE
  5
2A5
330
17
100
AcDbEntity
  8
CUT
100
AcDbLine
 10
319.6311777777777
 20
222.33506666666676
 30
0.0
 11
319.3683583333333
 21
222.24581388888885
 31
0.0
  0
LINE
  5
2A6
330
17
100
AcDbEntity
  8
CUT
100
AcDbLine
 10
319.3683583333333
 20
222.24581388888885
 30
0.0
 11
319.0960138888889
 21
222.1918388888888
 31
0.0
  0
LINE
  5
2A7
330
17
100
AcDbEntity
  8
CUT
100
AcDbLine
 10
316.8586972222222
 20
223.48335833333329
 30
0.0
 11
316.8586972222222
 21
223.7461777777777
 31
0.0
  0
LINE
  5
2A8
330
17
100
AcDbEntity
  8
CUT
100
AcDbLine
 10
213.7311694444445
 20
161.07061944444445
 30
0.0
 11
212.35745277777778
 21
158.40326666666658
 31
0.0
  0
LINE
  5
2A9
330
17
100
AcDbEntity
  8
CUT
100
AcDbLine
 10
204.8390527777778
 20
165.65002777777772
 30
0.0
 11
213.7311694444445
 21
161.07061944444445
 31
0.0
  0
LINE
  5
2AA
330
17
100
AcDbEntity
  8
CUT
100
AcDbLine
 10
203.46533611111107
 20
162.98232222222214
 30
0.0
 11
204.8390527777778
 21
165.65002777777772
 31
0.0
  0
LINE
  5
2AB
330
17
100
AcDbEntity
  8
CUT
100
AcDbLine
 10
212.35745277777778
 20
158.40326666666658
 30
0.0
 11
203.46533611111107
 21
162.98232222222214
 31
0.0
  0
LINE
  5
2AC
330
17
100
AcDbEntity
  8
CUT
100
AcDbLine
 10
319.3683583333333
 20
226.34473888888897
 30
0.0
 11
319.6311777777777
 21
226.25548611111105
 31
0.0
  0
LINE
  5
2AD
330
17
100
AcDbEntity
  8
CUT
100
AcDbLine
 10
320.6567027777777
 20
225.35625555555544
 30
0.0
 11
320.7794694444444
 21
225.10719444444442
 31
0.0
  0
LINE
  5
2AE
330
17
100
AcDbEntity
  8
CUT
100
AcDbLine
 10
318.27016111111107
 20
226.34473888888897
 30
0.0
 11
318.5421527777778
 21
226.3990666666666
 31
0.0
  0
LINE
  5
2AF
330
17
100
AcDbEntity
  8
CUT
100
AcDbLine
 10
320.3194472222222
 20
225.79546388888878
 30
0.0
 11
320.5025388888889
 21
225.58697222222213
 31
0.0
  0
LINE
  5
2B0
330
17
100
AcDbEntity
  8
CUT
100
AcDbLine
 10
316.8586972222222
 20
225.10719444444442
 30
0.0
 11
316.9818166666666
 21
225.35625555555544
 31
0.0
  0
LINE
  5
2B1
330
17
100
AcDbEntity
  8
CUT
100
AcDbLine
 10
319.8798861111111
 20
226.13271944444432
 30
0.0
 11
320.1109555555555
 21
225.97855555555543
 31
0.0
  0
LINE
  5
2B2
330
17
100
AcDbEntity
  8
CUT
100
AcDbLine
 10
320.5025388888889
 20
225.58697222222213
 30
0.0
 11
320.6567027777777
 21
225.35625555555544
 31
0.0
  0
LINE
  5
2B3
330
17
100
AcDbEntity
  8
CUT
100
AcDbLine
 10
320.1109555555555
 20
225.97855555555543
 30
0.0
 11
320.3194472222222
 21
225.79546388888878
 31
0.0
  0
LINE
  5
2B4
330
17
100
AcDbEntity
  8
CUT
100
AcDbLine
 10
319.6311777777777
 20
226.25548611111105
 30
0.0
 11
319.8798861111111
 21
226.13271944444432
 31
0.0
  0
LINE
  5
2B5
330
17
100
AcDbEntity
  8
CUT
100
AcDbLine
 10
317.1359805555555
 20
225.58697222222213
 30
0.0
 11
317.3187194444444
 21
225.79546388888878
 31
0.0
  0
LINE
  5
2B6
330
17
100
AcDbEntity
  8
CUT
100
AcDbLine
 10
318.5421527777778
 20
226.3990666666666
 30
0.0
 11
318.8190833333333
 21
226.41705833333322
 31
0.0
  0
LINE
  5
2B7
330
17
100
AcDbEntity
  8
CUT
100
AcDbLine
 10
316.9818166666666
 20
225.35625555555544
 30
0.0
 11
317.1359805555555
 21
225.58697222222213
 31
0.0
  0
LINE
  5
2B8
330
17
100
AcDbEntity
  8
CUT
100
AcDbLine
 10
319.0960138888889
 20
226.3990666666666
 30
0.0
 11
319.3683583333333
 21
226.34473888888897
 31
0.0
  0
LINE
  5
2B9
330
17
100
AcDbEntity
  8
CUT
100
AcDbLine
 10
318.8190833333333
 20
226.41705833333322
 30
0.0
 11
319.0960138888889
 21
226.3990666666666
 31
0.0
  0
LINE
  5
2BA
330
17
100
AcDbEntity
  8
CUT
100
AcDbLine
 10
317.5275638888889
 20
225.97855555555543
 30
0.0
 11
317.7582805555555
 21
226.13271944444432
 31
0.0
  0
LINE
  5
2BB
330
17
100
AcDbEntity
  8
CUT
100
AcDbLine
 10
317.3187194444444
 20
225.79546388888878
 30
0.0
 11
317.5275638888889
 21
225.97855555555543
 31
0.0
  0
LINE
  5
2BC
330
17
100
AcDbEntity
  8
CUT
100
AcDbLine
 10
317.7582805555555
 20
226.13271944444432
 30
0.0
 11
318.00698888888877
 21
226.25548611111105
 31
0.0
  0
LINE
  5
2BD
330
17
100
AcDbEntity
  8
CUT
100
AcDbLine
 10
318.00698888888877
 20
226.25548611111105
 30
0.0
 11
318.27016111111107
 21
226.34473888888897
 31
0.0
  0
LINE
  5
2BE
330
17
100
AcDbEntity
  8
CUT
100
AcDbLine
 10
320.7794694444444
 20
225.10719444444442
 30
0.0
 11
320.7794694444444
 21
224.8443749999999
 31
0.0
  0
LINE
  5
2BF
330
17
100
AcDbEntity
  8
CUT
100
AcDbLine
 10
185.33785
 20
175.6929055555555
 30
0.0
 11
183.96413333333317
 21
173.02555277777776
 31
0.0
  0
LINE
  5
2C0
330
17
100
AcDbEntity
  8
CUT
100
AcDbLine
 10
183.96413333333317
 20
173.02555277777776
 30
0.0
 11
175.07236944444452
 21
177.60460833333332
 31
0.0
  0
LINE
  5
2C1
330
17
100
AcDbEntity
  8
CUT
100
AcDbLine
 10
175.07236944444452
 20
177.60460833333332
 30
0.0
 11
176.44608611111101
 21
180.2723138888888
 31
0.0
  0
LINE
  5
2C2
330
17
100
AcDbEntity
  8
CUT
100
AcDbLine
 10
176.44608611111101
 20
180.2723138888888
 30
0.0
 11
185.33785
 21
175.6929055555555
 31
0.0
  0
LINE
  5
2C3
330
17
100
AcDbEntity
  8
CUT
100
AcDbLine
 10
266.000488888889
 20
175.45513333333326
 30
0.0
 11
257.1087249999999
 21
170.8760777777777
 31
0.0
  0
LINE
  5
2C4
330
17
100
AcDbEntity
  8
CUT
100
AcDbLine
 10
257.1087249999999
 20
170.8760777777777
 30
0.0
 11
255.73500833333327
 21
173.54378333333318
 31
0.0
  0
LINE
  5
2C5
330
17
100
AcDbEntity
  8
CUT
100
AcDbLine
 10
264.6267722222223
 20
178.12283888888885
 30
0.0
 11
266.000488888889
 21
175.45513333333326
 31
0.0
  0
LINE
  5
2C6
330
17
100
AcDbEntity
  8
CUT
100
AcDbLine
 10
255.73500833333327
 20
173.54378333333318
 30
0.0
 11
264.6267722222223
 21
178.12283888888885
 31
0.0
  0
LINE
  5
2C7
330
17
100
AcDbEntity
  8
CUT
100
AcDbLine
 10
288.6138972222223
 20
245.37604166666677
 30
0.0
 11
291.61427222222227
 21
245.37604166666677
 31
0.0
  0
LINE
  5
2C8
330
17
100
AcDbEntity
  8
CUT
100
AcDbLine
 10
291.61427222222227
 20
235.37408611111096
 30
0.0
 11
288.6138972222223
 21
235.37408611111096
 31
0.0
  0
LINE
  5
2C9
330
17
100
AcDbEntity
  8
CUT
100
AcDbLine
 10
291.61427222222227
 20
245.37604166666677
 30
0.0
 11
291.61427222222227
 21
235.37408611111096
 31
0.0
  0
LINE
  5
2CA
330
17
100
AcDbEntity
  8
CUT
100
AcDbLine
 10
288.6138972222223
 20
235.37408611111096
 30
0.0
 11
288.6138972222223
 21
245.37604166666677
 31
0.0
  0
LINE
  5
2CB
330
17
100
AcDbEntity
  8
CUT
100
AcDbLine
 10
316.7694444444444
 20
223.7461777777777
 30
0.0
 11
316.7694444444444
 21
224.01816944444442
 31
0.0
  0
LINE
  5
2CC
330
17
100
AcDbEntity
  8
CUT
100
AcDbLine
 10
316.7694444444444
 20
224.8443749999999
 30
0.0
 11
316.7694444444444
 21
225.10719444444442
 31
0.0
  0
LINE
  5
2CD
330
17
100
AcDbEntity
  8
CUT
100
AcDbLine
 10
316.7154694444444
 20
224.5723833333334
 30
0.0
 11
316.7154694444444
 21
224.8443749999999
 31
0.0
  0
LINE
  5
2CE
330
17
100
AcDbEntity
  8
CUT
100
AcDbLine
 10
316.7154694444444
 20
224.01816944444442
 30
0.0
 11
316.7154694444444
 21
224.29545277777777
 31
0.0
  0
LINE
  5
2CF
330
17
100
AcDbEntity
  8
CUT
100
AcDbLine
 10
320.9410416666666
 20
224.29545277777777
 30
0.0
 11
320.9410416666666
 21
224.01816944444442
 31
0.0
  0
LINE
  5
2D0
330
17
100
AcDbEntity
  8
CUT
100
AcDbLine
 10
320.92269722222227
 20
224.5723833333334
 30
0.0
 11
320.92269722222227
 21
224.29545277777777
 31
0.0
  0
LINE
  5
2D1
330
17
100
AcDbEntity
  8
CUT
100
AcDbLine
 10
320.92269722222227
 20
224.01816944444442
 30
0.0
 11
320.92269722222227
 21
223.7461777777777
 31
0.0
  0
LINE
  5
2D2
330
17
100
AcDbEntity
  8
CUT
100
AcDbLine
 10
320.8683694444444
 20
224.8443749999999
 30
0.0
 11
320.8683694444444
 21
224.5723833333334
 31
0.0
  0
LINE
  5
2D3
330
17
100
AcDbEntity
  8
CUT
100
AcDbLine
 10
320.8683694444444
 20
223.7461777777777
 30
0.0
 11
320.8683694444444
 21
223.48335833333329
 31
0.0
  0
LINE
  5
2D4
330
17
100
AcDbEntity
  8
CUT
100
AcDbLine
 10
316.6974777777777
 20
224.29545277777777
 30
0.0
 11
316.6974777777777
 21
224.5723833333334
 31
0.0
  0
LINE
  5
2D5
330
17
100
AcDbEntity
  8
ENGRAVE
100
AcDbLine
 10
225.1110610375129
 20
204.28946929564268
 30
0.0
 11
225.1110610375129
 21
207.0894265710333
 31
0.0
  0
LINE
  5
2D6
330
17
100
AcDbEntity
  8
ENGRAVE
100
AcDbLine
 10
225.1110610375129
 20
207.0894265710333
 30
0.0
 11
223.7110823998176
 21
207.78941588988096
 31
0.0
  0
LINE
  5
2D7
330
17
100
AcDbEntity
  8
ENGRAVE
100
AcDbLine
 10
223.7110823998176
 20
207.78941588988096
 30
0.0
 11
219.51114648673166
 21
207.78941588988096
 31
0.0
  0
LINE
  5
2D8
330
17
100
AcDbEntity
  8
ENGRAVE
100
AcDbLine
 10
219.51114648673166
 20
207.78941588988096
 30
0.0
 11
218.11116784903635
 21
207.0894265710333
 31
0.0
  0
LINE
  5
2D9
330
17
100
AcDbEntity
  8
ENGRAVE
100
AcDbLine
 10
218.11116784903635
 20
207.0894265710333
 30
0.0
 11
218.11116784903635
 21
204.28946929564268
 31
0.0
  0
LINE
  5
2DA
330
17
100
AcDbEntity
  8
ENGRAVE
100
AcDbLine
 10
218.11116784903635
 20
204.28946929564268
 30
0.0
 11
219.51114648673166
 21
203.58947997679502
 31
0.0
  0
LINE
  5
2DB
330
17
100
AcDbEntity
  8
ENGRAVE
100
AcDbLine
 10
219.51114648673166
 20
203.58947997679502
 30
0.0
 11
223.7110823998176
 21
203.58947997679502
 31
0.0
  0
LINE
  5
2DC
330
17
100
AcDbEntity
  8
ENGRAVE
100
AcDbLine
 10
223.7110823998176
 20
203.58947997679502
 30
0.0
 11
225.1110610375129
 21
204.28946929564268
 31
0.0
  0
LINE
  5
2DD
330
17
100
AcDbEntity
  8
ENGRAVE
100
AcDbLine
 10
219.51114648673166
 20
209.18939452757627
 30
0.0
 11
218.11116784903635
 21
209.88938384642393
 31
0.0
  0
LINE
  5
2DE
330
17
100
AcDbEntity
  8
ENGRAVE
100
AcDbLine
 10
218.11116784903635
 20
209.88938384642393
 30
0.0
 11
218.11116784903635
 21
212.68934112181455
 31
0.0
  0
LINE
  5
2DF
330
17
100
AcDbEntity
  8
ENGRAVE
100
AcDbLine
 10
218.11116784903635
 20
212.68934112181455
 30
0.0
 11
219.51114648673166
 21
213.3893304406622
 31
0.0
  0
LINE
  5
2E0
330
17
100
AcDbEntity
  8
ENGRAVE
100
AcDbLine
 10
219.51114648673166
 20
213.3893304406622
 30
0.0
 11
220.4911315331184
 21
213.3893304406622
 31
0.0
  0
LINE
  5
2E1
330
17
100
AcDbEntity
  8
ENGRAVE
100
AcDbLine
 10
220.4911315331184
 20
213.3893304406622
 30
0.0
 11
225.1110610375129
 21
209.18939452757627
 31
0.0
  0
LINE
  5
2E2
330
17
100
AcDbEntity
  8
ENGRAVE
100
AcDbLine
 10
225.1110610375129
 20
209.18939452757627
 30
0.0
 11
225.1110610375129
 21
213.3893304406622
 31
0.0
  0
LINE
  5
2E3
330
17
100
AcDbEntity
  8
CUT
100
AcDbLine
 10
368.3924527777778
 20
141.10551388888882
 30
0.0
 11
377.1166472222222
 21
136.21354444444444
 31
0.0
  0
LINE
  5
2E4
330
17
100
AcDbEntity
  8
CUT
100
AcDbLine
 10
428.5717555555555
 20
255.37799722222223
 30
0.0
 11
413.3035333333333
 21
255.37799722222223
 31
0.0
  0
LINE
  5
2E5
330
17
100
AcDbEntity
  8
CUT
100
AcDbLine
 10
330.9426222222222
 20
204.85563333333312
 30
0.0
 11
327.9418944444444
 21
204.85563333333312
 31
0.0
  0
LINE
  5
2E6
330
17
100
AcDbEntity
  8
CUT
100
AcDbLine
 10
350.9461805555555
 20
258.3783722222222
 30
0.0
 11
340.944225
 21
258.3783722222222
 31
0.0
  0
LINE
  5
2E7
330
17
100
AcDbEntity
  8
CUT
100
AcDbLine
 10
339.6664638888889
 20
160.65257777777776
 30
0.0
 11
338.199261111111
 21
158.03531944444455
 31
0.0
  0
LINE
  5
2E8
330
17
100
AcDbEntity
  8
CUT
100
AcDbLine
 10
387.3080444444444
 20
133.9391861111111
 30
0.0
 11
396.1514777777778
 21
138.6120805555555
 31
0.0
  0
LINE
  5
2E9
330
17
100
AcDbEntity
  8
CUT
100
AcDbLine
 10
327.9418944444444
 20
235.37408611111096
 30
0.0
 11
330.9426222222222
 21
235.37408611111096
 31
0.0
  0
LINE
  5
2EA
330
17
100
AcDbEntity
  8
CUT
100
AcDbLine
 10
330.9426222222222
 20
245.37604166666677
 30
0.0
 11
327.9418944444444
 21
245.37604166666677
 31
0.0
  0
LINE
  5
2EB
330
17
100
AcDbEntity
  8
CUT
100
AcDbLine
 10
327.9418944444444
 20
194.85367777777776
 30
0.0
 11
330.9426222222222
 21
194.85367777777776
 31
0.0
  0
LINE
  5
2EC
330
17
100
AcDbEntity
  8
CUT
100
AcDbLine
 10
396.1514777777778
 20
138.6120805555555
 30
0.0
 11
397.5534166666666
 21
135.95919166666658
 31
0.0
  0
LINE
  5
2ED
330
17
100
AcDbEntity
  8
CUT
100
AcDbLine
 10
449.3348444444445
 20
221.01814722222218
 30
0.0
 11
485.6624888888888
 21
221.01814722222218
 31
0.0
  0
LINE
  5
2EE
330
17
100
AcDbEntity
  8
CUT
100
AcDbLine
 10
406.3964972222222
 20
140.63173333333327
 30
0.0
 11
404.9945583333333
 21
143.2846222222222
 31
0.0
  0
LINE
  5
2EF
330
17
100
AcDbEntity
  8
CUT
100
AcDbLine
 10
369.8600083333333
 20
143.72277222222215
 30
0.0
 11
368.3924527777778
 21
141.10551388888882
 31
0.0
  0
LINE
  5
2F0
330
17
100
AcDbEntity
  8
CUT
100
AcDbLine
 10
431.6483305555556
 20
157.36856944444435
 30
0.0
 11
433.0710833333334
 21
154.67616944444444
 31
0.0
  0
LINE
  5
2F1
330
17
100
AcDbEntity
  8
CUT
100
AcDbLine
 10
452.3352194444445
 20
188.30365277777776
 30
0.0
 11
449.3348444444445
 21
188.30365277777776
 31
0.0
  0
LINE
  5
2F2
330
17
100
AcDbEntity
  8
CUT
100
AcDbLine
 10
485.6624888888888
 20
231.02010277777777
 30
0.0
 11
482.6621138888888
 21
231.02010277777777
 31
0.0
  0
LINE
  5
2F3
330
17
100
AcDbEntity
  8
CUT
100
AcDbLine
 10
346.92310277777773
 20
153.14370277777766
 30
0.0
 11
348.3906583333332
 21
155.7609611111111
 31
0.0
  0
LINE
  5
2F4
330
17
100
AcDbEntity
  8
CUT
100
AcDbLine
 10
482.6621138888888
 20
245.37604166666677
 30
0.0
 11
485.6628416666666
 21
245.37604166666677
 31
0.0
  0
LINE
  5
2F5
330
17
100
AcDbEntity
  8
CUT
100
AcDbLine
 10
465.6589305555556
 20
255.37799722222223
 30
0.0
 11
431.5721305555556
 21
255.37799722222223
 31
0.0
  0
LINE
  5
2F6
330
17
100
AcDbEntity
  8
CUT
100
AcDbLine
 10
449.3348444444445
 20
178.30169722222217
 30
0.0
 11
452.3352194444445
 21
178.30169722222217
 31
0.0
  0
LINE
  5
2F7
330
17
100
AcDbEntity
  8
CUT
100
AcDbLine
 10
485.6628416666666
 20
255.37799722222223
 30
0.0
 11
475.6608861111111
 21
255.37799722222223
 31
0.0
  0
LINE
  5
2F8
330
17
100
AcDbEntity
  8
CUT
100
AcDbLine
 10
440.4917638888889
 20
162.04146388888887
 30
0.0
 11
449.3348444444445
 21
166.7143583333335
 31
0.0
  0
LINE
  5
2F9
330
17
100
AcDbEntity
  8
CUT
100
AcDbLine
 10
378.58385
 20
138.83080277777776
 30
0.0
 11
387.3080444444444
 21
133.9391861111111
 31
0.0
  0
LINE
  5
2FA
330
17
100
AcDbEntity
  8
CUT
100
AcDbLine
 10
377.1166472222222
 20
136.21354444444444
 30
0.0
 11
378.58385
 21
138.83080277777776
 31
0.0
  0
LINE
  5
2FB
330
17
100
AcDbEntity
  8
CUT
100
AcDbLine
 10
431.5721305555556
 20
216.44156111111113
 30
0.0
 11
428.5717555555555
 21
216.44156111111113
 31
0.0
  0
LINE
  5
2FC
330
17
100
AcDbEntity
  8
CUT
100
AcDbLine
 10
397.5534166666666
 20
135.95919166666658
 30
0.0
 11
406.3964972222222
 21
140.63173333333327
 31
0.0
  0
LINE
  5
2FD
330
17
100
AcDbEntity
  8
CUT
100
AcDbLine
 10
330.9426222222222
 20
165.54419444444443
 30
0.0
 11
339.6664638888889
 21
160.65257777777776
 31
0.0
  0
LINE
  5
2FE
330
17
100
AcDbEntity
  8
CUT
100
AcDbLine
 10
348.3906583333332
 20
155.7609611111111
 30
0.0
 11
369.8600083333333
 21
143.72277222222215
 31
0.0
  0
LINE
  5
2FF
330
17
100
AcDbEntity
  8
CUT
100
AcDbLine
 10
403.3015777777778
 20
255.37799722222223
 30
0.0
 11
350.9461805555555
 21
255.37799722222223
 31
0.0
  0
LINE
  5
300
330
17
100
AcDbEntity
  8
CUT
100
AcDbLine
 10
433.0710833333334
 20
154.67616944444444
 30
0.0
 11
441.9145166666666
 21
159.34871111111102
 31
0.0
  0
LINE
  5
301
330
17
100
AcDbEntity
  8
CUT
100
AcDbLine
 10
441.9145166666666
 20
159.34871111111102
 30
0.0
 11
440.4917638888889
 21
162.04146388888887
 31
0.0
  0
LINE
  5
302
330
17
100
AcDbEntity
  8
CUT
100
AcDbLine
 10
413.3035333333333
 20
258.3783722222222
 30
0.0
 11
403.3015777777778
 21
258.3783722222222
 31
0.0
  0
LINE
  5
303
330
17
100
AcDbEntity
  8
CUT
100
AcDbLine
 10
475.6608861111111
 20
258.3783722222222
 30
0.0
 11
465.6589305555556
 21
258.3783722222222
 31
0.0
  0
LINE
  5
304
330
17
100
AcDbEntity
  8
CUT
100
AcDbLine
 10
404.9945583333333
 20
143.2846222222222
 30
0.0
 11
431.6483305555556
 21
157.36856944444435
 31
0.0
  0
LINE
  5
305
330
17
100
AcDbEntity
  8
CUT
100
AcDbLine
 10
338.199261111111
 20
158.03531944444455
 30
0.0
 11
346.92310277777773
 21
153.14370277777766
 31
0.0
  0
LINE
  5
306
330
17
100
AcDbEntity
  8
CUT
100
AcDbLine
 10
340.944225
 20
255.37799722222223
 30
0.0
 11
330.9426222222222
 21
255.37799722222223
 31
0.0
  0
LINE
  5
307
330
17
100
AcDbEntity
  8
CUT
100
AcDbLine
 10
327.9418944444444
 20
204.85563333333312
 30
0.0
 11
327.9418944444444
 21
194.85367777777776
 31
0.0
  0
LINE
  5
308
330
17
100
AcDbEntity
  8
CUT
100
AcDbLine
 10
327.9418944444444
 20
245.37604166666677
 30
0.0
 11
327.9418944444444
 21
235.37408611111096
 31
0.0
  0
LINE
  5
309
330
17
100
AcDbEntity
  8
CUT
100
AcDbLine
 10
431.5721305555556
 20
255.37799722222223
 30
0.0
 11
431.5721305555556
 21
216.44156111111113
 31
0.0
  0
LINE
  5
30A
330
17
100
AcDbEntity
  8
CUT
100
AcDbLine
 10
452.3352194444445
 20
178.30169722222217
 30
0.0
 11
452.3352194444445
 21
188.30365277777776
 31
0.0
  0
LINE
  5
30B
330
17
100
AcDbEntity
  8
CUT
100
AcDbLine
 10
330.9426222222222
 20
194.85367777777776
 30
0.0
 11
330.9426222222222
 21
165.54419444444443
 31
0.0
  0
LINE
  5
30C
330
17
100
AcDbEntity
  8
CUT
100
AcDbLine
 10
330.9426222222222
 20
255.37799722222223
 30
0.0
 11
330.9426222222222
 21
245.37604166666677
 31
0.0
  0
LINE
  5
30D
330
17
100
AcDbEntity
  8
CUT
100
AcDbLine
 10
330.9426222222222
 20
235.37408611111096
 30
0.0
 11
330.9426222222222
 21
204.85563333333312
 31
0.0
  0
LINE
  5
30E
330
17
100
AcDbEntity
  8
CUT
100
AcDbLine
 10
428.5717555555555
 20
216.44156111111113
 30
0.0
 11
428.5717555555555
 21
255.37799722222223
 31
0.0
  0
LINE
  5
30F
330
17
100
AcDbEntity
  8
CUT
100
AcDbLine
 10
449.3348444444445
 20
166.7143583333335
 30
0.0
 11
449.3348444444445
 21
178.30169722222217
 31
0.0
  0
LINE
  5
310
330
17
100
AcDbEntity
  8
CUT
100
AcDbLine
 10
449.3348444444445
 20
188.30365277777776
 30
0.0
 11
449.3348444444445
 21
221.01814722222218
 31
0.0
  0
LINE
  5
311
330
17
100
AcDbEntity
  8
CUT
100
AcDbLine
 10
403.3015777777778
 20
258.3783722222222
 30
0.0
 11
403.3015777777778
 21
255.37799722222223
 31
0.0
  0
LINE
  5
312
330
17
100
AcDbEntity
  8
CUT
100
AcDbLine
 10
413.3035333333333
 20
255.37799722222223
 30
0.0
 11
413.3035333333333
 21
258.3783722222222
 31
0.0
  0
LINE
  5
313
330
17
100
AcDbEntity
  8
CUT
100
AcDbLine
 10
475.6608861111111
 20
255.37799722222223
 30
0.0
 11
475.6608861111111
 21
258.3783722222222
 31
0.0
  0
LINE
  5
314
330
17
100
AcDbEntity
  8
CUT
100
AcDbLine
 10
485.6628416666666
 20
245.37604166666677
 30
0.0
 11
485.6628416666666
 21
255.37799722222223
 31
0.0
  0
LINE
  5
315
330
17
100
AcDbEntity
  8
CUT
100
AcDbLine
 10
340.944225
 20
258.3783722222222
 30
0.0
 11
340.944225
 21
255.37799722222223
 31
0.0
  0
LINE
  5
316
330
17
100
AcDbEntity
  8
CUT
100
AcDbLine
 10
485.6624888888888
 20
221.01814722222218
 30
0.0
 11
485.6624888888888
 21
231.02010277777777
 31
0.0
  0
LINE
  5
317
330
17
100
AcDbEntity
  8
CUT
100
AcDbLine
 10
482.6621138888888
 20
231.02010277777777
 30
0.0
 11
482.6621138888888
 21
245.37604166666677
 31
0.0
  0
LINE
  5
318
330
17
100
AcDbEntity
  8
CUT
100
AcDbLine
 10
465.6589305555556
 20
258.3783722222222
 30
0.0
 11
465.6589305555556
 21
255.37799722222223
 31
0.0
  0
LINE
  5
319
330
17
100
AcDbEntity
  8
CUT
100
AcDbLine
 10
350.9461805555555
 20
255.37799722222223
 30
0.0
 11
350.9461805555555
 21
258.3783722222222
 31
0.0
  0
LINE
  5
31A
330
17
100
AcDbEntity
  8
CUT
100
AcDbLine
 10
401.1284666666667
 20
165.65002777777772
 30
0.0
 11
402.5021833333333
 21
162.98232222222214
 31
0.0
  0
LINE
  5
31B
330
17
100
AcDbEntity
  8
CUT
100
AcDbLine
 10
392.23635
 20
161.07061944444445
 30
0.0
 11
401.1284666666667
 21
165.65002777777772
 31
0.0
  0
LINE
  5
31C
330
17
100
AcDbEntity
  8
CUT
100
AcDbLine
 10
393.6100666666667
 20
158.40326666666658
 30
0.0
 11
392.23635
 21
161.07061944444445
 31
0.0
  0
LINE
  5
31D
330
17
100
AcDbEntity
  8
CUT
100
AcDbLine
 10
402.5021833333333
 20
162.98232222222214
 30
0.0
 11
393.6100666666667
 21
158.40326666666658
 31
0.0
  0
LINE
  5
31E
330
17
100
AcDbEntity
  8
CUT
100
AcDbLine
 10
481.22348611111113
 20
223.00358055555546
 30
0.0
 11
481.0403944444444
 21
222.79508888888893
 31
0.0
  0
LINE
  5
31F
330
17
100
AcDbEntity
  8
CUT
100
AcDbLine
 10
481.5004166666666
 20
223.48335833333329
 30
0.0
 11
481.3776499999999
 21
223.23429722222215
 31
0.0
  0
LINE
  5
320
330
17
100
AcDbEntity
  8
CUT
100
AcDbLine
 10
481.0403944444444
 20
222.79508888888893
 30
0.0
 11
480.8319027777777
 21
222.61199722222216
 31
0.0
  0
LINE
  5
321
330
17
100
AcDbEntity
  8
CUT
100
AcDbLine
 10
478.4792277777777
 20
222.45783333333327
 30
0.0
 11
478.2485111111111
 21
222.61199722222216
 31
0.0
  0
LINE
  5
322
330
17
100
AcDbEntity
  8
CUT
100
AcDbLine
 10
480.8319027777777
 20
222.61199722222216
 30
0.0
 11
480.6008333333333
 21
222.45783333333327
 31
0.0
  0
LINE
  5
323
330
17
100
AcDbEntity
  8
CUT
100
AcDbLine
 10
478.727936111111
 20
222.33506666666676
 30
0.0
 11
478.4792277777777
 21
222.45783333333327
 31
0.0
  0
LINE
  5
324
330
17
100
AcDbEntity
  8
CUT
100
AcDbLine
 10
481.3776499999999
 20
223.23429722222215
 30
0.0
 11
481.22348611111113
 21
223.00358055555546
 31
0.0
  0
LINE
  5
325
330
17
100
AcDbEntity
  8
CUT
100
AcDbLine
 10
477.8569277777777
 20
223.00358055555546
 30
0.0
 11
477.7027638888888
 21
223.23429722222215
 31
0.0
  0
LINE
  5
326
330
17
100
AcDbEntity
  8
CUT
100
AcDbLine
 10
478.2485111111111
 20
222.61199722222216
 30
0.0
 11
478.0396666666666
 21
222.79508888888893
 31
0.0
  0
LINE
  5
327
330
17
100
AcDbEntity
  8
CUT
100
AcDbLine
 10
477.7027638888888
 20
223.23429722222215
 30
0.0
 11
477.5796444444444
 21
223.48335833333329
 31
0.0
  0
LINE
  5
328
330
17
100
AcDbEntity
  8
CUT
100
AcDbLine
 10
478.0396666666666
 20
222.79508888888893
 30
0.0
 11
477.8569277777777
 21
223.00358055555546
 31
0.0
  0
LINE
  5
329
330
17
100
AcDbEntity
  8
CUT
100
AcDbLine
 10
479.5400305555555
 20
222.17349444444437
 30
0.0
 11
479.2631
 21
222.1918388888888
 31
0.0
  0
LINE
  5
32A
330
17
100
AcDbEntity
  8
CUT
100
AcDbLine
 10
478.9911083333333
 20
222.24581388888885
 30
0.0
 11
478.727936111111
 21
222.33506666666676
 31
0.0
  0
LINE
  5
32B
330
17
100
AcDbEntity
  8
CUT
100
AcDbLine
 10
479.2631
 20
222.1918388888888
 30
0.0
 11
478.9911083333333
 21
222.24581388888885
 31
0.0
  0
LINE
  5
32C
330
17
100
AcDbEntity
  8
CUT
100
AcDbLine
 10
479.8169611111111
 20
222.1918388888888
 30
0.0
 11
479.5400305555555
 21
222.17349444444437
 31
0.0
  0
LINE
  5
32D
330
17
100
AcDbEntity
  8
CUT
100
AcDbLine
 10
480.6008333333333
 20
222.45783333333327
 30
0.0
 11
480.3521249999999
 21
222.33506666666676
 31
0.0
  0
LINE
  5
32E
330
17
100
AcDbEntity
  8
CUT
100
AcDbLine
 10
480.3521249999999
 20
222.33506666666676
 30
0.0
 11
480.0893055555555
 21
222.24581388888885
 31
0.0
  0
LINE
  5
32F
330
17
100
AcDbEntity
  8
CUT
100
AcDbLine
 10
480.0893055555555
 20
222.24581388888885
 30
0.0
 11
479.8169611111111
 21
222.1918388888888
 31
0.0
  0
LINE
  5
330
330
17
100
AcDbEntity
  8
CUT
100
AcDbLine
 10
477.5796444444444
 20
223.48335833333329
 30
0.0
 11
477.5796444444444
 21
223.7461777777777
 31
0.0
  0
LINE
  5
331
330
17
100
AcDbEntity
  8
CUT
100
AcDbLine
 10
374.4521166666667
 20
161.07061944444445
 30
0.0
 11
373.0784
 21
158.40326666666658
 31
0.0
  0
LINE
  5
332
330
17
100
AcDbEntity
  8
CUT
100
AcDbLine
 10
365.56
 20
165.65002777777772
 30
0.0
 11
374.4521166666667
 21
161.07061944444445
 31
0.0
  0
LINE
  5
333
330
17
100
AcDbEntity
  8
CUT
100
AcDbLine
 10
364.1862833333333
 20
162.98232222222214
 30
0.0
 11
365.56
 21
165.65002777777772
 31
0.0
  0
LINE
  5
334
330
17
100
AcDbEntity
  8
CUT
100
AcDbLine
 10
373.0784
 20
158.40326666666658
 30
0.0
 11
364.1862833333333
 21
162.98232222222214
 31
0.0
  0
LINE
  5
335
330
17
100
AcDbEntity
  8
CUT
100
AcDbLine
 10
480.0893055555555
 20
226.34473888888897
 30
0.0
 11
480.3521249999999
 21
226.25548611111105
 31
0.0
  0
LINE
  5
336
330
17
100
AcDbEntity
  8
CUT
100
AcDbLine
 10
481.3776499999999
 20
225.35625555555544
 30
0.0
 11
481.5004166666666
 21
225.10719444444442
 31
0.0
  0
LINE
  5
337
330
17
100
AcDbEntity
  8
CUT
100
AcDbLine
 10
478.9911083333333
 20
226.34473888888897
 30
0.0
 11
479.2631
 21
226.3990666666666
 31
0.0
  0
LINE
  5
338
330
17
100
AcDbEntity
  8
CUT
100
AcDbLine
 10
481.0403944444444
 20
225.79546388888878
 30
0.0
 11
481.22348611111113
 21
225.58697222222213
 31
0.0
  0
LINE
  5
339
330
17
100
AcDbEntity
  8
CUT
100
AcDbLine
 10
477.5796444444444
 20
225.10719444444442
 30
0.0
 11
477.7027638888888
 21
225.35625555555544
 31
0.0
  0
LINE
  5
33A
330
17
100
AcDbEntity
  8
CUT
100
AcDbLine
 10
480.6008333333333
 20
226.13271944444432
 30
0.0
 11
480.8319027777777
 21
225.97855555555543
 31
0.0
  0
LINE
  5
33B
330
17
100
AcDbEntity
  8
CUT
100
AcDbLine
 10
481.22348611111113
 20
225.58697222222213
 30
0.0
 11
481.3776499999999
 21
225.35625555555544
 31
0.0
  0
LINE
  5
33C
330
17
100
AcDbEntity
  8
CUT
100
AcDbLine
 10
480.8319027777777
 20
225.97855555555543
 30
0.0
 11
481.0403944444444
 21
225.79546388888878
 31
0.0
  0
LINE
  5
33D
330
17
100
AcDbEntity
  8
CUT
100
AcDbLine
 10
480.3521249999999
 20
226.25548611111105
 30
0.0
 11
480.6008333333333
 21
226.13271944444432
 31
0.0
  0
LINE
  5
33E
330
17
100
AcDbEntity
  8
CUT
100
AcDbLine
 10
477.8569277777777
 20
225.58697222222213
 30
0.0
 11
478.0396666666666
 21
225.79546388888878
 31
0.0
  0
LINE
  5
33F
330
17
100
AcDbEntity
  8
CUT
100
AcDbLine
 10
479.2631
 20
226.3990666666666
 30
0.0
 11
479.5400305555555
 21
226.41705833333322
 31
0.0
  0
LINE
  5
340
330
17
100
AcDbEntity
  8
CUT
100
AcDbLine
 10
477.7027638888888
 20
225.35625555555544
 30
0.0
 11
477.8569277777777
 21
225.58697222222213
 31
0.0
  0
LINE
  5
341
330
17
100
AcDbEntity
  8
CUT
100
AcDbLine
 10
479.8169611111111
 20
226.3990666666666
 30
0.0
 11
480.0893055555555
 21
226.34473888888897
 31
0.0
  0
LINE
  5
342
330
17
100
AcDbEntity
  8
CUT
100
AcDbLine
 10
479.5400305555555
 20
226.41705833333322
 30
0.0
 11
479.8169611111111
 21
226.3990666666666
 31
0.0
  0
LINE
  5
343
330
17
100
AcDbEntity
  8
CUT
100
AcDbLine
 10
478.2485111111111
 20
225.97855555555543
 30
0.0
 11
478.4792277777777
 21
226.13271944444432
 31
0.0
  0
LINE
  5
344
330
17
100
AcDbEntity
  8
CUT
100
AcDbLine
 10
478.0396666666666
 20
225.79546388888878
 30
0.0
 11
478.2485111111111
 21
225.97855555555543
 31
0.0
  0
LINE
  5
345
330
17
100
AcDbEntity
  8
CUT
100
AcDbLine
 10
478.4792277777777
 20
226.13271944444432
 30
0.0
 11
478.727936111111
 21
226.25548611111105
 31
0.0
  0
LINE
  5
346
330
17
100
AcDbEntity
  8
CUT
100
AcDbLine
 10
478.727936111111
 20
226.25548611111105
 30
0.0
 11
478.9911083333333
 21
226.34473888888897
 31
0.0
  0
LINE
  5
347
330
17
100
AcDbEntity
  8
CUT
100
AcDbLine
 10
481.5004166666666
 20
225.10719444444442
 30
0.0
 11
481.5004166666666
 21
224.8443749999999
 31
0.0
  0
LINE
  5
348
330
17
100
AcDbEntity
  8
CUT
100
AcDbLine
 10
346.0587972222222
 20
175.6929055555555
 30
0.0
 11
344.6850805555554
 21
173.02555277777776
 31
0.0
  0
LINE
  5
349
330
17
100
AcDbEntity
  8
CUT
100
AcDbLine
 10
344.6850805555554
 20
173.02555277777776
 30
0.0
 11
335.7933166666667
 21
177.60460833333332
 31
0.0
  0
LINE
  5
34A
330
17
100
AcDbEntity
  8
CUT
100
AcDbLine
 10
335.7933166666667
 20
177.60460833333332
 30
0.0
 11
337.1670333333332
 21
180.2723138888888
 31
0.0
  0
LINE
  5
34B
330
17
100
AcDbEntity
  8
CUT
100
AcDbLine
 10
337.1670333333332
 20
180.2723138888888
 30
0.0
 11
346.0587972222222
 21
175.6929055555555
 31
0.0
  0
LINE
  5
34C
330
17
100
AcDbEntity
  8
CUT
100
AcDbLine
 10
426.7214361111112
 20
175.45513333333326
 30
0.0
 11
417.8296722222221
 21
170.8760777777777
 31
0.0
  0
LINE
  5
34D
330
17
100
AcDbEntity
  8
CUT
100
AcDbLine
 10
417.8296722222221
 20
170.8760777777777
 30
0.0
 11
416.4559555555555
 21
173.54378333333318
 31
0.0
  0
LINE
  5
34E
330
17
100
AcDbEntity
  8
CUT
100
AcDbLine
 10
425.3477194444445
 20
178.12283888888885
 30
0.0
 11
426.7214361111112
 21
175.45513333333326
 31
0.0
  0
LINE
  5
34F
330
17
100
AcDbEntity
  8
CUT
100
AcDbLine
 10
416.4559555555555
 20
173.54378333333318
 30
0.0
 11
425.3477194444445
 21
178.12283888888885
 31
0.0
  0
LINE
  5
350
330
17
100
AcDbEntity
  8
CUT
100
AcDbLine
 10
449.3348444444445
 20
245.37604166666677
 30
0.0
 11
452.3352194444445
 21
245.37604166666677
 31
0.0
  0
LINE
  5
351
330
17
100
AcDbEntity
  8
CUT
100
AcDbLine
 10
452.3352194444445
 20
235.37408611111096
 30
0.0
 11
449.3348444444445
 21
235.37408611111096
 31
0.0
  0
LINE
  5
352
330
17
100
AcDbEntity
  8
CUT
100
AcDbLine
 10
452.3352194444445
 20
245.37604166666677
 30
0.0
 11
452.3352194444445
 21
235.37408611111096
 31
0.0
  0
LINE
  5
353
330
17
100
AcDbEntity
  8
CUT
100
AcDbLine
 10
449.3348444444445
 20
235.37408611111096
 30
0.0
 11
449.3348444444445
 21
245.37604166666677
 31
0.0
  0
LINE
  5
354
330
17
100
AcDbEntity
  8
CUT
100
AcDbLine
 10
477.4903916666666
 20
223.7461777777777
 30
0.0
 11
477.4903916666666
 21
224.01816944444442
 31
0.0
  0
LINE
  5
355
330
17
100
AcDbEntity
  8
CUT
100
AcDbLine
 10
477.4903916666666
 20
224.8443749999999
 30
0.0
 11
477.4903916666666
 21
225.10719444444442
 31
0.0
  0
LINE
  5
356
330
17
100
AcDbEntity
  8
CUT
100
AcDbLine
 10
477.4364166666666
 20
224.5723833333334
 30
0.0
 11
477.4364166666666
 21
224.8443749999999
 31
0.0
  0
LINE
  5
357
330
17
100
AcDbEntity
  8
CUT
100
AcDbLine
 10
477.4364166666666
 20
224.01816944444442
 30
0.0
 11
477.4364166666666
 21
224.29545277777777
 31
0.0
  0
LINE
  5
358
330
17
100
AcDbEntity
  8
CUT
100
AcDbLine
 10
481.6619888888888
 20
224.29545277777777
 30
0.0
 11
481.6619888888888
 21
224.01816944444442
 31
0.0
  0
LINE
  5
359
330
17
100
AcDbEntity
  8
CUT
100
AcDbLine
 10
481.6436444444445
 20
224.5723833333334
 30
0.0
 11
481.6436444444445
 21
224.29545277777777
 31
0.0
  0
LINE
  5
35A
330
17
100
AcDbEntity
  8
CUT
100
AcDbLine
 10
481.6436444444445
 20
224.01816944444442
 30
0.0
 11
481.6436444444445
 21
223.7461777777777
 31
0.0
  0
LINE
  5
35B
330
17
100
AcDbEntity
  8
CUT
100
AcDbLine
 10
481.5893166666666
 20
224.8443749999999
 30
0.0
 11
481.5893166666666
 21
224.5723833333334
 31
0.0
  0
LINE
  5
35C
330
17
100
AcDbEntity
  8
CUT
100
AcDbLine
 10
481.5893166666666
 20
223.7461777777777
 30
0.0
 11
481.5893166666666
 21
223.48335833333329
 31
0.0
  0
LINE
  5
35D
330
17
100
AcDbEntity
  8
CUT
100
AcDbLine
 10
477.4184249999999
 20
224.29545277777777
 30
0.0
 11
477.4184249999999
 21
224.5723833333334
 31
0.0
  0
LINE
  5
35E
330
17
100
AcDbEntity
  8
ENGRAVE
100
AcDbLine
 10
385.8320082597351
 20
204.28946929564268
 30
0.0
 11
385.8320082597351
 21
207.0894265710333
 31
0.0
  0
LINE
  5
35F
330
17
100
AcDbEntity
  8
ENGRAVE
100
AcDbLine
 10
385.8320082597351
 20
207.0894265710333
 30
0.0
 11
384.4320296220398
 21
207.78941588988096
 31
0.0
  0
LINE
  5
360
330
17
100
AcDbEntity
  8
ENGRAVE
100
AcDbLine
 10
384.4320296220398
 20
207.78941588988096
 30
0.0
 11
380.23209370895387
 21
207.78941588988096
 31
0.0
  0
LINE
  5
361
330
17
100
AcDbEntity
  8
ENGRAVE
100
AcDbLine
 10
380.23209370895387
 20
207.78941588988096
 30
0.0
 11
378.83211507125856
 21
207.0894265710333
 31
0.0
  0
LINE
  5
362
330
17
100
AcDbEntity
  8
ENGRAVE
100
AcDbLine
 10
378.83211507125856
 20
207.0894265710333
 30
0.0
 11
378.83211507125856
 21
204.28946929564268
 31
0.0
  0
LINE
  5
363
330
17
100
AcDbEntity
  8
ENGRAVE
100
AcDbLine
 10
378.83211507125856
 20
204.28946929564268
 30
0.0
 11
380.23209370895387
 21
203.58947997679502
 31
0.0
  0
LINE
  5
364
330
17
100
AcDbEntity
  8
ENGRAVE
100
AcDbLine
 10
380.23209370895387
 20
203.58947997679502
 30
0.0
 11
384.4320296220398
 21
203.58947997679502
 31
0.0
  0
LINE
  5
365
330
17
100
AcDbEntity
  8
ENGRAVE
100
AcDbLine
 10
384.4320296220398
 20
203.58947997679502
 30
0.0
 11
385.8320082597351
 21
204.28946929564268
 31
0.0
  0
LINE
  5
366
330
17
100
AcDbEntity
  8
ENGRAVE
100
AcDbLine
 10
380.23209370895387
 20
209.18939452757627
 30
0.0
 11
378.83211507125856
 21
209.88938384642393
 31
0.0
  0
LINE
  5
367
330
17
100
AcDbEntity
  8
ENGRAVE
100
AcDbLine
 10
378.83211507125856
 20
209.88938384642393
 30
0.0
 11
378.83211507125856
 21
212.68934112181455
 31
0.0
  0
LINE
  5
368
330
17
100
AcDbEntity
  8
ENGRAVE
100
AcDbLine
 10
378.83211507125856
 20
212.68934112181455
 30
0.0
 11
380.23209370895387
 21
213.3893304406622
 31
0.0
  0
LINE
  5
369
330
17
100
AcDbEntity
  8
ENGRAVE
100
AcDbLine
 10
380.23209370895387
 20
213.3893304406622
 30
0.0
 11
381.2120787553406
 21
213.3893304406622
 31
0.0
  0
LINE
  5
36A
330
17
100
AcDbEntity
  8
ENGRAVE
100
AcDbLine
 10
381.2120787553406
 20
213.3893304406622
 30
0.0
 11
385.8320082597351
 21
209.18939452757627
 31
0.0
  0
LINE
  5
36B
330
17
100
AcDbEntity
  8
ENGRAVE
100
AcDbLine
 10
385.8320082597351
 20
209.18939452757627
 30
0.0
 11
385.8320082597351
 21
213.3893304406622
 31
0.0
  0
LINE
  5
36C
330
17
100
AcDbEntity
  8
CUT
100
AcDbLine
 10
46.95055833333339
 20
268.5446999999999
 30
0.0
 11
55.67475277777777
 21
263.65273055555554
 31
0.0
  0
LINE
  5
36D
330
17
100
AcDbEntity
  8
CUT
100
AcDbLine
 10
107.1298611111111
 20
382.81718333333333
 30
0.0
 11
91.86163888888888
 21
382.81718333333333
 31
0.0
  0
LINE
  5
36E
330
17
100
AcDbEntity
  8
CUT
100
AcDbLine
 10
9.500727777777797
 20
332.2948194444442
 30
0.0
 11
6.5
 21
332.2948194444442
 31
0.0
  0
LINE
  5
36F
330
17
100
AcDbEntity
  8
CUT
100
AcDbLine
 10
29.50428611111107
 20
385.8175583333333
 30
0.0
 11
19.502330555555602
 21
385.8175583333333
 31
0.0
  0
LINE
  5
370
330
17
100
AcDbEntity
  8
CUT
100
AcDbLine
 10
18.224569444444512
 20
288.09176388888886
 30
0.0
 11
16.7573666666666
 21
285.47450555555565
 31
0.0
  0
LINE
  5
371
330
17
100
AcDbEntity
  8
CUT
100
AcDbLine
 10
65.86615
 20
261.3783722222222
 30
0.0
 11
74.7095833333334
 21
266.0512666666666
 31
0.0
  0
LINE
  5
372
330
17
100
AcDbEntity
  8
CUT
100
AcDbLine
 10
6.5
 20
362.81327222222205
 30
0.0
 11
9.500727777777797
 21
362.81327222222205
 31
0.0
  0
LINE
  5
373
330
17
100
AcDbEntity
  8
CUT
100
AcDbLine
 10
9.500727777777797
 20
372.81522777777786
 30
0.0
 11
6.5
 21
372.81522777777786
 31
0.0
  0
LINE
  5
374
330
17
100
AcDbEntity
  8
CUT
100
AcDbLine
 10
6.5
 20
322.29286388888886
 30
0.0
 11
9.500727777777797
 21
322.29286388888886
 31
0.0
  0
LINE
  5
375
330
17
100
AcDbEntity
  8
CUT
100
AcDbLine
 10
74.7095833333334
 20
266.0512666666666
 30
0.0
 11
76.11152222222216
 21
263.3983777777777
 31
0.0
  0
LINE
  5
376
330
17
100
AcDbEntity
  8
CUT
100
AcDbLine
 10
127.8929500000001
 20
348.4573333333333
 30
0.0
 11
164.22059444444437
 21
348.4573333333333
 31
0.0
  0
LINE
  5
377
330
17
100
AcDbEntity
  8
CUT
100
AcDbLine
 10
84.95460277777778
 20
268.07091944444437
 30
0.0
 11
83.5526638888889
 21
270.7238083333333
 31
0.0
  0
LINE
  5
378
330
17
100
AcDbEntity
  8
CUT
100
AcDbLine
 10
48.41811388888891
 20
271.16195833333325
 30
0.0
 11
46.95055833333339
 21
268.5446999999999
 31
0.0
  0
LINE
  5
379
330
17
100
AcDbEntity
  8
CUT
100
AcDbLine
 10
110.2064361111112
 20
284.80775555555545
 30
0.0
 11
111.62918888888896
 21
282.11535555555554
 31
0.0
  0
LINE
  5
37A
330
17
100
AcDbEntity
  8
CUT
100
AcDbLine
 10
130.89332500000006
 20
315.74283888888885
 30
0.0
 11
127.8929500000001
 21
315.74283888888885
 31
0.0
  0
LINE
  5
37B
330
17
100
AcDbEntity
  8
CUT
100
AcDbLine
 10
164.22059444444437
 20
358.45928888888886
 30
0.0
 11
161.2202194444444
 21
358.45928888888886
 31
0.0
  0
LINE
  5
37C
330
17
100
AcDbEntity
  8
CUT
100
AcDbLine
 10
25.481208333333313
 20
280.58288888888876
 30
0.0
 11
26.948763888888777
 21
283.2001472222222
 31
0.0
  0
LINE
  5
37D
330
17
100
AcDbEntity
  8
CUT
100
AcDbLine
 10
161.2202194444444
 20
372.81522777777786
 30
0.0
 11
164.2209472222222
 21
372.81522777777786
 31
0.0
  0
LINE
  5
37E
330
17
100
AcDbEntity
  8
CUT
100
AcDbLine
 10
144.2170361111112
 20
382.81718333333333
 30
0.0
 11
110.13023611111117
 21
382.81718333333333
 31
0.0
  0
LINE
  5
37F
330
17
100
AcDbEntity
  8
CUT
100
AcDbLine
 10
127.8929500000001
 20
305.7408833333333
 30
0.0
 11
130.89332500000006
 21
305.7408833333333
 31
0.0
  0
LINE
  5
380
330
17
100
AcDbEntity
  8
CUT
100
AcDbLine
 10
164.2209472222222
 20
382.81718333333333
 30
0.0
 11
154.21899166666668
 21
382.81718333333333
 31
0.0
  0
LINE
  5
381
330
17
100
AcDbEntity
  8
CUT
100
AcDbLine
 10
119.04986944444448
 20
289.48064999999997
 30
0.0
 11
127.8929500000001
 21
294.1535444444446
 31
0.0
  0
LINE
  5
382
330
17
100
AcDbEntity
  8
CUT
100
AcDbLine
 10
57.14195555555557
 20
266.26998888888886
 30
0.0
 11
65.86615
 21
261.3783722222222
 31
0.0
  0
LINE
  5
383
330
17
100
AcDbEntity
  8
CUT
100
AcDbLine
 10
55.67475277777777
 20
263.65273055555554
 30
0.0
 11
57.14195555555557
 21
266.26998888888886
 31
0.0
  0
LINE
  5
384
330
17
100
AcDbEntity
  8
CUT
100
AcDbLine
 10
110.13023611111117
 20
343.8807472222222
 30
0.0
 11
107.1298611111111
 21
343.8807472222222
 31
0.0
  0
LINE
  5
385
330
17
100
AcDbEntity
  8
CUT
100
AcDbLine
 10
76.11152222222216
 20
263.3983777777777
 30
0.0
 11
84.95460277777778
 21
268.07091944444437
 31
0.0
  0
LINE
  5
386
330
17
100
AcDbEntity
  8
CUT
100
AcDbLine
 10
9.500727777777797
 20
292.9833805555555
 30
0.0
 11
18.224569444444512
 21
288.09176388888886
 31
0.0
  0
LINE
  5
387
330
17
100
AcDbEntity
  8
CUT
100
AcDbLine
 10
26.948763888888777
 20
283.2001472222222
 30
0.0
 11
48.41811388888891
 21
271.16195833333325
 31
0.0
  0
LINE
  5
388
330
17
100
AcDbEntity
  8
CUT
100
AcDbLine
 10
81.85968333333341
 20
382.81718333333333
 30
0.0
 11
29.50428611111107
 21
382.81718333333333
 31
0.0
  0
LINE
  5
389
330
17
100
AcDbEntity
  8
CUT
100
AcDbLine
 10
111.62918888888896
 20
282.11535555555554
 30
0.0
 11
120.47262222222218
 21
286.7878972222221
 31
0.0
  0
LINE
  5
38A
330
17
100
AcDbEntity
  8
CUT
100
AcDbLine
 10
120.47262222222218
 20
286.7878972222221
 30
0.0
 11
119.04986944444448
 21
289.48064999999997
 31
0.0
  0
LINE
  5
38B
330
17
100
AcDbEntity
  8
CUT
100
AcDbLine
 10
91.86163888888888
 20
385.8175583333333
 30
0.0
 11
81.85968333333341
 21
385.8175583333333
 31
0.0
  0
LINE
  5
38C
330
17
100
AcDbEntity
  8
CUT
100
AcDbLine
 10
154.21899166666668
 20
385.8175583333333
 30
0.0
 11
144.2170361111112
 21
385.8175583333333
 31
0.0
  0
LINE
  5
38D
330
17
100
AcDbEntity
  8
CUT
100
AcDbLine
 10
83.5526638888889
 20
270.7238083333333
 30
0.0
 11
110.2064361111112
 21
284.80775555555545
 31
0.0
  0
LINE
  5
38E
330
17
100
AcDbEntity
  8
CUT
100
AcDbLine
 10
16.7573666666666
 20
285.47450555555565
 30
0.0
 11
25.481208333333313
 21
280.58288888888876
 31
0.0
  0
LINE
  5
38F
330
17
100
AcDbEntity
  8
CUT
100
AcDbLine
 10
19.502330555555602
 20
382.81718333333333
 30
0.0
 11
9.500727777777797
 21
382.81718333333333
 31
0.0
  0
LINE
  5
390
330
17
100
AcDbEntity
  8
CUT
100
AcDbLine
 10
6.5
 20
332.2948194444442
 30
0.0
 11
6.5
 21
322.29286388888886
 31
0.0
  0
LINE
  5
391
330
17
100
AcDbEntity
  8
CUT
100
AcDbLine
 10
6.5
 20
372.81522777777786
 30
0.0
 11
6.5
 21
362.81327222222205
 31
0.0
  0
LINE
  5
392
330
17
100
AcDbEntity
  8
CUT
100
AcDbLine
 10
110.13023611111117
 20
382.81718333333333
 30
0.0
 11
110.13023611111117
 21
343.8807472222222
 31
0.0
  0
LINE
  5
393
330
17
100
AcDbEntity
  8
CUT
100
AcDbLine
 10
130.89332500000006
 20
305.7408833333333
 30
0.0
 11
130.89332500000006
 21
315.74283888888885
 31
0.0
  0
LINE
  5
394
330
17
100
AcDbEntity
  8
CUT
100
AcDbLine
 10
9.500727777777797
 20
322.29286388888886
 30
0.0
 11
9.500727777777797
 21
292.9833805555555
 31
0.0
  0
LINE
  5
395
330
17
100
AcDbEntity
  8
CUT
100
AcDbLine
 10
9.500727777777797
 20
382.81718333333333
 30
0.0
 11
9.500727777777797
 21
372.81522777777786
 31
0.0
  0
LINE
  5
396
330
17
100
AcDbEntity
  8
CUT
100
AcDbLine
 10
9.500727777777797
 20
362.81327222222205
 30
0.0
 11
9.500727777777797
 21
332.2948194444442
 31
0.0
  0
LINE
  5
397
330
17
100
AcDbEntity
  8
CUT
100
AcDbLine
 10
107.1298611111111
 20
343.8807472222222
 30
0.0
 11
107.1298611111111
 21
382.81718333333333
 31
0.0
  0
LINE
  5
398
330
17
100
AcDbEntity
  8
CUT
100
AcDbLine
 10
127.8929500000001
 20
294.1535444444446
 30
0.0
 11
127.8929500000001
 21
305.7408833333333
 31
0.0
  0
LINE
  5
399
330
17
100
AcDbEntity
  8
CUT
100
AcDbLine
 10
127.8929500000001
 20
315.74283888888885
 30
0.0
 11
127.8929500000001
 21
348.4573333333333
 31
0.0
  0
LINE
  5
39A
330
17
100
AcDbEntity
  8
CUT
100
AcDbLine
 10
81.85968333333341
 20
385.8175583333333
 30
0.0
 11
81.85968333333341
 21
382.81718333333333
 31
0.0
  0
LINE
  5
39B
330
17
100
AcDbEntity
  8
CUT
100
AcDbLine
 10
91.86163888888888
 20
382.81718333333333
 30
0.0
 11
91.86163888888888
 21
385.8175583333333
 31
0.0
  0
LINE
  5
39C
330
17
100
AcDbEntity
  8
CUT
100
AcDbLine
 10
154.21899166666668
 20
382.81718333333333
 30
0.0
 11
154.21899166666668
 21
385.8175583333333
 31
0.0
  0
LINE
  5
39D
330
17
100
AcDbEntity
  8
CUT
100
AcDbLine
 10
164.2209472222222
 20
372.81522777777786
 30
0.0
 11
164.2209472222222
 21
382.81718333333333
 31
0.0
  0
LINE
  5
39E
330
17
100
AcDbEntity
  8
CUT
100
AcDbLine
 10
19.502330555555602
 20
385.8175583333333
 30
0.0
 11
19.502330555555602
 21
382.81718333333333
 31
0.0
  0
LINE
  5
39F
330
17
100
AcDbEntity
  8
CUT
100
AcDbLine
 10
164.22059444444437
 20
348.4573333333333
 30
0.0
 11
164.22059444444437
 21
358.45928888888886
 31
0.0
  0
LINE
  5
3A0
330
17
100
AcDbEntity
  8
CUT
100
AcDbLine
 10
161.2202194444444
 20
358.45928888888886
 30
0.0
 11
161.2202194444444
 21
372.81522777777786
 31
0.0
  0
LINE
  5
3A1
330
17
100
AcDbEntity
  8
CUT
100
AcDbLine
 10
144.2170361111112
 20
385.8175583333333
 30
0.0
 11
144.2170361111112
 21
382.81718333333333
 31
0.0
  0
LINE
  5
3A2
330
17
100
AcDbEntity
  8
CUT
100
AcDbLine
 10
29.50428611111107
 20
382.81718333333333
 30
0.0
 11
29.50428611111107
 21
385.8175583333333
 31
0.0
  0
LINE
  5
3A3
330
17
100
AcDbEntity
  8
CUT
100
AcDbLine
 10
79.68657222222231
 20
293.0892138888888
 30
0.0
 11
81.06028888888886
 21
290.42150833333324
 31
0.0
  0
LINE
  5
3A4
330
17
100
AcDbEntity
  8
CUT
100
AcDbLine
 10
70.7944555555556
 20
288.50980555555554
 30
0.0
 11
79.68657222222231
 21
293.0892138888888
 31
0.0
  0
LINE
  5
3A5
330
17
100
AcDbEntity
  8
CUT
100
AcDbLine
 10
72.16817222222227
 20
285.8424527777777
 30
0.0
 11
70.7944555555556
 21
288.50980555555554
 31
0.0
  0
LINE
  5
3A6
330
17
100
AcDbEntity
  8
CUT
100
AcDbLine
 10
81.06028888888886
 20
290.42150833333324
 30
0.0
 11
72.16817222222227
 21
285.8424527777777
 31
0.0
  0
LINE
  5
3A7
330
17
100
AcDbEntity
  8
CUT
100
AcDbLine
 10
159.7815916666667
 20
350.44276666666656
 30
0.0
 11
159.5985
 21
350.234275
 31
0.0
  0
LINE
  5
3A8
330
17
100
AcDbEntity
  8
CUT
100
AcDbLine
 10
160.05852222222217
 20
350.9225444444444
 30
0.0
 11
159.9357555555555
 21
350.67348333333325
 31
0.0
  0
LINE
  5
3A9
330
17
100
AcDbEntity
  8
CUT
100
AcDbLine
 10
159.5985
 20
350.234275
 30
0.0
 11
159.3900083333333
 21
350.05118333333326
 31
0.0
  0
LINE
  5
3AA
330
17
100
AcDbEntity
  8
CUT
100
AcDbLine
 10
157.03733333333327
 20
349.89701944444437
 30
0.0
 11
156.80661666666668
 21
350.05118333333326
 31
0.0
  0
LINE
  5
3AB
330
17
100
AcDbEntity
  8
CUT
100
AcDbLine
 10
159.3900083333333
 20
350.05118333333326
 30
0.0
 11
159.15893888888888
 21
349.89701944444437
 31
0.0
  0
LINE
  5
3AC
330
17
100
AcDbEntity
  8
CUT
100
AcDbLine
 10
157.28604166666656
 20
349.77425277777786
 30
0.0
 11
157.03733333333327
 21
349.89701944444437
 31
0.0
  0
LINE
  5
3AD
330
17
100
AcDbEntity
  8
CUT
100
AcDbLine
 10
159.9357555555555
 20
350.67348333333325
 30
0.0
 11
159.7815916666667
 21
350.44276666666656
 31
0.0
  0
LINE
  5
3AE
330
17
100
AcDbEntity
  8
CUT
100
AcDbLine
 10
156.41503333333327
 20
350.44276666666656
 30
0.0
 11
156.26086944444438
 21
350.67348333333325
 31
0.0
  0
LINE
  5
3AF
330
17
100
AcDbEntity
  8
CUT
100
AcDbLine
 10
156.80661666666668
 20
350.05118333333326
 30
0.0
 11
156.5977722222222
 21
350.234275
 31
0.0
  0
LINE
  5
3B0
330
17
100
AcDbEntity
  8
CUT
100
AcDbLine
 10
156.26086944444438
 20
350.67348333333325
 30
0.0
 11
156.13774999999998
 21
350.9225444444444
 31
0.0
  0
LINE
  5
3B1
330
17
100
AcDbEntity
  8
CUT
100
AcDbLine
 10
156.5977722222222
 20
350.234275
 30
0.0
 11
156.41503333333327
 21
350.44276666666656
 31
0.0
  0
LINE
  5
3B2
330
17
100
AcDbEntity
  8
CUT
100
AcDbLine
 10
158.0981361111111
 20
349.61268055555547
 30
0.0
 11
157.8212055555556
 21
349.6310249999999
 31
0.0
  0
LINE
  5
3B3
330
17
100
AcDbEntity
  8
CUT
100
AcDbLine
 10
157.54921388888886
 20
349.68499999999995
 30
0.0
 11
157.28604166666656
 21
349.77425277777786
 31
0.0
  0
LINE
  5
3B4
330
17
100
AcDbEntity
  8
CUT
100
AcDbLine
 10
157.8212055555556
 20
349.6310249999999
 30
0.0
 11
157.54921388888886
 21
349.68499999999995
 31
0.0
  0
LINE
  5
3B5
330
17
100
AcDbEntity
  8
CUT
100
AcDbLine
 10
158.37506666666667
 20
349.6310249999999
 30
0.0
 11
158.0981361111111
 21
349.61268055555547
 31
0.0
  0
LINE
  5
3B6
330
17
100
AcDbEntity
  8
CUT
100
AcDbLine
 10
159.15893888888888
 20
349.89701944444437
 30
0.0
 11
158.91023055555547
 21
349.77425277777786
 31
0.0
  0
LINE
  5
3B7
330
17
100
AcDbEntity
  8
CUT
100
AcDbLine
 10
158.91023055555547
 20
349.77425277777786
 30
0.0
 11
158.64741111111107
 21
349.68499999999995
 31
0.0
  0
LINE
  5
3B8
330
17
100
AcDbEntity
  8
CUT
100
AcDbLine
 10
158.64741111111107
 20
349.68499999999995
 30
0.0
 11
158.37506666666667
 21
349.6310249999999
 31
0.0
  0
LINE
  5
3B9
330
17
100
AcDbEntity
  8
CUT
100
AcDbLine
 10
156.13774999999998
 20
350.9225444444444
 30
0.0
 11
156.13774999999998
 21
351.1853638888888
 31
0.0
  0
LINE
  5
3BA
330
17
100
AcDbEntity
  8
CUT
100
AcDbLine
 10
53.010222222222296
 20
288.50980555555554
 30
0.0
 11
51.63650555555557
 21
285.8424527777777
 31
0.0
  0
LINE
  5
3BB
330
17
100
AcDbEntity
  8
CUT
100
AcDbLine
 10
44.11810555555559
 20
293.0892138888888
 30
0.0
 11
53.010222222222296
 21
288.50980555555554
 31
0.0
  0
LINE
  5
3BC
330
17
100
AcDbEntity
  8
CUT
100
AcDbLine
 10
42.744388888888864
 20
290.42150833333324
 30
0.0
 11
44.11810555555559
 21
293.0892138888888
 31
0.0
  0
LINE
  5
3BD
330
17
100
AcDbEntity
  8
CUT
100
AcDbLine
 10
51.63650555555557
 20
285.8424527777777
 30
0.0
 11
42.744388888888864
 21
290.42150833333324
 31
0.0
  0
LINE
  5
3BE
330
17
100
AcDbEntity
  8
CUT
100
AcDbLine
 10
158.64741111111107
 20
353.78392500000007
 30
0.0
 11
158.91023055555547
 21
353.69467222222215
 31
0.0
  0
LINE
  5
3BF
330
17
100
AcDbEntity
  8
CUT
100
AcDbLine
 10
159.9357555555555
 20
352.79544166666653
 30
0.0
 11
160.05852222222217
 21
352.5463805555555
 31
0.0
  0
LINE
  5
3C0
330
17
100
AcDbEntity
  8
CUT
100
AcDbLine
 10
157.54921388888886
 20
353.78392500000007
 30
0.0
 11
157.8212055555556
 21
353.8382527777777
 31
0.0
  0
LINE
  5
3C1
330
17
100
AcDbEntity
  8
CUT
100
AcDbLine
 10
159.5985
 20
353.2346499999999
 30
0.0
 11
159.7815916666667
 21
353.0261583333332
 31
0.0
  0
LINE
  5
3C2
330
17
100
AcDbEntity
  8
CUT
100
AcDbLine
 10
156.13774999999998
 20
352.5463805555555
 30
0.0
 11
156.26086944444438
 21
352.79544166666653
 31
0.0
  0
LINE
  5
3C3
330
17
100
AcDbEntity
  8
CUT
100
AcDbLine
 10
159.15893888888888
 20
353.5719055555554
 30
0.0
 11
159.3900083333333
 21
353.41774166666653
 31
0.0
  0
LINE
  5
3C4
330
17
100
AcDbEntity
  8
CUT
100
AcDbLine
 10
159.7815916666667
 20
353.0261583333332
 30
0.0
 11
159.9357555555555
 21
352.79544166666653
 31
0.0
  0
LINE
  5
3C5
330
17
100
AcDbEntity
  8
CUT
100
AcDbLine
 10
159.3900083333333
 20
353.41774166666653
 30
0.0
 11
159.5985
 21
353.2346499999999
 31
0.0
  0
LINE
  5
3C6
330
17
100
AcDbEntity
  8
CUT
100
AcDbLine
 10
158.91023055555547
 20
353.69467222222215
 30
0.0
 11
159.15893888888888
 21
353.5719055555554
 31
0.0
  0
LINE
  5
3C7
330
17
100
AcDbEntity
  8
CUT
100
AcDbLine
 10
156.41503333333327
 20
353.0261583333332
 30
0.0
 11
156.5977722222222
 21
353.2346499999999
 31
0.0
  0
LINE
  5
3C8
330
17
100
AcDbEntity
  8
CUT
100
AcDbLine
 10
157.8212055555556
 20
353.8382527777777
 30
0.0
 11
158.0981361111111
 21
353.8562444444443
 31
0.0
  0
LINE
  5
3C9
330
17
100
AcDbEntity
  8
CUT
100
AcDbLine
 10
156.26086944444438
 20
352.79544166666653
 30
0.0
 11
156.41503333333327
 21
353.0261583333332
 31
0.0
  0
LINE
  5
3CA
330
17
100
AcDbEntity
  8
CUT
100
AcDbLine
 10
158.37506666666667
 20
353.8382527777777
 30
0.0
 11
158.64741111111107
 21
353.78392500000007
 31
0.0
  0
LINE
  5
3CB
330
17
100
AcDbEntity
  8
CUT
100
AcDbLine
 10
158.0981361111111
 20
353.8562444444443
 30
0.0
 11
158.37506666666667
 21
353.8382527777777
 31
0.0
  0
LINE
  5
3CC
330
17
100
AcDbEntity
  8
CUT
100
AcDbLine
 10
156.80661666666668
 20
353.41774166666653
 30
0.0
 11
157.03733333333327
 21
353.5719055555554
 31
0.0
  0
LINE
  5
3CD
330
17
100
AcDbEntity
  8
CUT
100
AcDbLine
 10
156.5977722222222
 20
353.2346499999999
 30
0.0
 11
156.80661666666668
 21
353.41774166666653
 31
0.0
  0
LINE
  5
3CE
330
17
100
AcDbEntity
  8
CUT
100
AcDbLine
 10
157.03733333333327
 20
353.5719055555554
 30
0.0
 11
157.28604166666656
 21
353.69467222222215
 31
0.0
  0
LINE
  5
3CF
330
17
100
AcDbEntity
  8
CUT
100
AcDbLine
 10
157.28604166666656
 20
353.69467222222215
 30
0.0
 11
157.54921388888886
 21
353.78392500000007
 31
0.0
  0
LINE
  5
3D0
330
17
100
AcDbEntity
  8
CUT
100
AcDbLine
 10
160.05852222222217
 20
352.5463805555555
 30
0.0
 11
160.05852222222217
 21
352.283561111111
 31
0.0
  0
LINE
  5
3D1
330
17
100
AcDbEntity
  8
CUT
100
AcDbLine
 10
24.616902777777796
 20
303.1320916666666
 30
0.0
 11
23.24318611111096
 21
300.46473888888886
 31
0.0
  0
LINE
  5
3D2
330
17
100
AcDbEntity
  8
CUT
100
AcDbLine
 10
23.24318611111096
 20
300.46473888888886
 30
0.0
 11
14.351422222222311
 21
305.0437944444444
 31
0.0
  0
LINE
  5
3D3
330
17
100
AcDbEntity
  8
CUT
100
AcDbLine
 10
14.351422222222311
 20
305.0437944444444
 30
0.0
 11
15.725138888888807
 21
307.7114999999999
 31
0.0
  0
LINE
  5
3D4
330
17
100
AcDbEntity
  8
CUT
100
AcDbLine
 10
15.725138888888807
 20
307.7114999999999
 30
0.0
 11
24.616902777777796
 21
303.1320916666666
 31
0.0
  0
LINE
  5
3D5
330
17
100
AcDbEntity
  8
CUT
100
AcDbLine
 10
105.27954166666677
 20
302.89431944444436
 30
0.0
 11
96.38777777777767
 21
298.3152638888888
 31
0.0
  0
LINE
  5
3D6
330
17
100
AcDbEntity
  8
CUT
100
AcDbLine
 10
96.38777777777767
 20
298.3152638888888
 30
0.0
 11
95.01406111111106
 21
300.9829694444443
 31
0.0
  0
LINE
  5
3D7
330
17
100
AcDbEntity
  8
CUT
100
AcDbLine
 10
103.9058250000001
 20
305.56202499999995
 30
0.0
 11
105.27954166666677
 21
302.89431944444436
 31
0.0
  0
LINE
  5
3D8
330
17
100
AcDbEntity
  8
CUT
100
AcDbLine
 10
95.01406111111106
 20
300.9829694444443
 30
0.0
 11
103.9058250000001
 21
305.56202499999995
 31
0.0
  0
LINE
  5
3D9
330
17
100
AcDbEntity
  8
CUT
100
AcDbLine
 10
127.8929500000001
 20
372.81522777777786
 30
0.0
 11
130.89332500000006
 21
372.81522777777786
 31
0.0
  0
LINE
  5
3DA
330
17
100
AcDbEntity
  8
CUT
100
AcDbLine
 10
130.89332500000006
 20
362.81327222222205
 30
0.0
 11
127.8929500000001
 21
362.81327222222205
 31
0.0
  0
LINE
  5
3DB
330
17
100
AcDbEntity
  8
CUT
100
AcDbLine
 10
130.89332500000006
 20
372.81522777777786
 30
0.0
 11
130.89332500000006
 21
362.81327222222205
 31
0.0
  0
LINE
  5
3DC
330
17
100
AcDbEntity
  8
CUT
100
AcDbLine
 10
127.8929500000001
 20
362.81327222222205
 30
0.0
 11
127.8929500000001
 21
372.81522777777786
 31
0.0
  0
LINE
  5
3DD
330
17
100
AcDbEntity
  8
CUT
100
AcDbLine
 10
156.04849722222218
 20
351.1853638888888
 30
0.0
 11
156.04849722222218
 21
351.4573555555555
 31
0.0
  0
LINE
  5
3DE
330
17
100
AcDbEntity
  8
CUT
100
AcDbLine
 10
156.04849722222218
 20
352.283561111111
 30
0.0
 11
156.04849722222218
 21
352.5463805555555
 31
0.0
  0
LINE
  5
3DF
330
17
100
AcDbEntity
  8
CUT
100
AcDbLine
 10
155.9945222222222
 20
352.0115694444445
 30
0.0
 11
155.9945222222222
 21
352.283561111111
 31
0.0
  0
LINE
  5
3E0
330
17
100
AcDbEntity
  8
CUT
100
AcDbLine
 10
155.9945222222222
 20
351.4573555555555
 30
0.0
 11
155.9945222222222
 21
351.73463888888887
 31
0.0
  0
LINE
  5
3E1
330
17
100
AcDbEntity
  8
CUT
100
AcDbLine
 10
160.22009444444438
 20
351.73463888888887
 30
0.0
 11
160.22009444444438
 21
351.4573555555555
 31
0.0
  0
LINE
  5
3E2
330
17
100
AcDbEntity
  8
CUT
100
AcDbLine
 10
160.20175000000006
 20
352.0115694444445
 30
0.0
 11
160.20175000000006
 21
351.73463888888887
 31
0.0
  0
LINE
  5
3E3
330
17
100
AcDbEntity
  8
CUT
100
AcDbLine
 10
160.20175000000006
 20
351.4573555555555
 30
0.0
 11
160.20175000000006
 21
351.1853638888888
 31
0.0
  0
LINE
  5
3E4
330
17
100
AcDbEntity
  8
CUT
100
AcDbLine
 10
160.1474222222222
 20
352.283561111111
 30
0.0
 11
160.1474222222222
 21
352.0115694444445
 31
0.0
  0
LINE
  5
3E5
330
17
100
AcDbEntity
  8
CUT
100
AcDbLine
 10
160.1474222222222
 20
351.1853638888888
 30
0.0
 11
160.1474222222222
 21
350.9225444444444
 31
0.0
  0
LINE
  5
3E6
330
17
100
AcDbEntity
  8
CUT
100
AcDbLine
 10
155.97653055555548
 20
351.73463888888887
 30
0.0
 11
155.97653055555548
 21
352.0115694444445
 31
0.0
  0
LINE
  5
3E7
330
17
100
AcDbEntity
  8
ENGRAVE
100
AcDbLine
 10
64.3901138152907
 20
331.7286554067538
 30
0.0
 11
64.3901138152907
 21
334.5286126821444
 31
0.0
  0
LINE
  5
3E8
330
17
100
AcDbEntity
  8
ENGRAVE
100
AcDbLine
 10
64.3901138152907
 20
334.5286126821444
 30
0.0
 11
62.99013517759539
 21
335.22860200099205
 31
0.0
  0
LINE
  5
3E9
330
17
100
AcDbEntity
  8
ENGRAVE
100
AcDbLine
 10
62.99013517759539
 20
335.22860200099205
 30
0.0
 11
58.790199264509454
 21
335.22860200099205
 31
0.0
  0
LINE
  5
3EA
330
17
100
AcDbEntity
  8
ENGRAVE
100
AcDbLine
 10
58.790199264509454
 20
335.22860200099205
 30
0.0
 11
57.39022062681414
 21
334.5286126821444
 31
0.0
  0
LINE
  5
3EB
330
17
100
AcDbEntity
  8
ENGRAVE
100
AcDbLine
 10
57.39022062681414
 20
334.5286126821444
 30
0.0
 11
57.39022062681414
 21
331.7286554067538
 31
0.0
  0
LINE
  5
3EC
330
17
100
AcDbEntity
  8
ENGRAVE
100
AcDbLine
 10
57.39022062681414
 20
331.7286554067538
 30
0.0
 11
58.790199264509454
 21
331.0286660879061
 31
0.0
  0
LINE
  5
3ED
330
17
100
AcDbEntity
  8
ENGRAVE
100
AcDbLine
 10
58.790199264509454
 20
331.0286660879061
 30
0.0
 11
62.99013517759539
 21
331.0286660879061
 31
0.0
  0
LINE
  5
3EE
330
17
100
AcDbEntity
  8
ENGRAVE
100
AcDbLine
 10
62.99013517759539
 20
331.0286660879061
 30
0.0
 11
64.3901138152907
 21
331.7286554067538
 31
0.0
  0
LINE
  5
3EF
330
17
100
AcDbEntity
  8
ENGRAVE
100
AcDbLine
 10
58.790199264509454
 20
336.62858063868737
 30
0.0
 11
57.39022062681414
 21
337.328569957535
 31
0.0
  0
LINE
  5
3F0
330
17
100
AcDbEntity
  8
ENGRAVE
100
AcDbLine
 10
57.39022062681414
 20
337.328569957535
 30
0.0
 11
57.39022062681414
 21
340.12852723292565
 31
0.0
  0
LINE
  5
3F1
330
17
100
AcDbEntity
  8
ENGRAVE
100
AcDbLine
 10
57.39022062681414
 20
340.12852723292565
 30
0.0
 11
58.790199264509454
 21
340.8285165517733
 31
0.0
  0
LINE
  5
3F2
330
17
100
AcDbEntity
  8
ENGRAVE
100
AcDbLine
 10
58.790199264509454
 20
340.8285165517733
 30
0.0
 11
59.77018431089617
 21
340.8285165517733
 31
0.0
  0
LINE
  5
3F3
330
17
100
AcDbEntity
  8
ENGRAVE
100
AcDbLine
 10
59.77018431089617
 20
340.8285165517733
 30
0.0
 11
64.3901138152907
 21
336.62858063868737
 31
0.0
  0
LINE
  5
3F4
330
17
100
AcDbEntity
  8
ENGRAVE
100
AcDbLine
 10
64.3901138152907
 20
336.62858063868737
 30
0.0
 11
64.3901138152907
 21
340.8285165517733
 31
0.0
  0
LINE
  5
3F5
330
17
100
AcDbEntity
  8
CUT
100
AcDbLine
 10
207.6715055555556
 20
268.5446999999999
 30
0.0
 11
216.39569999999998
 21
263.65273055555554
 31
0.0
  0
LINE
  5
3F6
330
17
100
AcDbEntity
  8
CUT
100
AcDbLine
 10
267.8508083333333
 20
382.81718333333333
 30
0.0
 11
252.58258611111108
 21
382.81718333333333
 31
0.0
  0
LINE
  5
3F7
330
17
100
AcDbEntity
  8
CUT
100
AcDbLine
 10
170.221675
 20
332.2948194444442
 30
0.0
 11
167.2209472222222
 21
332.2948194444442
 31
0.0
  0
LINE
  5
3F8
330
17
100
AcDbEntity
  8
CUT
100
AcDbLine
 10
190.22523333333328
 20
385.8175583333333
 30
0.0
 11
180.2232777777778
 21
385.8175583333333
 31
0.0
  0
LINE
  5
3F9
330
17
100
AcDbEntity
  8
CUT
100
AcDbLine
 10
178.94551666666672
 20
288.09176388888886
 30
0.0
 11
177.4783138888888
 21
285.47450555555565
 31
0.0
  0
LINE
  5
3FA
330
17
100
AcDbEntity
  8
CUT
100
AcDbLine
 10
226.5870972222222
 20
261.3783722222222
 30
0.0
 11
235.4305305555556
 21
266.0512666666666
 31
0.0
  0
LINE
  5
3FB
330
17
100
AcDbEntity
  8
CUT
100
AcDbLine
 10
167.2209472222222
 20
362.81327222222205
 30
0.0
 11
170.221675
 21
362.81327222222205
 31
0.0
  0
LINE
  5
3FC
330
17
100
AcDbEntity
  8
CUT
100
AcDbLine
 10
170.221675
 20
372.81522777777786
 30
0.0
 11
167.2209472222222
 21
372.81522777777786
 31
0.0
  0
LINE
  5
3FD
330
17
100
AcDbEntity
  8
CUT
100
AcDbLine
 10
167.2209472222222
 20
322.29286388888886
 30
0.0
 11
170.221675
 21
322.29286388888886
 31
0.0
  0
LINE
  5
3FE
330
17
100
AcDbEntity
  8
CUT
100
AcDbLine
 10
235.4305305555556
 20
266.0512666666666
 30
0.0
 11
236.83246944444437
 21
263.3983777777777
 31
0.0
  0
LINE
  5
3FF
330
17
100
AcDbEntity
  8
CUT
100
AcDbLine
 10
288.6138972222223
 20
348.4573333333333
 30
0.0
 11
324.9415416666666
 21
348.4573333333333
 31
0.0
  0
LINE
  5
400
330
17
100
AcDbEntity
  8
CUT
100
AcDbLine
 10
245.67555
 20
268.07091944444437
 30
0.0
 11
244.2736111111111
 21
270.7238083333333
 31
0.0
  0
LINE
  5
401
330
17
100
AcDbEntity
  8
CUT
100
AcDbLine
 10
209.13906111111112
 20
271.16195833333325
 30
0.0
 11
207.6715055555556
 21
268.5446999999999
 31
0.0
  0
LINE
  5
402
330
17
100
AcDbEntity
  8
CUT
100
AcDbLine
 10
270.9273833333334
 20
284.80775555555545
 30
0.0
 11
272.35013611111117
 21
282.11535555555554
 31
0.0
  0
LINE
  5
403
330
17
100
AcDbEntity
  8
CUT
100
AcDbLine
 10
291.61427222222227
 20
315.74283888888885
 30
0.0
 11
288.6138972222223
 21
315.74283888888885
 31
0.0
  0
LINE
  5
404
330
17
100
AcDbEntity
  8
CUT
100
AcDbLine
 10
324.9415416666666
 20
358.45928888888886
 30
0.0
 11
321.9411666666666
 21
358.45928888888886
 31
0.0
  0
LINE
  5
405
330
17
100
AcDbEntity
  8
CUT
100
AcDbLine
 10
186.20215555555552
 20
280.58288888888876
 30
0.0
 11
187.66971111111098
 21
283.2001472222222
 31
0.0
  0
LINE
  5
406
330
17
100
AcDbEntity
  8
CUT
100
AcDbLine
 10
321.9411666666666
 20
372.81522777777786
 30
0.0
 11
324.9418944444444
 21
372.81522777777786
 31
0.0
  0
LINE
  5
407
330
17
100
AcDbEntity
  8
CUT
100
AcDbLine
 10
304.9379833333334
 20
382.81718333333333
 30
0.0
 11
270.8511833333334
 21
382.81718333333333
 31
0.0
  0
LINE
  5
408
330
17
100
AcDbEntity
  8
CUT
100
AcDbLine
 10
288.6138972222223
 20
305.7408833333333
 30
0.0
 11
291.61427222222227
 21
305.7408833333333
 31
0.0
  0
LINE
  5
409
330
17
100
AcDbEntity
  8
CUT
100
AcDbLine
 10
324.9418944444444
 20
382.81718333333333
 30
0.0
 11
314.9399388888889
 21
382.81718333333333
 31
0.0
  0
LINE
  5
40A
330
17
100
AcDbEntity
  8
CUT
100
AcDbLine
 10
279.7708166666667
 20
289.48064999999997
 30
0.0
 11
288.6138972222223
 21
294.1535444444446
 31
0.0
  0
LINE
  5
40B
330
17
100
AcDbEntity
  8
CUT
100
AcDbLine
 10
217.86290277777778
 20
266.26998888888886
 30
0.0
 11
226.5870972222222
 21
261.3783722222222
 31
0.0
  0
LINE
  5
40C
330
17
100
AcDbEntity
  8
CUT
100
AcDbLine
 10
216.39569999999998
 20
263.65273055555554
 30
0.0
 11
217.86290277777778
 21
266.26998888888886
 31
0.0
  0
LINE
  5
40D
330
17
100
AcDbEntity
  8
CUT
100
AcDbLine
 10
270.8511833333334
 20
343.8807472222222
 30
0.0
 11
267.8508083333333
 21
343.8807472222222
 31
0.0
  0
LINE
  5
40E
330
17
100
AcDbEntity
  8
CUT
100
AcDbLine
 10
236.83246944444437
 20
263.3983777777777
 30
0.0
 11
245.67555
 21
268.07091944444437
 31
0.0
  0
LINE
  5
40F
330
17
100
AcDbEntity
  8
CUT
100
AcDbLine
 10
170.221675
 20
292.9833805555555
 30
0.0
 11
178.94551666666672
 21
288.09176388888886
 31
0.0
  0
LINE
  5
410
330
17
100
AcDbEntity
  8
CUT
100
AcDbLine
 10
187.66971111111098
 20
283.2001472222222
 30
0.0
 11
209.13906111111112
 21
271.16195833333325
 31
0.0
  0
LINE
  5
411
330
17
100
AcDbEntity
  8
CUT
100
AcDbLine
 10
242.58063055555562
 20
382.81718333333333
 30
0.0
 11
190.22523333333328
 21
382.81718333333333
 31
0.0
  0
LINE
  5
412
330
17
100
AcDbEntity
  8
CUT
100
AcDbLine
 10
272.35013611111117
 20
282.11535555555554
 30
0.0
 11
281.1935694444444
 21
286.7878972222221
 31
0.0
  0
LINE
  5
413
330
17
100
AcDbEntity
  8
CUT
100
AcDbLine
 10
281.1935694444444
 20
286.7878972222221
 30
0.0
 11
279.7708166666667
 21
289.48064999999997
 31
0.0
  0
LINE
  5
414
330
17
100
AcDbEntity
  8
CUT
100
AcDbLine
 10
252.58258611111108
 20
385.8175583333333
 30
0.0
 11
242.58063055555562
 21
385.8175583333333
 31
0.0
  0
LINE
  5
415
330
17
100
AcDbEntity
  8
CUT
100
AcDbLine
 10
314.9399388888889
 20
385.8175583333333
 30
0.0
 11
304.9379833333334
 21
385.8175583333333
 31
0.0
  0
LINE
  5
416
330
17
100
AcDbEntity
  8
CUT
100
AcDbLine
 10
244.2736111111111
 20
270.7238083333333
 30
0.0
 11
270.9273833333334
 21
284.80775555555545
 31
0.0
  0
LINE
  5
417
330
17
100
AcDbEntity
  8
CUT
100
AcDbLine
 10
177.4783138888888
 20
285.47450555555565
 30
0.0
 11
186.20215555555552
 21
280.58288888888876
 31
0.0
  0
LINE
  5
418
330
17
100
AcDbEntity
  8
CUT
100
AcDbLine
 10
180.2232777777778
 20
382.81718333333333
 30
0.0
 11
170.221675
 21
382.81718333333333
 31
0.0
  0
LINE
  5
419
330
17
100
AcDbEntity
  8
CUT
100
AcDbLine
 10
167.2209472222222
 20
332.2948194444442
 30
0.0
 11
167.2209472222222
 21
322.29286388888886
 31
0.0
  0
LINE
  5
41A
330
17
100
AcDbEntity
  8
CUT
100
AcDbLine
 10
167.2209472222222
 20
372.81522777777786
 30
0.0
 11
167.2209472222222
 21
362.81327222222205
 31
0.0
  0
LINE
  5
41B
330
17
100
AcDbEntity
  8
CUT
100
AcDbLine
 10
270.8511833333334
 20
382.81718333333333
 30
0.0
 11
270.8511833333334
 21
343.8807472222222
 31
0.0
  0
LINE
  5
41C
330
17
100
AcDbEntity
  8
CUT
100
AcDbLine
 10
291.61427222222227
 20
305.7408833333333
 30
0.0
 11
291.61427222222227
 21
315.74283888888885
 31
0.0
  0
LINE
  5
41D
330
17
100
AcDbEntity
  8
CUT
100
AcDbLine
 10
170.221675
 20
322.29286388888886
 30
0.0
 11
170.221675
 21
292.9833805555555
 31
0.0
  0
LINE
  5
41E
330
17
100
AcDbEntity
  8
CUT
100
AcDbLine
 10
170.221675
 20
382.81718333333333
 30
0.0
 11
170.221675
 21
372.81522777777786
 31
0.0
  0
LINE
  5
41F
330
17
100
AcDbEntity
  8
CUT
100
AcDbLine
 10
170.221675
 20
362.81327222222205
 30
0.0
 11
170.221675
 21
332.2948194444442
 31
0.0
  0
LINE
  5
420
330
17
100
AcDbEntity
  8
CUT
100
AcDbLine
 10
267.8508083333333
 20
343.8807472222222
 30
0.0
 11
267.8508083333333
 21
382.81718333333333
 31
0.0
  0
LINE
  5
421
330
17
100
AcDbEntity
  8
CUT
100
AcDbLine
 10
288.6138972222223
 20
294.1535444444446
 30
0.0
 11
288.6138972222223
 21
305.7408833333333
 31
0.0
  0
LINE
  5
422
330
17
100
AcDbEntity
  8
CUT
100
AcDbLine
 10
288.6138972222223
 20
315.74283888888885
 30
0.0
 11
288.6138972222223
 21
348.4573333333333
 31
0.0
  0
LINE
  5
423
330
17
100
AcDbEntity
  8
CUT
100
AcDbLine
 10
242.58063055555562
 20
385.8175583333333
 30
0.0
 11
242.58063055555562
 21
382.81718333333333
 31
0.0
  0
LINE
  5
424
330
17
100
AcDbEntity
  8
CUT
100
AcDbLine
 10
252.58258611111108
 20
382.81718333333333
 30
0.0
 11
252.58258611111108
 21
385.8175583333333
 31
0.0
  0
LINE
  5
425
330
17
100
AcDbEntity
  8
CUT
100
AcDbLine
 10
314.9399388888889
 20
382.81718333333333
 30
0.0
 11
314.9399388888889
 21
385.8175583333333
 31
0.0
  0
LINE
  5
426
330
17
100
AcDbEntity
  8
CUT
100
AcDbLine
 10
324.9418944444444
 20
372.81522777777786
 30
0.0
 11
324.9418944444444
 21
382.81718333333333
 31
0.0
  0
LINE
  5
427
330
17
100
AcDbEntity
  8
CUT
100
AcDbLine
 10
180.2232777777778
 20
385.8175583333333
 30
0.0
 11
180.2232777777778
 21
382.81718333333333
 31
0.0
  0
LINE
  5
428
330
17
100
AcDbEntity
  8
CUT
100
AcDbLine
 10
324.9415416666666
 20
348.4573333333333
 30
0.0
 11
324.9415416666666
 21
358.45928888888886
 31
0.0
  0
LINE
  5
429
330
17
100
AcDbEntity
  8
CUT
100
AcDbLine
 10
321.9411666666666
 20
358.45928888888886
 30
0.0
 11
321.9411666666666
 21
372.81522777777786
 31
0.0
  0
LINE
  5
42A
330
17
100
AcDbEntity
  8
CUT
100
AcDbLine
 10
304.9379833333334
 20
385.8175583333333
 30
0.0
 11
304.9379833333334
 21
382.81718333333333
 31
0.0
  0
LINE
  5
42B
330
17
100
AcDbEntity
  8
CUT
100
AcDbLine
 10
190.22523333333328
 20
382.81718333333333
 30
0.0
 11
190.22523333333328
 21
385.8175583333333
 31
0.0
  0
LINE
  5
42C
330
17
100
AcDbEntity
  8
CUT
100
AcDbLine
 10
240.40751944444452
 20
293.0892138888888
 30
0.0
 11
241.78123611111107
 21
290.42150833333324
 31
0.0
  0
LINE
  5
42D
330
17
100
AcDbEntity
  8
CUT
100
AcDbLine
 10
231.5154027777778
 20
288.50980555555554
 30
0.0
 11
240.40751944444452
 21
293.0892138888888
 31
0.0
  0
LINE
  5
42E
330
17
100
AcDbEntity
  8
CUT
100
AcDbLine
 10
232.88911944444447
 20
285.8424527777777
 30
0.0
 11
231.5154027777778
 21
288.50980555555554
 31
0.0
  0
LINE
  5
42F
330
17
100
AcDbEntity
  8
CUT
100
AcDbLine
 10
241.78123611111107
 20
290.42150833333324
 30
0.0
 11
232.88911944444447
 21
285.8424527777777
 31
0.0
  0
LINE
  5
430
330
17
100
AcDbEntity
  8
CUT
100
AcDbLine
 10
320.5025388888889
 20
350.44276666666656
 30
0.0
 11
320.3194472222222
 21
350.234275
 31
0.0
  0
LINE
  5
431
330
17
100
AcDbEntity
  8
CUT
100
AcDbLine
 10
320.7794694444444
 20
350.9225444444444
 30
0.0
 11
320.6567027777777
 21
350.67348333333325
 31
0.0
  0
LINE
  5
432
330
17
100
AcDbEntity
  8
CUT
100
AcDbLine
 10
320.3194472222222
 20
350.234275
 30
0.0
 11
320.1109555555555
 21
350.05118333333326
 31
0.0
  0
LINE
  5
433
330
17
100
AcDbEntity
  8
CUT
100
AcDbLine
 10
317.7582805555555
 20
349.89701944444437
 30
0.0
 11
317.5275638888889
 21
350.05118333333326
 31
0.0
  0
LINE
  5
434
330
17
100
AcDbEntity
  8
CUT
100
AcDbLine
 10
320.1109555555555
 20
350.05118333333326
 30
0.0
 11
319.8798861111111
 21
349.89701944444437
 31
0.0
  0
LINE
  5
435
330
17
100
AcDbEntity
  8
CUT
100
AcDbLine
 10
318.00698888888877
 20
349.77425277777786
 30
0.0
 11
317.7582805555555
 21
349.89701944444437
 31
0.0
  0
LINE
  5
436
330
17
100
AcDbEntity
  8
CUT
100
AcDbLine
 10
320.6567027777777
 20
350.67348333333325
 30
0.0
 11
320.5025388888889
 21
350.44276666666656
 31
0.0
  0
LINE
  5
437
330
17
100
AcDbEntity
  8
CUT
100
AcDbLine
 10
317.1359805555555
 20
350.44276666666656
 30
0.0
 11
316.9818166666666
 21
350.67348333333325
 31
0.0
  0
LINE
  5
438
330
17
100
AcDbEntity
  8
CUT
100
AcDbLine
 10
317.5275638888889
 20
350.05118333333326
 30
0.0
 11
317.3187194444444
 21
350.234275
 31
0.0
  0
LINE
  5
439
330
17
100
AcDbEntity
  8
CUT
100
AcDbLine
 10
316.9818166666666
 20
350.67348333333325
 30
0.0
 11
316.8586972222222
 21
350.9225444444444
 31
0.0
  0
LINE
  5
43A
330
17
100
AcDbEntity
  8
CUT
100
AcDbLine
 10
317.3187194444444
 20
350.234275
 30
0.0
 11
317.1359805555555
 21
350.44276666666656
 31
0.0
  0
LINE
  5
43B
330
17
100
AcDbEntity
  8
CUT
100
AcDbLine
 10
318.8190833333333
 20
349.61268055555547
 30
0.0
 11
318.5421527777778
 21
349.6310249999999
 31
0.0
  0
LINE
  5
43C
330
17
100
AcDbEntity
  8
CUT
100
AcDbLine
 10
318.27016111111107
 20
349.68499999999995
 30
0.0
 11
318.00698888888877
 21
349.77425277777786
 31
0.0
  0
LINE
  5
43D
330
17
100
AcDbEntity
  8
CUT
100
AcDbLine
 10
318.5421527777778
 20
349.6310249999999
 30
0.0
 11
318.27016111111107
 21
349.68499999999995
 31
0.0
  0
LINE
  5
43E
330
17
100
AcDbEntity
  8
CUT
100
AcDbLine
 10
319.0960138888889
 20
349.6310249999999
 30
0.0
 11
318.8190833333333
 21
349.61268055555547
 31
0.0
  0
LINE
  5
43F
330
17
100
AcDbEntity
  8
CUT
100
AcDbLine
 10
319.8798861111111
 20
349.89701944444437
 30
0.0
 11
319.6311777777777
 21
349.77425277777786
 31
0.0
  0
LINE
  5
440
330
17
100
AcDbEntity
  8
CUT
100
AcDbLine
 10
319.6311777777777
 20
349.77425277777786
 30
0.0
 11
319.3683583333333
 21
349.68499999999995
 31
0.0
  0
LINE
  5
441
330
17
100
AcDbEntity
  8
CUT
100
AcDbLine
 10
319.3683583333333
 20
349.68499999999995
 30
0.0
 11
319.0960138888889
 21
349.6310249999999
 31
0.0
  0
LINE
  5
442
330
17
100
AcDbEntity
  8
CUT
100
AcDbLine
 10
316.8586972222222
 20
350.9225444444444
 30
0.0
 11
316.8586972222222
 21
351.1853638888888
 31
0.0
  0
LINE
  5
443
330
17
100
AcDbEntity
  8
CUT
100
AcDbLine
 10
213.7311694444445
 20
288.50980555555554
 30
0.0
 11
212.35745277777778
 21
285.8424527777777
 31
0.0
  0
LINE
  5
444
330
17
100
AcDbEntity
  8
CUT
100
AcDbLine
 10
204.8390527777778
 20
293.0892138888888
 30
0.0
 11
213.7311694444445
 21
288.50980555555554
 31
0.0
  0
LINE
  5
445
330
17
100
AcDbEntity
  8
CUT
100
AcDbLine
 10
203.46533611111107
 20
290.42150833333324
 30
0.0
 11
204.8390527777778
 21
293.0892138888888
 31
0.0
  0
LINE
  5
446
330
17
100
AcDbEntity
  8
CUT
100
AcDbLine
 10
212.35745277777778
 20
285.8424527777777
 30
0.0
 11
203.46533611111107
 21
290.42150833333324
 31
0.0
  0
LINE
  5
447
330
17
100
AcDbEntity
  8
CUT
100
AcDbLine
 10
319.3683583333333
 20
353.78392500000007
 30
0.0
 11
319.6311777777777
 21
353.69467222222215
 31
0.0
  0
LINE
  5
448
330
17
100
AcDbEntity
  8
CUT
100
AcDbLine
 10
320.6567027777777
 20
352.79544166666653
 30
0.0
 11
320.7794694444444
 21
352.5463805555555
 31
0.0
  0
LINE
  5
449
330
17
100
AcDbEntity
  8
CUT
100
AcDbLine
 10
318.27016111111107
 20
353.78392500000007
 30
0.0
 11
318.5421527777778
 21
353.8382527777777
 31
0.0
  0
LINE
  5
44A
330
17
100
AcDbEntity
  8
CUT
100
AcDbLine
 10
320.3194472222222
 20
353.2346499999999
 30
0.0
 11
320.5025388888889
 21
353.0261583333332
 31
0.0
  0
LINE
  5
44B
330
17
100
AcDbEntity
  8
CUT
100
AcDbLine
 10
316.8586972222222
 20
352.5463805555555
 30
0.0
 11
316.9818166666666
 21
352.79544166666653
 31
0.0
  0
LINE
  5
44C
330
17
100
AcDbEntity
  8
CUT
100
AcDbLine
 10
319.8798861111111
 20
353.5719055555554
 30
0.0
 11
320.1109555555555
 21
353.41774166666653
 31
0.0
  0
LINE
  5
44D
330
17
100
AcDbEntity
  8
CUT
100
AcDbLine
 10
320.5025388888889
 20
353.0261583333332
 30
0.0
 11
320.6567027777777
 21
352.79544166666653
 31
0.0
  0
LINE
  5
44E
330
17
100
AcDbEntity
  8
CUT
100
AcDbLine
 10
320.1109555555555
 20
353.41774166666653
 30
0.0
 11
320.3194472222222
 21
353.2346499999999
 31
0.0
  0
LINE
  5
44F
330
17
100
AcDbEntity
  8
CUT
100
AcDbLine
 10
319.6311777777777
 20
353.69467222222215
 30
0.0
 11
319.8798861111111
 21
353.5719055555554
 31
0.0
  0
LINE
  5
450
330
17
100
AcDbEntity
  8
CUT
100
AcDbLine
 10
317.1359805555555
 20
353.0261583333332
 30
0.0
 11
317.3187194444444
 21
353.2346499999999
 31
0.0
  0
LINE
  5
451
330
17
100
AcDbEntity
  8
CUT
100
AcDbLine
 10
318.5421527777778
 20
353.8382527777777
 30
0.0
 11
318.8190833333333
 21
353.8562444444443
 31
0.0
  0
LINE
  5
452
330
17
100
AcDbEntity
  8
CUT
100
AcDbLine
 10
316.9818166666666
 20
352.79544166666653
 30
0.0
 11
317.1359805555555
 21
353.0261583333332
 31
0.0
  0
LINE
  5
453
330
17
100
AcDbEntity
  8
CUT
100
AcDbLine
 10
319.0960138888889
 20
353.8382527777777
 30
0.0
 11
319.3683583333333
 21
353.78392500000007
 31
0.0
  0
LINE
  5
454
330
17
100
AcDbEntity
  8
CUT
100
AcDbLine
 10
318.8190833333333
 20
353.8562444444443
 30
0.0
 11
319.0960138888889
 21
353.8382527777777
 31
0.0
  0
LINE
  5
455
330
17
100
AcDbEntity
  8
CUT
100
AcDbLine
 10
317.5275638888889
 20
353.41774166666653
 30
0.0
 11
317.7582805555555
 21
353.5719055555554
 31
0.0
  0
LINE
  5
456
330
17
100
AcDbEntity
  8
CUT
100
AcDbLine
 10
317.3187194444444
 20
353.2346499999999
 30
0.0
 11
317.5275638888889
 21
353.41774166666653
 31
0.0
  0
LINE
  5
457
330
17
100
AcDbEntity
  8
CUT
100
AcDbLine
 10
317.7582805555555
 20
353.5719055555554
 30
0.0
 11
318.00698888888877
 21
353.69467222222215
 31
0.0
  0
LINE
  5
458
330
17
100
AcDbEntity
  8
CUT
100
AcDbLine
 10
318.00698888888877
 20
353.69467222222215
 30
0.0
 11
318.27016111111107
 21
353.78392500000007
 31
0.0
  0
LINE
  5
459
330
17
100
AcDbEntity
  8
CUT
100
AcDbLine
 10
320.7794694444444
 20
352.5463805555555
 30
0.0
 11
320.7794694444444
 21
352.283561111111
 31
0.0
  0
LINE
  5
45A
330
17
100
AcDbEntity
  8
CUT
100
AcDbLine
 10
185.33785
 20
303.1320916666666
 30
0.0
 11
183.96413333333317
 21
300.46473888888886
 31
0.0
  0
LINE
  5
45B
330
17
100
AcDbEntity
  8
CUT
100
AcDbLine
 10
183.96413333333317
 20
300.46473888888886
 30
0.0
 11
175.07236944444452
 21
305.0437944444444
 31
0.0
  0
LINE
  5
45C
330
17
100
AcDbEntity
  8
CUT
100
AcDbLine
 10
175.07236944444452
 20
305.0437944444444
 30
0.0
 11
176.44608611111101
 21
307.7114999999999
 31
0.0
  0
LINE
  5
45D
330
17
100
AcDbEntity
  8
CUT
100
AcDbLine
 10
176.44608611111101
 20
307.7114999999999
 30
0.0
 11
185.33785
 21
303.1320916666666
 31
0.0
  0
LINE
  5
45E
330
17
100
AcDbEntity
  8
CUT
100
AcDbLine
 10
266.000488888889
 20
302.89431944444436
 30
0.0
 11
257.1087249999999
 21
298.3152638888888
 31
0.0
  0
LINE
  5
45F
330
17
100
AcDbEntity
  8
CUT
100
AcDbLine
 10
257.1087249999999
 20
298.3152638888888
 30
0.0
 11
255.73500833333327
 21
300.9829694444443
 31
0.0
  0
LINE
  5
460
330
17
100
AcDbEntity
  8
CUT
100
AcDbLine
 10
264.6267722222223
 20
305.56202499999995
 30
0.0
 11
266.000488888889
 21
302.89431944444436
 31
0.0
  0
LINE
  5
461
330
17
100
AcDbEntity
  8
CUT
100
AcDbLine
 10
255.73500833333327
 20
300.9829694444443
 30
0.0
 11
264.6267722222223
 21
305.56202499999995
 31
0.0
  0
LINE
  5
462
330
17
100
AcDbEntity
  8
CUT
100
AcDbLine
 10
288.6138972222223
 20
372.81522777777786
 30
0.0
 11
291.61427222222227
 21
372.81522777777786
 31
0.0
  0
LINE
  5
463
330
17
100
AcDbEntity
  8
CUT
100
AcDbLine
 10
291.61427222222227
 20
362.81327222222205
 30
0.0
 11
288.6138972222223
 21
362.81327222222205
 31
0.0
  0
LINE
  5
464
330
17
100
AcDbEntity
  8
CUT
100
AcDbLine
 10
291.61427222222227
 20
372.81522777777786
 30
0.0
 11
291.61427222222227
 21
362.81327222222205
 31
0.0
  0
LINE
  5
465
330
17
100
AcDbEntity
  8
CUT
100
AcDbLine
 10
288.6138972222223
 20
362.81327222222205
 30
0.0
 11
288.6138972222223
 21
372.81522777777786
 31
0.0
  0
LINE
  5
466
330
17
100
AcDbEntity
  8
CUT
100
AcDbLine
 10
316.7694444444444
 20
351.1853638888888
 30
0.0
 11
316.7694444444444
 21
351.4573555555555
 31
0.0
  0
LINE
  5
467
330
17
100
AcDbEntity
  8
CUT
100
AcDbLine
 10
316.7694444444444
 20
352.283561111111
 30
0.0
 11
316.7694444444444
 21
352.5463805555555
 31
0.0
  0
LINE
  5
468
330
17
100
AcDbEntity
  8
CUT
100
AcDbLine
 10
316.7154694444444
 20
352.0115694444445
 30
0.0
 11
316.7154694444444
 21
352.283561111111
 31
0.0
  0
LINE
  5
469
330
17
100
AcDbEntity
  8
CUT
100
AcDbLine
 10
316.7154694444444
 20
351.4573555555555
 30
0.0
 11
316.7154694444444
 21
351.73463888888887
 31
0.0
  0
LINE
  5
46A
330
17
100
AcDbEntity
  8
CUT
100
AcDbLine
 10
320.9410416666666
 20
351.73463888888887
 30
0.0
 11
320.9410416666666
 21
351.4573555555555
 31
0.0
  0
LINE
  5
46B
330
17
100
AcDbEntity
  8
CUT
100
AcDbLine
 10
320.92269722222227
 20
352.0115694444445
 30
0.0
 11
320.92269722222227
 21
351.73463888888887
 31
0.0
  0
LINE
  5
46C
330
17
100
AcDbEntity
  8
CUT
100
AcDbLine
 10
320.92269722222227
 20
351.4573555555555
 30
0.0
 11
320.92269722222227
 21
351.1853638888888
 31
0.0
  0
LINE
  5
46D
330
17
100
AcDbEntity
  8
CUT
100
AcDbLine
 10
320.8683694444444
 20
352.283561111111
 30
0.0
 11
320.8683694444444
 21
352.0115694444445
 31
0.0
  0
LINE
  5
46E
330
17
100
AcDbEntity
  8
CUT
100
AcDbLine
 10
320.8683694444444
 20
351.1853638888888
 30
0.0
 11
320.8683694444444
 21
350.9225444444444
 31
0.0
  0
LINE
  5
46F
330
17
100
AcDbEntity
  8
CUT
100
AcDbLine
 10
316.6974777777777
 20
351.73463888888887
 30
0.0
 11
316.6974777777777
 21
352.0115694444445
 31
0.0
  0
LINE
  5
470
330
17
100
AcDbEntity
  8
ENGRAVE
100
AcDbLine
 10
225.1110610375129
 20
331.7286554067538
 30
0.0
 11
225.1110610375129
 21
334.5286126821444
 31
0.0
  0
LINE
  5
471
330
17
100
AcDbEntity
  8
ENGRAVE
100
AcDbLine
 10
225.1110610375129
 20
334.5286126821444
 30
0.0
 11
223.7110823998176
 21
335.22860200099205
 31
0.0
  0
LINE
  5
472
330
17
100
AcDbEntity
  8
ENGRAVE
100
AcDbLine
 10
223.7110823998176
 20
335.22860200099205
 30
0.0
 11
219.51114648673166
 21
335.22860200099205
 31
0.0
  0
LINE
  5
473
330
17
100
AcDbEntity
  8
ENGRAVE
100
AcDbLine
 10
219.51114648673166
 20
335.22860200099205
 30
0.0
 11
218.11116784903635
 21
334.5286126821444
 31
0.0
  0
LINE
  5
474
330
17
100
AcDbEntity
  8
ENGRAVE
100
AcDbLine
 10
218.11116784903635
 20
334.5286126821444
 30
0.0
 11
218.11116784903635
 21
331.7286554067538
 31
0.0
  0
LINE
  5
475
330
17
100
AcDbEntity
  8
ENGRAVE
100
AcDbLine
 10
218.11116784903635
 20
331.7286554067538
 30
0.0
 11
219.51114648673166
 21
331.0286660879061
 31
0.0
  0
LINE
  5
476
330
17
100
AcDbEntity
  8
ENGRAVE
100
AcDbLine
 10
219.51114648673166
 20
331.0286660879061
 30
0.0
 11
223.7110823998176
 21
331.0286660879061
 31
0.0
  0
LINE
  5
477
330
17
100
AcDbEntity
  8
ENGRAVE
100
AcDbLine
 10
223.7110823998176
 20
331.0286660879061
 30
0.0
 11
225.1110610375129
 21
331.7286554067538
 31
0.0
  0
LINE
  5
478
330
17
100
AcDbEntity
  8
ENGRAVE
100
AcDbLine
 10
219.51114648673166
 20
336.62858063868737
 30
0.0
 11
218.11116784903635
 21
337.328569957535
 31
0.0
  0
LINE
  5
479
330
17
100
AcDbEntity
  8
ENGRAVE
100
AcDbLine
 10
218.11116784903635
 20
337.328569957535
 30
0.0
 11
218.11116784903635
 21
340.12852723292565
 31
0.0
  0
LINE
  5
47A
330
17
100
AcDbEntity
  8
ENGRAVE
100
AcDbLine
 10
218.11116784903635
 20
340.12852723292565
 30
0.0
 11
219.51114648673166
 21
340.8285165517733
 31
0.0
  0
LINE
  5
47B
330
17
100
AcDbEntity
  8
ENGRAVE
100
AcDbLine
 10
219.51114648673166
 20
340.8285165517733
 30
0.0
 11
220.4911315331184
 21
340.8285165517733
 31
0.0
  0
LINE
  5
47C
330
17
100
AcDbEntity
  8
ENGRAVE
100
AcDbLine
 10
220.4911315331184
 20
340.8285165517733
 30
0.0
 11
225.1110610375129
 21
336.62858063868737
 31
0.0
  0
LINE
  5
47D
330
17
100
AcDbEntity
  8
ENGRAVE
100
AcDbLine
 10
225.1110610375129
 20
336.62858063868737
 30
0.0
 11
225.1110610375129
 21
340.8285165517733
 31
0.0
  0
LINE
  5
47E
330
17
100
AcDbEntity
  8
CUT
100
AcDbLine
 10
368.3924527777778
 20
268.5446999999999
 30
0.0
 11
377.1166472222222
 21
263.65273055555554
 31
0.0
  0
LINE
  5
47F
330
17
100
AcDbEntity
  8
CUT
100
AcDbLine
 10
428.5717555555555
 20
382.81718333333333
 30
0.0
 11
413.3035333333333
 21
382.81718333333333
 31
0.0
  0
LINE
  5
480
330
17
100
AcDbEntity
  8
CUT
100
AcDbLine
 10
330.9426222222222
 20
332.2948194444442
 30
0.0
 11
327.9418944444444
 21
332.2948194444442
 31
0.0
  0
LINE
  5
481
330
17
100
AcDbEntity
  8
CUT
100
AcDbLine
 10
350.9461805555555
 20
385.8175583333333
 30
0.0
 11
340.944225
 21
385.8175583333333
 31
0.0
  0
LINE
  5
482
330
17
100
AcDbEntity
  8
CUT
100
AcDbLine
 10
339.6664638888889
 20
288.09176388888886
 30
0.0
 11
338.199261111111
 21
285.47450555555565
 31
0.0
  0
LINE
  5
483
330
17
100
AcDbEntity
  8
CUT
100
AcDbLine
 10
387.3080444444444
 20
261.3783722222222
 30
0.0
 11
396.1514777777778
 21
266.0512666666666
 31
0.0
  0
LINE
  5
484
330
17
100
AcDbEntity
  8
CUT
100
AcDbLine
 10
327.9418944444444
 20
362.81327222222205
 30
0.0
 11
330.9426222222222
 21
362.81327222222205
 31
0.0
  0
LINE
  5
485
330
17
100
AcDbEntity
  8
CUT
100
AcDbLine
 10
330.9426222222222
 20
372.81522777777786
 30
0.0
 11
327.9418944444444
 21
372.81522777777786
 31
0.0
  0
LINE
  5
486
330
17
100
AcDbEntity
  8
CUT
100
AcDbLine
 10
327.9418944444444
 20
322.29286388888886
 30
0.0
 11
330.9426222222222
 21
322.29286388888886
 31
0.0
  0
LINE
  5
487
330
17
100
AcDbEntity
  8
CUT
100
AcDbLine
 10
396.1514777777778
 20
266.0512666666666
 30
0.0
 11
397.5534166666666
 21
263.3983777777777
 31
0.0
  0
LINE
  5
488
330
17
100
AcDbEntity
  8
CUT
100
AcDbLine
 10
449.3348444444445
 20
348.4573333333333
 30
0.0
 11
485.6624888888888
 21
348.4573333333333
 31
0.0
  0
LINE
  5
489
330
17
100
AcDbEntity
  8
CUT
100
AcDbLine
 10
406.3964972222222
 20
268.07091944444437
 30
0.0
 11
404.9945583333333
 21
270.7238083333333
 31
0.0
  0
LINE
  5
48A
330
17
100
AcDbEntity
  8
CUT
100
AcDbLine
 10
369.8600083333333
 20
271.16195833333325
 30
0.0
 11
368.3924527777778
 21
268.5446999999999
 31
0.0
  0
LINE
  5
48B
330
17
100
AcDbEntity
  8
CUT
100
AcDbLine
 10
431.6483305555556
 20
284.80775555555545
 30
0.0
 11
433.0710833333334
 21
282.11535555555554
 31
0.0
  0
LINE
  5
48C
330
17
100
AcDbEntity
  8
CUT
100
AcDbLine
 10
452.3352194444445
 20
315.74283888888885
 30
0.0
 11
449.3348444444445
 21
315.74283888888885
 31
0.0
  0
LINE
  5
48D
330
17
100
AcDbEntity
  8
CUT
100
AcDbLine
 10
485.6624888888888
 20
358.45928888888886
 30
0.0
 11
482.6621138888888
 21
358.45928888888886
 31
0.0
  0
LINE
  5
48E
330
17
100
AcDbEntity
  8
CUT
100
AcDbLine
 10
346.92310277777773
 20
280.58288888888876
 30
0.0
 11
348.3906583333332
 21
283.2001472222222
 31
0.0
  0
LINE
  5
48F
330
17
100
AcDbEntity
  8
CUT
100
AcDbLine
 10
482.6621138888888
 20
372.81522777777786
 30
0.0
 11
485.6628416666666
 21
372.81522777777786
 31
0.0
  0
LINE
  5
490
330
17
100
AcDbEntity
  8
CUT
100
AcDbLine
 10
465.6589305555556
 20
382.81718333333333
 30
0.0
 11
431.5721305555556
 21
382.81718333333333
 31
0.0
  0
LINE
  5
491
330
17
100
AcDbEntity
  8
CUT
100
AcDbLine
 10
449.3348444444445
 20
305.7408833333333
 30
0.0
 11
452.3352194444445
 21
305.7408833333333
 31
0.0
  0
LINE
  5
492
330
17
100
AcDbEntity
  8
CUT
100
AcDbLine
 10
485.6628416666666
 20
382.81718333333333
 30
0.0
 11
475.6608861111111
 21
382.81718333333333
 31
0.0
  0
LINE
  5
493
330
17
100
AcDbEntity
  8
CUT
100
AcDbLine
 10
440.4917638888889
 20
289.48064999999997
 30
0.0
 11
449.3348444444445
 21
294.1535444444446
 31
0.0
  0
LINE
  5
494
330
17
100
AcDbEntity
  8
CUT
100
AcDbLine
 10
378.58385
 20
266.26998888888886
 30
0.0
 11
387.3080444444444
 21
261.3783722222222
 31
0.0
  0
LINE
  5
495
330
17
100
AcDbEntity
  8
CUT
100
AcDbLine
 10
377.1166472222222
 20
263.65273055555554
 30
0.0
 11
378.58385
 21
266.26998888888886
 31
0.0
  0
LINE
  5
496
330
17
100
AcDbEntity
  8
CUT
100
AcDbLine
 10
431.5721305555556
 20
343.8807472222222
 30
0.0
 11
428.5717555555555
 21
343.8807472222222
 31
0.0
  0
LINE
  5
497
330
17
100
AcDbEntity
  8
CUT
100
AcDbLine
 10
397.5534166666666
 20
263.3983777777777
 30
0.0
 11
406.3964972222222
 21
268.07091944444437
 31
0.0
  0
LINE
  5
498
330
17
100
AcDbEntity
  8
CUT
100
AcDbLine
 10
330.9426222222222
 20
292.9833805555555
 30
0.0
 11
339.6664638888889
 21
288.09176388888886
 31
0.0
  0
LINE
  5
499
330
17
100
AcDbEntity
  8
CUT
100
AcDbLine
 10
348.3906583333332
 20
283.2001472222222
 30
0.0
 11
369.8600083333333
 21
271.16195833333325
 31
0.0
  0
LINE
  5
49A
330
17
100
AcDbEntity
  8
CUT
100
AcDbLine
 10
403.3015777777778
 20
382.81718333333333
 30
0.0
 11
350.9461805555555
 21
382.81718333333333
 31
0.0
  0
LINE
  5
49B
330
17
100
AcDbEntity
  8
CUT
100
AcDbLine
 10
433.0710833333334
 20
282.11535555555554
 30
0.0
 11
441.9145166666666
 21
286.7878972222221
 31
0.0
  0
LINE
  5
49C
330
17
100
AcDbEntity
  8
CUT
100
AcDbLine
 10
441.9145166666666
 20
286.7878972222221
 30
0.0
 11
440.4917638888889
 21
289.48064999999997
 31
0.0
  0
LINE
  5
49D
330
17
100
AcDbEntity
  8
CUT
100
AcDbLine
 10
413.3035333333333
 20
385.8175583333333
 30
0.0
 11
403.3015777777778
 21
385.8175583333333
 31
0.0
  0
LINE
  5
49E
330
17
100
AcDbEntity
  8
CUT
100
AcDbLine
 10
475.6608861111111
 20
385.8175583333333
 30
0.0
 11
465.6589305555556
 21
385.8175583333333
 31
0.0
  0
LINE
  5
49F
330
17
100
AcDbEntity
  8
CUT
100
AcDbLine
 10
404.9945583333333
 20
270.7238083333333
 30
0.0
 11
431.6483305555556
 21
284.80775555555545
 31
0.0
  0
LINE
  5
4A0
330
17
100
AcDbEntity
  8
CUT
100
AcDbLine
 10
338.199261111111
 20
285.47450555555565
 30
0.0
 11
346.92310277777773
 21
280.58288888888876
 31
0.0
  0
LINE
  5
4A1
330
17
100
AcDbEntity
  8
CUT
100
AcDbLine
 10
340.944225
 20
382.81718333333333
 30
0.0
 11
330.9426222222222
 21
382.81718333333333
 31
0.0
  0
LINE
  5
4A2
330
17
100
AcDbEntity
  8
CUT
100
AcDbLine
 10
327.9418944444444
 20
332.2948194444442
 30
0.0
 11
327.9418944444444
 21
322.29286388888886
 31
0.0
  0
LINE
  5
4A3
330
17
100
AcDbEntity
  8
CUT
100
AcDbLine
 10
327.9418944444444
 20
372.81522777777786
 30
0.0
 11
327.9418944444444
 21
362.81327222222205
 31
0.0
  0
LINE
  5
4A4
330
17
100
AcDbEntity
  8
CUT
100
AcDbLine
 10
431.5721305555556
 20
382.81718333333333
 30
0.0
 11
431.5721305555556
 21
343.8807472222222
 31
0.0
  0
LINE
  5
4A5
330
17
100
AcDbEntity
  8
CUT
100
AcDbLine
 10
452.3352194444445
 20
305.7408833333333
 30
0.0
 11
452.3352194444445
 21
315.74283888888885
 31
0.0
  0
LINE
  5
4A6
330
17
100
AcDbEntity
  8
CUT
100
AcDbLine
 10
330.9426222222222
 20
322.29286388888886
 30
0.0
 11
330.9426222222222
 21
292.9833805555555
 31
0.0
  0
LINE
  5
4A7
330
17
100
AcDbEntity
  8
CUT
100
AcDbLine
 10
330.9426222222222
 20
382.81718333333333
 30
0.0
 11
330.9426222222222
 21
372.81522777777786
 31
0.0
  0
LINE
  5
4A8
330
17
100
AcDbEntity
  8
CUT
100
AcDbLine
 10
330.9426222222222
 20
362.81327222222205
 30
0.0
 11
330.9426222222222
 21
332.2948194444442
 31
0.0
  0
LINE
  5
4A9
330
17
100
AcDbEntity
  8
CUT
100
AcDbLine
 10
428.5717555555555
 20
343.8807472222222
 30
0.0
 11
428.5717555555555
 21
382.81718333333333
 31
0.0
  0
LINE
  5
4AA
330
17
100
AcDbEntity
  8
CUT
100
AcDbLine
 10
449.3348444444445
 20
294.1535444444446
 30
0.0
 11
449.3348444444445
 21
305.7408833333333
 31
0.0
  0
LINE
  5
4AB
330
17
100
AcDbEntity
  8
CUT
100
AcDbLine
 10
449.3348444444445
 20
315.74283888888885
 30
0.0
 11
449.3348444444445
 21
348.4573333333333
 31
0.0
  0
LINE
  5
4AC
330
17
100
AcDbEntity
  8
CUT
100
AcDbLine
 10
403.3015777777778
 20
385.8175583333333
 30
0.0
 11
403.3015777777778
 21
382.81718333333333
 31
0.0
  0
LINE
  5
4AD
330
17
100
AcDbEntity
  8
CUT
100
AcDbLine
 10
413.3035333333333
 20
382.81718333333333
 30
0.0
 11
413.3035333333333
 21
385.8175583333333
 31
0.0
  0
LINE
  5
4AE
330
17
100
AcDbEntity
  8
CUT
100
AcDbLine
 10
475.6608861111111
 20
382.81718333333333
 30
0.0
 11
475.6608861111111
 21
385.8175583333333
 31
0.0
  0
LINE
  5
4AF
330
17
100
AcDbEntity
  8
CUT
100
AcDbLine
 10
485.6628416666666
 20
372.81522777777786
 30
0.0
 11
485.6628416666666
 21
382.81718333333333
 31
0.0
  0
LINE
  5
4B0
330
17
100
AcDbEntity
  8
CUT
100
AcDbLine
 10
340.944225
 20
385.8175583333333
 30
0.0
 11
340.944225
 21
382.81718333333333
 31
0.0
  0
LINE
  5
4B1
330
17
100
AcDbEntity
  8
CUT
100
AcDbLine
 10
485.6624888888888
 20
348.4573333333333
 30
0.0
 11
485.6624888888888
 21
358.45928888888886
 31
0.0
  0
LINE
  5
4B2
330
17
100
AcDbEntity
  8
CUT
100
AcDbLine
 10
482.6621138888888
 20
358.45928888888886
 30
0.0
 11
482.6621138888888
 21
372.81522777777786
 31
0.0
  0
LINE
  5
4B3
330
17
100
AcDbEntity
  8
CUT
100
AcDbLine
 10
465.6589305555556
 20
385.8175583333333
 30
0.0
 11
465.6589305555556
 21
382.81718333333333
 31
0.0
  0
LINE
  5
4B4
330
17
100
AcDbEntity
  8
CUT
100
AcDbLine
 10
350.9461805555555
 20
382.81718333333333
 30
0.0
 11
350.9461805555555
 21
385.8175583333333
 31
0.0
  0
LINE
  5
4B5
330
17
100
AcDbEntity
  8
CUT
100
AcDbLine
 10
401.1284666666667
 20
293.0892138888888
 30
0.0
 11
402.5021833333333
 21
290.42150833333324
 31
0.0
  0
LINE
  5
4B6
330
17
100
AcDbEntity
  8
CUT
100
AcDbLine
 10
392.23635
 20
288.50980555555554
 30
0.0
 11
401.1284666666667
 21
293.0892138888888
 31
0.0
  0
LINE
  5
4B7
330
17
100
AcDbEntity
  8
CUT
100
AcDbLine
 10
393.6100666666667
 20
285.8424527777777
 30
0.0
 11
392.23635
 21
288.50980555555554
 31
0.0
  0
LINE
  5
4B8
330
17
100
AcDbEntity
  8
CUT
100
AcDbLine
 10
402.5021833333333
 20
290.42150833333324
 30
0.0
 11
393.6100666666667
 21
285.8424527777777
 31
0.0
  0
LINE
  5
4B9
330
17
100
AcDbEntity
  8
CUT
100
AcDbLine
 10
481.22348611111113
 20
350.44276666666656
 30
0.0
 11
481.0403944444444
 21
350.234275
 31
0.0
  0
LINE
  5
4BA
330
17
100
AcDbEntity
  8
CUT
100
AcDbLine
 10
481.5004166666666
 20
350.9225444444444
 30
0.0
 11
481.3776499999999
 21
350.67348333333325
 31
0.0
  0
LINE
  5
4BB
330
17
100
AcDbEntity
  8
CUT
100
AcDbLine
 10
481.0403944444444
 20
350.234275
 30
0.0
 11
480.8319027777777
 21
350.05118333333326
 31
0.0
  0
LINE
  5
4BC
330
17
100
AcDbEntity
  8
CUT
100
AcDbLine
 10
478.4792277777777
 20
349.89701944444437
 30
0.0
 11
478.2485111111111
 21
350.05118333333326
 31
0.0
  0
LINE
  5
4BD
330
17
100
AcDbEntity
  8
CUT
100
AcDbLine
 10
480.8319027777777
 20
350.05118333333326
 30
0.0
 11
480.6008333333333
 21
349.89701944444437
 31
0.0
  0
LINE
  5
4BE
330
17
100
AcDbEntity
  8
CUT
100
AcDbLine
 10
478.727936111111
 20
349.77425277777786
 30
0.0
 11
478.4792277777777
 21
349.89701944444437
 31
0.0
  0
LINE
  5
4BF
330
17
100
AcDbEntity
  8
CUT
100
AcDbLine
 10
481.3776499999999
 20
350.67348333333325
 30
0.0
 11
481.22348611111113
 21
350.44276666666656
 31
0.0
  0
LINE
  5
4C0
330
17
100
AcDbEntity
  8
CUT
100
AcDbLine
 10
477.8569277777777
 20
350.44276666666656
 30
0.0
 11
477.7027638888888
 21
350.67348333333325
 31
0.0
  0
LINE
  5
4C1
330
17
100
AcDbEntity
  8
CUT
100
AcDbLine
 10
478.2485111111111
 20
350.05118333333326
 30
0.0
 11
478.0396666666666
 21
350.234275
 31
0.0
  0
LINE
  5
4C2
330
17
100
AcDbEntity
  8
CUT
100
AcDbLine
 10
477.7027638888888
 20
350.67348333333325
 30
0.0
 11
477.5796444444444
 21
350.9225444444444
 31
0.0
  0
LINE
  5
4C3
330
17
100
AcDbEntity
  8
CUT
100
AcDbLine
 10
478.0396666666666
 20
350.234275
 30
0.0
 11
477.8569277777777
 21
350.44276666666656
 31
0.0
  0
LINE
  5
4C4
330
17
100
AcDbEntity
  8
CUT
100
AcDbLine
 10
479.5400305555555
 20
349.61268055555547
 30
0.0
 11
479.2631
 21
349.6310249999999
 31
0.0
  0
LINE
  5
4C5
330
17
100
AcDbEntity
  8
CUT
100
AcDbLine
 10
478.9911083333333
 20
349.68499999999995
 30
0.0
 11
478.727936111111
 21
349.77425277777786
 31
0.0
  0
LINE
  5
4C6
330
17
100
AcDbEntity
  8
CUT
100
AcDbLine
 10
479.2631
 20
349.6310249999999
 30
0.0
 11
478.9911083333333
 21
349.68499999999995
 31
0.0
  0
LINE
  5
4C7
330
17
100
AcDbEntity
  8
CUT
100
AcDbLine
 10
479.8169611111111
 20
349.6310249999999
 30
0.0
 11
479.5400305555555
 21
349.61268055555547
 31
0.0
  0
LINE
  5
4C8
330
17
100
AcDbEntity
  8
CUT
100
AcDbLine
 10
480.6008333333333
 20
349.89701944444437
 30
0.0
 11
480.3521249999999
 21
349.77425277777786
 31
0.0
  0
LINE
  5
4C9
330
17
100
AcDbEntity
  8
CUT
100
AcDbLine
 10
480.3521249999999
 20
349.77425277777786
 30
0.0
 11
480.0893055555555
 21
349.68499999999995
 31
0.0
  0
LINE
  5
4CA
330
17
100
AcDbEntity
  8
CUT
100
AcDbLine
 10
480.0893055555555
 20
349.68499999999995
 30
0.0
 11
479.8169611111111
 21
349.6310249999999
 31
0.0
  0
LINE
  5
4CB
330
17
100
AcDbEntity
  8
CUT
100
AcDbLine
 10
477.5796444444444
 20
350.9225444444444
 30
0.0
 11
477.5796444444444
 21
351.1853638888888
 31
0.0
  0
LINE
  5
4CC
330
17
100
AcDbEntity
  8
CUT
100
AcDbLine
 10
374.4521166666667
 20
288.50980555555554
 30
0.0
 11
373.0784
 21
285.8424527777777
 31
0.0
  0
LINE
  5
4CD
330
17
100
AcDbEntity
  8
CUT
100
AcDbLine
 10
365.56
 20
293.0892138888888
 30
0.0
 11
374.4521166666667
 21
288.50980555555554
 31
0.0
  0
LINE
  5
4CE
330
17
100
AcDbEntity
  8
CUT
100
AcDbLine
 10
364.1862833333333
 20
290.42150833333324
 30
0.0
 11
365.56
 21
293.0892138888888
 31
0.0
  0
LINE
  5
4CF
330
17
100
AcDbEntity
  8
CUT
100
AcDbLine
 10
373.0784
 20
285.8424527777777
 30
0.0
 11
364.1862833333333
 21
290.42150833333324
 31
0.0
  0
LINE
  5
4D0
330
17
100
AcDbEntity
  8
CUT
100
AcDbLine
 10
480.0893055555555
 20
353.78392500000007
 30
0.0
 11
480.3521249999999
 21
353.69467222222215
 31
0.0
  0
LINE
  5
4D1
330
17
100
AcDbEntity
  8
CUT
100
AcDbLine
 10
481.3776499999999
 20
352.79544166666653
 30
0.0
 11
481.5004166666666
 21
352.5463805555555
 31
0.0
  0
LINE
  5
4D2
330
17
100
AcDbEntity
  8
CUT
100
AcDbLine
 10
478.9911083333333
 20
353.78392500000007
 30
0.0
 11
479.2631
 21
353.8382527777777
 31
0.0
  0
LINE
  5
4D3
330
17
100
AcDbEntity
  8
CUT
100
AcDbLine
 10
481.0403944444444
 20
353.2346499999999
 30
0.0
 11
481.22348611111113
 21
353.0261583333332
 31
0.0
  0
LINE
  5
4D4
330
17
100
AcDbEntity
  8
CUT
100
AcDbLine
 10
477.5796444444444
 20
352.5463805555555
 30
0.0
 11
477.7027638888888
 21
352.79544166666653
 31
0.0
  0
LINE
  5
4D5
330
17
100
AcDbEntity
  8
CUT
100
AcDbLine
 10
480.6008333333333
 20
353.5719055555554
 30
0.0
 11
480.8319027777777
 21
353.41774166666653
 31
0.0
  0
LINE
  5
4D6
330
17
100
AcDbEntity
  8
CUT
100
AcDbLine
 10
481.22348611111113
 20
353.0261583333332
 30
0.0
 11
481.3776499999999
 21
352.79544166666653
 31
0.0
  0
LINE
  5
4D7
330
17
100
AcDbEntity
  8
CUT
100
AcDbLine
 10
480.8319027777777
 20
353.41774166666653
 30
0.0
 11
481.0403944444444
 21
353.2346499999999
 31
0.0
  0
LINE
  5
4D8
330
17
100
AcDbEntity
  8
CUT
100
AcDbLine
 10
480.3521249999999
 20
353.69467222222215
 30
0.0
 11
480.6008333333333
 21
353.5719055555554
 31
0.0
  0
LINE
  5
4D9
330
17
100
AcDbEntity
  8
CUT
100
AcDbLine
 10
477.8569277777777
 20
353.0261583333332
 30
0.0
 11
478.0396666666666
 21
353.2346499999999
 31
0.0
  0
LINE
  5
4DA
330
17
100
AcDbEntity
  8
CUT
100
AcDbLine
 10
479.2631
 20
353.8382527777777
 30
0.0
 11
479.5400305555555
 21
353.8562444444443
 31
0.0
  0
LINE
  5
4DB
330
17
100
AcDbEntity
  8
CUT
100
AcDbLine
 10
477.7027638888888
 20
352.79544166666653
 30
0.0
 11
477.8569277777777
 21
353.0261583333332
 31
0.0
  0
LINE
  5
4DC
330
17
100
AcDbEntity
  8
CUT
100
AcDbLine
 10
479.8169611111111
 20
353.8382527777777
 30
0.0
 11
480.0893055555555
 21
353.78392500000007
 31
0.0
  0
LINE
  5
4DD
330
17
100
AcDbEntity
  8
CUT
100
AcDbLine
 10
479.5400305555555
 20
353.8562444444443
 30
0.0
 11
479.8169611111111
 21
353.8382527777777
 31
0.0
  0
LINE
  5
4DE
330
17
100
AcDbEntity
  8
CUT
100
AcDbLine
 10
478.2485111111111
 20
353.41774166666653
 30
0.0
 11
478.4792277777777
 21
353.5719055555554
 31
0.0
  0
LINE
  5
4DF
330
17
100
AcDbEntity
  8
CUT
100
AcDbLine
 10
478.0396666666666
 20
353.2346499999999
 30
0.0
 11
478.2485111111111
 21
353.41774166666653
 31
0.0
  0
LINE
  5
4E0
330
17
100
AcDbEntity
  8
CUT
100
AcDbLine
 10
478.4792277777777
 20
353.5719055555554
 30
0.0
 11
478.727936111111
 21
353.69467222222215
 31
0.0
  0
LINE
  5
4E1
330
17
100
AcDbEntity
  8
CUT
100
AcDbLine
 10
478.727936111111
 20
353.69467222222215
 30
0.0
 11
478.9911083333333
 21
353.78392500000007
 31
0.0
  0
LINE
  5
4E2
330
17
100
AcDbEntity
  8
CUT
100
AcDbLine
 10
481.5004166666666
 20
352.5463805555555
 30
0.0
 11
481.5004166666666
 21
352.283561111111
 31
0.0
  0
LINE
  5
4E3
330
17
100
AcDbEntity
  8
CUT
100
AcDbLine
 10
346.0587972222222
 20
303.1320916666666
 30
0.0
 11
344.6850805555554
 21
300.46473888888886
 31
0.0
  0
LINE
  5
4E4
330
17
100
AcDbEntity
  8
CUT
100
AcDbLine
 10
344.6850805555554
 20
300.46473888888886
 30
0.0
 11
335.7933166666667
 21
305.0437944444444
 31
0.0
  0
LINE
  5
4E5
330
17
100
AcDbEntity
  8
CUT
100
AcDbLine
 10
335.7933166666667
 20
305.0437944444444
 30
0.0
 11
337.1670333333332
 21
307.7114999999999
 31
0.0
  0
LINE
  5
4E6
330
17
100
AcDbEntity
  8
CUT
100
AcDbLine
 10
337.1670333333332
 20
307.7114999999999
 30
0.0
 11
346.0587972222222
 21
303.1320916666666
 31
0.0
  0
LINE
  5
4E7
330
17
100
AcDbEntity
  8
CUT
100
AcDbLine
 10
426.7214361111112
 20
302.89431944444436
 30
0.0
 11
417.8296722222221
 21
298.3152638888888
 31
0.0
  0
LINE
  5
4E8
330
17
100
AcDbEntity
  8
CUT
100
AcDbLine
 10
417.8296722222221
 20
298.3152638888888
 30
0.0
 11
416.4559555555555
 21
300.9829694444443
 31
0.0
  0
LINE
  5
4E9
330
17
100
AcDbEntity
  8
CUT
100
AcDbLine
 10
425.3477194444445
 20
305.56202499999995
 30
0.0
 11
426.7214361111112
 21
302.89431944444436
 31
0.0
  0
LINE
  5
4EA
330
17
100
AcDbEntity
  8
CUT
100
AcDbLine
 10
416.4559555555555
 20
300.9829694444443
 30
0.0
 11
425.3477194444445
 21
305.56202499999995
 31
0.0
  0
LINE
  5
4EB
330
17
100
AcDbEntity
  8
CUT
100
AcDbLine
 10
449.3348444444445
 20
372.81522777777786
 30
0.0
 11
452.3352194444445
 21
372.81522777777786
 31
0.0
  0
LINE
  5
4EC
330
17
100
AcDbEntity
  8
CUT
100
AcDbLine
 10
452.3352194444445
 20
362.81327222222205
 30
0.0
 11
449.3348444444445
 21
362.81327222222205
 31
0.0
  0
LINE
  5
4ED
330
17
100
AcDbEntity
  8
CUT
100
AcDbLine
 10
452.3352194444445
 20
372.81522777777786
 30
0.0
 11
452.3352194444445
 21
362.81327222222205
 31
0.0
  0
LINE
  5
4EE
330
17
100
AcDbEntity
  8
CUT
100
AcDbLine
 10
449.3348444444445
 20
362.81327222222205
 30
0.0
 11
449.3348444444445
 21
372.81522777777786
 31
0.0
  0
LINE
  5
4EF
330
17
100
AcDbEntity
  8
CUT
100
AcDbLine
 10
477.4903916666666
 20
351.1853638888888
 30
0.0
 11
477.4903916666666
 21
351.4573555555555
 31
0.0
  0
LINE
  5
4F0
330
17
100
AcDbEntity
  8
CUT
100
AcDbLine
 10
477.4903916666666
 20
352.283561111111
 30
0.0
 11
477.4903916666666
 21
352.5463805555555
 31
0.0
  0
LINE
  5
4F1
330
17
100
AcDbEntity
  8
CUT
100
AcDbLine
 10
477.4364166666666
 20
352.0115694444445
 30
0.0
 11
477.4364166666666
 21
352.283561111111
 31
0.0
  0
LINE
  5
4F2
330
17
100
AcDbEntity
  8
CUT
100
AcDbLine
 10
477.4364166666666
 20
351.4573555555555
 30
0.0
 11
477.4364166666666
 21
351.73463888888887
 31
0.0
  0
LINE
  5
4F3
330
17
100
AcDbEntity
  8
CUT
100
AcDbLine
 10
481.6619888888888
 20
351.73463888888887
 30
0.0
 11
481.6619888888888
 21
351.4573555555555
 31
0.0
  0
LINE
  5
4F4
330
17
100
AcDbEntity
  8
CUT
100
AcDbLine
 10
481.6436444444445
 20
352.0115694444445
 30
0.0
 11
481.6436444444445
 21
351.73463888888887
 31
0.0
  0
LINE
  5
4F5
330
17
100
AcDbEntity
  8
CUT
100
AcDbLine
 10
481.6436444444445
 20
351.4573555555555
 30
0.0
 11
481.6436444444445
 21
351.1853638888888
 31
0.0
  0
LINE
  5
4F6
330
17
100
AcDbEntity
  8
CUT
100
AcDbLine
 10
481.5893166666666
 20
352.283561111111
 30
0.0
 11
481.5893166666666
 21
352.0115694444445
 31
0.0
  0
LINE
  5
4F7
330
17
100
AcDbEntity
  8
CUT
100
AcDbLine
 10
481.5893166666666
 20
351.1853638888888
 30
0.0
 11
481.5893166666666
 21
350.9225444444444
 31
0.0
  0
LINE
  5
4F8
330
17
100
AcDbEntity
  8
CUT
100
AcDbLine
 10
477.4184249999999
 20
351.73463888888887
 30
0.0
 11
477.4184249999999
 21
352.0115694444445
 31
0.0
  0
LINE
  5
4F9
330
17
100
AcDbEntity
  8
ENGRAVE
100
AcDbLine
 10
385.8320082597351
 20
331.7286554067538
 30
0.0
 11
385.8320082597351
 21
334.5286126821444
 31
0.0
  0
LINE
  5
4FA
330
17
100
AcDbEntity
  8
ENGRAVE
100
AcDbLine
 10
385.8320082597351
 20
334.5286126821444
 30
0.0
 11
384.4320296220398
 21
335.22860200099205
 31
0.0
  0
LINE
  5
4FB
330
17
100
AcDbEntity
  8
ENGRAVE
100
AcDbLine
 10
384.4320296220398
 20
335.22860200099205
 30
0.0
 11
380.23209370895387
 21
335.22860200099205
 31
0.0
  0
LINE
  5
4FC
330
17
100
AcDbEntity
  8
ENGRAVE
100
AcDbLine
 10
380.23209370895387
 20
335.22860200099205
 30
0.0
 11
378.83211507125856
 21
334.5286126821444
 31
0.0
  0
LINE
  5
4FD
330
17
100
AcDbEntity
  8
ENGRAVE
100
AcDbLine
 10
378.83211507125856
 20
334.5286126821444
 30
0.0
 11
378.83211507125856
 21
331.7286554067538
 31
0.0
  0
LINE
  5
4FE
330
17
100
AcDbEntity
  8
ENGRAVE
100
AcDbLine
 10
378.83211507125856
 20
331.7286554067538
 30
0.0
 11
380.23209370895387
 21
331.0286660879061
 31
0.0
  0
LINE
  5
4FF
330
17
100
AcDbEntity
  8
ENGRAVE
100
AcDbLine
 10
380.23209370895387
 20
331.0286660879061
 30
0.0
 11
384.4320296220398
 21
331.0286660879061
 31
0.0
  0
LINE
  5
500
330
17
100
AcDbEntity
  8
ENGRAVE
100
AcDbLine
 10
384.4320296220398
 20
331.0286660879061
 30
0.0
 11
385.8320082597351
 21
331.7286554067538
 31
0.0
  0
LINE
  5
501
330
17
100
AcDbEntity
  8
ENGRAVE
100
AcDbLine
 10
380.23209370895387
 20
336.62858063868737
 30
0.0
 11
378.83211507125856
 21
337.328569957535
 31
0.0
  0
LINE
  5
502
330
17
100
AcDbEntity
  8
ENGRAVE
100
AcDbLine
 10
378.83211507125856
 20
337.328569957535
 30
0.0
 11
378.83211507125856
 21
340.12852723292565
 31
0.0
  0
LINE
  5
503
330
17
100
AcDbEntity
  8
ENGRAVE
100
AcDbLine
 10
378.83211507125856
 20
340.12852723292565
 30
0.0
 11
380.23209370895387
 21
340.8285165517733
 31
0.0
  0
LINE
  5
504
330
17
100
AcDbEntity
  8
ENGRAVE
100
AcDbLine
 10
380.23209370895387
 20
340.8285165517733
 30
0.0
 11
381.2120787553406
 21
340.8285165517733
 31
0.0
  0
LINE
  5
505
330
17
100
AcDbEntity
  8
ENGRAVE
100
AcDbLine
 10
381.2120787553406
 20
340.8285165517733
 30
0.0
 11
385.8320082597351
 21
336.62858063868737
 31
0.0
  0
LINE
  5
506
330
17
100
AcDbEntity
  8
ENGRAVE
100
AcDbLine
 10
385.8320082597351
 20
336.62858063868737
 30
0.0
 11
385.8320082597351
 21
340.8285165517733
 31
0.0
  0
LINE
  5
507
330
17
100
AcDbEntity
  8
CUT
100
AcDbLine
 10
494.6642972222222
 20
107.2790861111112
 30
0.0
 11
493.6638194444444
 21
107.2790861111112
 31
0.0
  0
LINE
  5
508
330
17
100
AcDbEntity
  8
CUT
100
AcDbLine
 10
490.8853416666666
 20
36.5541972222223
 30
0.0
 11
490.1275749999999
 21
35.93225000000011
 31
0.0
  0
LINE
  5
509
330
17
100
AcDbEntity
  8
CUT
100
AcDbLine
 10
489.50598055555554
 20
89.49802777777782
 30
0.0
 11
490.1275749999999
 21
88.74026111111121
 31
0.0
  0
LINE
  5
50A
330
17
100
AcDbEntity
  8
CUT
100
AcDbLine
 10
504.8384083333333
 20
136.9790944444446
 30
0.0
 11
497.6646722222222
 21
136.9790944444446
 31
0.0
  0
LINE
  5
50B
330
17
100
AcDbEntity
  8
CUT
100
AcDbLine
 10
489.0434888888888
 20
90.3626861111112
 30
0.0
 11
489.50598055555554
 21
89.49802777777782
 31
0.0
  0
LINE
  5
50C
330
17
100
AcDbEntity
  8
CUT
100
AcDbLine
 10
504.8384083333333
 20
116.9751833333334
 30
0.0
 11
507.8387833333333
 21
116.9751833333334
 31
0.0
  0
LINE
  5
50D
330
17
100
AcDbEntity
  8
CUT
100
AcDbLine
 10
491.7499999999999
 20
37.016336111111215
 30
0.0
 11
490.8853416666666
 21
36.5541972222223
 31
0.0
  0
LINE
  5
50E
330
17
100
AcDbEntity
  8
CUT
100
AcDbLine
 10
491.7499999999999
 20
106.8984388888889
 30
0.0
 11
490.8853416666666
 21
106.4363
 31
0.0
  0
LINE
  5
50F
330
17
100
AcDbEntity
  8
CUT
100
AcDbLine
 10
497.6646722222222
 20
27.39538055555562
 30
0.0
 11
494.6642972222222
 21
27.39538055555562
 31
0.0
  0
LINE
  5
510
330
17
100
AcDbEntity
  8
CUT
100
AcDbLine
 10
489.50598055555554
 20
35.17448333333344
 30
0.0
 11
489.0434888888888
 21
34.309825000000004
 31
0.0
  0
LINE
  5
511
330
17
100
AcDbEntity
  8
CUT
100
AcDbLine
 10
507.8387833333333
 20
126.9771388888889
 30
0.0
 11
504.8384083333333
 21
126.9771388888889
 31
0.0
  0
LINE
  5
512
330
17
100
AcDbEntity
  8
CUT
100
AcDbLine
 10
492.6883888888888
 20
87.3714833333333
 30
0.0
 11
493.6638194444444
 21
87.275175
 31
0.0
  0
LINE
  5
513
330
17
100
AcDbEntity
  8
CUT
100
AcDbLine
 10
494.6642972222222
 20
37.39733611111123
 30
0.0
 11
493.6638194444444
 21
37.39733611111123
 31
0.0
  0
LINE
  5
514
330
17
100
AcDbEntity
  8
CUT
100
AcDbLine
 10
493.6638194444444
 20
107.2790861111112
 30
0.0
 11
492.6883888888888
 21
107.1834833333333
 31
0.0
  0
LINE
  5
515
330
17
100
AcDbEntity
  8
CUT
100
AcDbLine
 10
507.8387833333333
 20
26.50426388888888
 30
0.0
 11
504.8384083333333
 21
26.50426388888888
 31
0.0
  0
LINE
  5
516
330
17
100
AcDbEntity
  8
CUT
100
AcDbLine
 10
490.8853416666666
 20
106.4363
 30
0.0
 11
490.1275749999999
 21
105.8147055555556
 31
0.0
  0
LINE
  5
517
330
17
100
AcDbEntity
  8
CUT
100
AcDbLine
 10
504.8384083333333
 20
70.081138888889
 30
0.0
 11
507.8387833333333
 21
70.081138888889
 31
0.0
  0
LINE
  5
518
330
17
100
AcDbEntity
  8
CUT
100
AcDbLine
 10
490.1275749999999
 20
88.74026111111121
 30
0.0
 11
490.8853416666666
 21
88.11831388888902
 31
0.0
  0
LINE
  5
519
330
17
100
AcDbEntity
  8
CUT
100
AcDbLine
 10
490.1275749999999
 20
105.8147055555556
 30
0.0
 11
489.50598055555554
 21
105.0565861111111
 31
0.0
  0
LINE
  5
51A
330
17
100
AcDbEntity
  8
CUT
100
AcDbLine
 10
489.0434888888888
 20
104.1922805555556
 30
0.0
 11
488.75879722222226
 21
103.2538916666667
 31
0.0
  0
LINE
  5
51B
330
17
100
AcDbEntity
  8
CUT
100
AcDbLine
 10
490.8853416666666
 20
88.11831388888902
 30
0.0
 11
491.7499999999999
 21
87.65617500000003
 31
0.0
  0
LINE
  5
51C
330
17
100
AcDbEntity
  8
CUT
100
AcDbLine
 10
497.6646722222222
 20
97.27748333333341
 30
0.0
 11
494.6642972222222
 21
97.27748333333341
 31
0.0
  0
LINE
  5
51D
330
17
100
AcDbEntity
  8
CUT
100
AcDbLine
 10
491.7499999999999
 20
87.65617500000003
 30
0.0
 11
492.6883888888888
 21
87.3714833333333
 31
0.0
  0
LINE
  5
51E
330
17
100
AcDbEntity
  8
CUT
100
AcDbLine
 10
492.6883888888888
 20
107.1834833333333
 30
0.0
 11
491.7499999999999
 21
106.8984388888889
 31
0.0
  0
LINE
  5
51F
330
17
100
AcDbEntity
  8
CUT
100
AcDbLine
 10
493.6638194444444
 20
37.39733611111123
 30
0.0
 11
492.6883888888888
 21
37.301027777777946
 31
0.0
  0
LINE
  5
520
330
17
100
AcDbEntity
  8
CUT
100
AcDbLine
 10
490.1275749999999
 20
35.932249999999996
 30
0.0
 11
489.50598055555554
 21
35.17448333333344
 31
0.0
  0
LINE
  5
521
330
17
100
AcDbEntity
  8
CUT
100
AcDbLine
 10
488.75879722222226
 20
91.30072222222232
 30
0.0
 11
489.0434888888888
 21
90.3626861111112
 31
0.0
  0
LINE
  5
522
330
17
100
AcDbEntity
  8
CUT
100
AcDbLine
 10
488.6628416666666
 20
6.5
 30
0.0
 11
504.8384083333333
 21
6.5
 31
0.0
  0
LINE
  5
523
330
17
100
AcDbEntity
  8
CUT
100
AcDbLine
 10
492.6883888888888
 20
37.30102777777782
 30
0.0
 11
491.7499999999999
 21
37.0163361111111
 31
0.0
  0
LINE
  5
524
330
17
100
AcDbEntity
  8
CUT
100
AcDbLine
 10
489.50598055555554
 20
105.0565861111111
 30
0.0
 11
489.0434888888888
 21
104.1922805555556
 31
0.0
  0
LINE
  5
525
330
17
100
AcDbEntity
  8
CUT
100
AcDbLine
 10
493.6638194444444
 20
87.275175
 30
0.0
 11
497.6646722222222
 21
87.275175
 31
0.0
  0
LINE
  5
526
330
17
100
AcDbEntity
  8
CUT
100
AcDbLine
 10
507.8387833333333
 20
80.0830944444445
 30
0.0
 11
504.8384083333333
 21
80.0830944444445
 31
0.0
  0
LINE
  5
527
330
17
100
AcDbEntity
  8
CUT
100
AcDbLine
 10
504.8384083333333
 20
16.50230833333338
 30
0.0
 11
507.8387833333333
 21
16.50230833333338
 31
0.0
  0
LINE
  5
528
330
17
100
AcDbEntity
  8
CUT
100
AcDbLine
 10
489.0434888888888
 20
34.309825000000004
 30
0.0
 11
488.75879722222226
 21
33.371788888888915
 31
0.0
  0
LINE
  5
529
330
17
100
AcDbEntity
  8
CUT
100
AcDbLine
 10
497.6646722222222
 20
87.275175
 30
0.0
 11
497.6646722222222
 21
27.39538055555562
 31
0.0
  0
LINE
  5
52A
330
17
100
AcDbEntity
  8
CUT
100
AcDbLine
 10
497.6646722222222
 20
136.9790944444446
 30
0.0
 11
497.6646722222222
 21
97.27748333333341
 31
0.0
  0
LINE
  5
52B
330
17
100
AcDbEntity
  8
CUT
100
AcDbLine
 10
504.8384083333333
 20
6.5
 30
0.0
 11
504.8384083333333
 21
16.50230833333338
 31
0.0
  0
LINE
  5
52C
330
17
100
AcDbEntity
  8
CUT
100
AcDbLine
 10
504.8384083333333
 20
80.0830944444445
 30
0.0
 11
504.8384083333333
 21
116.9751833333334
 31
0.0
  0
LINE
  5
52D
330
17
100
AcDbEntity
  8
CUT
100
AcDbLine
 10
504.8384083333333
 20
126.9771388888889
 30
0.0
 11
504.8384083333333
 21
136.9790944444446
 31
0.0
  0
LINE
  5
52E
330
17
100
AcDbEntity
  8
CUT
100
AcDbLine
 10
504.8384083333333
 20
26.50426388888888
 30
0.0
 11
504.8384083333333
 21
70.081138888889
 31
0.0
  0
LINE
  5
52F
330
17
100
AcDbEntity
  8
CUT
100
AcDbLine
 10
488.6628416666666
 20
32.396005555555604
 30
0.0
 11
488.6628416666666
 21
6.5
 31
0.0
  0
LINE
  5
530
330
17
100
AcDbEntity
  8
CUT
100
AcDbLine
 10
488.6628416666666
 20
92.2765055555556
 30
0.0
 11
488.75879722222226
 21
91.30072222222232
 31
0.0
  0
LINE
  5
531
330
17
100
AcDbEntity
  8
CUT
100
AcDbLine
 10
488.6628416666666
 20
102.2784611111111
 30
0.0
 11
488.6628416666666
 21
92.2765055555556
 31
0.0
  0
LINE
  5
532
330
17
100
AcDbEntity
  8
CUT
100
AcDbLine
 10
494.6642972222222
 20
27.39538055555562
 30
0.0
 11
494.6642972222222
 21
37.39733611111123
 31
0.0
  0
LINE
  5
533
330
17
100
AcDbEntity
  8
CUT
100
AcDbLine
 10
494.6642972222222
 20
97.27748333333341
 30
0.0
 11
494.6642972222222
 21
107.2790861111112
 31
0.0
  0
LINE
  5
534
330
17
100
AcDbEntity
  8
CUT
100
AcDbLine
 10
488.75879722222226
 20
103.2538916666667
 30
0.0
 11
488.6628416666666
 21
102.2784611111111
 31
0.0
  0
LINE
  5
535
330
17
100
AcDbEntity
  8
CUT
100
AcDbLine
 10
488.75879722222226
 20
33.371788888888915
 30
0.0
 11
488.6628416666666
 21
32.396005555555604
 31
0.0
  0
LINE
  5
536
330
17
100
AcDbEntity
  8
CUT
100
AcDbLine
 10
507.8387833333333
 20
16.50230833333338
 30
0.0
 11
507.8387833333333
 21
26.50426388888888
 31
0.0
  0
LINE
  5
537
330
17
100
AcDbEntity
  8
CUT
100
AcDbLine
 10
507.8387833333333
 20
70.081138888889
 30
0.0
 11
507.8387833333333
 21
80.0830944444445
 31
0.0
  0
LINE
  5
538
330
17
100
AcDbEntity
  8
CUT
100
AcDbLine
 10
507.8387833333333
 20
116.9751833333334
 30
0.0
 11
507.8387833333333
 21
126.9771388888889
 31
0.0
  0
LINE
  5
539
330
17
100
AcDbEntity
  8
ENGRAVE
100
AcDbLine
 10
495.56140053669117
 20
14.312226451442278
 30
0.0
 11
494.16142189899585
 21
15.71220508913759
 31
0.0
  0
LINE
  5
53A
330
17
100
AcDbEntity
  8
ENGRAVE
100
AcDbLine
 10
494.16142189899585
 20
15.71220508913759
 30
0.0
 11
501.1613150874724
 21
15.71220508913759
 31
0.0
  0
LINE
  5
53B
330
17
100
AcDbEntity
  8
ENGRAVE
100
AcDbLine
 10
501.1613150874724
 20
14.312226451442278
 30
0.0
 11
501.1613150874724
 21
17.112183726832903
 31
0.0
  0
LINE
  5
53C
330
17
100
AcDbEntity
  8
ENGRAVE
100
AcDbLine
 10
494.16142189899585
 20
22.712098277614153
 30
0.0
 11
494.16142189899585
 21
20.612130321071184
 31
0.0
  0
LINE
  5
53D
330
17
100
AcDbEntity
  8
ENGRAVE
100
AcDbLine
 10
494.16142189899585
 20
20.612130321071184
 30
0.0
 11
496.2613898555388
 21
19.212151683375872
 31
0.0
  0
LINE
  5
53E
330
17
100
AcDbEntity
  8
ENGRAVE
100
AcDbLine
 10
496.2613898555388
 20
19.212151683375872
 30
0.0
 11
499.7613364497771
 21
19.212151683375872
 31
0.0
  0
LINE
  5
53F
330
17
100
AcDbEntity
  8
ENGRAVE
100
AcDbLine
 10
499.7613364497771
 20
19.212151683375872
 30
0.0
 11
501.1613150874724
 21
19.912141002223528
 31
0.0
  0
LINE
  5
540
330
17
100
AcDbEntity
  8
ENGRAVE
100
AcDbLine
 10
501.1613150874724
 20
19.912141002223528
 30
0.0
 11
501.1613150874724
 21
22.712098277614153
 31
0.0
  0
LINE
  5
541
330
17
100
AcDbEntity
  8
ENGRAVE
100
AcDbLine
 10
501.1613150874724
 20
22.712098277614153
 30
0.0
 11
499.7613364497771
 21
23.41208759646181
 31
0.0
  0
LINE
  5
542
330
17
100
AcDbEntity
  8
ENGRAVE
100
AcDbLine
 10
499.7613364497771
 20
23.41208759646181
 30
0.0
 11
498.7113524715056
 21
23.41208759646181
 31
0.0
  0
LINE
  5
543
330
17
100
AcDbEntity
  8
ENGRAVE
100
AcDbLine
 10
498.7113524715056
 20
23.41208759646181
 30
0.0
 11
497.66136849323414
 21
22.712098277614153
 31
0.0
  0
LINE
  5
544
330
17
100
AcDbEntity
  8
ENGRAVE
100
AcDbLine
 10
497.66136849323414
 20
22.712098277614153
 30
0.0
 11
497.66136849323414
 21
19.912141002223528
 31
0.0
  0
LINE
  5
545
330
17
100
AcDbEntity
  8
ENGRAVE
100
AcDbLine
 10
497.66136849323414
 20
19.912141002223528
 30
0.0
 11
498.7113524715056
 21
19.212151683375872
 31
0.0
  0
LINE
  5
546
330
17
100
AcDbEntity
  8
CUT
100
AcDbLine
 10
516.840238888889
 20
107.2790861111112
 30
0.0
 11
515.8397611111111
 21
107.2790861111112
 31
0.0
  0
LINE
  5
547
330
17
100
AcDbEntity
  8
CUT
100
AcDbLine
 10
513.0612833333333
 20
36.5541972222223
 30
0.0
 11
512.3035166666666
 21
35.93225000000011
 31
0.0
  0
LINE
  5
548
330
17
100
AcDbEntity
  8
CUT
100
AcDbLine
 10
511.68192222222217
 20
89.49802777777782
 30
0.0
 11
512.3035166666666
 21
88.74026111111121
 31
0.0
  0
LINE
  5
549
330
17
100
AcDbEntity
  8
CUT
100
AcDbLine
 10
527.01435
 20
136.9790944444446
 30
0.0
 11
519.8406138888889
 21
136.9790944444446
 31
0.0
  0
LINE
  5
54A
330
17
100
AcDbEntity
  8
CUT
100
AcDbLine
 10
511.2194305555555
 20
90.3626861111112
 30
0.0
 11
511.68192222222217
 21
89.49802777777782
 31
0.0
  0
LINE
  5
54B
330
17
100
AcDbEntity
  8
CUT
100
AcDbLine
 10
527.01435
 20
116.9751833333334
 30
0.0
 11
530.014725
 21
116.9751833333334
 31
0.0
  0
LINE
  5
54C
330
17
100
AcDbEntity
  8
CUT
100
AcDbLine
 10
513.9259416666666
 20
37.016336111111215
 30
0.0
 11
513.0612833333333
 21
36.5541972222223
 31
0.0
  0
LINE
  5
54D
330
17
100
AcDbEntity
  8
CUT
100
AcDbLine
 10
513.9259416666666
 20
106.8984388888889
 30
0.0
 11
513.0612833333333
 21
106.4363
 31
0.0
  0
LINE
  5
54E
330
17
100
AcDbEntity
  8
CUT
100
AcDbLine
 10
519.8406138888889
 20
27.39538055555562
 30
0.0
 11
516.840238888889
 21
27.39538055555562
 31
0.0
  0
LINE
  5
54F
330
17
100
AcDbEntity
  8
CUT
100
AcDbLine
 10
511.68192222222217
 20
35.17448333333344
 30
0.0
 11
511.2194305555555
 21
34.309825000000004
 31
0.0
  0
LINE
  5
550
330
17
100
AcDbEntity
  8
CUT
100
AcDbLine
 10
530.014725
 20
126.9771388888889
 30
0.0
 11
527.01435
 21
126.9771388888889
 31
0.0
  0
LINE
  5
551
330
17
100
AcDbEntity
  8
CUT
100
AcDbLine
 10
514.8643305555555
 20
87.3714833333333
 30
0.0
 11
515.8397611111111
 21
87.275175
 31
0.0
  0
LINE
  5
552
330
17
100
AcDbEntity
  8
CUT
100
AcDbLine
 10
516.840238888889
 20
37.39733611111123
 30
0.0
 11
515.8397611111111
 21
37.39733611111123
 31
0.0
  0
LINE
  5
553
330
17
100
AcDbEntity
  8
CUT
100
AcDbLine
 10
515.8397611111111
 20
107.2790861111112
 30
0.0
 11
514.8643305555555
 21
107.1834833333333
 31
0.0
  0
LINE
  5
554
330
17
100
AcDbEntity
  8
CUT
100
AcDbLine
 10
530.014725
 20
26.50426388888888
 30
0.0
 11
527.01435
 21
26.50426388888888
 31
0.0
  0
LINE
  5
555
330
17
100
AcDbEntity
  8
CUT
100
AcDbLine
 10
513.0612833333333
 20
106.4363
 30
0.0
 11
512.3035166666666
 21
105.8147055555556
 31
0.0
  0
LINE
  5
556
330
17
100
AcDbEntity
  8
CUT
100
AcDbLine
 10
527.01435
 20
70.081138888889
 30
0.0
 11
530.014725
 21
70.081138888889
 31
0.0
  0
LINE
  5
557
330
17
100
AcDbEntity
  8
CUT
100
AcDbLine
 10
512.3035166666666
 20
88.74026111111121
 30
0.0
 11
513.0612833333333
 21
88.11831388888902
 31
0.0
  0
LINE
  5
558
330
17
100
AcDbEntity
  8
CUT
100
AcDbLine
 10
512.3035166666666
 20
105.8147055555556
 30
0.0
 11
511.68192222222217
 21
105.0565861111111
 31
0.0
  0
LINE
  5
559
330
17
100
AcDbEntity
  8
CUT
100
AcDbLine
 10
511.2194305555555
 20
104.1922805555556
 30
0.0
 11
510.9347388888889
 21
103.2538916666667
 31
0.0
  0
LINE
  5
55A
330
17
100
AcDbEntity
  8
CUT
100
AcDbLine
 10
513.0612833333333
 20
88.11831388888902
 30
0.0
 11
513.9259416666666
 21
87.65617500000003
 31
0.0
  0
LINE
  5
55B
330
17
100
AcDbEntity
  8
CUT
100
AcDbLine
 10
519.8406138888889
 20
97.27748333333341
 30
0.0
 11
516.840238888889
 21
97.27748333333341
 31
0.0
  0
LINE
  5
55C
330
17
100
AcDbEntity
  8
CUT
100
AcDbLine
 10
513.9259416666666
 20
87.65617500000003
 30
0.0
 11
514.8643305555555
 21
87.3714833333333
 31
0.0
  0
LINE
  5
55D
330
17
100
AcDbEntity
  8
CUT
100
AcDbLine
 10
514.8643305555555
 20
107.1834833333333
 30
0.0
 11
513.9259416666666
 21
106.8984388888889
 31
0.0
  0
LINE
  5
55E
330
17
100
AcDbEntity
  8
CUT
100
AcDbLine
 10
515.8397611111111
 20
37.39733611111123
 30
0.0
 11
514.8643305555555
 21
37.301027777777946
 31
0.0
  0
LINE
  5
55F
330
17
100
AcDbEntity
  8
CUT
100
AcDbLine
 10
512.3035166666666
 20
35.932249999999996
 30
0.0
 11
511.68192222222217
 21
35.17448333333344
 31
0.0
  0
LINE
  5
560
330
17
100
AcDbEntity
  8
CUT
100
AcDbLine
 10
510.9347388888889
 20
91.30072222222232
 30
0.0
 11
511.2194305555555
 21
90.3626861111112
 31
0.0
  0
LINE
  5
561
330
17
100
AcDbEntity
  8
CUT
100
AcDbLine
 10
510.8387833333333
 20
6.5
 30
0.0
 11
527.01435
 21
6.5
 31
0.0
  0
LINE
  5
562
330
17
100
AcDbEntity
  8
CUT
100
AcDbLine
 10
514.8643305555555
 20
37.30102777777782
 30
0.0
 11
513.9259416666666
 21
37.0163361111111
 31
0.0
  0
LINE
  5
563
330
17
100
AcDbEntity
  8
CUT
100
AcDbLine
 10
511.68192222222217
 20
105.0565861111111
 30
0.0
 11
511.2194305555555
 21
104.1922805555556
 31
0.0
  0
LINE
  5
564
330
17
100
AcDbEntity
  8
CUT
100
AcDbLine
 10
515.8397611111111
 20
87.275175
 30
0.0
 11
519.8406138888889
 21
87.275175
 31
0.0
  0
LINE
  5
565
330
17
100
AcDbEntity
  8
CUT
100
AcDbLine
 10
530.014725
 20
80.0830944444445
 30
0.0
 11
527.01435
 21
80.0830944444445
 31
0.0
  0
LINE
  5
566
330
17
100
AcDbEntity
  8
CUT
100
AcDbLine
 10
527.01435
 20
16.50230833333338
 30
0.0
 11
530.014725
 21
16.50230833333338
 31
0.0
  0
LINE
  5
567
330
17
100
AcDbEntity
  8
CUT
100
AcDbLine
 10
511.2194305555555
 20
34.309825000000004
 30
0.0
 11
510.9347388888889
 21
33.371788888888915
 31
0.0
  0
LINE
  5
568
330
17
100
AcDbEntity
  8
CUT
100
AcDbLine
 10
519.8406138888889
 20
87.275175
 30
0.0
 11
519.8406138888889
 21
27.39538055555562
 31
0.0
  0
LINE
  5
569
330
17
100
AcDbEntity
  8
CUT
100
AcDbLine
 10
519.8406138888889
 20
136.9790944444446
 30
0.0
 11
519.8406138888889
 21
97.27748333333341
 31
0.0
  0
LINE
  5
56A
330
17
100
AcDbEntity
  8
CUT
100
AcDbLine
 10
527.01435
 20
6.5
 30
0.0
 11
527.01435
 21
16.50230833333338
 31
0.0
  0
LINE
  5
56B
330
17
100
AcDbEntity
  8
CUT
100
AcDbLine
 10
527.01435
 20
80.0830944444445
 30
0.0
 11
527.01435
 21
116.9751833333334
 31
0.0
  0
LINE
  5
56C
330
17
100
AcDbEntity
  8
CUT
100
AcDbLine
 10
527.01435
 20
126.9771388888889
 30
0.0
 11
527.01435
 21
136.9790944444446
 31
0.0
  0
LINE
  5
56D
330
17
100
AcDbEntity
  8
CUT
100
AcDbLine
 10
527.01435
 20
26.50426388888888
 30
0.0
 11
527.01435
 21
70.081138888889
 31
0.0
  0
LINE
  5
56E
330
17
100
AcDbEntity
  8
CUT
100
AcDbLine
 10
510.8387833333333
 20
32.396005555555604
 30
0.0
 11
510.8387833333333
 21
6.5
 31
0.0
  0
LINE
  5
56F
330
17
100
AcDbEntity
  8
CUT
100
AcDbLine
 10
510.8387833333333
 20
92.2765055555556
 30
0.0
 11
510.9347388888889
 21
91.30072222222232
 31
0.0
  0
LINE
  5
570
330
17
100
AcDbEntity
  8
CUT
100
AcDbLine
 10
510.8387833333333
 20
102.2784611111111
 30
0.0
 11
510.8387833333333
 21
92.2765055555556
 31
0.0
  0
LINE
  5
571
330
17
100
AcDbEntity
  8
CUT
100
AcDbLine
 10
516.840238888889
 20
27.39538055555562
 30
0.0
 11
516.840238888889
 21
37.39733611111123
 31
0.0
  0
LINE
  5
572
330
17
100
AcDbEntity
  8
CUT
100
AcDbLine
 10
516.840238888889
 20
97.27748333333341
 30
0.0
 11
516.840238888889
 21
107.2790861111112
 31
0.0
  0
LINE
  5
573
330
17
100
AcDbEntity
  8
CUT
100
AcDbLine
 10
510.9347388888889
 20
103.2538916666667
 30
0.0
 11
510.8387833333333
 21
102.2784611111111
 31
0.0
  0
LINE
  5
574
330
17
100
AcDbEntity
  8
CUT
100
AcDbLine
 10
510.9347388888889
 20
33.371788888888915
 30
0.0
 11
510.8387833333333
 21
32.396005555555604
 31
0.0
  0
LINE
  5
575
330
17
100
AcDbEntity
  8
CUT
100
AcDbLine
 10
530.014725
 20
16.50230833333338
 30
0.0
 11
530.014725
 21
26.50426388888888
 31
0.0
  0
LINE
  5
576
330
17
100
AcDbEntity
  8
CUT
100
AcDbLine
 10
530.014725
 20
70.081138888889
 30
0.0
 11
530.014725
 21
80.0830944444445
 31
0.0
  0
LINE
  5
577
330
17
100
AcDbEntity
  8
CUT
100
AcDbLine
 10
530.014725
 20
116.9751833333334
 30
0.0
 11
530.014725
 21
126.9771388888889
 31
0.0
  0
LINE
  5
578
330
17
100
AcDbEntity
  8
ENGRAVE
100
AcDbLine
 10
517.7373422033578
 20
14.312226451442278
 30
0.0
 11
516.3373635656625
 21
15.71220508913759
 31
0.0
  0
LINE
  5
579
330
17
100
AcDbEntity
  8
ENGRAVE
100
AcDbLine
 10
516.3373635656625
 20
15.71220508913759
 30
0.0
 11
523.337256754139
 21
15.71220508913759
 31
0.0
  0
LINE
  5
57A
330
17
100
AcDbEntity
  8
ENGRAVE
100
AcDbLine
 10
523.337256754139
 20
14.312226451442278
 30
0.0
 11
523.337256754139
 21
17.112183726832903
 31
0.0
  0
LINE
  5
57B
330
17
100
AcDbEntity
  8
ENGRAVE
100
AcDbLine
 10
516.3373635656625
 20
22.712098277614153
 30
0.0
 11
516.3373635656625
 21
20.612130321071184
 31
0.0
  0
LINE
  5
57C
330
17
100
AcDbEntity
  8
ENGRAVE
100
AcDbLine
 10
516.3373635656625
 20
20.612130321071184
 30
0.0
 11
518.4373315222055
 21
19.212151683375872
 31
0.0
  0
LINE
  5
57D
330
17
100
AcDbEntity
  8
ENGRAVE
100
AcDbLine
 10
518.4373315222055
 20
19.212151683375872
 30
0.0
 11
521.9372781164437
 21
19.212151683375872
 31
0.0
  0
LINE
  5
57E
330
17
100
AcDbEntity
  8
ENGRAVE
100
AcDbLine
 10
521.9372781164437
 20
19.212151683375872
 30
0.0
 11
523.337256754139
 21
19.912141002223528
 31
0.0
  0
LINE
  5
57F
330
17
100
AcDbEntity
  8
ENGRAVE
100
AcDbLine
 10
523.337256754139
 20
19.912141002223528
 30
0.0
 11
523.337256754139
 21
22.712098277614153
 31
0.0
  0
LINE
  5
580
330
17
100
AcDbEntity
  8
ENGRAVE
100
AcDbLine
 10
523.337256754139
 20
22.712098277614153
 30
0.0
 11
521.9372781164437
 21
23.41208759646181
 31
0.0
  0
LINE
  5
581
330
17
100
AcDbEntity
  8
ENGRAVE
100
AcDbLine
 10
521.9372781164437
 20
23.41208759646181
 30
0.0
 11
520.8872941381723
 21
23.41208759646181
 31
0.0
  0
LINE
  5
582
330
17
100
AcDbEntity
  8
ENGRAVE
100
AcDbLine
 10
520.8872941381723
 20
23.41208759646181
 30
0.0
 11
519.8373101599008
 21
22.712098277614153
 31
0.0
  0
LINE
  5
583
330
17
100
AcDbEntity
  8
ENGRAVE
100
AcDbLine
 10
519.8373101599008
 20
22.712098277614153
 30
0.0
 11
519.8373101599008
 21
19.912141002223528
 31
0.0
  0
LINE
  5
584
330
17
100
AcDbEntity
  8
ENGRAVE
100
AcDbLine
 10
519.8373101599008
 20
19.912141002223528
 30
0.0
 11
520.8872941381723
 21
19.212151683375872
 31
0.0
  0
LINE
  5
585
330
17
100
AcDbEntity
  8
CUT
100
AcDbLine
 10
539.0161805555556
 20
107.2790861111112
 30
0.0
 11
538.0157027777777
 21
107.2790861111112
 31
0.0
  0
LINE
  5
586
330
17
100
AcDbEntity
  8
CUT
100
AcDbLine
 10
535.237225
 20
36.5541972222223
 30
0.0
 11
534.4794583333332
 21
35.93225000000011
 31
0.0
  0
LINE
  5
587
330
17
100
AcDbEntity
  8
CUT
100
AcDbLine
 10
533.8578638888889
 20
89.49802777777782
 30
0.0
 11
534.4794583333332
 21
88.74026111111121
 31
0.0
  0
LINE
  5
588
330
17
100
AcDbEntity
  8
CUT
100
AcDbLine
 10
549.1902916666667
 20
136.9790944444446
 30
0.0
 11
542.0165555555556
 21
136.9790944444446
 31
0.0
  0
LINE
  5
589
330
17
100
AcDbEntity
  8
CUT
100
AcDbLine
 10
533.3953722222222
 20
90.3626861111112
 30
0.0
 11
533.8578638888889
 21
89.49802777777782
 31
0.0
  0
LINE
  5
58A
330
17
100
AcDbEntity
  8
CUT
100
AcDbLine
 10
549.1902916666667
 20
116.9751833333334
 30
0.0
 11
552.1906666666666
 21
116.9751833333334
 31
0.0
  0
LINE
  5
58B
330
17
100
AcDbEntity
  8
CUT
100
AcDbLine
 10
536.1018833333333
 20
37.016336111111215
 30
0.0
 11
535.237225
 21
36.5541972222223
 31
0.0
  0
LINE
  5
58C
330
17
100
AcDbEntity
  8
CUT
100
AcDbLine
 10
536.1018833333333
 20
106.8984388888889
 30
0.0
 11
535.237225
 21
106.4363
 31
0.0
  0
LINE
  5
58D
330
17
100
AcDbEntity
  8
CUT
100
AcDbLine
 10
542.0165555555556
 20
27.39538055555562
 30
0.0
 11
539.0161805555556
 21
27.39538055555562
 31
0.0
  0
LINE
  5
58E
330
17
100
AcDbEntity
  8
CUT
100
AcDbLine
 10
533.8578638888889
 20
35.17448333333344
 30
0.0
 11
533.3953722222222
 21
34.309825000000004
 31
0.0
  0
LINE
  5
58F
330
17
100
AcDbEntity
  8
CUT
100
AcDbLine
 10
552.1906666666666
 20
126.9771388888889
 30
0.0
 11
549.1902916666667
 21
126.9771388888889
 31
0.0
  0
LINE
  5
590
330
17
100
AcDbEntity
  8
CUT
100
AcDbLine
 10
537.0402722222223
 20
87.3714833333333
 30
0.0
 11
538.0157027777777
 21
87.275175
 31
0.0
  0
LINE
  5
591
330
17
100
AcDbEntity
  8
CUT
100
AcDbLine
 10
539.0161805555556
 20
37.39733611111123
 30
0.0
 11
538.0157027777777
 21
37.39733611111123
 31
0.0
  0
LINE
  5
592
330
17
100
AcDbEntity
  8
CUT
100
AcDbLine
 10
538.0157027777777
 20
107.2790861111112
 30
0.0
 11
537.0402722222223
 21
107.1834833333333
 31
0.0
  0
LINE
  5
593
330
17
100
AcDbEntity
  8
CUT
100
AcDbLine
 10
552.1906666666666
 20
26.50426388888888
 30
0.0
 11
549.1902916666667
 21
26.50426388888888
 31
0.0
  0
LINE
  5
594
330
17
100
AcDbEntity
  8
CUT
100
AcDbLine
 10
535.237225
 20
106.4363
 30
0.0
 11
534.4794583333332
 21
105.8147055555556
 31
0.0
  0
LINE
  5
595
330
17
100
AcDbEntity
  8
CUT
100
AcDbLine
 10
549.1902916666667
 20
70.081138888889
 30
0.0
 11
552.1906666666666
 21
70.081138888889
 31
0.0
  0
LINE
  5
596
330
17
100
AcDbEntity
  8
CUT
100
AcDbLine
 10
534.4794583333332
 20
88.74026111111121
 30
0.0
 11
535.237225
 21
88.11831388888902
 31
0.0
  0
LINE
  5
597
330
17
100
AcDbEntity
  8
CUT
100
AcDbLine
 10
534.4794583333332
 20
105.8147055555556
 30
0.0
 11
533.8578638888889
 21
105.0565861111111
 31
0.0
  0
LINE
  5
598
330
17
100
AcDbEntity
  8
CUT
100
AcDbLine
 10
533.3953722222222
 20
104.1922805555556
 30
0.0
 11
533.1106805555556
 21
103.2538916666667
 31
0.0
  0
LINE
  5
599
330
17
100
AcDbEntity
  8
CUT
100
AcDbLine
 10
535.237225
 20
88.11831388888902
 30
0.0
 11
536.1018833333333
 21
87.65617500000003
 31
0.0
  0
LINE
  5
59A
330
17
100
AcDbEntity
  8
CUT
100
AcDbLine
 10
542.0165555555556
 20
97.27748333333341
 30
0.0
 11
539.0161805555556
 21
97.27748333333341
 31
0.0
  0
LINE
  5
59B
330
17
100
AcDbEntity
  8
CUT
100
AcDbLine
 10
536.1018833333333
 20
87.65617500000003
 30
0.0
 11
537.0402722222223
 21
87.3714833333333
 31
0.0
  0
LINE
  5
59C
330
17
100
AcDbEntity
  8
CUT
100
AcDbLine
 10
537.0402722222223
 20
107.1834833333333
 30
0.0
 11
536.1018833333333
 21
106.8984388888889
 31
0.0
  0
LINE
  5
59D
330
17
100
AcDbEntity
  8
CUT
100
AcDbLine
 10
538.0157027777777
 20
37.39733611111123
 30
0.0
 11
537.0402722222223
 21
37.301027777777946
 31
0.0
  0
LINE
  5
59E
330
17
100
AcDbEntity
  8
CUT
100
AcDbLine
 10
534.4794583333332
 20
35.932249999999996
 30
0.0
 11
533.8578638888889
 21
35.17448333333344
 31
0.0
  0
LINE
  5
59F
330
17
100
AcDbEntity
  8
CUT
100
AcDbLine
 10
533.1106805555556
 20
91.30072222222232
 30
0.0
 11
533.3953722222222
 21
90.3626861111112
 31
0.0
  0
LINE
  5
5A0
330
17
100
AcDbEntity
  8
CUT
100
AcDbLine
 10
533.014725
 20
6.5
 30
0.0
 11
549.1902916666667
 21
6.5
 31
0.0
  0
LINE
  5
5A1
330
17
100
AcDbEntity
  8
CUT
100
AcDbLine
 10
537.0402722222223
 20
37.30102777777782
 30
0.0
 11
536.1018833333333
 21
37.0163361111111
 31
0.0
  0
LINE
  5
5A2
330
17
100
AcDbEntity
  8
CUT
100
AcDbLine
 10
533.8578638888889
 20
105.0565861111111
 30
0.0
 11
533.3953722222222
 21
104.1922805555556
 31
0.0
  0
LINE
  5
5A3
330
17
100
AcDbEntity
  8
CUT
100
AcDbLine
 10
538.0157027777777
 20
87.275175
 30
0.0
 11
542.0165555555556
 21
87.275175
 31
0.0
  0
LINE
  5
5A4
330
17
100
AcDbEntity
  8
CUT
100
AcDbLine
 10
552.1906666666666
 20
80.0830944444445
 30
0.0
 11
549.1902916666667
 21
80.0830944444445
 31
0.0
  0
LINE
  5
5A5
330
17
100
AcDbEntity
  8
CUT
100
AcDbLine
 10
549.1902916666667
 20
16.50230833333338
 30
0.0
 11
552.1906666666666
 21
16.50230833333338
 31
0.0
  0
LINE
  5
5A6
330
17
100
AcDbEntity
  8
CUT
100
AcDbLine
 10
533.3953722222222
 20
34.309825000000004
 30
0.0
 11
533.1106805555556
 21
33.371788888888915
 31
0.0
  0
LINE
  5
5A7
330
17
100
AcDbEntity
  8
CUT
100
AcDbLine
 10
542.0165555555556
 20
87.275175
 30
0.0
 11
542.0165555555556
 21
27.39538055555562
 31
0.0
  0
LINE
  5
5A8
330
17
100
AcDbEntity
  8
CUT
100
AcDbLine
 10
542.0165555555556
 20
136.9790944444446
 30
0.0
 11
542.0165555555556
 21
97.27748333333341
 31
0.0
  0
LINE
  5
5A9
330
17
100
AcDbEntity
  8
CUT
100
AcDbLine
 10
549.1902916666667
 20
6.5
 30
0.0
 11
549.1902916666667
 21
16.50230833333338
 31
0.0
  0
LINE
  5
5AA
330
17
100
AcDbEntity
  8
CUT
100
AcDbLine
 10
549.1902916666667
 20
80.0830944444445
 30
0.0
 11
549.1902916666667
 21
116.9751833333334
 31
0.0
  0
LINE
  5
5AB
330
17
100
AcDbEntity
  8
CUT
100
AcDbLine
 10
549.1902916666667
 20
126.9771388888889
 30
0.0
 11
549.1902916666667
 21
136.9790944444446
 31
0.0
  0
LINE
  5
5AC
330
17
100
AcDbEntity
  8
CUT
100
AcDbLine
 10
549.1902916666667
 20
26.50426388888888
 30
0.0
 11
549.1902916666667
 21
70.081138888889
 31
0.0
  0
LINE
  5
5AD
330
17
100
AcDbEntity
  8
CUT
100
AcDbLine
 10
533.014725
 20
32.396005555555604
 30
0.0
 11
533.014725
 21
6.5
 31
0.0
  0
LINE
  5
5AE
330
17
100
AcDbEntity
  8
CUT
100
AcDbLine
 10
533.014725
 20
92.2765055555556
 30
0.0
 11
533.1106805555556
 21
91.30072222222232
 31
0.0
  0
LINE
  5
5AF
330
17
100
AcDbEntity
  8
CUT
100
AcDbLine
 10
533.014725
 20
102.2784611111111
 30
0.0
 11
533.014725
 21
92.2765055555556
 31
0.0
  0
LINE
  5
5B0
330
17
100
AcDbEntity
  8
CUT
100
AcDbLine
 10
539.0161805555556
 20
27.39538055555562
 30
0.0
 11
539.0161805555556
 21
37.39733611111123
 31
0.0
  0
LINE
  5
5B1
330
17
100
AcDbEntity
  8
CUT
100
AcDbLine
 10
539.0161805555556
 20
97.27748333333341
 30
0.0
 11
539.0161805555556
 21
107.2790861111112
 31
0.0
  0
LINE
  5
5B2
330
17
100
AcDbEntity
  8
CUT
100
AcDbLine
 10
533.1106805555556
 20
103.2538916666667
 30
0.0
 11
533.014725
 21
102.2784611111111
 31
0.0
  0
LINE
  5
5B3
330
17
100
AcDbEntity
  8
CUT
100
AcDbLine
 10
533.1106805555556
 20
33.371788888888915
 30
0.0
 11
533.014725
 21
32.396005555555604
 31
0.0
  0
LINE
  5
5B4
330
17
100
AcDbEntity
  8
CUT
100
AcDbLine
 10
552.1906666666666
 20
16.50230833333338
 30
0.0
 11
552.1906666666666
 21
26.50426388888888
 31
0.0
  0
LINE
  5
5B5
330
17
100
AcDbEntity
  8
CUT
100
AcDbLine
 10
552.1906666666666
 20
70.081138888889
 30
0.0
 11
552.1906666666666
 21
80.0830944444445
 31
0.0
  0
LINE
  5
5B6
330
17
100
AcDbEntity
  8
CUT
100
AcDbLine
 10
552.1906666666666
 20
116.9751833333334
 30
0.0
 11
552.1906666666666
 21
126.9771388888889
 31
0.0
  0
LINE
  5
5B7
330
17
100
AcDbEntity
  8
ENGRAVE
100
AcDbLine
 10
539.9132838700245
 20
14.312226451442278
 30
0.0
 11
538.5133052323292
 21
15.71220508913759
 31
0.0
  0
LINE
  5
5B8
330
17
100
AcDbEntity
  8
ENGRAVE
100
AcDbLine
 10
538.5133052323292
 20
15.71220508913759
 30
0.0
 11
545.5131984208058
 21
15.71220508913759
 31
0.0
  0
LINE
  5
5B9
330
17
100
AcDbEntity
  8
ENGRAVE
100
AcDbLine
 10
545.5131984208058
 20
14.312226451442278
 30
0.0
 11
545.5131984208058
 21
17.112183726832903
 31
0.0
  0
LINE
  5
5BA
330
17
100
AcDbEntity
  8
ENGRAVE
100
AcDbLine
 10
538.5133052323292
 20
22.712098277614153
 30
0.0
 11
538.5133052323292
 21
20.612130321071184
 31
0.0
  0
LINE
  5
5BB
330
17
100
AcDbEntity
  8
ENGRAVE
100
AcDbLine
 10
538.5133052323292
 20
20.612130321071184
 30
0.0
 11
540.6132731888722
 21
19.212151683375872
 31
0.0
  0
LINE
  5
5BC
330
17
100
AcDbEntity
  8
ENGRAVE
100
AcDbLine
 10
540.6132731888722
 20
19.212151683375872
 30
0.0
 11
544.1132197831105
 21
19.212151683375872
 31
0.0
  0
LINE
  5
5BD
330
17
100
AcDbEntity
  8
ENGRAVE
100
AcDbLine
 10
544.1132197831105
 20
19.212151683375872
 30
0.0
 11
545.5131984208058
 21
19.912141002223528
 31
0.0
  0
LINE
  5
5BE
330
17
100
AcDbEntity
  8
ENGRAVE
100
AcDbLine
 10
545.5131984208058
 20
19.912141002223528
 30
0.0
 11
545.5131984208058
 21
22.712098277614153
 31
0.0
  0
LINE
  5
5BF
330
17
100
AcDbEntity
  8
ENGRAVE
100
AcDbLine
 10
545.5131984208058
 20
22.712098277614153
 30
0.0
 11
544.1132197831105
 21
23.41208759646181
 31
0.0
  0
LINE
  5
5C0
330
17
100
AcDbEntity
  8
ENGRAVE
100
AcDbLine
 10
544.1132197831105
 20
23.41208759646181
 30
0.0
 11
543.063235804839
 21
23.41208759646181
 31
0.0
  0
LINE
  5
5C1
330
17
100
AcDbEntity
  8
ENGRAVE
100
AcDbLine
 10
543.063235804839
 20
23.41208759646181
 30
0.0
 11
542.0132518265675
 21
22.712098277614153
 31
0.0
  0
LINE
  5
5C2
330
17
100
AcDbEntity
  8
ENGRAVE
100
AcDbLine
 10
542.0132518265675
 20
22.712098277614153
 30
0.0
 11
542.0132518265675
 21
19.912141002223528
 31
0.0
  0
LINE
  5
5C3
330
17
100
AcDbEntity
  8
ENGRAVE
100
AcDbLine
 10
542.0132518265675
 20
19.912141002223528
 30
0.0
 11
543.063235804839
 21
19.212151683375872
 31
0.0
  0
LINE
  5
5C4
330
17
100
AcDbEntity
  8
CUT
100
AcDbLine
 10
561.1921222222222
 20
107.2790861111112
 30
0.0
 11
560.1916444444444
 21
107.2790861111112
 31
0.0
  0
LINE
  5
5C5
330
17
100
AcDbEntity
  8
CUT
100
AcDbLine
 10
557.4131666666666
 20
36.5541972222223
 30
0.0
 11
556.6553999999999
 21
35.93225000000011
 31
0.0
  0
LINE
  5
5C6
330
17
100
AcDbEntity
  8
CUT
100
AcDbLine
 10
556.0338055555555
 20
89.49802777777782
 30
0.0
 11
556.6553999999999
 21
88.74026111111121
 31
0.0
  0
LINE
  5
5C7
330
17
100
AcDbEntity
  8
CUT
100
AcDbLine
 10
571.3662333333333
 20
136.9790944444446
 30
0.0
 11
564.1924972222222
 21
136.9790944444446
 31
0.0
  0
LINE
  5
5C8
330
17
100
AcDbEntity
  8
CUT
100
AcDbLine
 10
555.5713138888889
 20
90.3626861111112
 30
0.0
 11
556.0338055555555
 21
89.49802777777782
 31
0.0
  0
LINE
  5
5C9
330
17
100
AcDbEntity
  8
CUT
100
AcDbLine
 10
571.3662333333333
 20
116.9751833333334
 30
0.0
 11
574.3666083333333
 21
116.9751833333334
 31
0.0
  0
LINE
  5
5CA
330
17
100
AcDbEntity
  8
CUT
100
AcDbLine
 10
558.2778249999999
 20
37.016336111111215
 30
0.0
 11
557.4131666666666
 21
36.5541972222223
 31
0.0
  0
LINE
  5
5CB
330
17
100
AcDbEntity
  8
CUT
100
AcDbLine
 10
558.2778249999999
 20
106.8984388888889
 30
0.0
 11
557.4131666666666
 21
106.4363
 31
0.0
  0
LINE
  5
5CC
330
17
100
AcDbEntity
  8
CUT
100
AcDbLine
 10
564.1924972222222
 20
27.39538055555562
 30
0.0
 11
561.1921222222222
 21
27.39538055555562
 31
0.0
  0
LINE
  5
5CD
330
17
100
AcDbEntity
  8
CUT
100
AcDbLine
 10
556.0338055555555
 20
35.17448333333344
 30
0.0
 11
555.5713138888889
 21
34.309825000000004
 31
0.0
  0
LINE
  5
5CE
330
17
100
AcDbEntity
  8
CUT
100
AcDbLine
 10
574.3666083333333
 20
126.9771388888889
 30
0.0
 11
571.3662333333333
 21
126.9771388888889
 31
0.0
  0
LINE
  5
5CF
330
17
100
AcDbEntity
  8
CUT
100
AcDbLine
 10
559.2162138888889
 20
87.3714833333333
 30
0.0
 11
560.1916444444444
 21
87.275175
 31
0.0
  0
LINE
  5
5D0
330
17
100
AcDbEntity
  8
CUT
100
AcDbLine
 10
561.1921222222222
 20
37.39733611111123
 30
0.0
 11
560.1916444444444
 21
37.39733611111123
 31
0.0
  0
LINE
  5
5D1
330
17
100
AcDbEntity
  8
CUT
100
AcDbLine
 10
560.1916444444444
 20
107.2790861111112
 30
0.0
 11
559.2162138888889
 21
107.1834833333333
 31
0.0
  0
LINE
  5
5D2
330
17
100
AcDbEntity
  8
CUT
100
AcDbLine
 10
574.3666083333333
 20
26.50426388888888
 30
0.0
 11
571.3662333333333
 21
26.50426388888888
 31
0.0
  0
LINE
  5
5D3
330
17
100
AcDbEntity
  8
CUT
100
AcDbLine
 10
557.4131666666666
 20
106.4363
 30
0.0
 11
556.6553999999999
 21
105.8147055555556
 31
0.0
  0
LINE
  5
5D4
330
17
100
AcDbEntity
  8
CUT
100
AcDbLine
 10
571.3662333333333
 20
70.081138888889
 30
0.0
 11
574.3666083333333
 21
70.081138888889
 31
0.0
  0
LINE
  5
5D5
330
17
100
AcDbEntity
  8
CUT
100
AcDbLine
 10
556.6553999999999
 20
88.74026111111121
 30
0.0
 11
557.4131666666666
 21
88.11831388888902
 31
0.0
  0
LINE
  5
5D6
330
17
100
AcDbEntity
  8
CUT
100
AcDbLine
 10
556.6553999999999
 20
105.8147055555556
 30
0.0
 11
556.0338055555555
 21
105.0565861111111
 31
0.0
  0
LINE
  5
5D7
330
17
100
AcDbEntity
  8
CUT
100
AcDbLine
 10
555.5713138888889
 20
104.1922805555556
 30
0.0
 11
555.2866222222223
 21
103.2538916666667
 31
0.0
  0
LINE
  5
5D8
330
17
100
AcDbEntity
  8
CUT
100
AcDbLine
 10
557.4131666666666
 20
88.11831388888902
 30
0.0
 11
558.2778249999999
 21
87.65617500000003
 31
0.0
  0
LINE
  5
5D9
330
17
100
AcDbEntity
  8
CUT
100
AcDbLine
 10
564.1924972222222
 20
97.27748333333341
 30
0.0
 11
561.1921222222222
 21
97.27748333333341
 31
0.0
  0
LINE
  5
5DA
330
17
100
AcDbEntity
  8
CUT
100
AcDbLine
 10
558.2778249999999
 20
87.65617500000003
 30
0.0
 11
559.2162138888889
 21
87.3714833333333
 31
0.0
  0
LINE
  5
5DB
330
17
100
AcDbEntity
  8
CUT
100
AcDbLine
 10
559.2162138888889
 20
107.1834833333333
 30
0.0
 11
558.2778249999999
 21
106.8984388888889
 31
0.0
  0
LINE
  5
5DC
330
17
100
AcDbEntity
  8
CUT
100
AcDbLine
 10
560.1916444444444
 20
37.39733611111123
 30
0.0
 11
559.2162138888889
 21
37.301027777777946
 31
0.0
  0
LINE
  5
5DD
330
17
100
AcDbEntity
  8
CUT
100
AcDbLine
 10
556.6553999999999
 20
35.932249999999996
 30
0.0
 11
556.0338055555555
 21
35.17448333333344
 31
0.0
  0
LINE
  5
5DE
330
17
100
AcDbEntity
  8
CUT
100
AcDbLine
 10
555.2866222222223
 20
91.30072222222232
 30
0.0
 11
555.5713138888889
 21
90.3626861111112
 31
0.0
  0
LINE
  5
5DF
330
17
100
AcDbEntity
  8
CUT
100
AcDbLine
 10
555.1906666666666
 20
6.5
 30
0.0
 11
571.3662333333333
 21
6.5
 31
0.0
  0
LINE
  5
5E0
330
17
100
AcDbEntity
  8
CUT
100
AcDbLine
 10
559.2162138888889
 20
37.30102777777782
 30
0.0
 11
558.2778249999999
 21
37.0163361111111
 31
0.0
  0
LINE
  5
5E1
330
17
100
AcDbEntity
  8
CUT
100
AcDbLine
 10
556.0338055555555
 20
105.0565861111111
 30
0.0
 11
555.5713138888889
 21
104.1922805555556
 31
0.0
  0
LINE
  5
5E2
330
17
100
AcDbEntity
  8
CUT
100
AcDbLine
 10
560.1916444444444
 20
87.275175
 30
0.0
 11
564.1924972222222
 21
87.275175
 31
0.0
  0
LINE
  5
5E3
330
17
100
AcDbEntity
  8
CUT
100
AcDbLine
 10
574.3666083333333
 20
80.0830944444445
 30
0.0
 11
571.3662333333333
 21
80.0830944444445
 31
0.0
  0
LINE
  5
5E4
330
17
100
AcDbEntity
  8
CUT
100
AcDbLine
 10
571.3662333333333
 20
16.50230833333338
 30
0.0
 11
574.3666083333333
 21
16.50230833333338
 31
0.0
  0
LINE
  5
5E5
330
17
100
AcDbEntity
  8
CUT
100
AcDbLine
 10
555.5713138888889
 20
34.309825000000004
 30
0.0
 11
555.2866222222223
 21
33.371788888888915
 31
0.0
  0
LINE
  5
5E6
330
17
100
AcDbEntity
  8
CUT
100
AcDbLine
 10
564.1924972222222
 20
87.275175
 30
0.0
 11
564.1924972222222
 21
27.39538055555562
 31
0.0
  0
LINE
  5
5E7
330
17
100
AcDbEntity
  8
CUT
100
AcDbLine
 10
564.1924972222222
 20
136.9790944444446
 30
0.0
 11
564.1924972222222
 21
97.27748333333341
 31
0.0
  0
LINE
  5
5E8
330
17
100
AcDbEntity
  8
CUT
100
AcDbLine
 10
571.3662333333333
 20
6.5
 30
0.0
 11
571.3662333333333
 21
16.50230833333338
 31
0.0
  0
LINE
  5
5E9
330
17
100
AcDbEntity
  8
CUT
100
AcDbLine
 10
571.3662333333333
 20
80.0830944444445
 30
0.0
 11
571.3662333333333
 21
116.9751833333334
 31
0.0
  0
LINE
  5
5EA
330
17
100
AcDbEntity
  8
CUT
100
AcDbLine
 10
571.3662333333333
 20
126.9771388888889
 30
0.0
 11
571.3662333333333
 21
136.9790944444446
 31
0.0
  0
LINE
  5
5EB
330
17
100
AcDbEntity
  8
CUT
100
AcDbLine
 10
571.3662333333333
 20
26.50426388888888
 30
0.0
 11
571.3662333333333
 21
70.081138888889
 31
0.0
  0
LINE
  5
5EC
330
17
100
AcDbEntity
  8
CUT
100
AcDbLine
 10
555.1906666666666
 20
32.396005555555604
 30
0.0
 11
555.1906666666666
 21
6.5
 31
0.0
  0
LINE
  5
5ED
330
17
100
AcDbEntity
  8
CUT
100
AcDbLine
 10
555.1906666666666
 20
92.2765055555556
 30
0.0
 11
555.2866222222223
 21
91.30072222222232
 31
0.0
  0
LINE
  5
5EE
330
17
100
AcDbEntity
  8
CUT
100
AcDbLine
 10
555.1906666666666
 20
102.2784611111111
 30
0.0
 11
555.1906666666666
 21
92.2765055555556
 31
0.0
  0
LINE
  5
5EF
330
17
100
AcDbEntity
  8
CUT
100
AcDbLine
 10
561.1921222222222
 20
27.39538055555562
 30
0.0
 11
561.1921222222222
 21
37.39733611111123
 31
0.0
  0
LINE
  5
5F0
330
17
100
AcDbEntity
  8
CUT
100
AcDbLine
 10
561.1921222222222
 20
97.27748333333341
 30
0.0
 11
561.1921222222222
 21
107.2790861111112
 31
0.0
  0
LINE
  5
5F1
330
17
100
AcDbEntity
  8
CUT
100
AcDbLine
 10
555.2866222222223
 20
103.2538916666667
 30
0.0
 11
555.1906666666666
 21
102.2784611111111
 31
0.0
  0
LINE
  5
5F2
330
17
100
AcDbEntity
  8
CUT
100
AcDbLine
 10
555.2866222222223
 20
33.371788888888915
 30
0.0
 11
555.1906666666666
 21
32.396005555555604
 31
0.0
  0
LINE
  5
5F3
330
17
100
AcDbEntity
  8
CUT
100
AcDbLine
 10
574.3666083333333
 20
16.50230833333338
 30
0.0
 11
574.3666083333333
 21
26.50426388888888
 31
0.0
  0
LINE
  5
5F4
330
17
100
AcDbEntity
  8
CUT
100
AcDbLine
 10
574.3666083333333
 20
70.081138888889
 30
0.0
 11
574.3666083333333
 21
80.0830944444445
 31
0.0
  0
LINE
  5
5F5
330
17
100
AcDbEntity
  8
CUT
100
AcDbLine
 10
574.3666083333333
 20
116.9751833333334
 30
0.0
 11
574.3666083333333
 21
126.9771388888889
 31
0.0
  0
LINE
  5
5F6
330
17
100
AcDbEntity
  8
ENGRAVE
100
AcDbLine
 10
562.0892255366912
 20
14.312226451442278
 30
0.0
 11
560.6892468989959
 21
15.71220508913759
 31
0.0
  0
LINE
  5
5F7
330
17
100
AcDbEntity
  8
ENGRAVE
100
AcDbLine
 10
560.6892468989959
 20
15.71220508913759
 30
0.0
 11
567.6891400874724
 21
15.71220508913759
 31
0.0
  0
LINE
  5
5F8
330
17
100
AcDbEntity
  8
ENGRAVE
100
AcDbLine
 10
567.6891400874724
 20
14.312226451442278
 30
0.0
 11
567.6891400874724
 21
17.112183726832903
 31
0.0
  0
LINE
  5
5F9
330
17
100
AcDbEntity
  8
ENGRAVE
100
AcDbLine
 10
560.6892468989959
 20
22.712098277614153
 30
0.0
 11
560.6892468989959
 21
20.612130321071184
 31
0.0
  0
LINE
  5
5FA
330
17
100
AcDbEntity
  8
ENGRAVE
100
AcDbLine
 10
560.6892468989959
 20
20.612130321071184
 30
0.0
 11
562.7892148555388
 21
19.212151683375872
 31
0.0
  0
LINE
  5
5FB
330
17
100
AcDbEntity
  8
ENGRAVE
100
AcDbLine
 10
562.7892148555388
 20
19.212151683375872
 30
0.0
 11
566.2891614497771
 21
19.212151683375872
 31
0.0
  0
LINE
  5
5FC
330
17
100
AcDbEntity
  8
ENGRAVE
100
AcDbLine
 10
566.2891614497771
 20
19.212151683375872
 30
0.0
 11
567.6891400874724
 21
19.912141002223528
 31
0.0
  0
LINE
  5
5FD
330
17
100
AcDbEntity
  8
ENGRAVE
100
AcDbLine
 10
567.6891400874724
 20
19.912141002223528
 30
0.0
 11
567.6891400874724
 21
22.712098277614153
 31
0.0
  0
LINE
  5
5FE
330
17
100
AcDbEntity
  8
ENGRAVE
100
AcDbLine
 10
567.6891400874724
 20
22.712098277614153
 30
0.0
 11
566.2891614497771
 21
23.41208759646181
 31
0.0
  0
LINE
  5
5FF
330
17
100
AcDbEntity
  8
ENGRAVE
100
AcDbLine
 10
566.2891614497771
 20
23.41208759646181
 30
0.0
 11
565.2391774715056
 21
23.41208759646181
 31
0.0
  0
LINE
  5
600
330
17
100
AcDbEntity
  8
ENGRAVE
100
AcDbLine
 10
565.2391774715056
 20
23.41208759646181
 30
0.0
 11
564.1891934932341
 21
22.712098277614153
 31
0.0
  0
LINE
  5
601
330
17
100
AcDbEntity
  8
ENGRAVE
100
AcDbLine
 10
564.1891934932341
 20
22.712098277614153
 30
0.0
 11
564.1891934932341
 21
19.912141002223528
 31
0.0
  0
LINE
  5
602
330
17
100
AcDbEntity
  8
ENGRAVE
100
AcDbLine
 10
564.1891934932341
 20
19.912141002223528
 30
0.0
 11
565.2391774715056
 21
19.212151683375872
 31
0.0
  0
LINE
  5
603
330
17
100
AcDbEntity
  8
CUT
100
AcDbLine
 10
494.6642972222222
 20
240.75818055555578
 30
0.0
 11
493.6638194444444
 21
240.75818055555578
 31
0.0
  0
LINE
  5
604
330
17
100
AcDbEntity
  8
CUT
100
AcDbLine
 10
490.8853416666666
 20
170.0332916666669
 30
0.0
 11
490.1275749999999
 21
169.41134444444472
 31
0.0
  0
LINE
  5
605
330
17
100
AcDbEntity
  8
CUT
100
AcDbLine
 10
489.50598055555554
 20
222.97712222222242
 30
0.0
 11
490.1275749999999
 21
222.2193555555558
 31
0.0
  0
LINE
  5
606
330
17
100
AcDbEntity
  8
CUT
100
AcDbLine
 10
504.8384083333333
 20
270.4581888888892
 30
0.0
 11
497.6646722222222
 21
270.4581888888892
 31
0.0
  0
LINE
  5
607
330
17
100
AcDbEntity
  8
CUT
100
AcDbLine
 10
489.0434888888888
 20
223.8417805555558
 30
0.0
 11
489.50598055555554
 21
222.97712222222242
 31
0.0
  0
LINE
  5
608
330
17
100
AcDbEntity
  8
CUT
100
AcDbLine
 10
504.8384083333333
 20
250.454277777778
 30
0.0
 11
507.8387833333333
 21
250.454277777778
 31
0.0
  0
LINE
  5
609
330
17
100
AcDbEntity
  8
CUT
100
AcDbLine
 10
491.7499999999999
 20
170.4954305555558
 30
0.0
 11
490.8853416666666
 21
170.0332916666669
 31
0.0
  0
LINE
  5
60A
330
17
100
AcDbEntity
  8
CUT
100
AcDbLine
 10
491.7499999999999
 20
240.3775333333335
 30
0.0
 11
490.8853416666666
 21
239.9153944444446
 31
0.0
  0
LINE
  5
60B
330
17
100
AcDbEntity
  8
CUT
100
AcDbLine
 10
497.6646722222222
 20
160.87447500000022
 30
0.0
 11
494.6642972222222
 21
160.87447500000022
 31
0.0
  0
LINE
  5
60C
330
17
100
AcDbEntity
  8
CUT
100
AcDbLine
 10
489.50598055555554
 20
168.65357777777803
 30
0.0
 11
489.0434888888888
 21
167.78891944444462
 31
0.0
  0
LINE
  5
60D
330
17
100
AcDbEntity
  8
CUT
100
AcDbLine
 10
507.8387833333333
 20
260.4562333333335
 30
0.0
 11
504.8384083333333
 21
260.4562333333335
 31
0.0
  0
LINE
  5
60E
330
17
100
AcDbEntity
  8
CUT
100
AcDbLine
 10
492.6883888888888
 20
220.85057777777791
 30
0.0
 11
493.6638194444444
 21
220.75426944444462
 31
0.0
  0
LINE
  5
60F
330
17
100
AcDbEntity
  8
CUT
100
AcDbLine
 10
494.6642972222222
 20
170.87643055555583
 30
0.0
 11
493.6638194444444
 21
170.87643055555583
 31
0.0
  0
LINE
  5
610
330
17
100
AcDbEntity
  8
CUT
100
AcDbLine
 10
493.6638194444444
 20
240.75818055555578
 30
0.0
 11
492.6883888888888
 21
240.6625777777779
 31
0.0
  0
LINE
  5
611
330
17
100
AcDbEntity
  8
CUT
100
AcDbLine
 10
507.8387833333333
 20
159.98335833333348
 30
0.0
 11
504.8384083333333
 21
159.98335833333348
 31
0.0
  0
LINE
  5
612
330
17
100
AcDbEntity
  8
CUT
100
AcDbLine
 10
490.8853416666666
 20
239.9153944444446
 30
0.0
 11
490.1275749999999
 21
239.2938000000002
 31
0.0
  0
LINE
  5
613
330
17
100
AcDbEntity
  8
CUT
100
AcDbLine
 10
504.8384083333333
 20
203.5602333333336
 30
0.0
 11
507.8387833333333
 21
203.5602333333336
 31
0.0
  0
LINE
  5
614
330
17
100
AcDbEntity
  8
CUT
100
AcDbLine
 10
490.1275749999999
 20
222.2193555555558
 30
0.0
 11
490.8853416666666
 21
221.59740833333362
 31
0.0
  0
LINE
  5
615
330
17
100
AcDbEntity
  8
CUT
100
AcDbLine
 10
490.1275749999999
 20
239.2938000000002
 30
0.0
 11
489.50598055555554
 21
238.5356805555557
 31
0.0
  0
LINE
  5
616
330
17
100
AcDbEntity
  8
CUT
100
AcDbLine
 10
489.0434888888888
 20
237.67137500000018
 30
0.0
 11
488.75879722222226
 21
236.7329861111113
 31
0.0
  0
LINE
  5
617
330
17
100
AcDbEntity
  8
CUT
100
AcDbLine
 10
490.8853416666666
 20
221.59740833333362
 30
0.0
 11
491.7499999999999
 21
221.13526944444465
 31
0.0
  0
LINE
  5
618
330
17
100
AcDbEntity
  8
CUT
100
AcDbLine
 10
497.6646722222222
 20
230.756577777778
 30
0.0
 11
494.6642972222222
 21
230.756577777778
 31
0.0
  0
LINE
  5
619
330
17
100
AcDbEntity
  8
CUT
100
AcDbLine
 10
491.7499999999999
 20
221.13526944444465
 30
0.0
 11
492.6883888888888
 21
220.85057777777791
 31
0.0
  0
LINE
  5
61A
330
17
100
AcDbEntity
  8
CUT
100
AcDbLine
 10
492.6883888888888
 20
240.6625777777779
 30
0.0
 11
491.7499999999999
 21
240.3775333333335
 31
0.0
  0
LINE
  5
61B
330
17
100
AcDbEntity
  8
CUT
100
AcDbLine
 10
493.6638194444444
 20
170.87643055555583
 30
0.0
 11
492.6883888888888
 21
170.78012222222253
 31
0.0
  0
LINE
  5
61C
330
17
100
AcDbEntity
  8
CUT
100
AcDbLine
 10
490.1275749999999
 20
169.41134444444458
 30
0.0
 11
489.50598055555554
 21
168.65357777777803
 31
0.0
  0
LINE
  5
61D
330
17
100
AcDbEntity
  8
CUT
100
AcDbLine
 10
488.75879722222226
 20
224.77981666666693
 30
0.0
 11
489.0434888888888
 21
223.8417805555558
 31
0.0
  0
LINE
  5
61E
330
17
100
AcDbEntity
  8
CUT
100
AcDbLine
 10
488.6628416666666
 20
139.9790944444446
 30
0.0
 11
504.8384083333333
 21
139.9790944444446
 31
0.0
  0
LINE
  5
61F
330
17
100
AcDbEntity
  8
CUT
100
AcDbLine
 10
492.6883888888888
 20
170.78012222222242
 30
0.0
 11
491.7499999999999
 21
170.49543055555569
 31
0.0
  0
LINE
  5
620
330
17
100
AcDbEntity
  8
CUT
100
AcDbLine
 10
489.50598055555554
 20
238.5356805555557
 30
0.0
 11
489.0434888888888
 21
237.67137500000018
 31
0.0
  0
LINE
  5
621
330
17
100
AcDbEntity
  8
CUT
100
AcDbLine
 10
493.6638194444444
 20
220.75426944444462
 30
0.0
 11
497.6646722222222
 21
220.75426944444462
 31
0.0
  0
LINE
  5
622
330
17
100
AcDbEntity
  8
CUT
100
AcDbLine
 10
507.8387833333333
 20
213.5621888888891
 30
0.0
 11
504.8384083333333
 21
213.5621888888891
 31
0.0
  0
LINE
  5
623
330
17
100
AcDbEntity
  8
CUT
100
AcDbLine
 10
504.8384083333333
 20
149.981402777778
 30
0.0
 11
507.8387833333333
 21
149.981402777778
 31
0.0
  0
LINE
  5
624
330
17
100
AcDbEntity
  8
CUT
100
AcDbLine
 10
489.0434888888888
 20
167.78891944444462
 30
0.0
 11
488.75879722222226
 21
166.8508833333335
 31
0.0
  0
LINE
  5
625
330
17
100
AcDbEntity
  8
CUT
100
AcDbLine
 10
497.6646722222222
 20
220.75426944444462
 30
0.0
 11
497.6646722222222
 21
160.87447500000022
 31
0.0
  0
LINE
  5
626
330
17
100
AcDbEntity
  8
CUT
100
AcDbLine
 10
497.6646722222222
 20
270.4581888888892
 30
0.0
 11
497.6646722222222
 21
230.756577777778
 31
0.0
  0
LINE
  5
627
330
17
100
AcDbEntity
  8
CUT
100
AcDbLine
 10
504.8384083333333
 20
139.9790944444446
 30
0.0
 11
504.8384083333333
 21
149.981402777778
 31
0.0
  0
LINE
  5
628
330
17
100
AcDbEntity
  8
CUT
100
AcDbLine
 10
504.8384083333333
 20
213.5621888888891
 30
0.0
 11
504.8384083333333
 21
250.454277777778
 31
0.0
  0
LINE
  5
629
330
17
100
AcDbEntity
  8
CUT
100
AcDbLine
 10
504.8384083333333
 20
260.4562333333335
 30
0.0
 11
504.8384083333333
 21
270.4581888888892
 31
0.0
  0
LINE
  5
62A
330
17
100
AcDbEntity
  8
CUT
100
AcDbLine
 10
504.8384083333333
 20
159.98335833333348
 30
0.0
 11
504.8384083333333
 21
203.5602333333336
 31
0.0
  0
LINE
  5
62B
330
17
100
AcDbEntity
  8
CUT
100
AcDbLine
 10
488.6628416666666
 20
165.8751000000002
 30
0.0
 11
488.6628416666666
 21
139.9790944444446
 31
0.0
  0
LINE
  5
62C
330
17
100
AcDbEntity
  8
CUT
100
AcDbLine
 10
488.6628416666666
 20
225.7556000000002
 30
0.0
 11
488.75879722222226
 21
224.77981666666693
 31
0.0
  0
LINE
  5
62D
330
17
100
AcDbEntity
  8
CUT
100
AcDbLine
 10
488.6628416666666
 20
235.7575555555557
 30
0.0
 11
488.6628416666666
 21
225.7556000000002
 31
0.0
  0
LINE
  5
62E
330
17
100
AcDbEntity
  8
CUT
100
AcDbLine
 10
494.6642972222222
 20
160.87447500000022
 30
0.0
 11
494.6642972222222
 21
170.87643055555583
 31
0.0
  0
LINE
  5
62F
330
17
100
AcDbEntity
  8
CUT
100
AcDbLine
 10
494.6642972222222
 20
230.756577777778
 30
0.0
 11
494.6642972222222
 21
240.75818055555578
 31
0.0
  0
LINE
  5
630
330
17
100
AcDbEntity
  8
CUT
100
AcDbLine
 10
488.75879722222226
 20
236.7329861111113
 30
0.0
 11
488.6628416666666
 21
235.7575555555557
 31
0.0
  0
LINE
  5
631
330
17
100
AcDbEntity
  8
CUT
100
AcDbLine
 10
488.75879722222226
 20
166.8508833333335
 30
0.0
 11
488.6628416666666
 21
165.8751000000002
 31
0.0
  0
LINE
  5
632
330
17
100
AcDbEntity
  8
CUT
100
AcDbLine
 10
507.8387833333333
 20
149.981402777778
 30
0.0
 11
507.8387833333333
 21
159.98335833333348
 31
0.0
  0
LINE
  5
633
330
17
100
AcDbEntity
  8
CUT
100
AcDbLine
 10
507.8387833333333
 20
203.5602333333336
 30
0.0
 11
507.8387833333333
 21
213.5621888888891
 31
0.0
  0
LINE
  5
634
330
17
100
AcDbEntity
  8
CUT
100
AcDbLine
 10
507.8387833333333
 20
250.454277777778
 30
0.0
 11
507.8387833333333
 21
260.4562333333335
 31
0.0
  0
LINE
  5
635
330
17
100
AcDbEntity
  8
ENGRAVE
100
AcDbLine
 10
495.56140053669117
 20
147.79132089588688
 30
0.0
 11
494.16142189899585
 21
149.1912995335822
 31
0.0
  0
LINE
  5
636
330
17
100
AcDbEntity
  8
ENGRAVE
100
AcDbLine
 10
494.16142189899585
 20
149.1912995335822
 30
0.0
 11
501.1613150874724
 21
149.1912995335822
 31
0.0
  0
LINE
  5
637
330
17
100
AcDbEntity
  8
ENGRAVE
100
AcDbLine
 10
501.1613150874724
 20
147.79132089588688
 30
0.0
 11
501.1613150874724
 21
150.5912781712775
 31
0.0
  0
LINE
  5
638
330
17
100
AcDbEntity
  8
ENGRAVE
100
AcDbLine
 10
494.16142189899585
 20
156.19119272205876
 30
0.0
 11
494.16142189899585
 21
154.0912247655158
 31
0.0
  0
LINE
  5
639
330
17
100
AcDbEntity
  8
ENGRAVE
100
AcDbLine
 10
494.16142189899585
 20
154.0912247655158
 30
0.0
 11
496.2613898555388
 21
152.69124612782048
 31
0.0
  0
LINE
  5
63A
330
17
100
AcDbEntity
  8
ENGRAVE
100
AcDbLine
 10
496.2613898555388
 20
152.69124612782048
 30
0.0
 11
499.7613364497771
 21
152.69124612782048
 31
0.0
  0
LINE
  5
63B
330
17
100
AcDbEntity
  8
ENGRAVE
100
AcDbLine
 10
499.7613364497771
 20
152.69124612782048
 30
0.0
 11
501.1613150874724
 21
153.39123544666813
 31
0.0
  0
LINE
  5
63C
330
17
100
AcDbEntity
  8
ENGRAVE
100
AcDbLine
 10
501.1613150874724
 20
153.39123544666813
 30
0.0
 11
501.1613150874724
 21
156.19119272205876
 31
0.0
  0
LINE
  5
63D
330
17
100
AcDbEntity
  8
ENGRAVE
100
AcDbLine
 10
501.1613150874724
 20
156.19119272205876
 30
0.0
 11
499.7613364497771
 21
156.89118204090641
 31
0.0
  0
LINE
  5
63E
330
17
100
AcDbEntity
  8
ENGRAVE
100
AcDbLine
 10
499.7613364497771
 20
156.89118204090641
 30
0.0
 11
498.7113524715056
 21
156.89118204090641
 31
0.0
  0
LINE
  5
63F
330
17
100
AcDbEntity
  8
ENGRAVE
100
AcDbLine
 10
498.7113524715056
 20
156.89118204090641
 30
0.0
 11
497.66136849323414
 21
156.19119272205876
 31
0.0
  0
LINE
  5
640
330
17
100
AcDbEntity
  8
ENGRAVE
100
AcDbLine
 10
497.66136849323414
 20
156.19119272205876
 30
0.0
 11
497.66136849323414
 21
153.39123544666813
 31
0.0
  0
LINE
  5
641
330
17
100
AcDbEntity
  8
ENGRAVE
100
AcDbLine
 10
497.66136849323414
 20
153.39123544666813
 30
0.0
 11
498.7113524715056
 21
152.69124612782048
 31
0.0
  0
LINE
  5
642
330
17
100
AcDbEntity
  8
CUT
100
AcDbLine
 10
516.840238888889
 20
240.75818055555578
 30
0.0
 11
515.8397611111111
 21
240.75818055555578
 31
0.0
  0
LINE
  5
643
330
17
100
AcDbEntity
  8
CUT
100
AcDbLine
 10
513.0612833333333
 20
170.0332916666669
 30
0.0
 11
512.3035166666666
 21
169.41134444444472
 31
0.0
  0
LINE
  5
644
330
17
100
AcDbEntity
  8
CUT
100
AcDbLine
 10
511.68192222222217
 20
222.97712222222242
 30
0.0
 11
512.3035166666666
 21
222.2193555555558
 31
0.0
  0
LINE
  5
645
330
17
100
AcDbEntity
  8
CUT
100
AcDbLine
 10
527.01435
 20
270.4581888888892
 30
0.0
 11
519.8406138888889
 21
270.4581888888892
 31
0.0
  0
LINE
  5
646
330
17
100
AcDbEntity
  8
CUT
100
AcDbLine
 10
511.2194305555555
 20
223.8417805555558
 30
0.0
 11
511.68192222222217
 21
222.97712222222242
 31
0.0
  0
LINE
  5
647
330
17
100
AcDbEntity
  8
CUT
100
AcDbLine
 10
527.01435
 20
250.454277777778
 30
0.0
 11
530.014725
 21
250.454277777778
 31
0.0
  0
LINE
  5
648
330
17
100
AcDbEntity
  8
CUT
100
AcDbLine
 10
513.9259416666666
 20
170.4954305555558
 30
0.0
 11
513.0612833333333
 21
170.0332916666669
 31
0.0
  0
LINE
  5
649
330
17
100
AcDbEntity
  8
CUT
100
AcDbLine
 10
513.9259416666666
 20
240.3775333333335
 30
0.0
 11
513.0612833333333
 21
239.9153944444446
 31
0.0
  0
LINE
  5
64A
330
17
100
AcDbEntity
  8
CUT
100
AcDbLine
 10
519.8406138888889
 20
160.87447500000022
 30
0.0
 11
516.840238888889
 21
160.87447500000022
 31
0.0
  0
LINE
  5
64B
330
17
100
AcDbEntity
  8
CUT
100
AcDbLine
 10
511.68192222222217
 20
168.65357777777803
 30
0.0
 11
511.2194305555555
 21
167.78891944444462
 31
0.0
  0
LINE
  5
64C
330
17
100
AcDbEntity
  8
CUT
100
AcDbLine
 10
530.014725
 20
260.4562333333335
 30
0.0
 11
527.01435
 21
260.4562333333335
 31
0.0
  0
LINE
  5
64D
330
17
100
AcDbEntity
  8
CUT
100
AcDbLine
 10
514.8643305555555
 20
220.85057777777791
 30
0.0
 11
515.8397611111111
 21
220.75426944444462
 31
0.0
  0
LINE
  5
64E
330
17
100
AcDbEntity
  8
CUT
100
AcDbLine
 10
516.840238888889
 20
170.87643055555583
 30
0.0
 11
515.8397611111111
 21
170.87643055555583
 31
0.0
  0
LINE
  5
64F
330
17
100
AcDbEntity
  8
CUT
100
AcDbLine
 10
515.8397611111111
 20
240.75818055555578
 30
0.0
 11
514.8643305555555
 21
240.6625777777779
 31
0.0
  0
LINE
  5
650
330
17
100
AcDbEntity
  8
CUT
100
AcDbLine
 10
530.014725
 20
159.98335833333348
 30
0.0
 11
527.01435
 21
159.98335833333348
 31
0.0
  0
LINE
  5
651
330
17
100
AcDbEntity
  8
CUT
100
AcDbLine
 10
513.0612833333333
 20
239.9153944444446
 30
0.0
 11
512.3035166666666
 21
239.2938000000002
 31
0.0
  0
LINE
  5
652
330
17
100
AcDbEntity
  8
CUT
100
AcDbLine
 10
527.01435
 20
203.5602333333336
 30
0.0
 11
530.014725
 21
203.5602333333336
 31
0.0
  0
LINE
  5
653
330
17
100
AcDbEntity
  8
CUT
100
AcDbLine
 10
512.3035166666666
 20
222.2193555555558
 30
0.0
 11
513.0612833333333
 21
221.59740833333362
 31
0.0
  0
LINE
  5
654
330
17
100
AcDbEntity
  8
CUT
100
AcDbLine
 10
512.3035166666666
 20
239.2938000000002
 30
0.0
 11
511.68192222222217
 21
238.5356805555557
 31
0.0
  0
LINE
  5
655
330
17
100
AcDbEntity
  8
CUT
100
AcDbLine
 10
511.2194305555555
 20
237.67137500000018
 30
0.0
 11
510.9347388888889
 21
236.7329861111113
 31
0.0
  0
LINE
  5
656
330
17
100
AcDbEntity
  8
CUT
100
AcDbLine
 10
513.0612833333333
 20
221.59740833333362
 30
0.0
 11
513.9259416666666
 21
221.13526944444465
 31
0.0
  0
LINE
  5
657
330
17
100
AcDbEntity
  8
CUT
100
AcDbLine
 10
519.8406138888889
 20
230.756577777778
 30
0.0
 11
516.840238888889
 21
230.756577777778
 31
0.0
  0
LINE
  5
658
330
17
100
AcDbEntity
  8
CUT
100
AcDbLine
 10
513.9259416666666
 20
221.13526944444465
 30
0.0
 11
514.8643305555555
 21
220.85057777777791
 31
0.0
  0
LINE
  5
659
330
17
100
AcDbEntity
  8
CUT
100
AcDbLine
 10
514.8643305555555
 20
240.6625777777779
 30
0.0
 11
513.9259416666666
 21
240.3775333333335
 31
0.0
  0
LINE
  5
65A
330
17
100
AcDbEntity
  8
CUT
100
AcDbLine
 10
515.8397611111111
 20
170.87643055555583
 30
0.0
 11
514.8643305555555
 21
170.78012222222253
 31
0.0
  0
LINE
  5
65B
330
17
100
AcDbEntity
  8
CUT
100
AcDbLine
 10
512.3035166666666
 20
169.41134444444458
 30
0.0
 11
511.68192222222217
 21
168.65357777777803
 31
0.0
  0
LINE
  5
65C
330
17
100
AcDbEntity
  8
CUT
100
AcDbLine
 10
510.9347388888889
 20
224.77981666666693
 30
0.0
 11
511.2194305555555
 21
223.8417805555558
 31
0.0
  0
LINE
  5
65D
330
17
100
AcDbEntity
  8
CUT
100
AcDbLine
 10
510.8387833333333
 20
139.9790944444446
 30
0.0
 11
527.01435
 21
139.9790944444446
 31
0.0
  0
LINE
  5
65E
330
17
100
AcDbEntity
  8
CUT
100
AcDbLine
 10
514.8643305555555
 20
170.78012222222242
 30
0.0
 11
513.9259416666666
 21
170.49543055555569
 31
0.0
  0
LINE
  5
65F
330
17
100
AcDbEntity
  8
CUT
100
AcDbLine
 10
511.68192222222217
 20
238.5356805555557
 30
0.0
 11
511.2194305555555
 21
237.67137500000018
 31
0.0
  0
LINE
  5
660
330
17
100
AcDbEntity
  8
CUT
100
AcDbLine
 10
515.8397611111111
 20
220.75426944444462
 30
0.0
 11
519.8406138888889
 21
220.75426944444462
 31
0.0
  0
LINE
  5
661
330
17
100
AcDbEntity
  8
CUT
100
AcDbLine
 10
530.014725
 20
213.5621888888891
 30
0.0
 11
527.01435
 21
213.5621888888891
 31
0.0
  0
LINE
  5
662
330
17
100
AcDbEntity
  8
CUT
100
AcDbLine
 10
527.01435
 20
149.981402777778
 30
0.0
 11
530.014725
 21
149.981402777778
 31
0.0
  0
LINE
  5
663
330
17
100
AcDbEntity
  8
CUT
100
AcDbLine
 10
511.2194305555555
 20
167.78891944444462
 30
0.0
 11
510.9347388888889
 21
166.8508833333335
 31
0.0
  0
LINE
  5
664
330
17
100
AcDbEntity
  8
CUT
100
AcDbLine
 10
519.8406138888889
 20
220.75426944444462
 30
0.0
 11
519.8406138888889
 21
160.87447500000022
 31
0.0
  0
LINE
  5
665
330
17
100
AcDbEntity
  8
CUT
100
AcDbLine
 10
519.8406138888889
 20
270.4581888888892
 30
0.0
 11
519.8406138888889
 21
230.756577777778
 31
0.0
  0
LINE
  5
666
330
17
100
AcDbEntity
  8
CUT
100
AcDbLine
 10
527.01435
 20
139.9790944444446
 30
0.0
 11
527.01435
 21
149.981402777778
 31
0.0
  0
LINE
  5
667
330
17
100
AcDbEntity
  8
CUT
100
AcDbLine
 10
527.01435
 20
213.5621888888891
 30
0.0
 11
527.01435
 21
250.454277777778
 31
0.0
  0
LINE
  5
668
330
17
100
AcDbEntity
  8
CUT
100
AcDbLine
 10
527.01435
 20
260.4562333333335
 30
0.0
 11
527.01435
 21
270.4581888888892
 31
0.0
  0
LINE
  5
669
330
17
100
AcDbEntity
  8
CUT
100
AcDbLine
 10
527.01435
 20
159.98335833333348
 30
0.0
 11
527.01435
 21
203.5602333333336
 31
0.0
  0
LINE
  5
66A
330
17
100
AcDbEntity
  8
CUT
100
AcDbLine
 10
510.8387833333333
 20
165.8751000000002
 30
0.0
 11
510.8387833333333
 21
139.9790944444446
 31
0.0
  0
LINE
  5
66B
330
17
100
AcDbEntity
  8
CUT
100
AcDbLine
 10
510.8387833333333
 20
225.7556000000002
 30
0.0
 11
510.9347388888889
 21
224.77981666666693
 31
0.0
  0
LINE
  5
66C
330
17
100
AcDbEntity
  8
CUT
100
AcDbLine
 10
510.8387833333333
 20
235.7575555555557
 30
0.0
 11
510.8387833333333
 21
225.7556000000002
 31
0.0
  0
LINE
  5
66D
330
17
100
AcDbEntity
  8
CUT
100
AcDbLine
 10
516.840238888889
 20
160.87447500000022
 30
0.0
 11
516.840238888889
 21
170.87643055555583
 31
0.0
  0
LINE
  5
66E
330
17
100
AcDbEntity
  8
CUT
100
AcDbLine
 10
516.840238888889
 20
230.756577777778
 30
0.0
 11
516.840238888889
 21
240.75818055555578
 31
0.0
  0
LINE
  5
66F
330
17
100
AcDbEntity
  8
CUT
100
AcDbLine
 10
510.9347388888889
 20
236.7329861111113
 30
0.0
 11
510.8387833333333
 21
235.7575555555557
 31
0.0
  0
LINE
  5
670
330
17
100
AcDbEntity
  8
CUT
100
AcDbLine
 10
510.9347388888889
 20
166.8508833333335
 30
0.0
 11
510.8387833333333
 21
165.8751000000002
 31
0.0
  0
LINE
  5
671
330
17
100
AcDbEntity
  8
CUT
100
AcDbLine
 10
530.014725
 20
149.981402777778
 30
0.0
 11
530.014725
 21
159.98335833333348
 31
0.0
  0
LINE
  5
672
330
17
100
AcDbEntity
  8
CUT
100
AcDbLine
 10
530.014725
 20
203.5602333333336
 30
0.0
 11
530.014725
 21
213.5621888888891
 31
0.0
  0
LINE
  5
673
330
17
100
AcDbEntity
  8
CUT
100
AcDbLine
 10
530.014725
 20
250.454277777778
 30
0.0
 11
530.014725
 21
260.4562333333335
 31
0.0
  0
LINE
  5
674
330
17
100
AcDbEntity
  8
ENGRAVE
100
AcDbLine
 10
517.7373422033578
 20
147.79132089588688
 30
0.0
 11
516.3373635656625
 21
149.1912995335822
 31
0.0
  0
LINE
  5
675
330
17
100
AcDbEntity
  8
ENGRAVE
100
AcDbLine
 10
516.3373635656625
 20
149.1912995335822
 30
0.0
 11
523.337256754139
 21
149.1912995335822
 31
0.0
  0
LINE
  5
676
330
17
100
AcDbEntity
  8
ENGRAVE
100
AcDbLine
 10
523.337256754139
 20
147.79132089588688
 30
0.0
 11
523.337256754139
 21
150.5912781712775
 31
0.0
  0
LINE
  5
677
330
17
100
AcDbEntity
  8
ENGRAVE
100
AcDbLine
 10
516.3373635656625
 20
156.19119272205876
 30
0.0
 11
516.3373635656625
 21
154.0912247655158
 31
0.0
  0
LINE
  5
678
330
17
100
AcDbEntity
  8
ENGRAVE
100
AcDbLine
 10
516.3373635656625
 20
154.0912247655158
 30
0.0
 11
518.4373315222055
 21
152.69124612782048
 31
0.0
  0
LINE
  5
679
330
17
100
AcDbEntity
  8
ENGRAVE
100
AcDbLine
 10
518.4373315222055
 20
152.69124612782048
 30
0.0
 11
521.9372781164437
 21
152.69124612782048
 31
0.0
  0
LINE
  5
67A
330
17
100
AcDbEntity
  8
ENGRAVE
100
AcDbLine
 10
521.9372781164437
 20
152.69124612782048
 30
0.0
 11
523.337256754139
 21
153.39123544666813
 31
0.0
  0
LINE
  5
67B
330
17
100
AcDbEntity
  8
ENGRAVE
100
AcDbLine
 10
523.337256754139
 20
153.39123544666813
 30
0.0
 11
523.337256754139
 21
156.19119272205876
 31
0.0
  0
LINE
  5
67C
330
17
100
AcDbEntity
  8
ENGRAVE
100
AcDbLine
 10
523.337256754139
 20
156.19119272205876
 30
0.0
 11
521.9372781164437
 21
156.89118204090641
 31
0.0
  0
LINE
  5
67D
330
17
100
AcDbEntity
  8
ENGRAVE
100
AcDbLine
 10
521.9372781164437
 20
156.89118204090641
 30
0.0
 11
520.8872941381723
 21
156.89118204090641
 31
0.0
  0
LINE
  5
67E
330
17
100
AcDbEntity
  8
ENGRAVE
100
AcDbLine
 10
520.8872941381723
 20
156.89118204090641
 30
0.0
 11
519.8373101599008
 21
156.19119272205876
 31
0.0
  0
LINE
  5
67F
330
17
100
AcDbEntity
  8
ENGRAVE
100
AcDbLine
 10
519.8373101599008
 20
156.19119272205876
 30
0.0
 11
519.8373101599008
 21
153.39123544666813
 31
0.0
  0
LINE
  5
680
330
17
100
AcDbEntity
  8
ENGRAVE
100
AcDbLine
 10
519.8373101599008
 20
153.39123544666813
 30
0.0
 11
520.8872941381723
 21
152.69124612782048
 31
0.0
  0
LINE
  5
681
330
17
100
AcDbEntity
  8
CUT
100
AcDbLine
 10
539.0161805555556
 20
240.75818055555578
 30
0.0
 11
538.0157027777777
 21
240.75818055555578
 31
0.0
  0
LINE
  5
682
330
17
100
AcDbEntity
  8
CUT
100
AcDbLine
 10
535.237225
 20
170.0332916666669
 30
0.0
 11
534.4794583333332
 21
169.41134444444472
 31
0.0
  0
LINE
  5
683
330
17
100
AcDbEntity
  8
CUT
100
AcDbLine
 10
533.8578638888889
 20
222.97712222222242
 30
0.0
 11
534.4794583333332
 21
222.2193555555558
 31
0.0
  0
LINE
  5
684
330
17
100
AcDbEntity
  8
CUT
100
AcDbLine
 10
549.1902916666667
 20
270.4581888888892
 30
0.0
 11
542.0165555555556
 21
270.4581888888892
 31
0.0
  0
LINE
  5
685
330
17
100
AcDbEntity
  8
CUT
100
AcDbLine
 10
533.3953722222222
 20
223.8417805555558
 30
0.0
 11
533.8578638888889
 21
222.97712222222242
 31
0.0
  0
LINE
  5
686
330
17
100
AcDbEntity
  8
CUT
100
AcDbLine
 10
549.1902916666667
 20
250.454277777778
 30
0.0
 11
552.1906666666666
 21
250.454277777778
 31
0.0
  0
LINE
  5
687
330
17
100
AcDbEntity
  8
CUT
100
AcDbLine
 10
536.1018833333333
 20
170.4954305555558
 30
0.0
 11
535.237225
 21
170.0332916666669
 31
0.0
  0
LINE
  5
688
330
17
100
AcDbEntity
  8
CUT
100
AcDbLine
 10
536.1018833333333
 20
240.3775333333335
 30
0.0
 11
535.237225
 21
239.9153944444446
 31
0.0
  0
LINE
  5
689
330
17
100
AcDbEntity
  8
CUT
100
AcDbLine
 10
542.0165555555556
 20
160.87447500000022
 30
0.0
 11
539.0161805555556
 21
160.87447500000022
 31
0.0
  0
LINE
  5
68A
330
17
100
AcDbEntity
  8
CUT
100
AcDbLine
 10
533.8578638888889
 20
168.65357777777803
 30
0.0
 11
533.3953722222222
 21
167.78891944444462
 31
0.0
  0
LINE
  5
68B
330
17
100
AcDbEntity
  8
CUT
100
AcDbLine
 10
552.1906666666666
 20
260.4562333333335
 30
0.0
 11
549.1902916666667
 21
260.4562333333335
 31
0.0
  0
LINE
  5
68C
330
17
100
AcDbEntity
  8
CUT
100
AcDbLine
 10
537.0402722222223
 20
220.85057777777791
 30
0.0
 11
538.0157027777777
 21
220.75426944444462
 31
0.0
  0
LINE
  5
68D
330
17
100
AcDbEntity
  8
CUT
100
AcDbLine
 10
539.0161805555556
 20
170.87643055555583
 30
0.0
 11
538.0157027777777
 21
170.87643055555583
 31
0.0
  0
LINE
  5
68E
330
17
100
AcDbEntity
  8
CUT
100
AcDbLine
 10
538.0157027777777
 20
240.75818055555578
 30
0.0
 11
537.0402722222223
 21
240.6625777777779
 31
0.0
  0
LINE
  5
68F
330
17
100
AcDbEntity
  8
CUT
100
AcDbLine
 10
552.1906666666666
 20
159.98335833333348
 30
0.0
 11
549.1902916666667
 21
159.98335833333348
 31
0.0
  0
LINE
  5
690
330
17
100
AcDbEntity
  8
CUT
100
AcDbLine
 10
535.237225
 20
239.9153944444446
 30
0.0
 11
534.4794583333332
 21
239.2938000000002
 31
0.0
  0
LINE
  5
691
330
17
100
AcDbEntity
  8
CUT
100
AcDbLine
 10
549.1902916666667
 20
203.5602333333336
 30
0.0
 11
552.1906666666666
 21
203.5602333333336
 31
0.0
  0
LINE
  5
692
330
17
100
AcDbEntity
  8
CUT
100
AcDbLine
 10
534.4794583333332
 20
222.2193555555558
 30
0.0
 11
535.237225
 21
221.59740833333362
 31
0.0
  0
LINE
  5
693
330
17
100
AcDbEntity
  8
CUT
100
AcDbLine
 10
534.4794583333332
 20
239.2938000000002
 30
0.0
 11
533.8578638888889
 21
238.5356805555557
 31
0.0
  0
LINE
  5
694
330
17
100
AcDbEntity
  8
CUT
100
AcDbLine
 10
533.3953722222222
 20
237.67137500000018
 30
0.0
 11
533.1106805555556
 21
236.7329861111113
 31
0.0
  0
LINE
  5
695
330
17
100
AcDbEntity
  8
CUT
100
AcDbLine
 10
535.237225
 20
221.59740833333362
 30
0.0
 11
536.1018833333333
 21
221.13526944444465
 31
0.0
  0
LINE
  5
696
330
17
100
AcDbEntity
  8
CUT
100
AcDbLine
 10
542.0165555555556
 20
230.756577777778
 30
0.0
 11
539.0161805555556
 21
230.756577777778
 31
0.0
  0
LINE
  5
697
330
17
100
AcDbEntity
  8
CUT
100
AcDbLine
 10
536.1018833333333
 20
221.13526944444465
 30
0.0
 11
537.0402722222223
 21
220.85057777777791
 31
0.0
  0
LINE
  5
698
330
17
100
AcDbEntity
  8
CUT
100
AcDbLine
 10
537.0402722222223
 20
240.6625777777779
 30
0.0
 11
536.1018833333333
 21
240.3775333333335
 31
0.0
  0
LINE
  5
699
330
17
100
AcDbEntity
  8
CUT
100
AcDbLine
 10
538.0157027777777
 20
170.87643055555583
 30
0.0
 11
537.0402722222223
 21
170.78012222222253
 31
0.0
  0
LINE
  5
69A
330
17
100
AcDbEntity
  8
CUT
100
AcDbLine
 10
534.4794583333332
 20
169.41134444444458
 30
0.0
 11
533.8578638888889
 21
168.65357777777803
 31
0.0
  0
LINE
  5
69B
330
17
100
AcDbEntity
  8
CUT
100
AcDbLine
 10
533.1106805555556
 20
224.77981666666693
 30
0.0
 11
533.3953722222222
 21
223.8417805555558
 31
0.0
  0
LINE
  5
69C
330
17
100
AcDbEntity
  8
CUT
100
AcDbLine
 10
533.014725
 20
139.9790944444446
 30
0.0
 11
549.1902916666667
 21
139.9790944444446
 31
0.0
  0
LINE
  5
69D
330
17
100
AcDbEntity
  8
CUT
100
AcDbLine
 10
537.0402722222223
 20
170.78012222222242
 30
0.0
 11
536.1018833333333
 21
170.49543055555569
 31
0.0
  0
LINE
  5
69E
330
17
100
AcDbEntity
  8
CUT
100
AcDbLine
 10
533.8578638888889
 20
238.5356805555557
 30
0.0
 11
533.3953722222222
 21
237.67137500000018
 31
0.0
  0
LINE
  5
69F
330
17
100
AcDbEntity
  8
CUT
100
AcDbLine
 10
538.0157027777777
 20
220.75426944444462
 30
0.0
 11
542.0165555555556
 21
220.75426944444462
 31
0.0
  0
LINE
  5
6A0
330
17
100
AcDbEntity
  8
CUT
100
AcDbLine
 10
552.1906666666666
 20
213.5621888888891
 30
0.0
 11
549.1902916666667
 21
213.5621888888891
 31
0.0
  0
LINE
  5
6A1
330
17
100
AcDbEntity
  8
CUT
100
AcDbLine
 10
549.1902916666667
 20
149.981402777778
 30
0.0
 11
552.1906666666666
 21
149.981402777778
 31
0.0
  0
LINE
  5
6A2
330
17
100
AcDbEntity
  8
CUT
100
AcDbLine
 10
533.3953722222222
 20
167.78891944444462
 30
0.0
 11
533.1106805555556
 21
166.8508833333335
 31
0.0
  0
LINE
  5
6A3
330
17
100
AcDbEntity
  8
CUT
100
AcDbLine
 10
542.0165555555556
 20
220.75426944444462
 30
0.0
 11
542.0165555555556
 21
160.87447500000022
 31
0.0
  0
LINE
  5
6A4
330
17
100
AcDbEntity
  8
CUT
100
AcDbLine
 10
542.0165555555556
 20
270.4581888888892
 30
0.0
 11
542.0165555555556
 21
230.756577777778
 31
0.0
  0
LINE
  5
6A5
330
17
100
AcDbEntity
  8
CUT
100
AcDbLine
 10
549.1902916666667
 20
139.9790944444446
 30
0.0
 11
549.1902916666667
 21
149.981402777778
 31
0.0
  0
LINE
  5
6A6
330
17
100
AcDbEntity
  8
CUT
100
AcDbLine
 10
549.1902916666667
 20
213.5621888888891
 30
0.0
 11
549.1902916666667
 21
250.454277777778
 31
0.0
  0
LINE
  5
6A7
330
17
100
AcDbEntity
  8
CUT
100
AcDbLine
 10
549.1902916666667
 20
260.4562333333335
 30
0.0
 11
549.1902916666667
 21
270.4581888888892
 31
0.0
  0
LINE
  5
6A8
330
17
100
AcDbEntity
  8
CUT
100
AcDbLine
 10
549.1902916666667
 20
159.98335833333348
 30
0.0
 11
549.1902916666667
 21
203.5602333333336
 31
0.0
  0
LINE
  5
6A9
330
17
100
AcDbEntity
  8
CUT
100
AcDbLine
 10
533.014725
 20
165.8751000000002
 30
0.0
 11
533.014725
 21
139.9790944444446
 31
0.0
  0
LINE
  5
6AA
330
17
100
AcDbEntity
  8
CUT
100
AcDbLine
 10
533.014725
 20
225.7556000000002
 30
0.0
 11
533.1106805555556
 21
224.77981666666693
 31
0.0
  0
LINE
  5
6AB
330
17
100
AcDbEntity
  8
CUT
100
AcDbLine
 10
533.014725
 20
235.7575555555557
 30
0.0
 11
533.014725
 21
225.7556000000002
 31
0.0
  0
LINE
  5
6AC
330
17
100
AcDbEntity
  8
CUT
100
AcDbLine
 10
539.0161805555556
 20
160.87447500000022
 30
0.0
 11
539.0161805555556
 21
170.87643055555583
 31
0.0
  0
LINE
  5
6AD
330
17
100
AcDbEntity
  8
CUT
100
AcDbLine
 10
539.0161805555556
 20
230.756577777778
 30
0.0
 11
539.0161805555556
 21
240.75818055555578
 31
0.0
  0
LINE
  5
6AE
330
17
100
AcDbEntity
  8
CUT
100
AcDbLine
 10
533.1106805555556
 20
236.7329861111113
 30
0.0
 11
533.014725
 21
235.7575555555557
 31
0.0
  0
LINE
  5
6AF
330
17
100
AcDbEntity
  8
CUT
100
AcDbLine
 10
533.1106805555556
 20
166.8508833333335
 30
0.0
 11
533.014725
 21
165.8751000000002
 31
0.0
  0
LINE
  5
6B0
330
17
100
AcDbEntity
  8
CUT
100
AcDbLine
 10
552.1906666666666
 20
149.981402777778
 30
0.0
 11
552.1906666666666
 21
159.98335833333348
 31
0.0
  0
LINE
  5
6B1
330
17
100
AcDbEntity
  8
CUT
100
AcDbLine
 10
552.1906666666666
 20
203.5602333333336
 30
0.0
 11
552.1906666666666
 21
213.5621888888891
 31
0.0
  0
LINE
  5
6B2
330
17
100
AcDbEntity
  8
CUT
100
AcDbLine
 10
552.1906666666666
 20
250.454277777778
 30
0.0
 11
552.1906666666666
 21
260.4562333333335
 31
0.0
  0
LINE
  5
6B3
330
17
100
AcDbEntity
  8
ENGRAVE
100
AcDbLine
 10
539.9132838700245
 20
147.79132089588688
 30
0.0
 11
538.5133052323292
 21
149.1912995335822
 31
0.0
  0
LINE
  5
6B4
330
17
100
AcDbEntity
  8
ENGRAVE
100
AcDbLine
 10
538.5133052323292
 20
149.1912995335822
 30
0.0
 11
545.5131984208058
 21
149.1912995335822
 31
0.0
  0
LINE
  5
6B5
330
17
100
AcDbEntity
  8
ENGRAVE
100
AcDbLine
 10
545.5131984208058
 20
147.79132089588688
 30
0.0
 11
545.5131984208058
 21
150.5912781712775
 31
0.0
  0
LINE
  5
6B6
330
17
100
AcDbEntity
  8
ENGRAVE
100
AcDbLine
 10
538.5133052323292
 20
156.19119272205876
 30
0.0
 11
538.5133052323292
 21
154.0912247655158
 31
0.0
  0
LINE
  5
6B7
330
17
100
AcDbEntity
  8
ENGRAVE
100
AcDbLine
 10
538.5133052323292
 20
154.0912247655158
 30
0.0
 11
540.6132731888722
 21
152.69124612782048
 31
0.0
  0
LINE
  5
6B8
330
17
100
AcDbEntity
  8
ENGRAVE
100
AcDbLine
 10
540.6132731888722
 20
152.69124612782048
 30
0.0
 11
544.1132197831105
 21
152.69124612782048
 31
0.0
  0
LINE
  5
6B9
330
17
100
AcDbEntity
  8
ENGRAVE
100
AcDbLine
 10
544.1132197831105
 20
152.69124612782048
 30
0.0
 11
545.5131984208058
 21
153.39123544666813
 31
0.0
  0
LINE
  5
6BA
330
17
100
AcDbEntity
  8
ENGRAVE
100
AcDbLine
 10
545.5131984208058
 20
153.39123544666813
 30
0.0
 11
545.5131984208058
 21
156.19119272205876
 31
0.0
  0
LINE
  5
6BB
330
17
100
AcDbEntity
  8
ENGRAVE
100
AcDbLine
 10
545.5131984208058
 20
156.19119272205876
 30
0.0
 11
544.1132197831105
 21
156.89118204090641
 31
0.0
  0
LINE
  5
6BC
330
17
100
AcDbEntity
  8
ENGRAVE
100
AcDbLine
 10
544.1132197831105
 20
156.89118204090641
 30
0.0
 11
543.063235804839
 21
156.89118204090641
 31
0.0
  0
LINE
  5
6BD
330
17
100
AcDbEntity
  8
ENGRAVE
100
AcDbLine
 10
543.063235804839
 20
156.89118204090641
 30
0.0
 11
542.0132518265675
 21
156.19119272205876
 31
0.0
  0
LINE
  5
6BE
330
17
100
AcDbEntity
  8
ENGRAVE
100
AcDbLine
 10
542.0132518265675
 20
156.19119272205876
 30
0.0
 11
542.0132518265675
 21
153.39123544666813
 31
0.0
  0
LINE
  5
6BF
330
17
100
AcDbEntity
  8
ENGRAVE
100
AcDbLine
 10
542.0132518265675
 20
153.39123544666813
 30
0.0
 11
543.063235804839
 21
152.69124612782048
 31
0.0
  0
LINE
  5
6C0
330
17
100
AcDbEntity
  8
CUT
100
AcDbLine
 10
561.1921222222222
 20
240.75818055555578
 30
0.0
 11
560.1916444444444
 21
240.75818055555578
 31
0.0
  0
LINE
  5
6C1
330
17
100
AcDbEntity
  8
CUT
100
AcDbLine
 10
557.4131666666666
 20
170.0332916666669
 30
0.0
 11
556.6553999999999
 21
169.41134444444472
 31
0.0
  0
LINE
  5
6C2
330
17
100
AcDbEntity
  8
CUT
100
AcDbLine
 10
556.0338055555555
 20
222.97712222222242
 30
0.0
 11
556.6553999999999
 21
222.2193555555558
 31
0.0
  0
LINE
  5
6C3
330
17
100
AcDbEntity
  8
CUT
100
AcDbLine
 10
571.3662333333333
 20
270.4581888888892
 30
0.0
 11
564.1924972222222
 21
270.4581888888892
 31
0.0
  0
LINE
  5
6C4
330
17
100
AcDbEntity
  8
CUT
100
AcDbLine
 10
555.5713138888889
 20
223.8417805555558
 30
0.0
 11
556.0338055555555
 21
222.97712222222242
 31
0.0
  0
LINE
  5
6C5
330
17
100
AcDbEntity
  8
CUT
100
AcDbLine
 10
571.3662333333333
 20
250.454277777778
 30
0.0
 11
574.3666083333333
 21
250.454277777778
 31
0.0
  0
LINE
  5
6C6
330
17
100
AcDbEntity
  8
CUT
100
AcDbLine
 10
558.2778249999999
 20
170.4954305555558
 30
0.0
 11
557.4131666666666
 21
170.0332916666669
 31
0.0
  0
LINE
  5
6C7
330
17
100
AcDbEntity
  8
CUT
100
AcDbLine
 10
558.2778249999999
 20
240.3775333333335
 30
0.0
 11
557.4131666666666
 21
239.9153944444446
 31
0.0
  0
LINE
  5
6C8
330
17
100
AcDbEntity
  8
CUT
100
AcDbLine
 10
564.1924972222222
 20
160.87447500000022
 30
0.0
 11
561.1921222222222
 21
160.87447500000022
 31
0.0
  0
LINE
  5
6C9
330
17
100
AcDbEntity
  8
CUT
100
AcDbLine
 10
556.0338055555555
 20
168.65357777777803
 30
0.0
 11
555.5713138888889
 21
167.78891944444462
 31
0.0
  0
LINE
  5
6CA
330
17
100
AcDbEntity
  8
CUT
100
AcDbLine
 10
574.3666083333333
 20
260.4562333333335
 30
0.0
 11
571.3662333333333
 21
260.4562333333335
 31
0.0
  0
LINE
  5
6CB
330
17
100
AcDbEntity
  8
CUT
100
AcDbLine
 10
559.2162138888889
 20
220.85057777777791
 30
0.0
 11
560.1916444444444
 21
220.75426944444462
 31
0.0
  0
LINE
  5
6CC
330
17
100
AcDbEntity
  8
CUT
100
AcDbLine
 10
561.1921222222222
 20
170.87643055555583
 30
0.0
 11
560.1916444444444
 21
170.87643055555583
 31
0.0
  0
LINE
  5
6CD
330
17
100
AcDbEntity
  8
CUT
100
AcDbLine
 10
560.1916444444444
 20
240.75818055555578
 30
0.0
 11
559.2162138888889
 21
240.6625777777779
 31
0.0
  0
LINE
  5
6CE
330
17
100
AcDbEntity
  8
CUT
100
AcDbLine
 10
574.3666083333333
 20
159.98335833333348
 30
0.0
 11
571.3662333333333
 21
159.98335833333348
 31
0.0
  0
LINE
  5
6CF
330
17
100
AcDbEntity
  8
CUT
100
AcDbLine
 10
557.4131666666666
 20
239.9153944444446
 30
0.0
 11
556.6553999999999
 21
239.2938000000002
 31
0.0
  0
LINE
  5
6D0
330
17
100
AcDbEntity
  8
CUT
100
AcDbLine
 10
571.3662333333333
 20
203.5602333333336
 30
0.0
 11
574.3666083333333
 21
203.5602333333336
 31
0.0
  0
LINE
  5
6D1
330
17
100
AcDbEntity
  8
CUT
100
AcDbLine
 10
556.6553999999999
 20
222.2193555555558
 30
0.0
 11
557.4131666666666
 21
221.59740833333362
 31
0.0
  0
LINE
  5
6D2
330
17
100
AcDbEntity
  8
CUT
100
AcDbLine
 10
556.6553999999999
 20
239.2938000000002
 30
0.0
 11
556.0338055555555
 21
238.5356805555557
 31
0.0
  0
LINE
  5
6D3
330
17
100
AcDbEntity
  8
CUT
100
AcDbLine
 10
555.5713138888889
 20
237.67137500000018
 30
0.0
 11
555.2866222222223
 21
236.7329861111113
 31
0.0
  0
LINE
  5
6D4
330
17
100
AcDbEntity
  8
CUT
100
AcDbLine
 10
557.4131666666666
 20
221.59740833333362
 30
0.0
 11
558.2778249999999
 21
221.13526944444465
 31
0.0
  0
LINE
  5
6D5
330
17
100
AcDbEntity
  8
CUT
100
AcDbLine
 10
564.1924972222222
 20
230.756577777778
 30
0.0
 11
561.1921222222222
 21
230.756577777778
 31
0.0
  0
LINE
  5
6D6
330
17
100
AcDbEntity
  8
CUT
100
AcDbLine
 10
558.2778249999999
 20
221.13526944444465
 30
0.0
 11
559.2162138888889
 21
220.85057777777791
 31
0.0
  0
LINE
  5
6D7
330
17
100
AcDbEntity
  8
CUT
100
AcDbLine
 10
559.2162138888889
 20
240.6625777777779
 30
0.0
 11
558.2778249999999
 21
240.3775333333335
 31
0.0
  0
LINE
  5
6D8
330
17
100
AcDbEntity
  8
CUT
100
AcDbLine
 10
560.1916444444444
 20
170.87643055555583
 30
0.0
 11
559.2162138888889
 21
170.78012222222253
 31
0.0
  0
LINE
  5
6D9
330
17
100
AcDbEntity
  8
CUT
100
AcDbLine
 10
556.6553999999999
 20
169.41134444444458
 30
0.0
 11
556.0338055555555
 21
168.65357777777803
 31
0.0
  0
LINE
  5
6DA
330
17
100
AcDbEntity
  8
CUT
100
AcDbLine
 10
555.2866222222223
 20
224.77981666666693
 30
0.0
 11
555.5713138888889
 21
223.8417805555558
 31
0.0
  0
LINE
  5
6DB
330
17
100
AcDbEntity
  8
CUT
100
AcDbLine
 10
555.1906666666666
 20
139.9790944444446
 30
0.0
 11
571.3662333333333
 21
139.9790944444446
 31
0.0
  0
LINE
  5
6DC
330
17
100
AcDbEntity
  8
CUT
100
AcDbLine
 10
559.2162138888889
 20
170.78012222222242
 30
0.0
 11
558.2778249999999
 21
170.49543055555569
 31
0.0
  0
LINE
  5
6DD
330
17
100
AcDbEntity
  8
CUT
100
AcDbLine
 10
556.0338055555555
 20
238.5356805555557
 30
0.0
 11
555.5713138888889
 21
237.67137500000018
 31
0.0
  0
LINE
  5
6DE
330
17
100
AcDbEntity
  8
CUT
100
AcDbLine
 10
560.1916444444444
 20
220.75426944444462
 30
0.0
 11
564.1924972222222
 21
220.75426944444462
 31
0.0
  0
LINE
  5
6DF
330
17
100
AcDbEntity
  8
CUT
100
AcDbLine
 10
574.3666083333333
 20
213.5621888888891
 30
0.0
 11
571.3662333333333
 21
213.5621888888891
 31
0.0
  0
LINE
  5
6E0
330
17
100
AcDbEntity
  8
CUT
100
AcDbLine
 10
571.3662333333333
 20
149.981402777778
 30
0.0
 11
574.3666083333333
 21
149.981402777778
 31
0.0
  0
LINE
  5
6E1
330
17
100
AcDbEntity
  8
CUT
100
AcDbLine
 10
555.5713138888889
 20
167.78891944444462
 30
0.0
 11
555.2866222222223
 21
166.8508833333335
 31
0.0
  0
LINE
  5
6E2
330
17
100
AcDbEntity
  8
CUT
100
AcDbLine
 10
564.1924972222222
 20
220.75426944444462
 30
0.0
 11
564.1924972222222
 21
160.87447500000022
 31
0.0
  0
LINE
  5
6E3
330
17
100
AcDbEntity
  8
CUT
100
AcDbLine
 10
564.1924972222222
 20
270.4581888888892
 30
0.0
 11
564.1924972222222
 21
230.756577777778
 31
0.0
  0
LINE
  5
6E4
330
17
100
AcDbEntity
  8
CUT
100
AcDbLine
 10
571.3662333333333
 20
139.9790944444446
 30
0.0
 11
571.3662333333333
 21
149.981402777778
 31
0.0
  0
LINE
  5
6E5
330
17
100
AcDbEntity
  8
CUT
100
AcDbLine
 10
571.3662333333333
 20
213.5621888888891
 30
0.0
 11
571.3662333333333
 21
250.454277777778
 31
0.0
  0
LINE
  5
6E6
330
17
100
AcDbEntity
  8
CUT
100
AcDbLine
 10
571.3662333333333
 20
260.4562333333335
 30
0.0
 11
571.3662333333333
 21
270.4581888888892
 31
0.0
  0
LINE
  5
6E7
330
17
100
AcDbEntity
  8
CUT
100
AcDbLine
 10
571.3662333333333
 20
159.98335833333348
 30
0.0
 11
571.3662333333333
 21
203.5602333333336
 31
0.0
  0
LINE
  5
6E8
330
17
100
AcDbEntity
  8
CUT
100
AcDbLine
 10
555.1906666666666
 20
165.8751000000002
 30
0.0
 11
555.1906666666666
 21
139.9790944444446
 31
0.0
  0
LINE
  5
6E9
330
17
100
AcDbEntity
  8
CUT
100
AcDbLine
 10
555.1906666666666
 20
225.7556000000002
 30
0.0
 11
555.2866222222223
 21
224.77981666666693
 31
0.0
  0
LINE
  5
6EA
330
17
100
AcDbEntity
  8
CUT
100
AcDbLine
 10
555.1906666666666
 20
235.7575555555557
 30
0.0
 11
555.1906666666666
 21
225.7556000000002
 31
0.0
  0
LINE
  5
6EB
330
17
100
AcDbEntity
  8
CUT
100
AcDbLine
 10
561.1921222222222
 20
160.87447500000022
 30
0.0
 11
561.1921222222222
 21
170.87643055555583
 31
0.0
  0
LINE
  5
6EC
330
17
100
AcDbEntity
  8
CUT
100
AcDbLine
 10
561.1921222222222
 20
230.756577777778
 30
0.0
 11
561.1921222222222
 21
240.75818055555578
 31
0.0
  0
LINE
  5
6ED
330
17
100
AcDbEntity
  8
CUT
100
AcDbLine
 10
555.2866222222223
 20
236.7329861111113
 30
0.0
 11
555.1906666666666
 21
235.7575555555557
 31
0.0
  0
LINE
  5
6EE
330
17
100
AcDbEntity
  8
CUT
100
AcDbLine
 10
555.2866222222223
 20
166.8508833333335
 30
0.0
 11
555.1906666666666
 21
165.8751000000002
 31
0.0
  0
LINE
  5
6EF
330
17
100
AcDbEntity
  8
CUT
100
AcDbLine
 10
574.3666083333333
 20
149.981402777778
 30
0.0
 11
574.3666083333333
 21
159.98335833333348
 31
0.0
  0
LINE
  5
6F0
330
17
100
AcDbEntity
  8
CUT
100
AcDbLine
 10
574.3666083333333
 20
203.5602333333336
 30
0.0
 11
574.3666083333333
 21
213.5621888888891
 31
0.0
  0
LINE
  5
6F1
330
17
100
AcDbEntity
  8
CUT
100
AcDbLine
 10
574.3666083333333
 20
250.454277777778
 30
0.0
 11
574.3666083333333
 21
260.4562333333335
 31
0.0
  0
LINE
  5
6F2
330
17
100
AcDbEntity
  8
ENGRAVE
100
AcDbLine
 10
562.0892255366912
 20
147.79132089588688
 30
0.0
 11
560.6892468989959
 21
149.1912995335822
 31
0.0
  0
LINE
  5
6F3
330
17
100
AcDbEntity
  8
ENGRAVE
100
AcDbLine
 10
560.6892468989959
 20
149.1912995335822
 30
0.0
 11
567.6891400874724
 21
149.1912995335822
 31
0.0
  0
LINE
  5
6F4
330
17
100
AcDbEntity
  8
ENGRAVE
100
AcDbLine
 10
567.6891400874724
 20
147.79132089588688
 30
0.0
 11
567.6891400874724
 21
150.5912781712775
 31
0.0
  0
LINE
  5
6F5
330
17
100
AcDbEntity
  8
ENGRAVE
100
AcDbLine
 10
560.6892468989959
 20
156.19119272205876
 30
0.0
 11
560.6892468989959
 21
154.0912247655158
 31
0.0
  0
LINE
  5
6F6
330
17
100
AcDbEntity
  8
ENGRAVE
100
AcDbLine
 10
560.6892468989959
 20
154.0912247655158
 30
0.0
 11
562.7892148555388
 21
152.69124612782048
 31
0.0
  0
LINE
  5
6F7
330
17
100
AcDbEntity
  8
ENGRAVE
100
AcDbLine
 10
562.7892148555388
 20
152.69124612782048
 30
0.0
 11
566.2891614497771
 21
152.69124612782048
 31
0.0
  0
LINE
  5
6F8
330
17
100
AcDbEntity
  8
ENGRAVE
100
AcDbLine
 10
566.2891614497771
 20
152.69124612782048
 30
0.0
 11
567.6891400874724
 21
153.39123544666813
 31
0.0
  0
LINE
  5
6F9
330
17
100
AcDbEntity
  8
ENGRAVE
100
AcDbLine
 10
567.6891400874724
 20
153.39123544666813
 30
0.0
 11
567.6891400874724
 21
156.19119272205876
 31
0.0
  0
LINE
  5
6FA
330
17
100
AcDbEntity
  8
ENGRAVE
100
AcDbLine
 10
567.6891400874724
 20
156.19119272205876
 30
0.0
 11
566.2891614497771
 21
156.89118204090641
 31
0.0
  0
LINE
  5
6FB
330
17
100
AcDbEntity
  8
ENGRAVE
100
AcDbLine
 10
566.2891614497771
 20
156.89118204090641
 30
0.0
 11
565.2391774715056
 21
156.89118204090641
 31
0.0
  0
LINE
  5
6FC
330
17
100
AcDbEntity
  8
ENGRAVE
100
AcDbLine
 10
565.2391774715056
 20
156.89118204090641
 30
0.0
 11
564.1891934932341
 21
156.19119272205876
 31
0.0
  0
LINE
  5
6FD
330
17
100
AcDbEntity
  8
ENGRAVE
100
AcDbLine
 10
564.1891934932341
 20
156.19119272205876
 30
0.0
 11
564.1891934932341
 21
153.39123544666813
 31
0.0
  0
LINE
  5
6FE
330
17
100
AcDbEntity
  8
ENGRAVE
100
AcDbLine
 10
564.1891934932341
 20
153.39123544666813
 30
0.0
 11
565.2391774715056
 21
152.69124612782048
 31
0.0
  0
LINE
  5
6FF
330
17
100
AcDbEntity
  8
CUT
100
AcDbLine
 10
534.3292194444446
 20
379.5123611111114
 30
0.0
 11
542.7083972222222
 21
379.5123611111114
 31
0.0
  0
LINE
  5
700
330
17
100
AcDbEntity
  8
CUT
100
AcDbLine
 10
508.6664
 20
379.5123611111114
 30
0.0
 11
524.3272638888889
 21
379.5123611111114
 31
0.0
  0
LINE
  5
701
330
17
100
AcDbEntity
  8
CUT
100
AcDbLine
 10
488.6628416666666
 20
379.5123611111114
 30
0.0
 11
498.6647972222221
 21
379.5123611111114
 31
0.0
  0
LINE
  5
702
330
17
100
AcDbEntity
  8
CUT
100
AcDbLine
 10
542.7083972222222
 20
382.5130888888893
 30
0.0
 11
552.7103527777779
 21
382.5130888888893
 31
0.0
  0
LINE
  5
703
330
17
100
AcDbEntity
  8
CUT
100
AcDbLine
 10
498.6647972222221
 20
382.5130888888893
 30
0.0
 11
508.6664
 21
382.5130888888893
 31
0.0
  0
LINE
  5
704
330
17
100
AcDbEntity
  8
CUT
100
AcDbLine
 10
524.3272638888889
 20
382.5130888888893
 30
0.0
 11
534.3292194444446
 21
382.5130888888893
 31
0.0
  0
LINE
  5
705
330
17
100
AcDbEntity
  8
CUT
100
AcDbLine
 10
562.7119555555556
 20
273.4581888888892
 30
0.0
 11
488.6628416666666
 21
273.4581888888892
 31
0.0
  0
LINE
  5
706
330
17
100
AcDbEntity
  8
CUT
100
AcDbLine
 10
562.7119555555556
 20
282.4600194444447
 30
0.0
 11
527.5992777777777
 21
282.4600194444447
 31
0.0
  0
LINE
  5
707
330
17
100
AcDbEntity
  8
CUT
100
AcDbLine
 10
552.7103527777779
 20
379.5123611111114
 30
0.0
 11
562.7119555555556
 21
379.5123611111114
 31
0.0
  0
LINE
  5
708
330
17
100
AcDbEntity
  8
CUT
100
AcDbLine
 10
527.5992777777777
 20
279.4596444444448
 30
0.0
 11
562.7119555555556
 21
279.4596444444448
 31
0.0
  0
LINE
  5
709
330
17
100
AcDbEntity
  8
CUT
100
AcDbLine
 10
527.5992777777777
 20
282.4600194444447
 30
0.0
 11
527.5992777777777
 21
279.4596444444448
 31
0.0
  0
LINE
  5
70A
330
17
100
AcDbEntity
  8
CUT
100
AcDbLine
 10
562.7119555555556
 20
379.5123611111114
 30
0.0
 11
562.7119555555556
 21
282.4600194444447
 31
0.0
  0
LINE
  5
70B
330
17
100
AcDbEntity
  8
CUT
100
AcDbLine
 10
562.7119555555556
 20
279.4596444444448
 30
0.0
 11
562.7119555555556
 21
273.4581888888892
 31
0.0
  0
LINE
  5
70C
330
17
100
AcDbEntity
  8
CUT
100
AcDbLine
 10
524.3272638888889
 20
379.5123611111114
 30
0.0
 11
524.3272638888889
 21
382.5130888888893
 31
0.0
  0
LINE
  5
70D
330
17
100
AcDbEntity
  8
CUT
100
AcDbLine
 10
534.3292194444446
 20
382.5130888888893
 30
0.0
 11
534.3292194444446
 21
379.5123611111114
 31
0.0
  0
LINE
  5
70E
330
17
100
AcDbEntity
  8
CUT
100
AcDbLine
 10
498.6647972222221
 20
379.5123611111114
 30
0.0
 11
498.6647972222221
 21
382.5130888888893
 31
0.0
  0
LINE
  5
70F
330
17
100
AcDbEntity
  8
CUT
100
AcDbLine
 10
508.6664
 20
382.5130888888893
 30
0.0
 11
508.6664
 21
379.5123611111114
 31
0.0
  0
LINE
  5
710
330
17
100
AcDbEntity
  8
CUT
100
AcDbLine
 10
542.7083972222222
 20
379.5123611111114
 30
0.0
 11
542.7083972222222
 21
382.5130888888893
 31
0.0
  0
LINE
  5
711
330
17
100
AcDbEntity
  8
CUT
100
AcDbLine
 10
552.7103527777779
 20
382.5130888888893
 30
0.0
 11
552.7103527777779
 21
379.5123611111114
 31
0.0
  0
LINE
  5
712
330
17
100
AcDbEntity
  8
CUT
100
AcDbLine
 10
488.6628416666666
 20
273.4581888888892
 30
0.0
 11
488.6628416666666
 21
379.51236111111126
 31
0.0
  0
LINE
  5
713
330
17
100
AcDbEntity
  8
CUT
100
AcDbLine
 10
545.6389222222222
 20
323.9519777777781
 30
0.0
 11
542.8876083333332
 21
325.1486000000003
 31
0.0
  0
LINE
  5
714
330
17
100
AcDbEntity
  8
CUT
100
AcDbLine
 10
542.4487527777777
 20
316.61420000000027
 30
0.0
 11
545.6389222222222
 21
323.9519777777781
 31
0.0
  0
LINE
  5
715
330
17
100
AcDbEntity
  8
CUT
100
AcDbLine
 10
542.8876083333332
 20
325.1486000000003
 30
0.0
 11
539.6970861111108
 21
317.81046944444466
 31
0.0
  0
LINE
  5
716
330
17
100
AcDbEntity
  8
CUT
100
AcDbLine
 10
539.6970861111108
 20
317.81046944444466
 30
0.0
 11
542.4487527777777
 21
316.61420000000027
 31
0.0
  0
LINE
  5
717
330
17
100
AcDbEntity
  8
CUT
100
AcDbLine
 10
533.9799694444446
 20
297.1359277777781
 30
0.0
 11
531.2283027777777
 21
298.33255000000025
 31
0.0
  0
LINE
  5
718
330
17
100
AcDbEntity
  8
CUT
100
AcDbLine
 10
531.2283027777777
 20
298.33255000000025
 30
0.0
 11
528.0377805555556
 21
290.9944194444447
 31
0.0
  0
LINE
  5
719
330
17
100
AcDbEntity
  8
CUT
100
AcDbLine
 10
528.0377805555556
 20
290.9944194444447
 30
0.0
 11
530.7894472222222
 21
289.79815000000025
 31
0.0
  0
LINE
  5
71A
330
17
100
AcDbEntity
  8
CUT
100
AcDbLine
 10
530.7894472222222
 20
289.79815000000025
 30
0.0
 11
533.9799694444446
 21
297.1359277777781
 31
0.0
  0
LINE
  5
71B
330
17
100
AcDbEntity
  8
CUT
100
AcDbLine
 10
533.644125
 20
368.60941111111146
 30
0.0
 11
530.4536027777776
 21
375.94754166666684
 31
0.0
  0
LINE
  5
71C
330
17
100
AcDbEntity
  8
CUT
100
AcDbLine
 10
527.7019361111111
 20
374.7509194444447
 30
0.0
 11
530.8924583333333
 21
367.41314166666695
 31
0.0
  0
LINE
  5
71D
330
17
100
AcDbEntity
  8
CUT
100
AcDbLine
 10
530.8924583333333
 20
367.41314166666695
 30
0.0
 11
533.644125
 21
368.60941111111146
 31
0.0
  0
LINE
  5
71E
330
17
100
AcDbEntity
  8
CUT
100
AcDbLine
 10
530.4536027777776
 20
375.94754166666684
 30
0.0
 11
527.7019361111111
 21
374.7509194444447
 31
0.0
  0
LINE
  5
71F
330
17
100
AcDbEntity
  8
CUT
100
AcDbLine
 10
542.4487527777777
 20
348.3589083333335
 30
0.0
 11
539.6970861111108
 21
347.16228611111126
 31
0.0
  0
LINE
  5
720
330
17
100
AcDbEntity
  8
CUT
100
AcDbLine
 10
545.6389222222222
 20
341.02077777777805
 30
0.0
 11
542.4487527777777
 21
348.3589083333335
 31
0.0
  0
LINE
  5
721
330
17
100
AcDbEntity
  8
CUT
100
AcDbLine
 10
542.8876083333332
 20
339.8245083333336
 30
0.0
 11
545.6389222222222
 21
341.02077777777805
 31
0.0
  0
LINE
  5
722
330
17
100
AcDbEntity
  8
CUT
100
AcDbLine
 10
539.6970861111108
 20
347.16228611111126
 30
0.0
 11
542.8876083333332
 21
339.8245083333336
 31
0.0
  0
LINE
  5
723
330
17
100
AcDbEntity
  8
CUT
100
AcDbLine
 10
550.5312444444445
 20
341.468452777778
 30
0.0
 11
556.4988333333332
 21
341.468452777778
 31
0.0
  0
LINE
  5
724
330
17
100
AcDbEntity
  8
CUT
100
AcDbLine
 10
556.4988333333332
 20
375.51150833333355
 30
0.0
 11
550.5312444444445
 21
375.51150833333355
 31
0.0
  0
LINE
  5
725
330
17
100
AcDbEntity
  8
CUT
100
AcDbLine
 10
559.499561111111
 20
359.9903444444447
 30
0.0
 11
556.4988333333332
 21
359.9903444444447
 31
0.0
  0
LINE
  5
726
330
17
100
AcDbEntity
  8
CUT
100
AcDbLine
 10
547.5308694444445
 20
356.98961666666696
 30
0.0
 11
550.5312444444445
 21
356.98961666666696
 31
0.0
  0
LINE
  5
727
330
17
100
AcDbEntity
  8
CUT
100
AcDbLine
 10
556.4988333333332
 20
356.98961666666696
 30
0.0
 11
559.499561111111
 21
356.98961666666696
 31
0.0
  0
LINE
  5
728
330
17
100
AcDbEntity
  8
CUT
100
AcDbLine
 10
550.5312444444445
 20
359.9903444444447
 30
0.0
 11
547.5308694444445
 21
359.9903444444447
 31
0.0
  0
LINE
  5
729
330
17
100
AcDbEntity
  8
CUT
100
AcDbLine
 10
556.4988333333332
 20
359.9903444444447
 30
0.0
 11
556.4988333333332
 21
375.51150833333355
 31
0.0
  0
LINE
  5
72A
330
17
100
AcDbEntity
  8
CUT
100
AcDbLine
 10
556.4988333333332
 20
341.468452777778
 30
0.0
 11
556.4988333333332
 21
356.98961666666696
 31
0.0
  0
LINE
  5
72B
330
17
100
AcDbEntity
  8
CUT
100
AcDbLine
 10
550.5312444444445
 20
375.51150833333355
 30
0.0
 11
550.5312444444445
 21
359.9903444444447
 31
0.0
  0
LINE
  5
72C
330
17
100
AcDbEntity
  8
CUT
100
AcDbLine
 10
550.5312444444445
 20
356.98961666666696
 30
0.0
 11
550.5312444444445
 21
341.468452777778
 31
0.0
  0
LINE
  5
72D
330
17
100
AcDbEntity
  8
CUT
100
AcDbLine
 10
559.499561111111
 20
356.98961666666696
 30
0.0
 11
559.499561111111
 21
359.9903444444447
 31
0.0
  0
LINE
  5
72E
330
17
100
AcDbEntity
  8
CUT
100
AcDbLine
 10
547.5308694444445
 20
359.9903444444447
 30
0.0
 11
547.5308694444445
 21
356.98961666666696
 31
0.0
  0
LINE
  5
72F
330
17
100
AcDbEntity
  8
ENGRAVE
100
AcDbLine
 10
519.3308229422745
 20
328.3734080251716
 30
0.0
 11
519.3308229422745
 21
331.17336530056224
 31
0.0
  0
LINE
  5
730
330
17
100
AcDbEntity
  8
ENGRAVE
100
AcDbLine
 10
519.3308229422745
 20
331.17336530056224
 30
0.0
 11
517.9308443045792
 21
331.8733546194099
 31
0.0
  0
LINE
  5
731
330
17
100
AcDbEntity
  8
ENGRAVE
100
AcDbLine
 10
517.9308443045792
 20
331.8733546194099
 30
0.0
 11
513.7309083914932
 21
331.8733546194099
 31
0.0
  0
LINE
  5
732
330
17
100
AcDbEntity
  8
ENGRAVE
100
AcDbLine
 10
513.7309083914932
 20
331.8733546194099
 30
0.0
 11
512.3309297537979
 21
331.17336530056224
 31
0.0
  0
LINE
  5
733
330
17
100
AcDbEntity
  8
ENGRAVE
100
AcDbLine
 10
512.3309297537979
 20
331.17336530056224
 30
0.0
 11
512.3309297537979
 21
328.3734080251716
 31
0.0
  0
LINE
  5
734
330
17
100
AcDbEntity
  8
ENGRAVE
100
AcDbLine
 10
512.3309297537979
 20
328.3734080251716
 30
0.0
 11
513.7309083914932
 21
327.67341870632396
 31
0.0
  0
LINE
  5
735
330
17
100
AcDbEntity
  8
ENGRAVE
100
AcDbLine
 10
513.7309083914932
 20
327.67341870632396
 30
0.0
 11
517.9308443045792
 21
327.67341870632396
 31
0.0
  0
LINE
  5
736
330
17
100
AcDbEntity
  8
ENGRAVE
100
AcDbLine
 10
517.9308443045792
 20
327.67341870632396
 30
0.0
 11
519.3308229422745
 21
328.3734080251716
 31
0.0
  0
LINE
  5
737
330
17
100
AcDbEntity
  8
ENGRAVE
100
AcDbLine
 10
515.8308763480362
 20
334.6733118948005
 30
0.0
 11
515.2708848929581
 21
333.97332257595286
 31
0.0
  0
LINE
  5
738
330
17
100
AcDbEntity
  8
ENGRAVE
100
AcDbLine
 10
515.2708848929581
 20
333.97332257595286
 30
0.0
 11
513.0309190726456
 21
333.97332257595286
 31
0.0
  0
LINE
  5
739
330
17
100
AcDbEntity
  8
ENGRAVE
100
AcDbLine
 10
513.0309190726456
 20
333.97332257595286
 30
0.0
 11
512.3309297537979
 21
334.6733118948005
 31
0.0
  0
LINE
  5
73A
330
17
100
AcDbEntity
  8
ENGRAVE
100
AcDbLine
 10
512.3309297537979
 20
334.6733118948005
 30
0.0
 11
512.3309297537979
 21
336.07329053249583
 31
0.0
  0
LINE
  5
73B
330
17
100
AcDbEntity
  8
ENGRAVE
100
AcDbLine
 10
512.3309297537979
 20
336.07329053249583
 30
0.0
 11
513.0309190726456
 21
336.7732798513435
 31
0.0
  0
LINE
  5
73C
330
17
100
AcDbEntity
  8
ENGRAVE
100
AcDbLine
 10
513.0309190726456
 20
336.7732798513435
 30
0.0
 11
515.2708848929581
 21
336.7732798513435
 31
0.0
  0
LINE
  5
73D
330
17
100
AcDbEntity
  8
ENGRAVE
100
AcDbLine
 10
515.2708848929581
 20
336.7732798513435
 30
0.0
 11
515.8308763480362
 21
336.07329053249583
 31
0.0
  0
LINE
  5
73E
330
17
100
AcDbEntity
  8
ENGRAVE
100
AcDbLine
 10
515.8308763480362
 20
336.07329053249583
 30
0.0
 11
515.8308763480362
 21
334.6733118948005
 31
0.0
  0
LINE
  5
73F
330
17
100
AcDbEntity
  8
ENGRAVE
100
AcDbLine
 10
515.8308763480362
 20
334.6733118948005
 30
0.0
 11
516.5308656668839
 21
333.76332578029854
 31
0.0
  0
LINE
  5
740
330
17
100
AcDbEntity
  8
ENGRAVE
100
AcDbLine
 10
516.5308656668839
 20
333.76332578029854
 30
0.0
 11
518.6308336234268
 21
333.76332578029854
 31
0.0
  0
LINE
  5
741
330
17
100
AcDbEntity
  8
ENGRAVE
100
AcDbLine
 10
518.6308336234268
 20
333.76332578029854
 30
0.0
 11
519.3308229422745
 21
334.6733118948005
 31
0.0
  0
LINE
  5
742
330
17
100
AcDbEntity
  8
ENGRAVE
100
AcDbLine
 10
519.3308229422745
 20
334.6733118948005
 30
0.0
 11
519.3308229422745
 21
336.07329053249583
 31
0.0
  0
LINE
  5
743
330
17
100
AcDbEntity
  8
ENGRAVE
100
AcDbLine
 10
519.3308229422745
 20
336.07329053249583
 30
0.0
 11
518.6308336234268
 21
336.9832766469978
 31
0.0
  0
LINE
  5
744
330
17
100
AcDbEntity
  8
ENGRAVE
100
AcDbLine
 10
518.6308336234268
 20
336.9832766469978
 30
0.0
 11
516.5308656668839
 21
336.9832766469978
 31
0.0
  0
LINE
  5
745
330
17
100
AcDbEntity
  8
ENGRAVE
100
AcDbLine
 10
516.5308656668839
 20
336.9832766469978
 30
0.0
 11
515.8308763480362
 21
336.07329053249583
 31
0.0
  0
LINE
  5
746
330
17
100
AcDbEntity
  8
CUT
100
AcDbLine
 10
591.7166388888888
 20
388.51381666666697
 30
0.0
 11
587.715786111111
 21
388.51381666666697
 31
0.0
  0
LINE
  5
747
330
17
100
AcDbEntity
  8
CUT
100
AcDbLine
 10
587.715786111111
 20
418.09635000000037
 30
0.0
 11
492.66369444444445
 21
418.09635000000037
 31
0.0
  0
LINE
  5
748
330
17
100
AcDbEntity
  8
CUT
100
AcDbLine
 10
492.66369444444445
 20
388.51381666666697
 30
0.0
 11
488.6628416666666
 21
388.51381666666697
 31
0.0
  0
LINE
  5
749
330
17
100
AcDbEntity
  8
CUT
100
AcDbLine
 10
488.6628416666666
 20
385.5130888888893
 30
0.0
 11
591.7166388888888
 21
385.5130888888893
 31
0.0
  0
LINE
  5
74A
330
17
100
AcDbEntity
  8
CUT
100
AcDbLine
 10
591.7166388888888
 20
385.5130888888893
 30
0.0
 11
591.7166388888888
 21
388.51381666666697
 31
0.0
  0
LINE
  5
74B
330
17
100
AcDbEntity
  8
CUT
100
AcDbLine
 10
488.6628416666666
 20
388.51381666666697
 30
0.0
 11
488.6628416666666
 21
385.5130888888893
 31
0.0
  0
LINE
  5
74C
330
17
100
AcDbEntity
  8
CUT
100
AcDbLine
 10
492.66369444444445
 20
418.09635000000037
 30
0.0
 11
492.66369444444445
 21
388.51381666666697
 31
0.0
  0
LINE
  5
74D
330
17
100
AcDbEntity
  8
CUT
100
AcDbLine
 10
587.715786111111
 20
388.51381666666697
 30
0.0
 11
587.715786111111
 21
418.09635000000037
 31
0.0
  0
LINE
  5
74E
330
17
100
AcDbEntity
  8
CUT
100
AcDbLine
 10
492.66369444444445
 20
402.80484444444477
 30
0.0
 11
587.715786111111
 21
402.80484444444477
 31
0.0
  0
LINE
  5
74F
330
17
100
AcDbEntity
  8
CUT
100
AcDbLine
 10
492.66369444444445
 20
392.6109777777781
 30
0.0
 11
587.715786111111
 21
392.6109777777781
 31
0.0
  0
LINE
  5
750
330
17
100
AcDbEntity
  8
CUT
100
AcDbLine
 10
492.66369444444445
 20
397.70791111111146
 30
0.0
 11
587.715786111111
 21
397.70791111111146
 31
0.0
  0
LINE
  5
751
330
17
100
AcDbEntity
  8
CUT
100
AcDbLine
 10
492.66369444444445
 20
407.90213055555586
 30
0.0
 11
587.715786111111
 21
407.90213055555586
 31
0.0
  0
LINE
  5
752
330
17
100
AcDbEntity
  8
CUT
100
AcDbLine
 10
492.66369444444445
 20
387.51369166666694
 30
0.0
 11
587.715786111111
 21
387.51369166666694
 31
0.0
  0
LINE
  5
753
330
17
100
AcDbEntity
  8
CUT
100
AcDbLine
 10
492.66369444444445
 20
412.99941666666695
 30
0.0
 11
587.715786111111
 21
412.99941666666695
 31
0.0
  0
LINE
  5
754
330
17
100
AcDbEntity
  8
ENGRAVE
100
AcDbLine
 10
495.0406864849793
 20
396.09453707748696
 30
0.0
 11
495.65397689025275
 21
396.7078274827604
 31
0.0
  0
LINE
  5
755
330
17
100
AcDbEntity
  8
ENGRAVE
100
AcDbLine
 10
495.65397689025275
 20
396.7078274827604
 30
0.0
 11
495.65397689025275
 21
393.64137545639323
 31
0.0
  0
LINE
  5
756
330
17
100
AcDbEntity
  8
ENGRAVE
100
AcDbLine
 10
495.0406864849793
 20
393.64137545639323
 30
0.0
 11
496.26726729552615
 21
393.64137545639323
 31
0.0
  0
LINE
  5
757
330
17
100
AcDbEntity
  8
ENGRAVE
100
AcDbLine
 10
499.02707411925667
 20
396.7078274827604
 30
0.0
 11
497.4938481060731
 21
396.7078274827604
 31
0.0
  0
LINE
  5
758
330
17
100
AcDbEntity
  8
ENGRAVE
100
AcDbLine
 10
497.4938481060731
 20
396.7078274827604
 30
0.0
 11
497.4938481060731
 21
395.48124667221356
 31
0.0
  0
LINE
  5
759
330
17
100
AcDbEntity
  8
ENGRAVE
100
AcDbLine
 10
497.4938481060731
 20
395.48124667221356
 30
0.0
 11
498.72042891661994
 21
395.48124667221356
 31
0.0
  0
LINE
  5
75A
330
17
100
AcDbEntity
  8
ENGRAVE
100
AcDbLine
 10
498.72042891661994
 20
395.48124667221356
 30
0.0
 11
499.02707411925667
 21
395.1746014695768
 31
0.0
  0
LINE
  5
75B
330
17
100
AcDbEntity
  8
ENGRAVE
100
AcDbLine
 10
499.02707411925667
 20
395.1746014695768
 30
0.0
 11
499.02707411925667
 21
393.94802065902996
 31
0.0
  0
LINE
  5
75C
330
17
100
AcDbEntity
  8
ENGRAVE
100
AcDbLine
 10
499.02707411925667
 20
393.94802065902996
 30
0.0
 11
498.72042891661994
 21
393.64137545639323
 31
0.0
  0
LINE
  5
75D
330
17
100
AcDbEntity
  8
ENGRAVE
100
AcDbLine
 10
498.72042891661994
 20
393.64137545639323
 30
0.0
 11
497.4938481060731
 21
393.64137545639323
 31
0.0
  0
LINE
  5
75E
330
17
100
AcDbEntity
  8
ENGRAVE
100
AcDbLine
 10
497.4938481060731
 20
393.64137545639323
 30
0.0
 11
497.18720290343634
 21
393.94802065902996
 31
0.0
  0
LINE
  5
75F
330
17
100
AcDbEntity
  8
CUT
100
AcDbLine
 10
29.798150000000078
 20
410.35569999999996
 30
0.0
 11
29.18643333333341
 21
409.6395611111111
 31
0.0
  0
LINE
  5
760
330
17
100
AcDbEntity
  8
CUT
100
AcDbLine
 10
28.114341666666746
 20
407.0508777777777
 30
0.0
 11
28.040258333333327
 21
406.112136111111
 31
0.0
  0
LINE
  5
761
330
17
100
AcDbEntity
  8
CUT
100
AcDbLine
 10
6.5
 20
399.99920277777767
 30
0.0
 11
6.5
 21
396.3105583333333
 31
0.0
  0
LINE
  5
762
330
17
100
AcDbEntity
  8
CUT
100
AcDbLine
 10
35.001975000000016
 20
393.9980999999999
 30
0.0
 11
35.001975000000016
 21
403.74852499999986
 31
0.0
  0
LINE
  5
763
330
17
100
AcDbEntity
  8
CUT
100
AcDbLine
 10
21.078541666666865
 20
393.9980999999999
 30
0.0
 11
21.078541666666865
 21
390.9973722222222
 31
0.0
  0
LINE
  5
764
330
17
100
AcDbEntity
  8
CUT
100
AcDbLine
 10
9.210038888889017
 20
393.7465694444444
 30
0.0
 11
7.148052777777934
 21
391.5671083333333
 31
0.0
  0
LINE
  5
765
330
17
100
AcDbEntity
  8
CUT
100
AcDbLine
 10
6.5
 20
396.3105583333333
 30
0.0
 11
9.210038888889017
 21
393.7465694444444
 31
0.0
  0
LINE
  5
766
330
17
100
AcDbEntity
  8
CUT
100
AcDbLine
 10
32.18716111111121
 20
411.8197277777777
 30
0.0
 11
31.316858333333357
 21
411.4591888888888
 31
0.0
  0
LINE
  5
767
330
17
100
AcDbEntity
  8
CUT
100
AcDbLine
 10
29.18643333333341
 20
409.6395611111111
 30
0.0
 11
28.694308333333424
 21
408.8366388888888
 31
0.0
  0
LINE
  5
768
330
17
100
AcDbEntity
  8
CUT
100
AcDbLine
 10
28.694308333333424
 20
408.8366388888888
 30
0.0
 11
28.33376944444467
 21
407.9666888888888
 31
0.0
  0
LINE
  5
769
330
17
100
AcDbEntity
  8
CUT
100
AcDbLine
 10
14.116825000000176
 20
393.9980999999999
 30
0.0
 11
14.116825000000176
 21
390.9973722222222
 31
0.0
  0
LINE
  5
76A
330
17
100
AcDbEntity
  8
CUT
100
AcDbLine
 10
19.078291666666814
 20
390.9973722222222
 30
0.0
 11
19.078291666666814
 21
393.9980999999999
 31
0.0
  0
LINE
  5
76B
330
17
100
AcDbEntity
  8
CUT
100
AcDbLine
 10
30.513936111111207
 20
410.9674166666666
 30
0.0
 11
29.798150000000078
 21
410.35569999999996
 31
0.0
  0
LINE
  5
76C
330
17
100
AcDbEntity
  8
CUT
100
AcDbLine
 10
48.45515555555551
 20
403.74852499999986
 30
0.0
 11
48.45515555555551
 21
412.11323888888876
 31
0.0
  0
LINE
  5
76D
330
17
100
AcDbEntity
  8
CUT
100
AcDbLine
 10
28.040258333333327
 20
406.112136111111
 30
0.0
 11
28.040258333333327
 21
399.99920277777767
 31
0.0
  0
LINE
  5
76E
330
17
100
AcDbEntity
  8
CUT
100
AcDbLine
 10
7.148052777777934
 20
391.5671083333333
 30
0.0
 11
10.05458888888893
 21
388.8175583333333
 31
0.0
  0
LINE
  5
76F
330
17
100
AcDbEntity
  8
CUT
100
AcDbLine
 10
33.102619444444485
 20
412.0395083333333
 30
0.0
 11
32.18716111111121
 21
411.8197277777777
 31
0.0
  0
LINE
  5
770
330
17
100
AcDbEntity
  8
CUT
100
AcDbLine
 10
26.040008333333276
 20
390.9973722222222
 30
0.0
 11
26.040008333333276
 21
393.9980999999999
 31
0.0
  0
LINE
  5
771
330
17
100
AcDbEntity
  8
CUT
100
AcDbLine
 10
28.33376944444467
 20
407.9666888888888
 30
0.0
 11
28.114341666666746
 21
407.0508777777777
 31
0.0
  0
LINE
  5
772
330
17
100
AcDbEntity
  8
CUT
100
AcDbLine
 10
12.116575000000125
 20
390.9973722222222
 30
0.0
 11
12.116575000000125
 21
393.9980999999999
 31
0.0
  0
LINE
  5
773
330
17
100
AcDbEntity
  8
CUT
100
AcDbLine
 10
33.001372222222244
 20
390.9973722222222
 30
0.0
 11
33.001372222222244
 21
393.9980999999999
 31
0.0
  0
LINE
  5
774
330
17
100
AcDbEntity
  8
CUT
100
AcDbLine
 10
10.05458888888893
 20
388.8175583333333
 30
0.0
 11
12.116575000000125
 21
390.9973722222222
 31
0.0
  0
LINE
  5
775
330
17
100
AcDbEntity
  8
CUT
100
AcDbLine
 10
28.040258333333327
 20
393.9980999999999
 30
0.0
 11
28.040258333333327
 21
390.9973722222222
 31
0.0
  0
LINE
  5
776
330
17
100
AcDbEntity
  8
CUT
100
AcDbLine
 10
31.316858333333357
 20
411.4591888888888
 30
0.0
 11
30.513936111111207
 21
410.9674166666666
 31
0.0
  0
LINE
  5
777
330
17
100
AcDbEntity
  8
CUT
100
AcDbLine
 10
34.04136111111109
 20
412.11323888888876
 30
0.0
 11
33.102619444444485
 21
412.0395083333333
 31
0.0
  0
LINE
  5
778
330
17
100
AcDbEntity
  8
CUT
100
AcDbLine
 10
48.45515555555551
 20
412.11323888888876
 30
0.0
 11
34.04136111111109
 21
412.11323888888876
 31
0.0
  0
LINE
  5
779
330
17
100
AcDbEntity
  8
CUT
100
AcDbLine
 10
28.040258333333327
 20
390.9973722222222
 30
0.0
 11
33.001372222222244
 21
390.9973722222222
 31
0.0
  0
LINE
  5
77A
330
17
100
AcDbEntity
  8
CUT
100
AcDbLine
 10
21.078541666666865
 20
390.9973722222222
 30
0.0
 11
26.040008333333276
 21
390.9973722222222
 31
0.0
  0
LINE
  5
77B
330
17
100
AcDbEntity
  8
CUT
100
AcDbLine
 10
14.116825000000176
 20
390.9973722222222
 30
0.0
 11
19.078291666666814
 21
390.9973722222222
 31
0.0
  0
LINE
  5
77C
330
17
100
AcDbEntity
  8
CUT
100
AcDbLine
 10
35.001975000000016
 20
403.74852499999986
 30
0.0
 11
48.45515555555551
 21
403.74852499999986
 31
0.0
  0
LINE
  5
77D
330
17
100
AcDbEntity
  8
CUT
100
AcDbLine
 10
33.001372222222244
 20
393.9980999999999
 30
0.0
 11
35.001975000000016
 21
393.9980999999999
 31
0.0
  0
LINE
  5
77E
330
17
100
AcDbEntity
  8
CUT
100
AcDbLine
 10
26.040008333333276
 20
393.9980999999999
 30
0.0
 11
28.040258333333327
 21
393.9980999999999
 31
0.0
  0
LINE
  5
77F
330
17
100
AcDbEntity
  8
CUT
100
AcDbLine
 10
12.116575000000125
 20
393.9980999999999
 30
0.0
 11
14.116825000000176
 21
393.9980999999999
 31
0.0
  0
LINE
  5
780
330
17
100
AcDbEntity
  8
CUT
100
AcDbLine
 10
19.078291666666814
 20
393.9980999999999
 30
0.0
 11
21.078541666666865
 21
393.9980999999999
 31
0.0
  0
LINE
  5
781
330
17
100
AcDbEntity
  8
CUT
100
AcDbLine
 10
28.040258333333327
 20
399.99920277777767
 30
0.0
 11
6.5
 21
399.99920277777767
 31
0.0
  0
LINE
  5
782
330
17
100
AcDbEntity
  8
ENGRAVE
100
AcDbLine
 10
38.44122384882869
 20
409.83203618580126
 30
0.0
 11
39.076602877149
 21
411.10279424244186
 31
0.0
  0
LINE
  5
783
330
17
100
AcDbEntity
  8
ENGRAVE
100
AcDbLine
 10
39.076602877149
 20
411.10279424244186
 30
0.0
 11
41.618118990430254
 21
411.10279424244186
 31
0.0
  0
LINE
  5
784
330
17
100
AcDbEntity
  8
ENGRAVE
100
AcDbLine
 10
41.618118990430254
 20
411.10279424244186
 30
0.0
 11
42.25349801875056
 21
409.83203618580126
 31
0.0
  0
LINE
  5
785
330
17
100
AcDbEntity
  8
ENGRAVE
100
AcDbLine
 10
42.25349801875056
 20
409.83203618580126
 30
0.0
 11
42.25349801875056
 21
408.9425055461528
 31
0.0
  0
LINE
  5
786
330
17
100
AcDbEntity
  8
ENGRAVE
100
AcDbLine
 10
42.25349801875056
 20
408.9425055461528
 30
0.0
 11
38.44122384882869
 21
404.74900395923873
 31
0.0
  0
LINE
  5
787
330
17
100
AcDbEntity
  8
ENGRAVE
100
AcDbLine
 10
38.44122384882869
 20
404.74900395923873
 30
0.0
 11
42.25349801875056
 21
404.74900395923873
 31
0.0
  0
LINE
  5
788
330
17
100
AcDbEntity
  8
ENGRAVE
100
AcDbLine
 10
43.52425607539119
 20
410.46741521412156
 30
0.0
 11
44.1596351037115
 21
411.10279424244186
 31
0.0
  0
LINE
  5
789
330
17
100
AcDbEntity
  8
ENGRAVE
100
AcDbLine
 10
44.1596351037115
 20
411.10279424244186
 30
0.0
 11
46.701151216992756
 21
411.10279424244186
 31
0.0
  0
LINE
  5
78A
330
17
100
AcDbEntity
  8
ENGRAVE
100
AcDbLine
 10
46.701151216992756
 20
411.10279424244186
 30
0.0
 11
47.336530245313064
 21
410.46741521412156
 31
0.0
  0
LINE
  5
78B
330
17
100
AcDbEntity
  8
ENGRAVE
100
AcDbLine
 10
47.336530245313064
 20
410.46741521412156
 30
0.0
 11
47.336530245313064
 21
408.9425055461528
 31
0.0
  0
LINE
  5
78C
330
17
100
AcDbEntity
  8
ENGRAVE
100
AcDbLine
 10
47.336530245313064
 20
408.9425055461528
 30
0.0
 11
46.701151216992756
 21
408.3071265178325
 31
0.0
  0
LINE
  5
78D
330
17
100
AcDbEntity
  8
ENGRAVE
100
AcDbLine
 10
46.701151216992756
 20
408.3071265178325
 30
0.0
 11
44.79501413203182
 21
408.3071265178325
 31
0.0
  0
LINE
  5
78E
330
17
100
AcDbEntity
  8
ENGRAVE
100
AcDbLine
 10
46.701151216992756
 20
408.3071265178325
 30
0.0
 11
47.336530245313064
 21
407.6717474895122
 31
0.0
  0
LINE
  5
78F
330
17
100
AcDbEntity
  8
ENGRAVE
100
AcDbLine
 10
47.336530245313064
 20
407.6717474895122
 30
0.0
 11
47.336530245313064
 21
405.38438298755904
 31
0.0
  0
LINE
  5
790
330
17
100
AcDbEntity
  8
ENGRAVE
100
AcDbLine
 10
47.336530245313064
 20
405.38438298755904
 30
0.0
 11
46.701151216992756
 21
404.74900395923873
 31
0.0
  0
LINE
  5
791
330
17
100
AcDbEntity
  8
ENGRAVE
100
AcDbLine
 10
46.701151216992756
 20
404.74900395923873
 30
0.0
 11
44.1596351037115
 21
404.74900395923873
 31
0.0
  0
LINE
  5
792
330
17
100
AcDbEntity
  8
ENGRAVE
100
AcDbLine
 10
44.1596351037115
 20
404.74900395923873
 30
0.0
 11
43.52425607539119
 21
405.38438298755904
 31
0.0
  0
LINE
  5
793
330
17
100
AcDbEntity
  8
CUT
100
AcDbLine
 10
74.75330555555564
 20
410.35569999999996
 30
0.0
 11
74.14158888888892
 21
409.6395611111111
 31
0.0
  0
LINE
  5
794
330
17
100
AcDbEntity
  8
CUT
100
AcDbLine
 10
72.99541388888895
 20
399.99920277777767
 30
0.0
 11
51.45515555555551
 21
399.99920277777767
 31
0.0
  0
LINE
  5
795
330
17
100
AcDbEntity
  8
CUT
100
AcDbLine
 10
55.00974444444449
 20
388.8175583333333
 30
0.0
 11
57.07173055555563
 21
390.9973722222222
 31
0.0
  0
LINE
  5
796
330
17
100
AcDbEntity
  8
CUT
100
AcDbLine
 10
77.95652777777781
 20
393.9980999999999
 30
0.0
 11
79.95713055555541
 21
393.9980999999999
 31
0.0
  0
LINE
  5
797
330
17
100
AcDbEntity
  8
CUT
100
AcDbLine
 10
93.41031111111101
 20
412.11323888888876
 30
0.0
 11
78.9965166666666
 21
412.11323888888876
 31
0.0
  0
LINE
  5
798
330
17
100
AcDbEntity
  8
CUT
100
AcDbLine
 10
51.45515555555551
 20
399.99920277777767
 30
0.0
 11
51.45515555555551
 21
396.3105583333333
 31
0.0
  0
LINE
  5
799
330
17
100
AcDbEntity
  8
CUT
100
AcDbLine
 10
75.4690916666666
 20
410.9674166666666
 30
0.0
 11
74.75330555555564
 21
410.35569999999996
 31
0.0
  0
LINE
  5
79A
330
17
100
AcDbEntity
  8
CUT
100
AcDbLine
 10
79.95713055555541
 20
403.74852499999986
 30
0.0
 11
93.41031111111101
 21
403.74852499999986
 31
0.0
  0
LINE
  5
79B
330
17
100
AcDbEntity
  8
CUT
100
AcDbLine
 10
59.071980555555626
 20
390.9973722222222
 30
0.0
 11
64.03344722222221
 21
390.9973722222222
 31
0.0
  0
LINE
  5
79C
330
17
100
AcDbEntity
  8
CUT
100
AcDbLine
 10
66.03369722222232
 20
390.9973722222222
 30
0.0
 11
70.99516388888884
 21
390.9973722222222
 31
0.0
  0
LINE
  5
79D
330
17
100
AcDbEntity
  8
CUT
100
AcDbLine
 10
52.10320833333344
 20
391.5671083333333
 30
0.0
 11
55.00974444444449
 21
388.8175583333333
 31
0.0
  0
LINE
  5
79E
330
17
100
AcDbEntity
  8
CUT
100
AcDbLine
 10
76.27201388888892
 20
411.4591888888888
 30
0.0
 11
75.4690916666666
 21
410.9674166666666
 31
0.0
  0
LINE
  5
79F
330
17
100
AcDbEntity
  8
CUT
100
AcDbLine
 10
54.16519444444441
 20
393.7465694444444
 30
0.0
 11
52.10320833333344
 21
391.5671083333333
 31
0.0
  0
LINE
  5
7A0
330
17
100
AcDbEntity
  8
CUT
100
AcDbLine
 10
79.95713055555541
 20
393.9980999999999
 30
0.0
 11
79.95713055555541
 21
403.74852499999986
 31
0.0
  0
LINE
  5
7A1
330
17
100
AcDbEntity
  8
CUT
100
AcDbLine
 10
72.99541388888895
 20
393.9980999999999
 30
0.0
 11
72.99541388888895
 21
390.9973722222222
 31
0.0
  0
LINE
  5
7A2
330
17
100
AcDbEntity
  8
CUT
100
AcDbLine
 10
64.03344722222221
 20
390.9973722222222
 30
0.0
 11
64.03344722222221
 21
393.9980999999999
 31
0.0
  0
LINE
  5
7A3
330
17
100
AcDbEntity
  8
CUT
100
AcDbLine
 10
73.06949722222231
 20
407.0508777777777
 30
0.0
 11
72.99541388888895
 21
406.112136111111
 31
0.0
  0
LINE
  5
7A4
330
17
100
AcDbEntity
  8
CUT
100
AcDbLine
 10
70.99516388888884
 20
393.9980999999999
 30
0.0
 11
72.99541388888895
 21
393.9980999999999
 31
0.0
  0
LINE
  5
7A5
330
17
100
AcDbEntity
  8
CUT
100
AcDbLine
 10
57.07173055555563
 20
393.9980999999999
 30
0.0
 11
59.071980555555626
 21
393.9980999999999
 31
0.0
  0
LINE
  5
7A6
330
17
100
AcDbEntity
  8
CUT
100
AcDbLine
 10
78.9965166666666
 20
412.11323888888876
 30
0.0
 11
78.05777499999999
 21
412.0395083333333
 31
0.0
  0
LINE
  5
7A7
330
17
100
AcDbEntity
  8
CUT
100
AcDbLine
 10
72.99541388888895
 20
406.112136111111
 30
0.0
 11
72.99541388888895
 21
399.99920277777767
 31
0.0
  0
LINE
  5
7A8
330
17
100
AcDbEntity
  8
CUT
100
AcDbLine
 10
73.288925
 20
407.9666888888888
 30
0.0
 11
73.06949722222231
 21
407.0508777777777
 31
0.0
  0
LINE
  5
7A9
330
17
100
AcDbEntity
  8
CUT
100
AcDbLine
 10
72.99541388888895
 20
390.9973722222222
 30
0.0
 11
77.95652777777781
 21
390.9973722222222
 31
0.0
  0
LINE
  5
7AA
330
17
100
AcDbEntity
  8
CUT
100
AcDbLine
 10
73.64946388888882
 20
408.8366388888888
 30
0.0
 11
73.288925
 21
407.9666888888888
 31
0.0
  0
LINE
  5
7AB
330
17
100
AcDbEntity
  8
CUT
100
AcDbLine
 10
78.05777499999999
 20
412.0395083333333
 30
0.0
 11
77.1423166666666
 21
411.8197277777777
 31
0.0
  0
LINE
  5
7AC
330
17
100
AcDbEntity
  8
CUT
100
AcDbLine
 10
77.95652777777781
 20
390.9973722222222
 30
0.0
 11
77.95652777777781
 21
393.9980999999999
 31
0.0
  0
LINE
  5
7AD
330
17
100
AcDbEntity
  8
CUT
100
AcDbLine
 10
93.41031111111101
 20
403.74852499999986
 30
0.0
 11
93.41031111111101
 21
412.11323888888876
 31
0.0
  0
LINE
  5
7AE
330
17
100
AcDbEntity
  8
CUT
100
AcDbLine
 10
59.071980555555626
 20
393.9980999999999
 30
0.0
 11
59.071980555555626
 21
390.9973722222222
 31
0.0
  0
LINE
  5
7AF
330
17
100
AcDbEntity
  8
CUT
100
AcDbLine
 10
66.03369722222232
 20
393.9980999999999
 30
0.0
 11
66.03369722222232
 21
390.9973722222222
 31
0.0
  0
LINE
  5
7B0
330
17
100
AcDbEntity
  8
CUT
100
AcDbLine
 10
64.03344722222221
 20
393.9980999999999
 30
0.0
 11
66.03369722222232
 21
393.9980999999999
 31
0.0
  0
LINE
  5
7B1
330
17
100
AcDbEntity
  8
CUT
100
AcDbLine
 10
74.14158888888892
 20
409.6395611111111
 30
0.0
 11
73.64946388888882
 21
408.8366388888888
 31
0.0
  0
LINE
  5
7B2
330
17
100
AcDbEntity
  8
CUT
100
AcDbLine
 10
51.45515555555551
 20
396.3105583333333
 30
0.0
 11
54.16519444444441
 21
393.7465694444444
 31
0.0
  0
LINE
  5
7B3
330
17
100
AcDbEntity
  8
CUT
100
AcDbLine
 10
77.1423166666666
 20
411.8197277777777
 30
0.0
 11
76.27201388888892
 21
411.4591888888888
 31
0.0
  0
LINE
  5
7B4
330
17
100
AcDbEntity
  8
CUT
100
AcDbLine
 10
70.99516388888884
 20
390.9973722222222
 30
0.0
 11
70.99516388888884
 21
393.9980999999999
 31
0.0
  0
LINE
  5
7B5
330
17
100
AcDbEntity
  8
CUT
100
AcDbLine
 10
57.07173055555563
 20
390.9973722222222
 30
0.0
 11
57.07173055555563
 21
393.9980999999999
 31
0.0
  0
LINE
  5
7B6
330
17
100
AcDbEntity
  8
ENGRAVE
100
AcDbLine
 10
83.39637940438067
 20
409.83203618580126
 30
0.0
 11
84.03175843270098
 21
411.10279424244186
 31
0.0
  0
LINE
  5
7B7
330
17
100
AcDbEntity
  8
ENGRAVE
100
AcDbLine
 10
84.03175843270098
 20
411.10279424244186
 30
0.0
 11
86.57327454598223
 21
411.10279424244186
 31
0.0
  0
LINE
  5
7B8
330
17
100
AcDbEntity
  8
ENGRAVE
100
AcDbLine
 10
86.57327454598223
 20
411.10279424244186
 30
0.0
 11
87.20865357430255
 21
409.83203618580126
 31
0.0
  0
LINE
  5
7B9
330
17
100
AcDbEntity
  8
ENGRAVE
100
AcDbLine
 10
87.20865357430255
 20
409.83203618580126
 30
0.0
 11
87.20865357430255
 21
408.9425055461528
 31
0.0
  0
LINE
  5
7BA
330
17
100
AcDbEntity
  8
ENGRAVE
100
AcDbLine
 10
87.20865357430255
 20
408.9425055461528
 30
0.0
 11
83.39637940438067
 21
404.74900395923873
 31
0.0
  0
LINE
  5
7BB
330
17
100
AcDbEntity
  8
ENGRAVE
100
AcDbLine
 10
83.39637940438067
 20
404.74900395923873
 30
0.0
 11
87.20865357430255
 21
404.74900395923873
 31
0.0
  0
LINE
  5
7BC
330
17
100
AcDbEntity
  8
ENGRAVE
100
AcDbLine
 10
91.33861725838457
 20
404.74900395923873
 30
0.0
 11
91.33861725838457
 21
411.10279424244186
 31
0.0
  0
LINE
  5
7BD
330
17
100
AcDbEntity
  8
ENGRAVE
100
AcDbLine
 10
91.33861725838457
 20
411.10279424244186
 30
0.0
 11
88.47941163094318
 21
406.9728305583598
 31
0.0
  0
LINE
  5
7BE
330
17
100
AcDbEntity
  8
ENGRAVE
100
AcDbLine
 10
88.47941163094318
 20
406.9728305583598
 30
0.0
 11
92.29168580086505
 21
406.9728305583598
 31
0.0
  0
LINE
  5
7BF
330
17
100
AcDbEntity
  8
CUT
100
AcDbLine
 10
119.70846111111109
 20
410.35569999999996
 30
0.0
 11
119.09674444444443
 21
409.6395611111111
 31
0.0
  0
LINE
  5
7C0
330
17
100
AcDbEntity
  8
CUT
100
AcDbLine
 10
118.02465277777776
 20
407.0508777777777
 30
0.0
 11
117.95056944444434
 21
406.112136111111
 31
0.0
  0
LINE
  5
7C1
330
17
100
AcDbEntity
  8
CUT
100
AcDbLine
 10
96.41031111111101
 20
399.99920277777767
 30
0.0
 11
96.41031111111101
 21
396.3105583333333
 31
0.0
  0
LINE
  5
7C2
330
17
100
AcDbEntity
  8
CUT
100
AcDbLine
 10
124.91228611111103
 20
393.9980999999999
 30
0.0
 11
124.91228611111103
 21
403.74852499999986
 31
0.0
  0
LINE
  5
7C3
330
17
100
AcDbEntity
  8
CUT
100
AcDbLine
 10
110.98885277777788
 20
393.9980999999999
 30
0.0
 11
110.98885277777788
 21
390.9973722222222
 31
0.0
  0
LINE
  5
7C4
330
17
100
AcDbEntity
  8
CUT
100
AcDbLine
 10
99.12035000000003
 20
393.7465694444444
 30
0.0
 11
97.05836388888895
 21
391.5671083333333
 31
0.0
  0
LINE
  5
7C5
330
17
100
AcDbEntity
  8
CUT
100
AcDbLine
 10
96.41031111111101
 20
396.3105583333333
 30
0.0
 11
99.12035000000003
 21
393.7465694444444
 31
0.0
  0
LINE
  5
7C6
330
17
100
AcDbEntity
  8
CUT
100
AcDbLine
 10
122.09747222222222
 20
411.8197277777777
 30
0.0
 11
121.22716944444437
 21
411.4591888888888
 31
0.0
  0
LINE
  5
7C7
330
17
100
AcDbEntity
  8
CUT
100
AcDbLine
 10
119.09674444444443
 20
409.6395611111111
 30
0.0
 11
118.60461944444444
 21
408.8366388888888
 31
0.0
  0
LINE
  5
7C8
330
17
100
AcDbEntity
  8
CUT
100
AcDbLine
 10
118.60461944444444
 20
408.8366388888888
 30
0.0
 11
118.24408055555568
 21
407.9666888888888
 31
0.0
  0
LINE
  5
7C9
330
17
100
AcDbEntity
  8
CUT
100
AcDbLine
 10
104.02713611111119
 20
393.9980999999999
 30
0.0
 11
104.02713611111119
 21
390.9973722222222
 31
0.0
  0
LINE
  5
7CA
330
17
100
AcDbEntity
  8
CUT
100
AcDbLine
 10
108.98860277777783
 20
390.9973722222222
 30
0.0
 11
108.98860277777783
 21
393.9980999999999
 31
0.0
  0
LINE
  5
7CB
330
17
100
AcDbEntity
  8
CUT
100
AcDbLine
 10
120.42424722222222
 20
410.9674166666666
 30
0.0
 11
119.70846111111109
 21
410.35569999999996
 31
0.0
  0
LINE
  5
7CC
330
17
100
AcDbEntity
  8
CUT
100
AcDbLine
 10
138.36546666666652
 20
403.74852499999986
 30
0.0
 11
138.36546666666652
 21
412.11323888888876
 31
0.0
  0
LINE
  5
7CD
330
17
100
AcDbEntity
  8
CUT
100
AcDbLine
 10
117.95056944444434
 20
406.112136111111
 30
0.0
 11
117.95056944444434
 21
399.99920277777767
 31
0.0
  0
LINE
  5
7CE
330
17
100
AcDbEntity
  8
CUT
100
AcDbLine
 10
97.05836388888895
 20
391.5671083333333
 30
0.0
 11
99.96489999999994
 21
388.8175583333333
 31
0.0
  0
LINE
  5
7CF
330
17
100
AcDbEntity
  8
CUT
100
AcDbLine
 10
123.0129305555555
 20
412.0395083333333
 30
0.0
 11
122.09747222222222
 21
411.8197277777777
 31
0.0
  0
LINE
  5
7D0
330
17
100
AcDbEntity
  8
CUT
100
AcDbLine
 10
115.95031944444429
 20
390.9973722222222
 30
0.0
 11
115.95031944444429
 21
393.9980999999999
 31
0.0
  0
LINE
  5
7D1
330
17
100
AcDbEntity
  8
CUT
100
AcDbLine
 10
118.24408055555568
 20
407.9666888888888
 30
0.0
 11
118.02465277777776
 21
407.0508777777777
 31
0.0
  0
LINE
  5
7D2
330
17
100
AcDbEntity
  8
CUT
100
AcDbLine
 10
102.02688611111114
 20
390.9973722222222
 30
0.0
 11
102.02688611111114
 21
393.9980999999999
 31
0.0
  0
LINE
  5
7D3
330
17
100
AcDbEntity
  8
CUT
100
AcDbLine
 10
122.91168333333326
 20
390.9973722222222
 30
0.0
 11
122.91168333333326
 21
393.9980999999999
 31
0.0
  0
LINE
  5
7D4
330
17
100
AcDbEntity
  8
CUT
100
AcDbLine
 10
99.96489999999994
 20
388.8175583333333
 30
0.0
 11
102.02688611111114
 21
390.9973722222222
 31
0.0
  0
LINE
  5
7D5
330
17
100
AcDbEntity
  8
CUT
100
AcDbLine
 10
117.95056944444434
 20
393.9980999999999
 30
0.0
 11
117.95056944444434
 21
390.9973722222222
 31
0.0
  0
LINE
  5
7D6
330
17
100
AcDbEntity
  8
CUT
100
AcDbLine
 10
121.22716944444437
 20
411.4591888888888
 30
0.0
 11
120.42424722222222
 21
410.9674166666666
 31
0.0
  0
LINE
  5
7D7
330
17
100
AcDbEntity
  8
CUT
100
AcDbLine
 10
123.9516722222221
 20
412.11323888888876
 30
0.0
 11
123.0129305555555
 21
412.0395083333333
 31
0.0
  0
LINE
  5
7D8
330
17
100
AcDbEntity
  8
CUT
100
AcDbLine
 10
138.36546666666652
 20
412.11323888888876
 30
0.0
 11
123.9516722222221
 21
412.11323888888876
 31
0.0
  0
LINE
  5
7D9
330
17
100
AcDbEntity
  8
CUT
100
AcDbLine
 10
117.95056944444434
 20
390.9973722222222
 30
0.0
 11
122.91168333333326
 21
390.9973722222222
 31
0.0
  0
LINE
  5
7DA
330
17
100
AcDbEntity
  8
CUT
100
AcDbLine
 10
110.98885277777788
 20
390.9973722222222
 30
0.0
 11
115.95031944444429
 21
390.9973722222222
 31
0.0
  0
LINE
  5
7DB
330
17
100
AcDbEntity
  8
CUT
100
AcDbLine
 10
104.02713611111119
 20
390.9973722222222
 30
0.0
 11
108.98860277777783
 21
390.9973722222222
 31
0.0
  0
LINE
  5
7DC
330
17
100
AcDbEntity
  8
CUT
100
AcDbLine
 10
124.91228611111103
 20
403.74852499999986
 30
0.0
 11
138.36546666666652
 21
403.74852499999986
 31
0.0
  0
LINE
  5
7DD
330
17
100
AcDbEntity
  8
CUT
100
AcDbLine
 10
122.91168333333326
 20
393.9980999999999
 30
0.0
 11
124.91228611111103
 21
393.9980999999999
 31
0.0
  0
LINE
  5
7DE
330
17
100
AcDbEntity
  8
CUT
100
AcDbLine
 10
115.95031944444429
 20
393.9980999999999
 30
0.0
 11
117.95056944444434
 21
393.9980999999999
 31
0.0
  0
LINE
  5
7DF
330
17
100
AcDbEntity
  8
CUT
100
AcDbLine
 10
102.02688611111114
 20
393.9980999999999
 30
0.0
 11
104.02713611111119
 21
393.9980999999999
 31
0.0
  0
LINE
  5
7E0
330
17
100
AcDbEntity
  8
CUT
100
AcDbLine
 10
108.98860277777783
 20
393.9980999999999
 30
0.0
 11
110.98885277777788
 21
393.9980999999999
 31
0.0
  0
LINE
  5
7E1
330
17
100
AcDbEntity
  8
CUT
100
AcDbLine
 10
117.95056944444434
 20
399.99920277777767
 30
0.0
 11
96.41031111111101
 21
399.99920277777767
 31
0.0
  0
LINE
  5
7E2
330
17
100
AcDbEntity
  8
ENGRAVE
100
AcDbLine
 10
128.3515349599397
 20
409.83203618580126
 30
0.0
 11
128.98691398826003
 21
411.10279424244186
 31
0.0
  0
LINE
  5
7E3
330
17
100
AcDbEntity
  8
ENGRAVE
100
AcDbLine
 10
128.98691398826003
 20
411.10279424244186
 30
0.0
 11
131.52843010154126
 21
411.10279424244186
 31
0.0
  0
LINE
  5
7E4
330
17
100
AcDbEntity
  8
ENGRAVE
100
AcDbLine
 10
131.52843010154126
 20
411.10279424244186
 30
0.0
 11
132.1638091298616
 21
409.83203618580126
 31
0.0
  0
LINE
  5
7E5
330
17
100
AcDbEntity
  8
ENGRAVE
100
AcDbLine
 10
132.1638091298616
 20
409.83203618580126
 30
0.0
 11
132.1638091298616
 21
408.9425055461528
 31
0.0
  0
LINE
  5
7E6
330
17
100
AcDbEntity
  8
ENGRAVE
100
AcDbLine
 10
132.1638091298616
 20
408.9425055461528
 30
0.0
 11
128.3515349599397
 21
404.74900395923873
 31
0.0
  0
LINE
  5
7E7
330
17
100
AcDbEntity
  8
ENGRAVE
100
AcDbLine
 10
128.3515349599397
 20
404.74900395923873
 30
0.0
 11
132.1638091298616
 21
404.74900395923873
 31
0.0
  0
LINE
  5
7E8
330
17
100
AcDbEntity
  8
ENGRAVE
100
AcDbLine
 10
133.4345671865022
 20
410.46741521412156
 30
0.0
 11
134.06994621482252
 21
411.10279424244186
 31
0.0
  0
LINE
  5
7E9
330
17
100
AcDbEntity
  8
ENGRAVE
100
AcDbLine
 10
134.06994621482252
 20
411.10279424244186
 30
0.0
 11
136.61146232810376
 21
411.10279424244186
 31
0.0
  0
LINE
  5
7EA
330
17
100
AcDbEntity
  8
ENGRAVE
100
AcDbLine
 10
136.61146232810376
 20
411.10279424244186
 30
0.0
 11
137.24684135642408
 21
410.46741521412156
 31
0.0
  0
LINE
  5
7EB
330
17
100
AcDbEntity
  8
ENGRAVE
100
AcDbLine
 10
137.24684135642408
 20
410.46741521412156
 30
0.0
 11
137.24684135642408
 21
408.9425055461528
 31
0.0
  0
LINE
  5
7EC
330
17
100
AcDbEntity
  8
ENGRAVE
100
AcDbLine
 10
137.24684135642408
 20
408.9425055461528
 30
0.0
 11
136.61146232810376
 21
408.3071265178325
 31
0.0
  0
LINE
  5
7ED
330
17
100
AcDbEntity
  8
ENGRAVE
100
AcDbLine
 10
136.61146232810376
 20
408.3071265178325
 30
0.0
 11
134.70532524314282
 21
408.3071265178325
 31
0.0
  0
LINE
  5
7EE
330
17
100
AcDbEntity
  8
ENGRAVE
100
AcDbLine
 10
136.61146232810376
 20
408.3071265178325
 30
0.0
 11
137.24684135642408
 21
407.6717474895122
 31
0.0
  0
LINE
  5
7EF
330
17
100
AcDbEntity
  8
ENGRAVE
100
AcDbLine
 10
137.24684135642408
 20
407.6717474895122
 30
0.0
 11
137.24684135642408
 21
405.38438298755904
 31
0.0
  0
LINE
  5
7F0
330
17
100
AcDbEntity
  8
ENGRAVE
100
AcDbLine
 10
137.24684135642408
 20
405.38438298755904
 30
0.0
 11
136.61146232810376
 21
404.74900395923873
 31
0.0
  0
LINE
  5
7F1
330
17
100
AcDbEntity
  8
ENGRAVE
100
AcDbLine
 10
136.61146232810376
 20
404.74900395923873
 30
0.0
 11
134.06994621482252
 21
404.74900395923873
 31
0.0
  0
LINE
  5
7F2
330
17
100
AcDbEntity
  8
ENGRAVE
100
AcDbLine
 10
134.06994621482252
 20
404.74900395923873
 30
0.0
 11
133.4345671865022
 21
405.38438298755904
 31
0.0
  0
LINE
  5
7F3
330
17
100
AcDbEntity
  8
CUT
100
AcDbLine
 10
164.66361666666666
 20
410.35569999999996
 30
0.0
 11
164.05189999999993
 21
409.6395611111111
 31
0.0
  0
LINE
  5
7F4
330
17
100
AcDbEntity
  8
CUT
100
AcDbLine
 10
162.90572499999996
 20
399.99920277777767
 30
0.0
 11
141.36546666666652
 21
399.99920277777767
 31
0.0
  0
LINE
  5
7F5
330
17
100
AcDbEntity
  8
CUT
100
AcDbLine
 10
144.9200555555555
 20
388.8175583333333
 30
0.0
 11
146.98204166666665
 21
390.9973722222222
 31
0.0
  0
LINE
  5
7F6
330
17
100
AcDbEntity
  8
CUT
100
AcDbLine
 10
167.86683888888882
 20
393.9980999999999
 30
0.0
 11
169.86744166666642
 21
393.9980999999999
 31
0.0
  0
LINE
  5
7F7
330
17
100
AcDbEntity
  8
CUT
100
AcDbLine
 10
183.32062222222203
 20
412.11323888888876
 30
0.0
 11
168.9068277777776
 21
412.11323888888876
 31
0.0
  0
LINE
  5
7F8
330
17
100
AcDbEntity
  8
CUT
100
AcDbLine
 10
141.36546666666652
 20
399.99920277777767
 30
0.0
 11
141.36546666666652
 21
396.3105583333333
 31
0.0
  0
LINE
  5
7F9
330
17
100
AcDbEntity
  8
CUT
100
AcDbLine
 10
165.3794027777776
 20
410.9674166666666
 30
0.0
 11
164.66361666666666
 21
410.35569999999996
 31
0.0
  0
LINE
  5
7FA
330
17
100
AcDbEntity
  8
CUT
100
AcDbLine
 10
169.86744166666642
 20
403.74852499999986
 30
0.0
 11
183.32062222222203
 21
403.74852499999986
 31
0.0
  0
LINE
  5
7FB
330
17
100
AcDbEntity
  8
CUT
100
AcDbLine
 10
148.98229166666664
 20
390.9973722222222
 30
0.0
 11
153.94375833333322
 21
390.9973722222222
 31
0.0
  0
LINE
  5
7FC
330
17
100
AcDbEntity
  8
CUT
100
AcDbLine
 10
155.94400833333333
 20
390.9973722222222
 30
0.0
 11
160.90547499999985
 21
390.9973722222222
 31
0.0
  0
LINE
  5
7FD
330
17
100
AcDbEntity
  8
CUT
100
AcDbLine
 10
142.01351944444446
 20
391.5671083333333
 30
0.0
 11
144.9200555555555
 21
388.8175583333333
 31
0.0
  0
LINE
  5
7FE
330
17
100
AcDbEntity
  8
CUT
100
AcDbLine
 10
166.18232499999993
 20
411.4591888888888
 30
0.0
 11
165.3794027777776
 21
410.9674166666666
 31
0.0
  0
LINE
  5
7FF
330
17
100
AcDbEntity
  8
CUT
100
AcDbLine
 10
144.07550555555542
 20
393.7465694444444
 30
0.0
 11
142.01351944444446
 21
391.5671083333333
 31
0.0
  0
LINE
  5
800
330
17
100
AcDbEntity
  8
CUT
100
AcDbLine
 10
169.86744166666642
 20
393.9980999999999
 30
0.0
 11
169.86744166666642
 21
403.74852499999986
 31
0.0
  0
LINE
  5
801
330
17
100
AcDbEntity
  8
CUT
100
AcDbLine
 10
162.90572499999996
 20
393.9980999999999
 30
0.0
 11
162.90572499999996
 21
390.9973722222222
 31
0.0
  0
LINE
  5
802
330
17
100
AcDbEntity
  8
CUT
100
AcDbLine
 10
153.94375833333322
 20
390.9973722222222
 30
0.0
 11
153.94375833333322
 21
393.9980999999999
 31
0.0
  0
LINE
  5
803
330
17
100
AcDbEntity
  8
CUT
100
AcDbLine
 10
162.97980833333332
 20
407.0508777777777
 30
0.0
 11
162.90572499999996
 21
406.112136111111
 31
0.0
  0
LINE
  5
804
330
17
100
AcDbEntity
  8
CUT
100
AcDbLine
 10
160.90547499999985
 20
393.9980999999999
 30
0.0
 11
162.90572499999996
 21
393.9980999999999
 31
0.0
  0
LINE
  5
805
330
17
100
AcDbEntity
  8
CUT
100
AcDbLine
 10
146.98204166666665
 20
393.9980999999999
 30
0.0
 11
148.98229166666664
 21
393.9980999999999
 31
0.0
  0
LINE
  5
806
330
17
100
AcDbEntity
  8
CUT
100
AcDbLine
 10
168.9068277777776
 20
412.11323888888876
 30
0.0
 11
167.968086111111
 21
412.0395083333333
 31
0.0
  0
LINE
  5
807
330
17
100
AcDbEntity
  8
CUT
100
AcDbLine
 10
162.90572499999996
 20
406.112136111111
 30
0.0
 11
162.90572499999996
 21
399.99920277777767
 31
0.0
  0
LINE
  5
808
330
17
100
AcDbEntity
  8
CUT
100
AcDbLine
 10
163.19923611111102
 20
407.9666888888888
 30
0.0
 11
162.97980833333332
 21
407.0508777777777
 31
0.0
  0
LINE
  5
809
330
17
100
AcDbEntity
  8
CUT
100
AcDbLine
 10
162.90572499999996
 20
390.9973722222222
 30
0.0
 11
167.86683888888882
 21
390.9973722222222
 31
0.0
  0
LINE
  5
80A
330
17
100
AcDbEntity
  8
CUT
100
AcDbLine
 10
163.55977499999983
 20
408.8366388888888
 30
0.0
 11
163.19923611111102
 21
407.9666888888888
 31
0.0
  0
LINE
  5
80B
330
17
100
AcDbEntity
  8
CUT
100
AcDbLine
 10
167.968086111111
 20
412.0395083333333
 30
0.0
 11
167.05262777777762
 21
411.8197277777777
 31
0.0
  0
LINE
  5
80C
330
17
100
AcDbEntity
  8
CUT
100
AcDbLine
 10
167.86683888888882
 20
390.9973722222222
 30
0.0
 11
167.86683888888882
 21
393.9980999999999
 31
0.0
  0
LINE
  5
80D
330
17
100
AcDbEntity
  8
CUT
100
AcDbLine
 10
183.32062222222203
 20
403.74852499999986
 30
0.0
 11
183.32062222222203
 21
412.11323888888876
 31
0.0
  0
LINE
  5
80E
330
17
100
AcDbEntity
  8
CUT
100
AcDbLine
 10
148.98229166666664
 20
393.9980999999999
 30
0.0
 11
148.98229166666664
 21
390.9973722222222
 31
0.0
  0
LINE
  5
80F
330
17
100
AcDbEntity
  8
CUT
100
AcDbLine
 10
155.94400833333333
 20
393.9980999999999
 30
0.0
 11
155.94400833333333
 21
390.9973722222222
 31
0.0
  0
LINE
  5
810
330
17
100
AcDbEntity
  8
CUT
100
AcDbLine
 10
153.94375833333322
 20
393.9980999999999
 30
0.0
 11
155.94400833333333
 21
393.9980999999999
 31
0.0
  0
LINE
  5
811
330
17
100
AcDbEntity
  8
CUT
100
AcDbLine
 10
164.05189999999993
 20
409.6395611111111
 30
0.0
 11
163.55977499999983
 21
408.8366388888888
 31
0.0
  0
LINE
  5
812
330
17
100
AcDbEntity
  8
CUT
100
AcDbLine
 10
141.36546666666652
 20
396.3105583333333
 30
0.0
 11
144.07550555555542
 21
393.7465694444444
 31
0.0
  0
LINE
  5
813
330
17
100
AcDbEntity
  8
CUT
100
AcDbLine
 10
167.05262777777762
 20
411.8197277777777
 30
0.0
 11
166.18232499999993
 21
411.4591888888888
 31
0.0
  0
LINE
  5
814
330
17
100
AcDbEntity
  8
CUT
100
AcDbLine
 10
160.90547499999985
 20
390.9973722222222
 30
0.0
 11
160.90547499999985
 21
393.9980999999999
 31
0.0
  0
LINE
  5
815
330
17
100
AcDbEntity
  8
CUT
100
AcDbLine
 10
146.98204166666665
 20
390.9973722222222
 30
0.0
 11
146.98204166666665
 21
393.9980999999999
 31
0.0
  0
LINE
  5
816
330
17
100
AcDbEntity
  8
ENGRAVE
100
AcDbLine
 10
173.30669051549168
 20
409.83203618580126
 30
0.0
 11
173.942069543812
 21
411.10279424244186
 31
0.0
  0
LINE
  5
817
330
17
100
AcDbEntity
  8
ENGRAVE
100
AcDbLine
 10
173.942069543812
 20
411.10279424244186
 30
0.0
 11
176.48358565709324
 21
411.10279424244186
 31
0.0
  0
LINE
  5
818
330
17
100
AcDbEntity
  8
ENGRAVE
100
AcDbLine
 10
176.48358565709324
 20
411.10279424244186
 30
0.0
 11
177.11896468541357
 21
409.83203618580126
 31
0.0
  0
LINE
  5
819
330
17
100
AcDbEntity
  8
ENGRAVE
100
AcDbLine
 10
177.11896468541357
 20
409.83203618580126
 30
0.0
 11
177.11896468541357
 21
408.9425055461528
 31
0.0
  0
LINE
  5
81A
330
17
100
AcDbEntity
  8
ENGRAVE
100
AcDbLine
 10
177.11896468541357
 20
408.9425055461528
 30
0.0
 11
173.30669051549168
 21
404.74900395923873
 31
0.0
  0
LINE
  5
81B
330
17
100
AcDbEntity
  8
ENGRAVE
100
AcDbLine
 10
173.30669051549168
 20
404.74900395923873
 30
0.0
 11
177.11896468541357
 21
404.74900395923873
 31
0.0
  0
LINE
  5
81C
330
17
100
AcDbEntity
  8
ENGRAVE
100
AcDbLine
 10
181.2489283694956
 20
404.74900395923873
 30
0.0
 11
181.2489283694956
 21
411.10279424244186
 31
0.0
  0
LINE
  5
81D
330
17
100
AcDbEntity
  8
ENGRAVE
100
AcDbLine
 10
181.2489283694956
 20
411.10279424244186
 30
0.0
 11
178.38972274205418
 21
406.9728305583598
 31
0.0
  0
LINE
  5
81E
330
17
100
AcDbEntity
  8
ENGRAVE
100
AcDbLine
 10
178.38972274205418
 20
406.9728305583598
 30
0.0
 11
182.20199691197607
 21
406.9728305583598
 31
0.0
  0
LINE
  5
81F
330
17
100
AcDbEntity
  8
CUT
100
AcDbLine
 10
209.6187722222221
 20
410.35569999999996
 30
0.0
 11
209.00705555555544
 21
409.6395611111111
 31
0.0
  0
LINE
  5
820
330
17
100
AcDbEntity
  8
CUT
100
AcDbLine
 10
207.93496388888877
 20
407.0508777777777
 30
0.0
 11
207.86088055555535
 21
406.112136111111
 31
0.0
  0
LINE
  5
821
330
17
100
AcDbEntity
  8
CUT
100
AcDbLine
 10
186.32062222222203
 20
399.99920277777767
 30
0.0
 11
186.32062222222203
 21
396.3105583333333
 31
0.0
  0
LINE
  5
822
330
17
100
AcDbEntity
  8
CUT
100
AcDbLine
 10
214.82259722222204
 20
393.9980999999999
 30
0.0
 11
214.82259722222204
 21
403.74852499999986
 31
0.0
  0
LINE
  5
823
330
17
100
AcDbEntity
  8
CUT
100
AcDbLine
 10
200.8991638888889
 20
393.9980999999999
 30
0.0
 11
200.8991638888889
 21
390.9973722222222
 31
0.0
  0
LINE
  5
824
330
17
100
AcDbEntity
  8
CUT
100
AcDbLine
 10
189.03066111111104
 20
393.7465694444444
 30
0.0
 11
186.96867499999996
 21
391.5671083333333
 31
0.0
  0
LINE
  5
825
330
17
100
AcDbEntity
  8
CUT
100
AcDbLine
 10
186.32062222222203
 20
396.3105583333333
 30
0.0
 11
189.03066111111104
 21
393.7465694444444
 31
0.0
  0
LINE
  5
826
330
17
100
AcDbEntity
  8
CUT
100
AcDbLine
 10
212.00778333333324
 20
411.8197277777777
 30
0.0
 11
211.13748055555538
 21
411.4591888888888
 31
0.0
  0
LINE
  5
827
330
17
100
AcDbEntity
  8
CUT
100
AcDbLine
 10
209.00705555555544
 20
409.6395611111111
 30
0.0
 11
208.51493055555545
 21
408.8366388888888
 31
0.0
  0
LINE
  5
828
330
17
100
AcDbEntity
  8
CUT
100
AcDbLine
 10
208.51493055555545
 20
408.8366388888888
 30
0.0
 11
208.1543916666667
 21
407.9666888888888
 31
0.0
  0
LINE
  5
829
330
17
100
AcDbEntity
  8
CUT
100
AcDbLine
 10
193.9374472222222
 20
393.9980999999999
 30
0.0
 11
193.9374472222222
 21
390.9973722222222
 31
0.0
  0
LINE
  5
82A
330
17
100
AcDbEntity
  8
CUT
100
AcDbLine
 10
198.89891388888884
 20
390.9973722222222
 30
0.0
 11
198.89891388888884
 21
393.9980999999999
 31
0.0
  0
LINE
  5
82B
330
17
100
AcDbEntity
  8
CUT
100
AcDbLine
 10
210.33455833333323
 20
410.9674166666666
 30
0.0
 11
209.6187722222221
 21
410.35569999999996
 31
0.0
  0
LINE
  5
82C
330
17
100
AcDbEntity
  8
CUT
100
AcDbLine
 10
228.27577777777753
 20
403.74852499999986
 30
0.0
 11
228.27577777777753
 21
412.11323888888876
 31
0.0
  0
LINE
  5
82D
330
17
100
AcDbEntity
  8
CUT
100
AcDbLine
 10
207.86088055555535
 20
406.112136111111
 30
0.0
 11
207.86088055555535
 21
399.99920277777767
 31
0.0
  0
LINE
  5
82E
330
17
100
AcDbEntity
  8
CUT
100
AcDbLine
 10
186.96867499999996
 20
391.5671083333333
 30
0.0
 11
189.87521111111096
 21
388.8175583333333
 31
0.0
  0
LINE
  5
82F
330
17
100
AcDbEntity
  8
CUT
100
AcDbLine
 10
212.9232416666665
 20
412.0395083333333
 30
0.0
 11
212.00778333333324
 21
411.8197277777777
 31
0.0
  0
LINE
  5
830
330
17
100
AcDbEntity
  8
CUT
100
AcDbLine
 10
205.8606305555553
 20
390.9973722222222
 30
0.0
 11
205.8606305555553
 21
393.9980999999999
 31
0.0
  0
LINE
  5
831
330
17
100
AcDbEntity
  8
CUT
100
AcDbLine
 10
208.1543916666667
 20
407.9666888888888
 30
0.0
 11
207.93496388888877
 21
407.0508777777777
 31
0.0
  0
LINE
  5
832
330
17
100
AcDbEntity
  8
CUT
100
AcDbLine
 10
191.93719722222215
 20
390.9973722222222
 30
0.0
 11
191.93719722222215
 21
393.9980999999999
 31
0.0
  0
LINE
  5
833
330
17
100
AcDbEntity
  8
CUT
100
AcDbLine
 10
212.82199444444427
 20
390.9973722222222
 30
0.0
 11
212.82199444444427
 21
393.9980999999999
 31
0.0
  0
LINE
  5
834
330
17
100
AcDbEntity
  8
CUT
100
AcDbLine
 10
189.87521111111096
 20
388.8175583333333
 30
0.0
 11
191.93719722222215
 21
390.9973722222222
 31
0.0
  0
LINE
  5
835
330
17
100
AcDbEntity
  8
CUT
100
AcDbLine
 10
207.86088055555535
 20
393.9980999999999
 30
0.0
 11
207.86088055555535
 21
390.9973722222222
 31
0.0
  0
LINE
  5
836
330
17
100
AcDbEntity
  8
CUT
100
AcDbLine
 10
211.13748055555538
 20
411.4591888888888
 30
0.0
 11
210.33455833333323
 21
410.9674166666666
 31
0.0
  0
LINE
  5
837
330
17
100
AcDbEntity
  8
CUT
100
AcDbLine
 10
213.86198333333311
 20
412.11323888888876
 30
0.0
 11
212.9232416666665
 21
412.0395083333333
 31
0.0
  0
LINE
  5
838
330
17
100
AcDbEntity
  8
CUT
100
AcDbLine
 10
228.27577777777753
 20
412.11323888888876
 30
0.0
 11
213.86198333333311
 21
412.11323888888876
 31
0.0
  0
LINE
  5
839
330
17
100
AcDbEntity
  8
CUT
100
AcDbLine
 10
207.86088055555535
 20
390.9973722222222
 30
0.0
 11
212.82199444444427
 21
390.9973722222222
 31
0.0
  0
LINE
  5
83A
330
17
100
AcDbEntity
  8
CUT
100
AcDbLine
 10
200.8991638888889
 20
390.9973722222222
 30
0.0
 11
205.8606305555553
 21
390.9973722222222
 31
0.0
  0
LINE
  5
83B
330
17
100
AcDbEntity
  8
CUT
100
AcDbLine
 10
193.9374472222222
 20
390.9973722222222
 30
0.0
 11
198.89891388888884
 21
390.9973722222222
 31
0.0
  0
LINE
  5
83C
330
17
100
AcDbEntity
  8
CUT
100
AcDbLine
 10
214.82259722222204
 20
403.74852499999986
 30
0.0
 11
228.27577777777753
 21
403.74852499999986
 31
0.0
  0
LINE
  5
83D
330
17
100
AcDbEntity
  8
CUT
100
AcDbLine
 10
212.82199444444427
 20
393.9980999999999
 30
0.0
 11
214.82259722222204
 21
393.9980999999999
 31
0.0
  0
LINE
  5
83E
330
17
100
AcDbEntity
  8
CUT
100
AcDbLine
 10
205.8606305555553
 20
393.9980999999999
 30
0.0
 11
207.86088055555535
 21
393.9980999999999
 31
0.0
  0
LINE
  5
83F
330
17
100
AcDbEntity
  8
CUT
100
AcDbLine
 10
191.93719722222215
 20
393.9980999999999
 30
0.0
 11
193.9374472222222
 21
393.9980999999999
 31
0.0
  0
LINE
  5
840
330
17
100
AcDbEntity
  8
CUT
100
AcDbLine
 10
198.89891388888884
 20
393.9980999999999
 30
0.0
 11
200.8991638888889
 21
393.9980999999999
 31
0.0
  0
LINE
  5
841
330
17
100
AcDbEntity
  8
CUT
100
AcDbLine
 10
207.86088055555535
 20
399.99920277777767
 30
0.0
 11
186.32062222222203
 21
399.99920277777767
 31
0.0
  0
LINE
  5
842
330
17
100
AcDbEntity
  8
ENGRAVE
100
AcDbLine
 10
218.2618460710507
 20
409.83203618580126
 30
0.0
 11
218.89722509937104
 21
411.10279424244186
 31
0.0
  0
LINE
  5
843
330
17
100
AcDbEntity
  8
ENGRAVE
100
AcDbLine
 10
218.89722509937104
 20
411.10279424244186
 30
0.0
 11
221.43874121265227
 21
411.10279424244186
 31
0.0
  0
LINE
  5
844
330
17
100
AcDbEntity
  8
ENGRAVE
100
AcDbLine
 10
221.43874121265227
 20
411.10279424244186
 30
0.0
 11
222.0741202409726
 21
409.83203618580126
 31
0.0
  0
LINE
  5
845
330
17
100
AcDbEntity
  8
ENGRAVE
100
AcDbLine
 10
222.0741202409726
 20
409.83203618580126
 30
0.0
 11
222.0741202409726
 21
408.9425055461528
 31
0.0
  0
LINE
  5
846
330
17
100
AcDbEntity
  8
ENGRAVE
100
AcDbLine
 10
222.0741202409726
 20
408.9425055461528
 30
0.0
 11
218.2618460710507
 21
404.74900395923873
 31
0.0
  0
LINE
  5
847
330
17
100
AcDbEntity
  8
ENGRAVE
100
AcDbLine
 10
218.2618460710507
 20
404.74900395923873
 30
0.0
 11
222.0741202409726
 21
404.74900395923873
 31
0.0
  0
LINE
  5
848
330
17
100
AcDbEntity
  8
ENGRAVE
100
AcDbLine
 10
223.3448782976132
 20
410.46741521412156
 30
0.0
 11
223.98025732593354
 21
411.10279424244186
 31
0.0
  0
LINE
  5
849
330
17
100
AcDbEntity
  8
ENGRAVE
100
AcDbLine
 10
223.98025732593354
 20
411.10279424244186
 30
0.0
 11
226.52177343921477
 21
411.10279424244186
 31
0.0
  0
LINE
  5
84A
330
17
100
AcDbEntity
  8
ENGRAVE
100
AcDbLine
 10
226.52177343921477
 20
411.10279424244186
 30
0.0
 11
227.1571524675351
 21
410.46741521412156
 31
0.0
  0
LINE
  5
84B
330
17
100
AcDbEntity
  8
ENGRAVE
100
AcDbLine
 10
227.1571524675351
 20
410.46741521412156
 30
0.0
 11
227.1571524675351
 21
408.9425055461528
 31
0.0
  0
LINE
  5
84C
330
17
100
AcDbEntity
  8
ENGRAVE
100
AcDbLine
 10
227.1571524675351
 20
408.9425055461528
 30
0.0
 11
226.52177343921477
 21
408.3071265178325
 31
0.0
  0
LINE
  5
84D
330
17
100
AcDbEntity
  8
ENGRAVE
100
AcDbLine
 10
226.52177343921477
 20
408.3071265178325
 30
0.0
 11
224.61563635425384
 21
408.3071265178325
 31
0.0
  0
LINE
  5
84E
330
17
100
AcDbEntity
  8
ENGRAVE
100
AcDbLine
 10
226.52177343921477
 20
408.3071265178325
 30
0.0
 11
227.1571524675351
 21
407.6717474895122
 31
0.0
  0
LINE
  5
84F
330
17
100
AcDbEntity
  8
ENGRAVE
100
AcDbLine
 10
227.1571524675351
 20
407.6717474895122
 30
0.0
 11
227.1571524675351
 21
405.38438298755904
 31
0.0
  0
LINE
  5
850
330
17
100
AcDbEntity
  8
ENGRAVE
100
AcDbLine
 10
227.1571524675351
 20
405.38438298755904
 30
0.0
 11
226.52177343921477
 21
404.74900395923873
 31
0.0
  0
LINE
  5
851
330
17
100
AcDbEntity
  8
ENGRAVE
100
AcDbLine
 10
226.52177343921477
 20
404.74900395923873
 30
0.0
 11
223.98025732593354
 21
404.74900395923873
 31
0.0
  0
LINE
  5
852
330
17
100
AcDbEntity
  8
ENGRAVE
100
AcDbLine
 10
223.98025732593354
 20
404.74900395923873
 30
0.0
 11
223.3448782976132
 21
405.38438298755904
 31
0.0
  0
LINE
  5
853
330
17
100
AcDbEntity
  8
CUT
100
AcDbLine
 10
254.57392777777767
 20
410.35569999999996
 30
0.0
 11
253.96221111111095
 21
409.6395611111111
 31
0.0
  0
LINE
  5
854
330
17
100
AcDbEntity
  8
CUT
100
AcDbLine
 10
252.81603611111098
 20
399.99920277777767
 30
0.0
 11
231.27577777777753
 21
399.99920277777767
 31
0.0
  0
LINE
  5
855
330
17
100
AcDbEntity
  8
CUT
100
AcDbLine
 10
234.83036666666652
 20
388.8175583333333
 30
0.0
 11
236.89235277777766
 21
390.9973722222222
 31
0.0
  0
LINE
  5
856
330
17
100
AcDbEntity
  8
CUT
100
AcDbLine
 10
257.77714999999984
 20
393.9980999999999
 30
0.0
 11
259.77775277777744
 21
393.9980999999999
 31
0.0
  0
LINE
  5
857
330
17
100
AcDbEntity
  8
CUT
100
AcDbLine
 10
273.23093333333304
 20
412.11323888888876
 30
0.0
 11
258.8171388888886
 21
412.11323888888876
 31
0.0
  0
LINE
  5
858
330
17
100
AcDbEntity
  8
CUT
100
AcDbLine
 10
231.27577777777753
 20
399.99920277777767
 30
0.0
 11
231.27577777777753
 21
396.3105583333333
 31
0.0
  0
LINE
  5
859
330
17
100
AcDbEntity
  8
CUT
100
AcDbLine
 10
255.28971388888863
 20
410.9674166666666
 30
0.0
 11
254.57392777777767
 21
410.35569999999996
 31
0.0
  0
LINE
  5
85A
330
17
100
AcDbEntity
  8
CUT
100
AcDbLine
 10
259.77775277777744
 20
403.74852499999986
 30
0.0
 11
273.23093333333304
 21
403.74852499999986
 31
0.0
  0
LINE
  5
85B
330
17
100
AcDbEntity
  8
CUT
100
AcDbLine
 10
238.89260277777765
 20
390.9973722222222
 30
0.0
 11
243.85406944444424
 21
390.9973722222222
 31
0.0
  0
LINE
  5
85C
330
17
100
AcDbEntity
  8
CUT
100
AcDbLine
 10
245.85431944444434
 20
390.9973722222222
 30
0.0
 11
250.81578611111087
 21
390.9973722222222
 31
0.0
  0
LINE
  5
85D
330
17
100
AcDbEntity
  8
CUT
100
AcDbLine
 10
231.92383055555547
 20
391.5671083333333
 30
0.0
 11
234.83036666666652
 21
388.8175583333333
 31
0.0
  0
LINE
  5
85E
330
17
100
AcDbEntity
  8
CUT
100
AcDbLine
 10
256.09263611111095
 20
411.4591888888888
 30
0.0
 11
255.28971388888863
 21
410.9674166666666
 31
0.0
  0
LINE
  5
85F
330
17
100
AcDbEntity
  8
CUT
100
AcDbLine
 10
233.98581666666644
 20
393.7465694444444
 30
0.0
 11
231.92383055555547
 21
391.5671083333333
 31
0.0
  0
LINE
  5
860
330
17
100
AcDbEntity
  8
CUT
100
AcDbLine
 10
259.77775277777744
 20
393.9980999999999
 30
0.0
 11
259.77775277777744
 21
403.74852499999986
 31
0.0
  0
LINE
  5
861
330
17
100
AcDbEntity
  8
CUT
100
AcDbLine
 10
252.81603611111098
 20
393.9980999999999
 30
0.0
 11
252.81603611111098
 21
390.9973722222222
 31
0.0
  0
LINE
  5
862
330
17
100
AcDbEntity
  8
CUT
100
AcDbLine
 10
243.85406944444424
 20
390.9973722222222
 30
0.0
 11
243.85406944444424
 21
393.9980999999999
 31
0.0
  0
LINE
  5
863
330
17
100
AcDbEntity
  8
CUT
100
AcDbLine
 10
252.89011944444434
 20
407.0508777777777
 30
0.0
 11
252.81603611111098
 21
406.112136111111
 31
0.0
  0
LINE
  5
864
330
17
100
AcDbEntity
  8
CUT
100
AcDbLine
 10
250.81578611111087
 20
393.9980999999999
 30
0.0
 11
252.81603611111098
 21
393.9980999999999
 31
0.0
  0
LINE
  5
865
330
17
100
AcDbEntity
  8
CUT
100
AcDbLine
 10
236.89235277777766
 20
393.9980999999999
 30
0.0
 11
238.89260277777765
 21
393.9980999999999
 31
0.0
  0
LINE
  5
866
330
17
100
AcDbEntity
  8
CUT
100
AcDbLine
 10
258.8171388888886
 20
412.11323888888876
 30
0.0
 11
257.878397222222
 21
412.0395083333333
 31
0.0
  0
LINE
  5
867
330
17
100
AcDbEntity
  8
CUT
100
AcDbLine
 10
252.81603611111098
 20
406.112136111111
 30
0.0
 11
252.81603611111098
 21
399.99920277777767
 31
0.0
  0
LINE
  5
868
330
17
100
AcDbEntity
  8
CUT
100
AcDbLine
 10
253.10954722222203
 20
407.9666888888888
 30
0.0
 11
252.89011944444434
 21
407.0508777777777
 31
0.0
  0
LINE
  5
869
330
17
100
AcDbEntity
  8
CUT
100
AcDbLine
 10
252.81603611111098
 20
390.9973722222222
 30
0.0
 11
257.77714999999984
 21
390.9973722222222
 31
0.0
  0
LINE
  5
86A
330
17
100
AcDbEntity
  8
CUT
100
AcDbLine
 10
253.47008611111085
 20
408.8366388888888
 30
0.0
 11
253.10954722222203
 21
407.9666888888888
 31
0.0
  0
LINE
  5
86B
330
17
100
AcDbEntity
  8
CUT
100
AcDbLine
 10
257.878397222222
 20
412.0395083333333
 30
0.0
 11
256.96293888888863
 21
411.8197277777777
 31
0.0
  0
LINE
  5
86C
330
17
100
AcDbEntity
  8
CUT
100
AcDbLine
 10
257.77714999999984
 20
390.9973722222222
 30
0.0
 11
257.77714999999984
 21
393.9980999999999
 31
0.0
  0
LINE
  5
86D
330
17
100
AcDbEntity
  8
CUT
100
AcDbLine
 10
273.23093333333304
 20
403.74852499999986
 30
0.0
 11
273.23093333333304
 21
412.11323888888876
 31
0.0
  0
LINE
  5
86E
330
17
100
AcDbEntity
  8
CUT
100
AcDbLine
 10
238.89260277777765
 20
393.9980999999999
 30
0.0
 11
238.89260277777765
 21
390.9973722222222
 31
0.0
  0
LINE
  5
86F
330
17
100
AcDbEntity
  8
CUT
100
AcDbLine
 10
245.85431944444434
 20
393.9980999999999
 30
0.0
 11
245.85431944444434
 21
390.9973722222222
 31
0.0
  0
LINE
  5
870
330
17
100
AcDbEntity
  8
CUT
100
AcDbLine
 10
243.85406944444424
 20
393.9980999999999
 30
0.0
 11
245.85431944444434
 21
393.9980999999999
 31
0.0
  0
LINE
  5
871
330
17
100
AcDbEntity
  8
CUT
100
AcDbLine
 10
253.96221111111095
 20
409.6395611111111
 30
0.0
 11
253.47008611111085
 21
408.8366388888888
 31
0.0
  0
LINE
  5
872
330
17
100
AcDbEntity
  8
CUT
100
AcDbLine
 10
231.27577777777753
 20
396.3105583333333
 30
0.0
 11
233.98581666666644
 21
393.7465694444444
 31
0.0
  0
LINE
  5
873
330
17
100
AcDbEntity
  8
CUT
100
AcDbLine
 10
256.96293888888863
 20
411.8197277777777
 30
0.0
 11
256.09263611111095
 21
411.4591888888888
 31
0.0
  0
LINE
  5
874
330
17
100
AcDbEntity
  8
CUT
100
AcDbLine
 10
250.81578611111087
 20
390.9973722222222
 30
0.0
 11
250.81578611111087
 21
393.9980999999999
 31
0.0
  0
LINE
  5
875
330
17
100
AcDbEntity
  8
CUT
100
AcDbLine
 10
236.89235277777766
 20
390.9973722222222
 30
0.0
 11
236.89235277777766
 21
393.9980999999999
 31
0.0
  0
LINE
  5
876
330
17
100
AcDbEntity
  8
ENGRAVE
100
AcDbLine
 10
263.2170016266027
 20
409.83203618580126
 30
0.0
 11
263.852380654923
 21
411.10279424244186
 31
0.0
  0
LINE
  5
877
330
17
100
AcDbEntity
  8
ENGRAVE
100
AcDbLine
 10
263.852380654923
 20
411.10279424244186
 30
0.0
 11
266.3938967682043
 21
411.10279424244186
 31
0.0
  0
LINE
  5
878
330
17
100
AcDbEntity
  8
ENGRAVE
100
AcDbLine
 10
266.3938967682043
 20
411.10279424244186
 30
0.0
 11
267.0292757965246
 21
409.83203618580126
 31
0.0
  0
LINE
  5
879
330
17
100
AcDbEntity
  8
ENGRAVE
100
AcDbLine
 10
267.0292757965246
 20
409.83203618580126
 30
0.0
 11
267.0292757965246
 21
408.9425055461528
 31
0.0
  0
LINE
  5
87A
330
17
100
AcDbEntity
  8
ENGRAVE
100
AcDbLine
 10
267.0292757965246
 20
408.9425055461528
 30
0.0
 11
263.2170016266027
 21
404.74900395923873
 31
0.0
  0
LINE
  5
87B
330
17
100
AcDbEntity
  8
ENGRAVE
100
AcDbLine
 10
263.2170016266027
 20
404.74900395923873
 30
0.0
 11
267.0292757965246
 21
404.74900395923873
 31
0.0
  0
LINE
  5
87C
330
17
100
AcDbEntity
  8
ENGRAVE
100
AcDbLine
 10
271.15923948060663
 20
404.74900395923873
 30
0.0
 11
271.15923948060663
 21
411.10279424244186
 31
0.0
  0
LINE
  5
87D
330
17
100
AcDbEntity
  8
ENGRAVE
100
AcDbLine
 10
271.15923948060663
 20
411.10279424244186
 30
0.0
 11
268.3000338531652
 21
406.9728305583598
 31
0.0
  0
LINE
  5
87E
330
17
100
AcDbEntity
  8
ENGRAVE
100
AcDbLine
 10
268.3000338531652
 20
406.9728305583598
 30
0.0
 11
272.11230802308705
 21
406.9728305583598
 31
0.0
  0
LINE
  5
87F
330
17
100
AcDbEntity
  8
CUT
100
AcDbLine
 10
299.5290833333331
 20
410.35569999999996
 30
0.0
 11
298.91736666666645
 21
409.6395611111111
 31
0.0
  0
LINE
  5
880
330
17
100
AcDbEntity
  8
CUT
100
AcDbLine
 10
297.8452749999998
 20
407.0508777777777
 30
0.0
 11
297.77119166666637
 21
406.112136111111
 31
0.0
  0
LINE
  5
881
330
17
100
AcDbEntity
  8
CUT
100
AcDbLine
 10
276.23093333333304
 20
399.99920277777767
 30
0.0
 11
276.23093333333304
 21
396.3105583333333
 31
0.0
  0
LINE
  5
882
330
17
100
AcDbEntity
  8
CUT
100
AcDbLine
 10
304.73290833333306
 20
393.9980999999999
 30
0.0
 11
304.73290833333306
 21
403.74852499999986
 31
0.0
  0
LINE
  5
883
330
17
100
AcDbEntity
  8
CUT
100
AcDbLine
 10
290.8094749999999
 20
393.9980999999999
 30
0.0
 11
290.8094749999999
 21
390.9973722222222
 31
0.0
  0
LINE
  5
884
330
17
100
AcDbEntity
  8
CUT
100
AcDbLine
 10
278.94097222222206
 20
393.7465694444444
 30
0.0
 11
276.878986111111
 21
391.5671083333333
 31
0.0
  0
LINE
  5
885
330
17
100
AcDbEntity
  8
CUT
100
AcDbLine
 10
276.23093333333304
 20
396.3105583333333
 30
0.0
 11
278.94097222222206
 21
393.7465694444444
 31
0.0
  0
LINE
  5
886
330
17
100
AcDbEntity
  8
CUT
100
AcDbLine
 10
301.91809444444425
 20
411.8197277777777
 30
0.0
 11
301.0477916666664
 21
411.4591888888888
 31
0.0
  0
LINE
  5
887
330
17
100
AcDbEntity
  8
CUT
100
AcDbLine
 10
298.91736666666645
 20
409.6395611111111
 30
0.0
 11
298.42524166666647
 21
408.8366388888888
 31
0.0
  0
LINE
  5
888
330
17
100
AcDbEntity
  8
CUT
100
AcDbLine
 10
298.42524166666647
 20
408.8366388888888
 30
0.0
 11
298.0647027777777
 21
407.9666888888888
 31
0.0
  0
LINE
  5
889
330
17
100
AcDbEntity
  8
CUT
100
AcDbLine
 10
283.8477583333332
 20
393.9980999999999
 30
0.0
 11
283.8477583333332
 21
390.9973722222222
 31
0.0
  0
LINE
  5
88A
330
17
100
AcDbEntity
  8
CUT
100
AcDbLine
 10
288.80922499999986
 20
390.9973722222222
 30
0.0
 11
288.80922499999986
 21
393.9980999999999
 31
0.0
  0
LINE
  5
88B
330
17
100
AcDbEntity
  8
CUT
100
AcDbLine
 10
300.24486944444425
 20
410.9674166666666
 30
0.0
 11
299.5290833333331
 21
410.35569999999996
 31
0.0
  0
LINE
  5
88C
330
17
100
AcDbEntity
  8
CUT
100
AcDbLine
 10
318.18608888888855
 20
403.74852499999986
 30
0.0
 11
318.18608888888855
 21
412.11323888888876
 31
0.0
  0
LINE
  5
88D
330
17
100
AcDbEntity
  8
CUT
100
AcDbLine
 10
297.77119166666637
 20
406.112136111111
 30
0.0
 11
297.77119166666637
 21
399.99920277777767
 31
0.0
  0
LINE
  5
88E
330
17
100
AcDbEntity
  8
CUT
100
AcDbLine
 10
276.878986111111
 20
391.5671083333333
 30
0.0
 11
279.78552222222197
 21
388.8175583333333
 31
0.0
  0
LINE
  5
88F
330
17
100
AcDbEntity
  8
CUT
100
AcDbLine
 10
302.8335527777775
 20
412.0395083333333
 30
0.0
 11
301.91809444444425
 21
411.8197277777777
 31
0.0
  0
LINE
  5
890
330
17
100
AcDbEntity
  8
CUT
100
AcDbLine
 10
295.7709416666663
 20
390.9973722222222
 30
0.0
 11
295.7709416666663
 21
393.9980999999999
 31
0.0
  0
LINE
  5
891
330
17
100
AcDbEntity
  8
CUT
100
AcDbLine
 10
298.0647027777777
 20
407.9666888888888
 30
0.0
 11
297.8452749999998
 21
407.0508777777777
 31
0.0
  0
LINE
  5
892
330
17
100
AcDbEntity
  8
CUT
100
AcDbLine
 10
281.84750833333317
 20
390.9973722222222
 30
0.0
 11
281.84750833333317
 21
393.9980999999999
 31
0.0
  0
LINE
  5
893
330
17
100
AcDbEntity
  8
CUT
100
AcDbLine
 10
302.7323055555553
 20
390.9973722222222
 30
0.0
 11
302.7323055555553
 21
393.9980999999999
 31
0.0
  0
LINE
  5
894
330
17
100
AcDbEntity
  8
CUT
100
AcDbLine
 10
279.78552222222197
 20
388.8175583333333
 30
0.0
 11
281.84750833333317
 21
390.9973722222222
 31
0.0
  0
LINE
  5
895
330
17
100
AcDbEntity
  8
CUT
100
AcDbLine
 10
297.77119166666637
 20
393.9980999999999
 30
0.0
 11
297.77119166666637
 21
390.9973722222222
 31
0.0
  0
LINE
  5
896
330
17
100
AcDbEntity
  8
CUT
100
AcDbLine
 10
301.0477916666664
 20
411.4591888888888
 30
0.0
 11
300.24486944444425
 21
410.9674166666666
 31
0.0
  0
LINE
  5
897
330
17
100
AcDbEntity
  8
CUT
100
AcDbLine
 10
303.7722944444441
 20
412.11323888888876
 30
0.0
 11
302.8335527777775
 21
412.0395083333333
 31
0.0
  0
LINE
  5
898
330
17
100
AcDbEntity
  8
CUT
100
AcDbLine
 10
318.18608888888855
 20
412.11323888888876
 30
0.0
 11
303.7722944444441
 21
412.11323888888876
 31
0.0
  0
LINE
  5
899
330
17
100
AcDbEntity
  8
CUT
100
AcDbLine
 10
297.77119166666637
 20
390.9973722222222
 30
0.0
 11
302.7323055555553
 21
390.9973722222222
 31
0.0
  0
LINE
  5
89A
330
17
100
AcDbEntity
  8
CUT
100
AcDbLine
 10
290.8094749999999
 20
390.9973722222222
 30
0.0
 11
295.7709416666663
 21
390.9973722222222
 31
0.0
  0
LINE
  5
89B
330
17
100
AcDbEntity
  8
CUT
100
AcDbLine
 10
283.8477583333332
 20
390.9973722222222
 30
0.0
 11
288.80922499999986
 21
390.9973722222222
 31
0.0
  0
LINE
  5
89C
330
17
100
AcDbEntity
  8
CUT
100
AcDbLine
 10
304.73290833333306
 20
403.74852499999986
 30
0.0
 11
318.18608888888855
 21
403.74852499999986
 31
0.0
  0
LINE
  5
89D
330
17
100
AcDbEntity
  8
CUT
100
AcDbLine
 10
302.7323055555553
 20
393.9980999999999
 30
0.0
 11
304.73290833333306
 21
393.9980999999999
 31
0.0
  0
LINE
  5
89E
330
17
100
AcDbEntity
  8
CUT
100
AcDbLine
 10
295.7709416666663
 20
393.9980999999999
 30
0.0
 11
297.77119166666637
 21
393.9980999999999
 31
0.0
  0
LINE
  5
89F
330
17
100
AcDbEntity
  8
CUT
100
AcDbLine
 10
281.84750833333317
 20
393.9980999999999
 30
0.0
 11
283.8477583333332
 21
393.9980999999999
 31
0.0
  0
LINE
  5
8A0
330
17
100
AcDbEntity
  8
CUT
100
AcDbLine
 10
288.80922499999986
 20
393.9980999999999
 30
0.0
 11
290.8094749999999
 21
393.9980999999999
 31
0.0
  0
LINE
  5
8A1
330
17
100
AcDbEntity
  8
CUT
100
AcDbLine
 10
297.77119166666637
 20
399.99920277777767
 30
0.0
 11
276.23093333333304
 21
399.99920277777767
 31
0.0
  0
LINE
  5
8A2
330
17
100
AcDbEntity
  8
ENGRAVE
100
AcDbLine
 10
308.17215718216175
 20
409.83203618580126
 30
0.0
 11
308.80753621048206
 21
411.10279424244186
 31
0.0
  0
LINE
  5
8A3
330
17
100
AcDbEntity
  8
ENGRAVE
100
AcDbLine
 10
308.80753621048206
 20
411.10279424244186
 30
0.0
 11
311.3490523237633
 21
411.10279424244186
 31
0.0
  0
LINE
  5
8A4
330
17
100
AcDbEntity
  8
ENGRAVE
100
AcDbLine
 10
311.3490523237633
 20
411.10279424244186
 30
0.0
 11
311.9844313520836
 21
409.83203618580126
 31
0.0
  0
LINE
  5
8A5
330
17
100
AcDbEntity
  8
ENGRAVE
100
AcDbLine
 10
311.9844313520836
 20
409.83203618580126
 30
0.0
 11
311.9844313520836
 21
408.9425055461528
 31
0.0
  0
LINE
  5
8A6
330
17
100
AcDbEntity
  8
ENGRAVE
100
AcDbLine
 10
311.9844313520836
 20
408.9425055461528
 30
0.0
 11
308.17215718216175
 21
404.74900395923873
 31
0.0
  0
LINE
  5
8A7
330
17
100
AcDbEntity
  8
ENGRAVE
100
AcDbLine
 10
308.17215718216175
 20
404.74900395923873
 30
0.0
 11
311.9844313520836
 21
404.74900395923873
 31
0.0
  0
LINE
  5
8A8
330
17
100
AcDbEntity
  8
ENGRAVE
100
AcDbLine
 10
313.2551894087242
 20
410.46741521412156
 30
0.0
 11
313.8905684370445
 21
411.10279424244186
 31
0.0
  0
LINE
  5
8A9
330
17
100
AcDbEntity
  8
ENGRAVE
100
AcDbLine
 10
313.8905684370445
 20
411.10279424244186
 30
0.0
 11
316.4320845503258
 21
411.10279424244186
 31
0.0
  0
LINE
  5
8AA
330
17
100
AcDbEntity
  8
ENGRAVE
100
AcDbLine
 10
316.4320845503258
 20
411.10279424244186
 30
0.0
 11
317.0674635786461
 21
410.46741521412156
 31
0.0
  0
LINE
  5
8AB
330
17
100
AcDbEntity
  8
ENGRAVE
100
AcDbLine
 10
317.0674635786461
 20
410.46741521412156
 30
0.0
 11
317.0674635786461
 21
408.9425055461528
 31
0.0
  0
LINE
  5
8AC
330
17
100
AcDbEntity
  8
ENGRAVE
100
AcDbLine
 10
317.0674635786461
 20
408.9425055461528
 30
0.0
 11
316.4320845503258
 21
408.3071265178325
 31
0.0
  0
LINE
  5
8AD
330
17
100
AcDbEntity
  8
ENGRAVE
100
AcDbLine
 10
316.4320845503258
 20
408.3071265178325
 30
0.0
 11
314.5259474653649
 21
408.3071265178325
 31
0.0
  0
LINE
  5
8AE
330
17
100
AcDbEntity
  8
ENGRAVE
100
AcDbLine
 10
316.4320845503258
 20
408.3071265178325
 30
0.0
 11
317.0674635786461
 21
407.6717474895122
 31
0.0
  0
LINE
  5
8AF
330
17
100
AcDbEntity
  8
ENGRAVE
100
AcDbLine
 10
317.0674635786461
 20
407.6717474895122
 30
0.0
 11
317.0674635786461
 21
405.38438298755904
 31
0.0
  0
LINE
  5
8B0
330
17
100
AcDbEntity
  8
ENGRAVE
100
AcDbLine
 10
317.0674635786461
 20
405.38438298755904
 30
0.0
 11
316.4320845503258
 21
404.74900395923873
 31
0.0
  0
LINE
  5
8B1
330
17
100
AcDbEntity
  8
ENGRAVE
100
AcDbLine
 10
316.4320845503258
 20
404.74900395923873
 30
0.0
 11
313.8905684370445
 21
404.74900395923873
 31
0.0
  0
LINE
  5
8B2
330
17
100
AcDbEntity
  8
ENGRAVE
100
AcDbLine
 10
313.8905684370445
 20
404.74900395923873
 30
0.0
 11
313.2551894087242
 21
405.38438298755904
 31
0.0
  0
LINE
  5
8B3
330
17
100
AcDbEntity
  8
CUT
100
AcDbLine
 10
344.4842388888887
 20
410.35569999999996
 30
0.0
 11
343.87252222222196
 21
409.6395611111111
 31
0.0
  0
LINE
  5
8B4
330
17
100
AcDbEntity
  8
CUT
100
AcDbLine
 10
342.726347222222
 20
399.99920277777767
 30
0.0
 11
321.18608888888855
 21
399.99920277777767
 31
0.0
  0
LINE
  5
8B5
330
17
100
AcDbEntity
  8
CUT
100
AcDbLine
 10
324.74067777777753
 20
388.8175583333333
 30
0.0
 11
326.8026638888887
 21
390.9973722222222
 31
0.0
  0
LINE
  5
8B6
330
17
100
AcDbEntity
  8
CUT
100
AcDbLine
 10
347.68746111111085
 20
393.9980999999999
 30
0.0
 11
349.68806388888845
 21
393.9980999999999
 31
0.0
  0
LINE
  5
8B7
330
17
100
AcDbEntity
  8
CUT
100
AcDbLine
 10
363.14124444444406
 20
412.11323888888876
 30
0.0
 11
348.72744999999964
 21
412.11323888888876
 31
0.0
  0
LINE
  5
8B8
330
17
100
AcDbEntity
  8
CUT
100
AcDbLine
 10
321.18608888888855
 20
399.99920277777767
 30
0.0
 11
321.18608888888855
 21
396.3105583333333
 31
0.0
  0
LINE
  5
8B9
330
17
100
AcDbEntity
  8
CUT
100
AcDbLine
 10
345.20002499999964
 20
410.9674166666666
 30
0.0
 11
344.4842388888887
 21
410.35569999999996
 31
0.0
  0
LINE
  5
8BA
330
17
100
AcDbEntity
  8
CUT
100
AcDbLine
 10
349.68806388888845
 20
403.74852499999986
 30
0.0
 11
363.14124444444406
 21
403.74852499999986
 31
0.0
  0
LINE
  5
8BB
330
17
100
AcDbEntity
  8
CUT
100
AcDbLine
 10
328.80291388888867
 20
390.9973722222222
 30
0.0
 11
333.76438055555525
 21
390.9973722222222
 31
0.0
  0
LINE
  5
8BC
330
17
100
AcDbEntity
  8
CUT
100
AcDbLine
 10
335.76463055555536
 20
390.9973722222222
 30
0.0
 11
340.7260972222219
 21
390.9973722222222
 31
0.0
  0
LINE
  5
8BD
330
17
100
AcDbEntity
  8
CUT
100
AcDbLine
 10
321.8341416666665
 20
391.5671083333333
 30
0.0
 11
324.74067777777753
 21
388.8175583333333
 31
0.0
  0
LINE
  5
8BE
330
17
100
AcDbEntity
  8
CUT
100
AcDbLine
 10
346.00294722222196
 20
411.4591888888888
 30
0.0
 11
345.20002499999964
 21
410.9674166666666
 31
0.0
  0
LINE
  5
8BF
330
17
100
AcDbEntity
  8
CUT
100
AcDbLine
 10
323.89612777777745
 20
393.7465694444444
 30
0.0
 11
321.8341416666665
 21
391.5671083333333
 31
0.0
  0
LINE
  5
8C0
330
17
100
AcDbEntity
  8
CUT
100
AcDbLine
 10
349.68806388888845
 20
393.9980999999999
 30
0.0
 11
349.68806388888845
 21
403.74852499999986
 31
0.0
  0
LINE
  5
8C1
330
17
100
AcDbEntity
  8
CUT
100
AcDbLine
 10
342.726347222222
 20
393.9980999999999
 30
0.0
 11
342.726347222222
 21
390.9973722222222
 31
0.0
  0
LINE
  5
8C2
330
17
100
AcDbEntity
  8
CUT
100
AcDbLine
 10
333.76438055555525
 20
390.9973722222222
 30
0.0
 11
333.76438055555525
 21
393.9980999999999
 31
0.0
  0
LINE
  5
8C3
330
17
100
AcDbEntity
  8
CUT
100
AcDbLine
 10
342.80043055555535
 20
407.0508777777777
 30
0.0
 11
342.726347222222
 21
406.112136111111
 31
0.0
  0
LINE
  5
8C4
330
17
100
AcDbEntity
  8
CUT
100
AcDbLine
 10
340.7260972222219
 20
393.9980999999999
 30
0.0
 11
342.726347222222
 21
393.9980999999999
 31
0.0
  0
LINE
  5
8C5
330
17
100
AcDbEntity
  8
CUT
100
AcDbLine
 10
326.8026638888887
 20
393.9980999999999
 30
0.0
 11
328.80291388888867
 21
393.9980999999999
 31
0.0
  0
LINE
  5
8C6
330
17
100
AcDbEntity
  8
CUT
100
AcDbLine
 10
348.72744999999964
 20
412.11323888888876
 30
0.0
 11
347.78870833333303
 21
412.0395083333333
 31
0.0
  0
LINE
  5
8C7
330
17
100
AcDbEntity
  8
CUT
100
AcDbLine
 10
342.726347222222
 20
406.112136111111
 30
0.0
 11
342.726347222222
 21
399.99920277777767
 31
0.0
  0
LINE
  5
8C8
330
17
100
AcDbEntity
  8
CUT
100
AcDbLine
 10
343.01985833333305
 20
407.9666888888888
 30
0.0
 11
342.80043055555535
 21
407.0508777777777
 31
0.0
  0
LINE
  5
8C9
330
17
100
AcDbEntity
  8
CUT
100
AcDbLine
 10
342.726347222222
 20
390.9973722222222
 30
0.0
 11
347.68746111111085
 21
390.9973722222222
 31
0.0
  0
LINE
  5
8CA
330
17
100
AcDbEntity
  8
CUT
100
AcDbLine
 10
343.38039722222186
 20
408.8366388888888
 30
0.0
 11
343.01985833333305
 21
407.9666888888888
 31
0.0
  0
LINE
  5
8CB
330
17
100
AcDbEntity
  8
CUT
100
AcDbLine
 10
347.78870833333303
 20
412.0395083333333
 30
0.0
 11
346.87324999999964
 21
411.8197277777777
 31
0.0
  0
LINE
  5
8CC
330
17
100
AcDbEntity
  8
CUT
100
AcDbLine
 10
347.68746111111085
 20
390.9973722222222
 30
0.0
 11
347.68746111111085
 21
393.9980999999999
 31
0.0
  0
LINE
  5
8CD
330
17
100
AcDbEntity
  8
CUT
100
AcDbLine
 10
363.14124444444406
 20
403.74852499999986
 30
0.0
 11
363.14124444444406
 21
412.11323888888876
 31
0.0
  0
LINE
  5
8CE
330
17
100
AcDbEntity
  8
CUT
100
AcDbLine
 10
328.80291388888867
 20
393.9980999999999
 30
0.0
 11
328.80291388888867
 21
390.9973722222222
 31
0.0
  0
LINE
  5
8CF
330
17
100
AcDbEntity
  8
CUT
100
AcDbLine
 10
335.76463055555536
 20
393.9980999999999
 30
0.0
 11
335.76463055555536
 21
390.9973722222222
 31
0.0
  0
LINE
  5
8D0
330
17
100
AcDbEntity
  8
CUT
100
AcDbLine
 10
333.76438055555525
 20
393.9980999999999
 30
0.0
 11
335.76463055555536
 21
393.9980999999999
 31
0.0
  0
LINE
  5
8D1
330
17
100
AcDbEntity
  8
CUT
100
AcDbLine
 10
343.87252222222196
 20
409.6395611111111
 30
0.0
 11
343.38039722222186
 21
408.8366388888888
 31
0.0
  0
LINE
  5
8D2
330
17
100
AcDbEntity
  8
CUT
100
AcDbLine
 10
321.18608888888855
 20
396.3105583333333
 30
0.0
 11
323.89612777777745
 21
393.7465694444444
 31
0.0
  0
LINE
  5
8D3
330
17
100
AcDbEntity
  8
CUT
100
AcDbLine
 10
346.87324999999964
 20
411.8197277777777
 30
0.0
 11
346.00294722222196
 21
411.4591888888888
 31
0.0
  0
LINE
  5
8D4
330
17
100
AcDbEntity
  8
CUT
100
AcDbLine
 10
340.7260972222219
 20
390.9973722222222
 30
0.0
 11
340.7260972222219
 21
393.9980999999999
 31
0.0
  0
LINE
  5
8D5
330
17
100
AcDbEntity
  8
CUT
100
AcDbLine
 10
326.8026638888887
 20
390.9973722222222
 30
0.0
 11
326.8026638888887
 21
393.9980999999999
 31
0.0
  0
LINE
  5
8D6
330
17
100
AcDbEntity
  8
ENGRAVE
100
AcDbLine
 10
353.12731273771374
 20
409.83203618580126
 30
0.0
 11
353.76269176603404
 21
411.10279424244186
 31
0.0
  0
LINE
  5
8D7
330
17
100
AcDbEntity
  8
ENGRAVE
100
AcDbLine
 10
353.76269176603404
 20
411.10279424244186
 30
0.0
 11
356.3042078793153
 21
411.10279424244186
 31
0.0
  0
LINE
  5
8D8
330
17
100
AcDbEntity
  8
ENGRAVE
100
AcDbLine
 10
356.3042078793153
 20
411.10279424244186
 30
0.0
 11
356.9395869076356
 21
409.83203618580126
 31
0.0
  0
LINE
  5
8D9
330
17
100
AcDbEntity
  8
ENGRAVE
100
AcDbLine
 10
356.9395869076356
 20
409.83203618580126
 30
0.0
 11
356.9395869076356
 21
408.9425055461528
 31
0.0
  0
LINE
  5
8DA
330
17
100
AcDbEntity
  8
ENGRAVE
100
AcDbLine
 10
356.9395869076356
 20
408.9425055461528
 30
0.0
 11
353.12731273771374
 21
404.74900395923873
 31
0.0
  0
LINE
  5
8DB
330
17
100
AcDbEntity
  8
ENGRAVE
100
AcDbLine
 10
353.12731273771374
 20
404.74900395923873
 30
0.0
 11
356.9395869076356
 21
404.74900395923873
 31
0.0
  0
LINE
  5
8DC
330
17
100
AcDbEntity
  8
ENGRAVE
100
AcDbLine
 10
361.06955059171764
 20
404.74900395923873
 30
0.0
 11
361.06955059171764
 21
411.10279424244186
 31
0.0
  0
LINE
  5
8DD
330
17
100
AcDbEntity
  8
ENGRAVE
100
AcDbLine
 10
361.06955059171764
 20
411.10279424244186
 30
0.0
 11
358.2103449642762
 21
406.9728305583598
 31
0.0
  0
LINE
  5
8DE
330
17
100
AcDbEntity
  8
ENGRAVE
100
AcDbLine
 10
358.2103449642762
 20
406.9728305583598
 30
0.0
 11
362.02261913419807
 21
406.9728305583598
 31
0.0
  0
LINE
  5
8DF
330
17
100
AcDbEntity
  8
CUT
100
AcDbLine
 10
389.43939444444413
 20
410.35569999999996
 30
0.0
 11
388.82767777777747
 21
409.6395611111111
 31
0.0
  0
LINE
  5
8E0
330
17
100
AcDbEntity
  8
CUT
100
AcDbLine
 10
387.7555861111108
 20
407.0508777777777
 30
0.0
 11
387.6815027777774
 21
406.112136111111
 31
0.0
  0
LINE
  5
8E1
330
17
100
AcDbEntity
  8
CUT
100
AcDbLine
 10
366.14124444444406
 20
399.99920277777767
 30
0.0
 11
366.14124444444406
 21
396.3105583333333
 31
0.0
  0
LINE
  5
8E2
330
17
100
AcDbEntity
  8
CUT
100
AcDbLine
 10
394.64321944444407
 20
393.9980999999999
 30
0.0
 11
394.64321944444407
 21
403.74852499999986
 31
0.0
  0
LINE
  5
8E3
330
17
100
AcDbEntity
  8
CUT
100
AcDbLine
 10
380.7197861111109
 20
393.9980999999999
 30
0.0
 11
380.7197861111109
 21
390.9973722222222
 31
0.0
  0
LINE
  5
8E4
330
17
100
AcDbEntity
  8
CUT
100
AcDbLine
 10
368.8512833333331
 20
393.7465694444444
 30
0.0
 11
366.789297222222
 21
391.5671083333333
 31
0.0
  0
LINE
  5
8E5
330
17
100
AcDbEntity
  8
CUT
100
AcDbLine
 10
366.14124444444406
 20
396.3105583333333
 30
0.0
 11
368.8512833333331
 21
393.7465694444444
 31
0.0
  0
LINE
  5
8E6
330
17
100
AcDbEntity
  8
CUT
100
AcDbLine
 10
391.82840555555526
 20
411.8197277777777
 30
0.0
 11
390.9581027777774
 21
411.4591888888888
 31
0.0
  0
LINE
  5
8E7
330
17
100
AcDbEntity
  8
CUT
100
AcDbLine
 10
388.82767777777747
 20
409.6395611111111
 30
0.0
 11
388.3355527777775
 21
408.8366388888888
 31
0.0
  0
LINE
  5
8E8
330
17
100
AcDbEntity
  8
CUT
100
AcDbLine
 10
388.3355527777775
 20
408.8366388888888
 30
0.0
 11
387.9750138888887
 21
407.9666888888888
 31
0.0
  0
LINE
  5
8E9
330
17
100
AcDbEntity
  8
CUT
100
AcDbLine
 10
373.75806944444423
 20
393.9980999999999
 30
0.0
 11
373.75806944444423
 21
390.9973722222222
 31
0.0
  0
LINE
  5
8EA
330
17
100
AcDbEntity
  8
CUT
100
AcDbLine
 10
378.71953611111087
 20
390.9973722222222
 30
0.0
 11
378.71953611111087
 21
393.9980999999999
 31
0.0
  0
LINE
  5
8EB
330
17
100
AcDbEntity
  8
CUT
100
AcDbLine
 10
390.15518055555526
 20
410.9674166666666
 30
0.0
 11
389.43939444444413
 21
410.35569999999996
 31
0.0
  0
LINE
  5
8EC
330
17
100
AcDbEntity
  8
CUT
100
AcDbLine
 10
408.09639999999956
 20
403.74852499999986
 30
0.0
 11
408.09639999999956
 21
412.11323888888876
 31
0.0
  0
LINE
  5
8ED
330
17
100
AcDbEntity
  8
CUT
100
AcDbLine
 10
387.6815027777774
 20
406.112136111111
 30
0.0
 11
387.6815027777774
 21
399.99920277777767
 31
0.0
  0
LINE
  5
8EE
330
17
100
AcDbEntity
  8
CUT
100
AcDbLine
 10
366.789297222222
 20
391.5671083333333
 30
0.0
 11
369.695833333333
 21
388.8175583333333
 31
0.0
  0
LINE
  5
8EF
330
17
100
AcDbEntity
  8
CUT
100
AcDbLine
 10
392.74386388888854
 20
412.0395083333333
 30
0.0
 11
391.82840555555526
 21
411.8197277777777
 31
0.0
  0
LINE
  5
8F0
330
17
100
AcDbEntity
  8
CUT
100
AcDbLine
 10
385.68125277777733
 20
390.9973722222222
 30
0.0
 11
385.68125277777733
 21
393.9980999999999
 31
0.0
  0
LINE
  5
8F1
330
17
100
AcDbEntity
  8
CUT
100
AcDbLine
 10
387.9750138888887
 20
407.9666888888888
 30
0.0
 11
387.7555861111108
 21
407.0508777777777
 31
0.0
  0
LINE
  5
8F2
330
17
100
AcDbEntity
  8
CUT
100
AcDbLine
 10
371.7578194444442
 20
390.9973722222222
 30
0.0
 11
371.7578194444442
 21
393.9980999999999
 31
0.0
  0
LINE
  5
8F3
330
17
100
AcDbEntity
  8
CUT
100
AcDbLine
 10
392.6426166666663
 20
390.9973722222222
 30
0.0
 11
392.6426166666663
 21
393.9980999999999
 31
0.0
  0
LINE
  5
8F4
330
17
100
AcDbEntity
  8
CUT
100
AcDbLine
 10
369.695833333333
 20
388.8175583333333
 30
0.0
 11
371.7578194444442
 21
390.9973722222222
 31
0.0
  0
LINE
  5
8F5
330
17
100
AcDbEntity
  8
CUT
100
AcDbLine
 10
387.6815027777774
 20
393.9980999999999
 30
0.0
 11
387.6815027777774
 21
390.9973722222222
 31
0.0
  0
LINE
  5
8F6
330
17
100
AcDbEntity
  8
CUT
100
AcDbLine
 10
390.9581027777774
 20
411.4591888888888
 30
0.0
 11
390.15518055555526
 21
410.9674166666666
 31
0.0
  0
LINE
  5
8F7
330
17
100
AcDbEntity
  8
CUT
100
AcDbLine
 10
393.68260555555514
 20
412.11323888888876
 30
0.0
 11
392.74386388888854
 21
412.0395083333333
 31
0.0
  0
LINE
  5
8F8
330
17
100
AcDbEntity
  8
CUT
100
AcDbLine
 10
408.09639999999956
 20
412.11323888888876
 30
0.0
 11
393.68260555555514
 21
412.11323888888876
 31
0.0
  0
LINE
  5
8F9
330
17
100
AcDbEntity
  8
CUT
100
AcDbLine
 10
387.6815027777774
 20
390.9973722222222
 30
0.0
 11
392.6426166666663
 21
390.9973722222222
 31
0.0
  0
LINE
  5
8FA
330
17
100
AcDbEntity
  8
CUT
100
AcDbLine
 10
380.7197861111109
 20
390.9973722222222
 30
0.0
 11
385.68125277777733
 21
390.9973722222222
 31
0.0
  0
LINE
  5
8FB
330
17
100
AcDbEntity
  8
CUT
100
AcDbLine
 10
373.75806944444423
 20
390.9973722222222
 30
0.0
 11
378.71953611111087
 21
390.9973722222222
 31
0.0
  0
LINE
  5
8FC
330
17
100
AcDbEntity
  8
CUT
100
AcDbLine
 10
394.64321944444407
 20
403.74852499999986
 30
0.0
 11
408.09639999999956
 21
403.74852499999986
 31
0.0
  0
LINE
  5
8FD
330
17
100
AcDbEntity
  8
CUT
100
AcDbLine
 10
392.6426166666663
 20
393.9980999999999
 30
0.0
 11
394.64321944444407
 21
393.9980999999999
 31
0.0
  0
LINE
  5
8FE
330
17
100
AcDbEntity
  8
CUT
100
AcDbLine
 10
385.68125277777733
 20
393.9980999999999
 30
0.0
 11
387.6815027777774
 21
393.9980999999999
 31
0.0
  0
LINE
  5
8FF
330
17
100
AcDbEntity
  8
CUT
100
AcDbLine
 10
371.7578194444442
 20
393.9980999999999
 30
0.0
 11
373.75806944444423
 21
393.9980999999999
 31
0.0
  0
LINE
  5
900
330
17
100
AcDbEntity
  8
CUT
100
AcDbLine
 10
378.71953611111087
 20
393.9980999999999
 30
0.0
 11
380.7197861111109
 21
393.9980999999999
 31
0.0
  0
LINE
  5
901
330
17
100
AcDbEntity
  8
CUT
100
AcDbLine
 10
387.6815027777774
 20
399.99920277777767
 30
0.0
 11
366.14124444444406
 21
399.99920277777767
 31
0.0
  0
LINE
  5
902
330
17
100
AcDbEntity
  8
ENGRAVE
100
AcDbLine
 10
398.08246829327277
 20
409.83203618580126
 30
0.0
 11
398.71784732159307
 21
411.10279424244186
 31
0.0
  0
LINE
  5
903
330
17
100
AcDbEntity
  8
ENGRAVE
100
AcDbLine
 10
398.71784732159307
 20
411.10279424244186
 30
0.0
 11
401.25936343487433
 21
411.10279424244186
 31
0.0
  0
LINE
  5
904
330
17
100
AcDbEntity
  8
ENGRAVE
100
AcDbLine
 10
401.25936343487433
 20
411.10279424244186
 30
0.0
 11
401.89474246319463
 21
409.83203618580126
 31
0.0
  0
LINE
  5
905
330
17
100
AcDbEntity
  8
ENGRAVE
100
AcDbLine
 10
401.89474246319463
 20
409.83203618580126
 30
0.0
 11
401.89474246319463
 21
408.9425055461528
 31
0.0
  0
LINE
  5
906
330
17
100
AcDbEntity
  8
ENGRAVE
100
AcDbLine
 10
401.89474246319463
 20
408.9425055461528
 30
0.0
 11
398.08246829327277
 21
404.74900395923873
 31
0.0
  0
LINE
  5
907
330
17
100
AcDbEntity
  8
ENGRAVE
100
AcDbLine
 10
398.08246829327277
 20
404.74900395923873
 30
0.0
 11
401.89474246319463
 21
404.74900395923873
 31
0.0
  0
LINE
  5
908
330
17
100
AcDbEntity
  8
ENGRAVE
100
AcDbLine
 10
403.16550051983523
 20
410.46741521412156
 30
0.0
 11
403.80087954815554
 21
411.10279424244186
 31
0.0
  0
LINE
  5
909
330
17
100
AcDbEntity
  8
ENGRAVE
100
AcDbLine
 10
403.80087954815554
 20
411.10279424244186
 30
0.0
 11
406.3423956614368
 21
411.10279424244186
 31
0.0
  0
LINE
  5
90A
330
17
100
AcDbEntity
  8
ENGRAVE
100
AcDbLine
 10
406.3423956614368
 20
411.10279424244186
 30
0.0
 11
406.9777746897571
 21
410.46741521412156
 31
0.0
  0
LINE
  5
90B
330
17
100
AcDbEntity
  8
ENGRAVE
100
AcDbLine
 10
406.9777746897571
 20
410.46741521412156
 30
0.0
 11
406.9777746897571
 21
408.9425055461528
 31
0.0
  0
LINE
  5
90C
330
17
100
AcDbEntity
  8
ENGRAVE
100
AcDbLine
 10
406.9777746897571
 20
408.9425055461528
 30
0.0
 11
406.3423956614368
 21
408.3071265178325
 31
0.0
  0
LINE
  5
90D
330
17
100
AcDbEntity
  8
ENGRAVE
100
AcDbLine
 10
406.3423956614368
 20
408.3071265178325
 30
0.0
 11
404.4362585764759
 21
408.3071265178325
 31
0.0
  0
LINE
  5
90E
330
17
100
AcDbEntity
  8
ENGRAVE
100
AcDbLine
 10
406.3423956614368
 20
408.3071265178325
 30
0.0
 11
406.9777746897571
 21
407.6717474895122
 31
0.0
  0
LINE
  5
90F
330
17
100
AcDbEntity
  8
ENGRAVE
100
AcDbLine
 10
406.9777746897571
 20
407.6717474895122
 30
0.0
 11
406.9777746897571
 21
405.38438298755904
 31
0.0
  0
LINE
  5
910
330
17
100
AcDbEntity
  8
ENGRAVE
100
AcDbLine
 10
406.9777746897571
 20
405.38438298755904
 30
0.0
 11
406.3423956614368
 21
404.74900395923873
 31
0.0
  0
LINE
  5
911
330
17
100
AcDbEntity
  8
ENGRAVE
100
AcDbLine
 10
406.3423956614368
 20
404.74900395923873
 30
0.0
 11
403.80087954815554
 21
404.74900395923873
 31
0.0
  0
LINE
  5
912
330
17
100
AcDbEntity
  8
ENGRAVE
100
AcDbLine
 10
403.80087954815554
 20
404.74900395923873
 30
0.0
 11
403.16550051983523
 21
405.38438298755904
 31
0.0
  0
LINE
  5
913
330
17
100
AcDbEntity
  8
CUT
100
AcDbLine
 10
434.3945499999997
 20
410.35569999999996
 30
0.0
 11
433.782833333333
 21
409.6395611111111
 31
0.0
  0
LINE
  5
914
330
17
100
AcDbEntity
  8
CUT
100
AcDbLine
 10
432.636658333333
 20
399.99920277777767
 30
0.0
 11
411.09639999999956
 21
399.99920277777767
 31
0.0
  0
LINE
  5
915
330
17
100
AcDbEntity
  8
CUT
100
AcDbLine
 10
414.65098888888855
 20
388.8175583333333
 30
0.0
 11
416.7129749999997
 21
390.9973722222222
 31
0.0
  0
LINE
  5
916
330
17
100
AcDbEntity
  8
CUT
100
AcDbLine
 10
437.59777222222186
 20
393.9980999999999
 30
0.0
 11
439.59837499999946
 21
393.9980999999999
 31
0.0
  0
LINE
  5
917
330
17
100
AcDbEntity
  8
CUT
100
AcDbLine
 10
453.05155555555507
 20
412.11323888888876
 30
0.0
 11
438.63776111111065
 21
412.11323888888876
 31
0.0
  0
LINE
  5
918
330
17
100
AcDbEntity
  8
CUT
100
AcDbLine
 10
411.09639999999956
 20
399.99920277777767
 30
0.0
 11
411.09639999999956
 21
396.3105583333333
 31
0.0
  0
LINE
  5
919
330
17
100
AcDbEntity
  8
CUT
100
AcDbLine
 10
435.11033611111066
 20
410.9674166666666
 30
0.0
 11
434.3945499999997
 21
410.35569999999996
 31
0.0
  0
LINE
  5
91A
330
17
100
AcDbEntity
  8
CUT
100
AcDbLine
 10
439.59837499999946
 20
403.74852499999986
 30
0.0
 11
453.05155555555507
 21
403.74852499999986
 31
0.0
  0
LINE
  5
91B
330
17
100
AcDbEntity
  8
CUT
100
AcDbLine
 10
418.7132249999997
 20
390.9973722222222
 30
0.0
 11
423.67469166666626
 21
390.9973722222222
 31
0.0
  0
LINE
  5
91C
330
17
100
AcDbEntity
  8
CUT
100
AcDbLine
 10
425.67494166666637
 20
390.9973722222222
 30
0.0
 11
430.6364083333329
 21
390.9973722222222
 31
0.0
  0
LINE
  5
91D
330
17
100
AcDbEntity
  8
CUT
100
AcDbLine
 10
411.7444527777775
 20
391.5671083333333
 30
0.0
 11
414.65098888888855
 21
388.8175583333333
 31
0.0
  0
LINE
  5
91E
330
17
100
AcDbEntity
  8
CUT
100
AcDbLine
 10
435.913258333333
 20
411.4591888888888
 30
0.0
 11
435.11033611111066
 21
410.9674166666666
 31
0.0
  0
LINE
  5
91F
330
17
100
AcDbEntity
  8
CUT
100
AcDbLine
 10
413.80643888888847
 20
393.7465694444444
 30
0.0
 11
411.7444527777775
 21
391.5671083333333
 31
0.0
  0
LINE
  5
920
330
17
100
AcDbEntity
  8
CUT
100
AcDbLine
 10
439.59837499999946
 20
393.9980999999999
 30
0.0
 11
439.59837499999946
 21
403.74852499999986
 31
0.0
  0
LINE
  5
921
330
17
100
AcDbEntity
  8
CUT
100
AcDbLine
 10
432.636658333333
 20
393.9980999999999
 30
0.0
 11
432.636658333333
 21
390.9973722222222
 31
0.0
  0
LINE
  5
922
330
17
100
AcDbEntity
  8
CUT
100
AcDbLine
 10
423.67469166666626
 20
390.9973722222222
 30
0.0
 11
423.67469166666626
 21
393.9980999999999
 31
0.0
  0
LINE
  5
923
330
17
100
AcDbEntity
  8
CUT
100
AcDbLine
 10
432.71074166666637
 20
407.0508777777777
 30
0.0
 11
432.636658333333
 21
406.112136111111
 31
0.0
  0
LINE
  5
924
330
17
100
AcDbEntity
  8
CUT
100
AcDbLine
 10
430.6364083333329
 20
393.9980999999999
 30
0.0
 11
432.636658333333
 21
393.9980999999999
 31
0.0
  0
LINE
  5
925
330
17
100
AcDbEntity
  8
CUT
100
AcDbLine
 10
416.7129749999997
 20
393.9980999999999
 30
0.0
 11
418.7132249999997
 21
393.9980999999999
 31
0.0
  0
LINE
  5
926
330
17
100
AcDbEntity
  8
CUT
100
AcDbLine
 10
438.63776111111065
 20
412.11323888888876
 30
0.0
 11
437.69901944444405
 21
412.0395083333333
 31
0.0
  0
LINE
  5
927
330
17
100
AcDbEntity
  8
CUT
100
AcDbLine
 10
432.636658333333
 20
406.112136111111
 30
0.0
 11
432.636658333333
 21
399.99920277777767
 31
0.0
  0
LINE
  5
928
330
17
100
AcDbEntity
  8
CUT
100
AcDbLine
 10
432.93016944444406
 20
407.9666888888888
 30
0.0
 11
432.71074166666637
 21
407.0508777777777
 31
0.0
  0
LINE
  5
929
330
17
100
AcDbEntity
  8
CUT
100
AcDbLine
 10
432.636658333333
 20
390.9973722222222
 30
0.0
 11
437.59777222222186
 21
390.9973722222222
 31
0.0
  0
LINE
  5
92A
330
17
100
AcDbEntity
  8
CUT
100
AcDbLine
 10
433.2907083333329
 20
408.8366388888888
 30
0.0
 11
432.93016944444406
 21
407.9666888888888
 31
0.0
  0
LINE
  5
92B
330
17
100
AcDbEntity
  8
CUT
100
AcDbLine
 10
437.69901944444405
 20
412.0395083333333
 30
0.0
 11
436.78356111111066
 21
411.8197277777777
 31
0.0
  0
LINE
  5
92C
330
17
100
AcDbEntity
  8
CUT
100
AcDbLine
 10
437.59777222222186
 20
390.9973722222222
 30
0.0
 11
437.59777222222186
 21
393.9980999999999
 31
0.0
  0
LINE
  5
92D
330
17
100
AcDbEntity
  8
CUT
100
AcDbLine
 10
453.05155555555507
 20
403.74852499999986
 30
0.0
 11
453.05155555555507
 21
412.11323888888876
 31
0.0
  0
LINE
  5
92E
330
17
100
AcDbEntity
  8
CUT
100
AcDbLine
 10
418.7132249999997
 20
393.9980999999999
 30
0.0
 11
418.7132249999997
 21
390.9973722222222
 31
0.0
  0
LINE
  5
92F
330
17
100
AcDbEntity
  8
CUT
100
AcDbLine
 10
425.67494166666637
 20
393.9980999999999
 30
0.0
 11
425.67494166666637
 21
390.9973722222222
 31
0.0
  0
LINE
  5
930
330
17
100
AcDbEntity
  8
CUT
100
AcDbLine
 10
423.67469166666626
 20
393.9980999999999
 30
0.0
 11
425.67494166666637
 21
393.9980999999999
 31
0.0
  0
LINE
  5
931
330
17
100
AcDbEntity
  8
CUT
100
AcDbLine
 10
433.782833333333
 20
409.6395611111111
 30
0.0
 11
433.2907083333329
 21
408.8366388888888
 31
0.0
  0
LINE
  5
932
330
17
100
AcDbEntity
  8
CUT
100
AcDbLine
 10
411.09639999999956
 20
396.3105583333333
 30
0.0
 11
413.80643888888847
 21
393.7465694444444
 31
0.0
  0
LINE
  5
933
330
17
100
AcDbEntity
  8
CUT
100
AcDbLine
 10
436.78356111111066
 20
411.8197277777777
 30
0.0
 11
435.913258333333
 21
411.4591888888888
 31
0.0
  0
LINE
  5
934
330
17
100
AcDbEntity
  8
CUT
100
AcDbLine
 10
430.6364083333329
 20
390.9973722222222
 30
0.0
 11
430.6364083333329
 21
393.9980999999999
 31
0.0
  0
LINE
  5
935
330
17
100
AcDbEntity
  8
CUT
100
AcDbLine
 10
416.7129749999997
 20
390.9973722222222
 30
0.0
 11
416.7129749999997
 21
393.9980999999999
 31
0.0
  0
LINE
  5
936
330
17
100
AcDbEntity
  8
ENGRAVE
100
AcDbLine
 10
443.03762384882475
 20
409.83203618580126
 30
0.0
 11
443.67300287714505
 21
411.10279424244186
 31
0.0
  0
LINE
  5
937
330
17
100
AcDbEntity
  8
ENGRAVE
100
AcDbLine
 10
443.67300287714505
 20
411.10279424244186
 30
0.0
 11
446.2145189904263
 21
411.10279424244186
 31
0.0
  0
LINE
  5
938
330
17
100
AcDbEntity
  8
ENGRAVE
100
AcDbLine
 10
446.2145189904263
 20
411.10279424244186
 30
0.0
 11
446.8498980187466
 21
409.83203618580126
 31
0.0
  0
LINE
  5
939
330
17
100
AcDbEntity
  8
ENGRAVE
100
AcDbLine
 10
446.8498980187466
 20
409.83203618580126
 30
0.0
 11
446.8498980187466
 21
408.9425055461528
 31
0.0
  0
LINE
  5
93A
330
17
100
AcDbEntity
  8
ENGRAVE
100
AcDbLine
 10
446.8498980187466
 20
408.9425055461528
 30
0.0
 11
443.03762384882475
 21
404.74900395923873
 31
0.0
  0
LINE
  5
93B
330
17
100
AcDbEntity
  8
ENGRAVE
100
AcDbLine
 10
443.03762384882475
 20
404.74900395923873
 30
0.0
 11
446.8498980187466
 21
404.74900395923873
 31
0.0
  0
LINE
  5
93C
330
17
100
AcDbEntity
  8
ENGRAVE
100
AcDbLine
 10
450.97986170282866
 20
404.74900395923873
 30
0.0
 11
450.97986170282866
 21
411.10279424244186
 31
0.0
  0
LINE
  5
93D
330
17
100
AcDbEntity
  8
ENGRAVE
100
AcDbLine
 10
450.97986170282866
 20
411.10279424244186
 30
0.0
 11
448.1206560753872
 21
406.9728305583598
 31
0.0
  0
LINE
  5
93E
330
17
100
AcDbEntity
  8
ENGRAVE
100
AcDbLine
 10
448.1206560753872
 20
406.9728305583598
 30
0.0
 11
451.9329302453091
 21
406.9728305583598
 31
0.0
  0
LINE
  5
93F
330
17
100
AcDbEntity
  8
CUT
100
AcDbLine
 10
456.05155555555507
 20
388.8175583333333
 30
0.0
 11
476.9250638888886
 21
388.8175583333333
 31
0.0
  0
LINE
  5
940
330
17
100
AcDbEntity
  8
CUT
100
AcDbLine
 10
476.9250638888886
 20
427.82490277777777
 30
0.0
 11
456.05155555555507
 21
427.82490277777777
 31
0.0
  0
LINE
  5
941
330
17
100
AcDbEntity
  8
CUT
100
AcDbLine
 10
476.9250638888886
 20
388.8175583333333
 30
0.0
 11
476.9250638888886
 21
427.82490277777777
 31
0.0
  0
LINE
  5
942
330
17
100
AcDbEntity
  8
CUT
100
AcDbLine
 10
456.05155555555507
 20
427.82490277777777
 30
0.0
 11
456.05155555555507
 21
388.8175583333333
 31
0.0
  0
LINE
  5
943
330
17
100
AcDbEntity
  8
CUT
100
AcDbLine
 10
459.0519305555551
 20
424.8245277777778
 30
0.0
 11
473.9243361111107
 21
424.8245277777778
 31
0.0
  0
LINE
  5
944
330
17
100
AcDbEntity
  8
CUT
100
AcDbLine
 10
473.9243361111107
 20
391.8182861111111
 30
0.0
 11
459.0519305555551
 21
391.8182861111111
 31
0.0
  0
LINE
  5
945
330
17
100
AcDbEntity
  8
CUT
100
AcDbLine
 10
473.9243361111107
 20
424.8245277777778
 30
0.0
 11
473.9243361111107
 21
391.8182861111111
 31
0.0
  0
LINE
  5
946
330
17
100
AcDbEntity
  8
CUT
100
AcDbLine
 10
459.0519305555551
 20
391.8182861111111
 30
0.0
 11
459.0519305555551
 21
424.8245277777778
 31
0.0
  0
LINE
  5
947
330
17
100
AcDbEntity
  8
ENGRAVE
100
AcDbLine
 10
456.68291934584937
 20
426.788320578647
 30
0.0
 11
456.8659302101072
 21
427.15434230716266
 31
0.0
  0
LINE
  5
948
330
17
100
AcDbEntity
  8
ENGRAVE
100
AcDbLine
 10
456.8659302101072
 20
427.15434230716266
 30
0.0
 11
457.59797366713843
 21
427.15434230716266
 31
0.0
  0
LINE
  5
949
330
17
100
AcDbEntity
  8
ENGRAVE
100
AcDbLine
 10
457.59797366713843
 20
427.15434230716266
 30
0.0
 11
457.78098453139626
 21
426.788320578647
 31
0.0
  0
LINE
  5
94A
330
17
100
AcDbEntity
  8
ENGRAVE
100
AcDbLine
 10
457.78098453139626
 20
426.788320578647
 30
0.0
 11
457.78098453139626
 21
426.5321053686861
 31
0.0
  0
LINE
  5
94B
330
17
100
AcDbEntity
  8
ENGRAVE
100
AcDbLine
 10
457.78098453139626
 20
426.5321053686861
 30
0.0
 11
456.68291934584937
 21
425.32423366458454
 31
0.0
  0
LINE
  5
94C
330
17
100
AcDbEntity
  8
ENGRAVE
100
AcDbLine
 10
456.68291934584937
 20
425.32423366458454
 30
0.0
 11
457.78098453139626
 21
425.32423366458454
 31
0.0
  0
LINE
  5
94D
330
17
100
AcDbEntity
  8
ENGRAVE
100
AcDbLine
 10
459.06206058120097
 20
427.15434230716266
 30
0.0
 11
458.5130279884275
 21
427.15434230716266
 31
0.0
  0
LINE
  5
94E
330
17
100
AcDbEntity
  8
ENGRAVE
100
AcDbLine
 10
458.5130279884275
 20
427.15434230716266
 30
0.0
 11
458.1470062599119
 21
426.60530971438925
 31
0.0
  0
LINE
  5
94F
330
17
100
AcDbEntity
  8
ENGRAVE
100
AcDbLine
 10
458.1470062599119
 20
426.60530971438925
 30
0.0
 11
458.1470062599119
 21
425.6902553931002
 31
0.0
  0
LINE
  5
950
330
17
100
AcDbEntity
  8
ENGRAVE
100
AcDbLine
 10
458.1470062599119
 20
425.6902553931002
 30
0.0
 11
458.33001712416973
 21
425.32423366458454
 31
0.0
  0
LINE
  5
951
330
17
100
AcDbEntity
  8
ENGRAVE
100
AcDbLine
 10
458.33001712416973
 20
425.32423366458454
 30
0.0
 11
459.06206058120097
 21
425.32423366458454
 31
0.0
  0
LINE
  5
952
330
17
100
AcDbEntity
  8
ENGRAVE
100
AcDbLine
 10
459.06206058120097
 20
425.32423366458454
 30
0.0
 11
459.2450714454588
 21
425.6902553931002
 31
0.0
  0
LINE
  5
953
330
17
100
AcDbEntity
  8
ENGRAVE
100
AcDbLine
 10
459.2450714454588
 20
425.6902553931002
 30
0.0
 11
459.2450714454588
 21
425.9647716894869
 31
0.0
  0
LINE
  5
954
330
17
100
AcDbEntity
  8
ENGRAVE
100
AcDbLine
 10
459.2450714454588
 20
425.9647716894869
 30
0.0
 11
459.06206058120097
 21
426.2392879858736
 31
0.0
  0
LINE
  5
955
330
17
100
AcDbEntity
  8
ENGRAVE
100
AcDbLine
 10
459.06206058120097
 20
426.2392879858736
 30
0.0
 11
458.33001712416973
 21
426.2392879858736
 31
0.0
  0
LINE
  5
956
330
17
100
AcDbEntity
  8
ENGRAVE
100
AcDbLine
 10
458.33001712416973
 20
426.2392879858736
 30
0.0
 11
458.1470062599119
 21
425.9647716894869
 31
0.0
  0
LINE
  5
957
330
17
100
AcDbEntity
  8
CUT
100
AcDbLine
 10
20.943075000000007
 20
415.11323888888876
 30
0.0
 11
32.38612777777769
 21
415.11323888888876
 31
0.0
  0
LINE
  5
958
330
17
100
AcDbEntity
  8
CUT
100
AcDbLine
 10
6.5
 20
415.11323888888876
 30
0.0
 11
17.942700000000002
 21
415.11323888888876
 31
0.0
  0
LINE
  5
959
330
17
100
AcDbEntity
  8
CUT
100
AcDbLine
 10
32.38612777777769
 20
415.11323888888876
 30
0.0
 11
28.458299999999994
 21
430.0720749999998
 31
0.0
  0
LINE
  5
95A
330
17
100
AcDbEntity
  8
CUT
100
AcDbLine
 10
28.458299999999994
 20
430.0720749999998
 30
0.0
 11
10.427827777777807
 21
430.0720749999998
 31
0.0
  0
LINE
  5
95B
330
17
100
AcDbEntity
  8
CUT
100
AcDbLine
 10
10.427827777777807
 20
430.0720749999998
 30
0.0
 11
6.5
 21
415.11323888888876
 31
0.0
  0
LINE
  5
95C
330
17
100
AcDbEntity
  8
CUT
100
AcDbLine
 10
17.942700000000002
 20
421.9804111111108
 30
0.0
 11
20.943075000000007
 21
421.9804111111108
 31
0.0
  0
LINE
  5
95D
330
17
100
AcDbEntity
  8
CUT
100
AcDbLine
 10
17.942700000000002
 20
415.11323888888876
 30
0.0
 11
17.942700000000002
 21
421.9804111111108
 31
0.0
  0
LINE
  5
95E
330
17
100
AcDbEntity
  8
CUT
100
AcDbLine
 10
20.943075000000007
 20
421.9804111111108
 30
0.0
 11
20.943075000000007
 21
415.11323888888876
 31
0.0
  0
LINE
  5
95F
330
17
100
AcDbEntity
  8
ENGRAVE
100
AcDbLine
 10
10.670534320426619
 20
416.15167737304085
 30
0.0
 11
10.058055682731307
 21
416.7641560107362
 31
0.0
  0
LINE
  5
960
330
17
100
AcDbEntity
  8
ENGRAVE
100
AcDbLine
 10
10.058055682731307
 20
416.7641560107362
 30
0.0
 11
10.058055682731307
 21
419.2140705615174
 31
0.0
  0
LINE
  5
961
330
17
100
AcDbEntity
  8
ENGRAVE
100
AcDbLine
 10
10.058055682731307
 20
419.2140705615174
 30
0.0
 11
10.670534320426619
 21
419.82654919921276
 31
0.0
  0
LINE
  5
962
330
17
100
AcDbEntity
  8
ENGRAVE
100
AcDbLine
 10
10.670534320426619
 20
419.82654919921276
 30
0.0
 11
12.14048305089537
 21
419.82654919921276
 31
0.0
  0
LINE
  5
963
330
17
100
AcDbEntity
  8
ENGRAVE
100
AcDbLine
 10
12.14048305089537
 20
419.82654919921276
 30
0.0
 11
12.752961688590682
 21
419.2140705615174
 31
0.0
  0
LINE
  5
964
330
17
100
AcDbEntity
  8
ENGRAVE
100
AcDbLine
 10
12.752961688590682
 20
419.2140705615174
 30
0.0
 11
12.752961688590682
 21
417.3766346484315
 31
0.0
  0
LINE
  5
965
330
17
100
AcDbEntity
  8
ENGRAVE
100
AcDbLine
 10
12.752961688590682
 20
419.2140705615174
 30
0.0
 11
13.365440326285995
 21
419.82654919921276
 31
0.0
  0
LINE
  5
966
330
17
100
AcDbEntity
  8
ENGRAVE
100
AcDbLine
 10
13.365440326285995
 20
419.82654919921276
 30
0.0
 11
15.57036342198912
 21
419.82654919921276
 31
0.0
  0
LINE
  5
967
330
17
100
AcDbEntity
  8
ENGRAVE
100
AcDbLine
 10
15.57036342198912
 20
419.82654919921276
 30
0.0
 11
16.182842059684432
 21
419.2140705615174
 31
0.0
  0
LINE
  5
968
330
17
100
AcDbEntity
  8
ENGRAVE
100
AcDbLine
 10
16.182842059684432
 20
419.2140705615174
 30
0.0
 11
16.182842059684432
 21
416.7641560107362
 31
0.0
  0
LINE
  5
969
330
17
100
AcDbEntity
  8
ENGRAVE
100
AcDbLine
 10
16.182842059684432
 20
416.7641560107362
 30
0.0
 11
15.57036342198912
 21
416.15167737304085
 31
0.0
  0
LINE
  5
96A
330
17
100
AcDbEntity
  8
ENGRAVE
100
AcDbLine
 10
13.12044887120787
 20
422.276463749994
 30
0.0
 11
12.63046596105162
 21
421.6639851122987
 31
0.0
  0
LINE
  5
96B
330
17
100
AcDbEntity
  8
ENGRAVE
100
AcDbLine
 10
12.63046596105162
 20
421.6639851122987
 30
0.0
 11
10.670534320426619
 21
421.6639851122987
 31
0.0
  0
LINE
  5
96C
330
17
100
AcDbEntity
  8
ENGRAVE
100
AcDbLine
 10
10.670534320426619
 20
421.6639851122987
 30
0.0
 11
10.058055682731307
 21
422.276463749994
 31
0.0
  0
LINE
  5
96D
330
17
100
AcDbEntity
  8
ENGRAVE
100
AcDbLine
 10
10.058055682731307
 20
422.276463749994
 30
0.0
 11
10.058055682731307
 21
423.5014210253846
 31
0.0
  0
LINE
  5
96E
330
17
100
AcDbEntity
  8
ENGRAVE
100
AcDbLine
 10
10.058055682731307
 20
423.5014210253846
 30
0.0
 11
10.670534320426619
 21
424.1138996630799
 31
0.0
  0
LINE
  5
96F
330
17
100
AcDbEntity
  8
ENGRAVE
100
AcDbLine
 10
10.670534320426619
 20
424.1138996630799
 30
0.0
 11
12.63046596105162
 21
424.1138996630799
 31
0.0
  0
LINE
  5
970
330
17
100
AcDbEntity
  8
ENGRAVE
100
AcDbLine
 10
12.63046596105162
 20
424.1138996630799
 30
0.0
 11
13.12044887120787
 21
423.5014210253846
 31
0.0
  0
LINE
  5
971
330
17
100
AcDbEntity
  8
ENGRAVE
100
AcDbLine
 10
13.12044887120787
 20
423.5014210253846
 30
0.0
 11
13.12044887120787
 21
422.276463749994
 31
0.0
  0
LINE
  5
972
330
17
100
AcDbEntity
  8
ENGRAVE
100
AcDbLine
 10
13.12044887120787
 20
422.276463749994
 30
0.0
 11
13.732927508903183
 21
421.4802415209901
 31
0.0
  0
LINE
  5
973
330
17
100
AcDbEntity
  8
ENGRAVE
100
AcDbLine
 10
13.732927508903183
 20
421.4802415209901
 30
0.0
 11
15.57036342198912
 21
421.4802415209901
 31
0.0
  0
LINE
  5
974
330
17
100
AcDbEntity
  8
ENGRAVE
100
AcDbLine
 10
15.57036342198912
 20
421.4802415209901
 30
0.0
 11
16.182842059684432
 21
422.276463749994
 31
0.0
  0
LINE
  5
975
330
17
100
AcDbEntity
  8
ENGRAVE
100
AcDbLine
 10
16.182842059684432
 20
422.276463749994
 30
0.0
 11
16.182842059684432
 21
423.5014210253846
 31
0.0
  0
LINE
  5
976
330
17
100
AcDbEntity
  8
ENGRAVE
100
AcDbLine
 10
16.182842059684432
 20
423.5014210253846
 30
0.0
 11
15.57036342198912
 21
424.2976432543885
 31
0.0
  0
LINE
  5
977
330
17
100
AcDbEntity
  8
ENGRAVE
100
AcDbLine
 10
15.57036342198912
 20
424.2976432543885
 30
0.0
 11
13.732927508903183
 21
424.2976432543885
 31
0.0
  0
LINE
  5
978
330
17
100
AcDbEntity
  8
ENGRAVE
100
AcDbLine
 10
13.732927508903183
 20
424.2976432543885
 30
0.0
 11
13.12044887120787
 21
423.5014210253846
 31
0.0
  0
LINE
  5
979
330
17
100
AcDbEntity
  8
CUT
100
AcDbLine
 10
49.829202777777695
 20
415.11323888888876
 30
0.0
 11
61.272255555555375
 21
415.11323888888876
 31
0.0
  0
LINE
  5
97A
330
17
100
AcDbEntity
  8
CUT
100
AcDbLine
 10
35.38612777777769
 20
415.11323888888876
 30
0.0
 11
46.82882777777769
 21
415.11323888888876
 31
0.0
  0
LINE
  5
97B
330
17
100
AcDbEntity
  8
CUT
100
AcDbLine
 10
61.272255555555375
 20
415.11323888888876
 30
0.0
 11
57.34442777777768
 21
430.0720749999998
 31
0.0
  0
LINE
  5
97C
330
17
100
AcDbEntity
  8
CUT
100
AcDbLine
 10
57.34442777777768
 20
430.0720749999998
 30
0.0
 11
39.313955555555495
 21
430.0720749999998
 31
0.0
  0
LINE
  5
97D
330
17
100
AcDbEntity
  8
CUT
100
AcDbLine
 10
39.313955555555495
 20
430.0720749999998
 30
0.0
 11
35.38612777777769
 21
415.11323888888876
 31
0.0
  0
LINE
  5
97E
330
17
100
AcDbEntity
  8
CUT
100
AcDbLine
 10
46.82882777777769
 20
421.9804111111108
 30
0.0
 11
49.829202777777695
 21
421.9804111111108
 31
0.0
  0
LINE
  5
97F
330
17
100
AcDbEntity
  8
CUT
100
AcDbLine
 10
46.82882777777769
 20
415.11323888888876
 30
0.0
 11
46.82882777777769
 21
421.9804111111108
 31
0.0
  0
LINE
  5
980
330
17
100
AcDbEntity
  8
CUT
100
AcDbLine
 10
49.829202777777695
 20
421.9804111111108
 30
0.0
 11
49.829202777777695
 21
415.11323888888876
 31
0.0
  0
LINE
  5
981
330
17
100
AcDbEntity
  8
ENGRAVE
100
AcDbLine
 10
39.556662098204306
 20
416.15167737304085
 30
0.0
 11
38.944183460508995
 21
416.7641560107362
 31
0.0
  0
LINE
  5
982
330
17
100
AcDbEntity
  8
ENGRAVE
100
AcDbLine
 10
38.944183460508995
 20
416.7641560107362
 30
0.0
 11
38.944183460508995
 21
419.2140705615174
 31
0.0
  0
LINE
  5
983
330
17
100
AcDbEntity
  8
ENGRAVE
100
AcDbLine
 10
38.944183460508995
 20
419.2140705615174
 30
0.0
 11
39.556662098204306
 21
419.82654919921276
 31
0.0
  0
LINE
  5
984
330
17
100
AcDbEntity
  8
ENGRAVE
100
AcDbLine
 10
39.556662098204306
 20
419.82654919921276
 30
0.0
 11
41.02661082867306
 21
419.82654919921276
 31
0.0
  0
LINE
  5
985
330
17
100
AcDbEntity
  8
ENGRAVE
100
AcDbLine
 10
41.02661082867306
 20
419.82654919921276
 30
0.0
 11
41.63908946636837
 21
419.2140705615174
 31
0.0
  0
LINE
  5
986
330
17
100
AcDbEntity
  8
ENGRAVE
100
AcDbLine
 10
41.63908946636837
 20
419.2140705615174
 30
0.0
 11
41.63908946636837
 21
417.3766346484315
 31
0.0
  0
LINE
  5
987
330
17
100
AcDbEntity
  8
ENGRAVE
100
AcDbLine
 10
41.63908946636837
 20
419.2140705615174
 30
0.0
 11
42.25156810406368
 21
419.82654919921276
 31
0.0
  0
LINE
  5
988
330
17
100
AcDbEntity
  8
ENGRAVE
100
AcDbLine
 10
42.25156810406368
 20
419.82654919921276
 30
0.0
 11
44.45649119976681
 21
419.82654919921276
 31
0.0
  0
LINE
  5
989
330
17
100
AcDbEntity
  8
ENGRAVE
100
AcDbLine
 10
44.45649119976681
 20
419.82654919921276
 30
0.0
 11
45.06896983746212
 21
419.2140705615174
 31
0.0
  0
LINE
  5
98A
330
17
100
AcDbEntity
  8
ENGRAVE
100
AcDbLine
 10
45.06896983746212
 20
419.2140705615174
 30
0.0
 11
45.06896983746212
 21
416.7641560107362
 31
0.0
  0
LINE
  5
98B
330
17
100
AcDbEntity
  8
ENGRAVE
100
AcDbLine
 10
45.06896983746212
 20
416.7641560107362
 30
0.0
 11
44.45649119976681
 21
416.15167737304085
 31
0.0
  0
LINE
  5
98C
330
17
100
AcDbEntity
  8
ENGRAVE
100
AcDbLine
 10
42.00657664898556
 20
422.276463749994
 30
0.0
 11
41.51659373882931
 21
421.6639851122987
 31
0.0
  0
LINE
  5
98D
330
17
100
AcDbEntity
  8
ENGRAVE
100
AcDbLine
 10
41.51659373882931
 20
421.6639851122987
 30
0.0
 11
39.556662098204306
 21
421.6639851122987
 31
0.0
  0
LINE
  5
98E
330
17
100
AcDbEntity
  8
ENGRAVE
100
AcDbLine
 10
39.556662098204306
 20
421.6639851122987
 30
0.0
 11
38.944183460508995
 21
422.276463749994
 31
0.0
  0
LINE
  5
98F
330
17
100
AcDbEntity
  8
ENGRAVE
100
AcDbLine
 10
38.944183460508995
 20
422.276463749994
 30
0.0
 11
38.944183460508995
 21
423.5014210253846
 31
0.0
  0
LINE
  5
990
330
17
100
AcDbEntity
  8
ENGRAVE
100
AcDbLine
 10
38.944183460508995
 20
423.5014210253846
 30
0.0
 11
39.556662098204306
 21
424.1138996630799
 31
0.0
  0
LINE
  5
991
330
17
100
AcDbEntity
  8
ENGRAVE
100
AcDbLine
 10
39.556662098204306
 20
424.1138996630799
 30
0.0
 11
41.51659373882931
 21
424.1138996630799
 31
0.0
  0
LINE
  5
992
330
17
100
AcDbEntity
  8
ENGRAVE
100
AcDbLine
 10
41.51659373882931
 20
424.1138996630799
 30
0.0
 11
42.00657664898556
 21
423.5014210253846
 31
0.0
  0
LINE
  5
993
330
17
100
AcDbEntity
  8
ENGRAVE
100
AcDbLine
 10
42.00657664898556
 20
423.5014210253846
 30
0.0
 11
42.00657664898556
 21
422.276463749994
 31
0.0
  0
LINE
  5
994
330
17
100
AcDbEntity
  8
ENGRAVE
100
AcDbLine
 10
42.00657664898556
 20
422.276463749994
 30
0.0
 11
42.61905528668087
 21
421.4802415209901
 31
0.0
  0
LINE
  5
995
330
17
100
AcDbEntity
  8
ENGRAVE
100
AcDbLine
 10
42.61905528668087
 20
421.4802415209901
 30
0.0
 11
44.45649119976681
 21
421.4802415209901
 31
0.0
  0
LINE
  5
996
330
17
100
AcDbEntity
  8
ENGRAVE
100
AcDbLine
 10
44.45649119976681
 20
421.4802415209901
 30
0.0
 11
45.06896983746212
 21
422.276463749994
 31
0.0
  0
LINE
  5
997
330
17
100
AcDbEntity
  8
ENGRAVE
100
AcDbLine
 10
45.06896983746212
 20
422.276463749994
 30
0.0
 11
45.06896983746212
 21
423.5014210253846
 31
0.0
  0
LINE
  5
998
330
17
100
AcDbEntity
  8
ENGRAVE
100
AcDbLine
 10
45.06896983746212
 20
423.5014210253846
 30
0.0
 11
44.45649119976681
 21
424.2976432543885
 31
0.0
  0
LINE
  5
999
330
17
100
AcDbEntity
  8
ENGRAVE
100
AcDbLine
 10
44.45649119976681
 20
424.2976432543885
 30
0.0
 11
42.61905528668087
 21
424.2976432543885
 31
0.0
  0
LINE
  5
99A
330
17
100
AcDbEntity
  8
ENGRAVE
100
AcDbLine
 10
42.61905528668087
 20
424.2976432543885
 30
0.0
 11
42.00657664898556
 21
423.5014210253846
 31
0.0
  0
LINE
  5
99B
330
17
100
AcDbEntity
  8
CUT
100
AcDbLine
 10
78.71533055555538
 20
415.11323888888876
 30
0.0
 11
90.15838333333306
 21
415.11323888888876
 31
0.0
  0
LINE
  5
99C
330
17
100
AcDbEntity
  8
CUT
100
AcDbLine
 10
64.27225555555538
 20
415.11323888888876
 30
0.0
 11
75.71495555555538
 21
415.11323888888876
 31
0.0
  0
LINE
  5
99D
330
17
100
AcDbEntity
  8
CUT
100
AcDbLine
 10
90.15838333333306
 20
415.11323888888876
 30
0.0
 11
86.23055555555537
 21
430.0720749999998
 31
0.0
  0
LINE
  5
99E
330
17
100
AcDbEntity
  8
CUT
100
AcDbLine
 10
86.23055555555537
 20
430.0720749999998
 30
0.0
 11
68.20008333333318
 21
430.0720749999998
 31
0.0
  0
LINE
  5
99F
330
17
100
AcDbEntity
  8
CUT
100
AcDbLine
 10
68.20008333333318
 20
430.0720749999998
 30
0.0
 11
64.27225555555538
 21
415.11323888888876
 31
0.0
  0
LINE
  5
9A0
330
17
100
AcDbEntity
  8
CUT
100
AcDbLine
 10
75.71495555555538
 20
421.9804111111108
 30
0.0
 11
78.71533055555538
 21
421.9804111111108
 31
0.0
  0
LINE
  5
9A1
330
17
100
AcDbEntity
  8
CUT
100
AcDbLine
 10
75.71495555555538
 20
415.11323888888876
 30
0.0
 11
75.71495555555538
 21
421.9804111111108
 31
0.0
  0
LINE
  5
9A2
330
17
100
AcDbEntity
  8
CUT
100
AcDbLine
 10
78.71533055555538
 20
421.9804111111108
 30
0.0
 11
78.71533055555538
 21
415.11323888888876
 31
0.0
  0
LINE
  5
9A3
330
17
100
AcDbEntity
  8
ENGRAVE
100
AcDbLine
 10
68.442789875982
 20
416.15167737304085
 30
0.0
 11
67.83031123828668
 21
416.7641560107362
 31
0.0
  0
LINE
  5
9A4
330
17
100
AcDbEntity
  8
ENGRAVE
100
AcDbLine
 10
67.83031123828668
 20
416.7641560107362
 30
0.0
 11
67.83031123828668
 21
419.2140705615174
 31
0.0
  0
LINE
  5
9A5
330
17
100
AcDbEntity
  8
ENGRAVE
100
AcDbLine
 10
67.83031123828668
 20
419.2140705615174
 30
0.0
 11
68.442789875982
 21
419.82654919921276
 31
0.0
  0
LINE
  5
9A6
330
17
100
AcDbEntity
  8
ENGRAVE
100
AcDbLine
 10
68.442789875982
 20
419.82654919921276
 30
0.0
 11
69.91273860645074
 21
419.82654919921276
 31
0.0
  0
LINE
  5
9A7
330
17
100
AcDbEntity
  8
ENGRAVE
100
AcDbLine
 10
69.91273860645074
 20
419.82654919921276
 30
0.0
 11
70.52521724414606
 21
419.2140705615174
 31
0.0
  0
LINE
  5
9A8
330
17
100
AcDbEntity
  8
ENGRAVE
100
AcDbLine
 10
70.52521724414606
 20
419.2140705615174
 30
0.0
 11
70.52521724414606
 21
417.3766346484315
 31
0.0
  0
LINE
  5
9A9
330
17
100
AcDbEntity
  8
ENGRAVE
100
AcDbLine
 10
70.52521724414606
 20
419.2140705615174
 30
0.0
 11
71.13769588184137
 21
419.82654919921276
 31
0.0
  0
LINE
  5
9AA
330
17
100
AcDbEntity
  8
ENGRAVE
100
AcDbLine
 10
71.13769588184137
 20
419.82654919921276
 30
0.0
 11
73.34261897754449
 21
419.82654919921276
 31
0.0
  0
LINE
  5
9AB
330
17
100
AcDbEntity
  8
ENGRAVE
100
AcDbLine
 10
73.34261897754449
 20
419.82654919921276
 30
0.0
 11
73.95509761523981
 21
419.2140705615174
 31
0.0
  0
LINE
  5
9AC
330
17
100
AcDbEntity
  8
ENGRAVE
100
AcDbLine
 10
73.95509761523981
 20
419.2140705615174
 30
0.0
 11
73.95509761523981
 21
416.7641560107362
 31
0.0
  0
LINE
  5
9AD
330
17
100
AcDbEntity
  8
ENGRAVE
100
AcDbLine
 10
73.95509761523981
 20
416.7641560107362
 30
0.0
 11
73.34261897754449
 21
416.15167737304085
 31
0.0
  0
LINE
  5
9AE
330
17
100
AcDbEntity
  8
ENGRAVE
100
AcDbLine
 10
70.89270442676325
 20
422.276463749994
 30
0.0
 11
70.402721516607
 21
421.6639851122987
 31
0.0
  0
LINE
  5
9AF
330
17
100
AcDbEntity
  8
ENGRAVE
100
AcDbLine
 10
70.402721516607
 20
421.6639851122987
 30
0.0
 11
68.442789875982
 21
421.6639851122987
 31
0.0
  0
LINE
  5
9B0
330
17
100
AcDbEntity
  8
ENGRAVE
100
AcDbLine
 10
68.442789875982
 20
421.6639851122987
 30
0.0
 11
67.83031123828668
 21
422.276463749994
 31
0.0
  0
LINE
  5
9B1
330
17
100
AcDbEntity
  8
ENGRAVE
100
AcDbLine
 10
67.83031123828668
 20
422.276463749994
 30
0.0
 11
67.83031123828668
 21
423.5014210253846
 31
0.0
  0
LINE
  5
9B2
330
17
100
AcDbEntity
  8
ENGRAVE
100
AcDbLine
 10
67.83031123828668
 20
423.5014210253846
 30
0.0
 11
68.442789875982
 21
424.1138996630799
 31
0.0
  0
LINE
  5
9B3
330
17
100
AcDbEntity
  8
ENGRAVE
100
AcDbLine
 10
68.442789875982
 20
424.1138996630799
 30
0.0
 11
70.402721516607
 21
424.1138996630799
 31
0.0
  0
LINE
  5
9B4
330
17
100
AcDbEntity
  8
ENGRAVE
100
AcDbLine
 10
70.402721516607
 20
424.1138996630799
 30
0.0
 11
70.89270442676325
 21
423.5014210253846
 31
0.0
  0
LINE
  5
9B5
330
17
100
AcDbEntity
  8
ENGRAVE
100
AcDbLine
 10
70.89270442676325
 20
423.5014210253846
 30
0.0
 11
70.89270442676325
 21
422.276463749994
 31
0.0
  0
LINE
  5
9B6
330
17
100
AcDbEntity
  8
ENGRAVE
100
AcDbLine
 10
70.89270442676325
 20
422.276463749994
 30
0.0
 11
71.50518306445856
 21
421.4802415209901
 31
0.0
  0
LINE
  5
9B7
330
17
100
AcDbEntity
  8
ENGRAVE
100
AcDbLine
 10
71.50518306445856
 20
421.4802415209901
 30
0.0
 11
73.34261897754449
 21
421.4802415209901
 31
0.0
  0
LINE
  5
9B8
330
17
100
AcDbEntity
  8
ENGRAVE
100
AcDbLine
 10
73.34261897754449
 20
421.4802415209901
 30
0.0
 11
73.95509761523981
 21
422.276463749994
 31
0.0
  0
LINE
  5
9B9
330
17
100
AcDbEntity
  8
ENGRAVE
100
AcDbLine
 10
73.95509761523981
 20
422.276463749994
 30
0.0
 11
73.95509761523981
 21
423.5014210253846
 31
0.0
  0
LINE
  5
9BA
330
17
100
AcDbEntity
  8
ENGRAVE
100
AcDbLine
 10
73.95509761523981
 20
423.5014210253846
 30
0.0
 11
73.34261897754449
 21
424.2976432543885
 31
0.0
  0
LINE
  5
9BB
330
17
100
AcDbEntity
  8
ENGRAVE
100
AcDbLine
 10
73.34261897754449
 20
424.2976432543885
 30
0.0
 11
71.50518306445856
 21
424.2976432543885
 31
0.0
  0
LINE
  5
9BC
330
17
100
AcDbEntity
  8
ENGRAVE
100
AcDbLine
 10
71.50518306445856
 20
424.2976432543885
 30
0.0
 11
70.89270442676325
 21
423.5014210253846
 31
0.0
  0
LINE
  5
9BD
330
17
100
AcDbEntity
  8
CUT
100
AcDbLine
 10
104.60108333333295
 20
421.98041111111115
 30
0.0
 11
107.60145833333299
 21
421.98041111111115
 31
0.0
  0
LINE
  5
9BE
330
17
100
AcDbEntity
  8
CUT
100
AcDbLine
 10
97.08585833333305
 20
430.07242777777765
 30
0.0
 11
93.15838333333306
 21
415.11323888888876
 31
0.0
  0
LINE
  5
9BF
330
17
100
AcDbEntity
  8
CUT
100
AcDbLine
 10
93.15838333333306
 20
415.11323888888876
 30
0.0
 11
104.60108333333295
 21
415.11323888888876
 31
0.0
  0
LINE
  5
9C0
330
17
100
AcDbEntity
  8
CUT
100
AcDbLine
 10
119.04415833333307
 20
415.11323888888876
 30
0.0
 11
115.11633055555525
 21
430.07242777777765
 31
0.0
  0
LINE
  5
9C1
330
17
100
AcDbEntity
  8
CUT
100
AcDbLine
 10
107.60145833333299
 20
415.11323888888876
 30
0.0
 11
119.04415833333307
 21
415.11323888888876
 31
0.0
  0
LINE
  5
9C2
330
17
100
AcDbEntity
  8
CUT
100
AcDbLine
 10
115.11633055555525
 20
430.07242777777765
 30
0.0
 11
97.08585833333305
 21
430.07242777777765
 31
0.0
  0
LINE
  5
9C3
330
17
100
AcDbEntity
  8
CUT
100
AcDbLine
 10
104.60108333333295
 20
415.11323888888876
 30
0.0
 11
104.60108333333295
 21
421.98041111111115
 31
0.0
  0
LINE
  5
9C4
330
17
100
AcDbEntity
  8
CUT
100
AcDbLine
 10
107.60145833333299
 20
421.98041111111115
 30
0.0
 11
107.60145833333299
 21
415.11323888888876
 31
0.0
  0
LINE
  5
9C5
330
17
100
AcDbEntity
  8
ENGRAVE
100
AcDbLine
 10
97.3286898759819
 20
416.1517245952633
 30
0.0
 11
96.71621123828658
 21
416.76420323295866
 31
0.0
  0
LINE
  5
9C6
330
17
100
AcDbEntity
  8
ENGRAVE
100
AcDbLine
 10
96.71621123828658
 20
416.76420323295866
 30
0.0
 11
96.71621123828658
 21
419.2141177837399
 31
0.0
  0
LINE
  5
9C7
330
17
100
AcDbEntity
  8
ENGRAVE
100
AcDbLine
 10
96.71621123828658
 20
419.2141177837399
 30
0.0
 11
97.3286898759819
 21
419.8265964214352
 31
0.0
  0
LINE
  5
9C8
330
17
100
AcDbEntity
  8
ENGRAVE
100
AcDbLine
 10
97.3286898759819
 20
419.8265964214352
 30
0.0
 11
98.79863860645064
 21
419.8265964214352
 31
0.0
  0
LINE
  5
9C9
330
17
100
AcDbEntity
  8
ENGRAVE
100
AcDbLine
 10
98.79863860645064
 20
419.8265964214352
 30
0.0
 11
99.41111724414596
 21
419.2141177837399
 31
0.0
  0
LINE
  5
9CA
330
17
100
AcDbEntity
  8
ENGRAVE
100
AcDbLine
 10
99.41111724414596
 20
419.2141177837399
 30
0.0
 11
99.41111724414596
 21
417.37668187065395
 31
0.0
  0
LINE
  5
9CB
330
17
100
AcDbEntity
  8
ENGRAVE
100
AcDbLine
 10
99.41111724414596
 20
419.2141177837399
 30
0.0
 11
100.02359588184126
 21
419.8265964214352
 31
0.0
  0
LINE
  5
9CC
330
17
100
AcDbEntity
  8
ENGRAVE
100
AcDbLine
 10
100.02359588184126
 20
419.8265964214352
 30
0.0
 11
102.22851897754438
 21
419.8265964214352
 31
0.0
  0
LINE
  5
9CD
330
17
100
AcDbEntity
  8
ENGRAVE
100
AcDbLine
 10
102.22851897754438
 20
419.8265964214352
 30
0.0
 11
102.8409976152397
 21
419.2141177837399
 31
0.0
  0
LINE
  5
9CE
330
17
100
AcDbEntity
  8
ENGRAVE
100
AcDbLine
 10
102.8409976152397
 20
419.2141177837399
 30
0.0
 11
102.8409976152397
 21
416.76420323295866
 31
0.0
  0
LINE
  5
9CF
330
17
100
AcDbEntity
  8
ENGRAVE
100
AcDbLine
 10
102.8409976152397
 20
416.76420323295866
 30
0.0
 11
102.22851897754438
 21
416.1517245952633
 31
0.0
  0
LINE
  5
9D0
330
17
100
AcDbEntity
  8
ENGRAVE
100
AcDbLine
 10
96.71621123828658
 20
421.0515536968258
 30
0.0
 11
96.71621123828658
 21
424.7264255229977
 31
0.0
  0
LINE
  5
9D1
330
17
100
AcDbEntity
  8
ENGRAVE
100
AcDbLine
 10
96.71621123828658
 20
424.7264255229977
 30
0.0
 11
102.8409976152397
 21
422.27651097221644
 31
0.0
  0
LINE
  5
9D2
330
17
100
AcDbEntity
  8
CUT
100
AcDbLine
 10
133.48685833333298
 20
421.98041111111115
 30
0.0
 11
136.487233333333
 21
421.98041111111115
 31
0.0
  0
LINE
  5
9D3
330
17
100
AcDbEntity
  8
CUT
100
AcDbLine
 10
125.97163333333306
 20
430.07242777777765
 30
0.0
 11
122.04415833333307
 21
415.11323888888876
 31
0.0
  0
LINE
  5
9D4
330
17
100
AcDbEntity
  8
CUT
100
AcDbLine
 10
122.04415833333307
 20
415.11323888888876
 30
0.0
 11
133.48685833333298
 21
415.11323888888876
 31
0.0
  0
LINE
  5
9D5
330
17
100
AcDbEntity
  8
CUT
100
AcDbLine
 10
147.92993333333308
 20
415.11323888888876
 30
0.0
 11
144.00210555555526
 21
430.07242777777765
 31
0.0
  0
LINE
  5
9D6
330
17
100
AcDbEntity
  8
CUT
100
AcDbLine
 10
136.487233333333
 20
415.11323888888876
 30
0.0
 11
147.92993333333308
 21
415.11323888888876
 31
0.0
  0
LINE
  5
9D7
330
17
100
AcDbEntity
  8
CUT
100
AcDbLine
 10
144.00210555555526
 20
430.07242777777765
 30
0.0
 11
125.97163333333306
 21
430.07242777777765
 31
0.0
  0
LINE
  5
9D8
330
17
100
AcDbEntity
  8
CUT
100
AcDbLine
 10
133.48685833333298
 20
415.11323888888876
 30
0.0
 11
133.48685833333298
 21
421.98041111111115
 31
0.0
  0
LINE
  5
9D9
330
17
100
AcDbEntity
  8
CUT
100
AcDbLine
 10
136.487233333333
 20
421.98041111111115
 30
0.0
 11
136.487233333333
 21
415.11323888888876
 31
0.0
  0
LINE
  5
9DA
330
17
100
AcDbEntity
  8
ENGRAVE
100
AcDbLine
 10
126.21446487598192
 20
416.1517245952633
 30
0.0
 11
125.6019862382866
 21
416.76420323295866
 31
0.0
  0
LINE
  5
9DB
330
17
100
AcDbEntity
  8
ENGRAVE
100
AcDbLine
 10
125.6019862382866
 20
416.76420323295866
 30
0.0
 11
125.6019862382866
 21
419.2141177837399
 31
0.0
  0
LINE
  5
9DC
330
17
100
AcDbEntity
  8
ENGRAVE
100
AcDbLine
 10
125.6019862382866
 20
419.2141177837399
 30
0.0
 11
126.21446487598192
 21
419.8265964214352
 31
0.0
  0
LINE
  5
9DD
330
17
100
AcDbEntity
  8
ENGRAVE
100
AcDbLine
 10
126.21446487598192
 20
419.8265964214352
 30
0.0
 11
127.68441360645066
 21
419.8265964214352
 31
0.0
  0
LINE
  5
9DE
330
17
100
AcDbEntity
  8
ENGRAVE
100
AcDbLine
 10
127.68441360645066
 20
419.8265964214352
 30
0.0
 11
128.29689224414597
 21
419.2141177837399
 31
0.0
  0
LINE
  5
9DF
330
17
100
AcDbEntity
  8
ENGRAVE
100
AcDbLine
 10
128.29689224414597
 20
419.2141177837399
 30
0.0
 11
128.29689224414597
 21
417.37668187065395
 31
0.0
  0
LINE
  5
9E0
330
17
100
AcDbEntity
  8
ENGRAVE
100
AcDbLine
 10
128.29689224414597
 20
419.2141177837399
 30
0.0
 11
128.90937088184128
 21
419.8265964214352
 31
0.0
  0
LINE
  5
9E1
330
17
100
AcDbEntity
  8
ENGRAVE
100
AcDbLine
 10
128.90937088184128
 20
419.8265964214352
 30
0.0
 11
131.1142939775444
 21
419.8265964214352
 31
0.0
  0
LINE
  5
9E2
330
17
100
AcDbEntity
  8
ENGRAVE
100
AcDbLine
 10
131.1142939775444
 20
419.8265964214352
 30
0.0
 11
131.72677261523972
 21
419.2141177837399
 31
0.0
  0
LINE
  5
9E3
330
17
100
AcDbEntity
  8
ENGRAVE
100
AcDbLine
 10
131.72677261523972
 20
419.2141177837399
 30
0.0
 11
131.72677261523972
 21
416.76420323295866
 31
0.0
  0
LINE
  5
9E4
330
17
100
AcDbEntity
  8
ENGRAVE
100
AcDbLine
 10
131.72677261523972
 20
416.76420323295866
 30
0.0
 11
131.1142939775444
 21
416.1517245952633
 31
0.0
  0
LINE
  5
9E5
330
17
100
AcDbEntity
  8
ENGRAVE
100
AcDbLine
 10
125.6019862382866
 20
421.0515536968258
 30
0.0
 11
125.6019862382866
 21
424.7264255229977
 31
0.0
  0
LINE
  5
9E6
330
17
100
AcDbEntity
  8
ENGRAVE
100
AcDbLine
 10
125.6019862382866
 20
424.7264255229977
 30
0.0
 11
131.72677261523972
 21
422.27651097221644
 31
0.0
  0
LINE
  5
9E7
330
17
100
AcDbEntity
  8
CUT
100
AcDbLine
 10
162.37263333333297
 20
421.98041111111115
 30
0.0
 11
165.37300833333302
 21
421.98041111111115
 31
0.0
  0
LINE
  5
9E8
330
17
100
AcDbEntity
  8
CUT
100
AcDbLine
 10
154.85740833333307
 20
430.07242777777765
 30
0.0
 11
150.92993333333308
 21
415.11323888888876
 31
0.0
  0
LINE
  5
9E9
330
17
100
AcDbEntity
  8
CUT
100
AcDbLine
 10
150.92993333333308
 20
415.11323888888876
 30
0.0
 11
162.37263333333297
 21
415.11323888888876
 31
0.0
  0
LINE
  5
9EA
330
17
100
AcDbEntity
  8
CUT
100
AcDbLine
 10
176.81570833333308
 20
415.11323888888876
 30
0.0
 11
172.88788055555528
 21
430.07242777777765
 31
0.0
  0
LINE
  5
9EB
330
17
100
AcDbEntity
  8
CUT
100
AcDbLine
 10
165.37300833333302
 20
415.11323888888876
 30
0.0
 11
176.81570833333308
 21
415.11323888888876
 31
0.0
  0
LINE
  5
9EC
330
17
100
AcDbEntity
  8
CUT
100
AcDbLine
 10
172.88788055555528
 20
430.07242777777765
 30
0.0
 11
154.85740833333307
 21
430.07242777777765
 31
0.0
  0
LINE
  5
9ED
330
17
100
AcDbEntity
  8
CUT
100
AcDbLine
 10
162.37263333333297
 20
415.11323888888876
 30
0.0
 11
162.37263333333297
 21
421.98041111111115
 31
0.0
  0
LINE
  5
9EE
330
17
100
AcDbEntity
  8
CUT
100
AcDbLine
 10
165.37300833333302
 20
421.98041111111115
 30
0.0
 11
165.37300833333302
 21
415.11323888888876
 31
0.0
  0
LINE
  5
9EF
330
17
100
AcDbEntity
  8
ENGRAVE
100
AcDbLine
 10
155.1002398759819
 20
416.1517245952633
 30
0.0
 11
154.4877612382866
 21
416.76420323295866
 31
0.0
  0
LINE
  5
9F0
330
17
100
AcDbEntity
  8
ENGRAVE
100
AcDbLine
 10
154.4877612382866
 20
416.76420323295866
 30
0.0
 11
154.4877612382866
 21
419.2141177837399
 31
0.0
  0
LINE
  5
9F1
330
17
100
AcDbEntity
  8
ENGRAVE
100
AcDbLine
 10
154.4877612382866
 20
419.2141177837399
 30
0.0
 11
155.1002398759819
 21
419.8265964214352
 31
0.0
  0
LINE
  5
9F2
330
17
100
AcDbEntity
  8
ENGRAVE
100
AcDbLine
 10
155.1002398759819
 20
419.8265964214352
 30
0.0
 11
156.57018860645067
 21
419.8265964214352
 31
0.0
  0
LINE
  5
9F3
330
17
100
AcDbEntity
  8
ENGRAVE
100
AcDbLine
 10
156.57018860645067
 20
419.8265964214352
 30
0.0
 11
157.18266724414596
 21
419.2141177837399
 31
0.0
  0
LINE
  5
9F4
330
17
100
AcDbEntity
  8
ENGRAVE
100
AcDbLine
 10
157.18266724414596
 20
419.2141177837399
 30
0.0
 11
157.18266724414596
 21
417.37668187065395
 31
0.0
  0
LINE
  5
9F5
330
17
100
AcDbEntity
  8
ENGRAVE
100
AcDbLine
 10
157.18266724414596
 20
419.2141177837399
 30
0.0
 11
157.79514588184128
 21
419.8265964214352
 31
0.0
  0
LINE
  5
9F6
330
17
100
AcDbEntity
  8
ENGRAVE
100
AcDbLine
 10
157.79514588184128
 20
419.8265964214352
 30
0.0
 11
160.0000689775444
 21
419.8265964214352
 31
0.0
  0
LINE
  5
9F7
330
17
100
AcDbEntity
  8
ENGRAVE
100
AcDbLine
 10
160.0000689775444
 20
419.8265964214352
 30
0.0
 11
160.61254761523972
 21
419.2141177837399
 31
0.0
  0
LINE
  5
9F8
330
17
100
AcDbEntity
  8
ENGRAVE
100
AcDbLine
 10
160.61254761523972
 20
419.2141177837399
 30
0.0
 11
160.61254761523972
 21
416.76420323295866
 31
0.0
  0
LINE
  5
9F9
330
17
100
AcDbEntity
  8
ENGRAVE
100
AcDbLine
 10
160.61254761523972
 20
416.76420323295866
 30
0.0
 11
160.0000689775444
 21
416.1517245952633
 31
0.0
  0
LINE
  5
9FA
330
17
100
AcDbEntity
  8
ENGRAVE
100
AcDbLine
 10
154.4877612382866
 20
421.0515536968258
 30
0.0
 11
154.4877612382866
 21
424.7264255229977
 31
0.0
  0
LINE
  5
9FB
330
17
100
AcDbEntity
  8
ENGRAVE
100
AcDbLine
 10
154.4877612382866
 20
424.7264255229977
 30
0.0
 11
160.61254761523972
 21
422.27651097221644
 31
0.0
  0
LINE
  5
9FC
330
17
100
AcDbEntity
  8
CUT
100
AcDbLine
 10
191.25840833333297
 20
421.98041111111115
 30
0.0
 11
194.25878333333299
 21
421.98041111111115
 31
0.0
  0
LINE
  5
9FD
330
17
100
AcDbEntity
  8
CUT
100
AcDbLine
 10
183.74318333333306
 20
430.07242777777765
 30
0.0
 11
179.81570833333308
 21
415.11323888888876
 31
0.0
  0
LINE
  5
9FE
330
17
100
AcDbEntity
  8
CUT
100
AcDbLine
 10
179.81570833333308
 20
415.11323888888876
 30
0.0
 11
191.25840833333297
 21
415.11323888888876
 31
0.0
  0
LINE
  5
9FF
330
17
100
AcDbEntity
  8
CUT
100
AcDbLine
 10
205.7014833333331
 20
415.11323888888876
 30
0.0
 11
201.77365555555525
 21
430.07242777777765
 31
0.0
  0
LINE
  5
A00
330
17
100
AcDbEntity
  8
CUT
100
AcDbLine
 10
194.25878333333299
 20
415.11323888888876
 30
0.0
 11
205.7014833333331
 21
415.11323888888876
 31
0.0
  0
LINE
  5
A01
330
17
100
AcDbEntity
  8
CUT
100
AcDbLine
 10
201.77365555555525
 20
430.07242777777765
 30
0.0
 11
183.74318333333306
 21
430.07242777777765
 31
0.0
  0
LINE
  5
A02
330
17
100
AcDbEntity
  8
CUT
100
AcDbLine
 10
191.25840833333297
 20
415.11323888888876
 30
0.0
 11
191.25840833333297
 21
421.98041111111115
 31
0.0
  0
LINE
  5
A03
330
17
100
AcDbEntity
  8
CUT
100
AcDbLine
 10
194.25878333333299
 20
421.98041111111115
 30
0.0
 11
194.25878333333299
 21
415.11323888888876
 31
0.0
  0
LINE
  5
A04
330
17
100
AcDbEntity
  8
ENGRAVE
100
AcDbLine
 10
183.9860148759819
 20
416.1517245952633
 30
0.0
 11
183.3735362382866
 21
416.76420323295866
 31
0.0
  0
LINE
  5
A05
330
17
100
AcDbEntity
  8
ENGRAVE
100
AcDbLine
 10
183.3735362382866
 20
416.76420323295866
 30
0.0
 11
183.3735362382866
 21
419.2141177837399
 31
0.0
  0
LINE
  5
A06
330
17
100
AcDbEntity
  8
ENGRAVE
100
AcDbLine
 10
183.3735362382866
 20
419.2141177837399
 30
0.0
 11
183.9860148759819
 21
419.8265964214352
 31
0.0
  0
LINE
  5
A07
330
17
100
AcDbEntity
  8
ENGRAVE
100
AcDbLine
 10
183.9860148759819
 20
419.8265964214352
 30
0.0
 11
185.45596360645067
 21
419.8265964214352
 31
0.0
  0
LINE
  5
A08
330
17
100
AcDbEntity
  8
ENGRAVE
100
AcDbLine
 10
185.45596360645067
 20
419.8265964214352
 30
0.0
 11
186.06844224414596
 21
419.2141177837399
 31
0.0
  0
LINE
  5
A09
330
17
100
AcDbEntity
  8
ENGRAVE
100
AcDbLine
 10
186.06844224414596
 20
419.2141177837399
 30
0.0
 11
186.06844224414596
 21
417.37668187065395
 31
0.0
  0
LINE
  5
A0A
330
17
100
AcDbEntity
  8
ENGRAVE
100
AcDbLine
 10
186.06844224414596
 20
419.2141177837399
 30
0.0
 11
186.68092088184127
 21
419.8265964214352
 31
0.0
  0
LINE
  5
A0B
330
17
100
AcDbEntity
  8
ENGRAVE
100
AcDbLine
 10
186.68092088184127
 20
419.8265964214352
 30
0.0
 11
188.8858439775444
 21
419.8265964214352
 31
0.0
  0
LINE
  5
A0C
330
17
100
AcDbEntity
  8
ENGRAVE
100
AcDbLine
 10
188.8858439775444
 20
419.8265964214352
 30
0.0
 11
189.49832261523972
 21
419.2141177837399
 31
0.0
  0
LINE
  5
A0D
330
17
100
AcDbEntity
  8
ENGRAVE
100
AcDbLine
 10
189.49832261523972
 20
419.2141177837399
 30
0.0
 11
189.49832261523972
 21
416.76420323295866
 31
0.0
  0
LINE
  5
A0E
330
17
100
AcDbEntity
  8
ENGRAVE
100
AcDbLine
 10
189.49832261523972
 20
416.76420323295866
 30
0.0
 11
188.8858439775444
 21
416.1517245952633
 31
0.0
  0
LINE
  5
A0F
330
17
100
AcDbEntity
  8
ENGRAVE
100
AcDbLine
 10
183.3735362382866
 20
421.0515536968258
 30
0.0
 11
183.3735362382866
 21
424.7264255229977
 31
0.0
  0
LINE
  5
A10
330
17
100
AcDbEntity
  8
ENGRAVE
100
AcDbLine
 10
183.3735362382866
 20
424.7264255229977
 30
0.0
 11
189.49832261523972
 21
422.27651097221644
 31
0.0
  0
LINE
  5
A11
330
17
100
AcDbEntity
  8
CUT
100
AcDbLine
 10
220.144183333333
 20
421.98041111111115
 30
0.0
 11
223.144558333333
 21
421.98041111111115
 31
0.0
  0
LINE
  5
A12
330
17
100
AcDbEntity
  8
CUT
100
AcDbLine
 10
212.6289583333331
 20
430.07242777777765
 30
0.0
 11
208.7014833333331
 21
415.11323888888876
 31
0.0
  0
LINE
  5
A13
330
17
100
AcDbEntity
  8
CUT
100
AcDbLine
 10
208.7014833333331
 20
415.11323888888876
 30
0.0
 11
220.144183333333
 21
415.11323888888876
 31
0.0
  0
LINE
  5
A14
330
17
100
AcDbEntity
  8
CUT
100
AcDbLine
 10
234.58725833333312
 20
415.11323888888876
 30
0.0
 11
230.65943055555528
 21
430.07242777777765
 31
0.0
  0
LINE
  5
A15
330
17
100
AcDbEntity
  8
CUT
100
AcDbLine
 10
223.144558333333
 20
415.11323888888876
 30
0.0
 11
234.58725833333312
 21
415.11323888888876
 31
0.0
  0
LINE
  5
A16
330
17
100
AcDbEntity
  8
CUT
100
AcDbLine
 10
230.65943055555528
 20
430.07242777777765
 30
0.0
 11
212.6289583333331
 21
430.07242777777765
 31
0.0
  0
LINE
  5
A17
330
17
100
AcDbEntity
  8
CUT
100
AcDbLine
 10
220.144183333333
 20
415.11323888888876
 30
0.0
 11
220.144183333333
 21
421.98041111111115
 31
0.0
  0
LINE
  5
A18
330
17
100
AcDbEntity
  8
CUT
100
AcDbLine
 10
223.144558333333
 20
421.98041111111115
 30
0.0
 11
223.144558333333
 21
415.11323888888876
 31
0.0
  0
LINE
  5
A19
330
17
100
AcDbEntity
  8
ENGRAVE
100
AcDbLine
 10
212.87178987598193
 20
416.1517245952633
 30
0.0
 11
212.2593112382866
 21
416.76420323295866
 31
0.0
  0
LINE
  5
A1A
330
17
100
AcDbEntity
  8
ENGRAVE
100
AcDbLine
 10
212.2593112382866
 20
416.76420323295866
 30
0.0
 11
212.2593112382866
 21
419.2141177837399
 31
0.0
  0
LINE
  5
A1B
330
17
100
AcDbEntity
  8
ENGRAVE
100
AcDbLine
 10
212.2593112382866
 20
419.2141177837399
 30
0.0
 11
212.87178987598193
 21
419.8265964214352
 31
0.0
  0
LINE
  5
A1C
330
17
100
AcDbEntity
  8
ENGRAVE
100
AcDbLine
 10
212.87178987598193
 20
419.8265964214352
 30
0.0
 11
214.3417386064507
 21
419.8265964214352
 31
0.0
  0
LINE
  5
A1D
330
17
100
AcDbEntity
  8
ENGRAVE
100
AcDbLine
 10
214.3417386064507
 20
419.8265964214352
 30
0.0
 11
214.95421724414598
 21
419.2141177837399
 31
0.0
  0
LINE
  5
A1E
330
17
100
AcDbEntity
  8
ENGRAVE
100
AcDbLine
 10
214.95421724414598
 20
419.2141177837399
 30
0.0
 11
214.95421724414598
 21
417.37668187065395
 31
0.0
  0
LINE
  5
A1F
330
17
100
AcDbEntity
  8
ENGRAVE
100
AcDbLine
 10
214.95421724414598
 20
419.2141177837399
 30
0.0
 11
215.5666958818413
 21
419.8265964214352
 31
0.0
  0
LINE
  5
A20
330
17
100
AcDbEntity
  8
ENGRAVE
100
AcDbLine
 10
215.5666958818413
 20
419.8265964214352
 30
0.0
 11
217.77161897754442
 21
419.8265964214352
 31
0.0
  0
LINE
  5
A21
330
17
100
AcDbEntity
  8
ENGRAVE
100
AcDbLine
 10
217.77161897754442
 20
419.8265964214352
 30
0.0
 11
218.38409761523974
 21
419.2141177837399
 31
0.0
  0
LINE
  5
A22
330
17
100
AcDbEntity
  8
ENGRAVE
100
AcDbLine
 10
218.38409761523974
 20
419.2141177837399
 30
0.0
 11
218.38409761523974
 21
416.76420323295866
 31
0.0
  0
LINE
  5
A23
330
17
100
AcDbEntity
  8
ENGRAVE
100
AcDbLine
 10
218.38409761523974
 20
416.76420323295866
 30
0.0
 11
217.77161897754442
 21
416.1517245952633
 31
0.0
  0
LINE
  5
A24
330
17
100
AcDbEntity
  8
ENGRAVE
100
AcDbLine
 10
212.2593112382866
 20
421.0515536968258
 30
0.0
 11
212.2593112382866
 21
424.7264255229977
 31
0.0
  0
LINE
  5
A25
330
17
100
AcDbEntity
  8
ENGRAVE
100
AcDbLine
 10
212.2593112382866
 20
424.7264255229977
 30
0.0
 11
218.38409761523974
 21
422.27651097221644
 31
0.0
  0
LINE
  5
A26
330
17
100
AcDbEntity
  8
CUT
100
AcDbLine
 10
249.029958333333
 20
421.98041111111115
 30
0.0
 11
252.03033333333303
 21
421.98041111111115
 31
0.0
  0
LINE
  5
A27
330
17
100
AcDbEntity
  8
CUT
100
AcDbLine
 10
241.5147333333331
 20
430.07242777777765
 30
0.0
 11
237.58725833333312
 21
415.11323888888876
 31
0.0
  0
LINE
  5
A28
330
17
100
AcDbEntity
  8
CUT
100
AcDbLine
 10
237.58725833333312
 20
415.11323888888876
 30
0.0
 11
249.029958333333
 21
415.11323888888876
 31
0.0
  0
LINE
  5
A29
330
17
100
AcDbEntity
  8
CUT
100
AcDbLine
 10
263.47303333333315
 20
415.11323888888876
 30
0.0
 11
259.5452055555553
 21
430.07242777777765
 31
0.0
  0
LINE
  5
A2A
330
17
100
AcDbEntity
  8
CUT
100
AcDbLine
 10
252.03033333333303
 20
415.11323888888876
 30
0.0
 11
263.47303333333315
 21
415.11323888888876
 31
0.0
  0
LINE
  5
A2B
330
17
100
AcDbEntity
  8
CUT
100
AcDbLine
 10
259.5452055555553
 20
430.07242777777765
 30
0.0
 11
241.5147333333331
 21
430.07242777777765
 31
0.0
  0
LINE
  5
A2C
330
17
100
AcDbEntity
  8
CUT
100
AcDbLine
 10
249.029958333333
 20
415.11323888888876
 30
0.0
 11
249.029958333333
 21
421.98041111111115
 31
0.0
  0
LINE
  5
A2D
330
17
100
AcDbEntity
  8
CUT
100
AcDbLine
 10
252.03033333333303
 20
421.98041111111115
 30
0.0
 11
252.03033333333303
 21
415.11323888888876
 31
0.0
  0
LINE
  5
A2E
330
17
100
AcDbEntity
  8
ENGRAVE
100
AcDbLine
 10
241.75756487598196
 20
416.1517245952633
 30
0.0
 11
241.14508623828664
 21
416.76420323295866
 31
0.0
  0
LINE
  5
A2F
330
17
100
AcDbEntity
  8
ENGRAVE
100
AcDbLine
 10
241.14508623828664
 20
416.76420323295866
 30
0.0
 11
241.14508623828664
 21
419.2141177837399
 31
0.0
  0
LINE
  5
A30
330
17
100
AcDbEntity
  8
ENGRAVE
100
AcDbLine
 10
241.14508623828664
 20
419.2141177837399
 30
0.0
 11
241.75756487598196
 21
419.8265964214352
 31
0.0
  0
LINE
  5
A31
330
17
100
AcDbEntity
  8
ENGRAVE
100
AcDbLine
 10
241.75756487598196
 20
419.8265964214352
 30
0.0
 11
243.2275136064507
 21
419.8265964214352
 31
0.0
  0
LINE
  5
A32
330
17
100
AcDbEntity
  8
ENGRAVE
100
AcDbLine
 10
243.2275136064507
 20
419.8265964214352
 30
0.0
 11
243.839992244146
 21
419.2141177837399
 31
0.0
  0
LINE
  5
A33
330
17
100
AcDbEntity
  8
ENGRAVE
100
AcDbLine
 10
243.839992244146
 20
419.2141177837399
 30
0.0
 11
243.839992244146
 21
417.37668187065395
 31
0.0
  0
LINE
  5
A34
330
17
100
AcDbEntity
  8
ENGRAVE
100
AcDbLine
 10
243.839992244146
 20
419.2141177837399
 30
0.0
 11
244.45247088184132
 21
419.8265964214352
 31
0.0
  0
LINE
  5
A35
330
17
100
AcDbEntity
  8
ENGRAVE
100
AcDbLine
 10
244.45247088184132
 20
419.8265964214352
 30
0.0
 11
246.65739397754444
 21
419.8265964214352
 31
0.0
  0
LINE
  5
A36
330
17
100
AcDbEntity
  8
ENGRAVE
100
AcDbLine
 10
246.65739397754444
 20
419.8265964214352
 30
0.0
 11
247.26987261523976
 21
419.2141177837399
 31
0.0
  0
LINE
  5
A37
330
17
100
AcDbEntity
  8
ENGRAVE
100
AcDbLine
 10
247.26987261523976
 20
419.2141177837399
 30
0.0
 11
247.26987261523976
 21
416.76420323295866
 31
0.0
  0
LINE
  5
A38
330
17
100
AcDbEntity
  8
ENGRAVE
100
AcDbLine
 10
247.26987261523976
 20
416.76420323295866
 30
0.0
 11
246.65739397754444
 21
416.1517245952633
 31
0.0
  0
LINE
  5
A39
330
17
100
AcDbEntity
  8
ENGRAVE
100
AcDbLine
 10
241.14508623828664
 20
421.0515536968258
 30
0.0
 11
241.14508623828664
 21
424.7264255229977
 31
0.0
  0
LINE
  5
A3A
330
17
100
AcDbEntity
  8
ENGRAVE
100
AcDbLine
 10
241.14508623828664
 20
424.7264255229977
 30
0.0
 11
247.26987261523976
 21
422.27651097221644
 31
0.0
  0
LINE
  5
A3B
330
17
100
AcDbEntity
  8
CUT
100
AcDbLine
 10
277.91573333333304
 20
421.98041111111115
 30
0.0
 11
280.91610833333306
 21
421.98041111111115
 31
0.0
  0
LINE
  5
A3C
330
17
100
AcDbEntity
  8
CUT
100
AcDbLine
 10
270.40050833333316
 20
430.07242777777765
 30
0.0
 11
266.47303333333315
 21
415.11323888888876
 31
0.0
  0
LINE
  5
A3D
330
17
100
AcDbEntity
  8
CUT
100
AcDbLine
 10
266.47303333333315
 20
415.11323888888876
 30
0.0
 11
277.91573333333304
 21
415.11323888888876
 31
0.0
  0
LINE
  5
A3E
330
17
100
AcDbEntity
  8
CUT
100
AcDbLine
 10
292.3588083333332
 20
415.11323888888876
 30
0.0
 11
288.4309805555553
 21
430.07242777777765
 31
0.0
  0
LINE
  5
A3F
330
17
100
AcDbEntity
  8
CUT
100
AcDbLine
 10
280.91610833333306
 20
415.11323888888876
 30
0.0
 11
292.3588083333332
 21
415.11323888888876
 31
0.0
  0
LINE
  5
A40
330
17
100
AcDbEntity
  8
CUT
100
AcDbLine
 10
288.4309805555553
 20
430.07242777777765
 30
0.0
 11
270.40050833333316
 21
430.07242777777765
 31
0.0
  0
LINE
  5
A41
330
17
100
AcDbEntity
  8
CUT
100
AcDbLine
 10
277.91573333333304
 20
415.11323888888876
 30
0.0
 11
277.91573333333304
 21
421.98041111111115
 31
0.0
  0
LINE
  5
A42
330
17
100
AcDbEntity
  8
CUT
100
AcDbLine
 10
280.91610833333306
 20
421.98041111111115
 30
0.0
 11
280.91610833333306
 21
415.11323888888876
 31
0.0
  0
LINE
  5
A43
330
17
100
AcDbEntity
  8
ENGRAVE
100
AcDbLine
 10
270.64333987598195
 20
416.1517245952633
 30
0.0
 11
270.03086123828666
 21
416.76420323295866
 31
0.0
  0
LINE
  5
A44
330
17
100
AcDbEntity
  8
ENGRAVE
100
AcDbLine
 10
270.03086123828666
 20
416.76420323295866
 30
0.0
 11
270.03086123828666
 21
419.2141177837399
 31
0.0
  0
LINE
  5
A45
330
17
100
AcDbEntity
  8
ENGRAVE
100
AcDbLine
 10
270.03086123828666
 20
419.2141177837399
 30
0.0
 11
270.64333987598195
 21
419.8265964214352
 31
0.0
  0
LINE
  5
A46
330
17
100
AcDbEntity
  8
ENGRAVE
100
AcDbLine
 10
270.64333987598195
 20
419.8265964214352
 30
0.0
 11
272.11328860645074
 21
419.8265964214352
 31
0.0
  0
LINE
  5
A47
330
17
100
AcDbEntity
  8
ENGRAVE
100
AcDbLine
 10
272.11328860645074
 20
419.8265964214352
 30
0.0
 11
272.725767244146
 21
419.2141177837399
 31
0.0
  0
LINE
  5
A48
330
17
100
AcDbEntity
  8
ENGRAVE
100
AcDbLine
 10
272.725767244146
 20
419.2141177837399
 30
0.0
 11
272.725767244146
 21
417.37668187065395
 31
0.0
  0
LINE
  5
A49
330
17
100
AcDbEntity
  8
ENGRAVE
100
AcDbLine
 10
272.725767244146
 20
419.2141177837399
 30
0.0
 11
273.3382458818414
 21
419.8265964214352
 31
0.0
  0
LINE
  5
A4A
330
17
100
AcDbEntity
  8
ENGRAVE
100
AcDbLine
 10
273.3382458818414
 20
419.8265964214352
 30
0.0
 11
275.5431689775445
 21
419.8265964214352
 31
0.0
  0
LINE
  5
A4B
330
17
100
AcDbEntity
  8
ENGRAVE
100
AcDbLine
 10
275.5431689775445
 20
419.8265964214352
 30
0.0
 11
276.1556476152398
 21
419.2141177837399
 31
0.0
  0
LINE
  5
A4C
330
17
100
AcDbEntity
  8
ENGRAVE
100
AcDbLine
 10
276.1556476152398
 20
419.2141177837399
 30
0.0
 11
276.1556476152398
 21
416.76420323295866
 31
0.0
  0
LINE
  5
A4D
330
17
100
AcDbEntity
  8
ENGRAVE
100
AcDbLine
 10
276.1556476152398
 20
416.76420323295866
 30
0.0
 11
275.5431689775445
 21
416.1517245952633
 31
0.0
  0
LINE
  5
A4E
330
17
100
AcDbEntity
  8
ENGRAVE
100
AcDbLine
 10
270.03086123828666
 20
421.0515536968258
 30
0.0
 11
270.03086123828666
 21
424.7264255229977
 31
0.0
  0
LINE
  5
A4F
330
17
100
AcDbEntity
  8
ENGRAVE
100
AcDbLine
 10
270.03086123828666
 20
424.7264255229977
 30
0.0
 11
276.1556476152398
 21
422.27651097221644
 31
0.0
  0
LINE
  5
A50
330
17
100
AcDbEntity
  8
CUT
100
AcDbLine
 10
306.80150833333306
 20
421.98041111111115
 30
0.0
 11
309.8018833333331
 21
421.98041111111115
 31
0.0
  0
LINE
  5
A51
330
17
100
AcDbEntity
  8
CUT
100
AcDbLine
 10
299.28628333333313
 20
430.07242777777765
 30
0.0
 11
295.3588083333332
 21
415.11323888888876
 31
0.0
  0
LINE
  5
A52
330
17
100
AcDbEntity
  8
CUT
100
AcDbLine
 10
295.3588083333332
 20
415.11323888888876
 30
0.0
 11
306.80150833333306
 21
415.11323888888876
 31
0.0
  0
LINE
  5
A53
330
17
100
AcDbEntity
  8
CUT
100
AcDbLine
 10
321.2445833333332
 20
415.11323888888876
 30
0.0
 11
317.31675555555535
 21
430.07242777777765
 31
0.0
  0
LINE
  5
A54
330
17
100
AcDbEntity
  8
CUT
100
AcDbLine
 10
309.8018833333331
 20
415.11323888888876
 30
0.0
 11
321.2445833333332
 21
415.11323888888876
 31
0.0
  0
LINE
  5
A55
330
17
100
AcDbEntity
  8
CUT
100
AcDbLine
 10
317.31675555555535
 20
430.07242777777765
 30
0.0
 11
299.28628333333313
 21
430.07242777777765
 31
0.0
  0
LINE
  5
A56
330
17
100
AcDbEntity
  8
CUT
100
AcDbLine
 10
306.80150833333306
 20
415.11323888888876
 30
0.0
 11
306.80150833333306
 21
421.98041111111115
 31
0.0
  0
LINE
  5
A57
330
17
100
AcDbEntity
  8
CUT
100
AcDbLine
 10
309.8018833333331
 20
421.98041111111115
 30
0.0
 11
309.8018833333331
 21
415.11323888888876
 31
0.0
  0
LINE
  5
A58
330
17
100
AcDbEntity
  8
ENGRAVE
100
AcDbLine
 10
299.529114875982
 20
416.1517245952633
 30
0.0
 11
298.9166362382867
 21
416.76420323295866
 31
0.0
  0
LINE
  5
A59
330
17
100
AcDbEntity
  8
ENGRAVE
100
AcDbLine
 10
298.9166362382867
 20
416.76420323295866
 30
0.0
 11
298.9166362382867
 21
419.2141177837399
 31
0.0
  0
LINE
  5
A5A
330
17
100
AcDbEntity
  8
ENGRAVE
100
AcDbLine
 10
298.9166362382867
 20
419.2141177837399
 30
0.0
 11
299.529114875982
 21
419.8265964214352
 31
0.0
  0
LINE
  5
A5B
330
17
100
AcDbEntity
  8
ENGRAVE
100
AcDbLine
 10
299.529114875982
 20
419.8265964214352
 30
0.0
 11
300.99906360645076
 21
419.8265964214352
 31
0.0
  0
LINE
  5
A5C
330
17
100
AcDbEntity
  8
ENGRAVE
100
AcDbLine
 10
300.99906360645076
 20
419.8265964214352
 30
0.0
 11
301.61154224414605
 21
419.2141177837399
 31
0.0
  0
LINE
  5
A5D
330
17
100
AcDbEntity
  8
ENGRAVE
100
AcDbLine
 10
301.61154224414605
 20
419.2141177837399
 30
0.0
 11
301.61154224414605
 21
417.37668187065395
 31
0.0
  0
LINE
  5
A5E
330
17
100
AcDbEntity
  8
ENGRAVE
100
AcDbLine
 10
301.61154224414605
 20
419.2141177837399
 30
0.0
 11
302.2240208818414
 21
419.8265964214352
 31
0.0
  0
LINE
  5
A5F
330
17
100
AcDbEntity
  8
ENGRAVE
100
AcDbLine
 10
302.2240208818414
 20
419.8265964214352
 30
0.0
 11
304.4289439775445
 21
419.8265964214352
 31
0.0
  0
LINE
  5
A60
330
17
100
AcDbEntity
  8
ENGRAVE
100
AcDbLine
 10
304.4289439775445
 20
419.8265964214352
 30
0.0
 11
305.0414226152398
 21
419.2141177837399
 31
0.0
  0
LINE
  5
A61
330
17
100
AcDbEntity
  8
ENGRAVE
100
AcDbLine
 10
305.0414226152398
 20
419.2141177837399
 30
0.0
 11
305.0414226152398
 21
416.76420323295866
 31
0.0
  0
LINE
  5
A62
330
17
100
AcDbEntity
  8
ENGRAVE
100
AcDbLine
 10
305.0414226152398
 20
416.76420323295866
 30
0.0
 11
304.4289439775445
 21
416.1517245952633
 31
0.0
  0
LINE
  5
A63
330
17
100
AcDbEntity
  8
ENGRAVE
100
AcDbLine
 10
298.9166362382867
 20
421.0515536968258
 30
0.0
 11
298.9166362382867
 21
424.7264255229977
 31
0.0
  0
LINE
  5
A64
330
17
100
AcDbEntity
  8
ENGRAVE
100
AcDbLine
 10
298.9166362382867
 20
424.7264255229977
 30
0.0
 11
305.0414226152398
 21
422.27651097221644
 31
0.0
  0
LINE
  5
A65
330
17
100
AcDbEntity
  8
CUT
100
AcDbLine
 10
335.6872833333331
 20
421.98041111111115
 30
0.0
 11
338.6876583333331
 21
421.98041111111115
 31
0.0
  0
LINE
  5
A66
330
17
100
AcDbEntity
  8
CUT
100
AcDbLine
 10
328.1720583333332
 20
430.07242777777765
 30
0.0
 11
324.2445833333332
 21
415.11323888888876
 31
0.0
  0
LINE
  5
A67
330
17
100
AcDbEntity
  8
CUT
100
AcDbLine
 10
324.2445833333332
 20
415.11323888888876
 30
0.0
 11
335.6872833333331
 21
415.11323888888876
 31
0.0
  0
LINE
  5
A68
330
17
100
AcDbEntity
  8
CUT
100
AcDbLine
 10
350.1303583333332
 20
415.11323888888876
 30
0.0
 11
346.20253055555537
 21
430.07242777777765
 31
0.0
  0
LINE
  5
A69
330
17
100
AcDbEntity
  8
CUT
100
AcDbLine
 10
338.6876583333331
 20
415.11323888888876
 30
0.0
 11
350.1303583333332
 21
415.11323888888876
 31
0.0
  0
LINE
  5
A6A
330
17
100
AcDbEntity
  8
CUT
100
AcDbLine
 10
346.20253055555537
 20
430.07242777777765
 30
0.0
 11
328.1720583333332
 21
430.07242777777765
 31
0.0
  0
LINE
  5
A6B
330
17
100
AcDbEntity
  8
CUT
100
AcDbLine
 10
335.6872833333331
 20
415.11323888888876
 30
0.0
 11
335.6872833333331
 21
421.98041111111115
 31
0.0
  0
LINE
  5
A6C
330
17
100
AcDbEntity
  8
CUT
100
AcDbLine
 10
338.6876583333331
 20
421.98041111111115
 30
0.0
 11
338.6876583333331
 21
415.11323888888876
 31
0.0
  0
LINE
  5
A6D
330
17
100
AcDbEntity
  8
ENGRAVE
100
AcDbLine
 10
328.414889875982
 20
416.1517245952633
 30
0.0
 11
327.8024112382867
 21
416.76420323295866
 31
0.0
  0
LINE
  5
A6E
330
17
100
AcDbEntity
  8
ENGRAVE
100
AcDbLine
 10
327.8024112382867
 20
416.76420323295866
 30
0.0
 11
327.8024112382867
 21
419.2141177837399
 31
0.0
  0
LINE
  5
A6F
330
17
100
AcDbEntity
  8
ENGRAVE
100
AcDbLine
 10
327.8024112382867
 20
419.2141177837399
 30
0.0
 11
328.414889875982
 21
419.8265964214352
 31
0.0
  0
LINE
  5
A70
330
17
100
AcDbEntity
  8
ENGRAVE
100
AcDbLine
 10
328.414889875982
 20
419.8265964214352
 30
0.0
 11
329.8848386064508
 21
419.8265964214352
 31
0.0
  0
LINE
  5
A71
330
17
100
AcDbEntity
  8
ENGRAVE
100
AcDbLine
 10
329.8848386064508
 20
419.8265964214352
 30
0.0
 11
330.4973172441461
 21
419.2141177837399
 31
0.0
  0
LINE
  5
A72
330
17
100
AcDbEntity
  8
ENGRAVE
100
AcDbLine
 10
330.4973172441461
 20
419.2141177837399
 30
0.0
 11
330.4973172441461
 21
417.37668187065395
 31
0.0
  0
LINE
  5
A73
330
17
100
AcDbEntity
  8
ENGRAVE
100
AcDbLine
 10
330.4973172441461
 20
419.2141177837399
 30
0.0
 11
331.1097958818414
 21
419.8265964214352
 31
0.0
  0
LINE
  5
A74
330
17
100
AcDbEntity
  8
ENGRAVE
100
AcDbLine
 10
331.1097958818414
 20
419.8265964214352
 30
0.0
 11
333.31471897754454
 21
419.8265964214352
 31
0.0
  0
LINE
  5
A75
330
17
100
AcDbEntity
  8
ENGRAVE
100
AcDbLine
 10
333.31471897754454
 20
419.8265964214352
 30
0.0
 11
333.92719761523983
 21
419.2141177837399
 31
0.0
  0
LINE
  5
A76
330
17
100
AcDbEntity
  8
ENGRAVE
100
AcDbLine
 10
333.92719761523983
 20
419.2141177837399
 30
0.0
 11
333.92719761523983
 21
416.76420323295866
 31
0.0
  0
LINE
  5
A77
330
17
100
AcDbEntity
  8
ENGRAVE
100
AcDbLine
 10
333.92719761523983
 20
416.76420323295866
 30
0.0
 11
333.31471897754454
 21
416.1517245952633
 31
0.0
  0
LINE
  5
A78
330
17
100
AcDbEntity
  8
ENGRAVE
100
AcDbLine
 10
327.8024112382867
 20
421.0515536968258
 30
0.0
 11
327.8024112382867
 21
424.7264255229977
 31
0.0
  0
LINE
  5
A79
330
17
100
AcDbEntity
  8
ENGRAVE
100
AcDbLine
 10
327.8024112382867
 20
424.7264255229977
 30
0.0
 11
333.92719761523983
 21
422.27651097221644
 31
0.0
  0
LINE
  5
A7A
330
17
100
AcDbEntity
  8
CUT
100
AcDbLine
 10
364.5730583333331
 20
421.98041111111115
 30
0.0
 11
367.5734333333331
 21
421.98041111111115
 31
0.0
  0
LINE
  5
A7B
330
17
100
AcDbEntity
  8
CUT
100
AcDbLine
 10
357.0578333333332
 20
430.07242777777765
 30
0.0
 11
353.1303583333332
 21
415.11323888888876
 31
0.0
  0
LINE
  5
A7C
330
17
100
AcDbEntity
  8
CUT
100
AcDbLine
 10
353.1303583333332
 20
415.11323888888876
 30
0.0
 11
364.5730583333331
 21
415.11323888888876
 31
0.0
  0
LINE
  5
A7D
330
17
100
AcDbEntity
  8
CUT
100
AcDbLine
 10
379.01613333333324
 20
415.11323888888876
 30
0.0
 11
375.0883055555554
 21
430.07242777777765
 31
0.0
  0
LINE
  5
A7E
330
17
100
AcDbEntity
  8
CUT
100
AcDbLine
 10
367.5734333333331
 20
415.11323888888876
 30
0.0
 11
379.01613333333324
 21
415.11323888888876
 31
0.0
  0
LINE
  5
A7F
330
17
100
AcDbEntity
  8
CUT
100
AcDbLine
 10
375.0883055555554
 20
430.07242777777765
 30
0.0
 11
357.0578333333332
 21
430.07242777777765
 31
0.0
  0
LINE
  5
A80
330
17
100
AcDbEntity
  8
CUT
100
AcDbLine
 10
364.5730583333331
 20
415.11323888888876
 30
0.0
 11
364.5730583333331
 21
421.98041111111115
 31
0.0
  0
LINE
  5
A81
330
17
100
AcDbEntity
  8
CUT
100
AcDbLine
 10
367.5734333333331
 20
421.98041111111115
 30
0.0
 11
367.5734333333331
 21
415.11323888888876
 31
0.0
  0
LINE
  5
A82
330
17
100
AcDbEntity
  8
ENGRAVE
100
AcDbLine
 10
357.300664875982
 20
416.1517245952633
 30
0.0
 11
356.68818623828673
 21
416.76420323295866
 31
0.0
  0
LINE
  5
A83
330
17
100
AcDbEntity
  8
ENGRAVE
100
AcDbLine
 10
356.68818623828673
 20
416.76420323295866
 30
0.0
 11
356.68818623828673
 21
419.2141177837399
 31
0.0
  0
LINE
  5
A84
330
17
100
AcDbEntity
  8
ENGRAVE
100
AcDbLine
 10
356.68818623828673
 20
419.2141177837399
 30
0.0
 11
357.300664875982
 21
419.8265964214352
 31
0.0
  0
LINE
  5
A85
330
17
100
AcDbEntity
  8
ENGRAVE
100
AcDbLine
 10
357.300664875982
 20
419.8265964214352
 30
0.0
 11
358.7706136064508
 21
419.8265964214352
 31
0.0
  0
LINE
  5
A86
330
17
100
AcDbEntity
  8
ENGRAVE
100
AcDbLine
 10
358.7706136064508
 20
419.8265964214352
 30
0.0
 11
359.3830922441461
 21
419.2141177837399
 31
0.0
  0
LINE
  5
A87
330
17
100
AcDbEntity
  8
ENGRAVE
100
AcDbLine
 10
359.3830922441461
 20
419.2141177837399
 30
0.0
 11
359.3830922441461
 21
417.37668187065395
 31
0.0
  0
LINE
  5
A88
330
17
100
AcDbEntity
  8
ENGRAVE
100
AcDbLine
 10
359.3830922441461
 20
419.2141177837399
 30
0.0
 11
359.99557088184145
 21
419.8265964214352
 31
0.0
  0
LINE
  5
A89
330
17
100
AcDbEntity
  8
ENGRAVE
100
AcDbLine
 10
359.99557088184145
 20
419.8265964214352
 30
0.0
 11
362.20049397754457
 21
419.8265964214352
 31
0.0
  0
LINE
  5
A8A
330
17
100
AcDbEntity
  8
ENGRAVE
100
AcDbLine
 10
362.20049397754457
 20
419.8265964214352
 30
0.0
 11
362.81297261523986
 21
419.2141177837399
 31
0.0
  0
LINE
  5
A8B
330
17
100
AcDbEntity
  8
ENGRAVE
100
AcDbLine
 10
362.81297261523986
 20
419.2141177837399
 30
0.0
 11
362.81297261523986
 21
416.76420323295866
 31
0.0
  0
LINE
  5
A8C
330
17
100
AcDbEntity
  8
ENGRAVE
100
AcDbLine
 10
362.81297261523986
 20
416.76420323295866
 30
0.0
 11
362.20049397754457
 21
416.1517245952633
 31
0.0
  0
LINE
  5
A8D
330
17
100
AcDbEntity
  8
ENGRAVE
100
AcDbLine
 10
356.68818623828673
 20
421.0515536968258
 30
0.0
 11
356.68818623828673
 21
424.7264255229977
 31
0.0
  0
LINE
  5
A8E
330
17
100
AcDbEntity
  8
ENGRAVE
100
AcDbLine
 10
356.68818623828673
 20
424.7264255229977
 30
0.0
 11
362.81297261523986
 21
422.27651097221644
 31
0.0
  0
LINE
  5
A8F
330
17
100
AcDbEntity
  8
CUT
100
AcDbLine
 10
385.016861111111
 20
421.1143416666666
 30
0.0
 11
385.016861111111
 21
418.11396666666656
 31
0.0
  0
LINE
  5
A90
330
17
100
AcDbEntity
  8
CUT
100
AcDbLine
 10
382.75026388888864
 20
434.65465833333315
 30
0.0
 11
382.75026388888864
 21
421.1143416666666
 31
0.0
  0
LINE
  5
A91
330
17
100
AcDbEntity
  8
CUT
100
AcDbLine
 10
382.01613333333324
 20
418.11396666666656
 30
0.0
 11
382.01613333333324
 21
415.11323888888876
 31
0.0
  0
LINE
  5
A92
330
17
100
AcDbEntity
  8
CUT
100
AcDbLine
 10
405.96656944444425
 20
415.11323888888876
 30
0.0
 11
405.96656944444425
 21
418.11396666666656
 31
0.0
  0
LINE
  5
A93
330
17
100
AcDbEntity
  8
CUT
100
AcDbLine
 10
405.2324388888886
 20
421.1143416666666
 30
0.0
 11
405.2324388888886
 21
434.65465833333315
 31
0.0
  0
LINE
  5
A94
330
17
100
AcDbEntity
  8
CUT
100
AcDbLine
 10
402.9658416666666
 20
418.11396666666656
 30
0.0
 11
402.9658416666666
 21
421.1143416666666
 31
0.0
  0
LINE
  5
A95
330
17
100
AcDbEntity
  8
CUT
100
AcDbLine
 10
385.016861111111
 20
418.11396666666656
 30
0.0
 11
382.01613333333324
 21
418.11396666666656
 31
0.0
  0
LINE
  5
A96
330
17
100
AcDbEntity
  8
CUT
100
AcDbLine
 10
405.96656944444425
 20
418.11396666666656
 30
0.0
 11
402.9658416666666
 21
418.11396666666656
 31
0.0
  0
LINE
  5
A97
330
17
100
AcDbEntity
  8
CUT
100
AcDbLine
 10
405.2324388888886
 20
434.65465833333315
 30
0.0
 11
382.75026388888864
 21
434.65465833333315
 31
0.0
  0
LINE
  5
A98
330
17
100
AcDbEntity
  8
CUT
100
AcDbLine
 10
402.9658416666666
 20
421.1143416666666
 30
0.0
 11
405.2324388888886
 21
421.1143416666666
 31
0.0
  0
LINE
  5
A99
330
17
100
AcDbEntity
  8
CUT
100
AcDbLine
 10
382.75026388888864
 20
421.1143416666666
 30
0.0
 11
385.016861111111
 21
421.1143416666666
 31
0.0
  0
LINE
  5
A9A
330
17
100
AcDbEntity
  8
CUT
100
AcDbLine
 10
382.01613333333324
 20
415.11323888888876
 30
0.0
 11
405.96656944444425
 21
415.11323888888876
 31
0.0
  0
LINE
  5
A9B
330
17
100
AcDbEntity
  8
ENGRAVE
100
AcDbLine
 10
389.0911930849756
 20
427.6932090202518
 30
0.0
 11
389.79118240382326
 21
428.39319833909946
 31
0.0
  0
LINE
  5
A9C
330
17
100
AcDbEntity
  8
ENGRAVE
100
AcDbLine
 10
389.79118240382326
 20
428.39319833909946
 30
0.0
 11
392.5911396792139
 21
428.39319833909946
 31
0.0
  0
LINE
  5
A9D
330
17
100
AcDbEntity
  8
ENGRAVE
100
AcDbLine
 10
392.5911396792139
 20
428.39319833909946
 30
0.0
 11
393.29112899806154
 21
427.6932090202518
 31
0.0
  0
LINE
  5
A9E
330
17
100
AcDbEntity
  8
ENGRAVE
100
AcDbLine
 10
393.29112899806154
 20
427.6932090202518
 30
0.0
 11
393.29112899806154
 21
426.0132346550174
 31
0.0
  0
LINE
  5
A9F
330
17
100
AcDbEntity
  8
ENGRAVE
100
AcDbLine
 10
393.29112899806154
 20
426.0132346550174
 30
0.0
 11
392.5911396792139
 21
425.31324533616976
 31
0.0
  0
LINE
  5
AA0
330
17
100
AcDbEntity
  8
ENGRAVE
100
AcDbLine
 10
392.5911396792139
 20
425.31324533616976
 30
0.0
 11
390.4911717226709
 21
425.31324533616976
 31
0.0
  0
LINE
  5
AA1
330
17
100
AcDbEntity
  8
ENGRAVE
100
AcDbLine
 10
392.5911396792139
 20
425.31324533616976
 30
0.0
 11
393.29112899806154
 21
424.6132560173221
 31
0.0
  0
LINE
  5
AA2
330
17
100
AcDbEntity
  8
ENGRAVE
100
AcDbLine
 10
393.29112899806154
 20
424.6132560173221
 30
0.0
 11
393.29112899806154
 21
422.09329446947055
 31
0.0
  0
LINE
  5
AA3
330
17
100
AcDbEntity
  8
ENGRAVE
100
AcDbLine
 10
393.29112899806154
 20
422.09329446947055
 30
0.0
 11
392.5911396792139
 21
421.3933051506229
 31
0.0
  0
LINE
  5
AA4
330
17
100
AcDbEntity
  8
ENGRAVE
100
AcDbLine
 10
392.5911396792139
 20
421.3933051506229
 30
0.0
 11
389.79118240382326
 21
421.3933051506229
 31
0.0
  0
LINE
  5
AA5
330
17
100
AcDbEntity
  8
ENGRAVE
100
AcDbLine
 10
389.79118240382326
 20
421.3933051506229
 30
0.0
 11
389.0911930849756
 21
422.09329446947055
 31
0.0
  0
LINE
  5
AA6
330
17
100
AcDbEntity
  8
ENGRAVE
100
AcDbLine
 10
398.19105422999513
 20
428.39319833909946
 30
0.0
 11
396.09108627345216
 21
428.39319833909946
 31
0.0
  0
LINE
  5
AA7
330
17
100
AcDbEntity
  8
ENGRAVE
100
AcDbLine
 10
396.09108627345216
 20
428.39319833909946
 30
0.0
 11
394.69110763575685
 21
426.2932303825565
 31
0.0
  0
LINE
  5
AA8
330
17
100
AcDbEntity
  8
ENGRAVE
100
AcDbLine
 10
394.69110763575685
 20
426.2932303825565
 30
0.0
 11
394.69110763575685
 21
422.7932837883182
 31
0.0
  0
LINE
  5
AA9
330
17
100
AcDbEntity
  8
ENGRAVE
100
AcDbLine
 10
394.69110763575685
 20
422.7932837883182
 30
0.0
 11
395.3910969546045
 21
421.3933051506229
 31
0.0
  0
LINE
  5
AAA
330
17
100
AcDbEntity
  8
ENGRAVE
100
AcDbLine
 10
395.3910969546045
 20
421.3933051506229
 30
0.0
 11
398.19105422999513
 21
421.3933051506229
 31
0.0
  0
LINE
  5
AAB
330
17
100
AcDbEntity
  8
ENGRAVE
100
AcDbLine
 10
398.19105422999513
 20
421.3933051506229
 30
0.0
 11
398.8910435488428
 21
422.7932837883182
 31
0.0
  0
LINE
  5
AAC
330
17
100
AcDbEntity
  8
ENGRAVE
100
AcDbLine
 10
398.8910435488428
 20
422.7932837883182
 30
0.0
 11
398.8910435488428
 21
423.8432677665897
 31
0.0
  0
LINE
  5
AAD
330
17
100
AcDbEntity
  8
ENGRAVE
100
AcDbLine
 10
398.8910435488428
 20
423.8432677665897
 30
0.0
 11
398.19105422999513
 21
424.8932517448612
 31
0.0
  0
LINE
  5
AAE
330
17
100
AcDbEntity
  8
ENGRAVE
100
AcDbLine
 10
398.19105422999513
 20
424.8932517448612
 30
0.0
 11
395.3910969546045
 21
424.8932517448612
 31
0.0
  0
LINE
  5
AAF
330
17
100
AcDbEntity
  8
ENGRAVE
100
AcDbLine
 10
395.3910969546045
 20
424.8932517448612
 30
0.0
 11
394.69110763575685
 21
423.8432677665897
 31
0.0
  0
LINE
  5
AB0
330
17
100
AcDbEntity
  8
CUT
100
AcDbLine
 10
411.967297222222
 20
421.1143416666666
 30
0.0
 11
411.967297222222
 21
418.11396666666656
 31
0.0
  0
LINE
  5
AB1
330
17
100
AcDbEntity
  8
CUT
100
AcDbLine
 10
409.70069999999964
 20
434.65465833333315
 30
0.0
 11
409.70069999999964
 21
421.1143416666666
 31
0.0
  0
LINE
  5
AB2
330
17
100
AcDbEntity
  8
CUT
100
AcDbLine
 10
408.96656944444425
 20
418.11396666666656
 30
0.0
 11
408.96656944444425
 21
415.11323888888876
 31
0.0
  0
LINE
  5
AB3
330
17
100
AcDbEntity
  8
CUT
100
AcDbLine
 10
432.91700555555525
 20
415.11323888888876
 30
0.0
 11
432.91700555555525
 21
418.11396666666656
 31
0.0
  0
LINE
  5
AB4
330
17
100
AcDbEntity
  8
CUT
100
AcDbLine
 10
432.1828749999996
 20
421.1143416666666
 30
0.0
 11
432.1828749999996
 21
434.65465833333315
 31
0.0
  0
LINE
  5
AB5
330
17
100
AcDbEntity
  8
CUT
100
AcDbLine
 10
429.9162777777776
 20
418.11396666666656
 30
0.0
 11
429.9162777777776
 21
421.1143416666666
 31
0.0
  0
LINE
  5
AB6
330
17
100
AcDbEntity
  8
CUT
100
AcDbLine
 10
411.967297222222
 20
418.11396666666656
 30
0.0
 11
408.96656944444425
 21
418.11396666666656
 31
0.0
  0
LINE
  5
AB7
330
17
100
AcDbEntity
  8
CUT
100
AcDbLine
 10
432.91700555555525
 20
418.11396666666656
 30
0.0
 11
429.9162777777776
 21
418.11396666666656
 31
0.0
  0
LINE
  5
AB8
330
17
100
AcDbEntity
  8
CUT
100
AcDbLine
 10
432.1828749999996
 20
434.65465833333315
 30
0.0
 11
409.70069999999964
 21
434.65465833333315
 31
0.0
  0
LINE
  5
AB9
330
17
100
AcDbEntity
  8
CUT
100
AcDbLine
 10
429.9162777777776
 20
421.1143416666666
 30
0.0
 11
432.1828749999996
 21
421.1143416666666
 31
0.0
  0
LINE
  5
ABA
330
17
100
AcDbEntity
  8
CUT
100
AcDbLine
 10
409.70069999999964
 20
421.1143416666666
 30
0.0
 11
411.967297222222
 21
421.1143416666666
 31
0.0
  0
LINE
  5
ABB
330
17
100
AcDbEntity
  8
CUT
100
AcDbLine
 10
408.96656944444425
 20
415.11323888888876
 30
0.0
 11
432.91700555555525
 21
415.11323888888876
 31
0.0
  0
LINE
  5
ABC
330
17
100
AcDbEntity
  8
ENGRAVE
100
AcDbLine
 10
416.0416291960866
 20
427.6932090202518
 30
0.0
 11
416.74161851493426
 21
428.39319833909946
 31
0.0
  0
LINE
  5
ABD
330
17
100
AcDbEntity
  8
ENGRAVE
100
AcDbLine
 10
416.74161851493426
 20
428.39319833909946
 30
0.0
 11
419.5415757903249
 21
428.39319833909946
 31
0.0
  0
LINE
  5
ABE
330
17
100
AcDbEntity
  8
ENGRAVE
100
AcDbLine
 10
419.5415757903249
 20
428.39319833909946
 30
0.0
 11
420.24156510917254
 21
427.6932090202518
 31
0.0
  0
LINE
  5
ABF
330
17
100
AcDbEntity
  8
ENGRAVE
100
AcDbLine
 10
420.24156510917254
 20
427.6932090202518
 30
0.0
 11
420.24156510917254
 21
426.0132346550174
 31
0.0
  0
LINE
  5
AC0
330
17
100
AcDbEntity
  8
ENGRAVE
100
AcDbLine
 10
420.24156510917254
 20
426.0132346550174
 30
0.0
 11
419.5415757903249
 21
425.31324533616976
 31
0.0
  0
LINE
  5
AC1
330
17
100
AcDbEntity
  8
ENGRAVE
100
AcDbLine
 10
419.5415757903249
 20
425.31324533616976
 30
0.0
 11
417.4416078337819
 21
425.31324533616976
 31
0.0
  0
LINE
  5
AC2
330
17
100
AcDbEntity
  8
ENGRAVE
100
AcDbLine
 10
419.5415757903249
 20
425.31324533616976
 30
0.0
 11
420.24156510917254
 21
424.6132560173221
 31
0.0
  0
LINE
  5
AC3
330
17
100
AcDbEntity
  8
ENGRAVE
100
AcDbLine
 10
420.24156510917254
 20
424.6132560173221
 30
0.0
 11
420.24156510917254
 21
422.09329446947055
 31
0.0
  0
LINE
  5
AC4
330
17
100
AcDbEntity
  8
ENGRAVE
100
AcDbLine
 10
420.24156510917254
 20
422.09329446947055
 30
0.0
 11
419.5415757903249
 21
421.3933051506229
 31
0.0
  0
LINE
  5
AC5
330
17
100
AcDbEntity
  8
ENGRAVE
100
AcDbLine
 10
419.5415757903249
 20
421.3933051506229
 30
0.0
 11
416.74161851493426
 21
421.3933051506229
 31
0.0
  0
LINE
  5
AC6
330
17
100
AcDbEntity
  8
ENGRAVE
100
AcDbLine
 10
416.74161851493426
 20
421.3933051506229
 30
0.0
 11
416.0416291960866
 21
422.09329446947055
 31
0.0
  0
LINE
  5
AC7
330
17
100
AcDbEntity
  8
ENGRAVE
100
AcDbLine
 10
425.14149034110613
 20
428.39319833909946
 30
0.0
 11
423.04152238456317
 21
428.39319833909946
 31
0.0
  0
LINE
  5
AC8
330
17
100
AcDbEntity
  8
ENGRAVE
100
AcDbLine
 10
423.04152238456317
 20
428.39319833909946
 30
0.0
 11
421.64154374686785
 21
426.2932303825565
 31
0.0
  0
LINE
  5
AC9
330
17
100
AcDbEntity
  8
ENGRAVE
100
AcDbLine
 10
421.64154374686785
 20
426.2932303825565
 30
0.0
 11
421.64154374686785
 21
422.7932837883182
 31
0.0
  0
LINE
  5
ACA
330
17
100
AcDbEntity
  8
ENGRAVE
100
AcDbLine
 10
421.64154374686785
 20
422.7932837883182
 30
0.0
 11
422.3415330657155
 21
421.3933051506229
 31
0.0
  0
LINE
  5
ACB
330
17
100
AcDbEntity
  8
ENGRAVE
100
AcDbLine
 10
422.3415330657155
 20
421.3933051506229
 30
0.0
 11
425.14149034110613
 21
421.3933051506229
 31
0.0
  0
LINE
  5
ACC
330
17
100
AcDbEntity
  8
ENGRAVE
100
AcDbLine
 10
425.14149034110613
 20
421.3933051506229
 30
0.0
 11
425.8414796599538
 21
422.7932837883182
 31
0.0
  0
LINE
  5
ACD
330
17
100
AcDbEntity
  8
ENGRAVE
100
AcDbLine
 10
425.8414796599538
 20
422.7932837883182
 30
0.0
 11
425.8414796599538
 21
423.8432677665897
 31
0.0
  0
LINE
  5
ACE
330
17
100
AcDbEntity
  8
ENGRAVE
100
AcDbLine
 10
425.8414796599538
 20
423.8432677665897
 30
0.0
 11
425.14149034110613
 21
424.8932517448612
 31
0.0
  0
LINE
  5
ACF
330
17
100
AcDbEntity
  8
ENGRAVE
100
AcDbLine
 10
425.14149034110613
 20
424.8932517448612
 30
0.0
 11
422.3415330657155
 21
424.8932517448612
 31
0.0
  0
LINE
  5
AD0
330
17
100
AcDbEntity
  8
ENGRAVE
100
AcDbLine
 10
422.3415330657155
 20
424.8932517448612
 30
0.0
 11
421.64154374686785
 21
423.8432677665897
 31
0.0
  0
LINE
  5
AD1
330
17
100
AcDbEntity
  8
CUT
100
AcDbLine
 10
481.9256666666664
 20
423.0966000000004
 30
0.0
 11
481.9256666666664
 21
432.3848861111115
 31
0.0
  0
LINE
  5
AD2
330
17
100
AcDbEntity
  8
CUT
100
AcDbLine
 10
486.887133333333
 20
432.3848861111115
 30
0.0
 11
486.887133333333
 21
423.0966000000004
 31
0.0
  0
LINE
  5
AD3
330
17
100
AcDbEntity
  8
CUT
100
AcDbLine
 10
486.887133333333
 20
423.0966000000004
 30
0.0
 11
481.9256666666664
 21
423.0966000000004
 31
0.0
  0
LINE
  5
AD4
330
17
100
AcDbEntity
  8
CUT
100
AcDbLine
 10
481.9256666666664
 20
432.3848861111115
 30
0.0
 11
486.887133333333
 21
432.3848861111115
 31
0.0
  0
LINE
  5
AD5
330
17
100
AcDbEntity
  8
CUT
100
AcDbLine
 10
500.8102138888886
 20
432.3848861111115
 30
0.0
 11
500.8102138888886
 21
423.0966000000004
 31
0.0
  0
LINE
  5
AD6
330
17
100
AcDbEntity
  8
CUT
100
AcDbLine
 10
495.8490999999997
 20
423.0966000000004
 30
0.0
 11
495.8490999999997
 21
432.3848861111115
 31
0.0
  0
LINE
  5
AD7
330
17
100
AcDbEntity
  8
CUT
100
AcDbLine
 10
500.8102138888886
 20
423.0966000000004
 30
0.0
 11
495.8490999999997
 21
423.0966000000004
 31
0.0
  0
LINE
  5
AD8
330
17
100
AcDbEntity
  8
CUT
100
AcDbLine
 10
495.8490999999997
 20
432.3848861111115
 30
0.0
 11
500.8102138888886
 21
432.3848861111115
 31
0.0
  0
LINE
  5
AD9
330
17
100
AcDbEntity
  8
CUT
100
AcDbLine
 10
488.887383333333
 20
423.0966000000004
 30
0.0
 11
488.887383333333
 21
432.3848861111115
 31
0.0
  0
LINE
  5
ADA
330
17
100
AcDbEntity
  8
CUT
100
AcDbLine
 10
493.8488499999997
 20
432.3848861111115
 30
0.0
 11
493.8488499999997
 21
423.0966000000004
 31
0.0
  0
LINE
  5
ADB
330
17
100
AcDbEntity
  8
CUT
100
AcDbLine
 10
493.8488499999997
 20
423.0966000000004
 30
0.0
 11
488.887383333333
 21
423.0966000000004
 31
0.0
  0
LINE
  5
ADC
330
17
100
AcDbEntity
  8
CUT
100
AcDbLine
 10
488.887383333333
 20
432.3848861111115
 30
0.0
 11
493.8488499999997
 21
432.3848861111115
 31
0.0
  0
LINE
  5
ADD
330
17
100
AcDbEntity
  8
CUT
100
AcDbLine
 10
479.9250638888886
 20
434.3854888888893
 30
0.0
 11
479.9250638888886
 21
421.09635000000037
 31
0.0
  0
LINE
  5
ADE
330
17
100
AcDbEntity
  8
CUT
100
AcDbLine
 10
502.81081666666637
 20
421.09635000000037
 30
0.0
 11
502.81081666666637
 21
434.3854888888893
 31
0.0
  0
LINE
  5
ADF
330
17
100
AcDbEntity
  8
CUT
100
AcDbLine
 10
502.81081666666637
 20
434.3854888888893
 30
0.0
 11
479.9250638888886
 21
434.3854888888893
 31
0.0
  0
LINE
  5
AE0
330
17
100
AcDbEntity
  8
CUT
100
AcDbLine
 10
479.9250638888886
 20
421.09635000000037
 30
0.0
 11
502.81081666666637
 21
421.09635000000037
 31
0.0
  0
LINE
  5
AE1
330
17
100
AcDbEntity
  8
CUT
100
AcDbLine
 10
507.81141944444414
 20
423.0966000000004
 30
0.0
 11
507.81141944444414
 21
432.3848861111115
 31
0.0
  0
LINE
  5
AE2
330
17
100
AcDbEntity
  8
CUT
100
AcDbLine
 10
512.7728861111108
 20
432.3848861111115
 30
0.0
 11
512.7728861111108
 21
423.0966000000004
 31
0.0
  0
LINE
  5
AE3
330
17
100
AcDbEntity
  8
CUT
100
AcDbLine
 10
512.7728861111108
 20
423.0966000000004
 30
0.0
 11
507.81141944444414
 21
423.0966000000004
 31
0.0
  0
LINE
  5
AE4
330
17
100
AcDbEntity
  8
CUT
100
AcDbLine
 10
507.81141944444414
 20
432.3848861111115
 30
0.0
 11
512.7728861111108
 21
432.3848861111115
 31
0.0
  0
LINE
  5
AE5
330
17
100
AcDbEntity
  8
CUT
100
AcDbLine
 10
526.6959666666664
 20
432.3848861111115
 30
0.0
 11
526.6959666666664
 21
423.0966000000004
 31
0.0
  0
LINE
  5
AE6
330
17
100
AcDbEntity
  8
CUT
100
AcDbLine
 10
521.7348527777775
 20
423.0966000000004
 30
0.0
 11
521.7348527777775
 21
432.3848861111115
 31
0.0
  0
LINE
  5
AE7
330
17
100
AcDbEntity
  8
CUT
100
AcDbLine
 10
526.6959666666664
 20
423.0966000000004
 30
0.0
 11
521.7348527777775
 21
423.0966000000004
 31
0.0
  0
LINE
  5
AE8
330
17
100
AcDbEntity
  8
CUT
100
AcDbLine
 10
521.7348527777775
 20
432.3848861111115
 30
0.0
 11
526.6959666666664
 21
432.3848861111115
 31
0.0
  0
LINE
  5
AE9
330
17
100
AcDbEntity
  8
CUT
100
AcDbLine
 10
514.7731361111107
 20
423.0966000000004
 30
0.0
 11
514.7731361111107
 21
432.3848861111115
 31
0.0
  0
LINE
  5
AEA
330
17
100
AcDbEntity
  8
CUT
100
AcDbLine
 10
519.7346027777775
 20
432.3848861111115
 30
0.0
 11
519.7346027777775
 21
423.0966000000004
 31
0.0
  0
LINE
  5
AEB
330
17
100
AcDbEntity
  8
CUT
100
AcDbLine
 10
519.7346027777775
 20
423.0966000000004
 30
0.0
 11
514.7731361111107
 21
423.0966000000004
 31
0.0
  0
LINE
  5
AEC
330
17
100
AcDbEntity
  8
CUT
100
AcDbLine
 10
514.7731361111107
 20
432.3848861111115
 30
0.0
 11
519.7346027777775
 21
432.3848861111115
 31
0.0
  0
LINE
  5
AED
330
17
100
AcDbEntity
  8
CUT
100
AcDbLine
 10
505.81081666666637
 20
434.3854888888893
 30
0.0
 11
505.81081666666637
 21
421.09635000000037
 31
0.0
  0
LINE
  5
AEE
330
17
100
AcDbEntity
  8
CUT
100
AcDbLine
 10
528.6965694444442
 20
421.09635000000037
 30
0.0
 11
528.6965694444442
 21
434.3854888888893
 31
0.0
  0
LINE
  5
AEF
330
17
100
AcDbEntity
  8
CUT
100
AcDbLine
 10
528.6965694444442
 20
434.3854888888893
 30
0.0
 11
505.81081666666637
 21
434.3854888888893
 31
0.0
  0
LINE
  5
AF0
330
17
100
AcDbEntity
  8
CUT
100
AcDbLine
 10
505.81081666666637
 20
421.09635000000037
 30
0.0
 11
528.6965694444442
 21
421.09635000000037
 31
0.0
  0
LINE
  5
AF1
330
17
100
AcDbEntity
  8
CUT
100
AcDbLine
 10
533.697172222222
 20
423.0966000000004
 30
0.0
 11
533.697172222222
 21
432.3848861111115
 31
0.0
  0
LINE
  5
AF2
330
17
100
AcDbEntity
  8
CUT
100
AcDbLine
 10
538.6586388888886
 20
432.3848861111115
 30
0.0
 11
538.6586388888886
 21
423.0966000000004
 31
0.0
  0
LINE
  5
AF3
330
17
100
AcDbEntity
  8
CUT
100
AcDbLine
 10
538.6586388888886
 20
423.0966000000004
 30
0.0
 11
533.697172222222
 21
423.0966000000004
 31
0.0
  0
LINE
  5
AF4
330
17
100
AcDbEntity
  8
CUT
100
AcDbLine
 10
533.697172222222
 20
432.3848861111115
 30
0.0
 11
538.6586388888886
 21
432.3848861111115
 31
0.0
  0
LINE
  5
AF5
330
17
100
AcDbEntity
  8
CUT
100
AcDbLine
 10
552.5817194444442
 20
432.3848861111115
 30
0.0
 11
552.5817194444442
 21
423.0966000000004
 31
0.0
  0
LINE
  5
AF6
330
17
100
AcDbEntity
  8
CUT
100
AcDbLine
 10
547.6206055555554
 20
423.0966000000004
 30
0.0
 11
547.6206055555554
 21
432.3848861111115
 31
0.0
  0
LINE
  5
AF7
330
17
100
AcDbEntity
  8
CUT
100
AcDbLine
 10
552.5817194444442
 20
423.0966000000004
 30
0.0
 11
547.6206055555554
 21
423.0966000000004
 31
0.0
  0
LINE
  5
AF8
330
17
100
AcDbEntity
  8
CUT
100
AcDbLine
 10
547.6206055555554
 20
432.3848861111115
 30
0.0
 11
552.5817194444442
 21
432.3848861111115
 31
0.0
  0
LINE
  5
AF9
330
17
100
AcDbEntity
  8
CUT
100
AcDbLine
 10
540.6588888888887
 20
423.0966000000004
 30
0.0
 11
540.6588888888887
 21
432.3848861111115
 31
0.0
  0
LINE
  5
AFA
330
17
100
AcDbEntity
  8
CUT
100
AcDbLine
 10
545.6203555555553
 20
432.3848861111115
 30
0.0
 11
545.6203555555553
 21
423.0966000000004
 31
0.0
  0
LINE
  5
AFB
330
17
100
AcDbEntity
  8
CUT
100
AcDbLine
 10
545.6203555555553
 20
423.0966000000004
 30
0.0
 11
540.6588888888887
 21
423.0966000000004
 31
0.0
  0
LINE
  5
AFC
330
17
100
AcDbEntity
  8
CUT
100
AcDbLine
 10
540.6588888888887
 20
432.3848861111115
 30
0.0
 11
545.6203555555553
 21
432.3848861111115
 31
0.0
  0
LINE
  5
AFD
330
17
100
AcDbEntity
  8
CUT
100
AcDbLine
 10
531.6965694444442
 20
434.3854888888893
 30
0.0
 11
531.6965694444442
 21
421.09635000000037
 31
0.0
  0
LINE
  5
AFE
330
17
100
AcDbEntity
  8
CUT
100
AcDbLine
 10
554.582322222222
 20
421.09635000000037
 30
0.0
 11
554.582322222222
 21
434.3854888888893
 31
0.0
  0
LINE
  5
AFF
330
17
100
AcDbEntity
  8
CUT
100
AcDbLine
 10
554.582322222222
 20
434.3854888888893
 30
0.0
 11
531.6965694444442
 21
434.3854888888893
 31
0.0
  0
LINE
  5
B00
330
17
100
AcDbEntity
  8
CUT
100
AcDbLine
 10
531.6965694444442
 20
421.09635000000037
 30
0.0
 11
554.582322222222
 21
421.09635000000037
 31
0.0
  0
LINE
  5
B01
330
17
100
AcDbEntity
  8
CUT
100
AcDbLine
 10
566.5446416666665
 20
423.09695277777814
 30
0.0
 11
566.5446416666665
 21
432.38523888888926
 31
0.0
  0
LINE
  5
B02
330
17
100
AcDbEntity
  8
CUT
100
AcDbLine
 10
571.5061083333333
 20
432.38523888888926
 30
0.0
 11
571.5061083333333
 21
423.09695277777814
 31
0.0
  0
LINE
  5
B03
330
17
100
AcDbEntity
  8
CUT
100
AcDbLine
 10
566.5446416666665
 20
432.38523888888926
 30
0.0
 11
571.5061083333333
 21
432.38523888888926
 31
0.0
  0
LINE
  5
B04
330
17
100
AcDbEntity
  8
CUT
100
AcDbLine
 10
571.5061083333333
 20
423.09695277777814
 30
0.0
 11
566.5446416666665
 21
423.09695277777814
 31
0.0
  0
LINE
  5
B05
330
17
100
AcDbEntity
  8
CUT
100
AcDbLine
 10
578.4678249999997
 20
432.38523888888926
 30
0.0
 11
578.4678249999997
 21
423.09695277777814
 31
0.0
  0
LINE
  5
B06
330
17
100
AcDbEntity
  8
CUT
100
AcDbLine
 10
573.5063583333332
 20
423.09695277777814
 30
0.0
 11
573.5063583333332
 21
432.38523888888926
 31
0.0
  0
LINE
  5
B07
330
17
100
AcDbEntity
  8
CUT
100
AcDbLine
 10
573.5063583333332
 20
432.38523888888926
 30
0.0
 11
578.4678249999997
 21
432.38523888888926
 31
0.0
  0
LINE
  5
B08
330
17
100
AcDbEntity
  8
CUT
100
AcDbLine
 10
578.4678249999997
 20
423.09695277777814
 30
0.0
 11
573.5063583333332
 21
423.09695277777814
 31
0.0
  0
LINE
  5
B09
330
17
100
AcDbEntity
  8
CUT
100
AcDbLine
 10
564.5440388888887
 20
432.38523888888926
 30
0.0
 11
564.5440388888887
 21
423.09695277777814
 31
0.0
  0
LINE
  5
B0A
330
17
100
AcDbEntity
  8
CUT
100
AcDbLine
 10
559.5829249999998
 20
423.09695277777814
 30
0.0
 11
559.5829249999998
 21
432.38523888888926
 31
0.0
  0
LINE
  5
B0B
330
17
100
AcDbEntity
  8
CUT
100
AcDbLine
 10
559.5829249999998
 20
432.38523888888926
 30
0.0
 11
564.5440388888887
 21
432.38523888888926
 31
0.0
  0
LINE
  5
B0C
330
17
100
AcDbEntity
  8
CUT
100
AcDbLine
 10
564.5440388888887
 20
423.09695277777814
 30
0.0
 11
559.5829249999998
 21
423.09695277777814
 31
0.0
  0
LINE
  5
B0D
330
17
100
AcDbEntity
  8
CUT
100
AcDbLine
 10
557.582322222222
 20
434.3854888888893
 30
0.0
 11
557.582322222222
 21
421.09635000000037
 31
0.0
  0
LINE
  5
B0E
330
17
100
AcDbEntity
  8
CUT
100
AcDbLine
 10
580.4680749999998
 20
421.09635000000037
 30
0.0
 11
580.4680749999998
 21
434.3854888888893
 31
0.0
  0
LINE
  5
B0F
330
17
100
AcDbEntity
  8
CUT
100
AcDbLine
 10
557.582322222222
 20
421.09635000000037
 30
0.0
 11
580.4680749999998
 21
421.09635000000037
 31
0.0
  0
LINE
  5
B10
330
17
100
AcDbEntity
  8
CUT
100
AcDbLine
 10
580.4680749999998
 20
434.3854888888893
 30
0.0
 11
557.582322222222
 21
434.3854888888893
 31
0.0
  0
LINE
  5
B11
330
17
100
AcDbEntity
  8
CUT
100
AcDbLine
 10
445.34604999999965
 20
418.11396666666656
 30
0.0
 11
438.91738055555527
 21
418.11396666666656
 31
0.0
  0
LINE
  5
B12
330
17
100
AcDbEntity
  8
CUT
100
AcDbLine
 10
438.91738055555527
 20
432.1164222222221
 30
0.0
 11
445.34604999999965
 21
432.1164222222221
 31
0.0
  0
LINE
  5
B13
330
17
100
AcDbEntity
  8
CUT
100
AcDbLine
 10
445.34604999999965
 20
432.1164222222221
 30
0.0
 11
445.34604999999965
 21
418.11396666666656
 31
0.0
  0
LINE
  5
B14
330
17
100
AcDbEntity
  8
CUT
100
AcDbLine
 10
438.91738055555527
 20
418.11396666666656
 30
0.0
 11
438.91738055555527
 21
432.1164222222221
 31
0.0
  0
LINE
  5
B15
330
17
100
AcDbEntity
  8
CUT
100
AcDbLine
 10
435.91700555555525
 20
415.11323888888876
 30
0.0
 11
448.34677777777745
 21
415.11323888888876
 31
0.0
  0
LINE
  5
B16
330
17
100
AcDbEntity
  8
CUT
100
AcDbLine
 10
448.34677777777745
 20
435.1171499999999
 30
0.0
 11
435.91700555555525
 21
435.1171499999999
 31
0.0
  0
LINE
  5
B17
330
17
100
AcDbEntity
  8
CUT
100
AcDbLine
 10
448.34677777777745
 20
415.11323888888876
 30
0.0
 11
448.34677777777745
 21
435.1171499999998
 31
0.0
  0
LINE
  5
B18
330
17
100
AcDbEntity
  8
CUT
100
AcDbLine
 10
435.91700555555525
 20
435.1171499999999
 30
0.0
 11
435.91700555555525
 21
415.11323888888876
 31
0.0
  0
LINE
  5
B19
330
17
100
AcDbEntity
  8
ENGRAVE
100
AcDbLine
 10
447.6762147123481
 20
432.80174619941533
 30
0.0
 11
445.84599925824654
 21
432.80174619941533
 31
0.0
  0
LINE
  5
B1A
330
17
100
AcDbEntity
  8
ENGRAVE
100
AcDbLine
 10
445.84599925824654
 20
432.80174619941533
 30
0.0
 11
447.03563930341255
 21
431.97814924506963
 31
0.0
  0
LINE
  5
B1B
330
17
100
AcDbEntity
  8
ENGRAVE
100
AcDbLine
 10
447.03563930341255
 20
431.97814924506963
 30
0.0
 11
447.03563930341255
 21
433.07627851753057
 31
0.0
  0
LINE
  5
B1C
330
17
100
AcDbEntity
  8
ENGRAVE
100
AcDbLine
 10
445.84599925824654
 20
434.5404508808118
 30
0.0
 11
445.84599925824654
 21
433.62534315376104
 31
0.0
  0
LINE
  5
B1D
330
17
100
AcDbEntity
  8
ENGRAVE
100
AcDbLine
 10
445.84599925824654
 20
433.62534315376104
 30
0.0
 11
446.57808543988716
 21
433.62534315376104
 31
0.0
  0
LINE
  5
B1E
330
17
100
AcDbEntity
  8
ENGRAVE
100
AcDbLine
 10
446.57808543988716
 20
433.62534315376104
 30
0.0
 11
446.57808543988716
 21
434.35742933540166
 31
0.0
  0
LINE
  5
B1F
330
17
100
AcDbEntity
  8
ENGRAVE
100
AcDbLine
 10
446.57808543988716
 20
434.35742933540166
 30
0.0
 11
446.7611069852973
 21
434.5404508808118
 31
0.0
  0
LINE
  5
B20
330
17
100
AcDbEntity
  8
ENGRAVE
100
AcDbLine
 10
446.7611069852973
 20
434.5404508808118
 30
0.0
 11
447.49319316693794
 21
434.5404508808118
 31
0.0
  0
LINE
  5
B21
330
17
100
AcDbEntity
  8
ENGRAVE
100
AcDbLine
 10
447.49319316693794
 20
434.5404508808118
 30
0.0
 11
447.6762147123481
 21
434.35742933540166
 31
0.0
  0
LINE
  5
B22
330
17
100
AcDbEntity
  8
ENGRAVE
100
AcDbLine
 10
447.6762147123481
 20
434.35742933540166
 30
0.0
 11
447.6762147123481
 21
433.62534315376104
 31
0.0
  0
LINE
  5
B23
330
17
100
AcDbEntity
  8
ENGRAVE
100
AcDbLine
 10
447.6762147123481
 20
433.62534315376104
 30
0.0
 11
447.49319316693794
 21
433.4423216083509
 31
0.0
  0
ENDSEC
  0
SECTION
  2
OBJECTS
  0
DICTIONARY
  5
A
330
0
100
AcDbDictionary
281
1
  3
ACAD_COLOR
350
B
  3
ACAD_GROUP
350
C
  3
ACAD_LAYOUT
350
D
  3
ACAD_MATERIAL
350
E
  3
ACAD_MLEADERSTYLE
350
F
  3
ACAD_MLINESTYLE
350
10
  3
ACAD_PLOTSETTINGS
350
11
  3
ACAD_PLOTSTYLENAME
350
12
  3
ACAD_SCALELIST
350
14
  3
ACAD_TABLESTYLE
350
15
  3
ACAD_VISUALSTYLE
350
16
  3
EZDXF_META
350
2D
  0
DICTIONARY
  5
B
330
A
100
AcDbDictionary
281
1
  0
DICTIONARY
  5
C
330
A
100
AcDbDictionary
281
1
  0
DICTIONARY
  5
D
330
A
100
AcDbDictionary
281
1
  3
Model
350
1A
  3
Layout1
350
1E
  0
DICTIONARY
  5
E
330
A
100
AcDbDictionary
281
1
  3
ByBlock
350
1F
  3
ByLayer
350
20
  3
Global
350
21
  0
DICTIONARY
  5
F
330
A
100
AcDbDictionary
281
1
  3
Standard
350
2C
  0
DICTIONARY
  5
10
330
A
100
AcDbDictionary
281
1
  3
Standard
350
22
  0
DICTIONARY
  5
11
330
A
100
AcDbDictionary
281
1
  0
ACDBDICTIONARYWDFLT
  5
12
330
A
100
AcDbDictionary
281
1
  3
Normal
350
13
100
AcDbDictionaryWithDefault
340
13
  0
ACDBPLACEHOLDER
  5
13
330
12
  0
DICTIONARY
  5
14
330
A
100
AcDbDictionary
281
1
  0
DICTIONARY
  5
15
330
A
100
AcDbDictionary
281
1
  0
DICTIONARY
  5
16
330
A
100
AcDbDictionary
281
1
  0
LAYOUT
  5
1A
330
D
100
AcDbPlotSettings
  1

  4
A3
  6

 40
7.5
 41
20.0
 42
7.5
 43
20.0
 44
420.0
 45
297.0
 46
0.0
 47
0.0
 48
0.0
 49
0.0
140
0.0
141
0.0
142
1.0
143
1.0
 70
1024
 72
1
 73
0
 74
5
  7

 75
16
 76
0
 77
2
 78
300
147
1.0
148
0.0
149
0.0
100
AcDbLayout
  1
Model
 70
1
 71
0
 10
0.0
 20
0.0
 11
420.0
 21
297.0
 12
0.0
 22
0.0
 32
0.0
 14
1e+20
 24
1e+20
 34
1e+20
 15
-1e+20
 25
-1e+20
 35
-1e+20
146
0.0
 13
0.0
 23
0.0
 33
0.0
 16
1.0
 26
0.0
 36
0.0
 17
0.0
 27
1.0
 37
0.0
 76
1
330
17
  0
LAYOUT
  5
1E
330
D
100
AcDbPlotSettings
  1

  4
A3
  6

 40
7.5
 41
20.0
 42
7.5
 43
20.0
 44
420.0
 45
297.0
 46
0.0
 47
0.0
 48
0.0
 49
0.0
140
0.0
141
0.0
142
1.0
143
1.0
 70
0
 72
1
 73
0
 74
5
  7

 75
16
 76
0
 77
2
 78
300
147
1.0
148
0.0
149
0.0
100
AcDbLayout
  1
Layout1
 70
1
 71
1
 10
0.0
 20
0.0
 11
420.0
 21
297.0
 12
0.0
 22
0.0
 32
0.0
 14
1e+20
 24
1e+20
 34
1e+20
 15
-1e+20
 25
-1e+20
 35
-1e+20
146
0.0
 13
0.0
 23
0.0
 33
0.0
 16
1.0
 26
0.0
 36
0.0
 17
0.0
 27
1.0
 37
0.0
 76
1
330
1B
  0
MATERIAL
  5
1F
102
{ACAD_REACTORS
330
E
102
}
330
E
100
AcDbMaterial
  1
ByBlock
  2

 70
0
 40
1.0
 71
1
 41
1.0
 91
-1023410177
 42
1.0
 72
1
  3

 73
1
 74
1
 75
1
 44
0.5
 73
0
 45
1.0
 46
1.0
 77
1
  4

 78
1
 79
1
170
1
 48
1.0
171
1
  6

172
1
173
1
174
1
140
1.0
141
1.0
175
1
  7

176
1
177
1
178
1
143
1.0
179
1
  8

270
1
271
1
272
1
145
1.0
146
1.0
273
1
  9

274
1
275
1
276
1
 42
1.0
 72
1
  3

 73
1
 74
1
 75
1
 94
63
  0
MATERIAL
  5
20
102
{ACAD_REACTORS
330
E
102
}
330
E
100
AcDbMaterial
  1
ByLayer
  2

 70
0
 40
1.0
 71
1
 41
1.0
 91
-1023410177
 42
1.0
 72
1
  3

 73
1
 74
1
 75
1
 44
0.5
 73
0
 45
1.0
 46
1.0
 77
1
  4

 78
1
 79
1
170
1
 48
1.0
171
1
  6

172
1
173
1
174
1
140
1.0
141
1.0
175
1
  7

176
1
177
1
178
1
143
1.0
179
1
  8

270
1
271
1
272
1
145
1.0
146
1.0
273
1
  9

274
1
275
1
276
1
 42
1.0
 72
1
  3

 73
1
 74
1
 75
1
 94
63
  0
MATERIAL
  5
21
102
{ACAD_REACTORS
330
E
102
}
330
E
100
AcDbMaterial
  1
Global
  2

 70
0
 40
1.0
 71
1
 41
1.0
 91
-1023410177
 42
1.0
 72
1
  3

 73
1
 74
1
 75
1
 44
0.5
 73
0
 45
1.0
 46
1.0
 77
1
  4

 78
1
 79
1
170
1
 48
1.0
171
1
  6

172
1
173
1
174
1
140
1.0
141
1.0
175
1
  7

176
1
177
1
178
1
143
1.0
179
1
  8

270
1
271
1
272
1
145
1.0
146
1.0
273
1
  9

274
1
275
1
276
1
 42
1.0
 72
1
  3

 73
1
 74
1
 75
1
 94
63
  0
MLINESTYLE
  5
22
102
{ACAD_REACTORS
330
10
102
}
330
10
100
AcDbMlineStyle
  2
Standard
 70
0
  3

 62
256
 51
90.0
 52
90.0
 71
2
 49
0.5
 62
256
  6
BYLAYER
 49
-0.5
 62
256
  6
BYLAYER
  0
MLEADERSTYLE
  5
2C
102
{ACAD_REACTORS
330
F
102
}
330
F
100
AcDbMLeaderStyle
179
2
170
2
171
1
172
0
 90
2
 40
0.0
 41
0.0
173
1
 91
-1056964608
 92
-2
290
1
 42
2.0
291
1
 43
8.0
  3
Standard
 44
4.0
300

342
29
174
1
175
1
176
0
178
1
 93
-1056964608
 45
4.0
292
0
297
0
 46
4.0
 94
-1056964608
 47
1.0
 49
1.0
140
1.0
294
1
141
0.0
177
0
142
1.0
295
0
296
0
143
3.75
271
0
272
9
273
9
  0
DICTIONARY
  5
2D
330
A
100
AcDbDictionary
280
1
281
1
  3
CREATED_BY_EZDXF
350
2E
  3
WRITTEN_BY_EZDXF
350
B26
  0
DICTIONARYVAR
  5
2E
330
2D
100
DictionaryVariables
280
0
  1
1.4.4 @ 2026-08-05T05:34:15.021926+00:00
  0
DICTIONARYVAR
  5
B26
330
2D
100
DictionaryVariables
280
0
  1
1.4.4 @ 2026-08-05T05:34:15.049908+00:00
  0
ENDSEC
  0
EOF
