  0
SECTION
  2
HEADER
  9
$ACADVER
  1
AC1024
  9
$ACADMAINTVER
 70
6
  9
$DWGCODEPAGE
  3
ANSI_1252
  9
$LASTSAVEDBY
  1
ezdxf
  9
$INSBASE
 10
0.0
 20
0.0
 30
0.0
  9
$EXTMIN
 10
1e+20
 20
1e+20
 30
1e+20
  9
$EXTMAX
 10
-1e+20
 20
-1e+20
 30
-1e+20
  9
$LIMMIN
 10
0.0
 20
0.0
  9
$LIMMAX
 10
420.0
 20
297.0
  9
$ORTHOMODE
 70
0
  9
$REGENMODE
 70
1
  9
$FILLMODE
 70
1
  9
$QTEXTMODE
 70
0
  9
$MIRRTEXT
 70
1
  9
$LTSCALE
 40
1.0
  9
$ATTMODE
 70
1
  9
$TEXTSIZE
 40
2.5
  9
$TRACEWID
 40
1.0
  9
$TEXTSTYLE
  7
Standard
  9
$CLAYER
  8
0
  9
$CELTYPE
  6
ByLayer
  9
$CECOLOR
 62
256
  9
$CELTSCALE
 40
1.0
  9
$DISPSILH
 70
0
  9
$DIMSCALE
 40
1.0
  9
$DIMASZ
 40
2.5
  9
$DIMEXO
 40
0.625
  9
$DIMDLI
 40
3.75
  9
$DIMRND
 40
0.0
  9
$DIMDLE
 40
0.0
  9
$DIMEXE
 40
1.25
  9
$DIMTP
 40
0.0
  9
$DIMTM
 40
0.0
  9
$DIMTXT
 40
2.5
  9
$DIMCEN
 40
2.5
  9
$DIMTSZ
 40
0.0
  9
$DIMTOL
 70
0
  9
$DIMLIM
 70
0
  9
$DIMTIH
 70
0
  9
$DIMTOH
 70
0
  9
$DIMSE1
 70
0
  9
$DIMSE2
 70
0
  9
$DIMTAD
 70
1
  9
$DIMZIN
 70
8
  9
$DIMBLK
  1

  9
$DIMASO
 70
1
  9
$DIMSHO
 70
1
  9
$DIMPOST
  1

  9
$DIMAPOST
  1

  9
$DIMALT
 70
0
  9
$DIMALTD
 70
3
  9
$DIMALTF
 40
0.03937007874
  9
$DIMLFAC
 40
1.0
  9
$DIMTOFL
 70
1
  9
$DIMTVP
 40
0.0
  9
$DIMTIX
 70
0
  9
$DIMSOXD
 70
0
  9
$DIMSAH
 70
0
  9
$DIMBLK1
  1

  9
$DIMBLK2
  1

  9
$DIMSTYLE
  2
ISO-25
  9
$DIMCLRD
 70
0
  9
$DIMCLRE
 70
0
  9
$DIMCLRT
 70
0
  9
$DIMTFAC
 40
1.0
  9
$DIMGAP
 40
0.625
  9
$DIMJUST
 70
0
  9
$DIMSD1
 70
0
  9
$DIMSD2
 70
0
  9
$DIMTOLJ
 70
0
  9
$DIMTZIN
 70
8
  9
$DIMALTZ
 70
0
  9
$DIMALTTZ
 70
0
  9
$DIMUPT
 70
0
  9
$DIMDEC
 70
2
  9
$DIMTDEC
 70
2
  9
$DIMALTU
 70
2
  9
$DIMALTTD
 70
3
  9
$DIMTXSTY
  7
Standard
  9
$DIMAUNIT
 70
0
  9
$DIMADEC
 70
0
  9
$DIMALTRND
 40
0.0
  9
$DIMAZIN
 70
0
  9
$DIMDSEP
 70
44
  9
$DIMATFIT
 70
3
  9
$DIMFRAC
 70
0
  9
$DIMLDRBLK
  1

  9
$DIMLUNIT
 70
2
  9
$DIMLWD
 70
-2
  9
$DIMLWE
 70
-2
  9
$DIMTMOVE
 70
0
  9
$DIMFXL
 40
1.0
  9
$DIMFXLON
 70
0
  9
$DIMJOGANG
 40
0.785398163397
  9
$DIMTFILL
 70
0
  9
$DIMTFILLCLR
 70
0
  9
$DIMARCSYM
 70
0
  9
$DIMLTYPE
  6

  9
$DIMLTEX1
  6

  9
$DIMLTEX2
  6

  9
$DIMTXTDIRECTION
 70
0
  9
$LUNITS
 70
2
  9
$LUPREC
 70
4
  9
$SKETCHINC
 40
1.0
  9
$FILLETRAD
 40
10.0
  9
$AUNITS
 70
0
  9
$AUPREC
 70
2
  9
$MENU
  1
.
  9
$ELEVATION
 40
0.0
  9
$PELEVATION
 40
0.0
  9
$THICKNESS
 40
0.0
  9
$LIMCHECK
 70
0
  9
$CHAMFERA
 40
0.0
  9
$CHAMFERB
 40
0.0
  9
$CHAMFERC
 40
0.0
  9
$CHAMFERD
 40
0.0
  9
$SKPOLY
 70
0
  9
$TDCREATE
 40
2461258.5654398147
  9
$TDUCREATE
 40
2458532.153996898
  9
$TDUPDATE
 40
2461258.5654398147
  9
$TDUUPDATE
 40
2458532.1544311
  9
$TDINDWG
 40
0.0
  9
$TDUSRTIMER
 40
0.0
  9
$USRTIMER
 70
1
  9
$ANGBASE
 50
0.0
  9
$ANGDIR
 70
0
  9
$PDMODE
 70
0
  9
$PDSIZE
 40
0.0
  9
$PLINEWID
 40
0.0
  9
$SPLFRAME
 70
0
  9
$SPLINETYPE
 70
6
  9
$SPLINESEGS
 70
8
  9
$HANDSEED
  5
5D6
  9
$SURFTAB1
 70
6
  9
$SURFTAB2
 70
6
  9
$SURFTYPE
 70
6
  9
$SURFU
 70
6
  9
$SURFV
 70
6
  9
$UCSBASE
  2

  9
$UCSNAME
  2

  9
$UCSORG
 10
0.0
 20
0.0
 30
0.0
  9
$UCSXDIR
 10
1.0
 20
0.0
 30
0.0
  9
$UCSYDIR
 10
0.0
 20
1.0
 30
0.0
  9
$UCSORTHOREF
  2

  9
$UCSORTHOVIEW
 70
0
  9
$UCSORGTOP
 10
0.0
 20
0.0
 30
0.0
  9
$UCSORGBOTTOM
 10
0.0
 20
0.0
 30
0.0
  9
$UCSORGLEFT
 10
0.0
 20
0.0
 30
0.0
  9
$UCSORGRIGHT
 10
0.0
 20
0.0
 30
0.0
  9
$UCSORGFRONT
 10
0.0
 20
0.0
 30
0.0
  9
$UCSORGBACK
 10
0.0
 20
0.0
 30
0.0
  9
$PUCSBASE
  2

  9
$PUCSNAME
  2

  9
$PUCSORG
 10
0.0
 20
0.0
 30
0.0
  9
$PUCSXDIR
 10
1.0
 20
0.0
 30
0.0
  9
$PUCSYDIR
 10
0.0
 20
1.0
 30
0.0
  9
$PUCSORTHOREF
  2

  9
$PUCSORTHOVIEW
 70
0
  9
$PUCSORGTOP
 10
0.0
 20
0.0
 30
0.0
  9
$PUCSORGBOTTOM
 10
0.0
 20
0.0
 30
0.0
  9
$PUCSORGLEFT
 10
0.0
 20
0.0
 30
0.0
  9
$PUCSORGRIGHT
 10
0.0
 20
0.0
 30
0.0
  9
$PUCSORGFRONT
 10
0.0
 20
0.0
 30
0.0
  9
$PUCSORGBACK
 10
0.0
 20
0.0
 30
0.0
  9
$USERI1
 70
0
  9
$USERI2
 70
0
  9
$USERI3
 70
0
  9
$USERI4
 70
0
  9
$USERI5
 70
0
  9
$USERR1
 40
0.0
  9
$USERR2
 40
0.0
  9
$USERR3
 40
0.0
  9
$USERR4
 40
0.0
  9
$USERR5
 40
0.0
  9
$WORLDVIEW
 70
1
  9
$SHADEDGE
 70
3
  9
$SHADEDIF
 70
70
  9
$TILEMODE
 70
1
  9
$MAXACTVP
 70
64
  9
$PINSBASE
 10
0.0
 20
0.0
 30
0.0
  9
$PLIMCHECK
 70
0
  9
$PEXTMIN
 10
1e+20
 20
1e+20
 30
1e+20
  9
$PEXTMAX
 10
-1e+20
 20
-1e+20
 30
-1e+20
  9
$PLIMMIN
 10
0.0
 20
0.0
  9
$PLIMMAX
 10
420.0
 20
297.0
  9
$UNITMODE
 70
0
  9
$VISRETAIN
 70
1
  9
$PLINEGEN
 70
0
  9
$PSLTSCALE
 70
1
  9
$TREEDEPTH
 70
3020
  9
$CMLSTYLE
  2
Standard
  9
$CMLJUST
 70
0
  9
$CMLSCALE
 40
20.0
  9
$PROXYGRAPHICS
 70
1
  9
$MEASUREMENT
 70
1
  9
$CELWEIGHT
370
-1
  9
$ENDCAPS
280
0
  9
$JOINSTYLE
280
0
  9
$LWDISPLAY
290
0
  9
$INSUNITS
 70
4
  9
$HYPERLINKBASE
  1

  9
$STYLESHEET
  1

  9
$XEDIT
290
1
  9
$CEPSNTYPE
380
0
  9
$PSTYLEMODE
290
1
  9
$FINGERPRINTGUID
  2
{9B02C69E-4F5F-4CDF-8070-AAAE274AA5BC}
  9
$VERSIONGUID
  2
{CD4E7F02-5EB8-498F-B2FC-4781D8DC5D98}
  9
$EXTNAMES
290
1
  9
$PSVPSCALE
 40
0.0
  9
$OLESTARTUP
290
0
  9
$SORTENTS
280
127
  9
$INDEXCTL
280
0
  9
$HIDETEXT
280
1
  9
$XCLIPFRAME
280
1
  9
$HALOGAP
280
0
  9
$OBSCOLOR
 70
257
  9
$OBSLTYPE
280
0
  9
$INTERSECTIONDISPLAY
280
0
  9
$INTERSECTIONCOLOR
 70
257
  9
$DIMASSOC
280
2
  9
$PROJECTNAME
  1

  9
$CAMERADISPLAY
290
0
  9
$LENSLENGTH
 40
50.0
  9
$CAMERAHEIGHT
 40
0.0
  9
$STEPSPERSEC
 40
24.0
  9
$STEPSIZE
 40
100.0
  9
$3DDWFPREC
 40
2.0
  9
$PSOLWIDTH
 40
0.005
  9
$PSOLHEIGHT
 40
0.08
  9
$LOFTANG1
 40
1.570796326795
  9
$LOFTANG2
 40
1.570796326795
  9
$LOFTMAG1
 40
0.0
  9
$LOFTMAG2
 40
0.0
  9
$LOFTPARAM
 70
7
  9
$LOFTNORMALS
280
1
  9
$LATITUDE
 40
37.795
  9
$LONGITUDE
 40
-122.394
  9
$NORTHDIRECTION
 40
0.0
  9
$TIMEZONE
 70
-8000
  9
$LIGHTGLYPHDISPLAY
280
1
  9
$TILEMODELIGHTSYNCH
280
1
  9
$CMATERIAL
347
20
  9
$SOLIDHIST
280
0
  9
$SHOWHIST
280
1
  9
$DWFFRAME
280
2
  9
$DGNFRAME
280
2
  9
$REALWORLDSCALE
290
1
  9
$INTERFERECOLOR
 62
256
  9
$CSHADOW
280
0
  9
$SHADOWPLANELOCATION
 40
0.0
  0
ENDSEC
  0
SECTION
  2
CLASSES
  0
CLASS
  1
ACDBDICTIONARYWDFLT
  2
AcDbDictionaryWithDefault
  3
ObjectDBX Classes
 90
0
 91
0
280
0
281
0
  0
CLASS
  1
SUN
  2
AcDbSun
  3
SCENEOE
 90
1153
 91
0
280
0
281
0
  0
CLASS
  1
VISUALSTYLE
  2
AcDbVisualStyle
  3
ObjectDBX Classes
 90
4095
 91
0
280
0
281
0
  0
CLASS
  1
MATERIAL
  2
AcDbMaterial
  3
ObjectDBX Classes
 90
1153
 91
0
280
0
281
0
  0
CLASS
  1
SCALE
  2
AcDbScale
  3
ObjectDBX Classes
 90
1153
 91
0
280
0
281
0
  0
CLASS
  1
TABLESTYLE
  2
AcDbTableStyle
  3
ObjectDBX Classes
 90
4095
 91
0
280
0
281
0
  0
CLASS
  1
MLEADERSTYLE
  2
AcDbMLeaderStyle
  3
ACDB_MLEADERSTYLE_CLASS
 90
4095
 91
0
280
0
281
0
  0
CLASS
  1
DICTIONARYVAR
  2
AcDbDictionaryVar
  3
ObjectDBX Classes
 90
0
 91
0
280
0
281
0
  0
CLASS
  1
CELLSTYLEMAP
  2
AcDbCellStyleMap
  3
ObjectDBX Classes
 90
1152
 91
0
280
0
281
0
  0
CLASS
  1
MENTALRAYRENDERSETTINGS
  2
AcDbMentalRayRenderSettings
  3
SCENEOE
 90
1024
 91
0
280
0
281
0
  0
CLASS
  1
ACDBDETAILVIEWSTYLE
  2
AcDbDetailViewStyle
  3
ObjectDBX Classes
 90
1025
 91
0
280
0
281
0
  0
CLASS
  1
ACDBSECTIONVIEWSTYLE
  2
AcDbSectionViewStyle
  3
ObjectDBX Classes
 90
1025
 91
0
280
0
281
0
  0
CLASS
  1
RASTERVARIABLES
  2
AcDbRasterVariables
  3
ISM
 90
0
 91
0
280
0
281
0
  0
CLASS
  1
ACDBPLACEHOLDER
  2
AcDbPlaceHolder
  3
ObjectDBX Classes
 90
0
 91
0
280
0
281
0
  0
CLASS
  1
LAYOUT
  2
AcDbLayout
  3
ObjectDBX Classes
 90
0
 91
0
280
0
281
0
  0
ENDSEC
  0
SECTION
  2
TABLES
  0
TABLE
  2
VPORT
  5
8
330
0
100
AcDbSymbolTable
 70
1
  0
VPORT
  5
23
330
8
100
AcDbSymbolTableRecord
100
AcDbViewportTableRecord
  2
*Active
 70
0
 10
0.0
 20
0.0
 11
1.0
 21
1.0
 12
0.0
 22
0.0
 13
0.0
 23
0.0
 14
0.5
 24
0.5
 15
0.5
 25
0.5
 16
0.0
 26
0.0
 36
1.0
 17
0.0
 27
0.0
 37
0.0
 40
1000.0
 41
1.34
 42
50.0
 43
0.0
 44
0.0
 50
0.0
 51
0.0
 71
0
 72
1000
 73
1
 74
3
 75
0
 76
0
 77
0
 78
0
281
0
 65
0
146
0.0
  0
ENDTAB
  0
TABLE
  2
LTYPE
  5
2
330
0
100
AcDbSymbolTable
 70
3
  0
LTYPE
  5
24
330
2
100
AcDbSymbolTableRecord
100
AcDbLinetypeTableRecord
  2
ByBlock
 70
0
  3

 72
65
 73
0
 40
0.0
  0
LTYPE
  5
25
330
2
100
AcDbSymbolTableRecord
100
AcDbLinetypeTableRecord
  2
ByLayer
 70
0
  3

 72
65
 73
0
 40
0.0
  0
LTYPE
  5
26
330
2
100
AcDbSymbolTableRecord
100
AcDbLinetypeTableRecord
  2
Continuous
 70
0
  3

 72
65
 73
0
 40
0.0
  0
ENDTAB
  0
TABLE
  2
LAYER
  5
1
330
0
100
AcDbSymbolTable
 70
5
  0
LAYER
  5
27
330
1
100
AcDbSymbolTableRecord
100
AcDbLayerTableRecord
  2
0
 70
0
 62
7
  6
Continuous
370
-3
390
13
347
21
  0
LAYER
  5
28
330
1
100
AcDbSymbolTableRecord
100
AcDbLayerTableRecord
  2
Defpoints
 70
0
 62
7
  6
Continuous
290
0
370
-3
390
13
347
21
  0
LAYER
  5
2F
330
1
100
AcDbSymbolTableRecord
100
AcDbLayerTableRecord
  2
CUT
 70
0
 62
1
  6
Continuous
370
-3
390
13
347
21
  0
LAYER
  5
30
330
1
100
AcDbSymbolTableRecord
100
AcDbLayerTableRecord
  2
SHEET
 70
0
 62
8
  6
Continuous
370
-3
390
13
347
21
  0
LAYER
  5
31
330
1
100
AcDbSymbolTableRecord
100
AcDbLayerTableRecord
  2
ENGRAVE
 70
0
 62
5
  6
Continuous
370
-3
390
13
347
21
  0
ENDTAB
  0
TABLE
  2
STYLE
  5
5
330
0
100
AcDbSymbolTable
 70
1
  0
STYLE
  5
29
330
5
100
AcDbSymbolTableRecord
100
AcDbTextStyleTableRecord
  2
Standard
 70
0
 40
0.0
 41
1.0
 50
0.0
 71
0
 42
2.5
  3
txt
  4

  0
ENDTAB
  0
TABLE
  2
VIEW
  5
7
330
0
100
AcDbSymbolTable
 70
0
  0
ENDTAB
  0
TABLE
  2
UCS
  5
6
330
0
100
AcDbSymbolTable
 70
0
  0
ENDTAB
  0
TABLE
  2
APPID
  5
3
330
0
100
AcDbSymbolTable
 70
3
  0
APPID
  5
2A
330
3
100
AcDbSymbolTableRecord
100
AcDbRegAppTableRecord
  2
ACAD
 70
0
  0
APPID
  5
5D3
330
3
100
AcDbSymbolTableRecord
100
AcDbRegAppTableRecord
  2
HATCHBACKGROUNDCOLOR
 70
0
  0
APPID
  5
5D4
330
3
100
AcDbSymbolTableRecord
100
AcDbRegAppTableRecord
  2
EZDXF
 70
0
  0
ENDTAB
  0
TABLE
  2
DIMSTYLE
  5
4
330
0
100
AcDbSymbolTable
 70
1
100
AcDbDimStyleTable
  0
DIMSTYLE
105
2B
330
4
100
AcDbSymbolTableRecord
100
AcDbDimStyleTableRecord
  2
Standard
 70
0
 40
1.0
 41
2.5
 42
0.625
 43
3.75
 44
1.25
 45
0.0
 46
0.0
 47
0.0
 48
0.0
 49
2.5
140
2.5
141
2.5
142
0.0
143
0.03937007874
144
1.0
145
0.0
146
1.0
147
0.625
148
0.0
 69
0
 70
0
 71
0
 72
0
 73
0
 74
0
 75
0
 76
0
 77
1
 78
8
 79
3
170
0
171
3
172
1
173
0
174
0
175
0
176
0
177
0
178
0
179
2
271
2
272
2
273
2
274
3
275
0
276
0
277
2
278
44
279
0
280
0
281
0
282
0
283
0
284
8
285
0
286
0
288
0
289
3
290
0
371
-2
372
-2
  0
ENDTAB
  0
TABLE
  2
BLOCK_RECORD
  5
9
330
0
100
AcDbSymbolTable
 70
2
  0
BLOCK_RECORD
  5
17
330
9
100
AcDbSymbolTableRecord
100
AcDbBlockTableRecord
  2
*Model_Space
340
1A
 70
0
280
1
281
0
  0
BLOCK_RECORD
  5
1B
330
9
100
AcDbSymbolTableRecord
100
AcDbBlockTableRecord
  2
*Paper_Space
340
1E
 70
0
280
1
281
0
  0
ENDTAB
  0
ENDSEC
  0
SECTION
  2
BLOCKS
  0
BLOCK
  5
18
330
17
100
AcDbEntity
  8
0
100
AcDbBlockBegin
  2
*Model_Space
 70
0
 10
0.0
 20
0.0
 30
0.0
  3
*Model_Space
  1

  0
ENDBLK
  5
19
330
17
100
AcDbEntity
  8
0
100
AcDbBlockEnd
  0
BLOCK
  5
1C
330
1B
100
AcDbEntity
  8
0
100
AcDbBlockBegin
  2
*Paper_Space
 70
0
 10
0.0
 20
0.0
 30
0.0
  3
*Paper_Space
  1

  0
ENDBLK
  5
1D
330
1B
100
AcDbEntity
  8
0
100
AcDbBlockEnd
  0
ENDSEC
  0
SECTION
  2
ENTITIES
  0
LINE
  5
32
330
17
100
AcDbEntity
  8
SHEET
100
AcDbLine
 10
0.0
 20
0.0
 30
0.0
 11
600.0
 21
0.0
 31
0.0
  0
LINE
  5
33
330
17
100
AcDbEntity
  8
SHEET
100
AcDbLine
 10
600.0
 20
0.0
 30
0.0
 11
600.0
 21
450.0
 31
0.0
  0
LINE
  5
34
330
17
100
AcDbEntity
  8
SHEET
100
AcDbLine
 10
600.0
 20
450.0
 30
0.0
 11
0.0
 21
450.0
 31
0.0
  0
LINE
  5
35
330
17
100
AcDbEntity
  8
SHEET
100
AcDbLine
 10
0.0
 20
450.0
 30
0.0
 11
0.0
 21
0.0
 31
0.0
  0
LINE
  5
36
330
17
100
AcDbEntity
  8
CUT
100
AcDbLine
 10
179.6179333333334
 20
34.12673333333343
 30
0.0
 11
179.6179333333334
 21
44.12868888888899
 31
0.0
  0
LINE
  5
37
330
17
100
AcDbEntity
  8
CUT
100
AcDbLine
 10
176.6172055555556
 20
44.12868888888899
 30
0.0
 11
176.6172055555556
 21
34.12673333333343
 31
0.0
  0
LINE
  5
38
330
17
100
AcDbEntity
  8
CUT
100
AcDbLine
 10
179.6179333333334
 20
44.12868888888899
 30
0.0
 11
176.6172055555556
 21
44.12868888888899
 31
0.0
  0
LINE
  5
39
330
17
100
AcDbEntity
  8
CUT
100
AcDbLine
 10
176.6172055555556
 20
34.12673333333343
 30
0.0
 11
179.6179333333334
 21
34.12673333333343
 31
0.0
  0
LINE
  5
3A
330
17
100
AcDbEntity
  8
CUT
100
AcDbLine
 10
176.6172055555556
 20
84.6490972222223
 30
0.0
 11
176.6172055555556
 21
74.64714166666683
 31
0.0
  0
LINE
  5
3B
330
17
100
AcDbEntity
  8
CUT
100
AcDbLine
 10
179.6179333333334
 20
74.64714166666683
 30
0.0
 11
179.6179333333334
 21
84.6490972222223
 31
0.0
  0
LINE
  5
3C
330
17
100
AcDbEntity
  8
CUT
100
AcDbLine
 10
179.6179333333334
 20
84.6490972222223
 30
0.0
 11
176.6172055555556
 21
84.6490972222223
 31
0.0
  0
LINE
  5
3D
330
17
100
AcDbEntity
  8
CUT
100
AcDbLine
 10
176.6172055555556
 20
74.64714166666683
 30
0.0
 11
179.6179333333334
 21
74.64714166666683
 31
0.0
  0
LINE
  5
3E
330
17
100
AcDbEntity
  8
CUT
100
AcDbLine
 10
187.95407222222232
 20
12.128569444444622
 30
0.0
 11
188.0500277777778
 21
11.152786111111194
 31
0.0
  0
LINE
  5
3F
330
17
100
AcDbEntity
  8
CUT
100
AcDbLine
 10
214.9338111111111
 20
7.507886111111301
 30
0.0
 11
215.79846944444452
 21
7.9700250000000965
 31
0.0
  0
LINE
  5
40
330
17
100
AcDbEntity
  8
CUT
100
AcDbLine
 10
190.1765722222222
 20
7.9700250000000965
 30
0.0
 11
191.04123055555561
 21
7.507886111111301
 31
0.0
  0
LINE
  5
41
330
17
100
AcDbEntity
  8
CUT
100
AcDbLine
 10
188.79650555555563
 20
9.350091666666831
 30
0.0
 11
189.41845277777782
 21
8.591972222222292
 31
0.0
  0
LINE
  5
42
330
17
100
AcDbEntity
  8
CUT
100
AcDbLine
 10
191.9545722222223
 20
16.129069444444642
 30
0.0
 11
191.9545722222223
 21
13.128341666666817
 31
0.0
  0
LINE
  5
43
330
17
100
AcDbEntity
  8
CUT
100
AcDbLine
 10
189.41845277777782
 20
8.591972222222292
 30
0.0
 11
190.1765722222222
 21
7.9700250000000965
 31
0.0
  0
LINE
  5
44
330
17
100
AcDbEntity
  8
CUT
100
AcDbLine
 10
217.92466111111122
 20
11.152786111111194
 30
0.0
 11
218.0209694444444
 21
12.128569444444622
 31
0.0
  0
LINE
  5
45
330
17
100
AcDbEntity
  8
CUT
100
AcDbLine
 10
194.95530000000002
 20
19.129797222222294
 30
0.0
 11
194.95530000000002
 21
16.129069444444642
 31
0.0
  0
LINE
  5
46
330
17
100
AcDbEntity
  8
CUT
100
AcDbLine
 10
188.3343666666667
 20
10.214397222222415
 30
0.0
 11
188.79650555555563
 21
9.350091666666831
 31
0.0
  0
LINE
  5
47
330
17
100
AcDbEntity
  8
CUT
100
AcDbLine
 10
215.79846944444452
 20
7.9700250000000965
 30
0.0
 11
216.55623611111122
 21
8.591972222222292
 31
0.0
  0
LINE
  5
48
330
17
100
AcDbEntity
  8
CUT
100
AcDbLine
 10
214.02011666666672
 20
13.128341666666817
 30
0.0
 11
214.02011666666672
 21
16.129069444444642
 31
0.0
  0
LINE
  5
49
330
17
100
AcDbEntity
  8
CUT
100
AcDbLine
 10
213.99542222222232
 20
7.223547222222287
 30
0.0
 11
214.9338111111111
 21
7.507886111111301
 31
0.0
  0
LINE
  5
4A
330
17
100
AcDbEntity
  8
CUT
100
AcDbLine
 10
217.63996944444452
 20
10.214397222222415
 30
0.0
 11
217.92466111111122
 21
11.152786111111194
 31
0.0
  0
LINE
  5
4B
330
17
100
AcDbEntity
  8
CUT
100
AcDbLine
 10
216.55623611111122
 20
8.591972222222292
 30
0.0
 11
217.1781833333334
 21
9.350091666666831
 31
0.0
  0
LINE
  5
4C
330
17
100
AcDbEntity
  8
CUT
100
AcDbLine
 10
188.0500277777778
 20
11.152786111111194
 30
0.0
 11
188.3343666666667
 21
10.214397222222415
 31
0.0
  0
LINE
  5
4D
330
17
100
AcDbEntity
  8
CUT
100
AcDbLine
 10
191.04123055555561
 20
7.507886111111301
 30
0.0
 11
191.97926666666672
 21
7.223547222222287
 31
0.0
  0
LINE
  5
4E
330
17
100
AcDbEntity
  8
CUT
100
AcDbLine
 10
218.0209694444444
 20
12.128569444444622
 30
0.0
 11
218.0209694444444
 21
13.128341666666817
 31
0.0
  0
LINE
  5
4F
330
17
100
AcDbEntity
  8
CUT
100
AcDbLine
 10
211.01938888888893
 20
16.129069444444642
 30
0.0
 11
211.01938888888893
 21
19.129797222222294
 31
0.0
  0
LINE
  5
50
330
17
100
AcDbEntity
  8
CUT
100
AcDbLine
 10
217.1781833333334
 20
9.350091666666831
 30
0.0
 11
217.63996944444452
 21
10.214397222222415
 31
0.0
  0
LINE
  5
51
330
17
100
AcDbEntity
  8
CUT
100
AcDbLine
 10
187.95407222222232
 20
13.128341666666817
 30
0.0
 11
187.95407222222232
 21
12.128569444444622
 31
0.0
  0
LINE
  5
52
330
17
100
AcDbEntity
  8
CUT
100
AcDbLine
 10
214.02011666666672
 20
16.129069444444642
 30
0.0
 11
211.01938888888893
 21
16.129069444444642
 31
0.0
  0
LINE
  5
53
330
17
100
AcDbEntity
  8
CUT
100
AcDbLine
 10
194.95530000000002
 20
16.129069444444642
 30
0.0
 11
191.9545722222223
 21
16.129069444444642
 31
0.0
  0
LINE
  5
54
330
17
100
AcDbEntity
  8
CUT
100
AcDbLine
 10
191.9545722222223
 20
13.128341666666817
 30
0.0
 11
187.95407222222232
 21
13.128341666666817
 31
0.0
  0
LINE
  5
55
330
17
100
AcDbEntity
  8
CUT
100
AcDbLine
 10
218.0209694444444
 20
13.128341666666817
 30
0.0
 11
214.02011666666672
 21
13.128341666666817
 31
0.0
  0
LINE
  5
56
330
17
100
AcDbEntity
  8
CUT
100
AcDbLine
 10
211.01938888888893
 20
19.129797222222294
 30
0.0
 11
194.95530000000002
 21
19.129797222222294
 31
0.0
  0
LINE
  5
57
330
17
100
AcDbEntity
  8
CUT
100
AcDbLine
 10
192.95469722222222
 20
7.127238888888993
 30
0.0
 11
213.01963888888892
 21
7.127238888888993
 31
0.0
  0
LINE
  5
58
330
17
100
AcDbEntity
  8
CUT
100
AcDbLine
 10
213.01963888888892
 20
7.127238888888993
 30
0.0
 11
213.99542222222232
 21
7.223547222222287
 31
0.0
  0
LINE
  5
59
330
17
100
AcDbEntity
  8
CUT
100
AcDbLine
 10
191.97926666666672
 20
7.223547222222287
 30
0.0
 11
192.95469722222222
 21
7.127238888888993
 31
0.0
  0
LINE
  5
5A
330
17
100
AcDbEntity
  8
CUT
100
AcDbLine
 10
9.500375000000009
 20
17.57475277777792
 30
0.0
 11
9.500375000000009
 21
27.57635555555581
 31
0.0
  0
LINE
  5
5B
330
17
100
AcDbEntity
  8
CUT
100
AcDbLine
 10
187.61364166666672
 20
97.65142777777791
 30
0.0
 11
187.61364166666672
 21
94.6510527777779
 31
0.0
  0
LINE
  5
5C
330
17
100
AcDbEntity
  8
CUT
100
AcDbLine
 10
256.6663638888889
 20
94.6510527777779
 30
0.0
 11
256.6663638888889
 21
97.65142777777791
 31
0.0
  0
LINE
  5
5D
330
17
100
AcDbEntity
  8
CUT
100
AcDbLine
 10
6.500000000000009
 20
6.5
 30
0.0
 11
6.500000000000009
 21
17.57475277777792
 31
0.0
  0
LINE
  5
5E
330
17
100
AcDbEntity
  8
CUT
100
AcDbLine
 10
266.6683194444444
 20
97.65142777777791
 30
0.0
 11
266.6683194444444
 21
94.6510527777779
 31
0.0
  0
LINE
  5
5F
330
17
100
AcDbEntity
  8
CUT
100
AcDbLine
 10
279.67065
 20
34.12673333333343
 30
0.0
 11
279.67065
 21
24.33221111111122
 31
0.0
  0
LINE
  5
60
330
17
100
AcDbEntity
  8
CUT
100
AcDbLine
 10
279.67065
 20
94.6510527777779
 30
0.0
 11
279.67065
 21
84.6490972222223
 31
0.0
  0
LINE
  5
61
330
17
100
AcDbEntity
  8
CUT
100
AcDbLine
 10
276.6702749999999
 20
84.6490972222223
 30
0.0
 11
276.6702749999999
 21
74.64714166666683
 31
0.0
  0
LINE
  5
62
330
17
100
AcDbEntity
  8
CUT
100
AcDbLine
 10
29.504286111111114
 20
97.65142777777791
 30
0.0
 11
29.504286111111114
 21
94.6510527777779
 31
0.0
  0
LINE
  5
63
330
17
100
AcDbEntity
  8
CUT
100
AcDbLine
 10
276.6702749999999
 20
44.12868888888899
 30
0.0
 11
276.6702749999999
 21
34.12673333333343
 31
0.0
  0
LINE
  5
64
330
17
100
AcDbEntity
  8
CUT
100
AcDbLine
 10
9.500375000000009
 20
74.64714166666683
 30
0.0
 11
9.500375000000009
 21
84.6490972222223
 31
0.0
  0
LINE
  5
65
330
17
100
AcDbEntity
  8
CUT
100
AcDbLine
 10
279.67065
 20
74.64714166666683
 30
0.0
 11
279.67065
 21
44.12868888888899
 31
0.0
  0
LINE
  5
66
330
17
100
AcDbEntity
  8
CUT
100
AcDbLine
 10
177.6116861111111
 20
94.6510527777779
 30
0.0
 11
177.6116861111111
 21
97.65142777777791
 31
0.0
  0
LINE
  5
67
330
17
100
AcDbEntity
  8
CUT
100
AcDbLine
 10
6.500000000000009
 20
84.6490972222223
 30
0.0
 11
6.500000000000009
 21
94.6510527777779
 31
0.0
  0
LINE
  5
68
330
17
100
AcDbEntity
  8
CUT
100
AcDbLine
 10
98.55700833333341
 20
94.6510527777779
 30
0.0
 11
98.55700833333341
 21
97.65142777777791
 31
0.0
  0
LINE
  5
69
330
17
100
AcDbEntity
  8
CUT
100
AcDbLine
 10
19.502330555555503
 20
94.6510527777779
 30
0.0
 11
19.502330555555503
 21
97.65142777777791
 31
0.0
  0
LINE
  5
6A
330
17
100
AcDbEntity
  8
CUT
100
AcDbLine
 10
179.6179333333334
 20
24.33221111111122
 30
0.0
 11
179.6179333333334
 21
6.5
 31
0.0
  0
LINE
  5
6B
330
17
100
AcDbEntity
  8
CUT
100
AcDbLine
 10
6.500000000000009
 20
27.57635555555581
 30
0.0
 11
6.500000000000009
 21
74.64714166666683
 31
0.0
  0
LINE
  5
6C
330
17
100
AcDbEntity
  8
CUT
100
AcDbLine
 10
108.55896388888891
 20
97.65142777777791
 30
0.0
 11
108.55896388888891
 21
94.6510527777779
 31
0.0
  0
LINE
  5
6D
330
17
100
AcDbEntity
  8
CUT
100
AcDbLine
 10
279.67065
 20
44.12868888888899
 30
0.0
 11
276.6702749999999
 21
44.12868888888899
 31
0.0
  0
LINE
  5
6E
330
17
100
AcDbEntity
  8
CUT
100
AcDbLine
 10
279.67065
 20
84.6490972222223
 30
0.0
 11
276.6702749999999
 21
84.6490972222223
 31
0.0
  0
LINE
  5
6F
330
17
100
AcDbEntity
  8
CUT
100
AcDbLine
 10
9.500375000000009
 20
84.6490972222223
 30
0.0
 11
6.500000000000009
 21
84.6490972222223
 31
0.0
  0
LINE
  5
70
330
17
100
AcDbEntity
  8
CUT
100
AcDbLine
 10
276.6702749999999
 20
74.64714166666683
 30
0.0
 11
279.67065
 21
74.64714166666683
 31
0.0
  0
LINE
  5
71
330
17
100
AcDbEntity
  8
CUT
100
AcDbLine
 10
6.500000000000009
 20
74.64714166666683
 30
0.0
 11
9.500375000000009
 21
74.64714166666683
 31
0.0
  0
LINE
  5
72
330
17
100
AcDbEntity
  8
CUT
100
AcDbLine
 10
276.6702749999999
 20
34.12673333333343
 30
0.0
 11
279.67065
 21
34.12673333333343
 31
0.0
  0
LINE
  5
73
330
17
100
AcDbEntity
  8
CUT
100
AcDbLine
 10
187.61364166666672
 20
94.6510527777779
 30
0.0
 11
256.6663638888889
 21
94.6510527777779
 31
0.0
  0
LINE
  5
74
330
17
100
AcDbEntity
  8
CUT
100
AcDbLine
 10
6.500000000000009
 20
94.6510527777779
 30
0.0
 11
19.502330555555503
 21
94.6510527777779
 31
0.0
  0
LINE
  5
75
330
17
100
AcDbEntity
  8
CUT
100
AcDbLine
 10
29.504286111111114
 20
94.6510527777779
 30
0.0
 11
98.55700833333341
 21
94.6510527777779
 31
0.0
  0
LINE
  5
76
330
17
100
AcDbEntity
  8
CUT
100
AcDbLine
 10
266.6683194444444
 20
94.6510527777779
 30
0.0
 11
279.67065
 21
94.6510527777779
 31
0.0
  0
LINE
  5
77
330
17
100
AcDbEntity
  8
CUT
100
AcDbLine
 10
108.55896388888891
 20
94.6510527777779
 30
0.0
 11
177.6116861111111
 21
94.6510527777779
 31
0.0
  0
LINE
  5
78
330
17
100
AcDbEntity
  8
CUT
100
AcDbLine
 10
177.6116861111111
 20
97.65142777777791
 30
0.0
 11
187.61364166666672
 21
97.65142777777791
 31
0.0
  0
LINE
  5
79
330
17
100
AcDbEntity
  8
CUT
100
AcDbLine
 10
19.502330555555503
 20
97.65142777777791
 30
0.0
 11
29.504286111111114
 21
97.65142777777791
 31
0.0
  0
LINE
  5
7A
330
17
100
AcDbEntity
  8
CUT
100
AcDbLine
 10
256.6663638888889
 20
97.65142777777791
 30
0.0
 11
266.6683194444444
 21
97.65142777777791
 31
0.0
  0
LINE
  5
7B
330
17
100
AcDbEntity
  8
CUT
100
AcDbLine
 10
98.55700833333341
 20
97.65142777777791
 30
0.0
 11
108.55896388888891
 21
97.65142777777791
 31
0.0
  0
LINE
  5
7C
330
17
100
AcDbEntity
  8
CUT
100
AcDbLine
 10
279.67065
 20
24.33221111111122
 30
0.0
 11
179.61793333333353
 21
24.33221111111122
 31
0.0
  0
LINE
  5
7D
330
17
100
AcDbEntity
  8
CUT
100
AcDbLine
 10
179.6179333333334
 20
6.5
 30
0.0
 11
6.5
 21
6.5
 31
0.0
  0
LINE
  5
7E
330
17
100
AcDbEntity
  8
CUT
100
AcDbLine
 10
6.500000000000009
 20
17.57475277777792
 30
0.0
 11
9.500375000000009
 21
17.57475277777792
 31
0.0
  0
LINE
  5
7F
330
17
100
AcDbEntity
  8
CUT
100
AcDbLine
 10
9.500375000000009
 20
27.57635555555581
 30
0.0
 11
6.500000000000009
 21
27.57635555555581
 31
0.0
  0
LINE
  5
80
330
17
100
AcDbEntity
  8
ENGRAVE
100
AcDbLine
 10
127.26394708636289
 20
46.61242816649598
 30
0.0
 11
130.06390436175352
 21
46.61242816649598
 31
0.0
  0
LINE
  5
81
330
17
100
AcDbEntity
  8
ENGRAVE
100
AcDbLine
 10
130.06390436175352
 20
46.61242816649598
 30
0.0
 11
130.76389368060117
 21
48.01240680419129
 31
0.0
  0
LINE
  5
82
330
17
100
AcDbEntity
  8
ENGRAVE
100
AcDbLine
 10
130.76389368060117
 20
48.01240680419129
 30
0.0
 11
130.76389368060117
 21
52.21234271727723
 31
0.0
  0
LINE
  5
83
330
17
100
AcDbEntity
  8
ENGRAVE
100
AcDbLine
 10
130.76389368060117
 20
52.21234271727723
 30
0.0
 11
130.06390436175352
 21
53.61232135497254
 31
0.0
  0
LINE
  5
84
330
17
100
AcDbEntity
  8
ENGRAVE
100
AcDbLine
 10
130.06390436175352
 20
53.61232135497254
 30
0.0
 11
127.26394708636289
 21
53.61232135497254
 31
0.0
  0
LINE
  5
85
330
17
100
AcDbEntity
  8
ENGRAVE
100
AcDbLine
 10
127.26394708636289
 20
53.61232135497254
 30
0.0
 11
126.56395776751523
 21
52.21234271727723
 31
0.0
  0
LINE
  5
86
330
17
100
AcDbEntity
  8
ENGRAVE
100
AcDbLine
 10
126.56395776751523
 20
52.21234271727723
 30
0.0
 11
126.56395776751523
 21
48.01240680419129
 31
0.0
  0
LINE
  5
87
330
17
100
AcDbEntity
  8
ENGRAVE
100
AcDbLine
 10
126.56395776751523
 20
48.01240680419129
 30
0.0
 11
127.26394708636289
 21
46.61242816649598
 31
0.0
  0
LINE
  5
88
330
17
100
AcDbEntity
  8
ENGRAVE
100
AcDbLine
 10
132.86386163714414
 20
52.21234271727723
 30
0.0
 11
134.26384027483945
 21
53.61232135497254
 31
0.0
  0
LINE
  5
89
330
17
100
AcDbEntity
  8
ENGRAVE
100
AcDbLine
 10
134.26384027483945
 20
53.61232135497254
 30
0.0
 11
134.26384027483945
 21
46.61242816649598
 31
0.0
  0
LINE
  5
8A
330
17
100
AcDbEntity
  8
ENGRAVE
100
AcDbLine
 10
132.86386163714414
 20
46.61242816649598
 30
0.0
 11
135.66381891253477
 21
46.61242816649598
 31
0.0
  0
LINE
  5
8B
330
17
100
AcDbEntity
  8
CUT
100
AcDbLine
 10
455.78858333333346
 20
34.12673333333343
 30
0.0
 11
455.78858333333346
 21
44.12868888888899
 31
0.0
  0
LINE
  5
8C
330
17
100
AcDbEntity
  8
CUT
100
AcDbLine
 10
452.78785555555567
 20
44.12868888888899
 30
0.0
 11
452.78785555555567
 21
34.12673333333343
 31
0.0
  0
LINE
  5
8D
330
17
100
AcDbEntity
  8
CUT
100
AcDbLine
 10
455.78858333333346
 20
44.12868888888899
 30
0.0
 11
452.78785555555567
 21
44.12868888888899
 31
0.0
  0
LINE
  5
8E
330
17
100
AcDbEntity
  8
CUT
100
AcDbLine
 10
452.78785555555567
 20
34.12673333333343
 30
0.0
 11
455.78858333333346
 21
34.12673333333343
 31
0.0
  0
LINE
  5
8F
330
17
100
AcDbEntity
  8
CUT
100
AcDbLine
 10
452.78785555555567
 20
84.6490972222223
 30
0.0
 11
452.78785555555567
 21
74.64714166666683
 31
0.0
  0
LINE
  5
90
330
17
100
AcDbEntity
  8
CUT
100
AcDbLine
 10
455.78858333333346
 20
74.64714166666683
 30
0.0
 11
455.78858333333346
 21
84.6490972222223
 31
0.0
  0
LINE
  5
91
330
17
100
AcDbEntity
  8
CUT
100
AcDbLine
 10
455.78858333333346
 20
84.6490972222223
 30
0.0
 11
452.78785555555567
 21
84.6490972222223
 31
0.0
  0
LINE
  5
92
330
17
100
AcDbEntity
  8
CUT
100
AcDbLine
 10
452.78785555555567
 20
74.64714166666683
 30
0.0
 11
455.78858333333346
 21
74.64714166666683
 31
0.0
  0
LINE
  5
93
330
17
100
AcDbEntity
  8
CUT
100
AcDbLine
 10
464.1247222222223
 20
12.128569444444622
 30
0.0
 11
464.22067777777784
 21
11.152786111111194
 31
0.0
  0
LINE
  5
94
330
17
100
AcDbEntity
  8
CUT
100
AcDbLine
 10
491.10446111111116
 20
7.507886111111301
 30
0.0
 11
491.9691194444446
 21
7.9700250000000965
 31
0.0
  0
LINE
  5
95
330
17
100
AcDbEntity
  8
CUT
100
AcDbLine
 10
466.34722222222223
 20
7.9700250000000965
 30
0.0
 11
467.21188055555564
 21
7.507886111111301
 31
0.0
  0
LINE
  5
96
330
17
100
AcDbEntity
  8
CUT
100
AcDbLine
 10
464.9671555555557
 20
9.350091666666831
 30
0.0
 11
465.58910277777784
 21
8.591972222222292
 31
0.0
  0
LINE
  5
97
330
17
100
AcDbEntity
  8
CUT
100
AcDbLine
 10
468.1252222222223
 20
16.129069444444642
 30
0.0
 11
468.1252222222223
 21
13.128341666666817
 31
0.0
  0
LINE
  5
98
330
17
100
AcDbEntity
  8
CUT
100
AcDbLine
 10
465.58910277777784
 20
8.591972222222292
 30
0.0
 11
466.34722222222223
 21
7.9700250000000965
 31
0.0
  0
LINE
  5
99
330
17
100
AcDbEntity
  8
CUT
100
AcDbLine
 10
494.09531111111124
 20
11.152786111111194
 30
0.0
 11
494.1916194444444
 21
12.128569444444622
 31
0.0
  0
LINE
  5
9A
330
17
100
AcDbEntity
  8
CUT
100
AcDbLine
 10
471.12595000000005
 20
19.129797222222294
 30
0.0
 11
471.12595000000005
 21
16.129069444444642
 31
0.0
  0
LINE
  5
9B
330
17
100
AcDbEntity
  8
CUT
100
AcDbLine
 10
464.50501666666673
 20
10.214397222222415
 30
0.0
 11
464.9671555555557
 21
9.350091666666831
 31
0.0
  0
LINE
  5
9C
330
17
100
AcDbEntity
  8
CUT
100
AcDbLine
 10
491.9691194444446
 20
7.9700250000000965
 30
0.0
 11
492.72688611111124
 21
8.591972222222292
 31
0.0
  0
LINE
  5
9D
330
17
100
AcDbEntity
  8
CUT
100
AcDbLine
 10
490.1907666666667
 20
13.128341666666817
 30
0.0
 11
490.1907666666667
 21
16.129069444444642
 31
0.0
  0
LINE
  5
9E
330
17
100
AcDbEntity
  8
CUT
100
AcDbLine
 10
490.16607222222234
 20
7.223547222222287
 30
0.0
 11
491.10446111111116
 21
7.507886111111301
 31
0.0
  0
LINE
  5
9F
330
17
100
AcDbEntity
  8
CUT
100
AcDbLine
 10
493.81061944444457
 20
10.214397222222415
 30
0.0
 11
494.09531111111124
 21
11.152786111111194
 31
0.0
  0
LINE
  5
A0
330
17
100
AcDbEntity
  8
CUT
100
AcDbLine
 10
492.72688611111124
 20
8.591972222222292
 30
0.0
 11
493.34883333333346
 21
9.350091666666831
 31
0.0
  0
LINE
  5
A1
330
17
100
AcDbEntity
  8
CUT
100
AcDbLine
 10
464.22067777777784
 20
11.152786111111194
 30
0.0
 11
464.50501666666673
 21
10.214397222222415
 31
0.0
  0
LINE
  5
A2
330
17
100
AcDbEntity
  8
CUT
100
AcDbLine
 10
467.21188055555564
 20
7.507886111111301
 30
0.0
 11
468.14991666666674
 21
7.223547222222287
 31
0.0
  0
LINE
  5
A3
330
17
100
AcDbEntity
  8
CUT
100
AcDbLine
 10
494.1916194444444
 20
12.128569444444622
 30
0.0
 11
494.1916194444444
 21
13.128341666666817
 31
0.0
  0
LINE
  5
A4
330
17
100
AcDbEntity
  8
CUT
100
AcDbLine
 10
487.1900388888889
 20
16.129069444444642
 30
0.0
 11
487.1900388888889
 21
19.129797222222294
 31
0.0
  0
LINE
  5
A5
330
17
100
AcDbEntity
  8
CUT
100
AcDbLine
 10
493.34883333333346
 20
9.350091666666831
 30
0.0
 11
493.81061944444457
 21
10.214397222222415
 31
0.0
  0
LINE
  5
A6
330
17
100
AcDbEntity
  8
CUT
100
AcDbLine
 10
464.1247222222223
 20
13.128341666666817
 30
0.0
 11
464.1247222222223
 21
12.128569444444622
 31
0.0
  0
LINE
  5
A7
330
17
100
AcDbEntity
  8
CUT
100
AcDbLine
 10
490.1907666666667
 20
16.129069444444642
 30
0.0
 11
487.1900388888889
 21
16.129069444444642
 31
0.0
  0
LINE
  5
A8
330
17
100
AcDbEntity
  8
CUT
100
AcDbLine
 10
471.12595000000005
 20
16.129069444444642
 30
0.0
 11
468.1252222222223
 21
16.129069444444642
 31
0.0
  0
LINE
  5
A9
330
17
100
AcDbEntity
  8
CUT
100
AcDbLine
 10
468.1252222222223
 20
13.128341666666817
 30
0.0
 11
464.1247222222223
 21
13.128341666666817
 31
0.0
  0
LINE
  5
AA
330
17
100
AcDbEntity
  8
CUT
100
AcDbLine
 10
494.1916194444444
 20
13.128341666666817
 30
0.0
 11
490.1907666666667
 21
13.128341666666817
 31
0.0
  0
LINE
  5
AB
330
17
100
AcDbEntity
  8
CUT
100
AcDbLine
 10
487.1900388888889
 20
19.129797222222294
 30
0.0
 11
471.12595000000005
 21
19.129797222222294
 31
0.0
  0
LINE
  5
AC
330
17
100
AcDbEntity
  8
CUT
100
AcDbLine
 10
469.1253472222222
 20
7.127238888888993
 30
0.0
 11
489.190288888889
 21
7.127238888888993
 31
0.0
  0
LINE
  5
AD
330
17
100
AcDbEntity
  8
CUT
100
AcDbLine
 10
489.190288888889
 20
7.127238888888993
 30
0.0
 11
490.16607222222234
 21
7.223547222222287
 31
0.0
  0
LINE
  5
AE
330
17
100
AcDbEntity
  8
CUT
100
AcDbLine
 10
468.14991666666674
 20
7.223547222222287
 30
0.0
 11
469.1253472222222
 21
7.127238888888993
 31
0.0
  0
LINE
  5
AF
330
17
100
AcDbEntity
  8
CUT
100
AcDbLine
 10
285.67102500000004
 20
17.57475277777792
 30
0.0
 11
285.67102500000004
 21
27.57635555555581
 31
0.0
  0
LINE
  5
B0
330
17
100
AcDbEntity
  8
CUT
100
AcDbLine
 10
463.7842916666667
 20
97.65142777777791
 30
0.0
 11
463.7842916666667
 21
94.6510527777779
 31
0.0
  0
LINE
  5
B1
330
17
100
AcDbEntity
  8
CUT
100
AcDbLine
 10
532.8370138888889
 20
94.6510527777779
 30
0.0
 11
532.8370138888889
 21
97.65142777777791
 31
0.0
  0
LINE
  5
B2
330
17
100
AcDbEntity
  8
CUT
100
AcDbLine
 10
282.67065
 20
6.5
 30
0.0
 11
282.67065
 21
17.57475277777792
 31
0.0
  0
LINE
  5
B3
330
17
100
AcDbEntity
  8
CUT
100
AcDbLine
 10
542.8389694444445
 20
97.65142777777791
 30
0.0
 11
542.8389694444445
 21
94.6510527777779
 31
0.0
  0
LINE
  5
B4
330
17
100
AcDbEntity
  8
CUT
100
AcDbLine
 10
555.8413
 20
34.12673333333343
 30
0.0
 11
555.8413
 21
24.33221111111122
 31
0.0
  0
LINE
  5
B5
330
17
100
AcDbEntity
  8
CUT
100
AcDbLine
 10
555.8413
 20
94.6510527777779
 30
0.0
 11
555.8413
 21
84.6490972222223
 31
0.0
  0
LINE
  5
B6
330
17
100
AcDbEntity
  8
CUT
100
AcDbLine
 10
552.840925
 20
84.6490972222223
 30
0.0
 11
552.840925
 21
74.64714166666683
 31
0.0
  0
LINE
  5
B7
330
17
100
AcDbEntity
  8
CUT
100
AcDbLine
 10
305.67493611111115
 20
97.65142777777791
 30
0.0
 11
305.67493611111115
 21
94.6510527777779
 31
0.0
  0
LINE
  5
B8
330
17
100
AcDbEntity
  8
CUT
100
AcDbLine
 10
552.840925
 20
44.12868888888899
 30
0.0
 11
552.840925
 21
34.12673333333343
 31
0.0
  0
LINE
  5
B9
330
17
100
AcDbEntity
  8
CUT
100
AcDbLine
 10
285.67102500000004
 20
74.64714166666683
 30
0.0
 11
285.67102500000004
 21
84.6490972222223
 31
0.0
  0
LINE
  5
BA
330
17
100
AcDbEntity
  8
CUT
100
AcDbLine
 10
555.8413
 20
74.64714166666683
 30
0.0
 11
555.8413
 21
44.12868888888899
 31
0.0
  0
LINE
  5
BB
330
17
100
AcDbEntity
  8
CUT
100
AcDbLine
 10
453.78233611111114
 20
94.6510527777779
 30
0.0
 11
453.78233611111114
 21
97.65142777777791
 31
0.0
  0
LINE
  5
BC
330
17
100
AcDbEntity
  8
CUT
100
AcDbLine
 10
282.67065
 20
84.6490972222223
 30
0.0
 11
282.67065
 21
94.6510527777779
 31
0.0
  0
LINE
  5
BD
330
17
100
AcDbEntity
  8
CUT
100
AcDbLine
 10
374.72765833333347
 20
94.6510527777779
 30
0.0
 11
374.72765833333347
 21
97.65142777777791
 31
0.0
  0
LINE
  5
BE
330
17
100
AcDbEntity
  8
CUT
100
AcDbLine
 10
295.6729805555555
 20
94.6510527777779
 30
0.0
 11
295.6729805555555
 21
97.65142777777791
 31
0.0
  0
LINE
  5
BF
330
17
100
AcDbEntity
  8
CUT
100
AcDbLine
 10
455.78858333333346
 20
24.33221111111122
 30
0.0
 11
455.78858333333346
 21
6.5
 31
0.0
  0
LINE
  5
C0
330
17
100
AcDbEntity
  8
CUT
100
AcDbLine
 10
282.67065
 20
27.57635555555581
 30
0.0
 11
282.67065
 21
74.64714166666683
 31
0.0
  0
LINE
  5
C1
330
17
100
AcDbEntity
  8
CUT
100
AcDbLine
 10
384.72961388888893
 20
97.65142777777791
 30
0.0
 11
384.72961388888893
 21
94.6510527777779
 31
0.0
  0
LINE
  5
C2
330
17
100
AcDbEntity
  8
CUT
100
AcDbLine
 10
555.8413
 20
44.12868888888899
 30
0.0
 11
552.840925
 21
44.12868888888899
 31
0.0
  0
LINE
  5
C3
330
17
100
AcDbEntity
  8
CUT
100
AcDbLine
 10
555.8413
 20
84.6490972222223
 30
0.0
 11
552.840925
 21
84.6490972222223
 31
0.0
  0
LINE
  5
C4
330
17
100
AcDbEntity
  8
CUT
100
AcDbLine
 10
285.67102500000004
 20
84.6490972222223
 30
0.0
 11
282.67065
 21
84.6490972222223
 31
0.0
  0
LINE
  5
C5
330
17
100
AcDbEntity
  8
CUT
100
AcDbLine
 10
552.840925
 20
74.64714166666683
 30
0.0
 11
555.8413
 21
74.64714166666683
 31
0.0
  0
LINE
  5
C6
330
17
100
AcDbEntity
  8
CUT
100
AcDbLine
 10
282.67065
 20
74.64714166666683
 30
0.0
 11
285.67102500000004
 21
74.64714166666683
 31
0.0
  0
LINE
  5
C7
330
17
100
AcDbEntity
  8
CUT
100
AcDbLine
 10
552.840925
 20
34.12673333333343
 30
0.0
 11
555.8413
 21
34.12673333333343
 31
0.0
  0
LINE
  5
C8
330
17
100
AcDbEntity
  8
CUT
100
AcDbLine
 10
463.7842916666667
 20
94.6510527777779
 30
0.0
 11
532.8370138888889
 21
94.6510527777779
 31
0.0
  0
LINE
  5
C9
330
17
100
AcDbEntity
  8
CUT
100
AcDbLine
 10
282.67065
 20
94.6510527777779
 30
0.0
 11
295.6729805555555
 21
94.6510527777779
 31
0.0
  0
LINE
  5
CA
330
17
100
AcDbEntity
  8
CUT
100
AcDbLine
 10
305.67493611111115
 20
94.6510527777779
 30
0.0
 11
374.72765833333347
 21
94.6510527777779
 31
0.0
  0
LINE
  5
CB
330
17
100
AcDbEntity
  8
CUT
100
AcDbLine
 10
542.8389694444445
 20
94.6510527777779
 30
0.0
 11
555.8413
 21
94.6510527777779
 31
0.0
  0
LINE
  5
CC
330
17
100
AcDbEntity
  8
CUT
100
AcDbLine
 10
384.72961388888893
 20
94.6510527777779
 30
0.0
 11
453.78233611111114
 21
94.6510527777779
 31
0.0
  0
LINE
  5
CD
330
17
100
AcDbEntity
  8
CUT
100
AcDbLine
 10
453.78233611111114
 20
97.65142777777791
 30
0.0
 11
463.7842916666667
 21
97.65142777777791
 31
0.0
  0
LINE
  5
CE
330
17
100
AcDbEntity
  8
CUT
100
AcDbLine
 10
295.6729805555555
 20
97.65142777777791
 30
0.0
 11
305.67493611111115
 21
97.65142777777791
 31
0.0
  0
LINE
  5
CF
330
17
100
AcDbEntity
  8
CUT
100
AcDbLine
 10
532.8370138888889
 20
97.65142777777791
 30
0.0
 11
542.8389694444445
 21
97.65142777777791
 31
0.0
  0
LINE
  5
D0
330
17
100
AcDbEntity
  8
CUT
100
AcDbLine
 10
374.72765833333347
 20
97.65142777777791
 30
0.0
 11
384.72961388888893
 21
97.65142777777791
 31
0.0
  0
LINE
  5
D1
330
17
100
AcDbEntity
  8
CUT
100
AcDbLine
 10
555.8413
 20
24.33221111111122
 30
0.0
 11
455.7885833333336
 21
24.33221111111122
 31
0.0
  0
LINE
  5
D2
330
17
100
AcDbEntity
  8
CUT
100
AcDbLine
 10
455.78858333333346
 20
6.5
 30
0.0
 11
282.67065
 21
6.5
 31
0.0
  0
LINE
  5
D3
330
17
100
AcDbEntity
  8
CUT
100
AcDbLine
 10
282.67065
 20
17.57475277777792
 30
0.0
 11
285.67102500000004
 21
17.57475277777792
 31
0.0
  0
LINE
  5
D4
330
17
100
AcDbEntity
  8
CUT
100
AcDbLine
 10
285.67102500000004
 20
27.57635555555581
 30
0.0
 11
282.67065
 21
27.57635555555581
 31
0.0
  0
LINE
  5
D5
330
17
100
AcDbEntity
  8
ENGRAVE
100
AcDbLine
 10
403.43459708636294
 20
46.61242816649598
 30
0.0
 11
406.23455436175357
 21
46.61242816649598
 31
0.0
  0
LINE
  5
D6
330
17
100
AcDbEntity
  8
ENGRAVE
100
AcDbLine
 10
406.23455436175357
 20
46.61242816649598
 30
0.0
 11
406.9345436806012
 21
48.01240680419129
 31
0.0
  0
LINE
  5
D7
330
17
100
AcDbEntity
  8
ENGRAVE
100
AcDbLine
 10
406.9345436806012
 20
48.01240680419129
 30
0.0
 11
406.9345436806012
 21
52.21234271727723
 31
0.0
  0
LINE
  5
D8
330
17
100
AcDbEntity
  8
ENGRAVE
100
AcDbLine
 10
406.9345436806012
 20
52.21234271727723
 30
0.0
 11
406.23455436175357
 21
53.61232135497254
 31
0.0
  0
LINE
  5
D9
330
17
100
AcDbEntity
  8
ENGRAVE
100
AcDbLine
 10
406.23455436175357
 20
53.61232135497254
 30
0.0
 11
403.43459708636294
 21
53.61232135497254
 31
0.0
  0
LINE
  5
DA
330
17
100
AcDbEntity
  8
ENGRAVE
100
AcDbLine
 10
403.43459708636294
 20
53.61232135497254
 30
0.0
 11
402.7346077675153
 21
52.21234271727723
 31
0.0
  0
LINE
  5
DB
330
17
100
AcDbEntity
  8
ENGRAVE
100
AcDbLine
 10
402.7346077675153
 20
52.21234271727723
 30
0.0
 11
402.7346077675153
 21
48.01240680419129
 31
0.0
  0
LINE
  5
DC
330
17
100
AcDbEntity
  8
ENGRAVE
100
AcDbLine
 10
402.7346077675153
 20
48.01240680419129
 30
0.0
 11
403.43459708636294
 21
46.61242816649598
 31
0.0
  0
LINE
  5
DD
330
17
100
AcDbEntity
  8
ENGRAVE
100
AcDbLine
 10
409.0345116371442
 20
52.21234271727723
 30
0.0
 11
410.4344902748395
 21
53.61232135497254
 31
0.0
  0
LINE
  5
DE
330
17
100
AcDbEntity
  8
ENGRAVE
100
AcDbLine
 10
410.4344902748395
 20
53.61232135497254
 30
0.0
 11
410.4344902748395
 21
46.61242816649598
 31
0.0
  0
LINE
  5
DF
330
17
100
AcDbEntity
  8
ENGRAVE
100
AcDbLine
 10
409.0345116371442
 20
46.61242816649598
 30
0.0
 11
411.8344689125348
 21
46.61242816649598
 31
0.0
  0
LINE
  5
E0
330
17
100
AcDbEntity
  8
CUT
100
AcDbLine
 10
179.6179333333334
 20
128.27816111111133
 30
0.0
 11
179.6179333333334
 21
138.2801166666669
 31
0.0
  0
LINE
  5
E1
330
17
100
AcDbEntity
  8
CUT
100
AcDbLine
 10
176.6172055555556
 20
138.2801166666669
 30
0.0
 11
176.6172055555556
 21
128.27816111111133
 31
0.0
  0
LINE
  5
E2
330
17
100
AcDbEntity
  8
CUT
100
AcDbLine
 10
179.6179333333334
 20
138.2801166666669
 30
0.0
 11
176.6172055555556
 21
138.2801166666669
 31
0.0
  0
LINE
  5
E3
330
17
100
AcDbEntity
  8
CUT
100
AcDbLine
 10
176.6172055555556
 20
128.27816111111133
 30
0.0
 11
179.6179333333334
 21
128.27816111111133
 31
0.0
  0
LINE
  5
E4
330
17
100
AcDbEntity
  8
CUT
100
AcDbLine
 10
176.6172055555556
 20
178.80052500000022
 30
0.0
 11
176.6172055555556
 21
168.79856944444475
 31
0.0
  0
LINE
  5
E5
330
17
100
AcDbEntity
  8
CUT
100
AcDbLine
 10
179.6179333333334
 20
168.79856944444475
 30
0.0
 11
179.6179333333334
 21
178.80052500000022
 31
0.0
  0
LINE
  5
E6
330
17
100
AcDbEntity
  8
CUT
100
AcDbLine
 10
179.6179333333334
 20
178.80052500000022
 30
0.0
 11
176.6172055555556
 21
178.80052500000022
 31
0.0
  0
LINE
  5
E7
330
17
100
AcDbEntity
  8
CUT
100
AcDbLine
 10
176.6172055555556
 20
168.79856944444475
 30
0.0
 11
179.6179333333334
 21
168.79856944444475
 31
0.0
  0
LINE
  5
E8
330
17
100
AcDbEntity
  8
CUT
100
AcDbLine
 10
187.95407222222232
 20
106.27999722222253
 30
0.0
 11
188.0500277777778
 21
105.30421388888911
 31
0.0
  0
LINE
  5
E9
330
17
100
AcDbEntity
  8
CUT
100
AcDbLine
 10
214.9338111111111
 20
101.65931388888922
 30
0.0
 11
215.79846944444452
 21
102.121452777778
 31
0.0
  0
LINE
  5
EA
330
17
100
AcDbEntity
  8
CUT
100
AcDbLine
 10
190.1765722222222
 20
102.121452777778
 30
0.0
 11
191.04123055555561
 21
101.65931388888922
 31
0.0
  0
LINE
  5
EB
330
17
100
AcDbEntity
  8
CUT
100
AcDbLine
 10
188.79650555555563
 20
103.50151944444474
 30
0.0
 11
189.41845277777782
 21
102.74340000000021
 31
0.0
  0
LINE
  5
EC
330
17
100
AcDbEntity
  8
CUT
100
AcDbLine
 10
191.9545722222223
 20
110.28049722222255
 30
0.0
 11
191.9545722222223
 21
107.27976944444472
 31
0.0
  0
LINE
  5
ED
330
17
100
AcDbEntity
  8
CUT
100
AcDbLine
 10
189.41845277777782
 20
102.74340000000021
 30
0.0
 11
190.1765722222222
 21
102.121452777778
 31
0.0
  0
LINE
  5
EE
330
17
100
AcDbEntity
  8
CUT
100
AcDbLine
 10
217.92466111111122
 20
105.30421388888911
 30
0.0
 11
218.0209694444444
 21
106.27999722222253
 31
0.0
  0
LINE
  5
EF
330
17
100
AcDbEntity
  8
CUT
100
AcDbLine
 10
194.95530000000002
 20
113.2812250000002
 30
0.0
 11
194.95530000000002
 21
110.28049722222255
 31
0.0
  0
LINE
  5
F0
330
17
100
AcDbEntity
  8
CUT
100
AcDbLine
 10
188.3343666666667
 20
104.36582500000033
 30
0.0
 11
188.79650555555563
 21
103.50151944444474
 31
0.0
  0
LINE
  5
F1
330
17
100
AcDbEntity
  8
CUT
100
AcDbLine
 10
215.79846944444452
 20
102.121452777778
 30
0.0
 11
216.55623611111122
 21
102.74340000000021
 31
0.0
  0
LINE
  5
F2
330
17
100
AcDbEntity
  8
CUT
100
AcDbLine
 10
214.02011666666672
 20
107.27976944444472
 30
0.0
 11
214.02011666666672
 21
110.28049722222255
 31
0.0
  0
LINE
  5
F3
330
17
100
AcDbEntity
  8
CUT
100
AcDbLine
 10
213.99542222222232
 20
101.3749750000002
 30
0.0
 11
214.9338111111111
 21
101.65931388888922
 31
0.0
  0
LINE
  5
F4
330
17
100
AcDbEntity
  8
CUT
100
AcDbLine
 10
217.63996944444452
 20
104.36582500000033
 30
0.0
 11
217.92466111111122
 21
105.30421388888911
 31
0.0
  0
LINE
  5
F5
330
17
100
AcDbEntity
  8
CUT
100
AcDbLine
 10
216.55623611111122
 20
102.74340000000021
 30
0.0
 11
217.1781833333334
 21
103.50151944444474
 31
0.0
  0
LINE
  5
F6
330
17
100
AcDbEntity
  8
CUT
100
AcDbLine
 10
188.0500277777778
 20
105.30421388888911
 30
0.0
 11
188.3343666666667
 21
104.36582500000033
 31
0.0
  0
LINE
  5
F7
330
17
100
AcDbEntity
  8
CUT
100
AcDbLine
 10
191.04123055555561
 20
101.65931388888922
 30
0.0
 11
191.97926666666672
 21
101.3749750000002
 31
0.0
  0
LINE
  5
F8
330
17
100
AcDbEntity
  8
CUT
100
AcDbLine
 10
218.0209694444444
 20
106.27999722222253
 30
0.0
 11
218.0209694444444
 21
107.27976944444472
 31
0.0
  0
LINE
  5
F9
330
17
100
AcDbEntity
  8
CUT
100
AcDbLine
 10
211.01938888888893
 20
110.28049722222255
 30
0.0
 11
211.01938888888893
 21
113.2812250000002
 31
0.0
  0
LINE
  5
FA
330
17
100
AcDbEntity
  8
CUT
100
AcDbLine
 10
217.1781833333334
 20
103.50151944444474
 30
0.0
 11
217.63996944444452
 21
104.36582500000033
 31
0.0
  0
LINE
  5
FB
330
17
100
AcDbEntity
  8
CUT
100
AcDbLine
 10
187.95407222222232
 20
107.27976944444472
 30
0.0
 11
187.95407222222232
 21
106.27999722222253
 31
0.0
  0
LINE
  5
FC
330
17
100
AcDbEntity
  8
CUT
100
AcDbLine
 10
214.02011666666672
 20
110.28049722222255
 30
0.0
 11
211.01938888888893
 21
110.28049722222255
 31
0.0
  0
LINE
  5
FD
330
17
100
AcDbEntity
  8
CUT
100
AcDbLine
 10
194.95530000000002
 20
110.28049722222255
 30
0.0
 11
191.9545722222223
 21
110.28049722222255
 31
0.0
  0
LINE
  5
FE
330
17
100
AcDbEntity
  8
CUT
100
AcDbLine
 10
191.9545722222223
 20
107.27976944444472
 30
0.0
 11
187.95407222222232
 21
107.27976944444472
 31
0.0
  0
LINE
  5
FF
330
17
100
AcDbEntity
  8
CUT
100
AcDbLine
 10
218.0209694444444
 20
107.27976944444472
 30
0.0
 11
214.02011666666672
 21
107.27976944444472
 31
0.0
  0
LINE
  5
100
330
17
100
AcDbEntity
  8
CUT
100
AcDbLine
 10
211.01938888888893
 20
113.2812250000002
 30
0.0
 11
194.95530000000002
 21
113.2812250000002
 31
0.0
  0
LINE
  5
101
330
17
100
AcDbEntity
  8
CUT
100
AcDbLine
 10
192.95469722222222
 20
101.27866666666691
 30
0.0
 11
213.01963888888892
 21
101.27866666666691
 31
0.0
  0
LINE
  5
102
330
17
100
AcDbEntity
  8
CUT
100
AcDbLine
 10
213.01963888888892
 20
101.27866666666691
 30
0.0
 11
213.99542222222232
 21
101.3749750000002
 31
0.0
  0
LINE
  5
103
330
17
100
AcDbEntity
  8
CUT
100
AcDbLine
 10
191.97926666666672
 20
101.3749750000002
 30
0.0
 11
192.95469722222222
 21
101.27866666666691
 31
0.0
  0
LINE
  5
104
330
17
100
AcDbEntity
  8
CUT
100
AcDbLine
 10
9.500375000000009
 20
111.72618055555583
 30
0.0
 11
9.500375000000009
 21
121.72778333333372
 31
0.0
  0
LINE
  5
105
330
17
100
AcDbEntity
  8
CUT
100
AcDbLine
 10
187.61364166666672
 20
191.80285555555582
 30
0.0
 11
187.61364166666672
 21
188.8024805555558
 31
0.0
  0
LINE
  5
106
330
17
100
AcDbEntity
  8
CUT
100
AcDbLine
 10
256.6663638888889
 20
188.8024805555558
 30
0.0
 11
256.6663638888889
 21
191.80285555555582
 31
0.0
  0
LINE
  5
107
330
17
100
AcDbEntity
  8
CUT
100
AcDbLine
 10
6.500000000000009
 20
100.65142777777791
 30
0.0
 11
6.500000000000009
 21
111.72618055555583
 31
0.0
  0
LINE
  5
108
330
17
100
AcDbEntity
  8
CUT
100
AcDbLine
 10
266.6683194444444
 20
191.80285555555582
 30
0.0
 11
266.6683194444444
 21
188.8024805555558
 31
0.0
  0
LINE
  5
109
330
17
100
AcDbEntity
  8
CUT
100
AcDbLine
 10
279.67065
 20
128.27816111111133
 30
0.0
 11
279.67065
 21
118.48363888888913
 31
0.0
  0
LINE
  5
10A
330
17
100
AcDbEntity
  8
CUT
100
AcDbLine
 10
279.67065
 20
188.8024805555558
 30
0.0
 11
279.67065
 21
178.80052500000022
 31
0.0
  0
LINE
  5
10B
330
17
100
AcDbEntity
  8
CUT
100
AcDbLine
 10
276.6702749999999
 20
178.80052500000022
 30
0.0
 11
276.6702749999999
 21
168.79856944444475
 31
0.0
  0
LINE
  5
10C
330
17
100
AcDbEntity
  8
CUT
100
AcDbLine
 10
29.504286111111114
 20
191.80285555555582
 30
0.0
 11
29.504286111111114
 21
188.8024805555558
 31
0.0
  0
LINE
  5
10D
330
17
100
AcDbEntity
  8
CUT
100
AcDbLine
 10
276.6702749999999
 20
138.2801166666669
 30
0.0
 11
276.6702749999999
 21
128.27816111111133
 31
0.0
  0
LINE
  5
10E
330
17
100
AcDbEntity
  8
CUT
100
AcDbLine
 10
9.500375000000009
 20
168.79856944444475
 30
0.0
 11
9.500375000000009
 21
178.80052500000022
 31
0.0
  0
LINE
  5
10F
330
17
100
AcDbEntity
  8
CUT
100
AcDbLine
 10
279.67065
 20
168.79856944444475
 30
0.0
 11
279.67065
 21
138.2801166666669
 31
0.0
  0
LINE
  5
110
330
17
100
AcDbEntity
  8
CUT
100
AcDbLine
 10
177.6116861111111
 20
188.8024805555558
 30
0.0
 11
177.6116861111111
 21
191.80285555555582
 31
0.0
  0
LINE
  5
111
330
17
100
AcDbEntity
  8
CUT
100
AcDbLine
 10
6.500000000000009
 20
178.80052500000022
 30
0.0
 11
6.500000000000009
 21
188.8024805555558
 31
0.0
  0
LINE
  5
112
330
17
100
AcDbEntity
  8
CUT
100
AcDbLine
 10
98.55700833333341
 20
188.8024805555558
 30
0.0
 11
98.55700833333341
 21
191.80285555555582
 31
0.0
  0
LINE
  5
113
330
17
100
AcDbEntity
  8
CUT
100
AcDbLine
 10
19.502330555555503
 20
188.8024805555558
 30
0.0
 11
19.502330555555503
 21
191.80285555555582
 31
0.0
  0
LINE
  5
114
330
17
100
AcDbEntity
  8
CUT
100
AcDbLine
 10
179.6179333333334
 20
118.48363888888913
 30
0.0
 11
179.6179333333334
 21
100.65142777777791
 31
0.0
  0
LINE
  5
115
330
17
100
AcDbEntity
  8
CUT
100
AcDbLine
 10
6.500000000000009
 20
121.72778333333372
 30
0.0
 11
6.500000000000009
 21
168.79856944444475
 31
0.0
  0
LINE
  5
116
330
17
100
AcDbEntity
  8
CUT
100
AcDbLine
 10
108.55896388888891
 20
191.80285555555582
 30
0.0
 11
108.55896388888891
 21
188.8024805555558
 31
0.0
  0
LINE
  5
117
330
17
100
AcDbEntity
  8
CUT
100
AcDbLine
 10
279.67065
 20
138.2801166666669
 30
0.0
 11
276.6702749999999
 21
138.2801166666669
 31
0.0
  0
LINE
  5
118
330
17
100
AcDbEntity
  8
CUT
100
AcDbLine
 10
279.67065
 20
178.80052500000022
 30
0.0
 11
276.6702749999999
 21
178.80052500000022
 31
0.0
  0
LINE
  5
119
330
17
100
AcDbEntity
  8
CUT
100
AcDbLine
 10
9.500375000000009
 20
178.80052500000022
 30
0.0
 11
6.500000000000009
 21
178.80052500000022
 31
0.0
  0
LINE
  5
11A
330
17
100
AcDbEntity
  8
CUT
100
AcDbLine
 10
276.6702749999999
 20
168.79856944444475
 30
0.0
 11
279.67065
 21
168.79856944444475
 31
0.0
  0
LINE
  5
11B
330
17
100
AcDbEntity
  8
CUT
100
AcDbLine
 10
6.500000000000009
 20
168.79856944444475
 30
0.0
 11
9.500375000000009
 21
168.79856944444475
 31
0.0
  0
LINE
  5
11C
330
17
100
AcDbEntity
  8
CUT
100
AcDbLine
 10
276.6702749999999
 20
128.27816111111133
 30
0.0
 11
279.67065
 21
128.27816111111133
 31
0.0
  0
LINE
  5
11D
330
17
100
AcDbEntity
  8
CUT
100
AcDbLine
 10
187.61364166666672
 20
188.8024805555558
 30
0.0
 11
256.6663638888889
 21
188.8024805555558
 31
0.0
  0
LINE
  5
11E
330
17
100
AcDbEntity
  8
CUT
100
AcDbLine
 10
6.500000000000009
 20
188.8024805555558
 30
0.0
 11
19.502330555555503
 21
188.8024805555558
 31
0.0
  0
LINE
  5
11F
330
17
100
AcDbEntity
  8
CUT
100
AcDbLine
 10
29.504286111111114
 20
188.8024805555558
 30
0.0
 11
98.55700833333341
 21
188.8024805555558
 31
0.0
  0
LINE
  5
120
330
17
100
AcDbEntity
  8
CUT
100
AcDbLine
 10
266.6683194444444
 20
188.8024805555558
 30
0.0
 11
279.67065
 21
188.8024805555558
 31
0.0
  0
LINE
  5
121
330
17
100
AcDbEntity
  8
CUT
100
AcDbLine
 10
108.55896388888891
 20
188.8024805555558
 30
0.0
 11
177.6116861111111
 21
188.8024805555558
 31
0.0
  0
LINE
  5
122
330
17
100
AcDbEntity
  8
CUT
100
AcDbLine
 10
177.6116861111111
 20
191.80285555555582
 30
0.0
 11
187.61364166666672
 21
191.80285555555582
 31
0.0
  0
LINE
  5
123
330
17
100
AcDbEntity
  8
CUT
100
AcDbLine
 10
19.502330555555503
 20
191.80285555555582
 30
0.0
 11
29.504286111111114
 21
191.80285555555582
 31
0.0
  0
LINE
  5
124
330
17
100
AcDbEntity
  8
CUT
100
AcDbLine
 10
256.6663638888889
 20
191.80285555555582
 30
0.0
 11
266.6683194444444
 21
191.80285555555582
 31
0.0
  0
LINE
  5
125
330
17
100
AcDbEntity
  8
CUT
100
AcDbLine
 10
98.55700833333341
 20
191.80285555555582
 30
0.0
 11
108.55896388888891
 21
191.80285555555582
 31
0.0
  0
LINE
  5
126
330
17
100
AcDbEntity
  8
CUT
100
AcDbLine
 10
279.67065
 20
118.48363888888913
 30
0.0
 11
179.61793333333353
 21
118.48363888888913
 31
0.0
  0
LINE
  5
127
330
17
100
AcDbEntity
  8
CUT
100
AcDbLine
 10
179.6179333333334
 20
100.65142777777791
 30
0.0
 11
6.5
 21
100.65142777777791
 31
0.0
  0
LINE
  5
128
330
17
100
AcDbEntity
  8
CUT
100
AcDbLine
 10
6.500000000000009
 20
111.72618055555583
 30
0.0
 11
9.500375000000009
 21
111.72618055555583
 31
0.0
  0
LINE
  5
129
330
17
100
AcDbEntity
  8
CUT
100
AcDbLine
 10
9.500375000000009
 20
121.72778333333372
 30
0.0
 11
6.500000000000009
 21
121.72778333333372
 31
0.0
  0
LINE
  5
12A
330
17
100
AcDbEntity
  8
ENGRAVE
100
AcDbLine
 10
127.26394708636289
 20
140.7638559442739
 30
0.0
 11
130.06390436175352
 21
140.7638559442739
 31
0.0
  0
LINE
  5
12B
330
17
100
AcDbEntity
  8
ENGRAVE
100
AcDbLine
 10
130.06390436175352
 20
140.7638559442739
 30
0.0
 11
130.76389368060117
 21
142.1638345819692
 31
0.0
  0
LINE
  5
12C
330
17
100
AcDbEntity
  8
ENGRAVE
100
AcDbLine
 10
130.76389368060117
 20
142.1638345819692
 30
0.0
 11
130.76389368060117
 21
146.36377049505515
 31
0.0
  0
LINE
  5
12D
330
17
100
AcDbEntity
  8
ENGRAVE
100
AcDbLine
 10
130.76389368060117
 20
146.36377049505515
 30
0.0
 11
130.06390436175352
 21
147.76374913275046
 31
0.0
  0
LINE
  5
12E
330
17
100
AcDbEntity
  8
ENGRAVE
100
AcDbLine
 10
130.06390436175352
 20
147.76374913275046
 30
0.0
 11
127.26394708636289
 21
147.76374913275046
 31
0.0
  0
LINE
  5
12F
330
17
100
AcDbEntity
  8
ENGRAVE
100
AcDbLine
 10
127.26394708636289
 20
147.76374913275046
 30
0.0
 11
126.56395776751523
 21
146.36377049505515
 31
0.0
  0
LINE
  5
130
330
17
100
AcDbEntity
  8
ENGRAVE
100
AcDbLine
 10
126.56395776751523
 20
146.36377049505515
 30
0.0
 11
126.56395776751523
 21
142.1638345819692
 31
0.0
  0
LINE
  5
131
330
17
100
AcDbEntity
  8
ENGRAVE
100
AcDbLine
 10
126.56395776751523
 20
142.1638345819692
 30
0.0
 11
127.26394708636289
 21
140.7638559442739
 31
0.0
  0
LINE
  5
132
330
17
100
AcDbEntity
  8
ENGRAVE
100
AcDbLine
 10
132.86386163714414
 20
146.36377049505515
 30
0.0
 11
134.26384027483945
 21
147.76374913275046
 31
0.0
  0
LINE
  5
133
330
17
100
AcDbEntity
  8
ENGRAVE
100
AcDbLine
 10
134.26384027483945
 20
147.76374913275046
 30
0.0
 11
134.26384027483945
 21
140.7638559442739
 31
0.0
  0
LINE
  5
134
330
17
100
AcDbEntity
  8
ENGRAVE
100
AcDbLine
 10
132.86386163714414
 20
140.7638559442739
 30
0.0
 11
135.66381891253477
 21
140.7638559442739
 31
0.0
  0
LINE
  5
135
330
17
100
AcDbEntity
  8
CUT
100
AcDbLine
 10
455.78858333333346
 20
128.27816111111133
 30
0.0
 11
455.78858333333346
 21
138.2801166666669
 31
0.0
  0
LINE
  5
136
330
17
100
AcDbEntity
  8
CUT
100
AcDbLine
 10
452.78785555555567
 20
138.2801166666669
 30
0.0
 11
452.78785555555567
 21
128.27816111111133
 31
0.0
  0
LINE
  5
137
330
17
100
AcDbEntity
  8
CUT
100
AcDbLine
 10
455.78858333333346
 20
138.2801166666669
 30
0.0
 11
452.78785555555567
 21
138.2801166666669
 31
0.0
  0
LINE
  5
138
330
17
100
AcDbEntity
  8
CUT
100
AcDbLine
 10
452.78785555555567
 20
128.27816111111133
 30
0.0
 11
455.78858333333346
 21
128.27816111111133
 31
0.0
  0
LINE
  5
139
330
17
100
AcDbEntity
  8
CUT
100
AcDbLine
 10
452.78785555555567
 20
178.80052500000022
 30
0.0
 11
452.78785555555567
 21
168.79856944444475
 31
0.0
  0
LINE
  5
13A
330
17
100
AcDbEntity
  8
CUT
100
AcDbLine
 10
455.78858333333346
 20
168.79856944444475
 30
0.0
 11
455.78858333333346
 21
178.80052500000022
 31
0.0
  0
LINE
  5
13B
330
17
100
AcDbEntity
  8
CUT
100
AcDbLine
 10
455.78858333333346
 20
178.80052500000022
 30
0.0
 11
452.78785555555567
 21
178.80052500000022
 31
0.0
  0
LINE
  5
13C
330
17
100
AcDbEntity
  8
CUT
100
AcDbLine
 10
452.78785555555567
 20
168.79856944444475
 30
0.0
 11
455.78858333333346
 21
168.79856944444475
 31
0.0
  0
LINE
  5
13D
330
17
100
AcDbEntity
  8
CUT
100
AcDbLine
 10
464.1247222222223
 20
106.27999722222253
 30
0.0
 11
464.22067777777784
 21
105.30421388888911
 31
0.0
  0
LINE
  5
13E
330
17
100
AcDbEntity
  8
CUT
100
AcDbLine
 10
491.10446111111116
 20
101.65931388888922
 30
0.0
 11
491.9691194444446
 21
102.121452777778
 31
0.0
  0
LINE
  5
13F
330
17
100
AcDbEntity
  8
CUT
100
AcDbLine
 10
466.34722222222223
 20
102.121452777778
 30
0.0
 11
467.21188055555564
 21
101.65931388888922
 31
0.0
  0
LINE
  5
140
330
17
100
AcDbEntity
  8
CUT
100
AcDbLine
 10
464.9671555555557
 20
103.50151944444474
 30
0.0
 11
465.58910277777784
 21
102.74340000000021
 31
0.0
  0
LINE
  5
141
330
17
100
AcDbEntity
  8
CUT
100
AcDbLine
 10
468.1252222222223
 20
110.28049722222255
 30
0.0
 11
468.1252222222223
 21
107.27976944444472
 31
0.0
  0
LINE
  5
142
330
17
100
AcDbEntity
  8
CUT
100
AcDbLine
 10
465.58910277777784
 20
102.74340000000021
 30
0.0
 11
466.34722222222223
 21
102.121452777778
 31
0.0
  0
LINE
  5
143
330
17
100
AcDbEntity
  8
CUT
100
AcDbLine
 10
494.09531111111124
 20
105.30421388888911
 30
0.0
 11
494.1916194444444
 21
106.27999722222253
 31
0.0
  0
LINE
  5
144
330
17
100
AcDbEntity
  8
CUT
100
AcDbLine
 10
471.12595000000005
 20
113.2812250000002
 30
0.0
 11
471.12595000000005
 21
110.28049722222255
 31
0.0
  0
LINE
  5
145
330
17
100
AcDbEntity
  8
CUT
100
AcDbLine
 10
464.50501666666673
 20
104.36582500000033
 30
0.0
 11
464.9671555555557
 21
103.50151944444474
 31
0.0
  0
LINE
  5
146
330
17
100
AcDbEntity
  8
CUT
100
AcDbLine
 10
491.9691194444446
 20
102.121452777778
 30
0.0
 11
492.72688611111124
 21
102.74340000000021
 31
0.0
  0
LINE
  5
147
330
17
100
AcDbEntity
  8
CUT
100
AcDbLine
 10
490.1907666666667
 20
107.27976944444472
 30
0.0
 11
490.1907666666667
 21
110.28049722222255
 31
0.0
  0
LINE
  5
148
330
17
100
AcDbEntity
  8
CUT
100
AcDbLine
 10
490.16607222222234
 20
101.3749750000002
 30
0.0
 11
491.10446111111116
 21
101.65931388888922
 31
0.0
  0
LINE
  5
149
330
17
100
AcDbEntity
  8
CUT
100
AcDbLine
 10
493.81061944444457
 20
104.36582500000033
 30
0.0
 11
494.09531111111124
 21
105.30421388888911
 31
0.0
  0
LINE
  5
14A
330
17
100
AcDbEntity
  8
CUT
100
AcDbLine
 10
492.72688611111124
 20
102.74340000000021
 30
0.0
 11
493.34883333333346
 21
103.50151944444474
 31
0.0
  0
LINE
  5
14B
330
17
100
AcDbEntity
  8
CUT
100
AcDbLine
 10
464.22067777777784
 20
105.30421388888911
 30
0.0
 11
464.50501666666673
 21
104.36582500000033
 31
0.0
  0
LINE
  5
14C
330
17
100
AcDbEntity
  8
CUT
100
AcDbLine
 10
467.21188055555564
 20
101.65931388888922
 30
0.0
 11
468.14991666666674
 21
101.3749750000002
 31
0.0
  0
LINE
  5
14D
330
17
100
AcDbEntity
  8
CUT
100
AcDbLine
 10
494.1916194444444
 20
106.27999722222253
 30
0.0
 11
494.1916194444444
 21
107.27976944444472
 31
0.0
  0
LINE
  5
14E
330
17
100
AcDbEntity
  8
CUT
100
AcDbLine
 10
487.1900388888889
 20
110.28049722222255
 30
0.0
 11
487.1900388888889
 21
113.2812250000002
 31
0.0
  0
LINE
  5
14F
330
17
100
AcDbEntity
  8
CUT
100
AcDbLine
 10
493.34883333333346
 20
103.50151944444474
 30
0.0
 11
493.81061944444457
 21
104.36582500000033
 31
0.0
  0
LINE
  5
150
330
17
100
AcDbEntity
  8
CUT
100
AcDbLine
 10
464.1247222222223
 20
107.27976944444472
 30
0.0
 11
464.1247222222223
 21
106.27999722222253
 31
0.0
  0
LINE
  5
151
330
17
100
AcDbEntity
  8
CUT
100
AcDbLine
 10
490.1907666666667
 20
110.28049722222255
 30
0.0
 11
487.1900388888889
 21
110.28049722222255
 31
0.0
  0
LINE
  5
152
330
17
100
AcDbEntity
  8
CUT
100
AcDbLine
 10
471.12595000000005
 20
110.28049722222255
 30
0.0
 11
468.1252222222223
 21
110.28049722222255
 31
0.0
  0
LINE
  5
153
330
17
100
AcDbEntity
  8
CUT
100
AcDbLine
 10
468.1252222222223
 20
107.27976944444472
 30
0.0
 11
464.1247222222223
 21
107.27976944444472
 31
0.0
  0
LINE
  5
154
330
17
100
AcDbEntity
  8
CUT
100
AcDbLine
 10
494.1916194444444
 20
107.27976944444472
 30
0.0
 11
490.1907666666667
 21
107.27976944444472
 31
0.0
  0
LINE
  5
155
330
17
100
AcDbEntity
  8
CUT
100
AcDbLine
 10
487.1900388888889
 20
113.2812250000002
 30
0.0
 11
471.12595000000005
 21
113.2812250000002
 31
0.0
  0
LINE
  5
156
330
17
100
AcDbEntity
  8
CUT
100
AcDbLine
 10
469.1253472222222
 20
101.27866666666691
 30
0.0
 11
489.190288888889
 21
101.27866666666691
 31
0.0
  0
LINE
  5
157
330
17
100
AcDbEntity
  8
CUT
100
AcDbLine
 10
489.190288888889
 20
101.27866666666691
 30
0.0
 11
490.16607222222234
 21
101.3749750000002
 31
0.0
  0
LINE
  5
158
330
17
100
AcDbEntity
  8
CUT
100
AcDbLine
 10
468.14991666666674
 20
101.3749750000002
 30
0.0
 11
469.1253472222222
 21
101.27866666666691
 31
0.0
  0
LINE
  5
159
330
17
100
AcDbEntity
  8
CUT
100
AcDbLine
 10
285.67102500000004
 20
111.72618055555583
 30
0.0
 11
285.67102500000004
 21
121.72778333333372
 31
0.0
  0
LINE
  5
15A
330
17
100
AcDbEntity
  8
CUT
100
AcDbLine
 10
463.7842916666667
 20
191.80285555555582
 30
0.0
 11
463.7842916666667
 21
188.8024805555558
 31
0.0
  0
LINE
  5
15B
330
17
100
AcDbEntity
  8
CUT
100
AcDbLine
 10
532.8370138888889
 20
188.8024805555558
 30
0.0
 11
532.8370138888889
 21
191.80285555555582
 31
0.0
  0
LINE
  5
15C
330
17
100
AcDbEntity
  8
CUT
100
AcDbLine
 10
282.67065
 20
100.65142777777791
 30
0.0
 11
282.67065
 21
111.72618055555583
 31
0.0
  0
LINE
  5
15D
330
17
100
AcDbEntity
  8
CUT
100
AcDbLine
 10
542.8389694444445
 20
191.80285555555582
 30
0.0
 11
542.8389694444445
 21
188.8024805555558
 31
0.0
  0
LINE
  5
15E
330
17
100
AcDbEntity
  8
CUT
100
AcDbLine
 10
555.8413
 20
128.27816111111133
 30
0.0
 11
555.8413
 21
118.48363888888913
 31
0.0
  0
LINE
  5
15F
330
17
100
AcDbEntity
  8
CUT
100
AcDbLine
 10
555.8413
 20
188.8024805555558
 30
0.0
 11
555.8413
 21
178.80052500000022
 31
0.0
  0
LINE
  5
160
330
17
100
AcDbEntity
  8
CUT
100
AcDbLine
 10
552.840925
 20
178.80052500000022
 30
0.0
 11
552.840925
 21
168.79856944444475
 31
0.0
  0
LINE
  5
161
330
17
100
AcDbEntity
  8
CUT
100
AcDbLine
 10
305.67493611111115
 20
191.80285555555582
 30
0.0
 11
305.67493611111115
 21
188.8024805555558
 31
0.0
  0
LINE
  5
162
330
17
100
AcDbEntity
  8
CUT
100
AcDbLine
 10
552.840925
 20
138.2801166666669
 30
0.0
 11
552.840925
 21
128.27816111111133
 31
0.0
  0
LINE
  5
163
330
17
100
AcDbEntity
  8
CUT
100
AcDbLine
 10
285.67102500000004
 20
168.79856944444475
 30
0.0
 11
285.67102500000004
 21
178.80052500000022
 31
0.0
  0
LINE
  5
164
330
17
100
AcDbEntity
  8
CUT
100
AcDbLine
 10
555.8413
 20
168.79856944444475
 30
0.0
 11
555.8413
 21
138.2801166666669
 31
0.0
  0
LINE
  5
165
330
17
100
AcDbEntity
  8
CUT
100
AcDbLine
 10
453.78233611111114
 20
188.8024805555558
 30
0.0
 11
453.78233611111114
 21
191.80285555555582
 31
0.0
  0
LINE
  5
166
330
17
100
AcDbEntity
  8
CUT
100
AcDbLine
 10
282.67065
 20
178.80052500000022
 30
0.0
 11
282.67065
 21
188.8024805555558
 31
0.0
  0
LINE
  5
167
330
17
100
AcDbEntity
  8
CUT
100
AcDbLine
 10
374.72765833333347
 20
188.8024805555558
 30
0.0
 11
374.72765833333347
 21
191.80285555555582
 31
0.0
  0
LINE
  5
168
330
17
100
AcDbEntity
  8
CUT
100
AcDbLine
 10
295.6729805555555
 20
188.8024805555558
 30
0.0
 11
295.6729805555555
 21
191.80285555555582
 31
0.0
  0
LINE
  5
169
330
17
100
AcDbEntity
  8
CUT
100
AcDbLine
 10
455.78858333333346
 20
118.48363888888913
 30
0.0
 11
455.78858333333346
 21
100.65142777777791
 31
0.0
  0
LINE
  5
16A
330
17
100
AcDbEntity
  8
CUT
100
AcDbLine
 10
282.67065
 20
121.72778333333372
 30
0.0
 11
282.67065
 21
168.79856944444475
 31
0.0
  0
LINE
  5
16B
330
17
100
AcDbEntity
  8
CUT
100
AcDbLine
 10
384.72961388888893
 20
191.80285555555582
 30
0.0
 11
384.72961388888893
 21
188.8024805555558
 31
0.0
  0
LINE
  5
16C
330
17
100
AcDbEntity
  8
CUT
100
AcDbLine
 10
555.8413
 20
138.2801166666669
 30
0.0
 11
552.840925
 21
138.2801166666669
 31
0.0
  0
LINE
  5
16D
330
17
100
AcDbEntity
  8
CUT
100
AcDbLine
 10
555.8413
 20
178.80052500000022
 30
0.0
 11
552.840925
 21
178.80052500000022
 31
0.0
  0
LINE
  5
16E
330
17
100
AcDbEntity
  8
CUT
100
AcDbLine
 10
285.67102500000004
 20
178.80052500000022
 30
0.0
 11
282.67065
 21
178.80052500000022
 31
0.0
  0
LINE
  5
16F
330
17
100
AcDbEntity
  8
CUT
100
AcDbLine
 10
552.840925
 20
168.79856944444475
 30
0.0
 11
555.8413
 21
168.79856944444475
 31
0.0
  0
LINE
  5
170
330
17
100
AcDbEntity
  8
CUT
100
AcDbLine
 10
282.67065
 20
168.79856944444475
 30
0.0
 11
285.67102500000004
 21
168.79856944444475
 31
0.0
  0
LINE
  5
171
330
17
100
AcDbEntity
  8
CUT
100
AcDbLine
 10
552.840925
 20
128.27816111111133
 30
0.0
 11
555.8413
 21
128.27816111111133
 31
0.0
  0
LINE
  5
172
330
17
100
AcDbEntity
  8
CUT
100
AcDbLine
 10
463.7842916666667
 20
188.8024805555558
 30
0.0
 11
532.8370138888889
 21
188.8024805555558
 31
0.0
  0
LINE
  5
173
330
17
100
AcDbEntity
  8
CUT
100
AcDbLine
 10
282.67065
 20
188.8024805555558
 30
0.0
 11
295.6729805555555
 21
188.8024805555558
 31
0.0
  0
LINE
  5
174
330
17
100
AcDbEntity
  8
CUT
100
AcDbLine
 10
305.67493611111115
 20
188.8024805555558
 30
0.0
 11
374.72765833333347
 21
188.8024805555558
 31
0.0
  0
LINE
  5
175
330
17
100
AcDbEntity
  8
CUT
100
AcDbLine
 10
542.8389694444445
 20
188.8024805555558
 30
0.0
 11
555.8413
 21
188.8024805555558
 31
0.0
  0
LINE
  5
176
330
17
100
AcDbEntity
  8
CUT
100
AcDbLine
 10
384.72961388888893
 20
188.8024805555558
 30
0.0
 11
453.78233611111114
 21
188.8024805555558
 31
0.0
  0
LINE
  5
177
330
17
100
AcDbEntity
  8
CUT
100
AcDbLine
 10
453.78233611111114
 20
191.80285555555582
 30
0.0
 11
463.7842916666667
 21
191.80285555555582
 31
0.0
  0
LINE
  5
178
330
17
100
AcDbEntity
  8
CUT
100
AcDbLine
 10
295.6729805555555
 20
191.80285555555582
 30
0.0
 11
305.67493611111115
 21
191.80285555555582
 31
0.0
  0
LINE
  5
179
330
17
100
AcDbEntity
  8
CUT
100
AcDbLine
 10
532.8370138888889
 20
191.80285555555582
 30
0.0
 11
542.8389694444445
 21
191.80285555555582
 31
0.0
  0
LINE
  5
17A
330
17
100
AcDbEntity
  8
CUT
100
AcDbLine
 10
374.72765833333347
 20
191.80285555555582
 30
0.0
 11
384.72961388888893
 21
191.80285555555582
 31
0.0
  0
LINE
  5
17B
330
17
100
AcDbEntity
  8
CUT
100
AcDbLine
 10
555.8413
 20
118.48363888888913
 30
0.0
 11
455.7885833333336
 21
118.48363888888913
 31
0.0
  0
LINE
  5
17C
330
17
100
AcDbEntity
  8
CUT
100
AcDbLine
 10
455.78858333333346
 20
100.65142777777791
 30
0.0
 11
282.67065
 21
100.65142777777791
 31
0.0
  0
LINE
  5
17D
330
17
100
AcDbEntity
  8
CUT
100
AcDbLine
 10
282.67065
 20
111.72618055555583
 30
0.0
 11
285.67102500000004
 21
111.72618055555583
 31
0.0
  0
LINE
  5
17E
330
17
100
AcDbEntity
  8
CUT
100
AcDbLine
 10
285.67102500000004
 20
121.72778333333372
 30
0.0
 11
282.67065
 21
121.72778333333372
 31
0.0
  0
LINE
  5
17F
330
17
100
AcDbEntity
  8
ENGRAVE
100
AcDbLine
 10
403.43459708636294
 20
140.7638559442739
 30
0.0
 11
406.23455436175357
 21
140.7638559442739
 31
0.0
  0
LINE
  5
180
330
17
100
AcDbEntity
  8
ENGRAVE
100
AcDbLine
 10
406.23455436175357
 20
140.7638559442739
 30
0.0
 11
406.9345436806012
 21
142.1638345819692
 31
0.0
  0
LINE
  5
181
330
17
100
AcDbEntity
  8
ENGRAVE
100
AcDbLine
 10
406.9345436806012
 20
142.1638345819692
 30
0.0
 11
406.9345436806012
 21
146.36377049505515
 31
0.0
  0
LINE
  5
182
330
17
100
AcDbEntity
  8
ENGRAVE
100
AcDbLine
 10
406.9345436806012
 20
146.36377049505515
 30
0.0
 11
406.23455436175357
 21
147.76374913275046
 31
0.0
  0
LINE
  5
183
330
17
100
AcDbEntity
  8
ENGRAVE
100
AcDbLine
 10
406.23455436175357
 20
147.76374913275046
 30
0.0
 11
403.43459708636294
 21
147.76374913275046
 31
0.0
  0
LINE
  5
184
330
17
100
AcDbEntity
  8
ENGRAVE
100
AcDbLine
 10
403.43459708636294
 20
147.76374913275046
 30
0.0
 11
402.7346077675153
 21
146.36377049505515
 31
0.0
  0
LINE
  5
185
330
17
100
AcDbEntity
  8
ENGRAVE
100
AcDbLine
 10
402.7346077675153
 20
146.36377049505515
 30
0.0
 11
402.7346077675153
 21
142.1638345819692
 31
0.0
  0
LINE
  5
186
330
17
100
AcDbEntity
  8
ENGRAVE
100
AcDbLine
 10
402.7346077675153
 20
142.1638345819692
 30
0.0
 11
403.43459708636294
 21
140.7638559442739
 31
0.0
  0
LINE
  5
187
330
17
100
AcDbEntity
  8
ENGRAVE
100
AcDbLine
 10
409.0345116371442
 20
146.36377049505515
 30
0.0
 11
410.4344902748395
 21
147.76374913275046
 31
0.0
  0
LINE
  5
188
330
17
100
AcDbEntity
  8
ENGRAVE
100
AcDbLine
 10
410.4344902748395
 20
147.76374913275046
 30
0.0
 11
410.4344902748395
 21
140.7638559442739
 31
0.0
  0
LINE
  5
189
330
17
100
AcDbEntity
  8
ENGRAVE
100
AcDbLine
 10
409.0345116371442
 20
140.7638559442739
 30
0.0
 11
411.8344689125348
 21
140.7638559442739
 31
0.0
  0
LINE
  5
18A
330
17
100
AcDbEntity
  8
CUT
100
AcDbLine
 10
179.6179333333334
 20
222.42958888888924
 30
0.0
 11
179.6179333333334
 21
232.4315444444448
 31
0.0
  0
LINE
  5
18B
330
17
100
AcDbEntity
  8
CUT
100
AcDbLine
 10
176.6172055555556
 20
232.4315444444448
 30
0.0
 11
176.6172055555556
 21
222.42958888888924
 31
0.0
  0
LINE
  5
18C
330
17
100
AcDbEntity
  8
CUT
100
AcDbLine
 10
179.6179333333334
 20
232.4315444444448
 30
0.0
 11
176.6172055555556
 21
232.4315444444448
 31
0.0
  0
LINE
  5
18D
330
17
100
AcDbEntity
  8
CUT
100
AcDbLine
 10
176.6172055555556
 20
222.42958888888924
 30
0.0
 11
179.6179333333334
 21
222.42958888888924
 31
0.0
  0
LINE
  5
18E
330
17
100
AcDbEntity
  8
CUT
100
AcDbLine
 10
176.6172055555556
 20
272.9519527777781
 30
0.0
 11
176.6172055555556
 21
262.94999722222263
 31
0.0
  0
LINE
  5
18F
330
17
100
AcDbEntity
  8
CUT
100
AcDbLine
 10
179.6179333333334
 20
262.94999722222263
 30
0.0
 11
179.6179333333334
 21
272.9519527777781
 31
0.0
  0
LINE
  5
190
330
17
100
AcDbEntity
  8
CUT
100
AcDbLine
 10
179.6179333333334
 20
272.9519527777781
 30
0.0
 11
176.6172055555556
 21
272.9519527777781
 31
0.0
  0
LINE
  5
191
330
17
100
AcDbEntity
  8
CUT
100
AcDbLine
 10
176.6172055555556
 20
262.94999722222263
 30
0.0
 11
179.6179333333334
 21
262.94999722222263
 31
0.0
  0
LINE
  5
192
330
17
100
AcDbEntity
  8
CUT
100
AcDbLine
 10
187.95407222222232
 20
200.43142500000044
 30
0.0
 11
188.0500277777778
 21
199.45564166666702
 31
0.0
  0
LINE
  5
193
330
17
100
AcDbEntity
  8
CUT
100
AcDbLine
 10
214.9338111111111
 20
195.81074166666713
 30
0.0
 11
215.79846944444452
 21
196.27288055555593
 31
0.0
  0
LINE
  5
194
330
17
100
AcDbEntity
  8
CUT
100
AcDbLine
 10
190.1765722222222
 20
196.27288055555593
 30
0.0
 11
191.04123055555561
 21
195.81074166666713
 31
0.0
  0
LINE
  5
195
330
17
100
AcDbEntity
  8
CUT
100
AcDbLine
 10
188.79650555555563
 20
197.65294722222265
 30
0.0
 11
189.41845277777782
 21
196.89482777777812
 31
0.0
  0
LINE
  5
196
330
17
100
AcDbEntity
  8
CUT
100
AcDbLine
 10
191.9545722222223
 20
204.43192500000046
 30
0.0
 11
191.9545722222223
 21
201.43119722222264
 31
0.0
  0
LINE
  5
197
330
17
100
AcDbEntity
  8
CUT
100
AcDbLine
 10
189.41845277777782
 20
196.89482777777812
 30
0.0
 11
190.1765722222222
 21
196.27288055555593
 31
0.0
  0
LINE
  5
198
330
17
100
AcDbEntity
  8
CUT
100
AcDbLine
 10
217.92466111111122
 20
199.45564166666702
 30
0.0
 11
218.0209694444444
 21
200.43142500000044
 31
0.0
  0
LINE
  5
199
330
17
100
AcDbEntity
  8
CUT
100
AcDbLine
 10
194.95530000000002
 20
207.43265277777812
 30
0.0
 11
194.95530000000002
 21
204.43192500000046
 31
0.0
  0
LINE
  5
19A
330
17
100
AcDbEntity
  8
CUT
100
AcDbLine
 10
188.3343666666667
 20
198.51725277777822
 30
0.0
 11
188.79650555555563
 21
197.65294722222265
 31
0.0
  0
LINE
  5
19B
330
17
100
AcDbEntity
  8
CUT
100
AcDbLine
 10
215.79846944444452
 20
196.27288055555593
 30
0.0
 11
216.55623611111122
 21
196.89482777777812
 31
0.0
  0
LINE
  5
19C
330
17
100
AcDbEntity
  8
CUT
100
AcDbLine
 10
214.02011666666672
 20
201.43119722222264
 30
0.0
 11
214.02011666666672
 21
204.43192500000046
 31
0.0
  0
LINE
  5
19D
330
17
100
AcDbEntity
  8
CUT
100
AcDbLine
 10
213.99542222222232
 20
195.52640277777812
 30
0.0
 11
214.9338111111111
 21
195.81074166666713
 31
0.0
  0
LINE
  5
19E
330
17
100
AcDbEntity
  8
CUT
100
AcDbLine
 10
217.63996944444452
 20
198.51725277777822
 30
0.0
 11
217.92466111111122
 21
199.45564166666702
 31
0.0
  0
LINE
  5
19F
330
17
100
AcDbEntity
  8
CUT
100
AcDbLine
 10
216.55623611111122
 20
196.89482777777812
 30
0.0
 11
217.1781833333334
 21
197.65294722222265
 31
0.0
  0
LINE
  5
1A0
330
17
100
AcDbEntity
  8
CUT
100
AcDbLine
 10
188.0500277777778
 20
199.45564166666702
 30
0.0
 11
188.3343666666667
 21
198.51725277777822
 31
0.0
  0
LINE
  5
1A1
330
17
100
AcDbEntity
  8
CUT
100
AcDbLine
 10
191.04123055555561
 20
195.81074166666713
 30
0.0
 11
191.97926666666672
 21
195.52640277777812
 31
0.0
  0
LINE
  5
1A2
330
17
100
AcDbEntity
  8
CUT
100
AcDbLine
 10
218.0209694444444
 20
200.43142500000044
 30
0.0
 11
218.0209694444444
 21
201.43119722222264
 31
0.0
  0
LINE
  5
1A3
330
17
100
AcDbEntity
  8
CUT
100
AcDbLine
 10
211.01938888888893
 20
204.43192500000046
 30
0.0
 11
211.01938888888893
 21
207.43265277777812
 31
0.0
  0
LINE
  5
1A4
330
17
100
AcDbEntity
  8
CUT
100
AcDbLine
 10
217.1781833333334
 20
197.65294722222265
 30
0.0
 11
217.63996944444452
 21
198.51725277777822
 31
0.0
  0
LINE
  5
1A5
330
17
100
AcDbEntity
  8
CUT
100
AcDbLine
 10
187.95407222222232
 20
201.43119722222264
 30
0.0
 11
187.95407222222232
 21
200.43142500000044
 31
0.0
  0
LINE
  5
1A6
330
17
100
AcDbEntity
  8
CUT
100
AcDbLine
 10
214.02011666666672
 20
204.43192500000046
 30
0.0
 11
211.01938888888893
 21
204.43192500000046
 31
0.0
  0
LINE
  5
1A7
330
17
100
AcDbEntity
  8
CUT
100
AcDbLine
 10
194.95530000000002
 20
204.43192500000046
 30
0.0
 11
191.9545722222223
 21
204.43192500000046
 31
0.0
  0
LINE
  5
1A8
330
17
100
AcDbEntity
  8
CUT
100
AcDbLine
 10
191.9545722222223
 20
201.43119722222264
 30
0.0
 11
187.95407222222232
 21
201.43119722222264
 31
0.0
  0
LINE
  5
1A9
330
17
100
AcDbEntity
  8
CUT
100
AcDbLine
 10
218.0209694444444
 20
201.43119722222264
 30
0.0
 11
214.02011666666672
 21
201.43119722222264
 31
0.0
  0
LINE
  5
1AA
330
17
100
AcDbEntity
  8
CUT
100
AcDbLine
 10
211.01938888888893
 20
207.43265277777812
 30
0.0
 11
194.95530000000002
 21
207.43265277777812
 31
0.0
  0
LINE
  5
1AB
330
17
100
AcDbEntity
  8
CUT
100
AcDbLine
 10
192.95469722222222
 20
195.43009444444482
 30
0.0
 11
213.01963888888892
 21
195.43009444444482
 31
0.0
  0
LINE
  5
1AC
330
17
100
AcDbEntity
  8
CUT
100
AcDbLine
 10
213.01963888888892
 20
195.43009444444482
 30
0.0
 11
213.99542222222232
 21
195.52640277777812
 31
0.0
  0
LINE
  5
1AD
330
17
100
AcDbEntity
  8
CUT
100
AcDbLine
 10
191.97926666666672
 20
195.52640277777812
 30
0.0
 11
192.95469722222222
 21
195.43009444444482
 31
0.0
  0
LINE
  5
1AE
330
17
100
AcDbEntity
  8
CUT
100
AcDbLine
 10
9.500375000000009
 20
205.87760833333374
 30
0.0
 11
9.500375000000009
 21
215.87921111111163
 31
0.0
  0
LINE
  5
1AF
330
17
100
AcDbEntity
  8
CUT
100
AcDbLine
 10
187.61364166666672
 20
285.9542833333337
 30
0.0
 11
187.61364166666672
 21
282.95390833333374
 31
0.0
  0
LINE
  5
1B0
330
17
100
AcDbEntity
  8
CUT
100
AcDbLine
 10
256.6663638888889
 20
282.95390833333374
 30
0.0
 11
256.6663638888889
 21
285.9542833333337
 31
0.0
  0
LINE
  5
1B1
330
17
100
AcDbEntity
  8
CUT
100
AcDbLine
 10
6.500000000000009
 20
194.80285555555582
 30
0.0
 11
6.500000000000009
 21
205.87760833333374
 31
0.0
  0
LINE
  5
1B2
330
17
100
AcDbEntity
  8
CUT
100
AcDbLine
 10
266.6683194444444
 20
285.9542833333337
 30
0.0
 11
266.6683194444444
 21
282.95390833333374
 31
0.0
  0
LINE
  5
1B3
330
17
100
AcDbEntity
  8
CUT
100
AcDbLine
 10
279.67065
 20
222.42958888888924
 30
0.0
 11
279.67065
 21
212.63506666666706
 31
0.0
  0
LINE
  5
1B4
330
17
100
AcDbEntity
  8
CUT
100
AcDbLine
 10
279.67065
 20
282.95390833333374
 30
0.0
 11
279.67065
 21
272.9519527777781
 31
0.0
  0
LINE
  5
1B5
330
17
100
AcDbEntity
  8
CUT
100
AcDbLine
 10
276.6702749999999
 20
272.9519527777781
 30
0.0
 11
276.6702749999999
 21
262.94999722222263
 31
0.0
  0
LINE
  5
1B6
330
17
100
AcDbEntity
  8
CUT
100
AcDbLine
 10
29.504286111111114
 20
285.9542833333337
 30
0.0
 11
29.504286111111114
 21
282.95390833333374
 31
0.0
  0
LINE
  5
1B7
330
17
100
AcDbEntity
  8
CUT
100
AcDbLine
 10
276.6702749999999
 20
232.4315444444448
 30
0.0
 11
276.6702749999999
 21
222.42958888888924
 31
0.0
  0
LINE
  5
1B8
330
17
100
AcDbEntity
  8
CUT
100
AcDbLine
 10
9.500375000000009
 20
262.94999722222263
 30
0.0
 11
9.500375000000009
 21
272.9519527777781
 31
0.0
  0
LINE
  5
1B9
330
17
100
AcDbEntity
  8
CUT
100
AcDbLine
 10
279.67065
 20
262.94999722222263
 30
0.0
 11
279.67065
 21
232.4315444444448
 31
0.0
  0
LINE
  5
1BA
330
17
100
AcDbEntity
  8
CUT
100
AcDbLine
 10
177.6116861111111
 20
282.95390833333374
 30
0.0
 11
177.6116861111111
 21
285.9542833333337
 31
0.0
  0
LINE
  5
1BB
330
17
100
AcDbEntity
  8
CUT
100
AcDbLine
 10
6.500000000000009
 20
272.9519527777781
 30
0.0
 11
6.500000000000009
 21
282.95390833333374
 31
0.0
  0
LINE
  5
1BC
330
17
100
AcDbEntity
  8
CUT
100
AcDbLine
 10
98.55700833333341
 20
282.95390833333374
 30
0.0
 11
98.55700833333341
 21
285.9542833333337
 31
0.0
  0
LINE
  5
1BD
330
17
100
AcDbEntity
  8
CUT
100
AcDbLine
 10
19.502330555555503
 20
282.95390833333374
 30
0.0
 11
19.502330555555503
 21
285.9542833333337
 31
0.0
  0
LINE
  5
1BE
330
17
100
AcDbEntity
  8
CUT
100
AcDbLine
 10
179.6179333333334
 20
212.63506666666706
 30
0.0
 11
179.6179333333334
 21
194.80285555555582
 31
0.0
  0
LINE
  5
1BF
330
17
100
AcDbEntity
  8
CUT
100
AcDbLine
 10
6.500000000000009
 20
215.87921111111163
 30
0.0
 11
6.500000000000009
 21
262.94999722222263
 31
0.0
  0
LINE
  5
1C0
330
17
100
AcDbEntity
  8
CUT
100
AcDbLine
 10
108.55896388888891
 20
285.9542833333337
 30
0.0
 11
108.55896388888891
 21
282.95390833333374
 31
0.0
  0
LINE
  5
1C1
330
17
100
AcDbEntity
  8
CUT
100
AcDbLine
 10
279.67065
 20
232.4315444444448
 30
0.0
 11
276.6702749999999
 21
232.4315444444448
 31
0.0
  0
LINE
  5
1C2
330
17
100
AcDbEntity
  8
CUT
100
AcDbLine
 10
279.67065
 20
272.9519527777781
 30
0.0
 11
276.6702749999999
 21
272.9519527777781
 31
0.0
  0
LINE
  5
1C3
330
17
100
AcDbEntity
  8
CUT
100
AcDbLine
 10
9.500375000000009
 20
272.9519527777781
 30
0.0
 11
6.500000000000009
 21
272.9519527777781
 31
0.0
  0
LINE
  5
1C4
330
17
100
AcDbEntity
  8
CUT
100
AcDbLine
 10
276.6702749999999
 20
262.94999722222263
 30
0.0
 11
279.67065
 21
262.94999722222263
 31
0.0
  0
LINE
  5
1C5
330
17
100
AcDbEntity
  8
CUT
100
AcDbLine
 10
6.500000000000009
 20
262.94999722222263
 30
0.0
 11
9.500375000000009
 21
262.94999722222263
 31
0.0
  0
LINE
  5
1C6
330
17
100
AcDbEntity
  8
CUT
100
AcDbLine
 10
276.6702749999999
 20
222.42958888888924
 30
0.0
 11
279.67065
 21
222.42958888888924
 31
0.0
  0
LINE
  5
1C7
330
17
100
AcDbEntity
  8
CUT
100
AcDbLine
 10
187.61364166666672
 20
282.95390833333374
 30
0.0
 11
256.6663638888889
 21
282.95390833333374
 31
0.0
  0
LINE
  5
1C8
330
17
100
AcDbEntity
  8
CUT
100
AcDbLine
 10
6.500000000000009
 20
282.95390833333374
 30
0.0
 11
19.502330555555503
 21
282.95390833333374
 31
0.0
  0
LINE
  5
1C9
330
17
100
AcDbEntity
  8
CUT
100
AcDbLine
 10
29.504286111111114
 20
282.95390833333374
 30
0.0
 11
98.55700833333341
 21
282.95390833333374
 31
0.0
  0
LINE
  5
1CA
330
17
100
AcDbEntity
  8
CUT
100
AcDbLine
 10
266.6683194444444
 20
282.95390833333374
 30
0.0
 11
279.67065
 21
282.95390833333374
 31
0.0
  0
LINE
  5
1CB
330
17
100
AcDbEntity
  8
CUT
100
AcDbLine
 10
108.55896388888891
 20
282.95390833333374
 30
0.0
 11
177.6116861111111
 21
282.95390833333374
 31
0.0
  0
LINE
  5
1CC
330
17
100
AcDbEntity
  8
CUT
100
AcDbLine
 10
177.6116861111111
 20
285.9542833333337
 30
0.0
 11
187.61364166666672
 21
285.9542833333337
 31
0.0
  0
LINE
  5
1CD
330
17
100
AcDbEntity
  8
CUT
100
AcDbLine
 10
19.502330555555503
 20
285.9542833333337
 30
0.0
 11
29.504286111111114
 21
285.9542833333337
 31
0.0
  0
LINE
  5
1CE
330
17
100
AcDbEntity
  8
CUT
100
AcDbLine
 10
256.6663638888889
 20
285.9542833333337
 30
0.0
 11
266.6683194444444
 21
285.9542833333337
 31
0.0
  0
LINE
  5
1CF
330
17
100
AcDbEntity
  8
CUT
100
AcDbLine
 10
98.55700833333341
 20
285.9542833333337
 30
0.0
 11
108.55896388888891
 21
285.9542833333337
 31
0.0
  0
LINE
  5
1D0
330
17
100
AcDbEntity
  8
CUT
100
AcDbLine
 10
279.67065
 20
212.63506666666706
 30
0.0
 11
179.61793333333353
 21
212.63506666666706
 31
0.0
  0
LINE
  5
1D1
330
17
100
AcDbEntity
  8
CUT
100
AcDbLine
 10
179.6179333333334
 20
194.80285555555582
 30
0.0
 11
6.5
 21
194.80285555555582
 31
0.0
  0
LINE
  5
1D2
330
17
100
AcDbEntity
  8
CUT
100
AcDbLine
 10
6.500000000000009
 20
205.87760833333374
 30
0.0
 11
9.500375000000009
 21
205.87760833333374
 31
0.0
  0
LINE
  5
1D3
330
17
100
AcDbEntity
  8
CUT
100
AcDbLine
 10
9.500375000000009
 20
215.87921111111163
 30
0.0
 11
6.500000000000009
 21
215.87921111111163
 31
0.0
  0
LINE
  5
1D4
330
17
100
AcDbEntity
  8
ENGRAVE
100
AcDbLine
 10
127.26394708636289
 20
234.9152837220518
 30
0.0
 11
130.06390436175352
 21
234.9152837220518
 31
0.0
  0
LINE
  5
1D5
330
17
100
AcDbEntity
  8
ENGRAVE
100
AcDbLine
 10
130.06390436175352
 20
234.9152837220518
 30
0.0
 11
130.76389368060117
 21
236.31526235974712
 31
0.0
  0
LINE
  5
1D6
330
17
100
AcDbEntity
  8
ENGRAVE
100
AcDbLine
 10
130.76389368060117
 20
236.31526235974712
 30
0.0
 11
130.76389368060117
 21
240.51519827283306
 31
0.0
  0
LINE
  5
1D7
330
17
100
AcDbEntity
  8
ENGRAVE
100
AcDbLine
 10
130.76389368060117
 20
240.51519827283306
 30
0.0
 11
130.06390436175352
 21
241.91517691052837
 31
0.0
  0
LINE
  5
1D8
330
17
100
AcDbEntity
  8
ENGRAVE
100
AcDbLine
 10
130.06390436175352
 20
241.91517691052837
 30
0.0
 11
127.26394708636289
 21
241.91517691052837
 31
0.0
  0
LINE
  5
1D9
330
17
100
AcDbEntity
  8
ENGRAVE
100
AcDbLine
 10
127.26394708636289
 20
241.91517691052837
 30
0.0
 11
126.56395776751523
 21
240.51519827283306
 31
0.0
  0
LINE
  5
1DA
330
17
100
AcDbEntity
  8
ENGRAVE
100
AcDbLine
 10
126.56395776751523
 20
240.51519827283306
 30
0.0
 11
126.56395776751523
 21
236.31526235974712
 31
0.0
  0
LINE
  5
1DB
330
17
100
AcDbEntity
  8
ENGRAVE
100
AcDbLine
 10
126.56395776751523
 20
236.31526235974712
 30
0.0
 11
127.26394708636289
 21
234.9152837220518
 31
0.0
  0
LINE
  5
1DC
330
17
100
AcDbEntity
  8
ENGRAVE
100
AcDbLine
 10
132.86386163714414
 20
240.51519827283306
 30
0.0
 11
134.26384027483945
 21
241.91517691052837
 31
0.0
  0
LINE
  5
1DD
330
17
100
AcDbEntity
  8
ENGRAVE
100
AcDbLine
 10
134.26384027483945
 20
241.91517691052837
 30
0.0
 11
134.26384027483945
 21
234.9152837220518
 31
0.0
  0
LINE
  5
1DE
330
17
100
AcDbEntity
  8
ENGRAVE
100
AcDbLine
 10
132.86386163714414
 20
234.9152837220518
 30
0.0
 11
135.66381891253477
 21
234.9152837220518
 31
0.0
  0
LINE
  5
1DF
330
17
100
AcDbEntity
  8
CUT
100
AcDbLine
 10
460.0286194444445
 20
204.82245000000034
 30
0.0
 11
460.0286194444445
 21
214.8244055555558
 31
0.0
  0
LINE
  5
1E0
330
17
100
AcDbEntity
  8
CUT
100
AcDbLine
 10
463.02934722222216
 20
214.8244055555558
 30
0.0
 11
463.02934722222216
 21
204.82245000000034
 31
0.0
  0
LINE
  5
1E1
330
17
100
AcDbEntity
  8
CUT
100
AcDbLine
 10
460.0286194444445
 20
214.8244055555558
 30
0.0
 11
463.02934722222216
 21
214.8244055555558
 31
0.0
  0
LINE
  5
1E2
330
17
100
AcDbEntity
  8
CUT
100
AcDbLine
 10
463.02934722222216
 20
204.82245000000034
 30
0.0
 11
460.0286194444445
 21
204.82245000000034
 31
0.0
  0
LINE
  5
1E3
330
17
100
AcDbEntity
  8
CUT
100
AcDbLine
 10
289.9114138888889
 20
204.82245000000034
 30
0.0
 11
289.9114138888889
 21
214.8244055555558
 31
0.0
  0
LINE
  5
1E4
330
17
100
AcDbEntity
  8
CUT
100
AcDbLine
 10
292.91214166666657
 20
214.8244055555558
 30
0.0
 11
292.91214166666657
 21
204.82245000000034
 31
0.0
  0
LINE
  5
1E5
330
17
100
AcDbEntity
  8
CUT
100
AcDbLine
 10
289.9114138888889
 20
214.8244055555558
 30
0.0
 11
292.91214166666657
 21
214.8244055555558
 31
0.0
  0
LINE
  5
1E6
330
17
100
AcDbEntity
  8
CUT
100
AcDbLine
 10
292.91214166666657
 20
204.82245000000034
 30
0.0
 11
289.9114138888889
 21
204.82245000000034
 31
0.0
  0
LINE
  5
1E7
330
17
100
AcDbEntity
  8
CUT
100
AcDbLine
 10
289.9114138888889
 20
239.43876944444474
 30
0.0
 11
289.9114138888889
 21
249.44072500000033
 31
0.0
  0
LINE
  5
1E8
330
17
100
AcDbEntity
  8
CUT
100
AcDbLine
 10
292.91214166666657
 20
249.44072500000033
 30
0.0
 11
292.91214166666657
 21
239.43876944444474
 31
0.0
  0
LINE
  5
1E9
330
17
100
AcDbEntity
  8
CUT
100
AcDbLine
 10
289.9114138888889
 20
249.44072500000033
 30
0.0
 11
292.91214166666657
 21
249.44072500000033
 31
0.0
  0
LINE
  5
1EA
330
17
100
AcDbEntity
  8
CUT
100
AcDbLine
 10
292.91214166666657
 20
239.43876944444474
 30
0.0
 11
289.9114138888889
 21
239.43876944444474
 31
0.0
  0
LINE
  5
1EB
330
17
100
AcDbEntity
  8
CUT
100
AcDbLine
 10
460.0286194444445
 20
239.43876944444474
 30
0.0
 11
460.0286194444445
 21
249.44072500000033
 31
0.0
  0
LINE
  5
1EC
330
17
100
AcDbEntity
  8
CUT
100
AcDbLine
 10
463.02934722222216
 20
249.44072500000033
 30
0.0
 11
463.02934722222216
 21
239.43876944444474
 31
0.0
  0
LINE
  5
1ED
330
17
100
AcDbEntity
  8
CUT
100
AcDbLine
 10
460.0286194444445
 20
249.44072500000033
 30
0.0
 11
463.02934722222216
 21
249.44072500000033
 31
0.0
  0
LINE
  5
1EE
330
17
100
AcDbEntity
  8
CUT
100
AcDbLine
 10
463.02934722222216
 20
239.43876944444474
 30
0.0
 11
460.0286194444445
 21
239.43876944444474
 31
0.0
  0
LINE
  5
1EF
330
17
100
AcDbEntity
  8
CUT
100
AcDbLine
 10
466.03007500000007
 20
194.80285555555582
 30
0.0
 11
466.03007500000007
 21
277.8238138888892
 31
0.0
  0
LINE
  5
1F0
330
17
100
AcDbEntity
  8
CUT
100
AcDbLine
 10
282.67065
 20
277.8238138888892
 30
0.0
 11
282.67065
 21
194.80285555555582
 31
0.0
  0
LINE
  5
1F1
330
17
100
AcDbEntity
  8
CUT
100
AcDbLine
 10
466.03007500000007
 20
277.8238138888892
 30
0.0
 11
282.6706500000001
 21
277.8238138888892
 31
0.0
  0
LINE
  5
1F2
330
17
100
AcDbEntity
  8
CUT
100
AcDbLine
 10
282.67065
 20
194.80285555555582
 30
0.0
 11
466.03007499999995
 21
194.80285555555582
 31
0.0
  0
LINE
  5
1F3
330
17
100
AcDbEntity
  8
ENGRAVE
100
AcDbLine
 10
414.19487486414073
 20
233.75626308713112
 30
0.0
 11
416.99483213953135
 21
233.75626308713112
 31
0.0
  0
LINE
  5
1F4
330
17
100
AcDbEntity
  8
ENGRAVE
100
AcDbLine
 10
416.99483213953135
 20
233.75626308713112
 30
0.0
 11
417.694821458379
 21
235.15624172482643
 31
0.0
  0
LINE
  5
1F5
330
17
100
AcDbEntity
  8
ENGRAVE
100
AcDbLine
 10
417.694821458379
 20
235.15624172482643
 30
0.0
 11
417.694821458379
 21
239.35617763791237
 31
0.0
  0
LINE
  5
1F6
330
17
100
AcDbEntity
  8
ENGRAVE
100
AcDbLine
 10
417.694821458379
 20
239.35617763791237
 30
0.0
 11
416.99483213953135
 21
240.75615627560768
 31
0.0
  0
LINE
  5
1F7
330
17
100
AcDbEntity
  8
ENGRAVE
100
AcDbLine
 10
416.99483213953135
 20
240.75615627560768
 30
0.0
 11
414.19487486414073
 21
240.75615627560768
 31
0.0
  0
LINE
  5
1F8
330
17
100
AcDbEntity
  8
ENGRAVE
100
AcDbLine
 10
414.19487486414073
 20
240.75615627560768
 30
0.0
 11
413.4948855452931
 21
239.35617763791237
 31
0.0
  0
LINE
  5
1F9
330
17
100
AcDbEntity
  8
ENGRAVE
100
AcDbLine
 10
413.4948855452931
 20
239.35617763791237
 30
0.0
 11
413.4948855452931
 21
235.15624172482643
 31
0.0
  0
LINE
  5
1FA
330
17
100
AcDbEntity
  8
ENGRAVE
100
AcDbLine
 10
413.4948855452931
 20
235.15624172482643
 30
0.0
 11
414.19487486414073
 21
233.75626308713112
 31
0.0
  0
LINE
  5
1FB
330
17
100
AcDbEntity
  8
ENGRAVE
100
AcDbLine
 10
419.0948000960743
 20
240.75615627560768
 30
0.0
 11
423.29473600916026
 21
240.75615627560768
 31
0.0
  0
LINE
  5
1FC
330
17
100
AcDbEntity
  8
ENGRAVE
100
AcDbLine
 10
423.29473600916026
 20
240.75615627560768
 30
0.0
 11
420.49477873376964
 21
233.75626308713112
 31
0.0
  0
LINE
  5
1FD
330
17
100
AcDbEntity
  8
CUT
100
AcDbLine
 10
460.0286194444445
 20
290.84340833333374
 30
0.0
 11
460.0286194444445
 21
300.8453638888892
 31
0.0
  0
LINE
  5
1FE
330
17
100
AcDbEntity
  8
CUT
100
AcDbLine
 10
463.02934722222216
 20
300.8453638888892
 30
0.0
 11
463.02934722222216
 21
290.84340833333374
 31
0.0
  0
LINE
  5
1FF
330
17
100
AcDbEntity
  8
CUT
100
AcDbLine
 10
460.0286194444445
 20
300.8453638888892
 30
0.0
 11
463.02934722222216
 21
300.8453638888892
 31
0.0
  0
LINE
  5
200
330
17
100
AcDbEntity
  8
CUT
100
AcDbLine
 10
463.02934722222216
 20
290.84340833333374
 30
0.0
 11
460.0286194444445
 21
290.84340833333374
 31
0.0
  0
LINE
  5
201
330
17
100
AcDbEntity
  8
CUT
100
AcDbLine
 10
289.9114138888889
 20
290.84340833333374
 30
0.0
 11
289.9114138888889
 21
300.8453638888892
 31
0.0
  0
LINE
  5
202
330
17
100
AcDbEntity
  8
CUT
100
AcDbLine
 10
292.91214166666657
 20
300.8453638888892
 30
0.0
 11
292.91214166666657
 21
290.84340833333374
 31
0.0
  0
LINE
  5
203
330
17
100
AcDbEntity
  8
CUT
100
AcDbLine
 10
289.9114138888889
 20
300.8453638888892
 30
0.0
 11
292.91214166666657
 21
300.8453638888892
 31
0.0
  0
LINE
  5
204
330
17
100
AcDbEntity
  8
CUT
100
AcDbLine
 10
292.91214166666657
 20
290.84340833333374
 30
0.0
 11
289.9114138888889
 21
290.84340833333374
 31
0.0
  0
LINE
  5
205
330
17
100
AcDbEntity
  8
CUT
100
AcDbLine
 10
289.9114138888889
 20
325.45972777777814
 30
0.0
 11
289.9114138888889
 21
335.4616833333337
 31
0.0
  0
LINE
  5
206
330
17
100
AcDbEntity
  8
CUT
100
AcDbLine
 10
292.91214166666657
 20
335.4616833333337
 30
0.0
 11
292.91214166666657
 21
325.45972777777814
 31
0.0
  0
LINE
  5
207
330
17
100
AcDbEntity
  8
CUT
100
AcDbLine
 10
289.9114138888889
 20
335.4616833333337
 30
0.0
 11
292.91214166666657
 21
335.4616833333337
 31
0.0
  0
LINE
  5
208
330
17
100
AcDbEntity
  8
CUT
100
AcDbLine
 10
292.91214166666657
 20
325.45972777777814
 30
0.0
 11
289.9114138888889
 21
325.45972777777814
 31
0.0
  0
LINE
  5
209
330
17
100
AcDbEntity
  8
CUT
100
AcDbLine
 10
460.0286194444445
 20
325.45972777777814
 30
0.0
 11
460.0286194444445
 21
335.4616833333337
 31
0.0
  0
LINE
  5
20A
330
17
100
AcDbEntity
  8
CUT
100
AcDbLine
 10
463.02934722222216
 20
335.4616833333337
 30
0.0
 11
463.02934722222216
 21
325.45972777777814
 31
0.0
  0
LINE
  5
20B
330
17
100
AcDbEntity
  8
CUT
100
AcDbLine
 10
460.0286194444445
 20
335.4616833333337
 30
0.0
 11
463.02934722222216
 21
335.4616833333337
 31
0.0
  0
LINE
  5
20C
330
17
100
AcDbEntity
  8
CUT
100
AcDbLine
 10
463.02934722222216
 20
325.45972777777814
 30
0.0
 11
460.0286194444445
 21
325.45972777777814
 31
0.0
  0
LINE
  5
20D
330
17
100
AcDbEntity
  8
CUT
100
AcDbLine
 10
466.03007500000007
 20
280.8238138888892
 30
0.0
 11
466.03007500000007
 21
363.8447722222226
 31
0.0
  0
LINE
  5
20E
330
17
100
AcDbEntity
  8
CUT
100
AcDbLine
 10
282.67065
 20
363.8447722222226
 30
0.0
 11
282.67065
 21
280.8238138888892
 31
0.0
  0
LINE
  5
20F
330
17
100
AcDbEntity
  8
CUT
100
AcDbLine
 10
466.03007500000007
 20
363.8447722222226
 30
0.0
 11
282.6706500000001
 21
363.8447722222226
 31
0.0
  0
LINE
  5
210
330
17
100
AcDbEntity
  8
CUT
100
AcDbLine
 10
282.67065
 20
280.8238138888892
 30
0.0
 11
466.03007499999995
 21
280.8238138888892
 31
0.0
  0
LINE
  5
211
330
17
100
AcDbEntity
  8
ENGRAVE
100
AcDbLine
 10
414.19487486414073
 20
319.7772214204645
 30
0.0
 11
416.99483213953135
 21
319.7772214204645
 31
0.0
  0
LINE
  5
212
330
17
100
AcDbEntity
  8
ENGRAVE
100
AcDbLine
 10
416.99483213953135
 20
319.7772214204645
 30
0.0
 11
417.694821458379
 21
321.1772000581598
 31
0.0
  0
LINE
  5
213
330
17
100
AcDbEntity
  8
ENGRAVE
100
AcDbLine
 10
417.694821458379
 20
321.1772000581598
 30
0.0
 11
417.694821458379
 21
325.37713597124576
 31
0.0
  0
LINE
  5
214
330
17
100
AcDbEntity
  8
ENGRAVE
100
AcDbLine
 10
417.694821458379
 20
325.37713597124576
 30
0.0
 11
416.99483213953135
 21
326.7771146089411
 31
0.0
  0
LINE
  5
215
330
17
100
AcDbEntity
  8
ENGRAVE
100
AcDbLine
 10
416.99483213953135
 20
326.7771146089411
 30
0.0
 11
414.19487486414073
 21
326.7771146089411
 31
0.0
  0
LINE
  5
216
330
17
100
AcDbEntity
  8
ENGRAVE
100
AcDbLine
 10
414.19487486414073
 20
326.7771146089411
 30
0.0
 11
413.4948855452931
 21
325.37713597124576
 31
0.0
  0
LINE
  5
217
330
17
100
AcDbEntity
  8
ENGRAVE
100
AcDbLine
 10
413.4948855452931
 20
325.37713597124576
 30
0.0
 11
413.4948855452931
 21
321.1772000581598
 31
0.0
  0
LINE
  5
218
330
17
100
AcDbEntity
  8
ENGRAVE
100
AcDbLine
 10
413.4948855452931
 20
321.1772000581598
 30
0.0
 11
414.19487486414073
 21
319.7772214204645
 31
0.0
  0
LINE
  5
219
330
17
100
AcDbEntity
  8
ENGRAVE
100
AcDbLine
 10
419.0948000960743
 20
326.7771146089411
 30
0.0
 11
423.29473600916026
 21
326.7771146089411
 31
0.0
  0
LINE
  5
21A
330
17
100
AcDbEntity
  8
ENGRAVE
100
AcDbLine
 10
423.29473600916026
 20
326.7771146089411
 30
0.0
 11
420.49477873376964
 21
319.7772214204645
 31
0.0
  0
LINE
  5
21B
330
17
100
AcDbEntity
  8
CUT
100
AcDbLine
 10
183.85796944444445
 20
298.9738777777782
 30
0.0
 11
183.85796944444445
 21
308.9758333333337
 31
0.0
  0
LINE
  5
21C
330
17
100
AcDbEntity
  8
CUT
100
AcDbLine
 10
186.85869722222213
 20
308.9758333333337
 30
0.0
 11
186.85869722222213
 21
298.9738777777782
 31
0.0
  0
LINE
  5
21D
330
17
100
AcDbEntity
  8
CUT
100
AcDbLine
 10
183.85796944444445
 20
308.9758333333337
 30
0.0
 11
186.85869722222213
 21
308.9758333333337
 31
0.0
  0
LINE
  5
21E
330
17
100
AcDbEntity
  8
CUT
100
AcDbLine
 10
186.85869722222213
 20
298.9738777777782
 30
0.0
 11
183.85796944444445
 21
298.9738777777782
 31
0.0
  0
LINE
  5
21F
330
17
100
AcDbEntity
  8
CUT
100
AcDbLine
 10
13.740763888888841
 20
298.9738777777782
 30
0.0
 11
13.740763888888841
 21
308.9758333333337
 31
0.0
  0
LINE
  5
220
330
17
100
AcDbEntity
  8
CUT
100
AcDbLine
 10
16.74149166666655
 20
308.9758333333337
 30
0.0
 11
16.74149166666655
 21
298.9738777777782
 31
0.0
  0
LINE
  5
221
330
17
100
AcDbEntity
  8
CUT
100
AcDbLine
 10
13.740763888888841
 20
308.9758333333337
 30
0.0
 11
16.74149166666655
 21
308.9758333333337
 31
0.0
  0
LINE
  5
222
330
17
100
AcDbEntity
  8
CUT
100
AcDbLine
 10
16.74149166666655
 20
298.9738777777782
 30
0.0
 11
13.740763888888841
 21
298.9738777777782
 31
0.0
  0
LINE
  5
223
330
17
100
AcDbEntity
  8
CUT
100
AcDbLine
 10
13.740763888888841
 20
333.5901972222226
 30
0.0
 11
13.740763888888841
 21
343.5921527777782
 31
0.0
  0
LINE
  5
224
330
17
100
AcDbEntity
  8
CUT
100
AcDbLine
 10
16.74149166666655
 20
343.5921527777782
 30
0.0
 11
16.74149166666655
 21
333.5901972222226
 31
0.0
  0
LINE
  5
225
330
17
100
AcDbEntity
  8
CUT
100
AcDbLine
 10
13.740763888888841
 20
343.5921527777782
 30
0.0
 11
16.74149166666655
 21
343.5921527777782
 31
0.0
  0
LINE
  5
226
330
17
100
AcDbEntity
  8
CUT
100
AcDbLine
 10
16.74149166666655
 20
333.5901972222226
 30
0.0
 11
13.740763888888841
 21
333.5901972222226
 31
0.0
  0
LINE
  5
227
330
17
100
AcDbEntity
  8
CUT
100
AcDbLine
 10
183.85796944444445
 20
333.5901972222226
 30
0.0
 11
183.85796944444445
 21
343.5921527777782
 31
0.0
  0
LINE
  5
228
330
17
100
AcDbEntity
  8
CUT
100
AcDbLine
 10
186.85869722222213
 20
343.5921527777782
 30
0.0
 11
186.85869722222213
 21
333.5901972222226
 31
0.0
  0
LINE
  5
229
330
17
100
AcDbEntity
  8
CUT
100
AcDbLine
 10
183.85796944444445
 20
343.5921527777782
 30
0.0
 11
186.85869722222213
 21
343.5921527777782
 31
0.0
  0
LINE
  5
22A
330
17
100
AcDbEntity
  8
CUT
100
AcDbLine
 10
186.85869722222213
 20
333.5901972222226
 30
0.0
 11
183.85796944444445
 21
333.5901972222226
 31
0.0
  0
LINE
  5
22B
330
17
100
AcDbEntity
  8
CUT
100
AcDbLine
 10
189.85942500000004
 20
288.9542833333337
 30
0.0
 11
189.85942500000004
 21
371.9752416666671
 31
0.0
  0
LINE
  5
22C
330
17
100
AcDbEntity
  8
CUT
100
AcDbLine
 10
6.5
 20
371.9752416666671
 30
0.0
 11
6.5
 21
288.9542833333337
 31
0.0
  0
LINE
  5
22D
330
17
100
AcDbEntity
  8
CUT
100
AcDbLine
 10
189.85942500000004
 20
371.9752416666671
 30
0.0
 11
6.500000000000057
 21
371.9752416666671
 31
0.0
  0
LINE
  5
22E
330
17
100
AcDbEntity
  8
CUT
100
AcDbLine
 10
6.5
 20
288.9542833333337
 30
0.0
 11
189.85942499999993
 21
288.9542833333337
 31
0.0
  0
LINE
  5
22F
330
17
100
AcDbEntity
  8
ENGRAVE
100
AcDbLine
 10
138.02422486414068
 20
327.907690864909
 30
0.0
 11
140.8241821395313
 21
327.907690864909
 31
0.0
  0
LINE
  5
230
330
17
100
AcDbEntity
  8
ENGRAVE
100
AcDbLine
 10
140.8241821395313
 20
327.907690864909
 30
0.0
 11
141.52417145837896
 21
329.3076695026043
 31
0.0
  0
LINE
  5
231
330
17
100
AcDbEntity
  8
ENGRAVE
100
AcDbLine
 10
141.52417145837896
 20
329.3076695026043
 30
0.0
 11
141.52417145837896
 21
333.50760541569025
 31
0.0
  0
LINE
  5
232
330
17
100
AcDbEntity
  8
ENGRAVE
100
AcDbLine
 10
141.52417145837896
 20
333.50760541569025
 30
0.0
 11
140.8241821395313
 21
334.90758405338556
 31
0.0
  0
LINE
  5
233
330
17
100
AcDbEntity
  8
ENGRAVE
100
AcDbLine
 10
140.8241821395313
 20
334.90758405338556
 30
0.0
 11
138.02422486414068
 21
334.90758405338556
 31
0.0
  0
LINE
  5
234
330
17
100
AcDbEntity
  8
ENGRAVE
100
AcDbLine
 10
138.02422486414068
 20
334.90758405338556
 30
0.0
 11
137.32423554529302
 21
333.50760541569025
 31
0.0
  0
LINE
  5
235
330
17
100
AcDbEntity
  8
ENGRAVE
100
AcDbLine
 10
137.32423554529302
 20
333.50760541569025
 30
0.0
 11
137.32423554529302
 21
329.3076695026043
 31
0.0
  0
LINE
  5
236
330
17
100
AcDbEntity
  8
ENGRAVE
100
AcDbLine
 10
137.32423554529302
 20
329.3076695026043
 30
0.0
 11
138.02422486414068
 21
327.907690864909
 31
0.0
  0
LINE
  5
237
330
17
100
AcDbEntity
  8
ENGRAVE
100
AcDbLine
 10
142.92415009607427
 20
334.90758405338556
 30
0.0
 11
147.1240860091602
 21
334.90758405338556
 31
0.0
  0
LINE
  5
238
330
17
100
AcDbEntity
  8
ENGRAVE
100
AcDbLine
 10
147.1240860091602
 20
334.90758405338556
 30
0.0
 11
144.32412873376958
 21
327.907690864909
 31
0.0
  0
LINE
  5
239
330
17
100
AcDbEntity
  8
CUT
100
AcDbLine
 10
542.0314388888889
 20
372.1608250000003
 30
0.0
 11
532.0294833333335
 21
372.1608250000003
 31
0.0
  0
LINE
  5
23A
330
17
100
AcDbEntity
  8
CUT
100
AcDbLine
 10
532.0294833333335
 20
375.16155277777796
 30
0.0
 11
542.0314388888889
 21
375.16155277777796
 31
0.0
  0
LINE
  5
23B
330
17
100
AcDbEntity
  8
CUT
100
AcDbLine
 10
532.0294833333335
 20
372.1608250000003
 30
0.0
 11
532.0294833333335
 21
375.16155277777796
 31
0.0
  0
LINE
  5
23C
330
17
100
AcDbEntity
  8
CUT
100
AcDbLine
 10
542.0314388888889
 20
375.16155277777796
 30
0.0
 11
542.0314388888889
 21
372.1608250000003
 31
0.0
  0
LINE
  5
23D
330
17
100
AcDbEntity
  8
CUT
100
AcDbLine
 10
542.0314388888889
 20
202.04361944444466
 30
0.0
 11
532.0294833333335
 21
202.04361944444466
 31
0.0
  0
LINE
  5
23E
330
17
100
AcDbEntity
  8
CUT
100
AcDbLine
 10
532.0294833333335
 20
205.04434722222237
 30
0.0
 11
542.0314388888889
 21
205.04434722222237
 31
0.0
  0
LINE
  5
23F
330
17
100
AcDbEntity
  8
CUT
100
AcDbLine
 10
532.0294833333335
 20
202.04361944444466
 30
0.0
 11
532.0294833333335
 21
205.04434722222237
 31
0.0
  0
LINE
  5
240
330
17
100
AcDbEntity
  8
CUT
100
AcDbLine
 10
542.0314388888889
 20
205.04434722222237
 30
0.0
 11
542.0314388888889
 21
202.04361944444466
 31
0.0
  0
LINE
  5
241
330
17
100
AcDbEntity
  8
CUT
100
AcDbLine
 10
507.4151194444446
 20
202.04361944444466
 30
0.0
 11
497.413163888889
 21
202.04361944444466
 31
0.0
  0
LINE
  5
242
330
17
100
AcDbEntity
  8
CUT
100
AcDbLine
 10
497.413163888889
 20
205.04434722222237
 30
0.0
 11
507.4151194444446
 21
205.04434722222237
 31
0.0
  0
LINE
  5
243
330
17
100
AcDbEntity
  8
CUT
100
AcDbLine
 10
497.413163888889
 20
202.04361944444466
 30
0.0
 11
497.413163888889
 21
205.04434722222237
 31
0.0
  0
LINE
  5
244
330
17
100
AcDbEntity
  8
CUT
100
AcDbLine
 10
507.4151194444446
 20
205.04434722222237
 30
0.0
 11
507.4151194444446
 21
202.04361944444466
 31
0.0
  0
LINE
  5
245
330
17
100
AcDbEntity
  8
CUT
100
AcDbLine
 10
507.4151194444446
 20
372.1608250000003
 30
0.0
 11
497.413163888889
 21
372.1608250000003
 31
0.0
  0
LINE
  5
246
330
17
100
AcDbEntity
  8
CUT
100
AcDbLine
 10
497.413163888889
 20
375.16155277777796
 30
0.0
 11
507.4151194444446
 21
375.16155277777796
 31
0.0
  0
LINE
  5
247
330
17
100
AcDbEntity
  8
CUT
100
AcDbLine
 10
497.413163888889
 20
372.1608250000003
 30
0.0
 11
497.413163888889
 21
375.16155277777796
 31
0.0
  0
LINE
  5
248
330
17
100
AcDbEntity
  8
CUT
100
AcDbLine
 10
507.4151194444446
 20
375.16155277777796
 30
0.0
 11
507.4151194444446
 21
372.1608250000003
 31
0.0
  0
LINE
  5
249
330
17
100
AcDbEntity
  8
CUT
100
AcDbLine
 10
552.0510333333335
 20
378.16228055555587
 30
0.0
 11
469.03007500000007
 21
378.16228055555587
 31
0.0
  0
LINE
  5
24A
330
17
100
AcDbEntity
  8
CUT
100
AcDbLine
 10
469.03007500000007
 20
194.80285555555582
 30
0.0
 11
552.0510333333335
 21
194.80285555555582
 31
0.0
  0
LINE
  5
24B
330
17
100
AcDbEntity
  8
CUT
100
AcDbLine
 10
469.03007500000007
 20
378.16228055555587
 30
0.0
 11
469.03007500000007
 21
194.80285555555588
 31
0.0
  0
LINE
  5
24C
330
17
100
AcDbEntity
  8
CUT
100
AcDbLine
 10
552.0510333333335
 20
194.80285555555582
 30
0.0
 11
552.0510333333335
 21
378.16228055555575
 31
0.0
  0
LINE
  5
24D
330
17
100
AcDbEntity
  8
ENGRAVE
100
AcDbLine
 10
513.0976258017582
 20
326.3270804196965
 30
0.0
 11
513.0976258017582
 21
329.1270376950871
 31
0.0
  0
LINE
  5
24E
330
17
100
AcDbEntity
  8
ENGRAVE
100
AcDbLine
 10
513.0976258017582
 20
329.1270376950871
 30
0.0
 11
511.6976471640629
 21
329.82702701393475
 31
0.0
  0
LINE
  5
24F
330
17
100
AcDbEntity
  8
ENGRAVE
100
AcDbLine
 10
511.6976471640629
 20
329.82702701393475
 30
0.0
 11
507.497711250977
 21
329.82702701393475
 31
0.0
  0
LINE
  5
250
330
17
100
AcDbEntity
  8
ENGRAVE
100
AcDbLine
 10
507.497711250977
 20
329.82702701393475
 30
0.0
 11
506.09773261328166
 21
329.1270376950871
 31
0.0
  0
LINE
  5
251
330
17
100
AcDbEntity
  8
ENGRAVE
100
AcDbLine
 10
506.09773261328166
 20
329.1270376950871
 30
0.0
 11
506.09773261328166
 21
326.3270804196965
 31
0.0
  0
LINE
  5
252
330
17
100
AcDbEntity
  8
ENGRAVE
100
AcDbLine
 10
506.09773261328166
 20
326.3270804196965
 30
0.0
 11
507.497711250977
 21
325.6270911008488
 31
0.0
  0
LINE
  5
253
330
17
100
AcDbEntity
  8
ENGRAVE
100
AcDbLine
 10
507.497711250977
 20
325.6270911008488
 30
0.0
 11
511.6976471640629
 21
325.6270911008488
 31
0.0
  0
LINE
  5
254
330
17
100
AcDbEntity
  8
ENGRAVE
100
AcDbLine
 10
511.6976471640629
 20
325.6270911008488
 30
0.0
 11
513.0976258017582
 21
326.3270804196965
 31
0.0
  0
LINE
  5
255
330
17
100
AcDbEntity
  8
ENGRAVE
100
AcDbLine
 10
506.09773261328166
 20
331.22700565163007
 30
0.0
 11
506.09773261328166
 21
335.426941564716
 31
0.0
  0
LINE
  5
256
330
17
100
AcDbEntity
  8
ENGRAVE
100
AcDbLine
 10
506.09773261328166
 20
335.426941564716
 30
0.0
 11
513.0976258017582
 21
332.6269842893254
 31
0.0
  0
LINE
  5
257
330
17
100
AcDbEntity
  8
CUT
100
AcDbLine
 10
558.8413
 20
139.97911666666664
 30
0.0
 11
585.7917583333335
 21
139.97911666666664
 31
0.0
  0
LINE
  5
258
330
17
100
AcDbEntity
  8
CUT
100
AcDbLine
 10
585.7917583333335
 20
129.977513888889
 30
0.0
 11
582.7913833333334
 21
129.977513888889
 31
0.0
  0
LINE
  5
259
330
17
100
AcDbEntity
  8
CUT
100
AcDbLine
 10
582.7913833333334
 20
19.502330555555716
 30
0.0
 11
585.7917583333335
 21
19.502330555555716
 31
0.0
  0
LINE
  5
25A
330
17
100
AcDbEntity
  8
CUT
100
AcDbLine
 10
582.7913833333334
 20
119.97520555555548
 30
0.0
 11
585.7917583333335
 21
119.97520555555548
 31
0.0
  0
LINE
  5
25B
330
17
100
AcDbEntity
  8
CUT
100
AcDbLine
 10
585.7917583333335
 20
29.504286111111128
 30
0.0
 11
582.7913833333334
 21
29.504286111111128
 31
0.0
  0
LINE
  5
25C
330
17
100
AcDbEntity
  8
CUT
100
AcDbLine
 10
585.7917583333335
 20
76.39833055555562
 30
0.0
 11
582.7913833333334
 21
76.39833055555562
 31
0.0
  0
LINE
  5
25D
330
17
100
AcDbEntity
  8
CUT
100
AcDbLine
 10
574.7402888888889
 20
29.504286111111128
 30
0.0
 11
571.739913888889
 21
29.504286111111128
 31
0.0
  0
LINE
  5
25E
330
17
100
AcDbEntity
  8
CUT
100
AcDbLine
 10
558.8413
 20
119.97520555555548
 30
0.0
 11
561.8416750000001
 21
119.97520555555548
 31
0.0
  0
LINE
  5
25F
330
17
100
AcDbEntity
  8
CUT
100
AcDbLine
 10
558.8413
 20
98.18941388888902
 30
0.0
 11
561.8416750000001
 21
98.18941388888902
 31
0.0
  0
LINE
  5
260
330
17
100
AcDbEntity
  8
CUT
100
AcDbLine
 10
561.8416750000001
 20
129.977513888889
 30
0.0
 11
558.8413
 21
129.977513888889
 31
0.0
  0
LINE
  5
261
330
17
100
AcDbEntity
  8
CUT
100
AcDbLine
 10
561.8416750000001
 20
108.1913694444446
 30
0.0
 11
558.8413
 21
108.1913694444446
 31
0.0
  0
LINE
  5
262
330
17
100
AcDbEntity
  8
CUT
100
AcDbLine
 10
585.7917583333335
 20
9.500727777777797
 30
0.0
 11
582.7913833333334
 21
9.500727777777797
 31
0.0
  0
LINE
  5
263
330
17
100
AcDbEntity
  8
CUT
100
AcDbLine
 10
570.0702166666667
 20
91.58717777777781
 30
0.0
 11
565.3892083333335
 21
95.34285
 31
0.0
  0
LINE
  5
264
330
17
100
AcDbEntity
  8
CUT
100
AcDbLine
 10
565.3892083333335
 20
95.34285
 30
0.0
 11
563.5117250000001
 21
93.0025222222223
 31
0.0
  0
LINE
  5
265
330
17
100
AcDbEntity
  8
CUT
100
AcDbLine
 10
563.5117250000001
 20
93.0025222222223
 30
0.0
 11
558.8413
 21
96.75008055555566
 31
0.0
  0
LINE
  5
266
330
17
100
AcDbEntity
  8
CUT
100
AcDbLine
 10
571.739913888889
 20
19.502330555555716
 30
0.0
 11
574.7402888888889
 21
19.502330555555716
 31
0.0
  0
LINE
  5
267
330
17
100
AcDbEntity
  8
CUT
100
AcDbLine
 10
571.739913888889
 20
66.39672777777776
 30
0.0
 11
574.7402888888889
 21
66.39672777777776
 31
0.0
  0
LINE
  5
268
330
17
100
AcDbEntity
  8
CUT
100
AcDbLine
 10
568.1923805555557
 20
89.24685
 30
0.0
 11
570.0702166666667
 21
91.58717777777781
 31
0.0
  0
LINE
  5
269
330
17
100
AcDbEntity
  8
CUT
100
AcDbLine
 10
574.7402888888889
 20
76.39833055555562
 30
0.0
 11
571.739913888889
 21
76.39833055555562
 31
0.0
  0
LINE
  5
26A
330
17
100
AcDbEntity
  8
CUT
100
AcDbLine
 10
582.7913833333334
 20
66.39672777777776
 30
0.0
 11
585.7917583333335
 21
66.39672777777776
 31
0.0
  0
LINE
  5
26B
330
17
100
AcDbEntity
  8
CUT
100
AcDbLine
 10
571.739913888889
 20
86.40063888888903
 30
0.0
 11
568.1923805555557
 21
89.24685
 31
0.0
  0
LINE
  5
26C
330
17
100
AcDbEntity
  8
CUT
100
AcDbLine
 10
582.7913833333334
 20
6.5
 30
0.0
 11
574.7402888888889
 21
6.5
 31
0.0
  0
LINE
  5
26D
330
17
100
AcDbEntity
  8
CUT
100
AcDbLine
 10
574.7402888888889
 20
9.500727777777797
 30
0.0
 11
571.739913888889
 21
9.500727777777797
 31
0.0
  0
LINE
  5
26E
330
17
100
AcDbEntity
  8
CUT
100
AcDbLine
 10
585.7917583333335
 20
139.97911666666664
 30
0.0
 11
585.7917583333335
 21
129.977513888889
 31
0.0
  0
LINE
  5
26F
330
17
100
AcDbEntity
  8
CUT
100
AcDbLine
 10
585.7917583333335
 20
66.39672777777776
 30
0.0
 11
585.7917583333335
 21
29.504286111111128
 31
0.0
  0
LINE
  5
270
330
17
100
AcDbEntity
  8
CUT
100
AcDbLine
 10
585.7917583333335
 20
119.97520555555548
 30
0.0
 11
585.7917583333335
 21
76.39833055555562
 31
0.0
  0
LINE
  5
271
330
17
100
AcDbEntity
  8
CUT
100
AcDbLine
 10
585.7917583333335
 20
19.502330555555716
 30
0.0
 11
585.7917583333335
 21
9.500727777777797
 31
0.0
  0
LINE
  5
272
330
17
100
AcDbEntity
  8
CUT
100
AcDbLine
 10
558.8413
 20
108.1913694444446
 30
0.0
 11
558.8413
 21
119.97520555555548
 31
0.0
  0
LINE
  5
273
330
17
100
AcDbEntity
  8
CUT
100
AcDbLine
 10
558.8413
 20
129.977513888889
 30
0.0
 11
558.8413
 21
139.97911666666664
 31
0.0
  0
LINE
  5
274
330
17
100
AcDbEntity
  8
CUT
100
AcDbLine
 10
558.8413
 20
96.75008055555566
 30
0.0
 11
558.8413
 21
98.18941388888902
 31
0.0
  0
LINE
  5
275
330
17
100
AcDbEntity
  8
CUT
100
AcDbLine
 10
574.7402888888889
 20
6.5
 30
0.0
 11
574.7402888888889
 21
9.500727777777797
 31
0.0
  0
LINE
  5
276
330
17
100
AcDbEntity
  8
CUT
100
AcDbLine
 10
574.7402888888889
 20
66.39672777777776
 30
0.0
 11
574.7402888888889
 21
76.39833055555562
 31
0.0
  0
LINE
  5
277
330
17
100
AcDbEntity
  8
CUT
100
AcDbLine
 10
574.7402888888889
 20
19.502330555555716
 30
0.0
 11
574.7402888888889
 21
29.504286111111128
 31
0.0
  0
LINE
  5
278
330
17
100
AcDbEntity
  8
CUT
100
AcDbLine
 10
582.7913833333334
 20
29.504286111111128
 30
0.0
 11
582.7913833333334
 21
19.502330555555716
 31
0.0
  0
LINE
  5
279
330
17
100
AcDbEntity
  8
CUT
100
AcDbLine
 10
582.7913833333334
 20
76.39833055555562
 30
0.0
 11
582.7913833333334
 21
66.39672777777776
 31
0.0
  0
LINE
  5
27A
330
17
100
AcDbEntity
  8
CUT
100
AcDbLine
 10
582.7913833333334
 20
129.977513888889
 30
0.0
 11
582.7913833333334
 21
119.97520555555548
 31
0.0
  0
LINE
  5
27B
330
17
100
AcDbEntity
  8
CUT
100
AcDbLine
 10
582.7913833333334
 20
9.500727777777797
 30
0.0
 11
582.7913833333334
 21
6.5
 31
0.0
  0
LINE
  5
27C
330
17
100
AcDbEntity
  8
CUT
100
AcDbLine
 10
561.8416750000001
 20
119.97520555555548
 30
0.0
 11
561.8416750000001
 21
129.977513888889
 31
0.0
  0
LINE
  5
27D
330
17
100
AcDbEntity
  8
CUT
100
AcDbLine
 10
561.8416750000001
 20
98.18941388888902
 30
0.0
 11
561.8416750000001
 21
108.1913694444446
 31
0.0
  0
LINE
  5
27E
330
17
100
AcDbEntity
  8
CUT
100
AcDbLine
 10
571.739913888889
 20
76.39833055555562
 30
0.0
 11
571.739913888889
 21
86.40063888888903
 31
0.0
  0
LINE
  5
27F
330
17
100
AcDbEntity
  8
CUT
100
AcDbLine
 10
571.739913888889
 20
29.504286111111128
 30
0.0
 11
571.739913888889
 21
66.39672777777776
 31
0.0
  0
LINE
  5
280
330
17
100
AcDbEntity
  8
CUT
100
AcDbLine
 10
571.739913888889
 20
9.500727777777797
 30
0.0
 11
571.739913888889
 21
19.502330555555716
 31
0.0
  0
LINE
  5
281
330
17
100
AcDbEntity
  8
ENGRAVE
100
AcDbLine
 10
571.4218159347331
 20
106.60529174696887
 30
0.0
 11
570.0218372970378
 21
108.00527038466419
 31
0.0
  0
LINE
  5
282
330
17
100
AcDbEntity
  8
ENGRAVE
100
AcDbLine
 10
570.0218372970378
 20
108.00527038466419
 30
0.0
 11
577.0217304855144
 21
108.00527038466419
 31
0.0
  0
LINE
  5
283
330
17
100
AcDbEntity
  8
ENGRAVE
100
AcDbLine
 10
577.0217304855144
 20
106.60529174696887
 30
0.0
 11
577.0217304855144
 21
109.4052490223595
 31
0.0
  0
LINE
  5
284
330
17
100
AcDbEntity
  8
ENGRAVE
100
AcDbLine
 10
577.0217304855144
 20
114.65516891371692
 30
0.0
 11
570.0218372970378
 21
114.65516891371692
 31
0.0
  0
LINE
  5
285
330
17
100
AcDbEntity
  8
ENGRAVE
100
AcDbLine
 10
570.0218372970378
 20
114.65516891371692
 30
0.0
 11
574.5717678695476
 21
111.50521697890247
 31
0.0
  0
LINE
  5
286
330
17
100
AcDbEntity
  8
ENGRAVE
100
AcDbLine
 10
574.5717678695476
 20
111.50521697890247
 30
0.0
 11
574.5717678695476
 21
115.7051528919884
 31
0.0
  0
LINE
  5
287
330
17
100
AcDbEntity
  8
CUT
100
AcDbLine
 10
238.52580277777793
 20
395.0084555555559
 30
0.0
 11
246.90498055555554
 21
395.0084555555559
 31
0.0
  0
LINE
  5
288
330
17
100
AcDbEntity
  8
CUT
100
AcDbLine
 10
212.86298333333343
 20
395.0084555555559
 30
0.0
 11
228.52384722222223
 21
395.0084555555559
 31
0.0
  0
LINE
  5
289
330
17
100
AcDbEntity
  8
CUT
100
AcDbLine
 10
192.85942500000004
 20
395.0084555555559
 30
0.0
 11
202.8613805555555
 21
395.0084555555559
 31
0.0
  0
LINE
  5
28A
330
17
100
AcDbEntity
  8
CUT
100
AcDbLine
 10
246.90498055555554
 20
398.0091833333338
 30
0.0
 11
256.90693611111124
 21
398.0091833333338
 31
0.0
  0
LINE
  5
28B
330
17
100
AcDbEntity
  8
CUT
100
AcDbLine
 10
202.8613805555555
 20
398.0091833333338
 30
0.0
 11
212.86298333333343
 21
398.0091833333338
 31
0.0
  0
LINE
  5
28C
330
17
100
AcDbEntity
  8
CUT
100
AcDbLine
 10
228.52384722222223
 20
398.0091833333338
 30
0.0
 11
238.52580277777793
 21
398.0091833333338
 31
0.0
  0
LINE
  5
28D
330
17
100
AcDbEntity
  8
CUT
100
AcDbLine
 10
266.90853888888904
 20
288.9542833333337
 30
0.0
 11
192.85942500000004
 21
288.9542833333337
 31
0.0
  0
LINE
  5
28E
330
17
100
AcDbEntity
  8
CUT
100
AcDbLine
 10
266.90853888888904
 20
297.9561138888892
 30
0.0
 11
231.79586111111115
 21
297.9561138888892
 31
0.0
  0
LINE
  5
28F
330
17
100
AcDbEntity
  8
CUT
100
AcDbLine
 10
256.90693611111124
 20
395.0084555555559
 30
0.0
 11
266.90853888888904
 21
395.0084555555559
 31
0.0
  0
LINE
  5
290
330
17
100
AcDbEntity
  8
CUT
100
AcDbLine
 10
231.79586111111115
 20
294.9557388888893
 30
0.0
 11
266.90853888888904
 21
294.9557388888893
 31
0.0
  0
LINE
  5
291
330
17
100
AcDbEntity
  8
CUT
100
AcDbLine
 10
231.79586111111115
 20
297.9561138888892
 30
0.0
 11
231.79586111111115
 21
294.9557388888893
 31
0.0
  0
LINE
  5
292
330
17
100
AcDbEntity
  8
CUT
100
AcDbLine
 10
266.90853888888904
 20
395.0084555555559
 30
0.0
 11
266.90853888888904
 21
297.9561138888892
 31
0.0
  0
LINE
  5
293
330
17
100
AcDbEntity
  8
CUT
100
AcDbLine
 10
266.90853888888904
 20
294.9557388888893
 30
0.0
 11
266.90853888888904
 21
288.9542833333337
 31
0.0
  0
LINE
  5
294
330
17
100
AcDbEntity
  8
CUT
100
AcDbLine
 10
228.52384722222223
 20
395.0084555555559
 30
0.0
 11
228.52384722222223
 21
398.0091833333338
 31
0.0
  0
LINE
  5
295
330
17
100
AcDbEntity
  8
CUT
100
AcDbLine
 10
238.52580277777793
 20
398.0091833333338
 30
0.0
 11
238.52580277777793
 21
395.0084555555559
 31
0.0
  0
LINE
  5
296
330
17
100
AcDbEntity
  8
CUT
100
AcDbLine
 10
202.8613805555555
 20
395.0084555555559
 30
0.0
 11
202.8613805555555
 21
398.0091833333338
 31
0.0
  0
LINE
  5
297
330
17
100
AcDbEntity
  8
CUT
100
AcDbLine
 10
212.86298333333343
 20
398.0091833333338
 30
0.0
 11
212.86298333333343
 21
395.0084555555559
 31
0.0
  0
LINE
  5
298
330
17
100
AcDbEntity
  8
CUT
100
AcDbLine
 10
246.90498055555554
 20
395.0084555555559
 30
0.0
 11
246.90498055555554
 21
398.0091833333338
 31
0.0
  0
LINE
  5
299
330
17
100
AcDbEntity
  8
CUT
100
AcDbLine
 10
256.90693611111124
 20
398.0091833333338
 30
0.0
 11
256.90693611111124
 21
395.0084555555559
 31
0.0
  0
LINE
  5
29A
330
17
100
AcDbEntity
  8
CUT
100
AcDbLine
 10
192.85942500000004
 20
288.9542833333337
 30
0.0
 11
192.85942500000004
 21
395.00845555555577
 31
0.0
  0
LINE
  5
29B
330
17
100
AcDbEntity
  8
CUT
100
AcDbLine
 10
249.83550555555564
 20
339.4480722222226
 30
0.0
 11
247.0841916666667
 21
340.6446944444448
 31
0.0
  0
LINE
  5
29C
330
17
100
AcDbEntity
  8
CUT
100
AcDbLine
 10
246.64533611111113
 20
332.1102944444448
 30
0.0
 11
249.83550555555564
 21
339.4480722222226
 31
0.0
  0
LINE
  5
29D
330
17
100
AcDbEntity
  8
CUT
100
AcDbLine
 10
247.0841916666667
 20
340.6446944444448
 30
0.0
 11
243.8936694444443
 21
333.3065638888892
 31
0.0
  0
LINE
  5
29E
330
17
100
AcDbEntity
  8
CUT
100
AcDbLine
 10
243.8936694444443
 20
333.3065638888892
 30
0.0
 11
246.64533611111113
 21
332.1102944444448
 31
0.0
  0
LINE
  5
29F
330
17
100
AcDbEntity
  8
CUT
100
AcDbLine
 10
238.17655277777794
 20
312.6320222222226
 30
0.0
 11
235.4248861111111
 21
313.82864444444476
 31
0.0
  0
LINE
  5
2A0
330
17
100
AcDbEntity
  8
CUT
100
AcDbLine
 10
235.4248861111111
 20
313.82864444444476
 30
0.0
 11
232.23436388888905
 21
306.4905138888892
 31
0.0
  0
LINE
  5
2A1
330
17
100
AcDbEntity
  8
CUT
100
AcDbLine
 10
232.23436388888905
 20
306.4905138888892
 30
0.0
 11
234.98603055555554
 21
305.29424444444476
 31
0.0
  0
LINE
  5
2A2
330
17
100
AcDbEntity
  8
CUT
100
AcDbLine
 10
234.98603055555554
 20
305.29424444444476
 30
0.0
 11
238.17655277777794
 21
312.6320222222226
 31
0.0
  0
LINE
  5
2A3
330
17
100
AcDbEntity
  8
CUT
100
AcDbLine
 10
237.8407083333334
 20
384.10550555555596
 30
0.0
 11
234.6501861111111
 21
391.44363611111135
 31
0.0
  0
LINE
  5
2A4
330
17
100
AcDbEntity
  8
CUT
100
AcDbLine
 10
231.89851944444445
 20
390.2470138888892
 30
0.0
 11
235.08904166666673
 21
382.90923611111145
 31
0.0
  0
LINE
  5
2A5
330
17
100
AcDbEntity
  8
CUT
100
AcDbLine
 10
235.08904166666673
 20
382.90923611111145
 30
0.0
 11
237.8407083333334
 21
384.10550555555596
 31
0.0
  0
LINE
  5
2A6
330
17
100
AcDbEntity
  8
CUT
100
AcDbLine
 10
234.6501861111111
 20
391.44363611111135
 30
0.0
 11
231.89851944444445
 21
390.2470138888892
 31
0.0
  0
LINE
  5
2A7
330
17
100
AcDbEntity
  8
CUT
100
AcDbLine
 10
246.64533611111113
 20
363.855002777778
 30
0.0
 11
243.8936694444443
 21
362.65838055555577
 31
0.0
  0
LINE
  5
2A8
330
17
100
AcDbEntity
  8
CUT
100
AcDbLine
 10
249.83550555555564
 20
356.51687222222256
 30
0.0
 11
246.64533611111113
 21
363.855002777778
 31
0.0
  0
LINE
  5
2A9
330
17
100
AcDbEntity
  8
CUT
100
AcDbLine
 10
247.0841916666667
 20
355.3206027777781
 30
0.0
 11
249.83550555555564
 21
356.51687222222256
 31
0.0
  0
LINE
  5
2AA
330
17
100
AcDbEntity
  8
CUT
100
AcDbLine
 10
243.8936694444443
 20
362.65838055555577
 30
0.0
 11
247.0841916666667
 21
355.3206027777781
 31
0.0
  0
LINE
  5
2AB
330
17
100
AcDbEntity
  8
CUT
100
AcDbLine
 10
254.72782777777792
 20
356.9645472222225
 30
0.0
 11
260.69541666666663
 21
356.9645472222225
 31
0.0
  0
LINE
  5
2AC
330
17
100
AcDbEntity
  8
CUT
100
AcDbLine
 10
260.69541666666663
 20
391.00760277777806
 30
0.0
 11
254.72782777777792
 21
391.00760277777806
 31
0.0
  0
LINE
  5
2AD
330
17
100
AcDbEntity
  8
CUT
100
AcDbLine
 10
263.6961444444444
 20
375.4864388888892
 30
0.0
 11
260.69541666666663
 21
375.4864388888892
 31
0.0
  0
LINE
  5
2AE
330
17
100
AcDbEntity
  8
CUT
100
AcDbLine
 10
251.7274527777779
 20
372.48571111111147
 30
0.0
 11
254.72782777777792
 21
372.48571111111147
 31
0.0
  0
LINE
  5
2AF
330
17
100
AcDbEntity
  8
CUT
100
AcDbLine
 10
260.69541666666663
 20
372.48571111111147
 30
0.0
 11
263.6961444444444
 21
372.48571111111147
 31
0.0
  0
LINE
  5
2B0
330
17
100
AcDbEntity
  8
CUT
100
AcDbLine
 10
254.72782777777792
 20
375.4864388888892
 30
0.0
 11
251.7274527777779
 21
375.4864388888892
 31
0.0
  0
LINE
  5
2B1
330
17
100
AcDbEntity
  8
CUT
100
AcDbLine
 10
260.69541666666663
 20
375.4864388888892
 30
0.0
 11
260.69541666666663
 21
391.00760277777806
 31
0.0
  0
LINE
  5
2B2
330
17
100
AcDbEntity
  8
CUT
100
AcDbLine
 10
260.69541666666663
 20
356.9645472222225
 30
0.0
 11
260.69541666666663
 21
372.48571111111147
 31
0.0
  0
LINE
  5
2B3
330
17
100
AcDbEntity
  8
CUT
100
AcDbLine
 10
254.72782777777792
 20
391.00760277777806
 30
0.0
 11
254.72782777777792
 21
375.4864388888892
 31
0.0
  0
LINE
  5
2B4
330
17
100
AcDbEntity
  8
CUT
100
AcDbLine
 10
254.72782777777792
 20
372.48571111111147
 30
0.0
 11
254.72782777777792
 21
356.9645472222225
 31
0.0
  0
LINE
  5
2B5
330
17
100
AcDbEntity
  8
CUT
100
AcDbLine
 10
263.6961444444444
 20
372.48571111111147
 30
0.0
 11
263.6961444444444
 21
375.4864388888892
 31
0.0
  0
LINE
  5
2B6
330
17
100
AcDbEntity
  8
CUT
100
AcDbLine
 10
251.7274527777779
 20
375.4864388888892
 30
0.0
 11
251.7274527777779
 21
372.48571111111147
 31
0.0
  0
LINE
  5
2B7
330
17
100
AcDbEntity
  8
ENGRAVE
100
AcDbLine
 10
223.52740627560792
 20
343.8695024696161
 30
0.0
 11
223.52740627560792
 21
346.66945974500675
 31
0.0
  0
LINE
  5
2B8
330
17
100
AcDbEntity
  8
ENGRAVE
100
AcDbLine
 10
223.52740627560792
 20
346.66945974500675
 30
0.0
 11
222.1274276379126
 21
347.3694490638544
 31
0.0
  0
LINE
  5
2B9
330
17
100
AcDbEntity
  8
ENGRAVE
100
AcDbLine
 10
222.1274276379126
 20
347.3694490638544
 30
0.0
 11
217.92749172482667
 21
347.3694490638544
 31
0.0
  0
LINE
  5
2BA
330
17
100
AcDbEntity
  8
ENGRAVE
100
AcDbLine
 10
217.92749172482667
 20
347.3694490638544
 30
0.0
 11
216.52751308713135
 21
346.66945974500675
 31
0.0
  0
LINE
  5
2BB
330
17
100
AcDbEntity
  8
ENGRAVE
100
AcDbLine
 10
216.52751308713135
 20
346.66945974500675
 30
0.0
 11
216.52751308713135
 21
343.8695024696161
 31
0.0
  0
LINE
  5
2BC
330
17
100
AcDbEntity
  8
ENGRAVE
100
AcDbLine
 10
216.52751308713135
 20
343.8695024696161
 30
0.0
 11
217.92749172482667
 21
343.16951315076847
 31
0.0
  0
LINE
  5
2BD
330
17
100
AcDbEntity
  8
ENGRAVE
100
AcDbLine
 10
217.92749172482667
 20
343.16951315076847
 30
0.0
 11
222.1274276379126
 21
343.16951315076847
 31
0.0
  0
LINE
  5
2BE
330
17
100
AcDbEntity
  8
ENGRAVE
100
AcDbLine
 10
222.1274276379126
 20
343.16951315076847
 30
0.0
 11
223.52740627560792
 21
343.8695024696161
 31
0.0
  0
LINE
  5
2BF
330
17
100
AcDbEntity
  8
ENGRAVE
100
AcDbLine
 10
220.02745968136963
 20
350.16940633924503
 30
0.0
 11
219.46746822629152
 21
349.4694170203974
 31
0.0
  0
LINE
  5
2C0
330
17
100
AcDbEntity
  8
ENGRAVE
100
AcDbLine
 10
219.46746822629152
 20
349.4694170203974
 30
0.0
 11
217.227502405979
 21
349.4694170203974
 31
0.0
  0
LINE
  5
2C1
330
17
100
AcDbEntity
  8
ENGRAVE
100
AcDbLine
 10
217.227502405979
 20
349.4694170203974
 30
0.0
 11
216.52751308713135
 21
350.16940633924503
 31
0.0
  0
LINE
  5
2C2
330
17
100
AcDbEntity
  8
ENGRAVE
100
AcDbLine
 10
216.52751308713135
 20
350.16940633924503
 30
0.0
 11
216.52751308713135
 21
351.56938497694034
 31
0.0
  0
LINE
  5
2C3
330
17
100
AcDbEntity
  8
ENGRAVE
100
AcDbLine
 10
216.52751308713135
 20
351.56938497694034
 30
0.0
 11
217.227502405979
 21
352.269374295788
 31
0.0
  0
LINE
  5
2C4
330
17
100
AcDbEntity
  8
ENGRAVE
100
AcDbLine
 10
217.227502405979
 20
352.269374295788
 30
0.0
 11
219.46746822629152
 21
352.269374295788
 31
0.0
  0
LINE
  5
2C5
330
17
100
AcDbEntity
  8
ENGRAVE
100
AcDbLine
 10
219.46746822629152
 20
352.269374295788
 30
0.0
 11
220.02745968136963
 21
351.56938497694034
 31
0.0
  0
LINE
  5
2C6
330
17
100
AcDbEntity
  8
ENGRAVE
100
AcDbLine
 10
220.02745968136963
 20
351.56938497694034
 30
0.0
 11
220.02745968136963
 21
350.16940633924503
 31
0.0
  0
LINE
  5
2C7
330
17
100
AcDbEntity
  8
ENGRAVE
100
AcDbLine
 10
220.02745968136963
 20
350.16940633924503
 30
0.0
 11
220.7274490002173
 21
349.25942022474305
 31
0.0
  0
LINE
  5
2C8
330
17
100
AcDbEntity
  8
ENGRAVE
100
AcDbLine
 10
220.7274490002173
 20
349.25942022474305
 30
0.0
 11
222.82741695676026
 21
349.25942022474305
 31
0.0
  0
LINE
  5
2C9
330
17
100
AcDbEntity
  8
ENGRAVE
100
AcDbLine
 10
222.82741695676026
 20
349.25942022474305
 30
0.0
 11
223.52740627560792
 21
350.16940633924503
 31
0.0
  0
LINE
  5
2CA
330
17
100
AcDbEntity
  8
ENGRAVE
100
AcDbLine
 10
223.52740627560792
 20
350.16940633924503
 30
0.0
 11
223.52740627560792
 21
351.56938497694034
 31
0.0
  0
LINE
  5
2CB
330
17
100
AcDbEntity
  8
ENGRAVE
100
AcDbLine
 10
223.52740627560792
 20
351.56938497694034
 30
0.0
 11
222.82741695676026
 21
352.4793710914423
 31
0.0
  0
LINE
  5
2CC
330
17
100
AcDbEntity
  8
ENGRAVE
100
AcDbLine
 10
222.82741695676026
 20
352.4793710914423
 30
0.0
 11
220.7274490002173
 21
352.4793710914423
 31
0.0
  0
LINE
  5
2CD
330
17
100
AcDbEntity
  8
ENGRAVE
100
AcDbLine
 10
220.7274490002173
 20
352.4793710914423
 30
0.0
 11
220.02745968136963
 21
351.56938497694034
 31
0.0
  0
LINE
  5
2CE
330
17
100
AcDbEntity
  8
CUT
100
AcDbLine
 10
376.91380000000015
 20
376.84672777777826
 30
0.0
 11
376.91380000000015
 21
386.84868333333395
 31
0.0
  0
LINE
  5
2CF
330
17
100
AcDbEntity
  8
CUT
100
AcDbLine
 10
373.91307222222247
 20
366.8447722222226
 30
0.0
 11
373.91307222222247
 21
376.84672777777826
 31
0.0
  0
LINE
  5
2D0
330
17
100
AcDbEntity
  8
CUT
100
AcDbLine
 10
269.90853888888904
 20
424.0931972222227
 30
0.0
 11
269.90853888888904
 21
366.8447722222226
 31
0.0
  0
LINE
  5
2D1
330
17
100
AcDbEntity
  8
CUT
100
AcDbLine
 10
373.91307222222247
 20
414.09124166666714
 30
0.0
 11
373.91307222222247
 21
424.0931972222227
 31
0.0
  0
LINE
  5
2D2
330
17
100
AcDbEntity
  8
CUT
100
AcDbLine
 10
373.91307222222247
 20
386.84868333333395
 30
0.0
 11
373.91307222222247
 21
404.0892861111116
 31
0.0
  0
LINE
  5
2D3
330
17
100
AcDbEntity
  8
CUT
100
AcDbLine
 10
376.91380000000015
 20
404.0892861111116
 30
0.0
 11
376.91380000000015
 21
414.09124166666714
 31
0.0
  0
LINE
  5
2D4
330
17
100
AcDbEntity
  8
CUT
100
AcDbLine
 10
373.91307222222247
 20
424.0931972222227
 30
0.0
 11
269.90853888888904
 21
424.0931972222227
 31
0.0
  0
LINE
  5
2D5
330
17
100
AcDbEntity
  8
CUT
100
AcDbLine
 10
373.91307222222247
 20
376.84672777777826
 30
0.0
 11
376.91380000000015
 21
376.84672777777826
 31
0.0
  0
LINE
  5
2D6
330
17
100
AcDbEntity
  8
CUT
100
AcDbLine
 10
376.91380000000015
 20
386.84868333333395
 30
0.0
 11
373.91307222222247
 21
386.84868333333395
 31
0.0
  0
LINE
  5
2D7
330
17
100
AcDbEntity
  8
CUT
100
AcDbLine
 10
376.91380000000015
 20
414.09124166666714
 30
0.0
 11
373.91307222222247
 21
414.09124166666714
 31
0.0
  0
LINE
  5
2D8
330
17
100
AcDbEntity
  8
CUT
100
AcDbLine
 10
269.90853888888904
 20
366.8447722222226
 30
0.0
 11
373.91307222222247
 21
366.8447722222226
 31
0.0
  0
LINE
  5
2D9
330
17
100
AcDbEntity
  8
CUT
100
AcDbLine
 10
373.91307222222247
 20
404.0892861111116
 30
0.0
 11
376.91380000000015
 21
404.0892861111116
 31
0.0
  0
LINE
  5
2DA
330
17
100
AcDbEntity
  8
CUT
100
AcDbLine
 10
276.86073055555573
 20
385.84855833333387
 30
0.0
 11
276.86073055555573
 21
377.8468527777782
 31
0.0
  0
LINE
  5
2DB
330
17
100
AcDbEntity
  8
CUT
100
AcDbLine
 10
273.86035555555577
 20
377.8468527777782
 30
0.0
 11
273.86035555555577
 21
385.84855833333387
 31
0.0
  0
LINE
  5
2DC
330
17
100
AcDbEntity
  8
CUT
100
AcDbLine
 10
273.86035555555577
 20
385.84855833333387
 30
0.0
 11
276.86073055555573
 21
385.84855833333387
 31
0.0
  0
LINE
  5
2DD
330
17
100
AcDbEntity
  8
CUT
100
AcDbLine
 10
276.86073055555573
 20
377.8468527777782
 30
0.0
 11
273.86035555555577
 21
377.8468527777782
 31
0.0
  0
LINE
  5
2DE
330
17
100
AcDbEntity
  8
CUT
100
AcDbLine
 10
276.86073055555573
 20
416.0918444444449
 30
0.0
 11
276.86073055555573
 21
408.09013888888956
 31
0.0
  0
LINE
  5
2DF
330
17
100
AcDbEntity
  8
CUT
100
AcDbLine
 10
273.86035555555577
 20
408.09013888888956
 30
0.0
 11
273.86035555555577
 21
416.0918444444449
 31
0.0
  0
LINE
  5
2E0
330
17
100
AcDbEntity
  8
CUT
100
AcDbLine
 10
276.86073055555573
 20
408.09013888888956
 30
0.0
 11
273.86035555555577
 21
408.09013888888956
 31
0.0
  0
LINE
  5
2E1
330
17
100
AcDbEntity
  8
CUT
100
AcDbLine
 10
273.86035555555577
 20
416.0918444444449
 30
0.0
 11
276.86073055555573
 21
416.0918444444449
 31
0.0
  0
LINE
  5
2E2
330
17
100
AcDbEntity
  8
ENGRAVE
100
AcDbLine
 10
341.71204135850434
 20
396.94641581485655
 30
0.0
 11
343.11201999619965
 21
398.34639445255186
 31
0.0
  0
LINE
  5
2E3
330
17
100
AcDbEntity
  8
ENGRAVE
100
AcDbLine
 10
343.11201999619965
 20
398.34639445255186
 30
0.0
 11
343.11201999619965
 21
391.3465012640753
 31
0.0
  0
LINE
  5
2E4
330
17
100
AcDbEntity
  8
ENGRAVE
100
AcDbLine
 10
341.71204135850434
 20
391.3465012640753
 30
0.0
 11
344.51199863389496
 21
391.3465012640753
 31
0.0
  0
LINE
  5
2E5
330
17
100
AcDbEntity
  8
ENGRAVE
100
AcDbLine
 10
347.3119559092856
 20
391.3465012640753
 30
0.0
 11
350.1119131846762
 21
391.3465012640753
 31
0.0
  0
LINE
  5
2E6
330
17
100
AcDbEntity
  8
ENGRAVE
100
AcDbLine
 10
350.1119131846762
 20
391.3465012640753
 30
0.0
 11
350.81190250352387
 21
392.7464799017706
 31
0.0
  0
LINE
  5
2E7
330
17
100
AcDbEntity
  8
ENGRAVE
100
AcDbLine
 10
350.81190250352387
 20
392.7464799017706
 30
0.0
 11
350.81190250352387
 21
396.94641581485655
 31
0.0
  0
LINE
  5
2E8
330
17
100
AcDbEntity
  8
ENGRAVE
100
AcDbLine
 10
350.81190250352387
 20
396.94641581485655
 30
0.0
 11
350.1119131846762
 21
398.34639445255186
 31
0.0
  0
LINE
  5
2E9
330
17
100
AcDbEntity
  8
ENGRAVE
100
AcDbLine
 10
350.1119131846762
 20
398.34639445255186
 30
0.0
 11
347.3119559092856
 21
398.34639445255186
 31
0.0
  0
LINE
  5
2EA
330
17
100
AcDbEntity
  8
ENGRAVE
100
AcDbLine
 10
347.3119559092856
 20
398.34639445255186
 30
0.0
 11
346.61196659043793
 21
396.94641581485655
 31
0.0
  0
LINE
  5
2EB
330
17
100
AcDbEntity
  8
ENGRAVE
100
AcDbLine
 10
346.61196659043793
 20
396.94641581485655
 30
0.0
 11
346.61196659043793
 21
392.7464799017706
 31
0.0
  0
LINE
  5
2EC
330
17
100
AcDbEntity
  8
ENGRAVE
100
AcDbLine
 10
346.61196659043793
 20
392.7464799017706
 30
0.0
 11
347.3119559092856
 21
391.3465012640753
 31
0.0
  0
LINE
  5
2ED
330
17
100
AcDbEntity
  8
CUT
100
AcDbLine
 10
113.50526111111111
 20
384.97719722222274
 30
0.0
 11
113.50526111111111
 21
394.97915277777844
 31
0.0
  0
LINE
  5
2EE
330
17
100
AcDbEntity
  8
CUT
100
AcDbLine
 10
110.50453333333343
 20
374.9752416666671
 30
0.0
 11
110.50453333333343
 21
384.97719722222274
 31
0.0
  0
LINE
  5
2EF
330
17
100
AcDbEntity
  8
CUT
100
AcDbLine
 10
6.5
 20
432.2236666666672
 30
0.0
 11
6.5
 21
374.9752416666671
 31
0.0
  0
LINE
  5
2F0
330
17
100
AcDbEntity
  8
CUT
100
AcDbLine
 10
110.50453333333343
 20
422.22171111111163
 30
0.0
 11
110.50453333333343
 21
432.2236666666672
 31
0.0
  0
LINE
  5
2F1
330
17
100
AcDbEntity
  8
CUT
100
AcDbLine
 10
110.50453333333343
 20
394.97915277777844
 30
0.0
 11
110.50453333333343
 21
412.2197555555561
 31
0.0
  0
LINE
  5
2F2
330
17
100
AcDbEntity
  8
CUT
100
AcDbLine
 10
113.50526111111111
 20
412.2197555555561
 30
0.0
 11
113.50526111111111
 21
422.22171111111163
 31
0.0
  0
LINE
  5
2F3
330
17
100
AcDbEntity
  8
CUT
100
AcDbLine
 10
110.50453333333343
 20
432.2236666666672
 30
0.0
 11
6.5
 21
432.2236666666672
 31
0.0
  0
LINE
  5
2F4
330
17
100
AcDbEntity
  8
CUT
100
AcDbLine
 10
110.50453333333343
 20
384.97719722222274
 30
0.0
 11
113.50526111111111
 21
384.97719722222274
 31
0.0
  0
LINE
  5
2F5
330
17
100
AcDbEntity
  8
CUT
100
AcDbLine
 10
113.50526111111111
 20
394.97915277777844
 30
0.0
 11
110.50453333333343
 21
394.97915277777844
 31
0.0
  0
LINE
  5
2F6
330
17
100
AcDbEntity
  8
CUT
100
AcDbLine
 10
113.50526111111111
 20
422.22171111111163
 30
0.0
 11
110.50453333333343
 21
422.22171111111163
 31
0.0
  0
LINE
  5
2F7
330
17
100
AcDbEntity
  8
CUT
100
AcDbLine
 10
6.5
 20
374.9752416666671
 30
0.0
 11
110.50453333333343
 21
374.9752416666671
 31
0.0
  0
LINE
  5
2F8
330
17
100
AcDbEntity
  8
CUT
100
AcDbLine
 10
110.50453333333343
 20
412.2197555555561
 30
0.0
 11
113.50526111111111
 21
412.2197555555561
 31
0.0
  0
LINE
  5
2F9
330
17
100
AcDbEntity
  8
CUT
100
AcDbLine
 10
13.452191666666693
 20
393.97902777777836
 30
0.0
 11
13.452191666666693
 21
385.9773222222227
 31
0.0
  0
LINE
  5
2FA
330
17
100
AcDbEntity
  8
CUT
100
AcDbLine
 10
10.45181666666673
 20
385.9773222222227
 30
0.0
 11
10.45181666666673
 21
393.97902777777836
 31
0.0
  0
LINE
  5
2FB
330
17
100
AcDbEntity
  8
CUT
100
AcDbLine
 10
10.45181666666673
 20
393.97902777777836
 30
0.0
 11
13.452191666666693
 21
393.97902777777836
 31
0.0
  0
LINE
  5
2FC
330
17
100
AcDbEntity
  8
CUT
100
AcDbLine
 10
13.452191666666693
 20
385.9773222222227
 30
0.0
 11
10.45181666666673
 21
385.9773222222227
 31
0.0
  0
LINE
  5
2FD
330
17
100
AcDbEntity
  8
CUT
100
AcDbLine
 10
13.452191666666693
 20
424.2223138888894
 30
0.0
 11
13.452191666666693
 21
416.22060833333404
 31
0.0
  0
LINE
  5
2FE
330
17
100
AcDbEntity
  8
CUT
100
AcDbLine
 10
10.45181666666673
 20
416.22060833333404
 30
0.0
 11
10.45181666666673
 21
424.2223138888894
 31
0.0
  0
LINE
  5
2FF
330
17
100
AcDbEntity
  8
CUT
100
AcDbLine
 10
13.452191666666693
 20
416.22060833333404
 30
0.0
 11
10.45181666666673
 21
416.22060833333404
 31
0.0
  0
LINE
  5
300
330
17
100
AcDbEntity
  8
CUT
100
AcDbLine
 10
10.45181666666673
 20
424.2223138888894
 30
0.0
 11
13.452191666666693
 21
424.2223138888894
 31
0.0
  0
LINE
  5
301
330
17
100
AcDbEntity
  8
ENGRAVE
100
AcDbLine
 10
78.3035024696153
 20
405.07688525930104
 30
0.0
 11
79.70348110731061
 21
406.47686389699635
 31
0.0
  0
LINE
  5
302
330
17
100
AcDbEntity
  8
ENGRAVE
100
AcDbLine
 10
79.70348110731061
 20
406.47686389699635
 30
0.0
 11
79.70348110731061
 21
399.4769707085198
 31
0.0
  0
LINE
  5
303
330
17
100
AcDbEntity
  8
ENGRAVE
100
AcDbLine
 10
78.3035024696153
 20
399.4769707085198
 30
0.0
 11
81.10345974500592
 21
399.4769707085198
 31
0.0
  0
LINE
  5
304
330
17
100
AcDbEntity
  8
ENGRAVE
100
AcDbLine
 10
83.90341702039655
 20
399.4769707085198
 30
0.0
 11
86.70337429578717
 21
399.4769707085198
 31
0.0
  0
LINE
  5
305
330
17
100
AcDbEntity
  8
ENGRAVE
100
AcDbLine
 10
86.70337429578717
 20
399.4769707085198
 30
0.0
 11
87.40336361463483
 21
400.8769493462151
 31
0.0
  0
LINE
  5
306
330
17
100
AcDbEntity
  8
ENGRAVE
100
AcDbLine
 10
87.40336361463483
 20
400.8769493462151
 30
0.0
 11
87.40336361463483
 21
405.07688525930104
 31
0.0
  0
LINE
  5
307
330
17
100
AcDbEntity
  8
ENGRAVE
100
AcDbLine
 10
87.40336361463483
 20
405.07688525930104
 30
0.0
 11
86.70337429578717
 21
406.47686389699635
 31
0.0
  0
LINE
  5
308
330
17
100
AcDbEntity
  8
ENGRAVE
100
AcDbLine
 10
86.70337429578717
 20
406.47686389699635
 30
0.0
 11
83.90341702039655
 21
406.47686389699635
 31
0.0
  0
LINE
  5
309
330
17
100
AcDbEntity
  8
ENGRAVE
100
AcDbLine
 10
83.90341702039655
 20
406.47686389699635
 30
0.0
 11
83.20342770154889
 21
405.07688525930104
 31
0.0
  0
LINE
  5
30A
330
17
100
AcDbEntity
  8
ENGRAVE
100
AcDbLine
 10
83.20342770154889
 20
405.07688525930104
 30
0.0
 11
83.20342770154889
 21
400.8769493462151
 31
0.0
  0
LINE
  5
30B
330
17
100
AcDbEntity
  8
ENGRAVE
100
AcDbLine
 10
83.20342770154889
 20
400.8769493462151
 30
0.0
 11
83.90341702039655
 21
399.4769707085198
 31
0.0
  0
LINE
  5
30C
330
17
100
AcDbEntity
  8
CUT
100
AcDbLine
 10
561.8420277777777
 20
142.97911666666664
 30
0.0
 11
561.8420277777777
 21
146.97996944444446
 31
0.0
  0
LINE
  5
30D
330
17
100
AcDbEntity
  8
CUT
100
AcDbLine
 10
591.4245611111112
 20
146.97996944444446
 30
0.0
 11
591.4245611111112
 21
242.03206111111103
 31
0.0
  0
LINE
  5
30E
330
17
100
AcDbEntity
  8
CUT
100
AcDbLine
 10
561.8420277777777
 20
242.03206111111103
 30
0.0
 11
561.8420277777777
 21
246.03291388888883
 31
0.0
  0
LINE
  5
30F
330
17
100
AcDbEntity
  8
CUT
100
AcDbLine
 10
558.8413
 20
246.03291388888883
 30
0.0
 11
558.8413
 21
142.97911666666664
 31
0.0
  0
LINE
  5
310
330
17
100
AcDbEntity
  8
CUT
100
AcDbLine
 10
558.8413
 20
142.97911666666664
 30
0.0
 11
561.8420277777777
 21
142.97911666666664
 31
0.0
  0
LINE
  5
311
330
17
100
AcDbEntity
  8
CUT
100
AcDbLine
 10
561.8420277777777
 20
246.03291388888883
 30
0.0
 11
558.8413
 21
246.03291388888883
 31
0.0
  0
LINE
  5
312
330
17
100
AcDbEntity
  8
CUT
100
AcDbLine
 10
591.4245611111112
 20
242.03206111111103
 30
0.0
 11
561.8420277777777
 21
242.03206111111103
 31
0.0
  0
LINE
  5
313
330
17
100
AcDbEntity
  8
CUT
100
AcDbLine
 10
561.8420277777777
 20
146.97996944444446
 30
0.0
 11
591.4245611111112
 21
146.97996944444446
 31
0.0
  0
LINE
  5
314
330
17
100
AcDbEntity
  8
CUT
100
AcDbLine
 10
576.1330555555555
 20
242.03206111111103
 30
0.0
 11
576.1330555555555
 21
146.97996944444446
 31
0.0
  0
LINE
  5
315
330
17
100
AcDbEntity
  8
CUT
100
AcDbLine
 10
565.9391888888888
 20
242.03206111111103
 30
0.0
 11
565.9391888888888
 21
146.97996944444446
 31
0.0
  0
LINE
  5
316
330
17
100
AcDbEntity
  8
CUT
100
AcDbLine
 10
571.0361222222223
 20
242.03206111111103
 30
0.0
 11
571.0361222222223
 21
146.97996944444446
 31
0.0
  0
LINE
  5
317
330
17
100
AcDbEntity
  8
CUT
100
AcDbLine
 10
581.2303416666666
 20
242.03206111111103
 30
0.0
 11
581.2303416666666
 21
146.97996944444446
 31
0.0
  0
LINE
  5
318
330
17
100
AcDbEntity
  8
CUT
100
AcDbLine
 10
560.8419027777777
 20
242.03206111111103
 30
0.0
 11
560.8419027777777
 21
146.97996944444446
 31
0.0
  0
LINE
  5
319
330
17
100
AcDbEntity
  8
CUT
100
AcDbLine
 10
586.3276277777777
 20
242.03206111111103
 30
0.0
 11
586.3276277777777
 21
146.97996944444446
 31
0.0
  0
LINE
  5
31A
330
17
100
AcDbEntity
  8
ENGRAVE
100
AcDbLine
 10
567.5828769727774
 20
235.97532663893554
 30
0.0
 11
566.9695865675039
 21
236.588617044209
 31
0.0
  0
LINE
  5
31B
330
17
100
AcDbEntity
  8
ENGRAVE
100
AcDbLine
 10
566.9695865675039
 20
236.588617044209
 30
0.0
 11
570.0360385938711
 21
236.588617044209
 31
0.0
  0
LINE
  5
31C
330
17
100
AcDbEntity
  8
ENGRAVE
100
AcDbLine
 10
570.0360385938711
 20
235.97532663893554
 30
0.0
 11
570.0360385938711
 21
237.20190744948243
 31
0.0
  0
LINE
  5
31D
330
17
100
AcDbEntity
  8
ENGRAVE
100
AcDbLine
 10
566.9695865675039
 20
239.9617142732129
 30
0.0
 11
566.9695865675039
 21
238.4284882600293
 31
0.0
  0
LINE
  5
31E
330
17
100
AcDbEntity
  8
ENGRAVE
100
AcDbLine
 10
566.9695865675039
 20
238.4284882600293
 30
0.0
 11
568.1961673780509
 21
238.4284882600293
 31
0.0
  0
LINE
  5
31F
330
17
100
AcDbEntity
  8
ENGRAVE
100
AcDbLine
 10
568.1961673780509
 20
238.4284882600293
 30
0.0
 11
568.1961673780509
 21
239.6550690705762
 31
0.0
  0
LINE
  5
320
330
17
100
AcDbEntity
  8
ENGRAVE
100
AcDbLine
 10
568.1961673780509
 20
239.6550690705762
 30
0.0
 11
568.5028125806875
 21
239.9617142732129
 31
0.0
  0
LINE
  5
321
330
17
100
AcDbEntity
  8
ENGRAVE
100
AcDbLine
 10
568.5028125806875
 20
239.9617142732129
 30
0.0
 11
569.7293933912345
 21
239.9617142732129
 31
0.0
  0
LINE
  5
322
330
17
100
AcDbEntity
  8
ENGRAVE
100
AcDbLine
 10
569.7293933912345
 20
239.9617142732129
 30
0.0
 11
570.0360385938711
 21
239.6550690705762
 31
0.0
  0
LINE
  5
323
330
17
100
AcDbEntity
  8
ENGRAVE
100
AcDbLine
 10
570.0360385938711
 20
239.6550690705762
 30
0.0
 11
570.0360385938711
 21
238.4284882600293
 31
0.0
  0
LINE
  5
324
330
17
100
AcDbEntity
  8
ENGRAVE
100
AcDbLine
 10
570.0360385938711
 20
238.4284882600293
 30
0.0
 11
569.7293933912345
 21
238.1218430573926
 31
0.0
  0
LINE
  5
325
330
17
100
AcDbEntity
  8
CUT
100
AcDbLine
 10
558.0517611111112
 20
249.03291388888883
 30
0.0
 11
558.0517611111112
 21
253.03376666666665
 31
0.0
  0
LINE
  5
326
330
17
100
AcDbEntity
  8
CUT
100
AcDbLine
 10
587.6342944444445
 20
253.03376666666665
 30
0.0
 11
587.6342944444445
 21
348.08585833333325
 31
0.0
  0
LINE
  5
327
330
17
100
AcDbEntity
  8
CUT
100
AcDbLine
 10
558.0517611111112
 20
348.08585833333325
 30
0.0
 11
558.0517611111112
 21
352.086711111111
 31
0.0
  0
LINE
  5
328
330
17
100
AcDbEntity
  8
CUT
100
AcDbLine
 10
555.0510333333335
 20
352.086711111111
 30
0.0
 11
555.0510333333335
 21
249.03291388888883
 31
0.0
  0
LINE
  5
329
330
17
100
AcDbEntity
  8
CUT
100
AcDbLine
 10
555.0510333333335
 20
249.03291388888883
 30
0.0
 11
558.0517611111112
 21
249.03291388888883
 31
0.0
  0
LINE
  5
32A
330
17
100
AcDbEntity
  8
CUT
100
AcDbLine
 10
558.0517611111112
 20
352.086711111111
 30
0.0
 11
555.0510333333335
 21
352.086711111111
 31
0.0
  0
LINE
  5
32B
330
17
100
AcDbEntity
  8
CUT
100
AcDbLine
 10
587.6342944444445
 20
348.08585833333325
 30
0.0
 11
558.0517611111112
 21
348.08585833333325
 31
0.0
  0
LINE
  5
32C
330
17
100
AcDbEntity
  8
CUT
100
AcDbLine
 10
558.0517611111112
 20
253.03376666666665
 30
0.0
 11
587.6342944444445
 21
253.03376666666665
 31
0.0
  0
LINE
  5
32D
330
17
100
AcDbEntity
  8
CUT
100
AcDbLine
 10
572.342788888889
 20
348.08585833333325
 30
0.0
 11
572.342788888889
 21
253.03376666666665
 31
0.0
  0
LINE
  5
32E
330
17
100
AcDbEntity
  8
CUT
100
AcDbLine
 10
562.1489222222224
 20
348.08585833333325
 30
0.0
 11
562.1489222222224
 21
253.03376666666665
 31
0.0
  0
LINE
  5
32F
330
17
100
AcDbEntity
  8
CUT
100
AcDbLine
 10
567.2458555555556
 20
348.08585833333325
 30
0.0
 11
567.2458555555556
 21
253.03376666666665
 31
0.0
  0
LINE
  5
330
330
17
100
AcDbEntity
  8
CUT
100
AcDbLine
 10
577.4400750000001
 20
348.08585833333325
 30
0.0
 11
577.4400750000001
 21
253.03376666666665
 31
0.0
  0
LINE
  5
331
330
17
100
AcDbEntity
  8
CUT
100
AcDbLine
 10
557.0516361111112
 20
348.08585833333325
 30
0.0
 11
557.0516361111112
 21
253.03376666666665
 31
0.0
  0
LINE
  5
332
330
17
100
AcDbEntity
  8
CUT
100
AcDbLine
 10
582.5373611111112
 20
348.08585833333325
 30
0.0
 11
582.5373611111112
 21
253.03376666666665
 31
0.0
  0
LINE
  5
333
330
17
100
AcDbEntity
  8
ENGRAVE
100
AcDbLine
 10
563.792610306111
 20
342.0291238611577
 30
0.0
 11
563.1793199008375
 21
342.64241426643116
 31
0.0
  0
LINE
  5
334
330
17
100
AcDbEntity
  8
ENGRAVE
100
AcDbLine
 10
563.1793199008375
 20
342.64241426643116
 30
0.0
 11
566.2457719272047
 21
342.64241426643116
 31
0.0
  0
LINE
  5
335
330
17
100
AcDbEntity
  8
ENGRAVE
100
AcDbLine
 10
566.2457719272047
 20
342.0291238611577
 30
0.0
 11
566.2457719272047
 21
343.25570467170456
 31
0.0
  0
LINE
  5
336
330
17
100
AcDbEntity
  8
ENGRAVE
100
AcDbLine
 10
563.1793199008375
 20
346.0155114954351
 30
0.0
 11
563.1793199008375
 21
344.4822854822515
 31
0.0
  0
LINE
  5
337
330
17
100
AcDbEntity
  8
ENGRAVE
100
AcDbLine
 10
563.1793199008375
 20
344.4822854822515
 30
0.0
 11
564.4059007113844
 21
344.4822854822515
 31
0.0
  0
LINE
  5
338
330
17
100
AcDbEntity
  8
ENGRAVE
100
AcDbLine
 10
564.4059007113844
 20
344.4822854822515
 30
0.0
 11
564.4059007113844
 21
345.70886629279835
 31
0.0
  0
LINE
  5
339
330
17
100
AcDbEntity
  8
ENGRAVE
100
AcDbLine
 10
564.4059007113844
 20
345.70886629279835
 30
0.0
 11
564.7125459140211
 21
346.0155114954351
 31
0.0
  0
LINE
  5
33A
330
17
100
AcDbEntity
  8
ENGRAVE
100
AcDbLine
 10
564.7125459140211
 20
346.0155114954351
 30
0.0
 11
565.939126724568
 21
346.0155114954351
 31
0.0
  0
LINE
  5
33B
330
17
100
AcDbEntity
  8
ENGRAVE
100
AcDbLine
 10
565.939126724568
 20
346.0155114954351
 30
0.0
 11
566.2457719272047
 21
345.70886629279835
 31
0.0
  0
LINE
  5
33C
330
17
100
AcDbEntity
  8
ENGRAVE
100
AcDbLine
 10
566.2457719272047
 20
345.70886629279835
 30
0.0
 11
566.2457719272047
 21
344.4822854822515
 31
0.0
  0
LINE
  5
33D
330
17
100
AcDbEntity
  8
ENGRAVE
100
AcDbLine
 10
566.2457719272047
 20
344.4822854822515
 30
0.0
 11
565.939126724568
 21
344.17564027961475
 31
0.0
  0
LINE
  5
33E
330
17
100
AcDbEntity
  8
CUT
100
AcDbLine
 10
482.96759722222237
 20
384.16300833333355
 30
0.0
 11
478.96674444444454
 21
384.16300833333355
 31
0.0
  0
LINE
  5
33F
330
17
100
AcDbEntity
  8
CUT
100
AcDbLine
 10
478.96674444444454
 20
413.74554166666695
 30
0.0
 11
383.914652777778
 21
413.74554166666695
 31
0.0
  0
LINE
  5
340
330
17
100
AcDbEntity
  8
CUT
100
AcDbLine
 10
383.914652777778
 20
384.16300833333355
 30
0.0
 11
379.91380000000015
 21
384.16300833333355
 31
0.0
  0
LINE
  5
341
330
17
100
AcDbEntity
  8
CUT
100
AcDbLine
 10
379.91380000000015
 20
381.16228055555587
 30
0.0
 11
482.96759722222237
 21
381.16228055555587
 31
0.0
  0
LINE
  5
342
330
17
100
AcDbEntity
  8
CUT
100
AcDbLine
 10
482.96759722222237
 20
381.16228055555587
 30
0.0
 11
482.96759722222237
 21
384.16300833333355
 31
0.0
  0
LINE
  5
343
330
17
100
AcDbEntity
  8
CUT
100
AcDbLine
 10
379.91380000000015
 20
384.16300833333355
 30
0.0
 11
379.91380000000015
 21
381.16228055555587
 31
0.0
  0
LINE
  5
344
330
17
100
AcDbEntity
  8
CUT
100
AcDbLine
 10
383.914652777778
 20
413.74554166666695
 30
0.0
 11
383.914652777778
 21
384.16300833333355
 31
0.0
  0
LINE
  5
345
330
17
100
AcDbEntity
  8
CUT
100
AcDbLine
 10
478.96674444444454
 20
384.16300833333355
 30
0.0
 11
478.96674444444454
 21
413.74554166666695
 31
0.0
  0
LINE
  5
346
330
17
100
AcDbEntity
  8
CUT
100
AcDbLine
 10
383.914652777778
 20
398.45403611111135
 30
0.0
 11
478.96674444444454
 21
398.45403611111135
 31
0.0
  0
LINE
  5
347
330
17
100
AcDbEntity
  8
CUT
100
AcDbLine
 10
383.914652777778
 20
388.26016944444467
 30
0.0
 11
478.96674444444454
 21
388.26016944444467
 31
0.0
  0
LINE
  5
348
330
17
100
AcDbEntity
  8
CUT
100
AcDbLine
 10
383.914652777778
 20
393.35710277777804
 30
0.0
 11
478.96674444444454
 21
393.35710277777804
 31
0.0
  0
LINE
  5
349
330
17
100
AcDbEntity
  8
CUT
100
AcDbLine
 10
383.914652777778
 20
403.55132222222244
 30
0.0
 11
478.96674444444454
 21
403.55132222222244
 31
0.0
  0
LINE
  5
34A
330
17
100
AcDbEntity
  8
CUT
100
AcDbLine
 10
383.914652777778
 20
383.1628833333335
 30
0.0
 11
478.96674444444454
 21
383.1628833333335
 31
0.0
  0
LINE
  5
34B
330
17
100
AcDbEntity
  8
CUT
100
AcDbLine
 10
383.914652777778
 20
408.6486083333335
 30
0.0
 11
478.96674444444454
 21
408.6486083333335
 31
0.0
  0
LINE
  5
34C
330
17
100
AcDbEntity
  8
ENGRAVE
100
AcDbLine
 10
386.2916448183128
 20
391.74372874415354
 30
0.0
 11
386.9049352235863
 21
392.357019149427
 31
0.0
  0
LINE
  5
34D
330
17
100
AcDbEntity
  8
ENGRAVE
100
AcDbLine
 10
386.9049352235863
 20
392.357019149427
 30
0.0
 11
386.9049352235863
 21
389.2905671230598
 31
0.0
  0
LINE
  5
34E
330
17
100
AcDbEntity
  8
ENGRAVE
100
AcDbLine
 10
386.2916448183128
 20
389.2905671230598
 30
0.0
 11
387.5182256288597
 21
389.2905671230598
 31
0.0
  0
LINE
  5
34F
330
17
100
AcDbEntity
  8
ENGRAVE
100
AcDbLine
 10
390.2780324525902
 20
392.357019149427
 30
0.0
 11
388.7448064394066
 21
392.357019149427
 31
0.0
  0
LINE
  5
350
330
17
100
AcDbEntity
  8
ENGRAVE
100
AcDbLine
 10
388.7448064394066
 20
392.357019149427
 30
0.0
 11
388.7448064394066
 21
391.13043833888014
 31
0.0
  0
LINE
  5
351
330
17
100
AcDbEntity
  8
ENGRAVE
100
AcDbLine
 10
388.7448064394066
 20
391.13043833888014
 30
0.0
 11
389.97138724995347
 21
391.13043833888014
 31
0.0
  0
LINE
  5
352
330
17
100
AcDbEntity
  8
ENGRAVE
100
AcDbLine
 10
389.97138724995347
 20
391.13043833888014
 30
0.0
 11
390.2780324525902
 21
390.8237931362434
 31
0.0
  0
LINE
  5
353
330
17
100
AcDbEntity
  8
ENGRAVE
100
AcDbLine
 10
390.2780324525902
 20
390.8237931362434
 30
0.0
 11
390.2780324525902
 21
389.59721232569655
 31
0.0
  0
LINE
  5
354
330
17
100
AcDbEntity
  8
ENGRAVE
100
AcDbLine
 10
390.2780324525902
 20
389.59721232569655
 30
0.0
 11
389.97138724995347
 21
389.2905671230598
 31
0.0
  0
LINE
  5
355
330
17
100
AcDbEntity
  8
ENGRAVE
100
AcDbLine
 10
389.97138724995347
 20
389.2905671230598
 30
0.0
 11
388.7448064394066
 21
389.2905671230598
 31
0.0
  0
LINE
  5
356
330
17
100
AcDbEntity
  8
ENGRAVE
100
AcDbLine
 10
388.7448064394066
 20
389.2905671230598
 30
0.0
 11
388.4381612367699
 21
389.59721232569655
 31
0.0
  0
LINE
  5
357
330
17
100
AcDbEntity
  8
CUT
100
AcDbLine
 10
589.0213944444446
 20
384.16300833333355
 30
0.0
 11
585.0205416666668
 21
384.16300833333355
 31
0.0
  0
LINE
  5
358
330
17
100
AcDbEntity
  8
CUT
100
AcDbLine
 10
585.0205416666668
 20
413.74554166666695
 30
0.0
 11
489.9684500000002
 21
413.74554166666695
 31
0.0
  0
LINE
  5
359
330
17
100
AcDbEntity
  8
CUT
100
AcDbLine
 10
489.9684500000002
 20
384.16300833333355
 30
0.0
 11
485.96759722222237
 21
384.16300833333355
 31
0.0
  0
LINE
  5
35A
330
17
100
AcDbEntity
  8
CUT
100
AcDbLine
 10
485.96759722222237
 20
381.16228055555587
 30
0.0
 11
589.0213944444446
 21
381.16228055555587
 31
0.0
  0
LINE
  5
35B
330
17
100
AcDbEntity
  8
CUT
100
AcDbLine
 10
589.0213944444446
 20
381.16228055555587
 30
0.0
 11
589.0213944444446
 21
384.16300833333355
 31
0.0
  0
LINE
  5
35C
330
17
100
AcDbEntity
  8
CUT
100
AcDbLine
 10
485.96759722222237
 20
384.16300833333355
 30
0.0
 11
485.96759722222237
 21
381.16228055555587
 31
0.0
  0
LINE
  5
35D
330
17
100
AcDbEntity
  8
CUT
100
AcDbLine
 10
489.9684500000002
 20
413.74554166666695
 30
0.0
 11
489.9684500000002
 21
384.16300833333355
 31
0.0
  0
LINE
  5
35E
330
17
100
AcDbEntity
  8
CUT
100
AcDbLine
 10
585.0205416666668
 20
384.16300833333355
 30
0.0
 11
585.0205416666668
 21
413.74554166666695
 31
0.0
  0
LINE
  5
35F
330
17
100
AcDbEntity
  8
CUT
100
AcDbLine
 10
489.9684500000002
 20
398.45403611111135
 30
0.0
 11
585.0205416666668
 21
398.45403611111135
 31
0.0
  0
LINE
  5
360
330
17
100
AcDbEntity
  8
CUT
100
AcDbLine
 10
489.9684500000002
 20
388.26016944444467
 30
0.0
 11
585.0205416666668
 21
388.26016944444467
 31
0.0
  0
LINE
  5
361
330
17
100
AcDbEntity
  8
CUT
100
AcDbLine
 10
489.9684500000002
 20
393.35710277777804
 30
0.0
 11
585.0205416666668
 21
393.35710277777804
 31
0.0
  0
LINE
  5
362
330
17
100
AcDbEntity
  8
CUT
100
AcDbLine
 10
489.9684500000002
 20
403.55132222222244
 30
0.0
 11
585.0205416666668
 21
403.55132222222244
 31
0.0
  0
LINE
  5
363
330
17
100
AcDbEntity
  8
CUT
100
AcDbLine
 10
489.9684500000002
 20
383.1628833333335
 30
0.0
 11
585.0205416666668
 21
383.1628833333335
 31
0.0
  0
LINE
  5
364
330
17
100
AcDbEntity
  8
CUT
100
AcDbLine
 10
489.9684500000002
 20
408.6486083333335
 30
0.0
 11
585.0205416666668
 21
408.6486083333335
 31
0.0
  0
LINE
  5
365
330
17
100
AcDbEntity
  8
ENGRAVE
100
AcDbLine
 10
492.34544204053503
 20
391.74372874415354
 30
0.0
 11
492.9587324458085
 21
392.357019149427
 31
0.0
  0
LINE
  5
366
330
17
100
AcDbEntity
  8
ENGRAVE
100
AcDbLine
 10
492.9587324458085
 20
392.357019149427
 30
0.0
 11
492.9587324458085
 21
389.2905671230598
 31
0.0
  0
LINE
  5
367
330
17
100
AcDbEntity
  8
ENGRAVE
100
AcDbLine
 10
492.34544204053503
 20
389.2905671230598
 30
0.0
 11
493.5720228510819
 21
389.2905671230598
 31
0.0
  0
LINE
  5
368
330
17
100
AcDbEntity
  8
ENGRAVE
100
AcDbLine
 10
496.3318296748124
 20
392.357019149427
 30
0.0
 11
494.7986036616288
 21
392.357019149427
 31
0.0
  0
LINE
  5
369
330
17
100
AcDbEntity
  8
ENGRAVE
100
AcDbLine
 10
494.7986036616288
 20
392.357019149427
 30
0.0
 11
494.7986036616288
 21
391.13043833888014
 31
0.0
  0
LINE
  5
36A
330
17
100
AcDbEntity
  8
ENGRAVE
100
AcDbLine
 10
494.7986036616288
 20
391.13043833888014
 30
0.0
 11
496.0251844721757
 21
391.13043833888014
 31
0.0
  0
LINE
  5
36B
330
17
100
AcDbEntity
  8
ENGRAVE
100
AcDbLine
 10
496.0251844721757
 20
391.13043833888014
 30
0.0
 11
496.3318296748124
 21
390.8237931362434
 31
0.0
  0
LINE
  5
36C
330
17
100
AcDbEntity
  8
ENGRAVE
100
AcDbLine
 10
496.3318296748124
 20
390.8237931362434
 30
0.0
 11
496.3318296748124
 21
389.59721232569655
 31
0.0
  0
LINE
  5
36D
330
17
100
AcDbEntity
  8
ENGRAVE
100
AcDbLine
 10
496.3318296748124
 20
389.59721232569655
 30
0.0
 11
496.0251844721757
 21
389.2905671230598
 31
0.0
  0
LINE
  5
36E
330
17
100
AcDbEntity
  8
ENGRAVE
100
AcDbLine
 10
496.0251844721757
 20
389.2905671230598
 30
0.0
 11
494.7986036616288
 21
389.2905671230598
 31
0.0
  0
LINE
  5
36F
330
17
100
AcDbEntity
  8
ENGRAVE
100
AcDbLine
 10
494.7986036616288
 20
389.2905671230598
 30
0.0
 11
494.4919584589921
 21
389.59721232569655
 31
0.0
  0
LINE
  5
370
330
17
100
AcDbEntity
  8
CUT
100
AcDbLine
 10
121.50623888888893
 20
374.9752416666671
 30
0.0
 11
155.20851111111114
 21
374.9752416666671
 31
0.0
  0
LINE
  5
371
330
17
100
AcDbEntity
  8
CUT
100
AcDbLine
 10
120.50576111111113
 20
380.9763444444448
 30
0.0
 11
116.50526111111111
 21
380.9763444444448
 31
0.0
  0
LINE
  5
372
330
17
100
AcDbEntity
  8
CUT
100
AcDbLine
 10
117.34804722222222
 20
377.1977416666671
 30
0.0
 11
117.96999444444441
 21
376.4399750000005
 31
0.0
  0
LINE
  5
373
330
17
100
AcDbEntity
  8
CUT
100
AcDbLine
 10
119.59241944444443
 20
375.3558888888893
 30
0.0
 11
120.53045555555553
 21
375.07119722222274
 31
0.0
  0
LINE
  5
374
330
17
100
AcDbEntity
  8
CUT
100
AcDbLine
 10
156.18394166666673
 20
375.07119722222274
 30
0.0
 11
157.12233055555552
 21
375.3558888888893
 31
0.0
  0
LINE
  5
375
330
17
100
AcDbEntity
  8
CUT
100
AcDbLine
 10
157.12233055555552
 20
375.3558888888893
 30
0.0
 11
157.98698888888893
 21
375.8180277777783
 31
0.0
  0
LINE
  5
376
330
17
100
AcDbEntity
  8
CUT
100
AcDbLine
 10
157.98698888888893
 20
375.8180277777783
 30
0.0
 11
158.7447555555555
 21
376.4399750000005
 31
0.0
  0
LINE
  5
377
330
17
100
AcDbEntity
  8
CUT
100
AcDbLine
 10
117.96999444444441
 20
376.4399750000005
 30
0.0
 11
118.72776111111114
 21
375.8180277777783
 31
0.0
  0
LINE
  5
378
330
17
100
AcDbEntity
  8
CUT
100
AcDbLine
 10
158.7447555555555
 20
376.4399750000005
 30
0.0
 11
159.36635
 21
377.1977416666671
 31
0.0
  0
LINE
  5
379
330
17
100
AcDbEntity
  8
CUT
100
AcDbLine
 10
123.50648888888892
 20
383.97671944444494
 30
0.0
 11
120.50576111111113
 21
383.97671944444494
 31
0.0
  0
LINE
  5
37A
330
17
100
AcDbEntity
  8
CUT
100
AcDbLine
 10
116.88590833333333
 20
378.0624000000003
 30
0.0
 11
117.34804722222222
 21
377.1977416666671
 31
0.0
  0
LINE
  5
37B
330
17
100
AcDbEntity
  8
CUT
100
AcDbLine
 10
120.53045555555553
 20
375.07119722222274
 30
0.0
 11
121.50623888888893
 21
374.9752416666671
 31
0.0
  0
LINE
  5
37C
330
17
100
AcDbEntity
  8
CUT
100
AcDbLine
 10
116.60121666666663
 20
379.00043611111164
 30
0.0
 11
116.88590833333333
 21
378.0624000000003
 31
0.0
  0
LINE
  5
37D
330
17
100
AcDbEntity
  8
CUT
100
AcDbLine
 10
118.72776111111114
 20
375.8180277777783
 30
0.0
 11
119.59241944444443
 21
375.3558888888893
 31
0.0
  0
LINE
  5
37E
330
17
100
AcDbEntity
  8
CUT
100
AcDbLine
 10
160.20913611111112
 20
380.9763444444448
 30
0.0
 11
156.20863611111113
 21
380.9763444444448
 31
0.0
  0
LINE
  5
37F
330
17
100
AcDbEntity
  8
CUT
100
AcDbLine
 10
156.20863611111113
 20
383.97671944444494
 30
0.0
 11
153.2082611111111
 21
383.97671944444494
 31
0.0
  0
LINE
  5
380
330
17
100
AcDbEntity
  8
CUT
100
AcDbLine
 10
153.2082611111111
 20
386.97744722222274
 30
0.0
 11
123.50648888888892
 21
386.97744722222274
 31
0.0
  0
LINE
  5
381
330
17
100
AcDbEntity
  8
CUT
100
AcDbLine
 10
155.20851111111114
 20
374.9752416666671
 30
0.0
 11
156.18394166666673
 21
375.07119722222274
 31
0.0
  0
LINE
  5
382
330
17
100
AcDbEntity
  8
CUT
100
AcDbLine
 10
159.36635
 20
377.1977416666671
 30
0.0
 11
159.82884166666673
 21
378.0624000000003
 31
0.0
  0
LINE
  5
383
330
17
100
AcDbEntity
  8
CUT
100
AcDbLine
 10
159.82884166666673
 20
378.0624000000003
 30
0.0
 11
160.11318055555563
 21
379.00043611111164
 31
0.0
  0
LINE
  5
384
330
17
100
AcDbEntity
  8
CUT
100
AcDbLine
 10
116.50526111111111
 20
379.97586666666723
 30
0.0
 11
116.60121666666663
 21
379.00043611111164
 31
0.0
  0
LINE
  5
385
330
17
100
AcDbEntity
  8
CUT
100
AcDbLine
 10
116.50526111111111
 20
380.9763444444448
 30
0.0
 11
116.50526111111111
 21
379.97586666666723
 31
0.0
  0
LINE
  5
386
330
17
100
AcDbEntity
  8
CUT
100
AcDbLine
 10
120.50576111111113
 20
383.97671944444494
 30
0.0
 11
120.50576111111113
 21
380.9763444444448
 31
0.0
  0
LINE
  5
387
330
17
100
AcDbEntity
  8
CUT
100
AcDbLine
 10
153.2082611111111
 20
383.97671944444494
 30
0.0
 11
153.2082611111111
 21
386.97744722222274
 31
0.0
  0
LINE
  5
388
330
17
100
AcDbEntity
  8
CUT
100
AcDbLine
 10
156.20863611111113
 20
380.9763444444448
 30
0.0
 11
156.20863611111113
 21
383.97671944444494
 31
0.0
  0
LINE
  5
389
330
17
100
AcDbEntity
  8
CUT
100
AcDbLine
 10
160.20913611111112
 20
379.97586666666723
 30
0.0
 11
160.20913611111112
 21
380.9763444444448
 31
0.0
  0
LINE
  5
38A
330
17
100
AcDbEntity
  8
CUT
100
AcDbLine
 10
160.11318055555563
 20
379.00043611111164
 30
0.0
 11
160.20913611111112
 21
379.97586666666723
 31
0.0
  0
LINE
  5
38B
330
17
100
AcDbEntity
  8
CUT
100
AcDbLine
 10
123.50648888888892
 20
386.97744722222274
 30
0.0
 11
123.50648888888892
 21
383.97671944444494
 31
0.0
  0
LINE
  5
38C
330
17
100
AcDbEntity
  8
ENGRAVE
100
AcDbLine
 10
124.52231514968369
 20
383.54073645817834
 30
0.0
 11
125.22230446853135
 21
384.240725777026
 31
0.0
  0
LINE
  5
38D
330
17
100
AcDbEntity
  8
ENGRAVE
100
AcDbLine
 10
125.22230446853135
 20
384.240725777026
 30
0.0
 11
128.02226174392197
 21
384.240725777026
 31
0.0
  0
LINE
  5
38E
330
17
100
AcDbEntity
  8
ENGRAVE
100
AcDbLine
 10
128.02226174392197
 20
384.240725777026
 30
0.0
 11
128.72225106276963
 21
383.54073645817834
 31
0.0
  0
LINE
  5
38F
330
17
100
AcDbEntity
  8
ENGRAVE
100
AcDbLine
 10
128.72225106276963
 20
383.54073645817834
 30
0.0
 11
128.72225106276963
 21
381.86076209294396
 31
0.0
  0
LINE
  5
390
330
17
100
AcDbEntity
  8
ENGRAVE
100
AcDbLine
 10
128.72225106276963
 20
381.86076209294396
 30
0.0
 11
128.02226174392197
 21
381.1607727740963
 31
0.0
  0
LINE
  5
391
330
17
100
AcDbEntity
  8
ENGRAVE
100
AcDbLine
 10
128.02226174392197
 20
381.1607727740963
 30
0.0
 11
125.922293787379
 21
381.1607727740963
 31
0.0
  0
LINE
  5
392
330
17
100
AcDbEntity
  8
ENGRAVE
100
AcDbLine
 10
128.02226174392197
 20
381.1607727740963
 30
0.0
 11
128.72225106276963
 21
380.46078345524865
 31
0.0
  0
LINE
  5
393
330
17
100
AcDbEntity
  8
ENGRAVE
100
AcDbLine
 10
128.72225106276963
 20
380.46078345524865
 30
0.0
 11
128.72225106276963
 21
377.9408219073971
 31
0.0
  0
LINE
  5
394
330
17
100
AcDbEntity
  8
ENGRAVE
100
AcDbLine
 10
128.72225106276963
 20
377.9408219073971
 30
0.0
 11
128.02226174392197
 21
377.24083258854944
 31
0.0
  0
LINE
  5
395
330
17
100
AcDbEntity
  8
ENGRAVE
100
AcDbLine
 10
128.02226174392197
 20
377.24083258854944
 30
0.0
 11
125.22230446853135
 21
377.24083258854944
 31
0.0
  0
LINE
  5
396
330
17
100
AcDbEntity
  8
ENGRAVE
100
AcDbLine
 10
125.22230446853135
 20
377.24083258854944
 30
0.0
 11
124.52231514968369
 21
377.9408219073971
 31
0.0
  0
LINE
  5
397
330
17
100
AcDbEntity
  8
ENGRAVE
100
AcDbLine
 10
130.12222970046494
 20
383.54073645817834
 30
0.0
 11
130.8222190193126
 21
384.240725777026
 31
0.0
  0
LINE
  5
398
330
17
100
AcDbEntity
  8
ENGRAVE
100
AcDbLine
 10
130.8222190193126
 20
384.240725777026
 30
0.0
 11
133.62217629470322
 21
384.240725777026
 31
0.0
  0
LINE
  5
399
330
17
100
AcDbEntity
  8
ENGRAVE
100
AcDbLine
 10
133.62217629470322
 20
384.240725777026
 30
0.0
 11
134.32216561355088
 21
383.54073645817834
 31
0.0
  0
LINE
  5
39A
330
17
100
AcDbEntity
  8
ENGRAVE
100
AcDbLine
 10
134.32216561355088
 20
383.54073645817834
 30
0.0
 11
134.32216561355088
 21
381.86076209294396
 31
0.0
  0
LINE
  5
39B
330
17
100
AcDbEntity
  8
ENGRAVE
100
AcDbLine
 10
134.32216561355088
 20
381.86076209294396
 30
0.0
 11
133.62217629470322
 21
381.1607727740963
 31
0.0
  0
LINE
  5
39C
330
17
100
AcDbEntity
  8
ENGRAVE
100
AcDbLine
 10
133.62217629470322
 20
381.1607727740963
 30
0.0
 11
131.52220833816025
 21
381.1607727740963
 31
0.0
  0
LINE
  5
39D
330
17
100
AcDbEntity
  8
ENGRAVE
100
AcDbLine
 10
133.62217629470322
 20
381.1607727740963
 30
0.0
 11
134.32216561355088
 21
380.46078345524865
 31
0.0
  0
LINE
  5
39E
330
17
100
AcDbEntity
  8
ENGRAVE
100
AcDbLine
 10
134.32216561355088
 20
380.46078345524865
 30
0.0
 11
134.32216561355088
 21
377.9408219073971
 31
0.0
  0
LINE
  5
39F
330
17
100
AcDbEntity
  8
ENGRAVE
100
AcDbLine
 10
134.32216561355088
 20
377.9408219073971
 30
0.0
 11
133.62217629470322
 21
377.24083258854944
 31
0.0
  0
LINE
  5
3A0
330
17
100
AcDbEntity
  8
ENGRAVE
100
AcDbLine
 10
133.62217629470322
 20
377.24083258854944
 30
0.0
 11
130.8222190193126
 21
377.24083258854944
 31
0.0
  0
LINE
  5
3A1
330
17
100
AcDbEntity
  8
ENGRAVE
100
AcDbLine
 10
130.8222190193126
 20
377.24083258854944
 30
0.0
 11
130.12222970046494
 21
377.9408219073971
 31
0.0
  0
LINE
  5
3A2
330
17
100
AcDbEntity
  8
CUT
100
AcDbLine
 10
139.8034111111112
 20
411.5155888888894
 30
0.0
 11
139.19169444444452
 21
410.79945000000055
 31
0.0
  0
LINE
  5
3A3
330
17
100
AcDbEntity
  8
CUT
100
AcDbLine
 10
138.11960277777786
 20
408.21076666666715
 30
0.0
 11
138.04551944444444
 21
407.27202500000044
 31
0.0
  0
LINE
  5
3A4
330
17
100
AcDbEntity
  8
CUT
100
AcDbLine
 10
116.50526111111111
 20
401.1590916666671
 30
0.0
 11
116.50526111111111
 21
397.47044722222273
 31
0.0
  0
LINE
  5
3A5
330
17
100
AcDbEntity
  8
CUT
100
AcDbLine
 10
145.00723611111113
 20
395.15798888888935
 30
0.0
 11
145.00723611111113
 21
404.9084138888893
 31
0.0
  0
LINE
  5
3A6
330
17
100
AcDbEntity
  8
CUT
100
AcDbLine
 10
131.08380277777798
 20
395.15798888888935
 30
0.0
 11
131.08380277777798
 21
392.15726111111167
 31
0.0
  0
LINE
  5
3A7
330
17
100
AcDbEntity
  8
CUT
100
AcDbLine
 10
119.21530000000013
 20
394.90645833333383
 30
0.0
 11
117.15331388888904
 21
392.72699722222274
 31
0.0
  0
LINE
  5
3A8
330
17
100
AcDbEntity
  8
CUT
100
AcDbLine
 10
116.50526111111111
 20
397.47044722222273
 30
0.0
 11
119.21530000000013
 21
394.90645833333383
 31
0.0
  0
LINE
  5
3A9
330
17
100
AcDbEntity
  8
CUT
100
AcDbLine
 10
142.19242222222232
 20
412.97961666666714
 30
0.0
 11
141.32211944444447
 21
412.6190777777782
 31
0.0
  0
LINE
  5
3AA
330
17
100
AcDbEntity
  8
CUT
100
AcDbLine
 10
139.19169444444452
 20
410.79945000000055
 30
0.0
 11
138.69956944444453
 21
409.9965277777782
 31
0.0
  0
LINE
  5
3AB
330
17
100
AcDbEntity
  8
CUT
100
AcDbLine
 10
138.69956944444453
 20
409.9965277777782
 30
0.0
 11
138.33903055555578
 21
409.12657777777827
 31
0.0
  0
LINE
  5
3AC
330
17
100
AcDbEntity
  8
CUT
100
AcDbLine
 10
124.12208611111129
 20
395.15798888888935
 30
0.0
 11
124.12208611111129
 21
392.15726111111167
 31
0.0
  0
LINE
  5
3AD
330
17
100
AcDbEntity
  8
CUT
100
AcDbLine
 10
129.08355277777792
 20
392.15726111111167
 30
0.0
 11
129.08355277777792
 21
395.15798888888935
 31
0.0
  0
LINE
  5
3AE
330
17
100
AcDbEntity
  8
CUT
100
AcDbLine
 10
140.51919722222232
 20
412.12730555555606
 30
0.0
 11
139.8034111111112
 21
411.5155888888894
 31
0.0
  0
LINE
  5
3AF
330
17
100
AcDbEntity
  8
CUT
100
AcDbLine
 10
158.46041666666662
 20
404.9084138888893
 30
0.0
 11
158.46041666666662
 21
413.2731277777782
 31
0.0
  0
LINE
  5
3B0
330
17
100
AcDbEntity
  8
CUT
100
AcDbLine
 10
138.04551944444444
 20
407.27202500000044
 30
0.0
 11
138.04551944444444
 21
401.1590916666671
 31
0.0
  0
LINE
  5
3B1
330
17
100
AcDbEntity
  8
CUT
100
AcDbLine
 10
117.15331388888904
 20
392.72699722222274
 30
0.0
 11
120.05985000000004
 21
389.97744722222274
 31
0.0
  0
LINE
  5
3B2
330
17
100
AcDbEntity
  8
CUT
100
AcDbLine
 10
143.1078805555556
 20
413.19939722222273
 30
0.0
 11
142.19242222222232
 21
412.97961666666714
 31
0.0
  0
LINE
  5
3B3
330
17
100
AcDbEntity
  8
CUT
100
AcDbLine
 10
136.0452694444444
 20
392.15726111111167
 30
0.0
 11
136.0452694444444
 21
395.15798888888935
 31
0.0
  0
LINE
  5
3B4
330
17
100
AcDbEntity
  8
CUT
100
AcDbLine
 10
138.33903055555578
 20
409.12657777777827
 30
0.0
 11
138.11960277777786
 21
408.21076666666715
 31
0.0
  0
LINE
  5
3B5
330
17
100
AcDbEntity
  8
CUT
100
AcDbLine
 10
122.12183611111124
 20
392.15726111111167
 30
0.0
 11
122.12183611111124
 21
395.15798888888935
 31
0.0
  0
LINE
  5
3B6
330
17
100
AcDbEntity
  8
CUT
100
AcDbLine
 10
143.00663333333335
 20
392.15726111111167
 30
0.0
 11
143.00663333333335
 21
395.15798888888935
 31
0.0
  0
LINE
  5
3B7
330
17
100
AcDbEntity
  8
CUT
100
AcDbLine
 10
120.05985000000004
 20
389.97744722222274
 30
0.0
 11
122.12183611111124
 21
392.15726111111167
 31
0.0
  0
LINE
  5
3B8
330
17
100
AcDbEntity
  8
CUT
100
AcDbLine
 10
138.04551944444444
 20
395.15798888888935
 30
0.0
 11
138.04551944444444
 21
392.15726111111167
 31
0.0
  0
LINE
  5
3B9
330
17
100
AcDbEntity
  8
CUT
100
AcDbLine
 10
141.32211944444447
 20
412.6190777777782
 30
0.0
 11
140.51919722222232
 21
412.12730555555606
 31
0.0
  0
LINE
  5
3BA
330
17
100
AcDbEntity
  8
CUT
100
AcDbLine
 10
144.0466222222222
 20
413.2731277777782
 30
0.0
 11
143.1078805555556
 21
413.19939722222273
 31
0.0
  0
LINE
  5
3BB
330
17
100
AcDbEntity
  8
CUT
100
AcDbLine
 10
158.46041666666662
 20
413.2731277777782
 30
0.0
 11
144.0466222222222
 21
413.2731277777782
 31
0.0
  0
LINE
  5
3BC
330
17
100
AcDbEntity
  8
CUT
100
AcDbLine
 10
138.04551944444444
 20
392.15726111111167
 30
0.0
 11
143.00663333333335
 21
392.15726111111167
 31
0.0
  0
LINE
  5
3BD
330
17
100
AcDbEntity
  8
CUT
100
AcDbLine
 10
131.08380277777798
 20
392.15726111111167
 30
0.0
 11
136.0452694444444
 21
392.15726111111167
 31
0.0
  0
LINE
  5
3BE
330
17
100
AcDbEntity
  8
CUT
100
AcDbLine
 10
124.12208611111129
 20
392.15726111111167
 30
0.0
 11
129.08355277777792
 21
392.15726111111167
 31
0.0
  0
LINE
  5
3BF
330
17
100
AcDbEntity
  8
CUT
100
AcDbLine
 10
145.00723611111113
 20
404.9084138888893
 30
0.0
 11
158.46041666666662
 21
404.9084138888893
 31
0.0
  0
LINE
  5
3C0
330
17
100
AcDbEntity
  8
CUT
100
AcDbLine
 10
143.00663333333335
 20
395.15798888888935
 30
0.0
 11
145.00723611111113
 21
395.15798888888935
 31
0.0
  0
LINE
  5
3C1
330
17
100
AcDbEntity
  8
CUT
100
AcDbLine
 10
136.0452694444444
 20
395.15798888888935
 30
0.0
 11
138.04551944444444
 21
395.15798888888935
 31
0.0
  0
LINE
  5
3C2
330
17
100
AcDbEntity
  8
CUT
100
AcDbLine
 10
122.12183611111124
 20
395.15798888888935
 30
0.0
 11
124.12208611111129
 21
395.15798888888935
 31
0.0
  0
LINE
  5
3C3
330
17
100
AcDbEntity
  8
CUT
100
AcDbLine
 10
129.08355277777792
 20
395.15798888888935
 30
0.0
 11
131.08380277777798
 21
395.15798888888935
 31
0.0
  0
LINE
  5
3C4
330
17
100
AcDbEntity
  8
CUT
100
AcDbLine
 10
138.04551944444444
 20
401.1590916666671
 30
0.0
 11
116.50526111111111
 21
401.1590916666671
 31
0.0
  0
LINE
  5
3C5
330
17
100
AcDbEntity
  8
ENGRAVE
100
AcDbLine
 10
148.4464849599398
 20
410.9919250746907
 30
0.0
 11
149.08186398826012
 21
412.2626831313313
 31
0.0
  0
LINE
  5
3C6
330
17
100
AcDbEntity
  8
ENGRAVE
100
AcDbLine
 10
149.08186398826012
 20
412.2626831313313
 30
0.0
 11
151.62338010154136
 21
412.2626831313313
 31
0.0
  0
LINE
  5
3C7
330
17
100
AcDbEntity
  8
ENGRAVE
100
AcDbLine
 10
151.62338010154136
 20
412.2626831313313
 30
0.0
 11
152.2587591298617
 21
410.9919250746907
 31
0.0
  0
LINE
  5
3C8
330
17
100
AcDbEntity
  8
ENGRAVE
100
AcDbLine
 10
152.2587591298617
 20
410.9919250746907
 30
0.0
 11
152.2587591298617
 21
410.10239443504224
 31
0.0
  0
LINE
  5
3C9
330
17
100
AcDbEntity
  8
ENGRAVE
100
AcDbLine
 10
152.2587591298617
 20
410.10239443504224
 30
0.0
 11
148.4464849599398
 21
405.9088928481282
 31
0.0
  0
LINE
  5
3CA
330
17
100
AcDbEntity
  8
ENGRAVE
100
AcDbLine
 10
148.4464849599398
 20
405.9088928481282
 30
0.0
 11
152.2587591298617
 21
405.9088928481282
 31
0.0
  0
LINE
  5
3CB
330
17
100
AcDbEntity
  8
ENGRAVE
100
AcDbLine
 10
153.5295171865023
 20
411.627304103011
 30
0.0
 11
154.16489621482262
 21
412.2626831313313
 31
0.0
  0
LINE
  5
3CC
330
17
100
AcDbEntity
  8
ENGRAVE
100
AcDbLine
 10
154.16489621482262
 20
412.2626831313313
 30
0.0
 11
156.70641232810385
 21
412.2626831313313
 31
0.0
  0
LINE
  5
3CD
330
17
100
AcDbEntity
  8
ENGRAVE
100
AcDbLine
 10
156.70641232810385
 20
412.2626831313313
 30
0.0
 11
157.34179135642418
 21
411.627304103011
 31
0.0
  0
LINE
  5
3CE
330
17
100
AcDbEntity
  8
ENGRAVE
100
AcDbLine
 10
157.34179135642418
 20
411.627304103011
 30
0.0
 11
157.34179135642418
 21
410.10239443504224
 31
0.0
  0
LINE
  5
3CF
330
17
100
AcDbEntity
  8
ENGRAVE
100
AcDbLine
 10
157.34179135642418
 20
410.10239443504224
 30
0.0
 11
156.70641232810385
 21
409.46701540672194
 31
0.0
  0
LINE
  5
3D0
330
17
100
AcDbEntity
  8
ENGRAVE
100
AcDbLine
 10
156.70641232810385
 20
409.46701540672194
 30
0.0
 11
154.80027524314292
 21
409.46701540672194
 31
0.0
  0
LINE
  5
3D1
330
17
100
AcDbEntity
  8
ENGRAVE
100
AcDbLine
 10
156.70641232810385
 20
409.46701540672194
 30
0.0
 11
157.34179135642418
 21
408.83163637840164
 31
0.0
  0
LINE
  5
3D2
330
17
100
AcDbEntity
  8
ENGRAVE
100
AcDbLine
 10
157.34179135642418
 20
408.83163637840164
 30
0.0
 11
157.34179135642418
 21
406.5442718764485
 31
0.0
  0
LINE
  5
3D3
330
17
100
AcDbEntity
  8
ENGRAVE
100
AcDbLine
 10
157.34179135642418
 20
406.5442718764485
 30
0.0
 11
156.70641232810385
 21
405.9088928481282
 31
0.0
  0
LINE
  5
3D4
330
17
100
AcDbEntity
  8
ENGRAVE
100
AcDbLine
 10
156.70641232810385
 20
405.9088928481282
 30
0.0
 11
154.16489621482262
 21
405.9088928481282
 31
0.0
  0
LINE
  5
3D5
330
17
100
AcDbEntity
  8
ENGRAVE
100
AcDbLine
 10
154.16489621482262
 20
405.9088928481282
 30
0.0
 11
153.5295171865023
 21
406.5442718764485
 31
0.0
  0
LINE
  5
3D6
330
17
100
AcDbEntity
  8
CUT
100
AcDbLine
 10
164.96667499999992
 20
398.27339166666724
 30
0.0
 11
165.6828138888888
 21
397.6616750000005
 31
0.0
  0
LINE
  5
3D7
330
17
100
AcDbEntity
  8
CUT
100
AcDbLine
 10
175.3231722222222
 20
396.51550000000054
 30
0.0
 11
175.3231722222222
 21
374.9752416666671
 31
0.0
  0
LINE
  5
3D8
330
17
100
AcDbEntity
  8
CUT
100
AcDbLine
 10
186.5048166666666
 20
378.5298305555561
 30
0.0
 11
184.3250027777777
 21
380.5918166666672
 31
0.0
  0
LINE
  5
3D9
330
17
100
AcDbEntity
  8
CUT
100
AcDbLine
 10
181.324275
 20
401.4766138888894
 30
0.0
 11
181.324275
 21
403.477216666667
 31
0.0
  0
LINE
  5
3DA
330
17
100
AcDbEntity
  8
CUT
100
AcDbLine
 10
163.20913611111112
 20
416.9303972222226
 30
0.0
 11
163.20913611111112
 21
402.5166027777782
 31
0.0
  0
LINE
  5
3DB
330
17
100
AcDbEntity
  8
CUT
100
AcDbLine
 10
175.3231722222222
 20
374.9752416666671
 30
0.0
 11
179.01181666666662
 21
374.9752416666671
 31
0.0
  0
LINE
  5
3DC
330
17
100
AcDbEntity
  8
CUT
100
AcDbLine
 10
164.35495833333331
 20
398.9891777777782
 30
0.0
 11
164.96667499999992
 21
398.27339166666724
 31
0.0
  0
LINE
  5
3DD
330
17
100
AcDbEntity
  8
CUT
100
AcDbLine
 10
171.57385000000002
 20
403.477216666667
 30
0.0
 11
171.57385000000002
 21
416.9303972222226
 31
0.0
  0
LINE
  5
3DE
330
17
100
AcDbEntity
  8
CUT
100
AcDbLine
 10
184.3250027777777
 20
382.5920666666672
 30
0.0
 11
184.3250027777777
 21
387.5535333333338
 31
0.0
  0
LINE
  5
3DF
330
17
100
AcDbEntity
  8
CUT
100
AcDbLine
 10
184.3250027777777
 20
389.5537833333339
 30
0.0
 11
184.3250027777777
 21
394.51525000000044
 31
0.0
  0
LINE
  5
3E0
330
17
100
AcDbEntity
  8
CUT
100
AcDbLine
 10
183.7552666666666
 20
375.62329444444504
 30
0.0
 11
186.5048166666666
 21
378.5298305555561
 31
0.0
  0
LINE
  5
3E1
330
17
100
AcDbEntity
  8
CUT
100
AcDbLine
 10
163.8631861111111
 20
399.7921000000005
 30
0.0
 11
164.35495833333331
 21
398.9891777777782
 31
0.0
  0
LINE
  5
3E2
330
17
100
AcDbEntity
  8
CUT
100
AcDbLine
 10
181.57580555555552
 20
377.685280555556
 30
0.0
 11
183.7552666666666
 21
375.62329444444504
 31
0.0
  0
LINE
  5
3E3
330
17
100
AcDbEntity
  8
CUT
100
AcDbLine
 10
181.324275
 20
403.477216666667
 30
0.0
 11
171.57385000000002
 21
403.477216666667
 31
0.0
  0
LINE
  5
3E4
330
17
100
AcDbEntity
  8
CUT
100
AcDbLine
 10
181.324275
 20
396.51550000000054
 30
0.0
 11
184.3250027777777
 21
396.51550000000054
 31
0.0
  0
LINE
  5
3E5
330
17
100
AcDbEntity
  8
CUT
100
AcDbLine
 10
184.3250027777777
 20
387.5535333333338
 30
0.0
 11
181.324275
 21
387.5535333333338
 31
0.0
  0
LINE
  5
3E6
330
17
100
AcDbEntity
  8
CUT
100
AcDbLine
 10
168.27149722222222
 20
396.5895833333339
 30
0.0
 11
169.2102388888889
 21
396.51550000000054
 31
0.0
  0
LINE
  5
3E7
330
17
100
AcDbEntity
  8
CUT
100
AcDbLine
 10
181.324275
 20
394.51525000000044
 30
0.0
 11
181.324275
 21
396.51550000000054
 31
0.0
  0
LINE
  5
3E8
330
17
100
AcDbEntity
  8
CUT
100
AcDbLine
 10
181.324275
 20
380.5918166666672
 30
0.0
 11
181.324275
 21
382.5920666666672
 31
0.0
  0
LINE
  5
3E9
330
17
100
AcDbEntity
  8
CUT
100
AcDbLine
 10
163.20913611111112
 20
402.5166027777782
 30
0.0
 11
163.28286666666662
 21
401.5778611111116
 31
0.0
  0
LINE
  5
3EA
330
17
100
AcDbEntity
  8
CUT
100
AcDbLine
 10
169.2102388888889
 20
396.51550000000054
 30
0.0
 11
175.3231722222222
 21
396.51550000000054
 31
0.0
  0
LINE
  5
3EB
330
17
100
AcDbEntity
  8
CUT
100
AcDbLine
 10
167.3556861111111
 20
396.8090111111116
 30
0.0
 11
168.27149722222222
 21
396.5895833333339
 31
0.0
  0
LINE
  5
3EC
330
17
100
AcDbEntity
  8
CUT
100
AcDbLine
 10
184.3250027777777
 20
396.51550000000054
 30
0.0
 11
184.3250027777777
 21
401.4766138888894
 31
0.0
  0
LINE
  5
3ED
330
17
100
AcDbEntity
  8
CUT
100
AcDbLine
 10
166.48573611111112
 20
397.1695500000004
 30
0.0
 11
167.3556861111111
 21
396.8090111111116
 31
0.0
  0
LINE
  5
3EE
330
17
100
AcDbEntity
  8
CUT
100
AcDbLine
 10
163.28286666666662
 20
401.5778611111116
 30
0.0
 11
163.5026472222222
 21
400.6624027777782
 31
0.0
  0
LINE
  5
3EF
330
17
100
AcDbEntity
  8
CUT
100
AcDbLine
 10
184.3250027777777
 20
401.4766138888894
 30
0.0
 11
181.324275
 21
401.4766138888894
 31
0.0
  0
LINE
  5
3F0
330
17
100
AcDbEntity
  8
CUT
100
AcDbLine
 10
171.57385000000002
 20
416.9303972222226
 30
0.0
 11
163.20913611111112
 21
416.9303972222226
 31
0.0
  0
LINE
  5
3F1
330
17
100
AcDbEntity
  8
CUT
100
AcDbLine
 10
181.324275
 20
382.5920666666672
 30
0.0
 11
184.3250027777777
 21
382.5920666666672
 31
0.0
  0
LINE
  5
3F2
330
17
100
AcDbEntity
  8
CUT
100
AcDbLine
 10
181.324275
 20
389.5537833333339
 30
0.0
 11
184.3250027777777
 21
389.5537833333339
 31
0.0
  0
LINE
  5
3F3
330
17
100
AcDbEntity
  8
CUT
100
AcDbLine
 10
181.324275
 20
387.5535333333338
 30
0.0
 11
181.324275
 21
389.5537833333339
 31
0.0
  0
LINE
  5
3F4
330
17
100
AcDbEntity
  8
CUT
100
AcDbLine
 10
165.6828138888888
 20
397.6616750000005
 30
0.0
 11
166.48573611111112
 21
397.1695500000004
 31
0.0
  0
LINE
  5
3F5
330
17
100
AcDbEntity
  8
CUT
100
AcDbLine
 10
179.01181666666662
 20
374.9752416666671
 30
0.0
 11
181.57580555555552
 21
377.685280555556
 31
0.0
  0
LINE
  5
3F6
330
17
100
AcDbEntity
  8
CUT
100
AcDbLine
 10
163.5026472222222
 20
400.6624027777782
 30
0.0
 11
163.8631861111111
 21
399.7921000000005
 31
0.0
  0
LINE
  5
3F7
330
17
100
AcDbEntity
  8
CUT
100
AcDbLine
 10
184.3250027777777
 20
394.51525000000044
 30
0.0
 11
181.324275
 21
394.51525000000044
 31
0.0
  0
LINE
  5
3F8
330
17
100
AcDbEntity
  8
CUT
100
AcDbLine
 10
184.3250027777777
 20
380.5918166666672
 30
0.0
 11
181.324275
 21
380.5918166666672
 31
0.0
  0
LINE
  5
3F9
330
17
100
AcDbEntity
  8
ENGRAVE
100
AcDbLine
 10
165.49033881419868
 20
406.9164655154923
 30
0.0
 11
164.21958075755805
 21
407.5518445438126
 31
0.0
  0
LINE
  5
3FA
330
17
100
AcDbEntity
  8
ENGRAVE
100
AcDbLine
 10
164.21958075755805
 20
407.5518445438126
 30
0.0
 11
164.21958075755805
 21
410.09336065709385
 31
0.0
  0
LINE
  5
3FB
330
17
100
AcDbEntity
  8
ENGRAVE
100
AcDbLine
 10
164.21958075755805
 20
410.09336065709385
 30
0.0
 11
165.49033881419868
 21
410.72873968541415
 31
0.0
  0
LINE
  5
3FC
330
17
100
AcDbEntity
  8
ENGRAVE
100
AcDbLine
 10
165.49033881419868
 20
410.72873968541415
 30
0.0
 11
166.3798694538471
 21
410.72873968541415
 31
0.0
  0
LINE
  5
3FD
330
17
100
AcDbEntity
  8
ENGRAVE
100
AcDbLine
 10
166.3798694538471
 20
410.72873968541415
 30
0.0
 11
170.57337104076117
 21
406.9164655154923
 31
0.0
  0
LINE
  5
3FE
330
17
100
AcDbEntity
  8
ENGRAVE
100
AcDbLine
 10
170.57337104076117
 20
406.9164655154923
 30
0.0
 11
170.57337104076117
 21
410.72873968541415
 31
0.0
  0
LINE
  5
3FF
330
17
100
AcDbEntity
  8
ENGRAVE
100
AcDbLine
 10
170.57337104076117
 20
414.8587033694962
 30
0.0
 11
164.21958075755805
 21
414.8587033694962
 31
0.0
  0
LINE
  5
400
330
17
100
AcDbEntity
  8
ENGRAVE
100
AcDbLine
 10
164.21958075755805
 20
414.8587033694962
 30
0.0
 11
168.3495444416401
 21
411.99949774205476
 31
0.0
  0
LINE
  5
401
330
17
100
AcDbEntity
  8
ENGRAVE
100
AcDbLine
 10
168.3495444416401
 20
411.99949774205476
 30
0.0
 11
168.3495444416401
 21
415.8117719119766
 31
0.0
  0
LINE
  5
402
330
17
100
AcDbEntity
  8
CUT
100
AcDbLine
 10
202.62038888888884
 20
401.85196944444493
 30
0.0
 11
203.4850472222223
 21
401.3894777777782
 31
0.0
  0
LINE
  5
403
330
17
100
AcDbEntity
  8
CUT
100
AcDbLine
 10
200.77853611111112
 20
404.0963416666671
 30
0.0
 11
201.24067500000004
 21
403.2316833333338
 31
0.0
  0
LINE
  5
404
330
17
100
AcDbEntity
  8
CUT
100
AcDbLine
 10
201.24067500000004
 20
403.2316833333338
 30
0.0
 11
201.86262222222234
 21
402.4739166666671
 31
0.0
  0
LINE
  5
405
330
17
100
AcDbEntity
  8
CUT
100
AcDbLine
 10
221.2925638888888
 20
420.1847722222226
 30
0.0
 11
211.2909611111111
 21
420.1847722222226
 31
0.0
  0
LINE
  5
406
330
17
100
AcDbEntity
  8
CUT
100
AcDbLine
 10
189.5048166666666
 20
410.01066111111163
 30
0.0
 11
210.39984444444443
 21
410.01066111111163
 31
0.0
  0
LINE
  5
407
330
17
100
AcDbEntity
  8
CUT
100
AcDbLine
 10
231.2948722222222
 20
417.1843972222227
 30
0.0
 11
221.2925638888888
 21
417.1843972222227
 31
0.0
  0
LINE
  5
408
330
17
100
AcDbEntity
  8
CUT
100
AcDbLine
 10
201.86262222222234
 20
402.4739166666671
 30
0.0
 11
202.62038888888884
 21
401.85196944444493
 31
0.0
  0
LINE
  5
409
330
17
100
AcDbEntity
  8
CUT
100
AcDbLine
 10
210.39984444444443
 20
407.0102861111115
 30
0.0
 11
200.39788888888893
 21
407.0102861111115
 31
0.0
  0
LINE
  5
40A
330
17
100
AcDbEntity
  8
CUT
100
AcDbLine
 10
211.2909611111111
 20
417.1843972222227
 30
0.0
 11
199.50677222222234
 21
417.1843972222227
 31
0.0
  0
LINE
  5
40B
330
17
100
AcDbEntity
  8
CUT
100
AcDbLine
 10
200.49419722222223
 20
405.0343777777782
 30
0.0
 11
200.77853611111112
 21
404.0963416666671
 31
0.0
  0
LINE
  5
40C
330
17
100
AcDbEntity
  8
CUT
100
AcDbLine
 10
199.50677222222234
 20
420.1847722222226
 30
0.0
 11
189.5048166666666
 21
420.1847722222226
 31
0.0
  0
LINE
  5
40D
330
17
100
AcDbEntity
  8
CUT
100
AcDbLine
 10
204.42308333333332
 20
401.1051388888894
 30
0.0
 11
205.3988666666666
 21
401.0091833333338
 31
0.0
  0
LINE
  5
40E
330
17
100
AcDbEntity
  8
CUT
100
AcDbLine
 10
205.3988666666666
 20
401.0091833333338
 30
0.0
 11
231.2948722222222
 21
401.0091833333338
 31
0.0
  0
LINE
  5
40F
330
17
100
AcDbEntity
  8
CUT
100
AcDbLine
 10
203.4850472222223
 20
401.3894777777782
 30
0.0
 11
204.42308333333332
 21
401.1051388888894
 31
0.0
  0
LINE
  5
410
330
17
100
AcDbEntity
  8
CUT
100
AcDbLine
 10
189.5048166666666
 20
420.1847722222226
 30
0.0
 11
189.5048166666666
 21
410.01066111111163
 31
0.0
  0
LINE
  5
411
330
17
100
AcDbEntity
  8
CUT
100
AcDbLine
 10
200.39788888888893
 20
406.0101611111116
 30
0.0
 11
200.49419722222223
 21
405.0343777777782
 31
0.0
  0
LINE
  5
412
330
17
100
AcDbEntity
  8
CUT
100
AcDbLine
 10
200.39788888888893
 20
407.0102861111115
 30
0.0
 11
200.39788888888893
 21
406.0101611111116
 31
0.0
  0
LINE
  5
413
330
17
100
AcDbEntity
  8
CUT
100
AcDbLine
 10
211.2909611111111
 20
420.1847722222226
 30
0.0
 11
211.2909611111111
 21
417.1843972222227
 31
0.0
  0
LINE
  5
414
330
17
100
AcDbEntity
  8
CUT
100
AcDbLine
 10
221.2925638888888
 20
417.1843972222227
 30
0.0
 11
221.2925638888888
 21
420.1847722222226
 31
0.0
  0
LINE
  5
415
330
17
100
AcDbEntity
  8
CUT
100
AcDbLine
 10
231.2948722222222
 20
401.0091833333338
 30
0.0
 11
231.2948722222222
 21
417.1843972222227
 31
0.0
  0
LINE
  5
416
330
17
100
AcDbEntity
  8
CUT
100
AcDbLine
 10
210.39984444444443
 20
410.01066111111163
 30
0.0
 11
210.39984444444443
 21
407.0102861111115
 31
0.0
  0
LINE
  5
417
330
17
100
AcDbEntity
  8
CUT
100
AcDbLine
 10
199.50677222222234
 20
417.1843972222227
 30
0.0
 11
199.50677222222234
 21
420.1847722222226
 31
0.0
  0
LINE
  5
418
330
17
100
AcDbEntity
  8
ENGRAVE
100
AcDbLine
 10
216.82652823632026
 20
404.4990095709766
 30
0.0
 11
215.42654959862494
 21
405.1989988898243
 31
0.0
  0
LINE
  5
419
330
17
100
AcDbEntity
  8
ENGRAVE
100
AcDbLine
 10
215.42654959862494
 20
405.1989988898243
 30
0.0
 11
215.42654959862494
 21
407.9989561652149
 31
0.0
  0
LINE
  5
41A
330
17
100
AcDbEntity
  8
ENGRAVE
100
AcDbLine
 10
215.42654959862494
 20
407.9989561652149
 30
0.0
 11
216.82652823632026
 21
408.69894548406256
 31
0.0
  0
LINE
  5
41B
330
17
100
AcDbEntity
  8
ENGRAVE
100
AcDbLine
 10
216.82652823632026
 20
408.69894548406256
 30
0.0
 11
217.806513282707
 21
408.69894548406256
 31
0.0
  0
LINE
  5
41C
330
17
100
AcDbEntity
  8
ENGRAVE
100
AcDbLine
 10
217.806513282707
 20
408.69894548406256
 30
0.0
 11
222.4264427871015
 21
404.4990095709766
 31
0.0
  0
LINE
  5
41D
330
17
100
AcDbEntity
  8
ENGRAVE
100
AcDbLine
 10
222.4264427871015
 20
404.4990095709766
 30
0.0
 11
222.4264427871015
 21
408.69894548406256
 31
0.0
  0
LINE
  5
41E
330
17
100
AcDbEntity
  8
ENGRAVE
100
AcDbLine
 10
218.92649619286323
 20
411.4989027594532
 30
0.0
 11
218.3665047377851
 21
410.79891344060553
 31
0.0
  0
LINE
  5
41F
330
17
100
AcDbEntity
  8
ENGRAVE
100
AcDbLine
 10
218.3665047377851
 20
410.79891344060553
 30
0.0
 11
216.1265389174726
 21
410.79891344060553
 31
0.0
  0
LINE
  5
420
330
17
100
AcDbEntity
  8
ENGRAVE
100
AcDbLine
 10
216.1265389174726
 20
410.79891344060553
 30
0.0
 11
215.42654959862494
 21
411.4989027594532
 31
0.0
  0
LINE
  5
421
330
17
100
AcDbEntity
  8
ENGRAVE
100
AcDbLine
 10
215.42654959862494
 20
411.4989027594532
 30
0.0
 11
215.42654959862494
 21
412.8988813971485
 31
0.0
  0
LINE
  5
422
330
17
100
AcDbEntity
  8
ENGRAVE
100
AcDbLine
 10
215.42654959862494
 20
412.8988813971485
 30
0.0
 11
216.1265389174726
 21
413.59887071599616
 31
0.0
  0
LINE
  5
423
330
17
100
AcDbEntity
  8
ENGRAVE
100
AcDbLine
 10
216.1265389174726
 20
413.59887071599616
 30
0.0
 11
218.3665047377851
 21
413.59887071599616
 31
0.0
  0
LINE
  5
424
330
17
100
AcDbEntity
  8
ENGRAVE
100
AcDbLine
 10
218.3665047377851
 20
413.59887071599616
 30
0.0
 11
218.92649619286323
 21
412.8988813971485
 31
0.0
  0
LINE
  5
425
330
17
100
AcDbEntity
  8
ENGRAVE
100
AcDbLine
 10
218.92649619286323
 20
412.8988813971485
 30
0.0
 11
218.92649619286323
 21
411.4989027594532
 31
0.0
  0
LINE
  5
426
330
17
100
AcDbEntity
  8
ENGRAVE
100
AcDbLine
 10
218.92649619286323
 20
411.4989027594532
 30
0.0
 11
219.62648551171088
 21
410.5889166449512
 31
0.0
  0
LINE
  5
427
330
17
100
AcDbEntity
  8
ENGRAVE
100
AcDbLine
 10
219.62648551171088
 20
410.5889166449512
 30
0.0
 11
221.72645346825385
 21
410.5889166449512
 31
0.0
  0
LINE
  5
428
330
17
100
AcDbEntity
  8
ENGRAVE
100
AcDbLine
 10
221.72645346825385
 20
410.5889166449512
 30
0.0
 11
222.4264427871015
 21
411.4989027594532
 31
0.0
  0
LINE
  5
429
330
17
100
AcDbEntity
  8
ENGRAVE
100
AcDbLine
 10
222.4264427871015
 20
411.4989027594532
 30
0.0
 11
222.4264427871015
 21
412.8988813971485
 31
0.0
  0
LINE
  5
42A
330
17
100
AcDbEntity
  8
ENGRAVE
100
AcDbLine
 10
222.4264427871015
 20
412.8988813971485
 30
0.0
 11
221.72645346825385
 21
413.8088675116505
 31
0.0
  0
LINE
  5
42B
330
17
100
AcDbEntity
  8
ENGRAVE
100
AcDbLine
 10
221.72645346825385
 20
413.8088675116505
 30
0.0
 11
219.62648551171088
 21
413.8088675116505
 31
0.0
  0
LINE
  5
42C
330
17
100
AcDbEntity
  8
ENGRAVE
100
AcDbLine
 10
219.62648551171088
 20
413.8088675116505
 30
0.0
 11
218.92649619286323
 21
412.8988813971485
 31
0.0
  0
LINE
  5
42D
330
17
100
AcDbEntity
  8
CUT
100
AcDbLine
 10
248.7379472222222
 20
401.0091833333338
 30
0.0
 11
260.1809999999999
 21
401.0091833333338
 31
0.0
  0
LINE
  5
42E
330
17
100
AcDbEntity
  8
CUT
100
AcDbLine
 10
234.2948722222222
 20
401.0091833333338
 30
0.0
 11
245.7375722222222
 21
401.0091833333338
 31
0.0
  0
LINE
  5
42F
330
17
100
AcDbEntity
  8
CUT
100
AcDbLine
 10
260.1809999999999
 20
401.0091833333338
 30
0.0
 11
256.2531722222222
 21
415.96801944444485
 31
0.0
  0
LINE
  5
430
330
17
100
AcDbEntity
  8
CUT
100
AcDbLine
 10
256.2531722222222
 20
415.96801944444485
 30
0.0
 11
238.22270000000003
 21
415.96801944444485
 31
0.0
  0
LINE
  5
431
330
17
100
AcDbEntity
  8
CUT
100
AcDbLine
 10
238.22270000000003
 20
415.96801944444485
 30
0.0
 11
234.2948722222222
 21
401.0091833333338
 31
0.0
  0
LINE
  5
432
330
17
100
AcDbEntity
  8
CUT
100
AcDbLine
 10
245.7375722222222
 20
407.87635555555585
 30
0.0
 11
248.7379472222222
 21
407.87635555555585
 31
0.0
  0
LINE
  5
433
330
17
100
AcDbEntity
  8
CUT
100
AcDbLine
 10
245.7375722222222
 20
401.0091833333338
 30
0.0
 11
245.7375722222222
 21
407.87635555555585
 31
0.0
  0
LINE
  5
434
330
17
100
AcDbEntity
  8
CUT
100
AcDbLine
 10
248.7379472222222
 20
407.87635555555585
 30
0.0
 11
248.7379472222222
 21
401.0091833333338
 31
0.0
  0
LINE
  5
435
330
17
100
AcDbEntity
  8
ENGRAVE
100
AcDbLine
 10
238.46540654264882
 20
402.0476218174859
 30
0.0
 11
237.8529279049535
 21
402.66010045518124
 31
0.0
  0
LINE
  5
436
330
17
100
AcDbEntity
  8
ENGRAVE
100
AcDbLine
 10
237.8529279049535
 20
402.66010045518124
 30
0.0
 11
237.8529279049535
 21
405.11001500596245
 31
0.0
  0
LINE
  5
437
330
17
100
AcDbEntity
  8
ENGRAVE
100
AcDbLine
 10
237.8529279049535
 20
405.11001500596245
 30
0.0
 11
238.46540654264882
 21
405.7224936436578
 31
0.0
  0
LINE
  5
438
330
17
100
AcDbEntity
  8
ENGRAVE
100
AcDbLine
 10
238.46540654264882
 20
405.7224936436578
 30
0.0
 11
239.93535527311758
 21
405.7224936436578
 31
0.0
  0
LINE
  5
439
330
17
100
AcDbEntity
  8
ENGRAVE
100
AcDbLine
 10
239.93535527311758
 20
405.7224936436578
 30
0.0
 11
240.54783391081287
 21
405.11001500596245
 31
0.0
  0
LINE
  5
43A
330
17
100
AcDbEntity
  8
ENGRAVE
100
AcDbLine
 10
240.54783391081287
 20
405.11001500596245
 30
0.0
 11
240.54783391081287
 21
403.2725790928765
 31
0.0
  0
LINE
  5
43B
330
17
100
AcDbEntity
  8
ENGRAVE
100
AcDbLine
 10
240.54783391081287
 20
405.11001500596245
 30
0.0
 11
241.1603125485082
 21
405.7224936436578
 31
0.0
  0
LINE
  5
43C
330
17
100
AcDbEntity
  8
ENGRAVE
100
AcDbLine
 10
241.1603125485082
 20
405.7224936436578
 30
0.0
 11
243.3652356442113
 21
405.7224936436578
 31
0.0
  0
LINE
  5
43D
330
17
100
AcDbEntity
  8
ENGRAVE
100
AcDbLine
 10
243.3652356442113
 20
405.7224936436578
 30
0.0
 11
243.97771428190663
 21
405.11001500596245
 31
0.0
  0
LINE
  5
43E
330
17
100
AcDbEntity
  8
ENGRAVE
100
AcDbLine
 10
243.97771428190663
 20
405.11001500596245
 30
0.0
 11
243.97771428190663
 21
402.66010045518124
 31
0.0
  0
LINE
  5
43F
330
17
100
AcDbEntity
  8
ENGRAVE
100
AcDbLine
 10
243.97771428190663
 20
402.66010045518124
 30
0.0
 11
243.3652356442113
 21
402.0476218174859
 31
0.0
  0
LINE
  5
440
330
17
100
AcDbEntity
  8
ENGRAVE
100
AcDbLine
 10
240.91532109343007
 20
408.172408194439
 30
0.0
 11
240.42533818327382
 21
407.5599295567437
 31
0.0
  0
LINE
  5
441
330
17
100
AcDbEntity
  8
ENGRAVE
100
AcDbLine
 10
240.42533818327382
 20
407.5599295567437
 30
0.0
 11
238.46540654264882
 21
407.5599295567437
 31
0.0
  0
LINE
  5
442
330
17
100
AcDbEntity
  8
ENGRAVE
100
AcDbLine
 10
238.46540654264882
 20
407.5599295567437
 30
0.0
 11
237.8529279049535
 21
408.172408194439
 31
0.0
  0
LINE
  5
443
330
17
100
AcDbEntity
  8
ENGRAVE
100
AcDbLine
 10
237.8529279049535
 20
408.172408194439
 30
0.0
 11
237.8529279049535
 21
409.39736546982965
 31
0.0
  0
LINE
  5
444
330
17
100
AcDbEntity
  8
ENGRAVE
100
AcDbLine
 10
237.8529279049535
 20
409.39736546982965
 30
0.0
 11
238.46540654264882
 21
410.00984410752494
 31
0.0
  0
LINE
  5
445
330
17
100
AcDbEntity
  8
ENGRAVE
100
AcDbLine
 10
238.46540654264882
 20
410.00984410752494
 30
0.0
 11
240.42533818327382
 21
410.00984410752494
 31
0.0
  0
LINE
  5
446
330
17
100
AcDbEntity
  8
ENGRAVE
100
AcDbLine
 10
240.42533818327382
 20
410.00984410752494
 30
0.0
 11
240.91532109343007
 21
409.39736546982965
 31
0.0
  0
LINE
  5
447
330
17
100
AcDbEntity
  8
ENGRAVE
100
AcDbLine
 10
240.91532109343007
 20
409.39736546982965
 30
0.0
 11
240.91532109343007
 21
408.172408194439
 31
0.0
  0
LINE
  5
448
330
17
100
AcDbEntity
  8
ENGRAVE
100
AcDbLine
 10
240.91532109343007
 20
408.172408194439
 30
0.0
 11
241.52779973112538
 21
407.3761859654351
 31
0.0
  0
LINE
  5
449
330
17
100
AcDbEntity
  8
ENGRAVE
100
AcDbLine
 10
241.52779973112538
 20
407.3761859654351
 30
0.0
 11
243.3652356442113
 21
407.3761859654351
 31
0.0
  0
LINE
  5
44A
330
17
100
AcDbEntity
  8
ENGRAVE
100
AcDbLine
 10
243.3652356442113
 20
407.3761859654351
 30
0.0
 11
243.97771428190663
 21
408.172408194439
 31
0.0
  0
LINE
  5
44B
330
17
100
AcDbEntity
  8
ENGRAVE
100
AcDbLine
 10
243.97771428190663
 20
408.172408194439
 30
0.0
 11
243.97771428190663
 21
409.39736546982965
 31
0.0
  0
LINE
  5
44C
330
17
100
AcDbEntity
  8
ENGRAVE
100
AcDbLine
 10
243.97771428190663
 20
409.39736546982965
 30
0.0
 11
243.3652356442113
 21
410.19358769883354
 31
0.0
  0
LINE
  5
44D
330
17
100
AcDbEntity
  8
ENGRAVE
100
AcDbLine
 10
243.3652356442113
 20
410.19358769883354
 30
0.0
 11
241.52779973112538
 21
410.19358769883354
 31
0.0
  0
LINE
  5
44E
330
17
100
AcDbEntity
  8
ENGRAVE
100
AcDbLine
 10
241.52779973112538
 20
410.19358769883354
 30
0.0
 11
240.91532109343007
 21
409.39736546982965
 31
0.0
  0
LINE
  5
44F
330
17
100
AcDbEntity
  8
CUT
100
AcDbLine
 10
116.50526111111111
 20
439.1585277777782
 30
0.0
 11
116.50526111111111
 21
416.2731277777782
 31
0.0
  0
LINE
  5
450
330
17
100
AcDbEntity
  8
CUT
100
AcDbLine
 10
139.8443333333334
 20
416.2731277777782
 30
0.0
 11
139.8443333333334
 21
439.1585277777782
 31
0.0
  0
LINE
  5
451
330
17
100
AcDbEntity
  8
CUT
100
AcDbLine
 10
139.8443333333334
 20
439.1585277777782
 30
0.0
 11
116.50526111111111
 21
439.1585277777782
 31
0.0
  0
LINE
  5
452
330
17
100
AcDbEntity
  8
CUT
100
AcDbLine
 10
116.50526111111111
 20
416.2731277777782
 30
0.0
 11
139.8443333333334
 21
416.2731277777782
 31
0.0
  0
LINE
  5
453
330
17
100
AcDbEntity
  8
CUT
100
AcDbLine
 10
137.84408333333334
 20
437.15792500000043
 30
0.0
 11
137.84408333333334
 21
432.19681111111163
 31
0.0
  0
LINE
  5
454
330
17
100
AcDbEntity
  8
CUT
100
AcDbLine
 10
118.505863888889
 20
432.19681111111163
 30
0.0
 11
118.505863888889
 21
437.15792500000043
 31
0.0
  0
LINE
  5
455
330
17
100
AcDbEntity
  8
CUT
100
AcDbLine
 10
137.84408333333334
 20
432.19681111111163
 30
0.0
 11
118.505863888889
 21
432.19681111111163
 31
0.0
  0
LINE
  5
456
330
17
100
AcDbEntity
  8
CUT
100
AcDbLine
 10
118.505863888889
 20
437.15792500000043
 30
0.0
 11
137.84408333333334
 21
437.15792500000043
 31
0.0
  0
LINE
  5
457
330
17
100
AcDbEntity
  8
CUT
100
AcDbLine
 10
137.84408333333334
 20
423.23449166666705
 30
0.0
 11
137.84408333333334
 21
418.2733777777782
 31
0.0
  0
LINE
  5
458
330
17
100
AcDbEntity
  8
CUT
100
AcDbLine
 10
118.505863888889
 20
418.2733777777782
 30
0.0
 11
118.505863888889
 21
423.23449166666705
 31
0.0
  0
LINE
  5
459
330
17
100
AcDbEntity
  8
CUT
100
AcDbLine
 10
137.84408333333334
 20
418.2733777777782
 30
0.0
 11
118.505863888889
 21
418.2733777777782
 31
0.0
  0
LINE
  5
45A
330
17
100
AcDbEntity
  8
CUT
100
AcDbLine
 10
118.505863888889
 20
423.23449166666705
 30
0.0
 11
137.84408333333334
 21
423.23449166666705
 31
0.0
  0
LINE
  5
45B
330
17
100
AcDbEntity
  8
CUT
100
AcDbLine
 10
137.84408333333334
 20
430.1965611111116
 30
0.0
 11
137.84408333333334
 21
425.2350944444449
 31
0.0
  0
LINE
  5
45C
330
17
100
AcDbEntity
  8
CUT
100
AcDbLine
 10
118.505863888889
 20
425.2350944444449
 30
0.0
 11
118.505863888889
 21
430.1965611111116
 31
0.0
  0
LINE
  5
45D
330
17
100
AcDbEntity
  8
CUT
100
AcDbLine
 10
118.505863888889
 20
430.1965611111116
 30
0.0
 11
137.84408333333334
 21
430.1965611111116
 31
0.0
  0
LINE
  5
45E
330
17
100
AcDbEntity
  8
CUT
100
AcDbLine
 10
137.84408333333334
 20
425.2350944444449
 30
0.0
 11
118.505863888889
 21
425.2350944444449
 31
0.0
  0
LINE
  5
45F
330
17
100
AcDbEntity
  8
CUT
100
AcDbLine
 10
379.91380000000015
 20
439.63094166666696
 30
0.0
 11
379.91380000000015
 21
416.74554166666695
 31
0.0
  0
LINE
  5
460
330
17
100
AcDbEntity
  8
CUT
100
AcDbLine
 10
403.25287222222244
 20
416.74554166666695
 30
0.0
 11
403.25287222222244
 21
439.63094166666696
 31
0.0
  0
LINE
  5
461
330
17
100
AcDbEntity
  8
CUT
100
AcDbLine
 10
403.25287222222244
 20
439.63094166666696
 30
0.0
 11
379.91380000000015
 21
439.63094166666696
 31
0.0
  0
LINE
  5
462
330
17
100
AcDbEntity
  8
CUT
100
AcDbLine
 10
379.91380000000015
 20
416.74554166666695
 30
0.0
 11
403.25287222222244
 21
416.74554166666695
 31
0.0
  0
LINE
  5
463
330
17
100
AcDbEntity
  8
CUT
100
AcDbLine
 10
381.91440277777804
 20
432.66922500000027
 30
0.0
 11
381.91440277777804
 21
437.63069166666696
 31
0.0
  0
LINE
  5
464
330
17
100
AcDbEntity
  8
CUT
100
AcDbLine
 10
401.25226944444466
 20
437.63069166666696
 30
0.0
 11
401.25226944444466
 21
432.66922500000027
 31
0.0
  0
LINE
  5
465
330
17
100
AcDbEntity
  8
CUT
100
AcDbLine
 10
381.91440277777804
 20
437.63069166666696
 30
0.0
 11
401.25226944444466
 21
437.63069166666696
 31
0.0
  0
LINE
  5
466
330
17
100
AcDbEntity
  8
CUT
100
AcDbLine
 10
401.25226944444466
 20
432.66922500000027
 30
0.0
 11
381.91440277777804
 21
432.66922500000027
 31
0.0
  0
LINE
  5
467
330
17
100
AcDbEntity
  8
CUT
100
AcDbLine
 10
401.25226944444466
 20
423.7072583333336
 30
0.0
 11
401.25226944444466
 21
418.74579166666695
 31
0.0
  0
LINE
  5
468
330
17
100
AcDbEntity
  8
CUT
100
AcDbLine
 10
381.91440277777804
 20
418.74579166666695
 30
0.0
 11
381.91440277777804
 21
423.7072583333336
 31
0.0
  0
LINE
  5
469
330
17
100
AcDbEntity
  8
CUT
100
AcDbLine
 10
381.91440277777804
 20
423.7072583333336
 30
0.0
 11
401.25226944444466
 21
423.7072583333336
 31
0.0
  0
LINE
  5
46A
330
17
100
AcDbEntity
  8
CUT
100
AcDbLine
 10
401.25226944444466
 20
418.74579166666695
 30
0.0
 11
381.91440277777804
 21
418.74579166666695
 31
0.0
  0
LINE
  5
46B
330
17
100
AcDbEntity
  8
CUT
100
AcDbLine
 10
381.91440277777804
 20
425.70750833333364
 30
0.0
 11
381.91440277777804
 21
430.6689750000003
 31
0.0
  0
LINE
  5
46C
330
17
100
AcDbEntity
  8
CUT
100
AcDbLine
 10
401.25226944444466
 20
430.6689750000003
 30
0.0
 11
401.25226944444466
 21
425.70750833333364
 31
0.0
  0
LINE
  5
46D
330
17
100
AcDbEntity
  8
CUT
100
AcDbLine
 10
381.91440277777804
 20
430.6689750000003
 30
0.0
 11
401.25226944444466
 21
430.6689750000003
 31
0.0
  0
LINE
  5
46E
330
17
100
AcDbEntity
  8
CUT
100
AcDbLine
 10
401.25226944444466
 20
425.70750833333364
 30
0.0
 11
381.91440277777804
 21
425.70750833333364
 31
0.0
  0
LINE
  5
46F
330
17
100
AcDbEntity
  8
CUT
100
AcDbLine
 10
406.25287222222244
 20
439.63094166666696
 30
0.0
 11
406.25287222222244
 21
416.74554166666695
 31
0.0
  0
LINE
  5
470
330
17
100
AcDbEntity
  8
CUT
100
AcDbLine
 10
429.5919444444447
 20
416.74554166666695
 30
0.0
 11
429.5919444444447
 21
439.63094166666696
 31
0.0
  0
LINE
  5
471
330
17
100
AcDbEntity
  8
CUT
100
AcDbLine
 10
429.5919444444447
 20
439.63094166666696
 30
0.0
 11
406.25287222222244
 21
439.63094166666696
 31
0.0
  0
LINE
  5
472
330
17
100
AcDbEntity
  8
CUT
100
AcDbLine
 10
406.25287222222244
 20
416.74554166666695
 30
0.0
 11
429.5919444444447
 21
416.74554166666695
 31
0.0
  0
LINE
  5
473
330
17
100
AcDbEntity
  8
CUT
100
AcDbLine
 10
427.59169444444467
 20
437.6303388888891
 30
0.0
 11
427.59169444444467
 21
432.6692250000003
 31
0.0
  0
LINE
  5
474
330
17
100
AcDbEntity
  8
CUT
100
AcDbLine
 10
408.2534750000003
 20
432.6692250000003
 30
0.0
 11
408.2534750000003
 21
437.6303388888891
 31
0.0
  0
LINE
  5
475
330
17
100
AcDbEntity
  8
CUT
100
AcDbLine
 10
427.59169444444467
 20
432.6692250000003
 30
0.0
 11
408.2534750000003
 21
432.6692250000003
 31
0.0
  0
LINE
  5
476
330
17
100
AcDbEntity
  8
CUT
100
AcDbLine
 10
408.2534750000003
 20
437.6303388888891
 30
0.0
 11
427.59169444444467
 21
437.6303388888891
 31
0.0
  0
LINE
  5
477
330
17
100
AcDbEntity
  8
CUT
100
AcDbLine
 10
427.59169444444467
 20
423.70690555555586
 30
0.0
 11
427.59169444444467
 21
418.74579166666695
 31
0.0
  0
LINE
  5
478
330
17
100
AcDbEntity
  8
CUT
100
AcDbLine
 10
408.2534750000003
 20
418.74579166666695
 30
0.0
 11
408.2534750000003
 21
423.70690555555586
 31
0.0
  0
LINE
  5
479
330
17
100
AcDbEntity
  8
CUT
100
AcDbLine
 10
427.59169444444467
 20
418.74579166666695
 30
0.0
 11
408.2534750000003
 21
418.74579166666695
 31
0.0
  0
LINE
  5
47A
330
17
100
AcDbEntity
  8
CUT
100
AcDbLine
 10
408.2534750000003
 20
423.70690555555586
 30
0.0
 11
427.59169444444467
 21
423.70690555555586
 31
0.0
  0
LINE
  5
47B
330
17
100
AcDbEntity
  8
CUT
100
AcDbLine
 10
427.59169444444467
 20
430.6689750000004
 30
0.0
 11
427.59169444444467
 21
425.70750833333364
 31
0.0
  0
LINE
  5
47C
330
17
100
AcDbEntity
  8
CUT
100
AcDbLine
 10
408.2534750000003
 20
425.70750833333364
 30
0.0
 11
408.2534750000003
 21
430.6689750000004
 31
0.0
  0
LINE
  5
47D
330
17
100
AcDbEntity
  8
CUT
100
AcDbLine
 10
408.2534750000003
 20
430.6689750000004
 30
0.0
 11
427.59169444444467
 21
430.6689750000004
 31
0.0
  0
LINE
  5
47E
330
17
100
AcDbEntity
  8
CUT
100
AcDbLine
 10
427.59169444444467
 20
425.70750833333364
 30
0.0
 11
408.2534750000003
 21
425.70750833333364
 31
0.0
  0
LINE
  5
47F
330
17
100
AcDbEntity
  8
CUT
100
AcDbLine
 10
432.5919444444447
 20
439.63094166666696
 30
0.0
 11
432.5919444444447
 21
416.74554166666695
 31
0.0
  0
LINE
  5
480
330
17
100
AcDbEntity
  8
CUT
100
AcDbLine
 10
455.931016666667
 20
416.74554166666695
 30
0.0
 11
455.931016666667
 21
439.63094166666696
 31
0.0
  0
LINE
  5
481
330
17
100
AcDbEntity
  8
CUT
100
AcDbLine
 10
455.931016666667
 20
439.63094166666696
 30
0.0
 11
432.5919444444447
 21
439.63094166666696
 31
0.0
  0
LINE
  5
482
330
17
100
AcDbEntity
  8
CUT
100
AcDbLine
 10
432.5919444444447
 20
416.74554166666695
 30
0.0
 11
455.931016666667
 21
416.74554166666695
 31
0.0
  0
LINE
  5
483
330
17
100
AcDbEntity
  8
CUT
100
AcDbLine
 10
434.5925472222226
 20
432.66922500000027
 30
0.0
 11
434.5925472222226
 21
437.63069166666696
 31
0.0
  0
LINE
  5
484
330
17
100
AcDbEntity
  8
CUT
100
AcDbLine
 10
453.93041388888923
 20
437.63069166666696
 30
0.0
 11
453.93041388888923
 21
432.66922500000027
 31
0.0
  0
LINE
  5
485
330
17
100
AcDbEntity
  8
CUT
100
AcDbLine
 10
434.5925472222226
 20
437.63069166666696
 30
0.0
 11
453.93041388888923
 21
437.63069166666696
 31
0.0
  0
LINE
  5
486
330
17
100
AcDbEntity
  8
CUT
100
AcDbLine
 10
453.93041388888923
 20
432.66922500000027
 30
0.0
 11
434.5925472222226
 21
432.66922500000027
 31
0.0
  0
LINE
  5
487
330
17
100
AcDbEntity
  8
CUT
100
AcDbLine
 10
453.93041388888923
 20
423.7072583333336
 30
0.0
 11
453.93041388888923
 21
418.74579166666695
 31
0.0
  0
LINE
  5
488
330
17
100
AcDbEntity
  8
CUT
100
AcDbLine
 10
434.5925472222226
 20
418.74579166666695
 30
0.0
 11
434.5925472222226
 21
423.7072583333336
 31
0.0
  0
LINE
  5
489
330
17
100
AcDbEntity
  8
CUT
100
AcDbLine
 10
434.5925472222226
 20
423.7072583333336
 30
0.0
 11
453.93041388888923
 21
423.7072583333336
 31
0.0
  0
LINE
  5
48A
330
17
100
AcDbEntity
  8
CUT
100
AcDbLine
 10
453.93041388888923
 20
418.74579166666695
 30
0.0
 11
434.5925472222226
 21
418.74579166666695
 31
0.0
  0
LINE
  5
48B
330
17
100
AcDbEntity
  8
CUT
100
AcDbLine
 10
434.5925472222226
 20
425.70750833333364
 30
0.0
 11
434.5925472222226
 21
430.6689750000003
 31
0.0
  0
LINE
  5
48C
330
17
100
AcDbEntity
  8
CUT
100
AcDbLine
 10
453.93041388888923
 20
430.6689750000003
 30
0.0
 11
453.93041388888923
 21
425.70750833333364
 31
0.0
  0
LINE
  5
48D
330
17
100
AcDbEntity
  8
CUT
100
AcDbLine
 10
434.5925472222226
 20
430.6689750000003
 30
0.0
 11
453.93041388888923
 21
430.6689750000003
 31
0.0
  0
LINE
  5
48E
330
17
100
AcDbEntity
  8
CUT
100
AcDbLine
 10
453.93041388888923
 20
425.70750833333364
 30
0.0
 11
434.5925472222226
 21
425.70750833333364
 31
0.0
  0
LINE
  5
48F
330
17
100
AcDbEntity
  8
CUT
100
AcDbLine
 10
458.931016666667
 20
439.63094166666696
 30
0.0
 11
458.931016666667
 21
416.74554166666695
 31
0.0
  0
LINE
  5
490
330
17
100
AcDbEntity
  8
CUT
100
AcDbLine
 10
482.2700888888893
 20
416.74554166666695
 30
0.0
 11
482.2700888888893
 21
439.63094166666696
 31
0.0
  0
LINE
  5
491
330
17
100
AcDbEntity
  8
CUT
100
AcDbLine
 10
482.2700888888893
 20
439.63094166666696
 30
0.0
 11
458.931016666667
 21
439.63094166666696
 31
0.0
  0
LINE
  5
492
330
17
100
AcDbEntity
  8
CUT
100
AcDbLine
 10
458.931016666667
 20
416.74554166666695
 30
0.0
 11
482.2700888888893
 21
416.74554166666695
 31
0.0
  0
LINE
  5
493
330
17
100
AcDbEntity
  8
CUT
100
AcDbLine
 10
480.26983888888924
 20
437.6303388888891
 30
0.0
 11
480.26983888888924
 21
432.6692250000003
 31
0.0
  0
LINE
  5
494
330
17
100
AcDbEntity
  8
CUT
100
AcDbLine
 10
460.9316194444449
 20
432.6692250000003
 30
0.0
 11
460.9316194444449
 21
437.6303388888891
 31
0.0
  0
LINE
  5
495
330
17
100
AcDbEntity
  8
CUT
100
AcDbLine
 10
480.26983888888924
 20
432.6692250000003
 30
0.0
 11
460.9316194444449
 21
432.6692250000003
 31
0.0
  0
LINE
  5
496
330
17
100
AcDbEntity
  8
CUT
100
AcDbLine
 10
460.9316194444449
 20
437.6303388888891
 30
0.0
 11
480.26983888888924
 21
437.6303388888891
 31
0.0
  0
LINE
  5
497
330
17
100
AcDbEntity
  8
CUT
100
AcDbLine
 10
480.26983888888924
 20
423.70690555555586
 30
0.0
 11
480.26983888888924
 21
418.74579166666695
 31
0.0
  0
LINE
  5
498
330
17
100
AcDbEntity
  8
CUT
100
AcDbLine
 10
460.9316194444449
 20
418.74579166666695
 30
0.0
 11
460.9316194444449
 21
423.70690555555586
 31
0.0
  0
LINE
  5
499
330
17
100
AcDbEntity
  8
CUT
100
AcDbLine
 10
480.26983888888924
 20
418.74579166666695
 30
0.0
 11
460.9316194444449
 21
418.74579166666695
 31
0.0
  0
LINE
  5
49A
330
17
100
AcDbEntity
  8
CUT
100
AcDbLine
 10
460.9316194444449
 20
423.70690555555586
 30
0.0
 11
480.26983888888924
 21
423.70690555555586
 31
0.0
  0
LINE
  5
49B
330
17
100
AcDbEntity
  8
CUT
100
AcDbLine
 10
480.26983888888924
 20
430.6689750000004
 30
0.0
 11
480.26983888888924
 21
425.70750833333364
 31
0.0
  0
LINE
  5
49C
330
17
100
AcDbEntity
  8
CUT
100
AcDbLine
 10
460.9316194444449
 20
425.70750833333364
 30
0.0
 11
460.9316194444449
 21
430.6689750000004
 31
0.0
  0
LINE
  5
49D
330
17
100
AcDbEntity
  8
CUT
100
AcDbLine
 10
460.9316194444449
 20
430.6689750000004
 30
0.0
 11
480.26983888888924
 21
430.6689750000004
 31
0.0
  0
LINE
  5
49E
330
17
100
AcDbEntity
  8
CUT
100
AcDbLine
 10
480.26983888888924
 20
425.70750833333364
 30
0.0
 11
460.9316194444449
 21
425.70750833333364
 31
0.0
  0
LINE
  5
49F
330
17
100
AcDbEntity
  8
CUT
100
AcDbLine
 10
485.2700888888893
 20
439.63094166666696
 30
0.0
 11
485.2700888888893
 21
416.74554166666695
 31
0.0
  0
LINE
  5
4A0
330
17
100
AcDbEntity
  8
CUT
100
AcDbLine
 10
508.6091611111116
 20
416.74554166666695
 30
0.0
 11
508.6091611111116
 21
439.63094166666696
 31
0.0
  0
LINE
  5
4A1
330
17
100
AcDbEntity
  8
CUT
100
AcDbLine
 10
508.6091611111116
 20
439.63094166666696
 30
0.0
 11
485.2700888888893
 21
439.63094166666696
 31
0.0
  0
LINE
  5
4A2
330
17
100
AcDbEntity
  8
CUT
100
AcDbLine
 10
485.2700888888893
 20
416.74554166666695
 30
0.0
 11
508.6091611111116
 21
416.74554166666695
 31
0.0
  0
LINE
  5
4A3
330
17
100
AcDbEntity
  8
CUT
100
AcDbLine
 10
487.2706916666672
 20
432.66922500000027
 30
0.0
 11
487.2706916666672
 21
437.63069166666696
 31
0.0
  0
LINE
  5
4A4
330
17
100
AcDbEntity
  8
CUT
100
AcDbLine
 10
506.6085583333338
 20
437.63069166666696
 30
0.0
 11
506.6085583333338
 21
432.66922500000027
 31
0.0
  0
LINE
  5
4A5
330
17
100
AcDbEntity
  8
CUT
100
AcDbLine
 10
487.2706916666672
 20
437.63069166666696
 30
0.0
 11
506.6085583333338
 21
437.63069166666696
 31
0.0
  0
LINE
  5
4A6
330
17
100
AcDbEntity
  8
CUT
100
AcDbLine
 10
506.6085583333338
 20
432.66922500000027
 30
0.0
 11
487.2706916666672
 21
432.66922500000027
 31
0.0
  0
LINE
  5
4A7
330
17
100
AcDbEntity
  8
CUT
100
AcDbLine
 10
506.6085583333338
 20
423.7072583333336
 30
0.0
 11
506.6085583333338
 21
418.74579166666695
 31
0.0
  0
LINE
  5
4A8
330
17
100
AcDbEntity
  8
CUT
100
AcDbLine
 10
487.2706916666672
 20
418.74579166666695
 30
0.0
 11
487.2706916666672
 21
423.7072583333336
 31
0.0
  0
LINE
  5
4A9
330
17
100
AcDbEntity
  8
CUT
100
AcDbLine
 10
487.2706916666672
 20
423.7072583333336
 30
0.0
 11
506.6085583333338
 21
423.7072583333336
 31
0.0
  0
LINE
  5
4AA
330
17
100
AcDbEntity
  8
CUT
100
AcDbLine
 10
506.6085583333338
 20
418.74579166666695
 30
0.0
 11
487.2706916666672
 21
418.74579166666695
 31
0.0
  0
LINE
  5
4AB
330
17
100
AcDbEntity
  8
CUT
100
AcDbLine
 10
487.2706916666672
 20
425.70750833333364
 30
0.0
 11
487.2706916666672
 21
430.6689750000003
 31
0.0
  0
LINE
  5
4AC
330
17
100
AcDbEntity
  8
CUT
100
AcDbLine
 10
506.6085583333338
 20
430.6689750000003
 30
0.0
 11
506.6085583333338
 21
425.70750833333364
 31
0.0
  0
LINE
  5
4AD
330
17
100
AcDbEntity
  8
CUT
100
AcDbLine
 10
487.2706916666672
 20
430.6689750000003
 30
0.0
 11
506.6085583333338
 21
430.6689750000003
 31
0.0
  0
LINE
  5
4AE
330
17
100
AcDbEntity
  8
CUT
100
AcDbLine
 10
506.6085583333338
 20
425.70750833333364
 30
0.0
 11
487.2706916666672
 21
425.70750833333364
 31
0.0
  0
LINE
  5
4AF
330
17
100
AcDbEntity
  8
CUT
100
AcDbLine
 10
511.6091611111116
 20
439.63094166666696
 30
0.0
 11
511.6091611111116
 21
416.74554166666695
 31
0.0
  0
LINE
  5
4B0
330
17
100
AcDbEntity
  8
CUT
100
AcDbLine
 10
534.9482333333339
 20
416.74554166666695
 30
0.0
 11
534.9482333333339
 21
439.63094166666696
 31
0.0
  0
LINE
  5
4B1
330
17
100
AcDbEntity
  8
CUT
100
AcDbLine
 10
534.9482333333339
 20
439.63094166666696
 30
0.0
 11
511.6091611111116
 21
439.63094166666696
 31
0.0
  0
LINE
  5
4B2
330
17
100
AcDbEntity
  8
CUT
100
AcDbLine
 10
511.6091611111116
 20
416.74554166666695
 30
0.0
 11
534.9482333333339
 21
416.74554166666695
 31
0.0
  0
LINE
  5
4B3
330
17
100
AcDbEntity
  8
CUT
100
AcDbLine
 10
532.9479833333338
 20
437.6303388888891
 30
0.0
 11
532.9479833333338
 21
432.6692250000003
 31
0.0
  0
LINE
  5
4B4
330
17
100
AcDbEntity
  8
CUT
100
AcDbLine
 10
513.6097638888895
 20
432.6692250000003
 30
0.0
 11
513.6097638888895
 21
437.6303388888891
 31
0.0
  0
LINE
  5
4B5
330
17
100
AcDbEntity
  8
CUT
100
AcDbLine
 10
532.9479833333338
 20
432.6692250000003
 30
0.0
 11
513.6097638888895
 21
432.6692250000003
 31
0.0
  0
LINE
  5
4B6
330
17
100
AcDbEntity
  8
CUT
100
AcDbLine
 10
513.6097638888895
 20
437.6303388888891
 30
0.0
 11
532.9479833333338
 21
437.6303388888891
 31
0.0
  0
LINE
  5
4B7
330
17
100
AcDbEntity
  8
CUT
100
AcDbLine
 10
532.9479833333338
 20
423.70690555555586
 30
0.0
 11
532.9479833333338
 21
418.74579166666695
 31
0.0
  0
LINE
  5
4B8
330
17
100
AcDbEntity
  8
CUT
100
AcDbLine
 10
513.6097638888895
 20
418.74579166666695
 30
0.0
 11
513.6097638888895
 21
423.70690555555586
 31
0.0
  0
LINE
  5
4B9
330
17
100
AcDbEntity
  8
CUT
100
AcDbLine
 10
532.9479833333338
 20
418.74579166666695
 30
0.0
 11
513.6097638888895
 21
418.74579166666695
 31
0.0
  0
LINE
  5
4BA
330
17
100
AcDbEntity
  8
CUT
100
AcDbLine
 10
513.6097638888895
 20
423.70690555555586
 30
0.0
 11
532.9479833333338
 21
423.70690555555586
 31
0.0
  0
LINE
  5
4BB
330
17
100
AcDbEntity
  8
CUT
100
AcDbLine
 10
532.9479833333338
 20
430.6689750000004
 30
0.0
 11
532.9479833333338
 21
425.70750833333364
 31
0.0
  0
LINE
  5
4BC
330
17
100
AcDbEntity
  8
CUT
100
AcDbLine
 10
513.6097638888895
 20
425.70750833333364
 30
0.0
 11
513.6097638888895
 21
430.6689750000004
 31
0.0
  0
LINE
  5
4BD
330
17
100
AcDbEntity
  8
CUT
100
AcDbLine
 10
513.6097638888895
 20
430.6689750000004
 30
0.0
 11
532.9479833333338
 21
430.6689750000004
 31
0.0
  0
LINE
  5
4BE
330
17
100
AcDbEntity
  8
CUT
100
AcDbLine
 10
532.9479833333338
 20
425.70750833333364
 30
0.0
 11
513.6097638888895
 21
425.70750833333364
 31
0.0
  0
LINE
  5
4BF
330
17
100
AcDbEntity
  8
CUT
100
AcDbLine
 10
537.9482333333339
 20
439.63094166666696
 30
0.0
 11
537.9482333333339
 21
416.74554166666695
 31
0.0
  0
LINE
  5
4C0
330
17
100
AcDbEntity
  8
CUT
100
AcDbLine
 10
561.2873055555561
 20
416.74554166666695
 30
0.0
 11
561.2873055555561
 21
439.63094166666696
 31
0.0
  0
LINE
  5
4C1
330
17
100
AcDbEntity
  8
CUT
100
AcDbLine
 10
561.2873055555561
 20
439.63094166666696
 30
0.0
 11
537.9482333333339
 21
439.63094166666696
 31
0.0
  0
LINE
  5
4C2
330
17
100
AcDbEntity
  8
CUT
100
AcDbLine
 10
537.9482333333339
 20
416.74554166666695
 30
0.0
 11
561.2873055555561
 21
416.74554166666695
 31
0.0
  0
LINE
  5
4C3
330
17
100
AcDbEntity
  8
CUT
100
AcDbLine
 10
539.9488361111117
 20
432.66922500000027
 30
0.0
 11
539.9488361111117
 21
437.63069166666696
 31
0.0
  0
LINE
  5
4C4
330
17
100
AcDbEntity
  8
CUT
100
AcDbLine
 10
559.2867027777784
 20
437.63069166666696
 30
0.0
 11
559.2867027777784
 21
432.66922500000027
 31
0.0
  0
LINE
  5
4C5
330
17
100
AcDbEntity
  8
CUT
100
AcDbLine
 10
539.9488361111117
 20
437.63069166666696
 30
0.0
 11
559.2867027777784
 21
437.63069166666696
 31
0.0
  0
LINE
  5
4C6
330
17
100
AcDbEntity
  8
CUT
100
AcDbLine
 10
559.2867027777784
 20
432.66922500000027
 30
0.0
 11
539.9488361111117
 21
432.66922500000027
 31
0.0
  0
LINE
  5
4C7
330
17
100
AcDbEntity
  8
CUT
100
AcDbLine
 10
559.2867027777784
 20
423.7072583333336
 30
0.0
 11
559.2867027777784
 21
418.74579166666695
 31
0.0
  0
LINE
  5
4C8
330
17
100
AcDbEntity
  8
CUT
100
AcDbLine
 10
539.9488361111117
 20
418.74579166666695
 30
0.0
 11
539.9488361111117
 21
423.7072583333336
 31
0.0
  0
LINE
  5
4C9
330
17
100
AcDbEntity
  8
CUT
100
AcDbLine
 10
539.9488361111117
 20
423.7072583333336
 30
0.0
 11
559.2867027777784
 21
423.7072583333336
 31
0.0
  0
LINE
  5
4CA
330
17
100
AcDbEntity
  8
CUT
100
AcDbLine
 10
559.2867027777784
 20
418.74579166666695
 30
0.0
 11
539.9488361111117
 21
418.74579166666695
 31
0.0
  0
LINE
  5
4CB
330
17
100
AcDbEntity
  8
CUT
100
AcDbLine
 10
539.9488361111117
 20
425.70750833333364
 30
0.0
 11
539.9488361111117
 21
430.6689750000003
 31
0.0
  0
LINE
  5
4CC
330
17
100
AcDbEntity
  8
CUT
100
AcDbLine
 10
559.2867027777784
 20
430.6689750000003
 30
0.0
 11
559.2867027777784
 21
425.70750833333364
 31
0.0
  0
LINE
  5
4CD
330
17
100
AcDbEntity
  8
CUT
100
AcDbLine
 10
539.9488361111117
 20
430.6689750000003
 30
0.0
 11
559.2867027777784
 21
430.6689750000003
 31
0.0
  0
LINE
  5
4CE
330
17
100
AcDbEntity
  8
CUT
100
AcDbLine
 10
559.2867027777784
 20
425.70750833333364
 30
0.0
 11
539.9488361111117
 21
425.70750833333364
 31
0.0
  0
LINE
  5
4CF
330
17
100
AcDbEntity
  8
CUT
100
AcDbLine
 10
564.2873055555561
 20
439.63094166666696
 30
0.0
 11
564.2873055555561
 21
416.74554166666695
 31
0.0
  0
LINE
  5
4D0
330
17
100
AcDbEntity
  8
CUT
100
AcDbLine
 10
587.6263777777784
 20
416.74554166666695
 30
0.0
 11
587.6263777777784
 21
439.63094166666696
 31
0.0
  0
LINE
  5
4D1
330
17
100
AcDbEntity
  8
CUT
100
AcDbLine
 10
587.6263777777784
 20
439.63094166666696
 30
0.0
 11
564.2873055555561
 21
439.63094166666696
 31
0.0
  0
LINE
  5
4D2
330
17
100
AcDbEntity
  8
CUT
100
AcDbLine
 10
564.2873055555561
 20
416.74554166666695
 30
0.0
 11
587.6263777777784
 21
416.74554166666695
 31
0.0
  0
LINE
  5
4D3
330
17
100
AcDbEntity
  8
CUT
100
AcDbLine
 10
585.6261277777784
 20
437.6303388888891
 30
0.0
 11
585.6261277777784
 21
432.6692250000003
 31
0.0
  0
LINE
  5
4D4
330
17
100
AcDbEntity
  8
CUT
100
AcDbLine
 10
566.287908333334
 20
432.6692250000003
 30
0.0
 11
566.287908333334
 21
437.6303388888891
 31
0.0
  0
LINE
  5
4D5
330
17
100
AcDbEntity
  8
CUT
100
AcDbLine
 10
585.6261277777784
 20
432.6692250000003
 30
0.0
 11
566.287908333334
 21
432.6692250000003
 31
0.0
  0
LINE
  5
4D6
330
17
100
AcDbEntity
  8
CUT
100
AcDbLine
 10
566.287908333334
 20
437.6303388888891
 30
0.0
 11
585.6261277777784
 21
437.6303388888891
 31
0.0
  0
LINE
  5
4D7
330
17
100
AcDbEntity
  8
CUT
100
AcDbLine
 10
585.6261277777784
 20
423.70690555555586
 30
0.0
 11
585.6261277777784
 21
418.74579166666695
 31
0.0
  0
LINE
  5
4D8
330
17
100
AcDbEntity
  8
CUT
100
AcDbLine
 10
566.287908333334
 20
418.74579166666695
 30
0.0
 11
566.287908333334
 21
423.70690555555586
 31
0.0
  0
LINE
  5
4D9
330
17
100
AcDbEntity
  8
CUT
100
AcDbLine
 10
585.6261277777784
 20
418.74579166666695
 30
0.0
 11
566.287908333334
 21
418.74579166666695
 31
0.0
  0
LINE
  5
4DA
330
17
100
AcDbEntity
  8
CUT
100
AcDbLine
 10
566.287908333334
 20
423.70690555555586
 30
0.0
 11
585.6261277777784
 21
423.70690555555586
 31
0.0
  0
LINE
  5
4DB
330
17
100
AcDbEntity
  8
CUT
100
AcDbLine
 10
585.6261277777784
 20
430.6689750000004
 30
0.0
 11
585.6261277777784
 21
425.70750833333364
 31
0.0
  0
LINE
  5
4DC
330
17
100
AcDbEntity
  8
CUT
100
AcDbLine
 10
566.287908333334
 20
425.70750833333364
 30
0.0
 11
566.287908333334
 21
430.6689750000004
 31
0.0
  0
LINE
  5
4DD
330
17
100
AcDbEntity
  8
CUT
100
AcDbLine
 10
566.287908333334
 20
430.6689750000004
 30
0.0
 11
585.6261277777784
 21
430.6689750000004
 31
0.0
  0
LINE
  5
4DE
330
17
100
AcDbEntity
  8
CUT
100
AcDbLine
 10
585.6261277777784
 20
425.70750833333364
 30
0.0
 11
566.287908333334
 21
425.70750833333364
 31
0.0
  0
LINE
  5
4DF
330
17
100
AcDbEntity
  8
CUT
100
AcDbLine
 10
236.295475
 20
420.9682694444449
 30
0.0
 11
236.295475
 21
430.25655555555596
 31
0.0
  0
LINE
  5
4E0
330
17
100
AcDbEntity
  8
CUT
100
AcDbLine
 10
241.25694166666662
 20
430.25655555555596
 30
0.0
 11
241.25694166666662
 21
420.9682694444449
 31
0.0
  0
LINE
  5
4E1
330
17
100
AcDbEntity
  8
CUT
100
AcDbLine
 10
241.25694166666662
 20
420.9682694444449
 30
0.0
 11
236.295475
 21
420.9682694444449
 31
0.0
  0
LINE
  5
4E2
330
17
100
AcDbEntity
  8
CUT
100
AcDbLine
 10
236.295475
 20
430.25655555555596
 30
0.0
 11
241.25694166666662
 21
430.25655555555596
 31
0.0
  0
LINE
  5
4E3
330
17
100
AcDbEntity
  8
CUT
100
AcDbLine
 10
255.18002222222222
 20
430.25655555555596
 30
0.0
 11
255.18002222222222
 21
420.9682694444449
 31
0.0
  0
LINE
  5
4E4
330
17
100
AcDbEntity
  8
CUT
100
AcDbLine
 10
250.21890833333333
 20
420.9682694444449
 30
0.0
 11
250.21890833333333
 21
430.25655555555596
 31
0.0
  0
LINE
  5
4E5
330
17
100
AcDbEntity
  8
CUT
100
AcDbLine
 10
255.18002222222222
 20
420.9682694444449
 30
0.0
 11
250.21890833333333
 21
420.9682694444449
 31
0.0
  0
LINE
  5
4E6
330
17
100
AcDbEntity
  8
CUT
100
AcDbLine
 10
250.21890833333333
 20
430.25655555555596
 30
0.0
 11
255.18002222222222
 21
430.25655555555596
 31
0.0
  0
LINE
  5
4E7
330
17
100
AcDbEntity
  8
CUT
100
AcDbLine
 10
243.2571916666666
 20
420.9682694444449
 30
0.0
 11
243.2571916666666
 21
430.25655555555596
 31
0.0
  0
LINE
  5
4E8
330
17
100
AcDbEntity
  8
CUT
100
AcDbLine
 10
248.2186583333333
 20
430.25655555555596
 30
0.0
 11
248.2186583333333
 21
420.9682694444449
 31
0.0
  0
LINE
  5
4E9
330
17
100
AcDbEntity
  8
CUT
100
AcDbLine
 10
248.2186583333333
 20
420.9682694444449
 30
0.0
 11
243.2571916666666
 21
420.9682694444449
 31
0.0
  0
LINE
  5
4EA
330
17
100
AcDbEntity
  8
CUT
100
AcDbLine
 10
243.2571916666666
 20
430.25655555555596
 30
0.0
 11
248.2186583333333
 21
430.25655555555596
 31
0.0
  0
LINE
  5
4EB
330
17
100
AcDbEntity
  8
CUT
100
AcDbLine
 10
234.2948722222222
 20
432.2571583333338
 30
0.0
 11
234.2948722222222
 21
418.96801944444485
 31
0.0
  0
LINE
  5
4EC
330
17
100
AcDbEntity
  8
CUT
100
AcDbLine
 10
257.180625
 20
418.96801944444485
 30
0.0
 11
257.180625
 21
432.2571583333338
 31
0.0
  0
LINE
  5
4ED
330
17
100
AcDbEntity
  8
CUT
100
AcDbLine
 10
257.180625
 20
432.2571583333338
 30
0.0
 11
234.2948722222222
 21
432.2571583333338
 31
0.0
  0
LINE
  5
4EE
330
17
100
AcDbEntity
  8
CUT
100
AcDbLine
 10
234.2948722222222
 20
418.96801944444485
 30
0.0
 11
257.180625
 21
418.96801944444485
 31
0.0
  0
LINE
  5
4EF
330
17
100
AcDbEntity
  8
CUT
100
AcDbLine
 10
144.8449361111112
 20
421.93064722222266
 30
0.0
 11
144.8449361111112
 21
431.2189333333337
 31
0.0
  0
LINE
  5
4F0
330
17
100
AcDbEntity
  8
CUT
100
AcDbLine
 10
149.8064027777778
 20
431.2189333333337
 30
0.0
 11
149.8064027777778
 21
421.93064722222266
 31
0.0
  0
LINE
  5
4F1
330
17
100
AcDbEntity
  8
CUT
100
AcDbLine
 10
149.8064027777778
 20
421.93064722222266
 30
0.0
 11
144.8449361111112
 21
421.93064722222266
 31
0.0
  0
LINE
  5
4F2
330
17
100
AcDbEntity
  8
CUT
100
AcDbLine
 10
144.8449361111112
 20
431.2189333333337
 30
0.0
 11
149.8064027777778
 21
431.2189333333337
 31
0.0
  0
LINE
  5
4F3
330
17
100
AcDbEntity
  8
CUT
100
AcDbLine
 10
163.7294833333334
 20
431.2189333333337
 30
0.0
 11
163.7294833333334
 21
421.93064722222266
 31
0.0
  0
LINE
  5
4F4
330
17
100
AcDbEntity
  8
CUT
100
AcDbLine
 10
158.76836944444452
 20
421.93064722222266
 30
0.0
 11
158.76836944444452
 21
431.2189333333337
 31
0.0
  0
LINE
  5
4F5
330
17
100
AcDbEntity
  8
CUT
100
AcDbLine
 10
163.7294833333334
 20
421.93064722222266
 30
0.0
 11
158.76836944444452
 21
421.93064722222266
 31
0.0
  0
LINE
  5
4F6
330
17
100
AcDbEntity
  8
CUT
100
AcDbLine
 10
158.76836944444452
 20
431.2189333333337
 30
0.0
 11
163.7294833333334
 21
431.2189333333337
 31
0.0
  0
LINE
  5
4F7
330
17
100
AcDbEntity
  8
CUT
100
AcDbLine
 10
151.8066527777778
 20
421.93064722222266
 30
0.0
 11
151.8066527777778
 21
431.2189333333337
 31
0.0
  0
LINE
  5
4F8
330
17
100
AcDbEntity
  8
CUT
100
AcDbLine
 10
156.7681194444445
 20
431.2189333333337
 30
0.0
 11
156.7681194444445
 21
421.93064722222266
 31
0.0
  0
LINE
  5
4F9
330
17
100
AcDbEntity
  8
CUT
100
AcDbLine
 10
156.7681194444445
 20
421.93064722222266
 30
0.0
 11
151.8066527777778
 21
421.93064722222266
 31
0.0
  0
LINE
  5
4FA
330
17
100
AcDbEntity
  8
CUT
100
AcDbLine
 10
151.8066527777778
 20
431.2189333333337
 30
0.0
 11
156.7681194444445
 21
431.2189333333337
 31
0.0
  0
LINE
  5
4FB
330
17
100
AcDbEntity
  8
CUT
100
AcDbLine
 10
142.8443333333334
 20
433.21953611111155
 30
0.0
 11
142.8443333333334
 21
419.9303972222226
 31
0.0
  0
LINE
  5
4FC
330
17
100
AcDbEntity
  8
CUT
100
AcDbLine
 10
165.7300861111112
 20
419.9303972222226
 30
0.0
 11
165.7300861111112
 21
433.21953611111155
 31
0.0
  0
LINE
  5
4FD
330
17
100
AcDbEntity
  8
CUT
100
AcDbLine
 10
165.7300861111112
 20
433.21953611111155
 30
0.0
 11
142.8443333333334
 21
433.21953611111155
 31
0.0
  0
LINE
  5
4FE
330
17
100
AcDbEntity
  8
CUT
100
AcDbLine
 10
142.8443333333334
 20
419.9303972222226
 30
0.0
 11
165.7300861111112
 21
419.9303972222226
 31
0.0
  0
LINE
  5
4FF
330
17
100
AcDbEntity
  8
CUT
100
AcDbLine
 10
171.73081388888903
 20
426.1855000000004
 30
0.0
 11
171.73081388888903
 21
432.61416944444477
 31
0.0
  0
LINE
  5
500
330
17
100
AcDbEntity
  8
CUT
100
AcDbLine
 10
185.73326944444455
 20
432.61416944444477
 30
0.0
 11
185.73326944444455
 21
426.1855000000004
 31
0.0
  0
LINE
  5
501
330
17
100
AcDbEntity
  8
CUT
100
AcDbLine
 10
185.73326944444455
 20
426.1855000000004
 30
0.0
 11
171.73081388888903
 21
426.1855000000004
 31
0.0
  0
LINE
  5
502
330
17
100
AcDbEntity
  8
CUT
100
AcDbLine
 10
171.73081388888903
 20
432.61416944444477
 30
0.0
 11
185.73326944444455
 21
432.61416944444477
 31
0.0
  0
LINE
  5
503
330
17
100
AcDbEntity
  8
CUT
100
AcDbLine
 10
168.7300861111112
 20
435.6145444444448
 30
0.0
 11
168.7300861111112
 21
423.1847722222226
 31
0.0
  0
LINE
  5
504
330
17
100
AcDbEntity
  8
CUT
100
AcDbLine
 10
188.73399722222237
 20
423.1847722222226
 30
0.0
 11
188.73399722222237
 21
435.6145444444448
 31
0.0
  0
LINE
  5
505
330
17
100
AcDbEntity
  8
CUT
100
AcDbLine
 10
168.7300861111112
 20
423.1847722222226
 30
0.0
 11
188.73399722222226
 21
423.1847722222226
 31
0.0
  0
LINE
  5
506
330
17
100
AcDbEntity
  8
CUT
100
AcDbLine
 10
188.73399722222237
 20
435.6145444444448
 30
0.0
 11
168.7300861111112
 21
435.6145444444448
 31
0.0
  0
LINE
  5
507
330
17
100
AcDbEntity
  8
ENGRAVE
100
AcDbLine
 10
186.41859342163775
 20
423.85533528765194
 30
0.0
 11
186.41859342163775
 21
425.6855507417535
 31
0.0
  0
LINE
  5
508
330
17
100
AcDbEntity
  8
ENGRAVE
100
AcDbLine
 10
186.41859342163775
 20
425.6855507417535
 30
0.0
 11
185.59499646729205
 21
424.4959106965875
 31
0.0
  0
LINE
  5
509
330
17
100
AcDbEntity
  8
ENGRAVE
100
AcDbLine
 10
185.59499646729205
 20
424.4959106965875
 30
0.0
 11
186.693125739753
 21
424.4959106965875
 31
0.0
  0
LINE
  5
50A
330
17
100
AcDbEntity
  8
ENGRAVE
100
AcDbLine
 10
188.15729810303424
 20
425.6855507417535
 30
0.0
 11
187.24219037598345
 21
425.6855507417535
 31
0.0
  0
LINE
  5
50B
330
17
100
AcDbEntity
  8
ENGRAVE
100
AcDbLine
 10
187.24219037598345
 20
425.6855507417535
 30
0.0
 11
187.24219037598345
 21
424.9534645601129
 31
0.0
  0
LINE
  5
50C
330
17
100
AcDbEntity
  8
ENGRAVE
100
AcDbLine
 10
187.24219037598345
 20
424.9534645601129
 30
0.0
 11
187.97427655762408
 21
424.9534645601129
 31
0.0
  0
LINE
  5
50D
330
17
100
AcDbEntity
  8
ENGRAVE
100
AcDbLine
 10
187.97427655762408
 20
424.9534645601129
 30
0.0
 11
188.15729810303424
 21
424.7704430147027
 31
0.0
  0
LINE
  5
50E
330
17
100
AcDbEntity
  8
ENGRAVE
100
AcDbLine
 10
188.15729810303424
 20
424.7704430147027
 30
0.0
 11
188.15729810303424
 21
424.0383568330621
 31
0.0
  0
LINE
  5
50F
330
17
100
AcDbEntity
  8
ENGRAVE
100
AcDbLine
 10
188.15729810303424
 20
424.0383568330621
 30
0.0
 11
187.97427655762408
 21
423.85533528765194
 31
0.0
  0
LINE
  5
510
330
17
100
AcDbEntity
  8
ENGRAVE
100
AcDbLine
 10
187.97427655762408
 20
423.85533528765194
 30
0.0
 11
187.24219037598345
 21
423.85533528765194
 31
0.0
  0
LINE
  5
511
330
17
100
AcDbEntity
  8
ENGRAVE
100
AcDbLine
 10
187.24219037598345
 20
423.85533528765194
 30
0.0
 11
187.0591688305733
 21
424.0383568330621
 31
0.0
  0
LINE
  5
512
330
17
100
AcDbEntity
  8
CUT
100
AcDbLine
 10
192.68896666666686
 20
425.2460527777782
 30
0.0
 11
193.19873055555556
 21
424.6495055555559
 31
0.0
  0
LINE
  5
513
330
17
100
AcDbEntity
  8
CUT
100
AcDbLine
 10
209.57079444444454
 20
425.91527222222254
 30
0.0
 11
209.87100833333344
 21
426.640230555556
 31
0.0
  0
LINE
  5
514
330
17
100
AcDbEntity
  8
CUT
100
AcDbLine
 10
210.11583611111118
 20
428.18539722222255
 30
0.0
 11
210.11583611111118
 21
429.1858750000004
 31
0.0
  0
LINE
  5
515
330
17
100
AcDbEntity
  8
CUT
100
AcDbLine
 10
206.66037777777797
 20
423.42924722222267
 30
0.0
 11
207.38533611111126
 21
423.7298138888893
 31
0.0
  0
LINE
  5
516
330
17
100
AcDbEntity
  8
CUT
100
AcDbLine
 10
195.18945555555567
 20
423.42924722222267
 30
0.0
 11
195.95251388888906
 21
423.24615555555596
 31
0.0
  0
LINE
  5
517
330
17
100
AcDbEntity
  8
CUT
100
AcDbLine
 10
203.90271388888905
 20
432.1866027777782
 30
0.0
 11
203.90271388888905
 21
435.1869777777783
 31
0.0
  0
LINE
  5
518
330
17
100
AcDbEntity
  8
CUT
100
AcDbLine
 10
191.97847222222236
 20
426.640230555556
 30
0.0
 11
192.27903888888906
 21
425.91527222222254
 31
0.0
  0
LINE
  5
519
330
17
100
AcDbEntity
  8
CUT
100
AcDbLine
 10
194.93439722222237
 20
432.1866027777782
 30
0.0
 11
194.93439722222237
 21
429.1858750000004
 31
0.0
  0
LINE
  5
51A
330
17
100
AcDbEntity
  8
CUT
100
AcDbLine
 10
209.87100833333344
 20
426.640230555556
 30
0.0
 11
210.05445277777787
 21
427.4032888888893
 31
0.0
  0
LINE
  5
51B
330
17
100
AcDbEntity
  8
CUT
100
AcDbLine
 10
197.93512500000017
 20
435.1869777777783
 30
0.0
 11
197.93512500000017
 21
432.1866027777782
 31
0.0
  0
LINE
  5
51C
330
17
100
AcDbEntity
  8
CUT
100
AcDbLine
 10
207.38533611111126
 20
423.7298138888893
 30
0.0
 11
208.05455555555565
 21
424.1397416666671
 31
0.0
  0
LINE
  5
51D
330
17
100
AcDbEntity
  8
CUT
100
AcDbLine
 10
193.79527777777795
 20
424.1397416666671
 30
0.0
 11
194.46449722222238
 21
423.7298138888893
 31
0.0
  0
LINE
  5
51E
330
17
100
AcDbEntity
  8
CUT
100
AcDbLine
 10
206.90308888888907
 20
429.1858750000004
 30
0.0
 11
206.90308888888907
 21
432.1866027777782
 31
0.0
  0
LINE
  5
51F
330
17
100
AcDbEntity
  8
CUT
100
AcDbLine
 10
209.16086666666664
 20
425.2460527777782
 30
0.0
 11
209.57079444444454
 21
425.91527222222254
 31
0.0
  0
LINE
  5
520
330
17
100
AcDbEntity
  8
CUT
100
AcDbLine
 10
194.46449722222238
 20
423.7298138888893
 30
0.0
 11
195.18945555555567
 21
423.42924722222267
 31
0.0
  0
LINE
  5
521
330
17
100
AcDbEntity
  8
CUT
100
AcDbLine
 10
191.79573333333346
 20
427.4032888888893
 30
0.0
 11
191.97847222222236
 21
426.640230555556
 31
0.0
  0
LINE
  5
522
330
17
100
AcDbEntity
  8
CUT
100
AcDbLine
 10
191.73399722222237
 20
428.18539722222255
 30
0.0
 11
191.79573333333346
 21
427.4032888888893
 31
0.0
  0
LINE
  5
523
330
17
100
AcDbEntity
  8
CUT
100
AcDbLine
 10
205.89696666666677
 20
423.24615555555596
 30
0.0
 11
206.66037777777797
 21
423.42924722222267
 31
0.0
  0
LINE
  5
524
330
17
100
AcDbEntity
  8
CUT
100
AcDbLine
 10
210.05445277777787
 20
427.4032888888893
 30
0.0
 11
210.11583611111118
 21
428.18539722222255
 31
0.0
  0
LINE
  5
525
330
17
100
AcDbEntity
  8
CUT
100
AcDbLine
 10
191.73399722222237
 20
429.1858750000004
 30
0.0
 11
191.73399722222237
 21
428.18539722222255
 31
0.0
  0
LINE
  5
526
330
17
100
AcDbEntity
  8
CUT
100
AcDbLine
 10
208.65110277777794
 20
424.6495055555559
 30
0.0
 11
209.16086666666664
 21
425.2460527777782
 31
0.0
  0
LINE
  5
527
330
17
100
AcDbEntity
  8
CUT
100
AcDbLine
 10
193.19873055555556
 20
424.6495055555559
 30
0.0
 11
193.79527777777795
 21
424.1397416666671
 31
0.0
  0
LINE
  5
528
330
17
100
AcDbEntity
  8
CUT
100
AcDbLine
 10
192.27903888888906
 20
425.91527222222254
 30
0.0
 11
192.68896666666686
 21
425.2460527777782
 31
0.0
  0
LINE
  5
529
330
17
100
AcDbEntity
  8
CUT
100
AcDbLine
 10
208.05455555555565
 20
424.1397416666671
 30
0.0
 11
208.65110277777794
 21
424.6495055555559
 31
0.0
  0
LINE
  5
52A
330
17
100
AcDbEntity
  8
CUT
100
AcDbLine
 10
194.93439722222237
 20
429.1858750000004
 30
0.0
 11
191.73399722222237
 21
429.1858750000004
 31
0.0
  0
LINE
  5
52B
330
17
100
AcDbEntity
  8
CUT
100
AcDbLine
 10
210.11583611111118
 20
429.1858750000004
 30
0.0
 11
206.90308888888907
 21
429.1858750000004
 31
0.0
  0
LINE
  5
52C
330
17
100
AcDbEntity
  8
CUT
100
AcDbLine
 10
203.90271388888905
 20
435.1869777777783
 30
0.0
 11
197.93512500000017
 21
435.1869777777783
 31
0.0
  0
LINE
  5
52D
330
17
100
AcDbEntity
  8
CUT
100
AcDbLine
 10
206.90308888888907
 20
432.1866027777782
 30
0.0
 11
203.90271388888905
 21
432.1866027777782
 31
0.0
  0
LINE
  5
52E
330
17
100
AcDbEntity
  8
CUT
100
AcDbLine
 10
197.93512500000017
 20
432.1866027777782
 30
0.0
 11
194.93439722222237
 21
432.1866027777782
 31
0.0
  0
LINE
  5
52F
330
17
100
AcDbEntity
  8
CUT
100
AcDbLine
 10
195.95251388888906
 20
423.24615555555596
 30
0.0
 11
196.73497500000016
 21
423.1847722222226
 31
0.0
  0
LINE
  5
530
330
17
100
AcDbEntity
  8
CUT
100
AcDbLine
 10
196.73497500000016
 20
423.1847722222226
 30
0.0
 11
205.11485833333356
 21
423.1847722222226
 31
0.0
  0
LINE
  5
531
330
17
100
AcDbEntity
  8
CUT
100
AcDbLine
 10
205.11485833333356
 20
423.1847722222226
 30
0.0
 11
205.89696666666677
 21
423.24615555555596
 31
0.0
  0
LINE
  5
532
330
17
100
AcDbEntity
  8
ENGRAVE
100
AcDbLine
 10
199.5297815322233
 20
424.67007204134546
 30
0.0
 11
199.5297815322233
 21
431.1862158401736
 31
0.0
  0
LINE
  5
533
330
17
100
AcDbEntity
  8
ENGRAVE
100
AcDbLine
 10
199.5297815322233
 20
431.1862158401736
 30
0.0
 11
196.59751682275063
 21
426.9507223709353
 31
0.0
  0
LINE
  5
534
330
17
100
AcDbEntity
  8
ENGRAVE
100
AcDbLine
 10
196.59751682275063
 20
426.9507223709353
 30
0.0
 11
200.50720310204753
 21
426.9507223709353
 31
0.0
  0
LINE
  5
535
330
17
100
AcDbEntity
  8
ENGRAVE
100
AcDbLine
 10
205.0685037612272
 20
431.1862158401736
 30
0.0
 11
203.11366062157876
 21
431.1862158401736
 31
0.0
  0
LINE
  5
536
330
17
100
AcDbEntity
  8
ENGRAVE
100
AcDbLine
 10
203.11366062157876
 20
431.1862158401736
 30
0.0
 11
201.81043186181313
 21
429.2313727005251
 31
0.0
  0
LINE
  5
537
330
17
100
AcDbEntity
  8
ENGRAVE
100
AcDbLine
 10
201.81043186181313
 20
429.2313727005251
 30
0.0
 11
201.81043186181313
 21
425.97330080111107
 31
0.0
  0
LINE
  5
538
330
17
100
AcDbEntity
  8
ENGRAVE
100
AcDbLine
 10
201.81043186181313
 20
425.97330080111107
 30
0.0
 11
202.46204624169596
 21
424.67007204134546
 31
0.0
  0
LINE
  5
539
330
17
100
AcDbEntity
  8
ENGRAVE
100
AcDbLine
 10
202.46204624169596
 20
424.67007204134546
 30
0.0
 11
205.0685037612272
 21
424.67007204134546
 31
0.0
  0
LINE
  5
53A
330
17
100
AcDbEntity
  8
ENGRAVE
100
AcDbLine
 10
205.0685037612272
 20
424.67007204134546
 30
0.0
 11
205.72011814111002
 21
425.97330080111107
 31
0.0
  0
LINE
  5
53B
330
17
100
AcDbEntity
  8
ENGRAVE
100
AcDbLine
 10
205.72011814111002
 20
425.97330080111107
 30
0.0
 11
205.72011814111002
 21
426.9507223709353
 31
0.0
  0
LINE
  5
53C
330
17
100
AcDbEntity
  8
ENGRAVE
100
AcDbLine
 10
205.72011814111002
 20
426.9507223709353
 30
0.0
 11
205.0685037612272
 21
427.9281439407595
 31
0.0
  0
LINE
  5
53D
330
17
100
AcDbEntity
  8
ENGRAVE
100
AcDbLine
 10
205.0685037612272
 20
427.9281439407595
 30
0.0
 11
202.46204624169596
 21
427.9281439407595
 31
0.0
  0
LINE
  5
53E
330
17
100
AcDbEntity
  8
ENGRAVE
100
AcDbLine
 10
202.46204624169596
 20
427.9281439407595
 30
0.0
 11
201.81043186181313
 21
426.9507223709353
 31
0.0
  0
LINE
  5
53F
330
17
100
AcDbEntity
  8
CUT
100
AcDbLine
 10
217.66420000000008
 20
433.3592361111115
 30
0.0
 11
213.11583611111118
 21
433.3592361111115
 31
0.0
  0
LINE
  5
540
330
17
100
AcDbEntity
  8
CUT
100
AcDbLine
 10
213.11583611111118
 20
426.1855000000004
 30
0.0
 11
217.66420000000008
 21
426.1855000000004
 31
0.0
  0
LINE
  5
541
330
17
100
AcDbEntity
  8
CUT
100
AcDbLine
 10
228.21366666666677
 20
433.3592361111115
 30
0.0
 11
223.66530277777778
 21
433.3592361111115
 31
0.0
  0
LINE
  5
542
330
17
100
AcDbEntity
  8
CUT
100
AcDbLine
 10
223.66530277777778
 20
426.1855000000004
 30
0.0
 11
228.21366666666677
 21
426.1855000000004
 31
0.0
  0
LINE
  5
543
330
17
100
AcDbEntity
  8
CUT
100
AcDbLine
 10
217.66420000000008
 20
423.1847722222226
 30
0.0
 11
223.66530277777778
 21
423.1847722222226
 31
0.0
  0
LINE
  5
544
330
17
100
AcDbEntity
  8
CUT
100
AcDbLine
 10
223.66530277777778
 20
436.35961111111146
 30
0.0
 11
217.66420000000008
 21
436.35961111111146
 31
0.0
  0
LINE
  5
545
330
17
100
AcDbEntity
  8
CUT
100
AcDbLine
 10
223.66530277777778
 20
423.1847722222226
 30
0.0
 11
223.66530277777778
 21
426.1855000000004
 31
0.0
  0
LINE
  5
546
330
17
100
AcDbEntity
  8
CUT
100
AcDbLine
 10
223.66530277777778
 20
433.3592361111115
 30
0.0
 11
223.66530277777778
 21
436.35961111111146
 31
0.0
  0
LINE
  5
547
330
17
100
AcDbEntity
  8
CUT
100
AcDbLine
 10
213.11583611111118
 20
433.3592361111115
 30
0.0
 11
213.11583611111118
 21
426.1855000000004
 31
0.0
  0
LINE
  5
548
330
17
100
AcDbEntity
  8
CUT
100
AcDbLine
 10
217.66420000000008
 20
426.1855000000004
 30
0.0
 11
217.66420000000008
 21
423.1847722222226
 31
0.0
  0
LINE
  5
549
330
17
100
AcDbEntity
  8
CUT
100
AcDbLine
 10
217.66420000000008
 20
436.35961111111146
 30
0.0
 11
217.66420000000008
 21
433.3592361111115
 31
0.0
  0
LINE
  5
54A
330
17
100
AcDbEntity
  8
CUT
100
AcDbLine
 10
228.21366666666677
 20
426.1855000000004
 30
0.0
 11
228.21366666666677
 21
433.3592361111115
 31
0.0
  0
LINE
  5
54B
330
17
100
AcDbEntity
  8
ENGRAVE
100
AcDbLine
 10
220.15239228999508
 20
432.35946948563645
 30
0.0
 11
217.59083833491695
 21
432.35946948563645
 31
0.0
  0
LINE
  5
54C
330
17
100
AcDbEntity
  8
ENGRAVE
100
AcDbLine
 10
217.59083833491695
 20
432.35946948563645
 30
0.0
 11
217.59083833491695
 21
430.31022632157396
 31
0.0
  0
LINE
  5
54D
330
17
100
AcDbEntity
  8
ENGRAVE
100
AcDbLine
 10
217.59083833491695
 20
430.31022632157396
 30
0.0
 11
219.64008149897947
 21
430.31022632157396
 31
0.0
  0
LINE
  5
54E
330
17
100
AcDbEntity
  8
ENGRAVE
100
AcDbLine
 10
219.64008149897947
 20
430.31022632157396
 30
0.0
 11
220.15239228999508
 21
429.7979155305583
 31
0.0
  0
LINE
  5
54F
330
17
100
AcDbEntity
  8
ENGRAVE
100
AcDbLine
 10
220.15239228999508
 20
429.7979155305583
 30
0.0
 11
220.15239228999508
 21
427.74867236649584
 31
0.0
  0
LINE
  5
550
330
17
100
AcDbEntity
  8
ENGRAVE
100
AcDbLine
 10
220.15239228999508
 20
427.74867236649584
 30
0.0
 11
219.64008149897947
 21
427.2363615754802
 31
0.0
  0
LINE
  5
551
330
17
100
AcDbEntity
  8
ENGRAVE
100
AcDbLine
 10
219.64008149897947
 20
427.2363615754802
 30
0.0
 11
217.59083833491695
 21
427.2363615754802
 31
0.0
  0
LINE
  5
552
330
17
100
AcDbEntity
  8
ENGRAVE
100
AcDbLine
 10
217.59083833491695
 20
427.2363615754802
 30
0.0
 11
217.07852754390134
 21
427.74867236649584
 31
0.0
  0
LINE
  5
553
330
17
100
AcDbEntity
  8
ENGRAVE
100
AcDbLine
 10
221.68932466304196
 20
431.3348479036052
 30
0.0
 11
222.7139462450732
 21
432.35946948563645
 31
0.0
  0
LINE
  5
554
330
17
100
AcDbEntity
  8
ENGRAVE
100
AcDbLine
 10
222.7139462450732
 20
432.35946948563645
 30
0.0
 11
222.7139462450732
 21
427.2363615754802
 31
0.0
  0
LINE
  5
555
330
17
100
AcDbEntity
  8
ENGRAVE
100
AcDbLine
 10
221.68932466304196
 20
427.2363615754802
 30
0.0
 11
223.73856782710448
 21
427.2363615754802
 31
0.0
  0
LINE
  5
556
330
17
100
AcDbEntity
  8
CUT
100
AcDbLine
 10
270.88002222222224
 20
432.23775555555613
 30
0.0
 11
270.88002222222224
 21
435.2384833333338
 31
0.0
  0
LINE
  5
557
330
17
100
AcDbEntity
  8
CUT
100
AcDbLine
 10
274.88087500000006
 20
441.65621666666715
 30
0.0
 11
260.180625
 21
436.85067777777834
 31
0.0
  0
LINE
  5
558
330
17
100
AcDbEntity
  8
CUT
100
AcDbLine
 10
260.180625
 20
436.85067777777834
 30
0.0
 11
274.88087500000006
 21
427.0931972222227
 31
0.0
  0
LINE
  5
559
330
17
100
AcDbEntity
  8
CUT
100
AcDbLine
 10
274.88087500000006
 20
427.0931972222227
 30
0.0
 11
274.88087500000006
 21
432.23775555555613
 31
0.0
  0
LINE
  5
55A
330
17
100
AcDbEntity
  8
CUT
100
AcDbLine
 10
274.88087500000006
 20
435.2384833333338
 30
0.0
 11
274.88087500000006
 21
441.65621666666715
 31
0.0
  0
LINE
  5
55B
330
17
100
AcDbEntity
  8
CUT
100
AcDbLine
 10
274.88087500000006
 20
432.23775555555613
 30
0.0
 11
270.88002222222224
 21
432.23775555555613
 31
0.0
  0
LINE
  5
55C
330
17
100
AcDbEntity
  8
CUT
100
AcDbLine
 10
270.88002222222224
 20
435.2384833333338
 30
0.0
 11
274.88087500000006
 21
435.2384833333338
 31
0.0
  0
LINE
  5
55D
330
17
100
AcDbEntity
  8
ENGRAVE
100
AcDbLine
 10
266.9256274865877
 20
434.47256011863465
 30
0.0
 11
266.9256274865877
 21
437.48090667625183
 31
0.0
  0
LINE
  5
55E
330
17
100
AcDbEntity
  8
ENGRAVE
100
AcDbLine
 10
266.9256274865877
 20
437.48090667625183
 30
0.0
 11
265.57187153565997
 21
435.52548141380066
 31
0.0
  0
LINE
  5
55F
330
17
100
AcDbEntity
  8
ENGRAVE
100
AcDbLine
 10
265.57187153565997
 20
435.52548141380066
 30
0.0
 11
267.3768794702303
 21
435.52548141380066
 31
0.0
  0
LINE
  5
560
330
17
100
AcDbEntity
  8
ENGRAVE
100
AcDbLine
 10
268.58021809327715
 20
435.97673339744324
 30
0.0
 11
268.27938343751543
 21
436.2174011220526
 31
0.0
  0
LINE
  5
561
330
17
100
AcDbEntity
  8
ENGRAVE
100
AcDbLine
 10
268.27938343751543
 20
436.2174011220526
 30
0.0
 11
268.27938343751543
 21
437.1800720204901
 31
0.0
  0
LINE
  5
562
330
17
100
AcDbEntity
  8
ENGRAVE
100
AcDbLine
 10
268.27938343751543
 20
437.1800720204901
 30
0.0
 11
268.58021809327715
 21
437.48090667625183
 31
0.0
  0
LINE
  5
563
330
17
100
AcDbEntity
  8
ENGRAVE
100
AcDbLine
 10
268.58021809327715
 20
437.48090667625183
 30
0.0
 11
269.1818874048006
 21
437.48090667625183
 31
0.0
  0
LINE
  5
564
330
17
100
AcDbEntity
  8
ENGRAVE
100
AcDbLine
 10
269.1818874048006
 20
437.48090667625183
 30
0.0
 11
269.4827220605623
 21
437.1800720204901
 31
0.0
  0
LINE
  5
565
330
17
100
AcDbEntity
  8
ENGRAVE
100
AcDbLine
 10
269.4827220605623
 20
437.1800720204901
 30
0.0
 11
269.4827220605623
 21
436.2174011220526
 31
0.0
  0
LINE
  5
566
330
17
100
AcDbEntity
  8
ENGRAVE
100
AcDbLine
 10
269.4827220605623
 20
436.2174011220526
 30
0.0
 11
269.1818874048006
 21
435.97673339744324
 31
0.0
  0
LINE
  5
567
330
17
100
AcDbEntity
  8
ENGRAVE
100
AcDbLine
 10
269.1818874048006
 20
435.97673339744324
 30
0.0
 11
268.58021809327715
 21
435.97673339744324
 31
0.0
  0
LINE
  5
568
330
17
100
AcDbEntity
  8
ENGRAVE
100
AcDbLine
 10
268.58021809327715
 20
435.97673339744324
 30
0.0
 11
268.18913304078694
 21
435.6758987416815
 31
0.0
  0
LINE
  5
569
330
17
100
AcDbEntity
  8
ENGRAVE
100
AcDbLine
 10
268.18913304078694
 20
435.6758987416815
 30
0.0
 11
268.18913304078694
 21
434.77339477439637
 31
0.0
  0
LINE
  5
56A
330
17
100
AcDbEntity
  8
ENGRAVE
100
AcDbLine
 10
268.18913304078694
 20
434.77339477439637
 30
0.0
 11
268.58021809327715
 21
434.47256011863465
 31
0.0
  0
LINE
  5
56B
330
17
100
AcDbEntity
  8
ENGRAVE
100
AcDbLine
 10
268.58021809327715
 20
434.47256011863465
 30
0.0
 11
269.1818874048006
 21
434.47256011863465
 31
0.0
  0
LINE
  5
56C
330
17
100
AcDbEntity
  8
ENGRAVE
100
AcDbLine
 10
269.1818874048006
 20
434.47256011863465
 30
0.0
 11
269.5729724572908
 21
434.77339477439637
 31
0.0
  0
LINE
  5
56D
330
17
100
AcDbEntity
  8
ENGRAVE
100
AcDbLine
 10
269.5729724572908
 20
434.77339477439637
 30
0.0
 11
269.5729724572908
 21
435.6758987416815
 31
0.0
  0
LINE
  5
56E
330
17
100
AcDbEntity
  8
ENGRAVE
100
AcDbLine
 10
269.5729724572908
 20
435.6758987416815
 30
0.0
 11
269.1818874048006
 21
435.97673339744324
 31
0.0
  0
LINE
  5
56F
330
17
100
AcDbEntity
  8
CUT
100
AcDbLine
 10
288.5802722222223
 20
432.23775555555613
 30
0.0
 11
288.5802722222223
 21
435.2384833333338
 31
0.0
  0
LINE
  5
570
330
17
100
AcDbEntity
  8
CUT
100
AcDbLine
 10
292.58112500000004
 20
441.65621666666715
 30
0.0
 11
277.88087500000006
 21
436.85067777777834
 31
0.0
  0
LINE
  5
571
330
17
100
AcDbEntity
  8
CUT
100
AcDbLine
 10
277.88087500000006
 20
436.85067777777834
 30
0.0
 11
292.58112500000004
 21
427.0931972222227
 31
0.0
  0
LINE
  5
572
330
17
100
AcDbEntity
  8
CUT
100
AcDbLine
 10
292.58112500000004
 20
427.0931972222227
 30
0.0
 11
292.58112500000004
 21
432.23775555555613
 31
0.0
  0
LINE
  5
573
330
17
100
AcDbEntity
  8
CUT
100
AcDbLine
 10
292.58112500000004
 20
435.2384833333338
 30
0.0
 11
292.58112500000004
 21
441.65621666666715
 31
0.0
  0
LINE
  5
574
330
17
100
AcDbEntity
  8
CUT
100
AcDbLine
 10
292.58112500000004
 20
432.23775555555613
 30
0.0
 11
288.5802722222223
 21
432.23775555555613
 31
0.0
  0
LINE
  5
575
330
17
100
AcDbEntity
  8
CUT
100
AcDbLine
 10
288.5802722222223
 20
435.2384833333338
 30
0.0
 11
292.58112500000004
 21
435.2384833333338
 31
0.0
  0
LINE
  5
576
330
17
100
AcDbEntity
  8
ENGRAVE
100
AcDbLine
 10
284.6258774865877
 20
434.47256011863465
 30
0.0
 11
284.6258774865877
 21
437.48090667625183
 31
0.0
  0
LINE
  5
577
330
17
100
AcDbEntity
  8
ENGRAVE
100
AcDbLine
 10
284.6258774865877
 20
437.48090667625183
 30
0.0
 11
283.27212153565995
 21
435.52548141380066
 31
0.0
  0
LINE
  5
578
330
17
100
AcDbEntity
  8
ENGRAVE
100
AcDbLine
 10
283.27212153565995
 20
435.52548141380066
 30
0.0
 11
285.07712947023026
 21
435.52548141380066
 31
0.0
  0
LINE
  5
579
330
17
100
AcDbEntity
  8
ENGRAVE
100
AcDbLine
 10
286.28046809327714
 20
435.97673339744324
 30
0.0
 11
285.9796334375154
 21
436.2174011220526
 31
0.0
  0
LINE
  5
57A
330
17
100
AcDbEntity
  8
ENGRAVE
100
AcDbLine
 10
285.9796334375154
 20
436.2174011220526
 30
0.0
 11
285.9796334375154
 21
437.1800720204901
 31
0.0
  0
LINE
  5
57B
330
17
100
AcDbEntity
  8
ENGRAVE
100
AcDbLine
 10
285.9796334375154
 20
437.1800720204901
 30
0.0
 11
286.28046809327714
 21
437.48090667625183
 31
0.0
  0
LINE
  5
57C
330
17
100
AcDbEntity
  8
ENGRAVE
100
AcDbLine
 10
286.28046809327714
 20
437.48090667625183
 30
0.0
 11
286.8821374048006
 21
437.48090667625183
 31
0.0
  0
LINE
  5
57D
330
17
100
AcDbEntity
  8
ENGRAVE
100
AcDbLine
 10
286.8821374048006
 20
437.48090667625183
 30
0.0
 11
287.1829720605623
 21
437.1800720204901
 31
0.0
  0
LINE
  5
57E
330
17
100
AcDbEntity
  8
ENGRAVE
100
AcDbLine
 10
287.1829720605623
 20
437.1800720204901
 30
0.0
 11
287.1829720605623
 21
436.2174011220526
 31
0.0
  0
LINE
  5
57F
330
17
100
AcDbEntity
  8
ENGRAVE
100
AcDbLine
 10
287.1829720605623
 20
436.2174011220526
 30
0.0
 11
286.8821374048006
 21
435.97673339744324
 31
0.0
  0
LINE
  5
580
330
17
100
AcDbEntity
  8
ENGRAVE
100
AcDbLine
 10
286.8821374048006
 20
435.97673339744324
 30
0.0
 11
286.28046809327714
 21
435.97673339744324
 31
0.0
  0
LINE
  5
581
330
17
100
AcDbEntity
  8
ENGRAVE
100
AcDbLine
 10
286.28046809327714
 20
435.97673339744324
 30
0.0
 11
285.8893830407869
 21
435.6758987416815
 31
0.0
  0
LINE
  5
582
330
17
100
AcDbEntity
  8
ENGRAVE
100
AcDbLine
 10
285.8893830407869
 20
435.6758987416815
 30
0.0
 11
285.8893830407869
 21
434.77339477439637
 31
0.0
  0
LINE
  5
583
330
17
100
AcDbEntity
  8
ENGRAVE
100
AcDbLine
 10
285.8893830407869
 20
434.77339477439637
 30
0.0
 11
286.28046809327714
 21
434.47256011863465
 31
0.0
  0
LINE
  5
584
330
17
100
AcDbEntity
  8
ENGRAVE
100
AcDbLine
 10
286.28046809327714
 20
434.47256011863465
 30
0.0
 11
286.8821374048006
 21
434.47256011863465
 31
0.0
  0
LINE
  5
585
330
17
100
AcDbEntity
  8
ENGRAVE
100
AcDbLine
 10
286.8821374048006
 20
434.47256011863465
 30
0.0
 11
287.2732224572908
 21
434.77339477439637
 31
0.0
  0
LINE
  5
586
330
17
100
AcDbEntity
  8
ENGRAVE
100
AcDbLine
 10
287.2732224572908
 20
434.77339477439637
 30
0.0
 11
287.2732224572908
 21
435.6758987416815
 31
0.0
  0
LINE
  5
587
330
17
100
AcDbEntity
  8
ENGRAVE
100
AcDbLine
 10
287.2732224572908
 20
435.6758987416815
 30
0.0
 11
286.8821374048006
 21
435.97673339744324
 31
0.0
  0
LINE
  5
588
330
17
100
AcDbEntity
  8
CUT
100
AcDbLine
 10
306.28052222222226
 20
432.23775555555613
 30
0.0
 11
306.28052222222226
 21
435.2384833333338
 31
0.0
  0
LINE
  5
589
330
17
100
AcDbEntity
  8
CUT
100
AcDbLine
 10
310.281375
 20
441.65621666666715
 30
0.0
 11
295.58112500000004
 21
436.85067777777834
 31
0.0
  0
LINE
  5
58A
330
17
100
AcDbEntity
  8
CUT
100
AcDbLine
 10
295.58112500000004
 20
436.85067777777834
 30
0.0
 11
310.281375
 21
427.0931972222227
 31
0.0
  0
LINE
  5
58B
330
17
100
AcDbEntity
  8
CUT
100
AcDbLine
 10
310.281375
 20
427.0931972222227
 30
0.0
 11
310.281375
 21
432.23775555555613
 31
0.0
  0
LINE
  5
58C
330
17
100
AcDbEntity
  8
CUT
100
AcDbLine
 10
310.281375
 20
435.2384833333338
 30
0.0
 11
310.281375
 21
441.65621666666715
 31
0.0
  0
LINE
  5
58D
330
17
100
AcDbEntity
  8
CUT
100
AcDbLine
 10
310.281375
 20
432.23775555555613
 30
0.0
 11
306.28052222222226
 21
432.23775555555613
 31
0.0
  0
LINE
  5
58E
330
17
100
AcDbEntity
  8
CUT
100
AcDbLine
 10
306.28052222222226
 20
435.2384833333338
 30
0.0
 11
310.281375
 21
435.2384833333338
 31
0.0
  0
LINE
  5
58F
330
17
100
AcDbEntity
  8
ENGRAVE
100
AcDbLine
 10
302.32612748658767
 20
434.47256011863465
 30
0.0
 11
302.32612748658767
 21
437.48090667625183
 31
0.0
  0
LINE
  5
590
330
17
100
AcDbEntity
  8
ENGRAVE
100
AcDbLine
 10
302.32612748658767
 20
437.48090667625183
 30
0.0
 11
300.97237153565993
 21
435.52548141380066
 31
0.0
  0
LINE
  5
591
330
17
100
AcDbEntity
  8
ENGRAVE
100
AcDbLine
 10
300.97237153565993
 20
435.52548141380066
 30
0.0
 11
302.77737947023024
 21
435.52548141380066
 31
0.0
  0
LINE
  5
592
330
17
100
AcDbEntity
  8
ENGRAVE
100
AcDbLine
 10
303.9807180932771
 20
435.97673339744324
 30
0.0
 11
303.6798834375154
 21
436.2174011220526
 31
0.0
  0
LINE
  5
593
330
17
100
AcDbEntity
  8
ENGRAVE
100
AcDbLine
 10
303.6798834375154
 20
436.2174011220526
 30
0.0
 11
303.6798834375154
 21
437.1800720204901
 31
0.0
  0
LINE
  5
594
330
17
100
AcDbEntity
  8
ENGRAVE
100
AcDbLine
 10
303.6798834375154
 20
437.1800720204901
 30
0.0
 11
303.9807180932771
 21
437.48090667625183
 31
0.0
  0
LINE
  5
595
330
17
100
AcDbEntity
  8
ENGRAVE
100
AcDbLine
 10
303.9807180932771
 20
437.48090667625183
 30
0.0
 11
304.58238740480056
 21
437.48090667625183
 31
0.0
  0
LINE
  5
596
330
17
100
AcDbEntity
  8
ENGRAVE
100
AcDbLine
 10
304.58238740480056
 20
437.48090667625183
 30
0.0
 11
304.8832220605623
 21
437.1800720204901
 31
0.0
  0
LINE
  5
597
330
17
100
AcDbEntity
  8
ENGRAVE
100
AcDbLine
 10
304.8832220605623
 20
437.1800720204901
 30
0.0
 11
304.8832220605623
 21
436.2174011220526
 31
0.0
  0
LINE
  5
598
330
17
100
AcDbEntity
  8
ENGRAVE
100
AcDbLine
 10
304.8832220605623
 20
436.2174011220526
 30
0.0
 11
304.58238740480056
 21
435.97673339744324
 31
0.0
  0
LINE
  5
599
330
17
100
AcDbEntity
  8
ENGRAVE
100
AcDbLine
 10
304.58238740480056
 20
435.97673339744324
 30
0.0
 11
303.9807180932771
 21
435.97673339744324
 31
0.0
  0
LINE
  5
59A
330
17
100
AcDbEntity
  8
ENGRAVE
100
AcDbLine
 10
303.9807180932771
 20
435.97673339744324
 30
0.0
 11
303.5896330407869
 21
435.6758987416815
 31
0.0
  0
LINE
  5
59B
330
17
100
AcDbEntity
  8
ENGRAVE
100
AcDbLine
 10
303.5896330407869
 20
435.6758987416815
 30
0.0
 11
303.5896330407869
 21
434.77339477439637
 31
0.0
  0
LINE
  5
59C
330
17
100
AcDbEntity
  8
ENGRAVE
100
AcDbLine
 10
303.5896330407869
 20
434.77339477439637
 30
0.0
 11
303.9807180932771
 21
434.47256011863465
 31
0.0
  0
LINE
  5
59D
330
17
100
AcDbEntity
  8
ENGRAVE
100
AcDbLine
 10
303.9807180932771
 20
434.47256011863465
 30
0.0
 11
304.58238740480056
 21
434.47256011863465
 31
0.0
  0
LINE
  5
59E
330
17
100
AcDbEntity
  8
ENGRAVE
100
AcDbLine
 10
304.58238740480056
 20
434.47256011863465
 30
0.0
 11
304.97347245729077
 21
434.77339477439637
 31
0.0
  0
LINE
  5
59F
330
17
100
AcDbEntity
  8
ENGRAVE
100
AcDbLine
 10
304.97347245729077
 20
434.77339477439637
 30
0.0
 11
304.97347245729077
 21
435.6758987416815
 31
0.0
  0
LINE
  5
5A0
330
17
100
AcDbEntity
  8
ENGRAVE
100
AcDbLine
 10
304.97347245729077
 20
435.6758987416815
 30
0.0
 11
304.58238740480056
 21
435.97673339744324
 31
0.0
  0
LINE
  5
5A1
330
17
100
AcDbEntity
  8
CUT
100
AcDbLine
 10
323.98077222222224
 20
432.23775555555613
 30
0.0
 11
323.98077222222224
 21
435.2384833333338
 31
0.0
  0
LINE
  5
5A2
330
17
100
AcDbEntity
  8
CUT
100
AcDbLine
 10
327.981625
 20
441.65621666666715
 30
0.0
 11
313.281375
 21
436.85067777777834
 31
0.0
  0
LINE
  5
5A3
330
17
100
AcDbEntity
  8
CUT
100
AcDbLine
 10
313.281375
 20
436.85067777777834
 30
0.0
 11
327.981625
 21
427.0931972222227
 31
0.0
  0
LINE
  5
5A4
330
17
100
AcDbEntity
  8
CUT
100
AcDbLine
 10
327.981625
 20
427.0931972222227
 30
0.0
 11
327.981625
 21
432.23775555555613
 31
0.0
  0
LINE
  5
5A5
330
17
100
AcDbEntity
  8
CUT
100
AcDbLine
 10
327.981625
 20
435.2384833333338
 30
0.0
 11
327.981625
 21
441.65621666666715
 31
0.0
  0
LINE
  5
5A6
330
17
100
AcDbEntity
  8
CUT
100
AcDbLine
 10
327.981625
 20
432.23775555555613
 30
0.0
 11
323.98077222222224
 21
432.23775555555613
 31
0.0
  0
LINE
  5
5A7
330
17
100
AcDbEntity
  8
CUT
100
AcDbLine
 10
323.98077222222224
 20
435.2384833333338
 30
0.0
 11
327.981625
 21
435.2384833333338
 31
0.0
  0
LINE
  5
5A8
330
17
100
AcDbEntity
  8
ENGRAVE
100
AcDbLine
 10
320.02637748658765
 20
434.47256011863465
 30
0.0
 11
320.02637748658765
 21
437.48090667625183
 31
0.0
  0
LINE
  5
5A9
330
17
100
AcDbEntity
  8
ENGRAVE
100
AcDbLine
 10
320.02637748658765
 20
437.48090667625183
 30
0.0
 11
318.6726215356599
 21
435.52548141380066
 31
0.0
  0
LINE
  5
5AA
330
17
100
AcDbEntity
  8
ENGRAVE
100
AcDbLine
 10
318.6726215356599
 20
435.52548141380066
 30
0.0
 11
320.4776294702302
 21
435.52548141380066
 31
0.0
  0
LINE
  5
5AB
330
17
100
AcDbEntity
  8
ENGRAVE
100
AcDbLine
 10
321.6809680932771
 20
435.97673339744324
 30
0.0
 11
321.3801334375154
 21
436.2174011220526
 31
0.0
  0
LINE
  5
5AC
330
17
100
AcDbEntity
  8
ENGRAVE
100
AcDbLine
 10
321.3801334375154
 20
436.2174011220526
 30
0.0
 11
321.3801334375154
 21
437.1800720204901
 31
0.0
  0
LINE
  5
5AD
330
17
100
AcDbEntity
  8
ENGRAVE
100
AcDbLine
 10
321.3801334375154
 20
437.1800720204901
 30
0.0
 11
321.6809680932771
 21
437.48090667625183
 31
0.0
  0
LINE
  5
5AE
330
17
100
AcDbEntity
  8
ENGRAVE
100
AcDbLine
 10
321.6809680932771
 20
437.48090667625183
 30
0.0
 11
322.28263740480054
 21
437.48090667625183
 31
0.0
  0
LINE
  5
5AF
330
17
100
AcDbEntity
  8
ENGRAVE
100
AcDbLine
 10
322.28263740480054
 20
437.48090667625183
 30
0.0
 11
322.58347206056226
 21
437.1800720204901
 31
0.0
  0
LINE
  5
5B0
330
17
100
AcDbEntity
  8
ENGRAVE
100
AcDbLine
 10
322.58347206056226
 20
437.1800720204901
 30
0.0
 11
322.58347206056226
 21
436.2174011220526
 31
0.0
  0
LINE
  5
5B1
330
17
100
AcDbEntity
  8
ENGRAVE
100
AcDbLine
 10
322.58347206056226
 20
436.2174011220526
 30
0.0
 11
322.28263740480054
 21
435.97673339744324
 31
0.0
  0
LINE
  5
5B2
330
17
100
AcDbEntity
  8
ENGRAVE
100
AcDbLine
 10
322.28263740480054
 20
435.97673339744324
 30
0.0
 11
321.6809680932771
 21
435.97673339744324
 31
0.0
  0
LINE
  5
5B3
330
17
100
AcDbEntity
  8
ENGRAVE
100
AcDbLine
 10
321.6809680932771
 20
435.97673339744324
 30
0.0
 11
321.2898830407869
 21
435.6758987416815
 31
0.0
  0
LINE
  5
5B4
330
17
100
AcDbEntity
  8
ENGRAVE
100
AcDbLine
 10
321.2898830407869
 20
435.6758987416815
 30
0.0
 11
321.2898830407869
 21
434.77339477439637
 31
0.0
  0
LINE
  5
5B5
330
17
100
AcDbEntity
  8
ENGRAVE
100
AcDbLine
 10
321.2898830407869
 20
434.77339477439637
 30
0.0
 11
321.6809680932771
 21
434.47256011863465
 31
0.0
  0
LINE
  5
5B6
330
17
100
AcDbEntity
  8
ENGRAVE
100
AcDbLine
 10
321.6809680932771
 20
434.47256011863465
 30
0.0
 11
322.28263740480054
 21
434.47256011863465
 31
0.0
  0
LINE
  5
5B7
330
17
100
AcDbEntity
  8
ENGRAVE
100
AcDbLine
 10
322.28263740480054
 20
434.47256011863465
 30
0.0
 11
322.67372245729075
 21
434.77339477439637
 31
0.0
  0
LINE
  5
5B8
330
17
100
AcDbEntity
  8
ENGRAVE
100
AcDbLine
 10
322.67372245729075
 20
434.77339477439637
 30
0.0
 11
322.67372245729075
 21
435.6758987416815
 31
0.0
  0
LINE
  5
5B9
330
17
100
AcDbEntity
  8
ENGRAVE
100
AcDbLine
 10
322.67372245729075
 20
435.6758987416815
 30
0.0
 11
322.28263740480054
 21
435.97673339744324
 31
0.0
  0
LINE
  5
5BA
330
17
100
AcDbEntity
  8
CUT
100
AcDbLine
 10
341.6810222222222
 20
432.23775555555613
 30
0.0
 11
341.6810222222222
 21
435.2384833333338
 31
0.0
  0
LINE
  5
5BB
330
17
100
AcDbEntity
  8
CUT
100
AcDbLine
 10
345.681875
 20
441.65621666666715
 30
0.0
 11
330.981625
 21
436.85067777777834
 31
0.0
  0
LINE
  5
5BC
330
17
100
AcDbEntity
  8
CUT
100
AcDbLine
 10
330.981625
 20
436.85067777777834
 30
0.0
 11
345.681875
 21
427.0931972222227
 31
0.0
  0
LINE
  5
5BD
330
17
100
AcDbEntity
  8
CUT
100
AcDbLine
 10
345.681875
 20
427.0931972222227
 30
0.0
 11
345.681875
 21
432.23775555555613
 31
0.0
  0
LINE
  5
5BE
330
17
100
AcDbEntity
  8
CUT
100
AcDbLine
 10
345.681875
 20
435.2384833333338
 30
0.0
 11
345.681875
 21
441.65621666666715
 31
0.0
  0
LINE
  5
5BF
330
17
100
AcDbEntity
  8
CUT
100
AcDbLine
 10
345.681875
 20
432.23775555555613
 30
0.0
 11
341.6810222222222
 21
432.23775555555613
 31
0.0
  0
LINE
  5
5C0
330
17
100
AcDbEntity
  8
CUT
100
AcDbLine
 10
341.6810222222222
 20
435.2384833333338
 30
0.0
 11
345.681875
 21
435.2384833333338
 31
0.0
  0
LINE
  5
5C1
330
17
100
AcDbEntity
  8
ENGRAVE
100
AcDbLine
 10
337.72662748658763
 20
434.47256011863465
 30
0.0
 11
337.72662748658763
 21
437.48090667625183
 31
0.0
  0
LINE
  5
5C2
330
17
100
AcDbEntity
  8
ENGRAVE
100
AcDbLine
 10
337.72662748658763
 20
437.48090667625183
 30
0.0
 11
336.3728715356599
 21
435.52548141380066
 31
0.0
  0
LINE
  5
5C3
330
17
100
AcDbEntity
  8
ENGRAVE
100
AcDbLine
 10
336.3728715356599
 20
435.52548141380066
 30
0.0
 11
338.1778794702302
 21
435.52548141380066
 31
0.0
  0
LINE
  5
5C4
330
17
100
AcDbEntity
  8
ENGRAVE
100
AcDbLine
 10
339.3812180932771
 20
435.97673339744324
 30
0.0
 11
339.08038343751537
 21
436.2174011220526
 31
0.0
  0
LINE
  5
5C5
330
17
100
AcDbEntity
  8
ENGRAVE
100
AcDbLine
 10
339.08038343751537
 20
436.2174011220526
 30
0.0
 11
339.08038343751537
 21
437.1800720204901
 31
0.0
  0
LINE
  5
5C6
330
17
100
AcDbEntity
  8
ENGRAVE
100
AcDbLine
 10
339.08038343751537
 20
437.1800720204901
 30
0.0
 11
339.3812180932771
 21
437.48090667625183
 31
0.0
  0
LINE
  5
5C7
330
17
100
AcDbEntity
  8
ENGRAVE
100
AcDbLine
 10
339.3812180932771
 20
437.48090667625183
 30
0.0
 11
339.9828874048005
 21
437.48090667625183
 31
0.0
  0
LINE
  5
5C8
330
17
100
AcDbEntity
  8
ENGRAVE
100
AcDbLine
 10
339.9828874048005
 20
437.48090667625183
 30
0.0
 11
340.28372206056224
 21
437.1800720204901
 31
0.0
  0
LINE
  5
5C9
330
17
100
AcDbEntity
  8
ENGRAVE
100
AcDbLine
 10
340.28372206056224
 20
437.1800720204901
 30
0.0
 11
340.28372206056224
 21
436.2174011220526
 31
0.0
  0
LINE
  5
5CA
330
17
100
AcDbEntity
  8
ENGRAVE
100
AcDbLine
 10
340.28372206056224
 20
436.2174011220526
 30
0.0
 11
339.9828874048005
 21
435.97673339744324
 31
0.0
  0
LINE
  5
5CB
330
17
100
AcDbEntity
  8
ENGRAVE
100
AcDbLine
 10
339.9828874048005
 20
435.97673339744324
 30
0.0
 11
339.3812180932771
 21
435.97673339744324
 31
0.0
  0
LINE
  5
5CC
330
17
100
AcDbEntity
  8
ENGRAVE
100
AcDbLine
 10
339.3812180932771
 20
435.97673339744324
 30
0.0
 11
338.9901330407869
 21
435.6758987416815
 31
0.0
  0
LINE
  5
5CD
330
17
100
AcDbEntity
  8
ENGRAVE
100
AcDbLine
 10
338.9901330407869
 20
435.6758987416815
 30
0.0
 11
338.9901330407869
 21
434.77339477439637
 31
0.0
  0
LINE
  5
5CE
330
17
100
AcDbEntity
  8
ENGRAVE
100
AcDbLine
 10
338.9901330407869
 20
434.77339477439637
 30
0.0
 11
339.3812180932771
 21
434.47256011863465
 31
0.0
  0
LINE
  5
5CF
330
17
100
AcDbEntity
  8
ENGRAVE
100
AcDbLine
 10
339.3812180932771
 20
434.47256011863465
 30
0.0
 11
339.9828874048005
 21
434.47256011863465
 31
0.0
  0
LINE
  5
5D0
330
17
100
AcDbEntity
  8
ENGRAVE
100
AcDbLine
 10
339.9828874048005
 20
434.47256011863465
 30
0.0
 11
340.37397245729073
 21
434.77339477439637
 31
0.0
  0
LINE
  5
5D1
330
17
100
AcDbEntity
  8
ENGRAVE
100
AcDbLine
 10
340.37397245729073
 20
434.77339477439637
 30
0.0
 11
340.37397245729073
 21
435.6758987416815
 31
0.0
  0
LINE
  5
5D2
330
17
100
AcDbEntity
  8
ENGRAVE
100
AcDbLine
 10
340.37397245729073
 20
435.6758987416815
 30
0.0
 11
339.9828874048005
 21
435.97673339744324
 31
0.0
  0
ENDSEC
  0
SECTION
  2
OBJECTS
  0
DICTIONARY
  5
A
330
0
100
AcDbDictionary
281
1
  3
ACAD_COLOR
350
B
  3
ACAD_GROUP
350
C
  3
ACAD_LAYOUT
350
D
  3
ACAD_MATERIAL
350
E
  3
ACAD_MLEADERSTYLE
350
F
  3
ACAD_MLINESTYLE
350
10
  3
ACAD_PLOTSETTINGS
350
11
  3
ACAD_PLOTSTYLENAME
350
12
  3
ACAD_SCALELIST
350
14
  3
ACAD_TABLESTYLE
350
15
  3
ACAD_VISUALSTYLE
350
16
  3
EZDXF_META
350
2D
  0
DICTIONARY
  5
B
330
A
100
AcDbDictionary
281
1
  0
DICTIONARY
  5
C
330
A
100
AcDbDictionary
281
1
  0
DICTIONARY
  5
D
330
A
100
AcDbDictionary
281
1
  3
Model
350
1A
  3
Layout1
350
1E
  0
DICTIONARY
  5
E
330
A
100
AcDbDictionary
281
1
  3
ByBlock
350
1F
  3
ByLayer
350
20
  3
Global
350
21
  0
DICTIONARY
  5
F
330
A
100
AcDbDictionary
281
1
  3
Standard
350
2C
  0
DICTIONARY
  5
10
330
A
100
AcDbDictionary
281
1
  3
Standard
350
22
  0
DICTIONARY
  5
11
330
A
100
AcDbDictionary
281
1
  0
ACDBDICTIONARYWDFLT
  5
12
330
A
100
AcDbDictionary
281
1
  3
Normal
350
13
100
AcDbDictionaryWithDefault
340
13
  0
ACDBPLACEHOLDER
  5
13
330
12
  0
DICTIONARY
  5
14
330
A
100
AcDbDictionary
281
1
  0
DICTIONARY
  5
15
330
A
100
AcDbDictionary
281
1
  0
DICTIONARY
  5
16
330
A
100
AcDbDictionary
281
1
  0
LAYOUT
  5
1A
330
D
100
AcDbPlotSettings
  1

  4
A3
  6

 40
7.5
 41
20.0
 42
7.5
 43
20.0
 44
420.0
 45
297.0
 46
0.0
 47
0.0
 48
0.0
 49
0.0
140
0.0
141
0.0
142
1.0
143
1.0
 70
1024
 72
1
 73
0
 74
5
  7

 75
16
 76
0
 77
2
 78
300
147
1.0
148
0.0
149
0.0
100
AcDbLayout
  1
Model
 70
1
 71
0
 10
0.0
 20
0.0
 11
420.0
 21
297.0
 12
0.0
 22
0.0
 32
0.0
 14
1e+20
 24
1e+20
 34
1e+20
 15
-1e+20
 25
-1e+20
 35
-1e+20
146
0.0
 13
0.0
 23
0.0
 33
0.0
 16
1.0
 26
0.0
 36
0.0
 17
0.0
 27
1.0
 37
0.0
 76
1
330
17
  0
LAYOUT
  5
1E
330
D
100
AcDbPlotSettings
  1

  4
A3
  6

 40
7.5
 41
20.0
 42
7.5
 43
20.0
 44
420.0
 45
297.0
 46
0.0
 47
0.0
 48
0.0
 49
0.0
140
0.0
141
0.0
142
1.0
143
1.0
 70
0
 72
1
 73
0
 74
5
  7

 75
16
 76
0
 77
2
 78
300
147
1.0
148
0.0
149
0.0
100
AcDbLayout
  1
Layout1
 70
1
 71
1
 10
0.0
 20
0.0
 11
420.0
 21
297.0
 12
0.0
 22
0.0
 32
0.0
 14
1e+20
 24
1e+20
 34
1e+20
 15
-1e+20
 25
-1e+20
 35
-1e+20
146
0.0
 13
0.0
 23
0.0
 33
0.0
 16
1.0
 26
0.0
 36
0.0
 17
0.0
 27
1.0
 37
0.0
 76
1
330
1B
  0
MATERIAL
  5
1F
102
{ACAD_REACTORS
330
E
102
}
330
E
100
AcDbMaterial
  1
ByBlock
  2

 70
0
 40
1.0
 71
1
 41
1.0
 91
-1023410177
 42
1.0
 72
1
  3

 73
1
 74
1
 75
1
 44
0.5
 73
0
 45
1.0
 46
1.0
 77
1
  4

 78
1
 79
1
170
1
 48
1.0
171
1
  6

172
1
173
1
174
1
140
1.0
141
1.0
175
1
  7

176
1
177
1
178
1
143
1.0
179
1
  8

270
1
271
1
272
1
145
1.0
146
1.0
273
1
  9

274
1
275
1
276
1
 42
1.0
 72
1
  3

 73
1
 74
1
 75
1
 94
63
  0
MATERIAL
  5
20
102
{ACAD_REACTORS
330
E
102
}
330
E
100
AcDbMaterial
  1
ByLayer
  2

 70
0
 40
1.0
 71
1
 41
1.0
 91
-1023410177
 42
1.0
 72
1
  3

 73
1
 74
1
 75
1
 44
0.5
 73
0
 45
1.0
 46
1.0
 77
1
  4

 78
1
 79
1
170
1
 48
1.0
171
1
  6

172
1
173
1
174
1
140
1.0
141
1.0
175
1
  7

176
1
177
1
178
1
143
1.0
179
1
  8

270
1
271
1
272
1
145
1.0
146
1.0
273
1
  9

274
1
275
1
276
1
 42
1.0
 72
1
  3

 73
1
 74
1
 75
1
 94
63
  0
MATERIAL
  5
21
102
{ACAD_REACTORS
330
E
102
}
330
E
100
AcDbMaterial
  1
Global
  2

 70
0
 40
1.0
 71
1
 41
1.0
 91
-1023410177
 42
1.0
 72
1
  3

 73
1
 74
1
 75
1
 44
0.5
 73
0
 45
1.0
 46
1.0
 77
1
  4

 78
1
 79
1
170
1
 48
1.0
171
1
  6

172
1
173
1
174
1
140
1.0
141
1.0
175
1
  7

176
1
177
1
178
1
143
1.0
179
1
  8

270
1
271
1
272
1
145
1.0
146
1.0
273
1
  9

274
1
275
1
276
1
 42
1.0
 72
1
  3

 73
1
 74
1
 75
1
 94
63
  0
MLINESTYLE
  5
22
102
{ACAD_REACTORS
330
10
102
}
330
10
100
AcDbMlineStyle
  2
Standard
 70
0
  3

 62
256
 51
90.0
 52
90.0
 71
2
 49
0.5
 62
256
  6
BYLAYER
 49
-0.5
 62
256
  6
BYLAYER
  0
MLEADERSTYLE
  5
2C
102
{ACAD_REACTORS
330
F
102
}
330
F
100
AcDbMLeaderStyle
179
2
170
2
171
1
172
0
 90
2
 40
0.0
 41
0.0
173
1
 91
-1056964608
 92
-2
290
1
 42
2.0
291
1
 43
8.0
  3
Standard
 44
4.0
300

342
29
174
1
175
1
176
0
178
1
 93
-1056964608
 45
4.0
292
0
297
0
 46
4.0
 94
-1056964608
 47
1.0
 49
1.0
140
1.0
294
1
141
0.0
177
0
142
1.0
295
0
296
0
143
3.75
271
0
272
9
273
9
  0
DICTIONARY
  5
2D
330
A
100
AcDbDictionary
280
1
281
1
  3
CREATED_BY_EZDXF
350
2E
  3
WRITTEN_BY_EZDXF
350
5D5
  0
DICTIONARYVAR
  5
2E
330
2D
100
DictionaryVariables
280
0
  1
1.4.4 @ 2026-08-05T05:34:14.614401+00:00
  0
DICTIONARYVAR
  5
5D5
330
2D
100
DictionaryVariables
280
0
  1
1.4.4 @ 2026-08-05T05:34:14.629469+00:00
  0
ENDSEC
  0
EOF
